timestamp,open,high,low,close,volume
2025-05-14 03:45:00,308.7,312.95,308.4,312.45,1125404
2025-05-14 03:50:00,312.6,312.6,310.2,310.7,194483
2025-05-14 03:55:00,310.6,311.3,310.25,310.45,159748
2025-05-14 04:00:00,310.3,310.75,310.3,310.5,132313
2025-05-14 04:05:00,310.5,311.0,310.45,310.8,159235
2025-05-14 04:10:00,310.8,311.4,310.7,311.25,88213
2025-05-14 04:15:00,311.25,311.3,310.4,310.4,67455
2025-05-14 04:20:00,310.4,310.6,310.1,310.15,46198
2025-05-14 04:25:00,310.15,310.6,310.15,310.4,61503
2025-05-14 04:30:00,310.5,310.6,310.25,310.4,45542
2025-05-14 04:35:00,310.55,310.6,310.4,310.55,29258
2025-05-14 04:40:00,310.6,310.65,310.45,310.5,66392
2025-05-14 04:45:00,310.5,310.55,310.0,310.35,240505
2025-05-14 04:50:00,310.35,310.55,310.1,310.2,69722
2025-05-14 04:55:00,310.1,310.35,310.0,310.15,60560
2025-05-14 05:00:00,310.15,310.3,310.05,310.1,45316
2025-05-14 05:05:00,310.1,310.45,310.1,310.2,75812
2025-05-14 05:10:00,310.2,310.5,310.15,310.15,43029
2025-05-14 05:15:00,310.3,310.8,310.15,310.5,55662
2025-05-14 05:20:00,310.6,310.8,310.0,310.2,61274
2025-05-14 05:25:00,310.3,310.55,310.15,310.15,32692
2025-05-14 05:30:00,310.15,310.5,310.0,310.0,52396
2025-05-14 05:35:00,310.0,310.4,310.0,310.05,29871
2025-05-14 05:40:00,310.1,310.25,310.0,310.05,26020
2025-05-14 05:45:00,310.05,310.4,310.0,310.25,60645
2025-05-14 05:50:00,310.25,310.5,310.1,310.35,34465
2025-05-14 05:55:00,310.35,311.4,310.35,310.65,287773
2025-05-14 06:00:00,310.65,310.9,310.45,310.75,29502
2025-05-14 06:05:00,310.75,310.9,310.7,310.8,31957
2025-05-14 06:10:00,310.75,310.9,310.15,310.15,79321
2025-05-14 06:15:00,310.15,310.25,310.0,310.1,610270
2025-05-14 06:20:00,310.05,310.45,310.05,310.2,34538
2025-05-14 06:25:00,310.2,310.85,310.05,310.85,25290
2025-05-14 06:30:00,310.65,311.0,310.65,310.85,46946
2025-05-14 06:35:00,310.85,311.15,310.85,310.95,36975
2025-05-14 06:40:00,311.0,311.0,310.25,310.35,54690
2025-05-14 06:45:00,310.4,310.45,310.1,310.2,28458
2025-05-14 06:50:00,310.2,310.4,310.2,310.3,26470
2025-05-14 06:55:00,310.3,310.55,310.2,310.25,25117
2025-05-14 07:00:00,310.25,310.45,310.2,310.3,26077
2025-05-14 07:05:00,310.3,310.45,309.75,309.95,107036
2025-05-14 07:10:00,310.1,310.2,309.75,309.8,31210
2025-05-14 07:15:00,309.8,309.9,309.4,309.4,33084
2025-05-14 07:20:00,309.5,309.55,308.7,308.75,75444
2025-05-14 07:25:00,308.85,309.25,308.6,309.25,25695
2025-05-14 07:30:00,309.15,310.35,309.15,310.35,41795
2025-05-14 07:35:00,310.25,310.75,310.25,310.65,49469
2025-05-14 07:40:00,310.6,310.8,310.55,310.7,42899
2025-05-14 07:45:00,310.7,311.0,310.2,310.45,38836
2025-05-14 07:50:00,310.25,310.55,310.1,310.35,34947
2025-05-14 07:55:00,310.35,311.25,310.2,311.0,61096
2025-05-14 08:00:00,311.0,311.25,311.0,311.0,36370
2025-05-14 08:05:00,311.0,311.2,310.9,310.9,40902
2025-05-14 08:10:00,310.9,311.25,310.85,311.0,29890
2025-05-14 08:15:00,311.15,311.2,310.95,311.0,22075
2025-05-14 08:20:00,311.0,311.25,310.85,310.85,29946
2025-05-14 08:25:00,310.9,311.15,310.9,311.0,22466
2025-05-14 08:30:00,310.95,311.0,310.8,310.85,21169
2025-05-14 08:35:00,310.85,311.2,310.85,311.05,24339
2025-05-14 08:40:00,311.05,311.15,310.9,311.0,31871
2025-05-14 08:45:00,310.9,311.15,310.9,311.05,92508
2025-05-14 08:50:00,311.05,311.45,311.05,311.3,54633
2025-05-14 08:55:00,311.3,311.45,311.05,311.35,38933
2025-05-14 09:00:00,311.35,311.5,310.85,310.95,56977
2025-05-14 09:05:00,310.85,311.2,310.8,311.0,26655
2025-05-14 09:10:00,310.9,311.5,310.9,310.95,61980
2025-05-14 09:15:00,310.9,311.35,310.9,311.2,27520
2025-05-14 09:20:00,311.25,311.35,310.9,311.0,67552
2025-05-14 09:25:00,311.0,311.2,310.9,310.95,62989
2025-05-14 09:30:00,310.9,311.4,310.9,311.15,152567
2025-05-14 09:35:00,311.15,311.6,311.15,311.55,418717
2025-05-14 09:40:00,311.65,312.5,311.5,312.5,178818
2025-05-14 09:45:00,312.5,313.5,311.9,313.2,849865
2025-05-14 09:50:00,313.3,313.55,313.2,313.45,236441
2025-05-14 09:55:00,313.5,313.5,313.0,313.0,174716
2025-05-15 03:45:00,314.0,314.85,313.5,314.5,195839
2025-05-15 03:50:00,314.75,317.6,314.35,317.6,413982
2025-05-15 03:55:00,317.45,320.2,317.25,318.65,585050
2025-05-15 04:00:00,318.5,318.9,316.7,317.05,276564
2025-05-15 04:05:00,317.0,317.05,315.3,315.45,219235
2025-05-15 04:10:00,315.4,315.65,315.1,315.5,92456
2025-05-15 04:15:00,315.45,316.0,314.95,315.6,87895
2025-05-15 04:20:00,315.55,315.8,315.05,315.05,79416
2025-05-15 04:25:00,315.05,315.3,314.95,315.15,135305
2025-05-15 04:30:00,315.15,315.15,315.0,315.15,50839
2025-05-15 04:35:00,315.15,315.15,315.05,315.15,68791
2025-05-15 04:40:00,315.15,315.65,315.0,315.3,141038
2025-05-15 04:45:00,315.15,315.5,315.05,315.15,39182
2025-05-15 04:50:00,315.25,315.25,314.5,314.9,86832
2025-05-15 04:55:00,314.8,315.0,314.55,315.0,42208
2025-05-15 05:00:00,314.95,315.25,314.9,315.15,45589
2025-05-15 05:05:00,315.25,315.5,315.0,315.2,125018
2025-05-15 05:10:00,315.2,315.25,314.85,315.2,53478
2025-05-15 05:15:00,315.05,315.05,314.8,315.0,103530
2025-05-15 05:20:00,315.05,315.05,314.7,314.85,73162
2025-05-15 05:25:00,314.8,315.25,314.8,315.05,30545
2025-05-15 05:30:00,314.95,315.1,314.65,314.7,40331
2025-05-15 05:35:00,314.7,314.7,314.05,314.3,76833
2025-05-15 05:40:00,314.4,314.4,313.75,314.05,50515
2025-05-15 05:45:00,314.1,314.65,313.85,314.55,57743
2025-05-15 05:50:00,314.55,314.6,314.15,314.45,35403
2025-05-15 05:55:00,314.5,315.0,314.4,314.95,31212
2025-05-15 06:00:00,315.1,315.1,314.85,315.0,36340
2025-05-15 06:05:00,315.0,315.0,314.6,314.6,37622
2025-05-15 06:10:00,314.65,315.0,314.6,314.85,25394
2025-05-15 06:15:00,314.8,315.0,314.75,314.75,35057
2025-05-15 06:20:00,314.75,315.0,314.6,315.0,20822
2025-05-15 06:25:00,315.0,315.0,314.8,314.95,22365
2025-05-15 06:30:00,314.95,314.95,314.75,314.95,18284
2025-05-15 06:35:00,314.95,315.05,314.9,315.0,28589
2025-05-15 06:40:00,315.0,315.05,314.75,315.0,28489
2025-05-15 06:45:00,315.1,315.95,315.0,315.85,121266
2025-05-15 06:50:00,315.85,315.85,315.4,315.65,37565
2025-05-15 06:55:00,315.75,316.5,315.55,316.2,196202
2025-05-15 07:00:00,316.2,316.35,315.55,316.25,35286
2025-05-15 07:05:00,316.4,316.8,315.8,316.15,83303
2025-05-15 07:10:00,316.15,316.4,315.95,316.1,36012
2025-05-15 07:15:00,316.2,316.6,316.1,316.55,47375
2025-05-15 07:20:00,316.75,316.8,316.35,316.35,44763
2025-05-15 07:25:00,316.5,317.15,316.25,316.95,78775
2025-05-15 07:30:00,316.85,317.65,316.85,317.1,58843
2025-05-15 07:35:00,317.1,317.4,316.7,317.0,54270
2025-05-15 07:40:00,316.75,317.05,316.7,316.85,27790
2025-05-15 07:45:00,316.85,317.3,316.8,317.0,28667
2025-05-15 07:50:00,317.0,317.05,316.5,316.55,50197
2025-05-15 07:55:00,316.65,316.65,316.25,316.4,21545
2025-05-15 08:00:00,316.45,316.85,316.4,316.55,23595
2025-05-15 08:05:00,316.7,316.75,316.4,316.55,20485
2025-05-15 08:10:00,316.55,316.8,316.45,316.7,18956
2025-05-15 08:15:00,316.6,317.6,316.6,317.4,61995
2025-05-15 08:20:00,317.4,317.9,317.35,317.85,97613
2025-05-15 08:25:00,317.75,317.85,317.5,317.65,49390
2025-05-15 08:30:00,317.65,317.9,317.45,317.55,71263
2025-05-15 08:35:00,317.55,317.8,317.2,317.3,65162
2025-05-15 08:40:00,317.35,317.5,317.3,317.45,62467
2025-05-15 08:45:00,317.45,317.45,316.85,317.45,86182
2025-05-15 08:50:00,317.4,317.45,317.3,317.4,54632
2025-05-15 08:55:00,317.4,317.4,317.3,317.3,70653
2025-05-15 09:00:00,317.35,317.35,316.85,316.95,64248
2025-05-15 09:05:00,317.0,317.0,316.6,316.7,72313
2025-05-15 09:10:00,316.75,317.0,316.65,317.0,209714
2025-05-15 09:15:00,317.0,317.0,316.8,316.95,70581
2025-05-15 09:20:00,316.95,317.0,316.8,316.9,81109
2025-05-15 09:25:00,316.95,316.95,316.6,316.7,60334
2025-05-15 09:30:00,316.7,316.85,316.65,316.7,267001
2025-05-15 09:35:00,316.7,317.25,316.65,317.15,191285
2025-05-15 09:40:00,317.15,317.25,317.1,317.15,203295
2025-05-15 09:45:00,317.1,317.2,317.1,317.15,248987
2025-05-15 09:50:00,317.15,317.15,317.1,317.15,219728
2025-05-15 09:55:00,317.15,317.15,316.85,317.0,268542
2025-05-16 03:45:00,316.0,318.5,315.8,318.35,205626
2025-05-16 03:50:00,318.35,318.8,317.55,317.6,177151
2025-05-16 03:55:00,317.7,318.0,316.7,317.7,129038
2025-05-16 04:00:00,317.75,318.5,317.3,317.45,83548
2025-05-16 04:05:00,317.3,317.5,316.9,316.9,57878
2025-05-16 04:10:00,317.1,317.95,316.7,317.6,72891
2025-05-16 04:15:00,317.9,318.35,317.75,318.1,55895
2025-05-16 04:20:00,318.05,318.8,317.95,318.25,112559
2025-05-16 04:25:00,318.4,319.25,318.25,319.1,162987
2025-05-16 04:30:00,319.0,320.6,319.0,320.3,354262
2025-05-16 04:35:00,320.35,321.0,319.9,320.0,290278
2025-05-16 04:40:00,320.05,320.05,319.45,320.05,119957
2025-05-16 04:45:00,320.15,320.45,319.75,319.85,76068
2025-05-16 04:50:00,319.75,320.0,319.15,319.15,57174
2025-05-16 04:55:00,319.15,319.35,319.05,319.1,72290
2025-05-16 05:00:00,319.2,319.5,319.05,319.25,44944
2025-05-16 05:05:00,319.1,319.45,319.05,319.25,48184
2025-05-16 05:10:00,319.25,319.5,319.1,319.25,38992
2025-05-16 05:15:00,319.25,319.45,319.05,319.1,42130
2025-05-16 05:20:00,319.2,319.5,319.1,319.45,34208
2025-05-16 05:25:00,319.5,319.75,319.45,319.5,37296
2025-05-16 05:30:00,319.5,319.55,319.2,319.4,32242
2025-05-16 05:35:00,319.4,319.5,318.25,318.6,254627
2025-05-16 05:40:00,318.45,318.85,318.35,318.65,49125
2025-05-16 05:45:00,318.85,319.1,318.55,318.95,33619
2025-05-16 05:50:00,319.1,319.1,318.6,318.9,28721
2025-05-16 05:55:00,318.9,318.9,318.6,318.65,26333
2025-05-16 06:00:00,318.65,319.2,318.6,319.15,46002
2025-05-16 06:05:00,319.15,319.15,318.8,318.85,24952
2025-05-16 06:10:00,319.0,319.15,318.75,319.0,22370
2025-05-16 06:15:00,319.1,319.2,318.95,319.2,30049
2025-05-16 06:20:00,319.15,319.2,318.9,319.15,26142
2025-05-16 06:25:00,319.0,319.2,318.95,319.15,24808
2025-05-16 06:30:00,319.0,319.2,318.85,319.1,22903
2025-05-16 06:35:00,319.1,319.2,319.0,319.2,27501
2025-05-16 06:40:00,319.2,319.25,319.0,319.05,14971
2025-05-16 06:45:00,319.15,319.4,319.05,319.3,25531
2025-05-16 06:50:00,319.3,319.3,319.05,319.25,26135
2025-05-16 06:55:00,319.25,319.3,319.05,319.15,15147
2025-05-16 07:00:00,319.2,319.2,319.05,319.05,24198
2025-05-16 07:05:00,319.05,319.15,319.0,319.0,33411
2025-05-16 07:10:00,319.0,320.25,319.0,319.7,158894
2025-05-16 07:15:00,319.75,320.75,319.75,320.1,149004
2025-05-16 07:20:00,320.2,320.2,319.4,319.45,44728
2025-05-16 07:25:00,319.45,319.65,319.05,319.5,85028
2025-05-16 07:30:00,319.5,319.75,319.35,319.55,25456
2025-05-16 07:35:00,319.55,319.75,319.4,319.55,21714
2025-05-16 07:40:00,319.5,319.7,319.35,319.55,55543
2025-05-16 07:45:00,319.65,319.65,319.35,319.35,24365
2025-05-16 07:50:00,319.35,319.5,319.35,319.35,32635
2025-05-16 07:55:00,319.35,319.45,319.25,319.35,21968
2025-05-16 08:00:00,319.35,319.5,319.35,319.45,19579
2025-05-16 08:05:00,319.45,319.5,319.35,319.4,8194
2025-05-16 08:10:00,319.45,319.45,319.0,319.1,47242
2025-05-16 08:15:00,319.15,319.2,319.0,319.0,28070
2025-05-16 08:20:00,319.1,319.2,319.0,319.1,14167
2025-05-16 08:25:00,319.05,319.1,319.0,319.1,51731
2025-05-16 08:30:00,319.0,319.1,318.05,318.2,259747
2025-05-16 08:35:00,318.1,319.2,318.1,319.05,84173
2025-05-16 08:40:00,319.05,319.15,318.65,318.65,58363
2025-05-16 08:45:00,318.65,319.2,318.6,319.1,53868
2025-05-16 08:50:00,319.05,320.35,318.9,319.7,128249
2025-05-16 08:55:00,319.6,319.7,319.0,319.0,45266
2025-05-16 09:00:00,319.0,319.25,318.3,319.25,114406
2025-05-16 09:05:00,319.25,319.5,319.0,319.4,97928
2025-05-16 09:10:00,319.3,319.4,319.05,319.2,33683
2025-05-16 09:15:00,319.05,319.4,319.0,319.25,59210
2025-05-16 09:20:00,319.25,319.3,319.0,319.1,59276
2025-05-16 09:25:00,319.1,319.15,318.45,318.8,135644
2025-05-16 09:30:00,318.85,319.45,318.85,319.4,185880
2025-05-16 09:35:00,319.4,319.5,319.35,319.4,116787
2025-05-16 09:40:00,319.4,320.65,319.35,320.3,700327
2025-05-16 09:45:00,320.3,320.5,319.75,320.2,460992
2025-05-16 09:50:00,320.15,320.3,320.1,320.25,229529
2025-05-16 09:55:00,320.25,320.4,319.0,319.5,185555
2025-05-19 03:45:00,318.55,319.55,318.0,318.7,197903
2025-05-19 03:50:00,318.7,319.2,318.2,318.75,136788
2025-05-19 03:55:00,318.6,318.75,317.3,317.8,109465
2025-05-19 04:00:00,317.8,318.4,317.7,318.15,40489
2025-05-19 04:05:00,318.15,318.15,316.3,316.3,94544
2025-05-19 04:10:00,316.3,317.7,316.15,317.55,41037
2025-05-19 04:15:00,317.55,317.95,317.25,317.45,27892
2025-05-19 04:20:00,317.4,317.5,316.85,317.4,30168
2025-05-19 04:25:00,317.3,317.35,316.85,317.15,18224
2025-05-19 04:30:00,317.4,318.3,317.05,318.15,46149
2025-05-19 04:35:00,318.25,318.95,318.15,318.9,51853
2025-05-19 04:40:00,319.0,319.0,318.35,318.6,29437
2025-05-19 04:45:00,318.6,318.75,318.2,318.25,9073
2025-05-19 04:50:00,318.25,318.65,318.05,318.4,27622
2025-05-19 04:55:00,318.2,318.25,317.7,318.15,17491
2025-05-19 05:00:00,318.2,318.8,317.9,318.5,24354
2025-05-19 05:05:00,318.5,318.75,318.0,318.15,30939
2025-05-19 05:10:00,318.15,318.2,317.8,317.8,23097
2025-05-19 05:15:00,317.8,318.15,317.5,318.1,17250
2025-05-19 05:20:00,318.0,318.35,317.75,318.0,14505
2025-05-19 05:25:00,318.0,318.25,317.55,317.55,28296
2025-05-19 05:30:00,317.7,317.85,317.55,317.85,14649
2025-05-19 05:35:00,317.85,317.9,317.1,317.4,17914
2025-05-19 05:40:00,317.3,317.45,316.85,316.85,43246
2025-05-19 05:45:00,316.9,317.4,316.85,317.0,11227
2025-05-19 05:50:00,317.05,317.4,317.0,317.15,9377
2025-05-19 05:55:00,317.15,317.3,317.05,317.25,14944
2025-05-19 06:00:00,317.2,317.35,317.0,317.2,16474
2025-05-19 06:05:00,317.05,318.1,317.05,317.85,42490
2025-05-19 06:10:00,317.8,318.2,317.45,318.2,49084
2025-05-19 06:15:00,318.1,318.95,318.0,318.7,84413
2025-05-19 06:20:00,318.7,319.0,318.65,318.95,41371
2025-05-19 06:25:00,318.8,318.95,318.6,318.85,27884
2025-05-19 06:30:00,318.7,318.95,318.5,318.65,24894
2025-05-19 06:35:00,318.5,319.0,318.5,318.75,21858
2025-05-19 06:40:00,318.7,319.0,318.5,318.55,24607
2025-05-19 06:45:00,318.65,318.75,318.15,318.6,26997
2025-05-19 06:50:00,318.6,318.75,317.3,317.35,62033
2025-05-19 06:55:00,317.35,317.7,317.3,317.4,37326
2025-05-19 07:00:00,317.35,317.95,317.15,317.85,27243
2025-05-19 07:05:00,317.95,317.95,317.55,317.75,16934
2025-05-19 07:10:00,317.7,318.0,317.65,317.8,20058
2025-05-19 07:15:00,317.7,318.0,317.6,317.9,19582
2025-05-19 07:20:00,317.95,318.65,317.8,318.55,24589
2025-05-19 07:25:00,318.5,318.7,318.35,318.45,21719
2025-05-19 07:30:00,318.45,318.75,318.15,318.4,38424
2025-05-19 07:35:00,318.5,318.6,318.2,318.35,25437
2025-05-19 07:40:00,318.3,318.5,318.15,318.2,17443
2025-05-19 07:45:00,318.3,318.5,317.9,318.05,62810
2025-05-19 07:50:00,318.1,318.65,318.0,318.55,22875
2025-05-19 07:55:00,318.55,318.65,318.25,318.55,20656
2025-05-19 08:00:00,318.6,318.75,318.3,318.45,26365
2025-05-19 08:05:00,318.45,318.7,318.3,318.35,20133
2025-05-19 08:10:00,318.35,318.55,318.25,318.4,20947
2025-05-19 08:15:00,318.35,318.65,318.35,318.55,21434
2025-05-19 08:20:00,318.6,318.7,318.15,318.5,25923
2025-05-19 08:25:00,318.5,318.8,318.3,318.4,24737
2025-05-19 08:30:00,318.3,318.45,317.5,317.65,36223
2025-05-19 08:35:00,317.7,317.9,317.45,317.85,32183
2025-05-19 08:40:00,317.8,318.0,317.05,317.4,51881
2025-05-19 08:45:00,317.4,318.15,317.2,317.7,43973
2025-05-19 08:50:00,317.6,317.8,317.4,317.55,14160
2025-05-19 08:55:00,317.55,317.8,317.3,317.65,18996
2025-05-19 09:00:00,317.75,317.9,317.5,317.5,20963
2025-05-19 09:05:00,317.5,317.7,317.1,317.3,18462
2025-05-19 09:10:00,317.25,317.55,317.05,317.15,29404
2025-05-19 09:15:00,317.2,317.3,316.8,316.9,27359
2025-05-19 09:20:00,317.2,317.35,316.9,316.95,18576
2025-05-19 09:25:00,316.95,317.25,316.85,316.85,30186
2025-05-19 09:30:00,317.0,317.3,316.8,317.05,46966
2025-05-19 09:35:00,317.15,317.35,316.95,317.25,48426
2025-05-19 09:40:00,317.5,317.55,317.25,317.35,68048
2025-05-19 09:45:00,317.35,317.55,317.05,317.5,104710
2025-05-19 09:50:00,317.35,317.6,317.1,317.6,132226
2025-05-19 09:55:00,317.55,317.55,316.4,317.1,167419
2025-05-20 03:45:00,317.0,319.65,316.25,316.45,197415
2025-05-20 03:50:00,316.3,317.3,315.3,316.4,116076
2025-05-20 03:55:00,316.25,316.7,315.8,316.3,113349
2025-05-20 04:00:00,316.35,317.25,315.9,316.6,64953
2025-05-20 04:05:00,316.6,318.6,316.5,318.0,126987
2025-05-20 04:10:00,318.0,318.0,316.4,317.1,81405
2025-05-20 04:15:00,317.0,317.0,316.3,316.65,46029
2025-05-20 04:20:00,316.65,317.0,316.25,316.45,38076
2025-05-20 04:25:00,316.45,317.35,316.2,317.25,56617
2025-05-20 04:30:00,317.25,318.6,317.1,318.4,96936
2025-05-20 04:35:00,318.55,319.45,317.8,318.1,116180
2025-05-20 04:40:00,318.25,318.35,317.7,318.15,70714
2025-05-20 04:45:00,318.2,318.2,317.5,318.0,42172
2025-05-20 04:50:00,318.1,318.3,317.8,317.8,53787
2025-05-20 04:55:00,317.8,318.25,317.6,317.65,38736
2025-05-20 05:00:00,317.7,317.85,317.5,317.75,19639
2025-05-20 05:05:00,317.75,318.2,317.7,317.8,48403
2025-05-20 05:10:00,317.8,318.0,317.65,317.65,27851
2025-05-20 05:15:00,317.7,318.1,317.6,317.7,34272
2025-05-20 05:20:00,317.65,317.75,317.2,317.4,27540
2025-05-20 05:25:00,317.4,317.95,317.25,317.95,31984
2025-05-20 05:30:00,317.95,318.1,317.4,317.6,47185
2025-05-20 05:35:00,317.6,317.6,317.35,317.5,28202
2025-05-20 05:40:00,317.45,317.45,316.7,317.1,42001
2025-05-20 05:45:00,317.1,317.3,316.85,317.0,30823
2025-05-20 05:50:00,317.05,317.1,316.55,316.8,30499
2025-05-20 05:55:00,316.65,317.45,316.65,316.75,42045
2025-05-20 06:00:00,316.95,317.25,316.6,317.1,31199
2025-05-20 06:05:00,317.1,317.65,317.05,317.25,34551
2025-05-20 06:10:00,317.25,317.5,317.05,317.3,26474
2025-05-20 06:15:00,317.3,317.3,316.85,316.85,18045
2025-05-20 06:20:00,316.85,317.05,316.35,316.45,35520
2025-05-20 06:25:00,316.45,316.6,316.1,316.55,39891
2025-05-20 06:30:00,316.55,316.85,316.5,316.55,25798
2025-05-20 06:35:00,316.55,317.05,316.5,316.9,22406
2025-05-20 06:40:00,316.85,316.9,316.45,316.45,14893
2025-05-20 06:45:00,316.45,316.8,316.4,316.4,26026
2025-05-20 06:50:00,316.55,316.7,316.2,316.2,27151
2025-05-20 06:55:00,316.15,316.55,316.05,316.1,36843
2025-05-20 07:00:00,316.2,316.35,316.0,316.0,22873
2025-05-20 07:05:00,316.0,316.95,316.0,316.75,41857
2025-05-20 07:10:00,316.5,317.35,316.5,317.1,59150
2025-05-20 07:15:00,317.15,317.3,316.8,316.9,27805
2025-05-20 07:20:00,316.85,316.95,316.35,316.4,29308
2025-05-20 07:25:00,316.4,316.8,316.05,316.3,50131
2025-05-20 07:30:00,316.3,316.45,316.05,316.15,37138
2025-05-20 07:35:00,316.25,316.45,316.05,316.05,28430
2025-05-20 07:40:00,316.2,316.35,316.0,316.2,29623
2025-05-20 07:45:00,316.2,316.45,315.65,315.75,44451
2025-05-20 07:50:00,315.9,316.2,315.75,316.0,28497
2025-05-20 07:55:00,316.0,316.5,316.0,316.3,35045
2025-05-20 08:00:00,316.05,316.95,316.05,316.5,41497
2025-05-20 08:05:00,316.6,316.6,316.25,316.3,29395
2025-05-20 08:10:00,316.3,316.5,316.1,316.35,25804
2025-05-20 08:15:00,316.35,316.9,316.25,316.65,35297
2025-05-20 08:20:00,316.8,316.85,316.4,316.5,35013
2025-05-20 08:25:00,316.45,316.75,316.3,316.45,29305
2025-05-20 08:30:00,316.6,316.6,315.9,316.0,35246
2025-05-20 08:35:00,316.0,316.0,315.0,315.15,71592
2025-05-20 08:40:00,315.0,315.2,314.7,314.95,68753
2025-05-20 08:45:00,314.9,314.95,314.5,314.75,33774
2025-05-20 08:50:00,314.6,314.75,314.25,314.5,52168
2025-05-20 08:55:00,314.5,314.7,314.3,314.6,46202
2025-05-20 09:00:00,314.6,314.7,314.15,314.55,48139
2025-05-20 09:05:00,314.65,314.8,312.6,313.1,190903
2025-05-20 09:10:00,313.0,313.4,312.5,312.5,110826
2025-05-20 09:15:00,312.5,314.25,312.3,314.15,67996
2025-05-20 09:20:00,314.0,314.35,313.55,313.7,53767
2025-05-20 09:25:00,313.65,313.75,312.55,312.55,69769
2025-05-20 09:30:00,312.8,313.75,312.6,312.75,133332
2025-05-20 09:35:00,312.75,312.9,312.25,312.3,124051
2025-05-20 09:40:00,312.3,314.0,312.15,312.85,774637
2025-05-20 09:45:00,312.9,313.0,312.45,312.5,134857
2025-05-20 09:50:00,312.5,312.85,312.0,312.65,214489
2025-05-20 09:55:00,312.55,313.0,311.75,312.6,145265
2025-05-21 03:45:00,312.3,312.4,309.35,312.1,243443
2025-05-21 03:50:00,312.25,313.3,311.65,311.7,104328
2025-05-21 03:55:00,311.7,311.7,309.85,310.5,118684
2025-05-21 04:00:00,310.35,311.65,309.85,311.6,75371
2025-05-21 04:05:00,311.45,313.0,311.45,312.65,66414
2025-05-21 04:10:00,312.8,313.05,311.8,311.8,60400
2025-05-21 04:15:00,311.8,312.8,311.8,312.45,78128
2025-05-21 04:20:00,312.35,312.75,312.0,312.75,30215
2025-05-21 04:25:00,312.6,312.95,312.05,312.3,46800
2025-05-21 04:30:00,312.35,312.5,312.05,312.25,32642
2025-05-21 04:35:00,312.15,312.4,312.0,312.0,49196
2025-05-21 04:40:00,312.1,312.8,312.0,312.8,34826
2025-05-21 04:45:00,312.7,312.95,311.8,311.95,344759
2025-05-21 04:50:00,311.95,312.2,311.5,312.1,62219
2025-05-21 04:55:00,312.1,312.25,311.65,311.85,49108
2025-05-21 05:00:00,311.8,312.1,311.7,311.8,38529
2025-05-21 05:05:00,311.95,313.7,311.8,313.2,211395
2025-05-21 05:10:00,313.2,313.4,312.5,312.75,394855
2025-05-21 05:15:00,312.8,313.25,312.7,313.1,79289
2025-05-21 05:20:00,313.05,313.3,313.0,313.0,49328
2025-05-21 05:25:00,313.0,313.15,312.85,312.95,81188
2025-05-21 05:30:00,313.0,313.25,312.85,312.85,54566
2025-05-21 05:35:00,312.85,313.2,312.7,313.05,78119
2025-05-21 05:40:00,313.05,313.3,313.0,313.05,85868
2025-05-21 05:45:00,313.05,314.4,313.05,314.25,90665
2025-05-21 05:50:00,314.35,314.35,313.5,313.65,64938
2025-05-21 05:55:00,313.6,313.95,313.6,313.8,24152
2025-05-21 06:00:00,313.8,314.15,313.45,313.5,42767
2025-05-21 06:05:00,313.5,313.9,313.05,313.8,31987
2025-05-21 06:10:00,313.8,313.95,313.5,313.5,22898
2025-05-21 06:15:00,313.5,313.85,313.3,313.55,43591
2025-05-21 06:20:00,313.55,313.9,313.3,313.7,31078
2025-05-21 06:25:00,313.7,314.25,313.65,314.1,45675
2025-05-21 06:30:00,314.15,314.5,313.35,313.4,74374
2025-05-21 06:35:00,313.4,313.95,313.05,313.05,48483
2025-05-21 06:40:00,313.1,313.5,313.1,313.15,22233
2025-05-21 06:45:00,313.3,313.3,313.0,313.05,51156
2025-05-21 06:50:00,313.05,313.5,313.0,313.35,30275
2025-05-21 06:55:00,313.35,313.45,313.0,313.3,40289
2025-05-21 07:00:00,313.3,313.95,313.25,313.7,41799
2025-05-21 07:05:00,313.7,314.0,313.4,313.6,40169
2025-05-21 07:10:00,313.65,313.9,313.0,313.0,65543
2025-05-21 07:15:00,313.0,313.1,312.75,313.0,46164
2025-05-21 07:20:00,313.0,313.05,312.9,313.0,32744
2025-05-21 07:25:00,313.0,313.65,312.9,313.4,50055
2025-05-21 07:30:00,313.5,313.65,313.1,313.4,30624
2025-05-21 07:35:00,313.4,313.75,313.4,313.55,25720
2025-05-21 07:40:00,313.5,314.3,313.5,314.05,64208
2025-05-21 07:45:00,314.1,314.95,314.1,314.8,84891
2025-05-21 07:50:00,314.8,315.2,314.35,314.45,76031
2025-05-21 07:55:00,314.45,314.8,313.85,313.85,37240
2025-05-21 08:00:00,313.85,314.75,313.85,314.65,28086
2025-05-21 08:05:00,314.75,315.0,313.95,314.1,39980
2025-05-21 08:10:00,314.1,314.5,313.85,314.05,19435
2025-05-21 08:15:00,314.05,314.45,313.9,314.25,26441
2025-05-21 08:20:00,314.25,314.4,314.1,314.2,12396
2025-05-21 08:25:00,314.2,314.45,314.15,314.15,57523
2025-05-21 08:30:00,314.25,314.75,313.9,313.95,36358
2025-05-21 08:35:00,313.95,314.4,313.95,314.1,19899
2025-05-21 08:40:00,314.1,315.0,313.65,314.9,62156
2025-05-21 08:45:00,314.9,315.1,314.5,314.6,64656
2025-05-21 08:50:00,314.7,314.95,314.55,314.7,20309
2025-05-21 08:55:00,314.7,314.95,314.5,314.75,22975
2025-05-21 09:00:00,314.75,315.1,314.75,314.75,87595
2025-05-21 09:05:00,314.8,315.0,314.7,314.9,23519
2025-05-21 09:10:00,314.9,315.3,314.6,314.7,87214
2025-05-21 09:15:00,314.85,315.0,314.75,315.0,34290
2025-05-21 09:20:00,315.0,315.0,314.6,314.8,38720
2025-05-21 09:25:00,314.75,314.95,314.6,314.65,37599
2025-05-21 09:30:00,314.7,315.35,314.65,314.9,154504
2025-05-21 09:35:00,314.9,315.9,314.85,315.9,110748
2025-05-21 09:40:00,315.8,315.9,315.7,315.8,73886
2025-05-21 09:45:00,315.85,316.65,315.65,316.55,232619
2025-05-21 09:50:00,316.6,316.7,316.1,316.25,113580
2025-05-21 09:55:00,316.1,316.75,315.95,316.7,97789
2025-05-22 03:45:00,314.9,316.65,314.15,315.75,218955
2025-05-22 03:50:00,315.75,315.85,315.15,315.3,88665
2025-05-22 03:55:00,315.55,317.2,315.55,316.0,116172
2025-05-22 04:00:00,316.0,316.0,314.8,315.55,107156
2025-05-22 04:05:00,315.6,317.55,315.55,317.35,107010
2025-05-22 04:10:00,317.45,318.9,317.45,318.05,120199
2025-05-22 04:15:00,318.15,318.25,317.7,318.2,57283
2025-05-22 04:20:00,318.05,318.15,316.9,317.1,65189
2025-05-22 04:25:00,317.1,317.55,316.85,317.4,155569
2025-05-22 04:30:00,317.3,317.7,316.95,317.05,46765
2025-05-22 04:35:00,317.0,317.65,316.85,317.4,35816
2025-05-22 04:40:00,317.4,317.4,316.65,317.1,55675
2025-05-22 04:45:00,317.1,317.45,316.9,317.3,21655
2025-05-22 04:50:00,317.25,317.25,316.3,316.45,49611
2025-05-22 04:55:00,316.45,316.55,315.85,316.3,43590
2025-05-22 05:00:00,316.3,316.3,315.75,315.75,45356
2025-05-22 05:05:00,315.9,316.15,315.85,315.85,34135
2025-05-22 05:10:00,315.85,316.05,315.8,315.9,23093
2025-05-22 05:15:00,315.85,316.05,315.85,315.85,14072
2025-05-22 05:20:00,315.85,316.15,315.85,316.0,28526
2025-05-22 05:25:00,315.95,316.6,315.9,316.35,64653
2025-05-22 05:30:00,316.35,316.4,315.95,315.95,28559
2025-05-22 05:35:00,316.0,316.0,315.65,315.65,37893
2025-05-22 05:40:00,315.65,315.75,315.3,315.45,44457
2025-05-22 05:45:00,315.45,315.7,315.3,315.35,40931
2025-05-22 05:50:00,315.45,315.75,315.3,315.4,36771
2025-05-22 05:55:00,315.4,316.0,315.35,315.95,17307
2025-05-22 06:00:00,315.95,315.95,315.55,315.6,13196
2025-05-22 06:05:00,315.6,315.8,315.5,315.75,56882
2025-05-22 06:10:00,315.75,315.75,315.55,315.75,14341
2025-05-22 06:15:00,315.7,316.0,315.55,315.9,17487
2025-05-22 06:20:00,315.9,316.0,315.85,316.0,14857
2025-05-22 06:25:00,316.0,316.0,315.65,315.7,15563
2025-05-22 06:30:00,315.7,316.0,315.7,315.85,14752
2025-05-22 06:35:00,315.9,315.9,315.5,315.5,10536
2025-05-22 06:40:00,315.65,315.65,315.5,315.55,6320
2025-05-22 06:45:00,315.55,315.75,315.5,315.65,14776
2025-05-22 06:50:00,315.65,315.85,315.65,315.75,17529
2025-05-22 06:55:00,315.75,317.15,315.65,316.55,359665
2025-05-22 07:00:00,316.55,316.65,315.85,316.0,202380
2025-05-22 07:05:00,316.0,316.0,315.85,316.0,23450
2025-05-22 07:10:00,316.0,316.0,315.8,315.9,28320
2025-05-22 07:15:00,315.85,315.9,315.55,315.7,24325
2025-05-22 07:20:00,315.7,315.8,315.65,315.65,12685
2025-05-22 07:25:00,315.7,315.7,315.5,315.5,12647
2025-05-22 07:30:00,315.5,315.5,315.15,315.15,25440
2025-05-22 07:35:00,315.15,315.2,314.2,314.25,64834
2025-05-22 07:40:00,314.3,314.75,314.0,314.6,22238
2025-05-22 07:45:00,314.45,314.65,314.2,314.55,18093
2025-05-22 07:50:00,314.55,314.85,314.25,314.35,20771
2025-05-22 07:55:00,314.35,314.5,314.15,314.5,14397
2025-05-22 08:00:00,314.5,314.5,314.0,314.15,63581
2025-05-22 08:05:00,314.2,314.2,312.85,312.9,104379
2025-05-22 08:10:00,312.95,312.95,311.6,311.8,109591
2025-05-22 08:15:00,311.9,311.95,311.55,311.6,60443
2025-05-22 08:20:00,311.55,311.7,311.3,311.5,37779
2025-05-22 08:25:00,311.6,311.95,311.5,311.55,34789
2025-05-22 08:30:00,311.6,311.75,311.1,311.65,44474
2025-05-22 08:35:00,311.6,311.6,310.6,310.8,43753
2025-05-22 08:40:00,310.7,311.15,310.7,310.9,25141
2025-05-22 08:45:00,310.85,310.9,309.6,309.85,98323
2025-05-22 08:50:00,309.85,310.15,308.7,308.85,90588
2025-05-22 08:55:00,308.9,309.15,308.8,308.95,83064
2025-05-22 09:00:00,308.9,309.0,308.85,309.0,40468
2025-05-22 09:05:00,308.95,309.75,308.8,309.55,113107
2025-05-22 09:10:00,309.55,310.9,309.5,310.85,53405
2025-05-22 09:15:00,310.85,311.0,310.35,310.85,46435
2025-05-22 09:20:00,310.85,311.4,310.85,311.25,53281
2025-05-22 09:25:00,311.3,312.15,311.25,312.0,64628
2025-05-22 09:30:00,312.0,312.0,311.5,311.55,85849
2025-05-22 09:35:00,311.5,312.45,311.5,312.45,113323
2025-05-22 09:40:00,312.45,312.5,312.25,312.5,58240
2025-05-22 09:45:00,312.5,314.4,312.5,314.1,372232
2025-05-22 09:50:00,314.0,314.05,312.55,313.0,271607
2025-05-22 09:55:00,313.0,313.45,312.95,313.0,77663
2025-05-23 03:45:00,312.0,316.75,312.0,315.4,226504
2025-05-23 03:50:00,315.4,317.8,315.15,317.7,216023
2025-05-23 03:55:00,317.75,318.85,317.55,318.7,157653
2025-05-23 04:00:00,318.5,319.0,317.8,318.8,228240
2025-05-23 04:05:00,318.8,318.8,318.0,318.0,72584
2025-05-23 04:10:00,318.0,318.6,318.0,318.25,75612
2025-05-23 04:15:00,318.35,319.2,318.0,319.0,195762
2025-05-23 04:20:00,319.15,320.0,319.0,319.95,191215
2025-05-23 04:25:00,319.85,319.9,319.0,319.35,103001
2025-05-23 04:30:00,319.5,319.65,318.4,318.85,88723
2025-05-23 04:35:00,319.0,319.0,318.1,318.4,57147
2025-05-23 04:40:00,318.4,318.6,317.45,317.95,61863
2025-05-23 04:45:00,318.05,318.4,317.5,317.5,36817
2025-05-23 04:50:00,317.5,317.6,317.05,317.25,40679
2025-05-23 04:55:00,317.25,317.5,316.6,316.8,54390
2025-05-23 05:00:00,316.8,317.4,316.8,317.15,35436
2025-05-23 05:05:00,317.15,318.3,317.15,318.05,94923
2025-05-23 05:10:00,318.1,318.3,317.5,317.5,38125
2025-05-23 05:15:00,317.6,318.3,317.55,318.15,18963
2025-05-23 05:20:00,318.15,318.35,317.7,317.75,19468
2025-05-23 05:25:00,317.75,317.9,317.2,317.25,43355
2025-05-23 05:30:00,317.25,317.55,317.2,317.4,11585
2025-05-23 05:35:00,317.4,317.75,317.35,317.75,12325
2025-05-23 05:40:00,317.55,317.8,317.5,317.75,13528
2025-05-23 05:45:00,317.75,317.8,317.4,317.5,21905
2025-05-23 05:50:00,317.5,317.65,317.25,317.4,9133
2025-05-23 05:55:00,317.4,317.7,317.25,317.65,13879
2025-05-23 06:00:00,317.65,318.25,317.65,318.05,28857
2025-05-23 06:05:00,318.05,318.15,317.6,317.65,14836
2025-05-23 06:10:00,317.65,317.7,317.5,317.5,12334
2025-05-23 06:15:00,317.6,317.75,317.25,317.25,22717
2025-05-23 06:20:00,317.25,317.75,317.15,317.45,17614
2025-05-23 06:25:00,317.45,317.6,317.1,317.2,26252
2025-05-23 06:30:00,317.25,317.7,317.2,317.45,26689
2025-05-23 06:35:00,317.45,317.7,317.3,317.45,26914
2025-05-23 06:40:00,317.45,317.5,317.15,317.15,19895
2025-05-23 06:45:00,317.15,317.35,317.15,317.15,23401
2025-05-23 06:50:00,317.15,317.2,316.75,316.95,74561
2025-05-23 06:55:00,316.9,317.1,316.6,317.1,31182
2025-05-23 07:00:00,317.1,317.95,317.1,317.8,42530
2025-05-23 07:05:00,317.75,318.0,317.4,317.6,94837
2025-05-23 07:10:00,317.65,317.95,317.55,317.55,14723
2025-05-23 07:15:00,317.55,318.0,317.55,317.85,72884
2025-05-23 07:20:00,317.85,318.25,317.85,318.1,37608
2025-05-23 07:25:00,318.1,318.25,317.95,317.95,17117
2025-05-23 07:30:00,318.0,318.75,317.95,318.25,76082
2025-05-23 07:35:00,318.35,318.6,318.2,318.55,20471
2025-05-23 07:40:00,318.6,318.6,318.25,318.5,51707
2025-05-23 07:45:00,318.35,319.0,318.35,319.0,52203
2025-05-23 07:50:00,318.9,319.25,318.9,319.0,45431
2025-05-23 07:55:00,319.1,319.2,318.7,318.75,24371
2025-05-23 08:00:00,318.75,319.1,318.55,318.7,25862
2025-05-23 08:05:00,318.65,319.1,318.55,318.9,23411
2025-05-23 08:10:00,318.85,319.0,318.45,318.45,19345
2025-05-23 08:15:00,318.45,318.55,317.95,318.4,18956
2025-05-23 08:20:00,318.4,318.75,318.3,318.75,17661
2025-05-23 08:25:00,318.7,318.85,318.5,318.75,16680
2025-05-23 08:30:00,318.85,319.0,318.65,318.65,20295
2025-05-23 08:35:00,318.55,318.85,318.5,318.8,55627
2025-05-23 08:40:00,318.8,319.0,318.35,318.65,25710
2025-05-23 08:45:00,318.65,318.95,318.5,318.9,26493
2025-05-23 08:50:00,318.8,318.95,318.6,318.75,18977
2025-05-23 08:55:00,318.75,319.2,318.65,319.0,69419
2025-05-23 09:00:00,319.1,319.15,318.9,318.95,26833
2025-05-23 09:05:00,318.9,319.15,318.85,319.1,42252
2025-05-23 09:10:00,318.95,319.05,318.6,318.7,52399
2025-05-23 09:15:00,318.8,319.4,318.7,319.3,59753
2025-05-23 09:20:00,319.3,319.35,318.7,318.75,51375
2025-05-23 09:25:00,318.75,318.8,318.35,318.7,46053
2025-05-23 09:30:00,318.8,319.4,318.8,319.0,98215
2025-05-23 09:35:00,318.9,319.1,318.9,319.05,56628
2025-05-23 09:40:00,319.1,319.2,318.7,318.75,85654
2025-05-23 09:45:00,318.7,318.95,318.4,318.85,181781
2025-05-23 09:50:00,318.85,318.95,318.75,318.8,86846
2025-05-23 09:55:00,318.9,318.9,318.3,318.75,113406
2025-05-26 03:45:00,319.0,321.75,319.0,321.55,166343
2025-05-26 03:50:00,321.55,321.75,320.1,320.35,67479
2025-05-26 03:55:00,320.35,320.7,319.85,319.85,53635
2025-05-26 04:00:00,320.0,320.9,319.8,320.25,43418
2025-05-26 04:05:00,320.3,320.5,319.55,319.55,37795
2025-05-26 04:10:00,319.5,319.95,319.3,319.35,27611
2025-05-26 04:15:00,319.35,319.75,319.35,319.75,26392
2025-05-26 04:20:00,319.8,320.0,319.35,319.4,25005
2025-05-26 04:25:00,319.4,321.6,319.4,321.0,111770
2025-05-26 04:30:00,321.0,321.45,320.65,320.65,40221
2025-05-26 04:35:00,320.6,320.9,320.45,320.7,30647
2025-05-26 04:40:00,320.6,320.9,320.4,320.6,28559
2025-05-26 04:45:00,320.6,321.2,320.4,320.95,54258
2025-05-26 04:50:00,320.95,321.3,320.6,321.05,31972
2025-05-26 04:55:00,321.15,321.15,319.45,320.1,42374
2025-05-26 05:00:00,320.1,320.5,319.8,320.5,19013
2025-05-26 05:05:00,320.4,320.45,319.6,320.1,74901
2025-05-26 05:10:00,320.2,320.3,319.75,320.1,19886
2025-05-26 05:15:00,320.1,321.6,320.05,321.35,72629
2025-05-26 05:20:00,321.35,321.7,321.05,321.35,31972
2025-05-26 05:25:00,321.35,322.0,321.2,322.0,93652
2025-05-26 05:30:00,322.0,322.0,321.2,321.25,21564
2025-05-26 05:35:00,321.2,321.45,320.95,321.15,49917
2025-05-26 05:40:00,321.15,321.4,321.05,321.1,18692
2025-05-26 05:45:00,321.2,321.8,321.1,321.35,28445
2025-05-26 05:50:00,321.3,321.4,321.0,321.1,13446
2025-05-26 05:55:00,321.0,321.0,320.5,320.6,22176
2025-05-26 06:00:00,320.5,320.95,320.5,320.65,12618
2025-05-26 06:05:00,320.65,320.7,320.05,320.2,20955
2025-05-26 06:10:00,320.15,320.7,320.15,320.55,10613
2025-05-26 06:15:00,320.55,321.25,320.5,320.8,32767
2025-05-26 06:20:00,320.8,321.65,320.7,321.35,78240
2025-05-26 06:25:00,321.35,322.3,321.05,322.3,82705
2025-05-26 06:30:00,322.25,323.5,322.05,323.4,239836
2025-05-26 06:35:00,323.25,323.9,322.55,322.6,209381
2025-05-26 06:40:00,322.8,322.9,322.35,322.5,86941
2025-05-26 06:45:00,322.5,322.6,322.0,322.55,78851
2025-05-26 06:50:00,322.55,322.8,322.25,322.25,48999
2025-05-26 06:55:00,322.3,322.45,322.05,322.35,41506
2025-05-26 07:00:00,322.35,323.2,322.2,323.0,76031
2025-05-26 07:05:00,323.0,323.4,322.95,323.4,66848
2025-05-26 07:10:00,323.35,323.5,323.05,323.4,38938
2025-05-26 07:15:00,323.35,323.7,323.1,323.15,56254
2025-05-26 07:20:00,323.15,323.25,323.0,323.0,24804
2025-05-26 07:25:00,323.0,323.1,322.6,323.0,183461
2025-05-26 07:30:00,323.0,323.2,322.6,323.1,55648
2025-05-26 07:35:00,323.05,323.5,323.05,323.4,25513
2025-05-26 07:40:00,323.35,323.5,323.1,323.25,32054
2025-05-26 07:45:00,323.25,323.95,323.15,323.3,80519
2025-05-26 07:50:00,323.4,323.55,323.1,323.2,17819
2025-05-26 07:55:00,323.2,323.4,323.0,323.0,101545
2025-05-26 08:00:00,323.0,323.4,323.0,323.1,38148
2025-05-26 08:05:00,323.2,323.2,323.05,323.05,13785
2025-05-26 08:10:00,323.05,323.25,323.0,323.1,21519
2025-05-26 08:15:00,323.0,323.1,323.0,323.05,24306
2025-05-26 08:20:00,323.05,323.1,323.0,323.05,29483
2025-05-26 08:25:00,323.0,323.1,323.0,323.0,34983
2025-05-26 08:30:00,323.1,323.15,322.6,323.1,277488
2025-05-26 08:35:00,323.1,323.1,322.65,323.0,108387
2025-05-26 08:40:00,323.0,323.1,322.9,323.1,23272
2025-05-26 08:45:00,323.05,323.1,323.0,323.05,10018
2025-05-26 08:50:00,323.05,323.15,322.7,323.1,105127
2025-05-26 08:55:00,323.1,323.15,323.0,323.1,18636
2025-05-26 09:00:00,323.0,323.2,323.0,323.15,36881
2025-05-26 09:05:00,323.1,323.2,323.0,323.15,16473
2025-05-26 09:10:00,323.0,323.15,323.0,323.0,49933
2025-05-26 09:15:00,323.0,323.1,322.55,322.7,146690
2025-05-26 09:20:00,322.7,323.0,322.2,323.0,152854
2025-05-26 09:25:00,322.85,323.1,322.85,323.0,111079
2025-05-26 09:30:00,323.05,323.1,323.0,323.1,68439
2025-05-26 09:35:00,323.05,323.1,323.0,323.0,73461
2025-05-26 09:40:00,323.05,323.1,322.85,322.9,81681
2025-05-26 09:45:00,322.85,323.1,322.45,323.05,165380
2025-05-26 09:50:00,323.05,323.2,323.0,323.0,188912
2025-05-26 09:55:00,323.0,323.5,322.8,322.8,295325
2025-05-27 03:45:00,322.9,322.9,319.6,320.7,227620
2025-05-27 03:50:00,320.75,320.9,320.0,320.0,91860
2025-05-27 03:55:00,319.9,320.15,319.3,319.45,82144
2025-05-27 04:00:00,319.2,319.65,318.3,318.5,103358
2025-05-27 04:05:00,318.5,318.55,317.75,317.95,86510
2025-05-27 04:10:00,317.85,318.45,317.6,318.3,87188
2025-05-27 04:15:00,318.3,318.35,317.8,317.9,59788
2025-05-27 04:20:00,317.9,318.0,317.6,317.65,43232
2025-05-27 04:25:00,317.7,318.1,317.7,317.9,34357
2025-05-27 04:30:00,318.0,318.3,317.9,318.3,37545
2025-05-27 04:35:00,318.15,318.65,318.15,318.25,64094
2025-05-27 04:40:00,318.45,318.9,318.35,318.5,33944
2025-05-27 04:45:00,318.6,318.75,318.15,318.6,42515
2025-05-27 04:50:00,318.75,319.05,318.5,318.9,56784
2025-05-27 04:55:00,318.9,319.25,318.75,319.1,51471
2025-05-27 05:00:00,319.0,319.25,319.0,319.0,25630
2025-05-27 05:05:00,319.0,319.6,319.0,319.5,36570
2025-05-27 05:10:00,319.55,319.8,319.4,319.7,47030
2025-05-27 05:15:00,319.8,321.4,319.7,321.15,151094
2025-05-27 05:20:00,321.15,321.3,320.65,321.1,68944
2025-05-27 05:25:00,321.1,321.45,320.8,321.25,35424
2025-05-27 05:30:00,321.3,321.45,321.0,321.35,20021
2025-05-27 05:35:00,321.35,321.55,321.15,321.45,51326
2025-05-27 05:40:00,321.45,321.45,321.1,321.2,23962
2025-05-27 05:45:00,321.2,321.95,321.05,321.8,51287
2025-05-27 05:50:00,321.9,321.9,321.2,321.5,25048
2025-05-27 05:55:00,321.5,321.6,320.9,321.1,47487
2025-05-27 06:00:00,321.1,321.2,320.2,320.4,43918
2025-05-27 06:05:00,320.25,320.35,319.3,319.6,58930
2025-05-27 06:10:00,319.6,319.6,319.2,319.4,42709
2025-05-27 06:15:00,319.35,319.75,319.3,319.45,22638
2025-05-27 06:20:00,319.45,320.35,319.4,320.25,25207
2025-05-27 06:25:00,320.25,320.25,320.0,320.05,6702
2025-05-27 06:30:00,320.0,320.3,319.75,320.1,25954
2025-05-27 06:35:00,320.1,320.25,319.9,319.95,12868
2025-05-27 06:40:00,320.0,320.0,319.85,319.95,10567
2025-05-27 06:45:00,319.95,320.1,319.1,320.1,243210
2025-05-27 06:50:00,320.1,320.1,319.0,319.2,116052
2025-05-27 06:55:00,319.2,319.2,318.45,319.15,43304
2025-05-27 07:00:00,319.2,319.2,318.7,319.1,83714
2025-05-27 07:05:00,319.1,319.4,318.35,318.55,154892
2025-05-27 07:10:00,318.55,318.55,318.2,318.45,37108
2025-05-27 07:15:00,318.3,318.4,318.1,318.1,31420
2025-05-27 07:20:00,318.1,318.35,318.0,318.25,33775
2025-05-27 07:25:00,318.1,318.25,317.7,318.0,189852
2025-05-27 07:30:00,318.0,318.1,317.7,317.75,36860
2025-05-27 07:35:00,317.8,318.15,317.7,317.85,47821
2025-05-27 07:40:00,317.9,318.3,317.75,318.2,23535
2025-05-27 07:45:00,318.1,318.4,317.75,317.85,47684
2025-05-27 07:50:00,317.85,318.0,317.75,317.75,19959
2025-05-27 07:55:00,317.7,317.75,317.1,317.35,67442
2025-05-27 08:00:00,317.2,317.4,317.2,317.25,23606
2025-05-27 08:05:00,317.25,317.25,317.0,317.15,43136
2025-05-27 08:10:00,317.15,317.3,317.1,317.25,29327
2025-05-27 08:15:00,317.25,317.25,317.15,317.25,43884
2025-05-27 08:20:00,317.25,317.35,317.15,317.2,47102
2025-05-27 08:25:00,317.2,317.2,315.55,315.75,120425
2025-05-27 08:30:00,315.75,316.15,315.5,316.15,52691
2025-05-27 08:35:00,316.15,316.35,315.9,316.0,58624
2025-05-27 08:40:00,316.15,316.15,315.8,316.1,24203
2025-05-27 08:45:00,316.1,316.55,315.65,315.65,45310
2025-05-27 08:50:00,315.75,316.15,315.65,316.0,23274
2025-05-27 08:55:00,316.0,316.25,315.75,315.85,81797
2025-05-27 09:00:00,315.85,316.2,315.75,316.2,49894
2025-05-27 09:05:00,316.2,316.85,316.1,316.7,59017
2025-05-27 09:10:00,316.6,316.75,316.35,316.5,35466
2025-05-27 09:15:00,316.5,316.6,316.25,316.45,29027
2025-05-27 09:20:00,316.45,316.6,316.2,316.3,29321
2025-05-27 09:25:00,316.3,316.6,316.25,316.6,48562
2025-05-27 09:30:00,316.6,317.3,316.6,317.2,101067
2025-05-27 09:35:00,317.25,317.55,317.05,317.35,129712
2025-05-27 09:40:00,317.5,317.5,317.35,317.4,80019
2025-05-27 09:45:00,317.4,317.5,316.55,316.65,176090
2025-05-27 09:50:00,316.65,317.0,316.6,316.95,114405
2025-05-27 09:55:00,317.0,317.15,316.65,317.0,145452
2025-05-28 03:45:00,317.0,318.5,316.6,317.0,250386
2025-05-28 03:50:00,317.0,317.5,316.0,316.2,186368
2025-05-28 03:55:00,316.0,316.2,314.35,314.5,238481
2025-05-28 04:00:00,314.5,315.4,314.35,315.1,91919
2025-05-28 04:05:00,315.1,315.1,313.75,314.55,242076
2025-05-28 04:10:00,314.45,316.0,314.4,315.1,145099
2025-05-28 04:15:00,315.1,315.7,315.0,315.4,108179
2025-05-28 04:20:00,315.45,315.85,315.15,315.75,88656
2025-05-28 04:25:00,315.75,315.75,315.0,315.7,86744
2025-05-28 04:30:00,315.7,315.8,315.15,315.55,109204
2025-05-28 04:35:00,315.7,315.85,315.4,315.65,61373
2025-05-28 04:40:00,315.65,315.7,315.2,315.35,35757
2025-05-28 04:45:00,315.35,315.5,315.05,315.35,57043
2025-05-28 04:50:00,315.3,315.75,315.0,315.05,76810
2025-05-28 04:55:00,315.05,315.25,314.7,314.7,47666
2025-05-28 05:00:00,314.8,315.55,314.6,315.5,88854
2025-05-28 05:05:00,315.55,317.0,315.45,317.0,110325
2025-05-28 05:10:00,316.85,318.3,316.85,318.15,147697
2025-05-28 05:15:00,318.2,319.8,318.05,319.8,234127
2025-05-28 05:20:00,319.8,320.25,319.55,319.95,190768
2025-05-28 05:25:00,319.95,320.0,319.1,319.75,93272
2025-05-28 05:30:00,319.65,319.75,319.5,319.6,25530
2025-05-28 05:35:00,319.6,319.65,319.3,319.5,32012
2025-05-28 05:40:00,319.5,319.5,318.95,319.25,38902
2025-05-28 05:45:00,319.3,319.75,319.15,319.75,66802
2025-05-28 05:50:00,319.75,319.8,319.35,319.4,41968
2025-05-28 05:55:00,319.55,319.95,319.45,319.95,36004
2025-05-28 06:00:00,319.85,320.5,319.8,320.3,57661
2025-05-28 06:05:00,320.3,320.4,320.0,320.05,86535
2025-05-28 06:10:00,320.0,320.25,319.9,319.9,30934
2025-05-28 06:15:00,320.0,320.15,319.9,320.05,29820
2025-05-28 06:20:00,320.1,320.1,318.8,318.85,70852
2025-05-28 06:25:00,318.75,319.1,318.45,318.45,53053
2025-05-28 06:30:00,318.45,318.5,318.15,318.35,57366
2025-05-28 06:35:00,318.2,318.8,318.15,318.8,55077
2025-05-28 06:40:00,318.6,319.45,318.6,319.35,69700
2025-05-28 06:45:00,319.35,319.45,319.3,319.45,62446
2025-05-28 06:50:00,319.45,319.95,319.4,319.75,76222
2025-05-28 06:55:00,319.75,319.85,319.2,319.2,67916
2025-05-28 07:00:00,319.1,319.9,319.1,319.6,47293
2025-05-28 07:05:00,319.6,320.0,319.45,319.5,55675
2025-05-28 07:10:00,319.55,319.65,319.35,319.4,22446
2025-05-28 07:15:00,319.4,319.6,319.15,319.4,28715
2025-05-28 07:20:00,319.4,319.5,319.4,319.45,25640
2025-05-28 07:25:00,319.45,319.5,319.3,319.4,31240
2025-05-28 07:30:00,319.4,319.45,319.25,319.3,23357
2025-05-28 07:35:00,319.3,319.35,319.3,319.3,10167
2025-05-28 07:40:00,319.3,319.35,319.3,319.3,13144
2025-05-28 07:45:00,319.3,319.35,318.95,319.25,39450
2025-05-28 07:50:00,319.25,319.35,319.1,319.2,18629
2025-05-28 07:55:00,319.2,319.35,318.95,319.0,25989
2025-05-28 08:00:00,319.0,319.35,318.95,319.2,26843
2025-05-28 08:05:00,319.2,319.3,318.9,319.0,42145
2025-05-28 08:10:00,318.95,319.1,318.85,318.95,18275
2025-05-28 08:15:00,319.0,319.0,318.85,318.85,22968
2025-05-28 08:20:00,318.9,319.5,318.85,319.5,35648
2025-05-28 08:25:00,319.3,319.3,319.1,319.1,39542
2025-05-28 08:30:00,319.15,319.5,318.95,319.4,70778
2025-05-28 08:35:00,319.4,320.0,319.4,319.6,167985
2025-05-28 08:40:00,319.65,320.8,319.6,320.5,160528
2025-05-28 08:45:00,320.5,322.0,320.5,322.0,256691
2025-05-28 08:50:00,322.0,322.25,321.35,321.5,306865
2025-05-28 08:55:00,321.6,322.45,321.35,322.3,332205
2025-05-28 09:00:00,322.5,322.6,322.05,322.15,192923
2025-05-28 09:05:00,322.25,322.3,321.45,321.45,106844
2025-05-28 09:10:00,321.45,321.55,321.25,321.4,52433
2025-05-28 09:15:00,321.4,322.0,321.1,321.95,82788
2025-05-28 09:20:00,322.0,322.0,321.55,321.6,51530
2025-05-28 09:25:00,321.65,322.1,321.55,321.95,87370
2025-05-28 09:30:00,322.0,322.15,321.6,321.6,157617
2025-05-28 09:35:00,321.7,322.0,321.6,321.95,166549
2025-05-28 09:40:00,322.0,322.0,321.55,321.65,157565
2025-05-28 09:45:00,321.65,321.95,321.5,321.85,211831
2025-05-28 09:50:00,321.8,322.0,321.35,321.4,199005
2025-05-28 09:55:00,321.4,321.65,321.05,321.2,174592
2025-05-29 03:45:00,321.2,322.55,320.45,320.45,117895
2025-05-29 03:50:00,320.3,320.6,319.8,319.9,95055
2025-05-29 03:55:00,320.0,320.45,319.55,319.9,111372
2025-05-29 04:00:00,319.85,320.05,319.4,319.7,63553
2025-05-29 04:05:00,319.6,319.7,318.5,318.95,80796
2025-05-29 04:10:00,319.1,319.75,318.9,319.05,70174
2025-05-29 04:15:00,319.2,319.35,318.95,319.25,39739
2025-05-29 04:20:00,319.25,319.6,319.1,319.15,26234
2025-05-29 04:25:00,319.2,319.95,319.15,319.9,56262
2025-05-29 04:30:00,319.95,320.8,319.85,320.6,97583
2025-05-29 04:35:00,320.65,320.75,320.15,320.15,39767
2025-05-29 04:40:00,320.15,320.3,319.75,319.95,60040
2025-05-29 04:45:00,320.0,320.1,319.8,319.95,31608
2025-05-29 04:50:00,320.0,320.15,319.9,320.0,31247
2025-05-29 04:55:00,319.95,320.1,319.7,319.75,33676
2025-05-29 05:00:00,319.7,319.75,319.1,319.25,57656
2025-05-29 05:05:00,319.25,319.45,319.1,319.35,26740
2025-05-29 05:10:00,319.4,319.65,319.2,319.35,43442
2025-05-29 05:15:00,319.35,319.55,319.3,319.45,34291
2025-05-29 05:20:00,319.5,319.5,319.0,319.25,38466
2025-05-29 05:25:00,319.2,319.35,318.15,318.35,54347
2025-05-29 05:30:00,318.35,318.7,317.7,318.45,86290
2025-05-29 05:35:00,318.6,318.95,318.45,318.65,34792
2025-05-29 05:40:00,318.7,319.35,318.7,319.3,50799
2025-05-29 05:45:00,319.35,319.55,319.3,319.55,28925
2025-05-29 05:50:00,319.55,319.8,319.35,319.75,25521
2025-05-29 05:55:00,319.8,319.85,319.7,319.8,27029
2025-05-29 06:00:00,319.8,320.0,319.75,320.0,30940
2025-05-29 06:05:00,320.0,320.3,320.0,320.3,29062
2025-05-29 06:10:00,320.3,320.5,320.2,320.25,50985
2025-05-29 06:15:00,320.35,320.55,320.3,320.35,40812
2025-05-29 06:20:00,320.6,320.85,320.45,320.7,36025
2025-05-29 06:25:00,320.75,320.85,320.45,320.65,30622
2025-05-29 06:30:00,320.6,320.9,320.5,320.75,33790
2025-05-29 06:35:00,320.75,320.75,320.25,320.5,30644
2025-05-29 06:40:00,320.5,320.55,319.05,319.7,72128
2025-05-29 06:45:00,319.7,320.4,319.7,320.05,29201
2025-05-29 06:50:00,320.0,320.25,319.95,320.05,23175
2025-05-29 06:55:00,319.95,320.3,319.85,319.95,26446
2025-05-29 07:00:00,319.95,320.25,319.7,319.8,38831
2025-05-29 07:05:00,319.8,320.0,319.25,319.35,38066
2025-05-29 07:10:00,319.25,319.35,319.0,319.3,38316
2025-05-29 07:15:00,319.3,319.55,319.2,319.3,28577
2025-05-29 07:20:00,319.3,319.35,319.05,319.15,31243
2025-05-29 07:25:00,319.05,319.45,319.05,319.35,34079
2025-05-29 07:30:00,319.35,319.55,319.1,319.25,42847
2025-05-29 07:35:00,319.3,319.3,318.7,318.8,43164
2025-05-29 07:40:00,318.8,318.95,318.6,318.6,28177
2025-05-29 07:45:00,318.65,318.95,318.25,318.25,63766
2025-05-29 07:50:00,318.25,318.6,318.25,318.5,28187
2025-05-29 07:55:00,318.45,318.85,318.4,318.85,29249
2025-05-29 08:00:00,318.85,319.05,318.85,318.85,41590
2025-05-29 08:05:00,318.9,318.95,318.55,318.6,36541
2025-05-29 08:10:00,318.7,318.95,318.7,318.85,35840
2025-05-29 08:15:00,318.85,319.05,318.75,318.85,26291
2025-05-29 08:20:00,318.75,319.05,318.65,318.9,29687
2025-05-29 08:25:00,318.9,319.05,318.8,318.85,26535
2025-05-29 08:30:00,318.8,318.85,318.0,318.0,79653
2025-05-29 08:35:00,318.0,318.0,317.6,317.7,62812
2025-05-29 08:40:00,317.7,318.0,317.65,318.0,38418
2025-05-29 08:45:00,317.95,318.2,317.9,318.0,39001
2025-05-29 08:50:00,318.0,318.25,318.0,318.15,41976
2025-05-29 08:55:00,318.1,318.3,318.0,318.05,55142
2025-05-29 09:00:00,318.05,318.1,317.85,318.0,39633
2025-05-29 09:05:00,317.9,318.1,317.85,318.05,44216
2025-05-29 09:10:00,318.0,318.1,317.9,317.95,32213
2025-05-29 09:15:00,317.95,318.4,317.8,317.9,46080
2025-05-29 09:20:00,318.0,318.1,317.85,318.05,60638
2025-05-29 09:25:00,318.1,318.35,318.05,318.1,39018
2025-05-29 09:30:00,318.3,319.35,317.75,319.1,333766
2025-05-29 09:35:00,319.0,319.75,319.0,319.7,73025
2025-05-29 09:40:00,319.8,320.0,319.7,319.9,120726
2025-05-29 09:45:00,319.85,320.0,319.7,319.7,127101
2025-05-29 09:50:00,319.75,319.75,319.05,319.4,143714
2025-05-29 09:55:00,319.4,319.75,319.35,319.4,82614
2025-05-30 03:45:00,317.55,320.8,317.55,320.2,239170
2025-05-30 03:50:00,320.2,322.2,320.2,322.05,142658
2025-05-30 03:55:00,322.05,322.4,320.8,321.05,91821
2025-05-30 04:00:00,321.2,321.9,320.1,320.1,113024
2025-05-30 04:05:00,320.1,321.0,320.1,320.65,78789
2025-05-30 04:10:00,320.65,320.85,319.45,319.6,121720
2025-05-30 04:15:00,319.6,320.0,319.0,320.0,81863
2025-05-30 04:20:00,319.85,320.45,319.55,319.55,92977
2025-05-30 04:25:00,319.5,319.65,319.05,319.3,36779
2025-05-30 04:30:00,319.45,319.55,318.6,318.85,62795
2025-05-30 04:35:00,318.85,319.0,318.25,318.4,46352
2025-05-30 04:40:00,318.4,318.5,318.2,318.2,33214
2025-05-30 04:45:00,318.3,318.5,318.0,318.3,44590
2025-05-30 04:50:00,318.3,318.7,318.15,318.5,22809
2025-05-30 04:55:00,318.55,318.75,318.2,318.45,52939
2025-05-30 05:00:00,318.55,318.6,318.05,318.15,41146
2025-05-30 05:05:00,318.05,318.2,317.6,318.15,61092
2025-05-30 05:10:00,318.15,318.2,317.7,318.0,26772
2025-05-30 05:15:00,317.85,318.05,317.3,317.55,44681
2025-05-30 05:20:00,317.4,318.0,317.4,317.85,27963
2025-05-30 05:25:00,317.85,318.4,317.8,318.3,29790
2025-05-30 05:30:00,318.3,319.15,318.2,318.75,108415
2025-05-30 05:35:00,318.75,319.15,318.65,318.85,31828
2025-05-30 05:40:00,318.85,319.1,318.8,319.0,24073
2025-05-30 05:45:00,319.0,320.3,318.55,320.2,144488
2025-05-30 05:50:00,320.2,320.5,320.2,320.45,50312
2025-05-30 05:55:00,320.5,320.6,320.0,320.3,69009
2025-05-30 06:00:00,320.3,320.5,320.25,320.4,41258
2025-05-30 06:05:00,320.4,320.45,320.05,320.15,39628
2025-05-30 06:10:00,320.15,320.3,320.05,320.2,17339
2025-05-30 06:15:00,320.2,320.25,320.0,320.2,34044
2025-05-30 06:20:00,320.1,320.45,320.1,320.35,19200
2025-05-30 06:25:00,320.4,320.45,320.0,320.25,50917
2025-05-30 06:30:00,320.05,320.2,319.55,319.6,171334
2025-05-30 06:35:00,319.55,320.65,319.55,320.65,134288
2025-05-30 06:40:00,320.55,320.7,320.15,320.2,38525
2025-05-30 06:45:00,320.2,320.6,320.15,320.25,16270
2025-05-30 06:50:00,320.25,320.55,320.1,320.35,23606
2025-05-30 06:55:00,320.45,320.45,320.25,320.3,15129
2025-05-30 07:00:00,320.4,320.4,319.5,319.7,233422
2025-05-30 07:05:00,319.7,319.9,319.35,319.5,46311
2025-05-30 07:10:00,319.5,319.65,319.25,319.25,16686
2025-05-30 07:15:00,319.25,320.7,319.25,320.3,167026
2025-05-30 07:20:00,320.45,320.5,320.2,320.3,10161
2025-05-30 07:25:00,320.25,320.5,320.2,320.5,19357
2025-05-30 07:30:00,320.6,320.6,320.5,320.5,12172
2025-05-30 07:35:00,320.5,320.6,320.2,320.2,20462
2025-05-30 07:40:00,320.25,320.5,320.25,320.25,14365
2025-05-30 07:45:00,320.25,320.6,320.25,320.6,10037
2025-05-30 07:50:00,320.6,320.6,320.1,320.1,22016
2025-05-30 07:55:00,320.1,321.2,320.1,320.35,236160
2025-05-30 08:00:00,320.35,320.95,320.2,320.8,52052
2025-05-30 08:05:00,320.95,321.3,320.95,321.3,30504
2025-05-30 08:10:00,321.2,321.3,320.35,320.5,196687
2025-05-30 08:15:00,320.5,320.55,319.85,320.2,62016
2025-05-30 08:20:00,320.2,321.2,320.2,321.2,143167
2025-05-30 08:25:00,321.25,321.6,321.15,321.5,96610
2025-05-30 08:30:00,321.5,321.55,321.4,321.4,43831
2025-05-30 08:35:00,321.4,321.45,320.8,320.8,71754
2025-05-30 08:40:00,320.8,320.85,320.6,320.6,70518
2025-05-30 08:45:00,320.55,320.65,320.25,320.5,63608
2025-05-30 08:50:00,320.5,320.75,320.4,320.55,70271
2025-05-30 08:55:00,320.65,320.65,319.9,320.35,81518
2025-05-30 09:00:00,320.25,320.65,320.25,320.6,43721
2025-05-30 09:05:00,320.6,320.75,320.55,320.75,42688
2025-05-30 09:10:00,320.6,321.0,320.6,320.85,101699
2025-05-30 09:15:00,320.9,321.3,320.9,321.1,90293
2025-05-30 09:20:00,321.1,321.25,321.0,321.2,87015
2025-05-30 09:25:00,321.25,321.6,321.0,321.55,136595
2025-05-30 09:30:00,321.6,321.7,319.35,320.0,783815
2025-05-30 09:35:00,320.05,320.15,319.0,319.05,545516
2025-05-30 09:40:00,319.0,319.05,317.35,317.45,763868
2025-05-30 09:45:00,317.35,318.3,317.1,317.4,1027753
2025-05-30 09:50:00,317.5,317.8,317.0,317.45,700155
2025-05-30 09:55:00,317.45,318.35,317.3,317.5,509279
2025-06-02 03:45:00,318.4,319.5,315.65,316.6,267709
2025-06-02 03:50:00,316.6,317.4,316.05,317.2,94156
2025-06-02 03:55:00,317.2,318.2,317.1,317.7,96858
2025-06-02 04:00:00,317.7,317.85,316.95,317.75,76798
2025-06-02 04:05:00,317.75,318.5,317.65,318.3,61813
2025-06-02 04:10:00,318.3,319.4,318.3,318.75,119238
2025-06-02 04:15:00,318.8,319.1,318.2,318.25,56942
2025-06-02 04:20:00,318.1,318.4,317.25,317.3,83607
2025-06-02 04:25:00,317.3,317.9,317.25,317.4,41921
2025-06-02 04:30:00,317.6,317.95,317.4,317.65,36365
2025-06-02 04:35:00,317.65,317.95,317.45,317.85,29001
2025-06-02 04:40:00,317.85,318.0,317.5,318.0,25128
2025-06-02 04:45:00,318.0,318.2,317.65,317.7,22672
2025-06-02 04:50:00,317.7,317.7,316.8,317.1,49884
2025-06-02 04:55:00,317.1,317.5,317.05,317.45,12733
2025-06-02 05:00:00,317.5,317.75,317.45,317.6,21884
2025-06-02 05:05:00,317.6,318.45,317.6,318.45,50504
2025-06-02 05:10:00,318.4,318.45,318.15,318.25,16155
2025-06-02 05:15:00,318.3,318.3,318.0,318.25,27751
2025-06-02 05:20:00,318.15,318.25,317.9,318.0,63695
2025-06-02 05:25:00,318.15,318.15,317.85,318.05,20466
2025-06-02 05:30:00,318.2,318.25,318.0,318.0,16966
2025-06-02 05:35:00,318.0,318.15,318.0,318.05,21777
2025-06-02 05:40:00,318.0,318.05,317.25,317.3,23549
2025-06-02 05:45:00,317.2,317.35,317.05,317.25,26747
2025-06-02 05:50:00,317.25,317.5,317.05,317.1,23256
2025-06-02 05:55:00,317.2,317.4,316.5,317.35,91893
2025-06-02 06:00:00,317.35,317.4,317.2,317.4,21945
2025-06-02 06:05:00,317.65,317.75,317.45,317.55,16006
2025-06-02 06:10:00,317.55,317.8,317.45,317.5,24764
2025-06-02 06:15:00,317.55,318.0,317.5,317.8,23904
2025-06-02 06:20:00,317.8,318.1,317.4,317.4,38241
2025-06-02 06:25:00,317.4,317.65,317.25,317.5,21284
2025-06-02 06:30:00,317.5,317.85,317.45,317.7,21464
2025-06-02 06:35:00,317.7,317.8,317.35,317.4,21740
2025-06-02 06:40:00,317.4,317.5,317.2,317.35,22398
2025-06-02 06:45:00,317.4,317.4,317.0,317.2,24834
2025-06-02 06:50:00,317.2,317.6,317.15,317.45,19311
2025-06-02 06:55:00,317.45,317.55,317.1,317.3,23231
2025-06-02 07:00:00,317.3,317.75,317.2,317.7,20114
2025-06-02 07:05:00,317.7,318.1,317.7,318.0,32034
2025-06-02 07:10:00,318.0,318.05,317.85,317.95,15365
2025-06-02 07:15:00,317.95,318.2,317.9,317.9,28758
2025-06-02 07:20:00,317.9,318.0,317.7,317.75,27005
2025-06-02 07:25:00,317.9,317.9,316.65,316.7,55116
2025-06-02 07:30:00,316.75,317.2,316.5,317.05,55654
2025-06-02 07:35:00,317.05,317.45,317.0,317.2,18262
2025-06-02 07:40:00,317.2,317.35,317.1,317.2,17237
2025-06-02 07:45:00,317.2,317.4,317.1,317.35,21652
2025-06-02 07:50:00,317.35,317.6,317.35,317.55,24756
2025-06-02 07:55:00,317.6,317.7,317.3,317.4,19994
2025-06-02 08:00:00,317.4,317.45,317.3,317.4,15368
2025-06-02 08:05:00,317.35,317.95,317.3,317.7,35595
2025-06-02 08:10:00,317.7,317.95,317.55,317.85,21927
2025-06-02 08:15:00,317.85,318.0,317.55,317.85,33776
2025-06-02 08:20:00,317.8,317.9,317.65,317.7,21368
2025-06-02 08:25:00,317.7,317.75,317.45,317.45,21360
2025-06-02 08:30:00,317.5,317.7,317.3,317.3,32378
2025-06-02 08:35:00,317.2,317.3,317.0,317.2,24888
2025-06-02 08:40:00,317.1,317.35,317.05,317.1,21999
2025-06-02 08:45:00,317.1,317.2,316.9,316.95,34399
2025-06-02 08:50:00,316.95,317.05,316.45,316.45,29279
2025-06-02 08:55:00,316.75,316.85,316.6,316.65,32307
2025-06-02 09:00:00,316.6,316.8,316.4,316.55,49923
2025-06-02 09:05:00,316.45,316.6,316.4,316.4,37356
2025-06-02 09:10:00,316.45,316.75,316.4,316.55,34196
2025-06-02 09:15:00,316.5,316.7,316.4,316.7,28612
2025-06-02 09:20:00,316.65,316.8,316.6,316.7,22446
2025-06-02 09:25:00,316.7,317.15,316.65,317.0,33975
2025-06-02 09:30:00,317.05,317.25,316.9,316.9,43309
2025-06-02 09:35:00,316.9,317.15,316.65,316.8,72696
2025-06-02 09:40:00,316.8,317.0,316.6,316.6,89300
2025-06-02 09:45:00,316.65,316.7,316.0,316.4,109369
2025-06-02 09:50:00,316.45,316.55,316.25,316.35,62760
2025-06-02 09:55:00,316.2,316.8,316.15,316.6,82740
2025-06-03 03:45:00,315.05,317.6,315.05,317.4,179496
2025-06-03 03:50:00,317.4,318.6,317.2,318.45,127258
2025-06-03 03:55:00,318.5,319.2,318.35,319.0,126321
2025-06-03 04:00:00,319.0,320.95,318.9,320.85,207322
2025-06-03 04:05:00,320.8,320.85,319.8,320.0,123452
2025-06-03 04:10:00,320.0,320.0,318.3,318.3,109856
2025-06-03 04:15:00,318.3,318.85,318.25,318.7,71394
2025-06-03 04:20:00,318.7,318.7,316.8,317.0,140041
2025-06-03 04:25:00,316.8,317.0,315.15,315.5,159137
2025-06-03 04:30:00,315.5,315.5,314.6,314.9,165789
2025-06-03 04:35:00,314.9,315.45,314.8,315.3,70652
2025-06-03 04:40:00,315.2,315.35,314.4,314.55,102806
2025-06-03 04:45:00,314.35,314.75,314.05,314.65,58858
2025-06-03 04:50:00,314.65,315.15,314.35,314.5,61125
2025-06-03 04:55:00,314.5,314.85,314.3,314.65,75157
2025-06-03 05:00:00,314.65,315.2,314.5,315.0,33735
2025-06-03 05:05:00,315.15,315.25,313.8,314.1,106134
2025-06-03 05:10:00,314.1,314.3,313.65,313.7,90961
2025-06-03 05:15:00,313.7,314.5,313.65,314.3,48406
2025-06-03 05:20:00,314.4,314.5,313.75,313.85,65991
2025-06-03 05:25:00,313.85,314.1,313.7,313.9,40927
2025-06-03 05:30:00,313.9,314.05,313.55,313.8,71484
2025-06-03 05:35:00,313.9,313.95,313.2,313.25,44084
2025-06-03 05:40:00,313.2,313.25,312.45,312.45,100332
2025-06-03 05:45:00,312.45,313.2,312.35,313.05,38352
2025-06-03 05:50:00,313.2,313.3,312.1,312.25,59704
2025-06-03 05:55:00,312.25,312.6,311.85,312.15,53997
2025-06-03 06:00:00,312.15,312.3,311.65,311.75,44921
2025-06-03 06:05:00,311.85,311.85,311.25,311.3,93970
2025-06-03 06:10:00,311.3,311.85,311.0,311.5,139716
2025-06-03 06:15:00,311.5,311.65,311.0,311.5,89603
2025-06-03 06:20:00,311.4,311.9,311.35,311.7,207078
2025-06-03 06:25:00,311.65,312.25,311.65,311.75,148267
2025-06-03 06:30:00,311.75,311.8,311.25,311.35,146346
2025-06-03 06:35:00,311.35,311.65,311.3,311.5,48210
2025-06-03 06:40:00,311.5,311.8,311.35,311.7,73644
2025-06-03 06:45:00,311.7,311.7,311.1,311.3,47231
2025-06-03 06:50:00,311.3,311.4,310.6,310.75,88467
2025-06-03 06:55:00,310.9,311.2,310.8,311.0,46731
2025-06-03 07:00:00,311.15,312.2,311.0,311.95,225728
2025-06-03 07:05:00,311.95,312.35,311.55,311.9,197421
2025-06-03 07:10:00,311.8,312.0,311.3,311.5,71030
2025-06-03 07:15:00,311.35,312.15,311.35,312.0,77488
2025-06-03 07:20:00,312.05,312.1,311.35,311.85,81496
2025-06-03 07:25:00,311.8,312.1,311.3,312.0,106910
2025-06-03 07:30:00,312.0,312.2,311.95,312.0,180019
2025-06-03 07:35:00,312.0,312.2,311.75,312.1,114809
2025-06-03 07:40:00,312.0,312.1,311.75,311.75,43097
2025-06-03 07:45:00,311.75,311.85,311.3,311.3,127578
2025-06-03 07:50:00,311.3,311.45,311.1,311.25,77277
2025-06-03 07:55:00,311.4,311.4,311.15,311.2,58703
2025-06-03 08:00:00,311.2,311.75,311.2,311.55,58702
2025-06-03 08:05:00,311.55,311.55,310.7,311.0,116863
2025-06-03 08:10:00,311.0,311.1,310.35,310.6,106241
2025-06-03 08:15:00,310.5,310.7,310.1,310.1,50537
2025-06-03 08:20:00,310.15,310.5,309.8,310.25,142117
2025-06-03 08:25:00,310.25,310.35,309.95,310.35,57493
2025-06-03 08:30:00,310.2,310.8,310.15,310.25,74166
2025-06-03 08:35:00,310.25,310.8,310.2,310.4,55245
2025-06-03 08:40:00,310.35,311.25,310.35,311.0,209525
2025-06-03 08:45:00,311.0,311.2,310.85,310.85,99388
2025-06-03 08:50:00,311.0,311.0,310.55,310.55,52671
2025-06-03 08:55:00,310.55,310.7,310.05,310.05,119190
2025-06-03 09:00:00,310.05,310.5,309.9,310.35,73090
2025-06-03 09:05:00,310.5,310.8,310.35,310.65,117486
2025-06-03 09:10:00,310.75,310.9,310.55,310.55,53386
2025-06-03 09:15:00,310.65,310.75,310.4,310.55,96354
2025-06-03 09:20:00,310.75,311.1,310.55,310.8,66193
2025-06-03 09:25:00,310.8,310.8,310.35,310.65,71163
2025-06-03 09:30:00,310.8,310.8,309.9,309.9,100965
2025-06-03 09:35:00,310.05,310.25,309.8,310.2,152562
2025-06-03 09:40:00,310.25,310.45,309.75,309.9,193550
2025-06-03 09:45:00,309.9,310.15,309.15,309.3,350117
2025-06-03 09:50:00,309.3,309.55,309.0,309.3,203457
2025-06-03 09:55:00,309.2,309.65,309.0,309.05,162848
2025-06-04 03:45:00,309.75,311.9,309.75,310.45,299587
2025-06-04 03:50:00,310.45,311.0,309.45,311.0,150857
2025-06-04 03:55:00,310.8,311.15,309.9,309.9,85703
2025-06-04 04:00:00,309.9,310.2,309.25,309.35,92559
2025-06-04 04:05:00,309.25,309.9,309.05,309.35,67085
2025-06-04 04:10:00,309.45,309.5,308.65,309.1,99967
2025-06-04 04:15:00,309.1,309.35,308.7,309.05,62157
2025-06-04 04:20:00,309.05,309.15,308.6,308.9,43235
2025-06-04 04:25:00,309.25,310.0,309.25,310.0,78957
2025-06-04 04:30:00,309.95,310.4,309.6,310.2,50659
2025-06-04 04:35:00,310.15,310.5,310.0,310.05,37095
2025-06-04 04:40:00,310.0,310.05,309.65,309.8,49017
2025-06-04 04:45:00,309.8,310.0,309.05,309.4,46574
2025-06-04 04:50:00,309.4,309.5,309.15,309.5,25532
2025-06-04 04:55:00,309.5,310.75,309.45,310.2,106489
2025-06-04 05:00:00,310.25,310.4,310.0,310.4,141325
2025-06-04 05:05:00,310.4,310.4,310.05,310.2,53848
2025-06-04 05:10:00,310.2,310.3,310.1,310.25,26557
2025-06-04 05:15:00,310.3,310.5,309.85,309.9,39342
2025-06-04 05:20:00,309.85,310.25,309.85,310.25,23928
2025-06-04 05:25:00,310.2,310.35,310.2,310.2,26056
2025-06-04 05:30:00,310.25,310.4,310.05,310.2,39403
2025-06-04 05:35:00,310.2,310.4,310.1,310.4,25679
2025-06-04 05:40:00,310.35,310.4,309.9,310.1,33109
2025-06-04 05:45:00,310.1,310.1,309.85,310.05,22934
2025-06-04 05:50:00,310.0,310.2,309.95,310.2,29723
2025-06-04 05:55:00,310.2,310.4,310.15,310.3,26360
2025-06-04 06:00:00,310.35,310.85,310.3,310.7,53673
2025-06-04 06:05:00,310.85,311.25,310.7,311.15,105780
2025-06-04 06:10:00,311.05,311.15,310.4,310.7,215185
2025-06-04 06:15:00,310.65,310.85,310.45,310.5,32645
2025-06-04 06:20:00,310.55,310.75,310.55,310.7,16613
2025-06-04 06:25:00,310.65,311.5,310.25,311.2,145291
2025-06-04 06:30:00,311.35,311.75,311.25,311.3,53109
2025-06-04 06:35:00,311.25,311.45,311.1,311.4,28756
2025-06-04 06:40:00,311.45,311.8,311.3,311.75,87473
2025-06-04 06:45:00,311.8,311.8,311.55,311.65,32399
2025-06-04 06:50:00,311.65,312.0,311.55,311.7,57644
2025-06-04 06:55:00,311.65,311.7,311.4,311.4,25894
2025-06-04 07:00:00,311.55,312.25,311.4,312.0,68006
2025-06-04 07:05:00,312.0,312.2,311.65,311.8,39569
2025-06-04 07:10:00,311.75,311.95,311.7,311.9,40225
2025-06-04 07:15:00,311.95,312.15,311.5,311.5,29364
2025-06-04 07:20:00,311.5,311.7,311.45,311.45,23441
2025-06-04 07:25:00,311.4,311.55,311.1,311.2,31754
2025-06-04 07:30:00,311.2,311.6,311.2,311.55,23480
2025-06-04 07:35:00,311.55,311.65,311.4,311.4,22105
2025-06-04 07:40:00,311.5,311.5,311.25,311.3,16288
2025-06-04 07:45:00,311.35,311.4,311.05,311.15,26219
2025-06-04 07:50:00,311.25,311.25,310.75,311.1,76709
2025-06-04 07:55:00,311.1,311.55,311.1,311.55,41704
2025-06-04 08:00:00,311.5,311.6,311.3,311.5,16981
2025-06-04 08:05:00,311.5,311.7,311.4,311.5,26253
2025-06-04 08:10:00,311.4,311.95,311.35,311.7,32592
2025-06-04 08:15:00,311.7,311.8,311.6,311.8,34033
2025-06-04 08:20:00,311.75,311.85,311.5,311.7,39938
2025-06-04 08:25:00,311.65,311.8,311.5,311.75,58866
2025-06-04 08:30:00,311.6,312.35,311.6,312.25,108810
2025-06-04 08:35:00,312.15,312.65,312.15,312.45,74789
2025-06-04 08:40:00,312.5,312.6,312.4,312.55,23421
2025-06-04 08:45:00,312.5,312.6,311.95,312.05,86753
2025-06-04 08:50:00,312.05,312.15,311.7,312.05,117524
2025-06-04 08:55:00,312.05,312.05,311.35,311.5,52661
2025-06-04 09:00:00,311.65,311.65,311.4,311.45,90474
2025-06-04 09:05:00,311.45,311.65,311.2,311.25,171750
2025-06-04 09:10:00,311.4,311.5,311.15,311.2,120180
2025-06-04 09:15:00,311.35,311.95,311.15,311.8,212202
2025-06-04 09:20:00,311.85,311.95,311.55,311.7,147313
2025-06-04 09:25:00,311.75,311.75,311.4,311.7,126288
2025-06-04 09:30:00,311.75,312.3,311.75,312.05,218729
2025-06-04 09:35:00,312.2,312.2,311.6,311.6,170258
2025-06-04 09:40:00,311.85,311.85,311.15,311.45,200275
2025-06-04 09:45:00,311.45,311.75,311.05,311.6,336377
2025-06-04 09:50:00,311.5,311.65,311.35,311.45,204811
2025-06-04 09:55:00,311.45,311.8,311.3,311.75,177014
2025-06-05 03:45:00,311.1,312.8,311.1,311.65,141757
2025-06-05 03:50:00,311.6,312.35,311.55,312.25,65650
2025-06-05 03:55:00,312.25,313.3,312.25,312.55,74052
2025-06-05 04:00:00,312.55,313.55,312.15,313.55,93289
2025-06-05 04:05:00,313.65,313.8,313.2,313.3,76660
2025-06-05 04:10:00,313.2,313.75,313.2,313.75,50961
2025-06-05 04:15:00,313.65,313.85,313.3,313.35,42642
2025-06-05 04:20:00,313.35,313.8,313.3,313.5,37936
2025-06-05 04:25:00,313.5,313.95,313.35,313.6,48775
2025-06-05 04:30:00,313.8,315.4,313.6,315.3,481874
2025-06-05 04:35:00,315.2,315.4,314.05,314.35,61131
2025-06-05 04:40:00,314.35,314.4,313.65,313.7,35647
2025-06-05 04:45:00,313.8,313.9,313.6,313.7,14142
2025-06-05 04:50:00,313.7,313.9,313.5,313.85,18337
2025-06-05 04:55:00,313.85,313.85,313.7,313.85,8311
2025-06-05 05:00:00,313.7,314.3,313.7,314.2,26442
2025-06-05 05:05:00,314.2,314.2,313.7,313.7,14355
2025-06-05 05:10:00,313.8,313.8,313.2,313.45,28413
2025-06-05 05:15:00,313.35,313.6,313.25,313.4,23354
2025-06-05 05:20:00,313.3,313.3,312.7,312.7,53182
2025-06-05 05:25:00,312.7,313.2,312.65,313.0,62195
2025-06-05 05:30:00,312.95,313.1,312.8,312.95,8971
2025-06-05 05:35:00,312.95,313.1,312.1,312.2,48403
2025-06-05 05:40:00,312.1,312.1,311.15,311.7,96024
2025-06-05 05:45:00,311.55,311.55,311.2,311.5,49144
2025-06-05 05:50:00,311.5,312.15,311.4,311.9,42203
2025-06-05 05:55:00,311.9,312.05,311.7,311.7,30321
2025-06-05 06:00:00,311.85,312.85,311.7,312.4,69001
2025-06-05 06:05:00,312.4,313.55,312.4,313.5,95386
2025-06-05 06:10:00,313.55,314.05,313.5,314.05,105160
2025-06-05 06:15:00,314.05,314.2,313.0,313.0,184961
2025-06-05 06:20:00,313.05,313.75,312.25,313.75,191250
2025-06-05 06:25:00,313.75,314.05,313.1,313.2,126416
2025-06-05 06:30:00,313.2,313.35,313.0,313.2,25990
2025-06-05 06:35:00,313.35,314.25,313.15,313.85,83182
2025-06-05 06:40:00,313.9,313.9,313.55,313.65,8711
2025-06-05 06:45:00,313.7,314.15,313.1,313.9,90174
2025-06-05 06:50:00,313.85,313.95,313.0,313.15,105257
2025-06-05 06:55:00,313.15,313.15,312.65,312.75,64210
2025-06-05 07:00:00,312.75,313.4,312.7,313.15,25816
2025-06-05 07:05:00,313.0,313.0,312.2,312.2,30886
2025-06-05 07:10:00,312.25,312.65,311.75,312.3,80960
2025-06-05 07:15:00,312.25,313.5,312.1,313.2,106569
2025-06-05 07:20:00,313.1,313.35,312.75,312.85,18006
2025-06-05 07:25:00,312.85,312.9,311.9,312.0,33269
2025-06-05 07:30:00,312.0,312.05,311.6,311.7,59756
2025-06-05 07:35:00,311.7,312.4,311.65,312.15,44294
2025-06-05 07:40:00,312.15,312.2,311.45,311.55,189080
2025-06-05 07:45:00,311.5,311.95,311.35,311.45,47706
2025-06-05 07:50:00,311.45,311.55,310.9,310.95,85812
2025-06-05 07:55:00,310.95,311.15,310.25,310.4,66663
2025-06-05 08:00:00,310.25,310.25,309.4,309.8,92045
2025-06-05 08:05:00,309.9,310.2,309.7,310.05,36289
2025-06-05 08:10:00,310.05,310.2,309.05,309.15,70969
2025-06-05 08:15:00,309.2,309.55,309.1,309.4,53135
2025-06-05 08:20:00,309.4,309.4,308.7,309.25,80037
2025-06-05 08:25:00,309.1,309.25,308.8,308.85,48167
2025-06-05 08:30:00,308.95,309.5,308.55,309.3,57117
2025-06-05 08:35:00,309.4,309.5,309.05,309.2,38571
2025-06-05 08:40:00,309.05,309.5,309.0,309.5,98289
2025-06-05 08:45:00,309.5,309.5,308.85,309.2,54168
2025-06-05 08:50:00,309.25,309.35,309.05,309.2,41166
2025-06-05 08:55:00,309.15,309.35,308.85,308.9,58861
2025-06-05 09:00:00,308.95,309.15,308.9,309.0,56172
2025-06-05 09:05:00,309.0,309.05,308.6,308.8,88900
2025-06-05 09:10:00,308.8,308.9,308.25,308.3,88830
2025-06-05 09:15:00,308.4,308.85,308.3,308.75,77664
2025-06-05 09:20:00,308.75,309.2,308.65,308.8,52613
2025-06-05 09:25:00,308.65,308.8,308.5,308.6,101869
2025-06-05 09:30:00,308.65,309.5,308.55,309.35,143920
2025-06-05 09:35:00,309.4,309.8,309.2,309.65,188584
2025-06-05 09:40:00,309.5,309.7,309.35,309.6,146495
2025-06-05 09:45:00,309.75,310.55,309.5,310.4,214217
2025-06-05 09:50:00,310.4,310.45,310.0,310.05,204492
2025-06-05 09:55:00,310.0,310.2,309.5,310.0,134117
2025-06-06 03:45:00,309.0,313.3,309.0,313.05,252175
2025-06-06 03:50:00,313.1,313.5,312.3,312.5,170443
2025-06-06 03:55:00,312.45,312.5,311.7,312.4,79429
2025-06-06 04:00:00,312.45,313.2,312.35,312.9,75131
2025-06-06 04:05:00,313.05,313.95,312.75,313.05,152723
2025-06-06 04:10:00,313.0,313.0,311.85,312.55,73387
2025-06-06 04:15:00,312.5,313.3,312.15,313.25,73995
2025-06-06 04:20:00,313.15,313.4,313.0,313.2,58163
2025-06-06 04:25:00,313.1,313.35,313.1,313.3,34289
2025-06-06 04:30:00,313.35,313.5,312.6,312.75,116552
2025-06-06 04:35:00,312.75,313.85,312.2,313.85,80518
2025-06-06 04:40:00,313.95,314.1,313.1,313.6,80713
2025-06-06 04:45:00,313.6,314.0,313.3,313.6,38366
2025-06-06 04:50:00,313.6,313.9,313.2,313.85,43075
2025-06-06 04:55:00,313.85,313.9,313.6,313.6,24637
2025-06-06 05:00:00,313.7,313.8,313.6,313.7,30188
2025-06-06 05:05:00,313.75,313.8,313.4,313.4,35906
2025-06-06 05:10:00,313.45,313.7,313.1,313.15,28000
2025-06-06 05:15:00,313.2,313.4,312.85,313.0,28874
2025-06-06 05:20:00,312.85,313.1,312.55,312.6,43970
2025-06-06 05:25:00,312.7,312.8,312.35,312.55,35361
2025-06-06 05:30:00,312.5,313.8,312.5,313.05,139546
2025-06-06 05:35:00,313.05,314.25,313.0,313.8,129558
2025-06-06 05:40:00,313.8,315.85,313.65,315.75,373639
2025-06-06 05:45:00,315.8,316.2,315.35,316.0,196331
2025-06-06 05:50:00,316.0,316.2,316.0,316.05,91557
2025-06-06 05:55:00,316.05,316.15,315.5,315.6,97151
2025-06-06 06:00:00,315.55,315.95,314.8,315.3,75288
2025-06-06 06:05:00,315.25,315.5,315.0,315.05,27471
2025-06-06 06:10:00,315.05,316.15,314.95,316.0,100883
2025-06-06 06:15:00,315.95,316.15,315.95,316.0,62626
2025-06-06 06:20:00,316.0,316.3,316.0,316.05,56765
2025-06-06 06:25:00,316.0,316.3,315.9,316.1,55590
2025-06-06 06:30:00,316.1,316.35,316.0,316.35,33557
2025-06-06 06:35:00,316.3,316.35,316.0,316.05,24511
2025-06-06 06:40:00,316.0,316.65,316.0,316.25,121385
2025-06-06 06:45:00,316.1,316.2,315.75,315.95,58339
2025-06-06 06:50:00,315.9,315.95,315.5,315.85,48802
2025-06-06 06:55:00,315.8,316.3,315.8,316.1,38716
2025-06-06 07:00:00,316.1,316.4,316.05,316.25,31315
2025-06-06 07:05:00,316.2,316.35,315.75,315.85,32520
2025-06-06 07:10:00,315.8,317.65,315.75,317.35,155126
2025-06-06 07:15:00,317.3,317.4,317.15,317.25,52989
2025-06-06 07:20:00,317.25,317.5,317.2,317.45,46237
2025-06-06 07:25:00,317.45,317.85,317.25,317.4,61456
2025-06-06 07:30:00,317.4,317.5,317.2,317.35,34889
2025-06-06 07:35:00,317.3,317.6,317.3,317.45,28886
2025-06-06 07:40:00,317.45,317.85,317.4,317.55,34321
2025-06-06 07:45:00,317.55,317.8,317.25,317.25,34686
2025-06-06 07:50:00,317.25,317.3,316.5,316.8,46854
2025-06-06 07:55:00,316.8,317.0,316.5,316.75,26212
2025-06-06 08:00:00,316.7,316.9,316.4,316.7,32966
2025-06-06 08:05:00,316.7,316.8,316.45,316.6,29397
2025-06-06 08:10:00,316.6,316.9,316.6,316.75,21617
2025-06-06 08:15:00,316.7,317.1,316.55,316.75,28768
2025-06-06 08:20:00,316.9,316.9,316.1,316.4,64964
2025-06-06 08:25:00,316.3,316.85,316.25,316.7,39902
2025-06-06 08:30:00,316.85,317.0,316.65,316.65,31485
2025-06-06 08:35:00,316.65,317.0,316.65,316.9,30730
2025-06-06 08:40:00,316.9,316.95,316.75,316.9,31361
2025-06-06 08:45:00,316.95,317.45,316.9,317.35,54702
2025-06-06 08:50:00,317.2,317.3,317.0,317.3,32183
2025-06-06 08:55:00,317.25,317.5,317.2,317.5,33694
2025-06-06 09:00:00,317.4,317.55,317.3,317.45,34895
2025-06-06 09:05:00,317.35,317.4,316.75,316.85,47723
2025-06-06 09:10:00,316.85,317.0,316.75,317.0,33431
2025-06-06 09:15:00,317.0,317.0,316.3,316.35,58863
2025-06-06 09:20:00,316.4,316.8,316.1,316.45,79832
2025-06-06 09:25:00,316.4,316.85,316.4,316.8,54387
2025-06-06 09:30:00,316.7,317.0,316.5,316.6,214443
2025-06-06 09:35:00,316.6,316.95,316.3,316.95,191466
2025-06-06 09:40:00,316.95,316.95,316.6,316.7,186245
2025-06-06 09:45:00,316.6,316.95,316.55,316.55,247483
2025-06-06 09:50:00,316.55,316.85,316.25,316.25,222321
2025-06-06 09:55:00,316.3,316.7,316.1,316.1,148729
2025-06-09 03:45:00,317.8,319.65,316.75,318.35,268284
2025-06-09 03:50:00,318.35,318.35,317.0,317.2,102676
2025-06-09 03:55:00,317.2,317.9,316.4,316.4,127215
2025-06-09 04:00:00,316.25,316.4,315.0,316.35,160044
2025-06-09 04:05:00,316.4,317.1,316.4,316.95,56327
2025-06-09 04:10:00,316.95,317.5,316.65,317.45,57476
2025-06-09 04:15:00,317.45,318.4,317.35,318.05,121676
2025-06-09 04:20:00,318.05,318.25,317.55,318.1,40781
2025-06-09 04:25:00,318.2,318.4,317.8,318.05,49577
2025-06-09 04:30:00,318.15,318.45,318.0,318.25,25735
2025-06-09 04:35:00,318.25,318.45,317.55,317.75,33955
2025-06-09 04:40:00,317.8,318.0,317.6,317.6,17057
2025-06-09 04:45:00,317.7,317.75,317.5,317.6,28005
2025-06-09 04:50:00,317.6,318.2,317.5,318.2,25007
2025-06-09 04:55:00,318.1,318.5,317.85,317.85,48553
2025-06-09 05:00:00,317.85,318.45,317.85,317.9,27726
2025-06-09 05:05:00,317.95,318.9,317.55,318.65,67342
2025-06-09 05:10:00,318.65,319.5,318.6,319.5,149442
2025-06-09 05:15:00,319.6,320.25,319.5,319.65,308718
2025-06-09 05:20:00,319.7,320.35,319.6,320.0,95800
2025-06-09 05:25:00,320.0,320.2,319.9,320.0,76868
2025-06-09 05:30:00,320.0,320.7,320.0,320.05,59486
2025-06-09 05:35:00,320.05,320.4,320.05,320.25,34089
2025-06-09 05:40:00,320.25,320.5,320.0,320.3,89762
2025-06-09 05:45:00,320.4,321.25,320.2,321.05,100885
2025-06-09 05:50:00,321.0,321.45,320.5,321.0,71757
2025-06-09 05:55:00,320.85,320.95,320.5,320.7,48756
2025-06-09 06:00:00,320.7,320.8,320.5,320.65,25000
2025-06-09 06:05:00,320.65,320.75,320.1,320.2,52439
2025-06-09 06:10:00,320.2,320.55,320.1,320.3,31487
2025-06-09 06:15:00,320.3,320.85,320.0,320.65,58842
2025-06-09 06:20:00,320.85,320.95,320.7,320.85,18454
2025-06-09 06:25:00,320.85,320.95,320.6,320.75,30119
2025-06-09 06:30:00,320.75,320.75,320.0,320.35,45000
2025-06-09 06:35:00,320.35,320.55,320.2,320.3,12081
2025-06-09 06:40:00,320.2,320.3,320.0,320.05,12564
2025-06-09 06:45:00,320.15,320.2,320.0,320.1,15148
2025-06-09 06:50:00,320.2,320.2,320.0,320.05,74389
2025-06-09 06:55:00,320.0,320.65,320.0,320.6,23983
2025-06-09 07:00:00,320.6,320.65,320.25,320.4,21934
2025-06-09 07:05:00,320.4,320.65,320.35,320.35,8264
2025-06-09 07:10:00,320.35,320.45,320.25,320.3,12257
2025-06-09 07:15:00,320.4,320.5,320.25,320.3,14054
2025-06-09 07:20:00,320.3,320.5,320.2,320.4,12492
2025-06-09 07:25:00,320.4,320.5,320.3,320.3,9849
2025-06-09 07:30:00,320.35,320.45,320.15,320.3,14466
2025-06-09 07:35:00,320.15,320.4,320.15,320.35,7786
2025-06-09 07:40:00,320.35,320.75,320.3,320.3,29435
2025-06-09 07:45:00,320.45,320.6,320.1,320.1,26661
2025-06-09 07:50:00,320.15,320.15,320.0,320.0,49122
2025-06-09 07:55:00,320.0,320.15,320.0,320.0,16906
2025-06-09 08:00:00,320.0,320.6,320.0,320.4,33664
2025-06-09 08:05:00,320.4,320.5,320.2,320.2,13684
2025-06-09 08:10:00,320.2,320.35,320.15,320.15,8427
2025-06-09 08:15:00,320.3,320.5,320.15,320.3,17551
2025-06-09 08:20:00,320.35,320.35,320.05,320.05,10369
2025-06-09 08:25:00,320.05,320.75,320.05,320.35,40177
2025-06-09 08:30:00,320.4,320.65,320.25,320.4,19589
2025-06-09 08:35:00,320.4,320.45,320.1,320.1,18197
2025-06-09 08:40:00,320.1,320.2,320.1,320.1,8510
2025-06-09 08:45:00,320.15,320.5,320.0,320.35,26220
2025-06-09 08:50:00,320.25,320.4,320.2,320.3,11819
2025-06-09 08:55:00,320.3,320.35,320.25,320.3,8630
2025-06-09 09:00:00,320.35,320.8,320.3,320.6,49568
2025-06-09 09:05:00,320.6,320.75,320.5,320.5,27077
2025-06-09 09:10:00,320.6,320.6,320.45,320.5,11938
2025-06-09 09:15:00,320.5,320.55,320.35,320.4,14738
2025-06-09 09:20:00,320.4,320.5,320.4,320.45,9655
2025-06-09 09:25:00,320.45,320.75,320.45,320.65,23086
2025-06-09 09:30:00,320.65,320.65,320.15,320.35,63471
2025-06-09 09:35:00,320.25,320.55,320.2,320.35,42579
2025-06-09 09:40:00,320.4,320.55,320.3,320.3,74295
2025-06-09 09:45:00,320.35,320.55,320.3,320.45,99579
2025-06-09 09:50:00,320.45,320.5,320.3,320.4,152656
2025-06-09 09:55:00,320.35,320.5,320.3,320.3,85645
2025-06-10 03:45:00,321.2,322.0,320.55,320.85,207832
2025-06-10 03:50:00,320.85,322.0,320.85,321.5,79303
2025-06-10 03:55:00,321.5,321.5,320.5,320.5,53116
2025-06-10 04:00:00,320.4,321.05,319.8,321.05,80422
2025-06-10 04:05:00,321.05,321.5,320.75,321.3,88942
2025-06-10 04:10:00,321.25,321.6,321.0,321.2,49077
2025-06-10 04:15:00,321.2,321.35,320.9,321.15,38859
2025-06-10 04:20:00,321.05,321.3,321.05,321.2,34845
2025-06-10 04:25:00,321.2,321.65,321.1,321.4,33316
2025-06-10 04:30:00,321.45,322.5,321.4,322.5,116142
2025-06-10 04:35:00,322.35,322.5,321.95,321.95,47492
2025-06-10 04:40:00,322.0,322.0,321.75,322.0,23206
2025-06-10 04:45:00,322.0,322.35,321.8,322.0,86743
2025-06-10 04:50:00,321.9,322.0,321.5,321.65,47674
2025-06-10 04:55:00,321.7,321.7,321.05,321.3,34669
2025-06-10 05:00:00,321.2,321.5,321.1,321.25,45210
2025-06-10 05:05:00,321.35,321.5,321.2,321.4,10637
2025-06-10 05:10:00,321.35,321.65,321.25,321.45,32815
2025-06-10 05:15:00,321.5,321.75,321.35,321.75,20840
2025-06-10 05:20:00,321.75,321.95,321.45,321.7,29658
2025-06-10 05:25:00,321.7,321.75,321.0,321.2,33306
2025-06-10 05:30:00,321.4,321.5,321.15,321.5,17738
2025-06-10 05:35:00,321.5,321.8,321.35,321.8,14170
2025-06-10 05:40:00,321.8,321.85,321.55,321.7,20367
2025-06-10 05:45:00,321.75,321.75,321.25,321.25,24626
2025-06-10 05:50:00,321.35,321.35,321.0,321.2,16438
2025-06-10 05:55:00,321.15,321.5,321.05,321.2,40214
2025-06-10 06:00:00,321.3,321.3,321.0,321.15,22839
2025-06-10 06:05:00,321.0,321.45,321.0,321.35,15164
2025-06-10 06:10:00,321.35,321.7,321.25,321.25,31389
2025-06-10 06:15:00,321.25,321.6,321.25,321.6,11843
2025-06-10 06:20:00,321.6,321.9,321.55,321.6,45538
2025-06-10 06:25:00,321.7,321.7,321.3,321.3,8523
2025-06-10 06:30:00,321.35,321.5,321.2,321.35,8795
2025-06-10 06:35:00,321.3,321.3,321.0,321.25,15686
2025-06-10 06:40:00,321.3,321.3,320.9,320.9,52661
2025-06-10 06:45:00,321.0,321.15,320.8,321.1,53215
2025-06-10 06:50:00,321.0,321.25,321.0,321.25,14558
2025-06-10 06:55:00,321.25,321.25,320.8,320.95,50096
2025-06-10 07:00:00,320.8,323.75,320.55,323.3,560192
2025-06-10 07:05:00,323.45,324.7,323.1,324.5,213475
2025-06-10 07:10:00,324.5,324.6,323.6,324.1,72165
2025-06-10 07:15:00,324.0,324.5,323.65,323.7,122464
2025-06-10 07:20:00,323.7,323.75,323.3,323.3,46037
2025-06-10 07:25:00,323.3,323.45,323.15,323.25,35641
2025-06-10 07:30:00,323.25,324.0,323.2,323.9,60839
2025-06-10 07:35:00,323.9,324.3,323.3,323.4,40450
2025-06-10 07:40:00,323.45,323.45,323.0,323.2,53501
2025-06-10 07:45:00,323.1,323.2,323.0,323.1,18258
2025-06-10 07:50:00,323.1,323.35,323.05,323.3,31631
2025-06-10 07:55:00,323.3,323.3,323.0,323.1,38963
2025-06-10 08:00:00,323.1,323.15,322.55,322.85,100573
2025-06-10 08:05:00,322.85,322.85,322.2,322.5,31578
2025-06-10 08:10:00,322.55,322.65,322.3,322.45,29213
2025-06-10 08:15:00,322.45,322.65,321.75,321.8,83615
2025-06-10 08:20:00,321.75,321.9,321.1,321.2,119328
2025-06-10 08:25:00,321.15,322.0,321.0,321.8,118613
2025-06-10 08:30:00,321.85,322.0,321.25,321.3,202519
2025-06-10 08:35:00,321.3,322.2,321.05,321.1,230924
2025-06-10 08:40:00,321.1,321.2,320.85,321.0,46485
2025-06-10 08:45:00,320.85,321.05,320.35,320.55,120676
2025-06-10 08:50:00,320.6,321.05,320.45,320.85,263841
2025-06-10 08:55:00,320.9,321.05,320.7,321.05,69739
2025-06-10 09:00:00,321.0,321.4,321.0,321.05,50117
2025-06-10 09:05:00,321.4,322.0,321.1,321.5,185613
2025-06-10 09:10:00,321.45,321.55,321.05,321.1,37642
2025-06-10 09:15:00,321.2,321.2,320.75,321.0,127830
2025-06-10 09:20:00,321.1,321.15,320.65,321.0,423508
2025-06-10 09:25:00,321.05,321.05,319.55,320.4,207497
2025-06-10 09:30:00,320.5,320.65,320.25,320.35,146128
2025-06-10 09:35:00,320.3,320.5,320.25,320.45,256415
2025-06-10 09:40:00,320.5,320.5,319.4,320.1,252885
2025-06-10 09:45:00,320.05,320.1,319.7,319.95,162704
2025-06-10 09:50:00,319.95,320.0,319.85,319.9,152749
2025-06-10 09:55:00,319.9,320.2,319.85,320.2,117115
2025-06-11 03:45:00,320.3,324.6,320.3,324.45,411880
2025-06-11 03:50:00,324.6,327.6,324.6,327.5,795089
2025-06-11 03:55:00,327.5,328.4,327.0,328.3,714738
2025-06-11 04:00:00,328.4,329.0,327.95,328.95,600854
2025-06-11 04:05:00,328.85,330.3,328.3,330.0,703332
2025-06-11 04:10:00,330.0,330.45,328.8,329.75,573738
2025-06-11 04:15:00,329.75,331.55,329.75,331.05,788488
2025-06-11 04:20:00,331.2,331.7,330.65,331.05,524916
2025-06-11 04:25:00,331.15,331.6,330.9,331.4,287055
2025-06-11 04:30:00,331.4,332.0,331.3,331.8,547320
2025-06-11 04:35:00,331.85,331.9,330.25,330.85,518680
2025-06-11 04:40:00,330.85,330.9,330.0,330.1,283207
2025-06-11 04:45:00,330.05,331.45,330.05,331.35,235521
2025-06-11 04:50:00,331.5,331.5,330.65,331.15,227409
2025-06-11 04:55:00,331.1,331.65,330.85,331.25,226204
2025-06-11 05:00:00,331.25,332.0,331.25,331.9,320073
2025-06-11 05:05:00,331.9,333.0,331.9,332.2,508487
2025-06-11 05:10:00,332.2,332.35,331.25,331.8,276879
2025-06-11 05:15:00,331.95,332.2,331.85,332.05,131544
2025-06-11 05:20:00,332.1,332.8,331.95,332.6,215219
2025-06-11 05:25:00,332.55,332.75,332.15,332.45,186084
2025-06-11 05:30:00,332.45,332.7,332.3,332.4,119207
2025-06-11 05:35:00,332.4,332.8,332.4,332.55,104871
2025-06-11 05:40:00,332.6,332.75,331.8,332.2,194563
2025-06-11 05:45:00,332.35,332.8,331.8,332.65,172761
2025-06-11 05:50:00,332.7,332.8,332.3,332.4,170784
2025-06-11 05:55:00,332.3,332.45,332.0,332.0,110577
2025-06-11 06:00:00,332.05,332.35,332.0,332.35,73302
2025-06-11 06:05:00,332.25,332.5,332.25,332.35,91475
2025-06-11 06:10:00,332.4,332.45,331.75,331.8,130588
2025-06-11 06:15:00,331.95,331.95,330.8,331.4,271134
2025-06-11 06:20:00,331.4,332.2,331.3,332.2,105783
2025-06-11 06:25:00,332.1,333.35,332.1,333.2,461352
2025-06-11 06:30:00,333.05,333.2,332.7,332.9,149278
2025-06-11 06:35:00,333.0,333.15,332.8,332.95,82059
2025-06-11 06:40:00,332.85,332.95,332.55,332.75,90541
2025-06-11 06:45:00,332.85,332.85,332.3,332.4,129081
2025-06-11 06:50:00,332.4,332.75,332.3,332.6,84497
2025-06-11 06:55:00,332.7,332.7,332.55,332.7,50045
2025-06-11 07:00:00,332.65,333.5,332.65,333.45,247111
2025-06-11 07:05:00,333.45,333.8,333.35,333.75,237009
2025-06-11 07:10:00,333.75,333.75,333.45,333.75,117146
2025-06-11 07:15:00,333.75,333.8,333.55,333.65,116161
2025-06-11 07:20:00,333.7,333.75,333.25,333.75,132156
2025-06-11 07:25:00,333.5,333.8,333.5,333.7,114770
2025-06-11 07:30:00,333.65,334.0,333.65,333.75,179310
2025-06-11 07:35:00,333.7,333.95,333.5,333.85,113058
2025-06-11 07:40:00,333.9,334.05,333.65,334.05,111186
2025-06-11 07:45:00,334.05,334.5,333.5,333.75,2087573
2025-06-11 07:50:00,333.7,334.0,333.25,333.7,159965
2025-06-11 07:55:00,333.55,333.8,332.8,333.0,219762
2025-06-11 08:00:00,332.9,333.45,332.55,332.85,203606
2025-06-11 08:05:00,332.75,333.05,332.6,332.9,130021
2025-06-11 08:10:00,332.9,333.1,332.3,332.3,199958
2025-06-11 08:15:00,332.35,332.65,332.3,332.45,202010
2025-06-11 08:20:00,332.2,332.6,332.0,332.0,202328
2025-06-11 08:25:00,332.0,333.4,332.0,333.05,166334
2025-06-11 08:30:00,333.05,333.35,332.8,332.8,126706
2025-06-11 08:35:00,332.8,333.0,332.3,332.6,169711
2025-06-11 08:40:00,332.7,333.0,332.5,332.8,97553
2025-06-11 08:45:00,332.95,333.4,332.8,333.2,135823
2025-06-11 08:50:00,333.2,333.45,333.1,333.35,108952
2025-06-11 08:55:00,333.35,333.45,332.95,333.2,125443
2025-06-11 09:00:00,333.15,333.25,332.9,333.15,149864
2025-06-11 09:05:00,333.0,333.2,332.7,332.85,123728
2025-06-11 09:10:00,333.0,333.5,332.85,333.45,159446
2025-06-11 09:15:00,333.5,333.5,332.85,332.95,143991
2025-06-11 09:20:00,333.0,333.5,332.95,333.45,215944
2025-06-11 09:25:00,333.45,333.6,333.2,333.6,161227
2025-06-11 09:30:00,333.6,333.9,333.5,333.85,340395
2025-06-11 09:35:00,333.8,333.85,333.45,333.7,296085
2025-06-11 09:40:00,333.85,334.0,333.5,333.7,752480
2025-06-11 09:45:00,333.65,334.3,333.55,334.0,1055366
2025-06-11 09:50:00,333.9,334.45,333.65,334.05,674226
2025-06-11 09:55:00,334.2,334.5,333.5,334.5,291507
2025-06-12 03:45:00,330.5,331.0,326.7,327.1,1056118
2025-06-12 03:50:00,327.1,327.75,326.4,327.3,278122
2025-06-12 03:55:00,327.2,328.1,326.95,327.6,175128
2025-06-12 04:00:00,327.5,328.05,327.2,327.55,105588
2025-06-12 04:05:00,327.6,327.8,327.0,327.3,90560
2025-06-12 04:10:00,327.3,327.3,325.0,325.35,234703
2025-06-12 04:15:00,325.3,325.4,323.5,324.0,327821
2025-06-12 04:20:00,324.15,324.15,322.5,322.7,287089
2025-06-12 04:25:00,322.7,323.2,322.0,322.75,260105
2025-06-12 04:30:00,322.75,322.85,321.55,321.8,295410
2025-06-12 04:35:00,321.6,322.8,321.6,322.45,163436
2025-06-12 04:40:00,322.45,322.6,321.85,321.85,144421
2025-06-12 04:45:00,321.75,321.95,321.15,321.75,212044
2025-06-12 04:50:00,321.6,322.0,321.5,321.95,105728
2025-06-12 04:55:00,321.95,322.7,321.9,322.5,111392
2025-06-12 05:00:00,322.5,323.9,322.0,323.75,380993
2025-06-12 05:05:00,323.75,323.9,323.1,323.4,270619
2025-06-12 05:10:00,323.25,323.4,321.4,321.8,291463
2025-06-12 05:15:00,321.8,322.0,321.45,321.85,132342
2025-06-12 05:20:00,321.8,322.15,321.45,321.7,140938
2025-06-12 05:25:00,321.7,322.1,321.6,321.95,84701
2025-06-12 05:30:00,321.95,322.6,321.85,322.6,254559
2025-06-12 05:35:00,322.6,322.8,322.3,322.4,160878
2025-06-12 05:40:00,322.45,322.55,322.15,322.55,76364
2025-06-12 05:45:00,322.55,323.0,322.35,323.0,122685
2025-06-12 05:50:00,323.0,323.0,322.8,322.95,103007
2025-06-12 05:55:00,322.95,323.0,321.65,321.8,206495
2025-06-12 06:00:00,321.8,322.1,321.4,321.8,125737
2025-06-12 06:05:00,321.8,322.05,321.55,321.7,146831
2025-06-12 06:10:00,321.75,322.45,320.8,322.3,376707
2025-06-12 06:15:00,322.35,322.35,321.4,321.9,175247
2025-06-12 06:20:00,321.9,322.25,321.65,322.2,94494
2025-06-12 06:25:00,322.05,322.2,321.65,321.85,226621
2025-06-12 06:30:00,322.0,322.0,321.4,321.55,74702
2025-06-12 06:35:00,321.5,322.1,321.45,322.05,91802
2025-06-12 06:40:00,322.05,322.1,321.9,322.0,133670
2025-06-12 06:45:00,322.0,322.25,321.7,321.75,211927
2025-06-12 06:50:00,321.8,321.95,321.6,321.65,59306
2025-06-12 06:55:00,321.8,321.8,321.55,321.65,63138
2025-06-12 07:00:00,321.65,321.9,321.55,321.85,72661
2025-06-12 07:05:00,321.9,322.25,321.75,322.2,61672
2025-06-12 07:10:00,322.2,322.45,322.2,322.35,58973
2025-06-12 07:15:00,322.35,322.75,322.3,322.6,73105
2025-06-12 07:20:00,322.65,322.7,322.5,322.7,74498
2025-06-12 07:25:00,322.65,322.75,322.15,322.45,128841
2025-06-12 07:30:00,322.4,322.5,322.05,322.35,60859
2025-06-12 07:35:00,322.35,322.6,322.2,322.35,131363
2025-06-12 07:40:00,322.25,322.4,322.2,322.25,48686
2025-06-12 07:45:00,322.25,322.25,321.8,322.0,90871
2025-06-12 07:50:00,321.95,322.25,321.55,321.55,234774
2025-06-12 07:55:00,321.55,321.65,320.6,320.7,247495
2025-06-12 08:00:00,320.6,320.8,320.0,320.0,258839
2025-06-12 08:05:00,320.0,320.25,319.5,319.6,156651
2025-06-12 08:10:00,319.6,319.6,318.4,318.7,233029
2025-06-12 08:15:00,318.75,319.2,318.65,318.9,160042
2025-06-12 08:20:00,318.9,319.8,318.75,319.7,83078
2025-06-12 08:25:00,319.75,320.25,319.5,319.85,148506
2025-06-12 08:30:00,319.9,319.9,319.05,319.15,70057
2025-06-12 08:35:00,319.0,319.1,318.6,318.95,78209
2025-06-12 08:40:00,318.85,319.2,318.65,318.8,69114
2025-06-12 08:45:00,318.85,319.6,318.8,319.6,66635
2025-06-12 08:50:00,319.55,319.85,319.2,319.4,63056
2025-06-12 08:55:00,319.45,319.6,319.05,319.55,186928
2025-06-12 09:00:00,319.5,320.3,319.45,320.3,126994
2025-06-12 09:05:00,320.3,320.3,319.6,319.8,122351
2025-06-12 09:10:00,319.65,319.95,319.5,319.9,39614
2025-06-12 09:15:00,319.95,320.1,319.5,319.9,81497
2025-06-12 09:20:00,320.0,320.0,319.45,319.8,80139
2025-06-12 09:25:00,319.85,319.85,319.4,319.55,102892
2025-06-12 09:30:00,319.65,319.8,318.6,318.7,194894
2025-06-12 09:35:00,318.6,319.15,318.5,319.15,294694
2025-06-12 09:40:00,319.2,319.2,318.4,319.0,333111
2025-06-12 09:45:00,318.9,319.0,317.75,318.35,600694
2025-06-12 09:50:00,318.35,318.8,318.1,318.8,360755
2025-06-12 09:55:00,318.8,319.25,318.75,319.25,516542
2025-06-13 03:45:00,305.0,307.95,299.3,307.25,2123482
2025-06-13 03:50:00,307.45,308.25,305.95,308.1,1097448
2025-06-13 03:55:00,308.25,309.05,308.05,308.85,410833
2025-06-13 04:00:00,308.7,308.7,305.8,306.15,717019
2025-06-13 04:05:00,306.05,307.5,306.0,306.45,322388
2025-06-13 04:10:00,306.3,307.0,306.05,306.2,203743
2025-06-13 04:15:00,306.3,307.0,305.05,306.8,577347
2025-06-13 04:20:00,306.95,308.5,306.85,308.1,322422
2025-06-13 04:25:00,308.2,308.5,307.8,308.4,151943
2025-06-13 04:30:00,308.35,308.35,307.6,308.1,152966
2025-06-13 04:35:00,308.35,309.5,307.9,308.7,279958
2025-06-13 04:40:00,308.85,310.25,308.55,309.45,350660
2025-06-13 04:45:00,309.45,309.65,308.8,309.05,204081
2025-06-13 04:50:00,309.05,309.85,308.95,309.65,198748
2025-06-13 04:55:00,309.6,309.65,308.75,308.9,115955
2025-06-13 05:00:00,308.95,309.35,308.9,309.1,132410
2025-06-13 05:05:00,309.15,310.5,309.05,310.2,326153
2025-06-13 05:10:00,310.05,310.2,309.7,310.05,338421
2025-06-13 05:15:00,310.0,310.4,309.85,309.85,138659
2025-06-13 05:20:00,310.0,310.45,309.1,310.25,399650
2025-06-13 05:25:00,310.25,310.5,310.0,310.1,68606
2025-06-13 05:30:00,310.15,310.45,310.05,310.05,50052
2025-06-13 05:35:00,310.1,310.35,309.6,309.85,88988
2025-06-13 05:40:00,309.8,309.9,309.0,309.2,133304
2025-06-13 05:45:00,309.3,310.1,309.2,310.0,495630
2025-06-13 05:50:00,310.0,310.5,309.9,310.35,73223
2025-06-13 05:55:00,310.3,310.5,310.05,310.1,45861
2025-06-13 06:00:00,310.2,310.45,310.1,310.4,37775
2025-06-13 06:05:00,310.4,310.5,310.25,310.3,58446
2025-06-13 06:10:00,310.35,310.45,310.25,310.3,30092
2025-06-13 06:15:00,310.25,310.95,310.25,310.55,139439
2025-06-13 06:20:00,310.55,310.7,310.1,310.5,54141
2025-06-13 06:25:00,310.3,312.4,310.3,312.35,203630
2025-06-13 06:30:00,312.2,314.4,312.2,313.85,268810
2025-06-13 06:35:00,313.9,313.9,313.1,313.45,84439
2025-06-13 06:40:00,313.35,313.5,313.05,313.3,85138
2025-06-13 06:45:00,313.2,313.75,312.95,313.65,89727
2025-06-13 06:50:00,313.65,313.85,313.0,313.4,39044
2025-06-13 06:55:00,313.4,313.4,312.1,312.45,128336
2025-06-13 07:00:00,312.35,312.95,312.1,312.6,48122
2025-06-13 07:05:00,312.6,312.8,312.45,312.55,33474
2025-06-13 07:10:00,312.6,312.75,312.4,312.5,37452
2025-06-13 07:15:00,312.4,312.8,312.3,312.6,39769
2025-06-13 07:20:00,312.65,312.65,311.85,312.0,51117
2025-06-13 07:25:00,312.1,312.35,311.95,312.25,33705
2025-06-13 07:30:00,312.25,312.5,311.65,311.65,75333
2025-06-13 07:35:00,311.65,312.0,311.3,311.75,64388
2025-06-13 07:40:00,311.65,311.95,311.1,311.8,38211
2025-06-13 07:45:00,311.75,311.85,311.4,311.6,20145
2025-06-13 07:50:00,311.6,312.55,311.5,312.4,36430
2025-06-13 07:55:00,312.35,312.45,311.75,311.85,32527
2025-06-13 08:00:00,311.8,312.35,311.8,312.05,49645
2025-06-13 08:05:00,312.1,312.8,312.0,312.45,73213
2025-06-13 08:10:00,312.45,312.95,312.1,312.65,139869
2025-06-13 08:15:00,312.75,312.75,312.2,312.2,44350
2025-06-13 08:20:00,312.35,312.35,311.75,311.9,33845
2025-06-13 08:25:00,311.8,311.9,310.85,310.95,78285
2025-06-13 08:30:00,310.85,311.4,310.8,311.3,66445
2025-06-13 08:35:00,311.45,312.3,311.45,311.65,84170
2025-06-13 08:40:00,311.65,311.65,311.1,311.3,38797
2025-06-13 08:45:00,311.25,311.45,310.9,311.15,80136
2025-06-13 08:50:00,311.2,311.45,311.15,311.35,28746
2025-06-13 08:55:00,311.25,311.5,311.05,311.4,40136
2025-06-13 09:00:00,311.3,311.5,311.05,311.2,66455
2025-06-13 09:05:00,311.2,311.35,310.9,311.15,48308
2025-06-13 09:10:00,311.05,311.45,310.9,310.9,69534
2025-06-13 09:15:00,311.05,311.45,310.85,311.05,84028
2025-06-13 09:20:00,311.05,311.1,310.55,310.8,87203
2025-06-13 09:25:00,310.8,310.8,310.25,310.5,125323
2025-06-13 09:30:00,310.6,311.65,310.4,311.65,238467
2025-06-13 09:35:00,311.65,312.5,311.65,312.45,337580
2025-06-13 09:40:00,312.4,312.65,312.05,312.6,183273
2025-06-13 09:45:00,312.5,313.15,312.15,313.15,265549
2025-06-13 09:50:00,313.1,313.3,312.55,312.7,244616
2025-06-13 09:55:00,312.65,313.35,312.6,312.9,177027
2025-06-16 03:45:00,309.95,314.8,308.5,313.95,460042
2025-06-16 03:50:00,313.95,314.9,313.2,314.25,207677
2025-06-16 03:55:00,314.25,315.8,314.25,314.65,220947
2025-06-16 04:00:00,314.65,314.75,313.0,313.25,160342
2025-06-16 04:05:00,313.3,313.6,311.6,311.7,127133
2025-06-16 04:10:00,311.7,312.55,311.6,311.9,49973
2025-06-16 04:15:00,311.95,312.1,310.6,310.9,117137
2025-06-16 04:20:00,310.9,311.25,309.65,310.0,212985
2025-06-16 04:25:00,309.9,310.75,309.8,310.75,39546
2025-06-16 04:30:00,310.75,310.75,310.15,310.65,40645
2025-06-16 04:35:00,310.55,310.8,310.15,310.15,68140
2025-06-16 04:40:00,310.3,310.45,309.8,310.25,53488
2025-06-16 04:45:00,310.3,310.8,310.1,310.35,53343
2025-06-16 04:50:00,310.35,310.6,310.25,310.45,24163
2025-06-16 04:55:00,310.4,310.95,310.4,310.8,37685
2025-06-16 05:00:00,310.8,311.6,310.8,311.0,117426
2025-06-16 05:05:00,311.0,311.2,309.9,309.95,85960
2025-06-16 05:10:00,310.0,310.5,309.8,310.3,35960
2025-06-16 05:15:00,310.35,310.75,310.1,310.75,548187
2025-06-16 05:20:00,310.85,311.2,310.5,310.75,45251
2025-06-16 05:25:00,310.75,312.1,310.75,312.0,97378
2025-06-16 05:30:00,312.0,312.3,311.05,311.25,64095
2025-06-16 05:35:00,311.2,311.7,311.1,311.35,32106
2025-06-16 05:40:00,311.35,311.5,310.6,310.8,50290
2025-06-16 05:45:00,310.7,311.25,310.7,310.9,31800
2025-06-16 05:50:00,310.9,310.95,310.15,310.65,54698
2025-06-16 05:55:00,310.65,310.9,310.6,310.75,25792
2025-06-16 06:00:00,310.8,311.0,310.6,310.9,53983
2025-06-16 06:05:00,310.9,311.3,310.5,311.0,90945
2025-06-16 06:10:00,311.0,311.3,310.8,311.1,44553
2025-06-16 06:15:00,311.0,311.1,310.6,310.6,51475
2025-06-16 06:20:00,310.6,310.9,310.2,310.35,47300
2025-06-16 06:25:00,310.35,310.45,310.1,310.1,66682
2025-06-16 06:30:00,310.1,310.35,309.9,310.05,88824
2025-06-16 06:35:00,310.15,310.35,309.95,310.15,49422
2025-06-16 06:40:00,310.15,310.5,310.0,310.2,59368
2025-06-16 06:45:00,310.25,310.45,310.05,310.4,53523
2025-06-16 06:50:00,310.4,310.65,310.1,310.4,36424
2025-06-16 06:55:00,310.45,310.65,310.15,310.3,72307
2025-06-16 07:00:00,310.25,310.55,310.25,310.5,33253
2025-06-16 07:05:00,310.5,310.6,310.3,310.6,41150
2025-06-16 07:10:00,310.6,311.0,310.5,310.55,75750
2025-06-16 07:15:00,310.55,310.85,310.45,310.7,44564
2025-06-16 07:20:00,310.75,310.8,310.3,310.5,53415
2025-06-16 07:25:00,310.35,310.6,310.35,310.55,37789
2025-06-16 07:30:00,310.5,310.8,310.5,310.7,48121
2025-06-16 07:35:00,310.65,311.3,310.65,311.2,137004
2025-06-16 07:40:00,311.2,311.5,311.05,311.45,56836
2025-06-16 07:45:00,311.45,311.65,311.15,311.35,60192
2025-06-16 07:50:00,311.35,311.85,311.3,311.45,79483
2025-06-16 07:55:00,311.35,312.45,311.3,312.3,95224
2025-06-16 08:00:00,312.3,314.0,312.3,313.9,176486
2025-06-16 08:05:00,313.95,314.7,313.8,314.25,136119
2025-06-16 08:10:00,314.25,316.0,314.1,315.4,440173
2025-06-16 08:15:00,315.4,315.55,314.6,314.85,55581
2025-06-16 08:20:00,314.85,315.25,314.7,314.8,36320
2025-06-16 08:25:00,314.8,315.1,314.7,314.95,22509
2025-06-16 08:30:00,314.95,316.8,314.95,316.5,104743
2025-06-16 08:35:00,316.6,316.7,316.0,316.0,77680
2025-06-16 08:40:00,316.0,316.5,315.85,316.25,47428
2025-06-16 08:45:00,316.2,316.5,316.05,316.15,20746
2025-06-16 08:50:00,316.1,316.2,315.3,315.5,60220
2025-06-16 08:55:00,315.6,315.95,315.55,315.9,31980
2025-06-16 09:00:00,315.9,316.65,315.9,316.25,67574
2025-06-16 09:05:00,316.4,316.4,316.15,316.2,16755
2025-06-16 09:10:00,316.35,316.5,316.15,316.3,21449
2025-06-16 09:15:00,316.2,316.8,316.2,316.5,41347
2025-06-16 09:20:00,316.5,316.6,316.2,316.2,25376
2025-06-16 09:25:00,316.2,316.45,316.15,316.35,30345
2025-06-16 09:30:00,316.1,316.5,315.6,316.25,140621
2025-06-16 09:35:00,316.25,316.35,316.1,316.3,68757
2025-06-16 09:40:00,316.2,316.8,316.05,316.65,153618
2025-06-16 09:45:00,316.6,316.85,316.35,316.65,218415
2025-06-16 09:50:00,316.7,316.7,316.35,316.45,135766
2025-06-16 09:55:00,316.5,316.8,315.7,315.85,220893
2025-06-17 03:45:00,314.0,319.75,313.95,318.2,553511
2025-06-17 03:50:00,318.2,318.25,317.5,317.7,160290
2025-06-17 03:55:00,317.6,319.1,317.1,318.6,118875
2025-06-17 04:00:00,318.55,320.35,318.5,319.9,135048
2025-06-17 04:05:00,319.85,320.45,318.8,319.35,234668
2025-06-17 04:10:00,319.35,319.45,318.8,319.15,104024
2025-06-17 04:15:00,319.25,319.5,318.7,318.7,45784
2025-06-17 04:20:00,318.5,319.0,317.85,318.8,183899
2025-06-17 04:25:00,318.9,319.2,318.6,319.0,110427
2025-06-17 04:30:00,319.0,319.5,317.9,318.1,222320
2025-06-17 04:35:00,318.2,318.2,317.75,317.85,74596
2025-06-17 04:40:00,317.9,318.45,317.45,318.35,66626
2025-06-17 04:45:00,318.4,318.95,318.4,318.85,30999
2025-06-17 04:50:00,318.85,318.85,318.1,318.2,47240
2025-06-17 04:55:00,318.15,318.2,317.9,318.0,32075
2025-06-17 05:00:00,318.0,318.0,317.8,317.95,34342
2025-06-17 05:05:00,317.95,318.2,317.9,318.1,25632
2025-06-17 05:10:00,318.1,318.4,318.05,318.25,19424
2025-06-17 05:15:00,318.25,318.25,317.45,317.55,80826
2025-06-17 05:20:00,317.6,318.1,317.6,318.0,27820
2025-06-17 05:25:00,318.0,318.1,317.7,318.05,23130
2025-06-17 05:30:00,318.05,318.25,317.75,317.8,19944
2025-06-17 05:35:00,317.8,318.2,317.8,318.15,17573
2025-06-17 05:40:00,318.15,318.2,318.0,318.05,22108
2025-06-17 05:45:00,318.05,318.15,317.95,318.0,21908
2025-06-17 05:50:00,318.0,319.7,317.95,319.35,107229
2025-06-17 05:55:00,319.35,319.95,319.15,319.85,136314
2025-06-17 06:00:00,319.85,320.1,319.45,319.5,58608
2025-06-17 06:05:00,319.55,320.15,319.5,319.9,52180
2025-06-17 06:10:00,319.9,320.0,318.15,318.65,182498
2025-06-17 06:15:00,318.7,319.15,317.9,317.9,127789
2025-06-17 06:20:00,318.05,318.25,317.65,317.65,104252
2025-06-17 06:25:00,317.75,317.8,317.25,317.25,144482
2025-06-17 06:30:00,317.25,317.4,316.25,316.25,194123
2025-06-17 06:35:00,316.3,317.45,316.15,317.4,42596
2025-06-17 06:40:00,317.4,317.7,317.3,317.4,49315
2025-06-17 06:45:00,317.4,317.4,316.85,316.85,109904
2025-06-17 06:50:00,316.95,317.5,316.75,317.3,202466
2025-06-17 06:55:00,317.35,317.45,316.9,317.45,46158
2025-06-17 07:00:00,317.45,317.75,316.85,317.0,79535
2025-06-17 07:05:00,317.0,317.35,316.8,316.8,113644
2025-06-17 07:10:00,316.9,317.15,316.45,316.45,50701
2025-06-17 07:15:00,316.45,316.45,315.85,315.9,59379
2025-06-17 07:20:00,315.85,316.0,314.65,314.85,75842
2025-06-17 07:25:00,314.8,315.25,314.55,315.0,60922
2025-06-17 07:30:00,315.0,315.05,314.65,314.75,49165
2025-06-17 07:35:00,314.75,315.4,314.65,315.25,22837
2025-06-17 07:40:00,315.25,315.6,315.1,315.5,24976
2025-06-17 07:45:00,315.5,315.5,314.75,315.05,347446
2025-06-17 07:50:00,315.05,315.15,314.8,315.05,23968
2025-06-17 07:55:00,315.05,315.45,314.7,315.2,310342
2025-06-17 08:00:00,315.25,315.75,315.1,315.6,23916
2025-06-17 08:05:00,315.5,315.6,315.35,315.4,20071
2025-06-17 08:10:00,315.4,315.8,315.2,315.2,49990
2025-06-17 08:15:00,315.1,315.2,314.2,314.55,77708
2025-06-17 08:20:00,314.55,314.9,314.55,314.6,27449
2025-06-17 08:25:00,314.6,315.0,314.5,314.7,35540
2025-06-17 08:30:00,314.7,315.0,314.65,314.85,51285
2025-06-17 08:35:00,314.85,315.4,314.7,315.2,36990
2025-06-17 08:40:00,315.35,315.35,313.7,314.25,114470
2025-06-17 08:45:00,314.1,314.35,313.95,314.05,46458
2025-06-17 08:50:00,314.05,314.35,314.0,314.15,24446
2025-06-17 08:55:00,314.15,314.3,313.85,313.9,41512
2025-06-17 09:00:00,313.9,314.1,313.9,313.95,26193
2025-06-17 09:05:00,313.95,314.0,313.0,313.0,92844
2025-06-17 09:10:00,313.0,313.7,312.9,313.45,57603
2025-06-17 09:15:00,313.4,313.8,313.3,313.7,35433
2025-06-17 09:20:00,313.7,314.0,313.2,313.25,47616
2025-06-17 09:25:00,313.25,313.55,313.05,313.45,44015
2025-06-17 09:30:00,313.5,313.5,312.85,313.1,140363
2025-06-17 09:35:00,313.15,313.5,312.9,313.05,145333
2025-06-17 09:40:00,313.1,313.45,312.65,313.05,338614
2025-06-17 09:45:00,313.1,313.1,312.8,312.8,162173
2025-06-17 09:50:00,312.8,312.8,312.1,312.2,240864
2025-06-17 09:55:00,312.1,312.35,311.7,312.0,145540
2025-06-18 03:45:00,312.0,314.8,309.7,312.4,841055
2025-06-18 03:50:00,312.4,314.0,312.2,313.65,404345
2025-06-18 03:55:00,313.6,313.65,312.8,313.5,298047
2025-06-18 04:00:00,313.4,313.6,312.3,312.75,232786
2025-06-18 04:05:00,312.8,313.3,312.8,313.0,158402
2025-06-18 04:10:00,313.1,313.5,312.9,313.35,146504
2025-06-18 04:15:00,313.45,313.5,312.8,313.5,138587
2025-06-18 04:20:00,313.45,313.5,312.6,312.75,88303
2025-06-18 04:25:00,312.75,312.8,312.4,312.75,130699
2025-06-18 04:30:00,312.85,312.9,311.85,312.1,148636
2025-06-18 04:35:00,312.1,312.5,311.85,311.95,180058
2025-06-18 04:40:00,311.95,312.0,311.6,311.8,39898
2025-06-18 04:45:00,311.8,312.0,311.75,312.0,90248
2025-06-18 04:50:00,312.15,312.65,311.8,311.9,160232
2025-06-18 04:55:00,311.9,312.3,311.8,312.3,80145
2025-06-18 05:00:00,312.3,313.15,312.25,312.75,181824
2025-06-18 05:05:00,312.7,312.75,312.3,312.5,49426
2025-06-18 05:10:00,312.5,312.9,312.45,312.9,77100
2025-06-18 05:15:00,312.9,312.9,312.6,312.6,59755
2025-06-18 05:20:00,312.6,312.65,311.55,311.7,149974
2025-06-18 05:25:00,311.75,312.5,311.7,312.5,90086
2025-06-18 05:30:00,312.4,312.4,311.95,312.0,34272
2025-06-18 05:35:00,311.95,312.0,311.75,311.85,29057
2025-06-18 05:40:00,311.9,312.75,311.9,312.75,112333
2025-06-18 05:45:00,312.75,312.8,311.9,312.2,119511
2025-06-18 05:50:00,311.95,312.0,311.9,312.0,28467
2025-06-18 05:55:00,312.0,312.45,311.85,312.25,74955
2025-06-18 06:00:00,312.15,312.2,311.75,311.85,59565
2025-06-18 06:05:00,311.85,312.25,311.75,312.0,89875
2025-06-18 06:10:00,312.0,312.45,311.95,312.0,128536
2025-06-18 06:15:00,311.95,312.0,311.8,311.9,290518
2025-06-18 06:20:00,311.65,311.65,311.25,311.4,80645
2025-06-18 06:25:00,311.35,311.35,310.8,310.95,79534
2025-06-18 06:30:00,310.95,311.4,310.9,311.3,66297
2025-06-18 06:35:00,311.3,311.8,311.2,311.5,86969
2025-06-18 06:40:00,311.65,311.8,311.25,311.55,27146
2025-06-18 06:45:00,311.55,311.55,311.35,311.55,24737
2025-06-18 06:50:00,311.55,311.55,310.9,310.95,58163
2025-06-18 06:55:00,310.95,311.15,310.85,310.85,48635
2025-06-18 07:00:00,310.9,310.9,310.0,310.5,167377
2025-06-18 07:05:00,310.4,310.7,310.35,310.7,36014
2025-06-18 07:10:00,310.6,310.7,310.4,310.5,39654
2025-06-18 07:15:00,310.45,310.9,310.45,310.55,50134
2025-06-18 07:20:00,310.55,310.8,310.15,310.55,65003
2025-06-18 07:25:00,310.55,311.7,310.4,311.7,188840
2025-06-18 07:30:00,311.7,312.2,311.5,312.2,62593
2025-06-18 07:35:00,312.3,312.35,312.0,312.1,55243
2025-06-18 07:40:00,312.1,312.65,312.1,312.55,33993
2025-06-18 07:45:00,312.5,312.6,312.3,312.55,32025
2025-06-18 07:50:00,312.55,312.85,312.5,312.75,48908
2025-06-18 07:55:00,312.75,313.45,312.65,313.35,62377
2025-06-18 08:00:00,313.45,313.75,313.3,313.65,123001
2025-06-18 08:05:00,313.75,313.75,313.3,313.5,40682
2025-06-18 08:10:00,313.35,315.0,313.35,314.55,344082
2025-06-18 08:15:00,314.5,314.75,314.15,314.15,82607
2025-06-18 08:20:00,314.15,314.2,313.55,314.0,82153
2025-06-18 08:25:00,314.2,314.7,313.75,313.8,386006
2025-06-18 08:30:00,313.9,314.65,313.8,314.5,72282
2025-06-18 08:35:00,314.65,314.7,314.4,314.6,55180
2025-06-18 08:40:00,314.7,314.75,314.25,314.45,54347
2025-06-18 08:45:00,314.5,314.7,314.4,314.55,46283
2025-06-18 08:50:00,314.55,314.7,314.55,314.6,32238
2025-06-18 08:55:00,314.65,314.75,314.45,314.65,79201
2025-06-18 09:00:00,314.8,316.85,314.8,316.75,348092
2025-06-18 09:05:00,316.75,316.75,316.1,316.1,146244
2025-06-18 09:10:00,316.1,316.8,316.05,316.7,140558
2025-06-18 09:15:00,316.7,316.8,316.65,316.7,160479
2025-06-18 09:20:00,316.7,316.75,315.95,316.0,129763
2025-06-18 09:25:00,315.95,316.0,315.4,315.45,161771
2025-06-18 09:30:00,315.25,315.9,315.25,315.8,169508
2025-06-18 09:35:00,315.8,315.85,315.4,315.75,190581
2025-06-18 09:40:00,315.75,316.35,315.6,316.3,343002
2025-06-18 09:45:00,316.1,316.25,315.8,316.0,304959
2025-06-18 09:50:00,316.0,316.35,315.85,315.85,274519
2025-06-18 09:55:00,315.85,316.0,315.1,316.0,215457
2025-06-19 03:45:00,317.0,317.0,314.0,314.65,235789
2025-06-19 03:50:00,314.65,315.55,314.65,314.9,78668
2025-06-19 03:55:00,314.9,315.05,314.1,314.65,49827
2025-06-19 04:00:00,314.5,314.65,314.05,314.5,53323
2025-06-19 04:05:00,314.4,314.85,314.3,314.4,30977
2025-06-19 04:10:00,314.4,314.7,314.15,314.35,49103
2025-06-19 04:15:00,314.2,314.4,313.4,314.4,99768
2025-06-19 04:20:00,314.4,315.1,313.1,313.2,69681
2025-06-19 04:25:00,313.2,313.4,312.9,313.0,44418
2025-06-19 04:30:00,312.9,312.9,311.85,312.05,79700
2025-06-19 04:35:00,312.0,312.15,310.55,310.6,94127
2025-06-19 04:40:00,310.65,311.5,310.6,311.05,47707
2025-06-19 04:45:00,311.05,311.1,310.35,310.6,53707
2025-06-19 04:50:00,310.6,311.4,310.5,311.25,25874
2025-06-19 04:55:00,311.25,311.4,311.0,311.2,22055
2025-06-19 05:00:00,311.2,311.75,310.6,310.6,48251
2025-06-19 05:05:00,310.55,311.0,310.15,310.85,29373
2025-06-19 05:10:00,310.85,311.05,310.2,310.2,37613
2025-06-19 05:15:00,310.2,311.1,310.1,310.95,27364
2025-06-19 05:20:00,310.95,311.35,310.95,311.1,31368
2025-06-19 05:25:00,311.15,311.9,311.1,311.3,126636
2025-06-19 05:30:00,311.35,312.25,311.3,311.8,49898
2025-06-19 05:35:00,311.7,311.9,311.5,311.55,21741
2025-06-19 05:40:00,311.55,311.7,311.15,311.35,46851
2025-06-19 05:45:00,311.4,312.2,311.35,311.85,97989
2025-06-19 05:50:00,312.0,312.45,311.85,311.95,45247
2025-06-19 05:55:00,311.9,312.0,311.35,311.4,27894
2025-06-19 06:00:00,311.4,311.9,311.25,311.6,43407
2025-06-19 06:05:00,311.6,311.85,311.35,311.75,22328
2025-06-19 06:10:00,311.75,312.05,311.45,311.45,27591
2025-06-19 06:15:00,311.45,312.2,311.45,311.7,22414
2025-06-19 06:20:00,311.7,312.8,311.7,312.8,34865
2025-06-19 06:25:00,312.75,312.9,312.3,312.7,55894
2025-06-19 06:30:00,312.8,312.8,312.1,312.65,21925
2025-06-19 06:35:00,312.6,313.25,312.6,312.75,53761
2025-06-19 06:40:00,312.8,313.2,312.55,313.0,15616
2025-06-19 06:45:00,313.0,313.15,312.4,312.55,32355
2025-06-19 06:50:00,312.55,313.0,311.9,313.0,266604
2025-06-19 06:55:00,313.0,313.4,312.55,312.65,47628
2025-06-19 07:00:00,312.65,312.75,312.3,312.4,22623
2025-06-19 07:05:00,312.5,312.5,311.35,311.4,126456
2025-06-19 07:10:00,311.5,311.5,311.05,311.15,32594
2025-06-19 07:15:00,311.15,311.3,310.5,311.05,47817
2025-06-19 07:20:00,311.05,312.25,310.9,312.1,131094
2025-06-19 07:25:00,312.1,312.5,312.0,312.3,31688
2025-06-19 07:30:00,312.3,312.4,312.0,312.35,60048
2025-06-19 07:35:00,312.3,313.15,312.3,312.75,61514
2025-06-19 07:40:00,312.8,312.95,312.2,312.25,36679
2025-06-19 07:45:00,312.25,312.6,312.0,312.4,51284
2025-06-19 07:50:00,312.25,312.95,312.1,312.65,95134
2025-06-19 07:55:00,312.55,312.75,312.1,312.2,31409
2025-06-19 08:00:00,312.2,312.9,312.1,312.6,146917
2025-06-19 08:05:00,312.55,312.9,312.2,312.9,101414
2025-06-19 08:10:00,312.8,313.0,312.5,312.9,55923
2025-06-19 08:15:00,312.85,313.4,312.75,313.35,24365
2025-06-19 08:20:00,313.3,313.65,313.05,313.65,47813
2025-06-19 08:25:00,313.6,313.65,313.0,313.55,43961
2025-06-19 08:30:00,313.55,314.45,313.55,314.4,119352
2025-06-19 08:35:00,314.4,314.4,313.75,314.0,111501
2025-06-19 08:40:00,313.95,314.25,313.7,314.0,54446
2025-06-19 08:45:00,313.95,314.95,313.95,314.95,98529
2025-06-19 08:50:00,314.95,315.0,314.5,314.55,157489
2025-06-19 08:55:00,314.5,314.6,314.25,314.6,62443
2025-06-19 09:00:00,314.5,314.75,314.4,314.7,49376
2025-06-19 09:05:00,314.7,314.7,314.35,314.4,66108
2025-06-19 09:10:00,314.4,314.45,313.95,314.15,113687
2025-06-19 09:15:00,314.15,314.25,314.0,314.1,81488
2025-06-19 09:20:00,314.05,314.2,313.9,314.05,89070
2025-06-19 09:25:00,314.05,314.25,313.5,313.6,110928
2025-06-19 09:30:00,313.6,313.75,313.25,313.75,116943
2025-06-19 09:35:00,313.75,314.1,313.75,314.1,131088
2025-06-19 09:40:00,314.1,314.1,313.65,313.9,168346
2025-06-19 09:45:00,313.85,313.9,313.4,313.45,157667
2025-06-19 09:50:00,313.4,313.45,312.6,312.7,151001
2025-06-19 09:55:00,312.75,313.05,311.2,311.6,141259
2025-06-20 03:45:00,310.9,313.0,310.55,311.55,257152
2025-06-20 03:50:00,311.5,311.7,310.0,310.4,151936
2025-06-20 03:55:00,310.5,312.2,310.5,311.3,121257
2025-06-20 04:00:00,311.3,312.15,311.25,311.75,52878
2025-06-20 04:05:00,311.8,312.6,311.5,312.5,45094
2025-06-20 04:10:00,312.5,314.6,312.3,314.6,120235
2025-06-20 04:15:00,314.6,314.8,313.45,313.55,96312
2025-06-20 04:20:00,313.45,313.75,312.85,313.4,67447
2025-06-20 04:25:00,313.3,313.4,312.15,312.4,62513
2025-06-20 04:30:00,312.45,313.3,312.35,313.2,25995
2025-06-20 04:35:00,313.2,313.3,312.4,312.4,24758
2025-06-20 04:40:00,312.4,312.5,311.8,312.45,39825
2025-06-20 04:45:00,312.45,313.0,312.35,312.55,24270
2025-06-20 04:50:00,312.7,312.95,312.65,312.8,25444
2025-06-20 04:55:00,312.95,313.15,312.35,312.8,254289
2025-06-20 05:00:00,312.7,312.9,312.45,312.6,28501
2025-06-20 05:05:00,312.6,313.4,312.6,313.2,46120
2025-06-20 05:10:00,313.2,313.8,313.2,313.7,58314
2025-06-20 05:15:00,313.7,313.9,313.2,313.65,30579
2025-06-20 05:20:00,313.7,314.2,313.25,314.2,355528
2025-06-20 05:25:00,314.2,314.4,313.5,313.75,51555
2025-06-20 05:30:00,313.8,314.35,313.7,314.25,20240
2025-06-20 05:35:00,314.25,314.55,314.1,314.5,57831
2025-06-20 05:40:00,314.45,314.9,314.3,314.7,46907
2025-06-20 05:45:00,314.7,314.9,314.55,314.6,59487
2025-06-20 05:50:00,314.6,315.8,314.45,315.8,145924
2025-06-20 05:55:00,315.8,315.9,315.0,315.05,99523
2025-06-20 06:00:00,315.05,315.65,315.05,315.45,34390
2025-06-20 06:05:00,315.45,315.6,314.6,314.9,87227
2025-06-20 06:10:00,314.9,315.1,314.6,314.9,36893
2025-06-20 06:15:00,315.0,315.5,314.8,315.1,134905
2025-06-20 06:20:00,315.3,315.3,314.25,314.75,57288
2025-06-20 06:25:00,314.75,314.75,314.1,314.15,23875
2025-06-20 06:30:00,314.2,314.4,314.0,314.3,25601
2025-06-20 06:35:00,314.3,314.9,314.2,314.85,35950
2025-06-20 06:40:00,314.9,314.9,314.3,314.45,23038
2025-06-20 06:45:00,314.4,314.55,314.2,314.25,21636
2025-06-20 06:50:00,314.25,314.3,313.45,313.8,42087
2025-06-20 06:55:00,313.8,313.85,313.2,313.35,82525
2025-06-20 07:00:00,313.35,313.55,313.0,313.3,52545
2025-06-20 07:05:00,313.3,313.6,313.0,313.0,41075
2025-06-20 07:10:00,312.9,313.25,312.55,312.7,86928
2025-06-20 07:15:00,312.9,313.35,312.8,313.35,22007
2025-06-20 07:20:00,313.35,313.45,313.1,313.35,32990
2025-06-20 07:25:00,313.35,313.75,313.2,313.4,42874
2025-06-20 07:30:00,313.4,313.45,313.1,313.3,23771
2025-06-20 07:35:00,313.25,313.5,313.15,313.4,19107
2025-06-20 07:40:00,313.45,313.8,313.35,313.65,31166
2025-06-20 07:45:00,313.65,314.0,313.55,314.0,56173
2025-06-20 07:50:00,314.0,314.25,313.85,314.05,87469
2025-06-20 07:55:00,313.95,314.05,313.8,314.05,22777
2025-06-20 08:00:00,314.05,314.15,313.9,313.95,39972
2025-06-20 08:05:00,313.95,314.05,313.85,314.0,22099
2025-06-20 08:10:00,314.0,314.1,313.65,314.0,42341
2025-06-20 08:15:00,314.15,314.45,313.8,314.45,43976
2025-06-20 08:20:00,314.3,314.75,314.3,314.75,20721
2025-06-20 08:25:00,314.75,314.75,313.9,314.15,32108
2025-06-20 08:30:00,314.15,314.15,313.8,313.9,20451
2025-06-20 08:35:00,313.9,314.0,313.5,313.55,40486
2025-06-20 08:40:00,313.55,313.7,313.35,313.45,36054
2025-06-20 08:45:00,313.4,314.05,313.4,314.05,50722
2025-06-20 08:50:00,314.05,314.2,313.6,313.75,75451
2025-06-20 08:55:00,313.75,313.8,312.75,312.85,47375
2025-06-20 09:00:00,312.9,313.4,312.75,313.2,89865
2025-06-20 09:05:00,313.25,313.95,313.25,313.7,170631
2025-06-20 09:10:00,313.7,313.95,313.5,313.9,88204
2025-06-20 09:15:00,313.95,314.35,313.65,313.85,77851
2025-06-20 09:20:00,313.85,313.85,313.5,313.6,38535
2025-06-20 09:25:00,313.65,313.65,313.2,313.45,108327
2025-06-20 09:30:00,313.45,313.95,313.0,313.35,749904
2025-06-20 09:35:00,313.35,313.9,313.35,313.9,592361
2025-06-20 09:40:00,313.9,313.95,313.2,313.25,657880
2025-06-20 09:45:00,313.25,313.45,313.15,313.35,826767
2025-06-20 09:50:00,313.4,314.0,313.35,313.75,686322
2025-06-20 09:55:00,313.75,313.75,312.5,313.0,468767
2025-06-23 03:45:00,310.0,312.45,308.2,311.7,484224
2025-06-23 03:50:00,311.7,313.3,311.2,313.1,210057
2025-06-23 03:55:00,313.1,313.1,312.0,312.3,120512
2025-06-23 04:00:00,312.25,312.7,311.8,312.3,108225
2025-06-23 04:05:00,312.3,313.0,311.4,311.75,68350
2025-06-23 04:10:00,311.7,312.0,311.15,311.25,57148
2025-06-23 04:15:00,311.25,311.25,310.85,311.1,83914
2025-06-23 04:20:00,311.1,311.75,311.05,311.35,56670
2025-06-23 04:25:00,311.45,311.55,310.7,311.15,55145
2025-06-23 04:30:00,311.2,311.4,310.55,310.65,37762
2025-06-23 04:35:00,310.6,311.2,310.55,311.15,85685
2025-06-23 04:40:00,311.2,311.2,309.7,309.8,111280
2025-06-23 04:45:00,309.8,309.9,309.25,309.85,87356
2025-06-23 04:50:00,309.7,310.2,309.45,309.45,109499
2025-06-23 04:55:00,309.35,309.7,309.3,309.45,61782
2025-06-23 05:00:00,309.5,309.75,309.15,309.55,156733
2025-06-23 05:05:00,309.45,309.95,309.4,309.6,46491
2025-06-23 05:10:00,309.75,310.0,309.2,309.95,43556
2025-06-23 05:15:00,309.95,310.05,309.6,309.7,42624
2025-06-23 05:20:00,309.55,309.75,309.1,309.45,57011
2025-06-23 05:25:00,309.65,309.9,309.45,309.9,39956
2025-06-23 05:30:00,309.9,310.15,309.75,309.85,39152
2025-06-23 05:35:00,309.8,310.5,309.35,310.4,51917
2025-06-23 05:40:00,310.4,311.0,310.4,310.75,59625
2025-06-23 05:45:00,310.75,310.95,310.55,310.65,28596
2025-06-23 05:50:00,310.65,310.9,310.1,310.85,23385
2025-06-23 05:55:00,310.7,311.65,310.6,311.45,162492
2025-06-23 06:00:00,311.55,311.9,311.0,311.15,129692
2025-06-23 06:05:00,311.25,311.3,310.8,310.95,101958
2025-06-23 06:10:00,310.95,311.5,310.9,311.3,101687
2025-06-23 06:15:00,311.4,311.85,311.35,311.7,88177
2025-06-23 06:20:00,311.7,311.9,311.0,311.2,91629
2025-06-23 06:25:00,311.3,311.4,310.0,310.0,100391
2025-06-23 06:30:00,310.0,310.25,310.0,310.25,100672
2025-06-23 06:35:00,310.2,311.05,310.1,310.95,47380
2025-06-23 06:40:00,310.95,311.2,310.85,311.2,37116
2025-06-23 06:45:00,311.1,311.5,310.75,311.0,49379
2025-06-23 06:50:00,311.05,311.45,310.95,311.4,26820
2025-06-23 06:55:00,311.35,311.45,311.0,311.25,33973
2025-06-23 07:00:00,311.1,311.6,311.1,311.6,35182
2025-06-23 07:05:00,311.5,312.05,311.45,311.7,76530
2025-06-23 07:10:00,311.65,312.85,311.6,312.5,115879
2025-06-23 07:15:00,312.65,312.8,311.95,312.2,52260
2025-06-23 07:20:00,312.15,312.55,312.15,312.35,32582
2025-06-23 07:25:00,312.3,312.5,312.05,312.35,120223
2025-06-23 07:30:00,312.5,313.0,312.3,312.8,84816
2025-06-23 07:35:00,312.8,312.9,312.65,312.9,46705
2025-06-23 07:40:00,312.8,313.0,312.05,312.15,152981
2025-06-23 07:45:00,312.1,312.75,312.1,312.5,46723
2025-06-23 07:50:00,312.45,312.95,312.45,312.8,63078
2025-06-23 07:55:00,312.95,313.45,312.65,313.2,100292
2025-06-23 08:00:00,313.2,313.3,312.9,313.15,39768
2025-06-23 08:05:00,313.0,313.5,313.0,313.4,117403
2025-06-23 08:10:00,313.35,313.95,313.35,313.8,66790
2025-06-23 08:15:00,313.75,313.95,313.15,313.3,69730
2025-06-23 08:20:00,313.25,313.75,313.2,313.4,38769
2025-06-23 08:25:00,313.35,313.65,313.1,313.5,109343
2025-06-23 08:30:00,313.45,313.85,313.45,313.8,20159
2025-06-23 08:35:00,313.7,313.9,313.25,313.5,43835
2025-06-23 08:40:00,313.5,314.4,313.3,314.1,179243
2025-06-23 08:45:00,314.05,315.0,314.05,315.0,138339
2025-06-23 08:50:00,314.85,315.5,314.45,314.6,137945
2025-06-23 08:55:00,314.6,314.6,313.6,313.85,62584
2025-06-23 09:00:00,313.85,314.4,313.6,313.6,50222
2025-06-23 09:05:00,313.6,313.85,313.3,313.4,79784
2025-06-23 09:10:00,313.3,313.65,313.25,313.5,56358
2025-06-23 09:15:00,313.5,313.8,313.25,313.5,88127
2025-06-23 09:20:00,313.5,313.6,312.55,312.7,111048
2025-06-23 09:25:00,312.8,313.4,312.75,313.0,75357
2025-06-23 09:30:00,313.05,313.7,313.05,313.65,139788
2025-06-23 09:35:00,313.6,313.65,313.15,313.25,128882
2025-06-23 09:40:00,313.25,313.85,313.15,313.75,198564
2025-06-23 09:45:00,313.65,313.8,313.45,313.5,254860
2025-06-23 09:50:00,313.45,313.8,313.35,313.8,174885
2025-06-23 09:55:00,313.7,313.85,313.1,313.25,140566
2025-06-24 03:45:00,325.5,327.8,322.5,323.85,2026709
2025-06-24 03:50:00,323.85,324.75,322.9,323.55,676624
2025-06-24 03:55:00,323.5,323.6,322.6,322.6,424326
2025-06-24 04:00:00,322.6,324.0,322.25,322.85,420981
2025-06-24 04:05:00,322.8,323.4,322.25,323.35,345120
2025-06-24 04:10:00,323.3,324.55,323.15,323.6,403690
2025-06-24 04:15:00,323.6,323.95,323.3,323.8,129831
2025-06-24 04:20:00,323.8,323.9,322.75,323.0,135975
2025-06-24 04:25:00,323.0,323.45,322.85,322.85,82051
2025-06-24 04:30:00,323.0,323.2,322.8,323.15,92235
2025-06-24 04:35:00,323.0,323.75,322.85,322.85,107270
2025-06-24 04:40:00,323.1,323.55,322.9,323.2,64328
2025-06-24 04:45:00,323.25,323.5,322.6,322.75,167301
2025-06-24 04:50:00,322.65,322.8,322.0,322.0,164025
2025-06-24 04:55:00,322.0,322.3,320.9,321.15,534064
2025-06-24 05:00:00,321.15,321.65,321.0,321.25,75840
2025-06-24 05:05:00,321.25,321.4,320.5,321.25,92888
2025-06-24 05:10:00,321.1,321.4,320.8,321.2,50301
2025-06-24 05:15:00,321.15,322.35,321.1,321.5,201429
2025-06-24 05:20:00,321.6,321.8,321.1,321.2,41938
2025-06-24 05:25:00,321.2,321.45,321.0,321.2,27610
2025-06-24 05:30:00,321.15,321.6,320.9,321.6,40879
2025-06-24 05:35:00,321.6,321.75,321.4,321.45,31264
2025-06-24 05:40:00,321.4,321.65,321.3,321.45,61910
2025-06-24 05:45:00,321.45,321.9,321.45,321.7,35660
2025-06-24 05:50:00,321.7,322.3,321.55,322.15,48732
2025-06-24 05:55:00,322.15,322.7,322.05,322.65,68193
2025-06-24 06:00:00,322.7,322.7,322.05,322.15,53997
2025-06-24 06:05:00,322.15,322.7,322.15,322.6,36374
2025-06-24 06:10:00,322.65,322.65,320.75,320.95,251239
2025-06-24 06:15:00,321.1,321.15,320.1,320.3,134390
2025-06-24 06:20:00,320.25,320.8,320.1,320.1,81531
2025-06-24 06:25:00,320.1,320.7,320.1,320.6,92677
2025-06-24 06:30:00,320.65,320.75,319.7,320.05,164310
2025-06-24 06:35:00,320.05,320.25,319.8,320.1,241751
2025-06-24 06:40:00,320.1,320.1,319.5,319.85,64684
2025-06-24 06:45:00,319.9,319.9,319.4,319.4,74500
2025-06-24 06:50:00,319.55,320.3,319.5,320.2,64428
2025-06-24 06:55:00,320.25,320.25,319.55,319.85,56897
2025-06-24 07:00:00,319.95,320.0,319.75,319.8,31460
2025-06-24 07:05:00,319.8,320.1,319.8,319.95,69076
2025-06-24 07:10:00,319.95,320.15,319.35,319.4,138336
2025-06-24 07:15:00,319.4,320.0,319.2,319.65,53084
2025-06-24 07:20:00,319.65,320.0,319.65,319.9,21157
2025-06-24 07:25:00,319.85,320.0,319.85,319.85,41472
2025-06-24 07:30:00,319.85,319.85,319.3,319.3,41177
2025-06-24 07:35:00,319.3,319.6,319.2,319.55,36918
2025-06-24 07:40:00,319.6,319.6,319.15,319.25,53981
2025-06-24 07:45:00,319.25,319.55,319.1,319.5,48852
2025-06-24 07:50:00,319.5,319.5,318.1,318.45,120104
2025-06-24 07:55:00,318.45,318.5,318.05,318.2,53892
2025-06-24 08:00:00,318.3,318.75,317.9,318.15,104278
2025-06-24 08:05:00,318.0,318.3,317.35,318.3,85773
2025-06-24 08:10:00,318.3,318.4,317.8,318.1,103630
2025-06-24 08:15:00,317.95,318.15,317.6,317.6,46873
2025-06-24 08:20:00,317.75,318.6,317.6,318.6,55032
2025-06-24 08:25:00,318.5,318.75,318.25,318.7,48093
2025-06-24 08:30:00,318.65,318.7,317.75,317.75,189206
2025-06-24 08:35:00,317.85,318.2,317.0,317.8,141417
2025-06-24 08:40:00,317.75,318.1,317.1,317.9,100155
2025-06-24 08:45:00,318.0,318.15,317.75,317.9,56723
2025-06-24 08:50:00,317.9,318.1,317.3,317.8,75421
2025-06-24 08:55:00,317.7,318.2,317.7,318.15,61363
2025-06-24 09:00:00,318.1,318.5,318.1,318.4,56501
2025-06-24 09:05:00,318.4,319.35,318.35,319.25,93808
2025-06-24 09:10:00,319.4,319.4,319.05,319.2,84879
2025-06-24 09:15:00,319.2,319.3,318.65,318.8,98668
2025-06-24 09:20:00,318.95,319.1,318.8,318.85,44509
2025-06-24 09:25:00,319.0,319.15,318.7,318.75,66423
2025-06-24 09:30:00,318.75,319.25,318.7,319.15,136249
2025-06-24 09:35:00,319.05,319.15,318.85,319.15,138369
2025-06-24 09:40:00,319.1,319.35,318.95,319.35,187589
2025-06-24 09:45:00,319.3,319.7,318.8,319.7,246559
2025-06-24 09:50:00,319.65,319.7,319.4,319.6,199019
2025-06-24 09:55:00,319.65,319.65,318.4,318.85,171265
2025-06-25 03:45:00,322.5,323.0,320.8,320.95,442390
2025-06-25 03:50:00,320.9,321.45,320.0,320.45,213974
2025-06-25 03:55:00,320.5,321.25,320.45,321.15,81109
2025-06-25 04:00:00,321.05,321.3,319.3,319.55,217424
2025-06-25 04:05:00,319.65,319.85,318.55,319.55,317250
2025-06-25 04:10:00,319.55,320.45,319.4,320.3,158607
2025-06-25 04:15:00,320.25,320.35,319.7,319.75,109746
2025-06-25 04:20:00,320.2,320.6,319.85,320.2,116849
2025-06-25 04:25:00,320.2,320.6,319.75,319.85,69170
2025-06-25 04:30:00,319.9,320.1,319.5,319.9,85432
2025-06-25 04:35:00,319.9,319.9,319.0,319.1,84634
2025-06-25 04:40:00,319.1,319.6,319.05,319.6,74314
2025-06-25 04:45:00,319.6,320.2,319.45,320.0,61857
2025-06-25 04:50:00,320.0,320.15,319.8,320.0,47108
2025-06-25 04:55:00,320.0,320.05,319.75,319.9,37097
2025-06-25 05:00:00,319.9,320.05,319.55,319.85,47953
2025-06-25 05:05:00,319.8,319.85,319.3,319.7,88199
2025-06-25 05:10:00,319.6,319.7,319.2,319.6,50703
2025-06-25 05:15:00,319.6,319.65,319.35,319.55,62980
2025-06-25 05:20:00,319.65,319.8,319.5,319.6,66339
2025-06-25 05:25:00,319.55,320.3,319.4,320.25,99500
2025-06-25 05:30:00,320.25,320.65,319.9,320.55,62802
2025-06-25 05:35:00,320.6,320.9,320.0,320.1,89846
2025-06-25 05:40:00,320.1,320.9,320.1,320.75,69513
2025-06-25 05:45:00,320.75,321.2,320.45,320.9,83952
2025-06-25 05:50:00,320.9,321.3,320.45,320.5,102152
2025-06-25 05:55:00,320.5,320.9,320.3,320.55,55693
2025-06-25 06:00:00,320.5,320.75,320.4,320.75,44507
2025-06-25 06:05:00,320.75,320.75,320.15,320.3,47465
2025-06-25 06:10:00,320.2,320.65,320.1,320.4,72176
2025-06-25 06:15:00,320.35,320.75,320.1,320.75,80248
2025-06-25 06:20:00,320.7,321.2,320.7,321.05,53819
2025-06-25 06:25:00,321.1,321.45,320.85,321.45,71172
2025-06-25 06:30:00,321.45,321.45,320.5,320.9,110843
2025-06-25 06:35:00,320.75,320.9,320.5,320.7,53533
2025-06-25 06:40:00,320.7,321.0,320.4,320.7,98657
2025-06-25 06:45:00,320.45,320.9,320.45,320.9,49216
2025-06-25 06:50:00,320.9,321.3,320.75,321.15,75866
2025-06-25 06:55:00,321.15,321.3,320.5,320.75,57366
2025-06-25 07:00:00,320.75,321.0,320.6,320.65,88167
2025-06-25 07:05:00,320.65,320.95,320.55,320.65,63515
2025-06-25 07:10:00,320.65,320.9,320.5,320.5,95787
2025-06-25 07:15:00,320.55,320.85,318.85,319.35,174334
2025-06-25 07:20:00,319.3,319.8,319.2,319.55,61819
2025-06-25 07:25:00,319.45,319.8,318.95,318.95,61078
2025-06-25 07:30:00,318.95,319.3,318.9,319.25,51029
2025-06-25 07:35:00,319.2,319.35,318.7,318.7,67161
2025-06-25 07:40:00,318.8,319.2,318.65,318.85,75663
2025-06-25 07:45:00,318.9,318.9,318.25,318.45,54841
2025-06-25 07:50:00,318.6,318.75,318.25,318.3,87976
2025-06-25 07:55:00,318.45,318.5,318.1,318.1,67765
2025-06-25 08:00:00,318.1,318.25,317.5,318.05,118499
2025-06-25 08:05:00,318.1,318.25,317.85,318.05,125645
2025-06-25 08:10:00,318.0,318.3,317.95,318.25,61712
2025-06-25 08:15:00,318.2,318.25,317.9,318.2,47841
2025-06-25 08:20:00,318.15,318.2,317.9,318.05,54501
2025-06-25 08:25:00,318.1,318.15,316.85,316.9,108710
2025-06-25 08:30:00,316.9,317.1,316.6,317.0,55646
2025-06-25 08:35:00,317.0,317.5,316.85,317.35,28643
2025-06-25 08:40:00,317.5,317.85,317.3,317.85,26232
2025-06-25 08:45:00,317.85,317.9,317.35,317.8,46813
2025-06-25 08:50:00,317.7,317.85,317.5,317.65,49813
2025-06-25 08:55:00,317.65,318.0,317.55,318.0,31541
2025-06-25 09:00:00,317.9,318.0,317.4,317.65,39694
2025-06-25 09:05:00,317.65,317.9,317.6,317.85,32590
2025-06-25 09:10:00,317.85,317.95,317.85,317.9,29922
2025-06-25 09:15:00,317.95,318.15,317.9,318.0,31821
2025-06-25 09:20:00,318.05,318.3,317.9,318.15,47851
2025-06-25 09:25:00,318.3,318.9,318.15,318.7,67942
2025-06-25 09:30:00,318.75,319.35,318.7,319.3,115098
2025-06-25 09:35:00,319.45,319.7,318.95,319.65,143405
2025-06-25 09:40:00,319.75,319.95,319.55,319.6,122140
2025-06-25 09:45:00,319.6,320.05,319.55,319.7,222707
2025-06-25 09:50:00,319.7,320.0,319.6,319.75,158199
2025-06-25 09:55:00,319.75,319.9,318.8,318.8,130885
2025-06-26 03:45:00,318.85,321.95,318.85,320.3,172788
2025-06-26 03:50:00,320.45,322.3,320.45,321.65,203310
2025-06-26 03:55:00,321.65,322.7,321.5,322.5,91245
2025-06-26 04:00:00,322.7,323.8,322.55,323.5,329701
2025-06-26 04:05:00,323.5,323.9,323.05,323.4,161560
2025-06-26 04:10:00,323.4,326.65,323.4,326.45,747794
2025-06-26 04:15:00,326.45,326.9,324.6,324.85,423126
2025-06-26 04:20:00,324.8,324.8,323.7,323.85,171986
2025-06-26 04:25:00,323.85,325.4,323.8,325.15,290160
2025-06-26 04:30:00,325.25,325.6,324.85,325.05,123913
2025-06-26 04:35:00,325.05,325.45,324.55,324.65,233343
2025-06-26 04:40:00,324.65,324.95,324.1,324.6,78791
2025-06-26 04:45:00,324.6,325.9,324.6,325.7,113331
2025-06-26 04:50:00,325.8,328.3,325.7,328.0,620254
2025-06-26 04:55:00,327.85,328.8,327.5,327.7,408463
2025-06-26 05:00:00,327.75,327.8,326.25,326.25,374320
2025-06-26 05:05:00,326.25,326.5,325.65,326.05,149797
2025-06-26 05:10:00,326.05,326.9,326.05,326.5,156026
2025-06-26 05:15:00,326.5,327.3,326.4,326.55,179702
2025-06-26 05:20:00,326.7,327.25,326.25,326.5,212128
2025-06-26 05:25:00,326.4,326.85,325.9,326.6,126353
2025-06-26 05:30:00,326.55,327.6,326.55,327.55,167956
2025-06-26 05:35:00,327.5,327.9,327.05,327.85,151233
2025-06-26 05:40:00,327.85,327.85,327.1,327.5,141241
2025-06-26 05:45:00,327.5,327.5,326.95,327.3,114238
2025-06-26 05:50:00,327.4,327.6,326.5,327.4,179122
2025-06-26 05:55:00,327.5,327.85,326.6,326.9,320729
2025-06-26 06:00:00,327.05,327.3,325.95,326.25,375846
2025-06-26 06:05:00,326.05,326.7,325.8,325.95,476687
2025-06-26 06:10:00,325.95,326.15,325.6,325.7,219304
2025-06-26 06:15:00,325.7,325.85,324.9,325.0,414063
2025-06-26 06:20:00,325.0,325.45,324.85,325.3,233186
2025-06-26 06:25:00,325.4,326.0,325.25,326.0,81738
2025-06-26 06:30:00,326.0,326.2,325.25,325.25,92650
2025-06-26 06:35:00,325.35,325.65,325.0,325.2,162991
2025-06-26 06:40:00,325.0,326.35,324.75,325.55,374526
2025-06-26 06:45:00,325.55,325.55,324.15,324.15,239856
2025-06-26 06:50:00,324.15,324.9,323.75,324.65,122559
2025-06-26 06:55:00,324.8,325.0,324.6,325.0,47796
2025-06-26 07:00:00,324.9,325.5,324.8,325.15,143159
2025-06-26 07:05:00,325.15,325.9,325.05,325.05,217237
2025-06-26 07:10:00,325.2,325.3,324.8,325.0,157488
2025-06-26 07:15:00,325.15,325.3,324.85,325.15,151455
2025-06-26 07:20:00,325.15,325.95,324.95,325.7,81640
2025-06-26 07:25:00,325.7,326.0,324.9,325.1,184981
2025-06-26 07:30:00,325.15,325.6,325.0,325.25,70860
2025-06-26 07:35:00,325.25,326.0,325.25,325.5,220687
2025-06-26 07:40:00,325.5,325.9,325.45,325.55,44668
2025-06-26 07:45:00,325.65,325.75,324.9,324.9,75093
2025-06-26 07:50:00,325.0,325.25,324.8,325.15,78157
2025-06-26 07:55:00,325.15,325.8,325.0,325.65,131454
2025-06-26 08:00:00,325.65,326.15,325.65,326.05,204964
2025-06-26 08:05:00,326.0,326.5,325.3,326.25,106578
2025-06-26 08:10:00,326.2,326.45,325.95,326.15,65152
2025-06-26 08:15:00,326.15,326.6,326.05,326.2,64303
2025-06-26 08:20:00,326.2,327.0,326.15,326.95,110386
2025-06-26 08:25:00,326.95,327.0,326.4,326.5,61259
2025-06-26 08:30:00,326.5,327.0,326.5,326.7,63870
2025-06-26 08:35:00,326.65,327.2,326.35,327.2,113240
2025-06-26 08:40:00,327.15,327.2,326.7,327.1,92597
2025-06-26 08:45:00,327.1,327.7,326.95,327.05,192763
2025-06-26 08:50:00,327.1,327.25,326.4,326.9,90130
2025-06-26 08:55:00,326.9,327.1,326.0,326.3,120958
2025-06-26 09:00:00,326.3,327.3,326.3,326.9,132883
2025-06-26 09:05:00,326.9,327.1,326.65,326.95,77452
2025-06-26 09:10:00,326.95,327.3,326.8,327.3,94793
2025-06-26 09:15:00,327.3,327.95,327.2,327.55,128865
2025-06-26 09:20:00,327.6,327.8,327.35,327.65,77673
2025-06-26 09:25:00,327.8,327.85,327.55,327.6,109338
2025-06-26 09:30:00,327.75,329.5,327.75,329.5,521830
2025-06-26 09:35:00,329.45,330.0,328.95,329.3,422107
2025-06-26 09:40:00,329.45,329.95,329.25,329.8,470362
2025-06-26 09:45:00,329.85,330.7,329.85,330.15,625851
2025-06-26 09:50:00,330.3,330.7,330.0,330.6,405416
2025-06-26 09:55:00,330.7,331.0,330.0,330.0,319843
2025-06-27 03:45:00,330.0,330.45,327.4,329.55,294617
2025-06-27 03:50:00,329.55,331.0,329.4,330.95,181941
2025-06-27 03:55:00,330.9,331.35,330.0,330.15,108085
2025-06-27 04:00:00,330.0,330.3,329.05,329.05,165186
2025-06-27 04:05:00,329.05,329.8,328.75,329.25,88379
2025-06-27 04:10:00,329.25,329.25,328.5,328.55,82739
2025-06-27 04:15:00,328.6,329.75,328.4,329.55,106389
2025-06-27 04:20:00,329.4,329.7,329.1,329.65,70441
2025-06-27 04:25:00,329.5,329.5,328.5,328.75,51455
2025-06-27 04:30:00,328.9,329.4,328.8,328.95,30168
2025-06-27 04:35:00,328.95,329.65,328.95,329.45,62034
2025-06-27 04:40:00,329.6,329.8,329.05,329.55,59717
2025-06-27 04:45:00,329.55,330.5,329.55,329.85,103876
2025-06-27 04:50:00,329.95,329.95,329.6,329.9,24983
2025-06-27 04:55:00,329.9,329.9,329.25,329.75,21902
2025-06-27 05:00:00,329.75,330.3,329.55,330.05,102544
2025-06-27 05:05:00,330.15,330.9,329.65,330.9,77966
2025-06-27 05:10:00,330.8,331.7,330.3,330.55,138014
2025-06-27 05:15:00,330.55,330.65,329.8,330.1,57232
2025-06-27 05:20:00,330.15,330.45,329.95,330.35,49799
2025-06-27 05:25:00,330.45,330.45,329.9,329.95,66113
2025-06-27 05:30:00,330.0,330.6,329.9,330.55,57797
2025-06-27 05:35:00,330.4,333.75,330.4,333.3,545081
2025-06-27 05:40:00,333.3,333.45,332.0,332.05,162148
2025-06-27 05:45:00,331.8,332.65,331.25,331.5,269843
2025-06-27 05:50:00,331.35,332.35,331.3,332.35,77258
2025-06-27 05:55:00,332.3,332.35,331.55,331.9,87196
2025-06-27 06:00:00,331.9,332.2,331.75,332.1,87775
2025-06-27 06:05:00,332.05,332.9,332.05,332.8,314959
2025-06-27 06:10:00,332.85,332.9,332.3,332.4,154804
2025-06-27 06:15:00,332.45,332.45,331.7,331.85,168386
2025-06-27 06:20:00,331.8,332.0,330.8,331.25,111415
2025-06-27 06:25:00,331.2,331.8,331.1,331.8,39175
2025-06-27 06:30:00,331.8,332.55,331.2,332.3,227492
2025-06-27 06:35:00,332.15,332.5,331.85,332.1,95915
2025-06-27 06:40:00,332.1,333.5,331.95,332.85,295169
2025-06-27 06:45:00,332.7,333.45,332.3,333.45,403775
2025-06-27 06:50:00,333.4,333.75,332.45,332.95,589944
2025-06-27 06:55:00,332.95,334.2,332.5,333.65,321780
2025-06-27 07:00:00,333.65,333.8,332.65,332.8,46563
2025-06-27 07:05:00,332.8,332.95,332.25,332.7,74495
2025-06-27 07:10:00,332.6,332.85,332.4,332.6,56941
2025-06-27 07:15:00,332.55,332.6,332.35,332.6,37688
2025-06-27 07:20:00,332.4,332.85,332.4,332.8,29919
2025-06-27 07:25:00,332.85,332.9,332.45,332.7,37064
2025-06-27 07:30:00,332.55,333.2,332.35,332.4,83046
2025-06-27 07:35:00,332.4,332.85,332.25,332.55,42924
2025-06-27 07:40:00,332.55,332.55,331.55,331.9,45978
2025-06-27 07:45:00,331.8,332.0,331.55,332.0,59042
2025-06-27 07:50:00,332.0,332.0,331.65,331.95,37672
2025-06-27 07:55:00,331.75,332.6,331.7,332.35,170512
2025-06-27 08:00:00,332.35,332.6,331.8,332.0,51106
2025-06-27 08:05:00,331.85,332.0,331.5,331.65,43424
2025-06-27 08:10:00,331.5,331.9,331.35,331.7,40744
2025-06-27 08:15:00,331.55,331.85,331.55,331.8,27988
2025-06-27 08:20:00,331.75,331.75,331.15,331.55,46912
2025-06-27 08:25:00,331.4,331.65,331.2,331.65,24996
2025-06-27 08:30:00,331.65,332.75,331.5,332.75,187318
2025-06-27 08:35:00,332.7,333.35,331.95,332.5,280234
2025-06-27 08:40:00,332.35,333.3,332.35,333.25,88814
2025-06-27 08:45:00,333.15,333.95,332.8,333.65,102977
2025-06-27 08:50:00,333.6,333.8,332.85,333.1,56912
2025-06-27 08:55:00,333.0,333.2,332.65,333.1,51404
2025-06-27 09:00:00,333.0,333.15,332.4,332.7,63600
2025-06-27 09:05:00,332.55,333.05,332.5,332.75,79966
2025-06-27 09:10:00,332.75,333.1,332.55,332.8,166063
2025-06-27 09:15:00,332.7,332.95,332.55,332.8,79057
2025-06-27 09:20:00,332.75,332.9,332.15,332.85,102322
2025-06-27 09:25:00,332.6,333.0,332.5,332.8,69609
2025-06-27 09:30:00,332.8,333.3,332.55,332.85,277697
2025-06-27 09:35:00,332.65,333.15,332.6,333.1,279846
2025-06-27 09:40:00,332.9,333.45,332.35,333.4,348460
2025-06-27 09:45:00,333.25,333.8,333.1,333.1,320454
2025-06-27 09:50:00,332.95,333.1,332.35,332.6,267964
2025-06-27 09:55:00,332.45,333.0,332.25,333.0,177934
2025-06-30 03:45:00,334.0,336.9,333.0,335.4,309376
2025-06-30 03:50:00,335.45,336.5,335.3,336.05,135100
2025-06-30 03:55:00,336.15,337.7,335.2,335.65,298707
2025-06-30 04:00:00,335.65,336.2,335.1,335.65,106961
2025-06-30 04:05:00,335.6,336.0,334.65,334.7,137069
2025-06-30 04:10:00,334.7,334.85,334.2,334.55,60628
2025-06-30 04:15:00,334.8,335.25,334.5,334.8,52905
2025-06-30 04:20:00,334.8,334.85,334.05,334.15,126492
2025-06-30 04:25:00,334.15,334.25,333.9,333.9,67585
2025-06-30 04:30:00,333.9,334.5,333.8,334.05,51721
2025-06-30 04:35:00,334.1,334.7,334.05,334.15,31982
2025-06-30 04:40:00,334.15,334.95,334.1,334.1,38797
2025-06-30 04:45:00,334.1,335.7,334.1,335.45,95590
2025-06-30 04:50:00,335.55,336.0,335.3,335.45,78402
2025-06-30 04:55:00,335.45,335.55,335.0,335.3,22180
2025-06-30 05:00:00,335.2,335.4,334.3,334.45,40431
2025-06-30 05:05:00,334.35,334.45,333.55,334.05,616307
2025-06-30 05:10:00,334.05,334.8,334.0,334.5,34964
2025-06-30 05:15:00,334.55,335.05,334.35,334.75,21634
2025-06-30 05:20:00,334.75,335.1,334.6,334.9,21386
2025-06-30 05:25:00,334.95,335.0,334.4,334.95,107175
2025-06-30 05:30:00,335.0,335.2,334.7,334.8,19127
2025-06-30 05:35:00,334.85,335.2,334.65,335.05,18155
2025-06-30 05:40:00,335.05,335.25,334.85,334.85,18355
2025-06-30 05:45:00,334.9,335.2,334.55,334.75,69289
2025-06-30 05:50:00,334.75,334.9,334.6,334.85,22977
2025-06-30 05:55:00,334.85,335.1,334.7,334.95,26684
2025-06-30 06:00:00,334.95,335.25,334.8,335.1,19444
2025-06-30 06:05:00,335.1,335.35,335.05,335.05,17270
2025-06-30 06:10:00,335.05,335.05,334.25,334.4,288021
2025-06-30 06:15:00,334.55,335.05,334.5,334.9,23118
2025-06-30 06:20:00,334.9,335.0,334.85,334.95,20299
2025-06-30 06:25:00,335.0,335.0,334.05,334.05,86110
2025-06-30 06:30:00,334.25,334.45,333.3,333.8,254354
2025-06-30 06:35:00,333.95,333.95,332.35,332.55,265664
2025-06-30 06:40:00,332.5,332.55,332.05,332.15,101996
2025-06-30 06:45:00,332.1,332.7,331.8,331.95,108654
2025-06-30 06:50:00,331.95,332.1,330.85,331.05,102157
2025-06-30 06:55:00,331.1,331.45,330.35,330.45,66605
2025-06-30 07:00:00,330.45,330.9,330.4,330.75,86616
2025-06-30 07:05:00,330.8,331.05,330.5,330.85,36382
2025-06-30 07:10:00,330.8,331.35,330.8,331.15,33279
2025-06-30 07:15:00,331.3,331.75,331.1,331.6,21539
2025-06-30 07:20:00,331.55,331.7,331.3,331.4,19242
2025-06-30 07:25:00,331.4,331.5,331.0,331.0,23193
2025-06-30 07:30:00,331.05,331.9,330.65,331.6,56063
2025-06-30 07:35:00,331.65,331.8,331.4,331.65,13340
2025-06-30 07:40:00,331.5,331.65,331.4,331.55,9446
2025-06-30 07:45:00,331.45,332.25,331.25,332.0,50090
2025-06-30 07:50:00,332.0,332.1,331.4,331.55,44683
2025-06-30 07:55:00,331.55,332.2,331.55,331.85,22184
2025-06-30 08:00:00,331.85,332.1,331.55,331.6,47198
2025-06-30 08:05:00,331.6,331.65,331.35,331.4,17671
2025-06-30 08:10:00,331.35,331.65,330.8,330.8,46672
2025-06-30 08:15:00,330.8,332.2,330.8,332.2,60076
2025-06-30 08:20:00,332.15,332.55,331.5,332.0,111323
2025-06-30 08:25:00,331.9,332.1,331.25,331.5,36245
2025-06-30 08:30:00,331.55,331.7,331.2,331.4,28020
2025-06-30 08:35:00,331.3,332.05,331.3,331.85,22609
2025-06-30 08:40:00,331.8,332.2,331.8,332.2,30988
2025-06-30 08:45:00,332.0,332.25,331.9,331.95,29890
2025-06-30 08:50:00,331.95,332.2,331.85,332.1,30056
2025-06-30 08:55:00,332.0,332.2,331.75,331.95,31291
2025-06-30 09:00:00,331.85,332.2,331.8,331.85,32388
2025-06-30 09:05:00,331.85,332.15,331.8,332.15,31506
2025-06-30 09:10:00,332.15,332.2,331.9,332.05,42926
2025-06-30 09:15:00,332.05,332.4,331.95,332.1,55369
2025-06-30 09:20:00,332.05,332.3,331.9,332.2,37794
2025-06-30 09:25:00,332.2,332.5,331.95,332.15,43525
2025-06-30 09:30:00,332.1,332.2,331.85,332.1,91596
2025-06-30 09:35:00,332.05,332.3,331.75,331.9,104228
2025-06-30 09:40:00,332.0,332.0,331.85,331.95,96631
2025-06-30 09:45:00,332.0,332.0,331.75,331.9,114943
2025-06-30 09:50:00,331.95,332.15,331.7,332.0,143253
2025-06-30 09:55:00,331.95,332.3,331.3,331.5,154014
2025-07-01 03:45:00,331.55,333.55,330.9,333.35,242270
2025-07-01 03:50:00,333.35,334.85,333.2,334.5,182272
2025-07-01 03:55:00,334.5,335.2,334.4,335.0,90842
2025-07-01 04:00:00,335.1,335.5,334.4,334.75,126715
2025-07-01 04:05:00,334.75,334.75,334.0,334.0,71480
2025-07-01 04:10:00,334.0,334.45,333.3,333.8,65823
2025-07-01 04:15:00,333.8,334.45,333.8,334.45,51615
2025-07-01 04:20:00,334.45,334.75,334.45,334.55,40553
2025-07-01 04:25:00,334.65,334.9,334.4,334.5,61223
2025-07-01 04:30:00,334.5,334.55,334.0,334.1,44014
2025-07-01 04:35:00,334.15,335.0,334.05,334.7,49310
2025-07-01 04:40:00,334.7,334.85,334.15,334.35,23591
2025-07-01 04:45:00,334.25,334.25,334.05,334.25,29902
2025-07-01 04:50:00,334.2,334.25,333.2,333.3,77438
2025-07-01 04:55:00,333.4,334.3,333.3,334.1,46773
2025-07-01 05:00:00,334.1,334.3,333.6,334.0,34028
2025-07-01 05:05:00,334.05,334.05,332.6,333.0,91365
2025-07-01 05:10:00,332.95,333.25,332.65,332.65,31129
2025-07-01 05:15:00,332.65,332.8,332.15,332.35,58292
2025-07-01 05:20:00,332.15,332.7,332.1,332.25,34152
2025-07-01 05:25:00,332.4,332.4,332.1,332.15,20055
2025-07-01 05:30:00,332.15,332.15,331.6,332.0,72025
2025-07-01 05:35:00,331.9,332.55,331.85,332.3,16830
2025-07-01 05:40:00,332.3,332.6,332.25,332.3,20604
2025-07-01 05:45:00,332.3,332.5,331.9,331.9,24418
2025-07-01 05:50:00,331.8,332.5,331.8,332.3,26775
2025-07-01 05:55:00,332.3,332.95,332.3,332.6,31430
2025-07-01 06:00:00,332.6,332.8,332.1,332.25,26784
2025-07-01 06:05:00,332.1,332.55,332.1,332.4,17216
2025-07-01 06:10:00,332.5,332.5,332.25,332.25,16556
2025-07-01 06:15:00,332.25,332.4,331.8,331.85,29645
2025-07-01 06:20:00,332.0,332.0,331.2,331.3,61323
2025-07-01 06:25:00,331.45,331.65,331.3,331.5,26551
2025-07-01 06:30:00,331.55,331.55,331.2,331.45,16693
2025-07-01 06:35:00,331.3,331.9,331.25,331.9,46032
2025-07-01 06:40:00,331.9,332.0,331.5,331.8,33020
2025-07-01 06:45:00,331.8,331.85,331.5,331.8,12851
2025-07-01 06:50:00,331.8,332.05,331.6,332.0,37174
2025-07-01 06:55:00,332.0,332.0,331.55,331.55,33994
2025-07-01 07:00:00,331.55,331.9,331.4,331.7,23079
2025-07-01 07:05:00,331.55,332.05,331.55,331.85,37506
2025-07-01 07:10:00,331.85,332.0,331.65,331.65,35604
2025-07-01 07:15:00,331.7,331.75,331.4,331.7,17143
2025-07-01 07:20:00,331.6,332.0,331.5,331.6,24513
2025-07-01 07:25:00,331.6,332.0,331.55,331.6,16769
2025-07-01 07:30:00,331.75,332.5,331.75,332.5,29108
2025-07-01 07:35:00,332.5,332.5,331.4,331.4,46165
2025-07-01 07:40:00,331.45,332.0,331.4,331.65,28219
2025-07-01 07:45:00,331.7,331.75,331.25,331.25,14389
2025-07-01 07:50:00,331.35,331.55,331.2,331.35,27256
2025-07-01 07:55:00,331.35,331.55,331.2,331.3,19499
2025-07-01 08:00:00,331.3,331.55,331.25,331.5,15684
2025-07-01 08:05:00,331.5,331.55,331.15,331.3,27684
2025-07-01 08:10:00,331.3,331.7,331.3,331.5,20560
2025-07-01 08:15:00,331.5,332.0,331.5,331.8,22196
2025-07-01 08:20:00,331.95,332.0,331.3,331.6,32306
2025-07-01 08:25:00,331.6,331.85,331.5,331.7,24075
2025-07-01 08:30:00,331.8,331.95,331.7,331.75,16754
2025-07-01 08:35:00,331.75,333.3,331.75,333.0,106804
2025-07-01 08:40:00,333.0,333.3,332.8,333.05,33396
2025-07-01 08:45:00,333.05,333.1,332.45,332.45,32544
2025-07-01 08:50:00,332.5,332.7,332.3,332.3,25182
2025-07-01 08:55:00,332.35,332.35,331.6,331.6,74683
2025-07-01 09:00:00,331.6,332.0,331.6,331.8,28553
2025-07-01 09:05:00,332.0,332.1,331.65,331.75,121004
2025-07-01 09:10:00,331.75,331.85,331.6,331.6,13881
2025-07-01 09:15:00,331.65,331.7,331.6,331.6,12763
2025-07-01 09:20:00,331.6,332.0,331.6,332.0,32688
2025-07-01 09:25:00,332.1,332.8,331.9,331.9,55728
2025-07-01 09:30:00,331.95,332.1,331.9,332.0,79954
2025-07-01 09:35:00,332.05,332.05,331.75,331.75,82924
2025-07-01 09:40:00,331.8,332.05,331.75,332.0,109602
2025-07-01 09:45:00,331.95,332.45,331.9,332.45,158606
2025-07-01 09:50:00,332.45,332.7,331.85,331.9,273230
2025-07-01 09:55:00,331.85,332.0,331.5,331.7,178691
2025-07-02 03:45:00,333.7,334.95,332.4,332.4,203834
2025-07-02 03:50:00,332.4,332.75,332.0,332.7,103536
2025-07-02 03:55:00,332.8,333.3,332.5,332.65,70765
2025-07-02 04:00:00,332.55,332.85,332.1,332.6,30373
2025-07-02 04:05:00,332.6,332.7,332.5,332.7,14727
2025-07-02 04:10:00,332.7,332.7,331.75,332.25,39687
2025-07-02 04:15:00,332.25,333.0,332.1,333.0,53479
2025-07-02 04:20:00,332.95,333.4,332.9,333.15,59733
2025-07-02 04:25:00,333.15,333.25,332.7,332.7,25780
2025-07-02 04:30:00,332.85,333.25,332.6,332.9,28821
2025-07-02 04:35:00,333.0,333.05,332.2,332.6,16382
2025-07-02 04:40:00,332.6,332.9,332.5,332.8,12589
2025-07-02 04:45:00,332.8,332.95,332.5,332.85,15250
2025-07-02 04:50:00,333.0,333.25,332.85,333.2,18690
2025-07-02 04:55:00,333.15,333.2,333.0,333.0,9462
2025-07-02 05:00:00,333.0,333.15,332.4,332.4,13489
2025-07-02 05:05:00,332.35,332.5,331.9,332.05,36796
2025-07-02 05:10:00,331.95,332.2,331.8,332.1,29064
2025-07-02 05:15:00,332.1,332.1,331.3,331.7,65973
2025-07-02 05:20:00,331.8,332.15,331.7,332.0,10696
2025-07-02 05:25:00,332.15,332.45,332.05,332.2,18818
2025-07-02 05:30:00,332.3,332.45,332.1,332.35,20087
2025-07-02 05:35:00,332.35,332.7,332.25,332.55,16747
2025-07-02 05:40:00,332.6,332.8,332.45,332.8,15025
2025-07-02 05:45:00,332.8,332.85,332.15,332.35,23232
2025-07-02 05:50:00,332.45,333.2,332.35,333.05,26525
2025-07-02 05:55:00,333.1,333.75,333.05,333.75,45719
2025-07-02 06:00:00,333.7,333.75,333.0,333.05,25969
2025-07-02 06:05:00,333.2,333.2,332.2,332.3,35535
2025-07-02 06:10:00,332.2,332.35,331.5,332.15,113554
2025-07-02 06:15:00,332.3,332.55,332.0,332.25,28655
2025-07-02 06:20:00,332.25,332.65,332.0,332.25,58415
2025-07-02 06:25:00,332.2,332.35,332.0,332.25,64933
2025-07-02 06:30:00,332.25,332.25,331.65,331.75,16753
2025-07-02 06:35:00,331.9,332.2,331.75,332.1,8841
2025-07-02 06:40:00,332.1,332.2,331.8,332.15,12152
2025-07-02 06:45:00,332.05,332.2,331.1,331.3,110288
2025-07-02 06:50:00,331.3,331.45,331.2,331.35,10298
2025-07-02 06:55:00,331.35,331.45,331.15,331.15,14674
2025-07-02 07:00:00,331.15,331.45,331.15,331.45,10394
2025-07-02 07:05:00,331.45,331.45,331.2,331.3,8000
2025-07-02 07:10:00,331.45,331.45,331.15,331.15,26207
2025-07-02 07:15:00,331.3,331.3,330.7,330.8,43297
2025-07-02 07:20:00,330.8,330.8,330.15,330.4,49393
2025-07-02 07:25:00,330.4,330.8,330.3,330.7,13694
2025-07-02 07:30:00,330.75,331.0,330.65,330.95,12797
2025-07-02 07:35:00,331.0,331.0,330.7,330.8,12825
2025-07-02 07:40:00,330.7,330.8,330.2,330.2,33922
2025-07-02 07:45:00,330.25,330.25,329.8,330.0,47316
2025-07-02 07:50:00,329.9,330.0,329.75,329.9,18122
2025-07-02 07:55:00,329.8,329.95,329.4,329.4,28045
2025-07-02 08:00:00,329.5,329.85,329.35,329.45,69860
2025-07-02 08:05:00,329.45,329.5,328.85,329.15,112851
2025-07-02 08:10:00,329.15,329.4,328.95,329.0,108983
2025-07-02 08:15:00,328.95,329.0,328.8,328.95,23652
2025-07-02 08:20:00,328.85,329.0,328.85,329.0,63842
2025-07-02 08:25:00,329.0,329.0,328.9,329.0,52724
2025-07-02 08:30:00,329.0,329.95,328.95,329.95,128479
2025-07-02 08:35:00,329.95,330.0,329.2,329.45,68223
2025-07-02 08:40:00,329.5,330.8,329.5,330.75,221429
2025-07-02 08:45:00,330.75,331.1,330.7,331.1,52002
2025-07-02 08:50:00,331.1,331.1,330.1,330.45,45825
2025-07-02 08:55:00,330.4,330.55,330.3,330.5,53752
2025-07-02 09:00:00,330.45,330.55,329.95,330.25,186142
2025-07-02 09:05:00,330.3,330.3,329.9,330.0,26357
2025-07-02 09:10:00,329.95,330.15,329.75,330.0,32847
2025-07-02 09:15:00,330.0,330.8,329.9,330.6,184306
2025-07-02 09:20:00,330.6,330.6,330.25,330.4,27998
2025-07-02 09:25:00,330.35,330.5,330.25,330.5,22637
2025-07-02 09:30:00,330.8,331.8,330.7,331.8,85543
2025-07-02 09:35:00,331.75,332.15,331.75,332.15,49262
2025-07-02 09:40:00,332.1,332.1,331.7,331.8,84359
2025-07-02 09:45:00,331.8,332.0,331.7,331.9,74701
2025-07-02 09:50:00,331.95,332.3,331.7,332.2,81481
2025-07-02 09:55:00,332.25,332.3,331.6,331.95,111466
2025-07-03 03:45:00,333.0,333.6,331.65,332.1,155097
2025-07-03 03:50:00,332.0,332.6,331.8,332.25,47562
2025-07-03 03:55:00,332.1,333.65,332.1,332.45,66019
2025-07-03 04:00:00,332.4,335.3,332.35,335.3,167786
2025-07-03 04:05:00,335.3,335.55,334.1,334.1,60947
2025-07-03 04:10:00,334.25,334.4,333.9,334.1,26488
2025-07-03 04:15:00,334.05,334.5,333.6,334.25,31617
2025-07-03 04:20:00,334.25,334.65,333.55,333.75,66777
2025-07-03 04:25:00,333.75,333.85,333.5,333.7,15147
2025-07-03 04:30:00,333.8,334.15,333.7,334.0,66719
2025-07-03 04:35:00,333.95,334.05,333.75,334.0,20818
2025-07-03 04:40:00,334.0,334.15,333.85,333.95,19277
2025-07-03 04:45:00,334.0,334.4,333.95,334.2,24823
2025-07-03 04:50:00,334.2,335.4,334.05,334.6,107354
2025-07-03 04:55:00,334.6,334.65,334.2,334.3,17078
2025-07-03 05:00:00,334.2,334.55,334.2,334.45,20230
2025-07-03 05:05:00,334.45,334.5,333.5,333.6,43501
2025-07-03 05:10:00,333.5,333.85,333.5,333.8,48869
2025-07-03 05:15:00,333.65,333.65,333.25,333.35,56630
2025-07-03 05:20:00,333.25,333.65,332.9,333.5,306018
2025-07-03 05:25:00,333.55,333.6,333.5,333.6,40274
2025-07-03 05:30:00,333.7,333.8,333.3,333.4,532195
2025-07-03 05:35:00,333.5,333.7,333.35,333.6,28848
2025-07-03 05:40:00,333.5,334.15,333.4,334.1,70610
2025-07-03 05:45:00,334.1,334.15,333.75,333.85,48325
2025-07-03 05:50:00,333.8,333.9,333.5,333.6,225684
2025-07-03 05:55:00,333.6,333.75,332.55,332.65,471794
2025-07-03 06:00:00,332.65,332.7,332.15,332.5,25540
2025-07-03 06:05:00,332.5,332.65,331.95,332.05,33328
2025-07-03 06:10:00,332.05,332.1,331.7,331.85,34650
2025-07-03 06:15:00,331.9,332.15,331.85,332.15,29852
2025-07-03 06:20:00,332.2,332.35,332.05,332.15,24557
2025-07-03 06:25:00,332.15,332.35,331.95,332.0,45582
2025-07-03 06:30:00,332.1,332.2,331.8,331.85,31051
2025-07-03 06:35:00,331.85,332.0,331.8,331.95,16642
2025-07-03 06:40:00,331.95,332.0,331.8,331.8,27734
2025-07-03 06:45:00,331.8,331.85,331.05,331.15,82114
2025-07-03 06:50:00,331.15,331.3,331.05,331.15,146877
2025-07-03 06:55:00,331.05,331.15,331.0,331.15,41065
2025-07-03 07:00:00,331.15,331.15,331.05,331.1,20799
2025-07-03 07:05:00,331.1,331.15,330.9,331.0,33900
2025-07-03 07:10:00,331.1,331.2,330.95,331.15,31560
2025-07-03 07:15:00,331.2,331.85,331.15,331.65,20114
2025-07-03 07:20:00,331.65,332.1,331.25,331.7,212145
2025-07-03 07:25:00,331.55,331.75,331.55,331.55,13648
2025-07-03 07:30:00,331.7,331.75,331.5,331.75,22202
2025-07-03 07:35:00,331.75,331.75,331.35,331.4,64425
2025-07-03 07:40:00,331.45,331.5,330.95,331.45,175377
2025-07-03 07:45:00,331.5,331.8,331.4,331.8,23274
2025-07-03 07:50:00,331.75,332.0,331.65,331.8,37298
2025-07-03 07:55:00,331.9,331.95,331.5,331.85,30326
2025-07-03 08:00:00,331.8,331.95,331.65,331.75,12910
2025-07-03 08:05:00,331.7,332.0,331.7,331.95,22989
2025-07-03 08:10:00,332.0,332.2,331.75,331.9,56529
2025-07-03 08:15:00,332.0,332.0,331.2,331.55,25327
2025-07-03 08:20:00,331.7,331.75,331.25,331.45,19734
2025-07-03 08:25:00,331.65,331.75,331.3,331.6,14461
2025-07-03 08:30:00,331.65,331.75,331.5,331.7,8848
2025-07-03 08:35:00,331.85,331.9,331.6,331.7,20583
2025-07-03 08:40:00,331.7,331.8,331.65,331.75,11905
2025-07-03 08:45:00,331.8,331.9,331.7,331.75,20387
2025-07-03 08:50:00,331.85,331.95,331.7,331.75,16176
2025-07-03 08:55:00,331.75,331.75,331.25,331.3,22815
2025-07-03 09:00:00,331.35,331.4,330.85,331.0,109004
2025-07-03 09:05:00,331.0,331.15,330.55,330.65,50991
2025-07-03 09:10:00,330.65,331.0,330.65,331.0,16720
2025-07-03 09:15:00,331.0,331.15,330.8,331.0,51931
2025-07-03 09:20:00,331.1,331.65,331.0,331.5,81808
2025-07-03 09:25:00,331.6,331.95,331.5,331.65,46129
2025-07-03 09:30:00,331.65,331.85,331.65,331.65,46369
2025-07-03 09:35:00,331.65,331.75,331.6,331.75,49059
2025-07-03 09:40:00,331.65,331.75,331.6,331.75,57844
2025-07-03 09:45:00,331.75,331.75,331.45,331.7,78241
2025-07-03 09:50:00,331.75,331.75,331.1,331.2,85969
2025-07-03 09:55:00,331.05,331.3,330.9,331.15,112544
2025-07-04 03:45:00,334.0,334.4,331.9,333.8,345992
2025-07-04 03:50:00,333.65,335.4,333.05,335.2,320642
2025-07-04 03:55:00,335.2,335.2,334.1,334.1,69962
2025-07-04 04:00:00,333.9,334.05,333.2,333.6,70362
2025-07-04 04:05:00,333.6,333.95,333.55,333.7,40963
2025-07-04 04:10:00,333.7,334.5,333.5,333.85,95929
2025-07-04 04:15:00,333.75,334.45,333.7,334.25,102979
2025-07-04 04:20:00,334.2,334.75,333.85,334.4,58313
2025-07-04 04:25:00,334.5,334.5,334.0,334.0,25933
2025-07-04 04:30:00,334.05,334.2,333.65,334.0,42645
2025-07-04 04:35:00,334.0,334.15,333.95,334.15,23692
2025-07-04 04:40:00,334.15,334.15,333.95,334.1,22179
2025-07-04 04:45:00,334.05,334.75,334.0,334.65,45562
2025-07-04 04:50:00,334.55,334.65,334.1,334.25,38422
2025-07-04 04:55:00,334.2,335.2,334.15,335.05,124497
2025-07-04 05:00:00,335.0,335.25,334.95,335.05,65216
2025-07-04 05:05:00,335.0,335.75,335.0,335.5,93410
2025-07-04 05:10:00,335.45,335.9,335.4,335.45,72965
2025-07-04 05:15:00,335.4,335.75,335.4,335.5,43481
2025-07-04 05:20:00,335.5,335.7,335.25,335.25,25094
2025-07-04 05:25:00,335.3,335.3,335.05,335.25,25081
2025-07-04 05:30:00,335.05,335.2,335.0,335.2,52544
2025-07-04 05:35:00,335.1,335.7,335.05,335.6,62599
2025-07-04 05:40:00,335.6,336.2,335.4,336.15,140025
2025-07-04 05:45:00,336.15,337.3,336.05,337.15,241612
2025-07-04 05:50:00,337.1,338.5,337.0,338.0,555508
2025-07-04 05:55:00,338.0,339.2,338.0,339.0,292193
2025-07-04 06:00:00,338.9,342.8,338.9,342.25,964333
2025-07-04 06:05:00,342.25,344.15,341.5,342.65,1089225
2025-07-04 06:10:00,342.5,343.8,342.1,343.55,340885
2025-07-04 06:15:00,343.55,343.9,340.8,341.4,953136
2025-07-04 06:20:00,341.5,341.85,340.8,341.0,151787
2025-07-04 06:25:00,340.95,341.25,340.55,340.9,115612
2025-07-04 06:30:00,340.9,341.7,340.85,341.45,110133
2025-07-04 06:35:00,341.3,341.45,340.6,341.25,80712
2025-07-04 06:40:00,341.15,341.4,340.85,340.95,82100
2025-07-04 06:45:00,340.95,341.65,340.85,341.55,67252
2025-07-04 06:50:00,341.6,342.2,341.1,341.2,92693
2025-07-04 06:55:00,341.1,341.85,341.0,341.55,87279
2025-07-04 07:00:00,341.55,341.75,341.2,341.25,54094
2025-07-04 07:05:00,341.2,341.35,341.0,341.15,75231
2025-07-04 07:10:00,341.05,341.4,341.0,341.2,47327
2025-07-04 07:15:00,341.2,341.35,339.8,340.05,455586
2025-07-04 07:20:00,340.05,340.4,339.4,339.65,339320
2025-07-04 07:25:00,339.65,340.4,339.35,340.15,95620
2025-07-04 07:30:00,340.15,340.4,339.95,340.0,49290
2025-07-04 07:35:00,340.0,341.35,339.95,341.15,309734
2025-07-04 07:40:00,341.15,341.6,341.05,341.1,184267
2025-07-04 07:45:00,341.1,341.45,340.0,340.25,235672
2025-07-04 07:50:00,340.25,340.45,340.1,340.35,44812
2025-07-04 07:55:00,340.35,340.45,340.15,340.15,33400
2025-07-04 08:00:00,340.15,340.5,340.0,340.2,35359
2025-07-04 08:05:00,340.2,340.5,340.2,340.35,27472
2025-07-04 08:10:00,340.25,340.7,340.25,340.45,30534
2025-07-04 08:15:00,340.4,340.75,340.3,340.4,30988
2025-07-04 08:20:00,340.4,340.75,340.35,340.45,47618
2025-07-04 08:25:00,340.5,341.0,340.35,340.95,61239
2025-07-04 08:30:00,340.8,341.0,340.0,340.45,60745
2025-07-04 08:35:00,340.45,340.7,340.35,340.6,35650
2025-07-04 08:40:00,340.6,340.65,340.35,340.5,35484
2025-07-04 08:45:00,340.5,340.65,340.15,340.15,49103
2025-07-04 08:50:00,340.3,340.8,339.9,340.75,108449
2025-07-04 08:55:00,340.75,341.0,340.5,340.75,36632
2025-07-04 09:00:00,340.75,341.7,340.65,341.7,96620
2025-07-04 09:05:00,341.6,342.7,341.6,342.35,158676
2025-07-04 09:10:00,342.5,342.85,342.35,342.75,98088
2025-07-04 09:15:00,342.8,343.35,342.7,343.0,162309
2025-07-04 09:20:00,343.15,344.0,343.0,343.25,185303
2025-07-04 09:25:00,343.3,345.1,343.1,345.0,530725
2025-07-04 09:30:00,345.05,345.95,344.6,344.85,562717
2025-07-04 09:35:00,344.85,346.3,344.45,345.65,549583
2025-07-04 09:40:00,345.55,346.5,345.4,346.15,322921
2025-07-04 09:45:00,346.15,347.7,346.15,347.0,655411
2025-07-04 09:50:00,347.1,347.5,346.6,346.6,412810
2025-07-04 09:55:00,346.55,347.3,345.1,345.9,283477
2025-07-07 03:45:00,345.8,349.85,345.05,347.25,829403
2025-07-07 03:50:00,347.25,347.3,345.45,345.6,248634
2025-07-07 03:55:00,345.6,345.9,345.0,345.15,227010
2025-07-07 04:00:00,345.25,346.0,345.25,345.4,114947
2025-07-07 04:05:00,345.4,345.75,344.2,344.55,144735
2025-07-07 04:10:00,344.6,344.9,344.05,344.55,127972
2025-07-07 04:15:00,344.45,344.5,343.45,344.0,140032
2025-07-07 04:20:00,344.1,344.9,344.0,344.9,67053
2025-07-07 04:25:00,344.9,344.9,344.0,344.2,52782
2025-07-07 04:30:00,344.2,344.3,343.8,343.85,50156
2025-07-07 04:35:00,344.05,344.3,343.8,343.95,51269
2025-07-07 04:40:00,343.95,344.45,343.8,344.1,43213
2025-07-07 04:45:00,344.2,346.25,344.0,346.25,177850
2025-07-07 04:50:00,346.3,347.0,346.15,346.5,98241
2025-07-07 04:55:00,346.6,347.5,346.2,346.5,104012
2025-07-07 05:00:00,346.7,346.9,346.15,346.15,34437
2025-07-07 05:05:00,346.3,346.45,345.7,345.95,93132
2025-07-07 05:10:00,345.95,346.9,345.95,346.65,30903
2025-07-07 05:15:00,346.8,347.55,346.5,347.35,58931
2025-07-07 05:20:00,347.45,347.9,347.35,347.9,90199
2025-07-07 05:25:00,347.8,348.45,347.8,348.15,80940
2025-07-07 05:30:00,348.1,348.5,348.05,348.25,72218
2025-07-07 05:35:00,348.2,349.35,348.2,349.1,150930
2025-07-07 05:40:00,349.1,349.2,348.6,348.7,94244
2025-07-07 05:45:00,348.8,349.4,348.75,349.0,96108
2025-07-07 05:50:00,349.15,349.15,348.15,348.7,143844
2025-07-07 05:55:00,348.7,349.15,348.7,349.0,71734
2025-07-07 06:00:00,348.9,349.25,348.55,348.95,53269
2025-07-07 06:05:00,348.95,349.25,348.85,349.15,50978
2025-07-07 06:10:00,349.05,349.55,349.05,349.5,125756
2025-07-07 06:15:00,349.5,349.5,348.95,349.05,74276
2025-07-07 06:20:00,349.15,349.4,348.9,349.15,61690
2025-07-07 06:25:00,349.15,349.25,348.9,349.15,67040
2025-07-07 06:30:00,349.15,349.5,349.0,349.15,60731
2025-07-07 06:35:00,349.15,349.45,348.7,348.85,55987
2025-07-07 06:40:00,349.0,349.35,348.3,349.05,96833
2025-07-07 06:45:00,349.1,349.25,348.9,349.05,120777
2025-07-07 06:50:00,349.05,349.8,349.05,349.8,90537
2025-07-07 06:55:00,349.75,349.8,349.0,349.1,84124
2025-07-07 07:00:00,349.1,349.55,349.0,349.1,63232
2025-07-07 07:05:00,349.15,349.35,349.0,349.2,54004
2025-07-07 07:10:00,349.2,349.35,348.85,349.0,89078
2025-07-07 07:15:00,349.0,349.15,347.7,348.0,245673
2025-07-07 07:20:00,347.85,348.6,347.5,348.25,89438
2025-07-07 07:25:00,348.3,348.45,347.5,348.05,129633
2025-07-07 07:30:00,348.05,348.65,347.75,348.35,74166
2025-07-07 07:35:00,348.5,348.7,348.0,348.6,83355
2025-07-07 07:40:00,348.45,348.75,348.2,348.7,66273
2025-07-07 07:45:00,348.75,348.9,348.5,348.85,63426
2025-07-07 07:50:00,348.75,349.0,348.6,348.8,68818
2025-07-07 07:55:00,348.7,349.35,348.7,349.05,66958
2025-07-07 08:00:00,348.75,349.15,348.7,349.0,57413
2025-07-07 08:05:00,349.1,349.15,348.6,348.75,67296
2025-07-07 08:10:00,348.75,348.95,348.3,348.95,70573
2025-07-07 08:15:00,348.8,350.0,348.65,349.75,405076
2025-07-07 08:20:00,349.65,350.4,349.55,349.8,201185
2025-07-07 08:25:00,349.7,349.8,349.2,349.65,100956
2025-07-07 08:30:00,349.65,349.75,349.25,349.7,69677
2025-07-07 08:35:00,349.55,349.75,349.3,349.6,61338
2025-07-07 08:40:00,349.5,349.7,349.25,349.5,68863
2025-07-07 08:45:00,349.4,349.85,349.3,349.75,83430
2025-07-07 08:50:00,349.6,349.95,349.5,349.65,79214
2025-07-07 08:55:00,349.55,349.85,349.45,349.75,51073
2025-07-07 09:00:00,349.55,349.8,349.15,349.4,72198
2025-07-07 09:05:00,349.45,349.85,349.35,349.85,56071
2025-07-07 09:10:00,349.7,350.0,349.65,349.75,60187
2025-07-07 09:15:00,349.75,349.75,349.05,349.3,90307
2025-07-07 09:20:00,349.25,349.5,349.15,349.4,69413
2025-07-07 09:25:00,349.45,349.8,349.3,349.75,72096
2025-07-07 09:30:00,349.75,350.0,349.75,349.85,115168
2025-07-07 09:35:00,349.8,350.0,349.7,349.9,90558
2025-07-07 09:40:00,349.9,350.9,349.8,350.75,296801
2025-07-07 09:45:00,350.55,350.75,350.05,350.45,270770
2025-07-07 09:50:00,350.4,351.4,350.25,351.25,358540
2025-07-07 09:55:00,351.1,351.55,350.25,350.5,202952
2025-07-08 03:45:00,350.0,352.15,348.7,351.35,385918
2025-07-08 03:50:00,351.35,352.6,351.0,352.6,187237
2025-07-08 03:55:00,352.6,352.8,352.0,352.35,193024
2025-07-08 04:00:00,352.35,353.0,352.0,352.3,154328
2025-07-08 04:05:00,352.3,353.0,352.0,352.85,96744
2025-07-08 04:10:00,352.9,353.45,352.25,352.55,165436
2025-07-08 04:15:00,352.65,352.9,352.25,352.4,86392
2025-07-08 04:20:00,352.35,352.8,351.8,352.05,130849
2025-07-08 04:25:00,352.0,352.55,351.9,352.05,54090
2025-07-08 04:30:00,352.05,352.5,352.0,352.45,45394
2025-07-08 04:35:00,352.3,352.5,351.65,351.9,87302
2025-07-08 04:40:00,351.75,352.35,351.6,352.25,51077
2025-07-08 04:45:00,352.35,353.1,352.25,352.8,98887
2025-07-08 04:50:00,352.8,352.95,352.1,352.15,94135
2025-07-08 04:55:00,352.15,355.8,352.15,354.65,1002292
2025-07-08 05:00:00,354.75,354.8,353.6,354.35,440657
2025-07-08 05:05:00,354.35,354.5,354.0,354.1,161525
2025-07-08 05:10:00,354.15,354.75,354.1,354.35,143209
2025-07-08 05:15:00,354.45,354.7,354.05,354.35,86897
2025-07-08 05:20:00,354.35,355.6,354.2,355.5,241060
2025-07-08 05:25:00,355.5,356.85,355.15,356.5,430552
2025-07-08 05:30:00,356.5,356.7,355.8,356.25,171598
2025-07-08 05:35:00,356.25,356.5,355.6,355.7,234124
2025-07-08 05:40:00,355.9,356.4,355.6,356.0,100134
2025-07-08 05:45:00,355.95,356.9,355.85,356.8,184864
2025-07-08 05:50:00,356.6,356.8,356.35,356.6,131684
2025-07-08 05:55:00,356.5,356.8,356.3,356.35,88109
2025-07-08 06:00:00,356.35,356.5,356.05,356.4,118593
2025-07-08 06:05:00,356.45,356.45,355.85,356.0,97821
2025-07-08 06:10:00,355.85,356.5,355.8,356.5,77515
2025-07-08 06:15:00,356.45,357.35,356.3,357.0,228331
2025-07-08 06:20:00,357.05,357.3,356.85,357.05,134821
2025-07-08 06:25:00,357.15,357.2,356.5,356.75,124747
2025-07-08 06:30:00,356.65,357.1,356.5,357.0,116856
2025-07-08 06:35:00,357.0,357.2,356.95,357.0,52206
2025-07-08 06:40:00,357.15,357.45,357.0,357.45,91544
2025-07-08 06:45:00,357.45,357.8,357.05,357.45,241638
2025-07-08 06:50:00,357.45,357.5,356.95,357.15,113936
2025-07-08 06:55:00,357.15,357.75,357.1,357.6,118968
2025-07-08 07:00:00,357.6,357.65,357.25,357.45,108512
2025-07-08 07:05:00,357.45,358.5,357.35,358.1,356583
2025-07-08 07:10:00,358.1,358.65,357.75,357.85,182018
2025-07-08 07:15:00,357.9,357.9,356.75,357.25,383992
2025-07-08 07:20:00,357.25,357.8,357.0,357.6,171682
2025-07-08 07:25:00,357.6,358.2,357.6,357.95,118140
2025-07-08 07:30:00,357.95,358.0,357.3,357.6,115951
2025-07-08 07:35:00,357.5,357.75,357.25,357.35,35275
2025-07-08 07:40:00,357.35,357.75,356.65,356.8,296420
2025-07-08 07:45:00,356.8,357.25,356.5,356.5,165712
2025-07-08 07:50:00,356.5,356.9,356.25,356.8,153063
2025-07-08 07:55:00,356.8,356.9,356.4,356.7,71925
2025-07-08 08:00:00,356.55,356.75,356.25,356.4,74961
2025-07-08 08:05:00,356.4,356.7,356.2,356.35,63231
2025-07-08 08:10:00,356.5,356.65,356.25,356.5,62133
2025-07-08 08:15:00,356.55,356.95,356.5,356.75,74771
2025-07-08 08:20:00,356.75,356.85,356.25,356.35,79841
2025-07-08 08:25:00,356.45,356.85,356.3,356.75,60823
2025-07-08 08:30:00,356.75,356.9,355.7,356.05,271216
2025-07-08 08:35:00,356.05,356.2,355.9,356.1,116982
2025-07-08 08:40:00,356.15,356.15,355.8,355.9,84806
2025-07-08 08:45:00,355.85,356.0,355.85,355.95,58654
2025-07-08 08:50:00,356.0,356.0,355.1,355.45,147633
2025-07-08 08:55:00,355.5,355.75,355.2,355.3,335890
2025-07-08 09:00:00,355.3,355.55,355.1,355.45,115362
2025-07-08 09:05:00,355.5,355.55,354.8,354.85,148157
2025-07-08 09:10:00,354.85,354.95,354.2,354.35,145065
2025-07-08 09:15:00,354.5,355.65,354.3,354.95,218676
2025-07-08 09:20:00,355.0,355.25,354.8,355.1,176041
2025-07-08 09:25:00,355.25,355.6,355.1,355.4,129018
2025-07-08 09:30:00,355.4,356.15,355.2,356.0,250945
2025-07-08 09:35:00,356.05,356.15,355.85,356.15,138675
2025-07-08 09:40:00,356.25,356.3,355.65,356.05,301269
2025-07-08 09:45:00,356.2,356.2,355.7,355.9,428033
2025-07-08 09:50:00,356.0,356.0,354.6,355.05,301237
2025-07-08 09:55:00,355.05,356.0,354.95,355.85,197098
2025-07-09 03:45:00,355.6,356.35,354.3,354.7,443940
2025-07-09 03:50:00,354.7,355.65,354.1,355.3,240046
2025-07-09 03:55:00,355.35,355.35,354.35,354.4,156854
2025-07-09 04:00:00,354.35,354.85,353.9,353.95,178313
2025-07-09 04:05:00,354.0,354.6,353.85,354.45,149245
2025-07-09 04:10:00,354.5,354.5,353.85,354.0,95995
2025-07-09 04:15:00,354.0,355.1,353.85,354.5,143899
2025-07-09 04:20:00,354.45,354.5,353.15,354.0,169064
2025-07-09 04:25:00,354.0,354.25,354.0,354.0,73768
2025-07-09 04:30:00,354.0,354.3,354.0,354.1,58714
2025-07-09 04:35:00,354.1,354.35,354.0,354.0,43858
2025-07-09 04:40:00,354.05,354.1,353.55,353.65,58989
2025-07-09 04:45:00,353.4,353.65,353.35,353.5,471188
2025-07-09 04:50:00,353.5,353.5,353.45,353.45,115816
2025-07-09 04:55:00,353.5,353.5,352.8,353.0,88028
2025-07-09 05:00:00,352.95,353.4,352.8,352.9,85186
2025-07-09 05:05:00,352.9,353.8,352.9,353.6,57347
2025-07-09 05:10:00,353.55,353.65,353.5,353.55,39238
2025-07-09 05:15:00,353.6,353.6,353.5,353.55,42728
2025-07-09 05:20:00,353.6,353.6,353.5,353.6,23555
2025-07-09 05:25:00,353.6,354.35,353.55,354.0,138487
2025-07-09 05:30:00,353.95,354.1,353.9,354.0,300806
2025-07-09 05:35:00,354.0,354.6,353.9,354.0,313743
2025-07-09 05:40:00,354.0,354.25,353.9,354.0,115034
2025-07-09 05:45:00,354.0,354.05,353.9,354.0,76898
2025-07-09 05:50:00,354.0,354.0,352.9,353.0,57451
2025-07-09 05:55:00,352.95,353.45,352.8,353.15,60165
2025-07-09 06:00:00,353.15,353.15,352.8,353.0,41109
2025-07-09 06:05:00,352.9,353.0,352.9,353.0,184140
2025-07-09 06:10:00,352.95,353.0,352.9,353.0,34020
2025-07-09 06:15:00,353.0,353.6,352.95,353.05,174945
2025-07-09 06:20:00,353.1,353.2,352.9,353.0,36713
2025-07-09 06:25:00,353.0,353.05,352.9,352.95,32611
2025-07-09 06:30:00,352.95,353.25,352.9,353.0,347795
2025-07-09 06:35:00,353.0,353.15,352.85,353.1,29892
2025-07-09 06:40:00,353.1,353.15,352.9,353.0,117435
2025-07-09 06:45:00,353.0,353.8,352.95,353.75,155524
2025-07-09 06:50:00,353.7,353.75,353.0,353.05,56281
2025-07-09 06:55:00,353.05,353.4,352.9,352.95,77558
2025-07-09 07:00:00,352.95,353.05,352.65,352.7,58767
2025-07-09 07:05:00,352.75,353.1,352.5,353.0,65378
2025-07-09 07:10:00,353.05,353.2,352.5,352.6,63216
2025-07-09 07:15:00,352.7,352.7,351.8,351.95,92135
2025-07-09 07:20:00,352.05,352.25,351.55,351.6,47498
2025-07-09 07:25:00,351.55,352.0,351.5,351.9,30767
2025-07-09 07:30:00,351.85,352.35,351.65,351.8,60945
2025-07-09 07:35:00,351.8,351.9,351.5,351.5,27059
2025-07-09 07:40:00,351.55,351.85,351.35,351.6,48177
2025-07-09 07:45:00,351.6,351.65,351.5,351.5,20994
2025-07-09 07:50:00,351.55,351.55,351.35,351.45,26251
2025-07-09 07:55:00,351.5,352.0,351.5,351.95,45950
2025-07-09 08:00:00,351.95,352.0,351.6,351.6,43618
2025-07-09 08:05:00,351.65,351.75,351.3,351.3,60719
2025-07-09 08:10:00,351.35,351.45,351.1,351.15,43999
2025-07-09 08:15:00,351.2,351.5,351.15,351.3,43147
2025-07-09 08:20:00,351.45,351.5,351.2,351.35,41353
2025-07-09 08:25:00,351.35,351.5,350.85,350.95,98565
2025-07-09 08:30:00,350.95,351.1,350.8,350.9,57984
2025-07-09 08:35:00,350.95,351.0,350.25,350.9,125911
2025-07-09 08:40:00,350.9,351.0,350.8,351.0,39729
2025-07-09 08:45:00,350.95,351.4,350.8,350.95,61012
2025-07-09 08:50:00,350.95,351.05,350.55,350.55,47070
2025-07-09 08:55:00,350.55,350.55,350.1,350.2,40916
2025-07-09 09:00:00,350.15,350.2,349.05,349.3,147824
2025-07-09 09:05:00,349.3,349.85,349.05,349.7,95389
2025-07-09 09:10:00,349.8,350.1,349.45,349.75,190405
2025-07-09 09:15:00,349.85,350.0,349.2,349.4,50005
2025-07-09 09:20:00,349.3,349.65,349.05,349.45,57039
2025-07-09 09:25:00,349.45,349.85,349.25,349.65,61436
2025-07-09 09:30:00,349.9,349.95,348.15,348.4,173467
2025-07-09 09:35:00,348.3,349.0,348.2,348.2,133771
2025-07-09 09:40:00,348.25,348.55,347.9,348.3,182544
2025-07-09 09:45:00,348.35,348.35,347.65,348.1,208496
2025-07-09 09:50:00,348.2,348.75,348.05,348.45,194004
2025-07-09 09:55:00,348.45,350.0,348.35,349.2,165929
2025-07-10 03:45:00,351.8,351.8,348.05,349.35,301902
2025-07-10 03:50:00,349.35,349.35,348.5,349.0,43176
2025-07-10 03:55:00,348.9,349.25,348.5,348.5,63168
2025-07-10 04:00:00,348.55,350.25,348.55,349.65,99115
2025-07-10 04:05:00,349.45,350.05,348.7,349.05,78676
2025-07-10 04:10:00,348.95,350.6,348.4,349.4,395154
2025-07-10 04:15:00,349.5,350.25,349.25,350.0,127372
2025-07-10 04:20:00,349.95,351.25,349.8,351.0,144483
2025-07-10 04:25:00,351.1,351.15,349.9,350.45,74832
2025-07-10 04:30:00,350.55,350.75,349.8,350.15,39450
2025-07-10 04:35:00,350.25,350.65,350.15,350.4,30581
2025-07-10 04:40:00,350.45,350.45,349.9,349.9,30669
2025-07-10 04:45:00,349.95,350.2,349.9,350.0,27170
2025-07-10 04:50:00,350.1,350.1,349.65,350.0,29900
2025-07-10 04:55:00,350.05,350.15,349.85,350.0,23518
2025-07-10 05:00:00,350.05,350.5,349.95,350.35,30920
2025-07-10 05:05:00,350.35,350.6,350.3,350.4,29739
2025-07-10 05:10:00,350.4,350.9,350.4,350.55,37202
2025-07-10 05:15:00,350.55,350.65,350.0,350.0,17789
2025-07-10 05:20:00,350.0,350.1,349.7,350.1,42896
2025-07-10 05:25:00,350.05,350.5,349.95,350.35,29549
2025-07-10 05:30:00,350.35,350.75,350.35,350.55,44755
2025-07-10 05:35:00,350.75,350.75,350.25,350.25,55061
2025-07-10 05:40:00,350.2,350.8,350.2,350.7,44030
2025-07-10 05:45:00,350.85,351.2,350.5,350.8,90430
2025-07-10 05:50:00,350.8,351.05,350.8,350.95,36101
2025-07-10 05:55:00,350.95,351.25,350.8,351.25,45720
2025-07-10 06:00:00,351.1,351.25,351.0,351.1,35134
2025-07-10 06:05:00,351.1,351.1,350.85,351.05,30462
2025-07-10 06:10:00,351.1,351.1,351.0,351.0,16578
2025-07-10 06:15:00,351.0,351.3,350.9,351.05,32164
2025-07-10 06:20:00,351.05,351.15,350.85,351.1,27569
2025-07-10 06:25:00,351.1,351.15,350.55,350.9,41552
2025-07-10 06:30:00,350.75,351.45,350.5,351.05,64090
2025-07-10 06:35:00,351.05,351.25,351.0,351.05,16700
2025-07-10 06:40:00,351.05,351.5,350.9,351.45,27142
2025-07-10 06:45:00,351.5,352.3,351.35,351.55,88881
2025-07-10 06:50:00,351.55,351.7,351.45,351.5,32682
2025-07-10 06:55:00,351.55,351.75,351.5,351.65,15112
2025-07-10 07:00:00,351.6,351.75,351.55,351.55,19347
2025-07-10 07:05:00,351.55,351.6,351.1,351.5,30344
2025-07-10 07:10:00,351.45,352.6,351.35,352.45,101805
2025-07-10 07:15:00,352.4,352.7,352.05,352.05,64533
2025-07-10 07:20:00,352.1,352.55,352.1,352.3,38043
2025-07-10 07:25:00,352.3,352.85,352.3,352.7,79413
2025-07-10 07:30:00,352.8,352.85,352.5,352.6,46881
2025-07-10 07:35:00,352.65,352.65,351.15,351.35,252942
2025-07-10 07:40:00,351.35,352.2,351.35,351.35,92457
2025-07-10 07:45:00,351.35,351.55,351.1,351.4,73529
2025-07-10 07:50:00,351.35,352.8,351.3,352.1,375415
2025-07-10 07:55:00,352.1,352.5,351.75,352.05,97090
2025-07-10 08:00:00,352.05,352.1,349.95,349.95,249174
2025-07-10 08:05:00,349.95,350.6,349.95,350.1,123505
2025-07-10 08:10:00,350.15,350.55,350.1,350.2,39810
2025-07-10 08:15:00,350.2,350.5,350.05,350.35,39492
2025-07-10 08:20:00,350.4,351.0,350.4,350.9,42656
2025-07-10 08:25:00,350.85,351.1,350.75,350.85,33907
2025-07-10 08:30:00,350.85,351.4,350.8,350.95,48240
2025-07-10 08:35:00,350.95,351.2,349.75,350.0,157380
2025-07-10 08:40:00,350.0,350.1,349.35,349.4,76468
2025-07-10 08:45:00,349.5,350.0,349.35,349.95,217279
2025-07-10 08:50:00,350.0,350.25,349.9,349.9,43505
2025-07-10 08:55:00,349.95,350.0,349.45,349.95,239129
2025-07-10 09:00:00,349.85,350.55,349.85,350.05,97048
2025-07-10 09:05:00,350.15,350.3,349.45,349.5,114213
2025-07-10 09:10:00,349.5,349.75,349.45,349.75,52318
2025-07-10 09:15:00,349.7,350.0,349.1,349.3,188187
2025-07-10 09:20:00,349.25,350.35,349.25,349.8,141761
2025-07-10 09:25:00,349.8,350.3,349.6,350.2,112780
2025-07-10 09:30:00,350.2,350.3,349.6,350.15,118192
2025-07-10 09:35:00,350.2,351.1,350.2,351.05,112328
2025-07-10 09:40:00,351.1,351.55,351.05,351.4,125869
2025-07-10 09:45:00,351.5,351.9,351.0,351.25,216791
2025-07-10 09:50:00,351.3,351.3,350.55,350.95,149018
2025-07-10 09:55:00,351.0,351.4,350.05,350.1,128202
2025-07-11 03:45:00,351.8,352.65,350.0,350.0,372987
2025-07-11 03:50:00,350.0,350.7,349.6,350.35,135723
2025-07-11 03:55:00,350.35,350.9,349.8,349.8,103993
2025-07-11 04:00:00,349.95,350.5,349.05,349.05,83221
2025-07-11 04:05:00,349.1,349.15,347.55,347.65,146894
2025-07-11 04:10:00,347.75,348.2,347.5,348.15,73591
2025-07-11 04:15:00,348.0,348.0,347.2,347.35,61650
2025-07-11 04:20:00,347.3,347.95,347.15,347.5,70310
2025-07-11 04:25:00,347.55,347.75,347.1,347.1,43702
2025-07-11 04:30:00,347.15,347.2,346.55,346.65,61739
2025-07-11 04:35:00,346.65,346.85,346.3,346.85,56502
2025-07-11 04:40:00,346.85,346.85,345.6,345.9,63572
2025-07-11 04:45:00,345.9,345.9,345.15,345.35,54759
2025-07-11 04:50:00,345.4,345.45,345.0,345.15,57621
2025-07-11 04:55:00,345.1,345.35,345.0,345.1,69991
2025-07-11 05:00:00,345.05,345.25,344.3,345.1,131159
2025-07-11 05:05:00,345.1,345.2,344.55,345.15,62470
2025-07-11 05:10:00,345.25,345.25,344.5,344.7,40379
2025-07-11 05:15:00,344.5,344.75,343.85,344.1,60175
2025-07-11 05:20:00,344.1,344.4,343.8,344.0,76938
2025-07-11 05:25:00,344.05,344.15,343.8,343.8,37638
2025-07-11 05:30:00,343.9,343.9,343.3,343.5,53653
2025-07-11 05:35:00,343.55,344.0,343.5,343.7,52806
2025-07-11 05:40:00,343.7,345.3,343.65,345.2,85386
2025-07-11 05:45:00,345.2,345.5,344.7,344.85,55803
2025-07-11 05:50:00,344.8,345.2,344.5,345.05,28180
2025-07-11 05:55:00,345.05,345.05,344.75,344.75,23114
2025-07-11 06:00:00,344.75,345.5,344.6,345.1,46397
2025-07-11 06:05:00,345.1,345.75,345.1,345.6,56632
2025-07-11 06:10:00,345.5,345.55,344.8,344.9,28630
2025-07-11 06:15:00,344.8,345.35,344.8,345.0,42674
2025-07-11 06:20:00,345.0,345.5,345.0,345.1,34046
2025-07-11 06:25:00,345.15,345.3,345.05,345.05,26061
2025-07-11 06:30:00,345.1,345.1,344.55,344.6,33527
2025-07-11 06:35:00,344.65,345.1,344.55,345.05,29206
2025-07-11 06:40:00,345.0,345.1,344.5,344.9,48326
2025-07-11 06:45:00,344.9,344.95,344.5,344.5,32173
2025-07-11 06:50:00,344.5,344.6,344.15,344.45,36980
2025-07-11 06:55:00,344.5,344.7,344.15,344.55,33930
2025-07-11 07:00:00,344.55,345.95,344.55,345.75,85117
2025-07-11 07:05:00,345.75,347.1,345.5,346.5,80165
2025-07-11 07:10:00,346.6,346.75,345.9,346.25,46502
2025-07-11 07:15:00,346.2,346.75,346.15,346.75,31888
2025-07-11 07:20:00,346.7,346.7,346.2,346.35,30475
2025-07-11 07:25:00,346.4,346.95,346.15,346.6,36643
2025-07-11 07:30:00,346.5,346.65,346.35,346.4,30369
2025-07-11 07:35:00,346.4,346.45,345.5,345.5,31070
2025-07-11 07:40:00,345.5,346.25,345.5,346.1,60108
2025-07-11 07:45:00,346.15,346.45,345.8,346.35,32023
2025-07-11 07:50:00,346.35,346.6,346.15,346.2,35574
2025-07-11 07:55:00,346.2,346.5,346.1,346.15,25203
2025-07-11 08:00:00,346.15,346.35,345.8,345.8,27553
2025-07-11 08:05:00,345.8,346.2,345.8,345.95,27850
2025-07-11 08:10:00,345.95,346.0,345.65,345.7,26136
2025-07-11 08:15:00,345.75,346.3,345.7,346.15,35372
2025-07-11 08:20:00,346.2,346.3,346.05,346.15,28639
2025-07-11 08:25:00,346.2,346.4,346.15,346.2,32464
2025-07-11 08:30:00,346.2,346.3,345.75,345.9,32654
2025-07-11 08:35:00,345.9,345.95,345.45,345.45,21503
2025-07-11 08:40:00,345.5,345.75,345.0,345.7,65339
2025-07-11 08:45:00,345.7,345.75,345.2,345.3,29185
2025-07-11 08:50:00,345.3,345.6,345.25,345.3,24385
2025-07-11 08:55:00,345.35,345.35,344.9,344.9,48114
2025-07-11 09:00:00,344.9,345.3,344.55,345.3,76779
2025-07-11 09:05:00,345.3,345.5,345.3,345.45,30906
2025-07-11 09:10:00,345.45,345.85,345.3,345.5,42280
2025-07-11 09:15:00,345.5,345.85,345.45,345.5,44951
2025-07-11 09:20:00,345.5,345.85,345.3,345.3,43050
2025-07-11 09:25:00,345.3,345.6,345.25,345.55,58110
2025-07-11 09:30:00,346.1,346.15,345.15,345.4,136134
2025-07-11 09:35:00,345.45,345.5,344.7,345.2,142684
2025-07-11 09:40:00,345.15,345.3,344.85,345.25,173431
2025-07-11 09:45:00,345.25,345.25,344.25,344.35,210023
2025-07-11 09:50:00,344.35,344.85,344.15,344.45,163095
2025-07-11 09:55:00,344.4,344.9,344.1,344.8,144178
2025-07-14 03:45:00,345.85,347.5,342.85,347.35,232991
2025-07-14 03:50:00,347.25,347.25,346.1,346.35,89965
2025-07-14 03:55:00,346.7,347.75,346.3,347.5,98749
2025-07-14 04:00:00,347.5,347.75,346.7,346.75,51888
2025-07-14 04:05:00,346.95,347.8,346.55,346.65,77727
2025-07-14 04:10:00,346.45,346.5,346.05,346.15,47088
2025-07-14 04:15:00,346.25,346.25,345.3,345.3,35347
2025-07-14 04:20:00,345.35,345.8,345.05,345.6,47742
2025-07-14 04:25:00,345.6,347.0,345.3,346.65,63811
2025-07-14 04:30:00,346.65,347.0,346.6,346.7,28632
2025-07-14 04:35:00,346.7,347.15,346.45,347.15,37366
2025-07-14 04:40:00,347.0,347.25,346.75,346.8,28188
2025-07-14 04:45:00,346.75,347.4,346.55,347.15,72306
2025-07-14 04:50:00,347.15,347.4,347.05,347.2,60527
2025-07-14 04:55:00,347.3,347.45,347.0,347.25,25422
2025-07-14 05:00:00,347.4,347.5,347.15,347.3,17934
2025-07-14 05:05:00,347.35,347.7,347.2,347.5,29068
2025-07-14 05:10:00,347.65,347.75,347.45,347.6,17536
2025-07-14 05:15:00,347.6,348.2,347.45,348.0,51584
2025-07-14 05:20:00,348.0,348.0,347.6,347.8,59819
2025-07-14 05:25:00,348.0,348.0,347.05,347.05,33741
2025-07-14 05:30:00,347.15,347.4,346.55,346.55,50710
2025-07-14 05:35:00,346.75,346.95,346.55,346.75,24026
2025-07-14 05:40:00,346.75,346.8,346.55,346.8,16610
2025-07-14 05:45:00,346.8,346.85,344.9,345.3,323186
2025-07-14 05:50:00,345.3,345.5,344.8,344.95,43877
2025-07-14 05:55:00,344.95,345.1,344.8,344.9,13665
2025-07-14 06:00:00,344.9,345.9,344.9,345.35,42104
2025-07-14 06:05:00,345.35,345.9,345.35,345.45,14166
2025-07-14 06:10:00,345.45,345.75,345.4,345.6,9062
2025-07-14 06:15:00,345.6,345.9,345.35,345.9,17505
2025-07-14 06:20:00,345.95,346.3,345.7,345.85,24324
2025-07-14 06:25:00,345.95,346.5,345.85,346.45,8980
2025-07-14 06:30:00,346.3,346.5,345.85,346.1,22853
2025-07-14 06:35:00,346.2,346.65,345.9,346.65,8938
2025-07-14 06:40:00,346.5,346.9,346.5,346.85,19030
2025-07-14 06:45:00,346.85,347.25,346.6,346.9,30270
2025-07-14 06:50:00,346.7,347.0,346.55,346.6,20490
2025-07-14 06:55:00,346.6,347.0,346.5,346.75,13467
2025-07-14 07:00:00,346.75,347.0,346.6,346.85,16020
2025-07-14 07:05:00,346.85,347.0,346.0,346.35,27613
2025-07-14 07:10:00,346.1,346.6,346.1,346.25,16497
2025-07-14 07:15:00,346.45,347.0,346.3,346.85,95628
2025-07-14 07:20:00,346.7,346.8,346.5,346.5,22274
2025-07-14 07:25:00,346.5,346.8,346.3,346.35,19501
2025-07-14 07:30:00,346.35,346.85,345.1,345.2,474259
2025-07-14 07:35:00,345.15,345.35,344.25,344.4,39004
2025-07-14 07:40:00,344.25,344.4,343.8,344.05,118337
2025-07-14 07:45:00,344.15,345.0,343.8,343.8,150317
2025-07-14 07:50:00,343.9,344.45,343.7,344.3,19717
2025-07-14 07:55:00,344.3,344.5,343.8,343.8,43196
2025-07-14 08:00:00,343.9,344.0,343.35,343.5,26791
2025-07-14 08:05:00,343.4,344.0,343.4,344.0,15611
2025-07-14 08:10:00,343.85,344.0,343.7,343.8,20467
2025-07-14 08:15:00,344.0,344.2,343.85,344.0,31889
2025-07-14 08:20:00,344.0,344.0,343.6,343.85,31953
2025-07-14 08:25:00,343.75,343.9,343.6,343.8,18195
2025-07-14 08:30:00,343.7,343.95,343.55,343.95,20491
2025-07-14 08:35:00,343.95,344.1,343.8,344.1,34116
2025-07-14 08:40:00,344.0,344.1,343.85,343.9,22440
2025-07-14 08:45:00,343.9,344.0,343.8,343.9,18315
2025-07-14 08:50:00,344.0,344.2,343.9,344.05,31302
2025-07-14 08:55:00,344.0,344.1,343.95,343.95,43114
2025-07-14 09:00:00,344.0,344.0,343.85,343.95,31113
2025-07-14 09:05:00,344.0,344.0,343.85,343.95,22445
2025-07-14 09:10:00,344.0,344.6,343.6,343.8,249649
2025-07-14 09:15:00,343.8,344.35,343.8,344.15,27441
2025-07-14 09:20:00,344.25,344.25,343.9,344.2,72779
2025-07-14 09:25:00,344.25,344.75,343.9,344.75,169967
2025-07-14 09:30:00,344.7,345.1,343.8,345.1,318218
2025-07-14 09:35:00,345.1,345.6,344.25,344.35,433284
2025-07-14 09:40:00,344.3,344.35,343.85,343.9,160761
2025-07-14 09:45:00,343.9,344.15,343.85,344.15,216207
2025-07-14 09:50:00,344.25,344.85,343.7,343.9,282057
2025-07-14 09:55:00,343.8,344.0,343.15,344.0,120019
2025-07-15 03:45:00,347.65,349.8,346.15,349.8,334679
2025-07-15 03:50:00,349.8,350.5,348.9,349.7,238448
2025-07-15 03:55:00,349.65,349.8,349.15,349.6,92503
2025-07-15 04:00:00,349.6,349.75,348.35,348.35,149492
2025-07-15 04:05:00,348.5,348.5,347.5,347.7,86148
2025-07-15 04:10:00,347.7,347.85,347.3,347.55,60800
2025-07-15 04:15:00,347.65,348.6,347.5,348.45,68798
2025-07-15 04:20:00,348.45,349.2,348.1,348.5,98734
2025-07-15 04:25:00,348.5,348.95,348.4,348.6,34849
2025-07-15 04:30:00,348.7,349.0,348.4,348.75,57020
2025-07-15 04:35:00,348.75,349.0,348.6,348.65,25305
2025-07-15 04:40:00,348.6,349.0,348.55,348.75,25141
2025-07-15 04:45:00,348.75,349.0,348.1,348.35,107462
2025-07-15 04:50:00,348.4,348.5,348.05,348.3,28065
2025-07-15 04:55:00,348.3,348.7,348.3,348.5,31662
2025-07-15 05:00:00,348.7,349.0,348.55,348.8,46013
2025-07-15 05:05:00,348.8,349.0,348.8,348.9,28079
2025-07-15 05:10:00,348.9,349.0,348.9,348.95,35563
2025-07-15 05:15:00,348.95,349.0,347.75,348.3,78497
2025-07-15 05:20:00,348.3,348.6,348.1,348.5,30927
2025-07-15 05:25:00,348.6,349.0,348.5,348.85,30852
2025-07-15 05:30:00,348.85,349.15,348.85,349.0,54066
2025-07-15 05:35:00,348.95,349.2,348.95,348.95,65298
2025-07-15 05:40:00,348.9,349.05,348.85,348.95,30005
2025-07-15 05:45:00,348.95,349.85,348.95,349.4,137410
2025-07-15 05:50:00,349.6,349.6,349.2,349.25,35128
2025-07-15 05:55:00,349.25,349.65,349.2,349.6,25550
2025-07-15 06:00:00,349.55,349.8,349.55,349.7,33182
2025-07-15 06:05:00,349.75,349.8,349.4,349.65,38154
2025-07-15 06:10:00,349.75,349.95,349.6,349.85,41496
2025-07-15 06:15:00,349.9,349.95,349.7,349.8,40205
2025-07-15 06:20:00,349.75,349.95,349.75,349.85,23540
2025-07-15 06:25:00,349.9,350.0,349.7,349.7,40640
2025-07-15 06:30:00,349.7,349.95,349.65,349.95,49020
2025-07-15 06:35:00,349.8,349.9,349.05,349.05,45112
2025-07-15 06:40:00,349.05,349.15,349.0,349.15,18427
2025-07-15 06:45:00,349.1,349.5,348.95,349.4,50441
2025-07-15 06:50:00,349.4,349.5,348.95,348.95,77558
2025-07-15 06:55:00,349.0,349.5,348.4,348.55,206557
2025-07-15 07:00:00,348.55,348.9,347.3,347.4,92481
2025-07-15 07:05:00,347.4,347.5,347.0,347.15,51594
2025-07-15 07:10:00,347.1,347.5,347.1,347.5,22605
2025-07-15 07:15:00,347.4,347.75,347.25,347.45,67637
2025-07-15 07:20:00,347.35,347.5,347.35,347.5,25233
2025-07-15 07:25:00,347.45,347.55,347.35,347.55,24167
2025-07-15 07:30:00,347.55,347.7,347.5,347.65,73189
2025-07-15 07:35:00,347.65,349.15,347.6,348.75,78211
2025-07-15 07:40:00,348.6,348.85,347.4,347.45,154511
2025-07-15 07:45:00,347.5,348.15,347.35,347.4,93601
2025-07-15 07:50:00,347.45,347.65,347.4,347.5,26443
2025-07-15 07:55:00,347.45,347.5,347.3,347.3,23548
2025-07-15 08:00:00,347.3,347.5,347.25,347.45,28521
2025-07-15 08:05:00,347.5,347.5,347.3,347.35,27011
2025-07-15 08:10:00,347.45,347.5,347.2,347.2,25038
2025-07-15 08:15:00,347.2,347.3,347.2,347.25,40738
2025-07-15 08:20:00,347.25,347.3,347.2,347.25,27201
2025-07-15 08:25:00,347.25,347.85,347.0,347.1,98560
2025-07-15 08:30:00,347.0,347.25,347.0,347.15,30409
2025-07-15 08:35:00,347.15,347.6,347.1,347.2,113804
2025-07-15 08:40:00,347.2,347.7,347.05,347.15,54250
2025-07-15 08:45:00,347.15,347.25,347.15,347.2,104688
2025-07-15 08:50:00,347.2,347.25,347.15,347.2,30176
2025-07-15 08:55:00,347.2,347.75,347.15,347.2,60582
2025-07-15 09:00:00,347.25,347.25,347.15,347.15,39558
2025-07-15 09:05:00,347.15,347.85,347.15,347.85,134885
2025-07-15 09:10:00,347.85,348.65,347.4,347.5,191653
2025-07-15 09:15:00,347.45,347.9,347.1,347.5,123398
2025-07-15 09:20:00,347.55,347.8,347.05,347.05,54352
2025-07-15 09:25:00,347.05,347.5,347.05,347.2,69995
2025-07-15 09:30:00,347.5,348.7,347.5,348.3,285206
2025-07-15 09:35:00,348.25,348.35,347.7,347.9,202369
2025-07-15 09:40:00,347.9,348.5,347.75,348.5,195621
2025-07-15 09:45:00,348.5,348.6,347.85,348.45,453603
2025-07-15 09:50:00,348.45,348.55,347.7,348.2,298274
2025-07-15 09:55:00,348.15,349.5,347.75,349.0,145823
2025-07-16 03:45:00,350.05,350.4,347.6,348.7,221476
2025-07-16 03:50:00,348.7,351.2,348.2,349.8,251120
2025-07-16 03:55:00,349.8,350.35,349.6,349.85,94324
2025-07-16 04:00:00,349.9,350.1,349.4,349.9,77024
2025-07-16 04:05:00,349.9,350.05,349.3,349.3,74494
2025-07-16 04:10:00,349.35,349.8,349.25,349.7,61357
2025-07-16 04:15:00,349.7,349.75,348.9,349.75,67983
2025-07-16 04:20:00,349.75,349.9,349.2,349.75,42152
2025-07-16 04:25:00,349.55,349.8,349.4,349.7,30125
2025-07-16 04:30:00,349.65,350.0,349.45,350.0,17227
2025-07-16 04:35:00,350.0,350.3,349.6,350.0,86615
2025-07-16 04:40:00,350.1,350.6,349.95,350.15,121974
2025-07-16 04:45:00,350.3,350.3,349.85,350.1,58020
2025-07-16 04:50:00,350.25,350.45,349.7,350.05,93711
2025-07-16 04:55:00,350.05,350.45,349.8,350.0,132181
2025-07-16 05:00:00,350.15,350.5,349.5,350.0,116761
2025-07-16 05:05:00,350.0,350.3,349.85,350.15,42517
2025-07-16 05:10:00,350.3,350.85,349.9,350.0,183595
2025-07-16 05:15:00,349.95,349.95,349.35,349.65,38138
2025-07-16 05:20:00,349.55,349.75,347.8,348.7,89014
2025-07-16 05:25:00,348.7,349.0,348.3,348.8,42506
2025-07-16 05:30:00,349.1,349.65,349.0,349.45,39131
2025-07-16 05:35:00,349.6,349.95,349.25,349.9,24489
2025-07-16 05:40:00,349.95,349.95,349.7,349.85,34131
2025-07-16 05:45:00,349.95,350.05,349.35,349.7,67488
2025-07-16 05:50:00,349.55,349.9,348.8,349.0,67203
2025-07-16 05:55:00,348.9,349.65,348.85,349.6,32417
2025-07-16 06:00:00,349.6,349.9,349.4,349.85,26882
2025-07-16 06:05:00,349.9,350.0,349.65,349.75,18110
2025-07-16 06:10:00,349.85,350.0,349.75,349.9,23971
2025-07-16 06:15:00,349.85,350.6,349.7,350.15,210138
2025-07-16 06:20:00,350.2,350.4,349.9,350.05,64326
2025-07-16 06:25:00,350.15,351.7,349.9,350.4,384641
2025-07-16 06:30:00,350.5,350.65,349.65,350.05,190834
2025-07-16 06:35:00,350.05,350.1,349.85,350.0,20846
2025-07-16 06:40:00,350.0,350.2,349.9,350.0,19528
2025-07-16 06:45:00,350.0,350.5,349.55,349.95,414972
2025-07-16 06:50:00,349.95,350.2,349.5,350.0,284086
2025-07-16 06:55:00,350.0,350.2,349.1,349.1,454700
2025-07-16 07:00:00,349.15,349.15,347.95,348.55,175267
2025-07-16 07:05:00,348.6,348.75,348.3,348.4,45804
2025-07-16 07:10:00,348.5,348.9,348.3,348.8,33891
2025-07-16 07:15:00,348.8,349.0,348.1,348.1,45937
2025-07-16 07:20:00,348.1,349.4,348.1,349.3,208859
2025-07-16 07:25:00,349.25,349.75,348.65,348.9,70008
2025-07-16 07:30:00,348.95,349.3,348.15,348.4,322201
2025-07-16 07:35:00,348.4,348.6,347.65,347.9,106755
2025-07-16 07:40:00,347.9,348.3,347.75,347.85,156238
2025-07-16 07:45:00,347.75,348.0,347.75,347.85,33258
2025-07-16 07:50:00,347.95,348.0,347.8,348.0,26370
2025-07-16 07:55:00,348.0,348.0,347.9,348.0,26045
2025-07-16 08:00:00,348.0,348.0,347.8,348.0,39407
2025-07-16 08:05:00,348.0,348.0,347.8,347.95,35357
2025-07-16 08:10:00,348.0,348.0,347.7,347.95,45973
2025-07-16 08:15:00,347.95,347.95,347.4,347.85,33406
2025-07-16 08:20:00,347.65,348.0,347.65,348.0,24617
2025-07-16 08:25:00,348.0,348.55,347.85,348.45,31127
2025-07-16 08:30:00,348.45,348.85,348.0,348.1,51446
2025-07-16 08:35:00,348.1,348.15,348.0,348.15,31611
2025-07-16 08:40:00,348.15,348.2,348.0,348.1,33642
2025-07-16 08:45:00,348.15,348.85,348.1,348.6,210131
2025-07-16 08:50:00,348.7,348.75,347.9,348.65,194511
2025-07-16 08:55:00,348.65,349.15,348.65,349.0,92296
2025-07-16 09:00:00,349.0,349.95,348.9,349.8,91610
2025-07-16 09:05:00,349.85,350.0,349.3,349.5,59350
2025-07-16 09:10:00,349.45,349.9,349.3,349.7,35794
2025-07-16 09:15:00,349.7,349.85,348.85,349.0,99803
2025-07-16 09:20:00,348.9,349.0,348.15,348.55,160326
2025-07-16 09:25:00,348.65,348.75,348.05,348.2,115195
2025-07-16 09:30:00,348.15,348.25,347.75,347.95,183611
2025-07-16 09:35:00,347.9,348.0,347.7,347.75,128764
2025-07-16 09:40:00,347.75,348.0,347.65,347.85,226880
2025-07-16 09:45:00,347.6,347.95,347.6,347.8,197616
2025-07-16 09:50:00,347.75,347.8,347.4,347.55,368244
2025-07-16 09:55:00,347.75,348.95,347.5,348.5,362043
2025-07-17 03:45:00,349.6,349.9,345.05,345.1,195686
2025-07-17 03:50:00,344.9,346.45,344.25,346.35,112799
2025-07-17 03:55:00,346.3,346.3,345.2,345.45,49215
2025-07-17 04:00:00,345.45,346.15,345.4,345.55,53141
2025-07-17 04:05:00,345.55,345.55,345.15,345.5,32700
2025-07-17 04:10:00,345.55,345.7,345.25,345.5,50801
2025-07-17 04:15:00,345.5,345.9,345.1,345.8,66677
2025-07-17 04:20:00,345.9,345.95,345.45,345.9,25327
2025-07-17 04:25:00,345.95,345.95,345.25,345.35,36828
2025-07-17 04:30:00,345.45,345.5,345.25,345.25,15915
2025-07-17 04:35:00,345.35,345.65,345.2,345.2,28300
2025-07-17 04:40:00,345.3,345.65,345.0,345.5,31960
2025-07-17 04:45:00,345.55,346.0,345.3,345.9,33089
2025-07-17 04:50:00,345.9,346.15,345.75,345.9,42554
2025-07-17 04:55:00,345.9,346.0,345.55,345.85,36691
2025-07-17 05:00:00,345.9,346.1,345.6,345.7,31316
2025-07-17 05:05:00,345.6,345.7,345.3,345.7,18432
2025-07-17 05:10:00,345.7,347.55,345.7,346.5,70952
2025-07-17 05:15:00,346.5,346.9,346.45,346.55,30241
2025-07-17 05:20:00,346.6,347.8,346.55,347.55,70370
2025-07-17 05:25:00,347.55,348.0,347.5,347.55,51296
2025-07-17 05:30:00,347.6,347.8,347.35,347.5,47518
2025-07-17 05:35:00,347.6,347.7,346.65,346.7,49562
2025-07-17 05:40:00,346.8,346.95,346.6,346.8,21760
2025-07-17 05:45:00,346.8,347.0,346.6,346.8,27000
2025-07-17 05:50:00,346.75,347.8,346.75,347.5,42599
2025-07-17 05:55:00,347.55,347.55,347.35,347.35,31268
2025-07-17 06:00:00,347.4,347.7,347.15,347.45,47937
2025-07-17 06:05:00,347.55,348.0,347.45,348.0,32583
2025-07-17 06:10:00,347.9,348.25,347.1,347.2,56910
2025-07-17 06:15:00,347.15,347.25,346.7,346.75,27914
2025-07-17 06:20:00,346.75,347.45,346.3,347.45,78284
2025-07-17 06:25:00,347.35,347.55,346.65,346.75,50466
2025-07-17 06:30:00,346.75,347.7,346.6,347.45,71368
2025-07-17 06:35:00,347.45,347.9,347.4,347.5,50559
2025-07-17 06:40:00,347.55,348.0,347.4,348.0,31407
2025-07-17 06:45:00,347.95,347.95,346.85,346.85,29519
2025-07-17 06:50:00,346.95,347.5,346.95,347.05,34249
2025-07-17 06:55:00,347.15,347.45,347.0,347.3,42171
2025-07-17 07:00:00,347.4,347.4,346.4,346.8,54000
2025-07-17 07:05:00,346.8,346.8,346.3,346.3,35559
2025-07-17 07:10:00,346.3,346.6,346.25,346.3,38408
2025-07-17 07:15:00,346.3,346.35,345.9,345.9,30825
2025-07-17 07:20:00,345.9,346.1,345.5,345.55,32740
2025-07-17 07:25:00,345.55,345.7,345.25,345.5,40842
2025-07-17 07:30:00,345.55,345.6,345.3,345.3,26558
2025-07-17 07:35:00,345.3,345.45,345.2,345.25,34190
2025-07-17 07:40:00,345.3,346.4,345.25,346.1,142801
2025-07-17 07:45:00,346.1,346.15,345.85,345.85,32874
2025-07-17 07:50:00,345.9,346.35,345.7,346.2,49318
2025-07-17 07:55:00,346.2,346.4,346.05,346.4,36515
2025-07-17 08:00:00,346.4,346.4,345.95,346.2,46064
2025-07-17 08:05:00,346.1,346.4,346.05,346.3,41651
2025-07-17 08:10:00,346.4,346.45,346.2,346.35,50187
2025-07-17 08:15:00,346.45,346.45,346.0,346.05,29495
2025-07-17 08:20:00,346.05,346.45,346.05,346.25,37833
2025-07-17 08:25:00,346.25,346.55,346.15,346.5,32006
2025-07-17 08:30:00,346.6,346.6,346.05,346.05,25641
2025-07-17 08:35:00,346.1,346.35,345.95,345.95,34372
2025-07-17 08:40:00,345.85,346.0,345.85,345.95,28147
2025-07-17 08:45:00,345.9,346.05,345.8,345.95,34787
2025-07-17 08:50:00,345.95,346.6,345.9,346.05,55242
2025-07-17 08:55:00,346.15,346.25,345.25,345.25,92575
2025-07-17 09:00:00,345.35,345.65,345.25,345.5,58960
2025-07-17 09:05:00,345.55,345.95,345.5,345.7,46639
2025-07-17 09:10:00,345.7,345.85,345.65,345.65,40704
2025-07-17 09:15:00,345.65,345.75,345.5,345.5,71226
2025-07-17 09:20:00,345.5,345.55,345.5,345.5,27241
2025-07-17 09:25:00,345.5,346.35,345.5,345.95,57988
2025-07-17 09:30:00,345.9,346.85,345.5,346.7,200967
2025-07-17 09:35:00,346.8,347.2,346.6,346.9,133737
2025-07-17 09:40:00,346.9,347.2,346.7,347.15,111879
2025-07-17 09:45:00,347.15,347.4,346.55,347.1,152811
2025-07-17 09:50:00,347.05,347.3,346.7,347.05,106663
2025-07-17 09:55:00,347.0,347.3,346.5,347.15,96237
2025-07-18 03:45:00,347.5,349.75,343.1,349.15,806838
2025-07-18 03:50:00,349.4,350.6,349.0,350.2,193892
2025-07-18 03:55:00,350.2,350.9,349.25,350.05,114030
2025-07-18 04:00:00,350.0,351.4,350.0,350.9,118427
2025-07-18 04:05:00,351.0,351.3,350.2,351.3,74054
2025-07-18 04:10:00,351.45,351.45,350.4,350.85,67528
2025-07-18 04:15:00,350.75,350.85,349.55,350.0,153760
2025-07-18 04:20:00,349.75,349.8,349.35,349.45,142807
2025-07-18 04:25:00,349.5,350.0,349.4,349.8,76905
2025-07-18 04:30:00,349.8,349.85,348.55,349.05,89980
2025-07-18 04:35:00,349.0,349.95,348.85,349.2,75036
2025-07-18 04:40:00,349.25,349.25,348.4,348.95,39950
2025-07-18 04:45:00,348.7,348.7,347.1,347.5,94164
2025-07-18 04:50:00,347.45,347.7,346.75,347.65,104259
2025-07-18 04:55:00,347.65,347.95,347.05,347.1,35599
2025-07-18 05:00:00,347.0,347.1,346.45,346.65,50530
2025-07-18 05:05:00,346.6,347.45,346.6,347.2,18807
2025-07-18 05:10:00,347.15,347.25,346.8,347.05,24981
2025-07-18 05:15:00,347.0,347.3,346.8,346.9,28260
2025-07-18 05:20:00,346.9,347.4,346.75,347.2,19136
2025-07-18 05:25:00,347.2,347.4,346.6,346.8,26884
2025-07-18 05:30:00,346.75,347.3,346.45,347.2,26776
2025-07-18 05:35:00,347.2,347.25,346.6,347.25,41748
2025-07-18 05:40:00,347.25,347.4,346.95,347.25,22379
2025-07-18 05:45:00,347.3,348.2,347.2,348.15,52789
2025-07-18 05:50:00,348.2,348.5,348.05,348.05,38526
2025-07-18 05:55:00,348.15,348.55,347.25,347.25,44198
2025-07-18 06:00:00,347.25,347.35,346.65,346.8,20018
2025-07-18 06:05:00,346.65,346.85,346.5,346.75,22067
2025-07-18 06:10:00,346.8,346.9,346.55,346.6,23531
2025-07-18 06:15:00,346.6,346.9,346.4,346.55,21209
2025-07-18 06:20:00,346.55,346.75,345.95,346.3,44728
2025-07-18 06:25:00,346.3,347.05,346.15,347.0,68247
2025-07-18 06:30:00,347.0,347.0,346.75,346.75,15563
2025-07-18 06:35:00,346.9,347.0,345.45,345.45,179417
2025-07-18 06:40:00,345.45,345.75,344.2,344.75,164137
2025-07-18 06:45:00,344.7,344.7,342.65,343.05,244498
2025-07-18 06:50:00,343.05,343.25,342.1,342.85,92657
2025-07-18 06:55:00,342.85,343.8,342.8,343.6,34450
2025-07-18 07:00:00,343.6,343.9,343.4,343.65,19830
2025-07-18 07:05:00,343.7,343.9,343.1,343.8,60402
2025-07-18 07:10:00,343.8,344.0,342.85,342.85,39897
2025-07-18 07:15:00,342.8,343.35,342.45,343.35,54948
2025-07-18 07:20:00,343.3,343.35,343.0,343.2,12348
2025-07-18 07:25:00,343.2,344.0,343.2,343.9,15210
2025-07-18 07:30:00,343.85,344.45,343.8,344.4,25573
2025-07-18 07:35:00,344.25,344.75,344.25,344.6,34347
2025-07-18 07:40:00,344.6,345.0,344.2,344.95,32679
2025-07-18 07:45:00,344.95,344.95,344.8,344.8,9997
2025-07-18 07:50:00,344.8,344.85,344.35,344.7,21340
2025-07-18 07:55:00,344.65,345.0,344.55,345.0,11183
2025-07-18 08:00:00,344.85,345.0,344.7,344.85,23909
2025-07-18 08:05:00,344.85,345.0,344.7,344.85,34600
2025-07-18 08:10:00,344.7,345.25,344.7,345.0,33515
2025-07-18 08:15:00,344.9,345.4,344.6,344.65,100855
2025-07-18 08:20:00,344.65,344.7,343.85,343.85,54868
2025-07-18 08:25:00,343.95,344.65,343.85,344.1,284964
2025-07-18 08:30:00,344.0,344.15,343.9,344.05,9042
2025-07-18 08:35:00,344.0,344.15,343.4,343.9,23204
2025-07-18 08:40:00,343.8,343.95,343.7,343.95,10338
2025-07-18 08:45:00,343.85,344.0,343.5,343.95,13329
2025-07-18 08:50:00,343.95,344.05,343.75,344.0,33903
2025-07-18 08:55:00,344.0,344.0,343.55,343.9,21749
2025-07-18 09:00:00,343.9,344.2,343.8,344.0,50820
2025-07-18 09:05:00,344.0,344.55,343.65,343.85,119246
2025-07-18 09:10:00,343.7,343.85,343.55,343.65,12266
2025-07-18 09:15:00,343.65,343.65,343.15,343.3,36970
2025-07-18 09:20:00,343.3,343.45,343.0,343.0,21244
2025-07-18 09:25:00,343.0,343.35,343.0,343.3,21502
2025-07-18 09:30:00,343.35,343.7,343.2,343.3,121560
2025-07-18 09:35:00,343.3,343.7,343.25,343.6,82294
2025-07-18 09:40:00,343.55,344.5,343.45,343.5,187516
2025-07-18 09:45:00,343.5,343.75,342.85,343.2,150793
2025-07-18 09:50:00,343.1,343.6,343.05,343.25,208799
2025-07-18 09:55:00,343.5,344.0,343.1,343.2,122554
2025-07-21 03:45:00,343.5,344.7,339.45,342.1,145050
2025-07-21 03:50:00,342.4,342.7,341.7,342.2,107541
2025-07-21 03:55:00,342.1,342.8,341.5,342.8,100946
2025-07-21 04:00:00,342.8,343.05,341.95,342.1,49659
2025-07-21 04:05:00,342.1,342.5,342.0,342.25,14214
2025-07-21 04:10:00,342.25,342.55,341.9,342.35,40145
2025-07-21 04:15:00,342.35,342.35,341.8,342.25,31479
2025-07-21 04:20:00,342.25,342.6,342.15,342.6,14070
2025-07-21 04:25:00,342.55,342.9,342.0,342.0,34865
2025-07-21 04:30:00,342.1,342.7,342.1,342.3,15438
2025-07-21 04:35:00,342.3,342.75,342.15,342.55,12053
2025-07-21 04:40:00,342.55,342.7,342.25,342.25,9967
2025-07-21 04:45:00,342.25,342.8,342.15,342.35,31369
2025-07-21 04:50:00,342.35,343.0,342.35,342.8,13156
2025-07-21 04:55:00,342.8,343.5,342.8,343.35,20339
2025-07-21 05:00:00,343.35,344.0,343.35,344.0,29164
2025-07-21 05:05:00,343.95,344.35,343.7,343.7,35346
2025-07-21 05:10:00,343.7,343.8,343.0,343.0,25106
2025-07-21 05:15:00,343.0,343.6,343.0,343.4,14024
2025-07-21 05:20:00,343.4,343.6,343.1,343.3,14872
2025-07-21 05:25:00,343.3,343.8,343.3,343.6,19313
2025-07-21 05:30:00,343.7,344.3,343.65,343.95,19506
2025-07-21 05:35:00,343.95,344.3,343.75,343.9,38099
2025-07-21 05:40:00,343.9,344.2,343.85,343.9,16794
2025-07-21 05:45:00,344.0,344.2,342.25,342.3,216071
2025-07-21 05:50:00,342.4,342.7,342.3,342.45,101565
2025-07-21 05:55:00,342.0,342.75,341.95,342.65,243160
2025-07-21 06:00:00,342.65,343.0,342.2,342.4,83487
2025-07-21 06:05:00,342.4,342.75,342.4,342.45,61213
2025-07-21 06:10:00,342.45,342.5,341.85,341.9,123843
2025-07-21 06:15:00,341.9,342.0,341.75,341.85,27854
2025-07-21 06:20:00,341.75,342.05,341.75,342.0,27841
2025-07-21 06:25:00,341.95,342.5,341.9,341.9,215901
2025-07-21 06:30:00,342.0,342.0,341.85,341.95,17063
2025-07-21 06:35:00,342.0,342.65,341.95,342.45,137063
2025-07-21 06:40:00,342.4,342.5,341.9,342.1,244558
2025-07-21 06:45:00,342.05,342.25,342.05,342.05,10555
2025-07-21 06:50:00,342.05,342.25,342.0,342.25,11608
2025-07-21 06:55:00,342.15,343.0,342.1,342.6,133005
2025-07-21 07:00:00,342.6,342.95,342.6,342.8,6985
2025-07-21 07:05:00,342.8,343.45,342.8,343.25,29863
2025-07-21 07:10:00,343.25,344.1,343.25,343.8,31560
2025-07-21 07:15:00,343.75,344.15,343.5,344.0,102214
2025-07-21 07:20:00,344.0,344.0,343.25,343.25,19708
2025-07-21 07:25:00,343.25,343.35,342.2,342.45,257199
2025-07-21 07:30:00,342.45,342.95,342.45,342.9,12873
2025-07-21 07:35:00,342.9,343.0,342.55,342.55,16207
2025-07-21 07:40:00,342.55,342.65,342.25,342.3,18105
2025-07-21 07:45:00,342.3,342.3,341.55,341.9,33180
2025-07-21 07:50:00,341.9,342.0,341.8,342.0,8661
2025-07-21 07:55:00,342.0,342.05,341.95,342.05,8319
2025-07-21 08:00:00,342.05,342.05,341.95,342.0,12729
2025-07-21 08:05:00,342.0,342.05,341.95,342.0,39714
2025-07-21 08:10:00,341.95,342.05,341.9,342.0,33506
2025-07-21 08:15:00,342.0,342.0,341.95,341.95,14145
2025-07-21 08:20:00,341.95,341.95,341.7,341.9,18367
2025-07-21 08:25:00,341.9,342.0,341.7,341.95,9505
2025-07-21 08:30:00,341.95,342.0,341.75,342.0,8403
2025-07-21 08:35:00,341.95,342.1,341.9,342.1,52622
2025-07-21 08:40:00,342.1,342.55,342.0,342.45,37216
2025-07-21 08:45:00,342.4,342.6,342.15,342.2,22096
2025-07-21 08:50:00,342.2,342.25,341.5,341.8,214513
2025-07-21 08:55:00,341.8,342.0,341.2,341.4,260749
2025-07-21 09:00:00,341.45,342.0,341.25,341.5,303552
2025-07-21 09:05:00,341.5,342.4,341.5,342.35,23299
2025-07-21 09:10:00,342.35,342.4,342.25,342.4,12442
2025-07-21 09:15:00,342.45,342.55,341.85,342.25,28558
2025-07-21 09:20:00,342.1,342.45,341.95,342.1,13149
2025-07-21 09:25:00,342.1,342.4,342.0,342.2,16743
2025-07-21 09:30:00,342.2,342.55,342.2,342.35,117389
2025-07-21 09:35:00,342.35,342.5,342.15,342.5,75003
2025-07-21 09:40:00,342.35,342.4,342.15,342.4,103741
2025-07-21 09:45:00,342.35,342.7,342.25,342.55,153172
2025-07-21 09:50:00,342.65,342.85,342.4,342.6,238573
2025-07-21 09:55:00,342.75,343.65,342.4,342.85,188977
2025-07-22 03:45:00,342.6,343.6,342.0,343.2,98418
2025-07-22 03:50:00,343.1,344.3,343.0,344.0,64774
2025-07-22 03:55:00,344.05,344.35,343.1,343.35,60778
2025-07-22 04:00:00,343.45,343.65,342.15,342.35,76517
2025-07-22 04:05:00,342.35,342.85,342.35,342.85,30296
2025-07-22 04:10:00,342.85,342.95,342.15,342.65,44959
2025-07-22 04:15:00,342.65,343.75,342.6,342.95,50186
2025-07-22 04:20:00,343.0,343.3,342.9,342.9,27574
2025-07-22 04:25:00,342.9,343.45,342.9,343.25,22519
2025-07-22 04:30:00,343.25,343.5,343.2,343.35,17978
2025-07-22 04:35:00,343.45,343.5,343.1,343.35,22720
2025-07-22 04:40:00,343.25,343.5,343.2,343.45,22708
2025-07-22 04:45:00,343.45,343.45,343.1,343.35,19845
2025-07-22 04:50:00,343.35,343.4,342.75,342.9,25084
2025-07-22 04:55:00,343.0,343.05,342.5,342.5,26524
2025-07-22 05:00:00,342.5,342.5,342.0,342.1,47733
2025-07-22 05:05:00,342.0,342.7,342.0,342.25,24343
2025-07-22 05:10:00,342.25,342.85,342.25,342.4,26005
2025-07-22 05:15:00,342.3,343.2,342.05,343.05,33701
2025-07-22 05:20:00,343.2,343.4,342.4,342.9,23316
2025-07-22 05:25:00,342.9,343.1,342.45,342.45,14048
2025-07-22 05:30:00,342.45,342.7,342.15,342.55,22066
2025-07-22 05:35:00,342.6,342.6,342.15,342.4,16134
2025-07-22 05:40:00,342.2,342.5,340.65,340.9,238621
2025-07-22 05:45:00,341.0,341.55,340.9,341.25,222612
2025-07-22 05:50:00,341.25,341.8,340.6,340.7,463339
2025-07-22 05:55:00,340.75,341.0,340.6,340.85,29297
2025-07-22 06:00:00,340.75,341.0,340.5,340.7,35548
2025-07-22 06:05:00,340.75,341.0,340.7,340.8,23458
2025-07-22 06:10:00,340.9,341.1,340.8,340.9,69400
2025-07-22 06:15:00,340.9,341.5,340.85,341.0,138132
2025-07-22 06:20:00,341.15,341.15,340.9,340.9,47777
2025-07-22 06:25:00,340.9,341.15,340.85,341.0,23643
2025-07-22 06:30:00,341.1,341.1,340.7,340.7,27423
2025-07-22 06:35:00,340.8,341.0,340.7,340.7,18957
2025-07-22 06:40:00,340.7,341.0,340.7,340.7,17517
2025-07-22 06:45:00,340.7,340.95,340.6,340.7,27433
2025-07-22 06:50:00,340.8,340.95,340.55,340.75,21658
2025-07-22 06:55:00,340.9,341.0,340.55,340.65,37923
2025-07-22 07:00:00,340.85,341.0,340.7,341.0,18911
2025-07-22 07:05:00,341.0,341.0,340.85,340.9,17325
2025-07-22 07:10:00,340.9,341.0,340.85,341.0,16195
2025-07-22 07:15:00,341.0,341.0,340.85,341.0,14738
2025-07-22 07:20:00,341.0,341.0,340.9,340.95,34552
2025-07-22 07:25:00,341.0,341.15,340.85,341.15,20798
2025-07-22 07:30:00,341.15,341.15,341.0,341.05,20968
2025-07-22 07:35:00,341.1,341.15,340.9,341.05,22170
2025-07-22 07:40:00,341.15,341.15,340.9,341.05,14856
2025-07-22 07:45:00,341.05,341.1,340.7,340.95,18596
2025-07-22 07:50:00,340.95,341.15,340.9,341.0,19014
2025-07-22 07:55:00,341.0,341.05,340.45,340.5,55488
2025-07-22 08:00:00,340.5,340.65,340.35,340.4,37742
2025-07-22 08:05:00,340.55,340.65,340.4,340.5,33515
2025-07-22 08:10:00,340.45,340.7,340.35,340.4,37958
2025-07-22 08:15:00,340.4,340.9,340.35,340.65,28849
2025-07-22 08:20:00,340.65,341.05,340.65,340.95,33489
2025-07-22 08:25:00,340.95,341.0,340.75,340.95,31267
2025-07-22 08:30:00,340.95,341.0,340.6,340.75,40390
2025-07-22 08:35:00,340.6,341.1,340.55,340.9,84000
2025-07-22 08:40:00,340.9,341.0,340.55,340.8,45687
2025-07-22 08:45:00,340.6,340.75,340.35,340.45,65225
2025-07-22 08:50:00,340.45,340.5,339.95,340.05,243982
2025-07-22 08:55:00,340.05,340.45,340.0,340.35,55063
2025-07-22 09:00:00,340.25,340.65,340.25,340.4,38647
2025-07-22 09:05:00,340.4,340.85,340.35,340.55,53797
2025-07-22 09:10:00,340.55,341.0,340.45,340.85,59396
2025-07-22 09:15:00,340.85,340.95,340.65,340.65,41497
2025-07-22 09:20:00,340.75,340.95,340.6,340.7,47322
2025-07-22 09:25:00,340.85,341.1,340.6,340.9,147115
2025-07-22 09:30:00,340.7,340.7,340.15,340.25,138732
2025-07-22 09:35:00,340.25,340.55,340.2,340.3,88227
2025-07-22 09:40:00,340.3,340.65,340.25,340.4,101809
2025-07-22 09:45:00,340.4,340.4,340.1,340.3,133360
2025-07-22 09:50:00,340.25,340.65,340.2,340.45,198701
2025-07-22 09:55:00,340.55,340.95,340.2,340.6,123658
2025-07-23 03:45:00,341.85,341.85,339.1,340.2,130322
2025-07-23 03:50:00,340.2,341.0,340.2,340.7,46529
2025-07-23 03:55:00,340.7,340.7,340.15,340.25,20237
2025-07-23 04:00:00,340.25,340.85,339.75,340.05,42014
2025-07-23 04:05:00,340.1,340.1,339.15,339.3,28253
2025-07-23 04:10:00,339.3,339.4,338.25,338.55,62260
2025-07-23 04:15:00,338.5,338.6,338.2,338.6,30310
2025-07-23 04:20:00,338.5,339.05,337.7,338.25,61815
2025-07-23 04:25:00,338.2,338.55,338.05,338.4,16040
2025-07-23 04:30:00,338.4,338.4,337.3,337.4,24115
2025-07-23 04:35:00,337.4,338.1,337.05,337.95,40995
2025-07-23 04:40:00,338.05,338.85,338.05,338.25,24733
2025-07-23 04:45:00,338.3,338.5,338.05,338.45,15785
2025-07-23 04:50:00,338.25,338.45,337.5,337.7,27969
2025-07-23 04:55:00,337.7,337.95,337.6,337.7,10855
2025-07-23 05:00:00,337.85,338.35,337.65,338.1,14251
2025-07-23 05:05:00,338.1,338.35,338.1,338.3,11269
2025-07-23 05:10:00,338.15,338.55,338.0,338.55,20484
2025-07-23 05:15:00,338.45,338.6,336.85,337.0,59982
2025-07-23 05:20:00,336.9,337.35,336.8,336.95,167700
2025-07-23 05:25:00,336.95,337.25,336.95,337.0,34117
2025-07-23 05:30:00,337.0,338.1,336.9,337.75,187449
2025-07-23 05:35:00,337.95,338.0,337.4,337.5,67878
2025-07-23 05:40:00,337.4,337.55,337.05,337.4,27468
2025-07-23 05:45:00,337.3,337.95,337.3,337.8,42373
2025-07-23 05:50:00,337.95,338.1,337.45,337.95,51215
2025-07-23 05:55:00,337.9,338.0,337.6,337.85,36315
2025-07-23 06:00:00,338.0,338.35,337.65,337.7,54721
2025-07-23 06:05:00,337.8,338.0,337.65,337.8,24425
2025-07-23 06:10:00,337.85,338.5,337.75,338.25,64343
2025-07-23 06:15:00,338.2,338.5,337.75,338.0,49869
2025-07-23 06:20:00,338.0,338.0,337.5,337.65,44498
2025-07-23 06:25:00,337.7,338.6,337.55,338.4,96371
2025-07-23 06:30:00,338.4,338.95,338.3,338.5,156567
2025-07-23 06:35:00,338.5,339.15,338.35,338.4,205867
2025-07-23 06:40:00,338.5,338.8,338.3,338.55,127798
2025-07-23 06:45:00,338.55,338.75,337.65,337.8,57819
2025-07-23 06:50:00,338.05,338.3,337.9,338.15,32520
2025-07-23 06:55:00,338.35,338.45,338.1,338.3,20613
2025-07-23 07:00:00,338.4,339.0,338.3,338.9,75942
2025-07-23 07:05:00,338.95,339.0,338.7,338.85,49387
2025-07-23 07:10:00,338.85,339.05,338.7,338.9,30671
2025-07-23 07:15:00,339.0,339.35,338.65,338.9,304414
2025-07-23 07:20:00,338.95,340.45,338.9,340.15,116659
2025-07-23 07:25:00,340.15,340.5,340.15,340.45,24879
2025-07-23 07:30:00,340.45,341.3,340.3,340.95,70655
2025-07-23 07:35:00,341.0,341.0,339.9,340.3,79779
2025-07-23 07:40:00,340.3,340.45,339.85,340.0,30849
2025-07-23 07:45:00,340.1,340.3,339.95,340.2,14346
2025-07-23 07:50:00,340.35,340.4,340.15,340.15,16025
2025-07-23 07:55:00,340.3,340.45,340.15,340.25,22517
2025-07-23 08:00:00,340.3,340.6,340.25,340.25,16132
2025-07-23 08:05:00,340.25,340.45,340.25,340.3,14783
2025-07-23 08:10:00,340.35,340.7,340.35,340.4,22016
2025-07-23 08:15:00,340.5,340.7,340.35,340.55,12351
2025-07-23 08:20:00,340.7,340.75,340.5,340.5,14339
2025-07-23 08:25:00,340.55,341.15,340.4,341.0,52773
2025-07-23 08:30:00,341.0,342.5,340.9,342.35,86779
2025-07-23 08:35:00,342.35,342.8,342.05,342.35,75462
2025-07-23 08:40:00,342.35,342.95,342.35,342.8,37871
2025-07-23 08:45:00,342.85,343.45,342.8,343.25,43832
2025-07-23 08:50:00,343.45,343.55,342.9,343.1,76911
2025-07-23 08:55:00,343.05,343.3,342.4,342.4,70869
2025-07-23 09:00:00,342.45,343.1,342.4,342.95,104807
2025-07-23 09:05:00,342.95,343.1,342.85,342.95,36664
2025-07-23 09:10:00,342.95,343.35,342.9,343.2,26970
2025-07-23 09:15:00,343.25,343.35,343.0,343.1,46466
2025-07-23 09:20:00,343.2,343.3,343.05,343.2,45049
2025-07-23 09:25:00,343.1,343.2,343.05,343.15,55809
2025-07-23 09:30:00,343.25,344.5,343.25,344.0,184559
2025-07-23 09:35:00,343.95,344.25,343.8,344.1,125698
2025-07-23 09:40:00,344.05,344.9,343.85,344.75,201030
2025-07-23 09:45:00,344.7,344.9,344.35,344.75,223917
2025-07-23 09:50:00,344.75,345.0,344.5,344.9,189604
2025-07-23 09:55:00,344.95,345.0,344.05,344.85,249978
2025-07-24 03:45:00,344.45,344.9,342.15,343.35,109722
2025-07-24 03:50:00,343.3,344.1,343.3,343.75,53527
2025-07-24 03:55:00,343.75,343.9,343.45,343.8,25410
2025-07-24 04:00:00,343.8,344.0,343.3,343.7,21287
2025-07-24 04:05:00,343.7,344.25,343.5,344.2,22469
2025-07-24 04:10:00,344.2,344.2,343.1,343.15,26300
2025-07-24 04:15:00,343.15,343.25,342.55,342.6,39099
2025-07-24 04:20:00,342.75,342.75,342.55,342.65,12593
2025-07-24 04:25:00,342.55,343.3,342.15,343.15,37935
2025-07-24 04:30:00,343.0,343.15,342.8,342.95,10585
2025-07-24 04:35:00,342.95,343.1,342.35,342.5,59246
2025-07-24 04:40:00,342.45,342.55,342.0,342.15,16608
2025-07-24 04:45:00,342.15,342.6,342.15,342.55,19622
2025-07-24 04:50:00,342.55,343.5,342.55,343.4,24162
2025-07-24 04:55:00,343.35,343.95,343.15,343.9,36326
2025-07-24 05:00:00,343.75,344.4,343.75,344.35,38016
2025-07-24 05:05:00,344.3,344.35,343.6,343.7,40948
2025-07-24 05:10:00,343.7,344.0,343.2,343.35,77515
2025-07-24 05:15:00,343.35,343.5,343.15,343.35,15296
2025-07-24 05:20:00,343.2,343.8,343.15,343.5,22159
2025-07-24 05:25:00,343.5,343.55,343.05,343.3,25861
2025-07-24 05:30:00,343.25,343.3,343.0,343.3,19178
2025-07-24 05:35:00,343.1,343.45,343.1,343.3,15617
2025-07-24 05:40:00,343.3,343.4,343.1,343.25,9462
2025-07-24 05:45:00,343.1,343.25,342.0,342.25,77604
2025-07-24 05:50:00,342.25,342.4,340.45,341.0,221338
2025-07-24 05:55:00,341.0,341.15,340.6,341.0,45690
2025-07-24 06:00:00,341.05,341.1,340.35,340.5,29947
2025-07-24 06:05:00,340.3,341.15,340.25,341.1,55881
2025-07-24 06:10:00,341.1,341.2,340.9,341.2,16530
2025-07-24 06:15:00,341.2,341.75,341.0,341.5,32329
2025-07-24 06:20:00,341.35,341.65,341.3,341.3,20807
2025-07-24 06:25:00,341.45,341.55,340.9,341.0,16591
2025-07-24 06:30:00,340.95,340.95,339.95,340.15,63962
2025-07-24 06:35:00,340.1,340.6,339.7,340.45,29614
2025-07-24 06:40:00,340.45,341.25,340.25,340.9,101791
2025-07-24 06:45:00,340.9,341.25,340.45,340.65,28379
2025-07-24 06:50:00,340.6,340.75,340.45,340.5,9846
2025-07-24 06:55:00,340.6,340.85,340.5,340.7,13859
2025-07-24 07:00:00,340.6,341.3,340.55,341.0,46146
2025-07-24 07:05:00,341.05,341.1,340.75,340.75,13286
2025-07-24 07:10:00,340.8,340.85,340.65,340.8,11283
2025-07-24 07:15:00,340.8,340.8,340.05,340.1,19486
2025-07-24 07:20:00,340.2,340.55,340.1,340.35,23487
2025-07-24 07:25:00,340.5,340.5,340.0,340.0,16809
2025-07-24 07:30:00,340.1,340.55,340.0,340.45,19363
2025-07-24 07:35:00,340.35,340.8,340.3,340.55,14934
2025-07-24 07:40:00,340.55,341.05,340.4,341.0,24308
2025-07-24 07:45:00,341.05,341.15,340.6,340.75,17701
2025-07-24 07:50:00,340.8,341.0,340.65,340.85,10814
2025-07-24 07:55:00,340.95,340.95,340.75,340.75,11137
2025-07-24 08:00:00,340.85,341.2,340.75,341.1,31913
2025-07-24 08:05:00,341.2,341.25,341.0,341.0,12657
2025-07-24 08:10:00,341.1,341.15,340.7,341.05,28479
2025-07-24 08:15:00,341.1,341.6,340.75,341.45,39411
2025-07-24 08:20:00,341.55,341.8,341.45,341.55,16616
2025-07-24 08:25:00,341.5,341.65,341.35,341.5,25169
2025-07-24 08:30:00,341.6,341.9,341.5,341.8,21285
2025-07-24 08:35:00,341.9,342.0,341.75,341.75,14393
2025-07-24 08:40:00,341.8,341.8,341.6,341.8,23973
2025-07-24 08:45:00,341.8,341.9,341.75,341.8,8590
2025-07-24 08:50:00,341.75,341.9,341.5,341.5,17427
2025-07-24 08:55:00,341.6,341.75,341.5,341.55,23522
2025-07-24 09:00:00,341.55,341.8,341.5,341.65,16585
2025-07-24 09:05:00,341.8,341.95,341.65,341.9,19757
2025-07-24 09:10:00,341.95,342.0,341.65,341.75,12881
2025-07-24 09:15:00,341.75,341.8,341.55,341.6,22630
2025-07-24 09:20:00,341.7,341.7,340.0,340.4,442959
2025-07-24 09:25:00,340.4,340.45,339.8,339.85,185816
2025-07-24 09:30:00,339.95,341.45,339.9,341.45,144394
2025-07-24 09:35:00,341.4,341.7,341.3,341.65,64004
2025-07-24 09:40:00,341.6,341.65,341.2,341.5,76767
2025-07-24 09:45:00,341.5,341.8,341.4,341.8,80450
2025-07-24 09:50:00,341.75,342.2,341.75,341.95,104282
2025-07-24 09:55:00,341.9,341.95,341.55,341.8,64463
2025-07-25 03:45:00,341.0,341.0,339.95,340.25,84640
2025-07-25 03:50:00,340.05,340.4,339.3,339.3,69690
2025-07-25 03:55:00,339.35,340.1,339.05,340.05,36335
2025-07-25 04:00:00,340.1,340.1,338.1,338.3,74537
2025-07-25 04:05:00,338.2,338.45,337.8,338.35,47976
2025-07-25 04:10:00,338.35,338.35,337.5,337.5,37726
2025-07-25 04:15:00,337.5,337.65,337.15,337.55,34041
2025-07-25 04:20:00,337.6,338.15,337.5,337.5,38232
2025-07-25 04:25:00,337.4,337.65,337.35,337.65,15127
2025-07-25 04:30:00,337.65,337.65,337.05,337.3,30005
2025-07-25 04:35:00,337.3,337.35,336.7,336.7,79818
2025-07-25 04:40:00,336.7,336.8,336.3,336.4,31877
2025-07-25 04:45:00,336.25,336.25,335.5,335.85,56714
2025-07-25 04:50:00,335.85,335.85,335.3,335.85,55311
2025-07-25 04:55:00,335.85,335.85,335.25,335.5,24276
2025-07-25 05:00:00,335.5,335.5,335.0,335.3,31564
2025-07-25 05:05:00,335.3,335.8,335.15,335.4,53002
2025-07-25 05:10:00,335.25,335.9,335.15,335.9,27203
2025-07-25 05:15:00,335.9,336.05,335.8,336.05,23350
2025-07-25 05:20:00,336.05,336.15,335.9,335.95,19750
2025-07-25 05:25:00,335.95,336.25,335.9,336.15,11839
2025-07-25 05:30:00,336.2,336.25,335.5,335.5,30137
2025-07-25 05:35:00,335.5,335.65,335.25,335.4,33149
2025-07-25 05:40:00,335.4,335.8,334.55,335.8,73842
2025-07-25 05:45:00,335.75,336.6,335.6,336.6,37600
2025-07-25 05:50:00,336.6,336.6,336.25,336.45,21403
2025-07-25 05:55:00,336.4,336.5,336.1,336.35,25918
2025-07-25 06:00:00,336.35,336.85,336.3,336.45,21376
2025-07-25 06:05:00,336.45,336.45,336.15,336.25,16948
2025-07-25 06:10:00,336.25,336.3,336.05,336.15,12856
2025-07-25 06:15:00,336.1,336.1,335.25,335.4,80189
2025-07-25 06:20:00,335.4,336.05,335.25,336.0,25769
2025-07-25 06:25:00,335.95,336.5,335.95,336.5,17577
2025-07-25 06:30:00,336.5,336.5,336.2,336.45,27322
2025-07-25 06:35:00,336.45,336.6,336.0,336.0,19835
2025-07-25 06:40:00,336.0,336.1,335.65,335.75,27039
2025-07-25 06:45:00,335.65,335.8,335.6,335.8,15610
2025-07-25 06:50:00,335.8,335.8,335.15,335.25,26335
2025-07-25 06:55:00,335.25,335.35,335.05,335.35,18128
2025-07-25 07:00:00,335.35,335.85,335.3,335.4,23537
2025-07-25 07:05:00,335.4,335.75,335.35,335.75,13763
2025-07-25 07:10:00,335.75,335.95,335.6,335.6,18369
2025-07-25 07:15:00,335.6,335.95,335.6,335.9,10966
2025-07-25 07:20:00,335.9,336.0,335.7,335.85,16872
2025-07-25 07:25:00,335.8,335.85,335.35,335.6,13611
2025-07-25 07:30:00,335.55,335.55,335.0,335.05,29308
2025-07-25 07:35:00,335.1,335.1,335.0,335.1,9924
2025-07-25 07:40:00,335.1,335.1,335.0,335.1,12329
2025-07-25 07:45:00,335.1,335.15,334.35,334.95,39901
2025-07-25 07:50:00,334.8,335.3,334.8,335.3,18796
2025-07-25 07:55:00,335.3,335.3,334.7,334.7,12096
2025-07-25 08:00:00,334.7,334.8,334.1,334.3,17025
2025-07-25 08:05:00,334.15,334.6,334.15,334.6,13336
2025-07-25 08:10:00,334.6,334.95,334.6,334.9,5849
2025-07-25 08:15:00,334.95,335.1,334.75,335.05,9907
2025-07-25 08:20:00,335.05,335.1,334.75,335.0,18820
2025-07-25 08:25:00,335.0,335.0,334.8,334.8,9622
2025-07-25 08:30:00,334.8,334.9,334.3,334.4,14953
2025-07-25 08:35:00,334.4,334.4,334.05,334.35,16709
2025-07-25 08:40:00,334.35,334.75,334.2,334.3,33503
2025-07-25 08:45:00,334.25,334.5,334.0,334.0,20876
2025-07-25 08:50:00,334.05,334.05,333.65,333.75,34405
2025-07-25 08:55:00,333.75,334.1,333.7,333.85,17696
2025-07-25 09:00:00,334.05,334.05,333.6,333.75,15929
2025-07-25 09:05:00,333.7,334.5,333.6,334.45,21226
2025-07-25 09:10:00,334.5,335.15,334.0,334.2,52131
2025-07-25 09:15:00,334.2,334.3,333.65,333.8,36971
2025-07-25 09:20:00,333.8,334.0,333.55,333.9,29695
2025-07-25 09:25:00,333.9,334.25,332.7,334.1,125616
2025-07-25 09:30:00,334.15,334.15,332.45,332.65,156087
2025-07-25 09:35:00,332.65,333.9,332.45,333.85,182193
2025-07-25 09:40:00,333.85,334.25,333.1,333.3,316760
2025-07-25 09:45:00,333.4,333.5,332.0,332.25,236546
2025-07-25 09:50:00,332.25,333.1,332.15,333.05,212457
2025-07-25 09:55:00,333.05,333.6,331.05,333.6,274406
2025-07-28 03:45:00,332.35,333.5,331.0,333.3,108576
2025-07-28 03:50:00,333.45,334.05,332.4,333.25,53108
2025-07-28 03:55:00,333.15,334.15,333.15,333.7,71728
2025-07-28 04:00:00,333.65,335.95,333.55,335.5,61688
2025-07-28 04:05:00,335.25,335.5,334.95,335.0,88654
2025-07-28 04:10:00,334.8,335.15,334.45,334.45,45983
2025-07-28 04:15:00,334.45,334.9,334.0,334.75,34264
2025-07-28 04:20:00,334.75,335.35,334.5,335.0,31893
2025-07-28 04:25:00,335.0,335.05,333.6,334.65,68813
2025-07-28 04:30:00,334.65,334.95,334.25,334.75,15107
2025-07-28 04:35:00,334.75,334.75,334.4,334.7,18150
2025-07-28 04:40:00,335.15,335.2,334.45,335.1,39690
2025-07-28 04:45:00,335.05,335.45,335.0,335.05,24837
2025-07-28 04:50:00,335.05,336.2,335.05,335.55,54246
2025-07-28 04:55:00,335.75,337.85,335.35,337.55,124353
2025-07-28 05:00:00,337.55,338.35,337.5,337.85,68978
2025-07-28 05:05:00,337.85,337.85,336.75,336.85,40107
2025-07-28 05:10:00,336.9,336.95,336.15,336.3,25693
2025-07-28 05:15:00,336.3,336.3,335.6,335.65,34036
2025-07-28 05:20:00,335.65,336.8,335.5,336.5,23858
2025-07-28 05:25:00,336.5,337.0,336.5,336.6,26960
2025-07-28 05:30:00,336.6,337.0,336.45,336.45,27347
2025-07-28 05:35:00,336.4,336.5,335.65,335.9,32974
2025-07-28 05:40:00,335.9,336.25,335.65,335.95,19615
2025-07-28 05:45:00,336.05,336.55,335.65,336.4,255669
2025-07-28 05:50:00,336.4,337.2,336.35,336.75,81211
2025-07-28 05:55:00,336.75,336.75,335.0,335.55,194829
2025-07-28 06:00:00,335.45,335.45,335.0,335.05,52107
2025-07-28 06:05:00,335.05,336.2,335.05,335.8,167828
2025-07-28 06:10:00,335.85,336.0,334.85,335.4,222551
2025-07-28 06:15:00,335.25,335.55,335.05,335.55,26046
2025-07-28 06:20:00,335.55,335.65,334.9,335.0,108478
2025-07-28 06:25:00,335.0,335.45,334.95,335.05,541647
2025-07-28 06:30:00,335.1,335.1,334.4,334.4,33487
2025-07-28 06:35:00,334.4,334.6,334.05,334.2,39908
2025-07-28 06:40:00,334.2,334.35,334.0,334.1,36859
2025-07-28 06:45:00,334.2,334.3,334.0,334.0,49764
2025-07-28 06:50:00,334.05,334.15,333.9,333.95,29968
2025-07-28 06:55:00,333.95,334.4,333.95,334.05,58533
2025-07-28 07:00:00,334.2,334.95,333.75,334.05,175293
2025-07-28 07:05:00,334.0,334.35,333.3,333.5,93554
2025-07-28 07:10:00,333.5,333.8,333.3,333.65,29683
2025-07-28 07:15:00,333.65,333.7,333.1,333.1,30538
2025-07-28 07:20:00,333.1,333.25,332.8,333.1,36851
2025-07-28 07:25:00,333.1,333.15,332.7,332.75,17816
2025-07-28 07:30:00,332.75,332.85,332.4,332.4,27830
2025-07-28 07:35:00,332.5,333.1,332.4,332.75,29629
2025-07-28 07:40:00,332.75,333.3,332.55,333.15,92535
2025-07-28 07:45:00,333.2,333.35,333.0,333.3,17681
2025-07-28 07:50:00,333.35,333.75,332.65,333.55,83742
2025-07-28 07:55:00,333.6,333.9,333.55,333.8,35861
2025-07-28 08:00:00,333.85,333.9,333.25,333.4,39280
2025-07-28 08:05:00,333.4,333.6,333.15,333.2,40764
2025-07-28 08:10:00,333.35,333.8,333.3,333.4,31700
2025-07-28 08:15:00,333.45,333.85,332.85,333.6,47485
2025-07-28 08:20:00,333.6,333.9,333.2,333.9,30202
2025-07-28 08:25:00,333.9,334.0,333.45,333.65,42672
2025-07-28 08:30:00,333.65,333.65,333.3,333.45,31770
2025-07-28 08:35:00,333.35,334.0,333.35,333.95,31321
2025-07-28 08:40:00,334.0,334.05,333.6,333.95,46816
2025-07-28 08:45:00,333.95,334.0,333.65,333.9,35625
2025-07-28 08:50:00,333.8,334.85,333.6,334.8,72492
2025-07-28 08:55:00,334.85,335.1,334.1,334.4,158354
2025-07-28 09:00:00,334.4,334.9,334.25,334.75,49935
2025-07-28 09:05:00,334.75,335.1,334.45,335.1,60691
2025-07-28 09:10:00,335.1,335.4,334.6,334.7,143536
2025-07-28 09:15:00,334.6,335.5,334.4,334.4,180278
2025-07-28 09:20:00,334.6,334.6,333.8,333.8,71497
2025-07-28 09:25:00,334.0,334.3,333.85,334.1,91976
2025-07-28 09:30:00,334.1,334.1,333.05,333.7,121673
2025-07-28 09:35:00,333.75,334.0,333.45,333.65,96128
2025-07-28 09:40:00,333.65,333.65,333.1,333.6,104837
2025-07-28 09:45:00,333.55,333.55,333.05,333.4,117055
2025-07-28 09:50:00,333.4,333.55,333.1,333.2,166344
2025-07-28 09:55:00,333.2,333.65,332.9,333.65,105387
2025-07-29 03:45:00,335.7,335.8,333.25,334.7,251930
2025-07-29 03:50:00,334.7,335.35,334.5,334.8,80994
2025-07-29 03:55:00,334.8,336.5,334.8,335.9,97019
2025-07-29 04:00:00,336.0,336.35,335.9,336.1,130468
2025-07-29 04:05:00,335.95,336.35,335.0,335.5,133115
2025-07-29 04:10:00,335.65,336.4,335.6,336.4,53032
2025-07-29 04:15:00,336.1,336.5,335.9,336.0,98405
2025-07-29 04:20:00,336.15,336.35,335.85,336.0,66149
2025-07-29 04:25:00,336.0,336.5,335.3,335.55,148072
2025-07-29 04:30:00,335.5,335.85,335.2,335.25,52014
2025-07-29 04:35:00,335.25,335.45,335.0,335.4,44295
2025-07-29 04:40:00,335.25,335.3,334.25,334.55,93949
2025-07-29 04:45:00,334.45,335.2,334.2,335.0,148108
2025-07-29 04:50:00,335.0,335.2,334.85,335.05,81787
2025-07-29 04:55:00,335.1,335.4,334.5,335.15,214393
2025-07-29 05:00:00,335.15,335.8,335.15,335.6,39375
2025-07-29 05:05:00,335.5,335.8,335.15,335.35,28122
2025-07-29 05:10:00,335.35,335.6,335.25,335.35,28544
2025-07-29 05:15:00,335.35,335.35,335.0,335.0,146449
2025-07-29 05:20:00,335.0,335.35,335.0,335.35,27056
2025-07-29 05:25:00,335.35,336.25,335.25,336.25,28338
2025-07-29 05:30:00,336.2,336.4,335.45,335.7,32062
2025-07-29 05:35:00,335.8,335.85,335.15,335.5,27924
2025-07-29 05:40:00,335.5,335.75,335.35,335.7,22331
2025-07-29 05:45:00,335.7,336.75,335.7,336.25,67547
2025-07-29 05:50:00,336.2,336.4,336.1,336.35,38435
2025-07-29 05:55:00,336.35,336.35,336.1,336.25,28003
2025-07-29 06:00:00,336.3,336.55,336.1,336.5,43545
2025-07-29 06:05:00,336.5,336.7,335.8,335.85,52079
2025-07-29 06:10:00,335.9,335.9,335.05,335.1,31189
2025-07-29 06:15:00,335.1,335.25,334.75,334.95,119587
2025-07-29 06:20:00,335.0,335.05,334.85,334.9,71572
2025-07-29 06:25:00,334.9,335.0,334.45,334.55,165771
2025-07-29 06:30:00,334.65,334.75,334.3,334.65,55278
2025-07-29 06:35:00,334.65,334.8,334.5,334.75,34093
2025-07-29 06:40:00,334.8,335.0,334.6,334.75,45114
2025-07-29 06:45:00,334.75,335.0,334.6,334.8,52544
2025-07-29 06:50:00,334.8,335.0,334.5,334.5,64555
2025-07-29 06:55:00,334.5,334.8,334.25,334.75,40736
2025-07-29 07:00:00,334.75,335.1,334.6,334.95,65957
2025-07-29 07:05:00,334.95,335.05,334.65,334.95,30333
2025-07-29 07:10:00,335.0,335.15,334.8,334.8,40328
2025-07-29 07:15:00,334.9,335.15,334.8,334.8,37606
2025-07-29 07:20:00,334.85,335.15,334.8,334.95,39852
2025-07-29 07:25:00,335.0,335.1,334.8,334.9,35799
2025-07-29 07:30:00,334.95,335.05,334.75,334.8,39775
2025-07-29 07:35:00,334.8,335.05,334.8,334.9,39273
2025-07-29 07:40:00,334.85,335.05,334.75,334.95,49338
2025-07-29 07:45:00,334.8,335.2,334.75,334.9,95725
2025-07-29 07:50:00,335.0,335.9,334.8,335.45,261509
2025-07-29 07:55:00,335.55,336.3,335.55,335.95,54735
2025-07-29 08:00:00,335.7,336.5,335.55,336.3,40580
2025-07-29 08:05:00,336.35,336.65,336.0,336.5,44509
2025-07-29 08:10:00,336.5,336.9,336.45,336.7,76875
2025-07-29 08:15:00,336.75,336.95,336.6,336.85,28990
2025-07-29 08:20:00,336.85,337.3,336.7,336.9,83513
2025-07-29 08:25:00,336.9,337.0,335.5,335.65,170223
2025-07-29 08:30:00,335.65,335.75,334.85,335.1,89352
2025-07-29 08:35:00,335.1,335.25,334.9,335.2,104146
2025-07-29 08:40:00,335.2,335.4,334.8,335.1,148508
2025-07-29 08:45:00,335.1,335.25,334.75,334.8,159313
2025-07-29 08:50:00,334.75,336.2,334.7,335.0,266160
2025-07-29 08:55:00,334.95,335.0,334.7,334.95,70568
2025-07-29 09:00:00,334.95,335.55,334.9,335.1,297581
2025-07-29 09:05:00,335.25,335.3,334.7,334.95,79655
2025-07-29 09:10:00,334.95,335.0,334.8,334.95,44694
2025-07-29 09:15:00,334.95,335.0,334.9,334.95,51671
2025-07-29 09:20:00,334.95,335.15,334.9,335.0,245122
2025-07-29 09:25:00,335.0,335.1,334.9,335.0,264031
2025-07-29 09:30:00,335.0,335.3,334.3,335.0,399239
2025-07-29 09:35:00,335.0,335.0,334.95,335.0,140396
2025-07-29 09:40:00,335.0,335.0,334.7,335.0,193538
2025-07-29 09:45:00,334.95,335.0,334.95,335.0,265209
2025-07-29 09:50:00,335.0,335.25,334.7,334.9,299220
2025-07-29 09:55:00,334.95,335.05,334.15,335.05,390736
2025-07-30 03:45:00,334.0,335.55,333.0,335.55,215820
2025-07-30 03:50:00,335.55,335.75,332.95,333.3,103132
2025-07-30 03:55:00,333.3,333.3,331.6,332.35,123613
2025-07-30 04:00:00,332.35,332.6,331.25,331.6,58076
2025-07-30 04:05:00,331.6,333.9,331.25,333.7,69948
2025-07-30 04:10:00,333.55,333.9,333.0,333.25,21009
2025-07-30 04:15:00,333.1,333.15,331.2,331.3,60147
2025-07-30 04:20:00,331.3,331.35,330.45,330.65,73303
2025-07-30 04:25:00,330.5,331.55,330.25,331.55,25444
2025-07-30 04:30:00,331.35,332.1,331.35,331.55,18270
2025-07-30 04:35:00,331.6,331.6,330.65,330.7,27356
2025-07-30 04:40:00,330.7,331.25,330.6,330.85,12924
2025-07-30 04:45:00,331.0,331.55,330.85,331.4,12797
2025-07-30 04:50:00,331.4,331.7,331.3,331.5,20414
2025-07-30 04:55:00,331.6,331.65,330.9,331.1,15666
2025-07-30 05:00:00,331.05,333.0,331.05,332.5,48885
2025-07-30 05:05:00,332.45,332.45,331.9,332.05,11757
2025-07-30 05:10:00,332.1,332.15,331.3,331.3,11164
2025-07-30 05:15:00,331.25,331.65,330.05,330.25,43940
2025-07-30 05:20:00,330.2,330.75,330.0,330.7,53954
2025-07-30 05:25:00,330.6,331.1,330.55,331.05,36060
2025-07-30 05:30:00,331.05,331.2,330.35,330.6,52905
2025-07-30 05:35:00,330.7,334.2,330.65,333.75,141571
2025-07-30 05:40:00,333.75,337.15,333.6,336.25,208029
2025-07-30 05:45:00,336.3,337.6,335.0,335.7,99916
2025-07-30 05:50:00,335.55,339.25,335.5,339.0,136537
2025-07-30 05:55:00,338.85,341.95,338.8,340.65,326243
2025-07-30 06:00:00,340.5,341.8,339.9,341.3,361045
2025-07-30 06:05:00,341.3,342.65,341.0,341.25,363288
2025-07-30 06:10:00,341.3,341.9,340.9,341.0,191321
2025-07-30 06:15:00,341.25,342.15,341.0,341.05,132406
2025-07-30 06:20:00,341.05,342.4,341.05,342.0,254407
2025-07-30 06:25:00,342.0,342.4,341.1,341.8,68628
2025-07-30 06:30:00,341.8,342.0,341.15,341.3,35940
2025-07-30 06:35:00,341.25,342.35,341.0,341.05,96203
2025-07-30 06:40:00,341.2,341.2,338.65,338.9,174500
2025-07-30 06:45:00,338.9,341.0,338.85,340.7,257251
2025-07-30 06:50:00,340.65,341.9,340.15,340.6,198053
2025-07-30 06:55:00,340.65,340.9,338.05,338.35,171759
2025-07-30 07:00:00,338.35,339.5,337.25,338.1,322747
2025-07-30 07:05:00,338.1,339.35,337.4,339.0,439998
2025-07-30 07:10:00,339.0,339.65,338.45,338.75,107751
2025-07-30 07:15:00,338.75,341.2,338.4,340.3,391592
2025-07-30 07:20:00,340.3,342.85,340.2,342.35,346668
2025-07-30 07:25:00,342.45,343.55,342.15,342.35,189332
2025-07-30 07:30:00,342.35,343.45,342.15,342.5,103128
2025-07-30 07:35:00,342.4,342.7,341.3,341.35,63183
2025-07-30 07:40:00,341.5,341.75,340.7,340.75,78577
2025-07-30 07:45:00,340.75,340.8,340.1,340.1,63295
2025-07-30 07:50:00,340.1,340.25,339.35,339.7,56765
2025-07-30 07:55:00,339.7,339.9,339.0,339.05,109022
2025-07-30 08:00:00,339.05,339.7,338.75,339.55,42447
2025-07-30 08:05:00,339.55,339.7,339.05,339.15,16794
2025-07-30 08:10:00,339.15,339.5,338.95,339.5,36049
2025-07-30 08:15:00,339.65,339.7,338.95,339.25,21888
2025-07-30 08:20:00,339.25,340.35,339.2,340.15,85243
2025-07-30 08:25:00,340.15,341.35,340.15,341.15,112887
2025-07-30 08:30:00,341.2,341.2,339.6,340.95,373475
2025-07-30 08:35:00,340.95,341.15,339.25,339.25,225325
2025-07-30 08:40:00,339.3,340.5,339.15,339.4,167841
2025-07-30 08:45:00,339.4,339.55,337.7,337.75,269896
2025-07-30 08:50:00,337.95,337.95,336.85,337.05,245784
2025-07-30 08:55:00,337.05,337.55,336.65,337.25,267202
2025-07-30 09:00:00,337.4,337.75,336.7,337.25,305976
2025-07-30 09:05:00,337.4,337.45,335.9,336.0,253197
2025-07-30 09:10:00,336.0,336.55,335.9,335.95,179592
2025-07-30 09:15:00,336.0,336.55,335.8,335.9,121679
2025-07-30 09:20:00,336.2,336.5,335.9,336.25,109525
2025-07-30 09:25:00,336.25,336.85,336.15,336.35,113158
2025-07-30 09:30:00,336.6,336.9,336.2,336.5,160818
2025-07-30 09:35:00,336.7,337.15,336.45,337.0,178914
2025-07-30 09:40:00,337.0,338.15,336.5,337.4,331234
2025-07-30 09:45:00,337.4,337.95,337.1,337.6,576365
2025-07-30 09:50:00,337.5,337.75,336.6,336.9,344514
2025-07-30 09:55:00,337.0,337.0,336.5,336.55,218249
2025-07-31 03:45:00,330.0,330.0,325.85,326.5,631818
2025-07-31 03:50:00,326.5,326.65,324.3,325.3,415593
2025-07-31 03:55:00,325.35,325.7,323.55,324.25,241287
2025-07-31 04:00:00,324.25,324.5,323.1,324.0,235854
2025-07-31 04:05:00,323.8,324.95,323.35,324.15,150807
2025-07-31 04:10:00,324.15,326.25,323.9,326.1,204017
2025-07-31 04:15:00,326.2,327.0,325.8,326.3,131438
2025-07-31 04:20:00,326.35,326.45,325.8,326.25,73196
2025-07-31 04:25:00,326.35,326.9,325.95,326.7,73477
2025-07-31 04:30:00,326.6,327.0,326.0,326.75,121249
2025-07-31 04:35:00,326.75,327.2,326.6,326.85,134782
2025-07-31 04:40:00,327.0,327.1,326.55,326.9,328791
2025-07-31 04:45:00,326.65,327.85,326.65,327.6,167433
2025-07-31 04:50:00,327.6,328.6,327.3,328.6,75593
2025-07-31 04:55:00,328.5,329.35,328.3,329.0,90623
2025-07-31 05:00:00,329.0,329.55,328.65,328.8,78746
2025-07-31 05:05:00,328.9,329.55,328.65,329.4,44845
2025-07-31 05:10:00,329.5,329.95,329.35,329.9,40569
2025-07-31 05:15:00,329.9,330.0,328.5,329.05,80559
2025-07-31 05:20:00,329.0,329.7,329.0,329.7,31264
2025-07-31 05:25:00,329.6,329.75,329.05,329.45,25953
2025-07-31 05:30:00,329.35,329.6,329.1,329.4,28678
2025-07-31 05:35:00,329.4,329.85,329.2,329.35,55050
2025-07-31 05:40:00,329.35,329.8,329.25,329.75,17657
2025-07-31 05:45:00,329.65,330.3,329.55,330.25,71227
2025-07-31 05:50:00,330.1,330.8,330.0,330.3,48659
2025-07-31 05:55:00,330.3,330.85,330.15,330.8,38667
2025-07-31 06:00:00,330.85,331.25,330.6,331.0,73504
2025-07-31 06:05:00,331.05,331.25,330.4,330.45,80374
2025-07-31 06:10:00,330.4,330.6,329.9,330.0,46917
2025-07-31 06:15:00,330.1,330.3,329.8,330.15,18330
2025-07-31 06:20:00,330.25,330.25,329.95,330.15,13156
2025-07-31 06:25:00,330.15,330.15,330.0,330.05,11169
2025-07-31 06:30:00,330.0,330.05,329.65,329.7,24420
2025-07-31 06:35:00,329.75,330.0,329.35,329.35,30356
2025-07-31 06:40:00,329.45,330.4,328.8,330.3,71102
2025-07-31 06:45:00,330.2,330.45,329.75,330.05,23667
2025-07-31 06:50:00,329.95,330.3,329.75,330.25,14289
2025-07-31 06:55:00,330.25,330.3,329.95,330.05,13204
2025-07-31 07:00:00,330.0,331.25,330.0,331.1,56528
2025-07-31 07:05:00,331.2,331.2,330.75,330.8,23980
2025-07-31 07:10:00,330.9,330.9,329.75,329.9,143009
2025-07-31 07:15:00,329.9,330.3,329.65,330.3,62562
2025-07-31 07:20:00,330.3,330.4,330.0,330.15,14759
2025-07-31 07:25:00,330.15,330.4,330.15,330.3,11422
2025-07-31 07:30:00,330.2,330.8,330.05,330.6,31261
2025-07-31 07:35:00,330.7,330.7,330.3,330.4,14143
2025-07-31 07:40:00,330.5,330.6,330.0,330.1,28617
2025-07-31 07:45:00,330.05,330.15,329.7,329.85,90184
2025-07-31 07:50:00,329.8,330.15,329.7,330.0,84911
2025-07-31 07:55:00,330.0,330.1,329.7,330.05,45319
2025-07-31 08:00:00,330.05,330.1,329.7,330.0,78170
2025-07-31 08:05:00,330.1,330.1,329.7,329.85,132446
2025-07-31 08:10:00,329.85,330.1,329.75,329.75,58237
2025-07-31 08:15:00,329.75,330.7,329.75,330.3,34339
2025-07-31 08:20:00,330.3,330.45,330.05,330.15,20387
2025-07-31 08:25:00,330.2,330.2,330.0,330.0,27584
2025-07-31 08:30:00,330.05,330.1,329.8,329.85,14789
2025-07-31 08:35:00,329.8,330.3,329.8,330.3,16761
2025-07-31 08:40:00,330.15,330.4,330.0,330.05,19581
2025-07-31 08:45:00,330.0,330.15,329.7,329.7,28665
2025-07-31 08:50:00,329.65,330.0,329.55,329.75,46626
2025-07-31 08:55:00,329.75,329.85,329.7,329.7,19721
2025-07-31 09:00:00,329.75,330.15,329.65,329.75,43810
2025-07-31 09:05:00,329.75,330.15,329.7,329.95,34994
2025-07-31 09:10:00,329.9,330.1,329.8,330.0,45683
2025-07-31 09:15:00,329.95,330.2,329.85,330.15,34504
2025-07-31 09:20:00,330.25,330.45,329.85,329.9,38411
2025-07-31 09:25:00,329.9,330.45,329.85,330.35,83569
2025-07-31 09:30:00,330.4,330.4,330.05,330.35,207472
2025-07-31 09:35:00,330.3,330.3,329.9,330.05,178289
2025-07-31 09:40:00,329.95,329.95,329.35,329.55,252130
2025-07-31 09:45:00,329.55,329.75,328.2,328.6,350556
2025-07-31 09:50:00,328.6,329.1,328.6,328.85,215393
2025-07-31 09:55:00,328.9,328.95,326.55,327.15,217439
2025-08-01 03:45:00,329.0,329.3,325.4,327.0,139040
2025-08-01 03:50:00,327.0,327.0,325.9,326.35,49419
2025-08-01 03:55:00,326.3,326.55,325.25,325.25,28744
2025-08-01 04:00:00,325.15,325.6,324.4,324.8,117293
2025-08-01 04:05:00,324.8,324.9,323.75,323.85,84909
2025-08-01 04:10:00,323.9,324.7,323.15,324.45,103021
2025-08-01 04:15:00,324.3,325.35,323.9,324.7,113938
2025-08-01 04:20:00,324.65,325.0,323.85,323.85,40762
2025-08-01 04:25:00,323.85,324.0,322.65,323.15,65819
2025-08-01 04:30:00,323.2,324.35,322.35,324.2,45671
2025-08-01 04:35:00,324.2,324.2,323.15,323.55,18769
2025-08-01 04:40:00,323.55,323.85,323.1,323.75,21249
2025-08-01 04:45:00,323.8,323.85,323.25,323.4,18917
2025-08-01 04:50:00,323.55,323.85,323.2,323.45,16574
2025-08-01 04:55:00,323.45,323.55,323.05,323.3,30211
2025-08-01 05:00:00,323.3,323.8,323.0,323.3,44304
2025-08-01 05:05:00,323.05,323.4,322.6,322.75,79209
2025-08-01 05:10:00,322.6,322.75,322.25,322.65,30866
2025-08-01 05:15:00,322.75,323.3,322.1,322.45,57618
2025-08-01 05:20:00,322.25,322.5,321.45,322.5,59788
2025-08-01 05:25:00,322.45,323.0,322.35,322.65,29741
2025-08-01 05:30:00,322.65,322.85,322.45,322.75,19442
2025-08-01 05:35:00,322.65,322.75,322.0,322.05,19791
2025-08-01 05:40:00,322.05,322.55,321.65,321.9,35243
2025-08-01 05:45:00,321.9,322.3,321.55,322.0,37263
2025-08-01 05:50:00,322.0,322.05,321.75,321.75,14638
2025-08-01 05:55:00,321.75,322.0,321.55,321.75,25929
2025-08-01 06:00:00,321.7,321.8,321.3,321.4,14702
2025-08-01 06:05:00,321.45,321.65,321.0,321.1,86351
2025-08-01 06:10:00,321.1,321.3,320.65,320.8,37012
2025-08-01 06:15:00,320.85,321.05,320.65,321.0,20699
2025-08-01 06:20:00,320.95,320.95,320.65,320.85,23546
2025-08-01 06:25:00,320.85,321.1,320.0,320.5,63415
2025-08-01 06:30:00,320.5,320.75,320.35,320.4,23398
2025-08-01 06:35:00,320.4,322.6,320.3,321.45,102250
2025-08-01 06:40:00,321.35,321.75,321.15,321.3,21047
2025-08-01 06:45:00,321.3,321.55,320.8,320.9,34049
2025-08-01 06:50:00,320.9,321.1,320.55,320.95,131117
2025-08-01 06:55:00,320.95,320.95,320.0,320.1,30034
2025-08-01 07:00:00,320.15,320.35,319.5,320.05,71697
2025-08-01 07:05:00,319.9,320.05,319.05,319.8,101078
2025-08-01 07:10:00,319.8,320.2,319.7,320.05,69121
2025-08-01 07:15:00,320.05,320.1,319.45,319.55,15582
2025-08-01 07:20:00,319.5,319.7,319.3,319.6,13268
2025-08-01 07:25:00,319.6,319.9,319.3,319.3,28421
2025-08-01 07:30:00,319.4,319.4,319.1,319.25,16739
2025-08-01 07:35:00,319.15,320.6,319.1,319.7,112778
2025-08-01 07:40:00,319.7,319.95,319.55,319.65,13086
2025-08-01 07:45:00,319.65,319.85,319.4,319.85,21835
2025-08-01 07:50:00,319.8,320.0,319.6,320.0,14621
2025-08-01 07:55:00,319.95,320.2,319.55,319.75,115852
2025-08-01 08:00:00,319.75,320.0,319.65,319.75,16329
2025-08-01 08:05:00,319.75,320.0,319.4,319.85,71187
2025-08-01 08:10:00,319.85,320.0,319.55,320.0,21522
2025-08-01 08:15:00,319.95,320.0,319.5,319.9,24285
2025-08-01 08:20:00,319.75,320.0,319.2,319.75,51494
2025-08-01 08:25:00,319.8,320.0,319.55,319.8,19843
2025-08-01 08:30:00,319.75,320.25,319.45,320.25,39676
2025-08-01 08:35:00,320.25,320.3,319.8,320.1,92497
2025-08-01 08:40:00,320.2,320.95,320.0,320.25,86591
2025-08-01 08:45:00,320.25,320.3,319.5,319.5,134938
2025-08-01 08:50:00,319.7,319.7,318.75,318.9,53385
2025-08-01 08:55:00,318.85,319.75,318.65,319.7,50556
2025-08-01 09:00:00,319.7,319.95,319.5,319.7,22926
2025-08-01 09:05:00,319.7,320.0,319.25,319.6,13952
2025-08-01 09:10:00,319.55,319.9,317.95,319.25,95808
2025-08-01 09:15:00,319.3,319.5,318.8,319.35,26158
2025-08-01 09:20:00,319.4,319.4,318.85,318.85,22298
2025-08-01 09:25:00,318.85,318.95,318.65,318.65,18359
2025-08-01 09:30:00,318.6,319.3,318.55,318.55,104318
2025-08-01 09:35:00,318.6,318.7,318.15,318.3,86844
2025-08-01 09:40:00,318.3,318.3,317.8,318.05,109643
2025-08-01 09:45:00,318.05,318.1,317.0,317.45,141651
2025-08-01 09:50:00,317.4,317.6,317.1,317.45,165822
2025-08-01 09:55:00,317.55,317.95,316.55,317.2,104044
2025-08-04 03:45:00,320.15,320.75,317.05,318.9,224977
2025-08-04 03:50:00,318.9,318.9,317.1,317.65,81346
2025-08-04 03:55:00,317.65,318.35,317.3,317.95,53865
2025-08-04 04:00:00,317.7,318.1,316.65,316.9,41872
2025-08-04 04:05:00,316.9,316.9,316.25,316.5,39250
2025-08-04 04:10:00,316.4,317.05,314.9,315.25,113200
2025-08-04 04:15:00,315.35,316.45,315.0,316.45,80005
2025-08-04 04:20:00,316.4,316.85,315.85,316.05,36450
2025-08-04 04:25:00,315.9,316.65,315.65,316.0,88058
2025-08-04 04:30:00,315.95,316.95,315.8,316.65,27237
2025-08-04 04:35:00,316.65,317.0,316.35,316.7,38577
2025-08-04 04:40:00,316.55,316.55,315.6,316.15,31406
2025-08-04 04:45:00,316.2,317.25,316.1,316.6,33513
2025-08-04 04:50:00,316.6,317.2,316.55,317.05,26377
2025-08-04 04:55:00,317.05,317.2,316.5,316.5,13503
2025-08-04 05:00:00,316.6,316.9,316.0,316.0,19905
2025-08-04 05:05:00,316.05,316.05,315.3,315.3,28863
2025-08-04 05:10:00,315.35,315.9,315.2,315.3,24032
2025-08-04 05:15:00,315.3,315.45,315.0,315.3,35989
2025-08-04 05:20:00,315.2,315.9,315.0,315.9,17664
2025-08-04 05:25:00,315.75,315.95,315.3,315.7,26207
2025-08-04 05:30:00,315.6,316.0,315.5,315.95,20247
2025-08-04 05:35:00,315.85,316.25,315.5,315.9,32841
2025-08-04 05:40:00,316.0,316.05,315.45,315.8,25913
2025-08-04 05:45:00,315.7,316.4,315.7,316.1,28126
2025-08-04 05:50:00,316.0,316.3,315.9,316.0,10100
2025-08-04 05:55:00,316.1,316.25,316.0,316.0,11297
2025-08-04 06:00:00,316.0,316.3,315.8,316.0,15624
2025-08-04 06:05:00,315.9,316.05,315.45,315.55,20917
2025-08-04 06:10:00,315.45,316.2,315.45,316.2,18077
2025-08-04 06:15:00,316.3,316.35,315.9,316.0,13720
2025-08-04 06:20:00,315.8,316.15,315.75,315.95,10450
2025-08-04 06:25:00,315.95,316.0,315.1,315.15,37511
2025-08-04 06:30:00,315.15,315.5,315.15,315.35,34689
2025-08-04 06:35:00,315.45,315.85,315.3,315.4,53390
2025-08-04 06:40:00,315.45,315.95,315.45,315.95,58345
2025-08-04 06:45:00,315.9,316.25,315.65,316.1,55991
2025-08-04 06:50:00,316.15,316.2,315.7,315.7,39367
2025-08-04 06:55:00,315.7,316.85,315.7,316.45,63310
2025-08-04 07:00:00,316.6,317.3,316.2,316.3,64878
2025-08-04 07:05:00,316.35,317.0,316.3,316.6,63736
2025-08-04 07:10:00,316.65,317.2,316.2,316.25,50431
2025-08-04 07:15:00,316.25,316.65,316.2,316.35,34699
2025-08-04 07:20:00,316.45,316.5,316.15,316.15,33706
2025-08-04 07:25:00,316.15,317.1,316.15,317.05,33196
2025-08-04 07:30:00,317.1,317.2,316.25,316.35,27617
2025-08-04 07:35:00,316.25,316.35,315.8,316.0,50287
2025-08-04 07:40:00,315.9,316.0,315.9,316.0,20440
2025-08-04 07:45:00,315.95,316.1,315.6,315.65,25868
2025-08-04 07:50:00,315.65,316.4,315.65,316.1,43459
2025-08-04 07:55:00,316.1,316.9,316.1,316.25,86425
2025-08-04 08:00:00,316.25,316.25,315.1,315.75,76185
2025-08-04 08:05:00,315.65,315.75,315.45,315.55,25310
2025-08-04 08:10:00,315.55,315.95,315.35,315.4,35209
2025-08-04 08:15:00,315.55,316.25,315.45,316.05,22393
2025-08-04 08:20:00,316.05,316.95,316.0,316.65,69459
2025-08-04 08:25:00,316.65,317.0,316.35,316.5,32449
2025-08-04 08:30:00,316.55,316.9,316.3,316.6,32929
2025-08-04 08:35:00,316.6,316.75,316.5,316.6,24398
2025-08-04 08:40:00,316.6,316.75,316.25,316.7,38513
2025-08-04 08:45:00,316.75,317.0,316.35,316.6,52640
2025-08-04 08:50:00,316.55,316.65,316.4,316.5,32542
2025-08-04 08:55:00,316.5,316.55,316.3,316.35,24464
2025-08-04 09:00:00,316.35,316.9,316.35,316.85,33787
2025-08-04 09:05:00,316.85,317.1,316.45,317.0,80323
2025-08-04 09:10:00,317.0,317.1,316.75,317.0,25709
2025-08-04 09:15:00,317.0,317.4,316.9,317.35,35398
2025-08-04 09:20:00,317.3,317.8,317.3,317.6,58914
2025-08-04 09:25:00,317.55,317.85,317.3,317.85,52362
2025-08-04 09:30:00,317.85,318.15,317.1,318.05,143129
2025-08-04 09:35:00,318.1,318.15,317.55,317.85,85125
2025-08-04 09:40:00,317.85,317.85,317.6,317.75,69016
2025-08-04 09:45:00,317.75,318.0,317.75,317.95,92571
2025-08-04 09:50:00,318.0,318.0,317.85,317.95,106128
2025-08-04 09:55:00,318.0,318.1,317.6,318.05,119810
2025-08-05 03:45:00,317.0,318.0,315.9,316.25,159579
2025-08-05 03:50:00,316.25,317.0,315.15,315.2,131537
2025-08-05 03:55:00,315.35,316.7,313.15,313.7,417740
2025-08-05 04:00:00,313.6,314.3,312.7,314.3,159440
2025-08-05 04:05:00,314.2,314.65,313.2,313.2,62786
2025-08-05 04:10:00,313.2,313.8,312.0,313.35,144431
2025-08-05 04:15:00,313.3,313.45,312.45,312.65,76133
2025-08-05 04:20:00,312.65,312.75,311.05,311.15,153128
2025-08-05 04:25:00,311.25,311.5,310.55,310.8,104773
2025-08-05 04:30:00,310.8,310.8,309.75,310.15,198300
2025-08-05 04:35:00,310.1,311.1,309.55,311.0,116676
2025-08-05 04:40:00,311.0,311.4,310.6,311.4,68272
2025-08-05 04:45:00,311.35,311.75,310.75,311.45,88041
2025-08-05 04:50:00,311.4,311.8,311.15,311.4,42335
2025-08-05 04:55:00,311.35,311.7,311.0,311.65,56190
2025-08-05 05:00:00,311.65,312.0,311.5,311.85,40916
2025-08-05 05:05:00,311.8,313.7,311.7,313.3,174461
2025-08-05 05:10:00,313.35,314.25,313.2,313.85,156439
2025-08-05 05:15:00,313.75,315.4,313.75,314.1,699090
2025-08-05 05:20:00,314.05,314.55,313.9,314.25,42485
2025-08-05 05:25:00,314.25,314.75,313.6,314.65,56578
2025-08-05 05:30:00,315.05,315.1,314.0,314.15,53686
2025-08-05 05:35:00,314.2,314.75,313.6,314.7,42806
2025-08-05 05:40:00,314.7,315.95,314.65,315.6,154042
2025-08-05 05:45:00,315.65,315.65,315.0,315.5,44025
2025-08-05 05:50:00,315.45,315.9,315.1,315.75,39775
2025-08-05 05:55:00,315.7,316.5,315.7,315.75,83563
2025-08-05 06:00:00,315.8,315.9,315.35,315.65,55597
2025-08-05 06:05:00,315.65,315.8,315.45,315.55,34826
2025-08-05 06:10:00,315.5,315.65,315.3,315.4,46500
2025-08-05 06:15:00,315.4,316.35,315.4,316.3,52662
2025-08-05 06:20:00,316.3,316.5,316.1,316.5,49444
2025-08-05 06:25:00,316.4,316.85,316.05,316.1,37352
2025-08-05 06:30:00,316.15,316.75,316.0,316.75,24604
2025-08-05 06:35:00,316.7,316.75,316.3,316.35,22661
2025-08-05 06:40:00,316.35,316.8,316.25,316.55,51097
2025-08-05 06:45:00,316.55,317.35,316.3,316.4,94576
2025-08-05 06:50:00,316.4,316.4,314.85,315.0,104887
2025-08-05 06:55:00,314.95,315.35,314.5,314.65,230943
2025-08-05 07:00:00,314.7,314.9,314.0,314.5,327214
2025-08-05 07:05:00,314.5,314.65,313.65,313.85,116061
2025-08-05 07:10:00,313.8,314.0,313.6,313.8,26749
2025-08-05 07:15:00,313.75,314.05,313.2,313.75,240516
2025-08-05 07:20:00,313.8,313.85,313.45,313.7,76159
2025-08-05 07:25:00,313.7,314.3,313.6,313.85,55641
2025-08-05 07:30:00,313.85,313.9,313.55,313.9,74062
2025-08-05 07:35:00,313.85,313.85,313.3,313.5,64522
2025-08-05 07:40:00,313.45,314.05,313.4,314.05,80807
2025-08-05 07:45:00,314.0,314.9,313.7,314.9,88794
2025-08-05 07:50:00,314.85,314.9,314.2,314.45,21053
2025-08-05 07:55:00,314.45,314.55,314.1,314.25,12217
2025-08-05 08:00:00,314.2,314.35,313.8,314.2,11867
2025-08-05 08:05:00,314.2,314.4,314.1,314.3,10893
2025-08-05 08:10:00,314.3,314.7,314.1,314.7,11748
2025-08-05 08:15:00,314.75,314.75,314.3,314.7,18039
2025-08-05 08:20:00,314.65,314.8,314.35,314.6,13179
2025-08-05 08:25:00,314.65,314.65,314.4,314.5,7452
2025-08-05 08:30:00,314.5,314.6,314.2,314.35,5904
2025-08-05 08:35:00,314.3,314.4,314.0,314.2,14510
2025-08-05 08:40:00,314.25,314.85,314.2,314.65,20441
2025-08-05 08:45:00,314.7,314.8,314.35,314.65,10627
2025-08-05 08:50:00,314.7,314.7,314.35,314.55,14034
2025-08-05 08:55:00,314.55,314.8,314.35,314.75,24535
2025-08-05 09:00:00,314.55,314.85,314.4,314.6,16711
2025-08-05 09:05:00,314.6,314.95,314.5,314.8,13312
2025-08-05 09:10:00,314.8,315.25,314.55,315.25,34869
2025-08-05 09:15:00,315.2,315.4,314.8,314.95,36187
2025-08-05 09:20:00,314.95,315.05,314.7,314.9,22381
2025-08-05 09:25:00,314.9,315.15,314.8,314.85,42852
2025-08-05 09:30:00,314.85,315.35,314.35,315.3,132284
2025-08-05 09:35:00,315.25,315.4,315.15,315.3,113253
2025-08-05 09:40:00,315.1,315.25,314.75,315.0,179141
2025-08-05 09:45:00,314.95,315.35,314.95,315.35,162787
2025-08-05 09:50:00,315.25,315.45,314.85,314.95,160554
2025-08-05 09:55:00,314.95,315.1,314.65,314.9,96353
2025-08-06 03:45:00,315.5,317.5,314.4,316.75,154148
2025-08-06 03:50:00,316.75,317.25,316.3,316.75,79898
2025-08-06 03:55:00,316.7,317.85,316.5,316.75,40676
2025-08-06 04:00:00,316.95,317.45,316.2,317.3,117823
2025-08-06 04:05:00,317.3,317.3,316.65,316.7,56444
2025-08-06 04:10:00,316.75,317.4,316.55,316.8,56923
2025-08-06 04:15:00,316.85,317.15,316.65,316.85,36692
2025-08-06 04:20:00,316.85,317.25,316.6,317.0,41626
2025-08-06 04:25:00,317.1,317.25,316.8,317.0,28030
2025-08-06 04:30:00,317.0,317.0,316.65,316.75,35915
2025-08-06 04:35:00,316.75,316.75,315.75,316.2,74167
2025-08-06 04:40:00,316.2,316.4,315.8,316.25,32384
2025-08-06 04:45:00,316.2,317.7,316.0,317.7,50026
2025-08-06 04:50:00,317.7,317.85,317.5,317.7,30392
2025-08-06 04:55:00,317.6,317.7,316.85,317.3,26904
2025-08-06 05:00:00,317.3,317.5,317.05,317.2,26601
2025-08-06 05:05:00,317.2,317.55,316.9,317.35,74465
2025-08-06 05:10:00,317.35,318.15,316.9,317.05,203570
2025-08-06 05:15:00,317.05,317.3,316.65,316.9,63188
2025-08-06 05:20:00,316.65,317.55,316.65,317.45,48365
2025-08-06 05:25:00,317.5,317.55,317.15,317.45,24652
2025-08-06 05:30:00,317.45,317.8,317.2,317.35,72753
2025-08-06 05:35:00,317.35,317.4,316.85,317.0,54812
2025-08-06 05:40:00,317.0,317.1,316.35,317.1,149738
2025-08-06 05:45:00,317.05,317.1,316.4,316.4,29333
2025-08-06 05:50:00,316.5,316.85,316.3,316.7,41361
2025-08-06 05:55:00,316.65,316.65,316.05,316.35,42734
2025-08-06 06:00:00,316.35,316.45,315.65,315.8,50437
2025-08-06 06:05:00,315.7,316.15,315.7,316.0,22818
2025-08-06 06:10:00,316.1,316.15,315.15,315.3,45525
2025-08-06 06:15:00,315.4,315.45,315.1,315.15,20622
2025-08-06 06:20:00,315.2,315.6,315.0,315.45,30315
2025-08-06 06:25:00,315.45,316.0,315.45,315.85,43284
2025-08-06 06:30:00,315.9,316.0,315.55,315.8,16701
2025-08-06 06:35:00,315.8,315.9,315.55,315.65,19267
2025-08-06 06:40:00,315.65,315.75,315.45,315.6,15053
2025-08-06 06:45:00,315.6,315.85,315.35,315.75,17089
2025-08-06 06:50:00,315.75,316.5,315.75,316.15,53182
2025-08-06 06:55:00,316.15,316.25,315.9,316.1,22610
2025-08-06 07:00:00,316.25,316.5,316.2,316.4,20445
2025-08-06 07:05:00,316.5,316.5,316.0,316.0,16695
2025-08-06 07:10:00,316.0,316.35,316.0,316.3,19325
2025-08-06 07:15:00,316.3,316.6,316.3,316.3,39872
2025-08-06 07:20:00,316.25,316.3,315.45,315.45,114537
2025-08-06 07:25:00,315.55,316.05,315.4,315.95,21920
2025-08-06 07:30:00,315.9,316.4,315.8,316.3,14428
2025-08-06 07:35:00,316.3,316.3,316.0,316.05,13065
2025-08-06 07:40:00,316.05,316.15,315.9,316.0,15383
2025-08-06 07:45:00,316.05,316.5,316.0,316.3,23749
2025-08-06 07:50:00,316.3,316.35,315.9,315.9,16437
2025-08-06 07:55:00,315.9,316.15,315.9,316.05,12699
2025-08-06 08:00:00,316.0,316.3,315.9,315.9,25288
2025-08-06 08:05:00,315.9,316.0,315.75,315.9,14131
2025-08-06 08:10:00,315.9,316.1,315.4,316.0,28693
2025-08-06 08:15:00,316.0,316.1,315.85,315.85,16820
2025-08-06 08:20:00,315.9,315.9,315.45,315.65,15259
2025-08-06 08:25:00,315.7,316.1,315.6,315.95,26216
2025-08-06 08:30:00,315.95,316.05,315.65,315.8,12719
2025-08-06 08:35:00,315.7,315.9,315.65,315.75,12584
2025-08-06 08:40:00,315.75,315.8,315.4,315.45,29054
2025-08-06 08:45:00,315.6,315.65,315.3,315.55,21680
2025-08-06 08:50:00,315.65,315.65,315.45,315.45,13498
2025-08-06 08:55:00,315.45,315.45,315.0,315.0,29044
2025-08-06 09:00:00,315.05,315.05,314.8,314.9,51259
2025-08-06 09:05:00,314.95,315.0,314.55,314.9,44007
2025-08-06 09:10:00,314.9,315.1,314.9,314.95,21997
2025-08-06 09:15:00,314.95,315.6,314.9,315.55,86082
2025-08-06 09:20:00,315.45,316.05,315.45,316.0,50497
2025-08-06 09:25:00,315.95,316.1,315.6,315.9,50203
2025-08-06 09:30:00,316.0,316.1,315.25,315.7,104548
2025-08-06 09:35:00,315.75,315.95,315.5,315.55,94722
2025-08-06 09:40:00,315.6,315.85,315.5,315.65,119917
2025-08-06 09:45:00,315.65,315.8,315.35,315.8,107239
2025-08-06 09:50:00,315.8,316.1,315.65,315.85,145798
2025-08-06 09:55:00,315.85,316.0,315.45,316.0,99595
2025-08-07 03:45:00,313.3,314.05,312.05,313.25,106568
2025-08-07 03:50:00,313.25,313.25,312.4,313.0,36438
2025-08-07 03:55:00,313.0,313.4,312.95,313.0,22567
2025-08-07 04:00:00,313.05,313.5,312.8,313.45,29400
2025-08-07 04:05:00,313.45,313.8,313.0,313.55,12173
2025-08-07 04:10:00,313.55,313.75,313.3,313.35,10086
2025-08-07 04:15:00,313.4,313.6,313.3,313.6,9685
2025-08-07 04:20:00,313.6,313.6,312.6,312.65,31684
2025-08-07 04:25:00,312.7,313.15,312.5,312.55,30836
2025-08-07 04:30:00,312.6,312.9,312.5,312.85,14039
2025-08-07 04:35:00,312.85,312.85,311.9,312.1,60240
2025-08-07 04:40:00,312.05,312.05,311.55,311.75,37368
2025-08-07 04:45:00,311.75,311.95,311.3,311.8,19741
2025-08-07 04:50:00,311.8,311.8,311.55,311.8,10336
2025-08-07 04:55:00,311.75,312.8,311.6,311.8,248975
2025-08-07 05:00:00,311.8,311.8,310.9,311.3,48364
2025-08-07 05:05:00,311.25,311.3,310.8,311.2,26245
2025-08-07 05:10:00,311.2,312.0,311.0,311.85,45729
2025-08-07 05:15:00,311.9,311.9,311.2,311.4,22964
2025-08-07 05:20:00,311.4,311.6,311.2,311.2,11895
2025-08-07 05:25:00,311.2,311.8,311.2,311.8,35955
2025-08-07 05:30:00,311.8,311.8,311.0,311.3,42086
2025-08-07 05:35:00,311.35,311.4,310.95,311.25,20896
2025-08-07 05:40:00,311.2,311.5,311.05,311.25,38842
2025-08-07 05:45:00,311.3,311.6,310.65,311.6,114486
2025-08-07 05:50:00,311.6,311.8,311.25,311.8,28232
2025-08-07 05:55:00,311.75,311.8,311.6,311.7,12680
2025-08-07 06:00:00,311.75,311.75,310.9,311.35,58135
2025-08-07 06:05:00,311.3,311.55,311.15,311.3,12585
2025-08-07 06:10:00,311.3,311.7,310.0,310.45,119702
2025-08-07 06:15:00,310.45,310.45,310.0,310.15,27383
2025-08-07 06:20:00,310.15,310.2,309.6,309.7,62034
2025-08-07 06:25:00,309.8,309.85,309.5,309.65,14344
2025-08-07 06:30:00,309.65,309.8,309.5,309.6,15981
2025-08-07 06:35:00,309.65,310.05,309.3,309.5,39367
2025-08-07 06:40:00,309.6,310.15,309.6,310.05,7377
2025-08-07 06:45:00,310.05,310.2,309.9,309.9,13637
2025-08-07 06:50:00,310.0,310.0,309.6,309.6,15083
2025-08-07 06:55:00,309.7,309.75,309.4,309.65,18408
2025-08-07 07:00:00,309.7,309.8,309.4,309.75,31044
2025-08-07 07:05:00,309.75,309.85,309.5,309.75,13458
2025-08-07 07:10:00,309.75,309.9,309.4,309.7,20290
2025-08-07 07:15:00,309.7,309.9,309.25,309.55,26432
2025-08-07 07:20:00,309.4,309.55,308.85,309.1,43195
2025-08-07 07:25:00,309.0,309.35,308.9,309.2,22320
2025-08-07 07:30:00,309.2,309.2,308.85,308.9,14376
2025-08-07 07:35:00,309.05,309.05,308.9,309.05,46972
2025-08-07 07:40:00,309.05,309.05,307.35,308.1,150135
2025-08-07 07:45:00,308.1,308.55,307.8,308.4,64247
2025-08-07 07:50:00,308.5,308.6,307.9,308.25,50258
2025-08-07 07:55:00,308.1,308.4,307.8,307.95,60723
2025-08-07 08:00:00,307.95,308.7,307.95,308.3,92628
2025-08-07 08:05:00,308.4,308.6,308.1,308.45,42255
2025-08-07 08:10:00,308.45,309.0,307.15,307.6,791393
2025-08-07 08:15:00,307.6,308.0,307.4,308.0,63919
2025-08-07 08:20:00,307.9,308.15,307.75,307.8,56969
2025-08-07 08:25:00,307.75,307.85,307.5,307.75,14099
2025-08-07 08:30:00,307.75,308.0,307.5,307.95,42444
2025-08-07 08:35:00,308.0,309.5,307.95,309.2,69822
2025-08-07 08:40:00,309.2,309.9,309.1,309.15,64046
2025-08-07 08:45:00,309.2,309.65,309.15,309.5,12357
2025-08-07 08:50:00,309.55,310.2,309.2,309.2,110550
2025-08-07 08:55:00,309.2,309.5,309.0,309.3,15216
2025-08-07 09:00:00,309.35,309.9,309.35,309.4,26578
2025-08-07 09:05:00,309.45,309.95,309.2,309.75,18513
2025-08-07 09:10:00,309.8,310.0,309.75,309.95,17376
2025-08-07 09:15:00,309.95,310.15,309.55,309.9,32586
2025-08-07 09:20:00,309.95,310.8,309.9,310.6,83417
2025-08-07 09:25:00,310.65,310.65,309.9,310.0,80314
2025-08-07 09:30:00,310.0,310.45,309.95,310.25,119902
2025-08-07 09:35:00,310.2,310.5,310.1,310.25,267384
2025-08-07 09:40:00,310.2,310.5,310.0,310.35,521581
2025-08-07 09:45:00,310.25,311.0,310.1,311.0,201317
2025-08-07 09:50:00,311.0,311.0,310.65,310.7,107005
2025-08-07 09:55:00,310.75,310.9,310.1,310.15,90117
2025-08-08 03:45:00,310.5,312.75,308.6,312.1,246617
2025-08-08 03:50:00,312.1,314.95,311.95,314.5,172850
2025-08-08 03:55:00,314.5,316.0,313.85,315.05,342674
2025-08-08 04:00:00,315.05,316.25,314.5,315.35,222144
2025-08-08 04:05:00,315.3,317.6,315.15,316.6,388182
2025-08-08 04:10:00,316.65,317.0,315.5,316.05,220148
2025-08-08 04:15:00,316.05,316.2,315.05,315.15,149702
2025-08-08 04:20:00,315.2,316.35,315.1,316.2,137638
2025-08-08 04:25:00,316.35,316.9,315.0,315.35,137770
2025-08-08 04:30:00,315.7,316.45,315.1,316.1,131459
2025-08-08 04:35:00,316.15,316.2,315.3,316.05,95936
2025-08-08 04:40:00,316.0,317.2,316.0,316.8,213405
2025-08-08 04:45:00,316.8,317.4,316.5,317.05,161635
2025-08-08 04:50:00,317.1,317.25,316.25,316.8,84978
2025-08-08 04:55:00,316.7,316.95,316.05,316.1,73181
2025-08-08 05:00:00,316.15,316.6,315.5,315.55,92346
2025-08-08 05:05:00,315.6,316.45,315.4,316.2,63220
2025-08-08 05:10:00,316.2,316.7,315.9,316.35,105937
2025-08-08 05:15:00,316.4,316.5,315.9,316.3,57391
2025-08-08 05:20:00,316.35,316.8,316.0,316.65,57215
2025-08-08 05:25:00,316.6,316.95,316.55,316.85,48485
2025-08-08 05:30:00,316.8,317.4,316.7,317.05,107521
2025-08-08 05:35:00,317.0,317.45,316.75,317.35,80711
2025-08-08 05:40:00,317.4,318.0,317.3,317.9,211553
2025-08-08 05:45:00,318.0,319.7,317.9,319.35,389219
2025-08-08 05:50:00,319.4,320.35,319.25,320.1,428722
2025-08-08 05:55:00,320.1,320.9,319.75,319.9,342713
2025-08-08 06:00:00,320.0,320.0,318.75,319.2,242126
2025-08-08 06:05:00,319.25,319.35,318.1,318.35,182082
2025-08-08 06:10:00,318.2,319.05,318.0,318.9,123941
2025-08-08 06:15:00,318.9,319.0,318.35,318.7,41233
2025-08-08 06:20:00,318.7,318.85,317.7,318.85,150380
2025-08-08 06:25:00,318.85,319.55,318.85,319.1,129692
2025-08-08 06:30:00,319.1,319.2,318.55,318.6,50913
2025-08-08 06:35:00,318.5,319.0,317.85,318.0,104269
2025-08-08 06:40:00,318.15,318.45,317.95,318.4,72838
2025-08-08 06:45:00,318.45,318.5,318.25,318.4,33636
2025-08-08 06:50:00,318.5,318.5,318.25,318.45,26879
2025-08-08 06:55:00,318.4,319.0,318.25,318.7,256112
2025-08-08 07:00:00,318.85,319.0,318.45,318.6,45837
2025-08-08 07:05:00,318.6,318.75,318.35,318.6,44621
2025-08-08 07:10:00,318.6,318.6,318.15,318.35,19715
2025-08-08 07:15:00,318.3,318.75,318.2,318.7,27848
2025-08-08 07:20:00,318.7,319.35,318.6,319.25,63096
2025-08-08 07:25:00,319.3,320.3,319.25,319.5,114169
2025-08-08 07:30:00,319.5,319.5,319.15,319.3,26671
2025-08-08 07:35:00,319.3,319.5,318.9,319.05,28055
2025-08-08 07:40:00,319.0,319.5,319.0,319.45,21013
2025-08-08 07:45:00,319.5,320.6,319.5,320.45,148561
2025-08-08 07:50:00,320.5,321.25,320.45,320.95,191505
2025-08-08 07:55:00,320.95,320.95,319.7,320.0,115004
2025-08-08 08:00:00,320.0,321.0,319.95,320.8,67852
2025-08-08 08:05:00,320.8,321.1,320.55,320.7,77911
2025-08-08 08:10:00,320.65,320.75,320.25,320.55,81506
2025-08-08 08:15:00,320.55,320.55,320.1,320.25,27416
2025-08-08 08:20:00,320.25,320.4,320.1,320.15,18670
2025-08-08 08:25:00,320.15,320.4,320.05,320.35,48375
2025-08-08 08:30:00,320.4,320.8,319.7,319.9,111167
2025-08-08 08:35:00,319.9,319.95,319.3,319.8,74969
2025-08-08 08:40:00,319.75,320.05,319.45,319.95,93761
2025-08-08 08:45:00,320.0,320.8,319.6,320.75,78945
2025-08-08 08:50:00,320.75,320.75,320.2,320.4,68643
2025-08-08 08:55:00,320.4,320.4,319.85,320.1,66366
2025-08-08 09:00:00,320.05,320.35,319.85,320.35,101881
2025-08-08 09:05:00,320.35,320.7,320.25,320.55,70237
2025-08-08 09:10:00,320.6,320.9,320.35,320.45,92079
2025-08-08 09:15:00,320.45,320.85,320.25,320.85,95877
2025-08-08 09:20:00,320.8,321.0,320.55,320.8,127344
2025-08-08 09:25:00,320.8,321.0,320.7,320.9,102292
2025-08-08 09:30:00,320.9,320.9,320.15,320.35,143363
2025-08-08 09:35:00,320.35,320.4,319.65,319.75,248950
2025-08-08 09:40:00,319.7,319.85,319.0,319.1,370558
2025-08-08 09:45:00,319.15,319.35,318.85,319.1,465057
2025-08-08 09:50:00,319.1,319.2,318.8,318.95,241253
2025-08-08 09:55:00,318.9,319.9,318.75,319.85,129069
2025-08-11 03:45:00,322.25,330.0,321.4,322.65,1217873
2025-08-11 03:50:00,322.5,323.3,321.0,321.45,449454
2025-08-11 03:55:00,321.55,321.7,320.8,321.15,114739
2025-08-11 04:00:00,321.25,322.05,320.45,321.3,168387
2025-08-11 04:05:00,321.05,321.55,320.6,320.65,103073
2025-08-11 04:10:00,320.55,321.0,320.05,320.8,112277
2025-08-11 04:15:00,320.85,320.85,319.45,319.55,117581
2025-08-11 04:20:00,319.5,320.35,318.7,320.1,188437
2025-08-11 04:25:00,320.05,320.1,318.85,319.7,100813
2025-08-11 04:30:00,319.5,320.6,319.4,319.55,74803
2025-08-11 04:35:00,319.6,319.7,318.05,318.45,110031
2025-08-11 04:40:00,318.45,318.9,317.85,318.9,104822
2025-08-11 04:45:00,318.75,319.85,318.75,319.85,90605
2025-08-11 04:50:00,319.8,320.05,319.4,319.95,70162
2025-08-11 04:55:00,320.0,320.0,319.65,319.8,51822
2025-08-11 05:00:00,319.8,320.15,319.55,320.0,108974
2025-08-11 05:05:00,319.95,320.0,319.6,319.9,34931
2025-08-11 05:10:00,319.9,319.95,319.65,319.85,42175
2025-08-11 05:15:00,319.85,319.9,319.55,319.8,27627
2025-08-11 05:20:00,319.8,320.45,319.7,320.4,138270
2025-08-11 05:25:00,320.4,321.15,320.2,321.0,266763
2025-08-11 05:30:00,321.0,321.15,320.8,320.95,54349
2025-08-11 05:35:00,320.95,320.95,320.2,320.3,33108
2025-08-11 05:40:00,320.25,320.3,319.25,319.55,138351
2025-08-11 05:45:00,319.65,320.0,319.1,319.75,133557
2025-08-11 05:50:00,319.75,320.1,319.35,320.0,109529
2025-08-11 05:55:00,319.95,320.0,319.65,320.0,29837
2025-08-11 06:00:00,320.0,320.2,319.8,320.0,99721
2025-08-11 06:05:00,319.95,319.95,319.0,319.0,46959
2025-08-11 06:10:00,319.0,319.05,318.4,318.55,71886
2025-08-11 06:15:00,318.55,319.05,318.15,318.15,107725
2025-08-11 06:20:00,318.3,318.45,317.2,318.35,66086
2025-08-11 06:25:00,318.3,319.0,318.2,318.95,33979
2025-08-11 06:30:00,319.0,319.85,318.9,319.5,140140
2025-08-11 06:35:00,319.45,320.0,319.3,319.3,208989
2025-08-11 06:40:00,319.5,320.6,319.45,320.35,225406
2025-08-11 06:45:00,320.35,320.4,319.3,319.55,116194
2025-08-11 06:50:00,319.6,319.95,319.45,319.9,21449
2025-08-11 06:55:00,319.8,320.0,319.65,319.9,33442
2025-08-11 07:00:00,319.8,319.9,319.5,319.8,18070
2025-08-11 07:05:00,319.75,320.15,319.7,320.0,142265
2025-08-11 07:10:00,319.95,320.0,319.95,320.0,12637
2025-08-11 07:15:00,320.0,320.0,319.8,320.0,60672
2025-08-11 07:20:00,319.95,320.0,319.95,320.0,101301
2025-08-11 07:25:00,319.95,320.0,319.95,320.0,29472
2025-08-11 07:30:00,320.0,320.0,319.85,319.95,35326
2025-08-11 07:35:00,319.9,319.95,319.55,319.95,32898
2025-08-11 07:40:00,319.95,320.0,319.9,320.0,228935
2025-08-11 07:45:00,320.0,320.35,319.95,320.05,157083
2025-08-11 07:50:00,320.1,320.2,319.7,319.85,28728
2025-08-11 07:55:00,319.9,320.8,319.7,320.5,68602
2025-08-11 08:00:00,320.5,320.85,320.5,320.6,32947
2025-08-11 08:05:00,320.6,320.95,320.55,320.9,14466
2025-08-11 08:10:00,320.85,321.15,320.8,320.95,63235
2025-08-11 08:15:00,320.9,320.95,320.35,320.35,27291
2025-08-11 08:20:00,320.5,320.95,320.35,320.9,75011
2025-08-11 08:25:00,320.85,320.95,320.55,320.9,17526
2025-08-11 08:30:00,320.95,321.05,319.7,319.85,174177
2025-08-11 08:35:00,319.95,320.4,319.8,320.2,35192
2025-08-11 08:40:00,320.25,320.5,319.8,320.0,21007
2025-08-11 08:45:00,320.0,320.25,320.0,320.05,15667
2025-08-11 08:50:00,320.15,320.2,319.9,319.9,27876
2025-08-11 08:55:00,320.05,320.15,319.7,319.9,24143
2025-08-11 09:00:00,319.9,320.3,319.85,320.15,30752
2025-08-11 09:05:00,320.25,320.25,319.8,320.0,27907
2025-08-11 09:10:00,320.1,320.1,319.45,320.0,56826
2025-08-11 09:15:00,320.0,320.35,319.9,320.1,17972
2025-08-11 09:20:00,320.1,320.15,319.9,320.15,42030
2025-08-11 09:25:00,320.15,320.5,319.95,320.35,183150
2025-08-11 09:30:00,320.35,321.1,320.3,320.9,101532
2025-08-11 09:35:00,320.95,321.45,320.95,321.4,87146
2025-08-11 09:40:00,321.25,321.5,321.0,321.1,143621
2025-08-11 09:45:00,321.15,321.15,320.55,320.85,133202
2025-08-11 09:50:00,320.85,321.2,320.4,321.0,227422
2025-08-11 09:55:00,320.95,321.0,320.05,320.2,97308
2025-08-12 03:45:00,321.0,322.3,320.8,321.1,139185
2025-08-12 03:50:00,321.1,321.5,320.7,321.5,45631
2025-08-12 03:55:00,321.5,322.1,321.4,322.1,29915
2025-08-12 04:00:00,322.1,322.9,322.1,322.85,50322
2025-08-12 04:05:00,323.1,323.8,322.9,323.45,70355
2025-08-12 04:10:00,323.45,324.2,323.45,324.0,91143
2025-08-12 04:15:00,323.95,324.55,323.95,324.35,50619
2025-08-12 04:20:00,324.3,324.9,324.3,324.7,97914
2025-08-12 04:25:00,324.8,324.85,324.5,324.85,46156
2025-08-12 04:30:00,324.8,325.25,324.7,324.75,66202
2025-08-12 04:35:00,324.75,325.1,324.6,325.0,44707
2025-08-12 04:40:00,324.9,325.05,324.55,324.95,42950
2025-08-12 04:45:00,325.0,325.4,324.85,325.0,41300
2025-08-12 04:50:00,325.0,325.2,324.9,324.95,70425
2025-08-12 04:55:00,325.1,325.2,324.7,325.1,259991
2025-08-12 05:00:00,325.1,325.25,324.5,325.1,50576
2025-08-12 05:05:00,325.0,325.8,325.0,325.55,57168
2025-08-12 05:10:00,325.65,326.0,325.4,325.55,74369
2025-08-12 05:15:00,325.85,325.85,325.5,325.6,29697
2025-08-12 05:20:00,325.6,325.85,325.2,325.4,46485
2025-08-12 05:25:00,325.4,326.0,325.4,325.85,26495
2025-08-12 05:30:00,325.8,326.5,325.7,325.75,63782
2025-08-12 05:35:00,325.85,326.15,325.45,325.55,20907
2025-08-12 05:40:00,325.55,325.65,324.95,325.25,40222
2025-08-12 05:45:00,325.25,326.0,325.15,325.95,27100
2025-08-12 05:50:00,325.85,326.0,325.55,325.8,16743
2025-08-12 05:55:00,325.7,325.85,325.4,325.85,18471
2025-08-12 06:00:00,325.8,326.25,325.8,326.0,21850
2025-08-12 06:05:00,326.1,326.3,325.75,326.0,28259
2025-08-12 06:10:00,326.05,326.2,325.95,326.2,15761
2025-08-12 06:15:00,326.2,326.25,326.0,326.0,9195
2025-08-12 06:20:00,326.05,326.05,325.65,326.0,17730
2025-08-12 06:25:00,326.0,326.05,326.0,326.0,15570
2025-08-12 06:30:00,326.05,326.05,325.4,325.4,14849
2025-08-12 06:35:00,325.4,325.5,325.0,325.4,34297
2025-08-12 06:40:00,325.4,325.45,325.0,325.2,22411
2025-08-12 06:45:00,325.1,325.45,325.0,325.45,10845
2025-08-12 06:50:00,325.45,325.65,325.15,325.25,20820
2025-08-12 06:55:00,325.25,325.3,324.8,325.0,33765
2025-08-12 07:00:00,325.15,325.3,325.0,325.05,11436
2025-08-12 07:05:00,325.05,325.25,325.0,325.2,5880
2025-08-12 07:10:00,325.2,325.25,324.95,325.0,24970
2025-08-12 07:15:00,325.05,325.1,324.9,325.0,15739
2025-08-12 07:20:00,325.0,325.25,324.9,325.05,10231
2025-08-12 07:25:00,325.1,325.15,324.2,324.95,352479
2025-08-12 07:30:00,324.95,325.05,324.4,324.45,50319
2025-08-12 07:35:00,324.45,324.65,324.4,324.5,11284
2025-08-12 07:40:00,324.55,324.6,324.05,324.15,45711
2025-08-12 07:45:00,324.15,324.15,323.85,324.1,35493
2025-08-12 07:50:00,324.1,324.25,324.05,324.05,18217
2025-08-12 07:55:00,324.1,324.15,324.05,324.1,9563
2025-08-12 08:00:00,324.15,324.15,324.0,324.05,12717
2025-08-12 08:05:00,324.05,324.15,323.95,324.0,29230
2025-08-12 08:10:00,324.0,324.15,323.85,324.0,24589
2025-08-12 08:15:00,324.0,324.0,323.7,323.9,12544
2025-08-12 08:20:00,323.9,324.15,323.7,323.7,15379
2025-08-12 08:25:00,323.7,323.9,323.7,323.75,7075
2025-08-12 08:30:00,323.85,323.85,323.05,323.35,24052
2025-08-12 08:35:00,323.35,323.6,323.3,323.5,37468
2025-08-12 08:40:00,323.5,323.85,323.45,323.85,17809
2025-08-12 08:45:00,323.85,323.85,322.8,322.95,51304
2025-08-12 08:50:00,322.85,323.6,322.8,323.3,65447
2025-08-12 08:55:00,323.3,323.85,322.9,323.75,124168
2025-08-12 09:00:00,323.7,323.85,322.7,322.8,145081
2025-08-12 09:05:00,322.8,323.6,322.7,323.5,204810
2025-08-12 09:10:00,323.5,323.5,323.2,323.35,18672
2025-08-12 09:15:00,323.25,323.4,323.15,323.15,7935
2025-08-12 09:20:00,323.15,323.45,323.05,323.35,74105
2025-08-12 09:25:00,323.35,323.8,323.35,323.7,46213
2025-08-12 09:30:00,323.8,324.0,323.75,323.95,79032
2025-08-12 09:35:00,323.95,324.0,322.95,323.25,113480
2025-08-12 09:40:00,323.2,323.65,323.05,323.55,181625
2025-08-12 09:45:00,323.45,324.0,323.35,323.8,274884
2025-08-12 09:50:00,323.75,324.15,323.4,323.9,275812
2025-08-12 09:55:00,323.9,324.35,323.5,323.5,93601
2025-08-13 03:45:00,325.0,326.3,323.8,324.0,159522
2025-08-13 03:50:00,324.0,324.5,322.7,323.1,52498
2025-08-13 03:55:00,323.05,323.55,322.45,322.55,44092
2025-08-13 04:00:00,322.5,323.0,322.3,322.8,48777
2025-08-13 04:05:00,322.95,322.95,322.65,322.85,12747
2025-08-13 04:10:00,322.75,322.85,322.2,322.35,24118
2025-08-13 04:15:00,322.35,324.2,322.3,324.15,69204
2025-08-13 04:20:00,324.2,324.35,323.9,324.15,43497
2025-08-13 04:25:00,324.0,324.35,324.0,324.2,14936
2025-08-13 04:30:00,324.2,324.35,324.1,324.25,24388
2025-08-13 04:35:00,324.3,324.5,324.25,324.5,14549
2025-08-13 04:40:00,324.45,324.8,324.05,324.8,78467
2025-08-13 04:45:00,324.75,325.1,323.5,323.7,165466
2025-08-13 04:50:00,323.7,324.05,323.3,323.6,22484
2025-08-13 04:55:00,323.6,323.8,323.3,323.6,17969
2025-08-13 05:00:00,323.7,323.7,322.8,322.95,29392
2025-08-13 05:05:00,322.95,323.0,322.6,322.65,19673
2025-08-13 05:10:00,322.5,322.55,322.1,322.4,24181
2025-08-13 05:15:00,322.3,322.3,321.75,322.15,36799
2025-08-13 05:20:00,322.05,322.4,322.05,322.2,19159
2025-08-13 05:25:00,322.2,322.9,321.65,322.8,78602
2025-08-13 05:30:00,322.8,322.85,322.3,322.5,17397
2025-08-13 05:35:00,322.5,323.55,322.5,323.0,109952
2025-08-13 05:40:00,323.1,323.1,322.5,322.65,13808
2025-08-13 05:45:00,322.6,323.3,322.55,323.3,16857
2025-08-13 05:50:00,323.25,323.35,322.75,322.8,29333
2025-08-13 05:55:00,322.8,322.8,322.15,322.15,27755
2025-08-13 06:00:00,322.15,322.5,322.15,322.35,6963
2025-08-13 06:05:00,322.4,322.65,322.3,322.55,6835
2025-08-13 06:10:00,322.55,322.55,322.0,322.25,35712
2025-08-13 06:15:00,322.35,322.5,321.85,322.4,28144
2025-08-13 06:20:00,322.4,322.4,321.95,322.1,22372
2025-08-13 06:25:00,322.1,322.1,321.35,321.45,51611
2025-08-13 06:30:00,321.4,321.5,321.25,321.45,23701
2025-08-13 06:35:00,321.45,322.1,321.45,321.8,18323
2025-08-13 06:40:00,321.8,322.0,321.6,321.85,8576
2025-08-13 06:45:00,321.85,322.1,321.6,322.05,23441
2025-08-13 06:50:00,322.1,322.6,321.7,321.7,53883
2025-08-13 06:55:00,321.8,321.85,321.5,321.65,6869
2025-08-13 07:00:00,321.65,321.75,321.6,321.6,11627
2025-08-13 07:05:00,321.65,321.7,321.25,321.45,21633
2025-08-13 07:10:00,321.4,321.5,321.05,321.1,20261
2025-08-13 07:15:00,321.2,321.45,321.1,321.45,12945
2025-08-13 07:20:00,321.45,322.05,321.45,321.95,31624
2025-08-13 07:25:00,321.95,321.95,321.55,321.75,6211
2025-08-13 07:30:00,321.75,322.35,321.75,322.35,32335
2025-08-13 07:35:00,322.5,322.5,322.15,322.15,7193
2025-08-13 07:40:00,322.15,322.25,321.9,322.15,10116
2025-08-13 07:45:00,322.25,322.75,322.2,322.55,19026
2025-08-13 07:50:00,322.6,323.25,322.2,322.6,50151
2025-08-13 07:55:00,322.7,322.9,322.55,322.7,9904
2025-08-13 08:00:00,322.8,323.1,322.4,322.7,21709
2025-08-13 08:05:00,322.7,323.0,322.35,322.6,38239
2025-08-13 08:10:00,322.6,322.7,322.5,322.7,7056
2025-08-13 08:15:00,322.65,322.7,322.35,322.4,16611
2025-08-13 08:20:00,322.4,322.8,322.05,322.55,33856
2025-08-13 08:25:00,322.55,322.7,322.35,322.7,9625
2025-08-13 08:30:00,322.65,322.7,322.05,322.2,14161
2025-08-13 08:35:00,322.2,322.55,322.05,322.5,17313
2025-08-13 08:40:00,322.55,322.65,322.4,322.5,19050
2025-08-13 08:45:00,322.55,322.55,322.05,322.25,13372
2025-08-13 08:50:00,322.25,322.25,321.9,321.95,16248
2025-08-13 08:55:00,321.9,322.9,321.9,322.4,39885
2025-08-13 09:00:00,322.4,322.65,322.2,322.65,12320
2025-08-13 09:05:00,322.6,322.85,322.1,322.5,48948
2025-08-13 09:10:00,322.6,322.7,322.1,322.3,57980
2025-08-13 09:15:00,322.35,322.8,322.3,322.8,14961
2025-08-13 09:20:00,322.8,323.0,322.6,322.95,16864
2025-08-13 09:25:00,322.95,323.2,322.25,323.0,95029
2025-08-13 09:30:00,322.9,323.1,322.3,322.5,61678
2025-08-13 09:35:00,322.5,322.65,322.4,322.5,49191
2025-08-13 09:40:00,322.5,322.65,322.2,322.3,51623
2025-08-13 09:45:00,322.3,322.3,322.05,322.1,101867
2025-08-13 09:50:00,322.15,323.1,321.6,322.9,142965
2025-08-13 09:55:00,322.9,323.7,322.8,323.7,72285
2025-08-14 03:45:00,327.0,331.4,324.2,324.9,1945446
2025-08-14 03:50:00,324.9,324.95,323.0,323.85,618525
2025-08-14 03:55:00,323.85,323.85,321.35,321.7,421885
2025-08-14 04:00:00,321.65,323.65,321.3,323.45,317950
2025-08-14 04:05:00,323.5,324.25,322.8,323.75,261895
2025-08-14 04:10:00,323.7,323.75,321.3,321.45,326710
2025-08-14 04:15:00,321.4,321.6,320.65,321.35,252069
2025-08-14 04:20:00,321.35,321.65,319.65,320.5,245974
2025-08-14 04:25:00,320.4,320.9,319.85,320.3,250698
2025-08-14 04:30:00,320.3,320.6,319.4,320.05,128520
2025-08-14 04:35:00,320.05,321.1,319.75,320.7,93326
2025-08-14 04:40:00,320.7,320.7,320.05,320.25,64171
2025-08-14 04:45:00,320.35,320.35,319.3,319.5,94847
2025-08-14 04:50:00,319.5,321.15,319.0,321.05,219840
2025-08-14 04:55:00,321.05,322.1,320.75,321.1,123731
2025-08-14 05:00:00,321.1,321.15,320.3,320.45,47547
2025-08-14 05:05:00,320.45,320.55,319.7,320.15,60496
2025-08-14 05:10:00,320.15,320.15,319.75,320.0,44588
2025-08-14 05:15:00,320.0,320.0,319.8,319.8,49914
2025-08-14 05:20:00,319.8,319.9,319.5,319.5,84849
2025-08-14 05:25:00,319.5,320.2,319.3,319.9,60793
2025-08-14 05:30:00,319.9,320.05,319.6,319.8,34094
2025-08-14 05:35:00,319.7,319.7,319.3,319.4,43514
2025-08-14 05:40:00,319.4,319.55,319.2,319.35,52618
2025-08-14 05:45:00,319.3,319.6,319.3,319.45,51636
2025-08-14 05:50:00,319.45,319.45,319.2,319.3,68020
2025-08-14 05:55:00,319.35,320.35,319.2,320.35,60647
2025-08-14 06:00:00,320.2,320.25,319.65,320.05,38813
2025-08-14 06:05:00,320.0,320.0,319.5,319.5,16010
2025-08-14 06:10:00,319.5,319.55,319.25,319.3,62500
2025-08-14 06:15:00,319.3,319.45,319.25,319.3,55440
2025-08-14 06:20:00,319.4,320.0,319.35,319.8,28322
2025-08-14 06:25:00,319.8,320.95,319.75,320.7,126344
2025-08-14 06:30:00,320.7,321.0,320.25,321.0,61121
2025-08-14 06:35:00,321.0,321.0,319.95,319.95,81847
2025-08-14 06:40:00,320.0,320.0,318.8,319.3,137540
2025-08-14 06:45:00,319.25,320.05,319.25,320.0,41131
2025-08-14 06:50:00,319.95,320.0,319.65,319.65,22178
2025-08-14 06:55:00,319.65,319.8,319.5,319.7,55882
2025-08-14 07:00:00,319.8,319.95,319.65,319.75,28297
2025-08-14 07:05:00,319.75,319.75,319.6,319.6,17705
2025-08-14 07:10:00,319.65,319.75,319.4,319.6,46643
2025-08-14 07:15:00,319.6,319.65,319.5,319.6,28010
2025-08-14 07:20:00,319.6,319.75,319.6,319.7,9960
2025-08-14 07:25:00,319.7,319.7,319.6,319.6,9324
2025-08-14 07:30:00,319.6,319.7,319.35,319.7,57171
2025-08-14 07:35:00,319.7,319.75,319.3,319.45,23635
2025-08-14 07:40:00,319.45,319.45,319.05,319.1,51994
2025-08-14 07:45:00,319.1,319.25,318.4,318.7,115933
2025-08-14 07:50:00,318.7,318.7,318.05,318.4,76793
2025-08-14 07:55:00,318.3,318.4,317.6,317.8,95775
2025-08-14 08:00:00,317.8,317.8,317.15,317.25,71129
2025-08-14 08:05:00,317.3,318.0,317.2,317.85,78718
2025-08-14 08:10:00,317.75,318.25,317.6,318.2,36201
2025-08-14 08:15:00,318.2,318.5,317.7,317.7,57126
2025-08-14 08:20:00,317.7,318.9,317.7,318.8,61090
2025-08-14 08:25:00,318.85,318.85,318.0,318.3,36218
2025-08-14 08:30:00,318.3,318.65,318.1,318.4,23928
2025-08-14 08:35:00,318.35,318.55,318.0,318.4,41844
2025-08-14 08:40:00,318.4,318.6,317.8,318.2,84926
2025-08-14 08:45:00,318.15,318.2,317.65,317.8,209979
2025-08-14 08:50:00,317.8,318.25,317.6,317.9,65626
2025-08-14 08:55:00,317.9,318.1,317.7,318.1,50287
2025-08-14 09:00:00,318.1,318.4,317.6,318.25,58776
2025-08-14 09:05:00,318.25,318.6,317.95,318.3,75158
2025-08-14 09:10:00,318.15,318.35,317.7,318.05,54930
2025-08-14 09:15:00,318.05,318.2,317.9,318.0,66384
2025-08-14 09:20:00,318.0,318.3,317.8,318.2,72966
2025-08-14 09:25:00,318.2,318.4,317.95,318.0,112840
2025-08-14 09:30:00,318.05,318.3,317.4,317.5,256887
2025-08-14 09:35:00,317.55,318.2,317.55,318.05,268755
2025-08-14 09:40:00,318.05,318.6,317.95,317.95,411296
2025-08-14 09:45:00,318.0,318.2,317.6,317.95,410620
2025-08-14 09:50:00,318.0,318.4,317.7,318.0,427277
2025-08-14 09:55:00,317.85,318.6,317.8,318.0,201088
2025-08-18 03:45:00,321.0,321.05,315.1,315.5,791075
2025-08-18 03:50:00,315.6,316.7,314.7,315.15,286340
2025-08-18 03:55:00,315.0,315.5,313.55,314.15,217841
2025-08-18 04:00:00,314.3,314.5,313.35,314.0,187177
2025-08-18 04:05:00,313.95,314.6,313.85,314.1,118661
2025-08-18 04:10:00,314.25,314.3,313.65,313.75,85133
2025-08-18 04:15:00,313.8,314.45,313.65,314.45,90354
2025-08-18 04:20:00,314.4,315.3,314.0,314.6,241705
2025-08-18 04:25:00,314.5,314.5,313.8,314.0,66117
2025-08-18 04:30:00,313.85,314.2,313.85,314.1,52499
2025-08-18 04:35:00,314.05,314.8,314.05,314.5,82792
2025-08-18 04:40:00,314.6,315.1,314.4,315.1,116747
2025-08-18 04:45:00,315.0,315.15,314.7,314.9,115480
2025-08-18 04:50:00,314.85,315.5,314.75,315.3,112448
2025-08-18 04:55:00,315.35,315.5,315.3,315.3,88924
2025-08-18 05:00:00,315.3,315.5,315.05,315.05,67584
2025-08-18 05:05:00,315.05,315.3,315.05,315.05,73548
2025-08-18 05:10:00,315.05,315.25,315.05,315.15,63048
2025-08-18 05:15:00,315.0,315.25,315.0,315.15,129049
2025-08-18 05:20:00,315.1,315.1,314.0,314.2,95668
2025-08-18 05:25:00,314.1,314.45,314.1,314.2,42070
2025-08-18 05:30:00,314.2,314.55,314.15,314.3,42023
2025-08-18 05:35:00,314.25,315.2,313.95,315.15,137392
2025-08-18 05:40:00,315.0,315.2,314.7,314.85,42073
2025-08-18 05:45:00,314.85,315.15,314.7,315.0,68336
2025-08-18 05:50:00,314.95,315.25,314.9,315.0,48936
2025-08-18 05:55:00,315.0,315.05,314.7,314.7,43107
2025-08-18 06:00:00,314.75,314.9,314.25,314.35,40987
2025-08-18 06:05:00,314.35,314.4,313.5,314.0,178515
2025-08-18 06:10:00,314.0,314.65,313.8,314.35,43193
2025-08-18 06:15:00,314.3,314.35,313.85,314.2,32301
2025-08-18 06:20:00,314.2,314.4,314.2,314.2,15584
2025-08-18 06:25:00,314.2,314.35,314.0,314.15,29807
2025-08-18 06:30:00,314.15,314.55,314.15,314.5,40310
2025-08-18 06:35:00,314.45,314.55,314.25,314.35,22503
2025-08-18 06:40:00,314.25,314.35,313.4,313.4,68788
2025-08-18 06:45:00,313.45,313.5,313.15,313.25,66567
2025-08-18 06:50:00,313.3,313.35,313.1,313.2,21761
2025-08-18 06:55:00,313.2,313.3,313.0,313.25,81748
2025-08-18 07:00:00,313.3,313.3,313.0,313.0,19621
2025-08-18 07:05:00,313.05,313.1,312.45,312.8,56596
2025-08-18 07:10:00,312.85,313.0,312.8,312.95,31134
2025-08-18 07:15:00,313.0,313.35,313.0,313.25,73101
2025-08-18 07:20:00,313.35,313.45,313.25,313.45,30066
2025-08-18 07:25:00,313.4,313.8,313.35,313.75,36177
2025-08-18 07:30:00,313.8,313.85,313.45,313.65,93065
2025-08-18 07:35:00,313.65,314.3,313.55,314.3,237805
2025-08-18 07:40:00,314.3,314.3,313.8,314.05,134392
2025-08-18 07:45:00,314.1,314.3,314.05,314.3,65708
2025-08-18 07:50:00,314.25,314.4,313.75,313.95,223703
2025-08-18 07:55:00,313.8,313.95,313.1,313.2,44887
2025-08-18 08:00:00,313.15,314.0,313.1,313.4,80195
2025-08-18 08:05:00,313.4,313.5,313.1,313.3,22907
2025-08-18 08:10:00,313.3,313.6,313.25,313.4,20780
2025-08-18 08:15:00,313.45,313.5,313.25,313.4,10351
2025-08-18 08:20:00,313.4,313.55,313.35,313.45,13949
2025-08-18 08:25:00,313.45,313.95,313.45,313.95,72712
2025-08-18 08:30:00,313.95,314.25,313.9,314.0,43244
2025-08-18 08:35:00,314.0,314.2,313.8,314.05,126554
2025-08-18 08:40:00,314.15,314.2,313.9,314.0,98778
2025-08-18 08:45:00,314.0,314.1,313.9,314.05,98570
2025-08-18 08:50:00,314.05,314.05,313.95,313.95,48342
2025-08-18 08:55:00,314.0,314.0,313.55,313.75,41441
2025-08-18 09:00:00,313.85,314.0,313.8,313.9,60880
2025-08-18 09:05:00,313.9,313.9,313.5,313.7,32132
2025-08-18 09:10:00,313.7,314.0,313.3,313.35,118522
2025-08-18 09:15:00,313.3,313.5,313.15,313.35,83399
2025-08-18 09:20:00,313.4,313.55,312.95,313.2,233330
2025-08-18 09:25:00,313.1,313.85,313.1,313.75,149350
2025-08-18 09:30:00,313.8,313.95,313.5,313.6,371769
2025-08-18 09:35:00,313.5,313.85,313.4,313.75,196667
2025-08-18 09:40:00,313.7,313.85,313.55,313.7,182413
2025-08-18 09:45:00,313.65,314.3,313.65,314.15,350091
2025-08-18 09:50:00,314.15,314.8,314.1,314.4,268128
2025-08-18 09:55:00,314.4,315.1,314.1,314.1,171673
2025-08-19 03:45:00,315.2,317.1,314.5,315.65,192103
2025-08-19 03:50:00,315.8,315.8,314.9,314.95,88248
2025-08-19 03:55:00,314.9,315.1,313.05,313.6,139054
2025-08-19 04:00:00,313.5,314.9,313.5,314.75,86559
2025-08-19 04:05:00,314.75,314.75,314.1,314.55,37217
2025-08-19 04:10:00,314.55,314.8,312.7,314.45,543081
2025-08-19 04:15:00,314.45,315.6,314.45,315.5,95081
2025-08-19 04:20:00,315.5,316.3,315.5,316.1,91634
2025-08-19 04:25:00,316.1,316.25,315.75,315.75,33760
2025-08-19 04:30:00,315.9,316.15,315.8,315.9,37899
2025-08-19 04:35:00,316.1,316.15,315.9,316.1,57213
2025-08-19 04:40:00,316.1,317.4,315.95,317.1,95518
2025-08-19 04:45:00,317.15,318.3,317.0,318.0,86751
2025-08-19 04:50:00,317.85,318.5,317.8,318.2,48947
2025-08-19 04:55:00,318.1,318.25,317.6,317.7,39911
2025-08-19 05:00:00,317.65,318.0,317.5,317.9,39621
2025-08-19 05:05:00,317.85,318.0,316.6,317.4,131857
2025-08-19 05:10:00,317.35,317.4,316.65,316.7,26955
2025-08-19 05:15:00,316.8,317.1,316.7,316.9,29607
2025-08-19 05:20:00,317.1,317.6,317.0,317.15,64467
2025-08-19 05:25:00,317.05,317.45,317.0,317.4,30820
2025-08-19 05:30:00,317.35,318.25,317.35,317.85,54063
2025-08-19 05:35:00,317.85,318.3,317.15,317.95,132102
2025-08-19 05:40:00,317.95,317.95,317.5,317.55,31586
2025-08-19 05:45:00,317.55,317.7,317.4,317.6,21236
2025-08-19 05:50:00,317.6,317.7,317.15,317.6,33205
2025-08-19 05:55:00,317.6,317.7,317.25,317.4,21242
2025-08-19 06:00:00,317.45,317.7,317.4,317.55,16330
2025-08-19 06:05:00,317.55,317.7,317.5,317.7,21783
2025-08-19 06:10:00,317.65,317.95,317.65,317.9,31446
2025-08-19 06:15:00,317.85,317.9,317.6,317.85,28811
2025-08-19 06:20:00,317.85,318.0,317.75,317.95,20367
2025-08-19 06:25:00,317.95,318.15,317.8,318.05,83476
2025-08-19 06:30:00,318.1,318.1,317.7,317.85,22931
2025-08-19 06:35:00,317.95,318.05,317.85,317.9,16898
2025-08-19 06:40:00,317.85,318.1,317.8,317.95,25247
2025-08-19 06:45:00,317.95,318.15,317.8,317.9,28275
2025-08-19 06:50:00,317.9,317.9,317.5,317.6,18420
2025-08-19 06:55:00,317.55,318.0,317.55,317.9,21734
2025-08-19 07:00:00,318.0,318.05,317.9,318.05,19728
2025-08-19 07:05:00,318.0,318.05,317.7,317.85,21505
2025-08-19 07:10:00,317.85,317.85,317.55,317.6,32361
2025-08-19 07:15:00,317.75,317.8,317.0,317.15,97885
2025-08-19 07:20:00,317.3,317.35,317.1,317.2,22228
2025-08-19 07:25:00,317.35,317.45,317.0,317.05,23505
2025-08-19 07:30:00,317.2,318.05,317.2,317.95,43427
2025-08-19 07:35:00,317.95,318.05,317.2,317.5,25861
2025-08-19 07:40:00,317.35,317.8,317.3,317.8,8203
2025-08-19 07:45:00,317.85,317.9,317.7,317.9,14184
2025-08-19 07:50:00,317.9,318.3,317.85,318.2,42445
2025-08-19 07:55:00,318.3,318.5,318.25,318.45,42562
2025-08-19 08:00:00,318.5,318.95,318.45,318.7,30770
2025-08-19 08:05:00,318.8,319.05,318.7,318.8,34994
2025-08-19 08:10:00,318.9,319.1,318.75,318.95,23661
2025-08-19 08:15:00,319.1,319.15,318.95,319.0,18534
2025-08-19 08:20:00,319.1,319.15,318.5,318.7,49830
2025-08-19 08:25:00,318.75,318.8,318.6,318.75,10454
2025-08-19 08:30:00,318.75,319.0,318.75,318.9,16136
2025-08-19 08:35:00,318.9,319.0,318.85,318.9,15249
2025-08-19 08:40:00,318.95,319.15,318.8,318.8,26583
2025-08-19 08:45:00,318.95,320.15,318.8,320.0,88410
2025-08-19 08:50:00,320.0,320.75,319.95,320.45,49513
2025-08-19 08:55:00,320.35,320.8,320.2,320.75,32893
2025-08-19 09:00:00,320.75,321.0,320.75,320.75,44814
2025-08-19 09:05:00,320.75,320.95,320.7,320.9,58546
2025-08-19 09:10:00,320.95,321.2,320.7,320.7,35140
2025-08-19 09:15:00,320.85,321.0,320.6,320.95,23683
2025-08-19 09:20:00,320.95,321.0,320.25,320.4,42466
2025-08-19 09:25:00,320.5,320.9,320.45,320.9,21776
2025-08-19 09:30:00,320.85,321.4,320.8,321.3,91023
2025-08-19 09:35:00,321.25,321.3,320.9,321.05,78349
2025-08-19 09:40:00,320.8,320.95,320.75,320.95,70348
2025-08-19 09:45:00,320.9,321.95,320.9,321.95,186794
2025-08-19 09:50:00,321.85,322.2,321.7,321.75,168830
2025-08-19 09:55:00,321.75,322.0,321.45,321.9,92399
2025-08-20 03:45:00,320.0,322.4,319.95,319.95,141518
2025-08-20 03:50:00,320.2,320.35,319.75,319.9,68548
2025-08-20 03:55:00,319.9,319.95,319.2,319.3,41251
2025-08-20 04:00:00,319.4,320.15,319.3,320.15,42538
2025-08-20 04:05:00,320.0,320.3,319.25,319.25,36683
2025-08-20 04:10:00,319.35,319.8,319.15,319.6,40812
2025-08-20 04:15:00,319.55,320.5,319.5,320.3,36860
2025-08-20 04:20:00,320.3,320.45,319.8,319.8,15965
2025-08-20 04:25:00,319.8,320.0,319.75,319.9,16901
2025-08-20 04:30:00,319.9,320.1,319.8,319.95,24800
2025-08-20 04:35:00,320.0,320.35,319.9,320.1,21753
2025-08-20 04:40:00,320.05,320.3,319.9,320.05,19637
2025-08-20 04:45:00,320.1,320.45,320.05,320.35,16305
2025-08-20 04:50:00,320.4,320.5,320.3,320.35,17169
2025-08-20 04:55:00,320.3,320.4,319.95,320.0,12814
2025-08-20 05:00:00,319.95,320.05,319.9,319.95,7863
2025-08-20 05:05:00,319.95,320.05,319.8,319.9,15015
2025-08-20 05:10:00,319.9,320.25,319.9,319.9,20399
2025-08-20 05:15:00,319.9,320.05,319.9,320.05,10655
2025-08-20 05:20:00,320.05,320.1,319.9,319.95,23810
2025-08-20 05:25:00,319.95,320.25,319.9,320.05,14635
2025-08-20 05:30:00,320.05,320.4,319.9,320.35,42815
2025-08-20 05:35:00,320.35,320.45,320.25,320.3,12611
2025-08-20 05:40:00,320.3,320.35,319.6,319.65,19131
2025-08-20 05:45:00,319.65,319.7,319.5,319.55,12735
2025-08-20 05:50:00,319.5,319.65,319.05,319.05,27445
2025-08-20 05:55:00,319.05,319.3,319.0,319.3,30584
2025-08-20 06:00:00,319.25,319.5,319.2,319.35,26538
2025-08-20 06:05:00,319.35,319.5,319.1,319.1,23829
2025-08-20 06:10:00,319.1,319.6,319.05,319.5,30001
2025-08-20 06:15:00,319.55,320.0,319.5,319.95,14898
2025-08-20 06:20:00,320.0,320.9,319.9,320.4,40727
2025-08-20 06:25:00,320.4,320.6,320.25,320.3,18740
2025-08-20 06:30:00,320.35,320.4,320.05,320.2,19305
2025-08-20 06:35:00,320.2,320.25,320.05,320.15,16567
2025-08-20 06:40:00,320.15,320.35,320.15,320.3,16696
2025-08-20 06:45:00,320.35,321.25,320.3,321.15,80189
2025-08-20 06:50:00,321.15,321.9,321.05,321.75,50679
2025-08-20 06:55:00,321.7,322.15,321.6,321.95,89253
2025-08-20 07:00:00,321.95,322.45,321.7,322.25,160826
2025-08-20 07:05:00,322.25,322.5,322.1,322.15,100043
2025-08-20 07:10:00,322.1,322.3,321.65,321.7,136114
2025-08-20 07:15:00,321.75,322.05,321.7,321.95,59356
2025-08-20 07:20:00,321.95,322.15,321.9,322.0,39159
2025-08-20 07:25:00,322.0,322.0,321.8,321.9,42871
2025-08-20 07:30:00,321.85,322.0,321.7,322.0,32393
2025-08-20 07:35:00,322.0,322.0,321.65,321.8,59510
2025-08-20 07:40:00,321.9,322.15,321.7,322.15,52091
2025-08-20 07:45:00,322.1,322.1,321.85,322.0,51933
2025-08-20 07:50:00,321.95,322.0,321.5,321.6,35900
2025-08-20 07:55:00,321.5,321.65,320.85,320.85,49198
2025-08-20 08:00:00,320.9,321.0,320.85,321.0,15604
2025-08-20 08:05:00,321.0,321.45,320.9,321.45,93089
2025-08-20 08:10:00,321.65,321.85,321.5,321.85,28288
2025-08-20 08:15:00,321.85,321.85,321.35,321.6,22784
2025-08-20 08:20:00,321.5,321.65,321.4,321.6,27305
2025-08-20 08:25:00,321.6,321.6,321.15,321.2,27682
2025-08-20 08:30:00,321.2,321.3,320.95,320.95,48487
2025-08-20 08:35:00,321.0,321.0,320.95,321.0,21986
2025-08-20 08:40:00,320.95,321.05,320.85,321.0,47774
2025-08-20 08:45:00,321.0,321.0,320.85,321.0,10260
2025-08-20 08:50:00,321.0,321.05,320.55,320.95,75824
2025-08-20 08:55:00,321.0,321.0,320.95,320.95,19834
2025-08-20 09:00:00,321.0,321.0,320.55,320.75,69023
2025-08-20 09:05:00,320.75,321.2,320.6,320.8,148878
2025-08-20 09:10:00,320.95,321.0,320.6,320.75,73627
2025-08-20 09:15:00,320.75,320.8,320.35,320.4,36766
2025-08-20 09:20:00,320.5,320.65,320.3,320.5,82361
2025-08-20 09:25:00,320.45,320.55,320.2,320.5,52796
2025-08-20 09:30:00,320.5,320.5,320.15,320.3,78326
2025-08-20 09:35:00,320.35,320.45,320.2,320.25,71691
2025-08-20 09:40:00,320.15,320.2,319.8,320.0,316314
2025-08-20 09:45:00,320.1,320.1,319.75,319.9,107759
2025-08-20 09:50:00,319.9,319.95,319.6,319.65,85877
2025-08-20 09:55:00,319.65,320.0,319.25,319.8,68491
2025-08-21 03:45:00,321.05,322.0,320.4,321.95,88697
2025-08-21 03:50:00,321.95,323.0,321.85,322.55,82838
2025-08-21 03:55:00,322.45,322.5,321.6,321.9,57710
2025-08-21 04:00:00,322.0,322.35,321.65,321.95,45025
2025-08-21 04:05:00,321.95,322.0,321.6,321.75,17189
2025-08-21 04:10:00,321.85,322.0,321.65,321.75,31423
2025-08-21 04:15:00,321.85,322.0,321.7,322.0,11567
2025-08-21 04:20:00,322.0,322.0,321.7,321.85,17194
2025-08-21 04:25:00,321.95,322.2,321.8,322.15,23146
2025-08-21 04:30:00,322.15,322.35,322.1,322.1,16332
2025-08-21 04:35:00,322.0,322.1,321.8,321.9,20750
2025-08-21 04:40:00,321.8,322.0,321.55,321.85,22577
2025-08-21 04:45:00,322.0,322.0,321.85,321.85,14157
2025-08-21 04:50:00,321.8,321.8,321.4,321.45,15767
2025-08-21 04:55:00,321.45,321.55,321.05,321.5,83829
2025-08-21 05:00:00,321.45,323.5,321.45,323.35,293500
2025-08-21 05:05:00,323.55,323.8,323.15,323.3,108460
2025-08-21 05:10:00,323.2,323.35,323.1,323.2,52961
2025-08-21 05:15:00,323.2,323.4,323.1,323.3,60878
2025-08-21 05:20:00,323.4,323.55,322.8,323.25,67979
2025-08-21 05:25:00,323.25,323.4,323.0,323.25,47355
2025-08-21 05:30:00,323.2,323.5,322.35,322.6,173613
2025-08-21 05:35:00,322.6,322.9,322.45,322.9,55855
2025-08-21 05:40:00,322.8,323.0,322.7,322.95,43719
2025-08-21 05:45:00,322.9,323.0,322.75,322.95,42357
2025-08-21 05:50:00,322.95,323.0,322.75,322.9,45509
2025-08-21 05:55:00,322.9,323.0,322.25,322.3,59415
2025-08-21 06:00:00,322.15,322.3,321.6,321.9,42628
2025-08-21 06:05:00,321.9,321.95,321.5,321.7,16024
2025-08-21 06:10:00,321.65,321.85,321.55,321.8,11721
2025-08-21 06:15:00,321.8,322.0,321.65,322.0,26334
2025-08-21 06:20:00,321.95,321.95,321.75,321.95,8462
2025-08-21 06:25:00,321.95,321.95,321.7,321.85,4866
2025-08-21 06:30:00,321.85,321.85,321.3,321.35,40328
2025-08-21 06:35:00,321.35,321.4,321.05,321.1,17968
2025-08-21 06:40:00,321.1,321.15,320.8,320.85,39976
2025-08-21 06:45:00,320.9,320.9,320.75,320.8,10725
2025-08-21 06:50:00,320.9,320.9,320.75,320.75,26023
2025-08-21 06:55:00,320.75,320.9,320.4,320.6,16635
2025-08-21 07:00:00,320.6,320.6,319.85,320.6,131042
2025-08-21 07:05:00,320.6,320.6,319.95,320.0,401045
2025-08-21 07:10:00,319.9,320.05,319.4,319.7,30332
2025-08-21 07:15:00,319.7,320.0,319.55,319.8,16678
2025-08-21 07:20:00,319.7,319.95,319.7,319.8,6343
2025-08-21 07:25:00,319.8,319.9,319.4,319.6,15751
2025-08-21 07:30:00,319.6,320.0,319.5,319.75,27714
2025-08-21 07:35:00,319.75,319.9,319.7,319.85,6819
2025-08-21 07:40:00,319.85,319.85,319.6,319.6,7031
2025-08-21 07:45:00,319.6,319.8,319.6,319.65,9590
2025-08-21 07:50:00,319.65,319.8,319.6,319.75,6452
2025-08-21 07:55:00,319.75,319.8,319.6,319.75,6269
2025-08-21 08:00:00,319.7,319.8,319.6,319.75,4442
2025-08-21 08:05:00,319.75,319.75,319.5,319.6,7147
2025-08-21 08:10:00,319.55,319.6,318.75,319.15,30906
2025-08-21 08:15:00,319.2,319.65,319.15,319.6,11692
2025-08-21 08:20:00,319.4,320.8,319.4,320.35,115587
2025-08-21 08:25:00,320.45,320.55,320.3,320.55,14908
2025-08-21 08:30:00,320.55,320.55,320.05,320.1,23264
2025-08-21 08:35:00,320.1,320.4,320.1,320.25,19029
2025-08-21 08:40:00,320.2,320.25,320.05,320.15,4180
2025-08-21 08:45:00,320.15,320.15,319.9,319.95,10609
2025-08-21 08:50:00,319.95,320.1,319.6,319.85,17478
2025-08-21 08:55:00,319.8,320.05,319.75,319.9,8698
2025-08-21 09:00:00,319.75,320.35,319.75,320.1,35147
2025-08-21 09:05:00,320.1,320.1,319.75,319.9,7459
2025-08-21 09:10:00,319.95,320.3,319.8,320.0,42899
2025-08-21 09:15:00,320.1,320.1,319.7,320.0,16882
2025-08-21 09:20:00,320.0,320.15,319.85,319.9,15284
2025-08-21 09:25:00,319.9,320.15,319.9,320.15,19804
2025-08-21 09:30:00,320.15,320.15,319.75,319.8,30436
2025-08-21 09:35:00,319.8,320.05,319.75,320.0,57136
2025-08-21 09:40:00,320.05,320.25,320.0,320.15,59482
2025-08-21 09:45:00,320.15,320.15,319.45,319.45,416531
2025-08-21 09:50:00,319.6,320.25,319.55,320.05,187188
2025-08-21 09:55:00,320.05,320.25,319.85,320.05,107341
2025-08-22 03:45:00,320.2,320.35,319.2,319.4,74314
2025-08-22 03:50:00,319.45,319.45,318.15,318.3,43488
2025-08-22 03:55:00,318.3,318.5,317.45,317.7,68612
2025-08-22 04:00:00,317.6,317.7,316.9,317.25,53113
2025-08-22 04:05:00,317.25,317.45,316.85,317.3,42666
2025-08-22 04:10:00,317.15,317.2,316.75,317.0,30325
2025-08-22 04:15:00,317.0,317.25,316.25,316.45,48421
2025-08-22 04:20:00,316.45,317.3,316.45,317.25,14014
2025-08-22 04:25:00,317.3,317.8,316.75,317.7,31113
2025-08-22 04:30:00,317.7,318.4,317.7,318.4,57928
2025-08-22 04:35:00,318.4,318.65,318.3,318.35,21030
2025-08-22 04:40:00,318.5,318.5,317.95,318.3,33162
2025-08-22 04:45:00,318.3,318.3,317.8,318.0,28591
2025-08-22 04:50:00,318.0,318.1,317.65,318.1,20017
2025-08-22 04:55:00,318.1,318.15,317.85,317.85,16505
2025-08-22 05:00:00,318.0,318.0,317.55,317.75,25007
2025-08-22 05:05:00,317.7,317.95,317.55,317.75,35986
2025-08-22 05:10:00,317.75,317.75,317.35,317.65,33076
2025-08-22 05:15:00,317.6,317.6,317.15,317.4,18809
2025-08-22 05:20:00,317.4,317.5,317.2,317.4,8254
2025-08-22 05:25:00,317.4,317.5,317.2,317.35,16030
2025-08-22 05:30:00,317.35,317.6,317.15,317.35,9826
2025-08-22 05:35:00,317.35,317.65,317.35,317.6,32678
2025-08-22 05:40:00,317.5,317.65,317.25,317.4,40969
2025-08-22 05:45:00,317.4,317.55,317.2,317.4,15043
2025-08-22 05:50:00,317.45,318.4,317.4,318.1,76832
2025-08-22 05:55:00,318.0,318.35,317.95,318.15,15801
2025-08-22 06:00:00,318.15,318.3,318.05,318.25,12078
2025-08-22 06:05:00,318.2,318.25,317.9,318.15,15571
2025-08-22 06:10:00,318.15,318.2,317.9,318.05,11659
2025-08-22 06:15:00,318.05,318.2,317.9,318.15,18323
2025-08-22 06:20:00,318.15,318.3,317.9,318.25,16595
2025-08-22 06:25:00,318.25,318.35,318.0,318.2,8688
2025-08-22 06:30:00,318.3,318.35,317.45,317.75,43222
2025-08-22 06:35:00,317.6,317.95,317.5,317.75,17333
2025-08-22 06:40:00,317.75,317.9,317.45,317.7,20608
2025-08-22 06:45:00,317.7,317.7,317.3,317.5,17660
2025-08-22 06:50:00,317.5,317.65,317.3,317.65,11082
2025-08-22 06:55:00,317.65,317.8,317.5,317.75,22598
2025-08-22 07:00:00,317.75,317.85,317.55,317.75,12411
2025-08-22 07:05:00,317.75,317.85,317.55,317.7,12137
2025-08-22 07:10:00,317.7,317.7,317.35,317.45,3866
2025-08-22 07:15:00,317.45,317.55,317.3,317.5,25268
2025-08-22 07:20:00,317.5,317.5,317.25,317.45,8301
2025-08-22 07:25:00,317.45,317.45,317.05,317.25,18014
2025-08-22 07:30:00,317.25,317.5,317.1,317.35,22962
2025-08-22 07:35:00,317.35,317.35,317.05,317.3,16684
2025-08-22 07:40:00,317.25,317.35,316.55,316.65,26371
2025-08-22 07:45:00,316.65,316.8,316.55,316.65,10799
2025-08-22 07:50:00,316.65,316.75,315.75,315.95,76528
2025-08-22 07:55:00,315.95,316.3,315.95,316.2,6313
2025-08-22 08:00:00,316.3,316.35,316.1,316.1,6213
2025-08-22 08:05:00,316.1,316.25,316.05,316.05,6123
2025-08-22 08:10:00,316.05,316.25,316.0,316.0,18277
2025-08-22 08:15:00,316.1,316.15,315.8,315.85,24547
2025-08-22 08:20:00,315.85,316.0,315.8,315.85,11142
2025-08-22 08:25:00,315.9,316.05,315.8,315.8,19009
2025-08-22 08:30:00,315.8,315.9,315.25,315.25,36203
2025-08-22 08:35:00,315.25,315.35,315.1,315.2,33487
2025-08-22 08:40:00,315.2,315.35,315.0,315.05,33353
2025-08-22 08:45:00,315.05,315.15,314.85,315.0,48685
2025-08-22 08:50:00,315.0,315.2,314.9,315.0,25578
2025-08-22 08:55:00,315.0,315.1,314.7,314.75,35637
2025-08-22 09:00:00,314.75,315.3,314.75,315.15,116052
2025-08-22 09:05:00,315.15,315.3,315.1,315.15,72638
2025-08-22 09:10:00,315.15,315.65,315.15,315.5,41730
2025-08-22 09:15:00,315.5,315.9,315.4,315.8,52348
2025-08-22 09:20:00,315.8,316.55,315.8,316.5,120734
2025-08-22 09:25:00,316.5,316.6,316.2,316.2,78812
2025-08-22 09:30:00,316.2,316.3,315.85,316.0,193790
2025-08-22 09:35:00,316.05,316.65,316.0,316.6,103443
2025-08-22 09:40:00,316.7,316.85,316.25,316.4,119195
2025-08-22 09:45:00,316.5,316.55,316.35,316.35,89535
2025-08-22 09:50:00,316.35,316.85,316.3,316.55,228646
2025-08-22 09:55:00,316.5,317.0,316.5,317.0,123549
2025-08-25 03:45:00,318.95,318.95,315.75,316.3,136947
2025-08-25 03:50:00,316.05,316.35,315.15,315.45,50922
2025-08-25 03:55:00,315.35,315.6,315.0,315.25,46442
2025-08-25 04:00:00,315.3,315.5,314.6,314.8,36298
2025-08-25 04:05:00,314.8,315.4,314.75,315.2,28178
2025-08-25 04:10:00,315.2,315.3,315.0,315.05,21692
2025-08-25 04:15:00,315.05,315.85,315.0,315.7,31489
2025-08-25 04:20:00,315.8,316.0,315.4,315.55,27005
2025-08-25 04:25:00,315.55,315.7,315.2,315.2,13709
2025-08-25 04:30:00,315.25,315.8,315.25,315.6,34429
2025-08-25 04:35:00,315.6,315.65,315.25,315.55,11367
2025-08-25 04:40:00,315.55,315.65,315.35,315.45,13704
2025-08-25 04:45:00,315.45,315.55,314.9,315.4,39465
2025-08-25 04:50:00,315.4,315.5,315.2,315.35,11803
2025-08-25 04:55:00,315.35,315.5,315.15,315.15,15855
2025-08-25 05:00:00,315.15,315.3,314.75,314.8,22680
2025-08-25 05:05:00,314.8,315.0,314.75,314.95,9791
2025-08-25 05:10:00,314.8,315.0,314.75,314.85,17377
2025-08-25 05:15:00,314.9,315.0,314.75,314.95,5405
2025-08-25 05:20:00,314.95,315.0,314.85,314.85,9026
2025-08-25 05:25:00,314.85,315.05,314.85,315.0,6720
2025-08-25 05:30:00,315.0,315.1,314.9,315.05,10841
2025-08-25 05:35:00,315.05,315.05,314.5,314.9,30953
2025-08-25 05:40:00,314.8,314.9,314.75,314.85,12653
2025-08-25 05:45:00,314.9,314.9,314.7,314.75,14169
2025-08-25 05:50:00,314.8,314.9,314.7,314.8,10671
2025-08-25 05:55:00,314.7,315.0,314.7,315.0,31902
2025-08-25 06:00:00,315.0,315.65,314.9,315.65,83344
2025-08-25 06:05:00,315.65,315.65,315.2,315.4,84374
2025-08-25 06:10:00,315.4,315.45,315.35,315.45,11022
2025-08-25 06:15:00,315.45,315.45,315.05,315.15,12014
2025-08-25 06:20:00,315.15,315.25,315.05,315.05,5217
2025-08-25 06:25:00,315.2,315.3,315.05,315.3,5846
2025-08-25 06:30:00,315.3,315.3,315.05,315.1,10801
2025-08-25 06:35:00,315.1,315.3,315.05,315.2,20011
2025-08-25 06:40:00,315.2,315.25,315.05,315.1,10870
2025-08-25 06:45:00,315.1,315.25,315.05,315.1,12358
2025-08-25 06:50:00,315.05,315.2,315.05,315.15,15742
2025-08-25 06:55:00,315.05,315.2,314.9,315.05,17923
2025-08-25 07:00:00,314.95,315.55,314.9,315.4,28000
2025-08-25 07:05:00,315.4,316.55,315.35,316.15,104686
2025-08-25 07:10:00,316.2,316.5,316.0,316.3,66906
2025-08-25 07:15:00,316.3,316.65,316.1,316.5,38030
2025-08-25 07:20:00,316.55,316.6,316.1,316.2,30802
2025-08-25 07:25:00,316.3,316.4,316.1,316.2,24500
2025-08-25 07:30:00,316.35,316.4,316.1,316.35,27928
2025-08-25 07:35:00,316.4,316.55,316.2,316.45,24717
2025-08-25 07:40:00,316.4,316.55,316.3,316.45,28911
2025-08-25 07:45:00,316.45,316.65,316.3,316.5,28733
2025-08-25 07:50:00,316.6,316.85,316.5,316.7,25222
2025-08-25 07:55:00,316.75,316.85,316.55,316.7,27131
2025-08-25 08:00:00,316.65,316.8,316.55,316.6,31835
2025-08-25 08:05:00,316.8,316.8,316.55,316.75,29113
2025-08-25 08:10:00,316.75,316.75,316.3,316.65,44972
2025-08-25 08:15:00,316.65,316.8,316.45,316.55,38762
2025-08-25 08:20:00,316.7,317.0,316.55,316.85,30022
2025-08-25 08:25:00,316.95,317.45,316.75,317.2,44021
2025-08-25 08:30:00,317.2,317.4,316.85,316.9,26758
2025-08-25 08:35:00,316.85,317.15,316.5,316.55,45383
2025-08-25 08:40:00,316.55,316.75,316.45,316.55,34769
2025-08-25 08:45:00,316.65,316.75,316.5,316.65,44175
2025-08-25 08:50:00,316.8,317.05,316.5,316.55,53924
2025-08-25 08:55:00,316.55,316.95,316.5,316.7,44611
2025-08-25 09:00:00,316.9,317.0,316.4,316.4,35954
2025-08-25 09:05:00,316.5,316.7,316.4,316.6,35990
2025-08-25 09:10:00,316.55,316.7,316.45,316.55,44173
2025-08-25 09:15:00,316.55,316.75,316.45,316.55,38193
2025-08-25 09:20:00,316.55,317.0,316.5,316.85,69739
2025-08-25 09:25:00,316.85,317.0,316.35,316.5,166048
2025-08-25 09:30:00,316.5,316.5,315.9,315.9,110726
2025-08-25 09:35:00,316.0,316.0,315.7,315.85,43154
2025-08-25 09:40:00,315.85,315.9,315.5,315.65,143609
2025-08-25 09:45:00,315.5,315.9,315.45,315.8,68052
2025-08-25 09:50:00,315.85,315.9,315.55,315.65,85419
2025-08-25 09:55:00,315.55,316.0,315.5,316.0,82204
2025-08-26 03:45:00,317.3,318.3,316.45,316.55,201984
2025-08-26 03:50:00,316.35,316.45,315.6,315.95,99610
2025-08-26 03:55:00,315.9,316.35,315.55,315.6,53902
2025-08-26 04:00:00,315.8,316.7,315.5,315.6,63035
2025-08-26 04:05:00,315.7,315.85,314.75,314.95,73842
2025-08-26 04:10:00,314.95,315.4,314.4,314.8,80992
2025-08-26 04:15:00,314.9,315.0,314.5,315.0,21166
2025-08-26 04:20:00,315.0,315.4,314.7,315.15,30650
2025-08-26 04:25:00,315.15,315.25,314.85,314.9,22766
2025-08-26 04:30:00,315.0,315.0,314.0,314.65,77566
2025-08-26 04:35:00,314.65,315.0,314.35,315.0,26081
2025-08-26 04:40:00,315.0,315.0,314.1,314.55,37963
2025-08-26 04:45:00,314.55,314.55,313.75,314.0,62540
2025-08-26 04:50:00,314.0,314.0,313.45,313.7,67880
2025-08-26 04:55:00,313.6,314.0,313.2,313.6,66119
2025-08-26 05:00:00,313.6,313.8,313.35,313.45,21425
2025-08-26 05:05:00,313.5,313.55,312.7,313.0,98800
2025-08-26 05:10:00,313.0,313.25,312.75,312.8,47665
2025-08-26 05:15:00,312.9,312.95,312.6,312.6,51953
2025-08-26 05:20:00,312.65,313.0,312.5,312.8,47426
2025-08-26 05:25:00,312.8,313.15,312.6,313.0,69113
2025-08-26 05:30:00,313.2,313.3,313.0,313.2,36045
2025-08-26 05:35:00,313.2,313.4,312.95,313.0,39205
2025-08-26 05:40:00,313.0,313.5,312.95,313.45,42828
2025-08-26 05:45:00,313.4,313.65,313.25,313.5,51447
2025-08-26 05:50:00,313.5,313.85,313.45,313.8,30477
2025-08-26 05:55:00,313.7,314.0,313.65,313.8,58580
2025-08-26 06:00:00,313.75,314.35,313.45,314.1,325591
2025-08-26 06:05:00,314.1,314.25,313.9,314.15,53903
2025-08-26 06:10:00,314.1,314.45,313.95,314.05,115454
2025-08-26 06:15:00,314.1,314.25,314.0,314.2,48700
2025-08-26 06:20:00,314.15,314.3,313.95,314.05,33942
2025-08-26 06:25:00,314.2,314.65,314.05,314.4,74169
2025-08-26 06:30:00,314.45,314.55,314.15,314.2,53478
2025-08-26 06:35:00,314.3,314.3,314.1,314.1,38089
2025-08-26 06:40:00,314.1,314.4,314.05,314.3,85343
2025-08-26 06:45:00,314.4,315.65,314.25,314.5,390779
2025-08-26 06:50:00,314.5,314.95,313.6,313.65,799206
2025-08-26 06:55:00,313.65,313.8,313.05,313.35,251587
2025-08-26 07:00:00,313.35,314.2,313.1,314.15,120952
2025-08-26 07:05:00,314.2,314.2,313.7,313.75,137925
2025-08-26 07:10:00,313.8,314.0,313.35,313.75,56238
2025-08-26 07:15:00,313.6,313.85,313.4,313.45,51107
2025-08-26 07:20:00,313.6,313.8,313.35,313.5,93665
2025-08-26 07:25:00,313.35,313.8,313.3,313.8,38935
2025-08-26 07:30:00,313.7,313.8,313.35,313.45,57991
2025-08-26 07:35:00,313.45,313.75,313.4,313.7,42426
2025-08-26 07:40:00,313.55,313.75,313.35,313.45,50898
2025-08-26 07:45:00,313.45,313.75,313.4,313.55,30573
2025-08-26 07:50:00,313.5,313.65,313.35,313.4,46081
2025-08-26 07:55:00,313.6,313.9,313.4,313.8,67815
2025-08-26 08:00:00,313.8,314.4,313.65,314.2,57287
2025-08-26 08:05:00,314.35,314.4,313.5,313.7,74465
2025-08-26 08:10:00,313.7,314.2,313.5,314.1,88364
2025-08-26 08:15:00,314.1,314.25,313.8,314.1,137692
2025-08-26 08:20:00,314.05,314.2,313.9,314.15,63384
2025-08-26 08:25:00,314.15,314.25,313.95,314.0,68262
2025-08-26 08:30:00,314.05,314.3,314.0,314.2,62023
2025-08-26 08:35:00,314.2,314.3,313.8,313.85,72824
2025-08-26 08:40:00,313.85,314.15,313.55,313.7,82432
2025-08-26 08:45:00,313.75,313.9,313.6,313.65,65791
2025-08-26 08:50:00,313.65,313.95,313.65,313.75,80788
2025-08-26 08:55:00,313.75,314.25,313.55,314.25,64460
2025-08-26 09:00:00,314.25,314.25,313.75,313.75,88464
2025-08-26 09:05:00,313.85,314.0,313.7,313.8,77208
2025-08-26 09:10:00,313.95,314.1,313.8,313.95,79628
2025-08-26 09:15:00,313.95,314.1,313.8,313.95,159624
2025-08-26 09:20:00,313.9,314.15,313.55,313.8,296999
2025-08-26 09:25:00,313.7,314.05,313.65,314.0,94362
2025-08-26 09:30:00,313.7,313.8,312.4,312.45,828265
2025-08-26 09:35:00,312.65,312.75,312.0,312.0,537215
2025-08-26 09:40:00,312.05,312.05,311.3,312.05,816581
2025-08-26 09:45:00,312.0,312.05,311.1,311.15,769934
2025-08-26 09:50:00,311.2,312.0,311.05,311.5,928079
2025-08-26 09:55:00,311.5,313.0,311.35,312.9,579573
2025-08-28 03:45:00,315.6,315.6,313.55,313.6,229857
2025-08-28 03:50:00,313.6,313.6,311.5,311.55,127299
2025-08-28 03:55:00,311.4,311.85,311.1,311.2,86580
2025-08-28 04:00:00,311.2,311.45,310.7,310.85,142288
2025-08-28 04:05:00,310.8,310.95,310.45,310.65,116007
2025-08-28 04:10:00,310.6,311.6,310.55,311.3,179891
2025-08-28 04:15:00,311.4,311.7,311.25,311.45,104171
2025-08-28 04:20:00,311.4,311.75,311.3,311.5,94111
2025-08-28 04:25:00,311.45,311.7,311.0,311.65,122560
2025-08-28 04:30:00,311.75,312.55,311.4,312.25,123758
2025-08-28 04:35:00,312.25,312.25,311.5,311.85,136636
2025-08-28 04:40:00,311.85,312.0,311.7,311.8,57216
2025-08-28 04:45:00,311.75,312.05,311.55,311.55,58018
2025-08-28 04:50:00,311.55,311.75,311.4,311.55,71062
2025-08-28 04:55:00,311.55,312.0,311.5,311.9,73292
2025-08-28 05:00:00,311.95,312.4,311.65,312.1,169008
2025-08-28 05:05:00,312.2,312.4,311.9,311.9,169513
2025-08-28 05:10:00,311.95,312.0,311.55,311.65,74441
2025-08-28 05:15:00,311.6,311.95,311.55,311.8,111841
2025-08-28 05:20:00,311.8,312.0,311.55,311.75,93678
2025-08-28 05:25:00,311.75,312.1,311.65,312.0,41810
2025-08-28 05:30:00,312.0,312.1,311.5,311.65,127355
2025-08-28 05:35:00,311.65,311.75,311.25,311.6,75750
2025-08-28 05:40:00,311.55,311.85,311.5,311.7,243916
2025-08-28 05:45:00,311.65,312.2,311.65,312.1,238766
2025-08-28 05:50:00,312.1,312.4,312.1,312.25,131705
2025-08-28 05:55:00,312.25,312.7,312.1,312.6,164180
2025-08-28 06:00:00,312.55,313.35,312.45,312.95,116723
2025-08-28 06:05:00,312.95,313.1,312.35,312.85,89116
2025-08-28 06:10:00,312.9,313.0,312.55,312.6,69678
2025-08-28 06:15:00,312.55,312.75,312.45,312.65,79022
2025-08-28 06:20:00,312.6,312.7,312.5,312.55,66974
2025-08-28 06:25:00,312.6,312.6,312.3,312.45,83711
2025-08-28 06:30:00,312.55,312.9,312.4,312.8,70283
2025-08-28 06:35:00,312.8,313.2,312.75,313.0,93969
2025-08-28 06:40:00,313.0,313.2,312.8,312.8,73481
2025-08-28 06:45:00,312.85,312.9,312.35,312.4,68659
2025-08-28 06:50:00,312.5,312.55,312.3,312.35,91742
2025-08-28 06:55:00,312.35,312.55,312.25,312.45,67904
2025-08-28 07:00:00,312.35,312.45,311.95,312.25,116474
2025-08-28 07:05:00,312.2,312.35,311.85,311.95,72757
2025-08-28 07:10:00,311.9,312.25,311.85,312.05,84424
2025-08-28 07:15:00,312.05,312.45,311.95,312.3,76224
2025-08-28 07:20:00,312.35,312.5,312.25,312.35,70591
2025-08-28 07:25:00,312.4,312.4,312.25,312.3,64637
2025-08-28 07:30:00,312.25,312.25,311.1,311.35,136301
2025-08-28 07:35:00,311.35,311.95,311.3,311.7,86686
2025-08-28 07:40:00,311.8,312.1,311.55,312.0,89208
2025-08-28 07:45:00,311.95,312.1,311.55,311.65,104278
2025-08-28 07:50:00,311.65,311.8,311.5,311.6,80887
2025-08-28 07:55:00,311.6,311.8,311.5,311.7,82561
2025-08-28 08:00:00,311.7,311.95,311.35,311.55,92832
2025-08-28 08:05:00,311.55,311.7,311.15,311.35,75738
2025-08-28 08:10:00,311.35,311.5,310.4,310.6,120761
2025-08-28 08:15:00,310.6,310.7,310.35,310.4,96174
2025-08-28 08:20:00,310.4,310.65,310.3,310.3,82325
2025-08-28 08:25:00,310.35,310.75,310.0,310.55,265881
2025-08-28 08:30:00,310.65,310.95,310.45,310.6,88050
2025-08-28 08:35:00,310.65,310.9,310.5,310.7,75145
2025-08-28 08:40:00,310.7,311.7,310.7,311.35,104600
2025-08-28 08:45:00,311.3,311.9,311.25,311.6,92625
2025-08-28 08:50:00,311.6,311.95,311.55,311.65,85933
2025-08-28 08:55:00,311.65,311.85,311.4,311.6,96058
2025-08-28 09:00:00,311.6,311.75,310.65,310.8,95300
2025-08-28 09:05:00,310.8,311.3,310.75,311.25,103604
2025-08-28 09:10:00,311.25,311.45,310.75,310.85,81038
2025-08-28 09:15:00,310.85,311.05,310.6,310.8,84624
2025-08-28 09:20:00,310.8,310.9,310.6,310.75,73894
2025-08-28 09:25:00,310.75,310.9,310.4,310.85,94628
2025-08-28 09:30:00,310.85,311.2,310.7,311.0,175477
2025-08-28 09:35:00,311.05,311.3,310.55,310.6,315488
2025-08-28 09:40:00,310.6,310.85,310.45,310.55,395861
2025-08-28 09:45:00,310.55,310.75,310.05,310.5,441080
2025-08-28 09:50:00,310.55,311.1,310.5,311.0,187187
2025-08-28 09:55:00,311.05,311.7,310.95,311.65,162872
2025-08-29 03:45:00,310.7,312.3,310.0,310.1,152022
2025-08-29 03:50:00,310.1,310.85,310.1,310.7,43717
2025-08-29 03:55:00,310.75,310.75,309.6,309.6,57763
2025-08-29 04:00:00,309.6,309.85,309.05,309.1,63662
2025-08-29 04:05:00,309.05,309.45,308.1,309.45,71652
2025-08-29 04:10:00,309.45,309.9,309.35,309.35,27921
2025-08-29 04:15:00,309.35,309.4,308.65,308.65,21249
2025-08-29 04:20:00,308.65,308.7,307.45,308.05,223423
2025-08-29 04:25:00,308.05,308.55,307.95,308.5,29064
2025-08-29 04:30:00,308.4,308.6,308.1,308.4,19286
2025-08-29 04:35:00,308.4,308.5,308.05,308.25,23344
2025-08-29 04:40:00,308.2,308.7,308.05,308.45,30381
2025-08-29 04:45:00,308.5,309.0,308.35,308.85,26730
2025-08-29 04:50:00,308.85,309.4,308.65,309.4,21364
2025-08-29 04:55:00,309.4,309.7,309.2,309.3,41023
2025-08-29 05:00:00,309.3,309.9,309.3,309.7,21373
2025-08-29 05:05:00,309.65,310.2,309.5,310.1,31123
2025-08-29 05:10:00,310.05,310.75,310.05,310.55,38913
2025-08-29 05:15:00,310.55,310.65,310.05,310.05,25975
2025-08-29 05:20:00,310.0,310.15,309.75,310.15,47969
2025-08-29 05:25:00,310.15,310.15,309.9,310.1,12800
2025-08-29 05:30:00,310.05,310.7,310.0,310.45,21289
2025-08-29 05:35:00,310.45,310.5,310.05,310.4,17411
2025-08-29 05:40:00,310.4,310.7,310.25,310.3,21153
2025-08-29 05:45:00,310.3,310.65,310.25,310.35,27867
2025-08-29 05:50:00,310.3,310.4,309.5,309.8,38120
2025-08-29 05:55:00,309.9,310.55,309.8,310.4,21762
2025-08-29 06:00:00,310.4,310.85,310.3,310.6,44241
2025-08-29 06:05:00,310.6,310.6,310.05,310.1,16341
2025-08-29 06:10:00,310.1,310.45,310.1,310.3,23660
2025-08-29 06:15:00,310.45,310.45,309.9,309.9,11917
2025-08-29 06:20:00,309.9,310.2,309.9,310.0,10490
2025-08-29 06:25:00,310.0,310.1,309.6,309.8,21469
2025-08-29 06:30:00,309.8,309.8,309.4,309.5,15682
2025-08-29 06:35:00,309.4,310.0,309.4,309.65,17373
2025-08-29 06:40:00,309.65,309.85,309.65,309.8,7906
2025-08-29 06:45:00,309.8,310.15,309.7,310.0,21899
2025-08-29 06:50:00,310.15,310.15,309.9,310.0,9032
2025-08-29 06:55:00,309.9,310.0,309.6,309.6,10252
2025-08-29 07:00:00,309.55,309.55,309.1,309.15,14127
2025-08-29 07:05:00,309.1,309.5,309.0,309.05,18494
2025-08-29 07:10:00,309.15,309.5,308.95,309.0,19916
2025-08-29 07:15:00,308.95,309.35,308.55,308.7,28312
2025-08-29 07:20:00,308.6,308.8,308.45,308.5,49458
2025-08-29 07:25:00,308.45,308.6,308.15,308.15,13269
2025-08-29 07:30:00,308.15,308.3,307.6,307.8,57897
2025-08-29 07:35:00,307.8,308.1,307.55,307.55,32898
2025-08-29 07:40:00,307.6,307.85,307.55,307.8,19201
2025-08-29 07:45:00,307.8,308.3,307.7,307.8,50987
2025-08-29 07:50:00,307.8,308.0,307.7,307.9,20422
2025-08-29 07:55:00,307.9,308.7,307.7,308.65,55236
2025-08-29 08:00:00,308.7,308.9,308.45,308.65,43712
2025-08-29 08:05:00,308.6,308.7,308.45,308.45,36885
2025-08-29 08:10:00,308.55,308.6,308.35,308.4,13571
2025-08-29 08:15:00,308.4,308.45,308.0,308.15,36747
2025-08-29 08:20:00,308.15,308.4,308.15,308.25,23699
2025-08-29 08:25:00,308.35,308.35,307.8,307.85,25846
2025-08-29 08:30:00,307.85,307.95,307.6,307.65,28424
2025-08-29 08:35:00,307.65,308.05,307.5,308.0,23227
2025-08-29 08:40:00,308.0,308.45,307.9,308.4,27105
2025-08-29 08:45:00,308.4,308.5,308.1,308.3,21931
2025-08-29 08:50:00,308.3,309.0,308.05,308.2,51841
2025-08-29 08:55:00,308.2,308.2,307.0,307.1,67902
2025-08-29 09:00:00,307.05,307.85,307.05,307.65,44802
2025-08-29 09:05:00,307.65,307.75,307.25,307.25,41834
2025-08-29 09:10:00,307.25,307.6,307.25,307.3,28597
2025-08-29 09:15:00,307.3,307.85,307.3,307.7,30823
2025-08-29 09:20:00,307.75,307.75,307.5,307.5,33476
2025-08-29 09:25:00,307.6,308.0,307.5,307.9,41985
2025-08-29 09:30:00,307.95,308.4,307.7,308.2,330542
2025-08-29 09:35:00,308.2,308.4,308.0,308.3,209791
2025-08-29 09:40:00,308.25,308.4,307.65,308.05,397430
2025-08-29 09:45:00,308.0,308.4,307.95,307.95,346155
2025-08-29 09:50:00,308.05,308.85,308.05,308.8,385422
2025-08-29 09:55:00,308.85,308.9,307.8,308.55,273542
2025-09-01 03:45:00,308.5,309.0,306.8,307.55,185496
2025-09-01 03:50:00,307.55,308.7,307.25,308.4,128229
2025-09-01 03:55:00,308.4,308.8,308.15,308.65,68931
2025-09-01 04:00:00,308.45,308.6,307.9,308.45,81123
2025-09-01 04:05:00,308.35,308.9,308.3,308.7,57042
2025-09-01 04:10:00,308.5,309.35,308.5,309.3,66295
2025-09-01 04:15:00,309.35,309.9,309.25,309.5,56902
2025-09-01 04:20:00,309.7,310.4,309.4,310.3,66810
2025-09-01 04:25:00,310.45,310.6,309.55,309.7,59027
2025-09-01 04:30:00,309.85,310.05,309.2,309.5,60177
2025-09-01 04:35:00,309.55,309.55,308.9,308.95,49652
2025-09-01 04:40:00,309.05,309.5,308.75,309.3,36789
2025-09-01 04:45:00,309.4,309.4,308.7,309.1,31173
2025-09-01 04:50:00,309.15,309.9,308.8,309.8,46914
2025-09-01 04:55:00,309.9,310.45,309.8,310.3,46688
2025-09-01 05:00:00,310.3,310.4,309.9,310.35,39668
2025-09-01 05:05:00,310.35,310.65,310.15,310.15,43784
2025-09-01 05:10:00,310.15,310.5,310.15,310.5,19954
2025-09-01 05:15:00,310.5,311.0,310.4,310.85,29537
2025-09-01 05:20:00,310.75,311.25,310.75,310.85,30605
2025-09-01 05:25:00,310.95,311.5,310.9,311.4,33214
2025-09-01 05:30:00,311.4,312.0,311.35,311.65,48723
2025-09-01 05:35:00,311.7,311.9,311.15,311.7,82560
2025-09-01 05:40:00,311.7,312.0,311.35,311.5,34834
2025-09-01 05:45:00,311.55,312.2,311.55,311.95,36870
2025-09-01 05:50:00,311.95,312.65,311.95,312.65,29194
2025-09-01 05:55:00,312.65,312.95,312.55,312.95,39278
2025-09-01 06:00:00,312.9,313.35,312.8,313.1,41279
2025-09-01 06:05:00,313.25,313.95,313.1,313.55,51264
2025-09-01 06:10:00,313.55,314.0,313.5,313.75,34394
2025-09-01 06:15:00,313.85,314.15,313.05,313.25,72521
2025-09-01 06:20:00,313.4,313.5,313.05,313.2,29129
2025-09-01 06:25:00,313.15,313.5,313.1,313.35,33028
2025-09-01 06:30:00,313.3,313.9,313.2,313.8,24331
2025-09-01 06:35:00,313.6,313.95,313.55,313.9,31458
2025-09-01 06:40:00,313.9,314.0,313.7,313.9,21755
2025-09-01 06:45:00,313.9,314.0,313.75,313.9,17339
2025-09-01 06:50:00,313.9,314.05,313.75,313.95,18570
2025-09-01 06:55:00,314.05,314.45,313.95,314.2,20789
2025-09-01 07:00:00,314.25,314.4,313.95,314.0,14701
2025-09-01 07:05:00,314.1,314.2,313.95,314.2,17723
2025-09-01 07:10:00,314.1,314.25,313.9,313.95,21241
2025-09-01 07:15:00,313.9,313.9,313.5,313.7,10340
2025-09-01 07:20:00,313.6,313.7,313.45,313.45,6461
2025-09-01 07:25:00,313.5,313.6,313.15,313.35,14319
2025-09-01 07:30:00,313.35,313.5,313.2,313.4,13838
2025-09-01 07:35:00,313.4,313.5,313.3,313.5,5088
2025-09-01 07:40:00,313.4,313.55,313.3,313.5,12390
2025-09-01 07:45:00,313.5,313.8,313.4,313.5,18099
2025-09-01 07:50:00,313.6,313.7,313.4,313.45,9704
2025-09-01 07:55:00,313.45,313.5,313.25,313.5,31398
2025-09-01 08:00:00,313.5,313.8,313.4,313.6,18163
2025-09-01 08:05:00,313.6,314.0,313.5,313.9,34825
2025-09-01 08:10:00,313.95,314.15,313.55,314.15,17900
2025-09-01 08:15:00,314.25,314.35,314.0,314.05,33918
2025-09-01 08:20:00,314.05,314.25,314.0,314.0,10621
2025-09-01 08:25:00,314.0,314.2,313.95,313.95,9891
2025-09-01 08:30:00,313.95,314.35,313.95,314.1,19349
2025-09-01 08:35:00,314.1,314.15,313.5,313.6,46113
2025-09-01 08:40:00,313.65,313.7,312.8,313.2,101866
2025-09-01 08:45:00,313.3,313.8,313.3,313.65,22222
2025-09-01 08:50:00,313.7,313.8,313.55,313.75,12109
2025-09-01 08:55:00,313.8,313.85,313.65,313.75,12751
2025-09-01 09:00:00,313.7,314.05,313.7,313.95,21417
2025-09-01 09:05:00,313.95,314.0,313.8,313.85,21069
2025-09-01 09:10:00,313.85,314.0,313.85,314.0,15062
2025-09-01 09:15:00,313.95,314.1,313.9,314.0,36206
2025-09-01 09:20:00,314.0,314.15,313.9,314.1,28328
2025-09-01 09:25:00,314.15,314.2,313.75,313.8,85828
2025-09-01 09:30:00,313.95,314.75,313.7,314.55,140246
2025-09-01 09:35:00,314.55,314.7,314.45,314.55,103702
2025-09-01 09:40:00,314.5,314.75,314.35,314.65,137987
2025-09-01 09:45:00,314.65,315.25,314.65,315.1,181235
2025-09-01 09:50:00,315.15,315.55,314.8,314.8,268241
2025-09-01 09:55:00,314.8,315.0,313.2,314.2,211518
2025-09-02 03:45:00,315.9,316.25,313.7,313.8,93335
2025-09-02 03:50:00,313.8,314.0,313.15,313.3,44858
2025-09-02 03:55:00,313.5,313.6,312.75,313.0,50326
2025-09-02 04:00:00,313.0,314.0,312.9,313.9,32858
2025-09-02 04:05:00,314.0,314.85,313.9,314.55,31597
2025-09-02 04:10:00,314.5,315.0,314.5,314.9,53558
2025-09-02 04:15:00,315.0,315.9,315.0,315.7,33518
2025-09-02 04:20:00,315.7,315.95,315.55,315.7,20264
2025-09-02 04:25:00,315.75,315.9,315.35,315.9,54477
2025-09-02 04:30:00,315.9,316.95,315.85,316.9,42060
2025-09-02 04:35:00,316.9,316.9,316.4,316.55,25917
2025-09-02 04:40:00,316.55,316.65,316.15,316.4,19596
2025-09-02 04:45:00,316.35,316.65,316.25,316.25,26146
2025-09-02 04:50:00,316.25,316.8,316.0,316.8,30919
2025-09-02 04:55:00,316.8,317.3,316.65,317.15,71073
2025-09-02 05:00:00,317.2,317.3,316.75,316.95,19405
2025-09-02 05:05:00,316.8,317.0,316.5,316.95,27302
2025-09-02 05:10:00,316.95,317.05,316.8,316.95,11902
2025-09-02 05:15:00,316.95,316.95,316.55,316.55,10767
2025-09-02 05:20:00,316.55,316.75,316.5,316.5,7479
2025-09-02 05:25:00,316.5,317.0,316.5,316.95,9125
2025-09-02 05:30:00,316.95,317.15,316.65,316.75,21305
2025-09-02 05:35:00,316.85,316.85,316.55,316.65,9683
2025-09-02 05:40:00,316.65,316.7,316.5,316.6,7511
2025-09-02 05:45:00,316.6,316.7,316.3,316.45,11690
2025-09-02 05:50:00,316.4,316.75,316.35,316.6,20406
2025-09-02 05:55:00,316.55,316.65,316.4,316.55,16025
2025-09-02 06:00:00,316.5,317.2,315.9,316.85,73678
2025-09-02 06:05:00,316.85,316.85,316.4,316.45,16204
2025-09-02 06:10:00,316.45,316.6,316.3,316.4,17026
2025-09-02 06:15:00,316.4,317.0,315.9,316.7,55589
2025-09-02 06:20:00,316.7,316.7,316.35,316.45,11288
2025-09-02 06:25:00,316.45,317.15,316.45,316.75,31164
2025-09-02 06:30:00,316.75,317.0,316.75,317.0,11221
2025-09-02 06:35:00,316.95,317.0,316.95,317.0,12466
2025-09-02 06:40:00,317.0,317.0,316.75,316.9,10534
2025-09-02 06:45:00,316.9,316.9,316.55,316.8,12128
2025-09-02 06:50:00,316.8,316.85,316.6,316.75,9418
2025-09-02 06:55:00,316.75,317.0,316.7,316.95,40994
2025-09-02 07:00:00,316.95,317.0,316.6,316.95,17224
2025-09-02 07:05:00,316.95,316.95,316.8,316.9,6533
2025-09-02 07:10:00,316.95,316.95,316.7,316.7,9488
2025-09-02 07:15:00,316.65,316.8,316.5,316.7,41814
2025-09-02 07:20:00,316.65,316.7,316.5,316.7,7879
2025-09-02 07:25:00,316.7,316.7,315.5,315.8,284709
2025-09-02 07:30:00,315.8,316.05,315.4,315.65,35309
2025-09-02 07:35:00,315.5,316.0,315.5,315.7,37194
2025-09-02 07:40:00,315.7,315.8,315.25,315.35,24838
2025-09-02 07:45:00,315.35,315.4,314.8,315.15,94775
2025-09-02 07:50:00,315.1,315.3,314.6,314.8,62925
2025-09-02 07:55:00,314.9,315.2,314.65,314.95,45468
2025-09-02 08:00:00,314.95,315.45,314.8,314.95,18184
2025-09-02 08:05:00,315.1,315.3,314.15,315.2,225278
2025-09-02 08:10:00,315.3,315.3,314.65,314.7,41620
2025-09-02 08:15:00,314.85,315.0,314.55,314.95,27902
2025-09-02 08:20:00,315.0,315.0,314.55,314.6,34607
2025-09-02 08:25:00,314.7,314.7,314.25,314.35,53227
2025-09-02 08:30:00,314.4,314.5,313.75,314.3,99004
2025-09-02 08:35:00,314.3,314.95,314.15,314.9,33812
2025-09-02 08:40:00,314.85,314.85,314.35,314.4,22336
2025-09-02 08:45:00,314.45,314.9,314.35,314.9,34681
2025-09-02 08:50:00,314.9,315.0,314.35,314.35,47527
2025-09-02 08:55:00,314.45,314.45,313.85,313.95,112484
2025-09-02 09:00:00,314.0,314.15,313.75,313.9,39402
2025-09-02 09:05:00,314.0,314.5,313.9,314.4,48731
2025-09-02 09:10:00,314.45,314.45,313.9,313.95,23169
2025-09-02 09:15:00,314.0,314.3,313.9,314.2,91081
2025-09-02 09:20:00,314.25,314.5,314.15,314.25,29742
2025-09-02 09:25:00,314.25,314.9,314.15,314.65,71948
2025-09-02 09:30:00,314.65,314.9,314.1,314.6,94716
2025-09-02 09:35:00,314.6,315.1,314.4,315.0,78659
2025-09-02 09:40:00,314.95,315.2,314.9,314.9,84157
2025-09-02 09:45:00,314.9,315.2,314.85,314.95,95760
2025-09-02 09:50:00,315.0,315.2,314.95,315.0,125436
2025-09-02 09:55:00,315.0,315.25,314.5,315.0,98490
2025-09-03 03:45:00,314.95,319.85,314.8,318.25,426795
2025-09-03 03:50:00,318.15,320.1,317.95,319.95,154848
2025-09-03 03:55:00,319.75,320.45,319.35,320.25,138192
2025-09-03 04:00:00,320.4,320.5,319.05,319.8,113689
2025-09-03 04:05:00,319.75,319.8,318.35,318.6,125300
2025-09-03 04:10:00,318.65,318.75,317.7,318.0,90778
2025-09-03 04:15:00,317.95,318.8,317.8,318.55,44621
2025-09-03 04:20:00,318.45,318.8,318.2,318.55,40569
2025-09-03 04:25:00,318.55,318.95,318.2,318.7,57867
2025-09-03 04:30:00,318.65,318.8,318.3,318.6,28832
2025-09-03 04:35:00,318.65,318.75,317.8,318.0,39416
2025-09-03 04:40:00,317.95,318.1,317.7,317.8,40321
2025-09-03 04:45:00,317.9,317.95,317.25,317.6,56619
2025-09-03 04:50:00,317.65,317.95,317.4,317.4,38114
2025-09-03 04:55:00,317.25,317.75,317.2,317.75,42697
2025-09-03 05:00:00,317.65,317.8,317.35,317.65,31199
2025-09-03 05:05:00,317.65,317.9,317.1,317.1,38369
2025-09-03 05:10:00,317.25,317.55,317.05,317.05,39630
2025-09-03 05:15:00,317.15,317.2,317.0,317.1,24293
2025-09-03 05:20:00,317.2,317.45,316.8,317.15,25422
2025-09-03 05:25:00,317.15,317.8,317.0,317.5,26872
2025-09-03 05:30:00,317.4,317.75,317.4,317.4,18714
2025-09-03 05:35:00,317.45,317.65,317.0,317.45,21742
2025-09-03 05:40:00,317.45,317.85,317.45,317.65,23764
2025-09-03 05:45:00,317.7,318.6,317.55,318.5,69992
2025-09-03 05:50:00,318.5,318.95,318.4,318.7,49164
2025-09-03 05:55:00,318.75,318.8,318.45,318.7,19243
2025-09-03 06:00:00,318.7,318.75,318.5,318.6,10947
2025-09-03 06:05:00,318.55,318.9,318.5,318.7,22440
2025-09-03 06:10:00,318.7,318.75,318.5,318.6,16594
2025-09-03 06:15:00,318.6,318.65,318.2,318.65,20585
2025-09-03 06:20:00,318.65,318.75,318.25,318.35,26605
2025-09-03 06:25:00,318.4,318.65,318.3,318.5,17333
2025-09-03 06:30:00,318.5,318.5,318.0,318.35,26947
2025-09-03 06:35:00,318.45,318.75,318.4,318.75,21113
2025-09-03 06:40:00,318.75,319.3,318.7,319.3,53757
2025-09-03 06:45:00,319.3,319.5,319.1,319.1,48074
2025-09-03 06:50:00,319.2,319.6,319.15,319.25,35685
2025-09-03 06:55:00,319.2,319.35,318.85,318.85,24469
2025-09-03 07:00:00,318.85,319.2,318.85,319.1,19632
2025-09-03 07:05:00,319.15,319.2,318.85,318.95,14078
2025-09-03 07:10:00,318.95,319.05,318.15,318.2,43169
2025-09-03 07:15:00,318.2,318.35,317.6,317.65,55688
2025-09-03 07:20:00,317.75,318.15,317.7,317.9,37527
2025-09-03 07:25:00,317.95,318.15,316.9,317.0,93456
2025-09-03 07:30:00,317.15,317.2,316.45,316.45,76130
2025-09-03 07:35:00,316.5,317.0,316.05,316.05,70531
2025-09-03 07:40:00,316.05,316.15,315.9,316.0,61890
2025-09-03 07:45:00,316.0,316.05,315.85,316.0,32810
2025-09-03 07:50:00,315.95,316.1,315.9,315.95,40259
2025-09-03 07:55:00,315.95,316.05,315.85,316.0,33044
2025-09-03 08:00:00,316.0,316.0,315.85,315.95,30025
2025-09-03 08:05:00,315.95,316.2,315.7,316.0,71803
2025-09-03 08:10:00,316.0,316.55,315.9,316.4,41460
2025-09-03 08:15:00,316.55,317.15,316.45,316.8,28594
2025-09-03 08:20:00,316.9,317.25,316.75,317.25,17006
2025-09-03 08:25:00,317.15,317.5,317.1,317.45,22377
2025-09-03 08:30:00,317.4,317.5,317.25,317.4,15036
2025-09-03 08:35:00,316.0,316.5,315.8,316.4,354628
2025-09-03 08:40:00,316.4,316.6,315.6,315.85,46490
2025-09-03 08:45:00,315.8,315.9,315.65,315.7,36424
2025-09-03 08:50:00,315.85,315.95,314.55,315.95,134888
2025-09-03 08:55:00,315.9,316.0,315.55,315.9,32437
2025-09-03 09:00:00,316.0,316.1,315.7,315.9,205537
2025-09-03 09:05:00,315.85,316.0,315.8,315.85,35152
2025-09-03 09:10:00,315.9,316.0,315.7,315.8,39420
2025-09-03 09:15:00,315.85,316.0,315.85,315.95,30191
2025-09-03 09:20:00,315.95,316.0,315.25,315.5,65980
2025-09-03 09:25:00,315.6,315.8,315.45,315.7,65153
2025-09-03 09:30:00,315.6,315.8,315.55,315.65,105912
2025-09-03 09:35:00,315.7,315.7,314.9,315.15,1093954
2025-09-03 09:40:00,315.2,315.2,314.4,314.95,536016
2025-09-03 09:45:00,314.95,314.95,314.55,314.8,185202
2025-09-03 09:50:00,314.7,315.0,314.05,314.9,578667
2025-09-03 09:55:00,315.0,315.0,314.85,315.0,113745
2025-09-04 03:45:00,319.85,319.85,315.25,315.4,218565
2025-09-04 03:50:00,315.4,315.75,315.1,315.35,121511
2025-09-04 03:55:00,315.25,315.45,314.95,315.25,80206
2025-09-04 04:00:00,315.25,316.5,315.25,316.5,72752
2025-09-04 04:05:00,316.5,316.95,316.35,316.75,53298
2025-09-04 04:10:00,316.75,317.25,316.6,316.9,62366
2025-09-04 04:15:00,316.9,317.4,316.55,317.35,52110
2025-09-04 04:20:00,317.35,317.75,317.25,317.55,64884
2025-09-04 04:25:00,317.6,317.65,316.65,316.75,38823
2025-09-04 04:30:00,316.8,316.85,316.35,316.55,24740
2025-09-04 04:35:00,316.6,316.65,316.4,316.45,21522
2025-09-04 04:40:00,316.35,316.65,316.3,316.4,17553
2025-09-04 04:45:00,316.4,316.6,316.25,316.6,19313
2025-09-04 04:50:00,316.7,316.75,316.25,316.55,31686
2025-09-04 04:55:00,316.55,316.65,316.5,316.55,11606
2025-09-04 05:00:00,316.55,316.95,316.55,316.9,17182
2025-09-04 05:05:00,316.9,317.0,316.5,316.55,15677
2025-09-04 05:10:00,316.55,316.65,316.1,316.25,23969
2025-09-04 05:15:00,316.15,316.6,316.15,316.5,24206
2025-09-04 05:20:00,316.75,317.05,316.65,316.65,32360
2025-09-04 05:25:00,316.75,317.0,316.7,316.9,6572
2025-09-04 05:30:00,316.8,317.5,316.7,316.7,32370
2025-09-04 05:35:00,316.65,316.8,316.45,316.5,23579
2025-09-04 05:40:00,316.5,316.8,316.45,316.5,16114
2025-09-04 05:45:00,316.5,316.65,316.35,316.55,20272
2025-09-04 05:50:00,316.5,316.5,315.55,315.6,40724
2025-09-04 05:55:00,315.6,315.75,315.55,315.6,11588
2025-09-04 06:00:00,315.6,315.8,315.6,315.7,12344
2025-09-04 06:05:00,315.7,315.95,315.7,315.7,55593
2025-09-04 06:10:00,315.6,316.0,315.55,315.85,23210
2025-09-04 06:15:00,315.95,316.0,315.8,315.8,18003
2025-09-04 06:20:00,315.8,315.9,315.35,315.6,112909
2025-09-04 06:25:00,315.6,316.2,315.45,316.1,135561
2025-09-04 06:30:00,316.2,316.2,315.8,315.9,52063
2025-09-04 06:35:00,316.0,316.05,315.6,315.8,101110
2025-09-04 06:40:00,315.8,316.0,315.7,315.85,24251
2025-09-04 06:45:00,315.85,316.0,315.8,315.85,19765
2025-09-04 06:50:00,315.85,316.0,315.45,315.55,71469
2025-09-04 06:55:00,315.55,316.0,315.5,315.85,40935
2025-09-04 07:00:00,315.85,316.0,315.8,315.95,15459
2025-09-04 07:05:00,315.95,316.0,315.75,315.75,31693
2025-09-04 07:10:00,315.75,315.8,315.6,315.8,41713
2025-09-04 07:15:00,315.7,315.95,315.7,315.8,23027
2025-09-04 07:20:00,315.9,316.05,315.85,316.05,24380
2025-09-04 07:25:00,316.05,316.45,315.65,316.3,308355
2025-09-04 07:30:00,316.3,316.3,314.9,314.9,167440
2025-09-04 07:35:00,314.95,315.0,314.9,314.95,19021
2025-09-04 07:40:00,315.0,315.0,314.85,314.9,41031
2025-09-04 07:45:00,314.9,315.2,314.9,315.0,35332
2025-09-04 07:50:00,315.0,315.0,314.9,315.0,27982
2025-09-04 07:55:00,314.95,315.0,314.9,314.9,24471
2025-09-04 08:00:00,314.95,315.05,314.85,315.0,77394
2025-09-04 08:05:00,314.95,315.0,314.85,314.95,24717
2025-09-04 08:10:00,314.9,315.0,314.9,315.0,19874
2025-09-04 08:15:00,314.95,315.0,314.9,314.9,19122
2025-09-04 08:20:00,314.9,315.05,313.75,314.2,759810
2025-09-04 08:25:00,314.2,314.3,313.9,314.0,53833
2025-09-04 08:30:00,314.0,314.0,313.9,314.0,53356
2025-09-04 08:35:00,314.0,314.0,313.9,314.0,47425
2025-09-04 08:40:00,313.95,314.25,313.9,314.25,30654
2025-09-04 08:45:00,314.25,314.35,313.7,313.8,54600
2025-09-04 08:50:00,313.75,314.0,313.65,313.75,34329
2025-09-04 08:55:00,313.6,313.8,312.85,312.95,302292
2025-09-04 09:00:00,312.85,313.9,312.75,313.7,276729
2025-09-04 09:05:00,313.7,314.0,313.55,313.6,61302
2025-09-04 09:10:00,313.6,313.8,313.0,313.15,117888
2025-09-04 09:15:00,313.1,313.8,313.1,313.7,36864
2025-09-04 09:20:00,313.65,313.9,313.25,313.4,45404
2025-09-04 09:25:00,313.3,313.7,313.25,313.45,40229
2025-09-04 09:30:00,313.45,313.45,313.1,313.1,63817
2025-09-04 09:35:00,313.15,313.15,312.75,312.8,63631
2025-09-04 09:40:00,312.95,312.95,312.65,312.7,71962
2025-09-04 09:45:00,312.75,313.0,312.6,313.0,123514
2025-09-04 09:50:00,313.0,313.0,312.95,313.0,113163
2025-09-04 09:55:00,313.0,313.0,312.5,312.8,149702
2025-09-05 03:45:00,313.0,315.3,312.6,314.8,119113
2025-09-05 03:50:00,315.0,315.0,313.8,313.8,71274
2025-09-05 03:55:00,313.75,314.25,313.75,313.95,49636
2025-09-05 04:00:00,313.95,314.0,312.9,313.0,54601
2025-09-05 04:05:00,313.0,313.1,312.7,312.7,36043
2025-09-05 04:10:00,312.85,312.85,312.4,312.65,29821
2025-09-05 04:15:00,312.6,313.0,312.45,312.95,37392
2025-09-05 04:20:00,313.0,313.0,312.95,313.0,41291
2025-09-05 04:25:00,313.0,313.0,312.7,312.95,28672
2025-09-05 04:30:00,313.0,313.0,312.9,313.0,22103
2025-09-05 04:35:00,313.0,313.0,312.85,312.85,82414
2025-09-05 04:40:00,312.8,312.8,311.8,312.0,41522
2025-09-05 04:45:00,312.0,312.1,311.6,311.9,23364
2025-09-05 04:50:00,311.95,312.55,311.5,312.55,45083
2025-09-05 04:55:00,312.65,313.0,312.45,312.75,45675
2025-09-05 05:00:00,312.7,312.85,312.4,312.7,21700
2025-09-05 05:05:00,312.7,313.0,312.5,313.0,25025
2025-09-05 05:10:00,313.0,313.0,312.8,313.0,15868
2025-09-05 05:15:00,312.9,313.0,312.55,312.7,20346
2025-09-05 05:20:00,312.7,312.95,312.55,312.85,18481
2025-09-05 05:25:00,312.75,312.75,312.3,312.5,81337
2025-09-05 05:30:00,312.55,312.9,312.5,312.9,16692
2025-09-05 05:35:00,312.9,313.0,312.8,312.9,19293
2025-09-05 05:40:00,312.9,313.0,312.85,312.95,14799
2025-09-05 05:45:00,312.95,313.0,312.3,312.9,37695
2025-09-05 05:50:00,312.95,313.0,312.6,312.8,14085
2025-09-05 05:55:00,312.8,313.0,312.7,313.0,17007
2025-09-05 06:00:00,313.0,313.5,312.75,312.75,79849
2025-09-05 06:05:00,312.9,313.0,312.85,312.95,26934
2025-09-05 06:10:00,312.9,313.0,312.6,312.65,25659
2025-09-05 06:15:00,312.65,312.65,312.2,312.4,28453
2025-09-05 06:20:00,312.35,312.55,312.25,312.3,18807
2025-09-05 06:25:00,312.3,312.75,312.3,312.65,23776
2025-09-05 06:30:00,312.75,313.0,312.35,312.9,36640
2025-09-05 06:35:00,312.9,313.0,312.8,313.0,27219
2025-09-05 06:40:00,313.0,313.0,312.75,312.85,33337
2025-09-05 06:45:00,312.85,312.85,312.6,312.7,27530
2025-09-05 06:50:00,312.7,312.95,312.65,312.7,28107
2025-09-05 06:55:00,312.7,312.8,312.5,312.8,29539
2025-09-05 07:00:00,312.8,312.95,312.6,312.8,36693
2025-09-05 07:05:00,312.75,312.75,312.45,312.6,35025
2025-09-05 07:10:00,312.65,312.85,312.1,312.6,41475
2025-09-05 07:15:00,312.6,312.6,312.2,312.3,27994
2025-09-05 07:20:00,312.3,312.3,312.15,312.15,17437
2025-09-05 07:25:00,312.15,312.6,312.15,312.45,42648
2025-09-05 07:30:00,312.5,312.8,312.15,312.15,90772
2025-09-05 07:35:00,312.15,312.25,312.15,312.2,20595
2025-09-05 07:40:00,312.25,312.65,312.2,312.45,63661
2025-09-05 07:45:00,312.55,312.95,312.55,312.9,92055
2025-09-05 07:50:00,312.95,313.0,312.9,312.95,31088
2025-09-05 07:55:00,313.0,313.0,312.95,312.95,86478
2025-09-05 08:00:00,313.0,313.0,312.9,313.0,259938
2025-09-05 08:05:00,313.0,313.95,312.9,313.85,553821
2025-09-05 08:10:00,313.8,314.5,313.7,314.2,44674
2025-09-05 08:15:00,314.3,315.5,314.3,315.1,59574
2025-09-05 08:20:00,315.3,315.4,314.85,315.4,45647
2025-09-05 08:25:00,315.35,316.0,315.2,315.95,29275
2025-09-05 08:30:00,315.95,316.45,315.1,315.2,95475
2025-09-05 08:35:00,315.25,315.3,314.7,314.95,48787
2025-09-05 08:40:00,315.0,315.1,314.9,314.95,21478
2025-09-05 08:45:00,314.85,315.05,314.65,314.7,30161
2025-09-05 08:50:00,314.45,314.65,314.3,314.5,230970
2025-09-05 08:55:00,314.55,314.65,313.85,313.95,59405
2025-09-05 09:00:00,314.0,314.5,313.85,313.85,166734
2025-09-05 09:05:00,313.95,314.0,313.25,313.25,74935
2025-09-05 09:10:00,313.35,313.5,312.85,312.9,256605
2025-09-05 09:15:00,312.95,313.0,312.65,312.7,61925
2025-09-05 09:20:00,312.75,313.1,312.5,313.0,167612
2025-09-05 09:25:00,313.0,313.3,311.85,312.0,927778
2025-09-05 09:30:00,312.0,312.6,311.85,312.15,382663
2025-09-05 09:35:00,312.25,312.75,312.15,312.65,116166
2025-09-05 09:40:00,312.65,312.95,312.45,312.65,129773
2025-09-05 09:45:00,312.7,312.85,312.7,312.85,88416
2025-09-05 09:50:00,312.85,312.85,312.6,312.65,146638
2025-09-05 09:55:00,312.65,313.75,312.5,313.2,153683
2025-09-08 03:45:00,313.9,316.25,313.55,315.5,134085
2025-09-08 03:50:00,315.5,317.25,315.3,315.7,67677
2025-09-08 03:55:00,315.7,316.1,315.4,315.6,77881
2025-09-08 04:00:00,315.6,316.9,315.45,316.55,28441
2025-09-08 04:05:00,316.6,316.6,316.2,316.35,12834
2025-09-08 04:10:00,316.45,316.5,316.1,316.5,20800
2025-09-08 04:15:00,316.5,316.8,316.1,316.6,20831
2025-09-08 04:20:00,316.55,316.8,316.15,316.3,19010
2025-09-08 04:25:00,316.3,316.35,315.8,315.95,15913
2025-09-08 04:30:00,316.0,316.3,315.85,315.95,9305
2025-09-08 04:35:00,316.1,316.7,316.0,316.6,9275
2025-09-08 04:40:00,316.6,316.85,316.4,316.4,13011
2025-09-08 04:45:00,316.55,316.55,316.2,316.4,10098
2025-09-08 04:50:00,316.5,316.5,316.0,316.0,10780
2025-09-08 04:55:00,316.15,316.4,316.0,316.15,9269
2025-09-08 05:00:00,316.15,316.2,315.65,315.85,9067
2025-09-08 05:05:00,315.85,316.0,315.6,315.7,13106
2025-09-08 05:10:00,315.7,315.9,315.45,315.6,31099
2025-09-08 05:15:00,315.55,315.75,315.1,315.1,14627
2025-09-08 05:20:00,315.25,315.25,314.8,314.95,30392
2025-09-08 05:25:00,314.8,314.85,314.4,314.4,26016
2025-09-08 05:30:00,314.4,314.65,314.3,314.5,23996
2025-09-08 05:35:00,314.6,315.15,314.5,315.0,18204
2025-09-08 05:40:00,315.0,315.1,314.65,314.8,14862
2025-09-08 05:45:00,314.85,315.35,314.8,315.1,14181
2025-09-08 05:50:00,315.1,315.3,314.75,314.8,8578
2025-09-08 05:55:00,314.8,314.95,314.6,314.8,28659
2025-09-08 06:00:00,314.6,314.85,314.6,314.7,11979
2025-09-08 06:05:00,314.75,314.9,314.65,314.65,5312
2025-09-08 06:10:00,314.8,314.9,314.6,314.65,7094
2025-09-08 06:15:00,314.8,314.85,314.55,314.6,6314
2025-09-08 06:20:00,314.7,314.75,314.35,314.4,12334
2025-09-08 06:25:00,314.4,314.55,314.2,314.2,15117
2025-09-08 06:30:00,314.3,314.9,314.2,314.75,15936
2025-09-08 06:35:00,314.95,315.0,314.65,315.0,12314
2025-09-08 06:40:00,315.0,316.15,314.95,315.9,35654
2025-09-08 06:45:00,316.05,316.1,315.7,315.7,19853
2025-09-08 06:50:00,315.85,316.25,315.7,316.05,28678
2025-09-08 06:55:00,316.15,316.4,316.1,316.4,22753
2025-09-08 07:00:00,316.35,316.4,316.1,316.15,20468
2025-09-08 07:05:00,316.15,317.0,316.15,316.95,57589
2025-09-08 07:10:00,317.0,317.9,316.9,317.65,180252
2025-09-08 07:15:00,317.65,318.0,317.55,317.7,36287
2025-09-08 07:20:00,317.8,317.85,317.55,317.85,29505
2025-09-08 07:25:00,317.85,318.0,317.55,317.8,26880
2025-09-08 07:30:00,317.7,317.9,317.55,317.65,22458
2025-09-08 07:35:00,317.7,317.9,317.55,317.8,23886
2025-09-08 07:40:00,317.8,317.9,317.75,317.8,22857
2025-09-08 07:45:00,317.9,318.15,317.75,318.05,24814
2025-09-08 07:50:00,318.0,318.1,317.7,317.9,21908
2025-09-08 07:55:00,318.0,318.15,317.85,317.9,26488
2025-09-08 08:00:00,318.15,318.15,317.9,318.05,33481
2025-09-08 08:05:00,318.05,318.15,317.8,317.95,26033
2025-09-08 08:10:00,317.95,318.0,317.7,317.9,25291
2025-09-08 08:15:00,318.0,318.05,317.6,317.65,23498
2025-09-08 08:20:00,317.75,317.8,317.3,317.35,29559
2025-09-08 08:25:00,317.5,317.8,317.35,317.55,21552
2025-09-08 08:30:00,317.65,317.65,316.1,316.5,68173
2025-09-08 08:35:00,316.65,316.7,316.35,316.55,13249
2025-09-08 08:40:00,316.7,316.7,316.5,316.6,7724
2025-09-08 08:45:00,316.6,317.1,316.6,317.1,5388
2025-09-08 08:50:00,317.05,317.15,316.8,316.95,6392
2025-09-08 08:55:00,316.95,317.2,316.8,316.85,10098
2025-09-08 09:00:00,316.9,317.25,316.85,317.2,5312
2025-09-08 09:05:00,317.25,317.5,317.0,317.1,7281
2025-09-08 09:10:00,317.1,317.25,316.9,317.0,7581
2025-09-08 09:15:00,317.05,317.05,316.05,316.1,18641
2025-09-08 09:20:00,316.1,316.35,315.95,316.1,18082
2025-09-08 09:25:00,316.1,316.45,316.1,316.35,12334
2025-09-08 09:30:00,316.35,316.75,316.15,316.65,34404
2025-09-08 09:35:00,316.65,316.85,316.3,316.5,35697
2025-09-08 09:40:00,316.6,316.7,316.3,316.45,45298
2025-09-08 09:45:00,316.3,316.55,316.25,316.45,50339
2025-09-08 09:50:00,316.45,316.45,316.25,316.3,55828
2025-09-08 09:55:00,316.25,316.6,316.1,316.6,62334
2025-09-09 03:45:00,317.8,317.8,315.6,315.9,109452
2025-09-09 03:50:00,315.95,317.4,315.85,316.75,77203
2025-09-09 03:55:00,316.65,316.8,315.9,316.5,63105
2025-09-09 04:00:00,316.45,316.65,316.0,316.45,82160
2025-09-09 04:05:00,316.45,316.7,316.3,316.6,36327
2025-09-09 04:10:00,316.6,317.5,316.55,317.5,71159
2025-09-09 04:15:00,317.5,317.9,317.3,317.7,30720
2025-09-09 04:20:00,317.7,319.55,317.6,319.35,144145
2025-09-09 04:25:00,319.45,319.6,319.05,319.45,86967
2025-09-09 04:30:00,319.45,319.6,319.0,319.5,43283
2025-09-09 04:35:00,319.5,320.15,319.35,319.75,129647
2025-09-09 04:40:00,319.9,319.95,318.85,318.85,62063
2025-09-09 04:45:00,318.95,318.95,318.05,318.1,50619
2025-09-09 04:50:00,318.2,318.55,317.9,318.4,23694
2025-09-09 04:55:00,318.5,318.5,318.15,318.35,34393
2025-09-09 05:00:00,318.45,318.45,318.15,318.4,13428
2025-09-09 05:05:00,318.25,318.45,318.0,318.2,216108
2025-09-09 05:10:00,318.3,318.45,318.1,318.4,13352
2025-09-09 05:15:00,318.4,318.4,318.0,318.1,15419
2025-09-09 05:20:00,318.2,318.6,318.15,318.3,19593
2025-09-09 05:25:00,318.3,318.4,318.2,318.4,8599
2025-09-09 05:30:00,318.3,318.7,317.35,317.85,73383
2025-09-09 05:35:00,317.9,317.9,317.55,317.55,25988
2025-09-09 05:40:00,317.7,318.0,317.25,317.75,43432
2025-09-09 05:45:00,317.75,317.8,317.5,317.8,10452
2025-09-09 05:50:00,317.8,318.0,317.7,317.7,23753
2025-09-09 05:55:00,317.85,317.85,317.0,317.1,25366
2025-09-09 06:00:00,317.15,317.6,317.1,317.35,13817
2025-09-09 06:05:00,317.45,317.8,316.55,316.75,112581
2025-09-09 06:10:00,316.8,317.6,316.7,317.25,188308
2025-09-09 06:15:00,317.3,317.35,317.0,317.0,12510
2025-09-09 06:20:00,317.05,317.2,316.95,317.0,9991
2025-09-09 06:25:00,317.1,317.15,316.75,317.05,84702
2025-09-09 06:30:00,317.15,317.15,316.5,316.6,30614
2025-09-09 06:35:00,316.65,316.95,316.55,316.7,25373
2025-09-09 06:40:00,316.7,317.0,316.55,317.0,14908
2025-09-09 06:45:00,317.0,317.15,316.75,317.05,10656
2025-09-09 06:50:00,317.0,317.15,316.95,317.15,7993
2025-09-09 06:55:00,317.15,317.2,317.0,317.15,6712
2025-09-09 07:00:00,317.05,317.15,317.05,317.05,7478
2025-09-09 07:05:00,317.15,317.15,317.05,317.15,4204
2025-09-09 07:10:00,317.15,317.15,316.95,317.0,14286
2025-09-09 07:15:00,317.0,317.5,316.9,317.0,314044
2025-09-09 07:20:00,317.0,317.0,316.3,316.35,12494
2025-09-09 07:25:00,316.35,316.5,316.15,316.25,17127
2025-09-09 07:30:00,316.35,316.45,314.75,315.55,372817
2025-09-09 07:35:00,315.6,315.7,314.7,314.8,323751
2025-09-09 07:40:00,314.85,315.3,314.5,315.3,81992
2025-09-09 07:45:00,315.3,315.35,315.05,315.15,39046
2025-09-09 07:50:00,315.15,315.2,314.65,314.75,15682
2025-09-09 07:55:00,314.75,315.0,314.7,314.9,17507
2025-09-09 08:00:00,314.8,315.15,314.8,315.1,17892
2025-09-09 08:05:00,315.1,315.15,313.75,314.35,338270
2025-09-09 08:10:00,314.3,314.35,314.05,314.25,45451
2025-09-09 08:15:00,314.25,314.35,314.05,314.35,20009
2025-09-09 08:20:00,314.35,314.5,314.25,314.4,17683
2025-09-09 08:25:00,314.4,314.5,314.3,314.45,21653
2025-09-09 08:30:00,314.45,315.0,314.3,314.95,45717
2025-09-09 08:35:00,315.0,315.0,314.8,315.0,55201
2025-09-09 08:40:00,314.9,315.0,314.9,314.95,88243
2025-09-09 08:45:00,314.95,315.0,314.75,314.75,38819
2025-09-09 08:50:00,314.75,314.95,314.75,314.95,40405
2025-09-09 08:55:00,314.95,315.4,314.8,315.15,240194
2025-09-09 09:00:00,315.15,315.25,314.9,315.0,48665
2025-09-09 09:05:00,315.0,315.0,314.85,315.0,50084
2025-09-09 09:10:00,315.0,315.0,314.85,314.95,47922
2025-09-09 09:15:00,314.9,315.05,314.7,314.95,157259
2025-09-09 09:20:00,315.0,315.0,314.6,314.75,50888
2025-09-09 09:25:00,314.85,314.95,314.55,314.7,47324
2025-09-09 09:30:00,314.65,315.0,313.75,313.95,474986
2025-09-09 09:35:00,314.0,314.0,313.55,313.75,160628
2025-09-09 09:40:00,313.65,313.85,313.55,313.8,225033
2025-09-09 09:45:00,313.85,313.95,313.75,313.95,268156
2025-09-09 09:50:00,313.95,314.2,313.85,314.1,387813
2025-09-09 09:55:00,313.95,314.95,313.7,314.95,314382
2025-09-10 03:45:00,315.5,316.75,315.05,316.4,152555
2025-09-10 03:50:00,316.4,316.5,316.25,316.5,74392
2025-09-10 03:55:00,316.5,316.5,316.1,316.2,92869
2025-09-10 04:00:00,316.2,316.3,316.1,316.2,44468
2025-09-10 04:05:00,316.2,316.25,316.1,316.15,40287
2025-09-10 04:10:00,316.15,317.55,316.15,317.55,71700
2025-09-10 04:15:00,317.55,317.95,317.4,317.9,58763
2025-09-10 04:20:00,317.95,318.0,316.85,316.9,78612
2025-09-10 04:25:00,316.95,317.1,316.8,316.95,24242
2025-09-10 04:30:00,316.95,317.05,316.7,317.05,22529
2025-09-10 04:35:00,317.05,317.25,316.85,317.0,30652
2025-09-10 04:40:00,317.0,317.65,316.95,317.55,44889
2025-09-10 04:45:00,317.5,317.85,317.5,317.65,45106
2025-09-10 04:50:00,317.7,317.75,317.5,317.5,25009
2025-09-10 04:55:00,317.6,317.8,317.5,317.8,19272
2025-09-10 05:00:00,317.8,317.8,316.55,316.85,94124
2025-09-10 05:05:00,316.85,316.9,316.4,316.45,45097
2025-09-10 05:10:00,316.45,316.45,315.95,316.05,100567
2025-09-10 05:15:00,316.05,316.1,315.35,315.55,194802
2025-09-10 05:20:00,315.6,315.85,314.75,314.95,428976
2025-09-10 05:25:00,315.0,315.05,314.85,315.0,93618
2025-09-10 05:30:00,315.0,315.7,314.95,315.7,64750
2025-09-10 05:35:00,315.7,316.3,315.65,315.75,61367
2025-09-10 05:40:00,315.75,315.8,315.25,315.7,65937
2025-09-10 05:45:00,315.45,315.65,315.25,315.3,77390
2025-09-10 05:50:00,315.3,315.4,314.85,315.4,153710
2025-09-10 05:55:00,315.45,315.8,315.3,315.75,25547
2025-09-10 06:00:00,315.75,316.1,315.6,315.7,30207
2025-09-10 06:05:00,315.7,315.7,315.05,315.15,43123
2025-09-10 06:10:00,315.1,315.65,315.1,315.6,24951
2025-09-10 06:15:00,315.65,315.9,315.4,315.75,19048
2025-09-10 06:20:00,315.75,316.0,315.55,316.0,20029
2025-09-10 06:25:00,316.0,316.2,315.95,316.1,19734
2025-09-10 06:30:00,316.2,316.2,315.75,315.8,22829
2025-09-10 06:35:00,315.85,316.35,315.85,316.0,52077
2025-09-10 06:40:00,316.0,316.25,315.9,316.0,120939
2025-09-10 06:45:00,316.0,316.0,315.9,316.0,15251
2025-09-10 06:50:00,316.0,316.0,315.8,315.8,26373
2025-09-10 06:55:00,315.8,316.2,315.7,316.2,113715
2025-09-10 07:00:00,316.2,316.45,316.1,316.2,28555
2025-09-10 07:05:00,316.1,316.3,315.85,315.85,25947
2025-09-10 07:10:00,315.85,315.95,315.65,315.8,17327
2025-09-10 07:15:00,315.7,315.85,315.05,315.05,140789
2025-09-10 07:20:00,315.05,315.3,315.05,315.15,52531
2025-09-10 07:25:00,315.15,315.25,315.1,315.1,54950
2025-09-10 07:30:00,315.15,315.45,315.0,315.45,67884
2025-09-10 07:35:00,315.45,315.7,315.4,315.5,16579
2025-09-10 07:40:00,315.65,315.85,315.45,315.55,29271
2025-09-10 07:45:00,315.6,315.6,315.15,315.35,29957
2025-09-10 07:50:00,315.3,315.75,315.0,315.75,220666
2025-09-10 07:55:00,315.75,316.2,315.6,316.15,105062
2025-09-10 08:00:00,316.15,316.25,316.1,316.25,98158
2025-09-10 08:05:00,316.25,316.6,316.2,316.5,33582
2025-09-10 08:10:00,316.45,316.6,316.4,316.6,25455
2025-09-10 08:15:00,316.55,316.7,316.35,316.55,54323
2025-09-10 08:20:00,316.5,316.65,316.4,316.65,15643
2025-09-10 08:25:00,316.55,316.65,316.5,316.6,22680
2025-09-10 08:30:00,316.6,316.65,316.4,316.45,25490
2025-09-10 08:35:00,316.45,316.75,316.45,316.75,42517
2025-09-10 08:40:00,316.75,317.1,316.7,317.05,91844
2025-09-10 08:45:00,317.05,317.15,316.55,317.05,92877
2025-09-10 08:50:00,317.05,317.5,317.0,317.4,37036
2025-09-10 08:55:00,317.45,317.6,317.4,317.55,44493
2025-09-10 09:00:00,317.5,317.55,317.5,317.55,24239
2025-09-10 09:05:00,317.55,317.9,317.5,317.85,49873
2025-09-10 09:10:00,317.85,318.15,317.5,317.55,160264
2025-09-10 09:15:00,317.6,317.6,317.5,317.6,11423
2025-09-10 09:20:00,317.55,318.1,317.5,318.0,46825
2025-09-10 09:25:00,317.9,317.95,317.45,317.6,126513
2025-09-10 09:30:00,317.7,318.05,317.65,317.65,100165
2025-09-10 09:35:00,317.7,317.75,317.6,317.65,76316
2025-09-10 09:40:00,317.7,317.95,317.6,317.95,89978
2025-09-10 09:45:00,317.95,318.15,317.9,318.15,134109
2025-09-10 09:50:00,318.15,318.25,318.05,318.1,156268
2025-09-10 09:55:00,318.05,318.25,317.5,317.7,124681
2025-09-11 03:45:00,318.2,321.0,317.5,320.75,230015
2025-09-11 03:50:00,320.75,321.25,320.35,321.25,195019
2025-09-11 03:55:00,321.25,322.0,321.15,321.95,128921
2025-09-11 04:00:00,321.95,322.2,320.7,321.2,101093
2025-09-11 04:05:00,321.1,321.7,320.7,321.6,48566
2025-09-11 04:10:00,321.7,323.0,321.5,322.95,175938
2025-09-11 04:15:00,322.95,323.2,322.1,322.65,191022
2025-09-11 04:20:00,322.65,322.95,322.5,322.5,75751
2025-09-11 04:25:00,322.6,322.6,321.85,322.5,85983
2025-09-11 04:30:00,322.55,322.75,322.05,322.6,129753
2025-09-11 04:35:00,322.6,322.9,322.5,322.5,50188
2025-09-11 04:40:00,322.6,322.9,322.4,322.85,135245
2025-09-11 04:45:00,322.9,323.7,322.9,323.45,160898
2025-09-11 04:50:00,323.4,323.8,323.4,323.45,119498
2025-09-11 04:55:00,323.45,323.5,323.4,323.4,31484
2025-09-11 05:00:00,323.45,324.25,323.35,323.9,184922
2025-09-11 05:05:00,323.9,325.05,323.85,324.9,236341
2025-09-11 05:10:00,325.0,325.1,324.45,324.45,65447
2025-09-11 05:15:00,324.5,326.3,324.45,326.25,232913
2025-09-11 05:20:00,326.25,326.6,325.55,325.55,161456
2025-09-11 05:25:00,325.6,325.9,325.35,325.7,61767
2025-09-11 05:30:00,325.85,326.0,325.05,325.2,91766
2025-09-11 05:35:00,325.15,325.55,325.0,325.1,70504
2025-09-11 05:40:00,325.1,325.1,324.5,324.6,59627
2025-09-11 05:45:00,324.65,324.8,324.4,324.5,29430
2025-09-11 05:50:00,324.45,324.7,324.3,324.35,34919
2025-09-11 05:55:00,324.4,325.2,324.35,324.8,50095
2025-09-11 06:00:00,324.95,325.05,324.5,324.7,25889
2025-09-11 06:05:00,324.7,324.7,324.0,324.35,54791
2025-09-11 06:10:00,324.35,324.35,322.25,322.3,563542
2025-09-11 06:15:00,322.45,322.85,322.3,322.75,45673
2025-09-11 06:20:00,322.8,322.95,322.45,322.65,44192
2025-09-11 06:25:00,322.65,323.0,322.55,322.9,23012
2025-09-11 06:30:00,322.9,323.0,322.85,322.95,22836
2025-09-11 06:35:00,322.95,323.0,322.85,322.95,19280
2025-09-11 06:40:00,322.95,323.0,322.5,322.6,22582
2025-09-11 06:45:00,322.6,322.9,322.55,322.8,17015
2025-09-11 06:50:00,322.8,322.9,321.9,322.3,238105
2025-09-11 06:55:00,322.35,322.55,322.3,322.4,21163
2025-09-11 07:00:00,322.5,322.5,322.35,322.35,14056
2025-09-11 07:05:00,322.4,322.4,321.9,322.2,37822
2025-09-11 07:10:00,322.2,322.25,321.9,321.9,16069
2025-09-11 07:15:00,322.0,322.05,321.6,321.9,20246
2025-09-11 07:20:00,321.9,322.2,321.8,322.1,16433
2025-09-11 07:25:00,322.2,322.2,321.9,321.9,46957
2025-09-11 07:30:00,322.0,322.0,321.9,321.95,19786
2025-09-11 07:35:00,322.0,322.2,321.85,322.1,184471
2025-09-11 07:40:00,322.15,322.15,321.9,322.15,51301
2025-09-11 07:45:00,322.2,322.2,322.05,322.15,56166
2025-09-11 07:50:00,322.15,322.55,322.0,322.0,122039
2025-09-11 07:55:00,322.1,322.1,321.55,321.65,63103
2025-09-11 08:00:00,321.7,321.8,321.25,321.5,59569
2025-09-11 08:05:00,321.5,321.5,321.15,321.35,26722
2025-09-11 08:10:00,321.35,321.35,321.2,321.2,19176
2025-09-11 08:15:00,321.2,321.3,321.05,321.1,24763
2025-09-11 08:20:00,321.15,321.3,320.75,320.8,35953
2025-09-11 08:25:00,320.9,320.9,320.5,320.65,50007
2025-09-11 08:30:00,320.7,320.7,319.0,320.1,596024
2025-09-11 08:35:00,320.1,320.25,319.65,319.7,179399
2025-09-11 08:40:00,319.65,319.65,319.25,319.65,34046
2025-09-11 08:45:00,319.6,319.8,319.3,319.5,66636
2025-09-11 08:50:00,319.55,319.95,319.55,319.9,26265
2025-09-11 08:55:00,319.95,320.0,319.8,319.9,20474
2025-09-11 09:00:00,319.95,319.95,319.5,319.65,21741
2025-09-11 09:05:00,319.85,320.4,319.65,320.3,129690
2025-09-11 09:10:00,320.45,320.5,320.2,320.4,34752
2025-09-11 09:15:00,320.4,320.65,320.15,320.3,122639
2025-09-11 09:20:00,320.4,320.5,320.2,320.2,56062
2025-09-11 09:25:00,320.3,320.3,320.15,320.2,14296
2025-09-11 09:30:00,320.2,320.25,320.0,320.15,85035
2025-09-11 09:35:00,320.15,320.15,319.95,320.05,86888
2025-09-11 09:40:00,320.05,320.75,320.0,320.7,103805
2025-09-11 09:45:00,320.7,320.7,319.85,320.05,286960
2025-09-11 09:50:00,320.05,320.05,319.7,319.8,314656
2025-09-11 09:55:00,319.75,320.7,319.65,320.0,248543
2025-09-12 03:45:00,321.05,323.2,320.45,321.4,166961
2025-09-12 03:50:00,321.45,321.6,320.6,320.65,73081
2025-09-12 03:55:00,320.55,320.65,320.1,320.3,69182
2025-09-12 04:00:00,320.1,320.3,319.9,320.2,33839
2025-09-12 04:05:00,320.2,320.6,320.05,320.55,19175
2025-09-12 04:10:00,320.6,321.0,320.35,321.0,27941
2025-09-12 04:15:00,320.95,321.5,320.95,321.3,36407
2025-09-12 04:20:00,321.35,321.35,321.0,321.1,11577
2025-09-12 04:25:00,321.1,321.2,320.4,320.4,25146
2025-09-12 04:30:00,320.5,321.0,320.4,320.95,8719
2025-09-12 04:35:00,320.95,321.0,320.8,321.0,9653
2025-09-12 04:40:00,321.0,321.0,320.45,320.65,10279
2025-09-12 04:45:00,320.65,320.8,320.05,320.4,17814
2025-09-12 04:50:00,320.25,320.6,320.25,320.55,10157
2025-09-12 04:55:00,320.55,320.55,320.3,320.4,8403
2025-09-12 05:00:00,320.4,320.4,320.1,320.2,16402
2025-09-12 05:05:00,320.2,320.25,320.0,320.25,9767
2025-09-12 05:10:00,320.15,320.35,320.15,320.3,16394
2025-09-12 05:15:00,320.3,321.75,320.0,321.35,53279
2025-09-12 05:20:00,321.45,321.85,321.05,321.8,81867
2025-09-12 05:25:00,321.8,321.8,321.45,321.5,12378
2025-09-12 05:30:00,321.45,321.5,321.1,321.3,12517
2025-09-12 05:35:00,321.25,321.8,321.15,321.7,30057
2025-09-12 05:40:00,321.7,321.7,321.35,321.6,14153
2025-09-12 05:45:00,321.6,321.65,321.3,321.55,21203
2025-09-12 05:50:00,321.55,321.75,321.45,321.75,17001
2025-09-12 05:55:00,321.75,321.75,321.5,321.7,11306
2025-09-12 06:00:00,321.7,321.7,321.3,321.4,15551
2025-09-12 06:05:00,321.3,321.4,319.4,319.75,316020
2025-09-12 06:10:00,319.75,320.0,319.65,319.7,18365
2025-09-12 06:15:00,319.7,319.8,318.85,319.0,51508
2025-09-12 06:20:00,318.85,319.0,318.5,318.7,39821
2025-09-12 06:25:00,318.6,318.95,318.55,318.8,36183
2025-09-12 06:30:00,318.75,318.85,318.5,318.65,19187
2025-09-12 06:35:00,318.6,319.0,318.55,318.85,29737
2025-09-12 06:40:00,318.85,319.2,318.8,318.8,39806
2025-09-12 06:45:00,318.8,319.45,318.8,319.0,42636
2025-09-12 06:50:00,318.95,319.35,318.95,319.25,33851
2025-09-12 06:55:00,319.3,319.4,318.9,319.0,56616
2025-09-12 07:00:00,318.95,319.1,318.8,318.85,127841
2025-09-12 07:05:00,318.85,319.0,318.85,318.9,21235
2025-09-12 07:10:00,318.85,319.05,318.85,319.05,51916
2025-09-12 07:15:00,319.05,319.65,319.0,319.5,173309
2025-09-12 07:20:00,319.45,319.5,318.7,318.75,73049
2025-09-12 07:25:00,318.8,319.15,318.6,318.6,148102
2025-09-12 07:30:00,318.6,318.7,318.35,318.5,24300
2025-09-12 07:35:00,318.5,318.55,318.4,318.45,13082
2025-09-12 07:40:00,318.45,318.95,318.45,318.85,24291
2025-09-12 07:45:00,318.85,319.0,318.85,318.95,36750
2025-09-12 07:50:00,319.0,319.75,318.95,319.3,241566
2025-09-12 07:55:00,319.4,319.55,319.35,319.4,13180
2025-09-12 08:00:00,319.45,319.45,319.35,319.45,7825
2025-09-12 08:05:00,319.35,319.45,318.85,319.0,33205
2025-09-12 08:10:00,318.9,319.05,318.75,318.75,20981
2025-09-12 08:15:00,318.8,319.3,318.7,318.9,125756
2025-09-12 08:20:00,318.7,319.0,318.7,318.9,13496
2025-09-12 08:25:00,318.9,319.0,318.9,319.0,13220
2025-09-12 08:30:00,318.95,319.05,318.95,318.95,66977
2025-09-12 08:35:00,319.0,319.35,318.95,319.0,140247
2025-09-12 08:40:00,318.95,319.15,318.95,319.15,27389
2025-09-12 08:45:00,319.05,319.25,319.05,319.2,14191
2025-09-12 08:50:00,319.1,319.2,318.95,319.05,16382
2025-09-12 08:55:00,319.05,319.1,318.8,318.95,22671
2025-09-12 09:00:00,318.95,318.95,317.75,318.0,390989
2025-09-12 09:05:00,318.0,318.0,317.05,317.6,202378
2025-09-12 09:10:00,317.6,317.85,317.55,317.8,17404
2025-09-12 09:15:00,317.8,318.0,317.4,317.85,109540
2025-09-12 09:20:00,317.75,318.0,317.75,317.9,133887
2025-09-12 09:25:00,317.9,318.0,317.8,318.0,33391
2025-09-12 09:30:00,318.0,318.15,317.75,317.8,298966
2025-09-12 09:35:00,317.75,317.95,317.65,317.9,64789
2025-09-12 09:40:00,317.85,318.15,317.85,318.1,100955
2025-09-12 09:45:00,318.15,318.15,317.95,318.0,102085
2025-09-12 09:50:00,318.05,318.1,317.8,318.0,126811
2025-09-12 09:55:00,317.95,318.15,317.9,318.15,149717
2025-09-15 03:45:00,318.3,320.4,318.3,319.4,87300
2025-09-15 03:50:00,319.15,320.0,319.15,319.7,50061
2025-09-15 03:55:00,319.7,320.15,319.7,320.0,36041
2025-09-15 04:00:00,320.0,320.1,319.6,319.7,57144
2025-09-15 04:05:00,319.65,319.85,319.5,319.75,25753
2025-09-15 04:10:00,319.8,319.9,319.7,319.75,14816
2025-09-15 04:15:00,319.7,320.45,319.65,320.4,47979
2025-09-15 04:20:00,320.35,320.5,320.15,320.4,22322
2025-09-15 04:25:00,320.45,320.7,319.25,319.65,100552
2025-09-15 04:30:00,319.7,319.7,319.05,319.05,54638
2025-09-15 04:35:00,319.05,319.2,318.55,318.65,41594
2025-09-15 04:40:00,318.65,318.85,318.5,318.8,24129
2025-09-15 04:45:00,318.8,318.85,318.55,318.6,11334
2025-09-15 04:50:00,318.55,318.75,318.55,318.7,13399
2025-09-15 04:55:00,318.65,318.9,318.5,318.65,24609
2025-09-15 05:00:00,318.7,318.85,318.5,318.55,18569
2025-09-15 05:05:00,318.55,318.75,318.5,318.7,15276
2025-09-15 05:10:00,318.7,318.95,318.6,318.6,15552
2025-09-15 05:15:00,318.6,319.0,318.55,318.55,19763
2025-09-15 05:20:00,318.55,318.95,318.55,318.75,13786
2025-09-15 05:25:00,318.75,318.9,318.75,318.75,10327
2025-09-15 05:30:00,318.8,319.0,318.75,318.8,18075
2025-09-15 05:35:00,318.8,318.9,318.8,318.8,14223
2025-09-15 05:40:00,318.9,319.0,317.7,317.85,89657
2025-09-15 05:45:00,317.95,318.0,317.85,317.85,16976
2025-09-15 05:50:00,317.9,318.2,317.85,318.15,17072
2025-09-15 05:55:00,318.2,318.5,318.15,318.45,16068
2025-09-15 06:00:00,318.5,318.5,318.2,318.25,23340
2025-09-15 06:05:00,318.25,318.4,318.2,318.25,7427
2025-09-15 06:10:00,318.35,318.35,317.35,317.6,119580
2025-09-15 06:15:00,317.75,317.95,317.6,317.8,13717
2025-09-15 06:20:00,317.9,318.0,317.8,317.9,7857
2025-09-15 06:25:00,318.0,318.0,317.85,317.9,8340
2025-09-15 06:30:00,317.95,318.0,317.7,317.7,24468
2025-09-15 06:35:00,317.75,317.9,317.4,317.45,23998
2025-09-15 06:40:00,317.6,317.7,317.45,317.45,8669
2025-09-15 06:45:00,317.6,317.6,317.4,317.45,16866
2025-09-15 06:50:00,317.45,317.8,317.45,317.65,9549
2025-09-15 06:55:00,317.65,317.85,317.65,317.75,12735
2025-09-15 07:00:00,317.9,317.95,317.7,317.85,14783
2025-09-15 07:05:00,317.75,317.9,317.7,317.8,13587
2025-09-15 07:10:00,317.85,317.9,317.65,317.75,18465
2025-09-15 07:15:00,317.8,317.8,317.65,317.7,12871
2025-09-15 07:20:00,317.65,317.7,317.65,317.65,7408
2025-09-15 07:25:00,317.7,317.95,317.65,317.95,11250
2025-09-15 07:30:00,317.85,317.95,317.85,317.9,8725
2025-09-15 07:35:00,317.9,318.0,317.9,317.95,11599
2025-09-15 07:40:00,317.95,318.0,317.95,317.95,16104
2025-09-15 07:45:00,317.95,318.0,317.9,317.9,16468
2025-09-15 07:50:00,317.95,318.0,317.4,317.8,71904
2025-09-15 07:55:00,317.95,318.55,317.8,317.95,119324
2025-09-15 08:00:00,318.0,318.0,316.95,317.1,348835
2025-09-15 08:05:00,317.15,317.15,317.05,317.1,16971
2025-09-15 08:10:00,317.05,317.15,316.5,316.55,29478
2025-09-15 08:15:00,316.65,316.95,316.55,316.8,13181
2025-09-15 08:20:00,316.8,316.9,316.7,316.8,10122
2025-09-15 08:25:00,316.85,317.0,316.8,316.85,11204
2025-09-15 08:30:00,317.0,317.0,315.9,316.0,282756
2025-09-15 08:35:00,315.95,316.0,315.7,315.95,29385
2025-09-15 08:40:00,316.0,316.0,315.8,315.85,15957
2025-09-15 08:45:00,315.9,315.95,315.75,315.85,13290
2025-09-15 08:50:00,315.9,316.0,315.85,315.95,17972
2025-09-15 08:55:00,316.0,316.0,315.95,316.0,27286
2025-09-15 09:00:00,316.0,316.0,315.95,315.95,44897
2025-09-15 09:05:00,316.0,316.75,315.95,316.6,150861
2025-09-15 09:10:00,316.65,317.15,316.6,317.1,36073
2025-09-15 09:15:00,317.15,317.2,316.25,316.85,370063
2025-09-15 09:20:00,316.85,317.05,316.8,316.95,53975
2025-09-15 09:25:00,317.0,317.45,316.3,317.25,683249
2025-09-15 09:30:00,317.2,317.6,317.0,317.35,205301
2025-09-15 09:35:00,317.35,317.8,317.3,317.6,61387
2025-09-15 09:40:00,317.6,317.95,317.05,317.9,311109
2025-09-15 09:45:00,317.85,318.2,317.85,318.2,135697
2025-09-15 09:50:00,318.2,318.65,318.15,318.6,137253
2025-09-15 09:55:00,318.6,318.95,318.6,318.85,171196
2025-09-16 03:45:00,319.35,320.3,318.25,319.6,152373
2025-09-16 03:50:00,319.6,320.0,319.45,319.75,54881
2025-09-16 03:55:00,319.75,319.8,319.55,319.65,24622
2025-09-16 04:00:00,319.9,320.4,319.65,320.4,55328
2025-09-16 04:05:00,320.25,320.3,319.8,319.95,25112
2025-09-16 04:10:00,319.95,319.95,319.2,319.2,20672
2025-09-16 04:15:00,319.2,319.5,319.2,319.5,12827
2025-09-16 04:20:00,319.5,319.5,319.3,319.35,11376
2025-09-16 04:25:00,319.3,319.4,319.0,319.1,16819
2025-09-16 04:30:00,319.1,320.15,319.05,320.05,39211
2025-09-16 04:35:00,320.1,320.15,320.0,320.05,14741
2025-09-16 04:40:00,320.05,320.75,319.9,320.7,64747
2025-09-16 04:45:00,320.6,320.95,320.3,320.95,65606
2025-09-16 04:50:00,320.9,320.95,320.05,320.15,26010
2025-09-16 04:55:00,320.15,320.15,320.0,320.1,12515
2025-09-16 05:00:00,320.1,320.1,319.9,320.0,25725
2025-09-16 05:05:00,320.05,320.1,320.0,320.1,6321
2025-09-16 05:10:00,320.1,320.85,320.1,320.8,30020
2025-09-16 05:15:00,320.85,321.1,320.2,320.3,49751
2025-09-16 05:20:00,320.3,320.35,319.95,320.1,29677
2025-09-16 05:25:00,320.1,320.5,320.0,320.45,10606
2025-09-16 05:30:00,320.35,320.75,319.65,319.75,310875
2025-09-16 05:35:00,319.75,319.75,319.35,319.4,16293
2025-09-16 05:40:00,319.35,319.4,318.85,319.1,32794
2025-09-16 05:45:00,319.1,319.15,318.8,319.05,34343
2025-09-16 05:50:00,319.05,319.25,318.9,319.05,44614
2025-09-16 05:55:00,319.05,319.05,318.95,318.95,14408
2025-09-16 06:00:00,319.0,319.05,318.85,319.0,15688
2025-09-16 06:05:00,318.9,319.0,317.7,317.95,272034
2025-09-16 06:10:00,317.95,318.0,317.6,318.0,46031
2025-09-16 06:15:00,318.0,318.0,317.75,317.85,56687
2025-09-16 06:20:00,317.7,317.9,317.1,317.35,87930
2025-09-16 06:25:00,317.35,317.7,316.8,316.95,175610
2025-09-16 06:30:00,316.95,317.2,316.5,317.1,166499
2025-09-16 06:35:00,317.1,317.1,316.7,317.0,78744
2025-09-16 06:40:00,317.0,317.45,316.95,317.45,34605
2025-09-16 06:45:00,317.45,318.1,317.4,318.0,127175
2025-09-16 06:50:00,317.85,317.85,317.3,317.3,76725
2025-09-16 06:55:00,317.35,317.4,317.25,317.35,25701
2025-09-16 07:00:00,317.35,318.0,317.35,317.9,97315
2025-09-16 07:05:00,317.9,317.95,317.4,317.7,59051
2025-09-16 07:10:00,317.7,317.7,317.35,317.5,31422
2025-09-16 07:15:00,317.5,317.5,317.45,317.5,18919
2025-09-16 07:20:00,317.5,317.55,317.45,317.55,17239
2025-09-16 07:25:00,317.55,317.95,317.3,317.95,293218
2025-09-16 07:30:00,317.95,318.45,317.85,318.15,34133
2025-09-16 07:35:00,318.2,318.25,318.05,318.2,13359
2025-09-16 07:40:00,318.2,318.2,317.85,318.15,21625
2025-09-16 07:45:00,318.15,318.2,317.9,317.9,12142
2025-09-16 07:50:00,318.0,318.05,317.85,317.85,16808
2025-09-16 07:55:00,317.85,318.1,317.85,317.95,19451
2025-09-16 08:00:00,317.95,318.15,317.9,318.05,15793
2025-09-16 08:05:00,318.05,318.1,318.0,318.0,18094
2025-09-16 08:10:00,318.0,318.2,318.0,318.05,27187
2025-09-16 08:15:00,318.05,318.15,317.7,317.8,34903
2025-09-16 08:20:00,317.8,318.2,317.8,318.05,27488
2025-09-16 08:25:00,318.05,318.1,317.45,317.7,162458
2025-09-16 08:30:00,317.7,317.95,317.7,317.8,19103
2025-09-16 08:35:00,317.85,317.9,317.6,317.6,18332
2025-09-16 08:40:00,317.6,317.75,317.35,317.7,20091
2025-09-16 08:45:00,317.7,317.8,317.7,317.7,25214
2025-09-16 08:50:00,317.7,318.0,317.4,317.5,362567
2025-09-16 08:55:00,317.5,317.85,317.2,317.4,277126
2025-09-16 09:00:00,317.4,317.7,317.35,317.6,114278
2025-09-16 09:05:00,317.65,317.8,317.25,317.45,64729
2025-09-16 09:10:00,317.45,317.6,317.35,317.45,15556
2025-09-16 09:15:00,317.45,317.55,317.45,317.5,11658
2025-09-16 09:20:00,317.5,317.65,317.1,317.65,107994
2025-09-16 09:25:00,317.65,317.7,317.5,317.6,61487
2025-09-16 09:30:00,317.7,318.5,317.7,318.2,158353
2025-09-16 09:35:00,318.25,318.25,318.0,318.1,110573
2025-09-16 09:40:00,318.15,318.45,318.05,318.4,127672
2025-09-16 09:45:00,318.4,318.4,318.2,318.25,181214
2025-09-16 09:50:00,318.25,318.4,318.05,318.35,242646
2025-09-16 09:55:00,318.35,318.95,318.25,318.55,176627
2025-09-17 03:45:00,319.85,321.0,319.25,320.85,228846
2025-09-17 03:50:00,320.85,322.4,320.85,321.4,339566
2025-09-17 03:55:00,321.3,321.8,321.3,321.5,94512
2025-09-17 04:00:00,321.45,321.75,321.3,321.75,61240
2025-09-17 04:05:00,321.8,322.75,321.7,322.45,90942
2025-09-17 04:10:00,322.45,322.5,321.85,321.85,51013
2025-09-17 04:15:00,321.9,322.0,320.85,321.0,50795
2025-09-17 04:20:00,321.0,321.3,320.95,321.25,51358
2025-09-17 04:25:00,321.25,321.7,320.9,321.5,41650
2025-09-17 04:30:00,321.55,321.9,321.4,321.9,32902
2025-09-17 04:35:00,321.9,322.4,321.85,322.4,40124
2025-09-17 04:40:00,322.4,323.3,322.4,323.1,232920
2025-09-17 04:45:00,323.15,323.65,323.1,323.55,79169
2025-09-17 04:50:00,323.5,323.6,323.4,323.6,49833
2025-09-17 04:55:00,323.75,324.75,323.75,324.3,221566
2025-09-17 05:00:00,324.2,324.4,323.2,323.4,62393
2025-09-17 05:05:00,323.6,323.95,323.4,323.7,50792
2025-09-17 05:10:00,323.7,323.7,323.2,323.5,39370
2025-09-17 05:15:00,323.4,323.6,323.35,323.6,25892
2025-09-17 05:20:00,323.55,324.15,323.5,324.1,37805
2025-09-17 05:25:00,324.1,324.1,323.95,324.1,24429
2025-09-17 05:30:00,324.1,324.1,323.6,323.75,29174
2025-09-17 05:35:00,323.8,323.8,323.5,323.65,31920
2025-09-17 05:40:00,323.7,324.1,323.6,323.8,25742
2025-09-17 05:45:00,323.8,323.85,322.8,322.95,32873
2025-09-17 05:50:00,322.8,322.95,322.65,322.8,24879
2025-09-17 05:55:00,322.85,322.9,322.3,322.65,35046
2025-09-17 06:00:00,322.7,323.0,322.55,322.75,25775
2025-09-17 06:05:00,322.85,323.3,322.8,323.25,27702
2025-09-17 06:10:00,323.2,323.5,323.1,323.3,25671
2025-09-17 06:15:00,323.3,323.45,323.1,323.3,20703
2025-09-17 06:20:00,323.25,323.4,323.1,323.3,19120
2025-09-17 06:25:00,323.2,323.45,323.2,323.25,21780
2025-09-17 06:30:00,323.3,323.35,322.8,322.9,22046
2025-09-17 06:35:00,323.0,323.0,321.35,321.85,185980
2025-09-17 06:40:00,321.85,321.9,321.45,321.75,52276
2025-09-17 06:45:00,321.75,321.8,321.35,321.45,33393
2025-09-17 06:50:00,321.5,321.85,321.4,321.6,53670
2025-09-17 06:55:00,321.6,322.0,321.55,321.75,158192
2025-09-17 07:00:00,321.9,322.0,321.65,321.85,94245
2025-09-17 07:05:00,321.7,321.9,321.6,321.85,42484
2025-09-17 07:10:00,321.95,322.5,321.95,322.4,134638
2025-09-17 07:15:00,322.4,322.7,322.3,322.65,20864
2025-09-17 07:20:00,322.65,322.85,322.35,322.85,17454
2025-09-17 07:25:00,322.9,323.0,322.85,323.0,27318
2025-09-17 07:30:00,322.95,323.25,322.95,323.05,20185
2025-09-17 07:35:00,323.15,323.2,321.8,321.95,160824
2025-09-17 07:40:00,321.9,322.0,321.65,322.0,59622
2025-09-17 07:45:00,321.9,322.55,321.7,321.95,88703
2025-09-17 07:50:00,321.85,322.0,321.85,321.95,70879
2025-09-17 07:55:00,321.95,322.0,321.85,322.0,36090
2025-09-17 08:00:00,322.0,322.45,322.0,322.4,22661
2025-09-17 08:05:00,322.45,322.45,321.65,321.9,67093
2025-09-17 08:10:00,321.95,322.0,321.75,321.95,22246
2025-09-17 08:15:00,322.0,322.65,321.95,322.0,386898
2025-09-17 08:20:00,322.2,322.8,322.15,322.65,230601
2025-09-17 08:25:00,322.55,322.65,321.85,322.0,121672
2025-09-17 08:30:00,321.95,322.0,321.8,321.9,32979
2025-09-17 08:35:00,321.9,321.9,321.6,321.9,48630
2025-09-17 08:40:00,321.9,322.0,321.6,321.75,50776
2025-09-17 08:45:00,321.75,321.9,321.35,321.5,125670
2025-09-17 08:50:00,321.45,322.5,321.45,322.5,132158
2025-09-17 08:55:00,322.45,322.55,321.85,322.0,69402
2025-09-17 09:00:00,322.0,322.0,321.85,322.0,65489
2025-09-17 09:05:00,322.0,322.5,321.95,322.45,121654
2025-09-17 09:10:00,322.3,322.45,322.2,322.25,105000
2025-09-17 09:15:00,322.25,322.75,322.0,322.75,178248
2025-09-17 09:20:00,322.75,323.3,322.7,323.25,130444
2025-09-17 09:25:00,323.2,323.75,323.2,323.55,122970
2025-09-17 09:30:00,323.55,324.05,323.55,324.05,287987
2025-09-17 09:35:00,324.05,324.2,324.0,324.15,112640
2025-09-17 09:40:00,323.95,324.15,323.8,324.05,163881
2025-09-17 09:45:00,324.0,324.3,324.0,324.3,137568
2025-09-17 09:50:00,324.25,324.25,323.6,323.9,258138
2025-09-17 09:55:00,323.85,323.85,322.5,323.4,534019
2025-09-18 03:45:00,324.9,325.3,322.7,322.85,138889
2025-09-18 03:50:00,322.75,323.55,322.35,323.55,94063
2025-09-18 03:55:00,323.7,324.35,323.55,323.95,124974
2025-09-18 04:00:00,323.95,324.7,323.9,324.7,90201
2025-09-18 04:05:00,324.65,325.0,324.45,324.6,67094
2025-09-18 04:10:00,324.65,324.85,324.55,324.75,47867
2025-09-18 04:15:00,324.9,325.2,324.4,324.6,82976
2025-09-18 04:20:00,324.6,324.6,324.0,324.2,42111
2025-09-18 04:25:00,324.25,324.4,323.9,324.35,31882
2025-09-18 04:30:00,324.35,324.4,323.25,323.65,57868
2025-09-18 04:35:00,323.75,323.85,323.55,323.85,23868
2025-09-18 04:40:00,323.75,323.85,323.6,323.65,37114
2025-09-18 04:45:00,323.65,323.65,323.2,323.4,35063
2025-09-18 04:50:00,323.4,323.65,323.25,323.5,26095
2025-09-18 04:55:00,323.55,323.85,323.3,323.75,35546
2025-09-18 05:00:00,323.75,323.9,323.55,323.85,33221
2025-09-18 05:05:00,323.9,323.9,323.6,323.65,17052
2025-09-18 05:10:00,323.65,323.85,323.6,323.85,16704
2025-09-18 05:15:00,324.0,324.05,323.7,323.7,25592
2025-09-18 05:20:00,323.75,324.1,323.7,324.0,16029
2025-09-18 05:25:00,324.0,324.15,323.7,323.85,27189
2025-09-18 05:30:00,323.75,324.0,323.7,323.9,14552
2025-09-18 05:35:00,323.9,323.95,323.25,323.35,49172
2025-09-18 05:40:00,323.3,323.55,323.1,323.15,26456
2025-09-18 05:45:00,323.3,323.55,321.95,323.05,427682
2025-09-18 05:50:00,323.0,323.05,321.65,322.0,159283
2025-09-18 05:55:00,322.0,322.0,321.9,322.0,36133
2025-09-18 06:00:00,322.0,322.45,321.95,322.35,224542
2025-09-18 06:05:00,322.3,322.7,322.0,322.0,136857
2025-09-18 06:10:00,322.0,322.0,321.3,321.5,85490
2025-09-18 06:15:00,321.45,321.5,321.0,321.2,20314
2025-09-18 06:20:00,321.3,321.6,321.25,321.45,16261
2025-09-18 06:25:00,321.45,321.7,321.4,321.55,18870
2025-09-18 06:30:00,321.6,321.6,321.45,321.55,11781
2025-09-18 06:35:00,321.5,322.0,321.5,321.75,17207
2025-09-18 06:40:00,321.75,322.5,321.75,322.25,212245
2025-09-18 06:45:00,322.2,322.55,322.0,322.45,159919
2025-09-18 06:50:00,322.35,322.8,322.0,322.2,252865
2025-09-18 06:55:00,322.2,322.2,321.85,322.0,27664
2025-09-18 07:00:00,322.0,322.45,321.9,322.25,35930
2025-09-18 07:05:00,322.3,322.3,321.85,321.95,29670
2025-09-18 07:10:00,321.85,322.0,321.75,321.85,50355
2025-09-18 07:15:00,321.85,322.15,321.75,322.05,21848
2025-09-18 07:20:00,322.15,322.4,322.0,322.2,36178
2025-09-18 07:25:00,322.2,322.4,321.95,322.4,176658
2025-09-18 07:30:00,322.4,322.4,321.9,322.1,26949
2025-09-18 07:35:00,322.1,322.15,322.0,322.0,10121
2025-09-18 07:40:00,322.0,322.2,321.9,322.0,16193
2025-09-18 07:45:00,322.0,322.05,321.75,321.95,49982
2025-09-18 07:50:00,321.95,322.4,321.9,322.15,14443
2025-09-18 07:55:00,322.15,322.4,322.0,322.35,30646
2025-09-18 08:00:00,322.3,322.95,322.15,322.95,70922
2025-09-18 08:05:00,322.95,323.6,322.7,323.5,34625
2025-09-18 08:10:00,323.5,324.15,323.45,324.0,75919
2025-09-18 08:15:00,324.0,324.5,323.9,324.5,48277
2025-09-18 08:20:00,324.5,324.9,324.3,324.6,59699
2025-09-18 08:25:00,324.6,324.7,324.4,324.7,54106
2025-09-18 08:30:00,324.75,324.8,324.5,324.8,39604
2025-09-18 08:35:00,324.8,324.9,324.7,324.9,35378
2025-09-18 08:40:00,324.9,325.2,324.6,325.0,102709
2025-09-18 08:45:00,325.0,325.1,324.85,325.0,45614
2025-09-18 08:50:00,325.05,325.1,325.0,325.0,57425
2025-09-18 08:55:00,325.0,325.05,325.0,325.0,118922
2025-09-18 09:00:00,325.0,325.5,325.0,325.45,44447
2025-09-18 09:05:00,325.4,325.4,325.05,325.05,23041
2025-09-18 09:10:00,325.05,326.05,325.05,326.0,154870
2025-09-18 09:15:00,326.0,326.15,325.55,325.6,60139
2025-09-18 09:20:00,325.6,325.85,325.4,325.7,71987
2025-09-18 09:25:00,325.7,326.0,325.55,325.95,65630
2025-09-18 09:30:00,325.95,326.1,325.4,325.45,155766
2025-09-18 09:35:00,325.45,326.05,325.25,326.0,277950
2025-09-18 09:40:00,326.0,326.05,325.4,325.45,118921
2025-09-18 09:45:00,325.5,325.7,325.45,325.65,121257
2025-09-18 09:50:00,325.7,325.85,325.5,325.75,156197
2025-09-18 09:55:00,325.8,325.95,325.5,325.6,152695
2025-09-19 03:45:00,325.6,326.55,324.8,326.0,125065
2025-09-19 03:50:00,325.9,327.6,325.75,326.65,145529
2025-09-19 03:55:00,326.65,328.0,326.35,327.8,90922
2025-09-19 04:00:00,327.65,329.3,327.6,328.9,197268
2025-09-19 04:05:00,328.8,329.75,328.65,329.6,130505
2025-09-19 04:10:00,329.4,332.75,329.35,332.4,404099
2025-09-19 04:15:00,332.35,333.2,331.7,332.75,522556
2025-09-19 04:20:00,332.6,333.7,332.3,333.4,278390
2025-09-19 04:25:00,333.4,333.5,332.4,332.7,234238
2025-09-19 04:30:00,332.5,332.8,331.6,332.4,264758
2025-09-19 04:35:00,332.35,333.5,332.25,333.5,129236
2025-09-19 04:40:00,333.45,334.0,331.9,332.0,372454
2025-09-19 04:45:00,332.0,332.5,331.4,331.8,136427
2025-09-19 04:50:00,331.9,332.4,331.6,332.05,67113
2025-09-19 04:55:00,332.1,332.4,332.05,332.1,34918
2025-09-19 05:00:00,332.2,332.4,331.75,332.05,33366
2025-09-19 05:05:00,332.25,332.9,332.05,332.9,45301
2025-09-19 05:10:00,332.9,332.9,332.5,332.6,40174
2025-09-19 05:15:00,332.65,332.65,332.15,332.5,30908
2025-09-19 05:20:00,332.45,333.3,332.4,333.1,59901
2025-09-19 05:25:00,333.1,333.35,332.85,333.25,46022
2025-09-19 05:30:00,333.15,333.35,332.35,332.35,51372
2025-09-19 05:35:00,332.4,332.7,332.0,332.1,38697
2025-09-19 05:40:00,332.1,332.3,332.0,332.05,23292
2025-09-19 05:45:00,332.15,332.25,331.75,332.15,59802
2025-09-19 05:50:00,332.15,332.6,332.05,332.5,21818
2025-09-19 05:55:00,332.5,332.95,332.5,332.7,19632
2025-09-19 06:00:00,332.7,332.8,332.5,332.7,16595
2025-09-19 06:05:00,332.7,332.75,332.3,332.45,14090
2025-09-19 06:10:00,332.4,332.8,332.4,332.65,31642
2025-09-19 06:15:00,332.8,332.8,332.3,332.4,25607
2025-09-19 06:20:00,332.5,332.5,330.5,330.7,271626
2025-09-19 06:25:00,330.75,330.75,329.7,330.25,192477
2025-09-19 06:30:00,330.25,330.4,330.1,330.2,27782
2025-09-19 06:35:00,330.2,330.45,330.1,330.35,27897
2025-09-19 06:40:00,330.35,330.5,329.85,329.95,65454
2025-09-19 06:45:00,329.95,330.0,329.6,329.65,42653
2025-09-19 06:50:00,329.65,330.0,329.65,329.9,37314
2025-09-19 06:55:00,329.9,330.0,329.8,329.8,24105
2025-09-19 07:00:00,330.0,330.0,329.85,329.95,49001
2025-09-19 07:05:00,329.95,330.15,329.8,330.1,68529
2025-09-19 07:10:00,330.1,330.9,330.1,330.65,79334
2025-09-19 07:15:00,330.65,330.75,329.8,329.95,98941
2025-09-19 07:20:00,329.8,330.65,329.8,330.1,130753
2025-09-19 07:25:00,330.1,330.4,329.95,330.3,26658
2025-09-19 07:30:00,330.35,330.35,329.9,330.25,197213
2025-09-19 07:35:00,330.3,330.8,330.3,330.8,55480
2025-09-19 07:40:00,330.6,331.1,330.35,330.7,104723
2025-09-19 07:45:00,330.85,330.85,330.0,330.15,269088
2025-09-19 07:50:00,330.15,330.2,330.0,330.05,30821
2025-09-19 07:55:00,330.15,330.55,330.05,330.2,44508
2025-09-19 08:00:00,330.15,330.95,330.15,330.95,23057
2025-09-19 08:05:00,330.8,331.0,330.55,330.75,37796
2025-09-19 08:10:00,330.75,330.95,330.55,330.55,18637
2025-09-19 08:15:00,330.55,330.8,330.3,330.75,38053
2025-09-19 08:20:00,330.75,331.0,330.35,330.75,148140
2025-09-19 08:25:00,330.65,330.85,329.85,330.0,90597
2025-09-19 08:30:00,330.0,330.1,329.75,329.8,108527
2025-09-19 08:35:00,329.85,330.0,329.5,329.85,43189
2025-09-19 08:40:00,329.85,329.9,329.6,329.75,29986
2025-09-19 08:45:00,329.8,330.35,329.55,329.75,81230
2025-09-19 08:50:00,329.7,330.0,329.3,329.5,46253
2025-09-19 08:55:00,329.5,329.7,329.25,329.5,47705
2025-09-19 09:00:00,329.3,329.7,329.0,329.15,67611
2025-09-19 09:05:00,329.25,330.35,329.25,330.1,92485
2025-09-19 09:10:00,330.1,330.1,329.9,330.0,51043
2025-09-19 09:15:00,330.05,330.35,330.0,330.3,31442
2025-09-19 09:20:00,330.3,330.7,330.25,330.45,86817
2025-09-19 09:25:00,330.45,330.55,330.15,330.2,69696
2025-09-19 09:30:00,330.3,330.4,329.6,329.75,656864
2025-09-19 09:35:00,329.75,330.0,329.55,330.0,458943
2025-09-19 09:40:00,329.95,330.05,329.5,329.6,426638
2025-09-19 09:45:00,329.55,329.6,328.95,329.4,758761
2025-09-19 09:50:00,329.4,329.45,329.25,329.3,520766
2025-09-19 09:55:00,329.05,330.5,329.05,330.4,548625
2025-09-22 03:45:00,329.0,329.5,326.85,328.35,167938
2025-09-22 03:50:00,328.4,330.2,328.1,330.15,93544
2025-09-22 03:55:00,330.0,330.2,329.0,329.55,70207
2025-09-22 04:00:00,329.55,329.65,328.35,328.45,99579
2025-09-22 04:05:00,328.4,329.35,328.2,329.35,44910
2025-09-22 04:10:00,329.35,329.7,329.35,329.7,35758
2025-09-22 04:15:00,329.7,330.25,329.6,330.15,38068
2025-09-22 04:20:00,330.2,330.3,328.5,328.95,57818
2025-09-22 04:25:00,328.85,329.95,328.85,329.8,29946
2025-09-22 04:30:00,329.8,329.8,329.05,329.3,17623
2025-09-22 04:35:00,329.3,329.35,328.75,329.35,34260
2025-09-22 04:40:00,329.35,329.5,329.05,329.4,16869
2025-09-22 04:45:00,329.4,329.5,329.25,329.45,9205
2025-09-22 04:50:00,329.4,329.45,328.85,329.0,11341
2025-09-22 04:55:00,329.0,330.95,328.55,330.9,152438
2025-09-22 05:00:00,330.95,332.0,330.8,331.9,56595
2025-09-22 05:05:00,332.0,332.0,331.3,331.9,44018
2025-09-22 05:10:00,331.9,332.0,331.55,331.65,59696
2025-09-22 05:15:00,331.8,331.8,331.5,331.7,12287
2025-09-22 05:20:00,331.7,331.8,331.6,331.8,8955
2025-09-22 05:25:00,331.75,332.3,331.7,332.0,30654
2025-09-22 05:30:00,332.0,332.0,331.5,331.6,14837
2025-09-22 05:35:00,331.5,331.6,331.15,331.25,10622
2025-09-22 05:40:00,331.25,331.3,331.05,331.3,12280
2025-09-22 05:45:00,331.3,331.4,330.75,330.8,21719
2025-09-22 05:50:00,330.85,330.85,330.2,330.5,32368
2025-09-22 05:55:00,330.5,331.1,330.45,330.95,7368
2025-09-22 06:00:00,331.0,331.1,330.55,330.75,17408
2025-09-22 06:05:00,330.65,331.35,330.55,331.35,10684
2025-09-22 06:10:00,331.35,331.75,331.3,331.6,21666
2025-09-22 06:15:00,331.65,331.8,331.15,331.45,22341
2025-09-22 06:20:00,331.45,331.45,330.9,331.05,20093
2025-09-22 06:25:00,331.1,331.2,330.6,330.8,16300
2025-09-22 06:30:00,330.95,331.15,330.65,330.9,11610
2025-09-22 06:35:00,330.9,330.9,330.8,330.9,3153
2025-09-22 06:40:00,330.9,331.0,330.2,330.65,28691
2025-09-22 06:45:00,330.65,330.65,329.2,329.35,132166
2025-09-22 06:50:00,329.4,329.4,329.05,329.3,102994
2025-09-22 06:55:00,329.2,329.55,329.15,329.25,18351
2025-09-22 07:00:00,329.15,329.3,328.25,328.25,136552
2025-09-22 07:05:00,328.45,328.45,327.75,328.25,169603
2025-09-22 07:10:00,328.3,329.85,328.3,329.5,180094
2025-09-22 07:15:00,329.6,329.6,328.85,328.95,20333
2025-09-22 07:20:00,328.85,328.95,328.1,328.35,71112
2025-09-22 07:25:00,328.45,328.5,328.25,328.35,13895
2025-09-22 07:30:00,328.35,328.8,327.45,327.75,226126
2025-09-22 07:35:00,327.8,327.95,327.65,327.75,30662
2025-09-22 07:40:00,327.85,328.05,327.55,327.9,16787
2025-09-22 07:45:00,327.95,328.0,327.5,327.65,26341
2025-09-22 07:50:00,327.55,327.7,327.25,327.25,12279
2025-09-22 07:55:00,327.25,327.55,327.1,327.55,27582
2025-09-22 08:00:00,327.6,327.6,326.75,326.8,51160
2025-09-22 08:05:00,326.9,327.0,326.65,327.0,16929
2025-09-22 08:10:00,326.95,327.15,326.85,327.0,104854
2025-09-22 08:15:00,327.0,327.0,326.7,326.85,23210
2025-09-22 08:20:00,326.95,327.0,326.25,326.5,47913
2025-09-22 08:25:00,326.35,326.55,326.0,326.2,26108
2025-09-22 08:30:00,326.25,326.5,326.05,326.5,48076
2025-09-22 08:35:00,326.45,326.85,326.2,326.85,28104
2025-09-22 08:40:00,326.85,327.0,326.6,326.8,34172
2025-09-22 08:45:00,326.7,326.95,326.55,326.75,21397
2025-09-22 08:50:00,326.8,326.95,326.65,326.7,21451
2025-09-22 08:55:00,326.8,326.85,326.3,326.35,36660
2025-09-22 09:00:00,326.5,326.7,326.3,326.45,33031
2025-09-22 09:05:00,326.4,326.5,323.85,324.5,267481
2025-09-22 09:10:00,324.45,324.75,322.9,323.05,254480
2025-09-22 09:15:00,323.1,323.5,322.45,323.45,100732
2025-09-22 09:20:00,323.5,323.65,323.05,323.3,66717
2025-09-22 09:25:00,323.15,323.7,323.0,323.7,55733
2025-09-22 09:30:00,323.7,324.55,323.65,324.45,162854
2025-09-22 09:35:00,324.4,325.2,324.05,325.2,122263
2025-09-22 09:40:00,325.3,325.85,324.95,325.45,174756
2025-09-22 09:45:00,325.45,325.75,325.25,325.7,151344
2025-09-22 09:50:00,325.8,326.2,325.7,326.05,217263
2025-09-22 09:55:00,326.05,326.5,326.0,326.4,171198
2025-09-23 03:45:00,328.7,328.9,326.85,328.2,277021
2025-09-23 03:50:00,328.2,329.25,328.1,328.55,180874
2025-09-23 03:55:00,328.7,329.5,328.3,329.1,116629
2025-09-23 04:00:00,328.95,329.0,328.4,328.5,72806
2025-09-23 04:05:00,328.7,329.65,328.25,329.4,91654
2025-09-23 04:10:00,329.55,330.0,328.8,329.0,111427
2025-09-23 04:15:00,329.0,329.0,328.05,328.1,78952
2025-09-23 04:20:00,328.2,328.4,327.7,327.95,61256
2025-09-23 04:25:00,327.9,328.55,327.6,328.05,52020
2025-09-23 04:30:00,328.1,329.05,328.0,328.9,51434
2025-09-23 04:35:00,328.85,329.0,328.3,328.9,31759
2025-09-23 04:40:00,328.9,329.1,328.65,328.65,53132
2025-09-23 04:45:00,328.65,328.85,327.95,328.1,17760
2025-09-23 04:50:00,328.1,328.35,327.9,327.95,43127
2025-09-23 04:55:00,327.95,328.4,327.9,328.4,9119
2025-09-23 05:00:00,328.45,328.45,327.6,327.7,23050
2025-09-23 05:05:00,327.75,328.25,327.55,328.2,21544
2025-09-23 05:10:00,328.2,328.7,328.2,328.65,18678
2025-09-23 05:15:00,328.65,328.7,328.15,328.2,25312
2025-09-23 05:20:00,328.15,328.15,327.95,327.95,18226
2025-09-23 05:25:00,327.95,329.8,327.9,329.75,138547
2025-09-23 05:30:00,329.75,330.4,328.85,329.0,220299
2025-09-23 05:35:00,329.15,329.5,329.05,329.35,48549
2025-09-23 05:40:00,329.3,329.35,329.0,329.05,26258
2025-09-23 05:45:00,329.0,329.1,328.65,328.95,47346
2025-09-23 05:50:00,328.9,329.5,328.85,329.35,41392
2025-09-23 05:55:00,329.4,329.6,329.2,329.5,17851
2025-09-23 06:00:00,329.45,329.55,328.75,329.0,40604
2025-09-23 06:05:00,329.0,329.4,328.85,329.3,25279
2025-09-23 06:10:00,329.3,329.9,329.25,329.7,31048
2025-09-23 06:15:00,329.7,329.95,329.65,329.7,26580
2025-09-23 06:20:00,329.75,330.0,329.6,329.65,39479
2025-09-23 06:25:00,329.75,330.2,329.65,330.1,76930
2025-09-23 06:30:00,330.1,330.3,330.0,330.3,22091
2025-09-23 06:35:00,330.2,330.4,330.1,330.4,24770
2025-09-23 06:40:00,330.3,330.95,330.3,330.95,65234
2025-09-23 06:45:00,330.95,332.2,330.8,331.65,148976
2025-09-23 06:50:00,331.7,332.3,331.65,331.65,119963
2025-09-23 06:55:00,331.6,331.85,331.25,331.75,72991
2025-09-23 07:00:00,331.75,332.15,331.65,331.85,62182
2025-09-23 07:05:00,331.85,332.05,331.35,331.45,57132
2025-09-23 07:10:00,331.5,332.1,331.4,332.0,213414
2025-09-23 07:15:00,332.05,332.85,332.0,332.0,271243
2025-09-23 07:20:00,332.1,332.35,332.0,332.0,49970
2025-09-23 07:25:00,332.0,332.15,331.95,332.0,161968
2025-09-23 07:30:00,332.0,334.0,332.0,333.45,479485
2025-09-23 07:35:00,333.45,334.65,333.2,334.15,158035
2025-09-23 07:40:00,334.2,335.2,333.8,334.05,470067
2025-09-23 07:45:00,334.0,334.05,333.05,333.15,92337
2025-09-23 07:50:00,333.05,333.35,331.3,331.45,177428
2025-09-23 07:55:00,331.35,331.95,331.05,331.85,90966
2025-09-23 08:00:00,331.8,332.0,331.6,331.8,73487
2025-09-23 08:05:00,331.8,331.9,331.6,331.8,35227
2025-09-23 08:10:00,331.8,331.95,331.55,331.7,37281
2025-09-23 08:15:00,331.7,332.0,331.6,331.9,61515
2025-09-23 08:20:00,331.9,332.0,331.7,332.0,47910
2025-09-23 08:25:00,331.9,332.0,331.8,331.95,37500
2025-09-23 08:30:00,331.9,332.6,331.8,332.1,240955
2025-09-23 08:35:00,332.2,332.5,332.0,332.4,248327
2025-09-23 08:40:00,332.4,332.8,331.65,331.65,146007
2025-09-23 08:45:00,331.65,331.8,331.2,331.7,211302
2025-09-23 08:50:00,331.6,331.75,331.45,331.65,52222
2025-09-23 08:55:00,331.65,332.0,331.55,331.7,119569
2025-09-23 09:00:00,331.75,331.95,331.65,331.7,70862
2025-09-23 09:05:00,331.65,331.8,331.35,331.45,56482
2025-09-23 09:10:00,331.45,331.55,330.8,330.95,98454
2025-09-23 09:15:00,330.95,331.0,330.75,330.8,30895
2025-09-23 09:20:00,330.85,331.0,330.3,330.3,169063
2025-09-23 09:25:00,330.25,330.6,330.05,330.15,242606
2025-09-23 09:30:00,330.15,331.2,330.0,330.1,270372
2025-09-23 09:35:00,330.15,330.5,329.65,330.25,202196
2025-09-23 09:40:00,330.2,330.7,329.85,330.65,161727
2025-09-23 09:45:00,330.65,330.8,329.95,330.8,189625
2025-09-23 09:50:00,330.65,331.1,330.65,331.05,166349
2025-09-23 09:55:00,331.0,331.2,330.2,330.6,148169
2025-09-24 03:45:00,330.45,332.3,329.15,329.15,274775
2025-09-24 03:50:00,329.15,329.6,328.15,329.4,127766
2025-09-24 03:55:00,329.4,330.25,329.15,330.15,63415
2025-09-24 04:00:00,330.15,330.15,329.2,329.35,113196
2025-09-24 04:05:00,329.4,329.9,329.35,329.75,47211
2025-09-24 04:10:00,329.75,330.3,329.55,329.9,79331
2025-09-24 04:15:00,330.0,331.8,329.6,331.7,215592
2025-09-24 04:20:00,331.7,331.7,330.45,330.45,131328
2025-09-24 04:25:00,330.55,330.65,330.25,330.6,23117
2025-09-24 04:30:00,330.5,330.75,330.4,330.5,24387
2025-09-24 04:35:00,330.4,331.4,330.4,331.15,34813
2025-09-24 04:40:00,331.1,331.45,331.1,331.45,45742
2025-09-24 04:45:00,331.35,332.4,331.35,332.4,91829
2025-09-24 04:50:00,332.3,332.4,331.85,331.85,130809
2025-09-24 04:55:00,331.65,332.05,331.5,331.7,58083
2025-09-24 05:00:00,331.75,331.95,331.7,331.75,29204
2025-09-24 05:05:00,331.8,331.9,331.25,331.3,57483
2025-09-24 05:10:00,331.3,331.5,331.05,331.1,41993
2025-09-24 05:15:00,331.2,331.2,330.05,330.25,105560
2025-09-24 05:20:00,330.15,330.35,329.5,329.8,84591
2025-09-24 05:25:00,329.7,329.95,329.45,329.95,44325
2025-09-24 05:30:00,329.75,329.85,328.6,328.7,97638
2025-09-24 05:35:00,328.65,329.1,327.0,327.35,228958
2025-09-24 05:40:00,327.35,327.8,327.0,327.75,66444
2025-09-24 05:45:00,327.5,327.8,327.4,327.6,94457
2025-09-24 05:50:00,327.6,328.15,327.6,328.0,55035
2025-09-24 05:55:00,327.95,328.15,327.95,328.05,19024
2025-09-24 06:00:00,328.1,328.35,328.05,328.2,69430
2025-09-24 06:05:00,328.2,328.95,328.2,328.95,42599
2025-09-24 06:10:00,328.85,329.1,328.8,328.9,44275
2025-09-24 06:15:00,328.95,329.4,328.85,329.05,49935
2025-09-24 06:20:00,328.9,329.35,328.9,329.2,41392
2025-09-24 06:25:00,329.2,329.45,329.15,329.45,32005
2025-09-24 06:30:00,329.35,329.6,328.65,328.85,97360
2025-09-24 06:35:00,328.75,329.1,328.7,328.7,39028
2025-09-24 06:40:00,328.7,329.4,328.7,329.4,26448
2025-09-24 06:45:00,329.25,329.6,329.15,329.6,48410
2025-09-24 06:50:00,329.5,329.6,329.3,329.6,55413
2025-09-24 06:55:00,329.55,329.7,329.5,329.7,45433
2025-09-24 07:00:00,329.6,329.7,328.7,328.95,76559
2025-09-24 07:05:00,328.9,329.2,328.9,329.1,60820
2025-09-24 07:10:00,329.1,329.15,328.75,329.1,59339
2025-09-24 07:15:00,329.1,329.9,329.1,329.9,117383
2025-09-24 07:20:00,329.75,330.1,329.7,330.0,31167
2025-09-24 07:25:00,330.05,330.4,329.85,330.3,41121
2025-09-24 07:30:00,330.2,330.65,330.2,330.5,31987
2025-09-24 07:35:00,330.35,330.5,329.55,329.95,91253
2025-09-24 07:40:00,329.95,330.0,329.8,329.9,15971
2025-09-24 07:45:00,329.9,330.35,329.7,330.35,137078
2025-09-24 07:50:00,330.25,330.4,330.15,330.3,35202
2025-09-24 07:55:00,330.35,330.4,330.1,330.25,32074
2025-09-24 08:00:00,330.15,330.9,330.15,330.8,30912
2025-09-24 08:05:00,330.7,330.85,330.6,330.7,22921
2025-09-24 08:10:00,330.7,330.9,330.65,330.8,34847
2025-09-24 08:15:00,330.65,330.8,330.4,330.55,23203
2025-09-24 08:20:00,330.4,330.55,330.3,330.55,24630
2025-09-24 08:25:00,330.5,330.65,330.3,330.45,35123
2025-09-24 08:30:00,330.4,330.5,330.3,330.5,16670
2025-09-24 08:35:00,330.45,330.6,330.3,330.6,48248
2025-09-24 08:40:00,330.5,330.65,330.1,330.35,26906
2025-09-24 08:45:00,330.15,330.5,330.15,330.5,13666
2025-09-24 08:50:00,330.45,330.5,330.0,330.25,30426
2025-09-24 08:55:00,330.15,330.3,329.95,330.3,33132
2025-09-24 09:00:00,330.3,330.45,329.95,330.05,41609
2025-09-24 09:05:00,330.2,330.5,330.05,330.45,61578
2025-09-24 09:10:00,330.3,330.45,329.95,330.1,43380
2025-09-24 09:15:00,330.1,330.2,329.85,330.15,145191
2025-09-24 09:20:00,330.1,330.3,329.85,330.3,40401
2025-09-24 09:25:00,330.3,330.3,329.95,330.0,77459
2025-09-24 09:30:00,329.9,330.6,329.9,330.5,394484
2025-09-24 09:35:00,330.45,330.5,329.95,330.1,106152
2025-09-24 09:40:00,330.1,330.15,330.0,330.15,105594
2025-09-24 09:45:00,330.15,330.3,330.05,330.25,103447
2025-09-24 09:50:00,330.3,330.5,330.0,330.1,170863
2025-09-24 09:55:00,330.2,330.35,330.0,330.25,151102
2025-09-25 03:45:00,329.1,329.85,328.3,328.6,109089
2025-09-25 03:50:00,328.6,330.2,328.6,330.15,98891
2025-09-25 03:55:00,330.15,330.15,329.1,329.1,54477
2025-09-25 04:00:00,329.1,329.3,328.45,328.95,92990
2025-09-25 04:05:00,328.95,329.65,328.6,329.25,40253
2025-09-25 04:10:00,329.4,329.4,328.0,328.45,106811
2025-09-25 04:15:00,328.45,328.5,328.15,328.4,44565
2025-09-25 04:20:00,328.45,329.25,328.3,329.2,121387
2025-09-25 04:25:00,329.2,330.0,329.2,329.9,56397
2025-09-25 04:30:00,330.0,330.5,329.75,330.1,59511
2025-09-25 04:35:00,330.1,330.35,329.25,330.15,39636
2025-09-25 04:40:00,330.2,330.5,330.05,330.1,20444
2025-09-25 04:45:00,330.2,330.4,329.9,330.0,41045
2025-09-25 04:50:00,329.95,330.0,329.45,329.8,11246
2025-09-25 04:55:00,329.8,329.85,329.5,329.5,24327
2025-09-25 05:00:00,329.55,329.95,329.25,329.6,56632
2025-09-25 05:05:00,329.55,329.7,328.7,329.2,92025
2025-09-25 05:10:00,329.2,329.8,328.85,328.9,85171
2025-09-25 05:15:00,328.95,329.1,328.1,328.45,53105
2025-09-25 05:20:00,328.45,328.55,328.1,328.2,48304
2025-09-25 05:25:00,328.2,328.45,328.0,328.2,45348
2025-09-25 05:30:00,328.1,328.25,327.8,328.05,27481
2025-09-25 05:35:00,328.0,328.55,328.0,328.2,57441
2025-09-25 05:40:00,328.2,328.5,328.2,328.4,13674
2025-09-25 05:45:00,328.4,328.5,328.35,328.4,15073
2025-09-25 05:50:00,328.4,329.0,328.4,328.85,39371
2025-09-25 05:55:00,328.85,328.95,328.25,328.75,12524
2025-09-25 06:00:00,328.85,328.95,328.5,328.75,14906
2025-09-25 06:05:00,328.65,328.7,328.25,328.25,7975
2025-09-25 06:10:00,328.3,328.55,327.8,327.9,24000
2025-09-25 06:15:00,328.0,328.05,327.55,327.85,34475
2025-09-25 06:20:00,327.85,328.0,327.7,327.8,27466
2025-09-25 06:25:00,327.8,328.2,327.75,327.75,28677
2025-09-25 06:30:00,327.75,327.75,327.0,327.15,70704
2025-09-25 06:35:00,327.15,327.5,327.0,327.25,21258
2025-09-25 06:40:00,327.25,328.65,327.2,328.45,97404
2025-09-25 06:45:00,328.35,329.05,328.2,329.0,35703
2025-09-25 06:50:00,329.0,329.2,328.6,328.7,60297
2025-09-25 06:55:00,328.65,329.2,328.6,329.15,29891
2025-09-25 07:00:00,329.15,329.25,328.95,329.0,12573
2025-09-25 07:05:00,329.1,329.75,328.95,329.65,80468
2025-09-25 07:10:00,329.6,329.9,329.5,329.8,319750
2025-09-25 07:15:00,329.75,330.45,329.65,330.1,113823
2025-09-25 07:20:00,330.1,330.55,330.0,330.4,68396
2025-09-25 07:25:00,330.4,330.5,329.95,330.1,36758
2025-09-25 07:30:00,330.2,330.2,330.0,330.0,23743
2025-09-25 07:35:00,330.0,330.35,330.0,330.2,27546
2025-09-25 07:40:00,330.2,330.35,329.45,329.9,165981
2025-09-25 07:45:00,329.75,330.3,329.5,330.0,80341
2025-09-25 07:50:00,329.9,330.25,329.9,330.25,16682
2025-09-25 07:55:00,330.2,330.25,329.65,329.7,51045
2025-09-25 08:00:00,329.8,330.0,329.5,330.0,1037549
2025-09-25 08:05:00,329.9,330.0,329.5,329.5,53616
2025-09-25 08:10:00,329.5,329.9,329.5,329.9,21484
2025-09-25 08:15:00,329.9,330.4,329.8,330.4,54879
2025-09-25 08:20:00,330.4,330.75,330.25,330.65,39081
2025-09-25 08:25:00,330.55,332.4,330.55,331.6,197288
2025-09-25 08:30:00,331.6,332.2,331.45,332.2,52584
2025-09-25 08:35:00,332.1,332.5,331.5,331.5,43984
2025-09-25 08:40:00,331.5,331.75,330.7,330.9,73851
2025-09-25 08:45:00,330.9,330.95,330.4,330.6,33221
2025-09-25 08:50:00,330.55,330.75,330.5,330.5,12442
2025-09-25 08:55:00,330.55,330.6,330.3,330.4,22076
2025-09-25 09:00:00,330.4,330.7,330.3,330.6,43850
2025-09-25 09:05:00,330.6,330.75,330.2,330.7,24038
2025-09-25 09:10:00,330.7,330.75,330.2,330.3,15542
2025-09-25 09:15:00,330.35,330.55,330.2,330.4,17991
2025-09-25 09:20:00,330.3,330.5,330.25,330.45,20567
2025-09-25 09:25:00,330.45,330.9,330.4,330.45,81075
2025-09-25 09:30:00,330.75,331.2,330.15,330.2,112031
2025-09-25 09:35:00,330.2,330.2,329.5,329.5,186226
2025-09-25 09:40:00,329.5,329.75,329.3,329.3,201897
2025-09-25 09:45:00,329.35,329.75,329.25,329.6,237170
2025-09-25 09:50:00,329.6,330.1,329.15,329.2,187297
2025-09-25 09:55:00,329.15,329.45,328.8,328.85,111648
2025-09-26 03:45:00,329.8,330.0,327.3,327.3,310234
2025-09-26 03:50:00,327.25,327.4,325.85,327.3,218520
2025-09-26 03:55:00,327.3,327.6,324.2,324.65,314407
2025-09-26 04:00:00,324.65,325.1,324.4,324.95,116831
2025-09-26 04:05:00,324.85,325.25,324.35,325.05,88561
2025-09-26 04:10:00,325.15,325.85,324.9,325.0,91241
2025-09-26 04:15:00,325.05,325.45,324.9,325.2,86539
2025-09-26 04:20:00,325.2,326.05,325.2,325.8,110880
2025-09-26 04:25:00,325.75,326.5,325.75,326.4,49389
2025-09-26 04:30:00,326.5,326.5,325.7,325.7,44087
2025-09-26 04:35:00,325.75,325.75,325.05,325.25,58471
2025-09-26 04:40:00,325.25,325.75,325.0,325.5,58110
2025-09-26 04:45:00,325.55,326.2,325.45,325.45,54612
2025-09-26 04:50:00,325.6,326.7,325.4,326.0,79519
2025-09-26 04:55:00,326.0,326.1,325.55,325.55,50820
2025-09-26 05:00:00,325.6,325.8,325.35,325.6,36614
2025-09-26 05:05:00,325.65,325.95,325.5,325.85,56254
2025-09-26 05:10:00,325.85,326.1,325.4,325.4,45046
2025-09-26 05:15:00,325.4,325.75,325.3,325.7,26441
2025-09-26 05:20:00,325.65,326.2,325.6,325.75,68294
2025-09-26 05:25:00,325.75,325.9,325.45,325.45,44471
2025-09-26 05:30:00,325.4,325.5,324.6,324.7,86615
2025-09-26 05:35:00,324.7,324.85,323.85,324.3,110633
2025-09-26 05:40:00,324.3,324.45,323.95,324.05,36278
2025-09-26 05:45:00,324.05,324.15,322.95,323.15,89182
2025-09-26 05:50:00,323.15,323.7,323.05,323.5,46160
2025-09-26 05:55:00,323.65,323.95,323.5,323.55,62924
2025-09-26 06:00:00,323.55,324.25,323.55,324.15,59733
2025-09-26 06:05:00,324.15,324.2,323.5,323.65,57847
2025-09-26 06:10:00,323.6,324.65,323.55,324.2,41493
2025-09-26 06:15:00,324.2,324.75,324.2,324.65,36857
2025-09-26 06:20:00,324.65,325.05,324.45,324.55,49698
2025-09-26 06:25:00,324.6,324.8,324.35,324.65,49701
2025-09-26 06:30:00,324.55,324.6,323.85,324.15,64440
2025-09-26 06:35:00,324.15,324.55,324.0,324.25,45365
2025-09-26 06:40:00,324.3,324.4,324.25,324.35,24625
2025-09-26 06:45:00,324.35,324.45,324.05,324.25,55618
2025-09-26 06:50:00,324.25,325.1,324.25,325.05,33149
2025-09-26 06:55:00,324.95,325.0,324.5,324.7,45936
2025-09-26 07:00:00,324.65,324.7,324.2,324.4,21707
2025-09-26 07:05:00,324.45,324.65,324.45,324.55,9472
2025-09-26 07:10:00,324.55,325.0,324.55,324.95,74590
2025-09-26 07:15:00,325.0,326.15,324.95,325.85,183910
2025-09-26 07:20:00,325.95,326.8,325.7,326.8,101534
2025-09-26 07:25:00,326.7,326.8,325.9,326.1,39247
2025-09-26 07:30:00,326.1,326.25,325.95,326.1,16037
2025-09-26 07:35:00,326.1,326.8,326.1,326.45,63483
2025-09-26 07:40:00,326.45,326.55,326.0,326.2,31004
2025-09-26 07:45:00,326.2,326.3,325.85,326.25,48803
2025-09-26 07:50:00,326.25,326.25,325.95,325.95,37161
2025-09-26 07:55:00,325.95,325.95,325.4,325.55,55662
2025-09-26 08:00:00,325.55,325.55,324.55,324.55,42725
2025-09-26 08:05:00,324.55,324.8,324.3,324.45,56386
2025-09-26 08:10:00,324.45,324.5,324.05,324.1,34785
2025-09-26 08:15:00,324.1,324.65,324.05,324.25,26232
2025-09-26 08:20:00,324.3,324.3,323.75,324.05,51596
2025-09-26 08:25:00,324.05,324.25,323.55,323.65,47355
2025-09-26 08:30:00,323.65,324.7,323.65,324.3,81318
2025-09-26 08:35:00,324.3,325.0,324.0,324.95,172633
2025-09-26 08:40:00,324.95,325.0,324.7,324.75,53736
2025-09-26 08:45:00,324.75,324.8,324.0,324.05,40493
2025-09-26 08:50:00,324.05,324.05,323.5,323.65,40003
2025-09-26 08:55:00,323.65,324.15,323.4,323.65,67870
2025-09-26 09:00:00,323.65,324.0,323.45,323.7,35722
2025-09-26 09:05:00,323.6,324.25,323.45,324.1,29765
2025-09-26 09:10:00,324.1,324.75,323.8,324.55,47135
2025-09-26 09:15:00,324.6,324.6,323.75,324.4,66249
2025-09-26 09:20:00,324.4,324.5,323.7,324.25,127255
2025-09-26 09:25:00,323.95,324.2,323.85,323.9,49670
2025-09-26 09:30:00,323.9,324.1,323.8,323.95,105348
2025-09-26 09:35:00,324.0,324.3,323.95,324.25,128699
2025-09-26 09:40:00,324.25,324.4,323.95,324.15,106134
2025-09-26 09:45:00,324.2,324.2,323.8,324.05,118528
2025-09-26 09:50:00,324.05,324.95,323.95,324.9,286482
2025-09-26 09:55:00,324.85,325.2,323.8,324.5,188328
2025-09-29 03:45:00,326.65,328.2,325.5,327.55,197659
2025-09-29 03:50:00,327.6,329.75,327.5,329.7,224504
2025-09-29 03:55:00,329.8,329.95,329.3,329.85,72995
2025-09-29 04:00:00,329.95,332.6,329.95,332.5,248779
2025-09-29 04:05:00,332.55,334.1,332.45,333.8,243738
2025-09-29 04:10:00,333.95,335.5,333.95,334.75,334678
2025-09-29 04:15:00,334.8,334.95,333.3,334.0,224768
2025-09-29 04:20:00,334.1,334.1,333.05,333.3,149373
2025-09-29 04:25:00,333.3,333.75,332.85,333.6,170416
2025-09-29 04:30:00,333.55,334.4,333.55,334.2,208651
2025-09-29 04:35:00,334.2,334.65,334.0,334.65,146936
2025-09-29 04:40:00,334.8,335.3,334.55,335.3,350973
2025-09-29 04:45:00,335.25,337.25,335.25,336.8,741064
2025-09-29 04:50:00,336.8,338.0,336.3,337.35,494687
2025-09-29 04:55:00,337.3,338.25,337.0,337.1,300888
2025-09-29 05:00:00,337.15,338.45,336.7,338.1,336296
2025-09-29 05:05:00,338.1,338.5,338.05,338.35,170296
2025-09-29 05:10:00,338.35,338.35,337.4,337.55,225465
2025-09-29 05:15:00,337.7,337.7,336.05,336.05,170673
2025-09-29 05:20:00,336.05,336.6,335.35,335.4,173261
2025-09-29 05:25:00,335.35,336.1,335.35,335.95,83229
2025-09-29 05:30:00,336.0,337.25,335.95,336.7,113938
2025-09-29 05:35:00,336.7,336.75,335.75,335.8,79106
2025-09-29 05:40:00,335.9,335.9,335.1,335.45,116312
2025-09-29 05:45:00,335.4,335.8,335.15,335.45,72571
2025-09-29 05:50:00,335.55,335.85,335.4,335.45,56403
2025-09-29 05:55:00,335.5,335.55,334.9,335.0,95786
2025-09-29 06:00:00,334.9,335.5,334.85,335.25,62733
2025-09-29 06:05:00,335.4,335.5,334.9,334.9,84350
2025-09-29 06:10:00,334.85,335.0,334.5,334.8,106173
2025-09-29 06:15:00,334.8,334.8,333.75,333.85,133979
2025-09-29 06:20:00,333.9,334.7,333.85,334.3,118003
2025-09-29 06:25:00,334.45,335.45,334.35,335.45,123350
2025-09-29 06:30:00,335.25,335.65,334.85,335.45,79073
2025-09-29 06:35:00,335.4,335.5,334.8,334.8,58054
2025-09-29 06:40:00,334.8,335.0,334.35,334.65,57512
2025-09-29 06:45:00,334.55,335.35,334.55,334.9,48603
2025-09-29 06:50:00,334.9,335.65,334.8,335.55,65488
2025-09-29 06:55:00,335.55,335.6,335.05,335.5,49446
2025-09-29 07:00:00,335.5,335.5,334.9,335.5,52929
2025-09-29 07:05:00,335.5,335.55,334.75,334.8,71183
2025-09-29 07:10:00,334.75,335.25,334.75,335.1,39473
2025-09-29 07:15:00,335.2,335.4,334.3,334.75,87360
2025-09-29 07:20:00,334.7,335.15,334.7,335.15,55848
2025-09-29 07:25:00,335.0,336.4,335.0,336.4,117008
2025-09-29 07:30:00,336.3,337.9,336.3,337.75,173233
2025-09-29 07:35:00,337.7,337.7,336.8,337.3,108045
2025-09-29 07:40:00,337.3,337.4,336.25,336.25,81829
2025-09-29 07:45:00,336.45,337.3,336.15,337.15,117951
2025-09-29 07:50:00,337.15,337.3,336.7,337.2,67169
2025-09-29 07:55:00,337.15,337.3,336.85,337.05,59637
2025-09-29 08:00:00,337.0,337.25,336.8,336.95,61537
2025-09-29 08:05:00,336.95,337.15,336.95,337.15,57074
2025-09-29 08:10:00,337.15,337.15,336.7,336.8,46644
2025-09-29 08:15:00,336.85,336.9,336.65,336.7,36500
2025-09-29 08:20:00,336.7,337.0,336.7,336.9,49555
2025-09-29 08:25:00,336.9,337.0,336.6,336.6,55884
2025-09-29 08:30:00,336.6,337.2,336.6,337.0,131106
2025-09-29 08:35:00,337.0,337.9,336.95,337.8,217446
2025-09-29 08:40:00,337.8,337.95,337.45,337.95,82807
2025-09-29 08:45:00,337.9,338.0,337.3,337.8,136072
2025-09-29 08:50:00,337.7,338.4,337.7,337.95,192893
2025-09-29 08:55:00,338.05,338.3,337.75,338.15,92850
2025-09-29 09:00:00,338.15,338.4,337.8,338.25,131820
2025-09-29 09:05:00,338.05,338.15,337.35,337.4,105309
2025-09-29 09:10:00,337.55,337.95,337.1,337.4,220377
2025-09-29 09:15:00,337.35,338.0,337.3,337.95,71507
2025-09-29 09:20:00,337.9,338.0,337.5,337.8,81452
2025-09-29 09:25:00,337.9,338.35,337.8,338.25,107977
2025-09-29 09:30:00,338.25,338.35,337.6,337.9,370186
2025-09-29 09:35:00,338.1,338.15,337.35,337.55,349376
2025-09-29 09:40:00,337.55,338.25,337.55,338.05,348903
2025-09-29 09:45:00,338.1,338.6,338.0,338.45,606092
2025-09-29 09:50:00,338.45,339.0,338.25,338.75,686408
2025-09-29 09:55:00,338.85,339.0,336.25,337.85,550912
2025-09-30 03:45:00,339.75,340.4,337.15,339.2,321411
2025-09-30 03:50:00,339.2,340.7,339.1,339.75,259154
2025-09-30 03:55:00,339.8,340.3,339.6,339.75,124598
2025-09-30 04:00:00,339.85,340.2,339.65,339.9,115229
2025-09-30 04:05:00,339.8,340.65,339.05,340.25,169295
2025-09-30 04:10:00,340.25,340.6,340.1,340.3,101851
2025-09-30 04:15:00,340.05,340.8,340.0,340.75,85829
2025-09-30 04:20:00,340.6,340.75,340.25,340.35,60149
2025-09-30 04:25:00,340.35,340.85,340.05,340.1,75209
2025-09-30 04:30:00,340.15,340.5,340.1,340.3,34830
2025-09-30 04:35:00,340.3,340.55,340.2,340.5,60144
2025-09-30 04:40:00,340.3,340.5,340.1,340.4,56940
2025-09-30 04:45:00,340.4,340.4,340.0,340.25,39258
2025-09-30 04:50:00,340.2,340.45,340.2,340.45,33430
2025-09-30 04:55:00,340.45,340.45,340.0,340.1,52085
2025-09-30 05:00:00,340.05,340.4,340.0,340.35,34358
2025-09-30 05:05:00,340.35,340.4,339.6,339.8,105274
2025-09-30 05:10:00,339.65,340.0,339.5,339.95,44429
2025-09-30 05:15:00,339.95,339.95,339.55,339.6,34602
2025-09-30 05:20:00,339.5,340.0,339.5,339.9,44747
2025-09-30 05:25:00,339.9,340.3,339.9,340.05,34238
2025-09-30 05:30:00,340.0,340.2,339.55,339.6,40033
2025-09-30 05:35:00,339.6,339.85,339.1,339.1,43295
2025-09-30 05:40:00,339.1,339.2,338.95,338.95,29701
2025-09-30 05:45:00,338.95,339.2,338.95,339.05,30032
2025-09-30 05:50:00,339.05,339.45,339.05,339.15,41559
2025-09-30 05:55:00,339.25,340.3,339.15,340.15,66657
2025-09-30 06:00:00,340.15,340.8,340.15,340.5,80538
2025-09-30 06:05:00,340.55,342.3,340.5,341.75,737357
2025-09-30 06:10:00,341.85,342.2,341.45,341.45,82237
2025-09-30 06:15:00,341.45,341.5,340.65,340.95,50193
2025-09-30 06:20:00,340.95,341.4,340.8,341.2,41407
2025-09-30 06:25:00,341.2,341.5,340.8,340.8,48963
2025-09-30 06:30:00,340.8,340.95,340.25,340.3,31124
2025-09-30 06:35:00,340.35,340.35,340.15,340.15,24663
2025-09-30 06:40:00,340.15,340.55,340.05,340.35,56248
2025-09-30 06:45:00,340.35,340.45,340.35,340.4,48259
2025-09-30 06:50:00,340.4,340.5,340.15,340.15,38184
2025-09-30 06:55:00,340.15,340.25,339.6,339.6,60316
2025-09-30 07:00:00,339.6,339.65,339.45,339.55,30936
2025-09-30 07:05:00,339.65,339.65,338.4,338.5,104025
2025-09-30 07:10:00,338.5,338.75,338.4,338.5,55051
2025-09-30 07:15:00,338.55,338.8,338.25,338.6,70325
2025-09-30 07:20:00,338.6,338.75,338.5,338.6,39249
2025-09-30 07:25:00,338.6,338.8,338.15,338.2,51161
2025-09-30 07:30:00,338.25,338.35,337.7,337.7,58996
2025-09-30 07:35:00,337.7,338.0,337.65,337.85,24847
2025-09-30 07:40:00,337.85,338.2,337.85,337.95,29364
2025-09-30 07:45:00,337.95,338.65,337.95,338.6,56955
2025-09-30 07:50:00,338.55,338.65,338.25,338.45,60558
2025-09-30 07:55:00,338.45,338.65,338.45,338.6,33971
2025-09-30 08:00:00,338.6,338.9,338.55,338.65,57263
2025-09-30 08:05:00,338.65,338.7,338.15,338.55,56479
2025-09-30 08:10:00,338.5,338.7,338.3,338.4,27313
2025-09-30 08:15:00,338.35,338.45,338.0,338.2,33026
2025-09-30 08:20:00,338.2,338.35,338.05,338.05,18792
2025-09-30 08:25:00,338.05,338.05,337.75,337.95,33026
2025-09-30 08:30:00,337.95,338.55,337.5,337.5,120312
2025-09-30 08:35:00,337.4,337.95,337.4,337.9,41307
2025-09-30 08:40:00,337.9,338.0,337.45,337.75,78006
2025-09-30 08:45:00,337.75,338.2,337.6,337.6,167104
2025-09-30 08:50:00,337.6,337.7,337.35,337.35,41783
2025-09-30 08:55:00,337.35,337.8,337.2,337.75,32651
2025-09-30 09:00:00,337.75,338.35,337.6,337.85,142758
2025-09-30 09:05:00,337.85,338.9,337.85,338.8,62749
2025-09-30 09:10:00,338.8,339.15,338.7,339.0,41546
2025-09-30 09:15:00,339.0,339.1,338.65,338.85,58176
2025-09-30 09:20:00,338.9,339.6,338.8,339.25,67683
2025-09-30 09:25:00,339.25,339.85,339.1,339.25,81214
2025-09-30 09:30:00,339.25,339.75,339.25,339.45,230455
2025-09-30 09:35:00,339.5,340.0,339.45,339.85,353174
2025-09-30 09:40:00,339.9,340.2,339.75,339.85,204147
2025-09-30 09:45:00,339.8,340.15,339.75,339.85,292971
2025-09-30 09:50:00,339.9,339.95,338.65,339.2,280382
2025-09-30 09:55:00,339.25,339.4,338.95,338.95,186634
2025-10-01 03:45:00,341.0,343.55,340.45,342.25,379367
2025-10-01 03:50:00,342.2,342.65,341.6,342.45,161815
2025-10-01 03:55:00,342.45,342.85,342.1,342.85,103041
2025-10-01 04:00:00,342.85,346.25,342.85,345.1,618101
2025-10-01 04:05:00,345.1,345.85,344.7,345.0,201063
2025-10-01 04:10:00,345.0,345.4,344.95,345.3,56516
2025-10-01 04:15:00,345.25,347.3,345.25,347.25,252049
2025-10-01 04:20:00,347.25,347.25,345.95,346.2,168661
2025-10-01 04:25:00,346.3,347.1,345.95,346.8,154573
2025-10-01 04:30:00,347.0,347.5,345.45,345.6,244578
2025-10-01 04:35:00,345.6,346.5,345.25,346.5,79691
2025-10-01 04:40:00,346.4,346.5,346.0,346.2,55033
2025-10-01 04:45:00,346.2,347.0,346.2,346.8,89331
2025-10-01 04:50:00,346.8,347.7,346.3,346.45,143734
2025-10-01 04:55:00,346.45,347.2,345.5,345.9,100144
2025-10-01 05:00:00,345.95,345.95,344.4,344.4,177098
2025-10-01 05:05:00,344.4,344.6,343.2,343.3,192327
2025-10-01 05:10:00,343.3,343.65,343.05,343.15,85530
2025-10-01 05:15:00,343.15,343.15,342.35,342.95,153381
2025-10-01 05:20:00,342.9,343.3,342.7,342.9,120163
2025-10-01 05:25:00,342.85,344.05,342.85,343.5,194714
2025-10-01 05:30:00,343.4,343.65,342.7,342.8,87459
2025-10-01 05:35:00,342.65,342.9,342.35,342.55,65187
2025-10-01 05:40:00,342.5,342.85,342.4,342.85,28726
2025-10-01 05:45:00,342.8,343.0,342.8,342.95,38297
2025-10-01 05:50:00,342.95,343.45,342.4,342.4,227200
2025-10-01 05:55:00,342.4,342.9,342.4,342.7,27393
2025-10-01 06:00:00,342.75,343.45,342.7,343.2,93951
2025-10-01 06:05:00,343.1,344.0,343.1,343.75,61034
2025-10-01 06:10:00,343.85,343.85,342.9,342.95,65340
2025-10-01 06:15:00,342.95,343.0,341.75,341.9,198450
2025-10-01 06:20:00,341.9,341.95,341.05,341.1,75004
2025-10-01 06:25:00,341.2,341.25,340.35,341.0,116726
2025-10-01 06:30:00,340.9,341.8,340.7,340.9,429139
2025-10-01 06:35:00,340.95,341.5,340.4,340.6,186774
2025-10-01 06:40:00,340.55,340.9,340.3,340.9,41568
2025-10-01 06:45:00,340.85,341.0,339.65,339.8,128737
2025-10-01 06:50:00,339.8,340.25,339.8,340.1,23913
2025-10-01 06:55:00,340.1,340.65,340.0,340.2,40068
2025-10-01 07:00:00,340.15,340.75,339.25,340.25,328942
2025-10-01 07:05:00,340.25,340.8,339.9,340.0,44787
2025-10-01 07:10:00,339.95,340.0,339.85,340.0,43830
2025-10-01 07:15:00,339.95,340.05,339.95,340.0,27475
2025-10-01 07:20:00,339.95,340.05,339.9,340.0,43807
2025-10-01 07:25:00,339.95,340.05,339.95,340.0,60355
2025-10-01 07:30:00,340.0,340.7,339.95,340.45,169189
2025-10-01 07:35:00,340.45,341.05,340.4,341.05,31559
2025-10-01 07:40:00,341.0,341.7,341.0,341.6,71577
2025-10-01 07:45:00,341.55,341.65,340.6,341.0,72451
2025-10-01 07:50:00,340.95,341.0,340.8,340.95,27401
2025-10-01 07:55:00,340.9,340.95,340.1,340.5,53096
2025-10-01 08:00:00,340.35,340.45,338.85,338.85,96575
2025-10-01 08:05:00,338.8,339.9,338.6,339.5,88850
2025-10-01 08:10:00,339.55,339.55,338.75,339.1,87990
2025-10-01 08:15:00,339.15,339.5,338.85,339.05,73626
2025-10-01 08:20:00,339.05,339.45,338.95,339.35,71119
2025-10-01 08:25:00,339.35,339.35,339.0,339.05,61808
2025-10-01 08:30:00,339.05,339.5,338.85,339.0,88804
2025-10-01 08:35:00,338.95,339.3,338.95,339.3,68764
2025-10-01 08:40:00,339.35,339.7,338.9,339.0,225911
2025-10-01 08:45:00,339.0,339.0,338.75,338.95,56990
2025-10-01 08:50:00,339.0,339.0,338.95,338.95,43886
2025-10-01 08:55:00,339.0,339.15,338.85,339.1,172806
2025-10-01 09:00:00,339.15,339.2,338.95,339.1,38987
2025-10-01 09:05:00,339.2,339.6,338.85,339.0,99359
2025-10-01 09:10:00,338.95,339.0,338.95,338.95,36718
2025-10-01 09:15:00,339.0,339.65,338.9,339.65,126000
2025-10-01 09:20:00,339.55,340.0,339.55,340.0,55138
2025-10-01 09:25:00,339.95,340.1,338.95,339.65,171663
2025-10-01 09:30:00,339.8,340.0,339.6,339.8,307597
2025-10-01 09:35:00,339.8,339.8,339.45,339.5,161585
2025-10-01 09:40:00,339.45,339.8,339.2,339.45,259073
2025-10-01 09:45:00,339.5,339.8,339.25,339.75,235662
2025-10-01 09:50:00,339.75,339.8,339.75,339.75,237083
2025-10-01 09:55:00,339.8,340.85,339.35,339.4,307671
2025-10-03 03:45:00,344.0,344.9,340.7,341.25,360879
2025-10-03 03:50:00,341.25,342.4,340.8,341.9,205167
2025-10-03 03:55:00,341.8,342.35,341.25,342.2,98744
2025-10-03 04:00:00,342.1,342.3,340.9,341.0,86528
2025-10-03 04:05:00,341.15,341.9,340.8,341.75,74384
2025-10-03 04:10:00,341.8,342.0,340.7,340.9,87410
2025-10-03 04:15:00,340.8,340.95,339.8,339.95,115677
2025-10-03 04:20:00,339.9,340.65,339.65,340.6,79567
2025-10-03 04:25:00,340.65,341.4,340.15,340.25,52868
2025-10-03 04:30:00,340.2,340.3,339.55,339.65,50287
2025-10-03 04:35:00,339.65,340.05,339.4,339.5,44961
2025-10-03 04:40:00,339.5,339.65,339.0,339.2,52044
2025-10-03 04:45:00,339.2,339.45,337.6,337.9,115501
2025-10-03 04:50:00,337.9,338.3,337.8,338.15,26160
2025-10-03 04:55:00,338.15,338.45,338.05,338.35,31551
2025-10-03 05:00:00,338.45,339.1,338.3,339.05,37005
2025-10-03 05:05:00,339.15,339.15,338.5,338.75,30042
2025-10-03 05:10:00,338.75,338.8,337.8,337.8,48287
2025-10-03 05:15:00,337.9,338.45,337.7,338.4,39017
2025-10-03 05:20:00,338.35,339.5,338.35,339.4,71260
2025-10-03 05:25:00,339.4,339.85,339.1,339.2,39957
2025-10-03 05:30:00,339.25,340.2,339.2,340.1,38571
2025-10-03 05:35:00,340.1,340.65,339.95,340.05,40377
2025-10-03 05:40:00,340.05,340.05,339.35,339.95,29438
2025-10-03 05:45:00,340.05,340.05,339.45,339.8,53374
2025-10-03 05:50:00,339.7,339.9,339.65,339.75,17179
2025-10-03 05:55:00,339.7,340.4,339.65,340.0,47269
2025-10-03 06:00:00,339.9,340.15,339.85,339.9,40121
2025-10-03 06:05:00,339.9,340.5,339.9,340.45,41036
2025-10-03 06:10:00,340.45,340.45,340.0,340.05,15371
2025-10-03 06:15:00,340.05,340.45,340.0,340.0,34300
2025-10-03 06:20:00,339.95,340.1,339.95,340.05,7957
2025-10-03 06:25:00,340.05,340.1,339.9,339.9,16893
2025-10-03 06:30:00,339.85,339.95,339.35,339.45,38883
2025-10-03 06:35:00,339.45,340.0,339.05,339.05,40567
2025-10-03 06:40:00,339.1,339.2,338.7,338.7,38645
2025-10-03 06:45:00,338.75,338.85,338.5,338.75,27755
2025-10-03 06:50:00,338.55,338.7,338.35,338.7,24157
2025-10-03 06:55:00,338.7,338.7,338.45,338.45,21637
2025-10-03 07:00:00,338.45,338.7,338.25,338.35,32960
2025-10-03 07:05:00,338.4,338.55,338.3,338.4,16331
2025-10-03 07:10:00,338.45,338.45,338.3,338.4,30513
2025-10-03 07:15:00,338.4,340.45,338.3,340.4,45585
2025-10-03 07:20:00,340.3,340.95,340.2,340.65,142134
2025-10-03 07:25:00,340.7,341.2,340.6,341.2,66996
2025-10-03 07:30:00,341.1,341.2,340.45,340.6,43656
2025-10-03 07:35:00,340.5,341.0,340.5,341.0,41606
2025-10-03 07:40:00,341.0,341.0,340.6,340.6,21546
2025-10-03 07:45:00,340.65,340.65,340.45,340.6,26208
2025-10-03 07:50:00,340.6,341.7,340.6,341.5,71933
2025-10-03 07:55:00,341.45,341.5,340.85,341.0,22792
2025-10-03 08:00:00,341.0,341.4,340.8,341.15,52526
2025-10-03 08:05:00,341.15,341.15,340.85,340.95,21822
2025-10-03 08:10:00,340.85,341.1,340.7,340.9,33641
2025-10-03 08:15:00,340.9,341.4,340.75,340.8,27082
2025-10-03 08:20:00,340.8,341.1,340.5,341.05,31961
2025-10-03 08:25:00,341.15,341.35,341.0,341.35,21732
2025-10-03 08:30:00,341.35,341.5,341.1,341.5,35490
2025-10-03 08:35:00,341.5,341.7,341.3,341.4,30083
2025-10-03 08:40:00,341.3,341.35,340.95,340.95,52059
2025-10-03 08:45:00,340.95,341.1,340.75,341.0,38535
2025-10-03 08:50:00,341.0,341.65,341.0,341.6,70233
2025-10-03 08:55:00,341.6,341.8,341.5,341.7,73020
2025-10-03 09:00:00,341.75,342.0,341.5,341.7,63076
2025-10-03 09:05:00,341.65,341.65,340.5,340.6,145960
2025-10-03 09:10:00,340.65,341.0,340.0,340.95,414846
2025-10-03 09:15:00,340.95,341.15,340.6,341.0,130809
2025-10-03 09:20:00,341.05,341.45,339.85,340.9,395224
2025-10-03 09:25:00,340.8,341.45,340.45,341.45,323248
2025-10-03 09:30:00,341.45,341.95,340.75,341.8,167794
2025-10-03 09:35:00,341.95,342.2,341.75,341.8,146028
2025-10-03 09:40:00,341.55,341.75,341.3,341.55,114805
2025-10-03 09:45:00,341.55,341.95,341.55,341.8,142799
2025-10-03 09:50:00,341.75,341.85,341.35,341.45,161031
2025-10-03 09:55:00,341.45,342.0,340.7,341.65,237505
2025-10-06 03:45:00,342.0,345.0,341.85,342.55,175185
2025-10-06 03:50:00,342.55,343.9,342.25,343.15,133441
2025-10-06 03:55:00,343.3,344.2,342.9,343.7,68556
2025-10-06 04:00:00,343.85,343.9,343.05,343.2,82689
2025-10-06 04:05:00,343.3,343.4,342.4,342.8,48233
2025-10-06 04:10:00,342.8,343.0,342.25,342.7,34559
2025-10-06 04:15:00,342.7,342.7,340.0,340.0,120386
2025-10-06 04:20:00,340.05,340.95,340.05,340.55,42464
2025-10-06 04:25:00,340.6,341.2,340.55,341.0,16052
2025-10-06 04:30:00,341.1,341.55,340.8,341.2,24559
2025-10-06 04:35:00,341.2,341.25,340.75,341.1,21854
2025-10-06 04:40:00,341.2,341.65,341.05,341.25,11860
2025-10-06 04:45:00,341.2,342.05,341.05,342.05,25636
2025-10-06 04:50:00,342.2,342.5,341.75,342.15,23618
2025-10-06 04:55:00,342.15,342.15,341.35,341.55,16640
2025-10-06 05:00:00,341.6,342.15,341.45,342.0,17126
2025-10-06 05:05:00,342.0,343.15,341.85,343.1,26645
2025-10-06 05:10:00,343.05,343.15,342.3,342.35,43491
2025-10-06 05:15:00,342.3,342.35,341.8,342.3,15695
2025-10-06 05:20:00,342.2,342.3,339.15,340.0,145483
2025-10-06 05:25:00,340.0,340.5,339.75,340.0,28429
2025-10-06 05:30:00,340.0,340.45,339.75,340.05,20726
2025-10-06 05:35:00,340.05,340.7,339.3,339.45,110172
2025-10-06 05:40:00,339.35,339.8,339.3,339.65,16868
2025-10-06 05:45:00,339.6,339.95,339.45,339.85,24362
2025-10-06 05:50:00,339.85,340.5,339.85,340.1,201873
2025-10-06 05:55:00,340.1,340.15,339.75,340.15,19367
2025-10-06 06:00:00,340.15,340.35,339.95,340.35,10852
2025-10-06 06:05:00,340.4,340.7,340.35,340.7,17993
2025-10-06 06:10:00,340.65,340.7,339.7,339.9,33836
2025-10-06 06:15:00,339.9,340.0,339.75,339.75,21221
2025-10-06 06:20:00,339.75,340.05,339.65,339.8,27374
2025-10-06 06:25:00,339.7,340.0,339.7,339.85,14083
2025-10-06 06:30:00,339.85,340.2,339.8,340.0,76611
2025-10-06 06:35:00,340.0,340.05,339.9,340.0,21204
2025-10-06 06:40:00,340.0,340.55,339.75,340.3,68179
2025-10-06 06:45:00,340.6,340.6,339.95,340.0,90279
2025-10-06 06:50:00,340.0,340.15,339.9,339.9,15071
2025-10-06 06:55:00,339.75,340.0,339.7,339.85,29545
2025-10-06 07:00:00,339.85,340.0,339.7,339.9,30242
2025-10-06 07:05:00,339.9,340.0,339.5,339.7,14407
2025-10-06 07:10:00,339.7,339.75,339.1,339.15,27240
2025-10-06 07:15:00,339.25,339.9,339.15,339.85,14541
2025-10-06 07:20:00,339.85,340.0,339.75,339.95,15296
2025-10-06 07:25:00,339.9,340.2,339.75,339.95,87625
2025-10-06 07:30:00,339.95,340.0,339.8,339.8,17996
2025-10-06 07:35:00,339.8,340.0,339.8,339.95,17106
2025-10-06 07:40:00,339.9,340.0,339.5,339.85,21727
2025-10-06 07:45:00,339.85,339.95,339.65,339.8,16100
2025-10-06 07:50:00,339.8,339.85,339.4,339.8,15480
2025-10-06 07:55:00,339.8,340.0,339.7,339.85,19205
2025-10-06 08:00:00,339.85,340.6,339.85,339.95,60255
2025-10-06 08:05:00,340.0,340.5,339.85,339.95,199189
2025-10-06 08:10:00,339.95,340.2,339.7,339.8,56368
2025-10-06 08:15:00,339.8,339.8,338.85,338.95,70354
2025-10-06 08:20:00,338.85,339.25,338.55,339.15,24857
2025-10-06 08:25:00,339.2,339.5,339.15,339.15,35392
2025-10-06 08:30:00,339.15,339.85,339.15,339.55,39986
2025-10-06 08:35:00,339.65,339.95,339.55,339.75,20054
2025-10-06 08:40:00,339.75,339.85,339.0,339.05,28025
2025-10-06 08:45:00,339.05,339.7,339.0,339.4,25707
2025-10-06 08:50:00,339.5,339.7,339.4,339.5,21224
2025-10-06 08:55:00,339.55,339.7,339.35,339.55,28394
2025-10-06 09:00:00,339.5,343.25,339.5,343.15,278100
2025-10-06 09:05:00,343.15,343.95,342.6,343.4,191547
2025-10-06 09:10:00,343.45,343.65,340.65,340.8,569738
2025-10-06 09:15:00,340.9,341.7,340.5,341.55,82945
2025-10-06 09:20:00,341.45,341.6,340.2,340.8,124082
2025-10-06 09:25:00,341.0,345.5,340.95,345.0,719250
2025-10-06 09:30:00,345.35,345.35,343.55,343.75,338414
2025-10-06 09:35:00,343.75,344.15,343.0,343.0,111173
2025-10-06 09:40:00,343.0,343.55,342.9,343.2,152139
2025-10-06 09:45:00,343.1,343.5,342.65,342.7,66842
2025-10-06 09:50:00,342.75,343.3,342.55,342.6,185059
2025-10-06 09:55:00,342.75,343.5,342.5,342.5,226695
2025-10-07 03:45:00,343.6,344.45,342.1,342.6,230954
2025-10-07 03:50:00,342.45,343.8,342.45,343.05,149728
2025-10-07 03:55:00,342.8,343.15,341.15,341.8,107159
2025-10-07 04:00:00,341.85,342.35,341.05,342.15,82679
2025-10-07 04:05:00,342.15,343.35,342.0,343.25,116941
2025-10-07 04:10:00,343.2,343.65,342.8,343.0,146343
2025-10-07 04:15:00,342.95,343.95,342.25,342.8,151417
2025-10-07 04:20:00,342.8,344.5,342.7,343.65,199668
2025-10-07 04:25:00,343.65,344.0,342.75,343.4,87433
2025-10-07 04:30:00,343.35,343.75,343.35,343.45,73743
2025-10-07 04:35:00,343.6,344.2,343.4,343.85,75047
2025-10-07 04:40:00,343.8,344.25,343.5,344.0,84952
2025-10-07 04:45:00,344.0,344.2,343.7,343.85,114270
2025-10-07 04:50:00,344.15,344.15,343.5,343.65,153700
2025-10-07 04:55:00,343.65,343.7,341.25,341.35,236323
2025-10-07 05:00:00,341.4,341.8,341.15,341.35,93160
2025-10-07 05:05:00,341.4,342.5,341.1,341.6,194164
2025-10-07 05:10:00,341.55,341.9,341.3,341.6,49668
2025-10-07 05:15:00,341.5,342.15,341.5,341.85,59478
2025-10-07 05:20:00,341.85,342.0,341.2,341.6,53441
2025-10-07 05:25:00,341.75,341.8,341.35,341.4,39710
2025-10-07 05:30:00,341.5,341.95,341.4,341.8,38375
2025-10-07 05:35:00,341.75,342.0,341.7,341.95,42714
2025-10-07 05:40:00,341.85,342.3,341.45,342.15,37630
2025-10-07 05:45:00,342.15,342.5,342.1,342.4,43581
2025-10-07 05:50:00,342.3,342.4,341.5,341.6,49316
2025-10-07 05:55:00,341.5,342.4,341.5,342.15,37367
2025-10-07 06:00:00,342.15,342.35,341.8,341.95,25089
2025-10-07 06:05:00,341.95,342.5,341.75,342.3,45581
2025-10-07 06:10:00,342.35,343.0,342.35,342.9,42525
2025-10-07 06:15:00,343.0,343.2,342.75,342.8,26847
2025-10-07 06:20:00,342.8,344.2,342.75,342.85,91547
2025-10-07 06:25:00,342.75,343.0,342.65,342.9,27855
2025-10-07 06:30:00,342.9,343.2,342.9,342.95,24090
2025-10-07 06:35:00,342.95,343.7,342.95,343.55,44688
2025-10-07 06:40:00,343.5,343.65,343.1,343.45,27521
2025-10-07 06:45:00,343.3,343.55,343.0,343.3,16683
2025-10-07 06:50:00,343.1,343.25,342.5,342.8,25203
2025-10-07 06:55:00,342.7,343.0,342.6,342.95,29887
2025-10-07 07:00:00,342.95,343.0,342.6,342.75,27561
2025-10-07 07:05:00,342.6,343.25,342.6,343.25,29640
2025-10-07 07:10:00,343.2,343.3,343.15,343.15,24263
2025-10-07 07:15:00,343.15,343.25,342.75,342.8,34657
2025-10-07 07:20:00,342.8,343.35,342.8,343.05,34025
2025-10-07 07:25:00,343.0,343.3,342.75,343.0,26117
2025-10-07 07:30:00,343.0,343.25,342.7,342.95,46874
2025-10-07 07:35:00,342.95,343.0,342.55,342.7,28680
2025-10-07 07:40:00,342.65,342.85,342.05,342.2,68302
2025-10-07 07:45:00,342.2,342.55,342.15,342.5,30699
2025-10-07 07:50:00,342.45,342.85,342.45,342.75,30004
2025-10-07 07:55:00,342.75,343.0,342.6,342.6,41042
2025-10-07 08:00:00,342.7,343.4,342.6,342.95,68061
2025-10-07 08:05:00,342.95,343.3,342.75,343.3,39990
2025-10-07 08:10:00,343.4,344.6,343.4,344.6,119084
2025-10-07 08:15:00,344.65,346.15,344.1,345.8,277388
2025-10-07 08:20:00,345.65,346.25,345.1,345.65,153002
2025-10-07 08:25:00,345.7,345.7,345.0,345.5,70128
2025-10-07 08:30:00,345.45,345.5,345.1,345.45,49170
2025-10-07 08:35:00,345.5,345.5,344.1,344.55,93108
2025-10-07 08:40:00,344.5,344.65,343.55,343.8,61309
2025-10-07 08:45:00,343.65,343.75,343.2,343.45,28954
2025-10-07 08:50:00,343.55,343.6,343.25,343.5,19555
2025-10-07 08:55:00,343.5,343.7,343.35,343.35,34079
2025-10-07 09:00:00,343.5,343.9,342.8,342.8,73103
2025-10-07 09:05:00,342.95,342.95,342.3,342.75,70206
2025-10-07 09:10:00,342.6,342.95,342.4,342.85,31298
2025-10-07 09:15:00,342.8,343.2,342.55,343.2,45853
2025-10-07 09:20:00,343.2,343.35,343.0,343.2,38501
2025-10-07 09:25:00,343.15,343.35,342.0,342.15,246918
2025-10-07 09:30:00,342.0,342.2,341.65,341.95,234442
2025-10-07 09:35:00,341.95,342.0,341.8,341.9,61056
2025-10-07 09:40:00,341.9,342.0,341.8,341.8,108152
2025-10-07 09:45:00,341.8,342.0,341.7,341.85,90891
2025-10-07 09:50:00,341.85,341.95,341.55,341.6,139852
2025-10-07 09:55:00,341.75,342.0,341.7,342.0,158777
2025-10-08 03:45:00,341.25,341.9,340.35,341.6,170103
2025-10-08 03:50:00,341.6,341.7,339.5,340.9,140115
2025-10-08 03:55:00,340.9,341.5,340.1,340.75,53746
2025-10-08 04:00:00,340.75,341.45,340.2,340.7,59271
2025-10-08 04:05:00,340.75,341.4,340.7,341.4,25138
2025-10-08 04:10:00,341.4,341.8,341.05,341.65,44430
2025-10-08 04:15:00,341.65,341.8,341.45,341.55,64240
2025-10-08 04:20:00,341.55,343.0,341.1,342.8,153382
2025-10-08 04:25:00,342.8,342.95,342.15,342.85,37455
2025-10-08 04:30:00,342.85,343.5,342.7,343.3,63075
2025-10-08 04:35:00,343.1,343.4,343.1,343.2,20868
2025-10-08 04:40:00,343.2,344.5,342.4,344.4,134111
2025-10-08 04:45:00,344.65,345.0,344.0,344.3,156411
2025-10-08 04:50:00,344.35,345.2,344.35,344.85,172053
2025-10-08 04:55:00,344.85,348.15,344.7,347.9,417268
2025-10-08 05:00:00,347.85,348.1,346.5,346.7,226820
2025-10-08 05:05:00,346.7,346.85,345.8,346.0,58174
2025-10-08 05:10:00,346.0,346.1,345.15,345.4,104248
2025-10-08 05:15:00,345.45,345.6,345.25,345.6,35875
2025-10-08 05:20:00,345.6,345.9,345.15,345.35,30642
2025-10-08 05:25:00,345.25,345.7,345.0,345.0,80108
2025-10-08 05:30:00,345.0,345.35,344.7,344.9,174026
2025-10-08 05:35:00,344.95,344.95,344.4,344.4,171582
2025-10-08 05:40:00,344.35,345.5,344.0,345.05,167259
2025-10-08 05:45:00,345.0,345.4,344.9,344.95,60934
2025-10-08 05:50:00,344.95,345.4,344.8,345.2,51468
2025-10-08 05:55:00,345.25,345.8,345.2,345.8,53165
2025-10-08 06:00:00,345.8,345.8,345.15,345.3,19224
2025-10-08 06:05:00,345.3,345.45,345.05,345.1,16980
2025-10-08 06:10:00,345.1,345.25,345.0,345.0,16877
2025-10-08 06:15:00,345.05,345.1,344.9,345.05,16842
2025-10-08 06:20:00,345.05,345.85,344.9,345.75,67905
2025-10-08 06:25:00,345.7,346.25,345.5,345.85,38755
2025-10-08 06:30:00,345.8,345.85,344.8,344.8,38875
2025-10-08 06:35:00,344.8,345.55,344.8,345.55,29204
2025-10-08 06:40:00,345.55,345.55,345.0,345.2,24041
2025-10-08 06:45:00,345.35,346.45,345.35,346.4,77576
2025-10-08 06:50:00,346.4,346.75,346.3,346.55,35659
2025-10-08 06:55:00,346.6,346.7,346.35,346.65,29364
2025-10-08 07:00:00,346.65,348.15,346.5,347.55,196615
2025-10-08 07:05:00,347.6,350.0,347.6,349.15,596869
2025-10-08 07:10:00,349.1,349.2,348.35,348.75,132953
2025-10-08 07:15:00,348.8,348.85,347.55,347.75,88079
2025-10-08 07:20:00,347.75,348.3,347.6,347.95,52602
2025-10-08 07:25:00,348.0,348.6,347.5,348.35,111771
2025-10-08 07:30:00,348.35,348.45,346.95,347.8,209513
2025-10-08 07:35:00,347.75,347.85,346.25,347.2,71738
2025-10-08 07:40:00,347.25,347.7,346.65,347.0,153187
2025-10-08 07:45:00,347.1,348.25,347.0,348.1,91729
2025-10-08 07:50:00,348.25,348.8,348.1,348.7,57968
2025-10-08 07:55:00,348.8,348.85,348.15,348.3,51398
2025-10-08 08:00:00,348.2,349.0,348.1,348.6,86545
2025-10-08 08:05:00,348.75,349.35,348.55,348.8,107755
2025-10-08 08:10:00,348.95,349.0,348.1,348.15,50727
2025-10-08 08:15:00,348.15,348.5,348.15,348.3,38224
2025-10-08 08:20:00,348.45,348.75,348.2,348.25,66074
2025-10-08 08:25:00,348.2,348.7,348.15,348.6,70344
2025-10-08 08:30:00,348.45,348.85,348.0,348.25,88865
2025-10-08 08:35:00,348.2,348.35,347.5,347.7,109701
2025-10-08 08:40:00,347.85,348.15,347.0,347.15,104935
2025-10-08 08:45:00,347.05,347.6,346.6,346.7,136960
2025-10-08 08:50:00,346.65,346.8,346.25,346.7,58029
2025-10-08 08:55:00,346.55,346.75,346.2,346.35,38907
2025-10-08 09:00:00,346.3,346.4,346.0,346.1,46275
2025-10-08 09:05:00,346.05,346.6,345.8,346.5,82581
2025-10-08 09:10:00,346.4,346.55,345.85,346.0,53960
2025-10-08 09:15:00,346.0,346.0,345.75,345.75,49806
2025-10-08 09:20:00,345.8,345.95,345.35,345.95,88094
2025-10-08 09:25:00,345.75,345.9,345.4,345.5,94290
2025-10-08 09:30:00,345.55,345.55,345.2,345.55,141117
2025-10-08 09:35:00,345.5,345.75,345.25,345.25,74916
2025-10-08 09:40:00,345.25,345.35,344.95,345.1,300818
2025-10-08 09:45:00,345.1,345.4,344.6,345.25,417662
2025-10-08 09:50:00,345.3,345.3,345.0,345.05,209462
2025-10-08 09:55:00,345.05,345.5,344.95,345.1,271907
2025-10-09 03:45:00,347.25,347.6,344.0,346.15,241881
2025-10-09 03:50:00,346.1,349.25,345.55,349.0,199930
2025-10-09 03:55:00,349.0,350.3,349.0,349.55,306593
2025-10-09 04:00:00,349.5,349.55,348.0,348.0,168572
2025-10-09 04:05:00,348.0,349.0,347.7,348.7,59695
2025-10-09 04:10:00,348.7,348.7,347.35,347.55,53309
2025-10-09 04:15:00,347.55,348.0,347.3,347.75,51225
2025-10-09 04:20:00,347.75,348.2,347.25,347.9,53289
2025-10-09 04:25:00,347.9,348.25,347.3,347.4,40722
2025-10-09 04:30:00,347.5,347.5,346.8,346.9,67581
2025-10-09 04:35:00,347.1,348.9,347.1,348.7,101121
2025-10-09 04:40:00,348.75,348.75,347.55,348.15,57896
2025-10-09 04:45:00,348.3,348.9,348.0,348.65,42740
2025-10-09 04:50:00,348.75,348.75,348.05,348.05,10013
2025-10-09 04:55:00,348.05,348.75,348.05,348.4,21076
2025-10-09 05:00:00,348.35,349.0,348.35,348.85,46063
2025-10-09 05:05:00,348.8,349.4,348.7,348.8,38375
2025-10-09 05:10:00,348.85,349.75,348.6,349.45,44787
2025-10-09 05:15:00,349.5,351.0,349.25,350.9,224877
2025-10-09 05:20:00,350.9,350.95,349.45,350.1,69821
2025-10-09 05:25:00,350.1,350.8,350.1,350.2,82946
2025-10-09 05:30:00,350.1,350.4,348.35,348.6,115060
2025-10-09 05:35:00,348.5,349.9,348.3,349.6,40274
2025-10-09 05:40:00,349.45,349.6,348.3,348.45,39100
2025-10-09 05:45:00,348.45,348.55,348.15,348.15,40897
2025-10-09 05:50:00,348.3,348.35,347.4,347.45,43081
2025-10-09 05:55:00,347.45,347.6,347.0,347.3,54076
2025-10-09 06:00:00,347.25,347.5,347.0,347.1,33204
2025-10-09 06:05:00,347.1,347.35,346.7,346.7,36415
2025-10-09 06:10:00,346.7,346.8,346.25,346.4,43175
2025-10-09 06:15:00,346.45,346.5,345.85,346.0,50493
2025-10-09 06:20:00,345.85,346.35,345.65,346.25,95507
2025-10-09 06:25:00,346.25,346.6,346.25,346.4,38659
2025-10-09 06:30:00,346.45,346.65,346.35,346.35,19814
2025-10-09 06:35:00,346.4,346.6,346.3,346.55,14031
2025-10-09 06:40:00,346.7,347.2,346.55,346.55,30705
2025-10-09 06:45:00,346.65,347.5,346.6,347.15,38967
2025-10-09 06:50:00,347.15,347.4,347.05,347.15,13959
2025-10-09 06:55:00,347.35,347.35,346.6,346.7,19329
2025-10-09 07:00:00,346.8,347.0,346.55,346.55,13203
2025-10-09 07:05:00,346.75,346.75,346.45,346.55,9121
2025-10-09 07:10:00,346.5,346.9,346.25,346.8,21778
2025-10-09 07:15:00,346.8,347.0,346.35,346.4,104547
2025-10-09 07:20:00,346.5,346.8,346.0,346.5,134190
2025-10-09 07:25:00,346.4,346.55,345.65,345.85,77663
2025-10-09 07:30:00,345.9,346.55,345.75,346.0,142275
2025-10-09 07:35:00,345.9,346.4,345.9,346.1,37887
2025-10-09 07:40:00,346.0,346.25,345.4,345.4,65580
2025-10-09 07:45:00,345.45,345.5,345.05,345.5,41307
2025-10-09 07:50:00,345.45,345.6,345.25,345.4,25186
2025-10-09 07:55:00,345.4,345.45,345.15,345.15,15939
2025-10-09 08:00:00,345.3,345.5,344.9,345.0,296319
2025-10-09 08:05:00,344.9,345.0,344.7,344.7,20081
2025-10-09 08:10:00,344.85,345.4,344.7,345.4,27111
2025-10-09 08:15:00,345.45,345.45,345.05,345.1,25830
2025-10-09 08:20:00,345.15,345.45,345.1,345.25,18780
2025-10-09 08:25:00,345.35,345.35,345.2,345.2,11699
2025-10-09 08:30:00,345.3,345.8,345.1,345.45,42295
2025-10-09 08:35:00,345.55,345.8,345.45,345.5,22159
2025-10-09 08:40:00,345.55,345.7,345.2,345.2,20669
2025-10-09 08:45:00,345.3,345.3,344.75,344.75,38324
2025-10-09 08:50:00,344.8,344.9,344.35,344.85,34374
2025-10-09 08:55:00,344.9,344.9,344.5,344.65,23456
2025-10-09 09:00:00,344.7,344.95,344.65,344.7,32481
2025-10-09 09:05:00,344.7,345.0,344.7,345.0,58259
2025-10-09 09:10:00,345.0,345.45,344.15,344.4,221815
2025-10-09 09:15:00,344.45,344.45,344.2,344.2,33250
2025-10-09 09:20:00,344.25,344.3,344.1,344.3,19357
2025-10-09 09:25:00,344.2,344.55,344.2,344.5,30807
2025-10-09 09:30:00,344.5,345.0,343.85,344.9,473565
2025-10-09 09:35:00,344.9,344.9,343.1,343.8,806578
2025-10-09 09:40:00,343.8,343.9,343.35,343.65,600639
2025-10-09 09:45:00,343.6,344.15,343.6,344.15,217811
2025-10-09 09:50:00,344.1,344.25,343.75,344.1,252761
2025-10-09 09:55:00,344.15,345.0,343.75,344.5,245467
2025-10-10 03:45:00,345.5,346.9,344.9,346.3,110952
2025-10-10 03:50:00,346.3,347.3,345.8,347.3,73221
2025-10-10 03:55:00,347.15,347.15,346.5,347.0,46176
2025-10-10 04:00:00,347.0,347.25,346.1,346.3,50691
2025-10-10 04:05:00,346.3,346.35,344.65,344.65,58974
2025-10-10 04:10:00,344.65,345.2,344.6,344.75,58389
2025-10-10 04:15:00,344.75,346.0,344.75,345.0,122914
2025-10-10 04:20:00,345.0,345.45,344.95,345.25,34402
2025-10-10 04:25:00,345.25,346.15,345.25,345.8,51778
2025-10-10 04:30:00,345.65,346.4,345.65,346.05,26126
2025-10-10 04:35:00,346.05,346.25,345.6,345.7,37131
2025-10-10 04:40:00,346.05,346.15,345.8,345.9,11256
2025-10-10 04:45:00,345.95,346.0,345.6,345.7,35902
2025-10-10 04:50:00,345.7,346.25,345.7,345.75,18026
2025-10-10 04:55:00,345.7,346.0,345.55,345.85,46485
2025-10-10 05:00:00,345.85,345.9,345.35,345.75,101196
2025-10-10 05:05:00,345.75,345.8,344.55,344.85,41114
2025-10-10 05:10:00,344.8,344.9,344.2,344.25,26849
2025-10-10 05:15:00,344.3,344.7,344.2,344.5,25013
2025-10-10 05:20:00,344.65,345.5,344.55,345.4,57627
2025-10-10 05:25:00,345.25,345.35,344.65,344.7,23538
2025-10-10 05:30:00,344.75,345.15,344.7,345.05,17729
2025-10-10 05:35:00,345.1,345.1,344.5,344.6,20332
2025-10-10 05:40:00,344.7,344.9,344.05,344.6,39152
2025-10-10 05:45:00,344.55,344.75,344.05,344.7,130323
2025-10-10 05:50:00,344.55,344.65,343.9,344.0,112959
2025-10-10 05:55:00,344.0,344.0,342.15,342.15,140026
2025-10-10 06:00:00,342.1,342.4,341.7,342.15,39468
2025-10-10 06:05:00,342.2,342.7,342.15,342.55,18973
2025-10-10 06:10:00,342.55,342.8,342.3,342.7,28878
2025-10-10 06:15:00,342.7,342.95,342.6,342.65,13069
2025-10-10 06:20:00,342.65,342.95,342.55,342.7,17446
2025-10-10 06:25:00,342.7,342.75,342.25,342.3,17154
2025-10-10 06:30:00,342.3,342.45,342.1,342.2,22564
2025-10-10 06:35:00,342.2,342.3,342.0,342.0,25845
2025-10-10 06:40:00,342.0,342.2,341.65,341.75,39372
2025-10-10 06:45:00,341.65,342.0,341.65,341.9,40164
2025-10-10 06:50:00,341.9,342.15,341.65,341.95,85783
2025-10-10 06:55:00,341.75,341.9,341.55,341.6,17761
2025-10-10 07:00:00,341.65,341.7,341.45,341.6,42453
2025-10-10 07:05:00,341.6,342.05,341.5,341.95,87634
2025-10-10 07:10:00,341.85,341.95,341.75,341.75,23671
2025-10-10 07:15:00,341.75,342.1,341.75,341.95,49771
2025-10-10 07:20:00,341.95,342.05,341.55,341.6,30447
2025-10-10 07:25:00,341.55,341.75,341.25,341.55,41934
2025-10-10 07:30:00,341.55,341.8,341.2,341.4,26923
2025-10-10 07:35:00,341.3,341.6,341.2,341.45,20918
2025-10-10 07:40:00,341.45,341.7,341.4,341.5,20338
2025-10-10 07:45:00,341.5,341.7,341.35,341.5,26403
2025-10-10 07:50:00,341.5,341.5,341.1,341.45,26045
2025-10-10 07:55:00,341.25,341.4,340.7,341.0,86745
2025-10-10 08:00:00,340.85,341.35,340.5,341.3,49182
2025-10-10 08:05:00,341.25,341.35,340.4,340.65,876896
2025-10-10 08:10:00,340.4,340.75,340.2,340.55,80437
2025-10-10 08:15:00,340.5,341.0,340.5,340.95,21872
2025-10-10 08:20:00,340.85,341.05,340.65,340.8,20018
2025-10-10 08:25:00,340.8,340.9,340.5,340.55,19471
2025-10-10 08:30:00,340.5,340.6,340.25,340.45,23791
2025-10-10 08:35:00,340.4,340.5,340.1,340.3,38127
2025-10-10 08:40:00,340.2,340.5,340.0,340.4,54777
2025-10-10 08:45:00,340.25,340.65,340.2,340.5,18083
2025-10-10 08:50:00,340.4,340.65,340.05,340.6,34807
2025-10-10 08:55:00,340.6,340.65,340.1,340.2,23255
2025-10-10 09:00:00,340.1,340.4,339.75,339.9,64895
2025-10-10 09:05:00,339.9,340.15,339.7,339.7,46349
2025-10-10 09:10:00,339.7,340.0,339.55,339.9,16357
2025-10-10 09:15:00,339.9,339.95,339.35,339.65,27874
2025-10-10 09:20:00,339.5,340.0,339.45,339.95,44995
2025-10-10 09:25:00,339.85,340.0,339.7,339.9,34961
2025-10-10 09:30:00,339.9,340.0,338.7,339.3,290773
2025-10-10 09:35:00,339.25,339.3,338.7,338.9,231856
2025-10-10 09:40:00,338.85,339.0,338.7,338.9,257092
2025-10-10 09:45:00,338.95,339.2,338.8,339.15,323652
2025-10-10 09:50:00,339.1,339.15,338.0,338.2,358873
2025-10-10 09:55:00,338.15,338.7,337.2,338.4,396345
2025-10-13 03:45:00,340.5,342.0,338.55,339.4,353067
2025-10-13 03:50:00,339.55,339.7,338.0,339.2,174129
2025-10-13 03:55:00,339.0,339.25,338.55,338.65,87849
2025-10-13 04:00:00,338.55,339.2,338.4,338.95,116377
2025-10-13 04:05:00,338.85,338.85,337.25,338.45,124277
2025-10-13 04:10:00,338.35,338.75,338.05,338.2,126221
2025-10-13 04:15:00,338.25,339.0,337.7,338.0,88706
2025-10-13 04:20:00,337.85,337.95,337.05,337.4,58580
2025-10-13 04:25:00,337.3,337.6,337.05,337.25,58152
2025-10-13 04:30:00,337.3,337.3,336.3,337.0,76461
2025-10-13 04:35:00,337.0,337.5,336.75,337.1,64115
2025-10-13 04:40:00,337.1,337.15,336.5,336.55,40566
2025-10-13 04:45:00,336.65,336.95,336.5,336.65,39237
2025-10-13 04:50:00,336.75,336.9,336.15,336.2,46981
2025-10-13 04:55:00,336.25,336.35,336.0,336.15,56315
2025-10-13 05:00:00,336.25,336.7,336.15,336.55,30460
2025-10-13 05:05:00,336.6,336.9,336.2,336.4,37511
2025-10-13 05:10:00,336.4,336.9,336.35,336.35,100724
2025-10-13 05:15:00,336.5,337.05,336.15,336.85,132296
2025-10-13 05:20:00,336.9,336.9,336.05,336.15,48832
2025-10-13 05:25:00,336.05,337.0,336.0,336.75,45308
2025-10-13 05:30:00,336.7,336.85,336.1,336.45,35001
2025-10-13 05:35:00,336.4,336.55,336.05,336.2,35824
2025-10-13 05:40:00,336.2,336.35,336.0,336.05,32467
2025-10-13 05:45:00,336.05,336.1,335.65,335.65,35288
2025-10-13 05:50:00,335.65,335.8,335.2,335.3,60426
2025-10-13 05:55:00,335.25,335.6,335.15,335.45,33658
2025-10-13 06:00:00,335.5,335.8,335.3,335.6,29260
2025-10-13 06:05:00,335.6,336.0,335.5,336.0,26466
2025-10-13 06:10:00,336.0,336.9,335.85,336.35,61640
2025-10-13 06:15:00,336.4,336.45,336.05,336.2,49544
2025-10-13 06:20:00,336.25,336.6,336.05,336.35,43603
2025-10-13 06:25:00,336.35,336.8,336.2,336.6,45549
2025-10-13 06:30:00,336.6,336.85,336.3,336.4,39455
2025-10-13 06:35:00,336.45,336.8,336.35,336.35,31916
2025-10-13 06:40:00,336.4,337.0,336.3,336.75,44374
2025-10-13 06:45:00,336.75,337.0,336.55,336.8,60027
2025-10-13 06:50:00,336.75,336.95,336.35,336.35,31500
2025-10-13 06:55:00,336.45,336.95,336.25,336.6,40452
2025-10-13 07:00:00,336.6,336.85,336.4,336.4,26823
2025-10-13 07:05:00,336.45,336.8,336.4,336.5,38683
2025-10-13 07:10:00,336.55,337.0,336.4,337.0,47044
2025-10-13 07:15:00,337.0,337.0,336.65,336.8,34949
2025-10-13 07:20:00,336.8,337.55,336.75,337.45,157196
2025-10-13 07:25:00,337.65,337.9,336.9,336.9,129128
2025-10-13 07:30:00,336.9,337.1,336.6,336.75,62911
2025-10-13 07:35:00,336.75,337.2,336.55,337.15,132991
2025-10-13 07:40:00,337.1,338.35,337.1,338.1,344798
2025-10-13 07:45:00,338.0,338.1,337.25,337.45,79835
2025-10-13 07:50:00,337.35,337.5,336.9,336.95,86198
2025-10-13 07:55:00,336.9,337.0,336.6,336.6,59067
2025-10-13 08:00:00,336.65,337.0,336.5,336.8,39916
2025-10-13 08:05:00,336.8,337.0,336.7,336.75,31610
2025-10-13 08:10:00,336.9,336.95,336.55,336.55,32390
2025-10-13 08:15:00,336.6,337.0,336.55,336.6,51498
2025-10-13 08:20:00,336.6,336.9,336.5,336.7,30014
2025-10-13 08:25:00,336.7,336.8,336.4,336.45,32973
2025-10-13 08:30:00,336.45,336.9,336.4,336.45,27185
2025-10-13 08:35:00,336.65,336.8,336.4,336.45,31487
2025-10-13 08:40:00,336.45,336.95,336.15,336.25,48079
2025-10-13 08:45:00,336.35,336.45,336.15,336.2,32922
2025-10-13 08:50:00,336.15,338.4,336.15,337.95,972870
2025-10-13 08:55:00,338.0,338.1,337.15,337.3,146938
2025-10-13 09:00:00,337.35,338.0,337.2,337.3,65097
2025-10-13 09:05:00,337.4,337.5,336.55,336.55,156728
2025-10-13 09:10:00,336.7,336.8,336.1,336.45,69657
2025-10-13 09:15:00,336.25,336.6,336.2,336.4,39297
2025-10-13 09:20:00,336.45,337.45,336.35,337.4,222979
2025-10-13 09:25:00,337.2,337.55,337.1,337.45,97146
2025-10-13 09:30:00,337.4,337.75,336.95,337.35,123807
2025-10-13 09:35:00,337.35,337.8,337.3,337.75,82468
2025-10-13 09:40:00,337.7,338.15,337.6,337.85,158753
2025-10-13 09:45:00,338.0,338.65,337.9,338.4,157796
2025-10-13 09:50:00,338.35,338.5,338.25,338.4,112327
2025-10-13 09:55:00,338.45,338.7,337.6,338.15,138471
2025-10-14 03:45:00,338.15,339.6,338.15,339.2,191957
2025-10-14 03:50:00,339.2,340.3,339.1,339.15,88430
2025-10-14 03:55:00,339.15,339.3,338.7,339.0,58878
2025-10-14 04:00:00,339.0,339.25,337.55,338.3,76717
2025-10-14 04:05:00,338.4,338.55,338.15,338.25,34923
2025-10-14 04:10:00,338.25,338.8,338.05,338.3,27856
2025-10-14 04:15:00,338.2,338.2,337.65,337.9,55877
2025-10-14 04:20:00,337.9,337.9,337.35,337.35,20783
2025-10-14 04:25:00,337.35,337.5,337.15,337.35,28132
2025-10-14 04:30:00,337.35,337.6,336.8,337.15,44074
2025-10-14 04:35:00,336.95,337.1,336.75,336.95,12699
2025-10-14 04:40:00,336.95,337.1,336.75,336.85,18705
2025-10-14 04:45:00,336.65,336.8,336.25,336.5,27892
2025-10-14 04:50:00,336.35,336.7,336.2,336.5,17767
2025-10-14 04:55:00,336.4,337.0,336.4,336.65,19247
2025-10-14 05:00:00,336.55,336.85,336.25,336.5,24049
2025-10-14 05:05:00,336.5,336.65,336.15,336.55,29389
2025-10-14 05:10:00,336.8,337.3,336.65,336.9,22896
2025-10-14 05:15:00,336.85,337.7,336.8,337.3,23444
2025-10-14 05:20:00,337.3,337.6,336.65,336.95,48957
2025-10-14 05:25:00,336.85,337.25,336.6,336.85,12680
2025-10-14 05:30:00,336.75,336.85,336.1,336.5,62697
2025-10-14 05:35:00,336.45,336.5,335.65,335.9,55776
2025-10-14 05:40:00,335.75,336.2,335.75,336.0,99962
2025-10-14 05:45:00,336.0,336.05,335.5,336.0,67189
2025-10-14 05:50:00,336.0,336.05,335.8,336.0,31203
2025-10-14 05:55:00,336.0,336.0,335.75,335.75,9192
2025-10-14 06:00:00,335.8,335.85,334.6,334.8,402607
2025-10-14 06:05:00,334.75,334.8,334.35,334.6,23679
2025-10-14 06:10:00,334.7,335.0,334.25,334.4,87514
2025-10-14 06:15:00,334.3,334.4,334.05,334.15,10879
2025-10-14 06:20:00,334.15,334.3,333.75,333.8,43862
2025-10-14 06:25:00,333.75,334.1,333.75,334.1,103213
2025-10-14 06:30:00,334.05,334.1,333.65,333.9,29429
2025-10-14 06:35:00,333.9,333.9,333.15,333.3,33686
2025-10-14 06:40:00,333.25,333.3,333.15,333.15,16130
2025-10-14 06:45:00,333.25,333.6,332.85,333.0,70054
2025-10-14 06:50:00,333.0,333.0,332.9,333.0,23608
2025-10-14 06:55:00,332.95,333.0,332.5,332.5,21681
2025-10-14 07:00:00,332.55,332.55,332.15,332.35,22516
2025-10-14 07:05:00,332.45,332.5,331.8,331.95,68465
2025-10-14 07:10:00,331.85,332.2,331.7,332.1,31120
2025-10-14 07:15:00,332.0,332.8,332.0,332.5,23705
2025-10-14 07:20:00,332.5,332.85,332.5,332.7,15650
2025-10-14 07:25:00,332.7,332.9,332.6,332.75,11307
2025-10-14 07:30:00,332.85,332.9,332.65,332.75,16333
2025-10-14 07:35:00,332.75,333.0,332.25,332.25,20899
2025-10-14 07:40:00,332.35,332.5,331.5,332.15,78079
2025-10-14 07:45:00,332.15,332.5,332.05,332.45,192192
2025-10-14 07:50:00,332.3,332.7,332.05,332.7,72025
2025-10-14 07:55:00,332.6,332.8,332.4,332.45,24988
2025-10-14 08:00:00,332.45,332.85,332.05,332.8,49447
2025-10-14 08:05:00,332.8,333.1,332.45,332.9,41385
2025-10-14 08:10:00,332.85,332.95,332.15,332.2,81851
2025-10-14 08:15:00,332.15,332.25,331.6,332.0,59744
2025-10-14 08:20:00,332.0,332.05,330.65,331.45,173773
2025-10-14 08:25:00,331.45,331.9,331.35,331.65,38189
2025-10-14 08:30:00,331.6,332.1,331.15,331.6,48819
2025-10-14 08:35:00,331.7,331.95,331.35,331.5,37924
2025-10-14 08:40:00,331.5,331.75,331.2,331.45,49096
2025-10-14 08:45:00,331.45,331.75,331.35,331.35,36355
2025-10-14 08:50:00,331.5,332.0,331.35,331.85,32682
2025-10-14 08:55:00,331.85,333.15,331.85,332.85,71925
2025-10-14 09:00:00,332.85,333.1,332.65,333.05,66494
2025-10-14 09:05:00,333.0,333.55,332.85,333.2,75195
2025-10-14 09:10:00,333.2,333.5,333.05,333.4,50205
2025-10-14 09:15:00,333.35,333.6,332.9,333.1,45418
2025-10-14 09:20:00,333.05,333.2,332.8,333.1,41876
2025-10-14 09:25:00,333.1,333.35,332.85,333.2,74953
2025-10-14 09:30:00,333.05,333.5,332.4,332.45,114574
2025-10-14 09:35:00,332.45,332.55,332.2,332.3,68481
2025-10-14 09:40:00,332.3,332.55,332.15,332.45,114176
2025-10-14 09:45:00,332.4,333.25,332.4,332.65,122605
2025-10-14 09:50:00,332.65,332.65,332.05,332.1,93456
2025-10-14 09:55:00,332.15,332.5,331.45,332.5,95277
2025-10-15 03:45:00,334.95,334.95,333.4,333.85,111687
2025-10-15 03:50:00,333.85,334.35,333.45,334.35,72671
2025-10-15 03:55:00,334.35,334.4,333.95,334.4,42747
2025-10-15 04:00:00,334.4,335.4,334.05,334.05,95361
2025-10-15 04:05:00,334.0,334.3,333.8,334.25,54066
2025-10-15 04:10:00,334.2,334.6,333.9,333.95,56383
2025-10-15 04:15:00,333.85,333.95,333.4,333.7,36126
2025-10-15 04:20:00,333.7,333.9,333.4,333.6,22655
2025-10-15 04:25:00,333.6,333.7,332.75,333.15,50309
2025-10-15 04:30:00,333.2,333.6,332.95,333.05,38091
2025-10-15 04:35:00,333.1,333.1,332.15,332.2,351259
2025-10-15 04:40:00,332.25,332.6,332.25,332.4,41247
2025-10-15 04:45:00,332.4,332.6,332.3,332.4,33867
2025-10-15 04:50:00,332.35,332.55,332.35,332.5,12248
2025-10-15 04:55:00,332.55,334.3,332.05,333.2,1264909
2025-10-15 05:00:00,333.2,333.8,333.15,333.7,41518
2025-10-15 05:05:00,333.75,334.1,333.6,333.6,49997
2025-10-15 05:10:00,333.65,333.65,333.4,333.55,25251
2025-10-15 05:15:00,333.6,334.1,333.05,333.65,69314
2025-10-15 05:20:00,333.55,334.15,333.4,334.1,21603
2025-10-15 05:25:00,334.8,335.95,334.55,335.45,144100
2025-10-15 05:30:00,335.45,336.3,335.4,336.05,92660
2025-10-15 05:35:00,336.1,336.5,335.8,336.2,52440
2025-10-15 05:40:00,336.15,339.65,336.0,338.95,1226044
2025-10-15 05:45:00,338.95,339.0,338.15,338.7,89506
2025-10-15 05:50:00,338.7,338.8,338.25,338.75,49912
2025-10-15 05:55:00,338.7,338.75,336.8,336.9,158801
2025-10-15 06:00:00,336.95,337.0,336.7,336.85,56190
2025-10-15 06:05:00,336.9,337.1,336.25,336.35,126850
2025-10-15 06:10:00,336.35,338.05,336.35,336.85,204841
2025-10-15 06:15:00,336.75,337.95,336.7,337.85,324273
2025-10-15 06:20:00,337.8,338.45,337.8,338.35,29524
2025-10-15 06:25:00,338.25,339.05,338.25,338.65,51703
2025-10-15 06:30:00,338.65,338.75,338.15,338.2,21196
2025-10-15 06:35:00,338.2,339.2,338.15,339.15,31156
2025-10-15 06:40:00,339.15,339.35,338.2,338.4,27842
2025-10-15 06:45:00,338.35,340.0,338.35,339.2,144174
2025-10-15 06:50:00,339.25,339.5,339.15,339.3,29185
2025-10-15 06:55:00,339.3,340.75,339.25,339.85,252859
2025-10-15 07:00:00,339.7,340.0,339.3,339.45,75418
2025-10-15 07:05:00,339.45,339.95,339.45,339.75,137421
2025-10-15 07:10:00,339.7,340.0,339.4,339.4,152478
2025-10-15 07:15:00,339.4,340.0,339.4,339.95,146735
2025-10-15 07:20:00,339.95,340.4,339.8,339.95,142540
2025-10-15 07:25:00,339.95,339.95,339.3,339.5,48323
2025-10-15 07:30:00,339.45,339.95,339.45,339.95,28995
2025-10-15 07:35:00,339.9,339.95,338.85,338.95,176112
2025-10-15 07:40:00,338.95,339.45,338.95,338.95,88145
2025-10-15 07:45:00,338.95,339.1,338.15,338.15,202382
2025-10-15 07:50:00,338.15,339.1,338.15,338.85,29614
2025-10-15 07:55:00,338.9,339.3,338.9,339.1,27658
2025-10-15 08:00:00,339.15,339.7,339.1,339.4,53506
2025-10-15 08:05:00,339.4,339.5,339.35,339.45,19458
2025-10-15 08:10:00,339.45,339.5,338.95,338.95,40299
2025-10-15 08:15:00,338.95,339.3,338.45,338.45,105372
2025-10-15 08:20:00,338.45,338.7,338.35,338.35,27091
2025-10-15 08:25:00,338.35,338.45,337.4,337.4,74227
2025-10-15 08:30:00,337.45,337.85,337.0,337.05,265306
2025-10-15 08:35:00,337.05,337.05,336.2,336.65,336986
2025-10-15 08:40:00,336.65,336.7,335.85,336.2,321820
2025-10-15 08:45:00,336.2,336.25,335.55,335.75,189070
2025-10-15 08:50:00,335.8,336.25,335.55,335.9,326609
2025-10-15 08:55:00,335.9,335.95,335.05,335.1,194825
2025-10-15 09:00:00,335.2,335.65,335.1,335.55,210177
2025-10-15 09:05:00,335.55,335.55,335.2,335.5,83418
2025-10-15 09:10:00,335.5,336.0,335.5,335.85,64969
2025-10-15 09:15:00,335.85,336.25,335.6,335.75,79266
2025-10-15 09:20:00,335.7,335.95,335.05,335.85,238695
2025-10-15 09:25:00,335.8,336.5,335.75,336.45,77641
2025-10-15 09:30:00,336.5,337.5,336.05,337.45,1493992
2025-10-15 09:35:00,337.45,338.5,337.0,338.2,1171885
2025-10-15 09:40:00,338.2,338.55,338.0,338.45,1028732
2025-10-15 09:45:00,338.5,338.95,338.4,338.9,1046632
2025-10-15 09:50:00,338.9,338.95,338.45,338.65,1023776
2025-10-15 09:55:00,338.65,338.8,337.7,338.5,925160
2025-10-16 03:45:00,338.95,338.95,335.8,336.1,166950
2025-10-16 03:50:00,336.15,336.7,335.6,336.2,118759
2025-10-16 03:55:00,336.05,336.2,335.15,335.4,92659
2025-10-16 04:00:00,335.25,335.5,334.55,334.8,151586
2025-10-16 04:05:00,334.75,335.95,334.7,335.3,82962
2025-10-16 04:10:00,335.1,336.3,335.1,336.2,47414
2025-10-16 04:15:00,336.05,336.2,335.65,335.65,82905
2025-10-16 04:20:00,335.65,336.75,335.6,336.55,63141
2025-10-16 04:25:00,336.55,336.7,336.1,336.45,61130
2025-10-16 04:30:00,336.45,336.8,335.55,335.8,63500
2025-10-16 04:35:00,335.8,335.8,333.8,334.2,392230
2025-10-16 04:40:00,334.15,334.25,333.55,333.9,110447
2025-10-16 04:45:00,333.8,334.0,333.6,333.85,51340
2025-10-16 04:50:00,333.8,334.7,333.8,334.5,52937
2025-10-16 04:55:00,334.5,335.3,334.25,334.95,63398
2025-10-16 05:00:00,334.95,335.25,334.65,335.25,28833
2025-10-16 05:05:00,335.15,335.8,334.95,335.75,58804
2025-10-16 05:10:00,335.7,336.35,335.45,335.45,115730
2025-10-16 05:15:00,335.4,335.45,335.15,335.3,39917
2025-10-16 05:20:00,335.25,335.6,334.7,335.6,76355
2025-10-16 05:25:00,335.55,335.55,335.2,335.5,46888
2025-10-16 05:30:00,335.4,335.95,335.2,335.9,50934
2025-10-16 05:35:00,335.9,337.75,335.85,337.3,120540
2025-10-16 05:40:00,337.2,337.6,336.75,337.35,107083
2025-10-16 05:45:00,337.3,337.7,337.1,337.5,75986
2025-10-16 05:50:00,337.5,337.6,337.1,337.4,52115
2025-10-16 05:55:00,337.4,338.9,337.4,338.6,193815
2025-10-16 06:00:00,338.6,338.7,337.5,337.65,78255
2025-10-16 06:05:00,337.7,337.85,336.9,337.0,52677
2025-10-16 06:10:00,337.0,337.05,336.3,336.65,90339
2025-10-16 06:15:00,336.65,337.1,336.0,336.35,115297
2025-10-16 06:20:00,336.35,336.5,336.2,336.25,39195
2025-10-16 06:25:00,336.25,336.9,336.1,336.6,48975
2025-10-16 06:30:00,336.6,337.15,336.55,336.8,49121
2025-10-16 06:35:00,336.8,336.95,335.7,335.8,95220
2025-10-16 06:40:00,335.7,335.8,334.55,335.35,103513
2025-10-16 06:45:00,335.35,336.1,335.35,335.65,51422
2025-10-16 06:50:00,335.75,336.1,335.5,336.1,49564
2025-10-16 06:55:00,336.0,336.65,335.9,336.45,39389
2025-10-16 07:00:00,336.25,336.4,336.0,336.15,42711
2025-10-16 07:05:00,336.15,336.5,336.0,336.35,43241
2025-10-16 07:10:00,336.25,336.5,336.0,336.15,63801
2025-10-16 07:15:00,336.15,337.15,336.1,337.1,55513
2025-10-16 07:20:00,337.05,337.1,336.3,336.9,59308
2025-10-16 07:25:00,336.9,336.9,336.5,336.6,56538
2025-10-16 07:30:00,336.6,337.0,336.6,336.75,48549
2025-10-16 07:35:00,336.7,336.95,336.1,336.15,193778
2025-10-16 07:40:00,336.15,336.25,335.2,335.45,92631
2025-10-16 07:45:00,335.4,335.65,334.7,335.65,138435
2025-10-16 07:50:00,335.7,335.7,335.25,335.25,50198
2025-10-16 07:55:00,335.25,335.75,335.05,335.1,131436
2025-10-16 08:00:00,335.2,336.3,335.15,336.3,127520
2025-10-16 08:05:00,336.2,336.5,336.2,336.4,42634
2025-10-16 08:10:00,336.4,337.0,336.3,337.0,58740
2025-10-16 08:15:00,336.9,336.95,336.7,336.8,58001
2025-10-16 08:20:00,336.75,337.0,336.75,336.85,59895
2025-10-16 08:25:00,336.75,336.9,336.75,336.8,45916
2025-10-16 08:30:00,336.75,337.2,336.65,337.1,63432
2025-10-16 08:35:00,337.1,337.3,336.75,337.2,53646
2025-10-16 08:40:00,337.05,337.4,337.0,337.25,58594
2025-10-16 08:45:00,337.15,337.25,336.9,337.0,43267
2025-10-16 08:50:00,336.95,337.2,336.75,337.05,44805
2025-10-16 08:55:00,337.05,337.15,336.5,336.5,141391
2025-10-16 09:00:00,336.5,336.9,336.15,336.85,209347
2025-10-16 09:05:00,336.85,337.0,336.6,336.8,51170
2025-10-16 09:10:00,336.75,336.9,336.55,336.6,41662
2025-10-16 09:15:00,336.6,336.75,336.5,336.6,55968
2025-10-16 09:20:00,336.6,336.9,336.55,336.75,24843
2025-10-16 09:25:00,336.75,336.85,336.15,336.3,66323
2025-10-16 09:30:00,336.3,336.45,336.25,336.25,72249
2025-10-16 09:35:00,336.25,336.5,335.9,335.9,73404
2025-10-16 09:40:00,336.05,336.1,335.7,335.8,92104
2025-10-16 09:45:00,335.8,336.0,335.65,335.75,113277
2025-10-16 09:50:00,335.75,336.0,335.65,335.7,138835
2025-10-16 09:55:00,335.65,336.0,335.5,335.7,170932
2025-10-17 03:45:00,336.1,337.3,335.3,335.8,161820
2025-10-17 03:50:00,335.75,338.0,335.75,337.2,166978
2025-10-17 03:55:00,337.2,338.3,337.0,337.65,161003
2025-10-17 04:00:00,337.7,337.7,336.15,336.15,80023
2025-10-17 04:05:00,336.25,336.35,335.7,336.1,61673
2025-10-17 04:10:00,336.0,336.5,335.25,335.45,64439
2025-10-17 04:15:00,335.35,335.7,334.0,334.1,90155
2025-10-17 04:20:00,334.05,334.25,333.8,334.15,79533
2025-10-17 04:25:00,334.1,334.95,333.8,334.7,695216
2025-10-17 04:30:00,334.7,335.55,334.25,335.5,226259
2025-10-17 04:35:00,335.35,335.95,335.0,335.4,112253
2025-10-17 04:40:00,335.4,335.55,334.8,335.05,51050
2025-10-17 04:45:00,335.1,335.3,334.35,334.35,39263
2025-10-17 04:50:00,334.35,334.5,334.15,334.15,33783
2025-10-17 04:55:00,334.15,334.55,334.15,334.3,28827
2025-10-17 05:00:00,334.3,334.9,334.3,334.6,37979
2025-10-17 05:05:00,334.55,334.95,334.25,334.8,42610
2025-10-17 05:10:00,334.8,334.85,334.6,334.75,39176
2025-10-17 05:15:00,334.85,335.15,334.7,335.05,35769
2025-10-17 05:20:00,335.05,335.45,334.8,335.2,51874
2025-10-17 05:25:00,335.25,335.7,335.15,335.55,31163
2025-10-17 05:30:00,335.55,335.85,335.4,335.55,28462
2025-10-17 05:35:00,335.45,335.7,335.25,335.6,383310
2025-10-17 05:40:00,335.6,335.95,335.25,335.3,81573
2025-10-17 05:45:00,335.2,335.9,335.2,335.7,322582
2025-10-17 05:50:00,335.55,335.7,335.4,335.5,18248
2025-10-17 05:55:00,335.5,335.65,335.05,335.3,117762
2025-10-17 06:00:00,335.25,335.4,334.7,334.75,54732
2025-10-17 06:05:00,334.75,335.15,334.35,334.35,513973
2025-10-17 06:10:00,334.35,334.5,333.65,333.8,94615
2025-10-17 06:15:00,333.8,334.5,333.7,334.4,74311
2025-10-17 06:20:00,334.35,334.4,333.3,333.75,278181
2025-10-17 06:25:00,333.75,333.8,333.35,333.5,78289
2025-10-17 06:30:00,333.5,333.7,333.4,333.5,67515
2025-10-17 06:35:00,333.5,333.65,333.4,333.55,9248
2025-10-17 06:40:00,333.65,333.75,333.4,333.45,45298
2025-10-17 06:45:00,333.55,333.55,332.85,333.25,150654
2025-10-17 06:50:00,333.25,333.45,332.95,333.1,62400
2025-10-17 06:55:00,333.1,333.45,333.05,333.4,23678
2025-10-17 07:00:00,333.4,333.5,333.3,333.3,27042
2025-10-17 07:05:00,333.4,333.85,333.3,333.75,39048
2025-10-17 07:10:00,333.75,334.25,333.75,334.1,47220
2025-10-17 07:15:00,334.15,334.6,333.9,334.15,46162
2025-10-17 07:20:00,334.25,334.3,333.3,333.55,139021
2025-10-17 07:25:00,333.55,333.75,333.05,333.35,128570
2025-10-17 07:30:00,333.35,333.85,333.35,333.4,42538
2025-10-17 07:35:00,333.4,333.6,333.1,333.1,58909
2025-10-17 07:40:00,333.0,333.5,332.85,332.9,91000
2025-10-17 07:45:00,332.85,333.4,332.7,333.3,67024
2025-10-17 07:50:00,333.3,333.9,333.3,333.9,33782
2025-10-17 07:55:00,333.75,334.2,333.75,334.15,41909
2025-10-17 08:00:00,334.15,334.2,333.9,334.05,66452
2025-10-17 08:05:00,334.05,334.2,333.9,334.15,188574
2025-10-17 08:10:00,334.25,334.9,334.15,334.9,85389
2025-10-17 08:15:00,334.9,334.9,334.55,334.85,50362
2025-10-17 08:20:00,334.9,335.3,334.7,335.25,55031
2025-10-17 08:25:00,335.1,335.35,334.95,335.3,87545
2025-10-17 08:30:00,335.3,336.1,334.85,335.4,245703
2025-10-17 08:35:00,335.4,335.45,334.9,335.35,50546
2025-10-17 08:40:00,335.35,335.7,335.25,335.55,32969
2025-10-17 08:45:00,335.55,335.95,335.2,335.9,50783
2025-10-17 08:50:00,335.9,336.0,335.6,335.9,55680
2025-10-17 08:55:00,335.9,336.0,335.65,335.85,42112
2025-10-17 09:00:00,335.85,335.9,334.85,335.4,57885
2025-10-17 09:05:00,335.45,335.85,335.25,335.65,60657
2025-10-17 09:10:00,335.65,335.8,335.45,335.45,33666
2025-10-17 09:15:00,335.5,335.55,335.0,335.05,38639
2025-10-17 09:20:00,335.05,335.15,334.6,335.05,207558
2025-10-17 09:25:00,335.0,335.2,334.85,334.85,58510
2025-10-17 09:30:00,334.9,335.65,334.85,335.65,103399
2025-10-17 09:35:00,335.6,335.85,335.6,335.75,71751
2025-10-17 09:40:00,335.8,335.9,335.75,335.8,133972
2025-10-17 09:45:00,335.8,336.2,335.75,335.85,179848
2025-10-17 09:50:00,335.8,336.05,335.7,335.8,243219
2025-10-17 09:55:00,335.8,336.15,335.7,335.7,157853
2025-10-20 03:45:00,336.25,338.0,336.25,336.85,121746
2025-10-20 03:50:00,336.85,337.65,336.85,337.0,78751
2025-10-20 03:55:00,336.85,337.2,336.5,336.9,68402
2025-10-20 04:00:00,336.8,337.5,336.2,336.75,56985
2025-10-20 04:05:00,336.75,336.8,336.2,336.8,38822
2025-10-20 04:10:00,337.0,337.25,336.6,336.7,45799
2025-10-20 04:15:00,336.75,336.75,335.65,336.0,32814
2025-10-20 04:20:00,335.9,336.2,335.5,335.95,39389
2025-10-20 04:25:00,335.95,336.65,335.9,336.6,41664
2025-10-20 04:30:00,336.65,337.15,336.35,337.1,56647
2025-10-20 04:35:00,336.9,337.05,336.4,336.5,21775
2025-10-20 04:40:00,336.6,336.8,336.45,336.8,23995
2025-10-20 04:45:00,336.75,336.9,336.5,336.7,21069
2025-10-20 04:50:00,336.65,336.85,335.9,335.95,42104
2025-10-20 04:55:00,335.8,336.2,335.8,336.0,40284
2025-10-20 05:00:00,335.95,336.0,335.55,335.6,45832
2025-10-20 05:05:00,335.6,336.35,335.55,336.35,57979
2025-10-20 05:10:00,336.3,336.65,336.3,336.5,39965
2025-10-20 05:15:00,336.5,337.0,336.5,336.95,40096
2025-10-20 05:20:00,337.1,337.15,336.75,336.8,41132
2025-10-20 05:25:00,336.8,337.6,336.65,337.25,101312
2025-10-20 05:30:00,337.25,337.35,336.85,336.85,28593
2025-10-20 05:35:00,336.85,337.3,336.65,336.85,45497
2025-10-20 05:40:00,336.85,337.1,336.3,336.55,30999
2025-10-20 05:45:00,336.55,336.9,336.25,336.3,48708
2025-10-20 05:50:00,336.3,336.8,336.3,336.5,44556
2025-10-20 05:55:00,336.6,338.25,336.45,337.8,142048
2025-10-20 06:00:00,337.8,338.1,336.75,337.1,50476
2025-10-20 06:05:00,337.05,337.1,336.4,336.5,51714
2025-10-20 06:10:00,336.5,337.0,335.85,336.05,132118
2025-10-20 06:15:00,336.05,336.6,335.9,336.55,491698
2025-10-20 06:20:00,336.6,337.55,336.5,337.25,82923
2025-10-20 06:25:00,337.3,337.9,337.3,337.85,54881
2025-10-20 06:30:00,337.85,337.9,337.0,337.15,53185
2025-10-20 06:35:00,337.15,337.15,336.8,337.0,26620
2025-10-20 06:40:00,337.0,337.15,337.0,337.1,25001
2025-10-20 06:45:00,337.15,337.15,336.3,336.4,174952
2025-10-20 06:50:00,336.5,336.7,336.25,336.4,150518
2025-10-20 06:55:00,336.4,336.75,336.35,336.7,66631
2025-10-20 07:00:00,336.7,337.4,336.7,337.35,51072
2025-10-20 07:05:00,337.3,337.45,337.15,337.3,32176
2025-10-20 07:10:00,337.3,337.5,337.3,337.5,30365
2025-10-20 07:15:00,337.45,339.3,337.45,338.75,139766
2025-10-20 07:20:00,338.75,339.0,337.9,338.5,176373
2025-10-20 07:25:00,338.45,338.6,338.3,338.35,32245
2025-10-20 07:30:00,338.45,338.8,338.4,338.7,42942
2025-10-20 07:35:00,338.7,339.0,338.65,338.85,41936
2025-10-20 07:40:00,338.9,339.0,338.0,338.15,161758
2025-10-20 07:45:00,338.15,338.4,337.9,338.35,71283
2025-10-20 07:50:00,338.3,338.7,338.15,338.15,61994
2025-10-20 07:55:00,338.15,338.25,338.1,338.2,60678
2025-10-20 08:00:00,338.25,338.6,338.15,338.25,142709
2025-10-20 08:05:00,338.35,339.3,338.3,339.0,154211
2025-10-20 08:10:00,339.0,339.3,339.0,339.25,32780
2025-10-20 08:15:00,339.7,339.8,339.2,339.2,66115
2025-10-20 08:20:00,339.2,339.25,339.1,339.1,24805
2025-10-20 08:25:00,339.1,339.6,339.1,339.55,37878
2025-10-20 08:30:00,339.55,339.65,339.15,339.4,40763
2025-10-20 08:35:00,339.35,339.55,339.25,339.5,31280
2025-10-20 08:40:00,339.55,340.05,339.3,339.5,123759
2025-10-20 08:45:00,339.5,339.8,339.25,339.5,55582
2025-10-20 08:50:00,339.55,339.9,339.35,339.5,83791
2025-10-20 08:55:00,339.55,339.55,338.85,339.05,53202
2025-10-20 09:00:00,338.95,339.2,338.85,339.0,43622
2025-10-20 09:05:00,339.0,339.1,338.8,338.8,21186
2025-10-20 09:10:00,338.8,339.0,338.55,338.55,49566
2025-10-20 09:15:00,338.6,338.6,338.25,338.3,34254
2025-10-20 09:20:00,338.25,338.55,338.05,338.3,52258
2025-10-20 09:25:00,338.3,339.0,338.2,338.4,145296
2025-10-20 09:30:00,338.3,338.45,337.35,337.85,234441
2025-10-20 09:35:00,337.8,338.35,337.7,338.25,122897
2025-10-20 09:40:00,338.2,338.2,337.75,337.9,101929
2025-10-20 09:45:00,337.9,338.0,337.15,337.25,442111
2025-10-20 09:50:00,337.25,337.85,337.25,337.6,189193
2025-10-20 09:55:00,337.7,338.4,337.6,338.0,178904
2025-10-21 08:15:00,339.4,340.25,338.25,338.4,62237
2025-10-21 08:20:00,338.35,338.55,337.7,338.55,40921
2025-10-21 08:25:00,338.55,339.0,338.3,338.7,15935
2025-10-21 08:30:00,338.8,339.0,338.2,338.9,55380
2025-10-21 08:35:00,339.0,339.0,338.4,338.9,27484
2025-10-21 08:40:00,338.9,339.2,338.65,339.15,22066
2025-10-21 08:45:00,339.15,339.6,339.0,339.15,30140
2025-10-21 08:50:00,339.15,339.4,338.9,339.1,16351
2025-10-21 08:55:00,339.15,339.15,338.55,338.75,10622
2025-10-21 09:00:00,338.65,339.45,338.45,339.45,38324
2025-10-21 09:05:00,339.2,339.3,338.6,338.75,52234
2025-10-21 09:10:00,338.75,339.1,338.75,339.1,25584
2025-10-21 09:15:00,339.1,339.1,339.1,339.1,0
2025-10-23 03:45:00,340.0,340.15,335.4,336.2,434782
2025-10-23 03:50:00,336.3,336.65,335.6,336.15,248033
2025-10-23 03:55:00,336.15,337.95,335.7,337.85,195059
2025-10-23 04:00:00,337.85,338.55,337.4,337.85,137287
2025-10-23 04:05:00,337.95,337.95,336.15,337.0,163030
2025-10-23 04:10:00,337.05,337.3,336.4,336.95,132654
2025-10-23 04:15:00,336.95,337.1,336.15,336.6,108990
2025-10-23 04:20:00,336.5,336.85,336.5,336.85,60566
2025-10-23 04:25:00,336.8,337.0,336.5,336.85,83312
2025-10-23 04:30:00,336.9,337.05,335.7,335.95,79617
2025-10-23 04:35:00,335.9,335.95,334.7,335.1,237334
2025-10-23 04:40:00,335.1,335.2,333.65,333.9,174692
2025-10-23 04:45:00,333.95,334.1,333.3,333.5,148734
2025-10-23 04:50:00,333.55,333.55,331.55,331.7,220075
2025-10-23 04:55:00,331.65,331.85,330.05,331.2,206985
2025-10-23 05:00:00,331.1,331.25,330.4,330.9,143941
2025-10-23 05:05:00,330.8,331.3,330.65,331.0,74836
2025-10-23 05:10:00,330.95,332.6,330.95,332.0,94843
2025-10-23 05:15:00,332.1,332.25,331.5,332.0,52699
2025-10-23 05:20:00,332.0,332.95,332.0,332.75,52445
2025-10-23 05:25:00,332.8,333.0,332.25,332.95,37593
2025-10-23 05:30:00,332.95,333.0,332.4,332.6,34662
2025-10-23 05:35:00,332.75,333.6,332.65,333.55,76817
2025-10-23 05:40:00,333.4,333.65,333.25,333.65,34008
2025-10-23 05:45:00,333.7,334.8,333.55,334.7,196210
2025-10-23 05:50:00,334.7,335.25,334.5,334.55,117696
2025-10-23 05:55:00,334.5,334.9,334.3,334.9,37928
2025-10-23 06:00:00,334.95,335.15,333.5,333.9,232029
2025-10-23 06:05:00,334.0,334.55,333.5,333.65,182865
2025-10-23 06:10:00,333.7,333.95,333.55,333.7,32619
2025-10-23 06:15:00,333.75,333.85,333.5,333.85,121476
2025-10-23 06:20:00,333.85,334.1,333.85,333.95,94756
2025-10-23 06:25:00,334.0,334.0,333.35,333.5,105629
2025-10-23 06:30:00,333.5,333.5,333.35,333.5,54249
2025-10-23 06:35:00,333.45,334.0,333.45,333.85,193258
2025-10-23 06:40:00,333.9,334.0,333.55,333.7,31198
2025-10-23 06:45:00,333.7,333.75,333.0,333.1,35156
2025-10-23 06:50:00,333.1,333.7,333.0,333.7,41076
2025-10-23 06:55:00,333.7,333.85,333.45,333.65,33212
2025-10-23 07:00:00,333.75,333.8,333.4,333.75,56301
2025-10-23 07:05:00,333.75,334.25,333.7,334.25,143665
2025-10-23 07:10:00,334.15,334.5,333.95,334.1,384404
2025-10-23 07:15:00,334.1,334.5,334.0,334.1,35071
2025-10-23 07:20:00,334.15,334.2,333.8,333.95,216968
2025-10-23 07:25:00,334.0,334.8,333.95,334.15,448958
2025-10-23 07:30:00,334.1,334.2,333.6,333.9,83419
2025-10-23 07:35:00,333.9,333.9,333.65,333.75,34303
2025-10-23 07:40:00,333.8,334.0,333.65,333.75,25753
2025-10-23 07:45:00,333.8,334.0,333.6,333.8,25815
2025-10-23 07:50:00,333.85,333.85,333.35,333.4,34722
2025-10-23 07:55:00,333.4,333.4,333.15,333.35,26865
2025-10-23 08:00:00,333.35,333.35,333.2,333.3,25413
2025-10-23 08:05:00,333.3,333.65,333.2,333.55,26589
2025-10-23 08:10:00,333.5,333.85,333.45,333.85,18337
2025-10-23 08:15:00,333.7,333.75,333.6,333.65,36974
2025-10-23 08:20:00,333.65,333.7,333.45,333.5,28378
2025-10-23 08:25:00,333.45,333.5,333.2,333.3,16308
2025-10-23 08:30:00,333.3,333.85,333.2,333.7,35203
2025-10-23 08:35:00,333.7,333.85,333.5,333.7,20487
2025-10-23 08:40:00,333.75,333.9,333.5,333.85,21754
2025-10-23 08:45:00,333.75,334.0,333.7,333.9,38260
2025-10-23 08:50:00,333.9,333.9,333.3,333.55,29508
2025-10-23 08:55:00,333.55,333.7,333.5,333.6,17710
2025-10-23 09:00:00,333.6,333.6,333.35,333.35,43689
2025-10-23 09:05:00,333.35,333.65,333.35,333.45,14175
2025-10-23 09:10:00,333.45,333.55,333.35,333.45,14741
2025-10-23 09:15:00,333.5,333.9,333.4,333.8,36721
2025-10-23 09:20:00,333.8,333.9,333.8,333.8,35292
2025-10-23 09:25:00,333.8,333.85,333.8,333.8,63659
2025-10-23 09:30:00,333.8,333.85,332.0,332.25,315817
2025-10-23 09:35:00,332.3,332.3,331.3,331.45,174291
2025-10-23 09:40:00,331.65,331.65,330.8,331.0,184703
2025-10-23 09:45:00,331.0,331.3,330.35,331.1,518587
2025-10-23 09:50:00,331.05,331.35,330.7,330.8,204552
2025-10-23 09:55:00,330.85,331.75,330.6,331.4,238786
2025-10-24 03:45:00,330.15,331.45,327.6,328.4,536040
2025-10-24 03:50:00,328.3,329.8,327.2,329.8,370932
2025-10-24 03:55:00,329.65,331.15,329.4,330.1,351972
2025-10-24 04:00:00,330.1,331.2,329.6,330.95,157830
2025-10-24 04:05:00,330.95,331.95,330.7,331.65,268376
2025-10-24 04:10:00,331.65,331.65,331.15,331.4,77412
2025-10-24 04:15:00,331.5,331.65,331.2,331.45,56665
2025-10-24 04:20:00,331.45,331.75,331.25,331.35,65131
2025-10-24 04:25:00,331.35,332.0,331.35,332.0,42254
2025-10-24 04:30:00,331.95,332.2,331.65,331.8,80413
2025-10-24 04:35:00,331.95,333.65,331.8,333.65,89535
2025-10-24 04:40:00,333.6,334.3,333.6,334.0,83548
2025-10-24 04:45:00,334.0,334.4,333.25,333.45,78879
2025-10-24 04:50:00,333.45,333.7,332.7,332.95,64100
2025-10-24 04:55:00,332.95,333.1,332.65,332.8,37354
2025-10-24 05:00:00,332.8,333.1,332.65,332.85,63821
2025-10-24 05:05:00,332.85,332.95,332.05,332.05,42555
2025-10-24 05:10:00,332.0,332.05,331.2,331.85,70509
2025-10-24 05:15:00,331.75,332.0,331.6,332.0,49850
2025-10-24 05:20:00,332.0,332.25,331.8,331.85,76417
2025-10-24 05:25:00,331.85,332.6,331.75,332.5,177995
2025-10-24 05:30:00,332.6,333.35,332.35,332.9,295749
2025-10-24 05:35:00,332.9,332.95,332.0,332.35,225247
2025-10-24 05:40:00,332.35,333.0,332.0,332.15,154866
2025-10-24 05:45:00,332.05,332.7,332.05,332.6,146309
2025-10-24 05:50:00,332.45,332.75,332.25,332.6,128571
2025-10-24 05:55:00,332.6,333.05,332.55,333.0,53096
2025-10-24 06:00:00,332.8,333.1,332.75,333.1,142324
2025-10-24 06:05:00,333.1,333.5,332.9,333.4,239217
2025-10-24 06:10:00,333.5,334.35,333.3,334.0,69067
2025-10-24 06:15:00,334.0,334.15,333.55,333.55,31600
2025-10-24 06:20:00,333.6,333.9,333.55,333.85,21990
2025-10-24 06:25:00,333.85,334.0,333.1,333.35,290614
2025-10-24 06:30:00,333.3,333.8,333.2,333.7,20581
2025-10-24 06:35:00,333.75,333.9,333.1,333.5,44591
2025-10-24 06:40:00,333.5,333.65,333.2,333.5,31894
2025-10-24 06:45:00,333.45,333.7,333.3,333.6,181975
2025-10-24 06:50:00,333.6,334.0,333.6,333.9,43768
2025-10-24 06:55:00,333.9,334.05,332.8,333.05,303405
2025-10-24 07:00:00,333.05,333.2,333.0,333.05,28180
2025-10-24 07:05:00,333.05,333.2,333.0,333.15,25797
2025-10-24 07:10:00,333.1,333.15,332.4,332.75,43687
2025-10-24 07:15:00,332.7,332.9,332.55,332.9,24702
2025-10-24 07:20:00,332.9,333.0,332.75,333.0,51233
2025-10-24 07:25:00,333.0,333.0,332.9,332.95,80466
2025-10-24 07:30:00,333.0,333.0,332.85,332.9,49087
2025-10-24 07:35:00,332.85,333.15,332.75,332.95,204855
2025-10-24 07:40:00,332.95,332.95,331.85,332.25,63917
2025-10-24 07:45:00,332.25,332.35,331.9,332.25,40131
2025-10-24 07:50:00,332.25,332.6,332.0,332.1,100023
2025-10-24 07:55:00,332.1,332.1,331.6,331.65,55432
2025-10-24 08:00:00,331.65,332.05,331.25,331.25,36796
2025-10-24 08:05:00,331.2,331.45,330.9,330.9,59837
2025-10-24 08:10:00,330.9,331.25,330.9,331.05,39345
2025-10-24 08:15:00,331.05,331.35,331.0,331.1,23589
2025-10-24 08:20:00,331.1,331.15,330.7,331.1,42264
2025-10-24 08:25:00,331.1,331.5,330.7,331.05,57665
2025-10-24 08:30:00,331.05,331.65,331.05,331.4,29065
2025-10-24 08:35:00,331.45,331.9,331.35,331.45,39388
2025-10-24 08:40:00,331.35,332.15,331.2,331.3,70615
2025-10-24 08:45:00,331.25,331.8,330.9,330.95,118547
2025-10-24 08:50:00,330.95,331.0,330.5,330.9,40573
2025-10-24 08:55:00,330.8,331.0,330.6,330.85,28632
2025-10-24 09:00:00,330.75,330.95,330.65,330.7,31305
2025-10-24 09:05:00,330.7,330.95,329.9,329.95,147195
2025-10-24 09:10:00,330.0,330.0,329.9,330.0,64414
2025-10-24 09:15:00,329.95,330.0,329.8,329.8,38499
2025-10-24 09:20:00,329.95,329.95,329.65,329.9,43392
2025-10-24 09:25:00,329.9,329.95,329.3,329.7,61188
2025-10-24 09:30:00,329.7,330.25,329.65,330.15,224322
2025-10-24 09:35:00,330.15,330.75,329.95,329.95,185653
2025-10-24 09:40:00,330.0,330.8,329.95,330.55,316115
2025-10-24 09:45:00,330.6,330.95,330.5,330.9,107008
2025-10-24 09:50:00,330.9,331.1,330.5,330.7,269356
2025-10-24 09:55:00,330.65,331.55,330.45,331.25,123139
2025-10-27 03:45:00,332.7,336.0,331.25,335.75,294021
2025-10-27 03:50:00,335.75,336.3,335.5,335.95,229656
2025-10-27 03:55:00,335.95,336.45,335.0,335.6,182806
2025-10-27 04:00:00,335.55,337.1,334.9,337.1,211269
2025-10-27 04:05:00,337.15,337.9,337.05,337.25,237612
2025-10-27 04:10:00,337.35,338.25,337.2,338.1,212748
2025-10-27 04:15:00,338.15,339.95,337.75,339.95,293843
2025-10-27 04:20:00,339.9,340.0,338.9,339.45,323329
2025-10-27 04:25:00,339.45,339.5,339.0,339.15,114203
2025-10-27 04:30:00,339.35,339.9,339.3,339.9,156562
2025-10-27 04:35:00,339.85,340.2,339.7,340.05,246320
2025-10-27 04:40:00,340.2,340.6,338.2,338.2,631908
2025-10-27 04:45:00,338.5,339.8,338.5,339.2,202267
2025-10-27 04:50:00,339.2,339.65,338.9,339.6,140522
2025-10-27 04:55:00,339.5,339.5,339.05,339.3,74038
2025-10-27 05:00:00,339.35,339.65,339.25,339.6,66855
2025-10-27 05:05:00,339.65,339.7,339.45,339.5,65057
2025-10-27 05:10:00,339.55,339.9,339.4,339.85,62320
2025-10-27 05:15:00,339.9,340.0,339.45,339.55,102912
2025-10-27 05:20:00,339.6,339.6,338.8,339.1,72984
2025-10-27 05:25:00,339.1,339.1,337.8,338.4,247737
2025-10-27 05:30:00,338.45,338.8,338.1,338.25,78231
2025-10-27 05:35:00,338.15,338.45,338.1,338.35,85015
2025-10-27 05:40:00,338.35,338.5,337.7,337.85,128401
2025-10-27 05:45:00,337.85,338.2,337.85,338.1,36063
2025-10-27 05:50:00,338.1,338.4,337.6,337.8,103964
2025-10-27 05:55:00,337.8,338.15,337.75,337.85,86605
2025-10-27 06:00:00,337.85,338.2,337.85,338.1,63986
2025-10-27 06:05:00,338.0,338.15,337.9,338.05,50641
2025-10-27 06:10:00,338.15,338.15,336.7,337.45,189308
2025-10-27 06:15:00,337.5,337.55,336.35,336.55,207008
2025-10-27 06:20:00,336.65,337.45,336.35,336.95,340317
2025-10-27 06:25:00,336.9,337.25,336.7,337.2,43758
2025-10-27 06:30:00,337.15,337.6,336.2,336.2,83489
2025-10-27 06:35:00,336.25,336.65,335.9,335.9,181487
2025-10-27 06:40:00,335.9,336.15,335.45,335.95,80838
2025-10-27 06:45:00,336.0,336.15,335.8,336.0,72376
2025-10-27 06:50:00,336.05,336.15,335.85,336.15,63862
2025-10-27 06:55:00,336.05,337.7,335.95,337.5,218040
2025-10-27 07:00:00,337.4,338.2,337.35,338.0,74666
2025-10-27 07:05:00,337.95,339.4,337.95,339.35,180062
2025-10-27 07:10:00,339.3,339.4,338.6,339.05,157982
2025-10-27 07:15:00,339.3,341.3,339.3,340.35,538647
2025-10-27 07:20:00,340.45,342.0,340.25,341.85,200228
2025-10-27 07:25:00,341.8,341.95,341.15,341.2,101705
2025-10-27 07:30:00,341.15,341.9,341.15,341.25,177367
2025-10-27 07:35:00,341.15,341.5,340.8,341.0,143181
2025-10-27 07:40:00,341.0,341.3,340.85,341.1,96820
2025-10-27 07:45:00,341.15,341.3,340.9,341.3,70788
2025-10-27 07:50:00,341.25,341.5,341.2,341.4,89005
2025-10-27 07:55:00,341.4,341.55,341.1,341.2,62024
2025-10-27 08:00:00,341.2,341.45,341.0,341.15,88255
2025-10-27 08:05:00,341.2,341.4,341.15,341.35,73025
2025-10-27 08:10:00,341.35,341.8,341.35,341.5,88640
2025-10-27 08:15:00,341.35,341.7,341.35,341.55,51589
2025-10-27 08:20:00,341.5,341.9,341.5,341.8,73819
2025-10-27 08:25:00,341.9,341.95,341.55,341.6,116001
2025-10-27 08:30:00,341.7,342.25,341.45,342.25,186697
2025-10-27 08:35:00,342.1,342.25,341.9,342.2,146654
2025-10-27 08:40:00,342.2,342.5,342.1,342.5,126259
2025-10-27 08:45:00,342.4,342.5,342.35,342.5,80440
2025-10-27 08:50:00,342.4,342.5,342.35,342.45,90503
2025-10-27 08:55:00,342.45,342.6,342.35,342.5,79604
2025-10-27 09:00:00,342.55,342.6,341.8,341.85,169389
2025-10-27 09:05:00,341.8,342.1,341.75,342.05,87429
2025-10-27 09:10:00,342.1,342.1,340.75,341.1,244921
2025-10-27 09:15:00,341.1,341.45,341.0,341.1,107679
2025-10-27 09:20:00,341.1,341.4,341.1,341.25,76950
2025-10-27 09:25:00,341.25,341.5,341.15,341.35,81356
2025-10-27 09:30:00,341.5,342.85,341.5,342.75,201279
2025-10-27 09:35:00,342.8,343.2,342.75,343.2,204532
2025-10-27 09:40:00,343.25,343.25,342.65,342.85,322851
2025-10-27 09:45:00,342.85,343.5,342.6,343.4,324110
2025-10-27 09:50:00,343.5,343.5,343.05,343.35,317625
2025-10-27 09:55:00,343.35,343.35,342.8,343.15,227170
2025-10-28 03:45:00,344.0,345.5,341.5,342.25,338456
2025-10-28 03:50:00,342.2,343.0,342.15,342.5,94495
2025-10-28 03:55:00,342.5,343.65,342.4,343.65,97074
2025-10-28 04:00:00,343.6,344.5,343.45,344.05,104610
2025-10-28 04:05:00,344.05,344.2,343.5,343.7,67541
2025-10-28 04:10:00,343.7,344.2,343.55,343.8,39559
2025-10-28 04:15:00,343.85,344.1,343.15,343.15,66382
2025-10-28 04:20:00,343.2,343.6,342.95,342.95,61974
2025-10-28 04:25:00,342.95,343.3,342.6,343.15,50455
2025-10-28 04:30:00,343.15,343.7,343.1,343.3,107775
2025-10-28 04:35:00,343.3,343.6,343.05,343.25,45902
2025-10-28 04:40:00,343.25,343.25,342.1,342.1,78929
2025-10-28 04:45:00,342.1,342.15,341.8,341.95,61252
2025-10-28 04:50:00,341.9,342.1,341.7,341.85,76810
2025-10-28 04:55:00,341.85,342.45,341.85,341.9,46530
2025-10-28 05:00:00,341.95,342.45,341.85,341.9,41284
2025-10-28 05:05:00,341.9,341.9,341.6,341.6,38218
2025-10-28 05:10:00,341.6,341.75,341.5,341.55,35794
2025-10-28 05:15:00,341.3,341.65,341.25,341.6,41792
2025-10-28 05:20:00,341.55,341.75,340.6,340.95,58928
2025-10-28 05:25:00,340.95,341.2,340.9,341.0,24085
2025-10-28 05:30:00,341.1,341.1,340.55,340.8,66753
2025-10-28 05:35:00,340.8,341.4,340.4,341.15,62848
2025-10-28 05:40:00,341.2,341.3,340.45,341.0,57338
2025-10-28 05:45:00,341.15,341.65,341.0,341.45,50547
2025-10-28 05:50:00,341.5,341.65,341.0,341.25,119798
2025-10-28 05:55:00,341.2,342.0,341.2,341.9,64923
2025-10-28 06:00:00,341.9,342.75,341.85,342.2,56923
2025-10-28 06:05:00,342.3,342.65,342.25,342.35,63553
2025-10-28 06:10:00,342.35,342.5,341.5,341.55,47551
2025-10-28 06:15:00,341.65,341.7,341.3,341.45,37984
2025-10-28 06:20:00,341.45,342.05,341.35,341.65,38500
2025-10-28 06:25:00,341.7,341.8,341.4,341.65,39405
2025-10-28 06:30:00,341.6,341.75,341.5,341.5,37937
2025-10-28 06:35:00,341.15,341.4,341.0,341.2,41311
2025-10-28 06:40:00,341.1,341.2,340.95,341.15,39767
2025-10-28 06:45:00,341.15,341.8,341.0,341.2,45059
2025-10-28 06:50:00,341.2,341.75,341.2,341.55,52770
2025-10-28 06:55:00,341.55,342.05,341.45,341.75,40960
2025-10-28 07:00:00,341.8,341.85,341.1,341.45,51127
2025-10-28 07:05:00,341.4,341.8,341.4,341.65,34985
2025-10-28 07:10:00,341.65,342.65,341.65,342.5,47391
2025-10-28 07:15:00,342.5,342.9,342.35,342.65,52112
2025-10-28 07:20:00,342.65,342.95,342.65,342.8,46927
2025-10-28 07:25:00,342.8,343.2,342.7,342.8,67118
2025-10-28 07:30:00,342.8,343.05,342.5,342.65,66857
2025-10-28 07:35:00,342.45,342.7,341.7,341.85,115317
2025-10-28 07:40:00,341.9,341.9,341.1,341.2,53771
2025-10-28 07:45:00,341.1,341.5,340.8,341.4,80486
2025-10-28 07:50:00,341.35,341.45,341.15,341.4,40589
2025-10-28 07:55:00,341.4,341.7,341.25,341.25,33615
2025-10-28 08:00:00,341.25,341.8,341.25,341.75,47455
2025-10-28 08:05:00,341.8,341.85,341.6,341.8,61614
2025-10-28 08:10:00,341.75,341.75,341.05,341.15,60550
2025-10-28 08:15:00,341.15,341.15,340.55,340.9,60541
2025-10-28 08:20:00,340.75,341.8,340.75,341.4,51998
2025-10-28 08:25:00,341.4,341.55,341.25,341.45,29734
2025-10-28 08:30:00,341.45,341.9,341.2,341.55,43553
2025-10-28 08:35:00,341.5,341.5,341.25,341.35,33341
2025-10-28 08:40:00,341.35,341.45,340.85,340.95,44576
2025-10-28 08:45:00,340.95,341.0,340.6,340.95,71258
2025-10-28 08:50:00,340.95,341.3,340.85,341.1,234097
2025-10-28 08:55:00,341.1,341.4,340.8,341.0,113961
2025-10-28 09:00:00,341.0,341.0,340.6,340.95,100546
2025-10-28 09:05:00,340.95,340.95,340.7,340.9,62739
2025-10-28 09:10:00,340.8,341.0,340.65,340.75,64246
2025-10-28 09:15:00,340.75,340.9,339.7,339.95,251467
2025-10-28 09:20:00,339.95,340.35,339.8,339.9,140821
2025-10-28 09:25:00,339.85,340.0,339.7,339.8,73600
2025-10-28 09:30:00,339.9,340.85,339.6,340.8,377886
2025-10-28 09:35:00,340.75,341.05,340.6,340.75,133815
2025-10-28 09:40:00,340.75,340.85,340.4,340.8,246720
2025-10-28 09:45:00,340.8,341.0,340.6,340.95,197982
2025-10-28 09:50:00,340.95,341.0,340.7,340.85,184437
2025-10-28 09:55:00,340.9,341.5,340.5,340.65,213443
2025-10-29 03:45:00,341.9,342.9,340.85,342.2,213384
2025-10-29 03:50:00,342.65,343.45,342.2,342.95,147725
2025-10-29 03:55:00,342.9,343.45,342.8,343.2,132963
2025-10-29 04:00:00,343.35,345.7,343.35,344.55,446825
2025-10-29 04:05:00,344.5,344.5,343.5,343.6,112975
2025-10-29 04:10:00,343.5,344.35,343.35,344.2,100547
2025-10-29 04:15:00,344.2,345.45,344.15,345.15,261888
2025-10-29 04:20:00,345.0,345.8,344.05,344.75,168765
2025-10-29 04:25:00,344.75,345.35,344.65,344.95,80810
2025-10-29 04:30:00,344.95,346.5,344.95,346.5,326467
2025-10-29 04:35:00,346.45,348.2,346.4,346.8,464325
2025-10-29 04:40:00,346.85,347.8,345.65,346.6,274986
2025-10-29 04:45:00,346.6,346.9,345.8,345.85,53655
2025-10-29 04:50:00,346.0,347.05,345.85,346.85,68274
2025-10-29 04:55:00,346.9,347.35,346.6,347.15,71398
2025-10-29 05:00:00,347.15,348.15,347.05,347.3,116430
2025-10-29 05:05:00,347.3,347.4,346.7,347.1,45989
2025-10-29 05:10:00,347.15,347.8,347.0,347.0,52667
2025-10-29 05:15:00,347.05,347.1,346.6,346.9,57086
2025-10-29 05:20:00,346.9,347.05,346.6,346.8,126440
2025-10-29 05:25:00,347.0,347.1,346.6,346.8,78517
2025-10-29 05:30:00,346.8,347.0,346.55,346.8,24836
2025-10-29 05:35:00,346.8,347.15,346.15,346.3,56319
2025-10-29 05:40:00,346.2,346.3,344.8,344.9,147101
2025-10-29 05:45:00,345.05,345.1,344.4,344.85,229459
2025-10-29 05:50:00,344.9,345.0,344.1,344.55,167911
2025-10-29 05:55:00,344.7,345.35,343.65,343.75,168925
2025-10-29 06:00:00,343.7,345.3,343.7,345.1,229414
2025-10-29 06:05:00,345.1,345.4,344.95,344.95,95911
2025-10-29 06:10:00,344.9,345.4,344.65,344.7,93055
2025-10-29 06:15:00,344.65,345.5,344.65,345.05,247423
2025-10-29 06:20:00,345.05,346.4,345.05,346.4,99545
2025-10-29 06:25:00,346.25,346.4,345.35,345.5,107533
2025-10-29 06:30:00,345.5,346.55,345.5,346.3,83276
2025-10-29 06:35:00,346.15,346.4,345.95,346.1,54905
2025-10-29 06:40:00,346.1,346.75,346.1,346.7,91689
2025-10-29 06:45:00,346.7,347.25,346.5,347.25,84414
2025-10-29 06:50:00,347.3,347.8,346.8,347.8,99024
2025-10-29 06:55:00,347.8,349.0,347.2,348.4,371817
2025-10-29 07:00:00,348.5,348.5,347.5,348.15,138547
2025-10-29 07:05:00,348.15,348.3,347.3,347.95,66165
2025-10-29 07:10:00,347.8,347.9,346.75,347.0,185418
2025-10-29 07:15:00,347.0,347.85,347.0,347.85,63326
2025-10-29 07:20:00,347.85,348.3,347.7,348.15,85901
2025-10-29 07:25:00,348.15,348.2,347.85,348.0,49258
2025-10-29 07:30:00,348.0,348.1,347.8,347.8,86480
2025-10-29 07:35:00,347.85,348.0,347.8,348.0,44602
2025-10-29 07:40:00,347.95,348.05,347.8,347.85,46170
2025-10-29 07:45:00,348.0,348.15,347.8,347.95,45862
2025-10-29 07:50:00,347.9,347.95,347.85,347.9,38229
2025-10-29 07:55:00,347.95,347.95,346.95,347.05,109434
2025-10-29 08:00:00,347.05,347.3,347.05,347.1,54179
2025-10-29 08:05:00,347.05,347.3,346.55,346.85,95089
2025-10-29 08:10:00,346.8,347.15,345.9,346.2,114554
2025-10-29 08:15:00,346.2,346.45,345.5,345.95,119329
2025-10-29 08:20:00,345.95,346.1,345.8,345.8,53461
2025-10-29 08:25:00,345.8,346.0,345.3,345.6,222256
2025-10-29 08:30:00,345.6,345.7,345.35,345.65,84076
2025-10-29 08:35:00,345.65,345.8,345.6,345.75,59704
2025-10-29 08:40:00,345.75,346.2,345.4,345.9,134850
2025-10-29 08:45:00,345.9,346.3,345.9,346.25,54120
2025-10-29 08:50:00,346.25,347.0,346.0,346.75,111829
2025-10-29 08:55:00,346.75,347.4,346.65,347.4,105594
2025-10-29 09:00:00,347.4,347.4,346.5,346.8,76884
2025-10-29 09:05:00,346.8,346.9,346.3,346.4,69211
2025-10-29 09:10:00,346.4,347.6,346.4,347.15,104678
2025-10-29 09:15:00,347.15,347.35,346.9,347.25,85175
2025-10-29 09:20:00,347.25,347.4,346.9,347.3,100037
2025-10-29 09:25:00,347.3,347.6,347.05,347.5,88070
2025-10-29 09:30:00,347.55,348.0,347.45,347.5,148915
2025-10-29 09:35:00,347.45,347.85,347.35,347.85,107798
2025-10-29 09:40:00,347.75,347.8,347.6,347.65,186065
2025-10-29 09:45:00,347.65,348.3,347.65,348.25,200498
2025-10-29 09:50:00,348.25,348.6,348.25,348.55,302501
2025-10-29 09:55:00,348.6,348.85,348.25,348.25,247761
2025-10-30 03:45:00,350.0,350.0,345.3,346.0,387799
2025-10-30 03:50:00,346.05,346.85,346.0,346.8,131660
2025-10-30 03:55:00,346.6,348.2,346.6,348.2,213508
2025-10-30 04:00:00,348.3,348.65,347.0,347.45,210879
2025-10-30 04:05:00,347.25,349.15,347.2,348.35,227898
2025-10-30 04:10:00,348.5,348.55,347.45,347.6,135929
2025-10-30 04:15:00,347.5,347.8,347.05,347.5,46143
2025-10-30 04:20:00,347.55,348.2,347.5,347.55,108244
2025-10-30 04:25:00,347.55,348.7,347.0,348.15,142080
2025-10-30 04:30:00,348.15,349.95,347.8,348.7,204068
2025-10-30 04:35:00,348.7,352.5,348.7,351.95,526522
2025-10-30 04:40:00,351.95,353.85,351.9,353.75,467699
2025-10-30 04:45:00,353.7,356.3,353.7,355.95,942848
2025-10-30 04:50:00,356.0,356.5,353.75,354.0,465146
2025-10-30 04:55:00,354.0,355.4,353.95,354.55,249671
2025-10-30 05:00:00,354.65,355.1,353.6,354.05,210722
2025-10-30 05:05:00,354.0,355.3,353.75,355.15,239440
2025-10-30 05:10:00,355.15,355.35,353.85,354.85,256112
2025-10-30 05:15:00,354.95,355.1,353.1,353.5,270613
2025-10-30 05:20:00,353.55,355.4,353.4,355.3,367287
2025-10-30 05:25:00,355.3,356.4,355.05,355.25,318771
2025-10-30 05:30:00,355.25,356.0,355.15,355.95,123312
2025-10-30 05:35:00,355.95,357.0,355.7,356.75,431386
2025-10-30 05:40:00,356.75,357.5,356.55,357.3,271495
2025-10-30 05:45:00,357.35,357.9,356.65,357.9,215301
2025-10-30 05:50:00,357.85,358.95,357.55,358.05,427447
2025-10-30 05:55:00,358.05,359.0,357.7,358.65,219099
2025-10-30 06:00:00,358.55,359.6,358.2,359.1,463258
2025-10-30 06:05:00,359.05,359.3,358.25,358.55,310218
2025-10-30 06:10:00,358.5,359.0,358.0,358.6,200926
2025-10-30 06:15:00,358.55,359.0,358.4,358.6,148103
2025-10-30 06:20:00,358.55,359.0,358.05,358.25,185788
2025-10-30 06:25:00,358.25,359.25,358.05,359.1,213448
2025-10-30 06:30:00,359.05,359.8,358.8,359.65,179382
2025-10-30 06:35:00,359.7,359.75,358.55,358.85,124935
2025-10-30 06:40:00,358.85,359.0,358.05,358.25,186202
2025-10-30 06:45:00,358.2,358.5,358.05,358.35,128939
2025-10-30 06:50:00,358.3,358.75,358.05,358.55,112234
2025-10-30 06:55:00,358.55,358.65,357.7,358.15,133390
2025-10-30 07:00:00,358.15,359.45,358.05,358.6,216739
2025-10-30 07:05:00,358.55,358.65,357.55,357.8,121607
2025-10-30 07:10:00,357.7,358.0,357.5,357.7,119504
2025-10-30 07:15:00,357.8,358.0,357.55,357.9,98288
2025-10-30 07:20:00,357.85,358.0,357.5,357.5,129879
2025-10-30 07:25:00,357.5,358.0,357.5,357.6,237140
2025-10-30 07:30:00,357.6,358.35,357.6,358.05,120269
2025-10-30 07:35:00,358.05,358.3,357.5,357.65,86633
2025-10-30 07:40:00,357.6,357.7,357.25,357.35,125376
2025-10-30 07:45:00,357.35,357.9,357.25,357.6,120431
2025-10-30 07:50:00,357.6,358.0,357.15,357.35,103239
2025-10-30 07:55:00,357.25,357.55,357.15,357.35,103774
2025-10-30 08:00:00,357.3,357.35,356.75,356.95,105839
2025-10-30 08:05:00,356.95,357.5,356.5,357.35,133018
2025-10-30 08:10:00,357.35,357.5,356.3,356.45,130422
2025-10-30 08:15:00,356.35,356.65,356.2,356.25,87295
2025-10-30 08:20:00,356.2,356.65,356.1,356.45,84055
2025-10-30 08:25:00,356.4,357.0,356.1,356.95,72238
2025-10-30 08:30:00,357.0,357.05,356.3,356.45,86060
2025-10-30 08:35:00,356.55,356.9,356.45,356.8,69624
2025-10-30 08:40:00,356.95,357.55,356.5,357.5,84903
2025-10-30 08:45:00,357.45,357.6,356.9,357.6,76048
2025-10-30 08:50:00,357.65,358.1,357.4,357.9,132194
2025-10-30 08:55:00,357.8,357.9,357.1,357.6,85511
2025-10-30 09:00:00,357.5,357.9,356.6,356.75,78377
2025-10-30 09:05:00,356.65,356.9,356.5,356.65,92177
2025-10-30 09:10:00,356.7,357.7,356.65,357.55,67244
2025-10-30 09:15:00,357.5,357.7,357.15,357.55,54538
2025-10-30 09:20:00,357.5,357.6,357.3,357.3,46955
2025-10-30 09:25:00,357.45,357.45,356.95,357.15,88823
2025-10-30 09:30:00,357.25,357.8,357.15,357.45,156899
2025-10-30 09:35:00,357.45,357.5,357.25,357.35,115267
2025-10-30 09:40:00,357.35,357.65,357.25,357.5,174615
2025-10-30 09:45:00,357.45,358.05,357.45,357.95,413687
2025-10-30 09:50:00,357.95,358.2,357.65,357.9,245798
2025-10-30 09:55:00,357.9,358.1,356.8,358.1,306634
2025-10-31 03:45:00,358.0,358.9,355.6,356.5,435469
2025-10-31 03:50:00,356.6,358.8,356.15,358.7,182275
2025-10-31 03:55:00,358.7,359.45,358.05,358.35,170322
2025-10-31 04:00:00,358.4,359.35,358.2,358.5,105540
2025-10-31 04:05:00,358.25,358.85,358.2,358.2,87048
2025-10-31 04:10:00,358.2,358.7,357.55,358.5,83588
2025-10-31 04:15:00,358.65,359.15,358.3,358.7,63196
2025-10-31 04:20:00,358.6,358.7,356.0,356.55,236575
2025-10-31 04:25:00,356.55,356.75,355.1,355.85,210171
2025-10-31 04:30:00,355.8,356.0,355.35,355.6,88111
2025-10-31 04:35:00,355.75,356.0,355.45,355.75,57800
2025-10-31 04:40:00,355.75,356.65,355.35,355.5,91440
2025-10-31 04:45:00,355.5,356.0,355.2,355.85,68277
2025-10-31 04:50:00,355.95,356.75,355.55,356.75,93674
2025-10-31 04:55:00,356.8,357.5,356.5,357.05,50226
2025-10-31 05:00:00,357.05,357.15,356.05,356.6,110749
2025-10-31 05:05:00,356.45,356.65,356.1,356.55,23858
2025-10-31 05:10:00,356.45,357.1,356.4,356.9,19699
2025-10-31 05:15:00,356.75,357.4,356.65,357.3,34277
2025-10-31 05:20:00,357.2,358.3,356.85,357.55,138921
2025-10-31 05:25:00,357.5,357.7,357.25,357.5,20786
2025-10-31 05:30:00,357.5,357.6,356.75,357.2,20758
2025-10-31 05:35:00,357.15,358.0,357.1,357.8,44820
2025-10-31 05:40:00,357.8,359.0,357.8,358.75,206908
2025-10-31 05:45:00,358.55,359.85,358.5,359.75,188278
2025-10-31 05:50:00,359.65,359.65,358.4,359.05,74776
2025-10-31 05:55:00,359.15,359.15,357.8,358.5,67135
2025-10-31 06:00:00,358.45,359.7,358.45,359.65,83214
2025-10-31 06:05:00,359.6,359.95,359.05,359.25,112769
2025-10-31 06:10:00,359.2,359.75,357.75,358.0,194568
2025-10-31 06:15:00,357.9,358.7,357.75,358.0,103890
2025-10-31 06:20:00,358.0,358.0,357.15,357.5,51034
2025-10-31 06:25:00,357.35,358.2,357.05,358.0,84309
2025-10-31 06:30:00,357.95,358.95,357.7,358.9,35190
2025-10-31 06:35:00,358.9,360.55,358.8,360.45,367869
2025-10-31 06:40:00,360.35,360.55,359.55,359.6,304243
2025-10-31 06:45:00,359.6,360.0,359.1,359.3,46858
2025-10-31 06:50:00,359.25,359.95,358.65,359.95,102306
2025-10-31 06:55:00,359.95,360.25,359.75,360.25,68025
2025-10-31 07:00:00,360.3,360.35,359.55,359.8,45064
2025-10-31 07:05:00,359.75,360.0,359.55,359.9,38837
2025-10-31 07:10:00,360.0,360.4,359.9,360.1,36618
2025-10-31 07:15:00,360.0,360.2,359.1,359.5,31716
2025-10-31 07:20:00,359.45,359.65,359.2,359.5,24216
2025-10-31 07:25:00,359.3,360.4,359.2,360.1,58283
2025-10-31 07:30:00,360.2,360.3,359.8,359.9,33253
2025-10-31 07:35:00,359.9,360.1,359.5,359.75,22638
2025-10-31 07:40:00,359.6,359.75,359.2,359.25,66980
2025-10-31 07:45:00,359.25,359.4,358.75,358.9,47951
2025-10-31 07:50:00,358.8,359.0,358.8,359.0,18941
2025-10-31 07:55:00,359.0,359.0,358.45,358.7,41140
2025-10-31 08:00:00,358.75,358.85,358.6,358.6,22220
2025-10-31 08:05:00,358.7,358.9,358.6,358.65,25877
2025-10-31 08:10:00,358.7,358.9,358.6,358.8,27607
2025-10-31 08:15:00,358.9,358.95,358.5,358.8,34585
2025-10-31 08:20:00,358.8,359.35,358.8,359.0,42000
2025-10-31 08:25:00,359.05,359.9,359.0,359.6,42952
2025-10-31 08:30:00,359.6,359.65,359.15,359.4,22942
2025-10-31 08:35:00,359.4,359.4,358.85,359.25,30984
2025-10-31 08:40:00,359.3,360.5,359.1,360.5,116747
2025-10-31 08:45:00,360.35,360.55,359.3,359.6,72835
2025-10-31 08:50:00,359.6,359.85,359.2,359.3,76292
2025-10-31 08:55:00,359.3,359.9,359.2,359.65,34016
2025-10-31 09:00:00,359.65,359.85,358.95,358.95,117903
2025-10-31 09:05:00,358.9,359.75,358.9,359.35,44906
2025-10-31 09:10:00,359.3,359.55,359.25,359.45,29151
2025-10-31 09:15:00,359.45,359.5,358.5,358.7,74668
2025-10-31 09:20:00,358.65,358.7,358.0,358.4,90315
2025-10-31 09:25:00,358.45,358.5,357.4,357.55,159071
2025-10-31 09:30:00,357.6,357.6,356.55,356.7,182234
2025-10-31 09:35:00,356.75,357.55,356.65,357.05,188540
2025-10-31 09:40:00,357.15,357.5,356.9,357.25,195042
2025-10-31 09:45:00,357.35,357.45,356.9,356.95,215464
2025-10-31 09:50:00,356.95,356.95,355.65,356.45,376049
2025-10-31 09:55:00,356.45,357.25,356.1,356.2,275765
2025-11-03 03:45:00,361.95,361.95,356.25,358.95,2301903
2025-11-03 03:50:00,358.9,360.55,358.1,359.4,862365
2025-11-03 03:55:00,359.5,360.85,358.3,360.6,686761
2025-11-03 04:00:00,360.6,361.0,359.3,359.95,379740
2025-11-03 04:05:00,359.9,360.25,359.05,359.75,269547
2025-11-03 04:10:00,359.85,360.7,359.1,359.8,311450
2025-11-03 04:15:00,359.8,360.0,357.45,358.95,520479
2025-11-03 04:20:00,358.8,359.5,358.45,359.1,205840
2025-11-03 04:25:00,359.1,359.3,358.65,358.9,89172
2025-11-03 04:30:00,359.15,362.6,359.0,362.1,663930
2025-11-03 04:35:00,362.25,363.5,362.15,363.25,545206
2025-11-03 04:40:00,363.15,363.95,362.6,362.85,599506
2025-11-03 04:45:00,362.7,363.15,361.55,362.1,500022
2025-11-03 04:50:00,362.0,362.8,361.9,362.2,341868
2025-11-03 04:55:00,362.2,363.2,362.0,363.1,273134
2025-11-03 05:00:00,363.1,363.35,362.6,362.75,273807
2025-11-03 05:05:00,362.8,362.85,361.55,361.7,281230
2025-11-03 05:10:00,361.7,363.15,361.65,363.0,252233
2025-11-03 05:15:00,362.95,362.95,361.5,362.0,95664
2025-11-03 05:20:00,361.9,363.5,361.9,363.45,219852
2025-11-03 05:25:00,363.45,364.8,363.3,364.35,379425
2025-11-03 05:30:00,364.35,364.9,364.25,364.65,301461
2025-11-03 05:35:00,364.65,365.0,364.0,364.25,214259
2025-11-03 05:40:00,364.25,364.85,364.05,364.55,171362
2025-11-03 05:45:00,364.6,365.4,364.2,365.25,362575
2025-11-03 05:50:00,365.25,365.9,364.7,364.95,176155
2025-11-03 05:55:00,364.8,365.5,364.75,365.3,83258
2025-11-03 06:00:00,365.25,365.45,365.0,365.35,86804
2025-11-03 06:05:00,365.35,365.35,363.5,363.65,187180
2025-11-03 06:10:00,363.65,363.9,362.25,362.35,304089
2025-11-03 06:15:00,362.4,362.85,362.0,362.6,129960
2025-11-03 06:20:00,362.55,363.35,361.9,362.7,206955
2025-11-03 06:25:00,362.55,363.8,362.35,362.95,186565
2025-11-03 06:30:00,362.8,363.85,362.35,363.8,175151
2025-11-03 06:35:00,363.8,364.35,363.5,364.15,147789
2025-11-03 06:40:00,364.1,364.25,363.7,364.0,98169
2025-11-03 06:45:00,364.0,365.15,363.5,364.9,203401
2025-11-03 06:50:00,365.0,366.2,364.95,366.15,407089
2025-11-03 06:55:00,366.05,366.25,365.4,365.7,304782
2025-11-03 07:00:00,365.6,366.15,365.4,366.0,150319
2025-11-03 07:05:00,366.0,366.1,365.6,366.1,167371
2025-11-03 07:10:00,365.7,366.4,365.7,366.15,183061
2025-11-03 07:15:00,366.2,366.5,366.0,366.45,202626
2025-11-03 07:20:00,366.45,367.0,366.3,366.95,277375
2025-11-03 07:25:00,366.95,367.0,366.5,366.95,192326
2025-11-03 07:30:00,366.9,367.0,366.6,366.9,85334
2025-11-03 07:35:00,366.8,367.35,366.6,367.35,198641
2025-11-03 07:40:00,367.35,369.5,367.2,368.4,605136
2025-11-03 07:45:00,368.5,368.5,367.75,367.8,134086
2025-11-03 07:50:00,367.7,368.0,367.4,367.75,140306
2025-11-03 07:55:00,367.65,367.9,367.4,367.8,101628
2025-11-03 08:00:00,367.8,367.9,367.55,367.65,59803
2025-11-03 08:05:00,367.75,367.8,367.35,367.5,154145
2025-11-03 08:10:00,367.4,368.0,367.3,367.6,166908
2025-11-03 08:15:00,367.55,367.75,367.15,367.7,123237
2025-11-03 08:20:00,367.7,367.85,367.35,367.8,215415
2025-11-03 08:25:00,367.7,368.0,367.35,367.5,147819
2025-11-03 08:30:00,367.4,368.0,367.35,367.5,198848
2025-11-03 08:35:00,367.5,367.7,367.35,367.4,131560
2025-11-03 08:40:00,367.35,367.8,367.3,367.65,125323
2025-11-03 08:45:00,367.65,367.95,367.5,367.6,65204
2025-11-03 08:50:00,367.65,367.95,367.4,367.6,87430
2025-11-03 08:55:00,367.6,367.9,367.55,367.6,76348
2025-11-03 09:00:00,367.65,367.75,367.5,367.6,54243
2025-11-03 09:05:00,367.6,367.8,367.5,367.7,69170
2025-11-03 09:10:00,367.7,367.8,367.4,367.6,80644
2025-11-03 09:15:00,367.6,368.2,367.3,367.45,210405
2025-11-03 09:20:00,367.5,367.55,367.3,367.5,86326
2025-11-03 09:25:00,367.5,367.7,367.25,367.3,175151
2025-11-03 09:30:00,367.3,367.35,367.25,367.3,93358
2025-11-03 09:35:00,367.25,367.75,367.25,367.55,130115
2025-11-03 09:40:00,367.6,367.75,367.2,367.45,245259
2025-11-03 09:45:00,367.6,367.75,367.2,367.2,377259
2025-11-03 09:50:00,367.3,367.45,366.7,367.35,451322
2025-11-03 09:55:00,367.35,368.0,367.35,367.6,157762
2025-11-04 03:45:00,369.85,372.7,368.65,371.45,963133
2025-11-04 03:50:00,371.45,372.3,371.2,371.8,335395
2025-11-04 03:55:00,371.75,371.9,369.25,369.5,402556
2025-11-04 04:00:00,369.35,370.45,369.1,370.1,226558
2025-11-04 04:05:00,370.05,370.5,369.35,369.7,216371
2025-11-04 04:10:00,369.6,370.05,369.5,369.85,152368
2025-11-04 04:15:00,369.8,370.3,369.2,370.1,147792
2025-11-04 04:20:00,370.0,371.7,370.0,370.6,306325
2025-11-04 04:25:00,370.4,371.25,370.1,370.95,196917
2025-11-04 04:30:00,370.9,371.0,369.8,370.35,139765
2025-11-04 04:35:00,370.3,371.5,370.1,370.65,115815
2025-11-04 04:40:00,370.6,371.9,370.6,371.75,113889
2025-11-04 04:45:00,371.7,372.7,371.4,371.95,231137
2025-11-04 04:50:00,371.9,372.2,371.15,372.1,131673
2025-11-04 04:55:00,372.0,372.4,371.6,371.7,154157
2025-11-04 05:00:00,371.65,371.95,371.1,371.1,99423
2025-11-04 05:05:00,371.2,371.3,369.7,370.05,182321
2025-11-04 05:10:00,370.05,370.2,369.4,369.65,109576
2025-11-04 05:15:00,369.55,370.1,369.4,369.55,84686
2025-11-04 05:20:00,369.5,369.55,368.15,368.8,231812
2025-11-04 05:25:00,368.8,369.5,368.5,369.3,89914
2025-11-04 05:30:00,369.35,369.5,369.0,369.05,85297
2025-11-04 05:35:00,369.05,369.35,368.75,369.2,80776
2025-11-04 05:40:00,369.15,369.65,368.85,369.65,59772
2025-11-04 05:45:00,369.5,369.7,369.3,369.65,29449
2025-11-04 05:50:00,369.6,369.7,369.05,369.6,90721
2025-11-04 05:55:00,369.55,371.2,369.2,371.05,148401
2025-11-04 06:00:00,371.05,371.4,370.8,371.05,205849
2025-11-04 06:05:00,371.05,371.5,371.0,371.3,130534
2025-11-04 06:10:00,371.3,371.4,370.5,371.0,136319
2025-11-04 06:15:00,370.9,371.0,370.25,370.9,132064
2025-11-04 06:20:00,370.85,371.1,370.5,371.0,129690
2025-11-04 06:25:00,370.9,371.1,370.85,371.0,129383
2025-11-04 06:30:00,370.9,371.05,370.75,371.0,108037
2025-11-04 06:35:00,371.1,371.35,370.55,370.85,229704
2025-11-04 06:40:00,370.9,371.15,370.85,371.0,52951
2025-11-04 06:45:00,371.05,371.15,371.0,371.05,51583
2025-11-04 06:50:00,371.05,371.3,370.85,371.0,98329
2025-11-04 06:55:00,371.0,371.2,370.65,370.95,119708
2025-11-04 07:00:00,370.95,371.0,370.65,370.9,122225
2025-11-04 07:05:00,370.85,371.15,370.75,371.0,121632
2025-11-04 07:10:00,371.0,372.0,370.95,371.9,163726
2025-11-04 07:15:00,371.95,372.85,371.9,372.75,255204
2025-11-04 07:20:00,372.8,373.5,372.5,373.3,320525
2025-11-04 07:25:00,373.3,373.75,373.1,373.4,147053
2025-11-04 07:30:00,373.3,373.5,373.0,373.4,153689
2025-11-04 07:35:00,373.4,373.95,373.3,373.65,148531
2025-11-04 07:40:00,373.65,373.75,373.35,373.5,128969
2025-11-04 07:45:00,373.5,373.5,372.8,373.0,160996
2025-11-04 07:50:00,373.1,373.7,372.9,373.6,162122
2025-11-04 07:55:00,373.6,373.8,372.9,373.05,157892
2025-11-04 08:00:00,373.05,373.2,372.5,372.8,86301
2025-11-04 08:05:00,372.8,373.35,372.8,373.3,109225
2025-11-04 08:10:00,373.1,373.3,372.75,372.8,107490
2025-11-04 08:15:00,372.85,373.25,372.7,372.8,161261
2025-11-04 08:20:00,372.9,373.3,372.85,372.9,90464
2025-11-04 08:25:00,373.0,373.0,372.75,372.95,70382
2025-11-04 08:30:00,372.95,373.0,372.75,372.95,82937
2025-11-04 08:35:00,372.95,373.0,372.85,372.85,110389
2025-11-04 08:40:00,372.9,372.95,372.35,372.4,128498
2025-11-04 08:45:00,372.35,372.5,371.75,371.9,151150
2025-11-04 08:50:00,371.9,372.55,371.9,372.5,76709
2025-11-04 08:55:00,372.5,372.55,372.35,372.45,63100
2025-11-04 09:00:00,372.55,373.1,372.45,373.1,171205
2025-11-04 09:05:00,373.0,373.25,372.95,373.0,120545
2025-11-04 09:10:00,373.0,373.2,372.85,373.15,126501
2025-11-04 09:15:00,373.2,373.2,372.9,373.05,100415
2025-11-04 09:20:00,373.05,373.1,372.7,372.8,118936
2025-11-04 09:25:00,372.85,373.1,372.8,372.95,171151
2025-11-04 09:30:00,372.95,373.1,372.95,373.1,240555
2025-11-04 09:35:00,373.1,373.1,372.7,372.75,271017
2025-11-04 09:40:00,372.8,373.3,372.75,372.95,299712
2025-11-04 09:45:00,372.95,373.05,372.85,372.9,331406
2025-11-04 09:50:00,372.85,372.95,372.75,372.8,322490
2025-11-04 09:55:00,372.75,373.1,372.4,373.0,361585
2025-11-06 03:45:00,380.0,380.0,373.0,373.85,1107642
2025-11-06 03:50:00,373.55,373.9,371.5,372.2,347032
2025-11-06 03:55:00,372.0,373.45,371.95,372.95,158398
2025-11-06 04:00:00,372.95,374.5,372.85,374.25,323081
2025-11-06 04:05:00,374.15,375.5,374.15,374.9,270700
2025-11-06 04:10:00,374.85,375.1,374.4,374.65,197957
2025-11-06 04:15:00,374.6,375.35,374.45,374.8,301034
2025-11-06 04:20:00,374.8,375.35,374.45,374.8,111955
2025-11-06 04:25:00,374.75,375.5,374.65,375.05,163621
2025-11-06 04:30:00,375.1,375.55,373.6,373.85,309756
2025-11-06 04:35:00,373.85,374.0,371.7,371.9,383940
2025-11-06 04:40:00,371.9,372.3,371.15,371.3,235651
2025-11-06 04:45:00,371.15,372.0,370.35,370.75,272608
2025-11-06 04:50:00,370.85,371.8,370.85,371.45,285528
2025-11-06 04:55:00,371.5,372.0,371.2,371.75,228224
2025-11-06 05:00:00,371.75,373.45,371.75,373.25,226704
2025-11-06 05:05:00,373.3,373.75,372.55,372.85,227878
2025-11-06 05:10:00,372.95,373.6,372.85,373.45,153729
2025-11-06 05:15:00,373.35,374.0,372.85,372.85,114338
2025-11-06 05:20:00,373.0,373.2,372.95,373.05,75024
2025-11-06 05:25:00,373.1,373.4,373.0,373.2,80805
2025-11-06 05:30:00,373.2,373.8,373.15,373.7,89071
2025-11-06 05:35:00,373.7,373.8,373.25,373.55,79836
2025-11-06 05:40:00,373.5,373.6,371.85,372.05,112035
2025-11-06 05:45:00,372.0,372.0,369.7,370.0,236927
2025-11-06 05:50:00,370.0,370.45,369.95,370.15,92947
2025-11-06 05:55:00,370.1,370.6,370.05,370.45,46981
2025-11-06 06:00:00,370.45,370.5,370.0,370.0,62790
2025-11-06 06:05:00,370.0,370.0,369.2,369.4,87714
2025-11-06 06:10:00,369.4,369.6,369.0,369.0,86271
2025-11-06 06:15:00,369.0,369.95,368.95,369.8,64385
2025-11-06 06:20:00,369.8,370.05,369.45,369.95,55809
2025-11-06 06:25:00,369.95,370.05,369.85,369.85,26471
2025-11-06 06:30:00,369.9,369.9,369.5,369.65,48853
2025-11-06 06:35:00,369.65,369.8,368.8,368.8,81460
2025-11-06 06:40:00,369.0,369.0,368.5,368.8,61470
2025-11-06 06:45:00,368.85,368.9,368.2,368.3,65580
2025-11-06 06:50:00,368.3,368.75,368.2,368.3,80151
2025-11-06 06:55:00,368.35,368.7,367.85,368.15,90883
2025-11-06 07:00:00,368.15,368.2,367.75,367.95,70022
2025-11-06 07:05:00,368.0,368.0,367.75,367.95,51126
2025-11-06 07:10:00,367.85,368.3,367.8,367.85,100725
2025-11-06 07:15:00,367.85,368.4,367.5,368.25,95386
2025-11-06 07:20:00,368.35,368.45,367.25,368.35,346119
2025-11-06 07:25:00,368.3,369.05,368.2,368.55,250920
2025-11-06 07:30:00,368.55,369.3,368.2,368.6,334508
2025-11-06 07:35:00,368.55,368.7,368.15,368.15,50995
2025-11-06 07:40:00,368.1,368.1,367.8,368.1,71592
2025-11-06 07:45:00,368.1,368.35,368.05,368.3,40502
2025-11-06 07:50:00,368.3,369.0,368.25,368.95,81966
2025-11-06 07:55:00,368.95,368.95,368.45,368.85,59682
2025-11-06 08:00:00,368.85,368.9,368.5,368.75,61215
2025-11-06 08:05:00,368.75,368.95,368.55,368.6,79740
2025-11-06 08:10:00,368.65,368.9,368.6,368.8,42573
2025-11-06 08:15:00,368.85,368.85,368.1,368.1,59672
2025-11-06 08:20:00,368.1,368.5,368.0,368.4,57114
2025-11-06 08:25:00,368.4,368.95,368.3,368.75,76296
2025-11-06 08:30:00,368.8,369.0,368.7,368.95,81742
2025-11-06 08:35:00,368.9,369.25,368.65,368.9,160167
2025-11-06 08:40:00,368.95,369.35,368.9,369.2,34500
2025-11-06 08:45:00,369.2,369.4,368.95,369.3,74801
2025-11-06 08:50:00,369.3,369.45,369.2,369.25,48545
2025-11-06 08:55:00,369.3,369.45,369.15,369.35,62498
2025-11-06 09:00:00,369.4,369.6,369.35,369.35,50024
2025-11-06 09:05:00,369.35,369.5,369.0,369.15,76493
2025-11-06 09:10:00,369.15,369.25,369.0,369.15,73381
2025-11-06 09:15:00,369.2,370.2,369.15,369.4,165603
2025-11-06 09:20:00,369.4,369.8,369.4,369.6,67306
2025-11-06 09:25:00,369.45,369.5,368.75,368.75,107468
2025-11-06 09:30:00,368.75,368.75,367.25,367.65,259051
2025-11-06 09:35:00,367.85,367.95,367.65,367.8,136739
2025-11-06 09:40:00,367.8,368.3,367.65,368.05,288535
2025-11-06 09:45:00,368.05,368.1,367.9,367.95,259958
2025-11-06 09:50:00,367.95,368.3,367.9,368.0,345260
2025-11-06 09:55:00,368.0,368.5,367.7,368.5,256397
2025-11-07 03:45:00,360.0,362.2,359.75,362.0,475214
2025-11-07 03:50:00,362.0,362.0,360.5,361.05,154915
2025-11-07 03:55:00,361.15,361.35,360.25,361.0,143480
2025-11-07 04:00:00,360.9,362.85,360.55,362.4,299735
2025-11-07 04:05:00,362.4,363.95,362.4,363.8,208411
2025-11-07 04:10:00,363.85,366.3,363.85,366.15,528749
2025-11-07 04:15:00,366.15,366.3,364.9,365.45,225169
2025-11-07 04:20:00,365.45,365.8,364.2,364.3,278435
2025-11-07 04:25:00,364.3,364.75,363.45,363.55,268245
2025-11-07 04:30:00,363.65,364.55,363.6,364.4,179772
2025-11-07 04:35:00,364.25,364.75,363.25,363.25,240086
2025-11-07 04:40:00,363.25,364.0,363.25,363.85,161399
2025-11-07 04:45:00,364.0,364.15,363.5,363.95,131354
2025-11-07 04:50:00,363.85,363.95,363.25,363.7,115881
2025-11-07 04:55:00,363.75,363.9,363.15,363.45,124362
2025-11-07 05:00:00,363.45,363.45,362.75,363.0,119149
2025-11-07 05:05:00,362.95,363.55,362.9,363.5,119289
2025-11-07 05:10:00,363.5,363.5,363.0,363.0,103976
2025-11-07 05:15:00,362.95,363.8,362.95,363.4,100439
2025-11-07 05:20:00,363.35,363.7,362.95,363.0,98286
2025-11-07 05:25:00,362.95,363.0,362.6,362.85,76351
2025-11-07 05:30:00,362.95,364.4,362.9,364.1,171766
2025-11-07 05:35:00,364.1,364.2,363.7,363.85,72358
2025-11-07 05:40:00,363.85,364.2,363.65,364.05,126755
2025-11-07 05:45:00,364.15,364.6,363.8,364.55,177134
2025-11-07 05:50:00,364.6,364.95,364.4,364.75,101753
2025-11-07 05:55:00,364.75,364.95,363.35,364.65,197798
2025-11-07 06:00:00,364.7,364.8,364.25,364.35,141889
2025-11-07 06:05:00,364.35,364.45,364.25,364.3,90910
2025-11-07 06:10:00,364.3,364.45,363.8,363.8,155166
2025-11-07 06:15:00,363.9,364.1,363.25,363.35,148513
2025-11-07 06:20:00,363.4,363.45,363.0,363.2,97423
2025-11-07 06:25:00,363.25,363.55,363.15,363.15,83850
2025-11-07 06:30:00,363.2,363.7,363.1,363.4,76116
2025-11-07 06:35:00,363.45,364.5,363.35,363.7,104917
2025-11-07 06:40:00,363.8,363.9,363.25,363.4,60348
2025-11-07 06:45:00,363.4,363.55,362.9,363.4,93405
2025-11-07 06:50:00,363.35,363.9,363.35,363.4,100999
2025-11-07 06:55:00,363.35,363.8,363.35,363.65,49507
2025-11-07 07:00:00,363.7,364.7,363.65,364.55,112445
2025-11-07 07:05:00,364.5,364.55,363.6,363.9,57391
2025-11-07 07:10:00,363.9,364.1,363.9,363.95,87334
2025-11-07 07:15:00,364.0,364.1,363.4,363.75,152615
2025-11-07 07:20:00,363.75,364.05,363.7,363.9,115992
2025-11-07 07:25:00,363.9,364.0,363.5,363.9,74896
2025-11-07 07:30:00,363.9,364.2,363.8,363.95,211521
2025-11-07 07:35:00,364.0,364.4,363.8,363.8,133304
2025-11-07 07:40:00,363.8,364.5,363.55,364.35,69914
2025-11-07 07:45:00,364.45,364.95,364.05,364.8,184952
2025-11-07 07:50:00,364.95,365.1,364.65,364.95,129833
2025-11-07 07:55:00,365.1,365.95,364.65,365.0,257995
2025-11-07 08:00:00,364.9,365.15,364.4,364.9,215919
2025-11-07 08:05:00,364.85,365.65,364.85,365.4,219771
2025-11-07 08:10:00,365.4,365.55,364.9,365.15,104546
2025-11-07 08:15:00,365.25,365.5,364.9,365.1,98398
2025-11-07 08:20:00,365.2,365.45,365.05,365.35,149232
2025-11-07 08:25:00,365.45,365.45,364.95,364.95,91795
2025-11-07 08:30:00,365.0,365.1,364.65,365.0,100157
2025-11-07 08:35:00,364.85,365.0,364.55,364.85,67934
2025-11-07 08:40:00,364.85,365.3,364.7,364.85,96411
2025-11-07 08:45:00,364.85,365.7,364.85,365.55,114683
2025-11-07 08:50:00,365.55,366.05,365.55,365.95,138124
2025-11-07 08:55:00,366.05,366.4,366.0,366.2,97025
2025-11-07 09:00:00,366.2,367.25,366.2,367.1,117144
2025-11-07 09:05:00,367.1,367.5,367.0,367.3,117897
2025-11-07 09:10:00,367.35,367.7,367.3,367.5,115004
2025-11-07 09:15:00,367.5,367.5,366.65,366.95,125834
2025-11-07 09:20:00,366.85,367.1,366.35,366.95,172485
2025-11-07 09:25:00,367.0,367.4,366.05,366.75,215479
2025-11-07 09:30:00,366.75,366.9,366.15,366.3,171264
2025-11-07 09:35:00,366.4,366.95,366.0,366.9,181000
2025-11-07 09:40:00,366.95,367.4,366.8,367.1,268022
2025-11-07 09:45:00,367.2,367.85,367.15,367.5,332727
2025-11-07 09:50:00,367.5,367.8,366.95,367.0,352200
2025-11-07 09:55:00,367.1,367.45,366.0,366.05,183499
2025-11-10 03:45:00,366.3,368.65,365.85,367.65,229518
2025-11-10 03:50:00,367.45,368.0,367.25,367.35,108858
2025-11-10 03:55:00,367.35,367.65,366.9,367.65,79603
2025-11-10 04:00:00,367.85,369.8,367.75,368.7,165787
2025-11-10 04:05:00,368.4,368.95,368.05,368.05,59116
2025-11-10 04:10:00,368.1,368.95,367.95,368.4,52097
2025-11-10 04:15:00,368.4,368.75,368.2,368.55,49354
2025-11-10 04:20:00,368.55,368.55,367.7,368.3,74192
2025-11-10 04:25:00,368.3,368.8,368.0,368.7,45643
2025-11-10 04:30:00,368.85,369.4,368.8,368.8,111616
2025-11-10 04:35:00,368.8,369.0,368.5,368.7,62234
2025-11-10 04:40:00,368.85,369.0,368.65,368.9,43160
2025-11-10 04:45:00,368.95,369.2,368.7,369.05,59405
2025-11-10 04:50:00,368.95,369.1,368.85,369.1,36001
2025-11-10 04:55:00,369.1,369.1,368.75,368.85,50357
2025-11-10 05:00:00,368.6,369.1,368.35,368.95,120573
2025-11-10 05:05:00,368.85,369.45,368.7,369.2,69825
2025-11-10 05:10:00,369.25,369.55,369.1,369.2,79139
2025-11-10 05:15:00,369.3,369.3,367.8,367.95,60401
2025-11-10 05:20:00,367.85,367.95,366.2,366.8,99065
2025-11-10 05:25:00,366.7,366.95,366.55,366.7,55776
2025-11-10 05:30:00,366.65,367.0,366.55,366.6,76235
2025-11-10 05:35:00,366.55,366.85,366.1,366.15,43887
2025-11-10 05:40:00,366.15,366.3,365.9,366.25,62615
2025-11-10 05:45:00,366.25,366.65,366.1,366.5,25379
2025-11-10 05:50:00,366.5,366.75,366.2,366.7,30863
2025-11-10 05:55:00,366.8,367.85,366.6,367.85,150374
2025-11-10 06:00:00,367.8,368.0,367.8,367.85,84264
2025-11-10 06:05:00,367.8,368.4,367.15,367.85,418659
2025-11-10 06:10:00,367.85,368.3,367.25,367.45,176023
2025-11-10 06:15:00,367.45,367.5,367.0,367.1,51426
2025-11-10 06:20:00,367.0,367.15,366.65,366.95,42552
2025-11-10 06:25:00,366.95,367.15,366.8,367.15,42582
2025-11-10 06:30:00,367.0,367.3,366.2,366.2,109723
2025-11-10 06:35:00,366.2,366.7,366.2,366.55,58271
2025-11-10 06:40:00,366.55,366.8,366.25,366.6,67114
2025-11-10 06:45:00,366.6,367.2,366.45,367.0,71941
2025-11-10 06:50:00,367.0,367.05,365.95,366.0,60845
2025-11-10 06:55:00,365.95,366.3,365.55,366.2,67233
2025-11-10 07:00:00,366.05,366.15,365.5,365.55,76187
2025-11-10 07:05:00,365.5,365.75,365.5,365.7,42064
2025-11-10 07:10:00,365.85,366.15,365.75,366.1,111122
2025-11-10 07:15:00,366.05,366.25,365.6,365.65,41233
2025-11-10 07:20:00,365.7,365.8,365.05,365.1,65203
2025-11-10 07:25:00,365.05,365.1,364.6,364.75,121931
2025-11-10 07:30:00,364.7,364.85,364.3,364.45,74923
2025-11-10 07:35:00,364.45,364.5,363.85,364.05,113764
2025-11-10 07:40:00,364.2,364.35,364.05,364.25,50362
2025-11-10 07:45:00,364.25,364.35,363.85,364.0,37885
2025-11-10 07:50:00,364.0,364.4,363.65,364.35,126097
2025-11-10 07:55:00,364.4,364.4,364.3,364.35,34135
2025-11-10 08:00:00,364.3,364.7,364.3,364.55,80053
2025-11-10 08:05:00,364.55,364.65,364.05,364.15,71885
2025-11-10 08:10:00,364.15,364.3,363.8,363.9,54799
2025-11-10 08:15:00,363.85,364.6,363.85,364.25,125399
2025-11-10 08:20:00,364.45,364.5,364.1,364.5,38204
2025-11-10 08:25:00,364.45,364.9,364.3,364.9,143933
2025-11-10 08:30:00,364.95,365.5,364.95,365.35,108194
2025-11-10 08:35:00,365.3,365.9,365.3,365.65,150458
2025-11-10 08:40:00,365.65,366.2,365.6,366.0,80607
2025-11-10 08:45:00,366.0,366.15,365.6,366.0,151089
2025-11-10 08:50:00,366.0,366.15,365.8,366.0,52530
2025-11-10 08:55:00,366.05,366.15,365.6,365.85,57325
2025-11-10 09:00:00,365.85,366.0,365.4,365.5,50018
2025-11-10 09:05:00,365.5,365.9,364.9,365.9,78372
2025-11-10 09:10:00,365.85,365.95,365.35,365.55,46169
2025-11-10 09:15:00,365.4,365.65,364.45,364.55,69602
2025-11-10 09:20:00,364.4,365.05,364.1,365.05,124036
2025-11-10 09:25:00,365.05,365.45,365.0,365.35,57655
2025-11-10 09:30:00,365.55,365.75,364.75,365.05,132836
2025-11-10 09:35:00,365.0,365.25,364.85,364.95,119706
2025-11-10 09:40:00,365.05,365.3,364.75,365.05,246910
2025-11-10 09:45:00,365.05,365.55,364.95,365.55,231034
2025-11-10 09:50:00,365.55,365.55,364.75,364.75,228256
2025-11-10 09:55:00,364.75,365.9,364.55,365.1,165298
2025-11-11 03:45:00,365.0,365.9,362.0,362.1,150665
2025-11-11 03:50:00,362.0,362.45,361.2,361.25,128484
2025-11-11 03:55:00,361.25,361.25,360.05,360.5,119150
2025-11-11 04:00:00,360.6,362.1,360.5,362.05,106984
2025-11-11 04:05:00,362.05,363.35,362.05,363.15,121664
2025-11-11 04:10:00,363.2,363.45,362.9,363.4,76070
2025-11-11 04:15:00,363.45,363.5,362.85,362.9,62781
2025-11-11 04:20:00,363.0,364.35,362.9,364.2,93289
2025-11-11 04:25:00,364.2,366.45,364.2,366.25,178357
2025-11-11 04:30:00,366.25,366.3,365.4,365.4,207695
2025-11-11 04:35:00,365.4,365.5,364.7,365.1,149003
2025-11-11 04:40:00,365.2,365.25,364.45,364.45,124605
2025-11-11 04:45:00,364.5,365.1,364.45,364.95,88964
2025-11-11 04:50:00,365.15,365.25,364.85,364.9,76840
2025-11-11 04:55:00,364.9,365.3,364.55,365.15,76442
2025-11-11 05:00:00,365.2,365.75,364.65,364.65,130377
2025-11-11 05:05:00,364.7,365.0,364.2,364.95,79662
2025-11-11 05:10:00,365.0,365.35,364.75,365.0,65958
2025-11-11 05:15:00,365.0,365.55,364.75,365.4,112397
2025-11-11 05:20:00,365.35,366.0,365.2,365.8,80793
2025-11-11 05:25:00,365.85,366.2,365.5,365.75,132280
2025-11-11 05:30:00,365.8,365.95,365.4,365.5,81669
2025-11-11 05:35:00,365.5,366.2,365.3,366.15,66294
2025-11-11 05:40:00,366.2,366.65,365.85,365.9,96237
2025-11-11 05:45:00,365.9,366.0,364.9,364.95,271916
2025-11-11 05:50:00,364.9,366.15,364.85,366.1,189933
2025-11-11 05:55:00,366.2,367.2,366.05,367.0,325864
2025-11-11 06:00:00,367.0,367.15,365.95,366.0,122545
2025-11-11 06:05:00,366.05,366.7,366.0,366.45,145097
2025-11-11 06:10:00,366.4,368.4,366.4,368.0,149322
2025-11-11 06:15:00,367.9,369.0,367.9,368.6,438954
2025-11-11 06:20:00,368.5,368.85,367.95,368.5,240426
2025-11-11 06:25:00,368.5,369.4,368.4,369.15,175601
2025-11-11 06:30:00,369.1,369.7,369.0,369.6,118610
2025-11-11 06:35:00,369.75,370.5,369.75,370.15,211258
2025-11-11 06:40:00,370.15,370.15,369.45,369.65,76972
2025-11-11 06:45:00,369.6,370.0,369.45,369.75,41726
2025-11-11 06:50:00,369.8,369.8,369.1,369.35,81590
2025-11-11 06:55:00,369.4,369.75,369.15,369.2,73065
2025-11-11 07:00:00,369.2,370.1,369.2,370.0,65387
2025-11-11 07:05:00,370.0,370.15,369.85,370.05,49012
2025-11-11 07:10:00,370.1,370.35,369.4,369.45,99656
2025-11-11 07:15:00,369.55,370.35,369.45,370.25,53003
2025-11-11 07:20:00,370.3,370.5,370.2,370.35,89032
2025-11-11 07:25:00,370.4,370.85,369.85,370.2,149860
2025-11-11 07:30:00,370.25,370.8,370.2,370.7,68328
2025-11-11 07:35:00,370.65,370.85,370.6,370.8,50939
2025-11-11 07:40:00,370.85,371.35,370.65,371.25,129223
2025-11-11 07:45:00,371.2,371.8,371.2,371.7,73923
2025-11-11 07:50:00,371.7,373.6,371.65,373.5,294536
2025-11-11 07:55:00,373.45,374.65,373.25,374.25,257901
2025-11-11 08:00:00,374.15,374.5,373.7,373.9,119961
2025-11-11 08:05:00,374.0,374.0,373.7,373.85,87153
2025-11-11 08:10:00,373.8,373.9,373.25,373.25,116159
2025-11-11 08:15:00,373.25,373.7,372.8,373.45,111225
2025-11-11 08:20:00,373.5,373.65,373.1,373.4,175192
2025-11-11 08:25:00,373.35,373.8,373.2,373.65,127816
2025-11-11 08:30:00,373.6,374.25,373.6,373.9,91489
2025-11-11 08:35:00,373.9,374.2,373.9,373.95,70497
2025-11-11 08:40:00,374.0,374.2,373.1,373.75,132439
2025-11-11 08:45:00,373.8,374.5,373.5,374.4,109210
2025-11-11 08:50:00,374.5,374.85,374.0,374.05,156236
2025-11-11 08:55:00,374.1,374.55,374.0,374.15,149590
2025-11-11 09:00:00,374.15,374.55,374.15,374.2,103955
2025-11-11 09:05:00,374.2,374.3,374.05,374.1,69607
2025-11-11 09:10:00,374.1,374.4,373.75,374.3,136225
2025-11-11 09:15:00,374.4,374.45,374.15,374.25,131177
2025-11-11 09:20:00,374.2,374.25,373.85,373.85,126139
2025-11-11 09:25:00,373.95,374.0,373.5,374.0,188034
2025-11-11 09:30:00,373.95,374.45,373.95,374.2,261433
2025-11-11 09:35:00,374.15,374.2,373.95,374.1,257210
2025-11-11 09:40:00,374.1,374.3,373.75,374.25,261374
2025-11-11 09:45:00,374.25,374.35,374.15,374.2,310361
2025-11-11 09:50:00,374.25,374.55,373.95,374.5,445080
2025-11-11 09:55:00,374.4,374.7,373.3,373.8,282749
2025-11-12 03:45:00,375.2,376.95,374.25,376.0,523270
2025-11-12 03:50:00,375.8,375.85,374.6,374.6,151060
2025-11-12 03:55:00,374.7,375.8,374.5,375.8,224838
2025-11-12 04:00:00,375.8,378.55,375.8,378.5,356451
2025-11-12 04:05:00,378.5,378.85,378.0,378.0,337771
2025-11-12 04:10:00,378.0,379.0,377.9,378.7,211953
2025-11-12 04:15:00,378.75,379.1,377.65,377.8,186090
2025-11-12 04:20:00,377.8,378.0,377.35,377.65,164495
2025-11-12 04:25:00,377.6,377.65,376.7,377.15,164943
2025-11-12 04:30:00,377.15,378.0,377.15,377.85,106201
2025-11-12 04:35:00,377.85,378.75,377.85,378.0,122964
2025-11-12 04:40:00,378.3,378.4,374.8,375.2,248457
2025-11-12 04:45:00,375.3,375.4,374.45,375.0,288223
2025-11-12 04:50:00,375.0,376.15,374.7,375.65,219588
2025-11-12 04:55:00,375.75,376.4,375.65,376.4,108089
2025-11-12 05:00:00,376.3,376.85,376.3,376.7,113842
2025-11-12 05:05:00,376.7,377.25,376.4,376.4,104146
2025-11-12 05:10:00,376.35,376.35,375.0,375.15,147706
2025-11-12 05:15:00,375.2,375.85,375.1,375.4,91436
2025-11-12 05:20:00,375.4,375.4,374.9,374.9,116828
2025-11-12 05:25:00,374.9,375.0,374.5,374.8,75326
2025-11-12 05:30:00,374.75,374.75,373.7,374.45,217750
2025-11-12 05:35:00,374.45,374.5,373.6,373.65,170852
2025-11-12 05:40:00,373.65,374.0,373.65,373.95,75354
2025-11-12 05:45:00,373.95,375.4,373.95,375.15,267581
2025-11-12 05:50:00,375.15,375.4,374.55,374.85,79283
2025-11-12 05:55:00,374.9,375.45,374.85,375.2,166246
2025-11-12 06:00:00,375.15,375.55,374.75,374.9,100665
2025-11-12 06:05:00,375.0,375.0,374.5,375.0,63929
2025-11-12 06:10:00,374.95,375.25,374.6,374.95,87234
2025-11-12 06:15:00,374.95,375.0,374.95,374.95,30845
2025-11-12 06:20:00,374.95,375.0,374.8,374.95,75854
2025-11-12 06:25:00,375.0,375.0,374.85,374.9,69991
2025-11-12 06:30:00,374.85,375.0,374.85,374.95,43066
2025-11-12 06:35:00,375.0,375.95,374.95,375.7,185478
2025-11-12 06:40:00,375.75,375.95,375.7,375.85,46732
2025-11-12 06:45:00,375.9,376.6,375.85,376.5,80603
2025-11-12 06:50:00,376.55,376.75,376.4,376.65,60539
2025-11-12 06:55:00,376.65,376.65,376.05,376.45,98701
2025-11-12 07:00:00,376.5,376.5,375.7,376.2,143825
2025-11-12 07:05:00,376.2,376.5,376.15,376.25,65755
2025-11-12 07:10:00,376.25,376.3,375.0,375.45,76725
2025-11-12 07:15:00,375.4,376.0,375.4,376.0,124335
2025-11-12 07:20:00,375.95,376.15,375.9,375.9,62089
2025-11-12 07:25:00,375.9,376.35,375.8,376.15,49287
2025-11-12 07:30:00,376.15,376.65,376.1,376.4,62695
2025-11-12 07:35:00,376.45,376.85,376.35,376.75,56820
2025-11-12 07:40:00,376.7,376.85,376.45,376.7,47721
2025-11-12 07:45:00,376.65,377.7,376.65,377.55,94120
2025-11-12 07:50:00,377.55,377.8,376.8,376.8,65110
2025-11-12 07:55:00,376.8,377.1,376.55,376.65,41762
2025-11-12 08:00:00,376.65,376.7,376.15,376.55,69328
2025-11-12 08:05:00,376.6,376.8,376.55,376.55,55051
2025-11-12 08:10:00,376.55,376.7,376.3,376.55,42175
2025-11-12 08:15:00,376.55,376.85,376.45,376.75,40827
2025-11-12 08:20:00,376.65,376.75,376.5,376.65,35239
2025-11-12 08:25:00,376.65,376.7,376.5,376.65,34185
2025-11-12 08:30:00,376.65,376.65,376.3,376.4,46842
2025-11-12 08:35:00,376.35,376.55,375.65,375.85,50936
2025-11-12 08:40:00,375.8,376.15,375.75,376.1,51684
2025-11-12 08:45:00,376.1,376.3,376.05,376.05,55616
2025-11-12 08:50:00,376.15,376.25,375.7,376.1,53316
2025-11-12 08:55:00,376.1,376.5,375.95,376.0,78020
2025-11-12 09:00:00,375.95,376.35,375.8,376.25,65047
2025-11-12 09:05:00,376.25,376.45,375.95,376.1,67810
2025-11-12 09:10:00,376.1,376.2,375.5,375.65,46027
2025-11-12 09:15:00,375.7,375.7,375.3,375.5,63958
2025-11-12 09:20:00,375.5,375.55,375.25,375.4,55958
2025-11-12 09:25:00,375.3,375.55,375.05,375.55,194564
2025-11-12 09:30:00,375.55,375.8,375.5,375.6,143463
2025-11-12 09:35:00,375.6,375.95,375.6,375.95,128770
2025-11-12 09:40:00,375.9,375.95,375.25,375.55,252359
2025-11-12 09:45:00,375.45,375.7,375.35,375.4,193630
2025-11-12 09:50:00,375.35,375.4,374.95,375.2,298559
2025-11-12 09:55:00,375.2,376.0,374.1,374.95,298255
2025-11-13 03:45:00,377.1,378.75,375.2,377.1,236801
2025-11-13 03:50:00,376.85,376.85,375.15,375.55,95423
2025-11-13 03:55:00,375.55,375.8,374.0,375.15,203079
2025-11-13 04:00:00,375.2,376.4,375.2,375.7,105106
2025-11-13 04:05:00,375.75,375.75,374.5,374.6,128339
2025-11-13 04:10:00,374.7,375.7,374.65,375.5,136505
2025-11-13 04:15:00,375.5,376.25,375.5,375.75,113303
2025-11-13 04:20:00,375.65,376.05,372.75,373.25,2080621
2025-11-13 04:25:00,373.1,373.3,372.1,372.65,216250
2025-11-13 04:30:00,372.7,373.45,372.3,373.35,175763
2025-11-13 04:35:00,373.35,374.7,373.35,374.65,139050
2025-11-13 04:40:00,374.6,374.8,373.75,374.65,105729
2025-11-13 04:45:00,374.8,375.2,373.8,374.45,123025
2025-11-13 04:50:00,374.4,374.5,373.3,373.75,365478
2025-11-13 04:55:00,373.8,374.25,373.7,374.25,88662
2025-11-13 05:00:00,374.25,374.7,374.0,374.0,114010
2025-11-13 05:05:00,374.05,374.3,373.7,374.25,30357
2025-11-13 05:10:00,374.25,374.7,373.75,373.75,84453
2025-11-13 05:15:00,373.8,375.5,373.75,375.4,190690
2025-11-13 05:20:00,375.4,375.65,375.35,375.65,85042
2025-11-13 05:25:00,375.65,375.7,375.2,375.45,109851
2025-11-13 05:30:00,375.6,375.6,374.3,374.6,105221
2025-11-13 05:35:00,374.65,375.0,374.6,375.0,26824
2025-11-13 05:40:00,375.0,375.0,374.7,374.9,73828
2025-11-13 05:45:00,374.95,375.2,374.9,375.2,83378
2025-11-13 05:50:00,375.15,375.45,374.7,375.1,97637
2025-11-13 05:55:00,375.15,375.45,375.05,375.1,57437
2025-11-13 06:00:00,375.1,375.7,375.1,375.65,42667
2025-11-13 06:05:00,375.65,376.1,375.0,375.1,160357
2025-11-13 06:10:00,375.0,375.75,374.95,375.45,149948
2025-11-13 06:15:00,375.5,376.4,375.45,376.15,74037
2025-11-13 06:20:00,376.2,376.95,375.55,376.25,164160
2025-11-13 06:25:00,376.25,376.6,376.2,376.6,81958
2025-11-13 06:30:00,376.6,376.6,375.65,375.75,74254
2025-11-13 06:35:00,375.8,376.0,375.75,376.0,55179
2025-11-13 06:40:00,376.0,376.15,375.5,375.75,59669
2025-11-13 06:45:00,375.8,376.0,375.75,375.95,21512
2025-11-13 06:50:00,375.95,376.25,375.85,375.85,76435
2025-11-13 06:55:00,375.85,376.0,375.8,375.95,14199
2025-11-13 07:00:00,375.95,375.95,375.4,375.5,66171
2025-11-13 07:05:00,375.5,375.65,375.2,375.55,69636
2025-11-13 07:10:00,375.55,375.65,375.2,375.25,58718
2025-11-13 07:15:00,375.2,375.65,375.15,375.65,28751
2025-11-13 07:20:00,375.6,375.8,375.45,375.5,84891
2025-11-13 07:25:00,375.5,375.8,375.5,375.5,40783
2025-11-13 07:30:00,375.5,376.0,375.5,375.65,61192
2025-11-13 07:35:00,375.65,375.95,375.1,375.1,60349
2025-11-13 07:40:00,375.05,375.25,374.8,375.2,42272
2025-11-13 07:45:00,375.25,375.7,375.15,375.15,66611
2025-11-13 07:50:00,375.1,375.35,375.0,375.05,41502
2025-11-13 07:55:00,375.05,375.4,375.05,375.15,56264
2025-11-13 08:00:00,375.15,375.35,375.05,375.25,59423
2025-11-13 08:05:00,375.25,375.6,375.25,375.55,43362
2025-11-13 08:10:00,375.55,375.7,375.4,375.45,62937
2025-11-13 08:15:00,375.4,375.5,375.0,375.0,67043
2025-11-13 08:20:00,375.0,375.05,374.65,374.9,94052
2025-11-13 08:25:00,374.8,374.9,374.5,374.6,75482
2025-11-13 08:30:00,374.55,374.75,374.3,374.5,66481
2025-11-13 08:35:00,374.55,374.75,374.35,374.35,51679
2025-11-13 08:40:00,374.35,374.4,373.7,374.05,95779
2025-11-13 08:45:00,374.05,374.5,373.9,374.45,81226
2025-11-13 08:50:00,374.45,375.0,374.4,374.95,63340
2025-11-13 08:55:00,375.0,375.25,374.75,375.2,95092
2025-11-13 09:00:00,375.25,375.25,374.6,374.8,79763
2025-11-13 09:05:00,374.85,374.85,373.95,374.55,136806
2025-11-13 09:10:00,374.55,375.0,374.45,374.95,55480
2025-11-13 09:15:00,374.95,375.3,374.85,375.25,61057
2025-11-13 09:20:00,375.3,375.3,374.4,374.6,87171
2025-11-13 09:25:00,374.55,374.75,374.55,374.6,54933
2025-11-13 09:30:00,374.8,375.35,374.8,375.35,157451
2025-11-13 09:35:00,375.35,375.5,374.75,374.95,216582
2025-11-13 09:40:00,374.9,375.4,374.45,375.35,302383
2025-11-13 09:45:00,375.3,375.45,374.55,374.6,235226
2025-11-13 09:50:00,374.75,375.05,374.65,374.8,251610
2025-11-13 09:55:00,374.8,375.0,374.05,374.05,171952
2025-11-14 03:45:00,374.0,377.55,372.35,376.45,235084
2025-11-14 03:50:00,376.35,376.7,375.8,376.2,113544
2025-11-14 03:55:00,376.25,376.95,376.05,376.9,60423
2025-11-14 04:00:00,376.95,378.45,376.8,378.25,169370
2025-11-14 04:05:00,378.3,378.35,377.2,377.2,136471
2025-11-14 04:10:00,377.2,378.0,377.0,377.95,71490
2025-11-14 04:15:00,377.95,379.75,377.75,377.8,239101
2025-11-14 04:20:00,377.85,377.85,376.4,376.4,111432
2025-11-14 04:25:00,376.4,377.05,376.4,376.75,52584
2025-11-14 04:30:00,376.75,376.75,375.65,375.75,79655
2025-11-14 04:35:00,375.8,376.15,375.8,376.0,43438
2025-11-14 04:40:00,376.0,376.0,375.0,375.2,73507
2025-11-14 04:45:00,375.2,375.4,374.9,375.3,126149
2025-11-14 04:50:00,375.2,375.65,374.85,374.95,61272
2025-11-14 04:55:00,374.8,374.95,374.2,374.45,30184
2025-11-14 05:00:00,374.45,374.5,373.8,373.8,47611
2025-11-14 05:05:00,373.85,373.85,371.55,372.35,165439
2025-11-14 05:10:00,372.35,373.1,372.35,373.0,67093
2025-11-14 05:15:00,373.0,373.35,372.65,373.0,49544
2025-11-14 05:20:00,373.0,373.45,372.6,373.45,126520
2025-11-14 05:25:00,373.3,373.8,373.0,373.8,82312
2025-11-14 05:30:00,373.85,374.05,373.65,373.75,49550
2025-11-14 05:35:00,373.75,374.4,373.5,374.15,29523
2025-11-14 05:40:00,374.15,374.6,374.15,374.3,42392
2025-11-14 05:45:00,374.3,374.6,373.0,373.4,366564
2025-11-14 05:50:00,373.4,373.9,373.25,373.8,30384
2025-11-14 05:55:00,373.8,373.8,372.9,373.4,178977
2025-11-14 06:00:00,373.4,373.5,372.85,372.95,41075
2025-11-14 06:05:00,372.95,373.1,372.9,373.0,50846
2025-11-14 06:10:00,373.0,373.2,372.9,372.95,39637
2025-11-14 06:15:00,372.95,373.1,372.9,373.0,38444
2025-11-14 06:20:00,373.0,373.0,372.95,373.0,21418
2025-11-14 06:25:00,372.9,372.95,372.15,372.2,61524
2025-11-14 06:30:00,372.2,372.4,372.15,372.4,28268
2025-11-14 06:35:00,372.4,372.7,372.3,372.45,23751
2025-11-14 06:40:00,372.45,372.45,371.55,371.85,54290
2025-11-14 06:45:00,371.85,372.1,371.75,371.8,25143
2025-11-14 06:50:00,371.95,372.1,371.85,372.0,22968
2025-11-14 06:55:00,371.95,372.35,371.95,372.0,48662
2025-11-14 07:00:00,372.0,372.0,371.8,371.8,31820
2025-11-14 07:05:00,371.9,371.95,371.7,371.85,26192
2025-11-14 07:10:00,371.8,372.0,371.7,371.8,21288
2025-11-14 07:15:00,371.9,371.9,371.55,371.9,25749
2025-11-14 07:20:00,371.9,372.1,371.75,372.0,23988
2025-11-14 07:25:00,371.95,372.0,371.65,371.75,25180
2025-11-14 07:30:00,371.85,371.85,371.55,371.7,26017
2025-11-14 07:35:00,371.65,371.8,371.0,371.35,39580
2025-11-14 07:40:00,371.4,371.5,371.25,371.5,17151
2025-11-14 07:45:00,371.5,371.85,370.0,370.1,124793
2025-11-14 07:50:00,370.1,370.4,369.9,370.1,263769
2025-11-14 07:55:00,370.05,370.75,369.9,370.7,82293
2025-11-14 08:00:00,370.8,370.8,370.1,370.25,44416
2025-11-14 08:05:00,370.35,370.45,369.9,370.2,53677
2025-11-14 08:10:00,370.2,370.4,370.0,370.0,32245
2025-11-14 08:15:00,369.9,370.0,369.5,369.7,50642
2025-11-14 08:20:00,369.7,369.85,369.5,369.5,38526
2025-11-14 08:25:00,369.45,369.95,369.45,369.75,46540
2025-11-14 08:30:00,369.8,370.25,369.75,369.9,66702
2025-11-14 08:35:00,370.0,371.0,369.85,370.4,151140
2025-11-14 08:40:00,370.4,370.4,370.05,370.2,52921
2025-11-14 08:45:00,370.2,370.5,370.0,370.0,52246
2025-11-14 08:50:00,370.0,370.1,369.65,369.65,30358
2025-11-14 08:55:00,369.65,370.05,369.65,369.95,42308
2025-11-14 09:00:00,369.95,370.25,369.9,369.95,52867
2025-11-14 09:05:00,369.95,370.45,369.95,370.3,22312
2025-11-14 09:10:00,370.3,370.35,369.9,370.0,87099
2025-11-14 09:15:00,369.9,370.3,369.85,370.1,170029
2025-11-14 09:20:00,370.1,370.3,369.9,370.0,41715
2025-11-14 09:25:00,370.1,370.15,369.8,369.9,57742
2025-11-14 09:30:00,369.95,370.85,369.9,370.8,163029
2025-11-14 09:35:00,370.85,371.0,370.6,370.9,200619
2025-11-14 09:40:00,370.9,371.75,370.9,371.45,311781
2025-11-14 09:45:00,371.45,371.55,370.65,370.95,362232
2025-11-14 09:50:00,371.0,372.1,370.65,371.8,561690
2025-11-14 09:55:00,371.7,372.0,371.3,371.5,151244
2025-11-17 03:45:00,372.6,376.3,372.0,374.55,327825
2025-11-17 03:50:00,374.5,375.35,374.05,374.75,189416
2025-11-17 03:55:00,374.7,375.9,374.7,375.25,113292
2025-11-17 04:00:00,375.25,377.8,375.25,377.7,240568
2025-11-17 04:05:00,377.7,377.8,377.1,377.8,127234
2025-11-17 04:10:00,377.8,378.6,377.75,378.4,245613
2025-11-17 04:15:00,378.5,378.55,377.6,378.1,110025
2025-11-17 04:20:00,378.0,378.3,377.1,377.85,158471
2025-11-17 04:25:00,377.85,378.25,377.85,377.95,66186
2025-11-17 04:30:00,377.95,379.0,377.9,378.9,152242
2025-11-17 04:35:00,379.0,380.9,378.9,380.8,452440
2025-11-17 04:40:00,380.7,381.55,379.65,379.95,453751
2025-11-17 04:45:00,379.95,380.65,379.25,379.3,180192
2025-11-17 04:50:00,379.3,380.2,378.65,378.8,256401
2025-11-17 04:55:00,378.8,379.45,378.8,379.2,84073
2025-11-17 05:00:00,379.15,379.4,378.9,379.25,87869
2025-11-17 05:05:00,379.25,379.9,379.0,379.0,112893
2025-11-17 05:10:00,379.1,379.5,378.4,378.55,121879
2025-11-17 05:15:00,378.55,379.55,378.55,379.45,248002
2025-11-17 05:20:00,379.45,379.65,378.75,378.95,90681
2025-11-17 05:25:00,379.0,379.15,378.9,379.1,31004
2025-11-17 05:30:00,379.15,379.3,378.95,379.05,70853
2025-11-17 05:35:00,379.05,379.05,378.7,379.0,43377
2025-11-17 05:40:00,378.95,379.2,378.9,379.0,45974
2025-11-17 05:45:00,378.95,379.25,378.2,378.45,95661
2025-11-17 05:50:00,378.5,378.7,378.25,378.5,82801
2025-11-17 05:55:00,378.6,378.8,378.35,378.45,50142
2025-11-17 06:00:00,378.45,378.65,378.15,378.6,60614
2025-11-17 06:05:00,378.65,379.0,378.1,378.1,82823
2025-11-17 06:10:00,378.15,378.8,378.1,378.8,111328
2025-11-17 06:15:00,378.75,379.0,377.7,378.6,132879
2025-11-17 06:20:00,378.6,378.65,377.2,377.65,97647
2025-11-17 06:25:00,377.55,378.0,377.5,377.7,69706
2025-11-17 06:30:00,377.65,377.75,377.2,377.65,73706
2025-11-17 06:35:00,377.65,377.85,377.4,377.75,69896
2025-11-17 06:40:00,377.75,377.75,377.35,377.35,62223
2025-11-17 06:45:00,377.35,377.45,377.2,377.25,73931
2025-11-17 06:50:00,377.25,377.85,377.1,377.15,88023
2025-11-17 06:55:00,377.15,377.6,377.0,377.0,67176
2025-11-17 07:00:00,377.05,377.05,376.05,376.1,96761
2025-11-17 07:05:00,376.2,376.25,375.7,376.0,83084
2025-11-17 07:10:00,375.95,376.6,375.9,376.5,64269
2025-11-17 07:15:00,376.5,376.85,375.8,376.05,70988
2025-11-17 07:20:00,376.0,376.2,375.75,375.9,41252
2025-11-17 07:25:00,375.85,376.25,375.85,375.85,89137
2025-11-17 07:30:00,375.9,376.1,375.6,375.85,67996
2025-11-17 07:35:00,375.8,375.95,375.6,375.7,47911
2025-11-17 07:40:00,375.7,376.6,375.65,376.35,52116
2025-11-17 07:45:00,376.35,376.65,376.3,376.5,50694
2025-11-17 07:50:00,376.45,376.55,375.8,375.85,65694
2025-11-17 07:55:00,376.0,376.1,375.9,376.0,56198
2025-11-17 08:00:00,375.95,376.0,375.75,376.0,26926
2025-11-17 08:05:00,376.0,376.0,375.75,375.9,59841
2025-11-17 08:10:00,375.95,376.0,375.5,375.85,68392
2025-11-17 08:15:00,375.85,375.85,375.75,375.8,40507
2025-11-17 08:20:00,375.8,375.85,375.6,375.75,45496
2025-11-17 08:25:00,375.75,375.8,375.1,375.65,60860
2025-11-17 08:30:00,375.6,375.8,375.55,375.8,37523
2025-11-17 08:35:00,375.85,376.0,375.8,375.85,145607
2025-11-17 08:40:00,375.85,375.85,375.75,375.85,47743
2025-11-17 08:45:00,375.85,376.7,375.8,376.55,184800
2025-11-17 08:50:00,376.6,376.6,375.8,376.0,81897
2025-11-17 08:55:00,375.95,376.0,375.95,376.0,40150
2025-11-17 09:00:00,376.0,376.25,375.95,376.25,133694
2025-11-17 09:05:00,376.25,376.25,375.15,375.55,113019
2025-11-17 09:10:00,375.5,375.7,375.1,375.15,99038
2025-11-17 09:15:00,375.15,375.2,374.6,374.85,120237
2025-11-17 09:20:00,374.9,374.9,374.65,374.75,53035
2025-11-17 09:25:00,374.8,374.85,374.75,374.85,51171
2025-11-17 09:30:00,374.85,374.85,373.75,373.8,171210
2025-11-17 09:35:00,373.85,374.75,373.6,374.65,127765
2025-11-17 09:40:00,374.55,374.95,374.55,374.85,120295
2025-11-17 09:45:00,374.85,374.9,373.8,374.0,408560
2025-11-17 09:50:00,373.95,374.3,373.95,373.95,387376
2025-11-17 09:55:00,374.2,374.85,373.35,374.3,403566
2025-11-18 03:45:00,375.85,375.85,372.85,373.45,381474
2025-11-18 03:50:00,373.6,374.75,373.3,374.5,106582
2025-11-18 03:55:00,374.5,375.6,374.35,375.15,87506
2025-11-18 04:00:00,375.1,376.9,374.9,375.85,262131
2025-11-18 04:05:00,375.85,375.95,375.0,375.1,147663
2025-11-18 04:10:00,375.05,375.1,374.25,374.45,169363
2025-11-18 04:15:00,374.6,374.75,373.5,373.65,82081
2025-11-18 04:20:00,373.6,373.95,373.1,373.9,141872
2025-11-18 04:25:00,373.95,374.0,373.45,373.55,140738
2025-11-18 04:30:00,373.55,373.55,372.8,372.9,85067
2025-11-18 04:35:00,372.9,373.2,372.5,372.75,81477
2025-11-18 04:40:00,372.75,373.25,372.65,372.8,94257
2025-11-18 04:45:00,372.8,373.3,372.65,373.2,49324
2025-11-18 04:50:00,373.25,373.4,372.95,373.2,81624
2025-11-18 04:55:00,373.2,373.2,372.7,373.05,49856
2025-11-18 05:00:00,373.05,373.15,372.55,372.75,59062
2025-11-18 05:05:00,372.75,373.0,372.7,372.9,44068
2025-11-18 05:10:00,372.9,373.0,372.5,372.9,52677
2025-11-18 05:15:00,372.9,373.2,371.7,371.85,123524
2025-11-18 05:20:00,371.95,372.0,371.65,372.0,58160
2025-11-18 05:25:00,371.95,372.05,371.6,371.9,62242
2025-11-18 05:30:00,371.9,372.0,371.45,371.85,90892
2025-11-18 05:35:00,371.85,372.05,371.85,372.05,71010
2025-11-18 05:40:00,372.0,372.05,371.95,372.0,46345
2025-11-18 05:45:00,372.0,372.3,371.95,372.2,88312
2025-11-18 05:50:00,372.25,372.75,371.95,372.0,125528
2025-11-18 05:55:00,371.95,372.0,371.95,372.0,65882
2025-11-18 06:00:00,371.95,372.25,371.95,372.2,173748
2025-11-18 06:05:00,372.25,372.55,371.8,371.85,111798
2025-11-18 06:10:00,371.9,372.0,371.85,372.0,23986
2025-11-18 06:15:00,371.95,372.6,371.95,372.6,162533
2025-11-18 06:20:00,372.65,372.8,372.55,372.65,55516
2025-11-18 06:25:00,372.65,373.1,372.65,372.95,51331
2025-11-18 06:30:00,373.0,373.05,371.9,372.0,149249
2025-11-18 06:35:00,372.0,372.05,371.95,372.0,35359
2025-11-18 06:40:00,372.0,372.15,371.95,372.05,46440
2025-11-18 06:45:00,372.05,372.15,371.95,372.05,31786
2025-11-18 06:50:00,372.0,372.2,372.0,372.0,35832
2025-11-18 06:55:00,372.0,372.2,371.95,372.15,40714
2025-11-18 07:00:00,372.0,372.15,371.6,371.9,49920
2025-11-18 07:05:00,371.95,372.0,371.6,372.0,39939
2025-11-18 07:10:00,371.85,372.1,371.8,371.85,43040
2025-11-18 07:15:00,371.8,372.05,371.75,371.85,34982
2025-11-18 07:20:00,371.85,372.15,371.8,372.1,28179
2025-11-18 07:25:00,372.15,372.35,372.1,372.35,42170
2025-11-18 07:30:00,372.35,372.55,371.95,372.0,95334
2025-11-18 07:35:00,372.0,372.5,371.95,372.5,84133
2025-11-18 07:40:00,372.5,372.85,372.4,372.85,63153
2025-11-18 07:45:00,372.85,372.95,372.75,372.85,42767
2025-11-18 07:50:00,372.9,373.0,372.85,373.0,26836
2025-11-18 07:55:00,373.0,373.0,372.85,372.9,49004
2025-11-18 08:00:00,372.9,373.0,372.55,372.8,86086
2025-11-18 08:05:00,372.8,373.0,372.75,372.95,19620
2025-11-18 08:10:00,372.9,373.0,372.85,372.95,70019
2025-11-18 08:15:00,373.0,373.0,372.95,372.95,34881
2025-11-18 08:20:00,373.0,373.55,372.95,373.45,171845
2025-11-18 08:25:00,373.5,373.6,372.95,373.3,76709
2025-11-18 08:30:00,373.25,373.5,373.2,373.3,48496
2025-11-18 08:35:00,373.4,373.5,373.35,373.4,22224
2025-11-18 08:40:00,373.4,373.5,373.35,373.45,52228
2025-11-18 08:45:00,373.35,373.45,372.9,372.9,91618
2025-11-18 08:50:00,372.9,373.1,372.1,372.95,105039
2025-11-18 08:55:00,372.95,373.15,372.9,372.95,45146
2025-11-18 09:00:00,372.95,373.1,372.75,372.85,73590
2025-11-18 09:05:00,372.85,372.85,372.05,372.05,89992
2025-11-18 09:10:00,372.1,372.1,371.9,371.9,50601
2025-11-18 09:15:00,371.85,372.75,371.85,372.25,373157
2025-11-18 09:20:00,372.1,372.6,371.6,371.9,207152
2025-11-18 09:25:00,371.95,372.0,371.5,371.6,182266
2025-11-18 09:30:00,371.55,371.7,370.65,371.15,269455
2025-11-18 09:35:00,371.15,372.1,371.1,371.95,164044
2025-11-18 09:40:00,371.95,372.1,371.9,371.95,268371
2025-11-18 09:45:00,371.9,372.1,371.9,372.0,206675
2025-11-18 09:50:00,372.0,372.4,371.45,372.0,347671
2025-11-18 09:55:00,371.85,372.5,371.35,372.1,267995
2025-11-19 03:45:00,371.85,372.75,368.75,369.4,198505
2025-11-19 03:50:00,369.2,370.9,369.15,370.6,327685
2025-11-19 03:55:00,370.7,371.1,369.85,370.55,94528
2025-11-19 04:00:00,370.3,370.9,369.9,370.5,43480
2025-11-19 04:05:00,370.45,371.0,370.45,370.55,53678
2025-11-19 04:10:00,370.7,371.2,370.2,371.05,106994
2025-11-19 04:15:00,370.95,372.4,370.95,372.4,109855
2025-11-19 04:20:00,372.35,372.9,371.9,372.8,82468
2025-11-19 04:25:00,372.8,372.9,372.3,372.4,45821
2025-11-19 04:30:00,372.3,372.45,372.05,372.25,25135
2025-11-19 04:35:00,372.2,372.5,372.15,372.5,18621
2025-11-19 04:40:00,372.5,372.65,372.15,372.25,88730
2025-11-19 04:45:00,372.25,372.4,371.8,371.8,47806
2025-11-19 04:50:00,371.85,372.1,371.35,371.35,44884
2025-11-19 04:55:00,371.35,371.45,370.9,371.1,71034
2025-11-19 05:00:00,371.35,371.4,369.8,370.25,80188
2025-11-19 05:05:00,370.25,370.55,369.9,370.0,45724
2025-11-19 05:10:00,369.9,370.1,369.75,369.9,32334
2025-11-19 05:15:00,369.8,370.0,369.55,369.75,53913
2025-11-19 05:20:00,369.9,370.45,369.8,370.15,26496
2025-11-19 05:25:00,370.05,370.25,369.65,369.8,52782
2025-11-19 05:30:00,369.8,369.9,369.45,369.8,31367
2025-11-19 05:35:00,369.7,369.9,368.45,368.5,77489
2025-11-19 05:40:00,368.5,368.5,367.85,368.3,160963
2025-11-19 05:45:00,368.25,368.85,368.1,368.6,56998
2025-11-19 05:50:00,368.55,368.9,368.45,368.55,33264
2025-11-19 05:55:00,368.5,368.9,368.5,368.65,33222
2025-11-19 06:00:00,368.65,368.85,368.35,368.35,39465
2025-11-19 06:05:00,368.35,369.0,368.25,369.0,24989
2025-11-19 06:10:00,368.95,369.0,368.7,368.85,46805
2025-11-19 06:15:00,368.8,369.0,368.75,369.0,44002
2025-11-19 06:20:00,368.9,369.55,368.45,369.5,111735
2025-11-19 06:25:00,369.45,369.85,368.75,368.75,83781
2025-11-19 06:30:00,368.75,369.45,368.75,368.95,188118
2025-11-19 06:35:00,369.0,369.3,368.7,368.75,89747
2025-11-19 06:40:00,368.75,368.9,367.9,368.0,126363
2025-11-19 06:45:00,368.0,368.3,367.1,367.75,184023
2025-11-19 06:50:00,367.75,368.2,367.7,368.15,27061
2025-11-19 06:55:00,368.2,369.0,368.2,368.35,56860
2025-11-19 07:00:00,368.5,368.5,367.9,367.95,179125
2025-11-19 07:05:00,367.95,368.6,367.85,367.95,138625
2025-11-19 07:10:00,367.95,368.65,367.9,368.5,96281
2025-11-19 07:15:00,368.5,368.8,368.0,368.0,55739
2025-11-19 07:20:00,368.0,368.2,367.75,367.8,39913
2025-11-19 07:25:00,367.8,367.95,367.3,367.3,44354
2025-11-19 07:30:00,367.35,367.7,367.3,367.55,35669
2025-11-19 07:35:00,367.5,367.7,367.45,367.6,62619
2025-11-19 07:40:00,367.45,368.3,367.45,367.85,99488
2025-11-19 07:45:00,367.9,368.05,367.85,367.9,113415
2025-11-19 07:50:00,367.85,367.95,367.45,367.45,52773
2025-11-19 07:55:00,367.45,367.5,366.8,367.15,136200
2025-11-19 08:00:00,367.15,367.35,367.15,367.15,25458
2025-11-19 08:05:00,367.15,367.35,367.0,367.35,44827
2025-11-19 08:10:00,367.3,367.8,367.3,367.7,13567
2025-11-19 08:15:00,367.8,367.8,367.4,367.4,42349
2025-11-19 08:20:00,367.45,367.5,367.4,367.45,22557
2025-11-19 08:25:00,367.45,367.6,367.45,367.45,103416
2025-11-19 08:30:00,367.45,367.65,367.4,367.45,62278
2025-11-19 08:35:00,367.45,367.6,367.45,367.45,29107
2025-11-19 08:40:00,367.5,367.65,367.45,367.45,69788
2025-11-19 08:45:00,367.45,367.65,367.45,367.45,152195
2025-11-19 08:50:00,367.45,367.6,367.45,367.45,33366
2025-11-19 08:55:00,367.45,367.65,367.45,367.5,39278
2025-11-19 09:00:00,367.45,367.6,367.45,367.45,43748
2025-11-19 09:05:00,367.45,367.65,367.45,367.45,39618
2025-11-19 09:10:00,367.45,367.65,367.45,367.5,159109
2025-11-19 09:15:00,367.45,367.65,367.45,367.5,34383
2025-11-19 09:20:00,367.45,367.6,366.5,366.75,107216
2025-11-19 09:25:00,366.9,366.9,366.05,366.25,106946
2025-11-19 09:30:00,366.25,366.4,365.9,366.0,246419
2025-11-19 09:35:00,365.9,366.15,365.7,365.95,180717
2025-11-19 09:40:00,365.95,366.1,365.6,365.95,256784
2025-11-19 09:45:00,365.9,366.1,365.85,366.0,204217
2025-11-19 09:50:00,366.0,366.05,365.9,365.95,211030
2025-11-19 09:55:00,365.95,365.95,364.85,364.95,686557
2025-11-20 03:45:00,367.0,367.8,365.95,366.6,235272
2025-11-20 03:50:00,366.55,367.65,365.85,367.15,128736
2025-11-20 03:55:00,367.15,367.2,366.1,366.35,77516
2025-11-20 04:00:00,366.35,368.15,366.35,367.1,170875
2025-11-20 04:05:00,367.4,367.9,367.15,367.6,88207
2025-11-20 04:10:00,367.6,368.0,366.0,366.0,155393
2025-11-20 04:15:00,366.05,366.35,365.65,365.65,173027
2025-11-20 04:20:00,365.7,366.3,365.7,366.0,78928
2025-11-20 04:25:00,365.95,366.45,365.8,366.0,70897
2025-11-20 04:30:00,366.0,366.75,365.8,365.95,106011
2025-11-20 04:35:00,366.0,366.3,365.15,365.6,104034
2025-11-20 04:40:00,365.7,366.3,365.6,366.25,61202
2025-11-20 04:45:00,366.3,366.4,365.85,365.9,103765
2025-11-20 04:50:00,365.95,366.05,365.75,365.85,87980
2025-11-20 04:55:00,365.85,367.0,365.75,366.9,97920
2025-11-20 05:00:00,366.95,367.0,366.9,366.95,94413
2025-11-20 05:05:00,366.9,368.1,366.9,368.05,105266
2025-11-20 05:10:00,368.05,368.8,367.2,367.4,93767
2025-11-20 05:15:00,367.4,367.5,366.35,366.9,54975
2025-11-20 05:20:00,366.95,367.05,366.45,366.7,40019
2025-11-20 05:25:00,366.75,367.15,366.75,366.95,38711
2025-11-20 05:30:00,367.0,367.0,366.9,366.95,24515
2025-11-20 05:35:00,367.0,367.2,366.95,367.0,53185
2025-11-20 05:40:00,367.05,367.25,366.55,366.9,36092
2025-11-20 05:45:00,366.95,367.15,366.9,367.05,34031
2025-11-20 05:50:00,367.1,367.7,366.75,367.0,93150
2025-11-20 05:55:00,367.05,367.15,366.9,366.9,16043
2025-11-20 06:00:00,366.95,367.1,366.9,366.95,40179
2025-11-20 06:05:00,366.95,367.0,365.9,366.25,381741
2025-11-20 06:10:00,366.25,366.25,365.95,366.0,108349
2025-11-20 06:15:00,366.0,367.25,365.95,367.05,238721
2025-11-20 06:20:00,367.25,367.25,365.95,366.0,210040
2025-11-20 06:25:00,365.95,366.65,365.95,366.65,161821
2025-11-20 06:30:00,366.6,367.1,366.6,367.05,36673
2025-11-20 06:35:00,367.1,367.1,366.65,366.8,30511
2025-11-20 06:40:00,366.85,367.4,366.65,367.35,23942
2025-11-20 06:45:00,367.4,367.5,367.25,367.4,40596
2025-11-20 06:50:00,367.45,367.5,367.15,367.3,29702
2025-11-20 06:55:00,367.3,367.65,367.25,367.6,40646
2025-11-20 07:00:00,367.6,367.65,367.1,367.35,33507
2025-11-20 07:05:00,367.45,367.7,366.6,366.95,195150
2025-11-20 07:10:00,367.0,367.0,366.85,367.0,52554
2025-11-20 07:15:00,366.95,367.0,366.8,366.85,49198
2025-11-20 07:20:00,366.95,367.05,366.85,367.0,287681
2025-11-20 07:25:00,367.0,367.0,366.75,366.75,84982
2025-11-20 07:30:00,366.8,366.95,366.5,366.7,31039
2025-11-20 07:35:00,366.75,366.75,366.1,366.15,41305
2025-11-20 07:40:00,366.2,366.5,365.5,365.5,118215
2025-11-20 07:45:00,365.6,366.15,365.5,366.0,126401
2025-11-20 07:50:00,366.0,366.25,365.75,366.0,151128
2025-11-20 07:55:00,366.0,366.55,365.65,366.05,233630
2025-11-20 08:00:00,366.0,366.45,365.75,366.05,137619
2025-11-20 08:05:00,366.25,366.5,365.85,365.85,139159
2025-11-20 08:10:00,366.0,366.7,365.7,366.65,100295
2025-11-20 08:15:00,366.6,366.75,366.4,366.75,87175
2025-11-20 08:20:00,366.9,367.35,366.8,367.1,104602
2025-11-20 08:25:00,367.25,367.5,366.9,367.05,102306
2025-11-20 08:30:00,367.05,367.05,365.75,365.95,231891
2025-11-20 08:35:00,365.95,366.25,365.4,365.85,203744
2025-11-20 08:40:00,365.9,366.65,365.7,366.15,149706
2025-11-20 08:45:00,366.35,366.75,366.1,366.4,107420
2025-11-20 08:50:00,366.45,366.75,366.1,366.35,89480
2025-11-20 08:55:00,366.55,366.55,365.1,365.25,178339
2025-11-20 09:00:00,365.2,365.35,364.9,365.05,446502
2025-11-20 09:05:00,365.05,365.15,364.95,365.0,156404
2025-11-20 09:10:00,365.0,365.05,364.65,364.85,95430
2025-11-20 09:15:00,364.9,365.0,364.6,364.9,52367
2025-11-20 09:20:00,364.9,364.9,363.8,363.85,104644
2025-11-20 09:25:00,363.9,364.25,363.85,364.0,108304
2025-11-20 09:30:00,364.0,364.2,363.3,364.0,227819
2025-11-20 09:35:00,364.0,364.1,363.95,364.0,168617
2025-11-20 09:40:00,364.0,365.65,363.95,365.5,326709
2025-11-20 09:45:00,365.4,366.35,365.4,366.35,164235
2025-11-20 09:50:00,366.4,366.5,365.9,366.35,202502
2025-11-20 09:55:00,366.3,366.35,365.65,365.85,141825
2025-11-21 03:45:00,365.05,366.0,363.4,365.0,221180
2025-11-21 03:50:00,364.75,366.15,363.5,363.9,232135
2025-11-21 03:55:00,364.0,364.8,363.85,364.1,85575
2025-11-21 04:00:00,364.15,367.85,364.1,367.55,217673
2025-11-21 04:05:00,367.3,367.6,366.2,366.4,145920
2025-11-21 04:10:00,366.5,366.85,366.0,366.45,116971
2025-11-21 04:15:00,366.45,366.5,365.9,366.35,96153
2025-11-21 04:20:00,366.3,366.7,365.55,365.8,86234
2025-11-21 04:25:00,365.8,366.4,365.4,366.0,106940
2025-11-21 04:30:00,366.0,366.3,365.7,365.8,82240
2025-11-21 04:35:00,365.8,365.8,365.15,365.55,66863
2025-11-21 04:40:00,365.55,365.9,365.5,365.85,52445
2025-11-21 04:45:00,365.85,366.2,365.55,365.55,89292
2025-11-21 04:50:00,365.55,365.65,365.1,365.35,62547
2025-11-21 04:55:00,365.4,365.45,364.65,364.75,74884
2025-11-21 05:00:00,364.75,365.9,364.7,365.65,97206
2025-11-21 05:05:00,365.55,366.15,364.15,364.3,229000
2025-11-21 05:10:00,364.3,364.35,363.7,363.85,61279
2025-11-21 05:15:00,363.85,364.05,363.5,363.95,70249
2025-11-21 05:20:00,364.0,364.55,363.8,364.15,68251
2025-11-21 05:25:00,364.15,364.5,364.05,364.45,34387
2025-11-21 05:30:00,364.45,364.6,364.0,364.05,71282
2025-11-21 05:35:00,364.0,364.05,363.45,363.75,56608
2025-11-21 05:40:00,363.8,364.5,363.75,364.5,23848
2025-11-21 05:45:00,364.5,364.9,364.25,364.85,71135
2025-11-21 05:50:00,364.85,364.85,363.75,363.9,109938
2025-11-21 05:55:00,363.85,364.7,363.85,364.7,42954
2025-11-21 06:00:00,364.65,364.7,363.8,363.9,94595
2025-11-21 06:05:00,363.9,364.5,363.8,364.4,243133
2025-11-21 06:10:00,364.35,364.5,364.1,364.3,74999
2025-11-21 06:15:00,364.3,364.85,364.05,364.6,109837
2025-11-21 06:20:00,364.6,365.8,364.6,365.8,78095
2025-11-21 06:25:00,365.9,366.3,365.65,366.3,98764
2025-11-21 06:30:00,366.3,367.1,366.1,367.05,226694
2025-11-21 06:35:00,367.1,367.2,366.4,366.65,150364
2025-11-21 06:40:00,366.65,366.9,366.6,366.85,27260
2025-11-21 06:45:00,366.9,366.9,365.8,366.05,91516
2025-11-21 06:50:00,366.1,366.1,365.9,366.1,64829
2025-11-21 06:55:00,366.1,366.6,365.95,366.5,159096
2025-11-21 07:00:00,366.55,366.55,365.9,366.05,41904
2025-11-21 07:05:00,366.05,366.2,365.85,366.0,59942
2025-11-21 07:10:00,366.0,366.1,365.95,366.1,24236
2025-11-21 07:15:00,366.1,366.35,366.05,366.2,59385
2025-11-21 07:20:00,366.15,366.85,366.05,366.2,111337
2025-11-21 07:25:00,366.2,366.45,366.15,366.35,103551
2025-11-21 07:30:00,366.4,366.4,366.05,366.1,47859
2025-11-21 07:35:00,366.05,366.15,365.65,365.9,57693
2025-11-21 07:40:00,365.9,366.1,365.5,365.85,44507
2025-11-21 07:45:00,365.95,365.95,365.05,365.15,73142
2025-11-21 07:50:00,365.15,365.2,364.9,364.9,55609
2025-11-21 07:55:00,365.0,365.55,364.95,365.15,234633
2025-11-21 08:00:00,365.2,365.2,364.4,364.8,48644
2025-11-21 08:05:00,364.8,365.0,364.35,364.4,51596
2025-11-21 08:10:00,364.45,364.5,364.0,364.35,43029
2025-11-21 08:15:00,364.3,364.45,363.9,364.45,61279
2025-11-21 08:20:00,364.45,364.8,364.4,364.8,41068
2025-11-21 08:25:00,364.8,364.95,364.55,364.65,66772
2025-11-21 08:30:00,364.7,364.7,364.45,364.7,53651
2025-11-21 08:35:00,364.65,365.2,364.65,365.2,87006
2025-11-21 08:40:00,365.2,365.55,365.15,365.35,102318
2025-11-21 08:45:00,365.45,365.7,365.3,365.35,50667
2025-11-21 08:50:00,365.35,365.55,364.95,365.45,117860
2025-11-21 08:55:00,365.4,365.5,365.35,365.45,32449
2025-11-21 09:00:00,365.4,365.6,365.3,365.35,79376
2025-11-21 09:05:00,365.35,365.5,365.2,365.25,43904
2025-11-21 09:10:00,365.25,365.25,364.65,364.65,70246
2025-11-21 09:15:00,364.6,364.9,364.15,364.25,75750
2025-11-21 09:20:00,364.3,364.45,363.95,364.05,68501
2025-11-21 09:25:00,364.1,364.3,363.6,363.7,121426
2025-11-21 09:30:00,363.7,364.1,363.7,363.85,103910
2025-11-21 09:35:00,363.9,364.85,363.85,364.65,216700
2025-11-21 09:40:00,364.6,364.9,364.5,364.55,154577
2025-11-21 09:45:00,364.55,365.05,364.5,364.8,165231
2025-11-21 09:50:00,364.85,364.85,364.65,364.65,175071
2025-11-21 09:55:00,364.65,365.5,364.15,365.5,130495
2025-11-24 03:45:00,364.55,366.6,364.0,365.05,160592
2025-11-24 03:50:00,365.05,367.05,364.75,366.5,132113
2025-11-24 03:55:00,366.5,367.2,366.25,367.15,49174
2025-11-24 04:00:00,367.15,367.25,364.65,365.0,261582
2025-11-24 04:05:00,365.0,365.15,364.65,365.1,60813
2025-11-24 04:10:00,365.1,365.5,364.85,365.2,92296
2025-11-24 04:15:00,365.1,365.95,365.1,365.6,166815
2025-11-24 04:20:00,365.65,365.95,365.3,365.3,128429
2025-11-24 04:25:00,365.35,365.9,365.3,365.4,63590
2025-11-24 04:30:00,365.45,366.35,365.45,366.35,63199
2025-11-24 04:35:00,366.2,366.2,365.6,365.85,154199
2025-11-24 04:40:00,365.95,365.95,365.1,365.8,57107
2025-11-24 04:45:00,365.8,365.85,365.0,365.0,60641
2025-11-24 04:50:00,365.0,365.55,364.95,365.1,67516
2025-11-24 04:55:00,365.05,365.65,365.05,365.45,26958
2025-11-24 05:00:00,365.35,365.45,364.35,364.7,95615
2025-11-24 05:05:00,364.65,365.0,364.65,364.75,52115
2025-11-24 05:10:00,364.7,364.8,363.85,363.9,158207
2025-11-24 05:15:00,363.85,364.6,363.45,363.5,135635
2025-11-24 05:20:00,363.5,363.8,363.5,363.6,26207
2025-11-24 05:25:00,363.55,364.0,363.55,363.8,55529
2025-11-24 05:30:00,363.8,363.95,363.45,363.85,36888
2025-11-24 05:35:00,363.85,364.0,363.5,363.65,39162
2025-11-24 05:40:00,363.5,363.7,362.65,363.0,163456
2025-11-24 05:45:00,363.0,363.0,362.35,362.65,71383
2025-11-24 05:50:00,362.7,362.7,362.1,362.35,72522
2025-11-24 05:55:00,362.35,362.6,361.65,362.0,116812
2025-11-24 06:00:00,362.0,362.4,361.8,362.0,170025
2025-11-24 06:05:00,362.0,362.0,361.95,361.95,10439
2025-11-24 06:10:00,361.95,362.0,361.75,361.85,48878
2025-11-24 06:15:00,361.85,361.85,361.05,361.3,52507
2025-11-24 06:20:00,361.35,361.45,361.2,361.3,37540
2025-11-24 06:25:00,361.3,361.35,360.8,361.05,87240
2025-11-24 06:30:00,361.1,361.4,361.05,361.15,50123
2025-11-24 06:35:00,361.15,361.3,361.1,361.25,28834
2025-11-24 06:40:00,361.15,361.7,361.15,361.25,44748
2025-11-24 06:45:00,361.25,361.55,361.2,361.35,24890
2025-11-24 06:50:00,361.35,361.95,361.35,361.4,58569
2025-11-24 06:55:00,361.5,361.85,361.45,361.8,50227
2025-11-24 07:00:00,361.85,361.95,361.35,361.55,49655
2025-11-24 07:05:00,361.65,362.0,361.45,361.85,25763
2025-11-24 07:10:00,361.85,362.25,361.7,361.8,49186
2025-11-24 07:15:00,361.8,362.0,361.8,362.0,16234
2025-11-24 07:20:00,361.95,362.0,361.95,361.95,26498
2025-11-24 07:25:00,361.95,362.0,361.9,361.95,27543
2025-11-24 07:30:00,361.95,362.0,361.3,361.55,40996
2025-11-24 07:35:00,361.55,361.9,361.15,361.5,58785
2025-11-24 07:40:00,361.7,362.0,361.5,362.0,31766
2025-11-24 07:45:00,362.0,362.05,361.75,361.9,75658
2025-11-24 07:50:00,361.85,361.95,361.45,361.55,30706
2025-11-24 07:55:00,361.55,361.85,361.3,361.4,27330
2025-11-24 08:00:00,361.4,361.75,361.3,361.35,29283
2025-11-24 08:05:00,361.4,361.7,361.15,361.2,28212
2025-11-24 08:10:00,361.2,361.3,359.7,359.85,462502
2025-11-24 08:15:00,359.85,360.0,359.7,359.85,50951
2025-11-24 08:20:00,359.85,360.0,359.65,359.9,37477
2025-11-24 08:25:00,359.9,360.0,359.8,359.85,35703
2025-11-24 08:30:00,359.8,359.95,359.8,359.95,16368
2025-11-24 08:35:00,359.9,360.0,358.8,358.95,277104
2025-11-24 08:40:00,358.95,359.0,358.8,358.95,236398
2025-11-24 08:45:00,358.95,359.0,358.9,358.95,256217
2025-11-24 08:50:00,359.0,359.0,358.9,359.0,172689
2025-11-24 08:55:00,358.95,359.0,358.9,358.95,217282
2025-11-24 09:00:00,358.9,359.05,358.9,358.95,52355
2025-11-24 09:05:00,359.0,359.05,358.35,358.4,260529
2025-11-24 09:10:00,358.4,358.8,358.35,358.55,50138
2025-11-24 09:15:00,358.6,358.9,358.5,358.75,41754
2025-11-24 09:20:00,358.65,358.85,358.5,358.7,40373
2025-11-24 09:25:00,358.7,358.85,358.65,358.65,74596
2025-11-24 09:30:00,358.65,359.0,357.8,358.0,1525285
2025-11-24 09:35:00,358.0,358.0,357.95,357.95,875508
2025-11-24 09:40:00,358.0,359.85,357.95,359.8,1967607
2025-11-24 09:45:00,359.8,361.7,359.65,361.5,1391594
2025-11-24 09:50:00,361.5,362.4,361.15,362.2,1242330
2025-11-24 09:55:00,362.2,362.4,359.9,361.8,751962
2025-11-25 03:45:00,358.95,358.95,354.75,355.05,254441
2025-11-25 03:50:00,355.1,355.3,354.1,355.1,144260
2025-11-25 03:55:00,355.0,356.1,354.9,355.0,111971
2025-11-25 04:00:00,354.9,355.6,354.55,355.55,53731
2025-11-25 04:05:00,355.6,356.35,355.0,355.35,54071
2025-11-25 04:10:00,356.05,356.2,355.0,355.1,96473
2025-11-25 04:15:00,355.1,355.6,354.95,355.55,46258
2025-11-25 04:20:00,355.05,355.3,354.5,354.6,54089
2025-11-25 04:25:00,354.6,355.2,354.55,354.65,58348
2025-11-25 04:30:00,354.6,354.75,354.2,354.6,56659
2025-11-25 04:35:00,354.7,356.3,354.65,356.25,55438
2025-11-25 04:40:00,356.45,356.45,355.6,355.9,74554
2025-11-25 04:45:00,355.8,356.05,355.15,355.25,54670
2025-11-25 04:50:00,355.35,356.0,355.3,355.9,64547
2025-11-25 04:55:00,356.0,356.5,355.45,356.15,82572
2025-11-25 05:00:00,356.2,356.9,356.2,356.3,63141
2025-11-25 05:05:00,356.3,356.4,356.05,356.2,20342
2025-11-25 05:10:00,356.2,356.8,356.15,356.65,51789
2025-11-25 05:15:00,356.75,356.8,355.85,356.0,35888
2025-11-25 05:20:00,356.0,356.5,355.75,355.85,31378
2025-11-25 05:25:00,356.0,356.1,355.5,355.7,22755
2025-11-25 05:30:00,355.7,356.2,355.65,355.65,27421
2025-11-25 05:35:00,355.75,356.45,355.2,355.3,32295
2025-11-25 05:40:00,355.3,355.4,354.8,355.0,36758
2025-11-25 05:45:00,355.0,355.05,354.8,354.8,45797
2025-11-25 05:50:00,354.85,355.2,354.8,355.2,26390
2025-11-25 05:55:00,355.2,355.85,355.05,355.55,29874
2025-11-25 06:00:00,355.65,356.2,355.6,356.1,16127
2025-11-25 06:05:00,356.15,356.2,355.75,355.85,22417
2025-11-25 06:10:00,355.9,356.0,355.85,355.85,18870
2025-11-25 06:15:00,355.9,355.9,355.55,355.85,21017
2025-11-25 06:20:00,355.85,356.05,355.75,355.75,21955
2025-11-25 06:25:00,355.85,356.5,355.7,356.1,89823
2025-11-25 06:30:00,356.15,356.15,356.0,356.05,13351
2025-11-25 06:35:00,356.1,356.2,355.5,355.5,32966
2025-11-25 06:40:00,355.45,355.5,355.1,355.25,21216
2025-11-25 06:45:00,355.25,355.55,354.8,354.95,33805
2025-11-25 06:50:00,354.95,355.2,354.5,354.65,42629
2025-11-25 06:55:00,354.7,355.05,354.6,354.95,26092
2025-11-25 07:00:00,355.0,355.3,354.7,355.15,35832
2025-11-25 07:05:00,355.2,355.25,354.7,354.75,30964
2025-11-25 07:10:00,354.75,355.0,354.65,354.8,27254
2025-11-25 07:15:00,354.8,355.0,354.75,354.85,21625
2025-11-25 07:20:00,354.8,354.85,354.35,354.35,42372
2025-11-25 07:25:00,354.45,354.45,354.05,354.2,50923
2025-11-25 07:30:00,354.2,354.45,353.7,354.1,67965
2025-11-25 07:35:00,354.2,354.55,354.0,354.5,41184
2025-11-25 07:40:00,354.5,354.95,354.45,354.9,17578
2025-11-25 07:45:00,354.95,355.0,354.15,354.25,35079
2025-11-25 07:50:00,354.4,354.85,354.25,354.8,11091
2025-11-25 07:55:00,354.85,354.85,354.55,354.75,15951
2025-11-25 08:00:00,354.75,354.85,354.6,354.65,20283
2025-11-25 08:05:00,354.65,354.8,354.65,354.75,22892
2025-11-25 08:10:00,354.75,354.8,354.1,354.4,29687
2025-11-25 08:15:00,354.4,354.7,354.05,354.45,26526
2025-11-25 08:20:00,354.5,354.8,354.45,354.8,11092
2025-11-25 08:25:00,354.8,354.8,354.55,354.6,21879
2025-11-25 08:30:00,354.65,354.65,354.05,354.35,36896
2025-11-25 08:35:00,354.4,354.7,354.35,354.7,15106
2025-11-25 08:40:00,354.7,354.95,354.6,354.85,30166
2025-11-25 08:45:00,354.95,355.85,354.85,355.4,57071
2025-11-25 08:50:00,355.5,355.55,355.35,355.4,31258
2025-11-25 08:55:00,355.3,355.35,354.65,354.9,39489
2025-11-25 09:00:00,354.9,354.95,354.8,354.8,25024
2025-11-25 09:05:00,354.8,354.85,354.35,354.7,27513
2025-11-25 09:10:00,354.7,355.0,354.55,354.7,36144
2025-11-25 09:15:00,354.7,354.85,354.1,354.55,35655
2025-11-25 09:20:00,354.55,354.55,354.1,354.1,41451
2025-11-25 09:25:00,354.15,354.35,353.9,354.15,82545
2025-11-25 09:30:00,354.55,355.35,354.3,355.3,162381
2025-11-25 09:35:00,355.4,356.05,355.35,355.7,182681
2025-11-25 09:40:00,355.75,356.1,355.65,356.0,124305
2025-11-25 09:45:00,356.05,356.3,356.05,356.3,219903
2025-11-25 09:50:00,356.1,356.4,355.9,356.25,232922
2025-11-25 09:55:00,356.3,356.45,355.0,355.75,137327
2025-11-26 03:45:00,356.8,363.6,356.1,363.25,399274
2025-11-26 03:50:00,363.0,363.0,360.3,360.8,196118
2025-11-26 03:55:00,360.8,361.0,360.55,360.7,65322
2025-11-26 04:00:00,360.75,361.2,360.0,360.65,99859
2025-11-26 04:05:00,360.4,360.8,359.95,360.55,66848
2025-11-26 04:10:00,360.55,361.2,360.4,360.85,55761
2025-11-26 04:15:00,360.8,361.7,360.8,361.4,61370
2025-11-26 04:20:00,361.4,361.7,361.1,361.15,56114
2025-11-26 04:25:00,361.1,361.9,361.1,361.5,51449
2025-11-26 04:30:00,361.55,362.0,361.55,361.9,43297
2025-11-26 04:35:00,361.95,362.5,361.9,362.05,74379
2025-11-26 04:40:00,362.05,362.25,361.5,361.7,45868
2025-11-26 04:45:00,361.7,363.2,361.7,363.1,92577
2025-11-26 04:50:00,363.15,363.9,363.1,363.6,210410
2025-11-26 04:55:00,363.55,363.8,363.05,363.2,148102
2025-11-26 05:00:00,363.25,363.5,363.1,363.5,59842
2025-11-26 05:05:00,363.5,364.85,363.15,364.6,324920
2025-11-26 05:10:00,364.6,364.75,363.7,364.15,223082
2025-11-26 05:15:00,364.2,365.0,364.0,364.75,233347
2025-11-26 05:20:00,364.85,365.25,364.55,365.2,119435
2025-11-26 05:25:00,365.15,365.3,364.15,364.75,95090
2025-11-26 05:30:00,364.8,365.15,364.75,365.0,66027
2025-11-26 05:35:00,365.0,365.85,364.9,365.0,150124
2025-11-26 05:40:00,365.1,365.65,364.7,365.25,88672
2025-11-26 05:45:00,365.3,366.0,365.25,365.95,65976
2025-11-26 05:50:00,366.0,366.45,365.95,366.25,103851
2025-11-26 05:55:00,366.35,366.55,366.15,366.35,78393
2025-11-26 06:00:00,366.45,366.5,366.25,366.35,83750
2025-11-26 06:05:00,366.35,366.5,366.25,366.35,81497
2025-11-26 06:10:00,366.4,366.5,366.25,366.35,75982
2025-11-26 06:15:00,366.4,366.4,365.0,365.3,138751
2025-11-26 06:20:00,365.35,365.7,365.05,365.5,73251
2025-11-26 06:25:00,365.55,366.0,365.5,365.9,56437
2025-11-26 06:30:00,365.9,366.75,365.8,366.25,90721
2025-11-26 06:35:00,366.3,366.5,366.15,366.4,54422
2025-11-26 06:40:00,366.45,366.5,366.15,366.2,47941
2025-11-26 06:45:00,366.2,366.35,366.0,366.1,64227
2025-11-26 06:50:00,366.1,366.1,365.7,365.8,47203
2025-11-26 06:55:00,365.85,366.0,365.4,365.7,104519
2025-11-26 07:00:00,365.75,365.8,365.4,365.4,47660
2025-11-26 07:05:00,365.4,365.95,365.4,365.4,64320
2025-11-26 07:10:00,365.45,365.55,365.25,365.3,56080
2025-11-26 07:15:00,365.3,366.1,365.3,366.0,48573
2025-11-26 07:20:00,366.05,366.25,366.0,366.15,51025
2025-11-26 07:25:00,366.2,366.5,366.15,366.2,70183
2025-11-26 07:30:00,366.25,366.45,366.05,366.25,47580
2025-11-26 07:35:00,366.3,366.7,366.2,366.6,54172
2025-11-26 07:40:00,366.6,366.9,365.7,365.95,138138
2025-11-26 07:45:00,366.0,366.45,365.85,366.2,44732
2025-11-26 07:50:00,366.2,366.7,366.15,366.5,46236
2025-11-26 07:55:00,366.55,366.7,366.15,366.15,61848
2025-11-26 08:00:00,366.2,366.2,364.9,365.0,145396
2025-11-26 08:05:00,365.05,365.4,364.8,365.3,47802
2025-11-26 08:10:00,365.3,366.0,365.25,365.9,59686
2025-11-26 08:15:00,365.9,366.4,365.9,366.25,41656
2025-11-26 08:20:00,366.25,366.5,366.05,366.2,42296
2025-11-26 08:25:00,366.25,366.35,365.9,366.25,53926
2025-11-26 08:30:00,366.3,366.75,366.25,366.5,47026
2025-11-26 08:35:00,366.5,366.7,366.35,366.6,45829
2025-11-26 08:40:00,366.65,366.75,366.6,366.65,38291
2025-11-26 08:45:00,366.65,367.3,366.6,367.1,117330
2025-11-26 08:50:00,367.25,367.3,366.75,366.95,104635
2025-11-26 08:55:00,366.95,367.25,366.9,367.1,45561
2025-11-26 09:00:00,367.1,367.5,367.05,367.3,76715
2025-11-26 09:05:00,367.3,367.65,367.3,367.35,76249
2025-11-26 09:10:00,367.4,367.6,367.3,367.35,78122
2025-11-26 09:15:00,367.3,367.45,366.5,366.55,110278
2025-11-26 09:20:00,366.65,366.9,366.2,366.7,101126
2025-11-26 09:25:00,366.7,367.2,366.6,367.0,107167
2025-11-26 09:30:00,367.05,367.65,367.05,367.55,162664
2025-11-26 09:35:00,367.55,367.9,367.4,367.75,140880
2025-11-26 09:40:00,367.75,368.0,367.55,367.9,255180
2025-11-26 09:45:00,367.85,367.9,367.5,367.7,306570
2025-11-26 09:50:00,367.75,367.95,367.4,367.4,288202
2025-11-26 09:55:00,367.4,367.8,365.65,367.7,224869
2025-11-27 03:45:00,368.95,368.95,364.95,365.8,180550
2025-11-27 03:50:00,365.8,365.9,364.95,365.35,71618
2025-11-27 03:55:00,365.35,365.45,364.4,364.55,86487
2025-11-27 04:00:00,364.45,364.6,363.7,364.05,54471
2025-11-27 04:05:00,364.0,364.05,362.9,363.1,57494
2025-11-27 04:10:00,363.1,363.75,362.6,362.7,48817
2025-11-27 04:15:00,362.8,363.55,362.5,363.55,19583
2025-11-27 04:20:00,363.45,363.45,362.1,362.55,46682
2025-11-27 04:25:00,362.55,362.85,362.2,362.8,18803
2025-11-27 04:30:00,362.8,363.1,362.05,362.2,33471
2025-11-27 04:35:00,362.2,363.55,362.0,363.45,69448
2025-11-27 04:40:00,363.45,363.9,363.1,363.8,67453
2025-11-27 04:45:00,363.75,364.4,363.5,364.2,62617
2025-11-27 04:50:00,364.15,364.5,364.0,364.5,47244
2025-11-27 04:55:00,364.5,364.75,364.0,364.4,76234
2025-11-27 05:00:00,364.45,364.7,364.1,364.45,43488
2025-11-27 05:05:00,364.25,364.5,364.05,364.3,33829
2025-11-27 05:10:00,364.35,364.4,363.5,363.9,38164
2025-11-27 05:15:00,363.8,364.35,363.65,364.15,42515
2025-11-27 05:20:00,364.05,364.2,363.5,363.6,28810
2025-11-27 05:25:00,363.6,363.9,363.5,363.9,26773
2025-11-27 05:30:00,363.85,363.95,363.1,363.65,43190
2025-11-27 05:35:00,363.55,363.9,363.5,363.9,30014
2025-11-27 05:40:00,363.9,364.0,363.6,363.75,31727
2025-11-27 05:45:00,363.85,363.9,363.3,363.5,35286
2025-11-27 05:50:00,363.4,363.7,363.35,363.5,33462
2025-11-27 05:55:00,363.45,364.0,363.4,363.7,33710
2025-11-27 06:00:00,363.55,363.55,363.05,363.4,44152
2025-11-27 06:05:00,363.35,363.55,363.05,363.2,36564
2025-11-27 06:10:00,363.15,363.65,363.15,363.6,29086
2025-11-27 06:15:00,363.55,363.6,362.55,363.0,56511
2025-11-27 06:20:00,362.9,363.35,362.75,363.0,43673
2025-11-27 06:25:00,363.0,363.85,362.85,363.85,48624
2025-11-27 06:30:00,363.8,364.0,363.5,364.0,42072
2025-11-27 06:35:00,364.0,364.0,363.25,363.4,41266
2025-11-27 06:40:00,363.35,363.75,363.3,363.7,32461
2025-11-27 06:45:00,363.65,363.9,363.5,363.9,35554
2025-11-27 06:50:00,363.85,364.5,363.8,364.4,54036
2025-11-27 06:55:00,364.4,364.5,363.75,364.1,43907
2025-11-27 07:00:00,364.0,364.15,363.75,364.05,32935
2025-11-27 07:05:00,364.05,364.2,363.85,364.1,30569
2025-11-27 07:10:00,364.05,364.65,363.9,364.45,37615
2025-11-27 07:15:00,364.4,364.9,364.4,364.9,42321
2025-11-27 07:20:00,364.85,364.9,364.55,364.7,36678
2025-11-27 07:25:00,364.8,365.0,364.6,364.95,61612
2025-11-27 07:30:00,364.75,364.95,364.7,364.9,49011
2025-11-27 07:35:00,364.85,364.95,364.4,364.45,45620
2025-11-27 07:40:00,364.4,364.6,363.55,363.6,45214
2025-11-27 07:45:00,363.55,363.75,363.0,363.35,52546
2025-11-27 07:50:00,363.35,363.6,362.55,362.7,41395
2025-11-27 07:55:00,362.65,362.8,362.4,362.5,40015
2025-11-27 08:00:00,362.5,362.5,361.75,362.1,99276
2025-11-27 08:05:00,362.1,362.2,361.8,362.0,36802
2025-11-27 08:10:00,361.95,362.1,361.75,361.9,31176
2025-11-27 08:15:00,361.9,361.95,361.5,361.75,35131
2025-11-27 08:20:00,361.7,362.15,361.5,362.15,28364
2025-11-27 08:25:00,362.1,362.25,361.65,361.75,37126
2025-11-27 08:30:00,361.9,362.0,361.7,361.9,38420
2025-11-27 08:35:00,361.9,363.75,361.8,363.5,164140
2025-11-27 08:40:00,363.25,364.15,363.0,364.05,268244
2025-11-27 08:45:00,364.0,365.4,364.0,364.7,673829
2025-11-27 08:50:00,364.65,364.8,364.15,364.55,36096
2025-11-27 08:55:00,364.55,364.7,364.15,364.15,28713
2025-11-27 09:00:00,364.15,364.55,363.75,364.4,38882
2025-11-27 09:05:00,364.4,364.5,363.8,363.9,64973
2025-11-27 09:10:00,363.9,364.0,363.75,363.95,23629
2025-11-27 09:15:00,363.95,364.0,363.4,363.6,39678
2025-11-27 09:20:00,363.6,364.0,363.4,363.9,32557
2025-11-27 09:25:00,363.8,364.0,363.15,363.55,79622
2025-11-27 09:30:00,363.6,364.65,363.3,364.6,232021
2025-11-27 09:35:00,364.4,364.7,364.25,364.55,89632
2025-11-27 09:40:00,364.65,365.3,364.4,364.75,217374
2025-11-27 09:45:00,364.8,365.25,364.5,365.0,180273
2025-11-27 09:50:00,365.0,365.2,364.5,365.2,147736
2025-11-27 09:55:00,365.0,365.95,364.5,364.8,150085
2025-11-28 03:45:00,365.8,367.0,362.5,363.6,145315
2025-11-28 03:50:00,363.7,363.75,362.6,362.7,42642
2025-11-28 03:55:00,362.7,363.3,362.2,362.9,37232
2025-11-28 04:00:00,362.75,364.0,362.75,363.4,31902
2025-11-28 04:05:00,363.3,363.4,362.55,362.55,18244
2025-11-28 04:10:00,362.75,363.65,362.55,363.2,10943
2025-11-28 04:15:00,363.2,363.2,362.6,362.95,16026
2025-11-28 04:20:00,362.95,363.2,362.6,362.8,7045
2025-11-28 04:25:00,362.8,362.95,362.35,362.45,30741
2025-11-28 04:30:00,362.65,362.95,362.35,362.65,20854
2025-11-28 04:35:00,362.7,363.3,362.35,362.45,24348
2025-11-28 04:40:00,362.45,362.75,361.8,361.85,44332
2025-11-28 04:45:00,361.85,362.1,361.55,361.8,39180
2025-11-28 04:50:00,361.8,362.5,361.55,362.15,31978
2025-11-28 04:55:00,362.1,362.4,362.0,362.0,23488
2025-11-28 05:00:00,362.15,362.7,362.0,362.6,21391
2025-11-28 05:05:00,362.5,362.95,362.2,362.8,27643
2025-11-28 05:10:00,362.8,363.0,362.45,362.9,35977
2025-11-28 05:15:00,362.95,363.15,362.75,363.1,19076
2025-11-28 05:20:00,363.1,363.25,362.55,363.2,27458
2025-11-28 05:25:00,363.15,363.35,362.6,362.95,21345
2025-11-28 05:30:00,363.0,363.3,362.75,362.75,16578
2025-11-28 05:35:00,362.85,362.85,362.5,362.5,15472
2025-11-28 05:40:00,362.55,363.05,362.4,363.0,22030
2025-11-28 05:45:00,363.0,363.1,362.65,362.7,20104
2025-11-28 05:50:00,362.7,362.85,360.65,360.95,135512
2025-11-28 05:55:00,360.95,361.1,359.65,359.85,83803
2025-11-28 06:00:00,359.8,360.25,359.8,360.0,51558
2025-11-28 06:05:00,359.95,360.05,359.85,359.95,29436
2025-11-28 06:10:00,359.95,360.1,359.9,359.95,58525
2025-11-28 06:15:00,359.95,360.2,359.3,359.4,172569
2025-11-28 06:20:00,359.3,360.0,359.3,359.9,51303
2025-11-28 06:25:00,359.9,360.05,359.55,359.6,32597
2025-11-28 06:30:00,359.6,360.0,359.55,359.75,20016
2025-11-28 06:35:00,359.75,359.95,359.5,359.65,18846
2025-11-28 06:40:00,359.7,360.05,359.6,359.6,15821
2025-11-28 06:45:00,359.6,359.75,359.2,359.45,20768
2025-11-28 06:50:00,359.45,359.7,359.4,359.5,13750
2025-11-28 06:55:00,359.5,359.6,359.15,359.15,21899
2025-11-28 07:00:00,359.25,359.65,359.15,359.35,11195
2025-11-28 07:05:00,359.35,359.5,359.25,359.25,10063
2025-11-28 07:10:00,359.25,360.0,359.25,359.8,14011
2025-11-28 07:15:00,359.85,360.0,359.6,359.95,17530
2025-11-28 07:20:00,359.95,360.15,359.85,360.0,25359
2025-11-28 07:25:00,360.0,360.5,360.0,360.05,27577
2025-11-28 07:30:00,360.05,360.8,360.05,360.65,19746
2025-11-28 07:35:00,360.65,360.75,360.25,360.45,19957
2025-11-28 07:40:00,360.45,360.55,360.0,360.15,36705
2025-11-28 07:45:00,360.15,360.25,359.45,359.65,34640
2025-11-28 07:50:00,359.65,360.05,359.25,360.0,23578
2025-11-28 07:55:00,359.95,360.0,359.5,360.0,19087
2025-11-28 08:00:00,360.0,360.15,359.9,359.95,13463
2025-11-28 08:05:00,359.95,360.0,359.75,359.85,9645
2025-11-28 08:10:00,359.85,359.95,359.45,359.45,18225
2025-11-28 08:15:00,359.45,359.5,359.2,359.45,17177
2025-11-28 08:20:00,359.45,359.7,359.3,359.45,19279
2025-11-28 08:25:00,359.45,359.6,359.4,359.5,10500
2025-11-28 08:30:00,359.5,359.95,359.35,359.7,18623
2025-11-28 08:35:00,359.7,359.85,359.3,359.3,29486
2025-11-28 08:40:00,359.3,359.55,359.05,359.2,43536
2025-11-28 08:45:00,359.2,359.35,359.05,359.2,26191
2025-11-28 08:50:00,359.25,359.3,358.75,359.15,52058
2025-11-28 08:55:00,359.3,359.65,359.15,359.3,30677
2025-11-28 09:00:00,359.3,359.65,359.2,359.5,32011
2025-11-28 09:05:00,359.5,359.55,359.25,359.3,36966
2025-11-28 09:10:00,359.3,359.65,359.3,359.4,23498
2025-11-28 09:15:00,359.5,359.65,359.3,359.3,26566
2025-11-28 09:20:00,359.3,359.65,359.25,359.6,32020
2025-11-28 09:25:00,359.65,359.9,359.45,359.5,54614
2025-11-28 09:30:00,359.8,359.8,358.8,358.9,138806
2025-11-28 09:35:00,358.8,359.2,358.6,359.2,166622
2025-11-28 09:40:00,359.15,359.2,358.7,358.9,146528
2025-11-28 09:45:00,358.85,359.55,358.8,358.95,411143
2025-11-28 09:50:00,358.95,359.1,358.8,359.0,194849
2025-11-28 09:55:00,359.0,359.4,359.0,359.2,159029
2025-12-01 03:45:00,361.5,361.5,359.9,360.65,94076
2025-12-01 03:50:00,360.45,360.85,359.45,359.5,94782
2025-12-01 03:55:00,359.55,360.0,359.0,359.75,53615
2025-12-01 04:00:00,359.6,360.05,359.05,359.8,43754
2025-12-01 04:05:00,359.6,359.95,359.3,359.7,23232
2025-12-01 04:10:00,359.7,359.8,359.5,359.55,21650
2025-12-01 04:15:00,359.7,359.7,359.0,359.5,37001
2025-12-01 04:20:00,359.4,359.5,359.05,359.15,15367
2025-12-01 04:25:00,359.15,359.4,359.0,359.05,16570
2025-12-01 04:30:00,359.15,359.9,359.0,359.85,44190
2025-12-01 04:35:00,359.7,359.95,359.2,359.2,26249
2025-12-01 04:40:00,359.35,359.45,359.2,359.45,10316
2025-12-01 04:45:00,359.45,359.7,359.3,359.45,17524
2025-12-01 04:50:00,359.55,359.55,359.3,359.45,9360
2025-12-01 04:55:00,359.45,359.75,359.1,359.35,22620
2025-12-01 05:00:00,359.5,359.5,358.6,359.1,70860
2025-12-01 05:05:00,359.1,359.2,358.55,358.6,31373
2025-12-01 05:10:00,358.6,358.85,358.5,358.7,18532
2025-12-01 05:15:00,358.6,358.7,358.5,358.5,11765
2025-12-01 05:20:00,358.55,358.55,357.9,358.05,38959
2025-12-01 05:25:00,358.25,358.75,358.0,358.65,18530
2025-12-01 05:30:00,358.7,358.95,358.4,358.85,16184
2025-12-01 05:35:00,358.75,358.85,358.25,358.4,10960
2025-12-01 05:40:00,358.35,358.7,358.2,358.6,21211
2025-12-01 05:45:00,358.55,358.65,358.35,358.55,13290
2025-12-01 05:50:00,358.55,358.8,358.3,358.4,12962
2025-12-01 05:55:00,358.4,358.75,358.3,358.4,14006
2025-12-01 06:00:00,358.45,358.75,358.35,358.6,12342
2025-12-01 06:05:00,358.65,358.7,358.05,358.6,14480
2025-12-01 06:10:00,358.65,358.65,357.75,357.8,19545
2025-12-01 06:15:00,357.8,357.9,357.0,357.0,50569
2025-12-01 06:20:00,357.05,357.45,356.7,357.0,35094
2025-12-01 06:25:00,357.05,357.4,357.05,357.15,15639
2025-12-01 06:30:00,357.15,357.4,357.1,357.25,13327
2025-12-01 06:35:00,357.25,357.9,357.2,357.5,17190
2025-12-01 06:40:00,357.55,357.85,357.2,357.8,10434
2025-12-01 06:45:00,357.8,357.8,357.0,357.1,11806
2025-12-01 06:50:00,357.05,357.15,357.0,357.05,11666
2025-12-01 06:55:00,357.0,357.15,356.85,357.0,14572
2025-12-01 07:00:00,356.95,357.0,356.25,356.45,37345
2025-12-01 07:05:00,356.55,356.65,356.4,356.55,12941
2025-12-01 07:10:00,356.55,356.75,356.2,356.25,22958
2025-12-01 07:15:00,356.4,357.0,356.2,356.5,11736
2025-12-01 07:20:00,356.55,356.65,356.35,356.35,12719
2025-12-01 07:25:00,356.35,356.4,355.6,355.9,345311
2025-12-01 07:30:00,355.9,355.95,355.4,355.7,36267
2025-12-01 07:35:00,355.75,355.95,355.2,355.2,28737
2025-12-01 07:40:00,355.2,355.5,354.85,355.35,301788
2025-12-01 07:45:00,355.4,355.5,354.8,355.5,43031
2025-12-01 07:50:00,355.45,355.5,355.1,355.4,15187
2025-12-01 07:55:00,355.35,355.5,354.55,354.55,34696
2025-12-01 08:00:00,354.65,354.9,354.1,354.2,40628
2025-12-01 08:05:00,354.15,354.95,354.05,354.95,25152
2025-12-01 08:10:00,354.9,355.5,354.75,355.25,25014
2025-12-01 08:15:00,355.2,355.4,354.1,354.95,101267
2025-12-01 08:20:00,354.95,354.95,354.45,354.8,23941
2025-12-01 08:25:00,354.8,355.0,354.55,354.95,20918
2025-12-01 08:30:00,354.95,355.4,354.75,355.4,52882
2025-12-01 08:35:00,355.35,355.8,355.3,355.5,41744
2025-12-01 08:40:00,355.5,355.85,355.25,355.8,19852
2025-12-01 08:45:00,355.75,356.0,355.4,355.8,61241
2025-12-01 08:50:00,355.8,355.95,355.6,355.7,38999
2025-12-01 08:55:00,355.9,355.9,354.5,354.9,224273
2025-12-01 09:00:00,354.95,355.0,354.3,354.5,51348
2025-12-01 09:05:00,354.5,354.85,354.2,354.25,53938
2025-12-01 09:10:00,354.35,354.75,354.25,354.3,30977
2025-12-01 09:15:00,354.3,354.75,354.15,354.2,39784
2025-12-01 09:20:00,354.4,354.6,352.45,352.85,460443
2025-12-01 09:25:00,352.95,352.95,352.4,352.65,209625
2025-12-01 09:30:00,353.2,354.35,353.0,354.25,239177
2025-12-01 09:35:00,354.15,354.45,353.9,354.2,92834
2025-12-01 09:40:00,354.15,354.55,354.0,354.5,106023
2025-12-01 09:45:00,354.5,354.7,354.0,354.2,225149
2025-12-01 09:50:00,354.2,354.3,354.0,354.1,143513
2025-12-01 09:55:00,354.15,354.4,353.5,353.8,190212
2025-12-02 03:45:00,355.75,360.65,354.25,360.2,583266
2025-12-02 03:50:00,360.2,360.85,359.3,359.3,249059
2025-12-02 03:55:00,359.5,360.45,359.15,359.35,145118
2025-12-02 04:00:00,359.4,360.3,357.6,360.05,311073
2025-12-02 04:05:00,360.15,361.15,360.0,360.45,225674
2025-12-02 04:10:00,360.5,360.55,359.9,359.9,126277
2025-12-02 04:15:00,360.1,360.5,359.9,360.3,89161
2025-12-02 04:20:00,360.35,360.4,358.25,359.0,165206
2025-12-02 04:25:00,359.0,359.5,358.35,358.55,120823
2025-12-02 04:30:00,358.55,358.95,358.2,358.85,78133
2025-12-02 04:35:00,358.95,359.15,358.65,358.85,106587
2025-12-02 04:40:00,358.7,359.05,357.25,357.8,175531
2025-12-02 04:45:00,357.8,358.55,357.45,358.35,102382
2025-12-02 04:50:00,358.35,358.9,357.45,357.8,102044
2025-12-02 04:55:00,357.8,358.25,357.3,357.45,82064
2025-12-02 05:00:00,357.45,357.65,357.3,357.55,101168
2025-12-02 05:05:00,357.5,358.1,357.45,357.85,82322
2025-12-02 05:10:00,357.75,357.75,356.55,356.7,125888
2025-12-02 05:15:00,356.8,357.15,356.65,356.9,54590
2025-12-02 05:20:00,356.9,357.55,356.85,357.4,102404
2025-12-02 05:25:00,357.25,358.3,357.2,358.25,61342
2025-12-02 05:30:00,358.3,358.3,357.45,357.6,75219
2025-12-02 05:35:00,357.65,357.9,357.6,357.75,47260
2025-12-02 05:40:00,357.7,358.5,357.7,358.2,72772
2025-12-02 05:45:00,358.2,358.5,356.75,356.95,369409
2025-12-02 05:50:00,356.95,357.05,356.75,357.0,119213
2025-12-02 05:55:00,356.95,357.9,356.85,357.05,274921
2025-12-02 06:00:00,356.95,357.5,356.85,357.45,95953
2025-12-02 06:05:00,357.5,358.8,357.45,358.75,114113
2025-12-02 06:10:00,358.8,359.1,357.9,357.95,237785
2025-12-02 06:15:00,358.0,358.15,357.7,357.95,77000
2025-12-02 06:20:00,357.95,358.2,357.6,357.9,109774
2025-12-02 06:25:00,357.9,357.95,357.65,357.85,43075
2025-12-02 06:30:00,357.9,357.9,357.1,357.75,110761
2025-12-02 06:35:00,357.75,357.85,356.75,356.75,104752
2025-12-02 06:40:00,356.8,357.55,356.75,356.95,67018
2025-12-02 06:45:00,356.95,357.0,356.75,356.95,37635
2025-12-02 06:50:00,356.95,357.5,356.95,357.35,65968
2025-12-02 06:55:00,357.3,357.7,357.25,357.55,44897
2025-12-02 07:00:00,357.55,358.45,357.55,357.7,76494
2025-12-02 07:05:00,357.7,358.05,357.3,357.4,64869
2025-12-02 07:10:00,357.3,357.6,356.55,356.9,64084
2025-12-02 07:15:00,356.9,357.75,356.9,357.65,60283
2025-12-02 07:20:00,357.6,357.85,357.3,357.55,58969
2025-12-02 07:25:00,357.45,357.65,356.55,356.65,67306
2025-12-02 07:30:00,356.7,357.3,356.65,357.1,80886
2025-12-02 07:35:00,357.1,357.3,356.75,357.2,43860
2025-12-02 07:40:00,357.2,357.3,356.9,357.05,58731
2025-12-02 07:45:00,357.15,357.4,356.9,357.1,45738
2025-12-02 07:50:00,357.1,357.4,356.75,357.3,85296
2025-12-02 07:55:00,357.3,357.5,356.85,357.15,56289
2025-12-02 08:00:00,357.25,357.25,356.9,357.05,92561
2025-12-02 08:05:00,357.0,357.2,356.15,356.35,133655
2025-12-02 08:10:00,356.35,356.75,356.1,356.65,84984
2025-12-02 08:15:00,356.65,356.95,356.0,356.15,125236
2025-12-02 08:20:00,356.1,356.45,355.8,356.1,122226
2025-12-02 08:25:00,356.0,356.5,355.9,356.2,94604
2025-12-02 08:30:00,356.05,357.05,355.95,356.95,85258
2025-12-02 08:35:00,356.9,357.5,356.85,357.5,80286
2025-12-02 08:40:00,357.45,357.55,356.9,357.0,79569
2025-12-02 08:45:00,357.0,357.15,356.25,356.8,75215
2025-12-02 08:50:00,356.8,356.95,356.5,356.55,60667
2025-12-02 08:55:00,356.55,356.75,356.3,356.6,88036
2025-12-02 09:00:00,356.6,357.15,356.5,356.95,97565
2025-12-02 09:05:00,356.95,357.05,356.5,356.65,75189
2025-12-02 09:10:00,356.65,357.25,356.5,357.15,97649
2025-12-02 09:15:00,357.15,357.6,357.1,357.6,85050
2025-12-02 09:20:00,357.6,357.85,357.0,357.2,115078
2025-12-02 09:25:00,357.2,357.55,357.05,357.55,122291
2025-12-02 09:30:00,357.65,359.0,357.65,358.9,229980
2025-12-02 09:35:00,358.9,358.95,358.4,358.6,246505
2025-12-02 09:40:00,358.5,358.85,358.4,358.85,224070
2025-12-02 09:45:00,358.8,358.85,358.6,358.8,322867
2025-12-02 09:50:00,358.75,358.95,358.65,358.8,386354
2025-12-02 09:55:00,358.8,358.95,358.5,358.9,296774
2025-12-03 03:45:00,359.0,359.35,357.1,358.05,117617
2025-12-03 03:50:00,358.0,359.05,357.15,358.85,94127
2025-12-03 03:55:00,358.95,359.65,358.25,359.65,119601
2025-12-03 04:00:00,359.6,360.8,359.6,360.1,128085
2025-12-03 04:05:00,360.25,361.0,359.95,359.95,166000
2025-12-03 04:10:00,360.0,360.4,359.1,359.1,135893
2025-12-03 04:15:00,359.5,359.5,357.85,358.05,124406
2025-12-03 04:20:00,358.25,358.75,357.95,358.1,64666
2025-12-03 04:25:00,358.0,358.2,357.45,357.85,72390
2025-12-03 04:30:00,357.95,358.0,357.05,357.05,69420
2025-12-03 04:35:00,357.2,357.45,356.1,356.55,138235
2025-12-03 04:40:00,356.65,357.1,356.6,356.85,44049
2025-12-03 04:45:00,356.85,356.85,356.05,356.3,76868
2025-12-03 04:50:00,356.15,357.0,356.15,356.65,72905
2025-12-03 04:55:00,356.65,356.7,356.0,356.05,67335
2025-12-03 05:00:00,356.15,356.6,356.0,356.25,54017
2025-12-03 05:05:00,356.2,357.8,355.85,357.5,85006
2025-12-03 05:10:00,357.55,357.6,356.25,356.35,70425
2025-12-03 05:15:00,356.35,357.45,356.25,357.35,63719
2025-12-03 05:20:00,357.3,357.55,357.0,357.35,61240
2025-12-03 05:25:00,357.3,357.55,356.8,356.9,111188
2025-12-03 05:30:00,356.9,357.0,356.05,356.35,57475
2025-12-03 05:35:00,356.2,357.45,356.05,357.45,222096
2025-12-03 05:40:00,357.45,357.5,356.35,356.65,101035
2025-12-03 05:45:00,356.7,356.75,355.8,355.95,63177
2025-12-03 05:50:00,355.95,356.4,355.9,356.15,55049
2025-12-03 05:55:00,356.2,356.5,356.2,356.35,24169
2025-12-03 06:00:00,356.35,357.0,356.35,356.9,189994
2025-12-03 06:05:00,357.0,357.85,356.95,357.6,86413
2025-12-03 06:10:00,357.6,357.65,356.75,356.9,28270
2025-12-03 06:15:00,356.9,357.15,356.9,357.1,74980
2025-12-03 06:20:00,357.3,357.35,356.1,356.1,100220
2025-12-03 06:25:00,356.1,356.8,356.1,356.4,15099
2025-12-03 06:30:00,356.45,356.95,356.4,356.8,19402
2025-12-03 06:35:00,356.75,357.0,356.65,356.85,14912
2025-12-03 06:40:00,357.0,357.0,356.65,356.7,20143
2025-12-03 06:45:00,356.7,357.0,356.55,356.7,52961
2025-12-03 06:50:00,356.8,357.05,356.75,356.95,47073
2025-12-03 06:55:00,356.95,357.4,356.95,357.3,60263
2025-12-03 07:00:00,357.35,357.55,356.45,356.6,37365
2025-12-03 07:05:00,356.55,356.7,356.25,356.6,26316
2025-12-03 07:10:00,356.6,357.2,356.6,356.95,30132
2025-12-03 07:15:00,356.95,357.4,356.95,357.3,16777
2025-12-03 07:20:00,357.3,357.7,357.2,357.6,37767
2025-12-03 07:25:00,357.6,358.0,357.6,357.9,28567
2025-12-03 07:30:00,357.95,358.55,357.95,358.35,45626
2025-12-03 07:35:00,358.35,358.5,357.35,357.35,78599
2025-12-03 07:40:00,357.4,357.5,357.1,357.2,163557
2025-12-03 07:45:00,357.2,357.4,357.0,357.1,162165
2025-12-03 07:50:00,357.05,357.45,356.9,357.25,23618
2025-12-03 07:55:00,357.2,357.6,357.15,357.5,27107
2025-12-03 08:00:00,357.55,357.75,356.9,357.1,135690
2025-12-03 08:05:00,357.05,357.05,356.65,356.95,36554
2025-12-03 08:10:00,356.95,357.45,356.9,357.45,124525
2025-12-03 08:15:00,357.45,357.6,357.15,357.3,39505
2025-12-03 08:20:00,357.25,357.8,357.1,357.7,25216
2025-12-03 08:25:00,357.7,357.95,357.7,357.85,25254
2025-12-03 08:30:00,357.9,357.9,357.6,357.9,25432
2025-12-03 08:35:00,357.9,359.65,357.85,359.2,91967
2025-12-03 08:40:00,359.25,359.8,358.95,359.55,64017
2025-12-03 08:45:00,359.55,359.65,359.05,359.5,52999
2025-12-03 08:50:00,359.55,359.6,358.4,358.85,73249
2025-12-03 08:55:00,358.8,358.9,358.2,358.45,52245
2025-12-03 09:00:00,358.4,358.75,357.65,357.7,79731
2025-12-03 09:05:00,357.65,358.0,357.55,357.65,48501
2025-12-03 09:10:00,357.65,357.75,357.45,357.65,54385
2025-12-03 09:15:00,357.75,358.0,357.35,357.55,57813
2025-12-03 09:20:00,357.4,357.65,357.0,357.15,69392
2025-12-03 09:25:00,357.15,357.35,357.0,357.05,55864
2025-12-03 09:30:00,357.4,358.4,357.4,357.7,178090
2025-12-03 09:35:00,357.7,358.2,357.65,358.05,189131
2025-12-03 09:40:00,358.0,359.0,358.0,358.65,176424
2025-12-03 09:45:00,358.65,358.75,358.1,358.45,213457
2025-12-03 09:50:00,358.45,358.85,358.4,358.8,220895
2025-12-03 09:55:00,358.7,359.05,357.5,358.35,223507
2025-12-04 03:45:00,360.0,361.6,357.85,358.35,238493
2025-12-04 03:50:00,358.35,359.25,357.2,358.25,71196
2025-12-04 03:55:00,358.2,358.2,356.75,357.55,98745
2025-12-04 04:00:00,357.4,357.8,357.05,357.15,53598
2025-12-04 04:05:00,357.15,357.85,357.15,357.55,32675
2025-12-04 04:10:00,357.55,358.1,357.0,358.05,44377
2025-12-04 04:15:00,358.05,358.1,357.15,357.65,29523
2025-12-04 04:20:00,357.7,357.9,356.4,356.6,46791
2025-12-04 04:25:00,356.65,356.65,356.15,356.55,62117
2025-12-04 04:30:00,356.55,357.05,356.35,356.75,21470
2025-12-04 04:35:00,356.75,356.9,356.25,356.65,37486
2025-12-04 04:40:00,356.7,356.8,356.45,356.55,23650
2025-12-04 04:45:00,356.8,356.8,356.1,356.4,32128
2025-12-04 04:50:00,356.4,357.5,356.35,357.3,36043
2025-12-04 04:55:00,357.4,358.4,357.3,358.2,56778
2025-12-04 05:00:00,358.2,358.5,357.8,358.15,45018
2025-12-04 05:05:00,358.15,358.45,358.0,358.35,24310
2025-12-04 05:10:00,358.35,358.6,357.95,358.35,41560
2025-12-04 05:15:00,358.35,358.5,357.45,357.65,46584
2025-12-04 05:20:00,357.7,358.05,357.05,357.3,113200
2025-12-04 05:25:00,357.3,357.55,356.8,356.9,121338
2025-12-04 05:30:00,356.85,357.6,356.85,356.85,123662
2025-12-04 05:35:00,356.95,357.0,356.5,356.5,31961
2025-12-04 05:40:00,356.6,356.65,356.2,356.45,36819
2025-12-04 05:45:00,356.45,356.65,355.4,355.5,111596
2025-12-04 05:50:00,355.65,356.3,355.5,355.5,63351
2025-12-04 05:55:00,355.5,355.7,355.0,355.15,199621
2025-12-04 06:00:00,355.15,356.35,354.7,355.75,544818
2025-12-04 06:05:00,355.85,355.85,354.75,354.8,50683
2025-12-04 06:10:00,354.85,355.0,354.5,354.75,75998
2025-12-04 06:15:00,354.8,355.0,354.5,354.95,43394
2025-12-04 06:20:00,355.0,355.0,354.7,354.7,33642
2025-12-04 06:25:00,354.8,355.1,354.55,354.85,214526
2025-12-04 06:30:00,355.0,355.3,354.8,355.2,28950
2025-12-04 06:35:00,355.2,355.45,355.05,355.05,38403
2025-12-04 06:40:00,355.05,355.3,354.65,354.9,88012
2025-12-04 06:45:00,355.0,355.0,354.8,354.95,29868
2025-12-04 06:50:00,355.0,355.15,354.7,354.95,58769
2025-12-04 06:55:00,355.0,355.0,354.7,354.8,35790
2025-12-04 07:00:00,354.85,354.85,354.5,354.8,26479
2025-12-04 07:05:00,354.8,354.95,354.5,354.5,35664
2025-12-04 07:10:00,354.5,354.75,353.75,354.0,114398
2025-12-04 07:15:00,354.0,354.0,353.75,353.95,35503
2025-12-04 07:20:00,354.0,354.55,353.95,354.45,33189
2025-12-04 07:25:00,354.5,354.9,354.2,354.7,50351
2025-12-04 07:30:00,354.75,355.75,354.7,355.6,39027
2025-12-04 07:35:00,355.6,355.65,355.35,355.45,18116
2025-12-04 07:40:00,355.5,355.75,355.45,355.7,29319
2025-12-04 07:45:00,355.7,355.85,355.2,355.3,29292
2025-12-04 07:50:00,355.25,355.5,355.1,355.25,80219
2025-12-04 07:55:00,355.25,355.75,354.6,354.6,231805
2025-12-04 08:00:00,354.6,354.95,354.45,354.5,36843
2025-12-04 08:05:00,354.5,354.6,354.1,354.4,25415
2025-12-04 08:10:00,354.45,354.45,353.85,354.1,35940
2025-12-04 08:15:00,354.1,354.4,353.9,354.4,31734
2025-12-04 08:20:00,354.4,354.5,354.15,354.2,30261
2025-12-04 08:25:00,354.3,354.3,353.5,353.7,40708
2025-12-04 08:30:00,353.7,354.0,353.65,354.0,27631
2025-12-04 08:35:00,354.0,354.0,353.9,353.95,95072
2025-12-04 08:40:00,353.95,354.3,353.9,354.1,77922
2025-12-04 08:45:00,354.15,354.6,354.1,354.5,44909
2025-12-04 08:50:00,354.4,354.75,354.0,354.15,36344
2025-12-04 08:55:00,354.15,354.45,354.0,354.15,31885
2025-12-04 09:00:00,354.2,355.25,354.2,354.65,37036
2025-12-04 09:05:00,354.7,355.05,354.6,354.95,31068
2025-12-04 09:10:00,355.0,355.05,354.2,354.3,68064
2025-12-04 09:15:00,354.2,354.45,353.95,354.2,53632
2025-12-04 09:20:00,354.15,355.1,354.15,354.85,40388
2025-12-04 09:25:00,354.9,355.35,354.8,355.35,54759
2025-12-04 09:30:00,355.3,356.45,355.3,356.1,158484
2025-12-04 09:35:00,356.15,356.45,355.65,355.85,166349
2025-12-04 09:40:00,355.95,356.5,355.85,356.3,184088
2025-12-04 09:45:00,356.35,356.35,355.85,356.05,275034
2025-12-04 09:50:00,356.15,356.15,355.75,355.8,201869
2025-12-04 09:55:00,355.8,355.85,355.0,355.2,189346
2025-12-05 03:45:00,356.0,356.15,354.5,355.6,131751
2025-12-05 03:50:00,355.75,356.0,355.0,355.0,46553
2025-12-05 03:55:00,355.0,355.35,354.5,354.8,16982
2025-12-05 04:00:00,354.7,355.1,354.0,354.8,52120
2025-12-05 04:05:00,354.8,354.85,353.8,354.15,30221
2025-12-05 04:10:00,354.2,354.5,354.2,354.25,18185
2025-12-05 04:15:00,354.35,354.4,354.05,354.2,14001
2025-12-05 04:20:00,354.25,354.25,353.8,353.85,23496
2025-12-05 04:25:00,353.9,354.05,353.3,353.55,26516
2025-12-05 04:30:00,353.65,355.7,353.5,355.5,47988
2025-12-05 04:35:00,355.4,355.65,354.35,354.35,37530
2025-12-05 04:40:00,354.3,354.5,353.95,354.5,25604
2025-12-05 04:45:00,354.5,354.9,353.9,354.35,35796
2025-12-05 04:50:00,354.45,355.6,354.4,355.2,63746
2025-12-05 04:55:00,355.15,355.15,354.2,354.2,65833
2025-12-05 05:00:00,354.3,355.0,354.0,354.75,39091
2025-12-05 05:05:00,354.75,355.3,354.7,354.95,19034
2025-12-05 05:10:00,354.95,356.3,354.9,356.25,36834
2025-12-05 05:15:00,356.2,356.25,355.75,356.1,27251
2025-12-05 05:20:00,356.05,357.7,355.9,357.4,81359
2025-12-05 05:25:00,357.4,357.95,357.35,357.5,57740
2025-12-05 05:30:00,357.6,358.0,357.5,357.8,35601
2025-12-05 05:35:00,357.8,358.4,357.8,358.3,54623
2025-12-05 05:40:00,358.3,358.85,358.1,358.35,64613
2025-12-05 05:45:00,358.65,358.7,357.95,358.25,24948
2025-12-05 05:50:00,358.25,358.65,358.25,358.5,18712
2025-12-05 05:55:00,358.5,358.5,358.15,358.35,15379
2025-12-05 06:00:00,358.35,358.35,358.1,358.1,10999
2025-12-05 06:05:00,358.15,358.3,358.05,358.3,40398
2025-12-05 06:10:00,358.3,358.3,357.2,357.9,54308
2025-12-05 06:15:00,358.0,358.0,357.3,357.65,25140
2025-12-05 06:20:00,357.6,357.8,357.45,357.75,12397
2025-12-05 06:25:00,357.8,359.15,357.65,359.0,63273
2025-12-05 06:30:00,359.0,359.05,358.7,358.8,9829
2025-12-05 06:35:00,358.9,358.9,358.75,358.8,8554
2025-12-05 06:40:00,358.85,359.3,358.6,358.75,32047
2025-12-05 06:45:00,358.8,358.85,358.35,358.75,13779
2025-12-05 06:50:00,358.8,359.2,358.65,359.15,15757
2025-12-05 06:55:00,359.2,359.6,359.15,359.5,25498
2025-12-05 07:00:00,359.55,359.8,359.5,359.65,26566
2025-12-05 07:05:00,359.75,359.95,359.7,359.9,20836
2025-12-05 07:10:00,359.9,359.9,359.3,359.65,11648
2025-12-05 07:15:00,359.6,360.65,359.6,360.65,69776
2025-12-05 07:20:00,360.6,361.4,360.15,361.25,49556
2025-12-05 07:25:00,361.2,361.45,360.55,360.7,50761
2025-12-05 07:30:00,360.8,361.6,360.5,360.85,89251
2025-12-05 07:35:00,360.9,361.0,360.55,360.9,20766
2025-12-05 07:40:00,360.9,360.95,360.55,360.9,27764
2025-12-05 07:45:00,360.9,361.25,360.5,360.55,37802
2025-12-05 07:50:00,360.6,361.0,360.6,360.85,15662
2025-12-05 07:55:00,360.9,361.4,360.85,361.0,41551
2025-12-05 08:00:00,361.0,361.25,360.7,361.0,24364
2025-12-05 08:05:00,361.0,361.0,360.8,360.85,18257
2025-12-05 08:10:00,360.85,361.0,360.5,361.0,22981
2025-12-05 08:15:00,361.0,361.2,360.6,360.7,43244
2025-12-05 08:20:00,360.7,361.0,360.55,360.75,22442
2025-12-05 08:25:00,360.6,360.9,360.6,360.75,27943
2025-12-05 08:30:00,360.75,361.4,360.75,361.25,69491
2025-12-05 08:35:00,361.4,361.4,360.1,360.15,47702
2025-12-05 08:40:00,360.15,360.75,360.15,360.55,22421
2025-12-05 08:45:00,360.55,360.8,360.35,360.8,14181
2025-12-05 08:50:00,360.8,360.9,360.45,360.45,16663
2025-12-05 08:55:00,360.5,360.75,360.1,360.35,16820
2025-12-05 09:00:00,360.1,360.3,359.4,359.55,60818
2025-12-05 09:05:00,359.55,360.15,359.55,359.85,60602
2025-12-05 09:10:00,359.75,360.1,359.5,359.65,48857
2025-12-05 09:15:00,359.5,359.65,359.05,359.6,55424
2025-12-05 09:20:00,359.6,360.0,359.15,359.3,87126
2025-12-05 09:25:00,359.2,359.9,359.1,359.35,83542
2025-12-05 09:30:00,359.45,360.5,359.45,360.35,125155
2025-12-05 09:35:00,360.4,360.75,360.0,360.5,140781
2025-12-05 09:40:00,360.5,360.7,360.2,360.4,135465
2025-12-05 09:45:00,360.35,360.55,360.1,360.25,147785
2025-12-05 09:50:00,360.3,360.6,360.15,360.35,151613
2025-12-05 09:55:00,360.35,360.65,360.05,360.5,145048
2025-12-08 03:45:00,363.0,363.0,359.15,360.6,324793
2025-12-08 03:50:00,360.9,361.1,360.1,360.85,126577
2025-12-08 03:55:00,360.85,361.4,360.65,360.7,94845
2025-12-08 04:00:00,360.7,362.4,360.5,361.75,235526
2025-12-08 04:05:00,361.8,362.1,361.4,361.55,73178
2025-12-08 04:10:00,361.6,361.6,360.5,360.5,161121
2025-12-08 04:15:00,360.5,360.5,359.55,359.75,164370
2025-12-08 04:20:00,359.75,360.05,359.5,359.55,64152
2025-12-08 04:25:00,359.6,359.9,358.95,359.7,114130
2025-12-08 04:30:00,359.85,360.45,359.85,360.2,61911
2025-12-08 04:35:00,360.2,360.45,359.8,360.1,82444
2025-12-08 04:40:00,360.05,360.5,360.05,360.5,78461
2025-12-08 04:45:00,360.7,361.35,360.45,361.0,129358
2025-12-08 04:50:00,360.9,361.4,360.85,361.15,64860
2025-12-08 04:55:00,361.1,361.45,360.95,361.4,65712
2025-12-08 05:00:00,361.4,361.4,360.55,360.55,73780
2025-12-08 05:05:00,360.55,361.1,360.15,361.0,84753
2025-12-08 05:10:00,361.05,361.2,360.8,361.05,100487
2025-12-08 05:15:00,361.0,361.1,360.75,360.8,46318
2025-12-08 05:20:00,360.8,361.3,360.7,361.25,33756
2025-12-08 05:25:00,361.3,361.3,360.7,360.9,75264
2025-12-08 05:30:00,360.9,361.1,360.4,360.7,166588
2025-12-08 05:35:00,360.65,360.65,360.1,360.3,70731
2025-12-08 05:40:00,360.3,360.85,360.3,360.85,59149
2025-12-08 05:45:00,360.85,360.85,360.65,360.7,87150
2025-12-08 05:50:00,360.7,361.15,360.55,361.05,67524
2025-12-08 05:55:00,361.05,361.5,361.05,361.5,53869
2025-12-08 06:00:00,361.5,361.9,361.4,361.5,100575
2025-12-08 06:05:00,361.45,361.5,361.15,361.45,54623
2025-12-08 06:10:00,361.5,361.8,361.05,361.55,83566
2025-12-08 06:15:00,361.4,362.0,361.2,361.9,37657
2025-12-08 06:20:00,362.0,362.0,361.5,361.5,54815
2025-12-08 06:25:00,361.55,361.75,361.1,361.5,55753
2025-12-08 06:30:00,361.5,361.55,360.9,360.9,36533
2025-12-08 06:35:00,360.85,360.95,360.05,360.15,53649
2025-12-08 06:40:00,360.1,360.4,360.0,360.05,45576
2025-12-08 06:45:00,360.0,360.05,359.55,359.65,38438
2025-12-08 06:50:00,359.65,360.0,359.55,360.0,33251
2025-12-08 06:55:00,360.0,360.0,359.5,359.55,41663
2025-12-08 07:00:00,359.55,359.85,359.5,359.7,30751
2025-12-08 07:05:00,359.7,360.0,358.15,358.35,135300
2025-12-08 07:10:00,358.35,358.65,358.3,358.65,29561
2025-12-08 07:15:00,358.6,358.7,358.1,358.7,49909
2025-12-08 07:20:00,358.6,358.9,358.5,358.7,53246
2025-12-08 07:25:00,358.75,358.75,358.0,358.1,116618
2025-12-08 07:30:00,358.1,358.35,357.85,358.0,103481
2025-12-08 07:35:00,358.1,358.15,357.75,358.0,53813
2025-12-08 07:40:00,357.95,358.4,357.95,358.1,57538
2025-12-08 07:45:00,358.2,358.2,357.55,357.55,52751
2025-12-08 07:50:00,357.6,357.7,357.2,357.55,54048
2025-12-08 07:55:00,357.55,357.7,357.35,357.5,32161
2025-12-08 08:00:00,357.5,357.85,357.2,357.5,71763
2025-12-08 08:05:00,357.45,357.8,357.2,357.25,31008
2025-12-08 08:10:00,357.45,358.0,357.0,357.9,73348
2025-12-08 08:15:00,358.0,358.05,357.6,357.65,93019
2025-12-08 08:20:00,357.7,357.7,357.35,357.55,30738
2025-12-08 08:25:00,357.45,357.55,357.05,357.45,31472
2025-12-08 08:30:00,357.3,357.4,357.05,357.3,35452
2025-12-08 08:35:00,357.3,357.35,356.15,356.45,327871
2025-12-08 08:40:00,356.5,357.0,356.35,356.6,63399
2025-12-08 08:45:00,356.6,356.7,356.15,356.45,43387
2025-12-08 08:50:00,356.45,356.5,356.0,356.15,66842
2025-12-08 08:55:00,356.15,356.2,355.85,356.1,33218
2025-12-08 09:00:00,356.0,356.4,355.45,355.5,59052
2025-12-08 09:05:00,355.55,355.7,355.2,355.4,56272
2025-12-08 09:10:00,355.3,355.8,355.3,355.8,37695
2025-12-08 09:15:00,355.65,356.05,355.5,355.85,46495
2025-12-08 09:20:00,355.8,356.25,355.6,355.65,69414
2025-12-08 09:25:00,355.65,356.15,355.15,355.75,88393
2025-12-08 09:30:00,355.75,357.45,355.75,357.1,309435
2025-12-08 09:35:00,357.05,358.35,357.05,358.15,171935
2025-12-08 09:40:00,358.1,358.65,357.85,358.0,202854
2025-12-08 09:45:00,358.0,358.0,357.35,357.65,237853
2025-12-08 09:50:00,357.65,357.9,357.3,357.8,198135
2025-12-08 09:55:00,357.8,358.0,355.65,357.0,194725
2025-12-09 03:45:00,357.55,357.55,355.35,356.15,375025
2025-12-09 03:50:00,356.25,357.4,355.4,356.8,171082
2025-12-09 03:55:00,356.9,357.05,356.1,356.55,66649
2025-12-09 04:00:00,356.55,356.55,355.2,355.95,92441
2025-12-09 04:05:00,355.8,356.3,355.45,355.85,81084
2025-12-09 04:10:00,355.6,355.7,354.4,354.4,81846
2025-12-09 04:15:00,354.2,355.2,354.15,354.75,49505
2025-12-09 04:20:00,354.8,354.85,353.75,354.15,55747
2025-12-09 04:25:00,354.0,354.15,353.05,353.05,69812
2025-12-09 04:30:00,353.15,354.25,352.95,354.05,52296
2025-12-09 04:35:00,354.2,355.9,354.15,355.5,85993
2025-12-09 04:40:00,355.5,356.3,355.2,355.8,69773
2025-12-09 04:45:00,355.8,358.5,355.8,357.95,122883
2025-12-09 04:50:00,357.95,358.75,357.3,357.75,75895
2025-12-09 04:55:00,357.75,357.75,356.95,356.95,50067
2025-12-09 05:00:00,357.05,357.05,355.5,355.5,65402
2025-12-09 05:05:00,355.5,355.5,354.55,355.05,67104
2025-12-09 05:10:00,354.9,355.2,354.65,354.85,39853
2025-12-09 05:15:00,354.85,355.05,354.4,354.5,53454
2025-12-09 05:20:00,354.6,354.7,354.25,354.6,30352
2025-12-09 05:25:00,354.6,355.05,354.5,354.7,70069
2025-12-09 05:30:00,354.7,355.25,354.7,354.85,49907
2025-12-09 05:35:00,354.85,356.4,354.85,356.25,36130
2025-12-09 05:40:00,356.25,356.75,356.25,356.45,34298
2025-12-09 05:45:00,356.5,356.55,356.0,356.4,61885
2025-12-09 05:50:00,356.35,356.4,355.8,355.85,24611
2025-12-09 05:55:00,355.85,356.05,355.4,355.4,45789
2025-12-09 06:00:00,355.45,355.6,355.05,355.35,56208
2025-12-09 06:05:00,355.35,356.4,355.3,356.25,63868
2025-12-09 06:10:00,356.25,356.3,355.4,355.4,34207
2025-12-09 06:15:00,355.4,355.55,354.95,355.3,78794
2025-12-09 06:20:00,355.3,355.9,355.3,355.8,20476
2025-12-09 06:25:00,355.8,356.4,355.5,356.1,85395
2025-12-09 06:30:00,356.0,356.25,355.9,356.2,22341
2025-12-09 06:35:00,356.25,357.1,356.05,356.8,96234
2025-12-09 06:40:00,356.8,357.5,356.7,357.35,38212
2025-12-09 06:45:00,357.35,357.4,357.15,357.2,27370
2025-12-09 06:50:00,357.15,357.5,357.15,357.45,20547
2025-12-09 06:55:00,357.5,357.55,356.1,356.2,69792
2025-12-09 07:00:00,356.1,356.45,355.7,356.25,57299
2025-12-09 07:05:00,356.15,356.35,355.8,355.8,21970
2025-12-09 07:10:00,355.75,356.0,355.55,355.55,77198
2025-12-09 07:15:00,355.55,355.8,355.5,355.7,24977
2025-12-09 07:20:00,355.7,355.75,355.2,355.3,44971
2025-12-09 07:25:00,355.25,355.25,354.65,355.05,43386
2025-12-09 07:30:00,355.1,355.9,355.05,355.85,24634
2025-12-09 07:35:00,355.7,355.85,355.5,355.6,28177
2025-12-09 07:40:00,355.6,355.65,355.3,355.55,39587
2025-12-09 07:45:00,355.5,355.8,355.45,355.65,27718
2025-12-09 07:50:00,355.6,355.7,355.6,355.65,15179
2025-12-09 07:55:00,355.65,356.75,355.65,356.3,53363
2025-12-09 08:00:00,356.4,356.65,355.8,356.55,326481
2025-12-09 08:05:00,356.55,356.7,356.35,356.5,24503
2025-12-09 08:10:00,356.6,357.0,356.3,356.35,55222
2025-12-09 08:15:00,356.2,356.35,355.7,355.95,89260
2025-12-09 08:20:00,355.9,356.0,355.7,355.95,37215
2025-12-09 08:25:00,355.95,356.0,355.7,355.7,23908
2025-12-09 08:30:00,355.8,356.0,355.5,355.5,18258
2025-12-09 08:35:00,355.55,355.7,355.15,355.7,65719
2025-12-09 08:40:00,355.75,356.0,355.5,355.75,174572
2025-12-09 08:45:00,355.7,355.7,354.9,354.95,65202
2025-12-09 08:50:00,354.9,354.95,354.1,354.1,42621
2025-12-09 08:55:00,354.2,354.85,354.1,354.35,111341
2025-12-09 09:00:00,354.35,354.55,354.2,354.35,64168
2025-12-09 09:05:00,354.35,354.5,354.0,354.15,65050
2025-12-09 09:10:00,354.2,354.4,354.1,354.2,44079
2025-12-09 09:15:00,354.2,354.85,354.2,354.85,40140
2025-12-09 09:20:00,354.85,354.85,354.5,354.8,37336
2025-12-09 09:25:00,354.7,354.95,354.5,354.95,40895
2025-12-09 09:30:00,354.95,355.1,354.7,354.75,209321
2025-12-09 09:35:00,354.8,355.15,354.8,354.9,157373
2025-12-09 09:40:00,354.9,355.2,354.85,355.05,211322
2025-12-09 09:45:00,355.0,355.05,354.9,354.95,163246
2025-12-09 09:50:00,354.95,355.35,354.9,355.3,207204
2025-12-09 09:55:00,355.3,355.75,354.9,354.9,169469
2025-12-10 03:45:00,355.05,356.2,354.35,355.85,276021
2025-12-10 03:50:00,355.75,355.75,354.55,354.55,128019
2025-12-10 03:55:00,354.7,355.2,354.65,354.95,55283
2025-12-10 04:00:00,354.95,355.3,354.95,355.3,95672
2025-12-10 04:05:00,355.3,355.95,355.2,355.55,113668
2025-12-10 04:10:00,355.6,355.7,355.3,355.5,59382
2025-12-10 04:15:00,355.45,355.7,355.3,355.35,47482
2025-12-10 04:20:00,355.35,355.5,354.8,355.5,415325
2025-12-10 04:25:00,355.45,355.65,355.05,355.1,41914
2025-12-10 04:30:00,355.05,355.45,355.05,355.45,24559
2025-12-10 04:35:00,355.4,356.9,355.3,356.75,72674
2025-12-10 04:40:00,356.75,357.15,356.3,356.45,127376
2025-12-10 04:45:00,356.5,356.5,356.25,356.4,15238
2025-12-10 04:50:00,356.45,357.0,356.45,356.85,48942
2025-12-10 04:55:00,356.9,357.9,356.8,357.5,496276
2025-12-10 05:00:00,357.5,357.95,356.9,357.0,411276
2025-12-10 05:05:00,357.0,357.2,356.55,356.65,60860
2025-12-10 05:10:00,356.7,357.5,356.35,357.25,299477
2025-12-10 05:15:00,357.25,359.95,356.9,359.5,240116
2025-12-10 05:20:00,359.5,359.7,358.0,358.0,138323
2025-12-10 05:25:00,358.0,358.3,357.7,357.7,48751
2025-12-10 05:30:00,357.7,358.6,357.4,358.5,58685
2025-12-10 05:35:00,358.5,358.75,358.2,358.7,147812
2025-12-10 05:40:00,358.75,358.75,357.85,357.95,158565
2025-12-10 05:45:00,358.0,358.0,357.0,357.45,100924
2025-12-10 05:50:00,357.5,357.65,357.4,357.55,36587
2025-12-10 05:55:00,357.65,357.9,357.4,357.75,46553
2025-12-10 06:00:00,357.6,357.75,357.5,357.7,27791
2025-12-10 06:05:00,357.75,358.5,357.7,358.35,62424
2025-12-10 06:10:00,358.35,358.5,357.45,357.5,162811
2025-12-10 06:15:00,357.6,357.6,357.0,357.1,86392
2025-12-10 06:20:00,357.15,357.4,356.15,356.5,67247
2025-12-10 06:25:00,356.55,357.45,356.5,357.0,98435
2025-12-10 06:30:00,356.9,357.25,356.85,357.15,39101
2025-12-10 06:35:00,357.15,357.8,357.1,357.4,46450
2025-12-10 06:40:00,357.45,357.5,357.05,357.3,18097
2025-12-10 06:45:00,357.35,357.45,356.35,356.65,41840
2025-12-10 06:50:00,356.6,357.05,356.5,356.55,18106
2025-12-10 06:55:00,356.55,356.65,356.05,356.25,31267
2025-12-10 07:00:00,356.25,356.25,355.3,355.3,60724
2025-12-10 07:05:00,355.35,355.4,354.9,354.95,35450
2025-12-10 07:10:00,355.0,355.3,354.95,355.05,19189
2025-12-10 07:15:00,355.1,355.15,354.5,354.85,62601
2025-12-10 07:20:00,354.9,355.0,354.55,354.75,22230
2025-12-10 07:25:00,354.75,355.0,354.7,354.9,29850
2025-12-10 07:30:00,354.95,355.1,354.85,354.85,123111
2025-12-10 07:35:00,354.85,354.95,354.5,354.8,34394
2025-12-10 07:40:00,354.85,355.0,354.5,354.5,27739
2025-12-10 07:45:00,354.55,355.0,354.5,354.95,16816
2025-12-10 07:50:00,355.0,355.0,354.6,354.7,29025
2025-12-10 07:55:00,354.75,355.0,354.7,354.85,20935
2025-12-10 08:00:00,354.85,355.45,354.85,355.3,259151
2025-12-10 08:05:00,355.45,355.5,355.2,355.2,25760
2025-12-10 08:10:00,355.25,355.55,355.2,355.2,38219
2025-12-10 08:15:00,355.2,355.45,355.1,355.2,21182
2025-12-10 08:20:00,355.2,355.4,355.05,355.35,22085
2025-12-10 08:25:00,355.3,356.15,355.1,356.0,401358
2025-12-10 08:30:00,356.05,356.05,355.15,355.4,36671
2025-12-10 08:35:00,355.45,355.5,355.0,355.05,44455
2025-12-10 08:40:00,355.05,355.2,354.2,354.5,96762
2025-12-10 08:45:00,354.5,354.8,354.0,354.05,47965
2025-12-10 08:50:00,354.05,354.05,353.6,353.75,40788
2025-12-10 08:55:00,353.8,354.0,353.5,353.55,59233
2025-12-10 09:00:00,353.55,354.0,353.55,353.95,54745
2025-12-10 09:05:00,353.95,353.95,353.35,353.65,49794
2025-12-10 09:10:00,353.55,353.65,352.8,352.95,100350
2025-12-10 09:15:00,352.9,353.55,352.75,353.45,48154
2025-12-10 09:20:00,353.4,353.75,353.15,353.3,145113
2025-12-10 09:25:00,353.25,353.95,352.95,353.9,191198
2025-12-10 09:30:00,353.95,355.6,353.9,355.35,651388
2025-12-10 09:35:00,355.3,355.5,354.75,355.45,189969
2025-12-10 09:40:00,355.4,355.85,355.1,355.7,250692
2025-12-10 09:45:00,355.65,356.1,355.55,356.1,212174
2025-12-10 09:50:00,356.1,356.1,355.7,355.7,310517
2025-12-10 09:55:00,355.45,356.0,355.0,355.0,251871
2025-12-11 03:45:00,355.15,356.35,354.5,355.3,87701
2025-12-11 03:50:00,355.3,355.85,354.6,354.9,51850
2025-12-11 03:55:00,354.8,356.1,354.8,355.7,37972
2025-12-11 04:00:00,355.75,355.9,354.6,354.8,35811
2025-12-11 04:05:00,354.7,354.7,352.4,352.4,91068
2025-12-11 04:10:00,352.4,352.7,351.3,351.8,192071
2025-12-11 04:15:00,351.8,352.0,351.0,352.0,60443
2025-12-11 04:20:00,351.9,352.05,350.75,351.2,43533
2025-12-11 04:25:00,351.1,351.25,349.55,349.8,102002
2025-12-11 04:30:00,349.9,350.45,349.8,350.3,35892
2025-12-11 04:35:00,350.4,351.15,350.4,350.6,46525
2025-12-11 04:40:00,350.55,350.9,350.1,350.9,25016
2025-12-11 04:45:00,351.0,351.7,350.75,351.7,85879
2025-12-11 04:50:00,351.55,351.85,351.15,351.65,53689
2025-12-11 04:55:00,351.75,353.35,351.65,353.35,118464
2025-12-11 05:00:00,353.35,353.8,352.95,353.45,191114
2025-12-11 05:05:00,353.0,353.55,352.7,353.25,110281
2025-12-11 05:10:00,353.35,353.35,352.1,352.6,85363
2025-12-11 05:15:00,352.6,352.9,352.3,352.75,10768
2025-12-11 05:20:00,352.75,353.0,352.65,352.65,13907
2025-12-11 05:25:00,352.65,352.75,351.65,351.65,34751
2025-12-11 05:30:00,351.8,352.4,351.65,351.65,29416
2025-12-11 05:35:00,351.65,352.35,351.65,352.25,9321
2025-12-11 05:40:00,352.3,352.85,352.05,352.2,31924
2025-12-11 05:45:00,352.2,353.0,352.2,352.75,18412
2025-12-11 05:50:00,352.75,353.0,352.75,352.95,11166
2025-12-11 05:55:00,353.0,353.05,352.45,352.55,50183
2025-12-11 06:00:00,352.6,352.95,352.35,352.35,14477
2025-12-11 06:05:00,352.45,352.55,351.9,352.25,15963
2025-12-11 06:10:00,352.45,352.8,352.25,352.55,13696
2025-12-11 06:15:00,352.55,352.9,352.15,352.2,10082
2025-12-11 06:20:00,352.15,352.45,351.85,352.0,39476
2025-12-11 06:25:00,351.95,352.25,351.45,351.45,107679
2025-12-11 06:30:00,351.45,352.85,351.45,352.85,94680
2025-12-11 06:35:00,352.9,353.0,352.15,353.0,246424
2025-12-11 06:40:00,353.0,353.1,352.5,352.9,43096
2025-12-11 06:45:00,352.85,353.2,352.8,352.9,81339
2025-12-11 06:50:00,352.9,353.1,352.3,352.5,27935
2025-12-11 06:55:00,352.5,352.8,352.45,352.5,22832
2025-12-11 07:00:00,352.6,353.4,352.2,352.55,101640
2025-12-11 07:05:00,352.55,352.65,352.0,352.25,14158
2025-12-11 07:10:00,352.4,352.85,352.1,352.65,36768
2025-12-11 07:15:00,352.75,353.0,352.4,352.8,57265
2025-12-11 07:20:00,352.8,353.0,352.6,352.7,45430
2025-12-11 07:25:00,352.85,353.0,352.35,352.4,41388
2025-12-11 07:30:00,352.4,352.65,352.1,352.15,22161
2025-12-11 07:35:00,352.3,352.4,351.7,351.75,19396
2025-12-11 07:40:00,351.8,351.85,351.2,351.6,24036
2025-12-11 07:45:00,351.6,352.2,351.45,351.95,41096
2025-12-11 07:50:00,352.0,352.2,351.75,351.9,12549
2025-12-11 07:55:00,351.95,352.25,351.55,351.7,20930
2025-12-11 08:00:00,351.8,352.45,351.7,352.2,17590
2025-12-11 08:05:00,352.25,352.4,352.0,352.05,14682
2025-12-11 08:10:00,352.2,352.25,351.9,351.9,14057
2025-12-11 08:15:00,351.95,352.2,351.7,351.75,11160
2025-12-11 08:20:00,351.75,351.9,351.5,351.6,21111
2025-12-11 08:25:00,351.55,351.9,351.55,351.55,10004
2025-12-11 08:30:00,351.55,351.8,351.0,351.15,23668
2025-12-11 08:35:00,351.15,351.8,351.1,351.4,24328
2025-12-11 08:40:00,351.35,351.8,350.8,350.85,71340
2025-12-11 08:45:00,350.95,351.35,350.8,351.25,28395
2025-12-11 08:50:00,351.15,351.25,350.55,350.85,50256
2025-12-11 08:55:00,350.75,351.2,350.75,351.0,66027
2025-12-11 09:00:00,351.0,351.25,350.7,350.75,152449
2025-12-11 09:05:00,350.65,350.85,350.2,350.35,111864
2025-12-11 09:10:00,350.4,350.45,349.75,349.9,144801
2025-12-11 09:15:00,349.8,350.0,349.55,349.65,96598
2025-12-11 09:20:00,349.7,349.95,349.1,349.7,94238
2025-12-11 09:25:00,349.8,350.4,349.75,350.4,44695
2025-12-11 09:30:00,350.5,351.3,350.5,351.1,109021
2025-12-11 09:35:00,351.2,351.4,351.05,351.35,89862
2025-12-11 09:40:00,351.35,351.65,351.3,351.4,103516
2025-12-11 09:45:00,351.4,351.65,351.35,351.45,114284
2025-12-11 09:50:00,351.5,351.5,351.05,351.5,143284
2025-12-11 09:55:00,351.5,351.85,351.1,351.5,109920
2025-12-12 03:45:00,352.5,358.0,352.5,357.8,290961
2025-12-12 03:50:00,357.5,357.8,356.6,356.6,85080
2025-12-12 03:55:00,356.65,356.7,355.95,356.2,54940
2025-12-12 04:00:00,356.15,357.25,356.15,357.25,60546
2025-12-12 04:05:00,357.25,357.75,357.2,357.6,58541
2025-12-12 04:10:00,357.6,357.75,357.05,357.05,51008
2025-12-12 04:15:00,357.35,357.65,356.85,357.35,53671
2025-12-12 04:20:00,357.2,358.25,357.15,357.85,103593
2025-12-12 04:25:00,357.85,357.9,357.2,357.3,51638
2025-12-12 04:30:00,357.3,357.45,356.3,356.75,72912
2025-12-12 04:35:00,356.75,356.85,356.4,356.75,39519
2025-12-12 04:40:00,356.65,356.9,356.5,356.8,27654
2025-12-12 04:45:00,356.8,357.45,356.7,356.95,38514
2025-12-12 04:50:00,356.95,357.15,356.6,356.6,37270
2025-12-12 04:55:00,356.6,356.85,356.1,356.75,36926
2025-12-12 05:00:00,356.75,357.45,356.6,357.4,36303
2025-12-12 05:05:00,357.4,357.45,356.35,356.4,54421
2025-12-12 05:10:00,356.5,356.5,355.55,355.85,72993
2025-12-12 05:15:00,355.9,356.05,355.1,355.3,72718
2025-12-12 05:20:00,355.25,356.0,355.1,355.85,30062
2025-12-12 05:25:00,355.85,357.2,355.85,356.45,478400
2025-12-12 05:30:00,356.5,358.5,356.4,357.65,158156
2025-12-12 05:35:00,357.6,358.0,357.45,357.95,51032
2025-12-12 05:40:00,357.95,359.0,357.95,358.7,233152
2025-12-12 05:45:00,358.55,359.7,358.45,359.35,96906
2025-12-12 05:50:00,359.45,359.8,359.15,359.7,61032
2025-12-12 05:55:00,359.7,359.8,359.35,359.4,43978
2025-12-12 06:00:00,359.5,360.45,358.95,359.0,174006
2025-12-12 06:05:00,359.0,359.85,358.95,359.2,189645
2025-12-12 06:10:00,359.2,359.4,359.0,359.2,32884
2025-12-12 06:15:00,359.2,359.6,358.7,358.7,99831
2025-12-12 06:20:00,358.7,359.3,358.65,358.8,44872
2025-12-12 06:25:00,358.9,359.2,358.85,359.1,15249
2025-12-12 06:30:00,359.2,359.2,358.9,359.2,28220
2025-12-12 06:35:00,359.15,359.5,359.15,359.3,20685
2025-12-12 06:40:00,359.35,359.6,359.15,359.4,28028
2025-12-12 06:45:00,359.35,359.85,359.35,359.75,24329
2025-12-12 06:50:00,359.85,359.85,359.6,359.75,16018
2025-12-12 06:55:00,359.7,360.0,359.7,359.95,26268
2025-12-12 07:00:00,360.0,361.4,359.95,361.25,110619
2025-12-12 07:05:00,361.3,361.3,360.6,360.85,92267
2025-12-12 07:10:00,360.85,361.25,360.3,360.7,67346
2025-12-12 07:15:00,360.7,360.85,360.45,360.5,25466
2025-12-12 07:20:00,360.5,361.4,360.5,361.35,28572
2025-12-12 07:25:00,361.35,361.5,361.0,361.05,35448
2025-12-12 07:30:00,361.0,361.5,360.9,361.25,29612
2025-12-12 07:35:00,361.25,361.7,361.05,361.55,28194
2025-12-12 07:40:00,361.55,361.9,361.55,361.8,30179
2025-12-12 07:45:00,362.0,362.65,362.0,362.35,117762
2025-12-12 07:50:00,362.4,362.85,362.3,362.4,73921
2025-12-12 07:55:00,362.4,362.5,362.3,362.4,34863
2025-12-12 08:00:00,362.35,362.4,361.8,362.0,45500
2025-12-12 08:05:00,362.0,362.6,362.0,362.6,25261
2025-12-12 08:10:00,362.5,362.9,362.5,362.55,39670
2025-12-12 08:15:00,362.7,363.0,362.55,362.8,59664
2025-12-12 08:20:00,362.8,363.0,362.15,362.3,66593
2025-12-12 08:25:00,362.3,362.5,362.1,362.2,33813
2025-12-12 08:30:00,362.25,362.75,362.2,362.7,21221
2025-12-12 08:35:00,362.7,363.35,362.5,363.25,74742
2025-12-12 08:40:00,363.3,363.55,363.3,363.5,60007
2025-12-12 08:45:00,363.35,363.55,363.2,363.4,46511
2025-12-12 08:50:00,363.4,363.55,363.3,363.45,35618
2025-12-12 08:55:00,363.45,363.5,363.0,363.0,37797
2025-12-12 09:00:00,363.05,363.1,362.95,362.95,29567
2025-12-12 09:05:00,363.0,363.2,362.8,362.9,38501
2025-12-12 09:10:00,362.95,363.25,362.7,362.95,39511
2025-12-12 09:15:00,362.9,363.2,362.75,362.9,64585
2025-12-12 09:20:00,363.0,363.15,362.8,363.1,54481
2025-12-12 09:25:00,362.95,363.2,362.85,362.85,84437
2025-12-12 09:30:00,363.4,363.9,363.25,363.9,151669
2025-12-12 09:35:00,363.9,364.85,363.8,364.75,205921
2025-12-12 09:40:00,364.8,365.0,364.6,364.95,156893
2025-12-12 09:45:00,364.95,365.45,364.8,365.15,387392
2025-12-12 09:50:00,365.15,366.65,364.8,366.35,290688
2025-12-12 09:55:00,366.35,366.4,365.0,365.0,215514
2025-12-15 03:45:00,365.1,366.2,363.25,363.3,254511
2025-12-15 03:50:00,363.3,363.5,361.1,361.4,141033
2025-12-15 03:55:00,361.4,362.3,361.25,362.2,72263
2025-12-15 04:00:00,362.2,364.2,361.95,363.7,82873
2025-12-15 04:05:00,363.9,364.0,363.2,363.7,54660
2025-12-15 04:10:00,363.8,364.8,363.8,363.95,68463
2025-12-15 04:15:00,363.95,364.9,363.2,364.9,52303
2025-12-15 04:20:00,364.95,368.35,364.8,367.65,285410
2025-12-15 04:25:00,367.75,369.3,367.45,368.4,271517
2025-12-15 04:30:00,368.35,369.25,368.35,369.15,142419
2025-12-15 04:35:00,369.1,369.45,368.65,368.9,110642
2025-12-15 04:40:00,368.9,368.9,367.75,368.1,84029
2025-12-15 04:45:00,368.15,368.9,367.0,367.2,146599
2025-12-15 04:50:00,367.25,367.95,367.25,367.5,44404
2025-12-15 04:55:00,367.4,367.85,367.1,367.75,32524
2025-12-15 05:00:00,367.8,368.0,367.3,367.4,51297
2025-12-15 05:05:00,367.45,367.45,366.55,366.55,56144
2025-12-15 05:10:00,366.6,367.0,366.15,366.4,74199
2025-12-15 05:15:00,366.45,366.45,365.45,365.7,63174
2025-12-15 05:20:00,365.75,366.5,365.7,366.2,75044
2025-12-15 05:25:00,366.2,366.9,366.15,366.55,54401
2025-12-15 05:30:00,366.65,366.8,366.3,366.3,39032
2025-12-15 05:35:00,366.35,366.55,366.15,366.4,30230
2025-12-15 05:40:00,366.45,367.0,366.35,366.35,62618
2025-12-15 05:45:00,366.35,367.3,366.2,367.1,239044
2025-12-15 05:50:00,367.05,367.4,366.75,367.3,26688
2025-12-15 05:55:00,367.3,367.35,367.15,367.3,22013
2025-12-15 06:00:00,367.35,367.35,366.45,366.5,33380
2025-12-15 06:05:00,366.55,366.55,366.0,366.05,26017
2025-12-15 06:10:00,366.1,366.35,366.0,366.2,26029
2025-12-15 06:15:00,366.25,366.65,366.15,366.6,19818
2025-12-15 06:20:00,366.55,366.95,366.15,366.15,35074
2025-12-15 06:25:00,366.15,366.25,366.05,366.2,21448
2025-12-15 06:30:00,366.25,366.25,365.55,365.55,37222
2025-12-15 06:35:00,365.6,365.6,364.5,364.75,96465
2025-12-15 06:40:00,364.8,365.0,364.7,365.0,20211
2025-12-15 06:45:00,365.0,365.2,364.85,365.0,21929
2025-12-15 06:50:00,365.0,365.4,365.0,365.1,19104
2025-12-15 06:55:00,365.15,365.5,365.1,365.25,19370
2025-12-15 07:00:00,365.3,365.3,364.9,365.0,31599
2025-12-15 07:05:00,365.05,365.5,365.05,365.5,20973
2025-12-15 07:10:00,365.5,365.95,365.45,365.6,51812
2025-12-15 07:15:00,365.55,365.7,365.05,365.05,20023
2025-12-15 07:20:00,365.15,365.35,365.05,365.2,14110
2025-12-15 07:25:00,365.15,365.8,365.0,365.8,43402
2025-12-15 07:30:00,365.8,366.1,365.35,365.45,41892
2025-12-15 07:35:00,365.45,365.5,365.3,365.3,31484
2025-12-15 07:40:00,365.35,366.25,365.3,366.2,90368
2025-12-15 07:45:00,366.3,366.65,366.05,366.05,56382
2025-12-15 07:50:00,366.1,366.1,365.6,365.9,34279
2025-12-15 07:55:00,365.95,366.15,365.8,366.15,20102
2025-12-15 08:00:00,366.15,366.25,365.65,365.75,31809
2025-12-15 08:05:00,365.9,366.0,365.65,365.8,16633
2025-12-15 08:10:00,365.85,366.55,365.6,366.4,136392
2025-12-15 08:15:00,366.5,366.5,365.7,365.75,81522
2025-12-15 08:20:00,365.85,366.0,365.6,365.6,106358
2025-12-15 08:25:00,365.7,365.8,365.2,365.2,19714
2025-12-15 08:30:00,365.25,365.5,365.1,365.3,20862
2025-12-15 08:35:00,365.35,365.45,365.1,365.1,18685
2025-12-15 08:40:00,365.1,365.15,364.8,365.0,39751
2025-12-15 08:45:00,365.0,365.35,364.9,365.0,42614
2025-12-15 08:50:00,365.05,365.5,365.05,365.35,19835
2025-12-15 08:55:00,365.4,365.45,365.2,365.3,18272
2025-12-15 09:00:00,365.4,365.45,365.3,365.4,16600
2025-12-15 09:05:00,365.35,365.5,365.1,365.2,42232
2025-12-15 09:10:00,365.3,366.25,365.2,366.0,66383
2025-12-15 09:15:00,366.0,366.4,365.5,365.5,89440
2025-12-15 09:20:00,365.6,366.6,365.6,365.85,164095
2025-12-15 09:25:00,365.9,366.4,365.7,366.4,336298
2025-12-15 09:30:00,366.5,367.35,366.4,366.7,186225
2025-12-15 09:35:00,366.8,367.15,366.45,367.1,155543
2025-12-15 09:40:00,367.1,367.6,366.9,367.2,284063
2025-12-15 09:45:00,367.45,367.6,367.1,367.1,266253
2025-12-15 09:50:00,367.35,367.55,366.75,367.3,217809
2025-12-15 09:55:00,367.3,367.35,365.1,366.75,250138
2025-12-16 03:45:00,366.75,367.75,365.85,367.65,188572
2025-12-16 03:50:00,367.45,368.55,366.8,366.85,104676
2025-12-16 03:55:00,366.9,366.95,366.25,366.7,50530
2025-12-16 04:00:00,366.7,367.0,365.75,366.0,43776
2025-12-16 04:05:00,366.0,366.4,365.7,366.35,28440
2025-12-16 04:10:00,366.35,366.4,365.5,365.9,46097
2025-12-16 04:15:00,365.9,366.1,365.3,365.5,36711
2025-12-16 04:20:00,365.5,366.0,365.35,365.45,19650
2025-12-16 04:25:00,365.5,365.6,365.0,365.2,23756
2025-12-16 04:30:00,365.2,365.35,364.25,364.25,52144
2025-12-16 04:35:00,364.25,365.15,364.1,364.6,27132
2025-12-16 04:40:00,364.6,364.7,363.45,363.9,59506
2025-12-16 04:45:00,363.9,364.0,363.65,363.85,24543
2025-12-16 04:50:00,363.85,363.85,363.1,363.2,36944
2025-12-16 04:55:00,363.25,363.4,362.7,362.8,61976
2025-12-16 05:00:00,362.8,363.25,362.8,363.2,15945
2025-12-16 05:05:00,363.25,363.6,363.1,363.25,28984
2025-12-16 05:10:00,363.25,364.2,363.0,363.85,38337
2025-12-16 05:15:00,363.85,364.1,363.55,363.8,15258
2025-12-16 05:20:00,363.8,364.2,363.8,363.85,17778
2025-12-16 05:25:00,363.85,363.95,363.55,363.6,8139
2025-12-16 05:30:00,363.55,363.55,362.55,362.8,122460
2025-12-16 05:35:00,362.8,363.2,362.6,362.7,32134
2025-12-16 05:40:00,362.7,362.8,362.55,362.7,13701
2025-12-16 05:45:00,362.7,362.9,362.5,362.75,26923
2025-12-16 05:50:00,362.75,363.0,362.65,362.7,16311
2025-12-16 05:55:00,362.7,362.9,362.7,362.75,7327
2025-12-16 06:00:00,362.75,363.05,362.75,362.8,17596
2025-12-16 06:05:00,362.8,363.1,362.55,362.55,38546
2025-12-16 06:10:00,362.55,362.6,362.35,362.4,25956
2025-12-16 06:15:00,362.4,362.75,362.35,362.6,32006
2025-12-16 06:20:00,362.6,363.0,362.45,362.75,43145
2025-12-16 06:25:00,362.75,362.9,362.55,362.55,15987
2025-12-16 06:30:00,362.65,362.65,362.15,362.5,15808
2025-12-16 06:35:00,362.5,362.55,362.3,362.3,14142
2025-12-16 06:40:00,362.3,362.35,362.15,362.15,11022
2025-12-16 06:45:00,362.15,362.35,362.0,362.35,34958
2025-12-16 06:50:00,362.35,362.5,362.2,362.35,6628
2025-12-16 06:55:00,362.35,362.6,362.25,362.55,7512
2025-12-16 07:00:00,362.55,362.6,362.2,362.25,11143
2025-12-16 07:05:00,362.25,362.25,362.05,362.05,6539
2025-12-16 07:10:00,362.05,362.1,361.8,361.8,27846
2025-12-16 07:15:00,361.8,362.55,361.7,362.1,18728
2025-12-16 07:20:00,362.1,362.45,362.05,362.4,11230
2025-12-16 07:25:00,362.35,362.6,362.3,362.5,36406
2025-12-16 07:30:00,362.4,362.8,362.3,362.55,25289
2025-12-16 07:35:00,362.55,363.2,362.55,363.0,41022
2025-12-16 07:40:00,363.0,363.25,363.0,363.0,20724
2025-12-16 07:45:00,363.0,363.25,362.5,363.05,172897
2025-12-16 07:50:00,363.1,363.1,363.0,363.0,140534
2025-12-16 07:55:00,363.0,363.25,363.0,363.05,15192
2025-12-16 08:00:00,363.05,363.9,363.0,363.65,27545
2025-12-16 08:05:00,363.7,364.8,363.65,364.6,41726
2025-12-16 08:10:00,364.65,365.35,364.5,365.2,100755
2025-12-16 08:15:00,365.2,365.75,365.1,365.55,39995
2025-12-16 08:20:00,365.55,365.8,365.45,365.8,26330
2025-12-16 08:25:00,365.75,366.0,365.2,365.25,44020
2025-12-16 08:30:00,365.25,365.3,365.0,365.1,18217
2025-12-16 08:35:00,365.1,365.4,365.0,365.35,21850
2025-12-16 08:40:00,365.3,365.35,364.75,365.0,146363
2025-12-16 08:45:00,365.0,365.4,364.85,365.05,27143
2025-12-16 08:50:00,365.0,365.4,364.9,365.2,12067
2025-12-16 08:55:00,365.35,365.75,365.05,365.5,19490
2025-12-16 09:00:00,365.6,366.3,365.5,365.95,61120
2025-12-16 09:05:00,365.95,366.6,365.95,366.55,54852
2025-12-16 09:10:00,366.55,366.55,366.25,366.4,47095
2025-12-16 09:15:00,366.5,367.0,366.4,366.8,85850
2025-12-16 09:20:00,366.9,367.05,366.7,366.85,54913
2025-12-16 09:25:00,366.9,367.1,366.65,367.05,66744
2025-12-16 09:30:00,367.05,367.6,366.8,366.85,194768
2025-12-16 09:35:00,367.0,367.85,366.85,367.55,155560
2025-12-16 09:40:00,367.7,369.0,367.5,368.6,308610
2025-12-16 09:45:00,368.7,369.05,368.25,368.5,435121
2025-12-16 09:50:00,368.35,368.6,367.9,367.95,251784
2025-12-16 09:55:00,368.15,368.45,367.8,368.4,136187
2025-12-17 03:45:00,370.0,371.15,368.6,370.75,663423
2025-12-17 03:50:00,370.75,370.9,370.0,370.45,158987
2025-12-17 03:55:00,370.6,371.45,370.5,371.45,201498
2025-12-17 04:00:00,371.45,371.5,370.65,371.0,162045
2025-12-17 04:05:00,371.0,372.0,370.85,371.35,183173
2025-12-17 04:10:00,371.25,371.35,370.95,371.3,93681
2025-12-17 04:15:00,371.3,371.5,370.65,371.15,92139
2025-12-17 04:20:00,371.15,371.6,370.65,371.6,129418
2025-12-17 04:25:00,371.6,372.85,371.5,372.0,260068
2025-12-17 04:30:00,371.95,372.0,369.75,370.0,224292
2025-12-17 04:35:00,370.0,370.15,367.8,368.25,171392
2025-12-17 04:40:00,368.25,368.75,368.2,368.65,55134
2025-12-17 04:45:00,368.7,369.2,368.35,369.0,59537
2025-12-17 04:50:00,369.05,369.45,368.6,369.1,60948
2025-12-17 04:55:00,369.05,369.2,368.3,368.4,77641
2025-12-17 05:00:00,368.4,368.6,367.5,367.75,95626
2025-12-17 05:05:00,367.75,367.75,366.8,366.9,106912
2025-12-17 05:10:00,366.9,367.0,366.35,366.55,90028
2025-12-17 05:15:00,366.55,367.8,366.3,367.55,66743
2025-12-17 05:20:00,367.55,367.8,367.3,367.55,46841
2025-12-17 05:25:00,367.55,367.75,367.2,367.55,58221
2025-12-17 05:30:00,367.55,367.9,367.55,367.8,23795
2025-12-17 05:35:00,367.65,368.7,367.4,368.6,55522
2025-12-17 05:40:00,368.55,369.1,368.55,369.0,48347
2025-12-17 05:45:00,369.0,369.75,369.0,369.35,90951
2025-12-17 05:50:00,369.35,369.45,368.2,368.2,93897
2025-12-17 05:55:00,368.25,368.6,368.2,368.35,60118
2025-12-17 06:00:00,368.3,368.5,368.25,368.3,58291
2025-12-17 06:05:00,368.3,368.45,368.05,368.35,77312
2025-12-17 06:10:00,368.4,368.85,368.2,368.45,49491
2025-12-17 06:15:00,368.35,368.55,368.25,368.25,43427
2025-12-17 06:20:00,368.25,368.4,368.05,368.2,40773
2025-12-17 06:25:00,368.15,368.6,367.3,367.5,68380
2025-12-17 06:30:00,367.55,367.7,366.8,366.85,37915
2025-12-17 06:35:00,366.8,367.05,366.5,366.85,80711
2025-12-17 06:40:00,366.9,367.5,366.85,367.05,32495
2025-12-17 06:45:00,367.05,367.3,366.95,366.95,39941
2025-12-17 06:50:00,366.95,367.0,366.65,366.75,44396
2025-12-17 06:55:00,366.7,366.9,366.05,366.7,100488
2025-12-17 07:00:00,366.65,366.8,366.0,366.75,133079
2025-12-17 07:05:00,366.7,366.75,366.2,366.2,53665
2025-12-17 07:10:00,366.2,366.25,366.1,366.1,33606
2025-12-17 07:15:00,366.1,366.95,366.0,366.45,71052
2025-12-17 07:20:00,366.5,366.9,366.05,366.15,53348
2025-12-17 07:25:00,366.2,366.5,366.1,366.45,56398
2025-12-17 07:30:00,366.5,367.05,366.3,367.05,46588
2025-12-17 07:35:00,366.95,367.85,366.95,367.2,44275
2025-12-17 07:40:00,367.2,367.95,367.0,367.75,62300
2025-12-17 07:45:00,367.65,368.0,367.45,368.0,45772
2025-12-17 07:50:00,367.85,368.4,367.7,368.15,41610
2025-12-17 07:55:00,368.1,368.3,367.8,368.05,63831
2025-12-17 08:00:00,368.0,368.05,367.95,368.05,75067
2025-12-17 08:05:00,368.0,368.05,367.2,367.5,206535
2025-12-17 08:10:00,367.5,368.7,367.4,368.1,111109
2025-12-17 08:15:00,368.05,368.5,368.0,368.5,29870
2025-12-17 08:20:00,368.45,368.65,368.35,368.4,38290
2025-12-17 08:25:00,368.35,368.4,368.0,368.15,44738
2025-12-17 08:30:00,368.1,368.3,368.0,368.2,28098
2025-12-17 08:35:00,368.15,368.45,368.15,368.25,29959
2025-12-17 08:40:00,368.2,368.25,368.0,368.2,29593
2025-12-17 08:45:00,368.15,368.7,368.1,368.55,41045
2025-12-17 08:50:00,368.45,368.6,368.15,368.15,37387
2025-12-17 08:55:00,368.1,368.6,367.9,368.35,131758
2025-12-17 09:00:00,368.3,368.55,368.15,368.5,32942
2025-12-17 09:05:00,368.45,368.55,368.0,368.05,61907
2025-12-17 09:10:00,368.0,368.4,368.0,368.1,70428
2025-12-17 09:15:00,368.1,368.5,367.85,368.3,151044
2025-12-17 09:20:00,368.3,368.35,368.0,368.3,43984
2025-12-17 09:25:00,368.25,368.65,368.1,368.5,65888
2025-12-17 09:30:00,368.7,369.15,368.55,368.55,97521
2025-12-17 09:35:00,368.55,368.8,368.3,368.35,82012
2025-12-17 09:40:00,368.35,368.9,368.3,368.6,115978
2025-12-17 09:45:00,368.65,368.7,368.0,368.1,216076
2025-12-17 09:50:00,368.2,368.35,368.0,368.05,142565
2025-12-17 09:55:00,368.05,368.25,368.0,368.15,139569
2025-12-18 03:45:00,368.0,369.2,366.75,367.3,147057
2025-12-18 03:50:00,367.5,367.65,366.2,366.85,49903
2025-12-18 03:55:00,366.85,366.9,364.65,365.25,82180
2025-12-18 04:00:00,365.25,365.9,365.1,365.25,28524
2025-12-18 04:05:00,365.2,365.2,364.4,365.0,34034
2025-12-18 04:10:00,365.0,365.1,363.75,363.75,39227
2025-12-18 04:15:00,363.75,363.85,363.05,363.25,33067
2025-12-18 04:20:00,363.25,363.85,363.2,363.75,25354
2025-12-18 04:25:00,363.7,363.8,362.5,362.65,46097
2025-12-18 04:30:00,362.6,362.75,362.2,362.6,25718
2025-12-18 04:35:00,362.4,363.25,362.25,363.2,22569
2025-12-18 04:40:00,363.25,363.95,363.1,363.5,35386
2025-12-18 04:45:00,363.35,363.8,363.2,363.8,16023
2025-12-18 04:50:00,363.75,363.9,363.45,363.5,35220
2025-12-18 04:55:00,363.5,363.75,363.15,363.45,26512
2025-12-18 05:00:00,363.6,365.0,363.5,364.85,41605
2025-12-18 05:05:00,365.0,365.1,364.25,364.65,39424
2025-12-18 05:10:00,364.75,365.3,364.65,364.95,46839
2025-12-18 05:15:00,365.0,365.25,364.95,365.2,21394
2025-12-18 05:20:00,365.2,365.2,364.4,364.7,19483
2025-12-18 05:25:00,364.7,365.95,364.65,365.4,91595
2025-12-18 05:30:00,365.4,365.65,365.15,365.35,21505
2025-12-18 05:35:00,365.35,365.55,365.05,365.4,22243
2025-12-18 05:40:00,365.4,365.5,365.1,365.45,24001
2025-12-18 05:45:00,365.45,365.7,365.25,365.7,32415
2025-12-18 05:50:00,365.6,366.15,365.6,365.85,67868
2025-12-18 05:55:00,365.85,366.0,364.9,364.95,17121
2025-12-18 06:00:00,365.0,365.3,364.9,364.9,33345
2025-12-18 06:05:00,364.95,365.05,363.45,363.55,79107
2025-12-18 06:10:00,363.5,363.7,363.1,363.15,46235
2025-12-18 06:15:00,363.35,363.6,363.1,363.4,36623
2025-12-18 06:20:00,363.4,363.7,363.0,363.45,47951
2025-12-18 06:25:00,363.45,363.8,363.35,363.6,29694
2025-12-18 06:30:00,363.75,363.75,363.0,363.0,67628
2025-12-18 06:35:00,363.05,363.35,363.0,363.15,42448
2025-12-18 06:40:00,363.2,363.4,363.05,363.1,31952
2025-12-18 06:45:00,363.05,363.35,362.6,363.0,68742
2025-12-18 06:50:00,363.0,363.35,362.85,363.05,36630
2025-12-18 06:55:00,363.1,363.2,363.0,363.1,26366
2025-12-18 07:00:00,363.2,363.75,363.1,363.5,40574
2025-12-18 07:05:00,363.7,363.75,363.45,363.5,30952
2025-12-18 07:10:00,363.55,363.65,363.0,363.0,35325
2025-12-18 07:15:00,362.95,363.15,362.75,362.9,31513
2025-12-18 07:20:00,362.75,362.95,362.05,362.1,56657
2025-12-18 07:25:00,362.1,362.8,362.0,362.2,178246
2025-12-18 07:30:00,362.15,362.7,362.15,362.35,39787
2025-12-18 07:35:00,362.4,362.8,362.25,362.7,30730
2025-12-18 07:40:00,362.9,362.9,362.5,362.55,30195
2025-12-18 07:45:00,362.6,362.8,362.5,362.55,28578
2025-12-18 07:50:00,362.5,362.8,362.5,362.7,27467
2025-12-18 07:55:00,362.8,362.9,362.6,362.9,26699
2025-12-18 08:00:00,362.95,363.05,362.45,362.5,48867
2025-12-18 08:05:00,362.4,362.5,362.2,362.3,32430
2025-12-18 08:10:00,362.45,362.6,362.1,362.5,28122
2025-12-18 08:15:00,362.45,362.65,362.2,362.25,31415
2025-12-18 08:20:00,362.4,362.55,362.1,362.5,29931
2025-12-18 08:25:00,362.5,362.55,362.0,362.05,36298
2025-12-18 08:30:00,362.25,362.3,361.9,361.95,41882
2025-12-18 08:35:00,362.1,362.15,361.6,361.8,48209
2025-12-18 08:40:00,361.9,362.0,361.55,361.75,54782
2025-12-18 08:45:00,361.75,362.15,361.5,361.95,57023
2025-12-18 08:50:00,362.0,362.25,361.85,361.95,33951
2025-12-18 08:55:00,361.95,362.15,361.6,362.1,34382
2025-12-18 09:00:00,362.1,363.15,362.05,362.65,77732
2025-12-18 09:05:00,362.8,362.8,362.2,362.2,23741
2025-12-18 09:10:00,362.25,363.1,362.0,362.75,177994
2025-12-18 09:15:00,362.9,362.9,362.5,362.75,35825
2025-12-18 09:20:00,362.55,362.9,362.4,362.85,31271
2025-12-18 09:25:00,362.7,362.95,362.6,362.8,29746
2025-12-18 09:30:00,363.0,363.3,362.85,363.15,112860
2025-12-18 09:35:00,363.15,363.45,362.95,363.0,100273
2025-12-18 09:40:00,363.05,363.35,363.0,363.2,134380
2025-12-18 09:45:00,363.0,363.6,363.0,363.6,190798
2025-12-18 09:50:00,363.6,363.75,363.5,363.6,126640
2025-12-18 09:55:00,363.65,363.8,363.5,363.5,156969
2025-12-19 03:45:00,363.95,366.0,363.9,364.5,136669
2025-12-19 03:50:00,364.6,365.4,364.6,364.85,52433
2025-12-19 03:55:00,364.85,366.2,364.75,366.2,73152
2025-12-19 04:00:00,366.25,366.7,366.15,366.6,57833
2025-12-19 04:05:00,366.6,366.7,365.05,366.5,201816
2025-12-19 04:10:00,366.5,366.7,366.2,366.7,34777
2025-12-19 04:15:00,366.7,367.45,366.45,366.45,93884
2025-12-19 04:20:00,366.45,367.0,365.9,366.05,214583
2025-12-19 04:25:00,366.15,366.15,365.45,366.15,50017
2025-12-19 04:30:00,366.15,366.65,366.05,366.4,21309
2025-12-19 04:35:00,366.45,366.45,365.75,366.25,44965
2025-12-19 04:40:00,366.25,366.35,364.95,365.4,87212
2025-12-19 04:45:00,365.4,365.7,364.65,365.25,47466
2025-12-19 04:50:00,365.25,365.55,365.0,365.45,28779
2025-12-19 04:55:00,365.45,365.95,365.0,365.6,54504
2025-12-19 05:00:00,365.65,365.9,365.3,365.35,52398
2025-12-19 05:05:00,365.4,365.8,365.0,365.05,53926
2025-12-19 05:10:00,365.1,365.85,365.1,365.25,36449
2025-12-19 05:15:00,365.45,365.65,364.85,365.0,45312
2025-12-19 05:20:00,365.0,365.2,364.85,364.9,12582
2025-12-19 05:25:00,364.95,365.0,364.35,364.6,47797
2025-12-19 05:30:00,364.7,364.9,364.55,364.55,17404
2025-12-19 05:35:00,364.55,365.0,364.45,364.45,73136
2025-12-19 05:40:00,364.4,365.0,364.4,364.65,33514
2025-12-19 05:45:00,364.65,365.2,364.65,365.05,41582
2025-12-19 05:50:00,365.0,365.35,364.7,365.15,27284
2025-12-19 05:55:00,365.15,365.2,363.5,363.6,68058
2025-12-19 06:00:00,363.6,363.75,362.65,363.0,113582
2025-12-19 06:05:00,363.0,363.35,362.35,362.6,52151
2025-12-19 06:10:00,362.5,362.95,362.1,362.4,46842
2025-12-19 06:15:00,362.35,363.15,362.2,362.95,24278
2025-12-19 06:20:00,362.95,363.4,362.9,363.25,24878
2025-12-19 06:25:00,363.25,363.35,362.55,362.65,26796
2025-12-19 06:30:00,362.65,363.1,362.55,362.8,16092
2025-12-19 06:35:00,362.8,363.3,362.75,363.3,34160
2025-12-19 06:40:00,363.3,363.3,362.7,363.05,51616
2025-12-19 06:45:00,363.05,363.4,362.75,362.8,36121
2025-12-19 06:50:00,362.9,363.3,362.8,363.05,38030
2025-12-19 06:55:00,363.05,363.2,362.9,363.15,35670
2025-12-19 07:00:00,363.25,363.65,363.2,363.5,38008
2025-12-19 07:05:00,363.5,363.6,363.25,363.3,44059
2025-12-19 07:10:00,363.3,363.4,363.25,363.3,21913
2025-12-19 07:15:00,363.3,363.5,363.25,363.35,24159
2025-12-19 07:20:00,363.45,363.45,363.0,363.0,35991
2025-12-19 07:25:00,363.0,363.5,363.0,363.3,29318
2025-12-19 07:30:00,363.35,363.6,363.15,363.45,23671
2025-12-19 07:35:00,363.45,363.6,363.3,363.4,22474
2025-12-19 07:40:00,363.4,363.7,363.2,363.7,30563
2025-12-19 07:45:00,363.5,363.75,363.3,363.45,35682
2025-12-19 07:50:00,363.45,363.7,362.9,363.45,44236
2025-12-19 07:55:00,363.45,363.65,363.4,363.45,29992
2025-12-19 08:00:00,363.4,363.45,363.05,363.05,42162
2025-12-19 08:05:00,363.1,363.45,363.05,363.4,23960
2025-12-19 08:10:00,363.3,363.4,362.95,363.1,65659
2025-12-19 08:15:00,363.1,363.25,362.5,363.15,211404
2025-12-19 08:20:00,363.1,363.2,362.6,362.95,113828
2025-12-19 08:25:00,362.9,363.05,362.5,363.0,52477
2025-12-19 08:30:00,363.0,363.0,362.8,363.0,27156
2025-12-19 08:35:00,363.0,363.0,362.95,363.0,20198
2025-12-19 08:40:00,363.0,363.0,362.85,363.0,24415
2025-12-19 08:45:00,363.0,363.0,362.95,363.0,23383
2025-12-19 08:50:00,363.0,363.6,362.85,363.35,46978
2025-12-19 08:55:00,363.4,363.65,362.85,363.0,47237
2025-12-19 09:00:00,363.0,363.25,362.9,363.0,31221
2025-12-19 09:05:00,363.0,363.2,362.95,363.1,34039
2025-12-19 09:10:00,363.15,363.55,363.0,363.55,49880
2025-12-19 09:15:00,363.45,363.8,363.05,363.4,127445
2025-12-19 09:20:00,363.45,363.75,363.2,363.7,90709
2025-12-19 09:25:00,363.65,363.9,363.15,363.8,77011
2025-12-19 09:30:00,364.15,366.3,363.8,365.9,524940
2025-12-19 09:35:00,365.8,366.2,365.45,365.95,376160
2025-12-19 09:40:00,366.0,366.15,365.75,365.95,430281
2025-12-19 09:45:00,365.9,366.45,365.8,366.15,516137
2025-12-19 09:50:00,366.05,366.5,366.05,366.4,507968
2025-12-19 09:55:00,366.4,366.65,365.1,365.1,445924
2025-12-22 03:45:00,365.95,366.7,364.55,365.85,76316
2025-12-22 03:50:00,365.9,367.45,365.9,366.1,105374
2025-12-22 03:55:00,366.1,367.2,365.75,366.85,58103
2025-12-22 04:00:00,366.85,367.6,366.6,367.1,132190
2025-12-22 04:05:00,367.1,367.95,366.95,367.5,80424
2025-12-22 04:10:00,367.6,368.25,367.25,367.75,91404
2025-12-22 04:15:00,367.9,368.0,367.5,367.7,43341
2025-12-22 04:20:00,367.7,367.8,367.5,367.55,23484
2025-12-22 04:25:00,367.7,368.8,367.55,368.55,69901
2025-12-22 04:30:00,368.55,368.7,367.75,367.8,64170
2025-12-22 04:35:00,367.8,368.0,367.25,367.25,23394
2025-12-22 04:40:00,367.3,367.45,366.8,367.25,48840
2025-12-22 04:45:00,367.25,367.85,367.1,367.8,19112
2025-12-22 04:50:00,367.6,367.7,367.2,367.4,17630
2025-12-22 04:55:00,367.4,367.6,367.1,367.15,30187
2025-12-22 05:00:00,367.2,367.25,366.9,367.1,46946
2025-12-22 05:05:00,367.15,367.6,367.1,367.2,18924
2025-12-22 05:10:00,367.3,367.45,367.0,367.45,19020
2025-12-22 05:15:00,367.4,367.85,367.1,367.4,39739
2025-12-22 05:20:00,367.4,367.45,366.95,366.95,30712
2025-12-22 05:25:00,366.95,367.35,366.9,366.95,37413
2025-12-22 05:30:00,367.0,367.05,366.5,366.5,33103
2025-12-22 05:35:00,366.5,366.7,366.3,366.5,18189
2025-12-22 05:40:00,366.5,366.75,366.4,366.65,20516
2025-12-22 05:45:00,366.7,366.75,366.1,366.1,33066
2025-12-22 05:50:00,366.1,366.3,365.95,366.1,44245
2025-12-22 05:55:00,366.1,366.55,366.1,366.55,30396
2025-12-22 06:00:00,366.65,367.0,366.35,366.55,65182
2025-12-22 06:05:00,366.55,366.95,366.45,366.8,17477
2025-12-22 06:10:00,366.7,367.15,366.5,367.0,54366
2025-12-22 06:15:00,367.0,367.85,367.0,367.8,32912
2025-12-22 06:20:00,367.8,369.7,367.8,369.5,99928
2025-12-22 06:25:00,369.7,370.4,369.6,370.0,118438
2025-12-22 06:30:00,370.15,370.2,369.5,369.7,56714
2025-12-22 06:35:00,369.5,369.8,369.4,369.4,34464
2025-12-22 06:40:00,369.45,369.75,369.1,369.65,67456
2025-12-22 06:45:00,369.6,369.85,369.55,369.75,35455
2025-12-22 06:50:00,369.85,369.85,369.6,369.6,12492
2025-12-22 06:55:00,369.65,369.9,369.55,369.7,21563
2025-12-22 07:00:00,369.7,369.7,369.6,369.65,8379
2025-12-22 07:05:00,369.65,369.65,369.2,369.4,18464
2025-12-22 07:10:00,369.5,369.65,369.1,369.1,79725
2025-12-22 07:15:00,369.15,369.3,369.05,369.3,9013
2025-12-22 07:20:00,369.25,370.25,369.2,370.1,69299
2025-12-22 07:25:00,370.15,370.2,369.6,369.75,19803
2025-12-22 07:30:00,369.85,370.0,369.65,369.65,15808
2025-12-22 07:35:00,369.7,369.7,369.5,369.55,10800
2025-12-22 07:40:00,369.55,369.75,369.5,369.75,9005
2025-12-22 07:45:00,369.75,370.0,369.6,369.7,19153
2025-12-22 07:50:00,369.7,369.8,369.55,369.7,26225
2025-12-22 07:55:00,369.7,370.25,369.65,370.1,65839
2025-12-22 08:00:00,370.1,370.15,369.8,370.0,21748
2025-12-22 08:05:00,370.0,370.35,369.9,370.15,35330
2025-12-22 08:10:00,370.15,370.25,369.75,369.85,18769
2025-12-22 08:15:00,369.8,369.95,369.7,369.95,23098
2025-12-22 08:20:00,369.85,369.95,369.75,369.85,9345
2025-12-22 08:25:00,369.9,369.9,369.45,369.5,20852
2025-12-22 08:30:00,369.5,369.7,369.45,369.55,14863
2025-12-22 08:35:00,369.6,369.7,369.45,369.55,15714
2025-12-22 08:40:00,369.55,369.6,369.4,369.5,21892
2025-12-22 08:45:00,369.5,369.75,369.5,369.65,14108
2025-12-22 08:50:00,369.75,370.2,369.45,370.05,73196
2025-12-22 08:55:00,370.05,370.2,370.0,370.15,19136
2025-12-22 09:00:00,370.15,370.15,369.7,369.85,33494
2025-12-22 09:05:00,369.9,370.05,369.7,369.75,37068
2025-12-22 09:10:00,369.75,369.85,369.0,369.2,78290
2025-12-22 09:15:00,369.2,369.35,369.05,369.2,21302
2025-12-22 09:20:00,369.2,369.6,369.05,369.35,18394
2025-12-22 09:25:00,369.45,369.55,369.35,369.35,59090
2025-12-22 09:30:00,369.65,369.9,369.6,369.8,155315
2025-12-22 09:35:00,369.85,369.9,369.65,369.8,96005
2025-12-22 09:40:00,369.8,369.85,369.45,369.45,142542
2025-12-22 09:45:00,369.5,369.9,369.45,369.9,253619
2025-12-22 09:50:00,369.9,370.0,369.6,369.65,172092
2025-12-22 09:55:00,369.7,370.7,369.3,370.3,360099
2025-12-23 03:45:00,369.9,372.45,369.05,372.05,279961
2025-12-23 03:50:00,372.1,372.35,371.1,372.1,76479
2025-12-23 03:55:00,371.95,373.25,371.75,372.6,290705
2025-12-23 04:00:00,372.35,373.0,372.15,372.7,86259
2025-12-23 04:05:00,372.7,373.45,372.3,372.9,105661
2025-12-23 04:10:00,372.9,373.0,372.05,372.35,75558
2025-12-23 04:15:00,372.4,372.45,372.05,372.3,23335
2025-12-23 04:20:00,372.35,372.8,372.15,372.35,26397
2025-12-23 04:25:00,372.35,372.5,372.15,372.45,28262
2025-12-23 04:30:00,372.5,373.35,372.5,373.1,154450
2025-12-23 04:35:00,373.2,373.25,372.85,373.15,51857
2025-12-23 04:40:00,373.15,373.5,372.95,373.15,57825
2025-12-23 04:45:00,373.25,373.3,372.75,372.75,31232
2025-12-23 04:50:00,372.8,372.85,372.05,372.2,42043
2025-12-23 04:55:00,372.2,372.6,372.15,372.5,17547
2025-12-23 05:00:00,372.55,372.65,371.2,371.3,111622
2025-12-23 05:05:00,371.25,371.45,371.0,371.05,51191
2025-12-23 05:10:00,371.05,371.85,370.95,371.55,43777
2025-12-23 05:15:00,371.7,372.1,371.7,371.8,19060
2025-12-23 05:20:00,371.9,372.0,371.6,371.95,19201
2025-12-23 05:25:00,371.95,372.0,371.75,371.95,16815
2025-12-23 05:30:00,371.85,371.95,371.4,371.4,23260
2025-12-23 05:35:00,371.5,371.6,371.2,371.35,26135
2025-12-23 05:40:00,371.35,371.6,370.9,370.9,42604
2025-12-23 05:45:00,371.0,371.35,370.9,370.95,30561
2025-12-23 05:50:00,370.95,371.0,370.7,370.8,17085
2025-12-23 05:55:00,370.9,370.9,370.55,370.6,21233
2025-12-23 06:00:00,370.65,370.85,370.5,370.55,15850
2025-12-23 06:05:00,370.8,370.8,370.25,370.65,46001
2025-12-23 06:10:00,370.65,370.65,370.35,370.55,21597
2025-12-23 06:15:00,370.6,370.6,370.1,370.45,17565
2025-12-23 06:20:00,370.45,370.95,370.45,370.55,15012
2025-12-23 06:25:00,370.65,370.8,370.55,370.65,7550
2025-12-23 06:30:00,370.9,371.0,370.65,371.0,46038
2025-12-23 06:35:00,371.0,371.35,370.75,371.2,39448
2025-12-23 06:40:00,371.35,371.7,371.2,371.55,17496
2025-12-23 06:45:00,371.55,371.75,371.4,371.6,17332
2025-12-23 06:50:00,371.6,371.65,371.3,371.6,66831
2025-12-23 06:55:00,371.65,371.65,371.0,371.0,74240
2025-12-23 07:00:00,371.0,371.0,370.5,370.5,23901
2025-12-23 07:05:00,370.6,370.9,370.4,370.5,30662
2025-12-23 07:10:00,370.5,370.55,370.45,370.5,34374
2025-12-23 07:15:00,370.45,370.8,370.45,370.65,20931
2025-12-23 07:20:00,370.7,370.9,370.65,370.8,12009
2025-12-23 07:25:00,370.85,370.9,370.5,370.7,23191
2025-12-23 07:30:00,370.8,370.9,370.55,370.6,12043
2025-12-23 07:35:00,370.75,370.8,370.5,370.75,11882
2025-12-23 07:40:00,370.8,370.9,370.75,370.9,21071
2025-12-23 07:45:00,370.9,371.0,370.75,370.85,17099
2025-12-23 07:50:00,370.9,371.0,370.85,370.85,12101
2025-12-23 07:55:00,370.95,370.95,370.6,370.8,14556
2025-12-23 08:00:00,370.8,370.8,370.6,370.65,8783
2025-12-23 08:05:00,370.65,370.7,370.4,370.5,16856
2025-12-23 08:10:00,370.5,370.5,370.4,370.4,11855
2025-12-23 08:15:00,370.45,370.7,370.3,370.45,30849
2025-12-23 08:20:00,370.55,370.55,370.2,370.25,11743
2025-12-23 08:25:00,370.3,370.55,370.25,370.4,11937
2025-12-23 08:30:00,370.5,370.5,370.35,370.4,6336
2025-12-23 08:35:00,370.5,370.5,370.1,370.2,24784
2025-12-23 08:40:00,370.35,370.5,370.2,370.45,11277
2025-12-23 08:45:00,370.45,370.6,370.3,370.5,87454
2025-12-23 08:50:00,370.55,370.55,370.2,370.25,18474
2025-12-23 08:55:00,370.3,370.3,369.75,369.8,56322
2025-12-23 09:00:00,369.95,370.0,369.3,369.45,35350
2025-12-23 09:05:00,369.4,369.5,369.2,369.45,24936
2025-12-23 09:10:00,369.4,369.45,368.75,368.85,65831
2025-12-23 09:15:00,368.85,369.15,368.55,368.95,37699
2025-12-23 09:20:00,369.1,369.1,368.65,369.0,18645
2025-12-23 09:25:00,369.1,369.5,368.95,369.3,24578
2025-12-23 09:30:00,369.7,370.7,369.7,370.25,107604
2025-12-23 09:35:00,370.3,370.5,370.25,370.35,34810
2025-12-23 09:40:00,370.4,370.55,370.35,370.45,64313
2025-12-23 09:45:00,370.45,370.5,369.85,369.9,114994
2025-12-23 09:50:00,370.0,370.0,369.35,369.4,66005
2025-12-23 09:55:00,369.4,369.7,368.9,369.7,82465
2025-12-24 03:45:00,369.9,370.25,367.5,369.8,128402
2025-12-24 03:50:00,369.8,370.4,369.6,370.2,28832
2025-12-24 03:55:00,370.2,371.05,370.2,370.75,51227
2025-12-24 04:00:00,370.8,371.45,370.0,370.1,61807
2025-12-24 04:05:00,370.3,370.3,369.5,370.0,38108
2025-12-24 04:10:00,369.9,369.9,369.0,369.4,34771
2025-12-24 04:15:00,369.4,369.5,369.05,369.1,19514
2025-12-24 04:20:00,369.25,369.25,369.0,369.05,12124
2025-12-24 04:25:00,369.05,369.8,369.05,369.35,15846
2025-12-24 04:30:00,369.45,369.8,368.7,368.8,19525
2025-12-24 04:35:00,368.8,369.25,368.55,369.15,19035
2025-12-24 04:40:00,369.25,369.25,368.9,369.2,25459
2025-12-24 04:45:00,369.2,369.25,368.55,368.75,16554
2025-12-24 04:50:00,368.75,369.05,368.75,368.95,6562
2025-12-24 04:55:00,368.95,369.3,368.8,369.0,15934
2025-12-24 05:00:00,369.0,369.1,368.6,368.85,9417
2025-12-24 05:05:00,368.95,369.0,368.55,368.8,13249
2025-12-24 05:10:00,368.9,368.9,368.5,368.6,12640
2025-12-24 05:15:00,368.5,368.7,368.25,368.4,24031
2025-12-24 05:20:00,368.45,368.55,368.25,368.4,25958
2025-12-24 05:25:00,368.4,368.45,368.0,368.2,18425
2025-12-24 05:30:00,368.2,368.3,368.0,368.0,12077
2025-12-24 05:35:00,368.0,368.3,368.0,368.2,9598
2025-12-24 05:40:00,368.1,368.2,368.0,368.2,8436
2025-12-24 05:45:00,368.25,368.55,368.2,368.3,14731
2025-12-24 05:50:00,368.3,368.55,368.1,368.45,11295
2025-12-24 05:55:00,368.45,368.95,367.9,367.95,32758
2025-12-24 06:00:00,367.95,368.25,367.8,368.0,13021
2025-12-24 06:05:00,368.15,368.15,367.65,367.9,13048
2025-12-24 06:10:00,367.9,367.9,366.3,366.75,66361
2025-12-24 06:15:00,366.8,367.0,366.2,366.45,58745
2025-12-24 06:20:00,366.45,366.85,366.3,366.4,18871
2025-12-24 06:25:00,366.4,367.0,366.4,367.0,15732
2025-12-24 06:30:00,366.9,367.3,366.5,367.3,9901
2025-12-24 06:35:00,367.25,367.65,367.0,367.6,42534
2025-12-24 06:40:00,367.6,367.8,367.25,367.55,9681
2025-12-24 06:45:00,367.55,367.65,367.35,367.55,11005
2025-12-24 06:50:00,367.4,368.1,367.3,368.1,38200
2025-12-24 06:55:00,367.95,368.45,367.95,368.3,21345
2025-12-24 07:00:00,368.15,368.45,368.1,368.35,43703
2025-12-24 07:05:00,368.2,368.45,367.85,367.95,15706
2025-12-24 07:10:00,367.9,368.1,367.4,367.8,29455
2025-12-24 07:15:00,367.8,367.95,367.55,367.8,16695
2025-12-24 07:20:00,367.7,367.95,367.65,367.75,16704
2025-12-24 07:25:00,367.75,368.25,367.7,368.1,17105
2025-12-24 07:30:00,367.95,368.3,367.75,368.3,16933
2025-12-24 07:35:00,368.05,368.25,367.85,368.05,17178
2025-12-24 07:40:00,367.9,368.05,367.3,367.55,18046
2025-12-24 07:45:00,367.4,367.6,367.15,367.25,40831
2025-12-24 07:50:00,367.2,367.45,367.0,367.3,19416
2025-12-24 07:55:00,367.15,367.55,366.95,367.05,23000
2025-12-24 08:00:00,366.95,367.05,366.35,366.55,32174
2025-12-24 08:05:00,366.45,366.7,366.4,366.55,16910
2025-12-24 08:10:00,366.6,366.95,366.5,366.6,25806
2025-12-24 08:15:00,366.65,366.9,366.45,366.8,13441
2025-12-24 08:20:00,366.8,367.0,366.45,366.65,25254
2025-12-24 08:25:00,366.65,366.7,366.35,366.7,12135
2025-12-24 08:30:00,366.6,366.7,366.2,366.45,20044
2025-12-24 08:35:00,366.3,366.7,366.3,366.7,13619
2025-12-24 08:40:00,366.6,366.7,366.35,366.6,17081
2025-12-24 08:45:00,366.55,366.7,366.5,366.7,12592
2025-12-24 08:50:00,366.55,366.75,365.95,366.0,50742
2025-12-24 08:55:00,366.0,366.0,365.35,366.0,49522
2025-12-24 09:00:00,365.9,366.1,365.25,365.25,39788
2025-12-24 09:05:00,365.25,365.45,364.8,364.95,48094
2025-12-24 09:10:00,364.95,365.3,364.9,365.1,28122
2025-12-24 09:15:00,365.1,365.5,364.9,364.9,35824
2025-12-24 09:20:00,364.9,365.1,364.85,364.9,26290
2025-12-24 09:25:00,365.0,366.25,364.85,366.1,138397
2025-12-24 09:30:00,366.2,366.8,366.05,366.5,50621
2025-12-24 09:35:00,366.5,366.8,366.45,366.6,32274
2025-12-24 09:40:00,366.65,366.65,366.05,366.35,35659
2025-12-24 09:45:00,366.5,366.75,365.35,365.55,155995
2025-12-24 09:50:00,365.6,365.65,365.2,365.45,91326
2025-12-24 09:55:00,365.35,365.7,364.85,365.05,77718
2025-12-26 03:45:00,365.45,368.2,363.65,367.4,161230
2025-12-26 03:50:00,367.4,367.8,366.65,367.8,48374
2025-12-26 03:55:00,367.75,367.85,367.05,367.05,74460
2025-12-26 04:00:00,367.25,367.25,365.3,365.3,35968
2025-12-26 04:05:00,365.5,365.7,365.05,365.25,26659
2025-12-26 04:10:00,365.25,365.3,364.5,364.6,60515
2025-12-26 04:15:00,364.7,365.15,363.35,363.8,65217
2025-12-26 04:20:00,363.75,363.8,363.2,363.45,30452
2025-12-26 04:25:00,363.45,363.8,363.05,363.45,27795
2025-12-26 04:30:00,363.45,363.45,362.6,362.8,39477
2025-12-26 04:35:00,363.0,363.0,362.25,362.25,22840
2025-12-26 04:40:00,362.4,362.85,362.25,362.65,37924
2025-12-26 04:45:00,362.75,362.95,362.5,362.9,12684
2025-12-26 04:50:00,362.9,362.9,362.3,362.5,27842
2025-12-26 04:55:00,362.35,362.45,362.0,362.3,26614
2025-12-26 05:00:00,362.45,362.55,362.1,362.1,19312
2025-12-26 05:05:00,362.15,362.5,361.7,362.5,20844
2025-12-26 05:10:00,362.5,362.9,362.4,362.6,23423
2025-12-26 05:15:00,362.7,362.9,362.4,362.65,12683
2025-12-26 05:20:00,362.65,364.0,362.65,363.95,45565
2025-12-26 05:25:00,363.95,364.2,363.5,364.1,37556
2025-12-26 05:30:00,364.0,364.2,363.6,363.75,16295
2025-12-26 05:35:00,363.8,364.1,363.55,363.7,13961
2025-12-26 05:40:00,363.65,363.7,362.85,363.2,60835
2025-12-26 05:45:00,363.25,363.25,362.75,362.9,26336
2025-12-26 05:50:00,363.0,363.8,362.9,363.5,17350
2025-12-26 05:55:00,363.5,364.75,363.35,364.35,78257
2025-12-26 06:00:00,364.4,364.8,363.95,364.4,25471
2025-12-26 06:05:00,364.5,364.5,363.45,363.6,18537
2025-12-26 06:10:00,363.65,364.15,363.6,364.0,7744
2025-12-26 06:15:00,364.0,364.45,364.0,364.35,17974
2025-12-26 06:20:00,364.3,364.9,364.1,364.65,19936
2025-12-26 06:25:00,364.6,364.8,364.45,364.8,9752
2025-12-26 06:30:00,364.8,364.85,364.6,364.6,12534
2025-12-26 06:35:00,364.65,364.8,364.4,364.7,10699
2025-12-26 06:40:00,364.8,365.45,364.7,364.85,38788
2025-12-26 06:45:00,365.0,365.15,364.55,364.6,16461
2025-12-26 06:50:00,364.7,364.7,364.45,364.65,12441
2025-12-26 06:55:00,364.6,364.7,364.45,364.6,6100
2025-12-26 07:00:00,364.55,364.75,364.1,364.25,18923
2025-12-26 07:05:00,364.4,364.6,364.05,364.6,12016
2025-12-26 07:10:00,364.45,364.7,364.15,364.7,13265
2025-12-26 07:15:00,364.75,365.5,364.5,365.5,23517
2025-12-26 07:20:00,365.5,365.5,364.95,365.15,13991
2025-12-26 07:25:00,365.2,365.3,365.0,365.2,9627
2025-12-26 07:30:00,365.15,365.4,365.0,365.4,15271
2025-12-26 07:35:00,365.4,365.4,364.9,365.3,10660
2025-12-26 07:40:00,365.35,365.5,365.0,365.05,16511
2025-12-26 07:45:00,365.1,365.45,365.0,365.0,17223
2025-12-26 07:50:00,365.05,365.35,364.75,365.25,27769
2025-12-26 07:55:00,365.3,365.45,365.0,365.35,15120
2025-12-26 08:00:00,365.45,365.85,365.35,365.5,30356
2025-12-26 08:05:00,365.5,365.55,365.3,365.4,13316
2025-12-26 08:10:00,365.5,365.5,365.0,365.2,11584
2025-12-26 08:15:00,365.15,365.3,364.8,365.2,23511
2025-12-26 08:20:00,365.2,365.2,364.8,365.05,28623
2025-12-26 08:25:00,365.2,365.4,365.05,365.35,9639
2025-12-26 08:30:00,365.35,365.6,365.25,365.5,13597
2025-12-26 08:35:00,365.5,365.5,364.85,365.05,55974
2025-12-26 08:40:00,365.0,365.15,363.9,364.3,137866
2025-12-26 08:45:00,364.15,364.35,363.9,364.15,77546
2025-12-26 08:50:00,364.05,364.65,364.0,364.4,78508
2025-12-26 08:55:00,364.55,364.85,364.25,364.8,70395
2025-12-26 09:00:00,364.75,364.8,363.9,364.15,90719
2025-12-26 09:05:00,364.3,365.25,364.05,364.75,96145
2025-12-26 09:10:00,364.8,365.25,364.45,364.55,84991
2025-12-26 09:15:00,364.55,364.9,364.0,364.1,115011
2025-12-26 09:20:00,364.35,364.75,364.0,364.75,105901
2025-12-26 09:25:00,364.75,365.85,364.55,365.75,97315
2025-12-26 09:30:00,366.1,366.6,365.75,366.25,61554
2025-12-26 09:35:00,366.15,366.2,365.8,366.15,46626
2025-12-26 09:40:00,366.2,366.4,365.9,365.9,35488
2025-12-26 09:45:00,365.9,366.0,365.55,365.8,49794
2025-12-26 09:50:00,365.8,366.0,365.8,366.0,78220
2025-12-26 09:55:00,365.95,366.2,365.5,366.0,119921
2025-12-29 03:45:00,366.0,367.0,364.8,367.0,53191
2025-12-29 03:50:00,367.25,367.95,367.1,367.8,48533
2025-12-29 03:55:00,367.8,367.8,366.45,366.55,32406
2025-12-29 04:00:00,366.55,367.6,366.5,367.25,27498
2025-12-29 04:05:00,367.4,369.0,367.4,368.8,64495
2025-12-29 04:10:00,368.8,369.25,368.35,369.05,33444
2025-12-29 04:15:00,369.0,369.9,368.9,369.6,37306
2025-12-29 04:20:00,369.7,369.7,368.65,369.3,49368
2025-12-29 04:25:00,368.85,368.95,368.0,368.2,20905
2025-12-29 04:30:00,368.1,368.4,367.9,368.1,31326
2025-12-29 04:35:00,368.1,368.4,367.75,367.9,10088
2025-12-29 04:40:00,367.85,368.1,367.5,367.85,48088
2025-12-29 04:45:00,368.0,368.2,367.5,368.1,102134
2025-12-29 04:50:00,368.15,368.6,368.1,368.5,108885
2025-12-29 04:55:00,368.45,369.3,368.4,369.0,160997
2025-12-29 05:00:00,369.0,369.9,368.7,369.55,86728
2025-12-29 05:05:00,369.7,370.45,369.15,370.35,113366
2025-12-29 05:10:00,370.2,370.4,369.45,369.75,49205
2025-12-29 05:15:00,369.9,369.95,369.25,369.3,27631
2025-12-29 05:20:00,369.3,369.9,369.25,369.45,47859
2025-12-29 05:25:00,369.6,369.9,368.75,368.75,137703
2025-12-29 05:30:00,368.9,369.25,368.65,368.9,39693
2025-12-29 05:35:00,368.9,369.25,368.8,369.0,23110
2025-12-29 05:40:00,369.0,369.7,368.9,369.6,28089
2025-12-29 05:45:00,369.6,369.75,369.1,369.1,24662
2025-12-29 05:50:00,369.1,369.4,368.9,369.0,26451
2025-12-29 05:55:00,369.05,369.4,368.75,368.85,25918
2025-12-29 06:00:00,368.85,368.9,367.8,368.0,42228
2025-12-29 06:05:00,368.1,368.25,367.6,367.9,15539
2025-12-29 06:10:00,367.9,368.1,367.7,367.85,10214
2025-12-29 06:15:00,367.9,368.4,367.65,368.25,21983
2025-12-29 06:20:00,368.15,368.95,367.65,368.5,84370
2025-12-29 06:25:00,368.65,368.75,368.1,368.25,26466
2025-12-29 06:30:00,368.3,369.9,368.25,368.65,63079
2025-12-29 06:35:00,368.7,369.35,368.45,368.95,26268
2025-12-29 06:40:00,368.95,369.2,368.5,368.65,27090
2025-12-29 06:45:00,368.65,369.0,368.1,368.15,15056
2025-12-29 06:50:00,368.15,368.4,367.8,367.9,46710
2025-12-29 06:55:00,368.05,368.75,367.7,368.75,35740
2025-12-29 07:00:00,368.75,368.9,368.0,368.15,56688
2025-12-29 07:05:00,368.0,368.05,367.6,367.6,14699
2025-12-29 07:10:00,367.9,367.95,367.4,367.6,30673
2025-12-29 07:15:00,367.8,367.8,367.45,367.65,13259
2025-12-29 07:20:00,367.65,367.75,367.45,367.6,6133
2025-12-29 07:25:00,367.75,368.0,367.55,367.8,48247
2025-12-29 07:30:00,367.75,368.2,367.5,368.1,27938
2025-12-29 07:35:00,368.1,368.3,367.8,367.85,10154
2025-12-29 07:40:00,367.8,368.3,367.7,367.85,12156
2025-12-29 07:45:00,368.05,368.2,367.2,367.55,21922
2025-12-29 07:50:00,367.55,367.85,367.4,367.4,6980
2025-12-29 07:55:00,367.4,367.7,366.95,367.1,32104
2025-12-29 08:00:00,367.15,367.6,367.0,367.35,15887
2025-12-29 08:05:00,367.55,367.65,367.05,367.2,11346
2025-12-29 08:10:00,367.2,367.5,367.1,367.35,12288
2025-12-29 08:15:00,367.4,368.2,367.35,368.0,31886
2025-12-29 08:20:00,367.95,368.25,367.85,367.85,35548
2025-12-29 08:25:00,367.75,368.0,367.4,367.7,32400
2025-12-29 08:30:00,367.75,370.75,367.45,370.5,405855
2025-12-29 08:35:00,370.55,371.6,370.1,371.15,144022
2025-12-29 08:40:00,371.25,371.25,370.2,370.4,39896
2025-12-29 08:45:00,370.4,370.55,369.75,369.8,27412
2025-12-29 08:50:00,369.7,370.3,369.55,370.1,32837
2025-12-29 08:55:00,370.1,370.7,369.95,370.15,34524
2025-12-29 09:00:00,370.4,370.4,369.65,369.85,17222
2025-12-29 09:05:00,369.85,370.05,369.65,369.75,14266
2025-12-29 09:10:00,369.85,369.85,369.15,369.3,14202
2025-12-29 09:15:00,369.25,369.55,369.0,369.15,33617
2025-12-29 09:20:00,369.2,369.9,369.15,369.7,22225
2025-12-29 09:25:00,369.7,371.35,369.65,371.3,145299
2025-12-29 09:30:00,371.4,372.0,371.4,371.8,266709
2025-12-29 09:35:00,371.75,372.0,371.5,371.65,174811
2025-12-29 09:40:00,371.65,371.95,371.45,371.85,203269
2025-12-29 09:45:00,371.75,371.85,371.1,371.25,248603
2025-12-29 09:50:00,371.25,371.9,371.1,371.75,327917
2025-12-29 09:55:00,371.7,371.8,370.85,371.0,203903
2025-12-30 03:45:00,371.8,372.0,369.7,370.35,141564
2025-12-30 03:50:00,370.2,371.05,369.5,370.45,63985
2025-12-30 03:55:00,370.35,370.9,370.0,370.4,44773
2025-12-30 04:00:00,370.55,370.85,370.05,370.85,48382
2025-12-30 04:05:00,371.35,371.35,370.6,370.9,54736
2025-12-30 04:10:00,370.9,370.9,370.1,370.55,45158
2025-12-30 04:15:00,370.6,371.0,370.2,370.65,43390
2025-12-30 04:20:00,370.6,371.0,370.45,370.75,30912
2025-12-30 04:25:00,370.75,371.65,370.75,371.4,73706
2025-12-30 04:30:00,371.4,371.5,371.05,371.25,23708
2025-12-30 04:35:00,371.3,371.3,370.7,371.2,50705
2025-12-30 04:40:00,371.25,371.75,371.1,371.75,52808
2025-12-30 04:45:00,371.8,371.95,371.35,371.8,45726
2025-12-30 04:50:00,371.8,373.9,371.7,372.15,223032
2025-12-30 04:55:00,372.15,374.75,372.1,374.5,232698
2025-12-30 05:00:00,374.5,375.5,374.5,374.65,516402
2025-12-30 05:05:00,374.65,374.65,372.45,372.6,131025
2025-12-30 05:10:00,372.55,372.7,372.0,372.0,86678
2025-12-30 05:15:00,372.15,372.9,372.0,372.75,73799
2025-12-30 05:20:00,372.9,373.0,372.1,372.45,96272
2025-12-30 05:25:00,372.5,372.8,372.0,372.65,121201
2025-12-30 05:30:00,372.65,372.75,372.35,372.4,30773
2025-12-30 05:35:00,372.45,372.6,372.35,372.35,26905
2025-12-30 05:40:00,372.4,372.5,371.55,372.0,110986
2025-12-30 05:45:00,372.0,372.8,372.0,372.7,52828
2025-12-30 05:50:00,372.7,373.3,372.55,373.3,67026
2025-12-30 05:55:00,373.3,373.55,373.15,373.55,49892
2025-12-30 06:00:00,373.55,374.35,373.35,374.1,113934
2025-12-30 06:05:00,374.25,374.25,373.7,373.95,73487
2025-12-30 06:10:00,373.95,374.8,373.8,374.7,133547
2025-12-30 06:15:00,374.65,374.7,374.15,374.4,57820
2025-12-30 06:20:00,374.4,376.15,374.35,375.75,343558
2025-12-30 06:25:00,375.75,376.0,375.25,375.4,183603
2025-12-30 06:30:00,375.5,375.55,374.4,374.75,153460
2025-12-30 06:35:00,374.75,375.05,373.6,373.6,118215
2025-12-30 06:40:00,373.6,373.75,372.4,372.4,88778
2025-12-30 06:45:00,372.4,372.5,372.0,372.05,71039
2025-12-30 06:50:00,372.1,372.2,371.85,371.85,57589
2025-12-30 06:55:00,371.95,372.2,371.6,371.6,59259
2025-12-30 07:00:00,371.65,372.0,371.15,371.15,66100
2025-12-30 07:05:00,371.2,371.45,371.0,371.15,95137
2025-12-30 07:10:00,371.3,371.6,371.0,371.15,99150
2025-12-30 07:15:00,371.2,371.6,370.9,371.25,63966
2025-12-30 07:20:00,371.2,371.75,371.1,371.2,62972
2025-12-30 07:25:00,371.25,371.35,370.8,370.95,50711
2025-12-30 07:30:00,371.0,371.0,370.65,370.85,41040
2025-12-30 07:35:00,370.75,371.0,370.45,370.55,62644
2025-12-30 07:40:00,370.55,370.85,370.1,370.85,76087
2025-12-30 07:45:00,370.85,370.85,370.05,370.25,69363
2025-12-30 07:50:00,370.35,370.55,370.1,370.3,42469
2025-12-30 07:55:00,370.35,370.65,370.05,370.35,44661
2025-12-30 08:00:00,370.5,370.95,370.4,370.9,54304
2025-12-30 08:05:00,370.85,371.6,370.85,371.25,69554
2025-12-30 08:10:00,371.35,372.5,371.15,371.8,104280
2025-12-30 08:15:00,371.85,372.2,371.6,371.7,41420
2025-12-30 08:20:00,371.85,371.9,371.25,371.4,24385
2025-12-30 08:25:00,371.35,371.65,371.05,371.35,27935
2025-12-30 08:30:00,371.35,371.8,371.15,371.8,22471
2025-12-30 08:35:00,371.85,372.0,371.65,371.85,25382
2025-12-30 08:40:00,371.85,372.05,371.7,372.0,22459
2025-12-30 08:45:00,371.95,372.3,371.9,371.9,30524
2025-12-30 08:50:00,372.0,372.15,371.75,371.9,30399
2025-12-30 08:55:00,371.9,371.95,371.6,371.9,37886
2025-12-30 09:00:00,371.9,372.0,371.5,371.8,30429
2025-12-30 09:05:00,371.8,371.95,371.6,371.65,22503
2025-12-30 09:10:00,371.65,372.0,371.65,371.9,28044
2025-12-30 09:15:00,371.95,372.0,371.8,371.95,44217
2025-12-30 09:20:00,371.95,372.0,371.7,371.85,31143
2025-12-30 09:25:00,371.7,372.0,371.7,371.95,48696
2025-12-30 09:30:00,371.9,371.9,368.3,368.7,561599
2025-12-30 09:35:00,368.6,370.05,368.2,370.0,583944
2025-12-30 09:40:00,370.0,370.6,369.6,370.25,602191
2025-12-30 09:45:00,370.3,370.55,369.0,369.2,664380
2025-12-30 09:50:00,369.2,369.6,368.9,369.6,441238
2025-12-30 09:55:00,369.55,370.0,369.0,369.2,223366
2025-12-31 03:45:00,369.5,372.15,369.0,371.5,74450
2025-12-31 03:50:00,371.85,372.75,371.6,372.65,37056
2025-12-31 03:55:00,372.6,373.75,372.4,373.65,68350
2025-12-31 04:00:00,373.45,373.65,372.2,373.0,63826
2025-12-31 04:05:00,372.9,373.0,372.6,372.85,34077
2025-12-31 04:10:00,372.95,373.0,372.65,372.75,12255
2025-12-31 04:15:00,372.8,374.4,372.65,373.95,235825
2025-12-31 04:20:00,374.0,374.5,373.75,374.0,215337
2025-12-31 04:25:00,374.0,374.25,373.3,373.4,277465
2025-12-31 04:30:00,373.35,374.85,373.0,374.0,376255
2025-12-31 04:35:00,374.0,374.35,373.3,373.7,312739
2025-12-31 04:40:00,373.7,374.1,373.0,373.25,81072
2025-12-31 04:45:00,373.3,374.4,373.15,374.0,117843
2025-12-31 04:50:00,374.05,374.6,373.8,374.0,104644
2025-12-31 04:55:00,374.0,374.3,373.9,374.2,37392
2025-12-31 05:00:00,374.2,374.5,373.85,374.25,48439
2025-12-31 05:05:00,374.4,375.1,374.15,375.0,141278
2025-12-31 05:10:00,375.0,375.4,374.75,375.1,65522
2025-12-31 05:15:00,375.25,375.25,374.2,374.25,71801
2025-12-31 05:20:00,374.25,374.6,374.1,374.6,46910
2025-12-31 05:25:00,374.6,375.35,374.2,375.25,93860
2025-12-31 05:30:00,375.1,376.3,375.1,375.95,197433
2025-12-31 05:35:00,376.0,376.2,375.55,376.0,71648
2025-12-31 05:40:00,376.1,377.05,375.25,376.6,402101
2025-12-31 05:45:00,376.6,376.85,376.15,376.45,73071
2025-12-31 05:50:00,376.65,376.7,376.2,376.6,37042
2025-12-31 05:55:00,376.65,377.0,376.5,376.75,52381
2025-12-31 06:00:00,376.95,377.4,376.6,377.3,124435
2025-12-31 06:05:00,377.4,377.75,376.9,377.45,117374
2025-12-31 06:10:00,377.45,378.5,377.1,378.2,198351
2025-12-31 06:15:00,378.3,379.8,377.85,379.05,215155
2025-12-31 06:20:00,379.15,379.35,378.65,379.1,125291
2025-12-31 06:25:00,379.1,379.55,378.8,379.45,149006
2025-12-31 06:30:00,379.45,380.5,379.4,380.2,280713
2025-12-31 06:35:00,380.35,381.6,380.2,381.5,197144
2025-12-31 06:40:00,381.45,383.0,381.15,382.1,325279
2025-12-31 06:45:00,382.3,382.75,381.3,382.45,139515
2025-12-31 06:50:00,382.45,383.0,382.05,382.85,160399
2025-12-31 06:55:00,382.85,383.2,382.5,383.15,170066
2025-12-31 07:00:00,383.0,384.4,382.95,384.4,250313
2025-12-31 07:05:00,384.35,384.75,383.8,384.2,142624
2025-12-31 07:10:00,384.2,384.35,383.35,384.15,152972
2025-12-31 07:15:00,384.05,384.25,383.5,383.5,108623
2025-12-31 07:20:00,383.6,383.95,383.3,383.55,123930
2025-12-31 07:25:00,383.65,384.5,383.55,383.85,153352
2025-12-31 07:30:00,383.85,384.1,383.35,383.65,91972
2025-12-31 07:35:00,383.5,383.95,382.8,383.55,129809
2025-12-31 07:40:00,383.7,384.2,383.6,384.1,66255
2025-12-31 07:45:00,384.1,384.25,383.7,383.95,80119
2025-12-31 07:50:00,383.95,384.0,383.15,383.35,90957
2025-12-31 07:55:00,383.4,384.4,383.3,384.15,97662
2025-12-31 08:00:00,384.3,384.45,383.95,384.05,70008
2025-12-31 08:05:00,384.2,384.35,384.0,384.25,67932
2025-12-31 08:10:00,384.05,384.35,383.7,383.75,67127
2025-12-31 08:15:00,383.8,384.5,383.35,384.45,89373
2025-12-31 08:20:00,384.45,386.0,384.3,385.05,676409
2025-12-31 08:25:00,385.0,385.35,384.55,385.05,121475
2025-12-31 08:30:00,385.15,385.2,384.7,384.75,123714
2025-12-31 08:35:00,384.95,385.0,384.5,384.85,91061
2025-12-31 08:40:00,384.85,384.85,383.7,383.75,103681
2025-12-31 08:45:00,383.7,384.2,383.55,384.1,149137
2025-12-31 08:50:00,384.1,384.45,383.75,383.85,398991
2025-12-31 08:55:00,384.0,384.0,383.6,383.7,88484
2025-12-31 09:00:00,383.85,384.0,383.65,383.85,89747
2025-12-31 09:05:00,383.8,384.1,383.7,384.1,75672
2025-12-31 09:10:00,384.05,384.1,383.75,383.85,89536
2025-12-31 09:15:00,383.85,384.1,383.8,384.05,116350
2025-12-31 09:20:00,384.05,384.55,383.75,384.0,313680
2025-12-31 09:25:00,383.9,385.0,383.9,384.8,206576
2025-12-31 09:30:00,384.65,385.15,384.4,384.65,245760
2025-12-31 09:35:00,384.75,384.75,383.9,384.15,220085
2025-12-31 09:40:00,384.25,384.4,383.9,384.15,233349
2025-12-31 09:45:00,384.15,384.4,383.5,383.95,493433
2025-12-31 09:50:00,384.0,384.05,383.45,383.5,522655
2025-12-31 09:55:00,383.45,384.05,383.4,383.45,340840
2026-01-01 03:45:00,386.4,386.75,384.05,385.0,413136
2026-01-01 03:50:00,385.1,385.7,384.8,385.4,134306
2026-01-01 03:55:00,385.4,387.5,385.1,387.25,315815
2026-01-01 04:00:00,387.2,388.15,386.4,386.95,417933
2026-01-01 04:05:00,386.85,386.95,384.85,385.9,231657
2026-01-01 04:10:00,386.0,386.0,385.2,385.55,60656
2026-01-01 04:15:00,385.6,385.6,385.0,385.6,36044
2026-01-01 04:20:00,385.6,385.85,385.4,385.7,36647
2026-01-01 04:25:00,385.55,387.75,384.6,384.65,257052
2026-01-01 04:30:00,384.65,384.85,383.5,384.2,147819
2026-01-01 04:35:00,384.4,384.4,383.55,384.0,82717
2026-01-01 04:40:00,384.1,384.1,383.55,383.8,48614
2026-01-01 04:45:00,383.85,383.95,382.45,382.8,113457
2026-01-01 04:50:00,382.8,382.9,381.3,381.7,182185
2026-01-01 04:55:00,381.85,382.9,381.7,382.05,125963
2026-01-01 05:00:00,382.25,382.35,381.65,382.2,39703
2026-01-01 05:05:00,382.2,382.65,381.6,382.45,78356
2026-01-01 05:10:00,382.55,382.65,381.2,381.3,92070
2026-01-01 05:15:00,381.45,382.45,381.3,381.7,184660
2026-01-01 05:20:00,381.7,382.0,381.5,381.6,33416
2026-01-01 05:25:00,381.6,381.9,380.7,381.05,83493
2026-01-01 05:30:00,381.15,382.0,380.8,381.5,75228
2026-01-01 05:35:00,381.55,381.8,381.0,381.2,38189
2026-01-01 05:40:00,381.2,381.75,381.15,381.6,31545
2026-01-01 05:45:00,381.6,381.7,381.25,381.4,31724
2026-01-01 05:50:00,381.55,381.55,381.0,381.0,31533
2026-01-01 05:55:00,381.05,381.25,380.65,381.1,62053
2026-01-01 06:00:00,381.2,381.25,380.3,380.3,82644
2026-01-01 06:05:00,380.3,380.8,380.2,380.4,85303
2026-01-01 06:10:00,380.5,380.85,380.25,380.6,31380
2026-01-01 06:15:00,380.75,381.2,380.25,381.0,65348
2026-01-01 06:20:00,381.05,381.2,380.75,380.9,48879
2026-01-01 06:25:00,380.9,381.9,380.9,381.8,84917
2026-01-01 06:30:00,381.8,382.35,381.05,381.55,56147
2026-01-01 06:35:00,381.55,382.25,381.15,381.95,47882
2026-01-01 06:40:00,381.95,382.25,381.75,381.8,40247
2026-01-01 06:45:00,381.8,382.1,381.3,381.5,49681
2026-01-01 06:50:00,381.55,381.9,381.4,381.65,40829
2026-01-01 06:55:00,381.5,382.0,381.45,381.8,41355
2026-01-01 07:00:00,381.8,382.15,381.15,381.3,40439
2026-01-01 07:05:00,381.3,381.55,379.3,379.7,226526
2026-01-01 07:10:00,379.6,380.0,379.3,380.0,60075
2026-01-01 07:15:00,379.8,380.0,379.75,379.95,11964
2026-01-01 07:20:00,379.95,380.0,379.7,379.9,13883
2026-01-01 07:25:00,380.0,380.0,379.5,379.8,27248
2026-01-01 07:30:00,379.8,379.95,379.6,379.85,16496
2026-01-01 07:35:00,379.85,380.0,379.6,379.8,16825
2026-01-01 07:40:00,379.85,379.85,379.35,379.5,36995
2026-01-01 07:45:00,379.65,379.9,379.25,379.35,109138
2026-01-01 07:50:00,379.5,379.7,379.15,379.5,40041
2026-01-01 07:55:00,379.6,379.9,379.5,379.6,12733
2026-01-01 08:00:00,379.6,379.85,379.5,379.55,13146
2026-01-01 08:05:00,379.7,379.85,379.55,379.6,18973
2026-01-01 08:10:00,379.75,380.3,379.55,379.95,52630
2026-01-01 08:15:00,379.95,380.65,379.9,380.6,54165
2026-01-01 08:20:00,380.5,380.6,379.9,380.0,37433
2026-01-01 08:25:00,380.0,380.3,379.9,379.9,31324
2026-01-01 08:30:00,379.95,380.8,379.8,380.7,80506
2026-01-01 08:35:00,380.7,381.15,380.5,380.85,46525
2026-01-01 08:40:00,380.9,382.3,380.85,381.35,104100
2026-01-01 08:45:00,381.4,381.65,381.25,381.3,26001
2026-01-01 08:50:00,381.45,381.7,380.2,380.85,108373
2026-01-01 08:55:00,380.65,380.85,379.8,379.85,90929
2026-01-01 09:00:00,380.0,380.55,379.85,380.2,35404
2026-01-01 09:05:00,380.2,380.5,380.15,380.2,18114
2026-01-01 09:10:00,380.3,380.9,380.2,380.75,23596
2026-01-01 09:15:00,380.75,380.95,380.5,380.8,36589
2026-01-01 09:20:00,380.65,381.45,380.6,381.35,63323
2026-01-01 09:25:00,381.45,381.95,381.05,381.85,82919
2026-01-01 09:30:00,382.0,382.05,381.15,381.4,95964
2026-01-01 09:35:00,381.4,382.3,381.4,382.25,130181
2026-01-01 09:40:00,382.1,382.35,381.25,381.5,231643
2026-01-01 09:45:00,381.5,381.75,381.05,381.05,197143
2026-01-01 09:50:00,381.1,381.5,381.0,381.25,133419
2026-01-01 09:55:00,381.45,381.6,380.6,381.0,139380
2026-01-02 03:45:00,382.0,385.6,381.65,385.15,201528
2026-01-02 03:50:00,385.15,385.5,384.25,384.75,67143
2026-01-02 03:55:00,384.65,384.9,383.55,383.65,245471
2026-01-02 04:00:00,383.65,384.0,382.7,382.7,100602
2026-01-02 04:05:00,382.75,382.9,382.05,382.5,38543
2026-01-02 04:10:00,382.35,383.3,382.15,383.1,38146
2026-01-02 04:15:00,383.1,383.9,382.65,383.65,28687
2026-01-02 04:20:00,383.5,383.7,382.6,382.65,55120
2026-01-02 04:25:00,382.85,382.85,382.1,382.5,55474
2026-01-02 04:30:00,382.55,383.0,382.25,382.4,26359
2026-01-02 04:35:00,382.4,382.45,381.65,381.75,52913
2026-01-02 04:40:00,381.95,382.4,381.1,381.3,60741
2026-01-02 04:45:00,381.25,381.5,380.3,380.7,111925
2026-01-02 04:50:00,380.7,381.0,380.3,380.5,41208
2026-01-02 04:55:00,380.55,381.05,379.7,380.15,72396
2026-01-02 05:00:00,380.15,380.6,379.8,380.2,37864
2026-01-02 05:05:00,380.2,380.55,380.1,380.4,24052
2026-01-02 05:10:00,380.4,380.5,380.0,380.2,35961
2026-01-02 05:15:00,380.25,380.9,380.0,380.05,39590
2026-01-02 05:20:00,380.1,380.4,380.0,380.25,21377
2026-01-02 05:25:00,380.25,380.25,379.6,379.6,88464
2026-01-02 05:30:00,379.7,379.9,379.3,379.35,47378
2026-01-02 05:35:00,379.5,379.95,379.4,379.4,30616
2026-01-02 05:40:00,379.5,380.25,379.35,379.9,40398
2026-01-02 05:45:00,379.9,380.15,379.8,379.85,12511
2026-01-02 05:50:00,379.85,380.0,379.5,379.8,22222
2026-01-02 05:55:00,379.8,380.0,379.4,379.45,17584
2026-01-02 06:00:00,379.5,379.75,379.15,379.2,40380
2026-01-02 06:05:00,379.35,379.4,378.35,378.35,38523
2026-01-02 06:10:00,378.3,378.8,377.9,378.3,76092
2026-01-02 06:15:00,378.3,379.0,378.3,378.5,43678
2026-01-02 06:20:00,378.6,379.0,378.5,378.8,23677
2026-01-02 06:25:00,378.8,379.0,378.75,379.0,14198
2026-01-02 06:30:00,379.0,379.3,378.6,379.05,20624
2026-01-02 06:35:00,379.05,379.55,379.0,379.3,32205
2026-01-02 06:40:00,379.35,379.65,378.9,379.45,34689
2026-01-02 06:45:00,379.45,379.9,379.05,379.05,44323
2026-01-02 06:50:00,379.05,380.3,379.05,380.05,59642
2026-01-02 06:55:00,380.05,380.2,379.7,380.2,42684
2026-01-02 07:00:00,380.2,380.9,379.9,380.45,86686
2026-01-02 07:05:00,380.45,380.75,380.25,380.25,25973
2026-01-02 07:10:00,380.35,380.95,380.25,380.5,32443
2026-01-02 07:15:00,380.5,380.5,380.25,380.35,18834
2026-01-02 07:20:00,380.35,380.7,380.2,380.2,25695
2026-01-02 07:25:00,380.25,380.45,380.0,380.15,26826
2026-01-02 07:30:00,380.15,381.0,380.1,380.8,38670
2026-01-02 07:35:00,380.8,381.0,380.5,380.6,19081
2026-01-02 07:40:00,380.65,381.2,380.55,381.1,38616
2026-01-02 07:45:00,381.2,382.2,381.0,381.65,61556
2026-01-02 07:50:00,381.65,381.8,381.25,381.45,15356
2026-01-02 07:55:00,381.35,381.35,380.85,381.0,42336
2026-01-02 08:00:00,381.1,381.15,380.75,380.85,20697
2026-01-02 08:05:00,380.85,381.0,380.5,380.75,24834
2026-01-02 08:10:00,380.6,380.95,380.55,380.6,12610
2026-01-02 08:15:00,380.6,380.85,380.5,380.75,13861
2026-01-02 08:20:00,380.75,381.3,380.6,380.95,26431
2026-01-02 08:25:00,381.1,381.15,380.55,380.6,14899
2026-01-02 08:30:00,380.7,381.15,380.6,380.65,14725
2026-01-02 08:35:00,380.65,381.1,380.5,380.65,23466
2026-01-02 08:40:00,380.75,380.75,380.15,380.3,14854
2026-01-02 08:45:00,380.35,380.65,380.2,380.6,30067
2026-01-02 08:50:00,380.7,380.9,380.4,380.5,15090
2026-01-02 08:55:00,380.5,381.0,380.5,380.9,25857
2026-01-02 09:00:00,381.0,381.0,380.5,380.5,17030
2026-01-02 09:05:00,380.6,381.45,380.4,381.0,37299
2026-01-02 09:10:00,381.05,381.45,380.75,381.0,33626
2026-01-02 09:15:00,381.0,381.05,380.65,380.75,29072
2026-01-02 09:20:00,380.75,381.4,380.75,381.15,38724
2026-01-02 09:25:00,381.3,381.45,381.1,381.45,34250
2026-01-02 09:30:00,381.9,382.0,381.45,381.75,81048
2026-01-02 09:35:00,381.8,381.8,381.25,381.25,39675
2026-01-02 09:40:00,381.3,381.6,381.05,381.25,72354
2026-01-02 09:45:00,381.25,381.6,381.05,381.4,143534
2026-01-02 09:50:00,381.3,381.65,381.15,381.4,204484
2026-01-02 09:55:00,381.55,381.9,381.15,381.45,115712
2026-01-05 03:45:00,380.0,383.25,379.5,382.75,286568
2026-01-05 03:50:00,382.75,382.95,381.65,381.65,124476
2026-01-05 03:55:00,381.45,382.05,380.5,380.95,139879
2026-01-05 04:00:00,380.95,381.1,380.05,380.25,77154
2026-01-05 04:05:00,380.25,381.8,379.7,381.4,95343
2026-01-05 04:10:00,381.5,382.3,380.1,380.6,109901
2026-01-05 04:15:00,380.7,380.8,379.6,380.2,67049
2026-01-05 04:20:00,380.2,381.15,380.15,380.35,63309
2026-01-05 04:25:00,380.5,381.0,380.25,380.35,28837
2026-01-05 04:30:00,380.35,380.55,379.8,379.85,90998
2026-01-05 04:35:00,379.9,380.25,379.75,380.0,80806
2026-01-05 04:40:00,380.0,380.0,379.1,380.0,131395
2026-01-05 04:45:00,379.75,380.5,379.65,380.25,45481
2026-01-05 04:50:00,380.35,380.95,380.1,380.9,26051
2026-01-05 04:55:00,380.75,381.9,380.65,381.25,74150
2026-01-05 05:00:00,381.2,381.5,380.8,380.9,39648
2026-01-05 05:05:00,380.9,381.2,380.65,380.95,27825
2026-01-05 05:10:00,380.9,380.9,380.0,380.55,38738
2026-01-05 05:15:00,380.6,380.95,380.4,380.6,38974
2026-01-05 05:20:00,380.7,380.75,380.15,380.45,21517
2026-01-05 05:25:00,380.5,381.25,380.25,380.3,42303
2026-01-05 05:30:00,380.4,381.35,380.25,380.95,93262
2026-01-05 05:35:00,380.95,382.95,380.8,382.65,263605
2026-01-05 05:40:00,382.4,385.45,382.4,384.4,304025
2026-01-05 05:45:00,384.5,384.75,382.35,382.7,87189
2026-01-05 05:50:00,382.75,382.75,381.9,382.0,95225
2026-01-05 05:55:00,382.0,382.65,381.9,382.65,42510
2026-01-05 06:00:00,382.5,382.85,382.0,382.65,89665
2026-01-05 06:05:00,382.65,383.05,382.55,382.75,20242
2026-01-05 06:10:00,382.85,383.7,382.55,383.4,53874
2026-01-05 06:15:00,383.5,383.65,383.1,383.1,35154
2026-01-05 06:20:00,383.3,383.3,382.25,382.5,29773
2026-01-05 06:25:00,382.4,382.9,382.4,382.7,21444
2026-01-05 06:30:00,382.75,382.75,382.3,382.3,17212
2026-01-05 06:35:00,382.35,382.75,382.15,382.55,26823
2026-01-05 06:40:00,382.55,382.85,382.35,382.65,31653
2026-01-05 06:45:00,382.8,382.8,382.45,382.6,10164
2026-01-05 06:50:00,382.5,382.6,382.1,382.2,17487
2026-01-05 06:55:00,382.3,382.55,381.6,381.85,29819
2026-01-05 07:00:00,381.85,381.95,381.5,381.5,21930
2026-01-05 07:05:00,381.6,381.95,381.3,381.7,29285
2026-01-05 07:10:00,381.75,381.8,381.0,381.05,20555
2026-01-05 07:15:00,381.05,381.1,380.05,380.35,234762
2026-01-05 07:20:00,380.3,380.5,380.0,380.25,32177
2026-01-05 07:25:00,380.25,380.6,380.1,380.45,18974
2026-01-05 07:30:00,380.45,380.95,380.25,380.3,32741
2026-01-05 07:35:00,380.45,380.45,380.1,380.1,17442
2026-01-05 07:40:00,380.1,380.3,380.1,380.15,9531
2026-01-05 07:45:00,380.2,380.35,379.7,380.05,42837
2026-01-05 07:50:00,380.05,380.2,380.0,380.1,8410
2026-01-05 07:55:00,380.2,380.2,379.7,379.7,12489
2026-01-05 08:00:00,379.7,379.8,377.15,377.55,155955
2026-01-05 08:05:00,377.6,377.7,377.05,377.5,26782
2026-01-05 08:10:00,377.6,377.8,377.3,377.4,25846
2026-01-05 08:15:00,377.45,377.6,376.8,376.9,47431
2026-01-05 08:20:00,376.9,376.9,376.4,376.6,28512
2026-01-05 08:25:00,376.75,376.8,374.95,375.1,104022
2026-01-05 08:30:00,375.15,375.55,374.4,374.55,92238
2026-01-05 08:35:00,374.65,374.9,374.4,374.5,32008
2026-01-05 08:40:00,374.5,375.35,374.5,375.2,43734
2026-01-05 08:45:00,375.2,375.9,375.15,375.5,57260
2026-01-05 08:50:00,375.45,375.75,375.15,375.7,27941
2026-01-05 08:55:00,375.7,376.05,375.5,375.6,33581
2026-01-05 09:00:00,375.6,376.1,375.6,375.9,18355
2026-01-05 09:05:00,376.15,376.5,375.95,376.1,32944
2026-01-05 09:10:00,376.1,377.4,376.05,377.3,45027
2026-01-05 09:15:00,377.45,377.5,377.0,377.4,32989
2026-01-05 09:20:00,377.4,378.0,377.1,377.85,43372
2026-01-05 09:25:00,377.95,378.8,377.75,378.6,116693
2026-01-05 09:30:00,378.8,379.4,378.35,378.9,113854
2026-01-05 09:35:00,378.95,379.0,377.45,377.95,283472
2026-01-05 09:40:00,378.0,378.0,377.7,377.85,88602
2026-01-05 09:45:00,377.75,377.9,377.1,377.4,126542
2026-01-05 09:50:00,377.5,378.05,377.5,378.05,136408
2026-01-05 09:55:00,378.05,378.05,377.2,377.6,106490
2026-01-06 03:45:00,377.75,377.8,372.1,373.5,335809
2026-01-06 03:50:00,373.25,373.75,372.15,373.45,91310
2026-01-06 03:55:00,373.45,374.05,372.1,372.9,93204
2026-01-06 04:00:00,372.85,373.95,372.5,373.5,80800
2026-01-06 04:05:00,373.7,374.15,372.6,372.65,82286
2026-01-06 04:10:00,372.8,372.8,371.9,372.15,107956
2026-01-06 04:15:00,372.15,372.95,371.65,372.6,40061
2026-01-06 04:20:00,372.6,373.05,372.0,372.0,46266
2026-01-06 04:25:00,372.05,372.45,371.8,372.2,74289
2026-01-06 04:30:00,372.1,372.3,371.05,371.15,97329
2026-01-06 04:35:00,371.1,371.15,368.65,368.75,338358
2026-01-06 04:40:00,368.65,369.9,368.1,368.2,136798
2026-01-06 04:45:00,368.1,368.4,366.1,366.5,319203
2026-01-06 04:50:00,366.55,366.7,364.0,364.95,278282
2026-01-06 04:55:00,365.05,365.7,364.55,365.55,104322
2026-01-06 05:00:00,365.55,367.95,364.75,367.2,182184
2026-01-06 05:05:00,367.2,367.5,366.65,367.1,97382
2026-01-06 05:10:00,367.0,367.8,367.0,367.5,33331
2026-01-06 05:15:00,367.5,367.5,366.1,366.1,47827
2026-01-06 05:20:00,366.25,366.45,365.1,365.4,314111
2026-01-06 05:25:00,365.5,365.55,364.45,365.3,68894
2026-01-06 05:30:00,365.3,366.05,364.85,366.0,58310
2026-01-06 05:35:00,366.15,366.8,365.95,366.6,38649
2026-01-06 05:40:00,366.45,366.7,365.5,365.7,37288
2026-01-06 05:45:00,365.7,365.8,364.8,365.2,48118
2026-01-06 05:50:00,365.25,365.55,364.75,365.1,44981
2026-01-06 05:55:00,365.2,366.85,365.1,366.85,43302
2026-01-06 06:00:00,366.75,366.85,366.15,366.75,41218
2026-01-06 06:05:00,366.75,367.6,366.6,367.15,54660
2026-01-06 06:10:00,367.05,367.45,366.8,367.35,30551
2026-01-06 06:15:00,367.5,367.5,367.05,367.45,24764
2026-01-06 06:20:00,367.45,368.95,367.3,368.6,78487
2026-01-06 06:25:00,368.7,368.9,368.0,368.1,46214
2026-01-06 06:30:00,368.0,368.95,367.75,368.35,43383
2026-01-06 06:35:00,368.45,368.5,367.15,367.25,67197
2026-01-06 06:40:00,367.3,367.75,367.0,367.55,20553
2026-01-06 06:45:00,367.65,367.75,367.15,367.3,29996
2026-01-06 06:50:00,367.3,367.45,367.05,367.2,30534
2026-01-06 06:55:00,367.25,367.8,367.05,367.7,13537
2026-01-06 07:00:00,367.75,367.75,367.3,367.6,10649
2026-01-06 07:05:00,367.6,368.2,367.5,367.95,24671
2026-01-06 07:10:00,367.95,368.45,367.8,368.1,18720
2026-01-06 07:15:00,368.05,368.7,368.05,368.4,26667
2026-01-06 07:20:00,368.4,368.75,368.2,368.7,21891
2026-01-06 07:25:00,368.7,369.25,368.55,369.0,35530
2026-01-06 07:30:00,369.1,369.5,368.75,369.35,67777
2026-01-06 07:35:00,369.35,370.15,369.25,370.05,110867
2026-01-06 07:40:00,370.05,370.2,369.55,369.9,57437
2026-01-06 07:45:00,370.05,370.1,369.85,370.0,139847
2026-01-06 07:50:00,370.0,370.1,369.2,369.45,166612
2026-01-06 07:55:00,369.45,369.7,369.25,369.6,29837
2026-01-06 08:00:00,369.6,369.9,369.3,369.5,36931
2026-01-06 08:05:00,369.45,369.75,369.3,369.55,29601
2026-01-06 08:10:00,369.6,369.9,369.6,369.9,22651
2026-01-06 08:15:00,369.95,370.4,369.9,370.2,41971
2026-01-06 08:20:00,370.25,370.4,369.9,370.0,128640
2026-01-06 08:25:00,369.9,370.05,369.55,369.6,89855
2026-01-06 08:30:00,369.65,369.9,369.35,369.55,25988
2026-01-06 08:35:00,369.35,369.6,369.3,369.35,38320
2026-01-06 08:40:00,369.3,369.75,369.3,369.5,43888
2026-01-06 08:45:00,369.55,369.75,369.35,369.35,24411
2026-01-06 08:50:00,369.4,369.7,369.3,369.5,37174
2026-01-06 08:55:00,369.6,369.75,369.3,369.7,51766
2026-01-06 09:00:00,369.75,369.95,369.55,369.9,51293
2026-01-06 09:05:00,369.85,370.4,369.7,370.3,89067
2026-01-06 09:10:00,370.4,370.75,370.15,370.55,107469
2026-01-06 09:15:00,370.55,370.7,370.05,370.6,83544
2026-01-06 09:20:00,370.65,370.7,370.3,370.55,75004
2026-01-06 09:25:00,370.6,370.85,370.3,370.7,126756
2026-01-06 09:30:00,371.1,372.1,371.1,371.65,198008
2026-01-06 09:35:00,371.65,371.8,371.55,371.65,90708
2026-01-06 09:40:00,371.55,371.6,371.35,371.35,142043
2026-01-06 09:45:00,371.4,371.4,370.3,370.95,238071
2026-01-06 09:50:00,370.95,371.0,370.6,370.8,288978
2026-01-06 09:55:00,370.85,371.0,368.7,370.0,374546
2026-01-07 03:45:00,371.55,373.4,371.55,372.05,197845
2026-01-07 03:50:00,372.15,372.2,370.6,370.8,74550
2026-01-07 03:55:00,370.8,371.05,370.25,370.5,65162
2026-01-07 04:00:00,370.5,371.4,370.05,370.5,58266
2026-01-07 04:05:00,370.4,370.6,369.5,369.5,71466
2026-01-07 04:10:00,369.5,370.0,369.4,369.6,38398
2026-01-07 04:15:00,369.5,370.2,369.25,369.5,30979
2026-01-07 04:20:00,369.5,369.65,369.05,369.45,27287
2026-01-07 04:25:00,369.35,370.0,369.35,369.6,31677
2026-01-07 04:30:00,369.5,370.0,369.3,369.6,39130
2026-01-07 04:35:00,369.6,370.0,369.1,370.0,30782
2026-01-07 04:40:00,370.0,371.45,369.9,370.9,55843
2026-01-07 04:45:00,370.9,371.35,370.7,370.75,36999
2026-01-07 04:50:00,370.7,371.2,370.7,370.95,22466
2026-01-07 04:55:00,370.95,371.0,370.5,370.7,20091
2026-01-07 05:00:00,370.75,371.1,370.65,371.1,15915
2026-01-07 05:05:00,371.05,371.15,370.5,370.8,24455
2026-01-07 05:10:00,370.9,371.1,370.55,370.95,14947
2026-01-07 05:15:00,371.0,371.0,370.4,370.55,16568
2026-01-07 05:20:00,370.5,371.25,370.4,371.2,15054
2026-01-07 05:25:00,371.2,371.3,370.8,371.2,17924
2026-01-07 05:30:00,371.2,371.5,371.15,371.35,19727
2026-01-07 05:35:00,371.35,371.95,370.55,370.8,35845
2026-01-07 05:40:00,370.8,370.9,370.1,370.3,40142
2026-01-07 05:45:00,370.35,370.4,370.0,370.4,19882
2026-01-07 05:50:00,370.3,370.45,370.1,370.3,14539
2026-01-07 05:55:00,370.4,370.6,370.25,370.3,11675
2026-01-07 06:00:00,370.4,371.2,370.3,371.0,14829
2026-01-07 06:05:00,371.05,371.1,370.5,370.5,21172
2026-01-07 06:10:00,370.55,370.55,370.35,370.5,15163
2026-01-07 06:15:00,370.6,370.6,370.1,370.25,13181
2026-01-07 06:20:00,370.3,370.3,369.9,369.9,40087
2026-01-07 06:25:00,369.9,370.05,369.9,370.0,21982
2026-01-07 06:30:00,370.05,370.1,369.05,369.35,51856
2026-01-07 06:35:00,369.4,369.65,367.8,367.85,59669
2026-01-07 06:40:00,368.0,368.25,367.8,368.0,22239
2026-01-07 06:45:00,368.0,368.0,367.6,367.7,22843
2026-01-07 06:50:00,367.75,368.35,367.45,368.2,30166
2026-01-07 06:55:00,368.2,368.8,368.15,368.25,85451
2026-01-07 07:00:00,368.3,368.9,368.0,368.65,42178
2026-01-07 07:05:00,368.7,368.8,368.15,368.4,57058
2026-01-07 07:10:00,368.5,368.7,367.9,368.0,37818
2026-01-07 07:15:00,368.0,368.05,367.8,367.95,22068
2026-01-07 07:20:00,367.95,368.55,367.9,368.25,26868
2026-01-07 07:25:00,368.35,368.85,368.25,368.6,36717
2026-01-07 07:30:00,368.6,369.0,368.55,368.8,28289
2026-01-07 07:35:00,369.0,369.0,368.8,369.0,26935
2026-01-07 07:40:00,368.9,369.15,368.8,368.95,51791
2026-01-07 07:45:00,368.9,369.15,368.8,368.8,70555
2026-01-07 07:50:00,368.9,369.0,368.0,368.45,270113
2026-01-07 07:55:00,368.45,369.0,368.4,368.6,92038
2026-01-07 08:00:00,368.75,369.0,368.6,368.85,39628
2026-01-07 08:05:00,368.85,369.2,368.7,368.85,74057
2026-01-07 08:10:00,368.85,369.0,368.7,368.7,17534
2026-01-07 08:15:00,368.8,369.0,368.65,368.9,23673
2026-01-07 08:20:00,369.0,369.0,368.75,368.9,37492
2026-01-07 08:25:00,369.0,369.1,368.75,368.75,585706
2026-01-07 08:30:00,368.8,369.4,368.5,369.3,500185
2026-01-07 08:35:00,369.4,369.4,368.6,368.75,198411
2026-01-07 08:40:00,368.8,369.05,368.75,368.8,143795
2026-01-07 08:45:00,368.75,368.85,368.35,368.7,158419
2026-01-07 08:50:00,368.65,368.75,368.55,368.7,164325
2026-01-07 08:55:00,368.65,369.0,368.55,368.65,370560
2026-01-07 09:00:00,368.65,368.75,368.65,368.65,87404
2026-01-07 09:05:00,368.7,369.0,368.55,368.65,79812
2026-01-07 09:10:00,368.7,368.85,368.65,368.85,89417
2026-01-07 09:15:00,368.7,368.9,368.4,368.65,172041
2026-01-07 09:20:00,368.7,369.4,368.65,369.15,118084
2026-01-07 09:25:00,369.2,369.4,368.75,368.95,200420
2026-01-07 09:30:00,369.0,369.0,368.4,368.8,277507
2026-01-07 09:35:00,368.65,368.75,368.15,368.4,171004
2026-01-07 09:40:00,368.3,368.35,367.7,367.95,186934
2026-01-07 09:45:00,367.95,368.3,367.75,368.2,221633
2026-01-07 09:50:00,368.2,368.3,367.95,368.15,181809
2026-01-07 09:55:00,368.2,368.35,366.5,367.0,279853
2026-01-08 03:45:00,366.2,366.55,363.1,364.5,201927
2026-01-08 03:50:00,364.5,364.8,363.15,363.8,119137
2026-01-08 03:55:00,363.75,363.95,362.95,362.95,38128
2026-01-08 04:00:00,362.95,363.0,361.5,362.25,123136
2026-01-08 04:05:00,362.1,362.95,361.7,362.05,58789
2026-01-08 04:10:00,362.15,362.45,361.55,361.55,77593
2026-01-08 04:15:00,361.5,361.5,360.45,360.95,96694
2026-01-08 04:20:00,361.15,361.5,360.7,361.35,44021
2026-01-08 04:25:00,361.3,361.5,360.6,360.9,76058
2026-01-08 04:30:00,361.05,362.1,360.55,360.65,90841
2026-01-08 04:35:00,360.7,360.7,359.0,359.25,137894
2026-01-08 04:40:00,359.1,359.8,358.55,359.65,131820
2026-01-08 04:45:00,359.65,360.35,359.5,359.9,69506
2026-01-08 04:50:00,359.9,359.95,359.0,359.65,69003
2026-01-08 04:55:00,359.6,359.8,359.2,359.75,51693
2026-01-08 05:00:00,359.75,359.75,358.95,359.15,54026
2026-01-08 05:05:00,359.2,359.4,358.45,358.65,89962
2026-01-08 05:10:00,358.65,359.15,358.0,359.1,75233
2026-01-08 05:15:00,359.1,359.4,357.7,358.0,90060
2026-01-08 05:20:00,358.1,358.35,357.8,358.0,62557
2026-01-08 05:25:00,358.0,358.0,357.05,357.2,73530
2026-01-08 05:30:00,357.2,357.35,356.8,356.9,38881
2026-01-08 05:35:00,356.95,357.05,356.55,357.0,39952
2026-01-08 05:40:00,357.0,357.0,356.0,356.1,106254
2026-01-08 05:45:00,356.15,356.2,354.75,355.4,166220
2026-01-08 05:50:00,355.2,355.3,353.8,353.95,160138
2026-01-08 05:55:00,354.0,354.3,353.0,354.25,403513
2026-01-08 06:00:00,354.1,354.8,354.05,354.75,119441
2026-01-08 06:05:00,354.65,356.0,354.65,355.75,140080
2026-01-08 06:10:00,355.7,355.9,355.2,355.5,47074
2026-01-08 06:15:00,355.5,355.5,354.1,354.3,108580
2026-01-08 06:20:00,354.3,354.35,353.55,353.55,72295
2026-01-08 06:25:00,353.45,353.5,352.95,353.1,146463
2026-01-08 06:30:00,353.15,353.25,352.95,353.05,70509
2026-01-08 06:35:00,353.1,353.85,352.2,353.85,156529
2026-01-08 06:40:00,353.7,355.35,353.6,355.2,133863
2026-01-08 06:45:00,355.3,355.6,354.85,355.15,119434
2026-01-08 06:50:00,355.15,355.2,354.45,354.75,62934
2026-01-08 06:55:00,354.7,355.55,354.7,355.1,66021
2026-01-08 07:00:00,355.15,355.5,354.85,355.45,61559
2026-01-08 07:05:00,355.45,355.6,355.15,355.35,48664
2026-01-08 07:10:00,355.3,355.65,355.1,355.65,59074
2026-01-08 07:15:00,355.6,356.45,355.4,356.35,86440
2026-01-08 07:20:00,356.3,356.4,355.85,356.4,56142
2026-01-08 07:25:00,356.4,356.55,356.15,356.25,48814
2026-01-08 07:30:00,356.15,356.5,355.65,356.35,55742
2026-01-08 07:35:00,356.4,356.55,355.05,355.6,331823
2026-01-08 07:40:00,355.55,355.8,355.0,355.2,69588
2026-01-08 07:45:00,355.2,355.3,354.4,354.9,97463
2026-01-08 07:50:00,354.95,355.6,354.55,355.2,129941
2026-01-08 07:55:00,355.15,355.3,354.95,355.15,83391
2026-01-08 08:00:00,355.1,355.2,354.45,355.2,126310
2026-01-08 08:05:00,355.2,355.4,354.6,354.7,58005
2026-01-08 08:10:00,354.85,354.9,354.25,354.5,70077
2026-01-08 08:15:00,354.45,355.25,354.4,355.0,53178
2026-01-08 08:20:00,355.05,355.15,354.3,354.85,66083
2026-01-08 08:25:00,354.8,354.85,354.15,354.2,65753
2026-01-08 08:30:00,354.15,354.9,354.0,354.4,199725
2026-01-08 08:35:00,354.45,355.45,354.35,354.65,63450
2026-01-08 08:40:00,354.7,354.75,354.25,354.6,67824
2026-01-08 08:45:00,354.65,355.0,354.45,354.55,54541
2026-01-08 08:50:00,354.35,354.65,353.65,353.65,101132
2026-01-08 08:55:00,353.6,354.1,353.5,353.75,95445
2026-01-08 09:00:00,353.65,354.45,353.6,354.3,59757
2026-01-08 09:05:00,354.4,354.4,353.45,353.5,81987
2026-01-08 09:10:00,353.45,354.65,353.45,354.5,89572
2026-01-08 09:15:00,354.6,355.8,354.35,355.45,81147
2026-01-08 09:20:00,355.6,355.9,355.25,355.65,99373
2026-01-08 09:25:00,355.7,356.7,355.45,356.55,129309
2026-01-08 09:30:00,356.7,356.75,354.4,354.5,114941
2026-01-08 09:35:00,354.5,354.6,354.05,354.2,121332
2026-01-08 09:40:00,354.15,354.6,354.1,354.2,112751
2026-01-08 09:45:00,354.4,354.75,354.1,354.45,286994
2026-01-08 09:50:00,354.4,354.95,354.4,354.85,190369
2026-01-08 09:55:00,354.8,354.85,353.15,354.0,197724
2026-01-09 03:45:00,353.0,356.55,352.2,356.25,199646
2026-01-09 03:50:00,356.1,356.35,354.7,354.7,74630
2026-01-09 03:55:00,354.7,355.35,354.6,354.95,37614
2026-01-09 04:00:00,354.95,354.95,353.5,353.8,68046
2026-01-09 04:05:00,353.85,353.85,352.4,352.85,57929
2026-01-09 04:10:00,352.65,355.7,352.5,355.7,63205
2026-01-09 04:15:00,355.55,357.15,355.25,356.7,99043
2026-01-09 04:20:00,356.95,357.35,356.15,357.0,95709
2026-01-09 04:25:00,357.1,357.6,356.85,357.3,98759
2026-01-09 04:30:00,357.35,357.8,356.6,356.75,53149
2026-01-09 04:35:00,356.8,357.45,356.3,357.0,75245
2026-01-09 04:40:00,357.1,357.65,356.8,357.05,51080
2026-01-09 04:45:00,357.15,357.45,356.9,357.25,20888
2026-01-09 04:50:00,357.25,358.2,357.15,357.95,40118
2026-01-09 04:55:00,357.95,359.0,357.75,358.35,64993
2026-01-09 05:00:00,358.45,358.5,357.55,357.65,66237
2026-01-09 05:05:00,357.75,357.95,357.3,357.75,37140
2026-01-09 05:10:00,357.7,358.55,357.7,358.55,33405
2026-01-09 05:15:00,358.55,359.65,358.55,359.0,40375
2026-01-09 05:20:00,359.0,359.1,358.2,358.35,32243
2026-01-09 05:25:00,358.35,358.55,357.65,358.15,42615
2026-01-09 05:30:00,358.15,358.35,357.2,357.9,58131
2026-01-09 05:35:00,357.95,357.95,357.25,357.5,30364
2026-01-09 05:40:00,357.65,357.9,357.0,357.05,18744
2026-01-09 05:45:00,357.15,357.2,356.6,356.7,32288
2026-01-09 05:50:00,356.7,356.7,355.7,356.5,57667
2026-01-09 05:55:00,356.55,357.7,356.4,357.45,19489
2026-01-09 06:00:00,357.45,358.25,357.35,357.45,22257
2026-01-09 06:05:00,357.3,357.45,356.25,356.3,53794
2026-01-09 06:10:00,356.4,357.5,356.2,357.15,37434
2026-01-09 06:15:00,357.25,357.4,356.7,356.9,18209
2026-01-09 06:20:00,356.95,357.0,356.6,356.7,12555
2026-01-09 06:25:00,356.8,356.95,355.9,356.25,59405
2026-01-09 06:30:00,356.3,356.85,355.55,356.2,61937
2026-01-09 06:35:00,356.4,356.9,356.2,356.75,60981
2026-01-09 06:40:00,356.65,357.1,356.25,356.6,63565
2026-01-09 06:45:00,356.8,357.55,356.65,357.25,59374
2026-01-09 06:50:00,357.4,357.5,356.55,356.55,40161
2026-01-09 06:55:00,356.75,357.25,356.55,356.65,43125
2026-01-09 07:00:00,356.65,357.2,356.6,357.0,36092
2026-01-09 07:05:00,357.0,357.2,356.35,356.45,42202
2026-01-09 07:10:00,356.5,356.6,356.05,356.3,36614
2026-01-09 07:15:00,356.45,356.45,355.05,355.2,34736
2026-01-09 07:20:00,355.1,356.95,355.1,356.75,34240
2026-01-09 07:25:00,356.7,356.9,356.3,356.9,47834
2026-01-09 07:30:00,356.7,357.2,356.05,356.3,63018
2026-01-09 07:35:00,356.2,356.2,354.7,354.9,319383
2026-01-09 07:40:00,354.8,354.9,353.95,354.0,167407
2026-01-09 07:45:00,354.15,354.15,353.25,354.0,52152
2026-01-09 07:50:00,353.9,354.65,353.9,354.4,68818
2026-01-09 07:55:00,354.3,354.55,354.3,354.45,32612
2026-01-09 08:00:00,354.35,354.5,353.6,354.3,44140
2026-01-09 08:05:00,354.3,355.5,354.3,355.0,39340
2026-01-09 08:10:00,355.0,355.1,354.45,354.5,37523
2026-01-09 08:15:00,354.65,354.95,354.15,354.4,32493
2026-01-09 08:20:00,354.4,354.7,354.05,354.2,33810
2026-01-09 08:25:00,354.2,354.75,354.1,354.55,55176
2026-01-09 08:30:00,354.55,354.85,354.2,354.65,71547
2026-01-09 08:35:00,354.65,354.65,354.0,354.2,79633
2026-01-09 08:40:00,354.2,354.35,353.7,353.7,63473
2026-01-09 08:45:00,353.8,354.35,353.5,353.7,50152
2026-01-09 08:50:00,353.85,354.35,353.75,353.95,57923
2026-01-09 08:55:00,353.95,354.25,353.6,353.6,96586
2026-01-09 09:00:00,353.6,354.0,353.35,353.95,32669
2026-01-09 09:05:00,354.0,354.2,353.3,353.55,49776
2026-01-09 09:10:00,353.55,354.85,353.35,354.85,66301
2026-01-09 09:15:00,354.85,355.05,354.0,354.7,87738
2026-01-09 09:20:00,354.7,355.2,354.15,355.0,88131
2026-01-09 09:25:00,354.9,355.45,354.8,355.2,92788
2026-01-09 09:30:00,355.5,355.65,353.6,353.65,216942
2026-01-09 09:35:00,353.7,354.5,353.7,354.0,143622
2026-01-09 09:40:00,353.9,354.4,353.75,354.0,139292
2026-01-09 09:45:00,354.0,354.05,353.65,353.75,138292
2026-01-09 09:50:00,353.8,354.5,353.8,354.15,252702
2026-01-09 09:55:00,354.15,355.5,354.1,355.2,231652
2026-01-12 03:45:00,353.6,355.2,352.1,352.1,167086
2026-01-12 03:50:00,352.2,352.25,351.1,351.2,78629
2026-01-12 03:55:00,351.2,351.45,350.0,350.0,74490
2026-01-12 04:00:00,350.05,352.1,349.9,351.95,106816
2026-01-12 04:05:00,352.1,353.5,351.8,352.75,49719
2026-01-12 04:10:00,352.6,352.75,351.25,351.3,41244
2026-01-12 04:15:00,351.05,352.75,350.65,352.75,80629
2026-01-12 04:20:00,352.65,354.3,352.5,354.2,65647
2026-01-12 04:25:00,354.3,354.4,352.35,352.5,31091
2026-01-12 04:30:00,352.65,353.5,352.5,353.5,37104
2026-01-12 04:35:00,353.5,354.0,353.3,353.65,18521
2026-01-12 04:40:00,353.65,353.65,352.5,352.5,19393
2026-01-12 04:45:00,352.5,353.6,352.0,353.6,28482
2026-01-12 04:50:00,353.5,354.35,353.4,354.15,16396
2026-01-12 04:55:00,354.05,354.6,353.75,354.3,43950
2026-01-12 05:00:00,354.3,354.6,353.7,353.7,25437
2026-01-12 05:05:00,353.7,353.7,353.15,353.4,19463
2026-01-12 05:10:00,353.4,354.0,353.25,353.3,16869
2026-01-12 05:15:00,353.35,353.85,352.65,353.85,21277
2026-01-12 05:20:00,353.85,354.3,352.9,352.9,44246
2026-01-12 05:25:00,353.05,353.3,352.4,352.5,25798
2026-01-12 05:30:00,352.5,352.8,352.1,352.2,11912
2026-01-12 05:35:00,352.2,352.2,351.6,351.7,32073
2026-01-12 05:40:00,351.6,351.9,351.2,351.25,17798
2026-01-12 05:45:00,351.25,351.55,351.0,351.35,63296
2026-01-12 05:50:00,351.3,351.3,350.6,350.85,22114
2026-01-12 05:55:00,350.8,351.25,350.35,350.45,54713
2026-01-12 06:00:00,350.45,350.65,350.0,350.2,33988
2026-01-12 06:05:00,350.2,350.5,350.05,350.2,33362
2026-01-12 06:10:00,350.2,350.45,349.55,350.15,67611
2026-01-12 06:15:00,350.15,351.0,349.95,350.75,32066
2026-01-12 06:20:00,350.75,350.95,350.4,350.75,20634
2026-01-12 06:25:00,350.75,351.9,350.5,350.9,421165
2026-01-12 06:30:00,351.0,351.65,350.9,351.25,67976
2026-01-12 06:35:00,351.3,352.35,351.25,352.05,17931
2026-01-12 06:40:00,352.1,353.25,351.9,353.25,28019
2026-01-12 06:45:00,353.15,353.95,352.95,353.6,37533
2026-01-12 06:50:00,353.7,354.45,353.6,353.75,95615
2026-01-12 06:55:00,353.75,354.75,353.65,354.25,56087
2026-01-12 07:00:00,354.3,354.9,354.15,354.3,219979
2026-01-12 07:05:00,354.35,354.45,353.9,354.05,109841
2026-01-12 07:10:00,354.15,355.85,354.1,355.3,65665
2026-01-12 07:15:00,355.25,356.0,355.2,355.45,41616
2026-01-12 07:20:00,355.5,356.3,355.45,356.1,40917
2026-01-12 07:25:00,356.25,356.25,355.65,355.65,24373
2026-01-12 07:30:00,355.7,355.9,354.7,355.75,55131
2026-01-12 07:35:00,355.7,355.9,355.2,355.35,72477
2026-01-12 07:40:00,355.5,355.85,355.3,355.65,56084
2026-01-12 07:45:00,355.65,356.05,355.45,355.45,25186
2026-01-12 07:50:00,355.4,355.5,355.05,355.25,20538
2026-01-12 07:55:00,355.35,355.6,355.05,355.4,13774
2026-01-12 08:00:00,355.4,356.35,355.35,356.35,20506
2026-01-12 08:05:00,356.5,357.0,356.25,356.6,33157
2026-01-12 08:10:00,356.6,356.85,356.4,356.45,21678
2026-01-12 08:15:00,356.35,356.75,356.1,356.55,33616
2026-01-12 08:20:00,356.4,356.95,356.25,356.95,21109
2026-01-12 08:25:00,356.95,357.1,356.05,356.5,50982
2026-01-12 08:30:00,356.6,356.65,356.05,356.4,20297
2026-01-12 08:35:00,356.4,357.45,356.4,357.45,56684
2026-01-12 08:40:00,357.45,357.7,356.9,357.0,49551
2026-01-12 08:45:00,357.1,357.3,356.8,356.9,82609
2026-01-12 08:50:00,356.9,357.6,356.8,357.4,42274
2026-01-12 08:55:00,357.55,357.6,356.9,357.1,75192
2026-01-12 09:00:00,357.1,357.4,356.5,357.25,160800
2026-01-12 09:05:00,357.4,358.05,357.0,358.0,56204
2026-01-12 09:10:00,358.0,358.35,357.55,358.2,47820
2026-01-12 09:15:00,358.25,358.45,357.9,358.3,50505
2026-01-12 09:20:00,358.6,358.8,358.3,358.7,46577
2026-01-12 09:25:00,358.8,359.1,358.55,359.0,76315
2026-01-12 09:30:00,358.4,358.6,358.0,358.3,81555
2026-01-12 09:35:00,358.35,358.5,358.1,358.35,81796
2026-01-12 09:40:00,358.35,358.75,358.3,358.65,55544
2026-01-12 09:45:00,358.65,358.9,358.65,358.8,111570
2026-01-12 09:50:00,358.85,359.1,358.8,359.1,98398
2026-01-12 09:55:00,359.1,359.1,359.0,359.0,216275
2026-01-13 03:45:00,360.0,360.15,357.4,359.15,174136
2026-01-13 03:50:00,358.85,359.05,358.15,358.5,54284
2026-01-13 03:55:00,358.35,358.35,356.0,356.2,67449
2026-01-13 04:00:00,356.2,356.9,355.0,355.8,63732
2026-01-13 04:05:00,355.8,356.3,354.95,355.05,65662
2026-01-13 04:10:00,355.0,355.65,354.35,355.65,44050
2026-01-13 04:15:00,355.95,357.35,355.95,357.0,38569
2026-01-13 04:20:00,357.05,357.95,356.95,356.95,39133
2026-01-13 04:25:00,356.9,356.9,356.0,356.25,20140
2026-01-13 04:30:00,356.1,357.55,355.95,357.45,26716
2026-01-13 04:35:00,357.5,357.9,357.35,357.5,45639
2026-01-13 04:40:00,357.6,357.75,356.55,356.65,32993
2026-01-13 04:45:00,356.65,357.2,356.55,356.8,27170
2026-01-13 04:50:00,356.85,358.2,356.85,357.4,46484
2026-01-13 04:55:00,357.4,358.1,357.4,357.8,16768
2026-01-13 05:00:00,357.7,357.8,357.35,357.45,31273
2026-01-13 05:05:00,357.3,357.3,356.7,356.75,23915
2026-01-13 05:10:00,356.7,356.9,356.2,356.8,16838
2026-01-13 05:15:00,356.7,357.15,356.35,357.15,13394
2026-01-13 05:20:00,357.15,357.9,357.1,357.15,18863
2026-01-13 05:25:00,357.2,357.35,356.85,357.05,15951
2026-01-13 05:30:00,357.15,357.15,356.4,357.0,15009
2026-01-13 05:35:00,356.95,357.1,356.65,357.05,9248
2026-01-13 05:40:00,357.1,357.65,357.05,357.45,39588
2026-01-13 05:45:00,357.35,357.45,357.05,357.1,8788
2026-01-13 05:50:00,357.1,357.2,356.95,357.05,11494
2026-01-13 05:55:00,357.15,357.4,356.25,356.4,31328
2026-01-13 06:00:00,356.3,356.55,356.1,356.3,71707
2026-01-13 06:05:00,356.35,356.95,356.05,356.8,26058
2026-01-13 06:10:00,356.55,356.95,355.4,355.6,59536
2026-01-13 06:15:00,355.6,355.65,355.3,355.4,21150
2026-01-13 06:20:00,355.35,355.95,355.2,355.4,27920
2026-01-13 06:25:00,355.3,355.85,355.2,355.2,17660
2026-01-13 06:30:00,355.25,355.25,354.8,354.8,27344
2026-01-13 06:35:00,354.75,355.0,354.5,354.65,23507
2026-01-13 06:40:00,354.7,354.7,354.15,354.35,32083
2026-01-13 06:45:00,354.15,354.8,354.1,354.55,22633
2026-01-13 06:50:00,354.75,354.85,354.15,354.3,25814
2026-01-13 06:55:00,354.3,355.0,354.3,354.95,21768
2026-01-13 07:00:00,355.0,355.45,354.75,354.75,25758
2026-01-13 07:05:00,354.8,355.35,354.5,354.5,27865
2026-01-13 07:10:00,354.6,354.7,353.85,354.45,34192
2026-01-13 07:15:00,354.5,354.8,354.15,354.5,36184
2026-01-13 07:20:00,354.65,354.75,354.2,354.45,18307
2026-01-13 07:25:00,354.4,354.5,354.2,354.3,15662
2026-01-13 07:30:00,354.35,354.35,353.8,353.9,111301
2026-01-13 07:35:00,353.9,354.1,353.25,353.95,40942
2026-01-13 07:40:00,353.85,354.35,353.5,353.5,30083
2026-01-13 07:45:00,353.65,353.65,353.2,353.2,16164
2026-01-13 07:50:00,353.35,354.35,353.2,353.95,41194
2026-01-13 07:55:00,353.8,354.1,353.4,353.65,19282
2026-01-13 08:00:00,353.65,353.8,353.45,353.7,17334
2026-01-13 08:05:00,353.7,354.25,353.6,353.65,20982
2026-01-13 08:10:00,353.7,354.4,353.5,354.2,29795
2026-01-13 08:15:00,354.1,354.3,353.95,354.1,13209
2026-01-13 08:20:00,354.3,354.75,354.15,354.55,31066
2026-01-13 08:25:00,354.5,354.75,354.4,354.5,33560
2026-01-13 08:30:00,354.6,354.6,354.4,354.4,34789
2026-01-13 08:35:00,354.4,354.5,354.4,354.4,34873
2026-01-13 08:40:00,354.45,354.45,353.2,353.4,82238
2026-01-13 08:45:00,353.55,353.55,352.95,352.95,96400
2026-01-13 08:50:00,353.05,353.05,352.05,352.25,101229
2026-01-13 08:55:00,352.35,353.05,352.2,352.8,130566
2026-01-13 09:00:00,352.9,354.0,352.45,353.65,58215
2026-01-13 09:05:00,353.7,353.8,353.25,353.25,48551
2026-01-13 09:10:00,353.4,354.3,353.25,353.9,35069
2026-01-13 09:15:00,353.9,354.7,353.85,354.4,66361
2026-01-13 09:20:00,354.45,355.2,354.35,355.0,110939
2026-01-13 09:25:00,354.95,355.65,354.45,354.85,139891
2026-01-13 09:30:00,355.2,356.0,354.85,354.85,153523
2026-01-13 09:35:00,354.9,355.05,354.8,354.9,85044
2026-01-13 09:40:00,355.0,355.15,354.85,354.9,115622
2026-01-13 09:45:00,354.9,355.4,354.9,355.4,84128
2026-01-13 09:50:00,355.4,355.5,354.85,354.9,224956
2026-01-13 09:55:00,354.95,355.0,354.3,354.5,120780
2026-01-14 03:45:00,354.5,354.5,352.65,353.8,182883
2026-01-14 03:50:00,353.8,355.05,353.65,354.75,68098
2026-01-14 03:55:00,354.85,355.0,353.35,353.65,158865
2026-01-14 04:00:00,353.65,353.85,353.0,353.8,67373
2026-01-14 04:05:00,353.75,354.0,353.55,353.7,80161
2026-01-14 04:10:00,353.7,353.7,351.8,352.0,163546
2026-01-14 04:15:00,351.9,352.6,351.9,352.2,56273
2026-01-14 04:20:00,352.15,353.2,352.15,353.05,45342
2026-01-14 04:25:00,353.05,353.55,352.85,353.45,87323
2026-01-14 04:30:00,353.5,354.0,353.45,353.8,43443
2026-01-14 04:35:00,353.85,354.55,353.55,353.6,228515
2026-01-14 04:40:00,353.6,353.6,352.0,352.3,77371
2026-01-14 04:45:00,352.3,352.4,351.55,351.7,114677
2026-01-14 04:50:00,351.65,352.15,351.55,352.05,34845
2026-01-14 04:55:00,352.05,352.8,351.15,351.85,183352
2026-01-14 05:00:00,351.95,352.5,351.35,352.3,54456
2026-01-14 05:05:00,352.3,353.45,351.85,353.45,79206
2026-01-14 05:10:00,353.45,353.95,352.9,352.95,55093
2026-01-14 05:15:00,353.05,353.2,352.65,352.65,41270
2026-01-14 05:20:00,352.7,353.5,352.65,353.3,50651
2026-01-14 05:25:00,353.35,354.7,353.3,354.65,50440
2026-01-14 05:30:00,354.7,354.85,353.8,354.1,60570
2026-01-14 05:35:00,354.25,354.85,353.9,354.7,70659
2026-01-14 05:40:00,354.75,354.75,354.55,354.65,25950
2026-01-14 05:45:00,354.7,355.55,354.65,355.35,58693
2026-01-14 05:50:00,355.4,356.0,355.25,355.35,73289
2026-01-14 05:55:00,355.3,355.75,354.4,355.35,204065
2026-01-14 06:00:00,355.4,356.2,354.65,355.65,224227
2026-01-14 06:05:00,355.55,356.0,355.0,355.85,54300
2026-01-14 06:10:00,355.9,356.0,355.65,355.85,28305
2026-01-14 06:15:00,355.85,356.7,355.55,356.5,52350
2026-01-14 06:20:00,356.5,356.65,356.0,356.25,37518
2026-01-14 06:25:00,356.25,356.7,356.2,356.6,61310
2026-01-14 06:30:00,356.6,357.0,356.55,356.75,50739
2026-01-14 06:35:00,356.75,357.15,356.65,357.1,53035
2026-01-14 06:40:00,357.1,357.2,357.0,357.0,34457
2026-01-14 06:45:00,357.05,357.9,357.0,357.7,220614
2026-01-14 06:50:00,357.75,357.9,357.35,357.5,28429
2026-01-14 06:55:00,357.55,357.7,357.2,357.45,29314
2026-01-14 07:00:00,357.5,357.9,357.45,357.85,19176
2026-01-14 07:05:00,357.85,358.2,357.8,358.15,30997
2026-01-14 07:10:00,358.1,358.2,357.05,357.1,36983
2026-01-14 07:15:00,357.1,357.65,357.0,357.65,24865
2026-01-14 07:20:00,357.6,358.5,357.55,357.95,197174
2026-01-14 07:25:00,358.0,358.05,357.8,358.0,23487
2026-01-14 07:30:00,358.05,358.35,357.9,358.1,24454
2026-01-14 07:35:00,358.1,358.2,357.7,358.05,68490
2026-01-14 07:40:00,358.1,358.25,357.65,357.9,100147
2026-01-14 07:45:00,357.9,358.15,357.55,357.8,94539
2026-01-14 07:50:00,357.8,357.9,356.9,356.95,149837
2026-01-14 07:55:00,356.9,357.95,356.7,357.7,108047
2026-01-14 08:00:00,357.7,357.75,357.45,357.6,19920
2026-01-14 08:05:00,357.6,357.7,357.0,357.15,174784
2026-01-14 08:10:00,357.15,357.8,357.05,357.15,41639
2026-01-14 08:15:00,357.2,357.4,357.0,357.25,295214
2026-01-14 08:20:00,357.3,357.4,356.25,356.75,291428
2026-01-14 08:25:00,356.7,356.95,356.45,356.75,60357
2026-01-14 08:30:00,356.75,357.15,356.6,357.1,291707
2026-01-14 08:35:00,357.0,357.4,356.25,356.35,395733
2026-01-14 08:40:00,356.35,356.65,356.2,356.3,101701
2026-01-14 08:45:00,356.35,356.7,355.7,355.8,68673
2026-01-14 08:50:00,355.65,355.8,354.75,354.95,91069
2026-01-14 08:55:00,354.7,355.35,354.6,354.95,58644
2026-01-14 09:00:00,354.95,355.0,354.2,354.95,41408
2026-01-14 09:05:00,354.8,356.1,354.8,355.85,275330
2026-01-14 09:10:00,355.85,356.8,355.65,356.65,31941
2026-01-14 09:15:00,356.6,357.0,356.25,356.4,48612
2026-01-14 09:20:00,356.45,356.9,356.35,356.75,47076
2026-01-14 09:25:00,356.8,356.95,356.2,356.65,46276
2026-01-14 09:30:00,356.7,357.0,356.4,356.85,143955
2026-01-14 09:35:00,356.9,357.0,356.75,356.9,228008
2026-01-14 09:40:00,356.85,357.15,356.6,356.95,185438
2026-01-14 09:45:00,357.0,357.1,356.75,356.85,188202
2026-01-14 09:50:00,356.9,357.45,356.2,356.7,259757
2026-01-14 09:55:00,356.7,357.0,356.0,357.0,209466
2026-01-16 03:45:00,358.0,364.45,358.0,362.75,369082
2026-01-16 03:50:00,363.15,365.0,362.45,363.55,310516
2026-01-16 03:55:00,363.85,364.05,362.5,363.1,134431
2026-01-16 04:00:00,362.95,364.8,362.8,364.65,124804
2026-01-16 04:05:00,364.75,364.75,363.2,363.5,86494
2026-01-16 04:10:00,363.5,366.7,363.3,366.5,254431
2026-01-16 04:15:00,366.4,367.45,366.25,366.75,203969
2026-01-16 04:20:00,366.75,367.2,366.3,366.35,84694
2026-01-16 04:25:00,366.25,366.3,365.45,365.95,93703
2026-01-16 04:30:00,366.0,367.2,366.0,367.1,65993
2026-01-16 04:35:00,367.05,367.2,366.9,367.1,55061
2026-01-16 04:40:00,367.15,367.75,365.5,365.85,133859
2026-01-16 04:45:00,365.9,366.25,365.5,365.5,117913
2026-01-16 04:50:00,365.3,365.75,365.15,365.4,64303
2026-01-16 04:55:00,365.45,365.75,365.05,365.5,50227
2026-01-16 05:00:00,365.5,365.7,364.85,365.45,51111
2026-01-16 05:05:00,365.6,365.75,365.2,365.2,36432
2026-01-16 05:10:00,365.2,365.8,365.0,365.15,35738
2026-01-16 05:15:00,365.1,365.95,365.1,365.7,43701
2026-01-16 05:20:00,365.95,366.0,365.4,365.5,58724
2026-01-16 05:25:00,365.5,366.0,365.5,365.5,23949
2026-01-16 05:30:00,365.55,365.75,365.0,365.5,32755
2026-01-16 05:35:00,365.5,365.9,365.25,365.65,21337
2026-01-16 05:40:00,365.7,365.95,365.35,365.6,39763
2026-01-16 05:45:00,365.6,366.2,365.45,365.55,29231
2026-01-16 05:50:00,365.55,366.2,365.55,366.0,25332
2026-01-16 05:55:00,366.0,366.5,365.85,366.25,32001
2026-01-16 06:00:00,366.25,366.8,365.95,366.2,32853
2026-01-16 06:05:00,366.2,366.5,366.1,366.1,31825
2026-01-16 06:10:00,366.1,366.7,365.8,365.9,35083
2026-01-16 06:15:00,365.9,366.0,365.7,365.8,22720
2026-01-16 06:20:00,365.8,365.8,364.4,364.75,107382
2026-01-16 06:25:00,364.55,364.9,364.05,364.1,41976
2026-01-16 06:30:00,364.1,364.3,363.65,363.85,80549
2026-01-16 06:35:00,363.85,364.15,363.5,363.95,50229
2026-01-16 06:40:00,363.95,364.1,363.55,363.7,38917
2026-01-16 06:45:00,363.7,363.95,363.05,363.2,59182
2026-01-16 06:50:00,363.15,363.35,362.6,362.75,76413
2026-01-16 06:55:00,362.8,362.95,362.05,362.4,60559
2026-01-16 07:00:00,362.4,363.2,362.25,362.95,63577
2026-01-16 07:05:00,362.95,363.3,362.5,362.7,39236
2026-01-16 07:10:00,362.7,362.9,362.45,362.5,56340
2026-01-16 07:15:00,362.45,362.75,362.4,362.45,26246
2026-01-16 07:20:00,362.5,363.25,362.5,363.25,33755
2026-01-16 07:25:00,363.25,363.3,362.15,362.3,47877
2026-01-16 07:30:00,362.25,362.45,362.05,362.1,46863
2026-01-16 07:35:00,362.05,362.5,362.0,362.05,62901
2026-01-16 07:40:00,362.05,362.1,361.85,362.1,24172
2026-01-16 07:45:00,362.05,362.4,362.05,362.15,44788
2026-01-16 07:50:00,362.15,362.25,361.5,361.55,46238
2026-01-16 07:55:00,361.6,362.0,361.3,361.95,34628
2026-01-16 08:00:00,362.15,362.55,361.95,362.35,62663
2026-01-16 08:05:00,362.35,362.65,362.1,362.4,54430
2026-01-16 08:10:00,362.4,362.7,362.1,362.4,44043
2026-01-16 08:15:00,362.3,363.0,362.1,362.65,47548
2026-01-16 08:20:00,362.65,362.9,362.2,362.4,55467
2026-01-16 08:25:00,362.5,362.6,362.2,362.5,44669
2026-01-16 08:30:00,362.3,362.5,362.1,362.45,52402
2026-01-16 08:35:00,362.5,362.6,361.75,362.05,61100
2026-01-16 08:40:00,362.05,362.6,361.95,362.1,57475
2026-01-16 08:45:00,362.15,362.5,361.95,362.35,47929
2026-01-16 08:50:00,362.3,362.65,361.9,362.05,112709
2026-01-16 08:55:00,362.1,362.2,361.5,361.5,52133
2026-01-16 09:00:00,361.5,362.0,361.5,361.6,31146
2026-01-16 09:05:00,361.6,362.3,361.55,362.05,65623
2026-01-16 09:10:00,362.0,362.15,361.8,361.95,39773
2026-01-16 09:15:00,362.0,362.65,361.85,362.65,92922
2026-01-16 09:20:00,362.7,363.0,362.25,362.9,72433
2026-01-16 09:25:00,362.9,363.45,362.8,363.35,95138
2026-01-16 09:30:00,362.4,363.65,362.4,363.2,196671
2026-01-16 09:35:00,363.2,363.3,362.6,363.0,134776
2026-01-16 09:40:00,362.95,363.2,362.5,362.5,147706
2026-01-16 09:45:00,362.55,362.65,362.2,362.5,166266
2026-01-16 09:50:00,362.5,363.6,362.45,363.6,279985
2026-01-16 09:55:00,363.6,364.35,363.2,363.75,438456
2026-01-19 03:45:00,364.0,366.55,362.0,366.5,476778
2026-01-19 03:50:00,366.3,367.0,364.65,364.8,285998
2026-01-19 03:55:00,364.8,365.0,363.05,363.05,90520
2026-01-19 04:00:00,363.1,363.3,361.9,362.5,176630
2026-01-19 04:05:00,362.55,363.05,362.3,362.4,115370
2026-01-19 04:10:00,362.5,362.55,361.6,362.4,91356
2026-01-19 04:15:00,362.35,362.4,361.2,361.4,77451
2026-01-19 04:20:00,361.35,364.1,361.3,363.5,86827
2026-01-19 04:25:00,363.4,364.0,362.75,362.8,62415
2026-01-19 04:30:00,362.9,362.9,362.05,362.7,52047
2026-01-19 04:35:00,362.65,363.25,361.5,363.25,85897
2026-01-19 04:40:00,363.3,363.7,363.05,363.2,25892
2026-01-19 04:45:00,363.3,363.55,362.4,362.55,25608
2026-01-19 04:50:00,362.45,363.0,361.6,361.9,68452
2026-01-19 04:55:00,361.7,361.9,361.2,361.85,42428
2026-01-19 05:00:00,361.85,362.4,361.35,361.6,37395
2026-01-19 05:05:00,361.65,362.0,361.1,361.2,31210
2026-01-19 05:10:00,361.2,361.7,361.2,361.5,11549
2026-01-19 05:15:00,361.5,361.8,360.8,360.95,56559
2026-01-19 05:20:00,360.9,361.45,360.85,361.45,15823
2026-01-19 05:25:00,361.45,361.95,361.2,361.75,21516
2026-01-19 05:30:00,361.75,362.25,361.45,361.6,20773
2026-01-19 05:35:00,361.5,361.8,361.2,361.3,20023
2026-01-19 05:40:00,361.4,361.6,361.15,361.45,34805
2026-01-19 05:45:00,361.35,361.55,361.1,361.4,12588
2026-01-19 05:50:00,361.5,361.6,361.25,361.55,11733
2026-01-19 05:55:00,361.6,361.75,360.4,360.4,36748
2026-01-19 06:00:00,360.55,360.6,359.9,360.0,57148
2026-01-19 06:05:00,359.9,360.55,359.9,360.25,38434
2026-01-19 06:10:00,360.25,360.55,359.9,360.4,22624
2026-01-19 06:15:00,360.55,360.55,360.0,360.15,12536
2026-01-19 06:20:00,360.55,360.75,360.15,360.35,35365
2026-01-19 06:25:00,360.5,360.5,359.8,359.8,48524
2026-01-19 06:30:00,359.9,360.25,359.6,360.15,21443
2026-01-19 06:35:00,360.15,360.55,360.15,360.4,13430
2026-01-19 06:40:00,360.25,361.05,360.15,361.05,21612
2026-01-19 06:45:00,361.05,361.65,361.05,361.2,54350
2026-01-19 06:50:00,361.35,361.5,360.7,360.85,15226
2026-01-19 06:55:00,361.1,361.1,360.6,360.75,15256
2026-01-19 07:00:00,360.8,360.95,360.75,360.95,6797
2026-01-19 07:05:00,360.85,360.95,360.15,360.3,13147
2026-01-19 07:10:00,360.3,360.9,360.25,360.65,11377
2026-01-19 07:15:00,360.65,361.05,360.45,360.5,17458
2026-01-19 07:20:00,360.45,360.8,360.3,360.4,14569
2026-01-19 07:25:00,360.35,360.55,360.1,360.35,15899
2026-01-19 07:30:00,360.35,360.8,360.25,360.7,10597
2026-01-19 07:35:00,360.7,361.4,360.7,361.15,17165
2026-01-19 07:40:00,361.2,361.2,360.6,360.9,16975
2026-01-19 07:45:00,360.9,361.1,360.65,360.9,11778
2026-01-19 07:50:00,360.9,361.35,360.9,361.25,9166
2026-01-19 07:55:00,361.25,361.4,361.05,361.1,14027
2026-01-19 08:00:00,361.1,362.15,361.05,361.7,39592
2026-01-19 08:05:00,361.7,361.8,361.35,361.7,20699
2026-01-19 08:10:00,361.7,362.25,361.7,361.8,17782
2026-01-19 08:15:00,361.8,362.2,361.65,362.1,27008
2026-01-19 08:20:00,362.1,362.55,361.8,361.8,150017
2026-01-19 08:25:00,361.75,362.25,361.65,362.15,13903
2026-01-19 08:30:00,362.15,362.6,362.15,362.35,23070
2026-01-19 08:35:00,362.35,362.5,362.0,362.0,27516
2026-01-19 08:40:00,362.1,362.4,361.85,362.3,25167
2026-01-19 08:45:00,362.1,362.4,361.9,362.25,28653
2026-01-19 08:50:00,362.1,362.25,361.3,361.55,113588
2026-01-19 08:55:00,361.65,361.75,361.0,361.1,38871
2026-01-19 09:00:00,361.25,361.7,361.0,361.5,16132
2026-01-19 09:05:00,361.5,362.2,361.35,362.2,21054
2026-01-19 09:10:00,362.25,362.6,361.8,362.6,38097
2026-01-19 09:15:00,362.45,363.0,362.4,362.9,123108
2026-01-19 09:20:00,362.75,363.1,362.65,363.1,211020
2026-01-19 09:25:00,363.1,363.1,362.05,362.4,64745
2026-01-19 09:30:00,362.55,362.8,362.05,362.3,29414
2026-01-19 09:35:00,362.35,362.65,361.65,361.8,369933
2026-01-19 09:40:00,361.85,361.85,361.15,361.4,54424
2026-01-19 09:45:00,361.35,361.4,360.55,360.75,76371
2026-01-19 09:50:00,360.75,361.45,360.75,360.9,106222
2026-01-19 09:55:00,361.0,361.65,358.95,359.9,302933
2026-01-20 03:45:00,361.0,361.0,355.15,360.6,245777
2026-01-20 03:50:00,360.6,361.0,358.2,358.2,208818
2026-01-20 03:55:00,358.2,358.8,357.6,357.65,112546
2026-01-20 04:00:00,357.7,358.4,356.45,356.5,156471
2026-01-20 04:05:00,356.6,356.7,354.55,355.0,136554
2026-01-20 04:10:00,354.95,356.7,354.8,355.75,162481
2026-01-20 04:15:00,355.55,355.8,354.5,355.0,83901
2026-01-20 04:20:00,355.0,355.5,354.15,354.7,64550
2026-01-20 04:25:00,354.7,355.75,354.65,354.85,81870
2026-01-20 04:30:00,354.95,355.9,354.4,355.35,140866
2026-01-20 04:35:00,355.05,355.5,354.65,355.5,63903
2026-01-20 04:40:00,354.95,356.25,354.95,355.6,138100
2026-01-20 04:45:00,355.5,356.25,355.1,355.35,57029
2026-01-20 04:50:00,355.25,355.6,354.7,355.0,33088
2026-01-20 04:55:00,354.95,356.15,354.5,355.2,64384
2026-01-20 05:00:00,355.1,355.2,354.7,355.0,45570
2026-01-20 05:05:00,354.9,356.1,354.75,356.0,42902
2026-01-20 05:10:00,356.0,357.15,355.75,356.5,54441
2026-01-20 05:15:00,356.6,356.6,356.05,356.1,27869
2026-01-20 05:20:00,356.25,356.35,355.95,356.3,24118
2026-01-20 05:25:00,356.3,356.35,355.8,356.25,32103
2026-01-20 05:30:00,356.25,356.6,355.65,355.95,46803
2026-01-20 05:35:00,355.9,355.95,355.25,355.25,25189
2026-01-20 05:40:00,355.25,355.6,355.2,355.4,44862
2026-01-20 05:45:00,355.4,356.55,355.15,355.7,64571
2026-01-20 05:50:00,355.8,356.3,355.7,356.15,24119
2026-01-20 05:55:00,356.15,356.45,355.8,356.4,56566
2026-01-20 06:00:00,356.5,356.9,356.4,356.8,41416
2026-01-20 06:05:00,356.7,357.25,356.7,357.0,39143
2026-01-20 06:10:00,357.1,357.2,356.7,356.7,33782
2026-01-20 06:15:00,356.85,356.85,356.05,356.4,46325
2026-01-20 06:20:00,356.45,356.95,356.0,356.8,42428
2026-01-20 06:25:00,356.8,356.8,356.05,356.4,28914
2026-01-20 06:30:00,356.35,356.5,355.7,355.7,43138
2026-01-20 06:35:00,355.75,355.75,354.5,354.9,160631
2026-01-20 06:40:00,354.7,355.0,354.5,354.95,28899
2026-01-20 06:45:00,354.95,355.35,354.85,354.9,60592
2026-01-20 06:50:00,355.0,355.9,354.8,355.75,172939
2026-01-20 06:55:00,355.6,355.65,355.1,355.45,17325
2026-01-20 07:00:00,355.5,356.05,355.45,355.9,23624
2026-01-20 07:05:00,355.8,356.05,355.35,355.55,27647
2026-01-20 07:10:00,355.55,355.8,354.8,355.25,40211
2026-01-20 07:15:00,355.1,355.7,355.1,355.65,29541
2026-01-20 07:20:00,355.6,356.6,355.6,356.6,158531
2026-01-20 07:25:00,356.5,356.8,356.25,356.5,52255
2026-01-20 07:30:00,356.35,356.55,356.15,356.3,40744
2026-01-20 07:35:00,356.3,356.5,356.25,356.4,32081
2026-01-20 07:40:00,356.35,356.55,355.95,356.0,69843
2026-01-20 07:45:00,356.0,356.9,355.65,356.65,59261
2026-01-20 07:50:00,356.6,357.0,356.6,356.85,28576
2026-01-20 07:55:00,356.9,357.0,356.15,356.35,53946
2026-01-20 08:00:00,356.3,356.35,355.05,355.3,154334
2026-01-20 08:05:00,355.15,355.3,354.65,354.75,44634
2026-01-20 08:10:00,354.75,355.0,354.4,354.4,51637
2026-01-20 08:15:00,354.5,354.6,354.05,354.15,40645
2026-01-20 08:20:00,354.15,354.35,354.05,354.3,23790
2026-01-20 08:25:00,354.3,354.5,354.1,354.35,42318
2026-01-20 08:30:00,354.3,355.15,353.65,354.65,88155
2026-01-20 08:35:00,354.75,354.75,353.0,353.5,176412
2026-01-20 08:40:00,353.45,353.55,353.15,353.5,39881
2026-01-20 08:45:00,353.5,354.05,353.35,353.75,40708
2026-01-20 08:50:00,353.75,354.0,353.7,353.95,19518
2026-01-20 08:55:00,353.8,355.25,353.8,355.0,250551
2026-01-20 09:00:00,355.0,355.95,354.95,355.85,80134
2026-01-20 09:05:00,355.95,356.1,355.7,356.0,78793
2026-01-20 09:10:00,356.0,356.25,355.85,356.25,68637
2026-01-20 09:15:00,356.1,356.8,356.1,356.75,39621
2026-01-20 09:20:00,356.8,356.8,356.05,356.35,75508
2026-01-20 09:25:00,356.4,356.7,356.0,356.0,82906
2026-01-20 09:30:00,356.1,356.2,355.65,355.95,405667
2026-01-20 09:35:00,355.8,356.15,355.25,355.7,170113
2026-01-20 09:40:00,355.65,355.7,355.0,355.05,204656
2026-01-20 09:45:00,355.15,355.4,354.25,354.25,221601
2026-01-20 09:50:00,354.35,354.65,354.1,354.45,225863
2026-01-20 09:55:00,354.35,355.2,354.05,354.1,204018
2026-01-21 03:45:00,354.0,358.75,352.8,357.45,292441
2026-01-21 03:50:00,357.3,357.55,354.65,356.35,198240
2026-01-21 03:55:00,356.5,358.45,356.5,356.7,152056
2026-01-21 04:00:00,356.9,356.9,355.25,356.15,132289
2026-01-21 04:05:00,356.1,356.35,354.75,355.0,100791
2026-01-21 04:10:00,355.15,356.4,355.0,355.55,70804
2026-01-21 04:15:00,355.55,356.55,354.8,355.5,138830
2026-01-21 04:20:00,355.35,356.6,355.0,355.55,102468
2026-01-21 04:25:00,355.6,356.25,354.35,354.55,103608
2026-01-21 04:30:00,354.45,355.15,354.05,354.6,70008
2026-01-21 04:35:00,354.6,355.0,353.65,353.9,68839
2026-01-21 04:40:00,353.8,354.0,352.55,352.8,104186
2026-01-21 04:45:00,352.6,352.8,350.5,351.0,173878
2026-01-21 04:50:00,350.9,351.5,350.15,350.65,71270
2026-01-21 04:55:00,350.7,351.35,350.05,350.2,80133
2026-01-21 05:00:00,350.2,350.45,349.05,350.1,96049
2026-01-21 05:05:00,350.0,350.45,348.4,348.8,87648
2026-01-21 05:10:00,348.6,348.65,348.0,348.25,49970
2026-01-21 05:15:00,348.3,348.35,347.65,348.0,55353
2026-01-21 05:20:00,348.0,348.05,346.9,347.2,64795
2026-01-21 05:25:00,347.0,348.95,346.45,348.45,76199
2026-01-21 05:30:00,348.4,349.5,348.4,349.35,32839
2026-01-21 05:35:00,349.4,349.45,348.2,348.65,43740
2026-01-21 05:40:00,348.55,348.65,347.55,348.0,63321
2026-01-21 05:45:00,347.85,348.5,347.65,348.15,42243
2026-01-21 05:50:00,348.2,348.75,348.05,348.4,101024
2026-01-21 05:55:00,348.2,348.45,346.3,346.45,66670
2026-01-21 06:00:00,346.4,346.95,346.25,346.4,43799
2026-01-21 06:05:00,346.35,346.7,345.9,346.5,137735
2026-01-21 06:10:00,346.25,347.05,346.25,346.75,36419
2026-01-21 06:15:00,346.75,346.9,345.5,345.9,102342
2026-01-21 06:20:00,345.65,346.5,345.55,346.15,35294
2026-01-21 06:25:00,346.2,346.6,345.85,346.35,45447
2026-01-21 06:30:00,346.35,348.25,346.25,348.25,89473
2026-01-21 06:35:00,348.2,348.85,348.15,348.75,50954
2026-01-21 06:40:00,348.9,349.6,348.55,349.6,44629
2026-01-21 06:45:00,349.55,349.9,348.9,349.35,63416
2026-01-21 06:50:00,349.35,350.3,348.65,349.45,80650
2026-01-21 06:55:00,349.5,350.0,348.9,349.95,62672
2026-01-21 07:00:00,349.95,351.45,349.95,351.2,63930
2026-01-21 07:05:00,351.25,352.1,351.25,351.9,106048
2026-01-21 07:10:00,351.85,353.3,351.7,352.75,79869
2026-01-21 07:15:00,352.65,353.35,352.25,353.3,37174
2026-01-21 07:20:00,353.25,353.45,353.0,353.4,35268
2026-01-21 07:25:00,353.35,353.75,352.75,353.45,82932
2026-01-21 07:30:00,353.35,353.75,353.0,353.7,39208
2026-01-21 07:35:00,353.6,353.7,352.85,353.0,26282
2026-01-21 07:40:00,352.9,353.0,351.75,351.85,39483
2026-01-21 07:45:00,351.8,352.55,350.85,352.5,123551
2026-01-21 07:50:00,352.35,353.0,352.35,352.75,25726
2026-01-21 07:55:00,352.6,352.9,352.6,352.85,12349
2026-01-21 08:00:00,352.8,352.95,352.1,352.3,36359
2026-01-21 08:05:00,352.3,352.55,351.95,352.35,21208
2026-01-21 08:10:00,352.2,352.25,351.0,351.0,23607
2026-01-21 08:15:00,351.1,351.3,350.6,350.75,47694
2026-01-21 08:20:00,350.6,350.95,350.2,350.25,18977
2026-01-21 08:25:00,350.2,350.5,350.0,350.05,27097
2026-01-21 08:30:00,350.0,350.4,349.8,350.05,43984
2026-01-21 08:35:00,349.85,349.95,349.25,349.4,28873
2026-01-21 08:40:00,349.25,349.55,349.0,349.05,21340
2026-01-21 08:45:00,349.0,351.0,348.7,349.85,244901
2026-01-21 08:50:00,349.7,349.9,349.0,349.4,32954
2026-01-21 08:55:00,349.35,349.65,349.05,349.35,48892
2026-01-21 09:00:00,349.25,349.7,349.2,349.6,50093
2026-01-21 09:05:00,349.6,350.65,349.55,350.65,90118
2026-01-21 09:10:00,350.65,351.0,350.4,350.8,72507
2026-01-21 09:15:00,350.7,351.35,350.7,351.05,50821
2026-01-21 09:20:00,351.0,351.75,351.0,351.65,36004
2026-01-21 09:25:00,351.7,352.7,351.4,352.15,64487
2026-01-21 09:30:00,351.85,352.85,351.7,352.8,127805
2026-01-21 09:35:00,352.7,353.35,352.3,352.85,130656
2026-01-21 09:40:00,352.85,352.9,352.3,352.35,136741
2026-01-21 09:45:00,352.35,352.35,351.4,351.75,192678
2026-01-21 09:50:00,351.65,351.85,350.75,350.9,194240
2026-01-21 09:55:00,351.0,352.45,350.3,352.1,215863
2026-01-22 03:45:00,355.0,361.2,354.0,357.3,621066
2026-01-22 03:50:00,357.3,358.4,356.8,357.3,113638
2026-01-22 03:55:00,356.9,357.5,356.35,356.7,112292
2026-01-22 04:00:00,356.8,356.95,355.9,356.25,126082
2026-01-22 04:05:00,356.3,356.75,355.8,356.7,55822
2026-01-22 04:10:00,356.55,356.6,355.5,355.95,61636
2026-01-22 04:15:00,356.05,356.8,355.6,356.55,226197
2026-01-22 04:20:00,356.55,356.95,356.2,356.25,121531
2026-01-22 04:25:00,356.3,356.65,355.8,356.35,73079
2026-01-22 04:30:00,356.3,356.65,355.6,355.95,88324
2026-01-22 04:35:00,355.95,357.35,355.75,357.0,36112
2026-01-22 04:40:00,357.05,357.4,356.65,357.0,43017
2026-01-22 04:45:00,357.05,357.25,355.1,355.5,116266
2026-01-22 04:50:00,355.5,355.5,355.15,355.4,99132
2026-01-22 04:55:00,355.35,355.45,354.9,354.95,131624
2026-01-22 05:00:00,354.9,355.2,354.15,355.1,33623
2026-01-22 05:05:00,355.1,356.0,355.05,355.15,26610
2026-01-22 05:10:00,355.15,355.65,355.1,355.2,24840
2026-01-22 05:15:00,355.35,355.4,354.8,355.25,31263
2026-01-22 05:20:00,355.15,355.5,355.0,355.35,20800
2026-01-22 05:25:00,355.35,355.5,354.8,355.0,20270
2026-01-22 05:30:00,354.95,355.5,354.95,355.05,25078
2026-01-22 05:35:00,355.15,355.55,355.0,355.25,18091
2026-01-22 05:40:00,355.25,355.55,355.0,355.05,29690
2026-01-22 05:45:00,355.1,355.5,354.85,355.0,19607
2026-01-22 05:50:00,355.0,356.85,354.75,356.4,43205
2026-01-22 05:55:00,356.2,356.6,355.5,355.5,27402
2026-01-22 06:00:00,355.6,355.75,355.2,355.4,30395
2026-01-22 06:05:00,355.55,356.0,355.5,355.55,21561
2026-01-22 06:10:00,355.55,355.8,355.3,355.6,18655
2026-01-22 06:15:00,355.75,355.95,355.2,355.85,28613
2026-01-22 06:20:00,355.85,356.05,355.5,355.75,22883
2026-01-22 06:25:00,355.9,356.0,355.45,355.75,24353
2026-01-22 06:30:00,355.65,356.0,355.5,355.65,15506
2026-01-22 06:35:00,355.8,356.1,355.6,355.6,24095
2026-01-22 06:40:00,355.65,355.9,355.2,355.7,17878
2026-01-22 06:45:00,355.8,355.9,355.5,355.65,19136
2026-01-22 06:50:00,355.65,356.0,355.1,355.2,28207
2026-01-22 06:55:00,355.4,355.65,355.25,355.3,15806
2026-01-22 07:00:00,355.35,355.55,354.85,355.2,26198
2026-01-22 07:05:00,355.25,355.3,354.8,355.15,21394
2026-01-22 07:10:00,355.15,355.45,354.8,355.35,27477
2026-01-22 07:15:00,355.35,355.8,355.2,355.8,24083
2026-01-22 07:20:00,355.7,356.2,355.45,356.05,23119
2026-01-22 07:25:00,356.05,356.2,355.6,355.7,25865
2026-01-22 07:30:00,355.7,355.95,355.2,355.7,34973
2026-01-22 07:35:00,355.7,355.8,355.0,355.05,40355
2026-01-22 07:40:00,355.1,355.6,354.6,354.6,31812
2026-01-22 07:45:00,354.65,355.2,354.5,355.2,29908
2026-01-22 07:50:00,355.0,355.25,354.7,355.0,21620
2026-01-22 07:55:00,355.1,355.25,354.5,354.8,23293
2026-01-22 08:00:00,354.8,355.85,354.3,355.5,52164
2026-01-22 08:05:00,355.65,356.0,355.05,355.35,108343
2026-01-22 08:10:00,355.25,355.5,354.9,355.45,27137
2026-01-22 08:15:00,355.45,355.5,354.9,355.0,27547
2026-01-22 08:20:00,355.05,355.25,354.95,354.95,41854
2026-01-22 08:25:00,355.0,355.25,354.95,355.15,35924
2026-01-22 08:30:00,355.15,355.95,355.15,355.25,20777
2026-01-22 08:35:00,355.4,355.65,355.05,355.2,28851
2026-01-22 08:40:00,355.15,355.45,355.0,355.2,21789
2026-01-22 08:45:00,355.25,355.35,354.55,354.65,28760
2026-01-22 08:50:00,354.6,355.15,354.6,354.8,27166
2026-01-22 08:55:00,354.75,355.1,354.55,354.7,40489
2026-01-22 09:00:00,354.7,355.1,354.6,354.75,100680
2026-01-22 09:05:00,354.75,354.95,354.3,354.5,55602
2026-01-22 09:10:00,354.4,354.7,354.1,354.35,33393
2026-01-22 09:15:00,354.2,354.4,354.0,354.1,64683
2026-01-22 09:20:00,354.05,354.65,353.95,353.95,54404
2026-01-22 09:25:00,354.2,355.1,354.05,354.6,52175
2026-01-22 09:30:00,354.55,355.0,353.8,354.2,164493
2026-01-22 09:35:00,354.25,354.7,354.15,354.55,95268
2026-01-22 09:40:00,354.7,354.85,354.0,354.05,109142
2026-01-22 09:45:00,354.0,354.3,354.0,354.05,119482
2026-01-22 09:50:00,354.05,354.25,354.0,354.05,216211
2026-01-22 09:55:00,354.05,354.15,353.95,354.0,131062
2026-01-23 03:45:00,356.0,357.15,354.5,356.7,242471
2026-01-23 03:50:00,356.75,357.7,356.1,356.6,132771
2026-01-23 03:55:00,356.45,357.8,356.3,357.8,67358
2026-01-23 04:00:00,357.8,358.0,357.05,358.0,94300
2026-01-23 04:05:00,357.85,358.9,357.45,358.75,127488
2026-01-23 04:10:00,358.85,360.3,358.8,359.4,113898
2026-01-23 04:15:00,359.5,360.2,359.2,359.4,65021
2026-01-23 04:20:00,359.35,359.55,358.7,359.15,69035
2026-01-23 04:25:00,359.15,360.85,359.0,360.2,104849
2026-01-23 04:30:00,360.2,360.5,359.6,359.65,70968
2026-01-23 04:35:00,359.85,361.55,359.65,360.95,182849
2026-01-23 04:40:00,361.1,361.9,361.0,361.45,102862
2026-01-23 04:45:00,361.45,361.8,360.7,360.8,113207
2026-01-23 04:50:00,360.85,361.0,359.25,359.35,98509
2026-01-23 04:55:00,359.3,360.4,358.8,359.7,88349
2026-01-23 05:00:00,359.6,359.75,359.0,359.6,57324
2026-01-23 05:05:00,359.7,359.95,358.5,358.85,109918
2026-01-23 05:10:00,358.75,358.85,358.2,358.45,73507
2026-01-23 05:15:00,358.35,358.45,357.45,357.7,71051
2026-01-23 05:20:00,357.85,358.1,357.7,357.85,40106
2026-01-23 05:25:00,357.75,358.1,357.3,357.7,54908
2026-01-23 05:30:00,357.7,357.75,356.65,357.0,100826
2026-01-23 05:35:00,357.4,357.5,356.7,357.2,56797
2026-01-23 05:40:00,357.2,357.5,356.4,357.5,67927
2026-01-23 05:45:00,357.5,357.5,357.1,357.1,21518
2026-01-23 05:50:00,357.15,357.15,356.5,356.95,29698
2026-01-23 05:55:00,356.95,357.4,356.95,357.1,25020
2026-01-23 06:00:00,357.15,357.25,356.45,356.55,31989
2026-01-23 06:05:00,356.6,356.6,355.65,355.85,52248
2026-01-23 06:10:00,355.8,355.85,355.1,355.4,70796
2026-01-23 06:15:00,355.45,355.55,355.1,355.1,29065
2026-01-23 06:20:00,355.15,355.85,354.85,355.25,59624
2026-01-23 06:25:00,355.45,355.55,355.05,355.45,26393
2026-01-23 06:30:00,355.45,355.5,354.3,354.75,44459
2026-01-23 06:35:00,354.7,354.75,353.85,353.9,49136
2026-01-23 06:40:00,353.95,354.35,353.9,354.25,41557
2026-01-23 06:45:00,354.2,354.6,353.5,354.45,64948
2026-01-23 06:50:00,354.6,355.0,354.15,354.5,47567
2026-01-23 06:55:00,354.6,354.6,354.05,354.05,38789
2026-01-23 07:00:00,354.15,354.15,353.25,353.55,61292
2026-01-23 07:05:00,353.5,353.75,353.1,353.65,43555
2026-01-23 07:10:00,353.7,353.95,353.1,353.65,63493
2026-01-23 07:15:00,353.65,354.65,353.6,354.2,66246
2026-01-23 07:20:00,354.35,354.7,353.95,354.55,33684
2026-01-23 07:25:00,354.55,354.7,353.95,353.95,41737
2026-01-23 07:30:00,354.0,354.1,353.55,353.8,38431
2026-01-23 07:35:00,353.85,353.95,353.1,353.1,46951
2026-01-23 07:40:00,353.1,353.8,353.05,353.7,42681
2026-01-23 07:45:00,353.65,353.8,352.65,352.9,63459
2026-01-23 07:50:00,352.85,352.95,351.9,352.1,55352
2026-01-23 07:55:00,352.1,352.85,351.9,352.8,44715
2026-01-23 08:00:00,352.8,352.8,352.0,352.1,34526
2026-01-23 08:05:00,352.2,352.45,351.95,352.3,26769
2026-01-23 08:10:00,352.25,352.6,351.75,352.05,30280
2026-01-23 08:15:00,352.1,352.4,351.85,352.25,26467
2026-01-23 08:20:00,352.2,352.7,351.85,352.5,44753
2026-01-23 08:25:00,352.5,352.9,352.2,352.25,44310
2026-01-23 08:30:00,352.2,353.2,352.05,352.75,35219
2026-01-23 08:35:00,352.75,353.0,352.1,352.65,30589
2026-01-23 08:40:00,352.6,352.75,352.0,352.3,36700
2026-01-23 08:45:00,352.45,352.9,351.8,351.85,70582
2026-01-23 08:50:00,351.8,351.85,351.3,351.35,38311
2026-01-23 08:55:00,351.35,352.0,351.2,351.6,38456
2026-01-23 09:00:00,351.7,352.0,351.35,351.65,39829
2026-01-23 09:05:00,351.65,351.95,351.35,351.75,37725
2026-01-23 09:10:00,351.75,352.0,351.45,351.45,38581
2026-01-23 09:15:00,351.55,351.55,350.25,350.25,64503
2026-01-23 09:20:00,350.25,351.0,350.05,350.8,75192
2026-01-23 09:25:00,350.95,351.65,350.95,351.05,63165
2026-01-23 09:30:00,351.4,351.6,349.3,349.8,191017
2026-01-23 09:35:00,349.85,349.9,348.5,348.5,162481
2026-01-23 09:40:00,348.5,349.2,348.2,348.85,174148
2026-01-23 09:45:00,348.85,349.1,348.25,348.8,196088
2026-01-23 09:50:00,348.55,349.0,348.5,348.75,169006
2026-01-23 09:55:00,348.6,349.7,348.6,349.7,119029
2026-01-27 03:45:00,358.0,358.0,351.0,351.55,1127541
2026-01-27 03:50:00,351.5,352.05,350.55,351.5,507483
2026-01-27 03:55:00,351.5,355.25,351.5,354.4,452605
2026-01-27 04:00:00,354.3,354.75,353.75,353.95,183445
2026-01-27 04:05:00,353.8,354.95,353.1,353.2,195390
2026-01-27 04:10:00,353.2,354.6,352.55,354.25,208729
2026-01-27 04:15:00,354.3,355.35,354.3,355.2,198115
2026-01-27 04:20:00,355.3,356.0,355.2,355.45,224070
2026-01-27 04:25:00,355.45,355.45,354.65,355.0,128220
2026-01-27 04:30:00,355.05,356.0,355.0,355.6,164318
2026-01-27 04:35:00,355.65,356.65,355.5,356.4,127259
2026-01-27 04:40:00,356.3,357.5,356.3,357.2,144395
2026-01-27 04:45:00,357.2,358.2,356.95,358.15,167682
2026-01-27 04:50:00,358.05,358.3,357.7,357.8,142387
2026-01-27 04:55:00,357.75,359.9,357.45,358.85,205732
2026-01-27 05:00:00,358.85,359.35,358.0,359.25,154658
2026-01-27 05:05:00,359.5,359.6,357.9,358.0,112017
2026-01-27 05:10:00,357.85,357.9,356.4,356.6,118879
2026-01-27 05:15:00,356.65,356.75,355.8,356.4,111550
2026-01-27 05:20:00,356.25,356.25,354.85,355.25,105377
2026-01-27 05:25:00,355.25,355.35,354.45,354.6,111685
2026-01-27 05:30:00,354.5,355.25,354.2,354.8,106489
2026-01-27 05:35:00,354.95,355.1,354.5,354.8,53150
2026-01-27 05:40:00,354.75,355.65,354.75,355.6,70727
2026-01-27 05:45:00,355.45,356.15,355.2,355.65,218504
2026-01-27 05:50:00,355.65,356.0,355.0,355.3,78603
2026-01-27 05:55:00,355.35,355.55,354.75,355.5,81672
2026-01-27 06:00:00,355.45,355.65,354.3,354.75,84484
2026-01-27 06:05:00,354.9,355.05,354.25,354.4,90115
2026-01-27 06:10:00,354.4,355.4,354.2,355.2,116939
2026-01-27 06:15:00,355.25,355.4,354.65,354.95,88513
2026-01-27 06:20:00,354.9,355.0,354.65,354.8,40037
2026-01-27 06:25:00,354.8,355.3,354.55,355.1,84938
2026-01-27 06:30:00,355.15,355.15,354.2,354.2,101312
2026-01-27 06:35:00,354.25,354.6,354.25,354.35,90400
2026-01-27 06:40:00,354.35,354.45,354.1,354.15,80822
2026-01-27 06:45:00,354.1,354.2,352.65,353.1,234952
2026-01-27 06:50:00,353.0,353.45,352.95,353.25,72720
2026-01-27 06:55:00,353.25,353.4,351.5,351.75,188870
2026-01-27 07:00:00,351.65,352.55,351.65,352.4,115863
2026-01-27 07:05:00,352.55,352.9,351.85,352.0,115260
2026-01-27 07:10:00,352.05,352.1,351.45,351.9,132609
2026-01-27 07:15:00,351.9,352.1,351.4,351.65,94585
2026-01-27 07:20:00,351.6,353.45,351.6,353.2,255846
2026-01-27 07:25:00,353.15,353.55,352.9,353.0,92722
2026-01-27 07:30:00,353.05,353.2,352.2,352.3,61589
2026-01-27 07:35:00,352.45,352.65,352.2,352.5,48572
2026-01-27 07:40:00,352.6,354.45,352.2,354.3,109712
2026-01-27 07:45:00,354.45,354.75,354.0,354.2,133044
2026-01-27 07:50:00,354.3,354.45,353.65,354.35,77990
2026-01-27 07:55:00,354.4,354.55,354.0,354.35,45325
2026-01-27 08:00:00,354.35,354.8,354.1,354.75,91075
2026-01-27 08:05:00,354.75,354.8,353.95,354.0,75658
2026-01-27 08:10:00,353.9,354.6,353.4,354.05,105149
2026-01-27 08:15:00,354.05,354.7,353.75,354.55,64696
2026-01-27 08:20:00,354.55,354.6,354.1,354.6,24881
2026-01-27 08:25:00,354.6,355.9,354.5,355.9,106488
2026-01-27 08:30:00,355.85,356.0,355.25,355.5,74081
2026-01-27 08:35:00,355.5,355.8,355.2,355.25,49752
2026-01-27 08:40:00,355.4,355.75,355.15,355.2,67804
2026-01-27 08:45:00,355.2,355.35,354.85,354.95,80186
2026-01-27 08:50:00,354.95,355.0,354.5,354.5,63230
2026-01-27 08:55:00,354.6,355.1,354.25,354.95,114112
2026-01-27 09:00:00,354.95,355.05,354.7,354.7,105850
2026-01-27 09:05:00,354.7,355.8,354.65,355.8,105298
2026-01-27 09:10:00,355.65,356.45,355.65,356.3,138919
2026-01-27 09:15:00,356.25,356.85,356.2,356.7,139289
2026-01-27 09:20:00,356.55,357.45,356.45,357.0,147098
2026-01-27 09:25:00,356.95,357.5,356.8,357.3,166666
2026-01-27 09:30:00,357.1,357.1,356.15,357.05,216749
2026-01-27 09:35:00,357.1,357.55,357.0,357.25,234685
2026-01-27 09:40:00,357.3,357.45,356.1,356.2,345246
2026-01-27 09:45:00,356.15,357.4,356.15,357.15,332098
2026-01-27 09:50:00,357.15,357.75,357.15,357.65,353671
2026-01-27 09:55:00,357.85,359.3,357.7,358.25,530595
2026-01-28 03:45:00,360.5,360.5,357.4,359.4,789784
2026-01-28 03:50:00,359.4,359.85,358.5,359.4,274161
2026-01-28 03:55:00,359.35,363.0,359.35,362.05,450463
2026-01-28 04:00:00,361.95,364.4,361.75,363.0,382121
2026-01-28 04:05:00,362.55,363.0,361.65,362.95,398696
2026-01-28 04:10:00,362.85,363.3,361.0,361.2,190724
2026-01-28 04:15:00,361.4,361.8,361.3,361.8,132080
2026-01-28 04:20:00,361.85,363.35,361.8,362.85,220921
2026-01-28 04:25:00,363.0,363.25,361.85,362.85,133805
2026-01-28 04:30:00,362.8,363.6,361.85,363.0,167313
2026-01-28 04:35:00,363.15,363.15,362.0,362.7,79463
2026-01-28 04:40:00,362.7,363.4,362.1,362.75,157984
2026-01-28 04:45:00,362.65,363.0,362.35,363.0,145404
2026-01-28 04:50:00,362.8,363.35,362.55,363.05,118985
2026-01-28 04:55:00,363.05,364.55,363.05,363.25,295782
2026-01-28 05:00:00,363.25,363.85,363.15,363.7,121853
2026-01-28 05:05:00,363.7,364.65,363.6,364.5,381868
2026-01-28 05:10:00,364.5,365.3,364.0,364.0,350037
2026-01-28 05:15:00,364.0,364.5,363.6,364.0,254115
2026-01-28 05:20:00,364.0,364.5,363.9,364.35,163100
2026-01-28 05:25:00,364.2,364.75,364.0,364.7,79961
2026-01-28 05:30:00,364.7,365.9,364.7,365.4,224812
2026-01-28 05:35:00,365.4,365.8,364.65,364.75,218086
2026-01-28 05:40:00,364.8,365.45,364.7,365.4,122652
2026-01-28 05:45:00,365.3,365.8,365.1,365.5,184821
2026-01-28 05:50:00,365.5,365.75,365.3,365.5,199205
2026-01-28 05:55:00,365.5,365.6,364.0,364.4,142892
2026-01-28 06:00:00,364.5,364.7,364.1,364.3,144039
2026-01-28 06:05:00,364.3,364.4,364.0,364.0,100353
2026-01-28 06:10:00,364.0,364.2,363.5,363.8,91266
2026-01-28 06:15:00,363.8,364.3,363.8,364.05,70683
2026-01-28 06:20:00,363.85,364.15,363.85,363.9,65697
2026-01-28 06:25:00,363.9,363.95,363.5,363.55,39738
2026-01-28 06:30:00,363.65,363.7,363.0,363.3,58282
2026-01-28 06:35:00,363.25,363.3,362.15,362.3,100517
2026-01-28 06:40:00,362.3,362.35,361.5,361.5,200572
2026-01-28 06:45:00,361.5,361.75,361.5,361.6,137914
2026-01-28 06:50:00,361.6,361.95,361.2,361.45,187505
2026-01-28 06:55:00,361.45,361.7,361.25,361.25,95887
2026-01-28 07:00:00,361.45,361.75,361.35,361.7,83900
2026-01-28 07:05:00,361.6,361.6,361.1,361.35,87499
2026-01-28 07:10:00,361.4,361.45,361.1,361.35,76738
2026-01-28 07:15:00,361.35,361.7,361.1,361.1,88073
2026-01-28 07:20:00,361.1,361.35,360.8,360.85,142669
2026-01-28 07:25:00,360.95,361.0,360.5,360.9,64235
2026-01-28 07:30:00,360.7,361.15,360.6,360.95,89454
2026-01-28 07:35:00,360.95,361.2,360.6,361.1,67796
2026-01-28 07:40:00,361.1,361.55,361.05,361.2,64070
2026-01-28 07:45:00,361.2,361.4,360.55,360.7,107940
2026-01-28 07:50:00,360.7,360.85,360.3,360.55,91044
2026-01-28 07:55:00,360.55,360.95,360.4,360.7,107049
2026-01-28 08:00:00,360.7,360.95,360.55,360.75,71436
2026-01-28 08:05:00,360.75,361.6,360.25,360.45,199970
2026-01-28 08:10:00,360.55,360.95,360.35,360.35,78822
2026-01-28 08:15:00,360.5,360.5,360.2,360.3,72697
2026-01-28 08:20:00,360.2,361.3,360.15,361.0,116046
2026-01-28 08:25:00,361.0,361.05,360.65,360.9,82962
2026-01-28 08:30:00,360.9,361.05,360.65,360.75,164553
2026-01-28 08:35:00,360.7,360.9,360.2,360.4,82018
2026-01-28 08:40:00,360.3,360.55,360.3,360.55,66570
2026-01-28 08:45:00,360.55,360.55,360.25,360.3,44588
2026-01-28 08:50:00,360.3,360.7,360.25,360.65,74077
2026-01-28 08:55:00,360.65,361.2,360.55,361.0,143855
2026-01-28 09:00:00,361.0,361.0,360.55,360.6,59524
2026-01-28 09:05:00,360.6,361.0,360.5,360.75,90422
2026-01-28 09:10:00,360.6,361.05,360.6,361.0,104008
2026-01-28 09:15:00,361.0,361.5,360.9,361.15,146547
2026-01-28 09:20:00,361.25,361.8,361.0,361.75,173139
2026-01-28 09:25:00,361.75,362.0,361.5,361.55,213290
2026-01-28 09:30:00,361.7,362.35,361.7,361.9,246269
2026-01-28 09:35:00,361.85,362.35,361.85,362.0,245788
2026-01-28 09:40:00,362.05,362.4,362.0,362.25,186610
2026-01-28 09:45:00,362.3,362.55,362.1,362.1,263499
2026-01-28 09:50:00,362.25,362.8,362.0,362.5,370897
2026-01-28 09:55:00,362.5,363.4,362.4,363.4,349093
2026-01-29 03:45:00,362.35,363.4,357.25,360.2,588310
2026-01-29 03:50:00,360.4,360.4,358.8,360.3,232389
2026-01-29 03:55:00,360.4,362.85,360.3,362.1,230042
2026-01-29 04:00:00,362.0,364.0,361.3,363.9,182549
2026-01-29 04:05:00,363.8,363.85,363.1,363.2,107510
2026-01-29 04:10:00,363.2,364.0,363.0,363.0,113878
2026-01-29 04:15:00,362.85,363.95,362.85,363.25,98495
2026-01-29 04:20:00,363.3,363.45,361.25,362.0,121032
2026-01-29 04:25:00,361.9,362.4,361.5,362.2,57286
2026-01-29 04:30:00,362.3,363.25,361.85,363.0,76106
2026-01-29 04:35:00,363.25,364.6,363.1,363.9,203915
2026-01-29 04:40:00,363.75,364.05,363.3,363.5,89227
2026-01-29 04:45:00,363.45,363.85,363.05,363.7,196459
2026-01-29 04:50:00,363.7,363.75,362.55,363.25,112404
2026-01-29 04:55:00,363.35,363.7,362.65,363.05,96983
2026-01-29 05:00:00,363.05,364.4,363.0,364.2,195238
2026-01-29 05:05:00,364.3,364.4,363.4,363.55,99740
2026-01-29 05:10:00,363.5,364.15,363.15,363.9,99983
2026-01-29 05:15:00,364.15,364.9,363.8,363.8,96357
2026-01-29 05:20:00,363.9,364.55,363.5,364.35,145838
2026-01-29 05:25:00,364.35,364.4,363.75,364.0,94573
2026-01-29 05:30:00,364.0,364.95,363.95,364.65,108412
2026-01-29 05:35:00,364.65,364.9,364.2,364.65,235566
2026-01-29 05:40:00,364.65,365.2,364.4,364.75,339790
2026-01-29 05:45:00,364.85,365.7,364.5,364.55,261825
2026-01-29 05:50:00,364.5,364.85,363.8,363.85,138940
2026-01-29 05:55:00,363.95,364.0,362.7,363.6,141871
2026-01-29 06:00:00,363.7,363.95,362.5,363.2,114939
2026-01-29 06:05:00,363.3,363.35,362.65,362.8,82078
2026-01-29 06:10:00,362.8,363.5,362.65,363.3,82881
2026-01-29 06:15:00,363.35,363.45,362.7,362.7,72458
2026-01-29 06:20:00,362.85,363.05,362.6,362.95,82641
2026-01-29 06:25:00,362.9,363.35,362.75,363.15,179357
2026-01-29 06:30:00,363.15,363.55,363.1,363.25,118951
2026-01-29 06:35:00,363.3,363.5,362.6,363.0,134319
2026-01-29 06:40:00,362.95,363.2,362.45,362.7,177277
2026-01-29 06:45:00,362.8,363.0,362.55,362.85,86242
2026-01-29 06:50:00,362.9,363.15,362.6,363.0,107053
2026-01-29 06:55:00,362.9,363.1,361.8,361.9,261849
2026-01-29 07:00:00,362.0,362.45,361.85,362.15,170016
2026-01-29 07:05:00,362.1,362.2,361.8,362.2,116685
2026-01-29 07:10:00,362.15,363.0,362.15,362.4,139062
2026-01-29 07:15:00,362.35,363.25,362.35,363.0,88407
2026-01-29 07:20:00,363.15,363.45,363.0,363.4,96193
2026-01-29 07:25:00,363.25,363.6,362.9,363.45,105794
2026-01-29 07:30:00,363.45,363.55,363.1,363.5,83051
2026-01-29 07:35:00,363.3,364.15,363.2,364.0,135190
2026-01-29 07:40:00,364.15,364.6,363.9,364.2,153350
2026-01-29 07:45:00,364.3,364.4,364.05,364.2,97110
2026-01-29 07:50:00,364.25,364.55,364.1,364.1,107237
2026-01-29 07:55:00,364.2,364.5,363.85,363.9,118502
2026-01-29 08:00:00,363.9,364.3,363.65,363.7,187729
2026-01-29 08:05:00,363.9,364.15,363.65,364.15,113236
2026-01-29 08:10:00,364.0,364.6,364.0,364.5,157586
2026-01-29 08:15:00,364.5,365.0,364.3,364.65,248884
2026-01-29 08:20:00,364.75,365.9,364.55,365.7,318328
2026-01-29 08:25:00,365.9,367.7,364.85,367.5,642734
2026-01-29 08:30:00,367.6,367.7,365.35,365.75,1144911
2026-01-29 08:35:00,365.65,365.9,365.0,365.75,349696
2026-01-29 08:40:00,365.75,366.25,365.55,365.6,288011
2026-01-29 08:45:00,365.65,366.45,365.55,366.2,165066
2026-01-29 08:50:00,366.2,366.5,366.05,366.3,117258
2026-01-29 08:55:00,366.45,366.5,366.1,366.3,137786
2026-01-29 09:00:00,366.2,366.5,366.15,366.15,141009
2026-01-29 09:05:00,366.15,367.7,366.0,367.6,204617
2026-01-29 09:10:00,367.75,367.9,367.4,367.65,153089
2026-01-29 09:15:00,367.75,367.85,367.3,367.7,135454
2026-01-29 09:20:00,367.5,367.85,367.2,367.6,163574
2026-01-29 09:25:00,367.45,367.55,366.6,366.8,128269
2026-01-29 09:30:00,367.15,367.35,366.45,366.9,313122
2026-01-29 09:35:00,366.95,366.95,366.55,366.85,331147
2026-01-29 09:40:00,366.95,367.2,366.85,367.05,221812
2026-01-29 09:45:00,367.15,367.2,366.65,366.75,376026
2026-01-29 09:50:00,366.8,367.45,366.6,366.8,392364
2026-01-29 09:55:00,366.7,367.6,366.6,367.4,336520
2026-01-30 03:45:00,366.7,368.0,364.2,364.55,641286
2026-01-30 03:50:00,364.4,364.95,363.05,363.45,540426
2026-01-30 03:55:00,363.1,367.15,363.1,366.8,390639
2026-01-30 04:00:00,366.75,366.75,365.25,365.7,295349
2026-01-30 04:05:00,365.7,366.25,364.65,364.85,172490
2026-01-30 04:10:00,364.7,365.15,364.0,364.7,344832
2026-01-30 04:15:00,364.7,366.2,364.25,366.2,171109
2026-01-30 04:20:00,366.2,368.0,366.15,367.4,198893
2026-01-30 04:25:00,367.4,367.4,366.0,366.2,75875
2026-01-30 04:30:00,366.2,366.9,365.6,365.65,113959
2026-01-30 04:35:00,365.65,366.25,365.45,365.9,79635
2026-01-30 04:40:00,365.9,366.2,365.1,365.65,108018
2026-01-30 04:45:00,365.65,366.95,365.55,365.7,157943
2026-01-30 04:50:00,365.7,366.25,365.25,365.65,94361
2026-01-30 04:55:00,365.65,366.0,365.25,365.75,55767
2026-01-30 05:00:00,365.95,366.85,365.8,366.75,75452
2026-01-30 05:05:00,366.75,366.85,366.1,366.3,46892
2026-01-30 05:10:00,366.4,366.75,366.15,366.35,38493
2026-01-30 05:15:00,366.4,366.7,365.9,366.35,54770
2026-01-30 05:20:00,366.35,366.45,365.45,365.85,45679
2026-01-30 05:25:00,366.0,366.8,365.7,365.95,167505
2026-01-30 05:30:00,365.75,366.0,364.8,365.05,187538
2026-01-30 05:35:00,365.1,365.15,364.1,364.35,120483
2026-01-30 05:40:00,364.25,364.45,364.0,364.25,96237
2026-01-30 05:45:00,364.2,364.8,364.15,364.55,56749
2026-01-30 05:50:00,364.45,364.65,363.4,364.1,255689
2026-01-30 05:55:00,364.1,364.6,363.45,363.55,69510
2026-01-30 06:00:00,363.6,363.9,362.55,362.7,124076
2026-01-30 06:05:00,362.6,363.6,362.6,363.55,64076
2026-01-30 06:10:00,363.55,363.65,363.0,363.2,71194
2026-01-30 06:15:00,363.25,363.25,362.6,362.8,92472
2026-01-30 06:20:00,362.7,363.2,362.6,363.1,56737
2026-01-30 06:25:00,363.05,363.15,362.2,362.45,98607
2026-01-30 06:30:00,362.55,362.55,361.8,362.35,172162
2026-01-30 06:35:00,362.4,362.7,362.25,362.3,45444
2026-01-30 06:40:00,362.2,362.95,361.9,362.95,74125
2026-01-30 06:45:00,362.8,363.25,361.8,362.1,82583
2026-01-30 06:50:00,362.15,363.0,362.0,362.8,47567
2026-01-30 06:55:00,362.85,363.15,362.5,362.5,67180
2026-01-30 07:00:00,362.5,362.95,362.35,362.7,40780
2026-01-30 07:05:00,362.75,362.85,362.2,362.45,63730
2026-01-30 07:10:00,362.4,362.45,362.05,362.05,41060
2026-01-30 07:15:00,361.9,362.45,361.9,362.15,52890
2026-01-30 07:20:00,362.1,362.7,362.0,362.4,60359
2026-01-30 07:25:00,362.4,362.65,362.15,362.65,85319
2026-01-30 07:30:00,362.55,362.8,362.25,362.3,75256
2026-01-30 07:35:00,362.25,362.3,360.5,360.5,194326
2026-01-30 07:40:00,360.6,360.6,359.5,360.0,216637
2026-01-30 07:45:00,360.0,360.25,359.5,359.95,85535
2026-01-30 07:50:00,359.95,360.0,359.75,359.8,42297
2026-01-30 07:55:00,359.85,360.6,359.85,360.25,52846
2026-01-30 08:00:00,360.3,360.9,360.2,360.8,52373
2026-01-30 08:05:00,360.75,361.05,360.7,360.95,56643
2026-01-30 08:10:00,361.05,361.9,360.9,361.5,83641
2026-01-30 08:15:00,361.7,361.7,361.1,361.45,75348
2026-01-30 08:20:00,361.6,362.1,361.4,361.8,125770
2026-01-30 08:25:00,361.7,362.5,361.6,362.45,80820
2026-01-30 08:30:00,362.3,362.95,362.0,362.95,157452
2026-01-30 08:35:00,363.05,363.15,362.75,362.95,123261
2026-01-30 08:40:00,362.9,363.2,362.8,363.2,130078
2026-01-30 08:45:00,363.15,363.95,363.15,363.8,127280
2026-01-30 08:50:00,363.65,364.1,363.6,363.8,138051
2026-01-30 08:55:00,363.85,364.1,363.35,363.45,105930
2026-01-30 09:00:00,363.5,363.8,363.2,363.45,83190
2026-01-30 09:05:00,363.3,364.45,363.3,364.2,130816
2026-01-30 09:10:00,364.2,364.35,363.05,363.05,217501
2026-01-30 09:15:00,363.0,363.55,362.75,363.4,195144
2026-01-30 09:20:00,363.45,363.95,363.3,363.75,120318
2026-01-30 09:25:00,363.8,364.9,363.6,364.6,214938
2026-01-30 09:30:00,364.65,366.05,364.4,365.4,660954
2026-01-30 09:35:00,365.4,366.0,365.35,365.45,439002
2026-01-30 09:40:00,365.45,365.7,363.85,363.9,554662
2026-01-30 09:45:00,363.85,364.2,363.85,364.0,624953
2026-01-30 09:50:00,364.0,364.0,363.0,363.05,692996
2026-01-30 09:55:00,363.05,364.8,363.05,364.5,736693
2026-02-01 03:45:00,364.5,365.35,361.25,363.1,99497
2026-02-01 03:50:00,363.1,363.3,362.5,363.2,44758
2026-02-01 03:55:00,363.2,364.5,362.3,364.5,115179
2026-02-01 04:00:00,364.3,364.5,363.4,363.8,38444
2026-02-01 04:05:00,363.5,363.65,362.5,362.95,41512
2026-02-01 04:10:00,362.9,363.55,362.5,363.55,33168
2026-02-01 04:15:00,363.55,363.7,362.95,362.95,17411
2026-02-01 04:20:00,362.95,363.4,362.55,363.4,33229
2026-02-01 04:25:00,363.4,364.0,362.65,363.2,52992
2026-02-01 04:30:00,363.2,363.65,363.15,363.55,14847
2026-02-01 04:35:00,363.55,363.8,363.35,363.65,17969
2026-02-01 04:40:00,363.65,364.05,363.45,363.95,17458
2026-02-01 04:45:00,363.95,364.25,363.25,363.5,32704
2026-02-01 04:50:00,363.2,363.8,363.05,363.5,18455
2026-02-01 04:55:00,363.55,363.75,363.0,363.05,24875
2026-02-01 05:00:00,363.0,363.75,363.0,363.65,11478
2026-02-01 05:05:00,363.65,363.9,363.1,363.15,35998
2026-02-01 05:10:00,363.0,363.5,363.0,363.3,14356
2026-02-01 05:15:00,363.2,363.4,363.0,363.3,7086
2026-02-01 05:20:00,363.2,363.45,362.6,362.8,31302
2026-02-01 05:25:00,362.8,363.0,362.5,362.9,32187
2026-02-01 05:30:00,362.7,363.05,362.2,362.75,20091
2026-02-01 05:35:00,362.55,363.8,362.55,363.35,18350
2026-02-01 05:40:00,363.5,363.7,363.2,363.45,12675
2026-02-01 05:45:00,363.45,363.6,362.85,362.85,21294
2026-02-01 05:50:00,363.05,363.15,362.8,363.0,11056
2026-02-01 05:55:00,362.9,363.5,362.9,363.0,14540
2026-02-01 06:00:00,362.9,363.15,362.85,363.15,10140
2026-02-01 06:05:00,363.05,363.25,362.8,362.9,11572
2026-02-01 06:10:00,362.8,362.95,362.0,362.2,88375
2026-02-01 06:15:00,362.2,362.55,362.0,362.5,37708
2026-02-01 06:20:00,362.4,362.7,362.0,362.25,15668
2026-02-01 06:25:00,362.05,362.45,362.0,362.15,15764
2026-02-01 06:30:00,362.15,362.3,361.5,362.0,99371
2026-02-01 06:35:00,361.8,362.6,361.75,362.55,11009
2026-02-01 06:40:00,362.55,363.0,361.2,361.85,62301
2026-02-01 06:45:00,361.75,362.0,361.15,361.2,24392
2026-02-01 06:50:00,361.15,361.15,360.2,360.5,54079
2026-02-01 06:55:00,360.5,361.0,360.0,360.25,75743
2026-02-01 07:00:00,360.45,360.45,356.55,359.1,275113
2026-02-01 07:05:00,359.1,361.9,358.45,361.7,62453
2026-02-01 07:10:00,361.6,363.45,361.0,361.0,108076
2026-02-01 07:15:00,360.8,361.1,359.5,359.7,41790
2026-02-01 07:20:00,359.8,360.4,358.85,359.5,52432
2026-02-01 07:25:00,359.45,359.8,358.45,359.4,61158
2026-02-01 07:30:00,359.2,359.2,348.0,355.4,611675
2026-02-01 07:35:00,355.75,358.65,355.45,357.7,137597
2026-02-01 07:40:00,357.75,358.9,357.0,357.3,81541
2026-02-01 07:45:00,357.3,359.05,357.0,358.55,36503
2026-02-01 07:50:00,358.55,358.7,357.6,358.5,47658
2026-02-01 07:55:00,358.5,358.55,357.55,357.9,69313
2026-02-01 08:00:00,357.8,357.8,355.1,356.65,72518
2026-02-01 08:05:00,356.8,357.3,354.45,355.0,105438
2026-02-01 08:10:00,355.0,356.3,354.95,356.2,52251
2026-02-01 08:15:00,356.1,360.45,356.0,358.8,134957
2026-02-01 08:20:00,358.8,359.85,358.1,359.8,69201
2026-02-01 08:25:00,359.6,363.45,359.5,362.95,233116
2026-02-01 08:30:00,362.95,363.8,362.45,363.45,252574
2026-02-01 08:35:00,363.25,364.5,360.5,360.85,155859
2026-02-01 08:40:00,360.95,361.0,359.35,360.0,94370
2026-02-01 08:45:00,360.0,360.1,358.75,359.5,81935
2026-02-01 08:50:00,359.85,361.5,358.95,361.15,140143
2026-02-01 08:55:00,361.4,367.5,360.85,361.0,611386
2026-02-01 09:00:00,360.55,361.0,360.0,360.25,101819
2026-02-01 09:05:00,360.25,361.0,360.0,360.35,63733
2026-02-01 09:10:00,360.25,361.0,359.1,360.25,123591
2026-02-01 09:15:00,360.25,360.65,358.05,358.2,142385
2026-02-01 09:20:00,358.2,359.15,357.7,358.85,176621
2026-02-01 09:25:00,358.9,361.0,358.6,359.75,84738
2026-02-01 09:30:00,359.95,361.5,359.5,360.8,81017
2026-02-01 09:35:00,360.85,361.0,359.9,360.1,80501
2026-02-01 09:40:00,360.15,360.6,359.8,360.1,548207
2026-02-01 09:45:00,359.85,360.3,359.0,359.0,282727
2026-02-01 09:50:00,359.05,359.7,359.0,359.25,107238
2026-02-01 09:55:00,359.2,359.5,357.95,359.5,491450
2026-02-02 03:45:00,353.0,355.9,351.0,355.9,534943
2026-02-02 03:50:00,355.95,359.9,355.75,358.8,414256
2026-02-02 03:55:00,358.65,359.75,357.75,359.75,213538
2026-02-02 04:00:00,359.5,360.5,356.75,357.65,341869
2026-02-02 04:05:00,357.6,359.0,356.4,357.55,213308
2026-02-02 04:10:00,357.6,357.75,356.05,356.25,102959
2026-02-02 04:15:00,356.1,356.8,355.5,356.2,107613
2026-02-02 04:20:00,356.2,358.5,355.7,358.4,83084
2026-02-02 04:25:00,358.4,359.7,358.1,358.1,249615
2026-02-02 04:30:00,358.1,358.25,357.5,357.8,90256
2026-02-02 04:35:00,357.65,358.0,357.55,357.95,61469
2026-02-02 04:40:00,358.1,359.65,358.05,359.35,89751
2026-02-02 04:45:00,359.0,361.05,359.0,360.95,321372
2026-02-02 04:50:00,360.9,362.0,360.8,361.25,447055
2026-02-02 04:55:00,361.25,362.9,361.2,362.7,418644
2026-02-02 05:00:00,362.7,364.2,362.5,362.9,686108
2026-02-02 05:05:00,362.9,363.35,361.8,362.25,256043
2026-02-02 05:10:00,362.25,363.25,361.7,361.8,191084
2026-02-02 05:15:00,361.8,361.9,360.7,361.15,232857
2026-02-02 05:20:00,361.2,361.6,360.75,361.05,97516
2026-02-02 05:25:00,361.2,361.3,360.45,360.7,156325
2026-02-02 05:30:00,360.7,361.0,359.25,360.45,182997
2026-02-02 05:35:00,360.35,360.55,359.5,360.0,129126
2026-02-02 05:40:00,360.0,360.2,359.55,359.85,132578
2026-02-02 05:45:00,359.8,360.6,359.8,359.8,105367
2026-02-02 05:50:00,359.9,360.45,359.3,359.4,101513
2026-02-02 05:55:00,359.45,360.75,359.3,360.45,104746
2026-02-02 06:00:00,360.4,362.2,360.3,361.95,189226
2026-02-02 06:05:00,362.0,362.75,361.25,362.75,113606
2026-02-02 06:10:00,362.5,362.9,361.7,362.9,125723
2026-02-02 06:15:00,362.8,363.35,362.65,363.1,178602
2026-02-02 06:20:00,363.1,363.65,363.05,363.15,111475
2026-02-02 06:25:00,363.2,363.5,362.9,363.35,129134
2026-02-02 06:30:00,363.3,363.4,362.15,362.45,243876
2026-02-02 06:35:00,362.35,363.2,362.2,362.7,99538
2026-02-02 06:40:00,362.7,362.95,362.05,362.5,69947
2026-02-02 06:45:00,362.5,363.0,362.2,362.6,62824
2026-02-02 06:50:00,362.6,363.1,362.6,362.9,53998
2026-02-02 06:55:00,363.0,363.1,362.6,362.85,59963
2026-02-02 07:00:00,362.85,363.0,361.6,361.8,84889
2026-02-02 07:05:00,361.8,362.2,361.05,361.4,113930
2026-02-02 07:10:00,361.55,362.5,361.35,362.35,54979
2026-02-02 07:15:00,362.25,362.75,362.0,362.75,79008
2026-02-02 07:20:00,362.6,362.8,361.6,361.95,84490
2026-02-02 07:25:00,361.9,362.5,361.6,362.4,76575
2026-02-02 07:30:00,362.45,363.05,362.25,363.0,83293
2026-02-02 07:35:00,362.95,363.0,362.35,362.5,75485
2026-02-02 07:40:00,362.6,362.65,361.6,361.7,74128
2026-02-02 07:45:00,361.65,362.05,361.2,361.35,94789
2026-02-02 07:50:00,361.35,361.5,360.15,360.55,89968
2026-02-02 07:55:00,360.65,361.8,360.4,361.55,72257
2026-02-02 08:00:00,361.55,361.65,360.9,361.15,47374
2026-02-02 08:05:00,361.2,361.55,361.0,361.35,46144
2026-02-02 08:10:00,361.4,361.85,360.3,360.9,89915
2026-02-02 08:15:00,360.9,361.3,360.5,360.7,58321
2026-02-02 08:20:00,360.7,361.15,360.55,360.9,82506
2026-02-02 08:25:00,360.9,361.1,360.55,360.65,66234
2026-02-02 08:30:00,360.65,360.8,360.2,360.6,68774
2026-02-02 08:35:00,360.65,361.3,360.45,361.3,67771
2026-02-02 08:40:00,361.3,361.5,361.1,361.45,58489
2026-02-02 08:45:00,361.5,361.5,360.95,361.3,51985
2026-02-02 08:50:00,361.3,361.9,361.25,361.8,66358
2026-02-02 08:55:00,361.9,362.2,361.7,362.15,72514
2026-02-02 09:00:00,362.15,362.7,362.1,362.3,112201
2026-02-02 09:05:00,362.3,362.65,362.15,362.3,59686
2026-02-02 09:10:00,362.25,362.9,362.2,362.85,74147
2026-02-02 09:15:00,362.9,365.4,362.75,365.3,334328
2026-02-02 09:20:00,365.25,365.5,364.9,365.25,160725
2026-02-02 09:25:00,365.2,365.95,365.1,365.75,122101
2026-02-02 09:30:00,366.05,366.95,365.65,365.65,339068
2026-02-02 09:35:00,365.75,366.1,365.6,366.0,163007
2026-02-02 09:40:00,366.0,367.35,365.75,367.1,325471
2026-02-02 09:45:00,367.0,367.45,366.65,367.05,318117
2026-02-02 09:50:00,367.05,367.3,366.5,367.1,371609
2026-02-02 09:55:00,367.1,367.6,366.8,367.15,342323
2026-02-03 03:45:00,372.0,374.7,363.4,363.75,1092083
2026-02-03 03:50:00,364.0,366.45,363.35,363.7,521588
2026-02-03 03:55:00,363.7,363.95,361.6,363.05,401032
2026-02-03 04:00:00,363.7,366.2,363.7,365.6,486504
2026-02-03 04:05:00,365.6,366.2,365.55,365.85,188974
2026-02-03 04:10:00,365.55,365.85,364.15,364.6,246083
2026-02-03 04:15:00,364.55,365.05,363.55,364.6,126850
2026-02-03 04:20:00,364.8,364.8,363.7,363.9,145482
2026-02-03 04:25:00,363.95,363.95,362.4,362.95,161781
2026-02-03 04:30:00,362.95,363.75,362.25,363.2,112402
2026-02-03 04:35:00,363.1,363.65,362.75,363.3,63401
2026-02-03 04:40:00,363.2,363.7,363.0,363.35,72036
2026-02-03 04:45:00,363.35,364.2,363.0,363.4,112366
2026-02-03 04:50:00,363.5,364.1,363.1,363.25,200276
2026-02-03 04:55:00,363.25,363.75,363.0,363.1,72469
2026-02-03 05:00:00,363.15,363.3,362.55,363.2,83572
2026-02-03 05:05:00,363.1,363.4,362.4,362.5,98277
2026-02-03 05:10:00,362.5,362.5,360.55,360.8,229380
2026-02-03 05:15:00,360.85,361.15,360.3,360.65,110198
2026-02-03 05:20:00,360.5,361.3,358.5,358.65,231493
2026-02-03 05:25:00,358.65,360.0,358.3,359.45,84877
2026-02-03 05:30:00,359.5,360.95,359.45,360.8,66160
2026-02-03 05:35:00,360.75,362.0,360.75,361.75,106788
2026-02-03 05:40:00,361.6,362.0,361.35,361.9,88995
2026-02-03 05:45:00,361.9,363.0,361.7,363.0,83497
2026-02-03 05:50:00,363.0,363.35,362.6,363.25,84572
2026-02-03 05:55:00,363.25,363.6,362.15,363.35,191148
2026-02-03 06:00:00,363.6,364.15,363.4,364.1,104111
2026-02-03 06:05:00,364.1,366.0,363.8,365.95,216077
2026-02-03 06:10:00,365.95,366.25,365.75,365.9,165734
2026-02-03 06:15:00,365.95,367.5,365.95,367.0,375188
2026-02-03 06:20:00,367.0,368.15,366.8,368.15,198901
2026-02-03 06:25:00,368.15,369.3,367.8,369.15,349315
2026-02-03 06:30:00,369.3,369.3,368.0,368.75,200575
2026-02-03 06:35:00,368.75,369.0,368.5,368.8,81798
2026-02-03 06:40:00,368.75,368.9,368.35,368.6,65754
2026-02-03 06:45:00,368.6,368.7,368.25,368.4,107967
2026-02-03 06:50:00,368.55,368.55,367.7,368.1,87308
2026-02-03 06:55:00,368.2,368.5,367.2,367.35,77331
2026-02-03 07:00:00,367.5,367.75,367.2,367.25,66267
2026-02-03 07:05:00,367.25,367.6,367.1,367.25,42160
2026-02-03 07:10:00,367.3,367.95,367.25,367.7,45837
2026-02-03 07:15:00,367.7,367.95,367.55,367.55,41476
2026-02-03 07:20:00,367.65,367.75,367.35,367.5,39913
2026-02-03 07:25:00,367.45,367.65,367.35,367.55,35602
2026-02-03 07:30:00,367.6,367.9,367.4,367.45,32602
2026-02-03 07:35:00,367.45,369.1,367.4,369.1,144123
2026-02-03 07:40:00,369.1,369.1,368.5,368.5,49203
2026-02-03 07:45:00,368.5,369.0,368.5,368.75,40193
2026-02-03 07:50:00,368.7,369.5,368.7,368.8,61130
2026-02-03 07:55:00,368.7,369.2,368.4,368.65,91512
2026-02-03 08:00:00,368.65,368.8,368.45,368.55,30407
2026-02-03 08:05:00,368.45,369.45,368.4,368.95,110976
2026-02-03 08:10:00,368.95,369.6,368.85,369.6,47592
2026-02-03 08:15:00,369.4,370.5,369.25,369.8,179787
2026-02-03 08:20:00,369.8,369.85,369.6,369.75,68807
2026-02-03 08:25:00,369.75,371.65,369.75,371.5,255759
2026-02-03 08:30:00,371.45,371.8,371.3,371.8,164000
2026-02-03 08:35:00,371.7,372.15,371.4,371.9,201419
2026-02-03 08:40:00,371.9,371.95,371.7,371.8,80892
2026-02-03 08:45:00,371.85,372.1,371.75,371.75,103125
2026-02-03 08:50:00,371.75,372.8,371.75,372.8,145440
2026-02-03 08:55:00,372.8,373.2,372.15,372.25,143722
2026-02-03 09:00:00,372.05,372.7,371.8,372.4,264064
2026-02-03 09:05:00,372.4,372.55,372.05,372.3,70864
2026-02-03 09:10:00,372.3,372.65,372.25,372.45,87389
2026-02-03 09:15:00,372.4,372.7,372.35,372.65,96830
2026-02-03 09:20:00,372.5,373.95,372.5,373.75,188428
2026-02-03 09:25:00,373.75,374.25,373.45,374.0,199150
2026-02-03 09:30:00,374.05,374.5,373.7,374.4,223060
2026-02-03 09:35:00,374.4,374.4,372.75,373.15,246360
2026-02-03 09:40:00,372.9,373.6,372.8,373.6,242942
2026-02-03 09:45:00,373.55,373.85,373.5,373.8,273555
2026-02-03 09:50:00,373.8,373.85,373.6,373.6,292811
2026-02-03 09:55:00,373.6,373.6,372.0,372.3,359760
2026-02-04 03:45:00,373.0,378.3,370.35,378.3,628078
2026-02-04 03:50:00,378.25,380.0,378.25,379.75,424195
2026-02-04 03:55:00,379.65,381.9,379.65,381.25,324004
2026-02-04 04:00:00,381.15,381.6,380.3,380.35,196143
2026-02-04 04:05:00,380.35,380.35,377.5,378.0,207839
2026-02-04 04:10:00,378.05,379.6,377.75,379.2,143620
2026-02-04 04:15:00,379.2,380.85,379.1,380.6,151108
2026-02-04 04:20:00,380.7,381.15,380.15,380.25,175382
2026-02-04 04:25:00,380.05,381.25,380.05,381.0,170938
2026-02-04 04:30:00,381.0,382.5,381.0,381.9,286149
2026-02-04 04:35:00,381.85,382.1,381.45,381.5,199009
2026-02-04 04:40:00,381.5,381.75,380.65,381.65,106069
2026-02-04 04:45:00,381.85,382.8,381.65,382.15,149918
2026-02-04 04:50:00,382.15,382.4,381.75,382.2,102086
2026-02-04 04:55:00,382.15,382.5,382.1,382.1,83108
2026-02-04 05:00:00,382.1,382.8,382.1,382.45,99952
2026-02-04 05:05:00,382.45,382.45,381.45,382.35,119448
2026-02-04 05:10:00,382.35,382.6,381.8,381.9,66730
2026-02-04 05:15:00,381.75,382.0,381.15,381.15,68886
2026-02-04 05:20:00,381.15,381.3,380.55,380.75,79632
2026-02-04 05:25:00,380.7,380.8,378.7,378.85,111556
2026-02-04 05:30:00,378.8,380.75,378.45,380.55,131793
2026-02-04 05:35:00,380.5,381.0,380.05,381.0,45801
2026-02-04 05:40:00,380.9,381.15,379.7,379.7,84852
2026-02-04 05:45:00,379.7,380.4,379.7,379.7,58658
2026-02-04 05:50:00,379.65,380.35,379.6,379.75,59353
2026-02-04 05:55:00,379.8,380.35,379.4,380.15,52415
2026-02-04 06:00:00,380.1,380.4,379.5,379.85,57362
2026-02-04 06:05:00,379.85,379.95,379.45,379.65,56192
2026-02-04 06:10:00,379.65,380.75,379.65,380.45,59134
2026-02-04 06:15:00,380.45,380.7,380.35,380.35,40415
2026-02-04 06:20:00,380.4,381.0,380.1,380.55,94680
2026-02-04 06:25:00,380.7,381.4,380.65,381.35,54815
2026-02-04 06:30:00,381.3,382.0,381.25,381.25,61079
2026-02-04 06:35:00,381.25,381.5,381.1,381.35,37347
2026-02-04 06:40:00,381.25,381.5,381.1,381.1,50387
2026-02-04 06:45:00,381.1,381.15,380.0,380.05,72870
2026-02-04 06:50:00,380.0,380.4,379.95,380.4,27521
2026-02-04 06:55:00,380.3,380.9,380.3,380.8,42806
2026-02-04 07:00:00,380.7,380.7,380.4,380.5,34148
2026-02-04 07:05:00,380.5,380.75,380.3,380.65,39295
2026-02-04 07:10:00,380.65,381.4,380.5,380.55,106231
2026-02-04 07:15:00,380.5,380.6,380.4,380.4,18427
2026-02-04 07:20:00,380.4,380.55,380.0,380.05,58683
2026-02-04 07:25:00,380.2,380.4,380.0,380.15,30328
2026-02-04 07:30:00,380.15,380.8,379.95,380.6,39888
2026-02-04 07:35:00,380.6,380.8,380.2,380.5,40988
2026-02-04 07:40:00,380.5,381.0,380.2,380.2,48911
2026-02-04 07:45:00,380.2,380.4,380.0,380.15,29420
2026-02-04 07:50:00,380.1,380.55,380.1,380.4,27711
2026-02-04 07:55:00,380.4,380.55,380.35,380.5,32189
2026-02-04 08:00:00,380.55,380.7,379.7,379.8,72385
2026-02-04 08:05:00,379.8,380.15,379.8,380.15,30071
2026-02-04 08:10:00,380.05,380.5,380.05,380.15,61215
2026-02-04 08:15:00,380.1,380.5,379.75,379.75,78084
2026-02-04 08:20:00,379.7,380.7,379.55,380.7,28018
2026-02-04 08:25:00,380.55,380.75,380.55,380.65,45769
2026-02-04 08:30:00,380.7,381.1,380.45,381.0,116906
2026-02-04 08:35:00,381.0,381.15,380.85,381.15,50318
2026-02-04 08:40:00,381.2,381.8,381.1,381.6,42399
2026-02-04 08:45:00,381.7,382.0,381.7,381.95,62995
2026-02-04 08:50:00,381.95,382.2,381.85,382.05,98559
2026-02-04 08:55:00,382.05,382.45,382.05,382.2,55310
2026-02-04 09:00:00,382.15,382.5,382.15,382.25,64078
2026-02-04 09:05:00,382.2,382.25,381.8,381.9,95282
2026-02-04 09:10:00,381.85,381.95,381.15,381.15,73517
2026-02-04 09:15:00,381.15,381.3,381.0,381.3,80081
2026-02-04 09:20:00,381.2,382.0,381.2,381.8,76579
2026-02-04 09:25:00,381.8,382.0,381.65,381.65,79336
2026-02-04 09:30:00,381.7,382.3,381.6,381.8,191983
2026-02-04 09:35:00,381.75,381.95,381.75,381.9,123691
2026-02-04 09:40:00,381.85,382.5,381.85,382.45,239452
2026-02-04 09:45:00,382.5,383.0,382.45,382.55,347002
2026-02-04 09:50:00,382.7,383.1,382.55,382.95,249685
2026-02-04 09:55:00,382.95,383.2,381.5,382.0,225216
2026-02-05 03:45:00,386.0,391.65,384.65,390.4,1009705
2026-02-05 03:50:00,390.35,390.8,387.15,387.5,688744
2026-02-05 03:55:00,387.55,387.85,384.65,385.8,360799
2026-02-05 04:00:00,385.9,387.85,385.85,386.8,228154
2026-02-05 04:05:00,386.75,386.95,385.55,386.3,149889
2026-02-05 04:10:00,386.25,386.3,383.5,383.75,256431
2026-02-05 04:15:00,383.75,383.9,383.2,383.55,128024
2026-02-05 04:20:00,383.7,384.5,382.7,382.85,94687
2026-02-05 04:25:00,383.0,383.05,382.2,382.25,90249
2026-02-05 04:30:00,382.35,382.45,381.25,381.8,93708
2026-02-05 04:35:00,381.8,382.35,381.5,381.75,86184
2026-02-05 04:40:00,381.65,383.95,381.6,383.15,76602
2026-02-05 04:45:00,383.05,383.45,381.65,381.85,98273
2026-02-05 04:50:00,381.85,383.2,381.8,383.1,86889
2026-02-05 04:55:00,383.0,383.35,381.85,381.85,104345
2026-02-05 05:00:00,381.85,381.95,381.5,381.65,59667
2026-02-05 05:05:00,381.65,381.75,381.2,381.2,104430
2026-02-05 05:10:00,381.2,381.55,381.05,381.35,60843
2026-02-05 05:15:00,381.35,381.85,381.3,381.65,26684
2026-02-05 05:20:00,381.65,382.1,381.6,381.8,34458
2026-02-05 05:25:00,381.85,382.2,381.65,382.05,37254
2026-02-05 05:30:00,382.05,383.45,382.0,383.3,59175
2026-02-05 05:35:00,383.2,383.3,381.9,382.5,82787
2026-02-05 05:40:00,382.45,382.7,381.85,382.25,41206
2026-02-05 05:45:00,382.3,382.5,382.1,382.3,22706
2026-02-05 05:50:00,382.2,382.35,381.95,382.05,30875
2026-02-05 05:55:00,382.0,382.55,382.0,382.35,25744
2026-02-05 06:00:00,382.3,382.35,381.65,381.8,55202
2026-02-05 06:05:00,381.7,383.2,381.6,383.0,41595
2026-02-05 06:10:00,383.05,383.3,382.75,383.1,73460
2026-02-05 06:15:00,383.1,383.1,382.6,382.8,38639
2026-02-05 06:20:00,382.65,382.85,382.6,382.65,19118
2026-02-05 06:25:00,382.8,383.0,382.6,382.9,41324
2026-02-05 06:30:00,382.9,383.05,382.6,382.9,33469
2026-02-05 06:35:00,383.0,383.0,382.55,382.55,24408
2026-02-05 06:40:00,382.55,382.7,381.65,381.7,42732
2026-02-05 06:45:00,381.65,381.7,381.35,381.35,30999
2026-02-05 06:50:00,381.35,381.7,381.3,381.45,29483
2026-02-05 06:55:00,381.35,381.65,381.35,381.4,37394
2026-02-05 07:00:00,381.5,381.55,381.2,381.3,45604
2026-02-05 07:05:00,381.2,381.4,381.05,381.15,30919
2026-02-05 07:10:00,381.15,381.15,379.3,380.0,150824
2026-02-05 07:15:00,380.0,380.3,379.85,380.0,41877
2026-02-05 07:20:00,380.15,380.15,379.9,380.0,42359
2026-02-05 07:25:00,380.05,380.05,379.5,379.9,33904
2026-02-05 07:30:00,379.9,379.9,379.4,379.6,34226
2026-02-05 07:35:00,379.5,379.7,378.35,378.8,122110
2026-02-05 07:40:00,378.85,379.0,378.65,379.0,71860
2026-02-05 07:45:00,378.95,379.75,378.95,379.2,184144
2026-02-05 07:50:00,379.0,379.35,378.9,379.05,294580
2026-02-05 07:55:00,379.1,380.6,379.0,380.3,171955
2026-02-05 08:00:00,380.4,380.95,379.85,380.6,84455
2026-02-05 08:05:00,380.7,381.0,380.3,380.7,63564
2026-02-05 08:10:00,380.7,380.9,380.25,380.35,32301
2026-02-05 08:15:00,380.45,380.7,380.2,380.45,28984
2026-02-05 08:20:00,380.6,381.4,380.45,381.0,50709
2026-02-05 08:25:00,381.0,381.75,381.0,381.6,43571
2026-02-05 08:30:00,381.75,382.0,381.4,381.65,52812
2026-02-05 08:35:00,381.65,381.8,381.0,381.0,49296
2026-02-05 08:40:00,381.05,381.1,379.7,379.85,90629
2026-02-05 08:45:00,379.95,380.5,379.85,380.0,60142
2026-02-05 08:50:00,380.0,380.75,379.85,380.7,205967
2026-02-05 08:55:00,380.6,381.55,380.5,381.5,58020
2026-02-05 09:00:00,381.6,381.95,381.5,381.75,50492
2026-02-05 09:05:00,381.8,382.0,380.9,381.05,227394
2026-02-05 09:10:00,380.9,381.5,380.5,381.15,116971
2026-02-05 09:15:00,381.25,381.5,381.05,381.4,31910
2026-02-05 09:20:00,381.4,381.5,381.0,381.4,63806
2026-02-05 09:25:00,381.5,381.9,381.4,381.8,57090
2026-02-05 09:30:00,382.0,382.0,381.5,381.7,163583
2026-02-05 09:35:00,381.65,381.75,381.2,381.35,121811
2026-02-05 09:40:00,381.35,381.75,381.35,381.6,119085
2026-02-05 09:45:00,381.55,382.1,381.5,382.05,194715
2026-02-05 09:50:00,382.0,383.05,382.0,382.9,387507
2026-02-05 09:55:00,382.9,383.0,381.15,381.2,177239
2026-02-06 03:45:00,382.5,386.8,381.35,386.1,467639
2026-02-06 03:50:00,386.1,386.6,385.2,385.2,251758
2026-02-06 03:55:00,385.2,385.4,384.0,384.35,169223
2026-02-06 04:00:00,384.35,385.05,383.25,383.6,193183
2026-02-06 04:05:00,383.55,384.65,383.0,384.15,129533
2026-02-06 04:10:00,384.15,384.35,383.35,383.4,86914
2026-02-06 04:15:00,383.45,384.15,383.15,383.8,81322
2026-02-06 04:20:00,383.85,384.35,383.4,384.0,82347
2026-02-06 04:25:00,383.8,384.0,383.2,383.65,91190
2026-02-06 04:30:00,383.65,384.25,383.0,383.7,87013
2026-02-06 04:35:00,383.7,384.15,383.3,383.55,100358
2026-02-06 04:40:00,383.5,383.6,383.1,383.25,74103
2026-02-06 04:45:00,383.3,384.9,382.85,384.45,166748
2026-02-06 04:50:00,384.3,385.0,384.05,384.25,106669
2026-02-06 04:55:00,384.35,384.65,383.95,384.1,83758
2026-02-06 05:00:00,384.1,384.65,383.25,383.35,149429
2026-02-06 05:05:00,383.35,384.15,382.5,382.9,96415
2026-02-06 05:10:00,382.9,383.3,382.4,382.6,162296
2026-02-06 05:15:00,382.65,383.6,382.55,383.4,111008
2026-02-06 05:20:00,383.4,383.65,383.3,383.3,77187
2026-02-06 05:25:00,383.3,383.6,382.75,383.6,78390
2026-02-06 05:30:00,383.55,384.4,383.35,384.1,118442
2026-02-06 05:35:00,384.1,384.5,383.55,383.8,203676
2026-02-06 05:40:00,383.75,384.0,383.2,383.2,59450
2026-02-06 05:45:00,383.2,383.55,382.8,383.45,69766
2026-02-06 05:50:00,383.4,384.5,383.4,383.85,72336
2026-02-06 05:55:00,383.9,384.35,383.7,384.25,53765
2026-02-06 06:00:00,384.2,384.85,384.05,384.6,46330
2026-02-06 06:05:00,384.6,384.85,384.35,384.4,43725
2026-02-06 06:10:00,384.4,384.55,384.1,384.15,56442
2026-02-06 06:15:00,384.15,384.3,383.85,384.15,45665
2026-02-06 06:20:00,384.2,384.5,383.6,384.25,114151
2026-02-06 06:25:00,384.3,385.35,384.25,385.0,102724
2026-02-06 06:30:00,385.05,385.3,384.75,384.75,37528
2026-02-06 06:35:00,384.9,384.95,384.35,384.5,61883
2026-02-06 06:40:00,384.45,384.55,383.9,384.5,65553
2026-02-06 06:45:00,384.55,385.25,384.5,385.15,31747
2026-02-06 06:50:00,385.15,385.25,384.5,384.5,40030
2026-02-06 06:55:00,384.5,384.6,384.1,384.4,44369
2026-02-06 07:00:00,384.45,384.5,384.1,384.15,30800
2026-02-06 07:05:00,384.15,385.05,384.1,384.2,98049
2026-02-06 07:10:00,384.2,384.5,383.15,383.3,106225
2026-02-06 07:15:00,383.25,383.45,382.65,382.85,67443
2026-02-06 07:20:00,382.85,383.45,382.8,383.1,36263
2026-02-06 07:25:00,383.1,383.85,383.0,383.55,61575
2026-02-06 07:30:00,383.5,384.35,383.5,384.35,66689
2026-02-06 07:35:00,384.35,384.9,384.25,384.35,40098
2026-02-06 07:40:00,384.3,384.5,384.2,384.4,24123
2026-02-06 07:45:00,384.4,384.6,384.05,384.2,53717
2026-02-06 07:50:00,384.2,384.25,383.05,383.6,163289
2026-02-06 07:55:00,383.6,383.9,383.5,383.65,39132
2026-02-06 08:00:00,383.7,384.1,383.5,383.55,60824
2026-02-06 08:05:00,383.55,384.5,383.55,384.05,44465
2026-02-06 08:10:00,384.15,384.15,383.65,383.95,37269
2026-02-06 08:15:00,383.75,383.95,383.5,383.6,39415
2026-02-06 08:20:00,383.65,384.2,383.65,384.2,36953
2026-02-06 08:25:00,384.3,384.5,384.0,384.35,48035
2026-02-06 08:30:00,384.4,384.8,384.2,384.7,85456
2026-02-06 08:35:00,384.6,385.0,384.5,384.65,60439
2026-02-06 08:40:00,384.65,385.0,384.5,384.8,35351
2026-02-06 08:45:00,384.85,384.95,384.45,384.75,35050
2026-02-06 08:50:00,384.95,385.0,384.4,384.4,52916
2026-02-06 08:55:00,384.35,384.8,384.35,384.6,53829
2026-02-06 09:00:00,384.65,384.8,384.5,384.7,28074
2026-02-06 09:05:00,384.7,385.3,384.7,385.05,98507
2026-02-06 09:10:00,385.25,385.8,385.05,385.6,49514
2026-02-06 09:15:00,385.6,385.75,385.2,385.4,86135
2026-02-06 09:20:00,385.3,385.65,385.2,385.5,67544
2026-02-06 09:25:00,385.55,386.0,385.45,385.95,129334
2026-02-06 09:30:00,386.2,386.6,385.9,386.15,287200
2026-02-06 09:35:00,386.2,386.55,385.9,386.3,490605
2026-02-06 09:40:00,386.3,386.7,386.1,386.55,327836
2026-02-06 09:45:00,386.6,386.7,386.5,386.65,257259
2026-02-06 09:50:00,386.55,386.9,386.45,386.5,376910
2026-02-06 09:55:00,386.45,386.45,384.0,384.5,262055
2026-02-09 03:45:00,386.5,387.0,383.05,383.3,281160
2026-02-09 03:50:00,383.3,385.65,382.9,385.3,121412
2026-02-09 03:55:00,385.3,385.9,384.7,385.7,80044
2026-02-09 04:00:00,385.7,386.65,385.65,386.1,117492
2026-02-09 04:05:00,386.2,386.45,385.5,385.55,78464
2026-02-09 04:10:00,385.5,386.25,385.5,385.95,51942
2026-02-09 04:15:00,385.9,386.15,384.9,384.95,64305
2026-02-09 04:20:00,385.1,385.4,385.0,385.2,56192
2026-02-09 04:25:00,385.35,386.2,385.2,385.9,42854
2026-02-09 04:30:00,385.9,386.85,385.75,386.75,53306
2026-02-09 04:35:00,386.75,386.9,386.25,386.45,55607
2026-02-09 04:40:00,386.5,386.65,386.2,386.45,35993
2026-02-09 04:45:00,386.35,386.7,386.0,386.55,57490
2026-02-09 04:50:00,386.5,387.0,386.35,386.75,53257
2026-02-09 04:55:00,386.8,388.0,386.5,387.9,119324
2026-02-09 05:00:00,387.9,389.2,387.7,388.95,133811
2026-02-09 05:05:00,388.75,388.9,388.1,388.4,63321
2026-02-09 05:10:00,388.4,388.45,388.0,388.25,24240
2026-02-09 05:15:00,388.3,388.35,387.4,387.5,39489
2026-02-09 05:20:00,387.55,388.45,387.5,388.45,23903
2026-02-09 05:25:00,388.45,388.5,388.0,388.05,36079
2026-02-09 05:30:00,388.1,388.2,388.05,388.1,22758
2026-02-09 05:35:00,388.1,388.5,388.1,388.35,33366
2026-02-09 05:40:00,388.3,388.45,387.8,387.8,37059
2026-02-09 05:45:00,387.8,387.8,387.5,387.65,21915
2026-02-09 05:50:00,387.7,388.0,387.45,387.7,46790
2026-02-09 05:55:00,387.8,388.0,387.7,387.7,27165
2026-02-09 06:00:00,387.75,387.75,387.0,387.15,48852
2026-02-09 06:05:00,387.3,387.6,387.0,387.4,40747
2026-02-09 06:10:00,387.35,388.0,387.3,387.7,32356
2026-02-09 06:15:00,387.7,387.75,387.5,387.7,27421
2026-02-09 06:20:00,387.6,387.75,387.3,387.45,26198
2026-02-09 06:25:00,387.45,387.8,387.35,387.45,38621
2026-02-09 06:30:00,387.4,387.9,386.75,387.35,142880
2026-02-09 06:35:00,387.3,387.9,387.25,387.75,19693
2026-02-09 06:40:00,387.75,388.25,387.45,387.9,61790
2026-02-09 06:45:00,387.9,388.35,387.75,388.25,33607
2026-02-09 06:50:00,388.25,388.45,388.0,388.25,42191
2026-02-09 06:55:00,388.15,388.25,388.15,388.25,19414
2026-02-09 07:00:00,388.2,388.5,387.95,388.35,54930
2026-02-09 07:05:00,388.3,388.5,388.1,388.2,48745
2026-02-09 07:10:00,388.15,388.2,387.2,387.5,35744
2026-02-09 07:15:00,387.4,387.75,387.4,387.6,18820
2026-02-09 07:20:00,387.65,388.0,387.6,387.8,22548
2026-02-09 07:25:00,387.75,388.35,387.7,388.3,55946
2026-02-09 07:30:00,388.15,388.35,387.8,387.8,36387
2026-02-09 07:35:00,387.85,388.0,387.3,387.7,21828
2026-02-09 07:40:00,387.75,388.0,387.6,387.6,31640
2026-02-09 07:45:00,387.6,387.95,387.3,387.35,45346
2026-02-09 07:50:00,387.3,387.6,387.3,387.55,24360
2026-02-09 07:55:00,387.25,387.4,387.1,387.15,34600
2026-02-09 08:00:00,387.15,387.7,387.1,387.55,23740
2026-02-09 08:05:00,387.55,387.75,387.25,387.4,26019
2026-02-09 08:10:00,387.45,387.75,387.4,387.55,28599
2026-02-09 08:15:00,387.7,388.0,387.5,387.9,23552
2026-02-09 08:20:00,388.0,388.0,387.7,387.7,25669
2026-02-09 08:25:00,387.75,388.0,386.8,387.0,59738
2026-02-09 08:30:00,387.1,387.3,386.85,386.95,49928
2026-02-09 08:35:00,387.0,387.45,386.9,387.15,34965
2026-02-09 08:40:00,387.2,387.35,387.0,387.05,36242
2026-02-09 08:45:00,387.1,387.4,386.8,386.85,50145
2026-02-09 08:50:00,386.9,387.75,386.9,387.6,57367
2026-02-09 08:55:00,387.65,388.0,387.55,387.55,40235
2026-02-09 09:00:00,387.6,387.65,386.75,387.15,112342
2026-02-09 09:05:00,387.15,387.95,387.1,387.75,56391
2026-02-09 09:10:00,387.8,388.05,387.55,387.75,124643
2026-02-09 09:15:00,387.75,387.85,387.6,387.7,42658
2026-02-09 09:20:00,387.75,388.0,387.65,387.85,67161
2026-02-09 09:25:00,387.85,388.25,387.75,387.9,99246
2026-02-09 09:30:00,388.0,389.0,388.0,388.9,201196
2026-02-09 09:35:00,388.9,389.5,388.75,389.3,255150
2026-02-09 09:40:00,389.3,389.35,388.8,389.2,212868
2026-02-09 09:45:00,389.25,389.25,387.35,387.5,319795
2026-02-09 09:50:00,387.45,387.8,387.15,387.25,229281
2026-02-09 09:55:00,387.25,387.7,385.5,385.8,228446
2026-02-10 03:45:00,386.0,386.95,382.7,382.85,226785
2026-02-10 03:50:00,382.85,383.3,381.9,383.15,137453
2026-02-10 03:55:00,383.15,384.2,382.55,384.0,95985
2026-02-10 04:00:00,384.15,385.2,383.2,385.05,105611
2026-02-10 04:05:00,385.05,385.3,384.5,384.55,54333
2026-02-10 04:10:00,384.6,384.95,384.4,384.5,58414
2026-02-10 04:15:00,384.3,384.85,384.25,384.7,24428
2026-02-10 04:20:00,384.7,384.7,383.95,384.05,40969
2026-02-10 04:25:00,383.9,384.75,383.7,384.75,25756
2026-02-10 04:30:00,384.75,384.8,382.65,382.95,74216
2026-02-10 04:35:00,382.9,383.05,382.55,382.65,62540
2026-02-10 04:40:00,382.6,382.95,382.2,382.35,33838
2026-02-10 04:45:00,382.2,382.7,382.2,382.35,31900
2026-02-10 04:50:00,382.25,383.3,382.15,383.15,28482
2026-02-10 04:55:00,383.15,383.95,383.15,383.95,30074
2026-02-10 05:00:00,383.85,384.2,383.6,384.05,43164
2026-02-10 05:05:00,383.95,384.4,383.9,384.15,24382
2026-02-10 05:10:00,384.3,384.45,383.95,384.0,27593
2026-02-10 05:15:00,383.95,384.35,383.65,384.2,32225
2026-02-10 05:20:00,384.2,384.5,384.15,384.4,18968
2026-02-10 05:25:00,384.4,384.45,383.8,383.8,10618
2026-02-10 05:30:00,383.85,384.1,383.8,384.1,12337
2026-02-10 05:35:00,384.05,384.1,383.8,383.85,13594
2026-02-10 05:40:00,383.8,384.0,383.55,383.95,19063
2026-02-10 05:45:00,383.95,384.35,383.2,383.45,29342
2026-02-10 05:50:00,383.2,383.8,383.0,383.1,41303
2026-02-10 05:55:00,383.15,383.6,383.1,383.4,16753
2026-02-10 06:00:00,383.4,383.5,383.15,383.15,30773
2026-02-10 06:05:00,383.2,384.5,383.0,384.5,65251
2026-02-10 06:10:00,384.4,384.8,384.15,384.65,40763
2026-02-10 06:15:00,384.65,384.8,384.5,384.6,19071
2026-02-10 06:20:00,384.65,384.9,384.5,384.8,11992
2026-02-10 06:25:00,384.8,385.0,384.7,384.85,14007
2026-02-10 06:30:00,384.85,384.95,384.5,384.85,18604
2026-02-10 06:35:00,384.7,384.85,384.6,384.7,14790
2026-02-10 06:40:00,384.7,384.9,384.5,384.55,30729
2026-02-10 06:45:00,384.6,384.7,384.2,384.2,10769
2026-02-10 06:50:00,384.2,384.35,384.0,384.3,13838
2026-02-10 06:55:00,384.15,384.3,383.75,384.0,21444
2026-02-10 07:00:00,383.85,384.4,383.85,384.4,16921
2026-02-10 07:05:00,384.25,384.4,384.1,384.2,13649
2026-02-10 07:10:00,384.15,384.4,384.15,384.3,11865
2026-02-10 07:15:00,384.3,384.8,384.3,384.7,22246
2026-02-10 07:20:00,384.7,385.0,384.65,384.9,25844
2026-02-10 07:25:00,384.8,385.8,384.8,385.7,67093
2026-02-10 07:30:00,385.55,385.6,385.1,385.15,19909
2026-02-10 07:35:00,385.1,385.4,385.0,385.4,16710
2026-02-10 07:40:00,385.25,386.0,385.25,386.0,20321
2026-02-10 07:45:00,386.0,386.0,385.4,385.4,23763
2026-02-10 07:50:00,385.4,385.45,384.6,384.6,27258
2026-02-10 07:55:00,384.65,384.9,384.5,384.5,32193
2026-02-10 08:00:00,384.5,384.55,383.9,383.9,22535
2026-02-10 08:05:00,383.9,384.0,383.55,383.6,23030
2026-02-10 08:10:00,383.7,383.9,383.5,383.85,15262
2026-02-10 08:15:00,383.75,384.4,383.7,384.3,18521
2026-02-10 08:20:00,384.2,384.85,384.05,384.85,10852
2026-02-10 08:25:00,384.7,384.85,384.3,384.35,11119
2026-02-10 08:30:00,384.3,384.4,383.85,384.05,30308
2026-02-10 08:35:00,384.2,384.7,384.05,384.7,17923
2026-02-10 08:40:00,384.5,384.85,384.2,384.7,22006
2026-02-10 08:45:00,384.7,385.1,384.7,385.05,19051
2026-02-10 08:50:00,385.05,385.25,385.05,385.15,19067
2026-02-10 08:55:00,385.15,385.15,384.1,384.1,15009
2026-02-10 09:00:00,384.1,385.2,384.0,385.05,38885
2026-02-10 09:05:00,385.05,385.25,385.0,385.25,29394
2026-02-10 09:10:00,385.25,385.75,385.2,385.75,47556
2026-02-10 09:15:00,385.75,386.3,385.7,386.3,67855
2026-02-10 09:20:00,386.3,386.95,386.15,386.8,68367
2026-02-10 09:25:00,386.8,386.9,386.45,386.8,29954
2026-02-10 09:30:00,386.8,388.0,386.8,387.05,155783
2026-02-10 09:35:00,387.05,387.1,386.2,386.5,81800
2026-02-10 09:40:00,386.5,386.5,385.5,385.55,93800
2026-02-10 09:45:00,385.55,386.2,385.5,385.85,115484
2026-02-10 09:50:00,385.8,385.85,385.65,385.8,100199
2026-02-10 09:55:00,385.75,386.45,384.6,386.0,139712
2026-02-11 03:45:00,388.0,388.5,386.0,387.85,202957
2026-02-11 03:50:00,388.05,389.35,387.25,388.55,141407
2026-02-11 03:55:00,388.65,388.7,387.85,388.5,77782
2026-02-11 04:00:00,388.5,388.65,387.15,387.3,81641
2026-02-11 04:05:00,387.4,387.75,387.1,387.6,54614
2026-02-11 04:10:00,387.6,387.8,387.0,387.5,83894
2026-02-11 04:15:00,387.5,388.0,387.3,387.85,48799
2026-02-11 04:20:00,387.65,388.1,387.35,387.9,53041
2026-02-11 04:25:00,388.05,388.6,388.0,388.35,73629
2026-02-11 04:30:00,388.35,388.65,387.95,388.2,59667
2026-02-11 04:35:00,388.2,388.9,388.15,388.8,66877
2026-02-11 04:40:00,388.8,388.9,388.1,388.4,57656
2026-02-11 04:45:00,388.4,389.3,388.1,389.25,72623
2026-02-11 04:50:00,389.3,390.5,389.25,390.3,182750
2026-02-11 04:55:00,390.4,390.9,389.85,389.9,130864
2026-02-11 05:00:00,389.85,390.15,388.85,389.4,64889
2026-02-11 05:05:00,389.4,389.7,389.2,389.2,82007
2026-02-11 05:10:00,389.2,389.85,388.4,388.45,65982
2026-02-11 05:15:00,388.55,389.7,388.55,389.65,39370
2026-02-11 05:20:00,389.8,389.9,389.4,389.6,27330
2026-02-11 05:25:00,389.55,389.95,389.5,389.55,52651
2026-02-11 05:30:00,389.5,389.6,389.0,389.25,40131
2026-02-11 05:35:00,389.05,389.25,387.45,387.6,83801
2026-02-11 05:40:00,387.35,387.45,386.8,387.3,84233
2026-02-11 05:45:00,387.5,387.8,387.2,387.2,42760
2026-02-11 05:50:00,387.25,387.55,386.5,387.0,59830
2026-02-11 05:55:00,387.0,387.3,386.85,387.25,17273
2026-02-11 06:00:00,387.3,387.6,387.15,387.15,57450
2026-02-11 06:05:00,387.15,387.25,386.8,387.0,106073
2026-02-11 06:10:00,386.95,387.2,386.95,387.15,18309
2026-02-11 06:15:00,387.15,387.5,387.15,387.45,29027
2026-02-11 06:20:00,387.4,387.7,387.4,387.45,37304
2026-02-11 06:25:00,387.4,387.85,387.25,387.6,29740
2026-02-11 06:30:00,387.65,388.0,387.4,387.45,55807
2026-02-11 06:35:00,387.4,387.65,387.1,387.15,20509
2026-02-11 06:40:00,387.15,387.5,387.1,387.3,22967
2026-02-11 06:45:00,387.3,387.4,387.15,387.3,26859
2026-02-11 06:50:00,387.3,387.4,387.3,387.3,16630
2026-02-11 06:55:00,387.3,387.5,387.25,387.45,23876
2026-02-11 07:00:00,387.4,387.75,387.4,387.5,32012
2026-02-11 07:05:00,387.55,388.1,387.45,387.8,44591
2026-02-11 07:10:00,387.8,388.0,387.6,387.7,23593
2026-02-11 07:15:00,387.7,387.85,386.85,387.85,78043
2026-02-11 07:20:00,387.8,388.1,387.05,387.35,54339
2026-02-11 07:25:00,387.25,387.7,387.25,387.3,26927
2026-02-11 07:30:00,387.3,387.45,387.2,387.2,23858
2026-02-11 07:35:00,387.2,387.5,387.2,387.5,22969
2026-02-11 07:40:00,387.4,387.5,387.2,387.25,25652
2026-02-11 07:45:00,387.3,387.55,386.1,386.1,96176
2026-02-11 07:50:00,386.1,386.5,386.1,386.45,36422
2026-02-11 07:55:00,386.45,387.0,386.45,386.95,13316
2026-02-11 08:00:00,386.95,387.0,386.9,386.95,22109
2026-02-11 08:05:00,386.95,387.15,386.95,386.95,39252
2026-02-11 08:10:00,386.95,387.05,386.75,386.9,23136
2026-02-11 08:15:00,386.9,387.0,386.3,386.4,42992
2026-02-11 08:20:00,386.4,386.7,386.25,386.6,17521
2026-02-11 08:25:00,386.6,386.9,386.6,386.7,38522
2026-02-11 08:30:00,386.7,386.75,386.4,386.5,24825
2026-02-11 08:35:00,386.45,386.5,386.15,386.3,48422
2026-02-11 08:40:00,386.3,386.45,386.2,386.4,29296
2026-02-11 08:45:00,386.4,387.0,386.4,386.95,47975
2026-02-11 08:50:00,386.95,387.0,386.2,386.55,224581
2026-02-11 08:55:00,386.55,386.75,386.15,386.15,33169
2026-02-11 09:00:00,386.1,386.6,386.1,386.5,25058
2026-02-11 09:05:00,386.5,386.75,386.4,386.5,34543
2026-02-11 09:10:00,386.5,386.85,386.4,386.6,42165
2026-02-11 09:15:00,386.5,386.75,386.4,386.75,40894
2026-02-11 09:20:00,386.6,386.75,386.45,386.45,37975
2026-02-11 09:25:00,386.45,386.95,386.4,386.85,56895
2026-02-11 09:30:00,387.0,387.45,387.0,387.2,246871
2026-02-11 09:35:00,387.2,388.4,387.1,387.4,166599
2026-02-11 09:40:00,387.4,387.4,387.15,387.25,162579
2026-02-11 09:45:00,387.3,387.4,386.9,387.35,186639
2026-02-11 09:50:00,387.4,388.5,387.35,388.3,390069
2026-02-11 09:55:00,388.35,388.5,388.0,388.2,164436
2026-02-12 03:45:00,387.05,389.5,386.7,388.75,221502
2026-02-12 03:50:00,388.75,389.35,387.5,387.5,138780
2026-02-12 03:55:00,387.5,387.95,386.2,386.4,315323
2026-02-12 04:00:00,386.4,387.0,386.15,386.75,63648
2026-02-12 04:05:00,387.0,387.25,386.8,387.05,41450
2026-02-12 04:10:00,387.1,387.5,387.05,387.25,29662
2026-02-12 04:15:00,387.25,387.55,386.75,387.25,36497
2026-02-12 04:20:00,387.25,387.7,387.2,387.3,37969
2026-02-12 04:25:00,387.2,388.0,386.25,386.35,58146
2026-02-12 04:30:00,386.35,386.6,386.0,386.35,42080
2026-02-12 04:35:00,386.35,386.5,385.8,386.05,44797
2026-02-12 04:40:00,386.05,386.05,384.75,385.3,47745
2026-02-12 04:45:00,385.1,385.4,383.75,384.1,50364
2026-02-12 04:50:00,384.0,384.75,383.95,384.35,53547
2026-02-12 04:55:00,384.3,384.4,384.0,384.3,17027
2026-02-12 05:00:00,384.3,384.45,384.15,384.15,33844
2026-02-12 05:05:00,384.15,384.2,383.1,383.55,48252
2026-02-12 05:10:00,383.5,383.6,382.1,382.15,91681
2026-02-12 05:15:00,382.3,382.5,380.65,380.7,88677
2026-02-12 05:20:00,380.7,381.1,380.0,380.15,67699
2026-02-12 05:25:00,380.0,380.3,379.8,380.0,73880
2026-02-12 05:30:00,380.0,380.5,379.05,380.45,74417
2026-02-12 05:35:00,380.45,380.5,379.6,379.75,35211
2026-02-12 05:40:00,379.9,379.9,379.5,379.85,27611
2026-02-12 05:45:00,379.8,380.0,379.25,379.4,44831
2026-02-12 05:50:00,379.4,379.45,378.5,378.7,59898
2026-02-12 05:55:00,378.6,379.1,377.75,378.1,92455
2026-02-12 06:00:00,378.25,378.45,377.65,377.8,35178
2026-02-12 06:05:00,377.8,377.95,377.0,377.15,54088
2026-02-12 06:10:00,377.3,377.4,377.0,377.2,31623
2026-02-12 06:15:00,377.15,377.85,377.1,377.7,54491
2026-02-12 06:20:00,377.5,377.75,377.1,377.5,45410
2026-02-12 06:25:00,377.5,377.85,377.15,377.55,30546
2026-02-12 06:30:00,377.65,377.95,377.55,377.6,30532
2026-02-12 06:35:00,377.6,378.15,377.6,377.9,26455
2026-02-12 06:40:00,377.9,378.35,377.35,377.4,41022
2026-02-12 06:45:00,377.35,377.9,377.2,377.8,22185
2026-02-12 06:50:00,377.8,378.9,377.8,378.65,33286
2026-02-12 06:55:00,378.65,378.65,378.0,378.2,34964
2026-02-12 07:00:00,378.2,378.5,378.1,378.2,53077
2026-02-12 07:05:00,378.15,378.2,377.7,377.9,31753
2026-02-12 07:10:00,377.75,378.85,377.75,378.7,27788
2026-02-12 07:15:00,378.8,379.0,378.35,378.65,29754
2026-02-12 07:20:00,378.75,379.8,378.65,379.5,74668
2026-02-12 07:25:00,379.55,379.8,378.0,378.1,62418
2026-02-12 07:30:00,378.1,378.25,377.65,378.05,44344
2026-02-12 07:35:00,378.05,378.45,377.8,377.8,44737
2026-02-12 07:40:00,377.75,378.05,377.5,377.55,46943
2026-02-12 07:45:00,377.6,379.1,377.6,378.35,52665
2026-02-12 07:50:00,378.35,378.8,378.2,378.55,54529
2026-02-12 07:55:00,378.6,378.95,378.45,378.6,58605
2026-02-12 08:00:00,378.85,378.95,378.5,378.6,61557
2026-02-12 08:05:00,378.55,379.0,378.5,378.8,54894
2026-02-12 08:10:00,378.8,379.2,378.5,378.5,54801
2026-02-12 08:15:00,378.45,378.95,378.25,378.25,56648
2026-02-12 08:20:00,378.25,378.35,377.75,378.05,81363
2026-02-12 08:25:00,378.0,378.55,378.0,378.05,55047
2026-02-12 08:30:00,378.0,378.05,377.35,377.5,69201
2026-02-12 08:35:00,377.6,377.7,377.3,377.5,66951
2026-02-12 08:40:00,377.35,377.65,377.3,377.5,63900
2026-02-12 08:45:00,377.3,377.55,377.15,377.5,67516
2026-02-12 08:50:00,377.3,377.95,377.25,377.7,99007
2026-02-12 08:55:00,377.7,378.0,377.5,377.5,53244
2026-02-12 09:00:00,377.55,377.7,376.95,377.1,106927
2026-02-12 09:05:00,377.1,377.1,375.0,375.55,993354
2026-02-12 09:10:00,375.45,375.7,374.95,375.3,120118
2026-02-12 09:15:00,375.3,375.35,374.4,374.65,87563
2026-02-12 09:20:00,374.6,374.75,373.55,374.75,292157
2026-02-12 09:25:00,374.75,376.25,374.65,376.05,93726
2026-02-12 09:30:00,376.3,377.8,376.05,377.25,161347
2026-02-12 09:35:00,377.2,378.05,377.15,377.65,114774
2026-02-12 09:40:00,377.6,377.8,377.2,377.3,142048
2026-02-12 09:45:00,377.25,378.3,377.25,378.3,150090
2026-02-12 09:50:00,378.2,378.6,377.75,378.0,201989
2026-02-12 09:55:00,378.0,378.15,377.3,377.9,136019
2026-02-13 03:45:00,377.45,377.45,374.6,374.85,166042
2026-02-13 03:50:00,374.95,378.25,374.55,377.8,79991
2026-02-13 03:55:00,377.8,378.4,376.7,376.95,57234
2026-02-13 04:00:00,376.95,377.0,375.45,375.8,41783
2026-02-13 04:05:00,375.8,375.8,374.85,374.85,35072
2026-02-13 04:10:00,374.85,377.2,374.6,377.15,51475
2026-02-13 04:15:00,377.15,377.15,375.8,376.2,47328
2026-02-13 04:20:00,376.25,376.25,375.7,375.75,30344
2026-02-13 04:25:00,375.75,376.05,375.4,375.6,31732
2026-02-13 04:30:00,375.65,375.65,374.0,374.9,44825
2026-02-13 04:35:00,374.65,375.45,374.3,374.95,46807
2026-02-13 04:40:00,375.1,375.1,374.0,374.25,21838
2026-02-13 04:45:00,374.25,375.25,373.6,374.75,46457
2026-02-13 04:50:00,374.75,376.15,374.75,376.0,33481
2026-02-13 04:55:00,376.0,376.25,375.7,376.0,33871
2026-02-13 05:00:00,376.0,377.15,375.9,376.85,19256
2026-02-13 05:05:00,376.85,377.75,376.85,377.15,48646
2026-02-13 05:10:00,377.0,377.3,376.65,376.65,14713
2026-02-13 05:15:00,376.65,376.85,375.7,375.85,22525
2026-02-13 05:20:00,375.85,375.95,375.6,375.85,12942
2026-02-13 05:25:00,375.85,375.95,375.55,375.6,16759
2026-02-13 05:30:00,375.55,375.6,375.05,375.25,35128
2026-02-13 05:35:00,375.25,375.75,375.05,375.15,22271
2026-02-13 05:40:00,375.15,375.6,375.15,375.2,14742
2026-02-13 05:45:00,375.2,375.25,374.65,374.8,22107
2026-02-13 05:50:00,374.8,374.8,374.2,374.3,30148
2026-02-13 05:55:00,374.3,375.0,374.2,374.4,20679
2026-02-13 06:00:00,374.55,374.55,374.0,374.0,15887
2026-02-13 06:05:00,374.15,374.45,374.0,374.15,13150
2026-02-13 06:10:00,374.15,374.6,373.75,374.5,25641
2026-02-13 06:15:00,374.6,374.95,374.5,374.5,13704
2026-02-13 06:20:00,374.5,374.9,374.45,374.55,10580
2026-02-13 06:25:00,374.55,375.05,374.45,374.7,14732
2026-02-13 06:30:00,374.8,374.8,374.7,374.7,10089
2026-02-13 06:35:00,374.7,375.15,374.7,375.05,15733
2026-02-13 06:40:00,375.05,375.3,374.8,375.15,22941
2026-02-13 06:45:00,375.25,375.35,374.75,375.1,13213
2026-02-13 06:50:00,375.1,375.5,375.0,375.2,9307
2026-02-13 06:55:00,375.2,376.05,375.2,375.6,34524
2026-02-13 07:00:00,375.6,375.95,375.6,375.85,7054
2026-02-13 07:05:00,375.9,375.9,375.05,375.15,11697
2026-02-13 07:10:00,375.2,375.4,375.15,375.25,5323
2026-02-13 07:15:00,375.3,375.65,374.85,375.1,33761
2026-02-13 07:20:00,375.1,375.1,374.5,374.7,14008
2026-02-13 07:25:00,374.7,374.95,374.7,374.8,6091
2026-02-13 07:30:00,374.8,374.9,374.5,374.55,16050
2026-02-13 07:35:00,374.55,375.0,374.5,375.0,6713
2026-02-13 07:40:00,375.0,375.5,374.9,375.2,14101
2026-02-13 07:45:00,375.2,375.75,375.2,375.6,12128
2026-02-13 07:50:00,375.55,375.6,375.2,375.2,24875
2026-02-13 07:55:00,375.2,375.3,374.7,374.85,14556
2026-02-13 08:00:00,374.85,375.25,374.75,374.95,11933
2026-02-13 08:05:00,374.95,375.65,374.95,375.55,8859
2026-02-13 08:10:00,375.6,376.0,375.55,375.75,9064
2026-02-13 08:15:00,375.75,375.85,374.75,374.8,17118
2026-02-13 08:20:00,374.8,375.1,374.7,375.0,12562
2026-02-13 08:25:00,375.0,375.25,375.0,375.1,6921
2026-02-13 08:30:00,375.2,375.4,375.0,375.2,11183
2026-02-13 08:35:00,375.25,375.75,375.2,375.3,30298
2026-02-13 08:40:00,375.3,376.1,375.25,376.05,17253
2026-02-13 08:45:00,376.1,376.25,375.9,375.9,11097
2026-02-13 08:50:00,376.0,376.15,375.25,375.55,31119
2026-02-13 08:55:00,375.35,376.0,375.35,375.7,14592
2026-02-13 09:00:00,375.7,375.7,375.45,375.45,14462
2026-02-13 09:05:00,375.5,375.7,375.2,375.55,31607
2026-02-13 09:10:00,375.65,375.65,375.05,375.05,18658
2026-02-13 09:15:00,375.05,375.35,374.5,374.7,47661
2026-02-13 09:20:00,374.7,375.9,374.6,375.8,47238
2026-02-13 09:25:00,375.65,376.15,375.55,375.85,45894
2026-02-13 09:30:00,376.0,376.05,374.7,374.75,117798
2026-02-13 09:35:00,374.8,374.85,374.0,374.05,112319
2026-02-13 09:40:00,374.05,374.45,373.85,374.25,118922
2026-02-13 09:45:00,374.25,374.45,373.6,374.0,168868
2026-02-13 09:50:00,374.0,374.15,372.95,373.8,212778
2026-02-13 09:55:00,373.8,374.9,373.5,374.3,147963
2026-02-16 03:45:00,372.65,373.5,371.1,371.7,89769
2026-02-16 03:50:00,371.7,372.25,371.2,371.8,35760
2026-02-16 03:55:00,371.8,372.1,371.2,371.75,25111
2026-02-16 04:00:00,371.95,373.05,371.55,372.75,39676
2026-02-16 04:05:00,372.55,372.75,370.75,370.75,33312
2026-02-16 04:10:00,370.75,371.05,370.05,370.5,31574
2026-02-16 04:15:00,370.65,370.7,370.0,370.5,28038
2026-02-16 04:20:00,370.5,370.85,370.1,370.35,7829
2026-02-16 04:25:00,370.35,371.4,370.25,370.95,18375
2026-02-16 04:30:00,371.0,371.5,370.5,370.8,14960
2026-02-16 04:35:00,370.8,371.0,370.4,370.75,13455
2026-02-16 04:40:00,370.75,370.95,370.15,370.35,20208
2026-02-16 04:45:00,370.3,370.4,369.6,369.6,36470
2026-02-16 04:50:00,369.6,369.9,369.3,369.55,23333
2026-02-16 04:55:00,369.5,369.55,369.05,369.4,20929
2026-02-16 05:00:00,369.4,370.75,369.2,370.3,26848
2026-02-16 05:05:00,370.5,370.6,369.1,369.2,20567
2026-02-16 05:10:00,369.1,370.5,369.1,370.25,11363
2026-02-16 05:15:00,370.35,370.5,370.0,370.0,7037
2026-02-16 05:20:00,370.05,370.4,369.95,370.2,13269
2026-02-16 05:25:00,370.25,370.25,369.25,370.0,14530
2026-02-16 05:30:00,369.85,370.25,369.5,370.0,15378
2026-02-16 05:35:00,370.1,370.25,369.6,369.8,4389
2026-02-16 05:40:00,369.7,369.9,369.6,369.7,4195
2026-02-16 05:45:00,369.8,370.45,369.8,369.95,32042
2026-02-16 05:50:00,369.95,370.0,369.5,369.85,12178
2026-02-16 05:55:00,369.85,370.0,369.7,369.95,14369
2026-02-16 06:00:00,369.9,369.95,369.3,369.4,9632
2026-02-16 06:05:00,369.4,369.95,369.3,369.85,10090
2026-02-16 06:10:00,369.95,369.95,369.45,369.45,11182
2026-02-16 06:15:00,369.5,369.55,369.1,369.15,20424
2026-02-16 06:20:00,369.15,369.5,369.1,369.3,15058
2026-02-16 06:25:00,369.35,370.9,369.3,370.1,38433
2026-02-16 06:30:00,370.1,370.95,370.1,370.55,18764
2026-02-16 06:35:00,370.55,370.85,370.25,370.35,22605
2026-02-16 06:40:00,370.4,370.65,370.3,370.35,15960
2026-02-16 06:45:00,370.55,371.5,370.25,371.0,33756
2026-02-16 06:50:00,371.0,371.25,370.95,370.95,11861
2026-02-16 06:55:00,371.0,371.25,370.8,370.9,14829
2026-02-16 07:00:00,370.95,371.15,370.75,371.0,10096
2026-02-16 07:05:00,371.0,371.25,370.2,370.3,17193
2026-02-16 07:10:00,370.35,370.95,370.3,370.8,15734
2026-02-16 07:15:00,370.8,371.2,370.7,370.8,18502
2026-02-16 07:20:00,370.8,371.05,370.7,370.9,5016
2026-02-16 07:25:00,371.1,371.3,370.85,371.1,10644
2026-02-16 07:30:00,371.1,371.95,371.1,371.4,19024
2026-02-16 07:35:00,371.4,371.8,371.3,371.7,9488
2026-02-16 07:40:00,371.7,372.0,371.55,371.7,18366
2026-02-16 07:45:00,371.7,371.8,371.6,371.7,13300
2026-02-16 07:50:00,371.7,372.05,371.45,371.55,33506
2026-02-16 07:55:00,371.55,371.6,371.35,371.6,13682
2026-02-16 08:00:00,371.6,372.05,371.25,371.75,30683
2026-02-16 08:05:00,371.85,372.5,371.7,372.3,32955
2026-02-16 08:10:00,372.4,372.65,372.05,372.05,33594
2026-02-16 08:15:00,372.1,372.6,372.0,372.25,13094
2026-02-16 08:20:00,372.35,372.35,372.0,372.3,16112
2026-02-16 08:25:00,372.3,372.4,372.0,372.1,22029
2026-02-16 08:30:00,372.1,372.45,372.05,372.2,8354
2026-02-16 08:35:00,372.2,372.35,372.05,372.1,13257
2026-02-16 08:40:00,372.1,372.8,372.1,372.65,13759
2026-02-16 08:45:00,372.65,373.0,372.4,372.4,22898
2026-02-16 08:50:00,372.4,372.75,372.4,372.5,8964
2026-02-16 08:55:00,372.5,372.85,372.5,372.65,16077
2026-02-16 09:00:00,372.75,373.15,372.65,373.0,23108
2026-02-16 09:05:00,373.05,373.4,372.65,372.95,24852
2026-02-16 09:10:00,372.75,373.3,372.75,372.9,9793
2026-02-16 09:15:00,372.9,373.3,372.45,373.2,24608
2026-02-16 09:20:00,373.15,373.75,373.0,373.15,21528
2026-02-16 09:25:00,373.15,374.1,373.15,374.0,30216
2026-02-16 09:30:00,374.25,374.95,373.8,374.05,40605
2026-02-16 09:35:00,374.2,374.5,373.85,374.15,30863
2026-02-16 09:40:00,374.2,374.2,373.75,373.8,36202
2026-02-16 09:45:00,373.8,374.6,373.6,374.3,55906
2026-02-16 09:50:00,374.4,375.0,374.2,374.5,69327
2026-02-16 09:55:00,374.5,375.3,374.3,374.45,79236
2026-02-17 03:45:00,374.35,374.95,372.1,372.7,50480
2026-02-17 03:50:00,372.35,372.5,371.4,371.8,28214
2026-02-17 03:55:00,371.8,372.0,371.5,371.65,18989
2026-02-17 04:00:00,371.65,371.85,370.0,370.0,52159
2026-02-17 04:05:00,370.05,370.3,369.3,369.9,34857
2026-02-17 04:10:00,369.9,370.6,369.7,370.35,38085
2026-02-17 04:15:00,370.35,370.6,370.0,370.3,23587
2026-02-17 04:20:00,370.15,370.75,370.1,370.75,20009
2026-02-17 04:25:00,370.55,370.7,370.15,370.15,20243
2026-02-17 04:30:00,370.15,370.25,369.5,369.55,25675
2026-02-17 04:35:00,369.5,369.75,369.25,369.5,29782
2026-02-17 04:40:00,369.5,370.0,369.2,369.75,23698
2026-02-17 04:45:00,369.75,369.75,368.6,369.0,67560
2026-02-17 04:50:00,368.9,369.2,368.7,369.2,20005
2026-02-17 04:55:00,369.0,369.35,368.8,369.2,18604
2026-02-17 05:00:00,369.35,369.5,368.85,369.05,21678
2026-02-17 05:05:00,369.05,369.05,368.25,368.5,33334
2026-02-17 05:10:00,368.5,368.65,367.6,367.65,59620
2026-02-17 05:15:00,367.6,367.65,366.55,366.9,60296
2026-02-17 05:20:00,366.9,367.35,366.7,367.1,30239
2026-02-17 05:25:00,367.35,367.75,367.1,367.35,19308
2026-02-17 05:30:00,367.35,367.6,367.0,367.6,15085
2026-02-17 05:35:00,367.45,368.4,367.1,368.25,24696
2026-02-17 05:40:00,368.25,368.25,367.65,367.85,12217
2026-02-17 05:45:00,367.85,368.5,367.7,368.35,17975
2026-02-17 05:50:00,368.25,368.8,368.2,368.8,30010
2026-02-17 05:55:00,368.7,368.85,368.4,368.45,21508
2026-02-17 06:00:00,368.35,368.45,368.1,368.35,15560
2026-02-17 06:05:00,368.25,369.45,368.15,369.1,43067
2026-02-17 06:10:00,369.1,369.25,368.5,368.6,17343
2026-02-17 06:15:00,368.8,369.45,368.7,369.3,20018
2026-02-17 06:20:00,369.15,369.45,369.1,369.4,21444
2026-02-17 06:25:00,369.3,369.55,369.2,369.45,41641
2026-02-17 06:30:00,369.45,369.65,369.15,369.25,16387
2026-02-17 06:35:00,369.05,369.8,369.0,369.45,20280
2026-02-17 06:40:00,369.4,369.45,369.1,369.25,11728
2026-02-17 06:45:00,369.25,371.55,369.25,370.55,112499
2026-02-17 06:50:00,370.5,371.4,370.4,371.0,59413
2026-02-17 06:55:00,371.0,371.0,370.5,370.65,15866
2026-02-17 07:00:00,370.45,370.95,370.4,370.95,29297
2026-02-17 07:05:00,371.0,371.1,370.7,371.05,24660
2026-02-17 07:10:00,370.85,371.9,370.8,371.8,41828
2026-02-17 07:15:00,371.8,372.2,371.7,371.9,43311
2026-02-17 07:20:00,371.8,372.5,371.8,372.15,43340
2026-02-17 07:25:00,372.05,372.4,371.9,372.0,31515
2026-02-17 07:30:00,371.8,372.2,371.55,371.55,22967
2026-02-17 07:35:00,371.6,372.4,371.55,372.15,28599
2026-02-17 07:40:00,372.35,372.35,371.65,371.7,17309
2026-02-17 07:45:00,371.65,372.0,371.4,371.8,24827
2026-02-17 07:50:00,371.75,371.95,371.65,371.95,17493
2026-02-17 07:55:00,371.85,371.95,371.65,371.8,29054
2026-02-17 08:00:00,371.7,371.9,371.65,371.8,14664
2026-02-17 08:05:00,371.85,372.0,371.5,371.5,21470
2026-02-17 08:10:00,371.5,371.7,371.4,371.65,14151
2026-02-17 08:15:00,371.45,371.6,371.15,371.25,19826
2026-02-17 08:20:00,371.1,371.45,371.0,371.3,21662
2026-02-17 08:25:00,371.3,371.7,371.05,371.7,23373
2026-02-17 08:30:00,371.6,372.35,371.5,372.35,29335
2026-02-17 08:35:00,372.35,372.9,372.15,372.6,54347
2026-02-17 08:40:00,372.6,373.5,372.3,373.15,133392
2026-02-17 08:45:00,373.05,373.65,372.7,372.7,49386
2026-02-17 08:50:00,372.75,372.95,372.6,372.75,34240
2026-02-17 08:55:00,372.6,373.5,372.5,373.3,32216
2026-02-17 09:00:00,373.3,373.45,372.95,373.25,19764
2026-02-17 09:05:00,373.4,374.55,373.25,374.5,45954
2026-02-17 09:10:00,374.5,374.5,373.45,373.7,28886
2026-02-17 09:15:00,373.7,373.75,373.3,373.6,20770
2026-02-17 09:20:00,373.6,373.8,373.3,373.75,24423
2026-02-17 09:25:00,373.75,374.4,373.6,374.0,31840
2026-02-17 09:30:00,374.4,374.7,374.4,374.65,72199
2026-02-17 09:35:00,374.7,374.95,374.65,374.85,42069
2026-02-17 09:40:00,374.75,374.85,374.5,374.75,47195
2026-02-17 09:45:00,374.7,375.3,374.5,375.1,109628
2026-02-17 09:50:00,375.15,375.4,375.05,375.35,85030
2026-02-17 09:55:00,375.4,375.8,375.0,375.0,95144
2026-02-18 03:45:00,377.0,379.15,377.0,378.25,146922
2026-02-18 03:50:00,378.25,378.3,376.4,376.95,64285
2026-02-18 03:55:00,377.0,377.45,376.4,377.0,25409
2026-02-18 04:00:00,376.85,378.05,376.85,377.65,95850
2026-02-18 04:05:00,377.6,377.7,377.2,377.6,18852
2026-02-18 04:10:00,377.45,377.9,377.25,377.55,22154
2026-02-18 04:15:00,377.55,377.65,376.25,376.6,57063
2026-02-18 04:20:00,376.6,376.8,376.15,376.45,70804
2026-02-18 04:25:00,376.5,376.85,375.75,376.5,79359
2026-02-18 04:30:00,376.5,377.85,376.4,377.75,33313
2026-02-18 04:35:00,377.75,377.85,377.0,377.35,30600
2026-02-18 04:40:00,377.35,377.85,377.2,377.5,18286
2026-02-18 04:45:00,377.5,377.9,377.45,377.7,21548
2026-02-18 04:50:00,377.65,378.0,377.55,377.85,24248
2026-02-18 04:55:00,377.85,378.0,377.65,377.95,28477
2026-02-18 05:00:00,377.8,379.1,377.75,378.6,76945
2026-02-18 05:05:00,378.6,378.75,378.35,378.55,22733
2026-02-18 05:10:00,378.55,378.55,377.8,377.85,18805
2026-02-18 05:15:00,377.85,378.0,377.55,378.0,7068
2026-02-18 05:20:00,378.0,378.1,377.55,377.85,32858
2026-02-18 05:25:00,377.9,378.0,377.7,377.95,9041
2026-02-18 05:30:00,377.85,378.2,377.75,378.15,12335
2026-02-18 05:35:00,378.15,378.2,378.0,378.15,6634
2026-02-18 05:40:00,378.15,378.35,377.9,377.95,12914
2026-02-18 05:45:00,377.9,378.15,377.85,378.0,13408
2026-02-18 05:50:00,377.85,378.35,377.8,378.1,20175
2026-02-18 05:55:00,378.1,378.5,377.85,378.45,16044
2026-02-18 06:00:00,378.45,378.55,377.9,378.55,12873
2026-02-18 06:05:00,378.5,378.6,378.0,378.15,14023
2026-02-18 06:10:00,378.0,378.2,377.75,378.0,18227
2026-02-18 06:15:00,377.95,378.3,377.9,378.2,14799
2026-02-18 06:20:00,378.1,378.3,377.9,378.3,18565
2026-02-18 06:25:00,378.15,378.75,378.1,378.65,23116
2026-02-18 06:30:00,378.5,378.7,378.3,378.6,14398
2026-02-18 06:35:00,378.55,378.8,378.4,378.75,47665
2026-02-18 06:40:00,378.6,378.85,378.45,378.85,51741
2026-02-18 06:45:00,378.6,379.45,378.45,378.85,47930
2026-02-18 06:50:00,378.65,379.6,378.65,378.8,25486
2026-02-18 06:55:00,378.75,379.0,378.5,379.0,14455
2026-02-18 07:00:00,378.8,379.55,378.8,379.5,18321
2026-02-18 07:05:00,379.45,379.75,379.3,379.7,26083
2026-02-18 07:10:00,379.7,379.75,379.05,379.5,28029
2026-02-18 07:15:00,379.35,379.5,379.0,379.1,13621
2026-02-18 07:20:00,379.15,379.75,378.35,378.75,37381
2026-02-18 07:25:00,378.55,379.15,378.55,378.7,15054
2026-02-18 07:30:00,378.7,379.25,378.6,379.2,15718
2026-02-18 07:35:00,379.05,379.4,378.95,379.35,13372
2026-02-18 07:40:00,379.35,379.4,379.05,379.35,15235
2026-02-18 07:45:00,379.25,379.35,379.05,379.35,15293
2026-02-18 07:50:00,379.25,380.0,379.25,380.0,38950
2026-02-18 07:55:00,379.9,380.3,379.9,380.0,51091
2026-02-18 08:00:00,380.1,380.2,379.9,380.2,20542
2026-02-18 08:05:00,380.2,380.2,380.0,380.2,18721
2026-02-18 08:10:00,380.05,380.25,380.0,380.2,17154
2026-02-18 08:15:00,380.05,380.4,380.05,380.3,20491
2026-02-18 08:20:00,380.2,380.45,379.95,379.95,34997
2026-02-18 08:25:00,379.95,380.5,379.75,380.5,32457
2026-02-18 08:30:00,380.45,380.5,380.0,380.35,23516
2026-02-18 08:35:00,380.25,380.45,379.8,380.2,22363
2026-02-18 08:40:00,380.15,380.7,380.1,380.7,23504
2026-02-18 08:45:00,380.6,380.8,380.4,380.8,30296
2026-02-18 08:50:00,380.75,380.8,379.9,380.3,24896
2026-02-18 08:55:00,380.15,380.3,379.7,380.15,21501
2026-02-18 09:00:00,380.15,380.5,380.0,380.1,19649
2026-02-18 09:05:00,380.1,380.45,379.9,379.9,36294
2026-02-18 09:10:00,379.9,380.15,379.65,379.85,24658
2026-02-18 09:15:00,379.8,379.85,379.45,379.8,23061
2026-02-18 09:20:00,379.8,380.0,379.65,380.0,27962
2026-02-18 09:25:00,379.95,380.5,379.95,380.1,29502
2026-02-18 09:30:00,380.5,380.85,380.2,380.5,51950
2026-02-18 09:35:00,380.55,380.7,380.35,380.65,38675
2026-02-18 09:40:00,380.65,380.95,380.6,380.9,69410
2026-02-18 09:45:00,380.9,381.4,380.85,381.25,112769
2026-02-18 09:50:00,381.25,381.35,380.8,381.0,111059
2026-02-18 09:55:00,381.0,381.35,380.3,380.9,104316
2026-02-19 03:45:00,377.45,378.85,373.7,375.1,247287
2026-02-19 03:50:00,374.8,376.6,374.6,376.1,76641
2026-02-19 03:55:00,376.1,376.6,375.85,376.5,52881
2026-02-19 04:00:00,376.45,377.05,376.15,376.5,55241
2026-02-19 04:05:00,376.5,377.2,376.45,376.85,54646
2026-02-19 04:10:00,376.8,376.9,376.25,376.5,28452
2026-02-19 04:15:00,376.3,376.45,375.65,375.85,31685
2026-02-19 04:20:00,375.85,375.85,375.4,375.6,26730
2026-02-19 04:25:00,375.75,376.35,375.55,375.75,29907
2026-02-19 04:30:00,375.8,376.0,374.1,374.85,59740
2026-02-19 04:35:00,374.8,374.85,373.05,373.05,95728
2026-02-19 04:40:00,373.0,373.45,372.5,372.65,80573
2026-02-19 04:45:00,372.55,373.15,372.35,372.7,67968
2026-02-19 04:50:00,372.7,372.8,372.15,372.45,107139
2026-02-19 04:55:00,372.4,372.55,371.0,371.2,95913
2026-02-19 05:00:00,371.3,371.5,371.0,371.3,42604
2026-02-19 05:05:00,371.4,371.55,371.0,371.0,39226
2026-02-19 05:10:00,371.05,372.0,370.8,371.85,81522
2026-02-19 05:15:00,371.85,373.0,371.85,372.5,69630
2026-02-19 05:20:00,372.5,373.6,372.5,373.3,73526
2026-02-19 05:25:00,373.4,374.1,373.15,373.8,85683
2026-02-19 05:30:00,373.8,374.0,373.5,373.75,44233
2026-02-19 05:35:00,373.95,374.15,373.35,373.75,51046
2026-02-19 05:40:00,373.75,374.6,373.75,373.75,66088
2026-02-19 05:45:00,373.75,374.0,372.95,373.0,58762
2026-02-19 05:50:00,373.0,373.35,372.55,372.65,48230
2026-02-19 05:55:00,372.6,373.2,372.5,372.55,59695
2026-02-19 06:00:00,372.6,373.5,372.55,373.2,37284
2026-02-19 06:05:00,373.2,373.35,372.85,372.9,31790
2026-02-19 06:10:00,372.9,373.35,372.8,372.8,37057
2026-02-19 06:15:00,372.8,373.15,372.6,372.9,37773
2026-02-19 06:20:00,372.9,373.3,372.75,373.0,36863
2026-02-19 06:25:00,373.05,373.75,373.05,373.45,40960
2026-02-19 06:30:00,373.45,373.85,373.15,373.45,45755
2026-02-19 06:35:00,373.45,373.65,373.0,373.05,26782
2026-02-19 06:40:00,373.0,373.25,372.4,372.45,47486
2026-02-19 06:45:00,372.4,372.95,372.35,372.8,49760
2026-02-19 06:50:00,372.95,373.7,372.75,373.3,46545
2026-02-19 06:55:00,373.3,373.6,372.8,373.6,28216
2026-02-19 07:00:00,373.4,373.6,372.5,372.6,32414
2026-02-19 07:05:00,372.6,372.9,372.4,372.4,40243
2026-02-19 07:10:00,372.4,372.8,372.05,372.45,40571
2026-02-19 07:15:00,372.35,372.6,372.2,372.6,32730
2026-02-19 07:20:00,372.8,372.9,372.3,372.3,29644
2026-02-19 07:25:00,372.3,372.55,372.1,372.35,29672
2026-02-19 07:30:00,372.5,372.7,372.0,372.25,33400
2026-02-19 07:35:00,372.3,372.75,372.2,372.5,39142
2026-02-19 07:40:00,372.45,372.8,372.3,372.65,36297
2026-02-19 07:45:00,372.8,372.8,372.25,372.3,34823
2026-02-19 07:50:00,372.25,372.7,372.2,372.5,32493
2026-02-19 07:55:00,372.4,372.8,372.0,372.3,37411
2026-02-19 08:00:00,372.45,372.5,371.4,371.9,81657
2026-02-19 08:05:00,371.7,372.1,371.5,371.65,73701
2026-02-19 08:10:00,371.65,372.2,371.6,371.75,31006
2026-02-19 08:15:00,371.75,372.4,371.75,371.75,46944
2026-02-19 08:20:00,371.8,371.95,371.3,371.45,36776
2026-02-19 08:25:00,371.7,371.9,371.35,371.7,38093
2026-02-19 08:30:00,371.8,371.85,370.85,370.85,64637
2026-02-19 08:35:00,370.85,371.05,370.25,370.65,100133
2026-02-19 08:40:00,370.8,371.05,369.7,370.1,142839
2026-02-19 08:45:00,370.1,371.4,370.0,370.55,119740
2026-02-19 08:50:00,370.55,370.85,370.1,370.1,87294
2026-02-19 08:55:00,370.15,370.35,369.45,369.5,85540
2026-02-19 09:00:00,369.5,370.05,369.5,369.6,75363
2026-02-19 09:05:00,369.6,369.95,369.35,369.45,83565
2026-02-19 09:10:00,369.6,369.85,368.9,368.9,82331
2026-02-19 09:15:00,369.0,369.6,368.55,369.5,105191
2026-02-19 09:20:00,369.4,370.2,369.2,370.05,90842
2026-02-19 09:25:00,370.0,370.5,369.9,370.0,84443
2026-02-19 09:30:00,370.2,370.3,368.95,369.7,283140
2026-02-19 09:35:00,369.7,370.15,368.5,368.6,224597
2026-02-19 09:40:00,368.5,368.95,367.3,367.3,138374
2026-02-19 09:45:00,367.35,367.6,366.0,366.45,226606
2026-02-19 09:50:00,366.45,366.7,365.55,366.15,227583
2026-02-19 09:55:00,365.85,366.65,365.0,365.9,225867
2026-02-20 03:45:00,364.85,367.3,363.85,364.6,353490
2026-02-20 03:50:00,364.75,365.75,364.35,364.5,107584
2026-02-20 03:55:00,364.5,364.9,363.25,363.4,116073
2026-02-20 04:00:00,363.4,364.1,362.6,363.5,80493
2026-02-20 04:05:00,363.35,364.35,363.35,364.0,95802
2026-02-20 04:10:00,363.75,364.45,363.5,364.25,61725
2026-02-20 04:15:00,364.2,366.3,364.05,365.25,120060
2026-02-20 04:20:00,365.4,365.45,364.4,365.0,60979
2026-02-20 04:25:00,365.0,365.2,363.7,363.9,55694
2026-02-20 04:30:00,363.9,364.05,363.2,363.5,47217
2026-02-20 04:35:00,363.85,363.9,363.15,363.35,70948
2026-02-20 04:40:00,363.3,363.75,362.3,362.7,131592
2026-02-20 04:45:00,362.7,364.0,362.7,363.85,119348
2026-02-20 04:50:00,363.85,364.0,363.25,363.75,75347
2026-02-20 04:55:00,364.15,364.15,363.5,363.65,101690
2026-02-20 05:00:00,363.5,364.0,363.5,363.55,32506
2026-02-20 05:05:00,363.65,364.15,363.45,364.15,39521
2026-02-20 05:10:00,364.1,364.7,363.9,364.6,68329
2026-02-20 05:15:00,364.55,364.95,364.25,364.6,64747
2026-02-20 05:20:00,364.55,364.8,364.15,364.4,50707
2026-02-20 05:25:00,364.25,364.45,363.5,363.95,60912
2026-02-20 05:30:00,363.9,364.15,363.55,363.7,39583
2026-02-20 05:35:00,363.65,363.9,363.5,363.7,38863
2026-02-20 05:40:00,363.65,363.75,363.35,363.7,71315
2026-02-20 05:45:00,363.55,363.75,363.4,363.45,47942
2026-02-20 05:50:00,363.5,363.55,363.1,363.4,52737
2026-02-20 05:55:00,363.35,363.95,363.25,363.8,39205
2026-02-20 06:00:00,363.75,364.25,363.6,364.0,116597
2026-02-20 06:05:00,364.0,364.15,363.55,363.75,45964
2026-02-20 06:10:00,363.75,363.9,363.65,363.65,30238
2026-02-20 06:15:00,363.65,364.35,363.65,363.7,51277
2026-02-20 06:20:00,363.7,364.1,363.4,363.5,39301
2026-02-20 06:25:00,363.5,363.9,363.35,363.85,47447
2026-02-20 06:30:00,363.75,364.1,363.55,363.6,28846
2026-02-20 06:35:00,363.6,364.4,363.6,364.0,38924
2026-02-20 06:40:00,364.0,364.35,363.85,364.25,31406
2026-02-20 06:45:00,364.25,364.55,364.15,364.45,25565
2026-02-20 06:50:00,364.35,364.55,364.35,364.4,23710
2026-02-20 06:55:00,364.4,364.65,363.95,364.2,63293
2026-02-20 07:00:00,364.15,364.4,363.95,364.4,46818
2026-02-20 07:05:00,364.4,364.95,364.25,364.85,35532
2026-02-20 07:10:00,364.85,364.95,364.5,364.65,58255
2026-02-20 07:15:00,364.55,364.7,364.1,364.5,41617
2026-02-20 07:20:00,364.35,364.65,364.3,364.5,21451
2026-02-20 07:25:00,364.4,364.45,363.5,363.65,52144
2026-02-20 07:30:00,363.7,364.15,363.6,363.75,32866
2026-02-20 07:35:00,363.8,363.85,363.2,363.5,41168
2026-02-20 07:40:00,363.5,363.7,363.15,363.55,34964
2026-02-20 07:45:00,363.55,363.7,363.25,363.4,34040
2026-02-20 07:50:00,363.45,363.9,363.4,363.5,24271
2026-02-20 07:55:00,363.5,363.95,363.45,363.5,26231
2026-02-20 08:00:00,363.5,365.45,363.5,365.15,68624
2026-02-20 08:05:00,365.2,365.45,365.0,365.15,30667
2026-02-20 08:10:00,365.15,365.3,364.55,365.3,47893
2026-02-20 08:15:00,365.05,365.3,364.7,365.0,23700
2026-02-20 08:20:00,365.0,365.25,364.9,365.05,19198
2026-02-20 08:25:00,365.0,365.55,364.85,365.45,32091
2026-02-20 08:30:00,365.45,365.95,365.45,365.5,46608
2026-02-20 08:35:00,365.5,366.95,365.4,366.2,59676
2026-02-20 08:40:00,366.1,366.35,365.8,366.0,31521
2026-02-20 08:45:00,365.85,366.7,365.85,366.65,58552
2026-02-20 08:50:00,366.65,366.75,365.6,365.85,46719
2026-02-20 08:55:00,365.65,365.85,365.25,365.25,28188
2026-02-20 09:00:00,365.35,365.55,365.1,365.15,33270
2026-02-20 09:05:00,365.15,365.4,364.7,364.8,45575
2026-02-20 09:10:00,364.8,365.0,364.65,364.8,32502
2026-02-20 09:15:00,364.8,365.8,364.8,365.6,32130
2026-02-20 09:20:00,365.6,366.05,364.95,365.95,114765
2026-02-20 09:25:00,365.85,366.4,365.85,366.2,79531
2026-02-20 09:30:00,366.5,367.75,366.5,367.25,602194
2026-02-20 09:35:00,367.2,367.9,366.3,366.55,445949
2026-02-20 09:40:00,366.7,366.7,365.7,366.45,390008
2026-02-20 09:45:00,366.5,366.5,365.05,365.4,537001
2026-02-20 09:50:00,365.3,365.6,364.8,365.0,457796
2026-02-20 09:55:00,365.25,366.7,364.9,365.0,449887
2026-02-23 03:45:00,370.0,371.2,366.65,370.3,319639
2026-02-23 03:50:00,370.2,370.3,368.8,369.8,114181
2026-02-23 03:55:00,369.9,370.4,369.55,370.4,241886
2026-02-23 04:00:00,370.6,370.75,369.5,369.75,148634
2026-02-23 04:05:00,369.75,370.1,369.4,369.6,122589
2026-02-23 04:10:00,369.5,370.95,369.5,370.6,103253
2026-02-23 04:15:00,370.55,371.0,370.45,370.95,51791
2026-02-23 04:20:00,370.95,371.5,369.45,369.45,141926
2026-02-23 04:25:00,369.55,369.8,369.2,369.7,61257
2026-02-23 04:30:00,369.7,369.8,369.45,369.55,80850
2026-02-23 04:35:00,369.55,370.05,369.55,370.0,29660
2026-02-23 04:40:00,369.85,370.0,369.2,369.75,33316
2026-02-23 04:45:00,369.85,370.3,369.6,370.2,35808
2026-02-23 04:50:00,370.2,370.3,369.65,370.15,74048
2026-02-23 04:55:00,370.15,370.5,369.85,370.0,48507
2026-02-23 05:00:00,370.05,370.9,369.9,370.9,69714
2026-02-23 05:05:00,370.9,370.95,370.35,370.45,34233
2026-02-23 05:10:00,370.45,370.65,370.15,370.15,50264
2026-02-23 05:15:00,370.15,371.1,369.9,370.8,72794
2026-02-23 05:20:00,370.8,373.4,370.8,373.4,294262
2026-02-23 05:25:00,373.55,375.0,373.4,374.8,265867
2026-02-23 05:30:00,374.65,376.5,374.5,376.5,338043
2026-02-23 05:35:00,376.3,376.7,374.6,375.45,319020
2026-02-23 05:40:00,375.45,375.6,374.7,375.05,93976
2026-02-23 05:45:00,375.0,376.7,375.0,375.95,282244
2026-02-23 05:50:00,375.95,376.25,375.35,375.35,83750
2026-02-23 05:55:00,375.3,375.5,374.75,375.15,84563
2026-02-23 06:00:00,375.25,375.4,374.1,374.15,130545
2026-02-23 06:05:00,374.1,374.7,373.9,374.4,91119
2026-02-23 06:10:00,374.45,374.6,374.1,374.4,54236
2026-02-23 06:15:00,374.4,374.55,373.2,373.2,59684
2026-02-23 06:20:00,373.25,373.7,372.6,373.0,78290
2026-02-23 06:25:00,373.0,373.45,372.8,373.0,38324
2026-02-23 06:30:00,373.2,373.2,372.4,372.65,57072
2026-02-23 06:35:00,372.8,373.5,372.5,372.5,74849
2026-02-23 06:40:00,372.5,372.75,371.8,372.2,110921
2026-02-23 06:45:00,372.3,373.0,372.2,372.55,81767
2026-02-23 06:50:00,372.4,372.65,372.0,372.05,32851
2026-02-23 06:55:00,372.15,372.3,371.5,371.5,62284
2026-02-23 07:00:00,371.7,371.7,370.8,370.8,47085
2026-02-23 07:05:00,370.8,371.3,370.8,371.1,45803
2026-02-23 07:10:00,371.0,371.65,371.0,371.45,25610
2026-02-23 07:15:00,371.5,372.25,371.25,371.25,56318
2026-02-23 07:20:00,371.25,371.85,371.0,371.2,49871
2026-02-23 07:25:00,371.3,371.4,370.9,370.9,41668
2026-02-23 07:30:00,370.9,371.9,370.9,371.55,29083
2026-02-23 07:35:00,371.6,371.95,371.5,371.8,37142
2026-02-23 07:40:00,371.8,371.85,371.35,371.45,29022
2026-02-23 07:45:00,371.45,371.85,371.4,371.7,27323
2026-02-23 07:50:00,371.6,371.65,371.15,371.2,15754
2026-02-23 07:55:00,371.3,372.2,371.2,372.0,43913
2026-02-23 08:00:00,372.0,372.45,371.85,372.1,37225
2026-02-23 08:05:00,372.2,372.45,372.0,372.25,21521
2026-02-23 08:10:00,372.25,372.95,372.1,372.75,30231
2026-02-23 08:15:00,372.7,373.0,372.4,372.5,35950
2026-02-23 08:20:00,372.5,372.75,372.35,372.6,16405
2026-02-23 08:25:00,372.6,372.85,371.7,371.7,77235
2026-02-23 08:30:00,371.7,371.9,371.0,371.2,31224
2026-02-23 08:35:00,371.05,371.75,370.95,371.45,22505
2026-02-23 08:40:00,371.4,371.8,371.4,371.65,19591
2026-02-23 08:45:00,371.8,373.05,371.6,372.9,100788
2026-02-23 08:50:00,372.7,373.0,371.75,372.55,68748
2026-02-23 08:55:00,372.4,372.95,372.0,372.4,62777
2026-02-23 09:00:00,372.4,372.9,372.4,372.6,38525
2026-02-23 09:05:00,372.6,372.6,371.6,371.6,56946
2026-02-23 09:10:00,371.75,371.85,371.3,371.45,31210
2026-02-23 09:15:00,371.45,371.8,371.3,371.75,106378
2026-02-23 09:20:00,371.75,371.75,370.5,371.1,207967
2026-02-23 09:25:00,371.1,371.3,370.6,370.75,505890
2026-02-23 09:30:00,371.1,372.0,370.9,371.95,460631
2026-02-23 09:35:00,371.95,372.5,371.4,372.2,186613
2026-02-23 09:40:00,372.2,372.3,371.5,372.0,143859
2026-02-23 09:45:00,372.0,372.8,371.7,372.55,178235
2026-02-23 09:50:00,372.2,372.9,372.15,372.9,168603
2026-02-23 09:55:00,372.9,373.9,372.7,373.5,217207
2026-02-24 03:45:00,370.0,371.8,369.0,370.65,402082
2026-02-24 03:50:00,370.7,373.3,370.5,373.2,160709
2026-02-24 03:55:00,373.25,373.45,371.8,372.1,117977
2026-02-24 04:00:00,372.0,373.15,372.0,372.9,162655
2026-02-24 04:05:00,372.85,374.55,372.85,374.35,146445
2026-02-24 04:10:00,374.45,374.65,373.55,374.1,139995
2026-02-24 04:15:00,374.25,375.4,374.0,374.85,111433
2026-02-24 04:20:00,374.8,375.0,373.1,373.25,130935
2026-02-24 04:25:00,373.1,373.8,373.1,373.4,39453
2026-02-24 04:30:00,373.4,373.5,373.0,373.1,41664
2026-02-24 04:35:00,373.05,373.45,372.9,373.05,45366
2026-02-24 04:40:00,373.05,373.1,372.05,372.75,76262
2026-02-24 04:45:00,372.8,372.95,372.15,372.15,51174
2026-02-24 04:50:00,372.2,372.2,371.5,371.65,55145
2026-02-24 04:55:00,371.5,371.85,371.0,371.75,77984
2026-02-24 05:00:00,371.85,372.9,371.75,372.65,54933
2026-02-24 05:05:00,372.65,372.7,372.35,372.6,48386
2026-02-24 05:10:00,372.6,373.4,372.6,373.35,36426
2026-02-24 05:15:00,373.35,373.95,373.3,373.6,60894
2026-02-24 05:20:00,373.7,373.7,373.35,373.5,41976
2026-02-24 05:25:00,373.5,373.6,373.4,373.5,31023
2026-02-24 05:30:00,373.55,374.0,373.5,373.8,38242
2026-02-24 05:35:00,373.8,374.2,373.7,373.8,57715
2026-02-24 05:40:00,373.8,374.9,373.75,374.6,72417
2026-02-24 05:45:00,374.5,374.6,374.05,374.4,37009
2026-02-24 05:50:00,374.4,374.9,374.35,374.6,56347
2026-02-24 05:55:00,374.6,374.75,373.9,374.15,44338
2026-02-24 06:00:00,374.15,374.25,373.2,373.5,84614
2026-02-24 06:05:00,373.5,374.0,373.5,373.9,58850
2026-02-24 06:10:00,373.9,374.0,373.4,373.45,35268
2026-02-24 06:15:00,373.4,373.5,373.1,373.35,38554
2026-02-24 06:20:00,373.35,373.45,373.2,373.45,12145
2026-02-24 06:25:00,373.2,373.25,372.4,372.5,90596
2026-02-24 06:30:00,372.5,372.6,372.3,372.5,25517
2026-02-24 06:35:00,372.4,372.8,372.4,372.55,30252
2026-02-24 06:40:00,372.55,372.85,372.3,372.5,44855
2026-02-24 06:45:00,372.45,372.7,372.1,372.1,47766
2026-02-24 06:50:00,372.05,372.35,371.85,372.05,30974
2026-02-24 06:55:00,372.15,372.4,371.75,372.2,39561
2026-02-24 07:00:00,372.2,372.45,372.1,372.4,30323
2026-02-24 07:05:00,372.4,372.65,372.35,372.55,31426
2026-02-24 07:10:00,372.6,373.0,372.5,372.95,25023
2026-02-24 07:15:00,372.95,373.0,372.6,373.0,38016
2026-02-24 07:20:00,373.0,373.0,372.6,373.0,34902
2026-02-24 07:25:00,373.0,373.0,372.55,372.75,30075
2026-02-24 07:30:00,372.75,372.9,372.25,372.35,60318
2026-02-24 07:35:00,372.4,372.4,371.25,371.6,46944
2026-02-24 07:40:00,371.45,371.85,371.45,371.8,34719
2026-02-24 07:45:00,371.7,371.85,371.55,371.65,29356
2026-02-24 07:50:00,371.65,371.7,371.15,371.15,62485
2026-02-24 07:55:00,371.2,371.25,370.7,370.8,35183
2026-02-24 08:00:00,370.8,371.15,370.7,370.95,44216
2026-02-24 08:05:00,370.85,371.2,370.5,371.2,53980
2026-02-24 08:10:00,371.1,371.15,370.95,371.1,35094
2026-02-24 08:15:00,371.05,371.4,370.8,371.0,53108
2026-02-24 08:20:00,371.0,371.5,370.9,371.5,84416
2026-02-24 08:25:00,371.5,372.35,371.35,372.3,76884
2026-02-24 08:30:00,372.3,372.4,371.3,371.6,47571
2026-02-24 08:35:00,371.65,371.7,371.4,371.6,42841
2026-02-24 08:40:00,371.6,372.9,371.55,372.8,94613
2026-02-24 08:45:00,372.8,373.05,372.75,372.85,92200
2026-02-24 08:50:00,372.9,373.0,372.55,372.6,34709
2026-02-24 08:55:00,372.6,373.0,372.55,372.8,29933
2026-02-24 09:00:00,372.85,372.85,372.4,372.5,39217
2026-02-24 09:05:00,372.5,372.8,372.45,372.6,40377
2026-02-24 09:10:00,372.6,372.7,372.05,372.1,114334
2026-02-24 09:15:00,372.1,372.3,371.4,371.45,83730
2026-02-24 09:20:00,371.5,372.6,371.5,372.35,146948
2026-02-24 09:25:00,372.35,373.05,372.25,372.4,644409
2026-02-24 09:30:00,372.45,374.2,372.45,373.5,898757
2026-02-24 09:35:00,373.5,375.4,373.45,375.4,447563
2026-02-24 09:40:00,375.4,375.4,374.55,375.0,279516
2026-02-24 09:45:00,375.0,375.5,374.2,375.4,333064
2026-02-24 09:50:00,375.45,376.0,375.4,375.7,403916
2026-02-24 09:55:00,375.75,376.0,374.4,374.9,224263
2026-02-25 03:45:00,376.1,378.9,374.0,378.65,184574
2026-02-25 03:50:00,378.65,379.35,377.55,378.85,124153
2026-02-25 03:55:00,378.8,379.8,378.8,378.95,85863
2026-02-25 04:00:00,378.95,379.3,378.1,378.45,68329
2026-02-25 04:05:00,378.45,378.55,377.6,378.0,47666
2026-02-25 04:10:00,378.0,378.55,377.85,378.35,43221
2026-02-25 04:15:00,378.35,378.5,377.85,378.0,41323
2026-02-25 04:20:00,378.0,378.45,377.5,378.15,63952
2026-02-25 04:25:00,378.3,379.3,378.15,378.7,79463
2026-02-25 04:30:00,378.85,379.3,378.45,378.75,66978
2026-02-25 04:35:00,378.6,378.75,377.55,377.7,38490
2026-02-25 04:40:00,377.55,378.8,376.05,376.15,101237
2026-02-25 04:45:00,376.25,376.65,375.1,376.2,98143
2026-02-25 04:50:00,376.1,377.15,376.0,377.15,40587
2026-02-25 04:55:00,377.3,378.45,377.1,378.45,61993
2026-02-25 05:00:00,378.5,381.1,378.3,380.8,269958
2026-02-25 05:05:00,380.8,381.9,380.4,381.0,122565
2026-02-25 05:10:00,381.0,381.0,380.05,380.2,51211
2026-02-25 05:15:00,380.4,381.3,380.25,380.8,43206
2026-02-25 05:20:00,381.0,381.0,379.8,379.95,39258
2026-02-25 05:25:00,379.95,380.55,379.7,380.55,50156
2026-02-25 05:30:00,380.5,380.55,379.7,379.9,32271
2026-02-25 05:35:00,380.05,380.35,378.75,379.2,57356
2026-02-25 05:40:00,379.2,379.5,378.55,379.45,37950
2026-02-25 05:45:00,379.2,379.6,377.65,379.1,63056
2026-02-25 05:50:00,379.05,379.4,377.85,378.85,46962
2026-02-25 05:55:00,378.85,379.55,378.8,379.4,39410
2026-02-25 06:00:00,379.55,379.55,377.25,377.75,71306
2026-02-25 06:05:00,377.75,378.7,377.75,378.4,46147
2026-02-25 06:10:00,378.5,378.5,377.5,377.55,39235
2026-02-25 06:15:00,377.6,377.8,377.15,377.6,45842
2026-02-25 06:20:00,377.6,378.05,377.5,377.5,44745
2026-02-25 06:25:00,377.5,377.8,377.35,377.35,40218
2026-02-25 06:30:00,377.35,377.95,377.3,377.65,42473
2026-02-25 06:35:00,377.65,377.65,377.0,377.25,39290
2026-02-25 06:40:00,377.25,377.75,377.25,377.65,35505
2026-02-25 06:45:00,377.85,378.5,377.65,377.9,87347
2026-02-25 06:50:00,377.9,378.0,376.85,377.0,370807
2026-02-25 06:55:00,377.0,377.4,376.9,377.2,50540
2026-02-25 07:00:00,377.2,378.85,376.25,376.3,76030
2026-02-25 07:05:00,376.25,376.45,375.9,376.25,47994
2026-02-25 07:10:00,376.25,376.35,375.4,375.5,64811
2026-02-25 07:15:00,375.4,375.5,374.85,375.0,98648
2026-02-25 07:20:00,374.95,376.2,374.85,375.8,107800
2026-02-25 07:25:00,375.55,375.9,375.25,375.55,35481
2026-02-25 07:30:00,375.55,375.6,375.0,375.2,38370
2026-02-25 07:35:00,375.2,376.35,375.0,375.9,102246
2026-02-25 07:40:00,375.9,376.2,375.75,375.95,29512
2026-02-25 07:45:00,375.95,376.1,375.85,376.0,96399
2026-02-25 07:50:00,375.95,376.05,375.9,375.95,64070
2026-02-25 07:55:00,375.95,376.35,375.4,376.25,90551
2026-02-25 08:00:00,376.25,376.95,376.15,376.7,46843
2026-02-25 08:05:00,376.7,377.0,376.15,376.45,47537
2026-02-25 08:10:00,376.45,376.8,376.35,376.65,26793
2026-02-25 08:15:00,376.65,376.65,376.4,376.5,53185
2026-02-25 08:20:00,376.5,376.7,376.4,376.55,72283
2026-02-25 08:25:00,376.55,377.25,376.5,376.9,87312
2026-02-25 08:30:00,376.9,377.0,376.4,376.9,59751
2026-02-25 08:35:00,376.9,377.4,376.55,376.6,87330
2026-02-25 08:40:00,376.6,377.5,376.55,377.3,53395
2026-02-25 08:45:00,377.4,378.5,377.2,378.1,63686
2026-02-25 08:50:00,378.1,379.0,377.7,378.6,234101
2026-02-25 08:55:00,378.6,379.15,378.55,378.7,94659
2026-02-25 09:00:00,378.7,379.6,378.3,379.4,184435
2026-02-25 09:05:00,379.4,379.65,379.2,379.4,122807
2026-02-25 09:10:00,379.45,379.75,378.75,379.45,204108
2026-02-25 09:15:00,379.5,379.75,378.9,379.15,65446
2026-02-25 09:20:00,379.15,379.95,379.0,379.9,70164
2026-02-25 09:25:00,379.95,380.4,379.75,380.25,146880
2026-02-25 09:30:00,380.55,381.8,380.55,381.65,271969
2026-02-25 09:35:00,381.4,381.75,381.15,381.2,203136
2026-02-25 09:40:00,381.25,381.25,380.6,380.85,215609
2026-02-25 09:45:00,380.85,381.2,380.85,381.15,192324
2026-02-25 09:50:00,381.15,381.45,381.0,381.15,279670
2026-02-25 09:55:00,381.3,381.3,379.9,380.9,345018
2026-02-26 03:45:00,380.0,381.75,379.25,380.4,172645
2026-02-26 03:50:00,380.3,381.6,379.55,380.25,153745
2026-02-26 03:55:00,380.0,380.8,379.7,380.8,95741
2026-02-26 04:00:00,380.85,381.6,380.65,381.5,90670
2026-02-26 04:05:00,381.6,383.3,381.5,382.8,133710
2026-02-26 04:10:00,382.65,382.95,381.95,382.3,77852
2026-02-26 04:15:00,382.3,382.65,381.45,382.25,72649
2026-02-26 04:20:00,382.25,382.25,381.15,381.3,45842
2026-02-26 04:25:00,381.25,381.25,380.1,380.85,57993
2026-02-26 04:30:00,380.8,381.0,380.55,380.7,27388
2026-02-26 04:35:00,380.7,381.15,380.3,380.4,44545
2026-02-26 04:40:00,380.55,381.0,380.4,380.6,28946
2026-02-26 04:45:00,380.6,382.3,380.6,382.0,46117
2026-02-26 04:50:00,382.05,382.05,381.35,381.6,34976
2026-02-26 04:55:00,381.6,381.6,381.05,381.2,42200
2026-02-26 05:00:00,381.2,381.8,381.2,381.7,20703
2026-02-26 05:05:00,381.7,382.05,381.35,381.35,43888
2026-02-26 05:10:00,381.4,381.95,381.2,381.35,47520
2026-02-26 05:15:00,381.35,381.7,381.15,381.3,22187
2026-02-26 05:20:00,381.3,381.4,380.9,381.0,31822
2026-02-26 05:25:00,380.9,381.8,380.9,381.8,48705
2026-02-26 05:30:00,381.75,381.95,381.1,381.6,46699
2026-02-26 05:35:00,381.6,381.75,381.4,381.4,18602
2026-02-26 05:40:00,381.4,381.8,381.4,381.75,24662
2026-02-26 05:45:00,381.7,381.7,381.15,381.2,39494
2026-02-26 05:50:00,381.3,381.45,381.2,381.45,17665
2026-02-26 05:55:00,381.4,381.75,381.2,381.2,27532
2026-02-26 06:00:00,381.25,381.25,379.8,379.85,59274
2026-02-26 06:05:00,380.1,380.7,380.05,380.25,36676
2026-02-26 06:10:00,380.2,380.25,378.8,379.1,86943
2026-02-26 06:15:00,379.05,379.45,378.55,379.35,49193
2026-02-26 06:20:00,379.4,379.85,379.35,379.35,27707
2026-02-26 06:25:00,379.35,379.45,379.2,379.2,38810
2026-02-26 06:30:00,379.2,380.2,379.2,380.1,23431
2026-02-26 06:35:00,380.1,380.4,380.1,380.25,22928
2026-02-26 06:40:00,380.25,380.45,379.75,379.8,26712
2026-02-26 06:45:00,379.85,380.25,379.8,380.2,14458
2026-02-26 06:50:00,380.2,380.4,379.5,380.15,28964
2026-02-26 06:55:00,380.15,380.5,379.95,380.4,33075
2026-02-26 07:00:00,380.45,380.7,380.05,380.3,45886
2026-02-26 07:05:00,380.35,380.5,380.25,380.4,24804
2026-02-26 07:10:00,380.4,381.5,380.15,381.15,82281
2026-02-26 07:15:00,381.2,381.3,380.65,380.95,28367
2026-02-26 07:20:00,381.0,381.0,380.55,380.55,26635
2026-02-26 07:25:00,380.55,380.7,380.0,380.2,24056
2026-02-26 07:30:00,380.2,380.9,380.1,380.8,18111
2026-02-26 07:35:00,380.8,381.4,380.75,380.85,32081
2026-02-26 07:40:00,380.95,380.95,380.7,380.8,17625
2026-02-26 07:45:00,380.8,380.85,380.3,380.3,23280
2026-02-26 07:50:00,380.35,380.95,380.35,380.7,25128
2026-02-26 07:55:00,380.75,381.3,380.7,381.0,34659
2026-02-26 08:00:00,381.0,381.6,380.95,381.15,30772
2026-02-26 08:05:00,381.2,381.95,381.15,381.8,33726
2026-02-26 08:10:00,381.8,381.9,381.65,381.75,33275
2026-02-26 08:15:00,381.75,381.8,381.3,381.65,23758
2026-02-26 08:20:00,381.7,382.3,381.5,381.9,39034
2026-02-26 08:25:00,381.85,382.1,381.65,381.85,28074
2026-02-26 08:30:00,381.9,382.7,381.85,382.55,78727
2026-02-26 08:35:00,382.6,382.9,382.55,382.85,44837
2026-02-26 08:40:00,382.8,383.0,382.8,382.85,47130
2026-02-26 08:45:00,382.85,382.95,382.7,382.85,31634
2026-02-26 08:50:00,382.9,383.0,382.85,382.9,29640
2026-02-26 08:55:00,382.9,383.0,382.2,382.4,60885
2026-02-26 09:00:00,382.45,382.7,382.35,382.6,26907
2026-02-26 09:05:00,382.65,382.95,382.2,382.25,78006
2026-02-26 09:10:00,382.3,383.25,382.2,383.25,112117
2026-02-26 09:15:00,383.15,383.7,383.15,383.3,69285
2026-02-26 09:20:00,383.3,384.2,382.9,384.2,77526
2026-02-26 09:25:00,384.15,384.95,384.0,384.75,99802
2026-02-26 09:30:00,384.85,386.9,384.6,385.05,446896
2026-02-26 09:35:00,385.2,386.75,385.1,386.6,198826
2026-02-26 09:40:00,386.5,387.0,385.45,385.7,241317
2026-02-26 09:45:00,385.7,386.3,385.7,386.1,195310
2026-02-26 09:50:00,386.1,386.25,385.65,386.1,205352
2026-02-26 09:55:00,386.15,387.0,385.9,385.9,197767
2026-02-27 03:45:00,386.65,388.5,384.8,388.45,326467
2026-02-27 03:50:00,388.3,388.55,387.0,387.1,209407
2026-02-27 03:55:00,387.1,387.85,385.65,385.8,186865
2026-02-27 04:00:00,385.85,386.75,385.8,386.6,112324
2026-02-27 04:05:00,386.5,387.8,386.0,387.6,113814
2026-02-27 04:10:00,387.8,388.2,387.25,387.95,140586
2026-02-27 04:15:00,387.95,387.95,386.75,386.8,78015
2026-02-27 04:20:00,386.75,387.0,386.45,386.45,76113
2026-02-27 04:25:00,386.9,386.95,386.25,386.25,76238
2026-02-27 04:30:00,386.0,386.2,385.7,385.7,67630
2026-02-27 04:35:00,385.75,386.25,385.55,385.9,48700
2026-02-27 04:40:00,386.0,386.5,386.0,386.15,59743
2026-02-27 04:45:00,386.1,386.45,386.1,386.35,36809
2026-02-27 04:50:00,386.35,386.65,386.05,386.5,58072
2026-02-27 04:55:00,386.45,387.3,386.45,387.0,61995
2026-02-27 05:00:00,386.9,387.5,386.15,386.25,82327
2026-02-27 05:05:00,386.2,386.25,384.6,384.9,88473
2026-02-27 05:10:00,384.8,384.85,383.7,383.75,139061
2026-02-27 05:15:00,383.75,383.8,382.8,383.1,109831
2026-02-27 05:20:00,383.15,383.3,382.5,383.25,97383
2026-02-27 05:25:00,383.4,384.9,383.4,384.0,49368
2026-02-27 05:30:00,384.0,384.65,383.9,384.45,32792
2026-02-27 05:35:00,384.45,385.9,384.45,385.45,79288
2026-02-27 05:40:00,385.4,386.65,385.4,385.95,84643
2026-02-27 05:45:00,385.95,386.0,385.45,385.65,55965
2026-02-27 05:50:00,385.7,387.0,385.5,386.8,66523
2026-02-27 05:55:00,386.85,386.85,385.65,386.0,65872
2026-02-27 06:00:00,385.85,386.05,385.45,385.45,44325
2026-02-27 06:05:00,385.45,385.5,384.65,384.9,54502
2026-02-27 06:10:00,384.9,385.7,384.75,385.3,103349
2026-02-27 06:15:00,385.35,385.9,385.2,385.9,48441
2026-02-27 06:20:00,385.8,386.4,385.65,386.1,62127
2026-02-27 06:25:00,386.1,386.3,385.55,385.6,85024
2026-02-27 06:30:00,385.75,386.0,385.1,385.1,55635
2026-02-27 06:35:00,385.1,385.15,384.85,384.9,27564
2026-02-27 06:40:00,384.85,385.5,384.6,385.4,53687
2026-02-27 06:45:00,385.5,385.5,385.1,385.4,26463
2026-02-27 06:50:00,385.4,385.75,385.3,385.45,78966
2026-02-27 06:55:00,385.45,386.85,385.45,386.55,98616
2026-02-27 07:00:00,386.55,386.75,386.5,386.5,34228
2026-02-27 07:05:00,386.55,387.9,386.5,387.6,65727
2026-02-27 07:10:00,387.6,387.7,386.75,386.75,65256
2026-02-27 07:15:00,386.75,387.3,386.35,386.95,48398
2026-02-27 07:20:00,386.95,387.7,386.9,386.9,81030
2026-02-27 07:25:00,387.0,387.4,387.0,387.1,37257
2026-02-27 07:30:00,387.25,387.25,386.85,387.1,47039
2026-02-27 07:35:00,387.05,387.65,387.05,387.3,39170
2026-02-27 07:40:00,387.3,387.35,386.7,386.7,50194
2026-02-27 07:45:00,386.75,386.85,386.6,386.6,31700
2026-02-27 07:50:00,386.6,387.2,386.55,387.2,26187
2026-02-27 07:55:00,387.2,387.75,387.05,387.6,93456
2026-02-27 08:00:00,387.55,387.6,387.25,387.35,28180
2026-02-27 08:05:00,387.25,388.0,387.25,387.8,55764
2026-02-27 08:10:00,387.85,388.2,387.75,388.05,53667
2026-02-27 08:15:00,388.05,388.5,387.85,388.25,62513
2026-02-27 08:20:00,388.25,388.35,387.55,387.85,50387
2026-02-27 08:25:00,387.8,388.15,387.8,388.05,70793
2026-02-27 08:30:00,388.1,388.7,388.05,388.55,89223
2026-02-27 08:35:00,388.55,388.65,388.35,388.65,42320
2026-02-27 08:40:00,388.65,388.9,388.3,388.35,99448
2026-02-27 08:45:00,388.35,388.7,388.3,388.65,51158
2026-02-27 08:50:00,388.6,388.95,388.6,388.6,87123
2026-02-27 08:55:00,388.6,389.5,388.6,389.2,140309
2026-02-27 09:00:00,389.1,389.25,388.85,389.0,116214
2026-02-27 09:05:00,389.0,389.8,389.0,389.7,125301
2026-02-27 09:10:00,389.7,389.9,389.5,389.6,97499
2026-02-27 09:15:00,389.5,389.6,387.9,388.1,160540
2026-02-27 09:20:00,388.25,388.75,388.2,388.55,54348
2026-02-27 09:25:00,388.55,389.05,388.3,388.7,115494
2026-02-27 09:30:00,388.7,388.7,385.05,385.1,630119
2026-02-27 09:35:00,385.1,385.4,383.9,384.8,595685
2026-02-27 09:40:00,384.8,386.05,384.7,385.4,541128
2026-02-27 09:45:00,385.35,386.5,384.6,384.7,647169
2026-02-27 09:50:00,384.75,385.35,384.2,384.85,611665
2026-02-27 09:55:00,384.8,385.25,383.2,384.0,488488
2026-03-02 03:45:00,368.0,376.95,367.1,370.8,2100680
2026-03-02 03:50:00,370.75,372.8,370.0,372.2,470151
2026-03-02 03:55:00,372.2,372.8,370.9,371.1,270539
2026-03-02 04:00:00,371.15,372.95,370.55,372.7,273702
2026-03-02 04:05:00,372.7,372.85,371.2,371.2,173223
2026-03-02 04:10:00,371.2,374.35,371.2,373.0,189355
2026-03-02 04:15:00,373.0,375.45,372.05,374.45,349820
2026-03-02 04:20:00,374.45,374.5,373.1,373.2,65968
2026-03-02 04:25:00,373.2,374.35,372.5,373.75,192013
2026-03-02 04:30:00,373.55,374.1,372.45,372.9,170204
2026-03-02 04:35:00,372.7,373.15,372.4,372.65,54339
2026-03-02 04:40:00,372.6,372.6,371.15,371.8,162255
2026-03-02 04:45:00,371.95,373.55,371.8,372.95,134405
2026-03-02 04:50:00,372.95,373.95,372.7,373.95,269082
2026-03-02 04:55:00,373.85,374.2,373.05,373.15,146348
2026-03-02 05:00:00,373.25,373.7,372.75,373.6,131654
2026-03-02 05:05:00,373.6,374.3,373.15,373.85,111308
2026-03-02 05:10:00,373.85,374.3,373.25,373.45,98195
2026-03-02 05:15:00,373.45,375.9,373.45,375.5,224722
2026-03-02 05:20:00,375.5,376.35,375.3,375.85,90921
2026-03-02 05:25:00,375.85,376.7,375.55,376.15,87865
2026-03-02 05:30:00,376.1,376.5,376.05,376.45,47124
2026-03-02 05:35:00,376.45,376.6,376.25,376.45,74455
2026-03-02 05:40:00,376.45,376.45,375.75,375.85,113877
2026-03-02 05:45:00,375.85,376.35,375.0,375.45,122521
2026-03-02 05:50:00,375.45,375.85,375.0,375.35,118922
2026-03-02 05:55:00,375.35,375.9,375.35,375.6,81805
2026-03-02 06:00:00,375.6,376.45,375.6,376.1,127625
2026-03-02 06:05:00,376.0,376.5,375.7,376.35,46844
2026-03-02 06:10:00,376.5,376.5,376.0,376.3,28467
2026-03-02 06:15:00,376.25,376.4,376.1,376.25,26683
2026-03-02 06:20:00,376.25,376.3,375.1,375.4,113283
2026-03-02 06:25:00,375.4,375.45,373.75,374.75,783614
2026-03-02 06:30:00,374.55,375.05,374.2,374.7,276268
2026-03-02 06:35:00,374.85,375.0,374.3,375.0,104621
2026-03-02 06:40:00,374.8,375.15,374.55,374.7,75836
2026-03-02 06:45:00,374.7,374.85,374.0,374.4,103837
2026-03-02 06:50:00,374.2,374.5,373.95,374.35,119280
2026-03-02 06:55:00,374.35,374.35,373.6,374.1,128908
2026-03-02 07:00:00,374.1,374.9,373.8,374.25,220414
2026-03-02 07:05:00,374.25,374.7,372.4,372.6,654357
2026-03-02 07:10:00,372.6,374.7,372.6,374.5,330507
2026-03-02 07:15:00,374.5,374.95,374.15,374.55,170529
2026-03-02 07:20:00,374.55,374.55,372.4,372.8,245400
2026-03-02 07:25:00,372.8,373.95,372.65,373.95,88877
2026-03-02 07:30:00,373.9,373.95,373.0,373.1,41225
2026-03-02 07:35:00,373.05,373.3,372.1,372.45,124201
2026-03-02 07:40:00,372.45,372.9,372.0,372.2,66931
2026-03-02 07:45:00,372.25,372.6,372.15,372.45,55847
2026-03-02 07:50:00,372.45,372.9,372.25,372.35,69636
2026-03-02 07:55:00,372.5,372.7,371.2,371.6,130642
2026-03-02 08:00:00,371.55,371.85,371.2,371.45,177204
2026-03-02 08:05:00,371.6,372.3,371.4,372.15,71341
2026-03-02 08:10:00,372.3,372.5,371.8,372.4,210070
2026-03-02 08:15:00,372.4,372.55,371.35,371.45,116703
2026-03-02 08:20:00,371.4,371.45,369.6,370.0,223227
2026-03-02 08:25:00,370.1,370.45,369.65,370.4,86290
2026-03-02 08:30:00,370.45,372.65,370.15,372.15,100207
2026-03-02 08:35:00,372.15,373.9,372.0,372.7,103079
2026-03-02 08:40:00,372.75,373.55,372.75,373.3,72140
2026-03-02 08:45:00,373.4,374.0,373.15,373.4,75103
2026-03-02 08:50:00,373.4,373.65,372.6,372.65,45463
2026-03-02 08:55:00,372.7,372.9,372.05,372.5,98021
2026-03-02 09:00:00,372.55,373.15,371.75,373.15,86807
2026-03-02 09:05:00,373.4,374.75,373.4,374.75,180129
2026-03-02 09:10:00,374.75,374.95,374.1,374.55,104217
2026-03-02 09:15:00,374.55,375.0,374.2,374.75,139551
2026-03-02 09:20:00,374.75,375.2,374.3,375.0,155008
2026-03-02 09:25:00,374.85,375.25,374.4,374.65,279793
2026-03-02 09:30:00,374.75,375.7,374.15,375.7,325349
2026-03-02 09:35:00,375.65,375.65,374.9,375.3,205999
2026-03-02 09:40:00,375.25,375.4,374.65,374.75,254968
2026-03-02 09:45:00,374.75,374.85,373.65,374.65,429948
2026-03-02 09:50:00,374.65,375.1,374.0,375.1,403762
2026-03-02 09:55:00,375.1,376.0,374.35,376.0,415320
2026-03-04 03:45:00,365.0,367.85,360.6,366.3,1158999
2026-03-04 03:50:00,366.25,366.35,361.9,362.3,327621
2026-03-04 03:55:00,362.4,362.45,359.15,359.2,329226
2026-03-04 04:00:00,359.15,360.35,358.1,358.35,259712
2026-03-04 04:05:00,358.15,361.15,357.65,360.1,418243
2026-03-04 04:10:00,360.0,361.9,360.0,361.25,315382
2026-03-04 04:15:00,361.25,361.85,360.15,360.6,260965
2026-03-04 04:20:00,360.65,361.2,359.45,359.7,245857
2026-03-04 04:25:00,359.45,360.8,358.6,360.2,392269
2026-03-04 04:30:00,360.2,360.65,359.2,359.95,402946
2026-03-04 04:35:00,359.85,362.65,359.85,362.15,168925
2026-03-04 04:40:00,362.05,362.7,361.15,362.45,127067
2026-03-04 04:45:00,362.6,362.6,361.15,361.65,103203
2026-03-04 04:50:00,361.65,362.55,361.5,361.65,116431
2026-03-04 04:55:00,361.6,361.7,360.5,361.25,180703
2026-03-04 05:00:00,361.15,362.0,361.15,361.35,146569
2026-03-04 05:05:00,361.35,362.55,361.15,361.8,202983
2026-03-04 05:10:00,361.8,362.0,361.45,361.9,71456
2026-03-04 05:15:00,361.85,362.0,359.1,359.1,200254
2026-03-04 05:20:00,359.1,359.55,358.55,359.25,200970
2026-03-04 05:25:00,359.25,359.75,358.7,359.05,306680
2026-03-04 05:30:00,359.05,359.95,358.5,359.65,144948
2026-03-04 05:35:00,359.65,360.5,359.0,360.5,350632
2026-03-04 05:40:00,360.45,360.75,360.15,360.15,81473
2026-03-04 05:45:00,360.15,360.55,360.0,360.3,78273
2026-03-04 05:50:00,360.25,361.2,360.15,360.55,88503
2026-03-04 05:55:00,360.55,360.75,359.8,360.05,222509
2026-03-04 06:00:00,360.0,360.55,359.8,360.25,155755
2026-03-04 06:05:00,360.3,361.2,359.15,359.6,97136
2026-03-04 06:10:00,359.55,360.25,359.3,360.15,99129
2026-03-04 06:15:00,360.35,360.9,360.0,360.75,62588
2026-03-04 06:20:00,360.75,361.7,360.5,360.65,82213
2026-03-04 06:25:00,360.5,360.95,360.4,360.9,50035
2026-03-04 06:30:00,360.9,361.4,360.8,361.35,57261
2026-03-04 06:35:00,361.25,361.25,360.15,360.25,70892
2026-03-04 06:40:00,360.3,360.35,358.6,358.85,234631
2026-03-04 06:45:00,358.9,359.4,358.25,358.35,157960
2026-03-04 06:50:00,358.4,359.0,358.1,358.15,73692
2026-03-04 06:55:00,358.2,358.65,358.15,358.2,49506
2026-03-04 07:00:00,358.15,359.55,358.1,359.1,76128
2026-03-04 07:05:00,359.15,359.8,358.9,359.45,56472
2026-03-04 07:10:00,359.4,359.5,358.5,358.95,54703
2026-03-04 07:15:00,359.0,359.7,358.9,359.0,60986
2026-03-04 07:20:00,359.0,359.05,358.75,359.05,68813
2026-03-04 07:25:00,358.9,360.8,358.85,360.4,63157
2026-03-04 07:30:00,360.4,360.7,360.05,360.5,43092
2026-03-04 07:35:00,360.4,360.95,360.15,360.55,52078
2026-03-04 07:40:00,360.6,361.1,360.4,361.05,58614
2026-03-04 07:45:00,361.0,361.15,360.5,360.55,41072
2026-03-04 07:50:00,360.55,361.7,360.5,360.9,66856
2026-03-04 07:55:00,360.75,361.1,359.9,359.9,133521
2026-03-04 08:00:00,359.85,360.1,359.5,359.65,55355
2026-03-04 08:05:00,359.65,359.65,359.3,359.4,48210
2026-03-04 08:10:00,359.5,359.8,359.05,359.8,43455
2026-03-04 08:15:00,359.75,359.85,359.25,359.4,43560
2026-03-04 08:20:00,359.25,359.4,358.6,358.65,60148
2026-03-04 08:25:00,358.7,358.85,358.1,358.65,79732
2026-03-04 08:30:00,358.55,358.95,357.0,357.15,184334
2026-03-04 08:35:00,357.0,358.15,356.9,357.9,143077
2026-03-04 08:40:00,357.8,358.75,357.7,358.4,130708
2026-03-04 08:45:00,358.55,358.9,358.05,358.75,133360
2026-03-04 08:50:00,358.65,358.7,357.7,357.95,117496
2026-03-04 08:55:00,357.9,357.9,357.3,357.55,122323
2026-03-04 09:00:00,357.4,357.65,357.0,357.45,126012
2026-03-04 09:05:00,357.5,357.6,357.2,357.5,106519
2026-03-04 09:10:00,357.7,359.8,357.5,359.15,236924
2026-03-04 09:15:00,359.1,359.2,357.5,358.35,135687
2026-03-04 09:20:00,358.25,358.65,357.95,358.05,132083
2026-03-04 09:25:00,357.95,358.7,357.75,358.55,133611
2026-03-04 09:30:00,358.95,358.95,356.6,356.6,514530
2026-03-04 09:35:00,356.75,357.05,356.4,356.65,301080
2026-03-04 09:40:00,356.5,356.75,355.8,356.4,393963
2026-03-04 09:45:00,356.5,356.95,356.15,356.45,465700
2026-03-04 09:50:00,356.4,356.8,355.25,355.3,444175
2026-03-04 09:55:00,355.25,355.9,352.7,354.75,408997
2026-03-05 03:45:00,356.65,359.5,356.6,358.6,353186
2026-03-05 03:50:00,358.95,361.35,358.45,360.4,203636
2026-03-05 03:55:00,360.2,360.55,359.1,359.55,141944
2026-03-05 04:00:00,359.55,359.8,358.65,359.1,85437
2026-03-05 04:05:00,359.25,359.35,358.1,358.1,126570
2026-03-05 04:10:00,357.9,360.1,357.8,359.65,104934
2026-03-05 04:15:00,359.7,360.75,359.55,360.2,94363
2026-03-05 04:20:00,360.2,360.9,360.15,360.8,56859
2026-03-05 04:25:00,360.85,361.05,360.05,360.3,99601
2026-03-05 04:30:00,360.4,360.75,360.05,360.25,59970
2026-03-05 04:35:00,360.2,361.4,360.1,361.1,91411
2026-03-05 04:40:00,361.1,361.2,360.2,360.25,77164
2026-03-05 04:45:00,360.3,361.1,356.6,356.95,179664
2026-03-05 04:50:00,357.1,358.1,355.65,355.9,188172
2026-03-05 04:55:00,355.75,356.45,354.05,356.0,197658
2026-03-05 05:00:00,356.05,356.15,354.55,354.6,106612
2026-03-05 05:05:00,354.75,356.8,354.7,356.65,124671
2026-03-05 05:10:00,356.8,357.75,356.65,357.35,99506
2026-03-05 05:15:00,357.4,357.85,357.0,357.65,57230
2026-03-05 05:20:00,357.65,357.75,356.65,357.0,80131
2026-03-05 05:25:00,357.1,357.85,356.1,356.7,203798
2026-03-05 05:30:00,356.85,357.15,356.25,356.5,54498
2026-03-05 05:35:00,356.5,357.7,356.5,356.9,116299
2026-03-05 05:40:00,356.9,358.05,356.25,356.25,372514
2026-03-05 05:45:00,356.4,357.05,356.05,356.45,348136
2026-03-05 05:50:00,356.5,356.55,355.35,355.75,57612
2026-03-05 05:55:00,355.8,356.35,355.3,355.85,356636
2026-03-05 06:00:00,355.8,356.5,355.75,355.85,33831
2026-03-05 06:05:00,355.9,355.95,355.15,355.5,78071
2026-03-05 06:10:00,355.4,355.4,354.9,355.0,78139
2026-03-05 06:15:00,355.05,355.05,354.0,354.2,55488
2026-03-05 06:20:00,354.25,355.55,354.15,355.4,92378
2026-03-05 06:25:00,355.3,355.4,354.65,354.95,74787
2026-03-05 06:30:00,354.9,355.3,354.7,355.1,72365
2026-03-05 06:35:00,355.1,355.65,355.0,355.5,104782
2026-03-05 06:40:00,355.5,356.0,354.95,355.65,149195
2026-03-05 06:45:00,355.7,355.8,355.2,355.45,129330
2026-03-05 06:50:00,355.5,356.95,355.2,355.25,258562
2026-03-05 06:55:00,355.2,356.0,355.1,355.45,172196
2026-03-05 07:00:00,355.45,356.05,355.45,355.65,81907
2026-03-05 07:05:00,355.7,356.4,355.6,356.35,40882
2026-03-05 07:10:00,356.4,356.4,355.15,355.45,209978
2026-03-05 07:15:00,355.45,355.85,355.2,355.55,48337
2026-03-05 07:20:00,355.55,356.15,355.5,355.9,54427
2026-03-05 07:25:00,355.85,356.25,355.6,355.85,78335
2026-03-05 07:30:00,355.95,356.05,355.55,355.65,43391
2026-03-05 07:35:00,355.6,355.65,354.75,354.85,129657
2026-03-05 07:40:00,354.95,355.35,354.0,354.15,69555
2026-03-05 07:45:00,354.15,354.3,354.05,354.15,29782
2026-03-05 07:50:00,354.15,355.05,353.35,354.5,131746
2026-03-05 07:55:00,354.55,354.85,354.05,354.05,39485
2026-03-05 08:00:00,354.1,354.7,353.95,354.7,59219
2026-03-05 08:05:00,354.7,355.0,354.45,354.6,25565
2026-03-05 08:10:00,354.6,354.75,354.35,354.5,30602
2026-03-05 08:15:00,354.5,354.7,354.2,354.35,23941
2026-03-05 08:20:00,354.3,354.4,353.8,353.9,79419
2026-03-05 08:25:00,353.95,354.2,353.8,354.1,18311
2026-03-05 08:30:00,354.2,354.7,353.95,354.5,37466
2026-03-05 08:35:00,354.5,354.65,352.45,352.9,161366
2026-03-05 08:40:00,352.9,353.25,352.9,353.15,31223
2026-03-05 08:45:00,353.15,353.5,352.4,352.5,46378
2026-03-05 08:50:00,352.45,352.65,351.3,351.55,101601
2026-03-05 08:55:00,351.55,351.85,351.45,351.65,41529
2026-03-05 09:00:00,351.7,351.8,351.1,351.25,64332
2026-03-05 09:05:00,351.15,354.3,351.15,353.7,151934
2026-03-05 09:10:00,353.7,356.8,353.7,356.4,502473
2026-03-05 09:15:00,356.4,359.5,355.75,358.55,868585
2026-03-05 09:20:00,358.55,361.8,358.0,361.7,633315
2026-03-05 09:25:00,361.5,361.6,358.6,360.55,525733
2026-03-05 09:30:00,360.35,361.15,359.35,360.15,550129
2026-03-05 09:35:00,360.15,362.5,359.95,360.8,386853
2026-03-05 09:40:00,360.9,361.2,358.25,358.6,404675
2026-03-05 09:45:00,358.8,360.8,358.65,360.5,355122
2026-03-05 09:50:00,360.5,361.3,360.15,360.7,416000
2026-03-05 09:55:00,360.4,362.0,359.8,360.5,333252
2026-03-06 03:45:00,362.05,362.05,357.05,357.45,1341479
2026-03-06 03:50:00,357.6,358.25,354.75,355.1,328739
2026-03-06 03:55:00,355.1,355.9,354.1,354.95,418160
2026-03-06 04:00:00,355.0,355.65,353.45,353.55,215173
2026-03-06 04:05:00,353.55,354.25,352.85,353.35,183322
2026-03-06 04:10:00,353.35,354.75,352.7,354.75,157894
2026-03-06 04:15:00,354.75,354.75,353.55,353.55,109576
2026-03-06 04:20:00,353.5,353.8,352.55,353.0,169858
2026-03-06 04:25:00,352.95,353.45,351.2,351.7,197325
2026-03-06 04:30:00,351.7,352.25,351.3,351.85,270541
2026-03-06 04:35:00,352.05,352.6,351.7,351.95,159650
2026-03-06 04:40:00,352.2,353.95,351.9,353.45,273861
2026-03-06 04:45:00,353.4,354.95,353.15,354.45,110404
2026-03-06 04:50:00,354.4,354.9,354.2,354.75,70991
2026-03-06 04:55:00,354.7,354.95,354.05,354.55,99995
2026-03-06 05:00:00,354.5,354.9,353.5,353.5,107328
2026-03-06 05:05:00,353.7,354.3,353.45,353.7,182012
2026-03-06 05:10:00,353.65,354.0,353.3,353.45,54099
2026-03-06 05:15:00,353.55,354.15,353.1,353.35,125332
2026-03-06 05:20:00,353.35,354.45,353.15,354.15,64943
2026-03-06 05:25:00,354.1,354.3,353.85,354.25,35213
2026-03-06 05:30:00,354.1,354.75,354.1,354.45,78785
2026-03-06 05:35:00,354.45,354.5,353.3,353.8,297178
2026-03-06 05:40:00,353.9,355.45,353.7,354.15,219993
2026-03-06 05:45:00,354.2,354.3,353.7,353.85,160274
2026-03-06 05:50:00,353.9,354.45,353.9,354.15,169419
2026-03-06 05:55:00,354.15,354.5,353.95,354.1,228616
2026-03-06 06:00:00,354.15,354.75,354.1,354.55,96845
2026-03-06 06:05:00,354.55,354.95,354.5,354.7,65821
2026-03-06 06:10:00,354.75,355.1,354.3,354.5,154695
2026-03-06 06:15:00,354.65,354.95,354.5,354.7,49815
2026-03-06 06:20:00,354.75,354.85,354.1,354.1,110708
2026-03-06 06:25:00,354.2,354.2,353.9,353.9,58005
2026-03-06 06:30:00,353.9,354.0,353.6,353.6,37295
2026-03-06 06:35:00,353.55,354.15,353.55,354.0,44598
2026-03-06 06:40:00,353.95,354.1,353.8,353.8,27134
2026-03-06 06:45:00,353.8,353.95,353.5,353.5,41471
2026-03-06 06:50:00,353.55,353.6,353.05,353.5,43909
2026-03-06 06:55:00,353.55,353.9,353.35,353.5,42098
2026-03-06 07:00:00,353.6,353.95,353.0,353.0,69036
2026-03-06 07:05:00,353.0,353.4,352.55,353.25,50720
2026-03-06 07:10:00,353.25,353.7,353.0,353.7,36496
2026-03-06 07:15:00,353.7,353.85,353.3,353.55,31503
2026-03-06 07:20:00,353.65,354.0,353.4,353.55,35932
2026-03-06 07:25:00,353.55,353.75,353.35,353.55,38436
2026-03-06 07:30:00,353.65,354.1,353.55,353.95,37974
2026-03-06 07:35:00,353.95,354.35,353.9,354.1,30621
2026-03-06 07:40:00,354.1,354.3,354.05,354.2,40004
2026-03-06 07:45:00,354.35,354.45,353.85,353.95,44173
2026-03-06 07:50:00,353.95,354.4,353.75,354.25,44111
2026-03-06 07:55:00,354.4,354.4,354.05,354.2,34473
2026-03-06 08:00:00,354.2,354.4,353.85,354.15,55018
2026-03-06 08:05:00,354.15,355.35,354.0,354.7,72182
2026-03-06 08:10:00,354.7,354.85,354.5,354.65,44580
2026-03-06 08:15:00,354.65,354.85,353.95,354.2,71771
2026-03-06 08:20:00,354.2,354.9,354.1,354.65,48137
2026-03-06 08:25:00,354.65,354.7,354.1,354.35,40305
2026-03-06 08:30:00,354.2,354.7,354.0,354.3,75938
2026-03-06 08:35:00,354.1,355.45,353.95,355.25,93241
2026-03-06 08:40:00,355.3,356.4,355.25,356.05,119285
2026-03-06 08:45:00,356.05,356.95,356.0,356.75,108184
2026-03-06 08:50:00,356.75,356.85,355.95,356.35,51780
2026-03-06 08:55:00,356.35,357.7,356.35,357.0,117728
2026-03-06 09:00:00,357.15,357.45,357.0,357.05,51987
2026-03-06 09:05:00,357.05,357.4,356.85,357.3,66989
2026-03-06 09:10:00,357.35,357.4,356.65,356.9,125399
2026-03-06 09:15:00,356.9,357.3,354.1,354.25,244174
2026-03-06 09:20:00,354.2,355.15,354.1,354.75,95501
2026-03-06 09:25:00,354.7,354.8,352.4,352.8,195181
2026-03-06 09:30:00,352.9,354.05,352.9,353.45,281624
2026-03-06 09:35:00,353.35,353.7,352.2,352.2,224114
2026-03-06 09:40:00,352.2,352.5,351.6,352.3,278769
2026-03-06 09:45:00,352.35,353.05,352.0,352.85,286397
2026-03-06 09:50:00,352.85,353.15,352.25,352.8,396116
2026-03-06 09:55:00,352.75,353.1,352.05,352.95,261515
2026-03-09 03:45:00,341.35,341.45,326.15,326.9,3014769
2026-03-09 03:50:00,326.9,327.9,324.3,325.95,1091856
2026-03-09 03:55:00,325.8,326.85,324.8,325.0,586263
2026-03-09 04:00:00,325.0,326.0,322.8,325.75,740055
2026-03-09 04:05:00,325.95,329.4,325.0,328.25,895765
2026-03-09 04:10:00,328.3,329.95,327.2,327.4,707421
2026-03-09 04:15:00,327.3,329.5,326.25,328.35,520635
2026-03-09 04:20:00,328.25,331.25,327.95,329.15,474380
2026-03-09 04:25:00,329.15,332.9,329.15,331.85,409019
2026-03-09 04:30:00,331.8,332.95,331.1,332.45,299203
2026-03-09 04:35:00,332.25,334.1,331.7,332.6,353699
2026-03-09 04:40:00,332.6,333.9,332.3,333.45,159457
2026-03-09 04:45:00,333.45,334.15,332.3,333.05,213234
2026-03-09 04:50:00,333.2,334.7,330.75,332.05,383142
2026-03-09 04:55:00,331.95,332.15,330.55,330.95,219464
2026-03-09 05:00:00,330.85,331.9,330.75,330.95,223677
2026-03-09 05:05:00,330.85,331.25,330.25,330.65,224671
2026-03-09 05:10:00,330.75,331.1,330.1,330.35,195583
2026-03-09 05:15:00,330.35,330.35,327.55,328.25,442665
2026-03-09 05:20:00,328.25,331.25,327.95,330.65,683675
2026-03-09 05:25:00,330.6,333.3,330.3,331.35,779002
2026-03-09 05:30:00,331.6,333.15,331.25,333.0,536385
2026-03-09 05:35:00,332.8,334.5,332.45,332.7,367962
2026-03-09 05:40:00,332.7,332.85,331.0,331.9,206601
2026-03-09 05:45:00,331.9,332.2,330.35,331.65,598888
2026-03-09 05:50:00,331.6,333.1,331.05,332.05,488522
2026-03-09 05:55:00,332.0,332.75,330.65,331.8,1016865
2026-03-09 06:00:00,331.8,334.2,331.65,333.15,675442
2026-03-09 06:05:00,333.15,334.2,332.95,333.35,557036
2026-03-09 06:10:00,333.35,335.4,333.35,334.1,332197
2026-03-09 06:15:00,334.05,335.85,333.45,335.3,247977
2026-03-09 06:20:00,335.3,336.45,335.25,335.6,238058
2026-03-09 06:25:00,335.65,336.55,335.15,336.1,153591
2026-03-09 06:30:00,336.1,336.15,333.5,334.8,198352
2026-03-09 06:35:00,335.0,335.0,332.4,332.55,218121
2026-03-09 06:40:00,332.55,334.95,332.35,334.55,125132
2026-03-09 06:45:00,334.45,334.85,333.8,334.7,129100
2026-03-09 06:50:00,334.7,334.9,333.8,334.5,72495
2026-03-09 06:55:00,334.5,334.5,333.3,334.0,117023
2026-03-09 07:00:00,334.0,334.55,332.7,332.7,497338
2026-03-09 07:05:00,332.8,334.0,332.55,333.7,512341
2026-03-09 07:10:00,333.7,334.4,333.3,333.7,336474
2026-03-09 07:15:00,333.7,334.2,333.4,333.75,201413
2026-03-09 07:20:00,333.75,335.1,333.6,335.0,147004
2026-03-09 07:25:00,335.0,335.9,334.75,335.75,73280
2026-03-09 07:30:00,335.75,335.85,334.6,335.05,144332
2026-03-09 07:35:00,335.05,335.6,335.0,335.3,44183
2026-03-09 07:40:00,335.3,335.4,334.25,334.25,78590
2026-03-09 07:45:00,334.4,335.0,332.3,332.85,362827
2026-03-09 07:50:00,332.85,333.55,332.5,332.65,552198
2026-03-09 07:55:00,332.65,333.25,332.5,332.8,601253
2026-03-09 08:00:00,332.9,334.25,332.6,333.5,729430
2026-03-09 08:05:00,333.45,334.0,332.75,333.75,318695
2026-03-09 08:10:00,333.8,334.0,331.3,331.95,401694
2026-03-09 08:15:00,331.95,332.7,331.6,332.15,170513
2026-03-09 08:20:00,332.15,332.85,332.15,332.3,49874
2026-03-09 08:25:00,332.35,333.0,332.25,332.4,83441
2026-03-09 08:30:00,332.3,332.5,331.6,332.0,193603
2026-03-09 08:35:00,332.0,332.15,331.5,331.75,181985
2026-03-09 08:40:00,331.75,332.0,330.75,331.15,504726
2026-03-09 08:45:00,331.2,331.85,330.9,331.85,462709
2026-03-09 08:50:00,331.85,332.3,331.7,331.8,218527
2026-03-09 08:55:00,332.0,332.35,330.8,331.1,467737
2026-03-09 09:00:00,331.1,332.0,330.65,330.85,531302
2026-03-09 09:05:00,330.85,331.25,330.25,330.65,321841
2026-03-09 09:10:00,330.7,331.0,329.7,330.5,680867
2026-03-09 09:15:00,330.5,331.5,329.8,330.35,679860
2026-03-09 09:20:00,330.75,330.8,329.9,330.4,412834
2026-03-09 09:25:00,330.7,332.25,330.55,331.6,639221
2026-03-09 09:30:00,331.6,332.2,331.05,332.05,1383184
2026-03-09 09:35:00,332.0,333.3,330.55,330.8,961388
2026-03-09 09:40:00,330.7,331.15,330.2,330.75,650923
2026-03-09 09:45:00,330.75,331.55,330.35,330.45,817299
2026-03-09 09:50:00,330.4,330.6,329.7,330.2,838274
2026-03-09 09:55:00,330.2,330.65,329.7,330.05,360130
2026-03-10 03:45:00,336.5,342.2,328.95,329.6,2417008
2026-03-10 03:50:00,329.65,330.45,328.1,328.35,933450
2026-03-10 03:55:00,328.35,330.05,328.25,329.25,456596
2026-03-10 04:00:00,329.25,330.0,328.3,329.3,227980
2026-03-10 04:05:00,329.3,329.55,327.4,327.5,431025
2026-03-10 04:10:00,327.45,327.95,326.5,326.55,325960
2026-03-10 04:15:00,326.5,328.25,326.35,328.0,275074
2026-03-10 04:20:00,328.15,328.5,326.5,326.8,223646
2026-03-10 04:25:00,326.8,326.9,326.0,326.65,185894
2026-03-10 04:30:00,326.65,327.65,326.65,327.3,105662
2026-03-10 04:35:00,327.3,328.05,327.2,327.45,102484
2026-03-10 04:40:00,327.45,328.45,327.25,328.0,172667
2026-03-10 04:45:00,327.95,328.7,327.35,327.4,218635
2026-03-10 04:50:00,327.35,327.8,326.45,326.85,219676
2026-03-10 04:55:00,326.85,327.0,326.15,326.3,127471
2026-03-10 05:00:00,326.4,327.4,326.3,326.95,114684
2026-03-10 05:05:00,327.05,327.45,326.85,327.2,79199
2026-03-10 05:10:00,327.25,327.5,326.5,326.85,261951
2026-03-10 05:15:00,326.8,327.35,326.7,327.15,104498
2026-03-10 05:20:00,327.15,327.15,325.8,325.95,305423
2026-03-10 05:25:00,325.95,326.1,325.5,325.9,100078
2026-03-10 05:30:00,326.0,326.1,325.4,325.95,93798
2026-03-10 05:35:00,326.0,326.65,325.65,326.5,149182
2026-03-10 05:40:00,326.5,326.55,325.3,325.4,192490
2026-03-10 05:45:00,325.4,325.85,325.0,325.1,208851
2026-03-10 05:50:00,325.05,325.65,325.05,325.5,94114
2026-03-10 05:55:00,325.5,325.6,324.9,325.0,175705
2026-03-10 06:00:00,325.15,325.5,324.85,325.4,84035
2026-03-10 06:05:00,325.35,326.0,325.15,325.5,279470
2026-03-10 06:10:00,325.5,326.95,325.5,326.4,258211
2026-03-10 06:15:00,326.35,326.6,325.95,325.95,109452
2026-03-10 06:20:00,326.0,326.0,325.1,325.5,138987
2026-03-10 06:25:00,325.55,326.0,325.35,325.7,107471
2026-03-10 06:30:00,325.7,326.6,325.35,326.4,129087
2026-03-10 06:35:00,326.4,326.6,325.8,325.85,117678
2026-03-10 06:40:00,325.85,326.15,325.2,325.25,88195
2026-03-10 06:45:00,325.25,326.0,324.8,325.55,154470
2026-03-10 06:50:00,325.55,325.55,325.1,325.4,77434
2026-03-10 06:55:00,325.4,325.7,325.2,325.5,47258
2026-03-10 07:00:00,325.55,325.85,325.45,325.8,23750
2026-03-10 07:05:00,325.7,326.45,325.7,326.1,132150
2026-03-10 07:10:00,326.0,326.4,325.55,325.8,106485
2026-03-10 07:15:00,325.8,326.45,325.8,326.45,49819
2026-03-10 07:20:00,326.45,326.8,325.6,326.1,189252
2026-03-10 07:25:00,326.1,326.25,325.55,326.05,87152
2026-03-10 07:30:00,326.0,326.7,326.0,326.5,150529
2026-03-10 07:35:00,326.55,326.55,325.2,325.5,140377
2026-03-10 07:40:00,325.4,325.6,325.1,325.1,85213
2026-03-10 07:45:00,325.15,325.7,324.95,325.65,171265
2026-03-10 07:50:00,325.8,325.85,325.0,325.0,167262
2026-03-10 07:55:00,325.0,325.6,324.95,325.6,34022
2026-03-10 08:00:00,325.65,326.7,325.65,326.45,162772
2026-03-10 08:05:00,326.5,327.5,326.5,326.95,311657
2026-03-10 08:10:00,326.9,326.95,326.15,326.35,95226
2026-03-10 08:15:00,326.35,326.6,326.1,326.4,55807
2026-03-10 08:20:00,326.45,326.7,326.15,326.55,54372
2026-03-10 08:25:00,326.55,326.6,326.05,326.25,88128
2026-03-10 08:30:00,326.25,326.7,326.05,326.25,73117
2026-03-10 08:35:00,326.2,326.55,326.05,326.15,68559
2026-03-10 08:40:00,326.25,326.6,326.0,326.1,91097
2026-03-10 08:45:00,326.15,326.45,325.5,325.5,179643
2026-03-10 08:50:00,325.55,325.75,325.25,325.35,95258
2026-03-10 08:55:00,325.35,325.55,325.05,325.15,99171
2026-03-10 09:00:00,325.2,325.25,324.8,324.85,157937
2026-03-10 09:05:00,324.85,325.25,324.85,325.0,72520
2026-03-10 09:10:00,325.05,325.15,324.7,325.0,86323
2026-03-10 09:15:00,324.95,325.6,324.35,325.6,148528
2026-03-10 09:20:00,325.55,325.7,324.85,325.0,142934
2026-03-10 09:25:00,324.9,324.9,324.55,324.8,114228
2026-03-10 09:30:00,325.0,325.2,324.75,325.2,293746
2026-03-10 09:35:00,325.15,325.85,325.1,325.75,345698
2026-03-10 09:40:00,325.85,326.2,325.45,325.7,367183
2026-03-10 09:45:00,325.7,326.25,325.6,326.15,537526
2026-03-10 09:50:00,326.15,326.45,326.05,326.3,485065
2026-03-10 09:55:00,326.3,327.3,326.3,327.05,437946
2026-03-11 03:45:00,326.0,328.9,325.0,326.7,790291
2026-03-11 03:50:00,326.6,327.9,326.55,326.75,554169
2026-03-11 03:55:00,326.8,328.65,326.5,327.15,472365
2026-03-11 04:00:00,327.15,327.4,326.15,326.85,283478
2026-03-11 04:05:00,326.75,326.9,326.0,326.0,177591
2026-03-11 04:10:00,326.1,326.85,325.55,326.65,193151
2026-03-11 04:15:00,326.6,327.35,326.25,326.9,122660
2026-03-11 04:20:00,327.0,327.05,325.55,325.55,151804
2026-03-11 04:25:00,325.55,325.85,324.7,325.1,200497
2026-03-11 04:30:00,325.15,325.6,324.6,325.25,186801
2026-03-11 04:35:00,325.25,325.8,325.1,325.1,89803
2026-03-11 04:40:00,325.25,325.3,324.55,325.15,128456
2026-03-11 04:45:00,325.25,325.5,325.0,325.35,59002
2026-03-11 04:50:00,325.2,325.45,324.8,324.95,90141
2026-03-11 04:55:00,325.0,325.15,324.0,324.25,186386
2026-03-11 05:00:00,324.2,324.95,324.2,324.6,86918
2026-03-11 05:05:00,324.6,324.7,324.1,324.1,61258
2026-03-11 05:10:00,324.05,324.5,324.05,324.3,62094
2026-03-11 05:15:00,324.45,324.95,324.15,324.9,76638
2026-03-11 05:20:00,324.9,324.9,323.6,323.7,138082
2026-03-11 05:25:00,323.7,323.95,323.35,323.5,103605
2026-03-11 05:30:00,323.5,323.8,323.2,323.75,71796
2026-03-11 05:35:00,323.65,324.1,323.3,323.45,262380
2026-03-11 05:40:00,323.4,323.9,322.75,323.85,169059
2026-03-11 05:45:00,323.7,323.95,323.45,323.9,84541
2026-03-11 05:50:00,323.9,324.1,323.65,323.95,85057
2026-03-11 05:55:00,324.0,324.15,323.75,324.05,49804
2026-03-11 06:00:00,324.05,324.1,323.45,323.7,69941
2026-03-11 06:05:00,323.75,324.0,323.5,323.75,33523
2026-03-11 06:10:00,323.65,324.1,323.5,323.9,68794
2026-03-11 06:15:00,323.8,324.2,323.65,324.0,93130
2026-03-11 06:20:00,323.9,323.95,323.25,323.6,51711
2026-03-11 06:25:00,323.7,323.95,323.35,323.65,59684
2026-03-11 06:30:00,323.65,323.95,323.1,323.95,96546
2026-03-11 06:35:00,323.9,324.05,323.65,323.75,37104
2026-03-11 06:40:00,323.75,323.95,323.6,323.9,43304
2026-03-11 06:45:00,323.95,324.2,323.75,324.2,35185
2026-03-11 06:50:00,324.2,325.4,324.0,325.05,165018
2026-03-11 06:55:00,325.2,325.75,324.8,325.35,308851
2026-03-11 07:00:00,325.35,325.6,325.05,325.55,349581
2026-03-11 07:05:00,325.5,325.9,325.25,325.5,289376
2026-03-11 07:10:00,325.5,326.4,325.35,326.35,270499
2026-03-11 07:15:00,326.4,326.5,325.95,326.2,331424
2026-03-11 07:20:00,326.2,327.0,325.95,326.9,372100
2026-03-11 07:25:00,326.9,327.25,326.5,326.75,184313
2026-03-11 07:30:00,326.75,328.3,326.55,328.15,475484
2026-03-11 07:35:00,328.1,328.3,327.3,327.65,124849
2026-03-11 07:40:00,327.55,327.65,326.0,326.35,218003
2026-03-11 07:45:00,326.4,326.9,325.8,326.6,176978
2026-03-11 07:50:00,326.65,327.6,326.55,327.6,218264
2026-03-11 07:55:00,327.4,327.55,325.9,327.0,368691
2026-03-11 08:00:00,327.0,327.3,326.65,326.8,87905
2026-03-11 08:05:00,326.9,327.2,326.6,326.85,75935
2026-03-11 08:10:00,326.95,327.2,326.8,327.05,51787
2026-03-11 08:15:00,327.1,327.4,326.7,327.15,113464
2026-03-11 08:20:00,327.2,327.45,326.95,327.0,106785
2026-03-11 08:25:00,327.0,327.2,326.6,326.95,85033
2026-03-11 08:30:00,327.0,327.0,326.55,326.95,70103
2026-03-11 08:35:00,326.85,327.1,326.65,326.75,84158
2026-03-11 08:40:00,326.75,326.75,326.1,326.4,179480
2026-03-11 08:45:00,326.4,326.65,326.0,326.2,121469
2026-03-11 08:50:00,326.2,326.6,325.75,325.95,148713
2026-03-11 08:55:00,325.9,327.3,325.65,326.95,276349
2026-03-11 09:00:00,326.9,327.0,326.45,326.6,140173
2026-03-11 09:05:00,326.6,327.1,326.3,326.9,124662
2026-03-11 09:10:00,326.95,327.0,326.55,326.8,151518
2026-03-11 09:15:00,326.75,326.85,326.15,326.3,273281
2026-03-11 09:20:00,326.45,326.85,326.2,326.75,175407
2026-03-11 09:25:00,326.75,327.0,326.1,326.2,171361
2026-03-11 09:30:00,326.2,326.55,325.55,325.85,468734
2026-03-11 09:35:00,325.9,325.9,324.4,324.85,453321
2026-03-11 09:40:00,324.85,325.05,324.3,324.65,242669
2026-03-11 09:45:00,324.65,325.0,324.4,324.65,274361
2026-03-11 09:50:00,324.85,325.0,324.1,324.4,307324
2026-03-11 09:55:00,324.35,324.5,323.5,324.4,310414
2026-03-12 03:45:00,318.7,318.95,314.0,316.0,748176
2026-03-12 03:50:00,316.0,318.25,315.6,318.2,313310
2026-03-12 03:55:00,318.1,319.5,317.75,319.3,262254
2026-03-12 04:00:00,319.0,321.95,319.0,321.15,654855
2026-03-12 04:05:00,321.35,321.65,320.25,320.75,204704
2026-03-12 04:10:00,320.7,322.1,320.2,321.65,173728
2026-03-12 04:15:00,321.8,322.95,321.3,322.75,172355
2026-03-12 04:20:00,322.75,323.8,322.4,322.75,163888
2026-03-12 04:25:00,322.7,324.25,322.1,323.55,138018
2026-03-12 04:30:00,323.6,323.9,322.9,323.35,89565
2026-03-12 04:35:00,323.4,323.4,322.3,323.0,126341
2026-03-12 04:40:00,323.05,323.55,323.0,323.15,82565
2026-03-12 04:45:00,323.15,324.0,322.85,323.45,125437
2026-03-12 04:50:00,323.45,323.75,323.0,323.35,70114
2026-03-12 04:55:00,323.3,326.75,323.15,325.1,277963
2026-03-12 05:00:00,325.0,325.75,324.4,325.65,110485
2026-03-12 05:05:00,325.55,326.15,325.1,325.75,128149
2026-03-12 05:10:00,325.65,326.5,325.25,326.45,187246
2026-03-12 05:15:00,326.45,327.65,326.1,326.35,158596
2026-03-12 05:20:00,326.4,326.9,325.65,325.8,108072
2026-03-12 05:25:00,325.8,326.85,325.5,326.8,95082
2026-03-12 05:30:00,326.85,327.8,326.8,327.55,161484
2026-03-12 05:35:00,327.55,327.9,326.85,326.9,85222
2026-03-12 05:40:00,326.95,327.0,326.25,326.65,88047
2026-03-12 05:45:00,326.55,327.0,325.15,325.3,107184
2026-03-12 05:50:00,325.25,325.4,324.35,325.3,111715
2026-03-12 05:55:00,325.4,325.4,324.85,325.05,88417
2026-03-12 06:00:00,325.05,325.8,324.85,325.55,100622
2026-03-12 06:05:00,325.5,326.15,325.05,326.1,79512
2026-03-12 06:10:00,326.0,326.35,325.35,325.65,81274
2026-03-12 06:15:00,325.55,325.7,324.75,325.25,73696
2026-03-12 06:20:00,325.25,327.1,325.25,327.0,105767
2026-03-12 06:25:00,327.0,327.95,326.85,327.5,101856
2026-03-12 06:30:00,327.5,328.25,327.4,328.1,139243
2026-03-12 06:35:00,328.1,328.1,327.1,327.4,66299
2026-03-12 06:40:00,327.45,328.05,327.25,327.85,53620
2026-03-12 06:45:00,327.9,327.9,327.15,327.2,54540
2026-03-12 06:50:00,327.2,327.9,327.15,327.7,58115
2026-03-12 06:55:00,327.75,328.55,327.3,327.3,73409
2026-03-12 07:00:00,327.45,327.5,327.0,327.45,55923
2026-03-12 07:05:00,327.35,327.5,327.05,327.15,54979
2026-03-12 07:10:00,327.2,327.3,326.85,327.15,69367
2026-03-12 07:15:00,327.2,327.45,327.15,327.3,17941
2026-03-12 07:20:00,327.35,327.6,327.15,327.25,37763
2026-03-12 07:25:00,327.25,327.75,327.15,327.4,38155
2026-03-12 07:30:00,327.5,327.5,327.1,327.2,29666
2026-03-12 07:35:00,327.2,327.9,326.75,327.75,102297
2026-03-12 07:40:00,327.8,328.65,327.75,328.5,64973
2026-03-12 07:45:00,328.55,328.95,327.8,327.95,96580
2026-03-12 07:50:00,327.95,328.6,327.9,328.5,57197
2026-03-12 07:55:00,328.45,329.55,328.45,329.45,90795
2026-03-12 08:00:00,329.55,330.1,329.5,329.95,162140
2026-03-12 08:05:00,330.0,330.0,329.1,329.9,129725
2026-03-12 08:10:00,329.95,330.35,328.75,329.6,209220
2026-03-12 08:15:00,329.75,329.8,328.35,328.5,79596
2026-03-12 08:20:00,328.65,329.2,328.4,328.85,124360
2026-03-12 08:25:00,328.9,328.9,328.4,328.6,51507
2026-03-12 08:30:00,328.65,329.25,328.3,328.55,86557
2026-03-12 08:35:00,328.5,328.75,327.3,327.3,60046
2026-03-12 08:40:00,327.35,328.05,327.05,327.8,100025
2026-03-12 08:45:00,327.8,328.15,327.5,327.75,82733
2026-03-12 08:50:00,327.75,327.9,327.5,327.5,77657
2026-03-12 08:55:00,327.55,327.9,327.3,327.4,50753
2026-03-12 09:00:00,327.35,327.8,327.2,327.6,79889
2026-03-12 09:05:00,327.65,327.9,327.35,327.4,86404
2026-03-12 09:10:00,327.35,327.5,326.6,326.85,107451
2026-03-12 09:15:00,326.65,326.75,326.2,326.5,154499
2026-03-12 09:20:00,326.5,326.6,325.45,326.35,159683
2026-03-12 09:25:00,326.4,326.9,326.05,326.65,151034
2026-03-12 09:30:00,326.65,326.9,326.05,326.5,399480
2026-03-12 09:35:00,326.55,326.75,325.6,326.15,360721
2026-03-12 09:40:00,326.15,326.55,326.0,326.5,376196
2026-03-12 09:45:00,326.5,326.55,326.1,326.4,509074
2026-03-12 09:50:00,326.4,327.05,326.2,326.95,378712
2026-03-12 09:55:00,327.0,327.05,326.15,327.0,381144
2026-03-13 03:45:00,323.65,325.35,322.25,324.85,362478
2026-03-13 03:50:00,324.85,324.85,323.2,323.8,108817
2026-03-13 03:55:00,323.95,324.5,323.4,323.85,78192
2026-03-13 04:00:00,323.95,323.95,323.0,323.0,88156
2026-03-13 04:05:00,323.05,323.8,322.15,322.95,153756
2026-03-13 04:10:00,322.9,323.0,321.85,322.0,91822
2026-03-13 04:15:00,321.85,322.0,321.15,321.65,96698
2026-03-13 04:20:00,321.55,321.75,320.6,320.6,118177
2026-03-13 04:25:00,320.65,321.15,320.05,320.55,147090
2026-03-13 04:30:00,320.55,322.1,320.2,321.7,99426
2026-03-13 04:35:00,321.65,321.7,320.65,321.05,52835
2026-03-13 04:40:00,321.0,321.2,320.2,320.7,61043
2026-03-13 04:45:00,320.7,321.25,320.4,320.4,68265
2026-03-13 04:50:00,320.4,321.05,320.15,320.3,46804
2026-03-13 04:55:00,320.3,320.8,320.1,320.8,41413
2026-03-13 05:00:00,320.85,321.4,319.9,320.2,188333
2026-03-13 05:05:00,320.2,320.8,319.9,320.65,44430
2026-03-13 05:10:00,320.75,321.0,320.45,320.65,36753
2026-03-13 05:15:00,320.7,320.9,320.35,320.7,35947
2026-03-13 05:20:00,320.7,321.7,320.6,321.1,39651
2026-03-13 05:25:00,321.05,321.25,320.5,321.2,93060
2026-03-13 05:30:00,321.2,321.35,320.6,321.15,34891
2026-03-13 05:35:00,321.4,321.65,320.6,320.8,330471
2026-03-13 05:40:00,320.75,321.25,320.35,321.05,131845
2026-03-13 05:45:00,321.1,321.6,320.75,321.1,121681
2026-03-13 05:50:00,321.3,321.35,320.7,320.75,32686
2026-03-13 05:55:00,320.8,321.9,320.65,321.9,40875
2026-03-13 06:00:00,321.8,323.3,321.8,323.1,80458
2026-03-13 06:05:00,323.1,323.75,322.95,323.6,99730
2026-03-13 06:10:00,323.55,324.0,323.1,323.15,43677
2026-03-13 06:15:00,323.15,323.5,322.8,323.05,101978
2026-03-13 06:20:00,323.05,323.35,322.05,322.05,87597
2026-03-13 06:25:00,322.05,322.15,321.3,321.35,54011
2026-03-13 06:30:00,321.35,321.55,320.8,321.5,162622
2026-03-13 06:35:00,321.5,322.1,320.95,321.15,163053
2026-03-13 06:40:00,321.15,321.45,320.6,321.45,40965
2026-03-13 06:45:00,321.4,321.5,321.0,321.1,26170
2026-03-13 06:50:00,321.05,321.15,319.7,319.8,141902
2026-03-13 06:55:00,319.8,320.4,319.15,320.15,88402
2026-03-13 07:00:00,320.15,320.25,319.35,319.75,54755
2026-03-13 07:05:00,319.65,319.8,319.35,319.55,43054
2026-03-13 07:10:00,319.5,320.15,319.35,319.9,148917
2026-03-13 07:15:00,319.75,320.25,319.6,319.9,33419
2026-03-13 07:20:00,319.85,320.0,319.1,319.5,36159
2026-03-13 07:25:00,319.4,319.45,318.9,319.35,54741
2026-03-13 07:30:00,319.4,319.8,319.2,319.45,35869
2026-03-13 07:35:00,319.5,319.85,319.25,319.35,66613
2026-03-13 07:40:00,319.35,319.45,318.25,318.4,51376
2026-03-13 07:45:00,318.45,318.85,318.25,318.7,30448
2026-03-13 07:50:00,318.65,319.35,318.55,318.9,35248
2026-03-13 07:55:00,318.9,320.1,318.85,319.95,39818
2026-03-13 08:00:00,319.95,320.0,319.2,319.5,31304
2026-03-13 08:05:00,319.5,319.8,319.2,319.5,25416
2026-03-13 08:10:00,319.35,320.0,319.15,319.55,17850
2026-03-13 08:15:00,319.55,319.9,319.4,319.55,21589
2026-03-13 08:20:00,319.55,319.85,318.95,319.35,74206
2026-03-13 08:25:00,319.3,319.55,318.65,318.9,36189
2026-03-13 08:30:00,319.05,319.75,319.05,319.45,29059
2026-03-13 08:35:00,319.5,320.0,319.4,319.85,141278
2026-03-13 08:40:00,319.85,320.35,319.65,320.1,164349
2026-03-13 08:45:00,320.0,320.3,319.7,320.25,197139
2026-03-13 08:50:00,320.3,321.05,320.0,320.65,217312
2026-03-13 08:55:00,320.5,321.25,320.4,320.65,54358
2026-03-13 09:00:00,320.65,321.5,320.6,321.0,93240
2026-03-13 09:05:00,321.15,321.55,320.75,320.95,103475
2026-03-13 09:10:00,321.1,321.25,320.5,320.65,69029
2026-03-13 09:15:00,320.65,320.8,319.9,320.45,109523
2026-03-13 09:20:00,320.45,320.7,320.0,320.2,68689
2026-03-13 09:25:00,320.3,320.3,320.0,320.1,48341
2026-03-13 09:30:00,320.15,320.15,318.4,318.4,178051
2026-03-13 09:35:00,318.4,319.55,318.15,319.35,443249
2026-03-13 09:40:00,319.45,319.9,318.9,319.9,211429
2026-03-13 09:45:00,319.7,319.95,319.4,319.8,235890
2026-03-13 09:50:00,319.8,319.8,319.1,319.2,228762
2026-03-13 09:55:00,319.2,319.8,319.15,319.8,226990
2026-03-16 03:45:00,314.9,318.45,308.4,309.7,1049527
2026-03-16 03:50:00,309.8,309.8,306.85,307.1,475040
2026-03-16 03:55:00,307.05,309.25,306.85,308.65,411120
2026-03-16 04:00:00,309.3,311.2,308.75,310.4,306500
2026-03-16 04:05:00,310.55,312.55,310.05,311.0,344216
2026-03-16 04:10:00,311.15,312.4,311.0,312.1,154625
2026-03-16 04:15:00,312.05,312.05,310.9,311.2,234523
2026-03-16 04:20:00,311.2,311.3,310.15,310.9,195632
2026-03-16 04:25:00,310.9,313.55,310.9,312.55,278687
2026-03-16 04:30:00,312.55,313.55,312.1,312.3,208576
2026-03-16 04:35:00,312.4,312.95,311.2,311.8,160319
2026-03-16 04:40:00,311.65,311.95,310.4,310.6,143073
2026-03-16 04:45:00,310.55,310.6,309.3,309.7,219641
2026-03-16 04:50:00,309.8,310.0,309.0,309.3,109899
2026-03-16 04:55:00,309.2,310.3,309.0,310.05,147739
2026-03-16 05:00:00,310.05,311.3,309.85,310.55,259371
2026-03-16 05:05:00,310.45,311.05,309.55,309.7,90017
2026-03-16 05:10:00,309.65,309.95,308.0,308.05,226136
2026-03-16 05:15:00,308.15,308.15,307.5,307.65,217838
2026-03-16 05:20:00,307.8,307.85,306.9,306.9,196343
2026-03-16 05:25:00,306.85,307.8,306.7,307.75,168311
2026-03-16 05:30:00,308.0,308.3,306.9,306.95,174175
2026-03-16 05:35:00,306.95,307.4,306.5,307.05,214545
2026-03-16 05:40:00,306.8,307.35,306.25,306.95,254895
2026-03-16 05:45:00,307.1,308.0,306.95,307.85,250564
2026-03-16 05:50:00,307.85,308.7,307.1,308.35,164618
2026-03-16 05:55:00,308.35,309.35,308.2,308.5,168161
2026-03-16 06:00:00,308.65,309.75,308.1,308.4,140545
2026-03-16 06:05:00,308.25,308.85,307.55,307.7,133688
2026-03-16 06:10:00,307.75,308.0,307.1,307.1,115032
2026-03-16 06:15:00,307.3,307.4,306.55,306.75,128952
2026-03-16 06:20:00,306.75,306.8,305.95,306.25,110701
2026-03-16 06:25:00,306.35,307.05,306.0,306.0,83409
2026-03-16 06:30:00,306.0,306.85,305.5,305.55,214911
2026-03-16 06:35:00,305.55,305.8,305.15,305.4,230421
2026-03-16 06:40:00,305.4,305.55,305.05,305.05,102966
2026-03-16 06:45:00,305.05,305.05,304.05,304.1,191496
2026-03-16 06:50:00,304.15,305.15,304.1,304.8,164924
2026-03-16 06:55:00,304.75,304.8,304.25,304.25,86411
2026-03-16 07:00:00,304.25,304.8,303.55,303.7,145652
2026-03-16 07:05:00,303.65,304.2,303.3,303.9,138077
2026-03-16 07:10:00,303.8,303.9,303.1,303.1,103739
2026-03-16 07:15:00,303.1,303.15,302.35,302.35,144854
2026-03-16 07:20:00,302.45,303.7,302.25,303.25,158144
2026-03-16 07:25:00,303.25,303.3,302.3,303.0,70425
2026-03-16 07:30:00,303.1,303.5,302.65,302.65,114815
2026-03-16 07:35:00,302.4,302.45,301.1,301.35,189481
2026-03-16 07:40:00,301.4,302.25,301.2,301.95,73584
2026-03-16 07:45:00,302.05,302.5,302.0,302.05,100468
2026-03-16 07:50:00,302.15,303.25,302.0,302.3,106410
2026-03-16 07:55:00,302.45,302.8,302.25,302.45,92429
2026-03-16 08:00:00,302.55,304.85,302.45,304.35,324221
2026-03-16 08:05:00,304.35,304.75,304.0,304.35,182125
2026-03-16 08:10:00,304.35,304.85,304.0,304.0,110235
2026-03-16 08:15:00,304.0,304.7,303.95,304.25,125517
2026-03-16 08:20:00,304.15,304.55,304.0,304.45,88990
2026-03-16 08:25:00,304.4,304.8,304.15,304.2,74317
2026-03-16 08:30:00,304.3,304.4,304.0,304.2,101232
2026-03-16 08:35:00,304.2,304.65,304.1,304.4,96983
2026-03-16 08:40:00,304.4,305.3,304.4,304.6,190025
2026-03-16 08:45:00,304.5,305.85,304.0,305.85,232938
2026-03-16 08:50:00,305.8,306.75,305.2,306.7,477707
2026-03-16 08:55:00,306.75,306.8,305.9,306.25,280349
2026-03-16 09:00:00,306.35,306.5,305.35,305.6,560466
2026-03-16 09:05:00,305.55,306.0,305.05,305.8,240685
2026-03-16 09:10:00,305.85,306.15,304.95,305.3,615805
2026-03-16 09:15:00,305.4,305.95,305.0,305.75,340610
2026-03-16 09:20:00,305.7,306.0,305.25,305.5,272445
2026-03-16 09:25:00,305.6,306.35,305.2,305.75,460953
2026-03-16 09:30:00,305.85,305.85,304.05,305.05,804962
2026-03-16 09:35:00,305.05,305.7,305.0,305.25,623898
2026-03-16 09:40:00,305.3,305.5,304.35,304.7,722230
2026-03-16 09:45:00,304.65,305.2,304.15,305.0,494951
2026-03-16 09:50:00,305.15,305.2,304.3,304.7,723190
2026-03-16 09:55:00,304.6,305.7,304.5,305.35,430384
2026-03-17 03:45:00,305.3,305.9,301.8,302.4,561321
2026-03-17 03:50:00,302.3,302.4,300.8,301.05,311189
2026-03-17 03:55:00,301.0,301.0,300.35,300.55,250788
2026-03-17 04:00:00,300.65,301.3,300.65,300.9,195106
2026-03-17 04:05:00,301.0,301.6,300.1,301.35,188753
2026-03-17 04:10:00,301.45,301.75,300.85,301.35,154790
2026-03-17 04:15:00,301.25,301.65,300.55,301.15,105065
2026-03-17 04:20:00,301.0,301.45,300.65,300.75,76285
2026-03-17 04:25:00,300.65,301.15,300.4,301.0,123817
2026-03-17 04:30:00,301.0,301.8,301.0,301.3,88784
2026-03-17 04:35:00,301.45,301.9,301.0,301.45,211730
2026-03-17 04:40:00,301.45,301.9,301.0,301.85,98821
2026-03-17 04:45:00,301.85,303.6,301.85,302.75,326045
2026-03-17 04:50:00,302.6,303.25,302.2,302.7,188706
2026-03-17 04:55:00,302.7,302.8,301.5,301.7,108073
2026-03-17 05:00:00,301.65,301.9,300.6,300.65,116208
2026-03-17 05:05:00,300.65,301.55,300.55,301.4,117325
2026-03-17 05:10:00,301.3,301.65,301.2,301.6,43163
2026-03-17 05:15:00,301.5,301.55,300.7,301.5,82473
2026-03-17 05:20:00,301.5,302.5,301.1,302.1,250040
2026-03-17 05:25:00,302.0,303.0,302.0,302.75,339780
2026-03-17 05:30:00,302.8,303.0,302.5,302.9,82818
2026-03-17 05:35:00,302.8,302.9,302.0,302.15,83227
2026-03-17 05:40:00,302.05,302.5,302.0,302.1,57712
2026-03-17 05:45:00,302.05,302.9,301.95,302.75,65322
2026-03-17 05:50:00,302.7,302.85,301.6,301.7,240607
2026-03-17 05:55:00,301.75,301.75,300.7,300.9,367938
2026-03-17 06:00:00,301.0,302.4,300.8,302.15,375939
2026-03-17 06:05:00,302.15,302.75,302.05,302.4,66160
2026-03-17 06:10:00,302.4,302.4,300.9,301.4,219414
2026-03-17 06:15:00,301.55,301.9,301.35,301.5,41846
2026-03-17 06:20:00,301.5,301.9,301.2,301.45,51914
2026-03-17 06:25:00,301.5,302.05,300.4,301.55,422258
2026-03-17 06:30:00,301.2,301.4,300.85,300.9,109899
2026-03-17 06:35:00,301.0,301.05,299.6,301.0,304569
2026-03-17 06:40:00,300.9,301.0,300.25,300.3,100351
2026-03-17 06:45:00,300.45,300.45,298.5,298.65,220461
2026-03-17 06:50:00,298.7,298.95,298.15,298.6,194010
2026-03-17 06:55:00,298.65,299.0,298.5,298.8,111528
2026-03-17 07:00:00,298.8,299.25,298.5,298.9,223955
2026-03-17 07:05:00,298.85,299.75,298.7,298.7,132563
2026-03-17 07:10:00,298.7,300.3,298.65,299.95,297646
2026-03-17 07:15:00,299.95,300.4,299.75,300.05,136517
2026-03-17 07:20:00,300.0,300.2,299.4,299.65,95051
2026-03-17 07:25:00,299.65,300.55,299.4,299.9,104203
2026-03-17 07:30:00,300.0,300.65,299.35,300.3,153647
2026-03-17 07:35:00,300.25,300.6,299.55,300.0,105149
2026-03-17 07:40:00,300.0,300.2,299.85,300.0,96282
2026-03-17 07:45:00,300.0,300.15,299.7,300.0,97452
2026-03-17 07:50:00,300.0,300.2,299.3,299.55,105711
2026-03-17 07:55:00,299.45,300.05,299.25,300.05,116677
2026-03-17 08:00:00,300.1,301.5,300.0,300.65,189389
2026-03-17 08:05:00,300.65,300.8,299.95,300.0,90380
2026-03-17 08:10:00,300.1,300.4,299.65,300.0,123711
2026-03-17 08:15:00,299.9,300.45,299.9,300.4,81668
2026-03-17 08:20:00,300.45,300.8,300.3,300.55,51940
2026-03-17 08:25:00,300.5,300.55,299.9,300.15,63667
2026-03-17 08:30:00,300.25,300.6,299.95,300.2,127235
2026-03-17 08:35:00,300.2,300.5,299.55,300.4,76805
2026-03-17 08:40:00,300.45,301.35,300.3,300.85,190338
2026-03-17 08:45:00,300.85,301.25,300.5,301.1,465481
2026-03-17 08:50:00,301.1,301.5,300.0,300.15,215730
2026-03-17 08:55:00,300.25,300.45,299.75,300.25,142319
2026-03-17 09:00:00,300.2,301.15,300.15,300.65,251405
2026-03-17 09:05:00,300.7,301.2,300.6,300.9,251495
2026-03-17 09:10:00,300.95,301.3,300.55,300.65,428520
2026-03-17 09:15:00,300.65,300.95,300.2,300.9,712350
2026-03-17 09:20:00,301.0,301.2,300.15,300.85,392637
2026-03-17 09:25:00,300.8,301.6,300.75,301.0,613493
2026-03-17 09:30:00,300.95,301.15,299.6,300.05,546797
2026-03-17 09:35:00,299.85,300.75,299.75,300.45,639087
2026-03-17 09:40:00,300.4,300.45,299.6,300.3,348397
2026-03-17 09:45:00,300.2,300.4,299.65,300.0,309433
2026-03-17 09:50:00,300.0,300.0,299.6,299.9,883560
2026-03-17 09:55:00,299.9,300.05,299.55,300.0,521602
2026-03-18 03:45:00,300.8,302.95,299.6,302.35,461034
2026-03-18 03:50:00,302.4,302.9,300.8,301.0,282478
2026-03-18 03:55:00,301.0,302.0,300.65,301.85,181906
2026-03-18 04:00:00,301.85,303.8,301.85,303.6,282836
2026-03-18 04:05:00,303.45,303.8,303.1,303.2,124311
2026-03-18 04:10:00,303.2,304.85,302.8,304.65,150196
2026-03-18 04:15:00,304.5,306.55,304.45,306.5,227201
2026-03-18 04:20:00,306.45,307.45,305.7,305.85,207900
2026-03-18 04:25:00,305.7,305.85,304.05,304.55,185275
2026-03-18 04:30:00,304.55,304.85,303.4,303.7,99897
2026-03-18 04:35:00,303.7,303.8,301.25,301.25,164369
2026-03-18 04:40:00,301.45,302.0,300.75,301.4,422791
2026-03-18 04:45:00,301.35,301.75,300.4,301.0,411701
2026-03-18 04:50:00,301.0,301.65,301.0,301.55,119437
2026-03-18 04:55:00,301.55,301.65,300.7,301.2,145528
2026-03-18 05:00:00,301.25,301.95,301.2,301.75,84764
2026-03-18 05:05:00,301.7,301.95,301.25,301.55,81002
2026-03-18 05:10:00,301.7,301.9,301.4,301.55,41619
2026-03-18 05:15:00,301.55,303.0,301.55,302.95,89378
2026-03-18 05:20:00,302.8,303.15,302.5,303.1,73734
2026-03-18 05:25:00,303.1,303.6,303.05,303.35,61648
2026-03-18 05:30:00,303.35,303.9,302.8,303.7,64173
2026-03-18 05:35:00,303.95,303.95,303.1,303.45,84474
2026-03-18 05:40:00,303.35,303.5,303.15,303.4,38242
2026-03-18 05:45:00,303.3,303.4,302.9,303.15,46343
2026-03-18 05:50:00,303.0,303.5,302.7,303.45,61327
2026-03-18 05:55:00,303.5,303.55,303.0,303.45,31409
2026-03-18 06:00:00,303.35,304.45,303.35,304.2,104071
2026-03-18 06:05:00,304.2,304.9,304.05,304.85,50008
2026-03-18 06:10:00,304.85,305.4,304.6,304.65,108597
2026-03-18 06:15:00,304.7,304.95,304.3,304.35,48174
2026-03-18 06:20:00,304.4,305.0,304.35,304.95,35227
2026-03-18 06:25:00,304.9,305.3,304.55,304.8,47811
2026-03-18 06:30:00,304.75,304.85,304.2,304.7,60055
2026-03-18 06:35:00,304.85,304.9,304.45,304.55,40442
2026-03-18 06:40:00,304.4,304.8,304.25,304.8,36322
2026-03-18 06:45:00,304.8,304.9,304.35,304.6,33378
2026-03-18 06:50:00,304.6,304.85,303.9,304.2,294066
2026-03-18 06:55:00,304.2,304.35,303.55,303.9,97643
2026-03-18 07:00:00,303.8,304.45,303.8,304.35,40587
2026-03-18 07:05:00,304.3,304.45,304.05,304.2,50470
2026-03-18 07:10:00,304.15,304.3,303.85,304.15,61633
2026-03-18 07:15:00,304.1,304.55,303.9,304.45,48784
2026-03-18 07:20:00,304.35,304.45,304.05,304.1,84685
2026-03-18 07:25:00,304.05,304.25,303.95,304.0,19880
2026-03-18 07:30:00,304.1,304.9,304.0,304.75,142732
2026-03-18 07:35:00,304.6,304.8,303.8,303.8,87841
2026-03-18 07:40:00,303.8,304.35,303.6,304.2,43108
2026-03-18 07:45:00,304.2,304.55,304.0,304.3,48756
2026-03-18 07:50:00,304.3,304.6,304.05,304.25,38838
2026-03-18 07:55:00,304.15,304.55,304.1,304.4,28713
2026-03-18 08:00:00,304.4,304.5,303.75,304.0,214102
2026-03-18 08:05:00,303.85,304.5,303.85,304.15,141117
2026-03-18 08:10:00,304.1,304.25,303.95,304.05,76164
2026-03-18 08:15:00,304.05,304.15,303.55,303.7,75938
2026-03-18 08:20:00,303.7,304.2,303.55,304.05,50205
2026-03-18 08:25:00,304.05,304.25,303.55,303.6,60287
2026-03-18 08:30:00,303.6,303.7,303.1,303.3,67275
2026-03-18 08:35:00,303.15,303.35,302.95,303.3,86467
2026-03-18 08:40:00,303.15,303.65,303.15,303.5,78335
2026-03-18 08:45:00,303.5,304.45,303.3,304.25,187891
2026-03-18 08:50:00,304.2,304.75,304.05,304.75,63203
2026-03-18 08:55:00,304.6,305.1,304.25,304.4,75197
2026-03-18 09:00:00,304.35,304.45,304.05,304.1,60492
2026-03-18 09:05:00,304.05,304.5,304.0,304.5,142743
2026-03-18 09:10:00,304.45,304.7,304.1,304.25,69551
2026-03-18 09:15:00,304.15,304.6,304.05,304.5,55031
2026-03-18 09:20:00,304.5,304.65,304.4,304.6,90872
2026-03-18 09:25:00,304.45,304.8,304.4,304.65,111047
2026-03-18 09:30:00,304.75,304.75,303.15,304.15,429719
2026-03-18 09:35:00,304.15,304.55,304.0,304.3,166230
2026-03-18 09:40:00,304.3,304.4,304.05,304.25,165587
2026-03-18 09:45:00,304.25,304.25,303.1,303.3,284713
2026-03-18 09:50:00,303.25,303.55,302.8,303.3,312252
2026-03-18 09:55:00,303.35,304.0,303.0,304.0,227017
2026-03-19 03:45:00,298.0,298.0,290.1,292.65,1385171
2026-03-19 03:50:00,292.8,294.2,291.5,292.9,348919
2026-03-19 03:55:00,292.9,293.4,292.5,293.05,233216
2026-03-19 04:00:00,293.0,293.4,292.0,292.25,253455
2026-03-19 04:05:00,292.15,293.15,292.05,292.4,211327
2026-03-19 04:10:00,292.45,293.55,292.3,293.05,204770
2026-03-19 04:15:00,293.1,293.7,292.4,292.4,345431
2026-03-19 04:20:00,292.5,294.2,292.15,293.4,189559
2026-03-19 04:25:00,293.3,294.0,293.15,293.8,115498
2026-03-19 04:30:00,293.7,293.7,292.05,292.65,488956
2026-03-19 04:35:00,292.8,292.95,291.65,291.9,157930
2026-03-19 04:40:00,291.9,291.9,290.85,291.05,241980
2026-03-19 04:45:00,291.1,291.2,290.3,291.1,344358
2026-03-19 04:50:00,291.1,291.15,290.7,291.0,84331
2026-03-19 04:55:00,291.15,292.7,291.15,291.65,279431
2026-03-19 05:00:00,291.55,293.6,291.55,293.1,230518
2026-03-19 05:05:00,293.1,294.65,292.75,294.6,210396
2026-03-19 05:10:00,294.5,295.6,294.15,295.55,199859
2026-03-19 05:15:00,295.55,295.55,293.45,293.85,190645
2026-03-19 05:20:00,293.9,294.7,293.55,294.7,105175
2026-03-19 05:25:00,294.65,294.8,293.2,293.3,91819
2026-03-19 05:30:00,293.35,293.6,292.9,293.15,111350
2026-03-19 05:35:00,293.1,293.2,292.4,292.65,86466
2026-03-19 05:40:00,292.7,293.55,292.6,292.9,98498
2026-03-19 05:45:00,292.75,293.2,292.4,293.1,80422
2026-03-19 05:50:00,293.1,293.15,292.5,292.55,96136
2026-03-19 05:55:00,292.45,292.75,292.15,292.45,72250
2026-03-19 06:00:00,292.5,292.85,292.2,292.55,155781
2026-03-19 06:05:00,292.6,292.75,292.15,292.45,145971
2026-03-19 06:10:00,292.45,292.45,291.5,291.9,178378
2026-03-19 06:15:00,291.9,292.15,291.6,291.85,68636
2026-03-19 06:20:00,291.8,292.05,291.65,291.75,54255
2026-03-19 06:25:00,291.75,291.9,291.6,291.9,57006
2026-03-19 06:30:00,291.9,291.95,291.45,291.55,183772
2026-03-19 06:35:00,291.55,291.65,291.0,291.15,70994
2026-03-19 06:40:00,291.2,291.3,290.8,291.2,106439
2026-03-19 06:45:00,291.2,291.25,290.95,290.95,57482
2026-03-19 06:50:00,291.05,291.05,289.0,289.4,359814
2026-03-19 06:55:00,289.35,289.8,289.2,289.6,107414
2026-03-19 07:00:00,289.6,289.75,289.15,289.5,126886
2026-03-19 07:05:00,289.4,290.0,288.9,288.95,424842
2026-03-19 07:10:00,289.0,289.05,288.55,288.9,116189
2026-03-19 07:15:00,288.75,289.45,288.55,289.4,127187
2026-03-19 07:20:00,289.3,289.5,288.65,288.65,183708
2026-03-19 07:25:00,288.8,288.9,288.5,288.7,157421
2026-03-19 07:30:00,288.65,288.7,288.1,288.15,154081
2026-03-19 07:35:00,288.15,288.25,287.6,287.7,183773
2026-03-19 07:40:00,287.75,287.95,286.4,286.7,195525
2026-03-19 07:45:00,286.6,286.9,286.5,286.8,92211
2026-03-19 07:50:00,286.8,286.95,286.55,286.8,123612
2026-03-19 07:55:00,286.8,287.1,286.5,286.6,112642
2026-03-19 08:00:00,286.6,287.15,286.5,286.85,115774
2026-03-19 08:05:00,286.75,286.95,286.5,286.9,78063
2026-03-19 08:10:00,286.85,287.05,286.55,286.6,112368
2026-03-19 08:15:00,286.75,286.9,286.45,286.6,131782
2026-03-19 08:20:00,286.55,287.0,286.35,286.8,134381
2026-03-19 08:25:00,286.9,286.95,286.2,286.5,97006
2026-03-19 08:30:00,286.65,286.95,286.15,286.35,112290
2026-03-19 08:35:00,286.35,286.35,286.0,286.1,94500
2026-03-19 08:40:00,286.1,286.3,285.85,286.05,134972
2026-03-19 08:45:00,286.0,287.15,285.9,286.75,161168
2026-03-19 08:50:00,286.85,286.9,286.5,286.55,239904
2026-03-19 08:55:00,286.55,286.7,286.05,286.15,128253
2026-03-19 09:00:00,286.15,286.95,286.05,286.7,176904
2026-03-19 09:05:00,286.65,286.95,286.35,286.6,161561
2026-03-19 09:10:00,286.6,286.9,286.05,286.9,268568
2026-03-19 09:15:00,286.85,287.0,286.05,286.4,192042
2026-03-19 09:20:00,286.55,286.55,285.35,285.95,276541
2026-03-19 09:25:00,285.95,286.15,285.1,285.5,291117
2026-03-19 09:30:00,285.65,285.95,284.4,285.6,591912
2026-03-19 09:35:00,285.55,285.9,285.3,285.75,383735
2026-03-19 09:40:00,285.75,286.15,285.4,285.95,297779
2026-03-19 09:45:00,285.95,286.45,285.4,286.4,524952
2026-03-19 09:50:00,286.35,287.3,286.1,287.15,419024
2026-03-19 09:55:00,287.15,287.8,286.5,287.35,292899
2026-03-20 03:45:00,288.5,295.85,288.5,293.7,943587
2026-03-20 03:50:00,293.55,294.1,292.9,293.55,276099
2026-03-20 03:55:00,293.6,295.25,293.15,293.3,284772
2026-03-20 04:00:00,293.4,293.9,292.9,293.6,190438
2026-03-20 04:05:00,293.6,295.0,292.7,293.4,714080
2026-03-20 04:10:00,293.4,293.5,291.95,292.35,278338
2026-03-20 04:15:00,292.45,293.75,292.3,293.1,226146
2026-03-20 04:20:00,293.15,293.9,292.55,292.9,213192
2026-03-20 04:25:00,292.8,293.45,292.35,292.65,148310
2026-03-20 04:30:00,292.55,292.8,291.6,292.35,198679
2026-03-20 04:35:00,292.35,292.9,291.9,292.0,226050
2026-03-20 04:40:00,291.85,292.25,291.8,291.8,176603
2026-03-20 04:45:00,291.7,292.05,290.4,290.5,553390
2026-03-20 04:50:00,290.5,290.5,289.1,289.5,403326
2026-03-20 04:55:00,289.5,290.8,289.15,290.55,231338
2026-03-20 05:00:00,290.35,290.5,289.5,289.5,160193
2026-03-20 05:05:00,289.6,289.6,288.9,289.25,149747
2026-03-20 05:10:00,289.3,289.6,289.1,289.25,102932
2026-03-20 05:15:00,289.35,289.35,288.5,288.8,250003
2026-03-20 05:20:00,288.85,289.2,288.7,288.95,430845
2026-03-20 05:25:00,288.95,289.7,288.85,289.15,219343
2026-03-20 05:30:00,289.2,289.6,288.6,288.8,151580
2026-03-20 05:35:00,288.75,290.35,288.7,290.1,546338
2026-03-20 05:40:00,290.0,291.15,289.65,290.9,321636
2026-03-20 05:45:00,290.9,291.9,290.8,291.0,345359
2026-03-20 05:50:00,291.0,292.6,291.0,291.3,518642
2026-03-20 05:55:00,291.45,292.0,291.0,291.05,340914
2026-03-20 06:00:00,291.05,291.75,290.9,290.9,102138
2026-03-20 06:05:00,291.0,291.0,290.1,290.35,158762
2026-03-20 06:10:00,290.35,291.15,290.2,290.35,106982
2026-03-20 06:15:00,290.45,290.5,289.9,290.25,103330
2026-03-20 06:20:00,290.3,290.3,289.8,289.9,68857
2026-03-20 06:25:00,289.85,289.95,289.2,289.35,76725
2026-03-20 06:30:00,289.0,289.25,288.45,288.6,139073
2026-03-20 06:35:00,288.6,289.35,288.35,289.35,63542
2026-03-20 06:40:00,289.4,289.9,289.0,289.5,90120
2026-03-20 06:45:00,289.5,289.7,289.0,289.15,70921
2026-03-20 06:50:00,289.15,289.55,289.0,289.15,65112
2026-03-20 06:55:00,289.0,289.3,288.85,289.1,52571
2026-03-20 07:00:00,289.0,289.6,288.4,289.5,90873
2026-03-20 07:05:00,289.4,289.65,289.15,289.55,61709
2026-03-20 07:10:00,289.5,289.8,289.4,289.6,61961
2026-03-20 07:15:00,289.55,289.75,289.05,289.45,49708
2026-03-20 07:20:00,289.4,289.7,289.25,289.7,43734
2026-03-20 07:25:00,289.6,289.8,288.55,288.55,76417
2026-03-20 07:30:00,288.5,288.75,288.1,288.6,93379
2026-03-20 07:35:00,288.65,289.1,288.45,289.1,69393
2026-03-20 07:40:00,289.0,289.3,289.0,289.3,64303
2026-03-20 07:45:00,289.3,290.25,289.15,289.8,97211
2026-03-20 07:50:00,289.7,290.65,289.5,290.4,108461
2026-03-20 07:55:00,290.25,290.7,290.15,290.2,78823
2026-03-20 08:00:00,290.3,290.4,289.85,289.9,72102
2026-03-20 08:05:00,289.9,290.2,289.65,289.95,52574
2026-03-20 08:10:00,290.0,290.0,289.2,289.2,63237
2026-03-20 08:15:00,289.25,289.35,288.9,289.1,76644
2026-03-20 08:20:00,289.1,289.1,288.65,288.95,48756
2026-03-20 08:25:00,288.9,289.25,288.65,288.7,73035
2026-03-20 08:30:00,288.75,289.05,288.3,288.95,101249
2026-03-20 08:35:00,288.85,291.05,288.5,288.85,234960
2026-03-20 08:40:00,288.85,289.1,288.25,288.85,107811
2026-03-20 08:45:00,288.85,289.0,288.4,288.9,92126
2026-03-20 08:50:00,288.85,289.3,288.5,288.55,95272
2026-03-20 08:55:00,288.55,288.55,287.7,288.15,130838
2026-03-20 09:00:00,288.2,289.65,288.1,289.55,109478
2026-03-20 09:05:00,289.5,289.6,288.55,288.9,91469
2026-03-20 09:10:00,289.05,289.3,287.2,287.45,107664
2026-03-20 09:15:00,287.45,288.3,287.3,287.9,124131
2026-03-20 09:20:00,287.8,287.85,287.25,287.5,115555
2026-03-20 09:25:00,287.4,288.4,287.4,288.3,170738
2026-03-20 09:30:00,288.3,288.45,287.0,288.0,784701
2026-03-20 09:35:00,288.1,288.3,287.95,288.0,515707
2026-03-20 09:40:00,288.0,288.0,286.95,287.7,759679
2026-03-20 09:45:00,287.6,287.8,287.15,287.2,656547
2026-03-20 09:50:00,287.15,288.7,287.15,288.7,773712
2026-03-20 09:55:00,288.75,288.8,287.9,288.5,571863
2026-03-23 03:45:00,280.05,281.0,276.0,279.95,885980
2026-03-23 03:50:00,279.5,280.6,278.75,278.75,338838
2026-03-23 03:55:00,278.5,278.5,275.15,275.9,307720
2026-03-23 04:00:00,275.85,276.85,275.65,276.65,254779
2026-03-23 04:05:00,276.65,276.65,275.6,275.9,340804
2026-03-23 04:10:00,275.8,275.9,274.9,275.65,265825
2026-03-23 04:15:00,275.55,275.55,274.35,274.65,183008
2026-03-23 04:20:00,274.65,274.7,273.4,273.65,188998
2026-03-23 04:25:00,273.6,273.8,272.7,272.95,343833
2026-03-23 04:30:00,273.0,273.7,272.6,273.5,214634
2026-03-23 04:35:00,273.65,274.15,272.8,273.1,210870
2026-03-23 04:40:00,273.05,273.3,272.7,272.7,159263
2026-03-23 04:45:00,272.6,273.45,272.5,272.5,137490
2026-03-23 04:50:00,272.55,272.65,271.3,271.55,201393
2026-03-23 04:55:00,271.7,272.55,271.55,271.6,118809
2026-03-23 05:00:00,271.75,272.2,271.7,271.7,81431
2026-03-23 05:05:00,271.7,272.6,271.6,272.15,87089
2026-03-23 05:10:00,272.15,272.15,271.55,271.9,45632
2026-03-23 05:15:00,271.9,271.95,271.55,271.85,58015
2026-03-23 05:20:00,271.85,271.85,271.0,271.4,106092
2026-03-23 05:25:00,271.4,271.4,270.25,270.5,130836
2026-03-23 05:30:00,270.45,271.3,270.0,271.3,326415
2026-03-23 05:35:00,271.3,272.1,270.75,271.7,96020
2026-03-23 05:40:00,271.6,271.8,271.1,271.75,98757
2026-03-23 05:45:00,271.65,272.45,271.65,272.2,213768
2026-03-23 05:50:00,272.1,272.8,271.85,272.15,159904
2026-03-23 05:55:00,272.15,272.3,271.65,272.3,82433
2026-03-23 06:00:00,272.25,272.6,271.75,271.9,101563
2026-03-23 06:05:00,271.8,271.85,270.35,270.45,104898
2026-03-23 06:10:00,270.55,271.3,270.45,271.15,113541
2026-03-23 06:15:00,271.1,271.45,271.05,271.15,66292
2026-03-23 06:20:00,271.2,271.75,271.0,271.55,87082
2026-03-23 06:25:00,271.55,272.5,271.2,272.2,65331
2026-03-23 06:30:00,272.25,272.5,272.0,272.2,137739
2026-03-23 06:35:00,272.2,272.6,271.8,272.6,95590
2026-03-23 06:40:00,272.5,272.75,272.15,272.3,109012
2026-03-23 06:45:00,272.25,272.8,271.95,272.75,123154
2026-03-23 06:50:00,272.7,273.7,272.65,273.15,185275
2026-03-23 06:55:00,273.3,273.4,271.5,271.8,133099
2026-03-23 07:00:00,271.7,272.0,271.5,271.65,54588
2026-03-23 07:05:00,271.65,272.2,271.5,271.5,99792
2026-03-23 07:10:00,271.45,272.0,271.4,271.85,63269
2026-03-23 07:15:00,271.9,271.95,271.45,271.6,62920
2026-03-23 07:20:00,271.6,271.65,271.3,271.35,48421
2026-03-23 07:25:00,271.3,271.6,271.15,271.55,61073
2026-03-23 07:30:00,271.45,271.55,271.15,271.5,50880
2026-03-23 07:35:00,271.45,272.35,271.3,272.15,166622
2026-03-23 07:40:00,272.15,272.25,272.0,272.1,50974
2026-03-23 07:45:00,272.1,272.45,271.95,272.1,302004
2026-03-23 07:50:00,272.0,272.3,271.95,272.1,165590
2026-03-23 07:55:00,272.0,272.35,271.75,272.3,137307
2026-03-23 08:00:00,272.25,272.7,272.05,272.45,1158994
2026-03-23 08:05:00,272.4,272.55,272.25,272.3,136036
2026-03-23 08:10:00,272.3,273.5,272.15,272.9,249632
2026-03-23 08:15:00,272.8,273.0,272.6,272.95,104462
2026-03-23 08:20:00,272.95,273.05,272.5,272.75,254439
2026-03-23 08:25:00,272.75,273.05,272.7,272.75,136405
2026-03-23 08:30:00,272.65,272.95,272.45,272.9,56824
2026-03-23 08:35:00,272.95,273.0,272.3,272.75,114208
2026-03-23 08:40:00,272.65,273.05,272.45,272.7,221317
2026-03-23 08:45:00,272.7,272.95,272.45,272.8,64898
2026-03-23 08:50:00,272.7,272.8,271.9,271.95,112728
2026-03-23 08:55:00,271.8,271.95,271.15,271.55,58293
2026-03-23 09:00:00,271.55,271.6,270.8,271.2,170431
2026-03-23 09:05:00,271.3,272.35,271.05,271.85,123550
2026-03-23 09:10:00,271.85,272.45,271.3,272.45,125411
2026-03-23 09:15:00,272.45,272.6,272.1,272.5,93373
2026-03-23 09:20:00,272.5,272.55,271.95,272.05,159877
2026-03-23 09:25:00,271.95,272.55,271.8,272.55,439002
2026-03-23 09:30:00,272.45,272.5,270.3,270.3,655098
2026-03-23 09:35:00,270.3,271.55,270.2,271.35,416993
2026-03-23 09:40:00,271.35,272.0,271.3,271.5,245231
2026-03-23 09:45:00,271.55,272.05,271.1,271.65,303050
2026-03-23 09:50:00,271.7,271.9,271.45,271.65,419843
2026-03-23 09:55:00,271.8,271.95,271.15,271.95,256635
2026-03-24 03:45:00,280.0,280.0,272.65,272.85,1440843
2026-03-24 03:50:00,272.85,273.0,270.7,272.0,1220428
2026-03-24 03:55:00,272.1,272.6,271.95,272.5,786721
2026-03-24 04:00:00,272.5,272.55,271.5,272.15,458339
2026-03-24 04:05:00,272.35,273.3,272.3,272.45,393758
2026-03-24 04:10:00,272.55,273.05,271.6,272.25,318725
2026-03-24 04:15:00,272.2,272.25,271.4,271.5,180879
2026-03-24 04:20:00,271.5,272.4,271.45,272.25,184882
2026-03-24 04:25:00,272.35,272.65,272.05,272.45,502759
2026-03-24 04:30:00,272.45,272.5,271.85,271.9,121927
2026-03-24 04:35:00,272.1,272.5,271.95,272.2,142722
2026-03-24 04:40:00,272.15,272.6,271.95,272.35,166919
2026-03-24 04:45:00,272.35,273.55,272.15,272.7,227496
2026-03-24 04:50:00,272.7,273.15,272.2,273.0,284586
2026-03-24 04:55:00,273.05,274.35,272.95,274.15,280672
2026-03-24 05:00:00,274.15,275.55,274.1,274.75,317929
2026-03-24 05:05:00,274.8,275.2,274.4,274.75,227161
2026-03-24 05:10:00,274.75,276.25,274.45,275.55,286191
2026-03-24 05:15:00,275.5,277.0,275.1,276.4,143408
2026-03-24 05:20:00,276.4,276.85,275.35,275.7,121429
2026-03-24 05:25:00,275.65,276.25,275.3,275.75,333853
2026-03-24 05:30:00,275.75,276.35,275.6,276.15,190274
2026-03-24 05:35:00,276.1,276.85,275.85,276.3,154990
2026-03-24 05:40:00,276.25,276.75,275.8,275.8,219570
2026-03-24 05:45:00,275.75,275.8,275.25,275.4,117510
2026-03-24 05:50:00,275.65,275.65,275.15,275.25,64140
2026-03-24 05:55:00,275.15,275.5,275.05,275.35,53847
2026-03-24 06:00:00,275.35,275.6,275.15,275.55,66968
2026-03-24 06:05:00,275.4,275.65,275.2,275.55,221271
2026-03-24 06:10:00,275.6,275.85,275.25,275.35,128792
2026-03-24 06:15:00,275.35,275.35,274.9,275.0,192915
2026-03-24 06:20:00,274.95,276.4,274.85,276.0,219334
2026-03-24 06:25:00,275.9,276.3,275.5,275.6,107010
2026-03-24 06:30:00,275.55,275.6,275.1,275.3,129232
2026-03-24 06:35:00,275.25,275.3,274.7,274.8,317426
2026-03-24 06:40:00,274.8,274.9,273.35,273.4,243026
2026-03-24 06:45:00,273.5,273.55,272.95,273.1,82394
2026-03-24 06:50:00,273.15,275.6,273.1,275.45,216762
2026-03-24 06:55:00,275.65,277.25,274.8,275.65,234308
2026-03-24 07:00:00,275.75,282.95,275.6,282.45,1360447
2026-03-24 07:05:00,282.45,283.0,280.75,281.45,513368
2026-03-24 07:10:00,281.45,282.9,280.85,281.75,458052
2026-03-24 07:15:00,281.65,282.65,279.7,280.45,419707
2026-03-24 07:20:00,280.45,281.85,280.45,280.9,113285
2026-03-24 07:25:00,280.85,280.95,279.75,280.0,86150
2026-03-24 07:30:00,280.0,280.2,279.3,279.45,131507
2026-03-24 07:35:00,279.5,279.9,278.7,279.6,170335
2026-03-24 07:40:00,279.55,280.2,278.95,279.5,98923
2026-03-24 07:45:00,279.55,280.05,279.15,279.65,59437
2026-03-24 07:50:00,279.65,280.2,279.3,279.9,117995
2026-03-24 07:55:00,279.8,281.15,279.8,281.15,165927
2026-03-24 08:00:00,281.15,281.8,280.7,281.65,107106
2026-03-24 08:05:00,281.55,282.15,280.9,281.3,113368
2026-03-24 08:10:00,281.3,282.0,280.85,281.15,85661
2026-03-24 08:15:00,281.15,281.4,280.05,280.25,112661
2026-03-24 08:20:00,280.25,280.7,280.0,280.4,89236
2026-03-24 08:25:00,280.4,281.05,280.3,280.8,69406
2026-03-24 08:30:00,280.75,280.9,279.2,280.2,168807
2026-03-24 08:35:00,280.15,280.75,279.9,280.1,111264
2026-03-24 08:40:00,280.1,280.9,280.1,280.8,91127
2026-03-24 08:45:00,280.85,281.6,280.7,281.2,121835
2026-03-24 08:50:00,281.3,281.5,280.3,280.65,126533
2026-03-24 08:55:00,280.65,280.85,280.3,280.55,71791
2026-03-24 09:00:00,280.6,281.2,280.3,280.95,192697
2026-03-24 09:05:00,280.9,281.3,280.2,280.5,88351
2026-03-24 09:10:00,280.45,281.15,279.7,280.25,154152
2026-03-24 09:15:00,280.2,280.65,280.1,280.55,77631
2026-03-24 09:20:00,280.55,280.85,280.35,280.65,134034
2026-03-24 09:25:00,280.65,281.8,280.3,281.25,408843
2026-03-24 09:30:00,281.15,282.0,280.75,281.7,356296
2026-03-24 09:35:00,281.75,282.95,281.45,282.55,452822
2026-03-24 09:40:00,282.55,282.95,281.9,282.05,369139
2026-03-24 09:45:00,282.0,282.85,281.7,282.2,363419
2026-03-24 09:50:00,282.35,282.7,282.15,282.55,434793
2026-03-24 09:55:00,282.6,282.65,282.0,282.45,271011
2026-03-25 03:45:00,288.2,289.75,285.4,288.05,887368
2026-03-25 03:50:00,288.05,289.1,285.6,286.5,777136
2026-03-25 03:55:00,286.65,286.8,285.15,285.55,359082
2026-03-25 04:00:00,285.5,286.55,285.5,286.25,229016
2026-03-25 04:05:00,286.15,288.35,286.05,286.35,333179
2026-03-25 04:10:00,286.4,287.35,286.05,287.05,146917
2026-03-25 04:15:00,287.05,287.35,286.6,286.75,183635
2026-03-25 04:20:00,286.6,286.95,286.2,286.6,236622
2026-03-25 04:25:00,286.65,286.8,286.1,286.35,136252
2026-03-25 04:30:00,286.4,287.7,286.25,286.55,256872
2026-03-25 04:35:00,286.45,286.65,284.4,284.8,343587
2026-03-25 04:40:00,284.75,285.1,284.6,285.0,139444
2026-03-25 04:45:00,285.0,285.45,284.6,284.95,120002
2026-03-25 04:50:00,284.85,284.95,284.15,284.65,158305
2026-03-25 04:55:00,284.7,285.25,284.05,284.35,115737
2026-03-25 05:00:00,284.35,284.55,284.1,284.15,121591
2026-03-25 05:05:00,284.1,284.5,284.1,284.2,103359
2026-03-25 05:10:00,284.2,284.65,283.9,284.65,147692
2026-03-25 05:15:00,284.6,284.95,284.5,284.9,122704
2026-03-25 05:20:00,284.85,285.0,284.35,284.55,113770
2026-03-25 05:25:00,284.45,284.6,284.1,284.5,154853
2026-03-25 05:30:00,284.5,284.95,284.45,284.6,79151
2026-03-25 05:35:00,284.55,285.15,284.55,284.9,129134
2026-03-25 05:40:00,284.85,285.2,284.15,285.15,280995
2026-03-25 05:45:00,285.1,285.2,284.45,284.65,477190
2026-03-25 05:50:00,284.7,284.8,283.65,284.0,222107
2026-03-25 05:55:00,284.0,284.2,283.1,283.15,304870
2026-03-25 06:00:00,283.05,283.15,281.8,282.7,499023
2026-03-25 06:05:00,282.7,282.9,282.25,282.6,712417
2026-03-25 06:10:00,282.5,283.0,282.2,282.25,144752
2026-03-25 06:15:00,282.35,282.85,282.15,282.5,111908
2026-03-25 06:20:00,282.55,283.3,282.55,282.9,75462
2026-03-25 06:25:00,282.8,283.15,282.65,283.15,104912
2026-03-25 06:30:00,283.1,284.15,283.0,283.9,259157
2026-03-25 06:35:00,283.95,284.0,283.25,283.3,48620
2026-03-25 06:40:00,283.25,283.75,283.2,283.6,66948
2026-03-25 06:45:00,283.55,284.0,283.45,283.65,86403
2026-03-25 06:50:00,283.65,283.8,283.05,283.2,100535
2026-03-25 06:55:00,283.2,283.45,283.0,283.25,72403
2026-03-25 07:00:00,283.35,283.5,283.15,283.2,91542
2026-03-25 07:05:00,283.15,283.3,283.1,283.25,45739
2026-03-25 07:10:00,283.2,283.2,282.8,283.0,85237
2026-03-25 07:15:00,283.0,283.1,282.55,282.55,65625
2026-03-25 07:20:00,282.55,282.85,282.25,282.35,85430
2026-03-25 07:25:00,282.3,282.55,282.25,282.45,61468
2026-03-25 07:30:00,282.45,282.7,282.2,282.25,77180
2026-03-25 07:35:00,282.3,282.75,282.2,282.7,65480
2026-03-25 07:40:00,282.65,283.35,282.6,283.1,93608
2026-03-25 07:45:00,283.0,283.7,282.9,283.4,120496
2026-03-25 07:50:00,283.55,283.55,283.05,283.4,59365
2026-03-25 07:55:00,283.4,283.75,283.15,283.4,85754
2026-03-25 08:00:00,283.4,284.2,283.15,284.2,120691
2026-03-25 08:05:00,284.25,284.9,284.05,284.9,214999
2026-03-25 08:10:00,285.0,285.0,284.5,285.0,147305
2026-03-25 08:15:00,284.95,285.75,284.85,285.65,406675
2026-03-25 08:20:00,285.6,285.65,284.75,285.45,562266
2026-03-25 08:25:00,285.4,285.95,285.0,285.85,585221
2026-03-25 08:30:00,285.85,285.9,284.5,285.2,679282
2026-03-25 08:35:00,285.2,285.75,285.0,285.0,548198
2026-03-25 08:40:00,285.1,285.45,285.0,285.1,493333
2026-03-25 08:45:00,285.05,285.45,284.45,284.55,325564
2026-03-25 08:50:00,284.5,284.7,284.0,284.2,143336
2026-03-25 08:55:00,284.2,284.95,284.2,284.9,134801
2026-03-25 09:00:00,284.85,285.4,284.45,285.2,384469
2026-03-25 09:05:00,285.2,285.4,285.1,285.1,147909
2026-03-25 09:10:00,285.15,285.35,284.15,284.3,212067
2026-03-25 09:15:00,284.25,284.7,284.05,284.2,209685
2026-03-25 09:20:00,284.2,284.8,284.15,284.75,352538
2026-03-25 09:25:00,284.8,284.8,284.35,284.65,121492
2026-03-25 09:30:00,284.55,284.55,283.55,284.15,457923
2026-03-25 09:35:00,284.15,285.15,284.05,285.0,622817
2026-03-25 09:40:00,284.95,284.95,284.6,284.7,325592
2026-03-25 09:45:00,284.7,284.8,284.55,284.6,256530
2026-03-25 09:50:00,284.65,284.8,284.4,284.5,399015
2026-03-25 09:55:00,284.5,284.9,284.3,284.8,599675
2026-03-27 03:45:00,290.0,298.5,289.6,290.45,3503957
2026-03-27 03:50:00,290.45,290.5,282.45,282.45,3142605
2026-03-27 03:55:00,282.5,284.1,281.35,283.4,1314189
2026-03-27 04:00:00,283.55,286.2,282.85,283.75,1547505
2026-03-27 04:05:00,283.8,284.05,283.05,283.95,787235
2026-03-27 04:10:00,283.9,285.45,283.65,285.45,653773
2026-03-27 04:15:00,285.45,286.0,282.7,282.95,760071
2026-03-27 04:20:00,282.95,284.8,282.85,283.25,470520
2026-03-27 04:25:00,283.25,283.55,282.55,283.15,393092
2026-03-27 04:30:00,283.2,283.25,281.45,282.6,433797
2026-03-27 04:35:00,282.6,282.95,282.15,282.45,173555
2026-03-27 04:40:00,282.55,282.55,281.8,282.0,300707
2026-03-27 04:45:00,282.0,282.0,281.0,281.9,405569
2026-03-27 04:50:00,281.8,282.2,281.0,281.3,321779
2026-03-27 04:55:00,281.3,282.9,280.8,282.9,313720
2026-03-27 05:00:00,282.8,283.25,282.3,282.5,293078
2026-03-27 05:05:00,282.5,282.55,281.3,282.3,182382
2026-03-27 05:10:00,282.35,282.8,282.1,282.2,122097
2026-03-27 05:15:00,282.15,283.4,282.05,282.6,369597
2026-03-27 05:20:00,282.7,283.7,282.6,283.0,187752
2026-03-27 05:25:00,283.05,283.75,283.05,283.45,113676
2026-03-27 05:30:00,283.45,284.25,283.4,284.15,365291
2026-03-27 05:35:00,284.15,284.25,283.65,284.1,206802
2026-03-27 05:40:00,284.05,284.35,284.0,284.3,131661
2026-03-27 05:45:00,284.35,284.75,284.25,284.35,176431
2026-03-27 05:50:00,284.3,284.35,283.45,283.5,319688
2026-03-27 05:55:00,283.55,284.25,283.5,284.1,148853
2026-03-27 06:00:00,284.0,284.75,283.7,284.55,195100
2026-03-27 06:05:00,284.6,285.75,284.6,285.65,222070
2026-03-27 06:10:00,285.5,285.6,284.6,285.35,342488
2026-03-27 06:15:00,285.3,285.6,285.0,285.0,111985
2026-03-27 06:20:00,285.05,285.25,284.25,284.3,305043
2026-03-27 06:25:00,284.3,284.35,283.4,283.4,272220
2026-03-27 06:30:00,283.4,283.65,283.0,283.35,273154
2026-03-27 06:35:00,283.15,283.2,281.85,282.0,516553
2026-03-27 06:40:00,282.0,283.3,281.9,283.25,258929
2026-03-27 06:45:00,283.2,283.55,282.8,283.3,304867
2026-03-27 06:50:00,283.3,283.5,283.0,283.2,223692
2026-03-27 06:55:00,283.15,283.75,283.0,283.7,225127
2026-03-27 07:00:00,283.8,283.8,283.0,283.1,180037
2026-03-27 07:05:00,283.05,283.05,281.95,282.25,269934
2026-03-27 07:10:00,282.2,282.6,282.15,282.25,148393
2026-03-27 07:15:00,282.2,283.4,282.2,283.3,70091
2026-03-27 07:20:00,283.25,283.75,283.25,283.45,175384
2026-03-27 07:25:00,283.45,284.4,283.45,284.4,114316
2026-03-27 07:30:00,284.45,285.2,284.35,284.8,279341
2026-03-27 07:35:00,284.75,285.4,284.2,285.35,221942
2026-03-27 07:40:00,285.4,286.3,285.2,286.3,287933
2026-03-27 07:45:00,286.35,286.8,285.5,286.4,258906
2026-03-27 07:50:00,286.4,287.05,285.95,287.0,187636
2026-03-27 07:55:00,287.05,288.2,286.7,286.85,299957
2026-03-27 08:00:00,286.85,287.25,286.65,286.85,210555
2026-03-27 08:05:00,286.7,287.25,286.2,286.25,117132
2026-03-27 08:10:00,286.25,286.75,285.55,286.65,226714
2026-03-27 08:15:00,286.7,287.0,286.35,286.75,73999
2026-03-27 08:20:00,286.7,286.7,286.35,286.5,66288
2026-03-27 08:25:00,286.45,286.6,286.05,286.3,73859
2026-03-27 08:30:00,286.15,286.45,286.1,286.2,87871
2026-03-27 08:35:00,286.2,286.45,285.85,286.2,180541
2026-03-27 08:40:00,286.1,286.3,285.35,285.4,446449
2026-03-27 08:45:00,285.45,285.45,283.8,284.0,303523
2026-03-27 08:50:00,283.95,284.2,283.55,283.8,135661
2026-03-27 08:55:00,283.85,284.15,283.65,283.95,94516
2026-03-27 09:00:00,283.9,284.25,283.75,284.2,171917
2026-03-27 09:05:00,284.2,284.45,283.35,283.45,175266
2026-03-27 09:10:00,283.45,283.85,283.35,283.5,138250
2026-03-27 09:15:00,283.5,283.8,283.3,283.3,146259
2026-03-27 09:20:00,283.35,283.75,283.05,283.55,251046
2026-03-27 09:25:00,283.55,284.35,283.45,283.9,399035
2026-03-27 09:30:00,283.65,283.65,282.4,282.95,571104
2026-03-27 09:35:00,283.15,283.5,282.75,283.45,392721
2026-03-27 09:40:00,283.45,283.75,283.05,283.15,410052
2026-03-27 09:45:00,283.15,283.35,282.7,282.85,517880
2026-03-27 09:50:00,282.45,282.6,281.85,282.15,668603
2026-03-27 09:55:00,282.35,282.35,281.0,281.8,365642
2026-03-30 03:45:00,274.95,279.85,273.1,279.6,1138412
2026-03-30 03:50:00,279.6,282.1,279.4,280.95,546657
2026-03-30 03:55:00,280.95,281.1,279.75,280.7,313293
2026-03-30 04:00:00,280.95,281.95,280.25,281.85,265484
2026-03-30 04:05:00,281.9,283.25,281.6,282.0,393979
2026-03-30 04:10:00,281.95,282.8,281.65,282.75,167336
2026-03-30 04:15:00,282.85,284.45,282.7,282.7,253336
2026-03-30 04:20:00,282.8,283.6,282.25,282.3,410703
2026-03-30 04:25:00,282.35,282.4,281.2,281.6,139179
2026-03-30 04:30:00,281.7,282.2,281.35,282.0,110798
2026-03-30 04:35:00,281.95,281.95,281.35,281.55,86116
2026-03-30 04:40:00,281.5,281.65,280.4,281.55,228890
2026-03-30 04:45:00,281.6,282.0,280.65,280.65,108155
2026-03-30 04:50:00,280.8,280.8,279.35,279.4,172208
2026-03-30 04:55:00,279.35,279.5,278.7,278.9,121674
2026-03-30 05:00:00,278.9,278.95,278.3,278.85,140931
2026-03-30 05:05:00,278.85,280.25,278.85,279.5,188705
2026-03-30 05:10:00,279.5,279.5,278.75,279.0,64914
2026-03-30 05:15:00,279.0,279.1,278.55,278.95,64739
2026-03-30 05:20:00,279.05,279.45,278.45,278.55,112354
2026-03-30 05:25:00,278.65,279.2,278.35,278.6,110446
2026-03-30 05:30:00,278.65,279.85,278.5,279.55,183341
2026-03-30 05:35:00,279.55,280.15,279.4,279.5,104943
2026-03-30 05:40:00,279.35,280.25,279.35,280.2,108164
2026-03-30 05:45:00,280.25,281.1,280.2,280.85,117225
2026-03-30 05:50:00,280.75,281.3,280.6,281.0,93916
2026-03-30 05:55:00,281.1,281.15,280.45,280.75,94435
2026-03-30 06:00:00,280.75,281.95,280.45,281.85,117311
2026-03-30 06:05:00,281.8,282.5,281.6,281.7,128439
2026-03-30 06:10:00,281.6,281.75,281.0,281.1,85507
2026-03-30 06:15:00,280.95,281.25,280.8,281.1,54168
2026-03-30 06:20:00,281.05,281.75,281.0,281.75,134685
2026-03-30 06:25:00,281.7,282.15,281.45,281.55,54371
2026-03-30 06:30:00,281.6,282.6,281.55,282.35,96997
2026-03-30 06:35:00,282.3,282.7,281.65,281.9,64969
2026-03-30 06:40:00,281.85,282.75,281.8,282.7,65509
2026-03-30 06:45:00,282.7,282.9,282.6,282.65,46061
2026-03-30 06:50:00,282.6,283.2,282.5,282.55,86001
2026-03-30 06:55:00,282.5,282.55,281.8,282.25,117355
2026-03-30 07:00:00,282.3,282.3,281.6,282.0,95084
2026-03-30 07:05:00,282.0,282.25,281.85,282.15,195497
2026-03-30 07:10:00,282.05,282.2,282.0,282.05,98078
2026-03-30 07:15:00,282.1,282.95,281.85,282.85,368623
2026-03-30 07:20:00,282.95,283.15,282.0,282.4,83471
2026-03-30 07:25:00,282.4,283.9,282.25,283.9,491396
2026-03-30 07:30:00,283.9,285.0,283.85,284.5,364208
2026-03-30 07:35:00,284.45,285.25,284.1,284.3,250077
2026-03-30 07:40:00,284.4,284.65,284.0,284.55,140326
2026-03-30 07:45:00,284.6,284.75,284.1,284.2,82053
2026-03-30 07:50:00,284.2,284.45,284.1,284.45,77151
2026-03-30 07:55:00,284.4,284.45,283.1,284.05,142892
2026-03-30 08:00:00,284.05,284.4,283.6,284.4,78185
2026-03-30 08:05:00,284.5,284.65,284.15,284.55,79426
2026-03-30 08:10:00,284.55,284.6,283.55,283.65,101162
2026-03-30 08:15:00,283.75,283.95,283.7,283.75,63802
2026-03-30 08:20:00,283.75,284.15,283.35,283.45,140035
2026-03-30 08:25:00,283.35,283.5,283.0,283.15,125720
2026-03-30 08:30:00,283.15,284.2,283.15,283.7,197140
2026-03-30 08:35:00,283.7,284.05,283.5,283.7,58032
2026-03-30 08:40:00,283.8,283.8,283.35,283.45,80288
2026-03-30 08:45:00,283.45,283.45,283.0,283.05,202927
2026-03-30 08:50:00,283.15,283.35,282.65,282.8,245354
2026-03-30 08:55:00,282.85,283.25,282.4,282.5,169050
2026-03-30 09:00:00,282.45,283.2,282.15,282.3,231952
2026-03-30 09:05:00,282.25,282.55,282.05,282.15,262639
2026-03-30 09:10:00,282.15,282.4,281.55,281.9,259286
2026-03-30 09:15:00,281.95,282.1,281.15,281.6,272716
2026-03-30 09:20:00,281.45,282.0,281.2,281.55,331155
2026-03-30 09:25:00,281.6,281.85,281.3,281.6,243463
2026-03-30 09:30:00,281.5,281.55,280.55,280.75,465174
2026-03-30 09:35:00,280.65,280.95,280.25,280.3,335154
2026-03-30 09:40:00,280.3,281.4,280.1,281.25,425474
2026-03-30 09:45:00,281.2,281.4,280.85,280.85,435127
2026-03-30 09:50:00,280.95,281.85,280.7,281.85,312557
2026-03-30 09:55:00,281.75,281.85,280.85,281.35,259963
2026-04-01 03:45:00,292.0,292.0,282.8,286.15,1142747
2026-04-01 03:50:00,286.05,288.3,286.0,288.0,686823
2026-04-01 03:55:00,288.0,289.0,287.85,288.25,437313
2026-04-01 04:00:00,288.2,288.75,287.15,287.5,387460
2026-04-01 04:05:00,287.5,287.6,284.0,285.0,547914
2026-04-01 04:10:00,285.0,285.25,284.0,284.5,189104
2026-04-01 04:15:00,284.55,285.4,284.5,285.1,254528
2026-04-01 04:20:00,284.95,286.35,284.95,286.0,221663
2026-04-01 04:25:00,285.85,285.95,284.3,284.7,167545
2026-04-01 04:30:00,284.75,285.3,284.5,284.75,125732
2026-04-01 04:35:00,284.65,285.05,284.05,284.1,163653
2026-04-01 04:40:00,284.1,284.2,283.05,283.3,213818
2026-04-01 04:45:00,283.3,283.55,282.55,282.95,174427
2026-04-01 04:50:00,282.95,283.0,281.65,282.4,225567
2026-04-01 04:55:00,282.4,282.5,281.5,281.85,149226
2026-04-01 05:00:00,282.1,282.6,281.75,282.3,101628
2026-04-01 05:05:00,282.3,282.75,282.25,282.6,68319
2026-04-01 05:10:00,282.55,282.6,282.0,282.25,127614
2026-04-01 05:15:00,282.3,282.4,281.15,282.0,179173
2026-04-01 05:20:00,282.0,282.9,282.0,282.25,342521
2026-04-01 05:25:00,282.25,283.0,282.1,282.1,354586
2026-04-01 05:30:00,282.1,283.45,281.3,283.3,596955
2026-04-01 05:35:00,283.25,283.9,282.0,282.5,448349
2026-04-01 05:40:00,282.4,283.8,282.4,283.05,413520
2026-04-01 05:45:00,282.95,283.1,282.65,282.95,55022
2026-04-01 05:50:00,282.95,284.05,282.75,283.9,507900
2026-04-01 05:55:00,283.8,283.9,283.4,283.4,71823
2026-04-01 06:00:00,283.45,284.75,283.3,284.1,157445
2026-04-01 06:05:00,284.05,284.25,283.75,284.2,84854
2026-04-01 06:10:00,284.2,284.6,283.35,283.7,347018
2026-04-01 06:15:00,283.7,284.0,283.05,283.75,123135
2026-04-01 06:20:00,283.6,283.75,283.3,283.4,74270
2026-04-01 06:25:00,283.7,284.05,283.5,283.85,116088
2026-04-01 06:30:00,283.85,284.95,283.8,284.85,201331
2026-04-01 06:35:00,284.6,284.9,284.0,284.5,127372
2026-04-01 06:40:00,284.45,284.6,284.05,284.5,366090
2026-04-01 06:45:00,284.5,285.5,284.4,284.7,207645
2026-04-01 06:50:00,284.7,285.0,284.35,284.7,109734
2026-04-01 06:55:00,284.7,285.5,284.4,285.35,98485
2026-04-01 07:00:00,285.3,286.75,285.3,285.65,410935
2026-04-01 07:05:00,285.7,286.75,285.0,286.75,138570
2026-04-01 07:10:00,286.75,287.7,286.3,286.45,220446
2026-04-01 07:15:00,286.4,286.8,285.9,285.9,96718
2026-04-01 07:20:00,285.9,286.55,285.9,286.4,149066
2026-04-01 07:25:00,286.35,286.65,286.15,286.2,101053
2026-04-01 07:30:00,286.2,286.35,286.0,286.0,104296
2026-04-01 07:35:00,286.0,286.9,285.85,286.5,94330
2026-04-01 07:40:00,286.5,286.85,286.35,286.4,85068
2026-04-01 07:45:00,286.4,286.75,285.15,285.15,161986
2026-04-01 07:50:00,285.15,285.25,284.6,284.8,190185
2026-04-01 07:55:00,284.7,285.1,284.5,284.85,124530
2026-04-01 08:00:00,284.7,285.0,284.35,284.8,133264
2026-04-01 08:05:00,284.8,284.95,284.15,284.85,112728
2026-04-01 08:10:00,284.85,284.85,282.6,283.2,289231
2026-04-01 08:15:00,283.2,283.8,283.15,283.35,122560
2026-04-01 08:20:00,283.35,283.5,282.85,283.0,110700
2026-04-01 08:25:00,283.0,283.4,283.0,283.0,94840
2026-04-01 08:30:00,283.05,283.45,282.6,283.15,97859
2026-04-01 08:35:00,283.15,283.5,282.8,283.1,151021
2026-04-01 08:40:00,283.1,283.5,282.8,283.4,102473
2026-04-01 08:45:00,283.35,283.75,282.8,283.7,178495
2026-04-01 08:50:00,283.7,283.7,283.0,283.15,86050
2026-04-01 08:55:00,283.1,283.3,282.9,283.1,75820
2026-04-01 09:00:00,283.2,283.5,282.8,282.9,92196
2026-04-01 09:05:00,282.85,283.0,282.3,282.35,167626
2026-04-01 09:10:00,282.4,282.8,282.0,282.4,183053
2026-04-01 09:15:00,282.4,282.45,281.5,281.85,323012
2026-04-01 09:20:00,281.8,282.0,281.4,281.75,173237
2026-04-01 09:25:00,281.65,282.35,281.65,281.85,202354
2026-04-01 09:30:00,282.15,282.65,281.5,281.65,355758
2026-04-01 09:35:00,281.65,281.75,281.45,281.75,223202
2026-04-01 09:40:00,281.7,282.0,281.15,281.25,298143
2026-04-01 09:45:00,281.25,281.55,281.05,281.25,304260
2026-04-01 09:50:00,281.25,281.25,280.1,280.2,374435
2026-04-01 09:55:00,280.2,280.9,280.1,280.6,281299
2026-04-02 03:45:00,275.3,276.0,269.15,269.6,1007320
2026-04-02 03:50:00,269.6,270.1,268.1,268.5,404603
2026-04-02 03:55:00,268.5,269.5,268.1,268.7,289834
2026-04-02 04:00:00,268.5,268.75,268.0,268.65,178420
2026-04-02 04:05:00,268.7,269.8,268.45,268.75,188065
2026-04-02 04:10:00,268.65,270.2,268.65,270.1,553225
2026-04-02 04:15:00,270.1,270.45,268.7,268.85,175571
2026-04-02 04:20:00,269.1,269.2,268.5,268.6,107526
2026-04-02 04:25:00,268.55,269.0,268.4,268.65,126195
2026-04-02 04:30:00,268.7,269.6,268.65,268.85,181893
2026-04-02 04:35:00,268.75,268.75,267.0,267.2,318592
2026-04-02 04:40:00,267.0,267.75,267.0,267.55,170303
2026-04-02 04:45:00,267.45,267.55,266.6,267.45,172442
2026-04-02 04:50:00,267.5,267.5,266.8,267.2,115794
2026-04-02 04:55:00,267.0,267.8,267.0,267.8,220377
2026-04-02 05:00:00,267.7,268.2,267.65,267.95,82719
2026-04-02 05:05:00,267.9,268.45,267.9,268.0,92706
2026-04-02 05:10:00,268.1,268.65,268.0,268.45,107930
2026-04-02 05:15:00,268.4,268.5,267.45,267.75,133792
2026-04-02 05:20:00,267.65,267.85,267.1,267.65,85140
2026-04-02 05:25:00,267.7,268.4,267.55,268.4,61530
2026-04-02 05:30:00,268.4,269.35,268.3,268.7,107972
2026-04-02 05:35:00,268.65,268.95,268.4,268.85,117607
2026-04-02 05:40:00,268.75,269.25,268.3,269.0,337188
2026-04-02 05:45:00,269.0,269.95,269.0,269.55,178873
2026-04-02 05:50:00,269.55,269.9,269.45,269.65,304648
2026-04-02 05:55:00,269.55,270.45,269.55,270.3,178776
2026-04-02 06:00:00,270.3,271.6,270.3,271.5,441463
2026-04-02 06:05:00,271.45,271.95,271.4,271.95,106003
2026-04-02 06:10:00,271.95,272.0,271.1,271.3,134161
2026-04-02 06:15:00,271.25,272.5,271.25,272.4,175876
2026-04-02 06:20:00,272.4,273.0,272.4,273.0,143698
2026-04-02 06:25:00,272.9,273.95,272.9,273.45,161387
2026-04-02 06:30:00,273.5,273.75,273.15,273.15,87743
2026-04-02 06:35:00,273.15,273.5,272.85,273.45,113128
2026-04-02 06:40:00,273.4,273.45,273.15,273.4,61677
2026-04-02 06:45:00,273.35,273.6,273.35,273.45,53765
2026-04-02 06:50:00,273.4,273.6,272.6,272.9,118507
2026-04-02 06:55:00,273.0,273.4,272.75,273.4,48649
2026-04-02 07:00:00,273.5,273.85,273.35,273.6,73856
2026-04-02 07:05:00,273.5,274.1,273.4,273.75,130178
2026-04-02 07:10:00,273.7,274.15,273.55,273.55,92694
2026-04-02 07:15:00,273.65,273.95,273.3,273.45,103148
2026-04-02 07:20:00,273.6,273.75,273.35,273.4,62366
2026-04-02 07:25:00,273.35,273.9,273.35,273.65,66822
2026-04-02 07:30:00,273.6,274.25,273.6,273.9,102857
2026-04-02 07:35:00,274.0,274.2,273.65,274.05,54522
2026-04-02 07:40:00,274.0,274.35,273.85,274.25,46479
2026-04-02 07:45:00,274.3,274.6,274.2,274.5,63991
2026-04-02 07:50:00,274.6,274.9,274.4,274.85,89712
2026-04-02 07:55:00,274.8,275.3,274.65,275.3,83540
2026-04-02 08:00:00,275.3,275.95,274.9,275.15,172182
2026-04-02 08:05:00,275.1,275.9,274.9,275.85,93698
2026-04-02 08:10:00,275.8,275.9,275.25,275.45,96450
2026-04-02 08:15:00,275.4,275.7,275.2,275.4,85879
2026-04-02 08:20:00,275.35,275.45,275.0,275.25,75057
2026-04-02 08:25:00,275.15,275.5,275.15,275.45,92346
2026-04-02 08:30:00,275.55,276.45,275.45,276.4,187112
2026-04-02 08:35:00,276.35,276.9,276.35,276.7,109812
2026-04-02 08:40:00,276.65,277.05,276.65,277.05,102099
2026-04-02 08:45:00,276.95,277.6,276.7,277.2,141039
2026-04-02 08:50:00,277.2,277.35,276.95,277.1,82214
2026-04-02 08:55:00,277.2,277.55,277.0,277.3,144526
2026-04-02 09:00:00,277.35,277.75,277.3,277.4,88945
2026-04-02 09:05:00,277.4,277.5,276.0,276.4,176476
2026-04-02 09:10:00,276.45,276.6,276.0,276.25,200169
2026-04-02 09:15:00,276.2,276.6,276.0,276.45,148675
2026-04-02 09:20:00,276.5,277.25,276.25,277.2,135510
2026-04-02 09:25:00,277.25,277.3,276.7,276.8,189972
2026-04-02 09:30:00,276.8,277.55,276.8,277.3,289469
2026-04-02 09:35:00,277.35,278.9,277.35,278.35,423567
2026-04-02 09:40:00,278.25,278.65,278.25,278.4,350120
2026-04-02 09:45:00,278.4,278.7,277.85,277.85,415514
2026-04-02 09:50:00,277.75,278.35,277.45,278.15,471190
2026-04-02 09:55:00,278.15,281.15,277.55,279.0,469815
2026-04-06 03:45:00,277.75,277.75,272.45,273.3,667715
2026-04-06 03:50:00,274.1,274.75,273.25,274.5,307956
2026-04-06 03:55:00,274.75,274.9,273.5,273.7,149318
2026-04-06 04:00:00,273.75,274.45,273.45,274.3,113923
2026-04-06 04:05:00,274.3,275.6,274.25,274.45,146958
2026-04-06 04:10:00,274.3,274.4,273.2,273.6,132306
2026-04-06 04:15:00,273.75,274.25,273.25,273.35,107627
2026-04-06 04:20:00,273.4,273.45,272.8,273.2,118543
2026-04-06 04:25:00,273.1,273.1,272.6,272.75,99136
2026-04-06 04:30:00,272.75,273.15,272.4,273.0,135823
2026-04-06 04:35:00,273.1,273.65,272.7,272.8,203273
2026-04-06 04:40:00,272.85,273.0,272.25,272.95,208108
2026-04-06 04:45:00,272.95,273.65,272.8,273.35,140521
2026-04-06 04:50:00,273.3,273.7,273.2,273.25,115510
2026-04-06 04:55:00,273.15,273.15,272.15,272.7,118569
2026-04-06 05:00:00,272.65,272.95,272.3,272.9,114946
2026-04-06 05:05:00,272.9,273.4,272.75,273.4,101090
2026-04-06 05:10:00,273.3,273.45,272.9,273.05,79727
2026-04-06 05:15:00,273.2,273.75,272.95,273.55,74760
2026-04-06 05:20:00,273.65,274.3,272.8,274.15,519159
2026-04-06 05:25:00,274.05,274.35,273.95,274.0,226486
2026-04-06 05:30:00,273.95,274.35,273.45,273.45,196963
2026-04-06 05:35:00,273.5,273.95,273.3,273.5,153058
2026-04-06 05:40:00,273.55,273.55,272.7,272.95,276420
2026-04-06 05:45:00,272.95,273.9,272.8,273.9,407221
2026-04-06 05:50:00,273.8,274.4,273.8,274.05,263972
2026-04-06 05:55:00,274.0,274.6,274.0,274.55,96147
2026-04-06 06:00:00,274.5,274.6,274.1,274.1,120325
2026-04-06 06:05:00,274.15,274.6,273.8,274.4,306438
2026-04-06 06:10:00,274.6,275.0,274.4,274.6,363978
2026-04-06 06:15:00,274.6,274.75,274.45,274.45,50580
2026-04-06 06:20:00,274.5,274.65,273.75,273.85,132791
2026-04-06 06:25:00,273.8,274.6,273.7,273.8,86805
2026-04-06 06:30:00,273.85,274.1,272.9,272.9,102182
2026-04-06 06:35:00,273.15,273.35,272.85,273.1,87645
2026-04-06 06:40:00,273.1,273.25,272.9,273.0,70811
2026-04-06 06:45:00,273.0,273.0,272.7,272.9,56028
2026-04-06 06:50:00,272.85,274.2,272.8,273.8,192356
2026-04-06 06:55:00,273.8,274.1,273.75,273.9,61693
2026-04-06 07:00:00,273.8,273.95,273.35,273.4,60645
2026-04-06 07:05:00,273.4,273.4,273.0,273.2,67953
2026-04-06 07:10:00,273.2,273.55,273.0,273.4,47718
2026-04-06 07:15:00,273.3,274.4,273.25,274.3,84479
2026-04-06 07:20:00,274.3,274.55,274.0,274.4,138862
2026-04-06 07:25:00,274.4,274.9,274.35,274.8,121574
2026-04-06 07:30:00,274.9,275.45,274.8,274.85,138258
2026-04-06 07:35:00,274.85,275.45,274.75,275.35,75864
2026-04-06 07:40:00,275.25,277.65,275.2,277.4,304042
2026-04-06 07:45:00,277.4,277.8,277.0,277.55,165785
2026-04-06 07:50:00,277.6,278.05,277.15,277.5,168790
2026-04-06 07:55:00,277.35,278.0,277.15,277.35,107310
2026-04-06 08:00:00,277.35,277.95,277.2,277.95,75730
2026-04-06 08:05:00,277.9,278.65,277.5,277.8,172460
2026-04-06 08:10:00,277.65,277.75,277.0,277.3,97906
2026-04-06 08:15:00,277.35,277.6,277.1,277.2,70453
2026-04-06 08:20:00,277.2,277.8,277.1,277.75,70551
2026-04-06 08:25:00,277.75,277.9,277.4,277.5,49535
2026-04-06 08:30:00,277.45,278.4,277.4,278.3,100563
2026-04-06 08:35:00,278.3,278.6,277.8,277.85,101801
2026-04-06 08:40:00,277.85,278.45,277.8,278.3,65915
2026-04-06 08:45:00,278.35,278.5,278.0,278.05,117319
2026-04-06 08:50:00,278.1,278.55,278.0,278.0,78381
2026-04-06 08:55:00,278.0,278.1,277.7,278.0,99655
2026-04-06 09:00:00,278.0,278.1,277.85,277.95,83464
2026-04-06 09:05:00,277.95,278.35,277.7,277.95,175985
2026-04-06 09:10:00,277.95,278.2,277.8,278.05,95015
2026-04-06 09:15:00,277.95,278.2,277.9,278.05,191681
2026-04-06 09:20:00,278.05,278.35,277.9,278.05,187451
2026-04-06 09:25:00,277.9,278.3,277.7,278.05,249873
2026-04-06 09:30:00,278.0,278.9,278.0,278.55,190828
2026-04-06 09:35:00,278.5,279.25,278.5,279.1,227513
2026-04-06 09:40:00,279.25,279.25,278.2,278.5,218091
2026-04-06 09:45:00,278.5,278.9,278.1,278.3,201936
2026-04-06 09:50:00,278.35,279.95,278.15,279.95,304059
2026-04-06 09:55:00,279.95,279.95,278.0,278.1,263023
2026-04-07 03:45:00,273.2,276.6,272.35,273.2,504269
2026-04-07 03:50:00,273.2,274.5,272.65,274.0,232114
2026-04-07 03:55:00,273.95,274.45,273.6,273.8,145205
2026-04-07 04:00:00,273.85,274.45,273.4,273.6,213232
2026-04-07 04:05:00,273.5,273.55,272.7,272.75,169010
2026-04-07 04:10:00,272.9,273.15,272.0,272.05,205843
2026-04-07 04:15:00,271.95,272.1,271.1,271.45,310887
2026-04-07 04:20:00,271.35,271.65,271.2,271.65,132864
2026-04-07 04:25:00,271.65,272.1,271.6,272.0,136235
2026-04-07 04:30:00,271.95,272.15,271.65,272.1,121013
2026-04-07 04:35:00,272.05,272.35,271.7,272.0,154355
2026-04-07 04:40:00,271.95,272.05,271.0,271.75,299055
2026-04-07 04:45:00,271.9,272.65,271.75,272.4,166972
2026-04-07 04:50:00,272.3,272.9,271.7,272.2,152760
2026-04-07 04:55:00,272.1,273.15,272.1,272.75,188490
2026-04-07 05:00:00,272.85,273.05,272.35,272.75,119325
2026-04-07 05:05:00,272.7,272.85,272.0,272.45,118287
2026-04-07 05:10:00,272.45,273.1,272.3,272.9,105952
2026-04-07 05:15:00,272.9,273.1,272.55,272.75,206143
2026-04-07 05:20:00,272.85,272.85,272.15,272.35,201860
2026-04-07 05:25:00,272.3,272.65,271.85,272.0,121188
2026-04-07 05:30:00,272.0,272.0,271.5,271.7,103300
2026-04-07 05:35:00,271.7,272.05,271.6,271.9,109209
2026-04-07 05:40:00,271.95,271.95,271.25,271.25,103584
2026-04-07 05:45:00,271.2,271.85,271.2,271.4,95570
2026-04-07 05:50:00,271.45,271.55,271.1,271.1,107958
2026-04-07 05:55:00,271.2,271.75,271.1,271.7,86595
2026-04-07 06:00:00,271.7,272.2,271.4,272.15,302980
2026-04-07 06:05:00,272.2,272.2,271.55,272.0,171325
2026-04-07 06:10:00,272.05,272.05,271.4,271.65,473421
2026-04-07 06:15:00,271.5,271.75,271.5,271.6,67924
2026-04-07 06:20:00,271.5,271.55,271.05,271.25,89503
2026-04-07 06:25:00,271.2,272.1,271.15,272.05,153552
2026-04-07 06:30:00,272.05,272.15,271.65,272.0,399760
2026-04-07 06:35:00,272.05,272.2,271.85,272.05,159384
2026-04-07 06:40:00,272.05,272.85,272.05,272.7,274253
2026-04-07 06:45:00,272.75,272.8,272.3,272.35,95963
2026-04-07 06:50:00,272.3,272.45,272.1,272.25,141174
2026-04-07 06:55:00,272.2,272.4,272.15,272.2,86540
2026-04-07 07:00:00,272.25,272.75,272.1,272.25,206225
2026-04-07 07:05:00,272.25,272.45,272.05,272.4,98007
2026-04-07 07:10:00,272.4,273.1,272.35,273.0,282894
2026-04-07 07:15:00,272.95,273.0,272.35,272.4,74828
2026-04-07 07:20:00,272.35,272.4,272.05,272.15,87960
2026-04-07 07:25:00,272.1,272.35,272.05,272.2,143509
2026-04-07 07:30:00,272.3,272.8,272.15,272.8,170035
2026-04-07 07:35:00,272.8,273.05,272.4,272.85,340554
2026-04-07 07:40:00,272.7,273.05,272.7,272.9,205258
2026-04-07 07:45:00,272.9,273.0,272.6,272.9,134137
2026-04-07 07:50:00,272.85,273.05,272.6,272.8,125221
2026-04-07 07:55:00,272.75,272.8,272.3,272.55,100273
2026-04-07 08:00:00,272.55,274.7,272.55,274.55,513864
2026-04-07 08:05:00,274.55,275.15,274.35,274.85,269688
2026-04-07 08:10:00,274.85,275.0,274.5,274.7,124247
2026-04-07 08:15:00,274.7,275.0,274.6,274.8,153990
2026-04-07 08:20:00,274.75,275.4,274.6,275.0,232826
2026-04-07 08:25:00,275.1,275.7,274.65,274.8,251576
2026-04-07 08:30:00,274.75,275.15,274.45,275.15,308284
2026-04-07 08:35:00,275.05,275.3,274.8,274.9,103113
2026-04-07 08:40:00,274.85,275.2,274.55,275.1,125235
2026-04-07 08:45:00,275.1,276.8,275.1,275.9,317228
2026-04-07 08:50:00,275.75,276.0,275.05,275.25,115586
2026-04-07 08:55:00,275.3,275.85,275.3,275.65,125923
2026-04-07 09:00:00,275.65,276.0,275.3,275.3,153448
2026-04-07 09:05:00,275.2,275.2,274.65,275.1,168297
2026-04-07 09:10:00,275.1,275.45,275.1,275.35,105410
2026-04-07 09:15:00,275.4,275.6,275.15,275.6,130059
2026-04-07 09:20:00,275.6,276.1,275.55,276.0,137208
2026-04-07 09:25:00,276.0,276.6,276.0,276.3,297688
2026-04-07 09:30:00,276.3,277.6,276.05,277.45,362411
2026-04-07 09:35:00,277.5,277.9,277.25,277.55,239153
2026-04-07 09:40:00,277.45,277.45,277.1,277.4,298284
2026-04-07 09:45:00,277.45,278.0,277.15,277.25,316629
2026-04-07 09:50:00,277.15,277.8,277.15,277.8,194578
2026-04-07 09:55:00,277.75,278.25,277.4,277.5,330196
2026-04-08 03:45:00,293.5,300.0,292.15,299.25,4339046
2026-04-08 03:50:00,298.9,301.5,296.9,297.0,2408108
2026-04-08 03:55:00,297.05,298.8,295.6,297.65,1079810
2026-04-08 04:00:00,297.65,297.95,295.55,296.0,603812
2026-04-08 04:05:00,296.0,296.3,294.75,295.75,674527
2026-04-08 04:10:00,295.8,296.0,294.5,294.85,498707
2026-04-08 04:15:00,294.95,296.0,294.75,295.3,344744
2026-04-08 04:20:00,295.25,296.4,294.75,294.8,424644
2026-04-08 04:25:00,294.8,295.0,293.8,293.9,567137
2026-04-08 04:30:00,293.85,294.8,293.85,294.75,759747
2026-04-08 04:35:00,294.8,295.9,294.45,295.8,874293
2026-04-08 04:40:00,295.7,295.85,294.8,295.25,509766
2026-04-08 04:45:00,295.25,295.6,295.0,295.45,160290
2026-04-08 04:50:00,295.55,295.8,295.0,295.45,183766
2026-04-08 04:55:00,295.45,296.0,295.1,295.1,193412
2026-04-08 05:00:00,295.25,295.85,295.0,295.65,162645
2026-04-08 05:05:00,295.65,295.75,295.15,295.4,108292
2026-04-08 05:10:00,295.5,295.55,295.15,295.45,75459
2026-04-08 05:15:00,295.6,295.7,294.9,295.1,440454
2026-04-08 05:20:00,295.1,295.7,295.1,295.3,77185
2026-04-08 05:25:00,295.35,295.7,295.2,295.3,121306
2026-04-08 05:30:00,295.3,295.6,295.15,295.4,122058
2026-04-08 05:35:00,295.35,295.75,295.35,295.55,132924
2026-04-08 05:40:00,295.5,295.8,295.4,295.65,120600
2026-04-08 05:45:00,295.6,296.75,295.6,296.2,294801
2026-04-08 05:50:00,296.2,298.0,295.95,297.6,593829
2026-04-08 05:55:00,297.6,297.75,296.4,297.4,675487
2026-04-08 06:00:00,297.4,297.7,296.95,297.3,469388
2026-04-08 06:05:00,297.2,298.65,297.2,298.05,488218
2026-04-08 06:10:00,298.05,298.25,297.2,297.5,291046
2026-04-08 06:15:00,297.45,299.75,297.45,299.15,693461
2026-04-08 06:20:00,299.15,299.25,297.15,297.8,257718
2026-04-08 06:25:00,297.65,299.0,297.6,298.95,167214
2026-04-08 06:30:00,298.9,299.5,298.4,298.55,325373
2026-04-08 06:35:00,298.4,299.4,298.4,299.0,262310
2026-04-08 06:40:00,299.1,299.4,298.95,299.25,158333
2026-04-08 06:45:00,299.15,299.25,297.15,297.3,268099
2026-04-08 06:50:00,297.15,297.7,297.1,297.45,174330
2026-04-08 06:55:00,297.35,298.0,297.2,297.3,81729
2026-04-08 07:00:00,297.3,297.3,296.6,297.05,185514
2026-04-08 07:05:00,297.1,297.3,296.75,297.1,84445
2026-04-08 07:10:00,297.1,297.5,297.05,297.4,35219
2026-04-08 07:15:00,297.4,297.45,297.2,297.45,41722
2026-04-08 07:20:00,297.35,297.5,296.9,297.05,61261
2026-04-08 07:25:00,297.05,297.4,296.7,297.35,134661
2026-04-08 07:30:00,297.35,297.45,296.8,297.0,80458
2026-04-08 07:35:00,296.85,297.3,296.85,297.1,86865
2026-04-08 07:40:00,297.05,297.2,296.85,297.1,63592
2026-04-08 07:45:00,297.05,297.4,297.0,297.15,63580
2026-04-08 07:50:00,297.15,297.3,297.0,297.1,87022
2026-04-08 07:55:00,297.0,297.15,296.8,296.85,45446
2026-04-08 08:00:00,296.8,297.0,296.6,297.0,71816
2026-04-08 08:05:00,296.95,297.2,296.95,297.2,100201
2026-04-08 08:10:00,297.2,297.4,297.05,297.2,107451
2026-04-08 08:15:00,297.2,297.65,297.1,297.45,83322
2026-04-08 08:20:00,297.4,297.5,296.9,297.05,83290
2026-04-08 08:25:00,297.0,297.9,297.0,297.1,178565
2026-04-08 08:30:00,297.0,297.35,296.55,296.65,162389
2026-04-08 08:35:00,296.65,297.05,296.4,296.85,138572
2026-04-08 08:40:00,296.8,297.3,296.6,296.95,82493
2026-04-08 08:45:00,297.0,297.15,296.85,297.05,58514
2026-04-08 08:50:00,297.05,297.55,297.05,297.5,77091
2026-04-08 08:55:00,297.45,297.55,297.05,297.4,164473
2026-04-08 09:00:00,297.35,297.5,297.0,297.1,83485
2026-04-08 09:05:00,297.05,297.4,297.05,297.05,80748
2026-04-08 09:10:00,297.1,297.35,297.05,297.3,62861
2026-04-08 09:15:00,297.35,297.55,297.2,297.2,177613
2026-04-08 09:20:00,297.25,297.9,297.15,297.8,164655
2026-04-08 09:25:00,297.85,298.2,297.25,297.6,432623
2026-04-08 09:30:00,297.6,297.85,297.1,297.85,304155
2026-04-08 09:35:00,297.95,298.45,297.9,298.25,345024
2026-04-08 09:40:00,298.25,298.3,297.9,298.15,507180
2026-04-08 09:45:00,298.05,298.3,297.85,298.1,439700
2026-04-08 09:50:00,298.15,298.3,298.0,298.15,653595
2026-04-08 09:55:00,298.15,299.0,298.1,298.75,567553
2026-04-09 03:45:00,296.0,297.45,293.0,296.3,1671293
2026-04-09 03:50:00,296.05,296.95,294.95,296.6,560605
2026-04-09 03:55:00,296.65,299.35,296.3,299.2,528064
2026-04-09 04:00:00,299.1,299.25,296.1,296.45,619713
2026-04-09 04:05:00,296.45,296.45,295.2,295.6,210879
2026-04-09 04:10:00,295.4,296.15,295.35,295.65,262927
2026-04-09 04:15:00,295.6,295.85,295.05,295.2,179937
2026-04-09 04:20:00,295.1,295.25,294.5,294.7,233746
2026-04-09 04:25:00,294.6,294.95,294.2,294.2,185666
2026-04-09 04:30:00,294.1,295.55,293.75,295.15,317953
2026-04-09 04:35:00,295.0,295.7,294.9,295.6,156726
2026-04-09 04:40:00,295.6,295.9,295.25,295.3,106676
2026-04-09 04:45:00,295.2,295.7,294.95,295.05,135738
2026-04-09 04:50:00,295.0,295.15,294.1,295.0,208775
2026-04-09 04:55:00,295.0,295.1,294.0,295.0,167562
2026-04-09 05:00:00,295.15,295.35,294.8,295.1,148215
2026-04-09 05:05:00,295.05,295.65,294.65,294.8,163156
2026-04-09 05:10:00,294.85,295.35,294.55,294.75,128059
2026-04-09 05:15:00,294.7,295.15,294.7,294.95,88524
2026-04-09 05:20:00,294.75,295.05,294.2,294.6,168212
2026-04-09 05:25:00,294.75,294.95,293.85,293.95,228345
2026-04-09 05:30:00,293.95,295.2,293.9,295.05,137200
2026-04-09 05:35:00,295.0,295.0,294.6,294.7,74545
2026-04-09 05:40:00,294.65,294.95,294.5,294.6,68048
2026-04-09 05:45:00,294.6,294.75,294.1,294.25,104032
2026-04-09 05:50:00,294.35,294.8,294.15,294.8,176716
2026-04-09 05:55:00,294.75,296.05,294.75,295.95,229115
2026-04-09 06:00:00,295.9,296.5,295.7,296.25,139600
2026-04-09 06:05:00,296.15,296.5,296.05,296.45,102993
2026-04-09 06:10:00,296.5,296.75,296.4,296.4,75689
2026-04-09 06:15:00,296.5,296.8,296.25,296.8,67996
2026-04-09 06:20:00,296.75,297.25,296.5,297.1,106217
2026-04-09 06:25:00,297.2,297.6,296.8,297.5,152952
2026-04-09 06:30:00,297.45,298.0,297.45,297.65,85905
2026-04-09 06:35:00,297.65,299.7,297.65,299.4,400726
2026-04-09 06:40:00,299.3,299.4,298.6,299.25,139285
2026-04-09 06:45:00,299.25,299.6,299.0,299.05,140590
2026-04-09 06:50:00,299.15,299.2,298.5,298.5,162434
2026-04-09 06:55:00,298.6,298.7,298.3,298.5,105824
2026-04-09 07:00:00,298.45,298.6,298.15,298.45,201301
2026-04-09 07:05:00,298.4,298.6,298.0,298.55,195683
2026-04-09 07:10:00,298.55,298.6,298.15,298.45,99650
2026-04-09 07:15:00,298.35,298.45,297.2,297.4,408462
2026-04-09 07:20:00,297.45,298.0,297.3,297.95,69502
2026-04-09 07:25:00,297.9,298.4,297.85,298.2,175879
2026-04-09 07:30:00,298.2,298.4,298.0,298.3,68798
2026-04-09 07:35:00,298.2,298.3,298.0,298.05,70648
2026-04-09 07:40:00,298.05,298.75,297.85,298.45,225168
2026-04-09 07:45:00,298.45,298.45,298.0,298.05,240493
2026-04-09 07:50:00,298.0,298.05,296.7,297.4,249176
2026-04-09 07:55:00,297.4,297.7,296.95,296.95,194727
2026-04-09 08:00:00,297.0,297.65,297.0,297.45,180261
2026-04-09 08:05:00,297.45,297.75,297.2,297.35,186818
2026-04-09 08:10:00,297.3,297.45,297.05,297.1,83726
2026-04-09 08:15:00,297.05,297.35,296.7,296.75,480224
2026-04-09 08:20:00,296.75,297.25,296.65,296.75,688924
2026-04-09 08:25:00,296.65,296.75,296.4,296.6,82542
2026-04-09 08:30:00,296.55,297.25,296.45,297.1,182448
2026-04-09 08:35:00,297.1,297.8,297.05,297.4,144774
2026-04-09 08:40:00,297.35,297.55,297.05,297.4,133013
2026-04-09 08:45:00,297.35,297.55,297.05,297.05,123460
2026-04-09 08:50:00,297.05,297.35,296.85,297.05,350580
2026-04-09 08:55:00,297.15,297.4,297.0,297.0,183632
2026-04-09 09:00:00,297.0,297.4,296.55,297.05,301154
2026-04-09 09:05:00,297.05,297.5,297.05,297.4,123223
2026-04-09 09:10:00,297.35,297.55,297.05,297.4,140031
2026-04-09 09:15:00,297.2,297.5,297.1,297.3,132218
2026-04-09 09:20:00,297.25,297.55,297.05,297.2,185930
2026-04-09 09:25:00,297.1,297.65,297.1,297.5,154248
2026-04-09 09:30:00,297.5,297.55,297.0,297.15,396828
2026-04-09 09:35:00,297.2,297.75,297.1,297.65,319581
2026-04-09 09:40:00,297.7,297.75,297.5,297.75,300791
2026-04-09 09:45:00,297.6,297.85,297.0,297.15,487332
2026-04-09 09:50:00,297.2,297.45,297.15,297.35,483226
2026-04-09 09:55:00,297.25,297.7,297.0,297.2,478214
2026-04-10 03:45:00,297.4,303.2,297.4,302.05,938348
2026-04-10 03:50:00,302.05,302.05,300.05,300.35,420849
2026-04-10 03:55:00,300.45,300.85,299.4,299.6,317699
2026-04-10 04:00:00,299.6,300.25,298.9,299.35,350326
2026-04-10 04:05:00,299.2,299.8,299.05,299.5,199695
2026-04-10 04:10:00,299.5,300.0,299.2,299.4,142132
2026-04-10 04:15:00,299.4,300.4,299.25,300.1,148015
2026-04-10 04:20:00,300.05,300.3,299.65,300.3,174313
2026-04-10 04:25:00,300.25,300.35,299.75,299.8,183556
2026-04-10 04:30:00,299.7,299.8,298.45,298.45,185872
2026-04-10 04:35:00,298.4,298.65,296.2,298.35,436300
2026-04-10 04:40:00,298.2,299.6,298.2,299.5,172075
2026-04-10 04:45:00,299.5,299.5,298.9,299.15,175180
2026-04-10 04:50:00,299.15,299.45,298.9,299.0,138962
2026-04-10 04:55:00,299.05,299.6,299.05,299.2,131627
2026-04-10 05:00:00,299.2,299.5,298.7,299.25,151249
2026-04-10 05:05:00,299.25,299.5,298.9,299.35,113195
2026-04-10 05:10:00,299.3,299.85,299.25,299.8,118733
2026-04-10 05:15:00,299.7,300.0,299.5,299.9,129631
2026-04-10 05:20:00,299.85,300.35,299.6,300.2,182619
2026-04-10 05:25:00,300.25,300.5,300.0,300.2,113263
2026-04-10 05:30:00,300.25,300.35,300.0,300.25,98405
2026-04-10 05:35:00,300.2,300.3,298.95,299.8,513483
2026-04-10 05:40:00,299.75,300.15,299.3,299.6,414124
2026-04-10 05:45:00,299.6,300.2,299.6,299.85,212673
2026-04-10 05:50:00,299.8,299.95,299.45,299.65,178876
2026-04-10 05:55:00,299.6,299.9,299.5,299.6,168303
2026-04-10 06:00:00,299.55,300.05,299.55,300.0,171541
2026-04-10 06:05:00,300.05,300.15,299.65,300.0,345827
2026-04-10 06:10:00,299.9,300.55,299.8,300.2,122263
2026-04-10 06:15:00,300.15,300.35,299.75,300.0,98481
2026-04-10 06:20:00,300.0,300.35,300.0,300.3,41245
2026-04-10 06:25:00,300.3,300.3,300.15,300.2,40843
2026-04-10 06:30:00,300.25,300.7,300.2,300.55,76681
2026-04-10 06:35:00,300.6,301.0,300.5,301.0,107545
2026-04-10 06:40:00,300.95,301.05,300.55,300.75,196960
2026-04-10 06:45:00,300.7,300.85,300.4,300.7,64742
2026-04-10 06:50:00,300.7,300.9,300.45,300.85,55587
2026-04-10 06:55:00,300.8,301.15,300.7,300.9,86162
2026-04-10 07:00:00,300.85,301.3,300.65,300.7,77809
2026-04-10 07:05:00,300.75,300.95,300.5,300.75,51880
2026-04-10 07:10:00,300.8,300.8,300.4,300.5,57840
2026-04-10 07:15:00,300.55,300.7,300.3,300.55,72402
2026-04-10 07:20:00,300.5,300.5,300.15,300.35,63459
2026-04-10 07:25:00,300.4,300.5,300.25,300.45,29375
2026-04-10 07:30:00,300.4,300.85,300.4,300.65,65865
2026-04-10 07:35:00,300.55,301.05,300.55,301.05,48617
2026-04-10 07:40:00,301.0,301.05,300.45,300.45,41473
2026-04-10 07:45:00,300.45,301.2,300.4,300.8,97022
2026-04-10 07:50:00,300.75,300.95,300.15,300.2,74412
2026-04-10 07:55:00,300.15,300.25,299.6,299.85,231165
2026-04-10 08:00:00,299.75,300.0,299.6,299.95,169094
2026-04-10 08:05:00,299.9,300.4,299.75,300.35,117565
2026-04-10 08:10:00,300.35,300.5,300.2,300.5,36986
2026-04-10 08:15:00,300.45,300.85,300.35,300.55,56144
2026-04-10 08:20:00,300.5,300.55,300.2,300.3,37213
2026-04-10 08:25:00,300.25,300.5,300.25,300.4,37127
2026-04-10 08:30:00,300.4,300.5,300.3,300.45,38219
2026-04-10 08:35:00,300.4,300.45,300.2,300.2,41518
2026-04-10 08:40:00,300.25,300.35,299.25,299.35,282366
2026-04-10 08:45:00,299.15,299.5,297.85,298.8,321589
2026-04-10 08:50:00,298.8,298.95,298.3,298.45,106823
2026-04-10 08:55:00,298.45,298.65,298.0,298.1,120342
2026-04-10 09:00:00,298.15,299.45,298.05,298.65,343715
2026-04-10 09:05:00,298.65,298.75,298.45,298.6,96450
2026-04-10 09:10:00,298.55,299.0,298.55,298.75,163142
2026-04-10 09:15:00,298.8,299.7,298.75,299.6,424605
2026-04-10 09:20:00,299.6,299.8,299.05,299.15,428628
2026-04-10 09:25:00,299.15,299.75,299.0,299.0,621211
2026-04-10 09:30:00,299.0,299.35,298.6,298.85,213986
2026-04-10 09:35:00,298.95,299.45,298.9,299.4,221413
2026-04-10 09:40:00,299.4,299.75,299.15,299.15,290431
2026-04-10 09:45:00,299.45,299.8,299.1,299.15,272280
2026-04-10 09:50:00,299.3,299.65,299.05,299.55,218262
2026-04-10 09:55:00,299.55,300.15,299.15,300.15,246915
2026-04-13 03:45:00,284.25,289.75,284.25,287.8,1199548
2026-04-13 03:50:00,287.7,288.9,287.7,288.3,443037
2026-04-13 03:55:00,288.3,289.8,288.3,289.6,240884
2026-04-13 04:00:00,289.45,289.55,287.8,288.45,257474
2026-04-13 04:05:00,288.45,288.45,286.85,286.95,328242
2026-04-13 04:10:00,286.9,288.45,286.6,288.25,285892
2026-04-13 04:15:00,288.15,289.25,288.05,289.15,271263
2026-04-13 04:20:00,289.15,289.7,289.05,289.25,154726
2026-04-13 04:25:00,289.45,290.8,289.4,290.8,259469
2026-04-13 04:30:00,290.85,290.85,290.0,290.75,301443
2026-04-13 04:35:00,290.75,291.45,290.55,291.0,274153
2026-04-13 04:40:00,290.85,291.95,290.7,290.85,269685
2026-04-13 04:45:00,290.85,291.45,290.5,291.45,123858
2026-04-13 04:50:00,291.45,291.95,291.3,291.75,131330
2026-04-13 04:55:00,291.75,292.95,291.7,292.95,238772
2026-04-13 05:00:00,293.0,293.7,292.35,292.85,291245
2026-04-13 05:05:00,292.85,293.05,291.9,292.65,180224
2026-04-13 05:10:00,292.65,292.85,291.4,292.3,209105
2026-04-13 05:15:00,292.3,292.65,292.25,292.5,65956
2026-04-13 05:20:00,292.55,292.95,291.85,292.5,176178
2026-04-13 05:25:00,292.5,293.25,292.3,292.7,74258
2026-04-13 05:30:00,292.7,293.0,292.6,292.9,70657
2026-04-13 05:35:00,292.9,293.0,292.65,292.85,83849
2026-04-13 05:40:00,292.85,293.25,292.7,293.2,142821
2026-04-13 05:45:00,293.05,293.35,293.05,293.15,69031
2026-04-13 05:50:00,293.15,293.3,292.9,293.1,58099
2026-04-13 05:55:00,293.1,293.15,292.95,293.05,35215
2026-04-13 06:00:00,292.9,293.3,292.9,293.3,70555
2026-04-13 06:05:00,293.3,293.3,293.1,293.15,41723
2026-04-13 06:10:00,293.15,293.25,292.8,293.0,96552
2026-04-13 06:15:00,293.0,293.2,292.65,293.2,66970
2026-04-13 06:20:00,293.15,293.3,293.0,293.05,64375
2026-04-13 06:25:00,293.05,293.15,292.95,293.0,38717
2026-04-13 06:30:00,293.0,293.0,292.0,292.05,83979
2026-04-13 06:35:00,292.05,292.5,291.8,292.45,115126
2026-04-13 06:40:00,292.45,292.55,291.8,291.85,73542
2026-04-13 06:45:00,292.0,292.25,291.9,292.25,49683
2026-04-13 06:50:00,292.25,292.25,292.0,292.15,36185
2026-04-13 06:55:00,292.1,292.3,292.1,292.25,27733
2026-04-13 07:00:00,292.3,292.3,292.0,292.1,58608
2026-04-13 07:05:00,292.05,292.2,291.9,292.1,52423
2026-04-13 07:10:00,292.1,292.7,292.05,292.45,114274
2026-04-13 07:15:00,292.45,292.55,292.0,292.2,36769
2026-04-13 07:20:00,292.25,292.5,292.15,292.4,33464
2026-04-13 07:25:00,292.4,292.5,291.5,292.3,142827
2026-04-13 07:30:00,292.3,292.3,291.45,291.65,70142
2026-04-13 07:35:00,291.55,291.85,291.5,291.75,41605
2026-04-13 07:40:00,291.75,291.95,291.7,291.8,24288
2026-04-13 07:45:00,291.8,292.05,291.75,292.0,26233
2026-04-13 07:50:00,292.0,292.1,291.75,291.8,33164
2026-04-13 07:55:00,291.8,291.9,291.75,291.85,18034
2026-04-13 08:00:00,291.85,292.2,291.75,292.2,57280
2026-04-13 08:05:00,292.2,292.3,292.1,292.25,44743
2026-04-13 08:10:00,292.25,292.3,291.95,292.0,25178
2026-04-13 08:15:00,292.0,292.0,291.35,291.4,58328
2026-04-13 08:20:00,291.4,292.0,291.35,291.85,64869
2026-04-13 08:25:00,291.85,292.25,291.85,292.1,48086
2026-04-13 08:30:00,292.1,292.7,291.95,292.4,73288
2026-04-13 08:35:00,292.4,292.4,291.55,291.55,35088
2026-04-13 08:40:00,291.55,291.75,291.2,291.75,66716
2026-04-13 08:45:00,291.7,291.8,291.55,291.6,28788
2026-04-13 08:50:00,291.6,291.85,291.4,291.85,48745
2026-04-13 08:55:00,291.75,292.15,291.75,291.9,42067
2026-04-13 09:00:00,291.9,292.4,291.9,292.25,46953
2026-04-13 09:05:00,292.25,292.45,292.0,292.1,64403
2026-04-13 09:10:00,292.1,292.6,292.1,292.45,103206
2026-04-13 09:15:00,292.45,292.6,292.35,292.55,53968
2026-04-13 09:20:00,292.5,292.55,292.2,292.2,35478
2026-04-13 09:25:00,292.2,292.25,292.05,292.15,47029
2026-04-13 09:30:00,292.15,293.4,291.4,292.8,862562
2026-04-13 09:35:00,292.8,293.25,292.6,293.0,705109
2026-04-13 09:40:00,293.0,293.35,292.7,293.05,613313
2026-04-13 09:45:00,293.0,293.3,292.0,292.0,902950
2026-04-13 09:50:00,292.0,293.55,292.0,293.05,837028
2026-04-13 09:55:00,293.05,294.0,292.95,293.9,715621
2026-04-15 03:45:00,300.6,305.4,299.0,303.95,2650134
2026-04-15 03:50:00,303.95,304.25,302.4,303.6,787702
2026-04-15 03:55:00,303.6,304.6,303.4,304.1,616601
2026-04-15 04:00:00,304.0,304.4,303.15,304.05,460955
2026-04-15 04:05:00,304.1,306.0,304.0,305.6,726057
2026-04-15 04:10:00,305.65,306.7,304.8,305.75,948506
2026-04-15 04:15:00,305.7,305.75,305.0,305.1,380269
2026-04-15 04:20:00,305.1,305.25,304.5,304.65,315441
2026-04-15 04:25:00,304.6,305.05,304.55,304.9,188836
2026-04-15 04:30:00,304.95,305.75,304.7,305.6,301606
2026-04-15 04:35:00,305.6,306.5,305.6,305.95,557910
2026-04-15 04:40:00,305.7,306.55,305.2,305.6,475324
2026-04-15 04:45:00,305.55,305.95,305.5,305.95,153740
2026-04-15 04:50:00,305.9,305.95,305.5,305.85,150167
2026-04-15 04:55:00,305.85,305.95,305.2,305.35,368571
2026-04-15 05:00:00,305.3,305.65,305.1,305.15,169496
2026-04-15 05:05:00,305.05,305.2,304.75,305.15,173860
2026-04-15 05:10:00,305.1,305.6,305.1,305.4,133027
2026-04-15 05:15:00,305.35,305.8,305.35,305.8,115256
2026-04-15 05:20:00,305.75,305.8,304.9,305.1,201323
2026-04-15 05:25:00,305.1,305.2,304.8,304.9,293599
2026-04-15 05:30:00,304.85,306.45,304.85,306.35,623041
2026-04-15 05:35:00,306.3,307.9,306.3,307.2,773482
2026-04-15 05:40:00,307.2,307.45,306.7,307.3,168077
2026-04-15 05:45:00,307.15,307.65,307.15,307.25,370610
2026-04-15 05:50:00,307.25,307.9,307.25,307.8,163973
2026-04-15 05:55:00,307.85,307.85,306.4,306.9,171724
2026-04-15 06:00:00,306.85,307.05,306.55,306.9,111255
2026-04-15 06:05:00,307.1,307.5,307.0,307.5,195403
2026-04-15 06:10:00,307.45,307.8,307.25,307.45,120831
2026-04-15 06:15:00,307.45,307.45,307.05,307.25,108268
2026-04-15 06:20:00,307.25,307.3,307.2,307.25,70155
2026-04-15 06:25:00,307.25,307.3,307.0,307.05,178518
2026-04-15 06:30:00,307.0,307.1,307.0,307.05,178115
2026-04-15 06:35:00,307.0,307.05,306.0,306.1,237508
2026-04-15 06:40:00,306.05,306.1,305.5,305.5,150116
2026-04-15 06:45:00,305.55,305.6,305.15,305.35,203049
2026-04-15 06:50:00,305.3,306.05,305.3,305.8,233495
2026-04-15 06:55:00,305.9,306.5,305.4,306.2,395347
2026-04-15 07:00:00,306.15,306.2,305.5,305.9,121313
2026-04-15 07:05:00,305.85,306.2,305.6,306.05,304535
2026-04-15 07:10:00,306.05,306.1,305.55,305.6,59207
2026-04-15 07:15:00,305.6,306.25,305.6,306.05,196853
2026-04-15 07:20:00,306.0,306.15,305.8,305.85,86715
2026-04-15 07:25:00,305.8,305.85,305.3,305.35,113849
2026-04-15 07:30:00,305.3,305.4,304.8,305.25,251279
2026-04-15 07:35:00,305.25,305.35,305.2,305.25,51992
2026-04-15 07:40:00,305.2,305.3,305.1,305.15,129026
2026-04-15 07:45:00,305.1,305.15,304.95,305.05,68737
2026-04-15 07:50:00,305.0,305.25,304.85,305.05,293895
2026-04-15 07:55:00,304.95,305.1,304.9,305.0,277380
2026-04-15 08:00:00,305.0,305.2,304.9,305.1,191641
2026-04-15 08:05:00,305.15,305.3,305.0,305.3,178399
2026-04-15 08:10:00,305.3,305.85,305.25,305.8,301641
2026-04-15 08:15:00,305.75,305.8,305.25,305.3,177221
2026-04-15 08:20:00,305.25,305.4,305.25,305.3,80188
2026-04-15 08:25:00,305.3,306.0,305.25,305.65,478965
2026-04-15 08:30:00,305.65,306.35,305.3,306.25,199683
2026-04-15 08:35:00,306.15,306.65,305.95,306.0,145996
2026-04-15 08:40:00,305.95,306.3,305.9,306.25,125805
2026-04-15 08:45:00,306.25,306.3,306.15,306.2,71580
2026-04-15 08:50:00,306.2,306.25,305.75,305.9,227997
2026-04-15 08:55:00,305.85,306.0,305.8,305.9,204562
2026-04-15 09:00:00,305.95,307.35,305.9,307.3,388953
2026-04-15 09:05:00,307.25,308.95,307.25,308.7,535626
2026-04-15 09:10:00,308.7,309.65,308.55,308.7,437259
2026-04-15 09:15:00,308.65,308.85,308.55,308.65,168053
2026-04-15 09:20:00,308.65,308.9,308.45,308.55,238381
2026-04-15 09:25:00,308.65,309.8,308.5,309.3,458104
2026-04-15 09:30:00,309.3,310.9,308.8,310.7,1456549
2026-04-15 09:35:00,310.7,311.0,310.1,310.5,618662
2026-04-15 09:40:00,310.55,310.85,310.25,310.4,472780
2026-04-15 09:45:00,310.3,310.6,310.1,310.35,695971
2026-04-15 09:50:00,310.4,311.2,310.4,310.95,761962
2026-04-15 09:55:00,310.95,311.45,310.5,310.8,641104
2026-04-16 03:45:00,314.9,314.9,311.05,311.7,940708
2026-04-16 03:50:00,311.9,312.0,310.6,311.1,465097
2026-04-16 03:55:00,311.15,311.95,310.5,311.85,416920
2026-04-16 04:00:00,311.6,312.1,310.8,311.65,293006
2026-04-16 04:05:00,311.65,311.65,310.6,310.9,195920
2026-04-16 04:10:00,310.9,311.35,310.65,311.0,269101
2026-04-16 04:15:00,311.0,311.35,310.8,311.15,159176
2026-04-16 04:20:00,311.15,312.0,311.05,311.05,215491
2026-04-16 04:25:00,311.05,311.05,310.0,310.05,403900
2026-04-16 04:30:00,310.0,311.1,309.75,311.1,329305
2026-04-16 04:35:00,311.0,311.0,310.4,310.85,145396
2026-04-16 04:40:00,310.85,311.2,310.4,310.65,126463
2026-04-16 04:45:00,310.65,310.9,310.15,310.4,121198
2026-04-16 04:50:00,310.3,310.9,310.2,310.65,126207
2026-04-16 04:55:00,310.65,311.05,310.35,310.85,118208
2026-04-16 05:00:00,310.8,311.6,310.8,311.4,225649
2026-04-16 05:05:00,311.4,311.8,310.35,310.5,132747
2026-04-16 05:10:00,310.45,311.1,310.45,311.0,68722
2026-04-16 05:15:00,310.85,311.15,310.75,311.0,76393
2026-04-16 05:20:00,311.0,311.1,309.8,309.95,256708
2026-04-16 05:25:00,309.95,310.35,309.75,310.3,134466
2026-04-16 05:30:00,310.25,310.4,310.0,310.05,132990
2026-04-16 05:35:00,310.0,310.2,309.8,310.0,162548
2026-04-16 05:40:00,310.0,310.05,309.6,309.75,202475
2026-04-16 05:45:00,309.7,310.15,309.7,310.05,168494
2026-04-16 05:50:00,310.0,310.35,309.4,310.15,182161
2026-04-16 05:55:00,310.15,310.65,309.95,310.35,127686
2026-04-16 06:00:00,310.45,311.25,310.3,311.05,174765
2026-04-16 06:05:00,311.05,311.15,310.55,311.15,113687
2026-04-16 06:10:00,311.1,311.15,310.2,310.3,82535
2026-04-16 06:15:00,310.3,310.45,309.8,310.4,141051
2026-04-16 06:20:00,310.3,310.65,310.05,310.2,72254
2026-04-16 06:25:00,310.2,310.2,309.6,309.65,106132
2026-04-16 06:30:00,309.6,309.65,309.2,309.5,124132
2026-04-16 06:35:00,309.4,310.0,309.2,309.9,153230
2026-04-16 06:40:00,309.9,310.0,309.6,309.95,83631
2026-04-16 06:45:00,309.9,310.2,309.65,310.2,151179
2026-04-16 06:50:00,310.2,310.4,309.6,309.6,86458
2026-04-16 06:55:00,309.65,309.65,309.4,309.45,90336
2026-04-16 07:00:00,309.55,309.6,309.0,309.1,116589
2026-04-16 07:05:00,309.05,309.35,308.75,309.3,127174
2026-04-16 07:10:00,309.25,309.45,309.05,309.15,102541
2026-04-16 07:15:00,309.1,309.6,309.0,309.2,103544
2026-04-16 07:20:00,309.4,310.35,309.3,310.1,218990
2026-04-16 07:25:00,309.95,310.15,309.65,310.0,78660
2026-04-16 07:30:00,310.05,310.1,309.75,309.9,63897
2026-04-16 07:35:00,309.8,309.95,308.75,308.85,116813
2026-04-16 07:40:00,308.75,308.75,308.3,308.35,99290
2026-04-16 07:45:00,308.4,308.6,308.0,308.5,130817
2026-04-16 07:50:00,308.5,308.5,307.8,308.0,98528
2026-04-16 07:55:00,308.0,308.2,307.9,308.15,75091
2026-04-16 08:00:00,308.1,308.3,307.8,307.9,133557
2026-04-16 08:05:00,307.95,307.95,307.5,307.75,120269
2026-04-16 08:10:00,307.7,308.4,307.65,308.25,110238
2026-04-16 08:15:00,308.35,308.75,308.25,308.55,135360
2026-04-16 08:20:00,308.6,308.95,308.35,308.7,134733
2026-04-16 08:25:00,308.7,308.9,308.55,308.8,111381
2026-04-16 08:30:00,308.8,308.8,308.0,308.1,125119
2026-04-16 08:35:00,308.05,308.5,308.0,308.15,80332
2026-04-16 08:40:00,308.1,308.25,308.0,308.05,76181
2026-04-16 08:45:00,308.0,308.05,307.9,308.0,91362
2026-04-16 08:50:00,308.0,308.15,307.65,307.7,141651
2026-04-16 08:55:00,307.75,308.25,307.75,307.9,84342
2026-04-16 09:00:00,307.85,308.0,307.75,307.8,87950
2026-04-16 09:05:00,307.75,308.0,307.7,307.75,111420
2026-04-16 09:10:00,307.8,308.25,307.65,308.2,176198
2026-04-16 09:15:00,308.45,308.5,308.0,308.15,153038
2026-04-16 09:20:00,308.15,309.15,308.0,308.7,324663
2026-04-16 09:25:00,308.65,308.9,308.45,308.65,173129
2026-04-16 09:30:00,308.65,308.65,307.6,307.6,477609
2026-04-16 09:35:00,307.7,307.8,307.25,307.3,273669
2026-04-16 09:40:00,307.3,307.8,307.3,307.65,291212
2026-04-16 09:45:00,307.65,308.0,307.3,307.85,594683
2026-04-16 09:50:00,307.85,308.45,307.85,308.35,514662
2026-04-16 09:55:00,308.45,309.0,308.25,309.0,523457
2026-04-17 03:45:00,308.8,312.5,306.5,311.2,680155
2026-04-17 03:50:00,311.3,311.7,309.6,309.75,276463
2026-04-17 03:55:00,309.75,310.05,309.2,309.4,168230
2026-04-17 04:00:00,309.3,309.45,308.75,309.1,173468
2026-04-17 04:05:00,309.1,309.2,307.85,309.0,177302
2026-04-17 04:10:00,309.0,309.05,307.1,307.15,156036
2026-04-17 04:15:00,307.15,307.5,306.25,306.65,144335
2026-04-17 04:20:00,306.65,307.15,306.55,307.05,119258
2026-04-17 04:25:00,307.05,307.7,306.9,307.45,72434
2026-04-17 04:30:00,307.45,308.05,307.0,307.95,143150
2026-04-17 04:35:00,308.0,309.2,308.0,309.15,208200
2026-04-17 04:40:00,309.15,309.3,308.65,308.95,125548
2026-04-17 04:45:00,308.95,309.5,308.7,309.35,121605
2026-04-17 04:50:00,309.4,310.2,309.4,309.95,437869
2026-04-17 04:55:00,309.95,310.1,309.75,309.75,73943
2026-04-17 05:00:00,309.8,310.05,309.6,310.0,83334
2026-04-17 05:05:00,310.0,310.2,309.5,309.85,92314
2026-04-17 05:10:00,309.85,310.65,309.7,310.3,74480
2026-04-17 05:15:00,310.25,310.3,310.1,310.2,42388
2026-04-17 05:20:00,310.15,310.35,309.95,310.3,61872
2026-04-17 05:25:00,310.2,310.4,310.0,310.2,46481
2026-04-17 05:30:00,310.2,310.35,309.95,310.2,56880
2026-04-17 05:35:00,310.2,310.4,310.0,310.4,51140
2026-04-17 05:40:00,310.45,310.75,310.1,310.55,738117
2026-04-17 05:45:00,310.55,310.6,310.05,310.05,31465
2026-04-17 05:50:00,310.05,310.5,310.05,310.35,41839
2026-04-17 05:55:00,310.35,310.6,310.3,310.4,42022
2026-04-17 06:00:00,310.4,311.1,310.3,311.1,101625
2026-04-17 06:05:00,311.1,311.3,310.95,311.0,48052
2026-04-17 06:10:00,310.9,311.1,310.75,310.85,32104
2026-04-17 06:15:00,310.85,310.85,310.55,310.7,37008
2026-04-17 06:20:00,310.7,311.1,310.65,311.05,59182
2026-04-17 06:25:00,311.05,311.1,310.65,310.85,39222
2026-04-17 06:30:00,310.85,310.9,310.6,310.75,32446
2026-04-17 06:35:00,310.75,311.45,310.75,311.35,80587
2026-04-17 06:40:00,311.25,311.4,310.8,311.3,70901
2026-04-17 06:45:00,311.3,311.35,311.0,311.2,31316
2026-04-17 06:50:00,311.2,311.25,311.05,311.2,33385
2026-04-17 06:55:00,311.2,311.25,310.95,311.1,38305
2026-04-17 07:00:00,311.2,312.4,310.95,312.1,157441
2026-04-17 07:05:00,312.1,312.1,311.85,312.1,63956
2026-04-17 07:10:00,312.1,312.15,311.9,312.0,55092
2026-04-17 07:15:00,312.0,312.1,311.75,311.9,54127
2026-04-17 07:20:00,311.9,312.0,311.45,311.6,57563
2026-04-17 07:25:00,311.55,311.65,311.4,311.6,28966
2026-04-17 07:30:00,311.6,311.7,311.35,311.5,42434
2026-04-17 07:35:00,311.5,311.65,311.35,311.6,30845
2026-04-17 07:40:00,311.6,311.6,311.3,311.45,31031
2026-04-17 07:45:00,311.45,311.5,311.2,311.4,41450
2026-04-17 07:50:00,311.3,311.8,311.3,311.7,50355
2026-04-17 07:55:00,311.7,311.7,311.5,311.6,33561
2026-04-17 08:00:00,311.6,311.9,311.5,311.85,47395
2026-04-17 08:05:00,311.85,311.85,311.6,311.8,37516
2026-04-17 08:10:00,311.8,312.65,311.65,312.45,128111
2026-04-17 08:15:00,312.45,312.7,312.3,312.55,76282
2026-04-17 08:20:00,312.55,312.65,312.1,312.35,39540
2026-04-17 08:25:00,312.3,312.3,312.0,312.1,32120
2026-04-17 08:30:00,312.0,312.4,311.55,311.6,106191
2026-04-17 08:35:00,311.6,311.6,311.05,311.35,46998
2026-04-17 08:40:00,311.3,311.55,311.1,311.1,42289
2026-04-17 08:45:00,311.1,311.35,311.1,311.3,30187
2026-04-17 08:50:00,311.25,311.35,311.15,311.3,38491
2026-04-17 08:55:00,311.35,311.6,311.15,311.3,46094
2026-04-17 09:00:00,311.2,311.5,311.2,311.45,30615
2026-04-17 09:05:00,311.5,312.0,311.5,312.0,56957
2026-04-17 09:10:00,311.85,312.15,311.6,312.15,79206
2026-04-17 09:15:00,312.0,312.85,312.0,312.8,211463
2026-04-17 09:20:00,312.75,313.7,312.7,313.45,559350
2026-04-17 09:25:00,313.45,313.55,312.8,313.1,172042
2026-04-17 09:30:00,313.1,313.15,311.2,311.6,560068
2026-04-17 09:35:00,311.65,311.85,311.3,311.85,621125
2026-04-17 09:40:00,311.75,312.05,311.7,312.05,345045
2026-04-17 09:45:00,312.05,312.65,311.9,312.3,546864
2026-04-17 09:50:00,312.25,313.0,312.25,312.35,657508
2026-04-17 09:55:00,312.45,313.5,311.7,313.2,534928
2026-04-20 03:45:00,312.1,312.3,307.5,310.15,799310
2026-04-20 03:50:00,310.25,312.75,310.25,312.0,512477
2026-04-20 03:55:00,311.9,311.95,310.2,310.2,317215
2026-04-20 04:00:00,310.35,310.35,308.0,308.5,325365
2026-04-20 04:05:00,308.65,308.65,307.65,307.65,326272
2026-04-20 04:10:00,307.55,308.25,307.15,307.5,400338
2026-04-20 04:15:00,307.5,307.75,307.0,307.35,233944
2026-04-20 04:20:00,307.45,308.6,307.2,308.35,215226
2026-04-20 04:25:00,308.4,308.4,307.8,307.85,50672
2026-04-20 04:30:00,307.85,308.4,307.75,307.95,111251
2026-04-20 04:35:00,307.95,308.6,307.9,308.35,92737
2026-04-20 04:40:00,308.4,308.55,308.25,308.55,90700
2026-04-20 04:45:00,308.55,309.25,308.45,308.8,129277
2026-04-20 04:50:00,308.8,309.7,308.8,309.55,98742
2026-04-20 04:55:00,309.3,310.05,309.1,309.8,139275
2026-04-20 05:00:00,309.8,310.3,309.75,310.15,116595
2026-04-20 05:05:00,310.15,310.65,310.0,310.3,113335
2026-04-20 05:10:00,310.3,310.8,310.15,310.75,64949
2026-04-20 05:15:00,310.75,310.85,310.35,310.75,62750
2026-04-20 05:20:00,310.65,310.75,310.4,310.6,56575
2026-04-20 05:25:00,310.65,310.7,310.3,310.7,50492
2026-04-20 05:30:00,310.7,311.15,310.5,310.95,83736
2026-04-20 05:35:00,310.85,310.95,310.2,310.4,36247
2026-04-20 05:40:00,310.25,310.5,310.1,310.25,67963
2026-04-20 05:45:00,310.25,311.2,310.15,311.0,83064
2026-04-20 05:50:00,310.95,311.1,310.95,311.05,46090
2026-04-20 05:55:00,311.0,311.65,310.9,311.25,112176
2026-04-20 06:00:00,311.2,311.5,311.05,311.45,111552
2026-04-20 06:05:00,311.45,311.85,311.3,311.85,62128
2026-04-20 06:10:00,311.75,312.0,311.55,311.8,91329
2026-04-20 06:15:00,311.8,311.95,311.5,311.65,83845
2026-04-20 06:20:00,311.6,312.6,311.6,312.2,212485
2026-04-20 06:25:00,312.15,312.5,312.0,312.3,306336
2026-04-20 06:30:00,312.35,313.45,312.35,313.2,170879
2026-04-20 06:35:00,313.15,313.2,312.25,312.25,74931
2026-04-20 06:40:00,312.4,313.8,312.05,313.65,412916
2026-04-20 06:45:00,313.6,313.85,313.5,313.6,105787
2026-04-20 06:50:00,313.6,314.8,313.6,314.65,232198
2026-04-20 06:55:00,314.65,314.95,314.5,314.85,89322
2026-04-20 07:00:00,314.9,315.1,314.8,314.95,200919
2026-04-20 07:05:00,314.9,315.2,314.4,315.1,119989
2026-04-20 07:10:00,315.05,315.8,315.0,315.8,108951
2026-04-20 07:15:00,315.7,317.35,315.65,316.75,532295
2026-04-20 07:20:00,316.75,317.9,316.7,317.9,221031
2026-04-20 07:25:00,317.8,319.0,317.8,318.45,460282
2026-04-20 07:30:00,318.35,318.85,317.5,318.8,483588
2026-04-20 07:35:00,318.65,318.95,317.5,317.6,241358
2026-04-20 07:40:00,317.5,317.85,317.2,317.65,209511
2026-04-20 07:45:00,317.7,317.7,317.25,317.35,131032
2026-04-20 07:50:00,317.35,317.45,316.45,316.6,207661
2026-04-20 07:55:00,316.45,316.55,315.2,316.05,281914
2026-04-20 08:00:00,315.9,316.65,315.8,316.2,156829
2026-04-20 08:05:00,316.2,316.3,315.65,315.7,90398
2026-04-20 08:10:00,315.65,316.5,315.65,316.25,93431
2026-04-20 08:15:00,316.25,316.75,315.95,316.3,131039
2026-04-20 08:20:00,316.3,316.3,316.0,316.1,64083
2026-04-20 08:25:00,316.05,316.15,315.85,316.0,45706
2026-04-20 08:30:00,316.1,316.1,315.7,315.75,55916
2026-04-20 08:35:00,315.7,315.75,314.65,314.9,164589
2026-04-20 08:40:00,314.9,315.2,314.55,314.55,66640
2026-04-20 08:45:00,314.65,315.75,314.4,315.3,218939
2026-04-20 08:50:00,315.2,316.15,315.2,315.9,214748
2026-04-20 08:55:00,315.9,316.3,315.85,316.2,92800
2026-04-20 09:00:00,316.2,316.2,315.7,316.1,125449
2026-04-20 09:05:00,316.05,316.7,316.05,316.35,86394
2026-04-20 09:10:00,316.3,316.55,316.3,316.3,82911
2026-04-20 09:15:00,316.4,316.5,316.0,316.1,115984
2026-04-20 09:20:00,316.05,316.9,316.05,316.55,154455
2026-04-20 09:25:00,316.5,317.7,316.35,317.5,505484
2026-04-20 09:30:00,317.4,317.45,316.2,316.5,237761
2026-04-20 09:35:00,316.5,316.5,315.7,316.1,304655
2026-04-20 09:40:00,316.1,316.15,315.8,315.9,170221
2026-04-20 09:45:00,315.9,316.05,315.45,315.9,515007
2026-04-20 09:50:00,315.9,316.1,315.85,316.05,403309
2026-04-20 09:55:00,316.05,316.25,315.8,316.0,434087
2026-04-21 03:45:00,316.05,320.05,316.05,319.7,786167
2026-04-21 03:50:00,319.8,320.1,319.0,319.3,220848
2026-04-21 03:55:00,319.35,319.5,318.5,318.5,149957
2026-04-21 04:00:00,318.6,318.65,317.6,318.45,241848
2026-04-21 04:05:00,318.35,318.55,317.5,317.5,122118
2026-04-21 04:10:00,317.6,317.85,317.4,317.8,106143
2026-04-21 04:15:00,317.8,318.3,317.65,318.25,101277
2026-04-21 04:20:00,318.2,318.85,318.2,318.55,104725
2026-04-21 04:25:00,318.5,318.6,318.3,318.3,35382
2026-04-21 04:30:00,318.35,319.0,318.3,318.8,85342
2026-04-21 04:35:00,318.75,318.8,318.25,318.4,62531
2026-04-21 04:40:00,318.3,318.65,318.0,318.65,97155
2026-04-21 04:45:00,318.6,318.75,318.2,318.4,64786
2026-04-21 04:50:00,318.4,318.5,317.1,317.2,129228
2026-04-21 04:55:00,317.2,317.2,315.1,316.0,255440
2026-04-21 05:00:00,316.05,316.9,315.9,316.8,70320
2026-04-21 05:05:00,316.7,317.3,316.7,317.2,75194
2026-04-21 05:10:00,317.15,317.8,317.1,317.65,185481
2026-04-21 05:15:00,317.55,317.8,317.55,317.55,24882
2026-04-21 05:20:00,317.55,317.6,317.05,317.15,60613
2026-04-21 05:25:00,317.15,317.5,317.0,317.1,76954
2026-04-21 05:30:00,317.05,317.75,317.0,317.3,51115
2026-04-21 05:35:00,317.3,317.65,317.15,317.2,36977
2026-04-21 05:40:00,317.2,317.2,316.45,316.8,59976
2026-04-21 05:45:00,316.65,317.55,316.65,317.2,52625
2026-04-21 05:50:00,317.15,317.15,316.5,316.8,73903
2026-04-21 05:55:00,316.8,316.95,316.5,316.65,69587
2026-04-21 06:00:00,316.65,316.8,316.5,316.7,41805
2026-04-21 06:05:00,316.75,317.2,316.4,316.8,90698
2026-04-21 06:10:00,316.8,316.95,316.55,316.8,28141
2026-04-21 06:15:00,316.75,317.0,316.6,316.7,33903
2026-04-21 06:20:00,316.6,316.75,316.55,316.55,29081
2026-04-21 06:25:00,316.65,316.7,316.55,316.6,27012
2026-04-21 06:30:00,316.7,317.2,316.55,316.55,107624
2026-04-21 06:35:00,316.7,316.85,316.5,316.85,21786
2026-04-21 06:40:00,316.8,317.15,316.8,317.15,250442
2026-04-21 06:45:00,317.1,317.5,317.0,317.35,57810
2026-04-21 06:50:00,317.25,317.65,317.25,317.4,47526
2026-04-21 06:55:00,317.25,317.4,317.25,317.35,40931
2026-04-21 07:00:00,317.35,318.0,317.3,317.75,75900
2026-04-21 07:05:00,317.7,317.8,317.6,317.7,27945
2026-04-21 07:10:00,317.65,317.7,317.4,317.5,31984
2026-04-21 07:15:00,317.4,317.5,317.25,317.25,42752
2026-04-21 07:20:00,317.3,317.4,317.25,317.3,158057
2026-04-21 07:25:00,317.3,317.5,317.25,317.5,149251
2026-04-21 07:30:00,317.4,317.55,317.25,317.25,35652
2026-04-21 07:35:00,317.25,317.3,317.2,317.25,44274
2026-04-21 07:40:00,317.3,317.3,317.25,317.25,29596
2026-04-21 07:45:00,317.25,317.3,317.25,317.3,170978
2026-04-21 07:50:00,317.3,317.3,317.2,317.25,87703
2026-04-21 07:55:00,317.3,317.8,317.25,317.5,68782
2026-04-21 08:00:00,317.6,317.95,317.25,317.45,106106
2026-04-21 08:05:00,317.5,317.5,317.25,317.25,43030
2026-04-21 08:10:00,317.3,317.35,317.25,317.25,253777
2026-04-21 08:15:00,317.35,317.5,317.25,317.25,64338
2026-04-21 08:20:00,317.35,317.5,317.25,317.3,71639
2026-04-21 08:25:00,317.35,317.65,317.3,317.5,44403
2026-04-21 08:30:00,317.55,317.55,317.25,317.3,89643
2026-04-21 08:35:00,317.25,317.5,317.25,317.4,102249
2026-04-21 08:40:00,317.45,319.3,317.45,319.15,210493
2026-04-21 08:45:00,319.15,319.3,319.0,319.0,142591
2026-04-21 08:50:00,319.05,319.7,319.0,319.0,148391
2026-04-21 08:55:00,319.1,319.1,318.0,318.0,380605
2026-04-21 09:00:00,318.15,318.35,317.75,318.0,74413
2026-04-21 09:05:00,317.8,318.5,317.65,318.15,102946
2026-04-21 09:10:00,318.15,318.8,318.0,318.55,105266
2026-04-21 09:15:00,318.35,318.65,318.25,318.25,110123
2026-04-21 09:20:00,318.4,318.5,318.25,318.35,74618
2026-04-21 09:25:00,318.25,318.35,318.25,318.25,52745
2026-04-21 09:30:00,318.3,318.3,317.65,317.65,713690
2026-04-21 09:35:00,317.7,318.2,317.35,318.0,299500
2026-04-21 09:40:00,318.05,318.25,318.0,318.1,237118
2026-04-21 09:45:00,318.1,318.3,318.0,318.25,286541
2026-04-21 09:50:00,318.25,318.35,318.0,318.05,611652
2026-04-21 09:55:00,318.05,318.05,317.0,317.95,475255
2026-04-22 03:45:00,317.0,317.0,313.0,315.35,580044
2026-04-22 03:50:00,315.15,315.7,314.7,314.95,142886
2026-04-22 03:55:00,315.0,315.5,314.75,314.75,78364
2026-04-22 04:00:00,314.7,315.2,314.1,314.6,123260
2026-04-22 04:05:00,314.65,314.95,314.25,314.4,103047
2026-04-22 04:10:00,314.55,315.25,314.45,315.1,106797
2026-04-22 04:15:00,315.2,315.25,314.6,314.9,65981
2026-04-22 04:20:00,314.9,315.2,314.75,314.9,46984
2026-04-22 04:25:00,315.0,315.0,314.35,314.35,76100
2026-04-22 04:30:00,314.2,315.25,314.0,314.95,164104
2026-04-22 04:35:00,314.9,314.95,314.3,314.7,46296
2026-04-22 04:40:00,314.75,315.95,314.7,315.9,116497
2026-04-22 04:45:00,315.9,316.65,315.7,316.1,137928
2026-04-22 04:50:00,316.15,316.45,315.35,316.2,164162
2026-04-22 04:55:00,316.2,316.2,315.75,316.0,59688
2026-04-22 05:00:00,316.0,316.1,315.75,316.1,54658
2026-04-22 05:05:00,316.0,316.2,314.5,315.1,287384
2026-04-22 05:10:00,315.15,315.4,314.6,314.85,105394
2026-04-22 05:15:00,314.85,315.5,314.85,315.3,71525
2026-04-22 05:20:00,315.3,315.8,315.3,315.65,52660
2026-04-22 05:25:00,315.65,315.8,315.1,315.45,30724
2026-04-22 05:30:00,315.6,315.85,315.05,315.55,61293
2026-04-22 05:35:00,315.6,315.9,315.3,315.45,60258
2026-04-22 05:40:00,315.45,315.55,315.35,315.35,25266
2026-04-22 05:45:00,315.35,315.6,315.35,315.35,46896
2026-04-22 05:50:00,315.35,315.8,315.35,315.7,30560
2026-04-22 05:55:00,315.65,316.55,315.6,315.8,336137
2026-04-22 06:00:00,315.65,315.8,315.25,315.35,25221
2026-04-22 06:05:00,315.3,315.4,315.05,315.15,35577
2026-04-22 06:10:00,315.1,315.5,315.05,315.1,55102
2026-04-22 06:15:00,315.1,315.5,315.1,315.3,40328
2026-04-22 06:20:00,315.3,316.5,315.3,315.9,841692
2026-04-22 06:25:00,315.75,316.2,315.7,316.05,86302
2026-04-22 06:30:00,316.05,316.15,316.0,316.0,29400
2026-04-22 06:35:00,316.0,316.1,315.8,316.0,36023
2026-04-22 06:40:00,315.9,315.95,315.35,315.35,50093
2026-04-22 06:45:00,315.4,315.9,315.25,315.9,65189
2026-04-22 06:50:00,315.9,316.3,315.7,316.3,54042
2026-04-22 06:55:00,316.3,316.5,316.15,316.25,32959
2026-04-22 07:00:00,316.4,316.85,316.25,316.7,60061
2026-04-22 07:05:00,316.7,316.7,316.35,316.5,25756
2026-04-22 07:10:00,316.5,316.75,316.4,316.7,23681
2026-04-22 07:15:00,316.8,316.8,316.15,316.4,30768
2026-04-22 07:20:00,316.4,316.7,316.3,316.6,44186
2026-04-22 07:25:00,316.6,316.95,316.5,316.85,28288
2026-04-22 07:30:00,316.85,316.85,316.5,316.6,18472
2026-04-22 07:35:00,316.6,316.9,316.55,316.7,29215
2026-04-22 07:40:00,316.75,316.8,316.15,316.6,61781
2026-04-22 07:45:00,316.6,316.6,316.4,316.55,14930
2026-04-22 07:50:00,316.55,316.55,316.1,316.35,39564
2026-04-22 07:55:00,316.35,316.35,316.0,316.35,22585
2026-04-22 08:00:00,316.3,316.45,316.2,316.25,19326
2026-04-22 08:05:00,316.25,316.5,316.2,316.35,21110
2026-04-22 08:10:00,316.45,316.5,316.25,316.35,15673
2026-04-22 08:15:00,316.35,316.35,316.15,316.25,14615
2026-04-22 08:20:00,316.25,316.25,316.1,316.1,14915
2026-04-22 08:25:00,316.15,316.3,316.1,316.25,25487
2026-04-22 08:30:00,316.3,316.4,315.5,315.5,86992
2026-04-22 08:35:00,315.5,316.15,315.2,316.0,94588
2026-04-22 08:40:00,316.05,316.3,315.85,316.3,60202
2026-04-22 08:45:00,316.3,316.3,315.6,315.9,57180
2026-04-22 08:50:00,315.9,315.9,315.7,315.8,33910
2026-04-22 08:55:00,315.8,316.05,315.8,316.0,52435
2026-04-22 09:00:00,316.0,316.15,315.9,316.15,45256
2026-04-22 09:05:00,316.15,316.2,316.0,316.05,16158
2026-04-22 09:10:00,316.05,316.3,316.05,316.3,35865
2026-04-22 09:15:00,316.2,316.3,316.05,316.3,29767
2026-04-22 09:20:00,316.1,316.35,316.0,316.2,30862
2026-04-22 09:25:00,316.1,316.55,316.1,316.4,104187
2026-04-22 09:30:00,316.4,316.4,315.4,315.5,282482
2026-04-22 09:35:00,315.5,315.8,314.7,314.7,274998
2026-04-22 09:40:00,314.65,314.75,314.3,314.35,231905
2026-04-22 09:45:00,314.35,314.35,313.9,314.0,221585
2026-04-22 09:50:00,314.0,314.15,313.8,313.8,214308
2026-04-22 09:55:00,313.9,314.65,313.0,313.05,517290
2026-04-23 03:45:00,312.0,312.0,308.4,312.0,663103
2026-04-23 03:50:00,312.35,313.5,311.55,313.15,261769
2026-04-23 03:55:00,313.0,313.3,312.45,313.0,167247
2026-04-23 04:00:00,313.0,313.45,312.3,313.35,132879
2026-04-23 04:05:00,313.05,313.4,312.45,313.05,97925
2026-04-23 04:10:00,313.05,313.5,312.8,312.85,62888
2026-04-23 04:15:00,312.85,312.9,312.25,312.5,51861
2026-04-23 04:20:00,312.5,312.75,312.1,312.7,92914
2026-04-23 04:25:00,312.55,312.85,312.3,312.3,39159
2026-04-23 04:30:00,312.15,312.35,311.85,311.9,81534
2026-04-23 04:35:00,311.95,312.05,311.45,311.6,45797
2026-04-23 04:40:00,311.6,311.6,310.75,311.25,93531
2026-04-23 04:45:00,311.3,311.9,311.3,311.75,64488
2026-04-23 04:50:00,311.75,312.2,311.5,311.75,49784
2026-04-23 04:55:00,311.75,312.6,311.55,312.4,69801
2026-04-23 05:00:00,312.25,312.4,311.55,311.75,34192
2026-04-23 05:05:00,311.8,312.0,311.1,311.35,57007
2026-04-23 05:10:00,311.35,311.9,311.35,311.85,25869
2026-04-23 05:15:00,311.75,311.95,311.25,311.4,35559
2026-04-23 05:20:00,311.4,311.9,311.25,311.65,31673
2026-04-23 05:25:00,311.5,311.75,310.55,311.4,73767
2026-04-23 05:30:00,311.55,311.55,311.0,311.4,31735
2026-04-23 05:35:00,311.3,311.4,309.6,309.95,143609
2026-04-23 05:40:00,309.95,310.3,309.95,310.3,39130
2026-04-23 05:45:00,310.15,310.85,310.15,310.85,117211
2026-04-23 05:50:00,310.95,311.35,310.7,311.3,55847
2026-04-23 05:55:00,311.2,311.6,310.8,311.45,80242
2026-04-23 06:00:00,311.6,312.15,311.4,311.95,88665
2026-04-23 06:05:00,312.1,312.15,311.75,311.95,56814
2026-04-23 06:10:00,312.0,312.2,311.5,311.65,30966
2026-04-23 06:15:00,311.8,312.25,311.6,312.05,28798
2026-04-23 06:20:00,312.05,312.2,311.55,311.65,68248
2026-04-23 06:25:00,311.8,312.2,311.65,311.8,96847
2026-04-23 06:30:00,311.9,311.9,311.65,311.7,26619
2026-04-23 06:35:00,311.7,311.8,311.5,311.6,34388
2026-04-23 06:40:00,311.5,312.0,311.5,311.9,48678
2026-04-23 06:45:00,312.0,312.1,311.8,311.85,31393
2026-04-23 06:50:00,311.85,312.1,311.8,312.05,31945
2026-04-23 06:55:00,312.0,312.05,310.9,310.9,62075
2026-04-23 07:00:00,311.0,311.95,310.9,311.75,72199
2026-04-23 07:05:00,311.85,312.1,311.35,312.0,45044
2026-04-23 07:10:00,312.05,312.5,311.95,312.5,87102
2026-04-23 07:15:00,312.4,312.6,312.0,312.15,68029
2026-04-23 07:20:00,312.15,312.6,312.15,312.55,75599
2026-04-23 07:25:00,312.5,312.7,312.35,312.5,75265
2026-04-23 07:30:00,312.5,312.8,312.4,312.8,65538
2026-04-23 07:35:00,312.8,312.9,312.55,312.9,69226
2026-04-23 07:40:00,312.75,312.9,312.5,312.6,43897
2026-04-23 07:45:00,312.65,313.75,312.55,313.55,101992
2026-04-23 07:50:00,313.6,313.75,313.15,313.3,140148
2026-04-23 07:55:00,313.3,313.45,313.0,313.15,43630
2026-04-23 08:00:00,313.15,313.4,312.85,313.2,69071
2026-04-23 08:05:00,313.2,313.3,312.5,312.55,60554
2026-04-23 08:10:00,312.65,312.8,312.3,312.4,64695
2026-04-23 08:15:00,312.45,312.45,312.15,312.2,38875
2026-04-23 08:20:00,312.15,312.25,311.8,311.8,92960
2026-04-23 08:25:00,311.8,312.05,311.8,311.8,129208
2026-04-23 08:30:00,311.7,311.7,311.1,311.45,75297
2026-04-23 08:35:00,311.5,311.55,311.0,311.05,94213
2026-04-23 08:40:00,311.1,311.1,310.5,310.5,84974
2026-04-23 08:45:00,310.55,311.0,310.3,310.3,164087
2026-04-23 08:50:00,310.45,310.7,310.25,310.55,123231
2026-04-23 08:55:00,310.55,310.6,309.75,309.9,192754
2026-04-23 09:00:00,309.85,310.0,309.65,309.75,96917
2026-04-23 09:05:00,309.85,310.05,309.6,309.85,215046
2026-04-23 09:10:00,309.75,310.2,309.55,309.95,254985
2026-04-23 09:15:00,309.95,310.6,309.85,310.45,425621
2026-04-23 09:20:00,310.35,310.75,310.35,310.55,151232
2026-04-23 09:25:00,310.5,310.55,310.05,310.5,217996
2026-04-23 09:30:00,310.5,310.5,309.65,310.05,311901
2026-04-23 09:35:00,310.0,310.1,309.6,309.7,135836
2026-04-23 09:40:00,309.65,310.15,309.5,309.65,378743
2026-04-23 09:45:00,309.75,309.85,309.4,309.55,251800
2026-04-23 09:50:00,309.65,309.95,309.45,309.8,348994
2026-04-23 09:55:00,309.85,311.0,309.7,310.0,293859
2026-04-24 03:45:00,309.0,310.75,307.6,308.2,463006
2026-04-24 03:50:00,308.2,308.4,306.6,307.0,216288
2026-04-24 03:55:00,306.75,306.85,305.0,305.65,483236
2026-04-24 04:00:00,305.5,305.9,304.35,304.55,429029
2026-04-24 04:05:00,304.45,304.45,302.45,302.6,312361
2026-04-24 04:10:00,302.6,303.25,302.3,302.95,139122
2026-04-24 04:15:00,302.95,302.95,300.8,301.2,666831
2026-04-24 04:20:00,301.2,301.9,300.65,301.1,797860
2026-04-24 04:25:00,301.1,301.65,300.15,300.75,235958
2026-04-24 04:30:00,300.7,301.7,300.7,300.95,707139
2026-04-24 04:35:00,300.95,301.55,300.7,300.85,229786
2026-04-24 04:40:00,300.85,301.9,300.65,301.9,756372
2026-04-24 04:45:00,301.9,303.7,301.75,303.6,343754
2026-04-24 04:50:00,303.6,303.85,303.1,303.3,74321
2026-04-24 04:55:00,303.4,303.55,303.1,303.45,31550
2026-04-24 05:00:00,303.45,303.8,303.2,303.8,57011
2026-04-24 05:05:00,303.75,304.7,303.55,304.5,99021
2026-04-24 05:10:00,304.35,304.5,304.0,304.2,46038
2026-04-24 05:15:00,304.1,304.9,304.0,304.6,72294
2026-04-24 05:20:00,304.6,304.7,304.5,304.5,42970
2026-04-24 05:25:00,304.5,304.95,304.5,304.95,59232
2026-04-24 05:30:00,304.95,305.1,304.6,305.1,51351
2026-04-24 05:35:00,305.05,305.6,305.0,305.6,133447
2026-04-24 05:40:00,305.6,305.65,305.4,305.65,88802
2026-04-24 05:45:00,305.65,306.15,305.5,306.05,72473
2026-04-24 05:50:00,306.05,307.0,306.0,306.8,135210
2026-04-24 05:55:00,306.9,306.95,306.35,306.65,46836
2026-04-24 06:00:00,306.65,307.1,306.15,306.15,74590
2026-04-24 06:05:00,306.2,306.55,306.1,306.55,48476
2026-04-24 06:10:00,306.55,307.5,306.4,307.05,105117
2026-04-24 06:15:00,307.1,307.3,306.85,307.3,155968
2026-04-24 06:20:00,307.25,307.25,306.45,306.7,97250
2026-04-24 06:25:00,306.7,306.75,306.4,306.5,25633
2026-04-24 06:30:00,306.5,306.8,306.5,306.6,28152
2026-04-24 06:35:00,306.6,306.85,306.45,306.75,43986
2026-04-24 06:40:00,306.6,307.15,306.55,307.15,31550
2026-04-24 06:45:00,307.2,307.3,306.6,306.7,53715
2026-04-24 06:50:00,306.8,306.8,306.2,306.3,45731
2026-04-24 06:55:00,306.2,306.35,306.0,306.25,44947
2026-04-24 07:00:00,306.25,306.75,306.1,306.6,63302
2026-04-24 07:05:00,306.6,306.6,306.15,306.45,31851
2026-04-24 07:10:00,306.5,306.5,306.2,306.3,21155
2026-04-24 07:15:00,306.2,306.8,306.2,306.65,20956
2026-04-24 07:20:00,306.65,307.15,306.6,306.9,33345
2026-04-24 07:25:00,306.85,307.15,306.6,307.1,45151
2026-04-24 07:30:00,306.95,307.15,306.55,306.7,33631
2026-04-24 07:35:00,306.6,306.75,306.5,306.65,31869
2026-04-24 07:40:00,306.65,306.8,306.45,306.7,43197
2026-04-24 07:45:00,306.7,306.8,306.15,306.4,33920
2026-04-24 07:50:00,306.3,306.6,306.3,306.45,21479
2026-04-24 07:55:00,306.45,306.75,306.35,306.5,24691
2026-04-24 08:00:00,306.5,306.65,306.25,306.3,30294
2026-04-24 08:05:00,306.3,306.55,306.1,306.2,43863
2026-04-24 08:10:00,306.15,306.7,306.15,306.2,52121
2026-04-24 08:15:00,306.3,306.5,306.0,306.15,44333
2026-04-24 08:20:00,306.15,306.55,306.1,306.4,36868
2026-04-24 08:25:00,306.35,306.9,306.3,306.9,45765
2026-04-24 08:30:00,306.95,307.3,306.95,307.1,62580
2026-04-24 08:35:00,307.05,307.3,306.65,307.2,61739
2026-04-24 08:40:00,307.2,307.7,307.1,307.7,97085
2026-04-24 08:45:00,307.75,308.0,307.65,307.7,56034
2026-04-24 08:50:00,307.7,308.35,307.65,308.1,91640
2026-04-24 08:55:00,308.1,308.35,307.85,308.25,69390
2026-04-24 09:00:00,308.25,308.75,308.15,308.4,74533
2026-04-24 09:05:00,308.45,308.6,308.1,308.35,35530
2026-04-24 09:10:00,308.35,308.55,308.25,308.55,30997
2026-04-24 09:15:00,308.5,308.6,307.7,308.35,115282
2026-04-24 09:20:00,308.2,308.65,308.0,308.1,118564
2026-04-24 09:25:00,308.15,308.9,308.15,308.5,103675
2026-04-24 09:30:00,308.5,308.5,307.6,307.65,202725
2026-04-24 09:35:00,307.7,308.25,307.45,308.2,211892
2026-04-24 09:40:00,308.2,308.25,307.8,308.0,228745
2026-04-24 09:45:00,307.9,308.7,307.85,308.4,294248
2026-04-24 09:50:00,308.4,308.5,307.95,308.35,203478
2026-04-24 09:55:00,308.3,308.55,307.85,308.5,227247
2026-04-27 03:45:00,308.3,309.9,306.7,308.9,449384
2026-04-27 03:50:00,309.25,311.25,309.25,310.5,192377
2026-04-27 03:55:00,310.5,310.5,308.85,309.0,103528
2026-04-27 04:00:00,309.1,310.25,309.05,309.1,157469
2026-04-27 04:05:00,309.1,309.85,309.1,309.1,90944
2026-04-27 04:10:00,309.2,310.0,309.1,309.85,89905
2026-04-27 04:15:00,309.75,311.0,309.75,310.95,96933
2026-04-27 04:20:00,311.2,314.3,311.2,314.3,506263
2026-04-27 04:25:00,314.05,314.75,313.55,314.6,139417
2026-04-27 04:30:00,314.45,315.1,314.05,314.6,252453
2026-04-27 04:35:00,314.6,314.6,313.05,313.45,127538
2026-04-27 04:40:00,313.35,313.7,312.45,312.5,100484
2026-04-27 04:45:00,312.5,313.5,312.5,312.8,71061
2026-04-27 04:50:00,312.9,313.1,312.4,312.4,69481
2026-04-27 04:55:00,312.5,313.0,311.75,313.0,72390
2026-04-27 05:00:00,312.95,313.25,312.65,313.1,72325
2026-04-27 05:05:00,313.05,313.6,313.0,313.25,56271
2026-04-27 05:10:00,313.2,313.45,312.7,312.9,51810
2026-04-27 05:15:00,312.9,313.55,312.9,313.05,29681
2026-04-27 05:20:00,313.1,313.2,313.0,313.05,25337
2026-04-27 05:25:00,313.0,313.3,312.45,312.5,51197
2026-04-27 05:30:00,312.55,312.9,312.4,312.75,38687
2026-04-27 05:35:00,312.65,313.05,312.65,312.85,26209
2026-04-27 05:40:00,312.85,313.05,312.8,312.95,25283
2026-04-27 05:45:00,312.85,313.3,312.85,313.05,32229
2026-04-27 05:50:00,313.0,313.2,312.9,312.9,32148
2026-04-27 05:55:00,312.9,313.05,312.6,312.7,34200
2026-04-27 06:00:00,312.7,312.95,312.3,312.4,38501
2026-04-27 06:05:00,312.35,312.4,311.6,312.0,57383
2026-04-27 06:10:00,312.0,312.1,311.85,312.0,22725
2026-04-27 06:15:00,311.95,312.4,311.9,312.4,34403
2026-04-27 06:20:00,312.4,312.5,312.15,312.25,19699
2026-04-27 06:25:00,312.2,312.25,311.9,311.95,23004
2026-04-27 06:30:00,311.9,312.0,311.7,311.8,23133
2026-04-27 06:35:00,311.8,312.1,311.75,311.9,27713
2026-04-27 06:40:00,312.0,312.35,311.9,312.15,39555
2026-04-27 06:45:00,312.05,312.15,311.85,311.85,20648
2026-04-27 06:50:00,311.8,311.8,311.35,311.55,24445
2026-04-27 06:55:00,311.5,311.9,311.4,311.7,53131
2026-04-27 07:00:00,311.6,311.95,311.55,311.9,37747
2026-04-27 07:05:00,311.9,312.25,311.85,311.85,34059
2026-04-27 07:10:00,311.9,312.2,311.8,311.95,27697
2026-04-27 07:15:00,311.9,311.95,311.6,311.85,31390
2026-04-27 07:20:00,311.85,312.2,311.7,311.95,24519
2026-04-27 07:25:00,311.95,312.15,311.8,311.95,28244
2026-04-27 07:30:00,311.85,312.25,311.85,312.15,33699
2026-04-27 07:35:00,312.25,312.25,311.95,312.0,25387
2026-04-27 07:40:00,311.95,312.3,311.8,312.3,18166
2026-04-27 07:45:00,312.25,312.75,312.25,312.5,56981
2026-04-27 07:50:00,312.5,312.7,312.45,312.45,29854
2026-04-27 07:55:00,312.4,312.45,312.1,312.25,24170
2026-04-27 08:00:00,312.15,312.45,312.15,312.3,43316
2026-04-27 08:05:00,312.45,313.4,312.45,312.8,74340
2026-04-27 08:10:00,312.6,312.9,312.55,312.6,31262
2026-04-27 08:15:00,312.5,312.75,312.25,312.35,20616
2026-04-27 08:20:00,312.4,313.25,312.4,313.25,32597
2026-04-27 08:25:00,313.2,313.25,312.7,312.85,23750
2026-04-27 08:30:00,312.8,312.8,312.35,312.4,37409
2026-04-27 08:35:00,312.4,312.55,311.85,311.95,40972
2026-04-27 08:40:00,311.95,312.65,311.95,312.55,34790
2026-04-27 08:45:00,312.5,312.55,312.2,312.3,27017
2026-04-27 08:50:00,312.25,312.45,312.25,312.4,23744
2026-04-27 08:55:00,312.35,312.4,311.4,311.7,72486
2026-04-27 09:00:00,311.8,312.35,311.6,312.35,49893
2026-04-27 09:05:00,312.35,312.4,312.15,312.4,15705
2026-04-27 09:10:00,312.35,312.9,312.3,312.6,39455
2026-04-27 09:15:00,312.55,312.9,312.5,312.75,26713
2026-04-27 09:20:00,312.75,312.95,312.6,312.8,56659
2026-04-27 09:25:00,312.85,312.85,312.3,312.35,55212
2026-04-27 09:30:00,312.3,312.4,312.1,312.35,87878
2026-04-27 09:35:00,312.4,312.4,312.1,312.15,78653
2026-04-27 09:40:00,312.1,312.2,311.75,312.15,144830
2026-04-27 09:45:00,312.15,312.65,311.9,312.55,183871
2026-04-27 09:50:00,312.8,313.3,312.65,313.3,176739
2026-04-27 09:55:00,313.3,314.35,312.3,313.7,149106
2026-04-28 03:45:00,308.7,312.6,308.3,312.0,402393
2026-04-28 03:50:00,312.0,312.4,311.1,311.7,174852
2026-04-28 03:55:00,311.7,313.1,311.7,312.75,136195
2026-04-28 04:00:00,312.6,312.9,311.5,312.1,163527
2026-04-28 04:05:00,312.05,312.5,311.25,311.65,179186
2026-04-28 04:10:00,311.45,312.4,311.35,312.1,128389
2026-04-28 04:15:00,312.1,312.3,311.9,312.05,71844
2026-04-28 04:20:00,312.05,312.1,311.65,312.0,82287
2026-04-28 04:25:00,312.2,312.9,312.2,312.45,82553
2026-04-28 04:30:00,312.45,312.55,311.15,311.55,143005
2026-04-28 04:35:00,311.6,311.7,310.9,311.4,86012
2026-04-28 04:40:00,311.4,311.4,310.95,311.2,89472
2026-04-28 04:45:00,311.15,311.75,311.0,311.15,118141
2026-04-28 04:50:00,311.15,311.5,311.15,311.35,57978
2026-04-28 04:55:00,311.35,311.7,311.0,311.1,70751
2026-04-28 05:00:00,311.1,311.3,310.75,311.2,118104
2026-04-28 05:05:00,311.15,311.15,310.75,311.1,88849
2026-04-28 05:10:00,311.1,311.55,310.75,311.1,62364
2026-04-28 05:15:00,311.1,311.35,310.8,310.8,69237
2026-04-28 05:20:00,310.8,311.15,310.8,310.85,41715
2026-04-28 05:25:00,310.9,311.3,310.7,311.15,87793
2026-04-28 05:30:00,311.2,311.25,310.85,311.05,49258
2026-04-28 05:35:00,311.05,311.45,310.75,311.35,89245
2026-04-28 05:40:00,311.35,311.45,311.0,311.15,68758
2026-04-28 05:45:00,311.15,311.15,310.4,310.4,78178
2026-04-28 05:50:00,310.35,310.5,309.5,309.5,168840
2026-04-28 05:55:00,309.5,309.6,309.0,309.25,120621
2026-04-28 06:00:00,309.25,309.6,308.95,309.4,99962
2026-04-28 06:05:00,309.4,309.7,309.35,309.55,70378
2026-04-28 06:10:00,309.5,309.6,309.3,309.35,44764
2026-04-28 06:15:00,309.35,309.35,308.6,308.75,140339
2026-04-28 06:20:00,308.95,309.1,308.2,308.2,105873
2026-04-28 06:25:00,308.3,308.8,308.2,308.45,85114
2026-04-28 06:30:00,308.4,308.65,308.35,308.45,78603
2026-04-28 06:35:00,308.5,308.6,308.3,308.55,89654
2026-04-28 06:40:00,308.5,308.75,308.2,308.2,190272
2026-04-28 06:45:00,308.25,308.45,308.05,308.05,90671
2026-04-28 06:50:00,308.05,308.15,307.25,307.8,169702
2026-04-28 06:55:00,307.8,307.9,307.4,307.45,97234
2026-04-28 07:00:00,307.45,307.45,306.65,306.95,118231
2026-04-28 07:05:00,307.1,307.3,306.1,306.9,434901
2026-04-28 07:10:00,306.95,306.95,305.95,306.3,606943
2026-04-28 07:15:00,306.4,306.4,305.2,305.85,143154
2026-04-28 07:20:00,305.85,306.1,305.65,305.85,57369
2026-04-28 07:25:00,305.85,306.2,305.8,306.0,60730
2026-04-28 07:30:00,306.0,306.05,305.15,305.75,164419
2026-04-28 07:35:00,305.75,306.3,305.6,306.2,94010
2026-04-28 07:40:00,306.2,306.5,306.05,306.35,160548
2026-04-28 07:45:00,306.35,306.55,306.1,306.15,157738
2026-04-28 07:50:00,306.15,306.4,305.95,306.2,163421
2026-04-28 07:55:00,306.15,306.2,305.8,305.9,105471
2026-04-28 08:00:00,305.9,305.9,305.65,305.7,72095
2026-04-28 08:05:00,305.65,306.35,305.55,306.3,129927
2026-04-28 08:10:00,306.25,306.45,306.1,306.3,43861
2026-04-28 08:15:00,306.35,307.8,306.25,306.6,854035
2026-04-28 08:20:00,306.6,308.2,306.6,308.1,286451
2026-04-28 08:25:00,308.1,308.2,307.25,307.4,158787
2026-04-28 08:30:00,307.5,307.55,306.9,306.9,230881
2026-04-28 08:35:00,306.9,307.35,306.85,307.3,110978
2026-04-28 08:40:00,307.2,307.3,306.85,306.9,100175
2026-04-28 08:45:00,306.9,307.05,306.75,306.8,73260
2026-04-28 08:50:00,306.8,306.95,306.5,306.8,234458
2026-04-28 08:55:00,306.8,306.85,305.9,306.55,348687
2026-04-28 09:00:00,307.0,307.65,306.8,307.2,343066
2026-04-28 09:05:00,307.2,307.45,306.65,306.85,211012
2026-04-28 09:10:00,306.75,308.05,306.7,307.4,824097
2026-04-28 09:15:00,307.5,308.35,307.0,308.0,751589
2026-04-28 09:20:00,307.95,308.1,307.35,307.55,474497
2026-04-28 09:25:00,307.5,308.4,307.15,308.3,359023
2026-04-28 09:30:00,308.15,308.3,307.0,307.1,359712
2026-04-28 09:35:00,307.15,307.45,307.0,307.45,258071
2026-04-28 09:40:00,307.4,308.05,307.2,307.7,345619
2026-04-28 09:45:00,307.75,308.1,307.4,307.85,439506
2026-04-28 09:50:00,307.9,308.55,307.45,308.3,466998
2026-04-28 09:55:00,308.2,308.8,307.05,307.05,346144
2026-04-29 03:45:00,308.4,310.5,307.55,308.1,512554
2026-04-29 03:50:00,307.8,308.4,307.25,307.75,281407
2026-04-29 03:55:00,307.5,307.65,306.4,307.5,232419
2026-04-29 04:00:00,307.45,308.8,307.0,308.2,284107
2026-04-29 04:05:00,308.2,308.2,307.15,307.25,157965
2026-04-29 04:10:00,307.2,307.65,307.1,307.5,190753
2026-04-29 04:15:00,307.5,307.75,307.2,307.6,133060
2026-04-29 04:20:00,307.55,308.6,307.25,307.8,322349
2026-04-29 04:25:00,307.8,308.65,307.5,307.8,180370
2026-04-29 04:30:00,307.85,308.3,307.65,308.05,174880
2026-04-29 04:35:00,308.1,308.2,307.7,307.75,121489
2026-04-29 04:40:00,307.75,308.1,307.55,308.0,106377
2026-04-29 04:45:00,308.05,308.6,307.95,308.6,155152
2026-04-29 04:50:00,308.6,308.9,308.4,308.65,165735
2026-04-29 04:55:00,308.65,308.65,307.6,307.65,196059
2026-04-29 05:00:00,307.65,307.75,306.9,307.1,261778
2026-04-29 05:05:00,307.15,307.5,305.6,306.05,310139
2026-04-29 05:10:00,306.05,306.35,305.9,306.3,143745
2026-04-29 05:15:00,306.3,306.35,305.7,306.05,163368
2026-04-29 05:20:00,306.05,306.25,305.75,305.75,156234
2026-04-29 05:25:00,305.8,306.0,305.5,305.6,208833
2026-04-29 05:30:00,305.65,306.0,305.5,305.7,163933
2026-04-29 05:35:00,305.65,306.0,305.5,305.8,134478
2026-04-29 05:40:00,305.8,307.4,305.7,307.25,297384
2026-04-29 05:45:00,307.1,307.75,306.5,307.1,176280
2026-04-29 05:50:00,307.25,307.4,306.25,306.3,153616
2026-04-29 05:55:00,306.3,306.9,306.2,306.65,201597
2026-04-29 06:00:00,306.55,308.0,306.45,307.45,236197
2026-04-29 06:05:00,307.6,308.5,307.35,308.5,350641
2026-04-29 06:10:00,308.6,310.9,308.6,309.6,392288
2026-04-29 06:15:00,309.6,310.0,308.5,308.5,191542
2026-04-29 06:20:00,308.5,308.6,308.0,308.4,137228
2026-04-29 06:25:00,308.4,308.75,308.2,308.35,114658
2026-04-29 06:30:00,308.35,308.5,308.1,308.2,81984
2026-04-29 06:35:00,308.2,308.35,308.05,308.3,102070
2026-04-29 06:40:00,308.3,308.3,308.0,308.1,77778
2026-04-29 06:45:00,308.1,308.8,308.0,308.7,152156
2026-04-29 06:50:00,308.75,309.65,308.6,309.35,209287
2026-04-29 06:55:00,309.4,309.7,308.5,308.7,172140
2026-04-29 07:00:00,308.75,308.85,308.4,308.45,90202
2026-04-29 07:05:00,308.5,308.95,308.2,308.85,176839
2026-04-29 07:10:00,308.95,309.35,308.85,309.2,85526
2026-04-29 07:15:00,309.2,309.5,309.05,309.15,79317
2026-04-29 07:20:00,309.05,309.7,309.0,309.35,131896
2026-04-29 07:25:00,309.35,309.45,309.1,309.2,84539
2026-04-29 07:30:00,309.2,309.3,308.75,309.0,114341
2026-04-29 07:35:00,309.05,309.2,308.8,308.85,72066
2026-04-29 07:40:00,308.8,309.5,308.75,309.2,121343
2026-04-29 07:45:00,309.15,309.25,309.0,309.25,78343
2026-04-29 07:50:00,309.15,309.25,308.9,308.95,74098
2026-04-29 07:55:00,309.05,309.3,308.9,309.0,88280
2026-04-29 08:00:00,308.95,309.1,308.65,308.65,87766
2026-04-29 08:05:00,308.75,308.9,306.85,307.0,593033
2026-04-29 08:10:00,307.0,307.15,306.55,306.85,125382
2026-04-29 08:15:00,306.85,306.95,306.65,306.8,101286
2026-04-29 08:20:00,306.85,307.0,306.6,306.75,90036
2026-04-29 08:25:00,306.75,306.85,306.6,306.6,73600
2026-04-29 08:30:00,306.4,306.45,305.6,305.7,265498
2026-04-29 08:35:00,305.65,306.25,305.65,305.8,134557
2026-04-29 08:40:00,305.85,306.15,305.75,306.0,125788
2026-04-29 08:45:00,306.0,306.1,305.55,305.65,122342
2026-04-29 08:50:00,305.6,306.05,305.4,305.6,128166
2026-04-29 08:55:00,305.6,305.75,304.9,305.15,330226
2026-04-29 09:00:00,305.1,305.45,304.9,305.1,501101
2026-04-29 09:05:00,305.1,305.3,304.7,304.85,153936
2026-04-29 09:10:00,304.75,304.85,304.1,304.25,297011
2026-04-29 09:15:00,304.2,304.35,304.0,304.2,154455
2026-04-29 09:20:00,304.1,304.25,304.1,304.2,124582
2026-04-29 09:25:00,304.1,304.45,303.75,304.0,803256
2026-04-29 09:30:00,304.05,304.65,303.9,304.2,390553
2026-04-29 09:35:00,304.2,304.4,303.9,304.0,462755
2026-04-29 09:40:00,303.95,304.5,303.75,303.75,804088
2026-04-29 09:45:00,303.8,303.85,303.25,303.35,1022266
2026-04-29 09:50:00,303.45,304.2,303.15,304.2,529505
2026-04-29 09:55:00,304.1,305.0,303.95,304.6,469874
2026-04-30 03:45:00,300.05,301.0,296.35,298.5,1166093
2026-04-30 03:50:00,298.5,299.95,298.35,299.35,268309
2026-04-30 03:55:00,299.35,299.85,298.75,298.9,324828
2026-04-30 04:00:00,298.95,299.15,298.4,298.9,327206
2026-04-30 04:05:00,298.9,299.05,298.05,298.85,222273
2026-04-30 04:10:00,298.45,299.9,298.3,299.4,255082
2026-04-30 04:15:00,299.4,299.75,299.05,299.35,88721
2026-04-30 04:20:00,299.2,299.9,299.0,299.25,192647
2026-04-30 04:25:00,299.35,299.35,298.6,298.85,162902
2026-04-30 04:30:00,298.9,299.2,298.45,298.95,112177
2026-04-30 04:35:00,298.8,299.2,298.35,298.5,56325
2026-04-30 04:40:00,298.4,298.45,297.5,297.6,84593
2026-04-30 04:45:00,297.5,297.85,297.15,297.75,152136
2026-04-30 04:50:00,297.75,298.6,297.6,297.85,136250
2026-04-30 04:55:00,297.7,298.15,297.6,297.85,81841
2026-04-30 05:00:00,297.75,297.9,297.3,297.45,118603
2026-04-30 05:05:00,297.45,297.6,297.3,297.55,52999
2026-04-30 05:10:00,297.5,297.6,296.55,297.0,231694
2026-04-30 05:15:00,296.9,297.0,296.35,296.45,180346
2026-04-30 05:20:00,296.45,296.65,296.2,296.5,58680
2026-04-30 05:25:00,296.4,296.85,296.3,296.75,45124
2026-04-30 05:30:00,296.75,297.15,296.4,296.45,64653
2026-04-30 05:35:00,296.45,296.9,296.25,296.5,93085
2026-04-30 05:40:00,296.35,296.4,295.55,295.55,158320
2026-04-30 05:45:00,295.65,296.0,295.55,295.95,80312
2026-04-30 05:50:00,295.95,296.25,295.75,296.05,63015
2026-04-30 05:55:00,296.0,296.6,295.95,296.5,72465
2026-04-30 06:00:00,296.5,296.9,296.05,296.8,76200
2026-04-30 06:05:00,296.8,297.55,296.8,297.55,154867
2026-04-30 06:10:00,297.5,298.1,297.35,297.9,290875
2026-04-30 06:15:00,297.8,298.9,297.35,298.8,308673
2026-04-30 06:20:00,298.8,298.85,297.95,298.7,315797
2026-04-30 06:25:00,298.85,298.9,298.25,298.5,125382
2026-04-30 06:30:00,298.6,298.75,298.5,298.7,59142
2026-04-30 06:35:00,298.6,298.65,298.2,298.2,202670
2026-04-30 06:40:00,298.2,298.7,298.1,298.65,65658
2026-04-30 06:45:00,298.75,298.85,298.5,298.6,70962
2026-04-30 06:50:00,298.5,298.9,298.45,298.9,61063
2026-04-30 06:55:00,298.8,299.9,298.75,299.9,133010
2026-04-30 07:00:00,299.8,299.95,299.5,299.7,77168
2026-04-30 07:05:00,299.75,300.0,299.45,299.85,219580
2026-04-30 07:10:00,299.8,300.95,299.7,300.9,231396
2026-04-30 07:15:00,300.95,301.25,300.7,300.85,95072
2026-04-30 07:20:00,300.85,301.3,300.8,301.0,100840
2026-04-30 07:25:00,301.0,301.1,300.3,300.95,104989
2026-04-30 07:30:00,300.85,301.1,300.75,300.9,49362
2026-04-30 07:35:00,300.85,300.9,300.55,300.65,40900
2026-04-30 07:40:00,300.8,300.8,300.4,300.45,37635
2026-04-30 07:45:00,300.5,300.6,300.2,300.3,47567
2026-04-30 07:50:00,300.3,300.4,300.05,300.05,53495
2026-04-30 07:55:00,300.05,300.2,300.0,300.05,62320
2026-04-30 08:00:00,300.05,300.15,299.8,300.0,63005
2026-04-30 08:05:00,299.8,300.0,299.6,299.8,49768
2026-04-30 08:10:00,299.65,300.45,299.65,300.4,67862
2026-04-30 08:15:00,300.25,300.8,300.25,300.6,62253
2026-04-30 08:20:00,300.5,300.65,299.95,300.15,43663
2026-04-30 08:25:00,300.15,300.45,299.95,300.15,56663
2026-04-30 08:30:00,300.25,300.4,299.65,300.2,79650
2026-04-30 08:35:00,300.2,300.3,299.7,300.2,49065
2026-04-30 08:40:00,300.2,300.45,300.1,300.2,68162
2026-04-30 08:45:00,300.4,301.2,300.25,300.55,130949
2026-04-30 08:50:00,300.55,301.0,300.25,300.8,68649
2026-04-30 08:55:00,300.8,301.4,300.6,301.3,133397
2026-04-30 09:00:00,301.25,302.0,301.15,302.0,114680
2026-04-30 09:05:00,302.0,302.35,301.65,302.0,137667
2026-04-30 09:10:00,301.95,302.25,301.85,301.95,122108
2026-04-30 09:15:00,301.95,302.0,301.35,301.35,128419
2026-04-30 09:20:00,301.5,301.8,301.05,301.6,155930
2026-04-30 09:25:00,301.7,302.1,301.3,301.75,200215
2026-04-30 09:30:00,301.75,301.8,299.65,300.5,664037
2026-04-30 09:35:00,300.5,300.95,300.2,300.8,548203
2026-04-30 09:40:00,300.65,301.05,300.45,301.05,544045
2026-04-30 09:45:00,300.85,301.0,300.4,300.5,541343
2026-04-30 09:50:00,300.5,300.6,299.7,300.2,641755
2026-04-30 09:55:00,300.25,301.7,300.05,301.7,467738
2026-05-04 03:45:00,302.5,305.1,300.55,301.1,617925
2026-05-04 03:50:00,301.1,302.05,300.65,300.8,217322
2026-05-04 03:55:00,300.8,301.0,300.1,300.65,185311
2026-05-04 04:00:00,300.75,302.8,300.65,302.75,244622
2026-05-04 04:05:00,302.9,303.8,302.25,303.75,245737
2026-05-04 04:10:00,303.7,304.15,303.35,303.85,179787
2026-05-04 04:15:00,303.85,304.35,303.7,304.1,99305
2026-05-04 04:20:00,304.1,304.2,303.5,303.65,113867
2026-05-04 04:25:00,303.5,303.9,303.35,303.6,93691
2026-05-04 04:30:00,303.5,304.05,303.1,303.5,117411
2026-05-04 04:35:00,303.4,303.8,303.15,303.2,96482
2026-05-04 04:40:00,303.2,303.6,303.1,303.15,74720
2026-05-04 04:45:00,303.3,303.5,302.6,302.7,125098
2026-05-04 04:50:00,302.7,303.25,302.6,302.6,92113
2026-05-04 04:55:00,302.6,303.25,302.55,303.0,127499
2026-05-04 05:00:00,303.05,303.25,302.65,302.8,86367
2026-05-04 05:05:00,302.8,303.0,302.6,302.9,86429
2026-05-04 05:10:00,302.9,303.05,302.4,302.5,123860
2026-05-04 05:15:00,302.5,302.75,302.3,302.75,78110
2026-05-04 05:20:00,302.75,303.1,302.55,302.65,65149
2026-05-04 05:25:00,302.65,302.95,302.4,302.45,49378
2026-05-04 05:30:00,302.55,303.2,302.45,302.85,88338
2026-05-04 05:35:00,302.9,303.9,302.5,303.8,151272
2026-05-04 05:40:00,303.75,304.05,303.5,304.0,85181
2026-05-04 05:45:00,304.0,304.35,303.5,303.85,79459
2026-05-04 05:50:00,303.85,304.45,303.65,304.15,96322
2026-05-04 05:55:00,304.2,305.9,303.95,305.5,256041
2026-05-04 06:00:00,305.65,305.7,304.8,304.85,97167
2026-05-04 06:05:00,304.85,305.15,304.85,305.0,65318
2026-05-04 06:10:00,305.05,305.1,304.7,305.1,103269
2026-05-04 06:15:00,305.0,305.4,304.85,305.35,73105
2026-05-04 06:20:00,305.35,305.45,305.2,305.4,38068
2026-05-04 06:25:00,305.4,305.6,305.0,305.1,84755
2026-05-04 06:30:00,305.1,305.2,305.0,305.05,46312
2026-05-04 06:35:00,305.0,305.05,304.6,305.0,341172
2026-05-04 06:40:00,304.8,304.8,304.15,304.15,106678
2026-05-04 06:45:00,304.15,305.05,303.8,305.0,283525
2026-05-04 06:50:00,305.1,305.15,304.6,304.95,401037
2026-05-04 06:55:00,304.9,305.8,304.7,305.2,189092
2026-05-04 07:00:00,305.25,305.25,303.35,303.35,107331
2026-05-04 07:05:00,303.35,304.8,303.3,304.4,332002
2026-05-04 07:10:00,304.35,304.45,303.55,303.55,54544
2026-05-04 07:15:00,303.55,303.95,303.2,303.2,49802
2026-05-04 07:20:00,303.3,303.45,302.7,302.9,126526
2026-05-04 07:25:00,302.9,303.0,302.7,302.85,83311
2026-05-04 07:30:00,302.95,302.95,302.4,302.55,67737
2026-05-04 07:35:00,302.55,302.75,302.15,302.75,68368
2026-05-04 07:40:00,302.75,302.75,302.6,302.6,30243
2026-05-04 07:45:00,302.65,302.75,302.25,302.65,69820
2026-05-04 07:50:00,302.65,302.65,301.65,301.9,77342
2026-05-04 07:55:00,301.9,302.15,301.4,301.4,42512
2026-05-04 08:00:00,301.35,301.85,301.15,301.4,55265
2026-05-04 08:05:00,301.5,301.85,301.4,301.75,48312
2026-05-04 08:10:00,301.75,302.65,301.75,302.15,57805
2026-05-04 08:15:00,302.2,302.2,301.8,302.0,38978
2026-05-04 08:20:00,302.1,302.45,301.75,301.85,47732
2026-05-04 08:25:00,301.9,302.0,301.55,301.85,26826
2026-05-04 08:30:00,302.0,302.05,301.5,301.6,52407
2026-05-04 08:35:00,301.65,301.85,301.6,301.8,46480
2026-05-04 08:40:00,301.8,302.75,301.8,302.45,65675
2026-05-04 08:45:00,302.55,303.0,302.4,302.9,60125
2026-05-04 08:50:00,302.95,303.1,302.4,302.8,73927
2026-05-04 08:55:00,302.8,302.8,302.45,302.75,41013
2026-05-04 09:00:00,302.8,302.85,302.4,302.45,38902
2026-05-04 09:05:00,302.45,302.65,302.35,302.5,43103
2026-05-04 09:10:00,302.5,302.6,301.95,302.35,71317
2026-05-04 09:15:00,302.35,302.4,301.9,302.0,60672
2026-05-04 09:20:00,302.0,302.1,301.65,301.9,82347
2026-05-04 09:25:00,301.9,301.95,301.6,301.65,71641
2026-05-04 09:30:00,301.65,301.7,301.15,301.6,168523
2026-05-04 09:35:00,301.6,301.85,301.5,301.6,140491
2026-05-04 09:40:00,301.7,301.8,301.35,301.5,216708
2026-05-04 09:45:00,301.5,301.55,301.25,301.5,213269
2026-05-04 09:50:00,301.5,301.7,301.3,301.55,184248
2026-05-04 09:55:00,301.7,303.15,301.7,302.9,242624
2026-05-05 03:45:00,300.25,300.45,297.3,297.85,535428
2026-05-05 03:50:00,297.75,299.7,296.75,299.1,394392
2026-05-05 03:55:00,299.15,299.3,297.8,297.9,183089
2026-05-05 04:00:00,298.0,299.15,297.45,298.85,188722
2026-05-05 04:05:00,298.8,299.0,297.55,297.95,164284
2026-05-05 04:10:00,297.95,299.9,297.7,299.85,311343
2026-05-05 04:15:00,299.9,299.95,298.75,298.95,208764
2026-05-05 04:20:00,298.95,299.2,298.4,298.7,116091
2026-05-05 04:25:00,298.75,298.75,298.2,298.7,87913
2026-05-05 04:30:00,298.65,298.95,298.2,298.25,98304
2026-05-05 04:35:00,298.3,298.55,297.55,298.3,206480
2026-05-05 04:40:00,298.3,298.35,298.0,298.15,92338
2026-05-05 04:45:00,298.1,298.4,298.0,298.35,128687
2026-05-05 04:50:00,298.35,298.35,297.5,297.8,161088
2026-05-05 04:55:00,297.8,297.8,296.95,297.05,129315
2026-05-05 05:00:00,297.05,297.65,296.9,297.25,157955
2026-05-05 05:05:00,297.2,297.3,296.1,296.25,477381
2026-05-05 05:10:00,296.35,296.35,295.4,295.6,210675
2026-05-05 05:15:00,295.65,295.9,295.4,295.9,79430
2026-05-05 05:20:00,295.9,295.95,294.85,295.25,190564
2026-05-05 05:25:00,295.2,295.3,294.65,294.9,128326
2026-05-05 05:30:00,294.8,295.0,294.6,294.95,96082
2026-05-05 05:35:00,294.9,295.1,294.75,294.8,95689
2026-05-05 05:40:00,294.85,295.05,294.65,294.9,87358
2026-05-05 05:45:00,295.0,295.2,294.45,294.6,113833
2026-05-05 05:50:00,294.7,294.7,294.25,294.3,84426
2026-05-05 05:55:00,294.4,294.4,294.1,294.25,76151
2026-05-05 06:00:00,294.2,294.45,294.0,294.2,79762
2026-05-05 06:05:00,294.2,294.5,294.1,294.2,59338
2026-05-05 06:10:00,294.2,294.25,293.8,293.95,136391
2026-05-05 06:15:00,293.85,294.05,293.3,293.85,408189
2026-05-05 06:20:00,293.85,294.05,293.4,293.45,112342
2026-05-05 06:25:00,293.55,294.0,293.3,293.95,357881
2026-05-05 06:30:00,293.95,296.3,293.8,296.0,1007627
2026-05-05 06:35:00,296.0,296.45,295.5,296.25,316094
2026-05-05 06:40:00,296.3,296.5,296.1,296.3,79404
2026-05-05 06:45:00,296.3,296.95,296.25,296.9,89468
2026-05-05 06:50:00,296.85,297.15,296.8,296.95,103393
2026-05-05 06:55:00,297.0,297.5,296.55,296.6,223506
2026-05-05 07:00:00,296.6,296.7,296.4,296.55,49760
2026-05-05 07:05:00,296.65,296.95,296.55,296.9,62105
2026-05-05 07:10:00,296.9,298.0,296.5,297.4,355110
2026-05-05 07:15:00,297.4,297.9,297.25,297.8,64456
2026-05-05 07:20:00,297.9,299.35,297.9,298.3,408802
2026-05-05 07:25:00,298.3,298.75,298.25,298.7,146136
2026-05-05 07:30:00,298.7,298.9,298.2,298.25,56936
2026-05-05 07:35:00,298.35,298.7,298.15,298.25,104607
2026-05-05 07:40:00,298.25,299.3,298.2,299.25,110688
2026-05-05 07:45:00,299.15,299.35,298.4,298.55,136010
2026-05-05 07:50:00,298.55,299.35,298.5,298.8,147786
2026-05-05 07:55:00,298.8,299.0,298.45,298.75,59707
2026-05-05 08:00:00,298.75,299.05,298.45,298.75,80119
2026-05-05 08:05:00,298.9,299.15,298.5,298.55,56332
2026-05-05 08:10:00,298.65,299.9,298.5,299.8,283104
2026-05-05 08:15:00,299.8,300.1,299.35,299.65,101294
2026-05-05 08:20:00,299.6,299.7,298.8,298.95,35220
2026-05-05 08:25:00,298.95,299.4,298.9,299.25,41509
2026-05-05 08:30:00,299.15,299.3,298.6,298.6,43360
2026-05-05 08:35:00,298.75,299.15,298.35,298.9,228392
2026-05-05 08:40:00,298.95,299.05,298.55,298.75,32368
2026-05-05 08:45:00,298.8,299.1,298.45,298.75,153773
2026-05-05 08:50:00,298.85,299.05,298.5,298.95,65174
2026-05-05 08:55:00,298.95,299.4,298.65,299.35,73383
2026-05-05 09:00:00,299.4,299.45,299.0,299.0,65824
2026-05-05 09:05:00,299.2,299.4,298.95,299.15,82898
2026-05-05 09:10:00,299.2,299.45,298.9,298.9,90461
2026-05-05 09:15:00,299.0,299.0,298.55,298.7,50554
2026-05-05 09:20:00,298.6,298.8,298.25,298.6,79128
2026-05-05 09:25:00,298.65,298.7,298.1,298.25,75135
2026-05-05 09:30:00,298.25,298.7,298.05,298.6,136650
2026-05-05 09:35:00,298.6,299.1,298.4,299.05,134790
2026-05-05 09:40:00,299.0,299.05,298.15,298.35,219998
2026-05-05 09:45:00,298.4,298.5,298.2,298.4,165403
2026-05-05 09:50:00,298.4,298.75,298.2,298.4,334947
2026-05-05 09:55:00,298.4,299.5,298.35,299.45,302716
2026-05-06 03:45:00,304.7,304.7,301.85,301.95,1055814
2026-05-06 03:50:00,302.05,304.8,302.0,304.7,339456
2026-05-06 03:55:00,304.75,305.35,304.35,304.8,258323
2026-05-06 04:00:00,304.85,304.85,303.5,303.55,234737
2026-05-06 04:05:00,303.5,303.6,302.95,303.4,230101
2026-05-06 04:10:00,303.5,304.3,303.3,304.3,142946
2026-05-06 04:15:00,304.45,304.85,303.55,303.55,345285
2026-05-06 04:20:00,303.55,303.85,303.3,303.55,95786
2026-05-06 04:25:00,303.55,303.55,303.25,303.35,129326
2026-05-06 04:30:00,303.4,303.55,303.05,303.05,101889
2026-05-06 04:35:00,303.05,303.15,302.8,303.05,150477
2026-05-06 04:40:00,303.05,303.25,302.95,303.2,79829
2026-05-06 04:45:00,303.2,303.55,303.0,303.5,95579
2026-05-06 04:50:00,303.45,303.5,302.9,303.05,77687
2026-05-06 04:55:00,303.1,303.35,303.05,303.25,61896
2026-05-06 05:00:00,303.25,303.25,302.7,302.7,101994
2026-05-06 05:05:00,302.7,303.05,302.6,302.75,77990
2026-05-06 05:10:00,302.75,303.15,302.7,302.95,60294
2026-05-06 05:15:00,302.9,302.95,302.75,302.85,51297
2026-05-06 05:20:00,302.85,303.65,302.7,303.3,92662
2026-05-06 05:25:00,303.35,303.6,303.15,303.15,60198
2026-05-06 05:30:00,303.1,304.15,303.05,304.05,340056
2026-05-06 05:35:00,304.05,304.35,304.0,304.05,256515
2026-05-06 05:40:00,304.1,304.85,304.0,304.55,129694
2026-05-06 05:45:00,304.5,304.6,304.4,304.4,35492
2026-05-06 05:50:00,304.4,304.75,304.3,304.55,86897
2026-05-06 05:55:00,304.55,304.7,304.5,304.65,83019
2026-05-06 06:00:00,304.6,305.3,304.6,305.0,156009
2026-05-06 06:05:00,305.0,305.15,304.8,304.8,93851
2026-05-06 06:10:00,304.85,305.15,304.6,305.1,105652
2026-05-06 06:15:00,305.05,305.7,305.0,305.55,144288
2026-05-06 06:20:00,305.6,305.9,305.6,305.6,141147
2026-05-06 06:25:00,305.65,305.7,305.5,305.55,42038
2026-05-06 06:30:00,305.55,305.75,305.3,305.3,124094
2026-05-06 06:35:00,305.35,306.6,305.3,306.15,174467
2026-05-06 06:40:00,306.15,306.35,306.1,306.35,54458
2026-05-06 06:45:00,306.3,306.7,306.0,306.5,283276
2026-05-06 06:50:00,306.65,306.65,305.65,306.2,125826
2026-05-06 06:55:00,306.25,306.75,306.1,306.75,100630
2026-05-06 07:00:00,306.75,307.0,306.2,306.25,120304
2026-05-06 07:05:00,306.2,306.25,305.4,305.55,67120
2026-05-06 07:10:00,305.5,305.6,305.2,305.2,86386
2026-05-06 07:15:00,305.2,305.4,305.2,305.4,51071
2026-05-06 07:20:00,305.35,305.4,304.7,304.9,142797
2026-05-06 07:25:00,304.9,305.15,304.85,305.1,58382
2026-05-06 07:30:00,305.1,305.55,305.05,305.35,132078
2026-05-06 07:35:00,305.35,306.05,305.3,306.05,74998
2026-05-06 07:40:00,306.05,306.45,305.75,305.85,85948
2026-05-06 07:45:00,305.9,306.15,305.6,306.05,62701
2026-05-06 07:50:00,306.0,306.4,306.0,306.2,75856
2026-05-06 07:55:00,306.2,306.55,306.2,306.25,62995
2026-05-06 08:00:00,306.25,309.5,306.2,308.25,633033
2026-05-06 08:05:00,308.15,309.3,307.7,308.25,195010
2026-05-06 08:10:00,308.2,310.8,307.9,310.55,574215
2026-05-06 08:15:00,310.5,311.2,309.5,309.5,413234
2026-05-06 08:20:00,309.55,310.9,309.25,310.8,164815
2026-05-06 08:25:00,310.8,311.4,310.0,311.1,580433
2026-05-06 08:30:00,311.2,312.0,310.5,311.4,398920
2026-05-06 08:35:00,311.3,312.85,311.2,311.6,306751
2026-05-06 08:40:00,311.5,312.3,311.5,312.0,146705
2026-05-06 08:45:00,312.05,312.05,311.05,311.05,322364
2026-05-06 08:50:00,311.1,314.25,311.1,313.9,435715
2026-05-06 08:55:00,313.95,314.65,312.7,314.55,392913
2026-05-06 09:00:00,314.6,315.35,314.0,314.95,622380
2026-05-06 09:05:00,314.75,316.6,314.05,314.85,641947
2026-05-06 09:10:00,314.7,315.85,314.5,315.7,298652
2026-05-06 09:15:00,315.55,315.9,313.85,313.9,319348
2026-05-06 09:20:00,313.9,314.05,313.25,314.05,290775
2026-05-06 09:25:00,314.05,314.1,313.7,313.75,160119
2026-05-06 09:30:00,313.8,313.9,312.6,313.2,394769
2026-05-06 09:35:00,313.1,313.45,313.1,313.4,245416
2026-05-06 09:40:00,313.45,313.75,313.3,313.55,308882
2026-05-06 09:45:00,313.55,314.95,313.5,314.85,698784
2026-05-06 09:50:00,314.95,315.0,314.5,314.5,601503
2026-05-06 09:55:00,314.55,314.95,314.4,314.7,375528
2026-05-07 03:45:00,315.7,316.95,311.55,312.85,922212
2026-05-07 03:50:00,312.85,313.35,312.35,312.85,152944
2026-05-07 03:55:00,312.9,312.9,311.75,312.15,210694
2026-05-07 04:00:00,312.35,312.45,310.3,310.35,333883
2026-05-07 04:05:00,310.4,310.75,310.1,310.55,242372
2026-05-07 04:10:00,310.5,311.3,310.2,310.5,232982
2026-05-07 04:15:00,310.55,310.55,309.65,309.75,203016
2026-05-07 04:20:00,309.85,309.85,308.25,308.4,319224
2026-05-07 04:25:00,308.35,308.45,308.05,308.05,114315
2026-05-07 04:30:00,307.95,308.3,307.6,308.15,177586
2026-05-07 04:35:00,308.1,308.1,307.25,307.8,188120
2026-05-07 04:40:00,307.8,308.2,307.65,307.75,107961
2026-05-07 04:45:00,307.7,308.5,307.3,307.6,291478
2026-05-07 04:50:00,307.65,307.7,307.0,307.2,131293
2026-05-07 04:55:00,307.2,308.1,307.15,308.05,210531
2026-05-07 05:00:00,308.05,308.75,307.4,307.5,353392
2026-05-07 05:05:00,307.4,307.95,307.3,307.95,88497
2026-05-07 05:10:00,307.9,308.8,307.6,308.65,436262
2026-05-07 05:15:00,308.8,310.05,308.15,309.5,1483302
2026-05-07 05:20:00,309.3,309.4,307.85,307.9,495170
2026-05-07 05:25:00,307.95,308.1,307.35,307.4,153335
2026-05-07 05:30:00,307.5,307.55,306.65,306.85,212367
2026-05-07 05:35:00,306.95,307.05,306.5,306.85,122846
2026-05-07 05:40:00,306.7,307.95,306.55,307.0,924994
2026-05-07 05:45:00,307.0,307.2,306.75,306.8,78142
2026-05-07 05:50:00,306.8,306.9,306.5,306.75,84352
2026-05-07 05:55:00,306.75,306.9,306.65,306.75,52054
2026-05-07 06:00:00,306.7,306.7,306.3,306.4,90392
2026-05-07 06:05:00,306.4,306.45,306.3,306.35,51479
2026-05-07 06:10:00,306.4,306.4,305.3,305.4,240226
2026-05-07 06:15:00,305.3,305.65,305.1,305.55,130972
2026-05-07 06:20:00,305.75,305.95,305.45,305.55,87997
2026-05-07 06:25:00,305.5,306.0,305.35,305.8,94876
2026-05-07 06:30:00,305.85,306.2,305.75,305.9,75809
2026-05-07 06:35:00,305.9,306.15,305.7,305.9,209086
2026-05-07 06:40:00,305.9,306.0,305.55,305.65,74282
2026-05-07 06:45:00,305.65,306.15,305.6,306.0,126750
2026-05-07 06:50:00,306.0,306.55,306.0,306.5,173495
2026-05-07 06:55:00,306.5,307.55,306.3,307.5,176465
2026-05-07 07:00:00,307.45,308.05,306.65,307.2,191311
2026-05-07 07:05:00,307.1,309.3,306.85,309.0,368616
2026-05-07 07:10:00,308.9,310.25,308.55,309.25,548763
2026-05-07 07:15:00,309.25,312.0,308.7,311.2,1140687
2026-05-07 07:20:00,311.45,311.75,307.6,308.9,484212
2026-05-07 07:25:00,308.9,309.9,308.5,309.4,226545
2026-05-07 07:30:00,309.3,310.7,309.25,309.6,329417
2026-05-07 07:35:00,309.55,310.3,308.15,308.4,157656
2026-05-07 07:40:00,308.55,308.9,308.05,308.45,108002
2026-05-07 07:45:00,308.3,308.9,307.3,307.8,161747
2026-05-07 07:50:00,307.8,308.15,307.7,308.0,100277
2026-05-07 07:55:00,307.95,308.15,307.6,307.9,57966
2026-05-07 08:00:00,307.95,308.65,307.9,308.4,89940
2026-05-07 08:05:00,308.45,308.85,308.0,308.55,220222
2026-05-07 08:10:00,308.6,309.35,308.5,308.95,111500
2026-05-07 08:15:00,308.95,309.05,308.7,309.05,69165
2026-05-07 08:20:00,309.05,309.15,308.8,309.0,65410
2026-05-07 08:25:00,309.0,309.05,308.4,308.5,158050
2026-05-07 08:30:00,308.5,308.75,308.45,308.55,64711
2026-05-07 08:35:00,308.55,309.55,308.5,309.55,109949
2026-05-07 08:40:00,309.55,309.6,309.0,309.35,90806
2026-05-07 08:45:00,309.35,309.35,309.0,309.15,103267
2026-05-07 08:50:00,309.2,309.4,309.1,309.4,98664
2026-05-07 08:55:00,309.45,309.45,309.15,309.3,105487
2026-05-07 09:00:00,309.3,309.45,309.1,309.3,159737
2026-05-07 09:05:00,309.3,309.35,308.6,308.6,147139
2026-05-07 09:10:00,308.6,308.7,308.25,308.3,109606
2026-05-07 09:15:00,308.35,308.85,308.0,308.25,237975
2026-05-07 09:20:00,308.25,308.4,307.85,308.05,129221
2026-05-07 09:25:00,308.0,308.2,307.95,308.15,195231
2026-05-07 09:30:00,308.15,308.45,307.55,307.75,369021
2026-05-07 09:35:00,307.9,307.95,307.35,307.65,224133
2026-05-07 09:40:00,307.7,307.75,307.25,307.4,270142
2026-05-07 09:45:00,307.3,307.8,307.2,307.6,300906
2026-05-07 09:50:00,307.65,307.7,307.3,307.4,372275
2026-05-07 09:55:00,307.4,308.35,307.25,308.2,407122
2026-05-08 03:45:00,306.0,306.35,303.75,304.35,711825
2026-05-08 03:50:00,304.35,304.45,303.25,303.55,350017
2026-05-08 03:55:00,303.65,304.0,303.5,304.0,152614
2026-05-08 04:00:00,303.95,304.1,303.3,303.75,224577
2026-05-08 04:05:00,303.6,303.75,302.7,302.7,233669
2026-05-08 04:10:00,302.65,302.65,302.15,302.15,210121
2026-05-08 04:15:00,302.05,302.5,301.8,302.5,285372
2026-05-08 04:20:00,302.5,302.8,302.2,302.6,146469
2026-05-08 04:25:00,302.75,303.05,302.7,303.0,140259
2026-05-08 04:30:00,302.95,303.1,302.55,303.0,214209
2026-05-08 04:35:00,302.95,303.0,302.8,302.9,72908
2026-05-08 04:40:00,302.95,303.1,302.65,303.0,146301
2026-05-08 04:45:00,303.0,303.0,302.6,302.65,104175
2026-05-08 04:50:00,302.65,302.95,302.6,302.85,75020
2026-05-08 04:55:00,302.9,303.1,302.85,303.0,125603
2026-05-08 05:00:00,303.05,304.7,303.0,304.7,311541
2026-05-08 05:05:00,304.6,305.15,304.05,304.65,421981
2026-05-08 05:10:00,304.75,305.85,304.65,304.95,308924
2026-05-08 05:15:00,304.95,305.0,304.2,304.35,107093
2026-05-08 05:20:00,304.35,304.45,304.05,304.05,70656
2026-05-08 05:25:00,304.05,305.0,304.05,305.0,350518
2026-05-08 05:30:00,305.05,305.4,304.8,305.3,112457
2026-05-08 05:35:00,305.3,305.35,305.0,305.0,86391
2026-05-08 05:40:00,305.0,305.2,304.7,305.2,285075
2026-05-08 05:45:00,305.2,305.2,304.55,304.6,265320
2026-05-08 05:50:00,304.6,305.25,304.45,304.75,331950
2026-05-08 05:55:00,304.75,304.75,304.25,304.35,50887
2026-05-08 06:00:00,304.3,304.6,304.0,304.6,134327
2026-05-08 06:05:00,304.6,304.7,304.5,304.55,153350
2026-05-08 06:10:00,304.55,305.05,304.15,305.05,200862
2026-05-08 06:15:00,305.05,305.15,304.7,304.7,203550
2026-05-08 06:20:00,304.75,304.9,304.5,304.8,69465
2026-05-08 06:25:00,304.8,304.8,304.3,304.4,110060
2026-05-08 06:30:00,304.4,304.45,304.05,304.45,63426
2026-05-08 06:35:00,304.45,304.45,303.5,303.6,86425
2026-05-08 06:40:00,303.6,303.65,303.3,303.35,111714
2026-05-08 06:45:00,303.3,303.4,303.1,303.35,59619
2026-05-08 06:50:00,303.35,303.5,303.2,303.3,35890
2026-05-08 06:55:00,303.3,303.6,303.3,303.6,48957
2026-05-08 07:00:00,303.6,303.65,303.2,303.3,61327
2026-05-08 07:05:00,303.35,303.35,302.85,303.0,181420
2026-05-08 07:10:00,302.9,303.0,302.8,302.8,52349
2026-05-08 07:15:00,302.8,302.85,302.3,302.7,234960
2026-05-08 07:20:00,302.7,302.95,302.35,302.75,79101
2026-05-08 07:25:00,302.7,302.8,302.4,302.45,55918
2026-05-08 07:30:00,302.45,302.55,302.35,302.4,38201
2026-05-08 07:35:00,302.4,302.5,302.1,302.2,83762
2026-05-08 07:40:00,302.25,302.6,302.25,302.55,62050
2026-05-08 07:45:00,302.55,302.55,302.25,302.25,40703
2026-05-08 07:50:00,302.3,302.55,302.25,302.45,58527
2026-05-08 07:55:00,302.45,302.95,302.25,302.8,57509
2026-05-08 08:00:00,302.8,302.95,302.35,302.7,62462
2026-05-08 08:05:00,302.65,302.85,302.2,302.2,80979
2026-05-08 08:10:00,302.3,302.5,301.8,301.9,237631
2026-05-08 08:15:00,301.95,302.0,301.6,301.8,88475
2026-05-08 08:20:00,301.8,302.0,301.7,301.95,82686
2026-05-08 08:25:00,301.9,302.0,301.4,301.45,115511
2026-05-08 08:30:00,301.4,301.95,301.4,301.95,130468
2026-05-08 08:35:00,301.85,302.2,301.65,302.15,109946
2026-05-08 08:40:00,302.2,302.2,301.6,301.85,113584
2026-05-08 08:45:00,301.85,302.0,301.75,301.95,47374
2026-05-08 08:50:00,301.95,302.0,301.75,302.0,81842
2026-05-08 08:55:00,302.0,302.3,301.85,302.3,52426
2026-05-08 09:00:00,302.3,302.7,302.25,302.45,149623
2026-05-08 09:05:00,302.4,302.8,302.4,302.75,87723
2026-05-08 09:10:00,302.75,303.7,302.65,303.35,264077
2026-05-08 09:15:00,303.3,303.45,303.0,303.4,112754
2026-05-08 09:20:00,303.4,303.45,303.1,303.35,127358
2026-05-08 09:25:00,303.3,303.4,302.8,302.85,147762
2026-05-08 09:30:00,302.85,302.85,302.4,302.55,215387
2026-05-08 09:35:00,302.5,303.05,302.5,302.95,219014
2026-05-08 09:40:00,302.9,302.95,302.55,302.65,155790
2026-05-08 09:45:00,302.65,302.85,302.55,302.65,255896
2026-05-08 09:50:00,302.65,302.9,302.3,302.8,324905
2026-05-08 09:55:00,302.75,303.3,302.65,303.2,272536
2026-05-11 03:45:00,298.75,299.4,296.35,297.15,644671
2026-05-11 03:50:00,297.15,297.75,296.5,297.5,235855
2026-05-11 03:55:00,297.5,297.55,296.85,297.4,169854
2026-05-11 04:00:00,297.3,297.4,296.2,296.35,164332
2026-05-11 04:05:00,296.2,296.3,294.65,294.7,261814
2026-05-11 04:10:00,294.7,295.3,294.5,294.75,203278
2026-05-11 04:15:00,294.8,295.0,294.35,295.0,124594
2026-05-11 04:20:00,295.0,295.0,294.1,294.65,148428
2026-05-11 04:25:00,294.65,294.9,294.35,294.8,116378
2026-05-11 04:30:00,294.8,295.0,294.5,294.75,88877
2026-05-11 04:35:00,294.85,294.85,294.4,294.55,64251
2026-05-11 04:40:00,294.55,296.2,294.4,296.1,339715
2026-05-11 04:45:00,296.1,296.5,295.15,295.15,268704
2026-05-11 04:50:00,295.25,296.25,295.1,296.1,262471
2026-05-11 04:55:00,296.0,296.7,296.0,296.7,163374
2026-05-11 05:00:00,296.95,297.1,296.8,297.0,380227
2026-05-11 05:05:00,297.0,297.05,296.25,296.3,136172
2026-05-11 05:10:00,296.35,296.45,295.6,295.9,89480
2026-05-11 05:15:00,295.9,295.9,295.55,295.85,97002
2026-05-11 05:20:00,295.8,296.0,295.7,296.0,59294
2026-05-11 05:25:00,295.95,296.0,295.75,295.9,41495
2026-05-11 05:30:00,295.85,296.15,295.65,296.05,68428
2026-05-11 05:35:00,296.0,296.25,295.9,295.9,27943
2026-05-11 05:40:00,295.9,297.0,295.8,296.5,331673
2026-05-11 05:45:00,296.5,297.45,296.5,297.1,72809
2026-05-11 05:50:00,297.05,297.15,296.85,296.85,66789
2026-05-11 05:55:00,296.9,297.2,296.6,297.2,291266
2026-05-11 06:00:00,297.1,297.3,296.9,297.0,169452
2026-05-11 06:05:00,297.0,297.1,296.9,297.1,196129
2026-05-11 06:10:00,297.1,297.25,297.05,297.15,57926
2026-05-11 06:15:00,297.05,297.2,296.65,297.1,257281
2026-05-11 06:20:00,297.0,297.1,296.85,297.0,308019
2026-05-11 06:25:00,297.1,297.15,297.0,297.05,62750
2026-05-11 06:30:00,297.05,297.3,296.9,297.15,126708
2026-05-11 06:35:00,297.05,297.8,297.05,297.8,195453
2026-05-11 06:40:00,297.7,298.25,297.6,298.05,146699
2026-05-11 06:45:00,298.05,298.1,297.05,297.3,248063
2026-05-11 06:50:00,297.4,297.45,297.0,297.15,34104
2026-05-11 06:55:00,297.0,297.15,296.4,296.4,67876
2026-05-11 07:00:00,296.45,296.8,296.2,296.8,85563
2026-05-11 07:05:00,296.7,296.85,296.2,296.3,25203
2026-05-11 07:10:00,296.2,296.4,296.15,296.25,64614
2026-05-11 07:15:00,296.3,297.2,296.25,297.1,125183
2026-05-11 07:20:00,297.15,297.35,297.1,297.15,42174
2026-05-11 07:25:00,297.2,297.25,297.05,297.15,42620
2026-05-11 07:30:00,297.1,297.1,296.55,296.65,28582
2026-05-11 07:35:00,296.7,296.9,296.3,296.9,67260
2026-05-11 07:40:00,296.9,297.2,296.8,297.2,40694
2026-05-11 07:45:00,297.2,297.2,296.4,296.5,38458
2026-05-11 07:50:00,296.5,296.8,296.5,296.8,41060
2026-05-11 07:55:00,296.8,296.8,296.6,296.6,31990
2026-05-11 08:00:00,296.65,296.7,296.3,296.35,27096
2026-05-11 08:05:00,296.35,296.85,296.3,296.6,127952
2026-05-11 08:10:00,296.45,296.6,296.2,296.5,84847
2026-05-11 08:15:00,296.4,296.95,296.4,296.85,103435
2026-05-11 08:20:00,296.9,297.2,296.8,297.15,93299
2026-05-11 08:25:00,297.15,297.2,296.85,297.0,46610
2026-05-11 08:30:00,297.0,297.05,296.7,296.9,74892
2026-05-11 08:35:00,296.9,297.3,296.65,296.9,81116
2026-05-11 08:40:00,296.85,296.9,296.25,296.3,35192
2026-05-11 08:45:00,296.25,296.5,296.25,296.45,32222
2026-05-11 08:50:00,296.45,296.45,296.2,296.4,40991
2026-05-11 08:55:00,296.35,297.0,295.8,296.1,209728
2026-05-11 09:00:00,296.1,296.2,296.05,296.2,48770
2026-05-11 09:05:00,296.15,296.2,295.6,295.7,50601
2026-05-11 09:10:00,295.7,295.8,295.2,295.25,117385
2026-05-11 09:15:00,295.2,295.5,295.1,295.25,121589
2026-05-11 09:20:00,295.2,295.45,295.2,295.35,57529
2026-05-11 09:25:00,295.35,295.5,295.1,295.25,136299
2026-05-11 09:30:00,295.35,295.5,294.65,294.9,295633
2026-05-11 09:35:00,294.9,294.9,294.6,294.6,106405
2026-05-11 09:40:00,294.65,294.75,293.85,294.35,272951
2026-05-11 09:45:00,294.35,294.7,293.95,294.15,297916
2026-05-11 09:50:00,294.15,294.3,294.05,294.25,220268
2026-05-11 09:55:00,294.2,294.4,293.75,294.15,223512
2026-05-12 03:45:00,286.0,293.6,286.0,293.2,857874
2026-05-12 03:50:00,293.1,293.7,292.05,292.05,203122
2026-05-12 03:55:00,292.05,292.2,290.9,291.35,184276
2026-05-12 04:00:00,291.25,291.25,290.0,290.05,190066
2026-05-12 04:05:00,290.05,290.2,289.6,290.2,195684
2026-05-12 04:10:00,290.2,290.8,290.0,290.6,99276
2026-05-12 04:15:00,290.6,290.75,290.35,290.4,76180
2026-05-12 04:20:00,290.55,291.4,290.4,291.4,109597
2026-05-12 04:25:00,291.15,291.45,291.0,291.15,86277
2026-05-12 04:30:00,291.1,291.4,290.65,290.75,64744
2026-05-12 04:35:00,290.6,290.75,290.05,290.25,108470
2026-05-12 04:40:00,290.2,290.85,290.1,290.75,73022
2026-05-12 04:45:00,290.75,291.15,290.35,291.1,86842
2026-05-12 04:50:00,291.2,291.2,290.45,290.6,89714
2026-05-12 04:55:00,290.45,290.6,289.8,290.1,102908
2026-05-12 05:00:00,290.15,290.2,289.75,290.15,68477
2026-05-12 05:05:00,290.1,290.45,290.0,290.25,82438
2026-05-12 05:10:00,290.15,290.5,290.15,290.35,62681
2026-05-12 05:15:00,290.3,290.4,289.3,289.3,111042
2026-05-12 05:20:00,289.45,290.05,289.2,290.0,84567
2026-05-12 05:25:00,290.0,290.1,289.65,290.1,54525
2026-05-12 05:30:00,290.0,290.55,289.6,290.55,39447
2026-05-12 05:35:00,290.4,290.4,290.05,290.1,113026
2026-05-12 05:40:00,290.1,290.6,289.7,289.75,194303
2026-05-12 05:45:00,289.75,289.8,289.35,289.65,75361
2026-05-12 05:50:00,289.7,289.7,289.25,289.55,56148
2026-05-12 05:55:00,289.55,289.55,289.1,289.15,61646
2026-05-12 06:00:00,289.15,290.15,289.0,290.15,115014
2026-05-12 06:05:00,290.2,290.3,290.0,290.05,36055
2026-05-12 06:10:00,290.0,291.2,290.0,290.4,203524
2026-05-12 06:15:00,290.35,290.35,289.75,289.9,73887
2026-05-12 06:20:00,289.8,289.9,289.55,289.75,56200
2026-05-12 06:25:00,289.65,289.95,289.25,289.25,67885
2026-05-12 06:30:00,289.25,289.25,288.75,289.1,94154
2026-05-12 06:35:00,289.1,289.1,288.1,288.35,102631
2026-05-12 06:40:00,288.3,288.45,287.6,287.85,112249
2026-05-12 06:45:00,287.8,289.5,287.7,289.35,158478
2026-05-12 06:50:00,289.2,289.7,289.15,289.65,93446
2026-05-12 06:55:00,289.55,289.7,288.75,289.0,50132
2026-05-12 07:00:00,288.95,289.0,288.45,288.5,32799
2026-05-12 07:05:00,288.5,288.75,288.25,288.65,57561
2026-05-12 07:10:00,288.6,289.45,288.6,289.45,51118
2026-05-12 07:15:00,289.45,289.9,289.35,289.5,79948
2026-05-12 07:20:00,289.4,291.2,289.4,291.05,126513
2026-05-12 07:25:00,290.95,292.05,290.5,290.6,179323
2026-05-12 07:30:00,290.55,290.8,290.5,290.6,44792
2026-05-12 07:35:00,290.55,290.65,289.8,289.8,35537
2026-05-12 07:40:00,289.75,290.15,289.55,290.15,47727
2026-05-12 07:45:00,290.15,290.5,290.05,290.5,36921
2026-05-12 07:50:00,290.45,290.95,289.95,290.15,83596
2026-05-12 07:55:00,290.05,290.15,289.65,289.8,72305
2026-05-12 08:00:00,289.8,289.95,289.5,289.6,84909
2026-05-12 08:05:00,289.5,289.75,289.35,289.55,81850
2026-05-12 08:10:00,289.5,289.55,289.0,289.05,98426
2026-05-12 08:15:00,289.05,289.45,289.0,289.15,108379
2026-05-12 08:20:00,289.1,289.6,289.1,289.3,86062
2026-05-12 08:25:00,289.2,289.35,289.0,289.1,101208
2026-05-12 08:30:00,289.05,289.3,288.9,289.05,146162
2026-05-12 08:35:00,289.05,289.1,288.4,288.7,129565
2026-05-12 08:40:00,288.75,289.1,288.6,288.9,99699
2026-05-12 08:45:00,288.9,288.95,288.7,288.85,95401
2026-05-12 08:50:00,288.8,289.45,288.6,289.35,148442
2026-05-12 08:55:00,289.2,289.35,288.75,289.0,129966
2026-05-12 09:00:00,289.0,289.1,288.5,288.5,125742
2026-05-12 09:05:00,288.35,289.25,288.35,288.95,133342
2026-05-12 09:10:00,288.95,289.0,288.5,288.6,118507
2026-05-12 09:15:00,288.65,288.8,288.3,288.7,148311
2026-05-12 09:20:00,288.75,288.75,288.2,288.25,172342
2026-05-12 09:25:00,288.25,288.45,288.0,288.35,172736
2026-05-12 09:30:00,288.3,288.8,287.85,288.5,731734
2026-05-12 09:35:00,288.55,288.85,287.85,287.9,249667
2026-05-12 09:40:00,288.0,288.2,287.2,287.2,385925
2026-05-12 09:45:00,287.3,287.7,287.25,287.55,467842
2026-05-12 09:50:00,287.5,287.6,286.9,287.5,546156
2026-05-12 09:55:00,287.5,288.7,287.2,288.4,412220
2026-05-13 03:45:00,288.55,293.25,288.55,290.4,521771
2026-05-13 03:50:00,290.4,292.45,290.4,291.35,188230
2026-05-13 03:55:00,291.35,291.7,289.85,289.85,274855
2026-05-13 04:00:00,289.8,290.45,289.3,289.3,196540
2026-05-13 04:05:00,289.35,289.9,288.65,288.9,169270
2026-05-13 04:10:00,288.9,290.15,288.7,289.75,200090
2026-05-13 04:15:00,289.7,291.1,289.65,290.3,272619
2026-05-13 04:20:00,290.3,290.9,290.2,290.55,81411
2026-05-13 04:25:00,290.6,291.7,290.5,291.7,233075
2026-05-13 04:30:00,291.55,292.0,291.4,292.0,191905
2026-05-13 04:35:00,292.1,294.95,291.8,293.5,303628
2026-05-13 04:40:00,293.55,293.8,293.1,293.5,96953
2026-05-13 04:45:00,293.45,294.8,293.3,294.65,183159
2026-05-13 04:50:00,294.55,294.7,293.8,294.0,153769
2026-05-13 04:55:00,294.15,294.85,294.15,294.45,98070
2026-05-13 05:00:00,294.4,294.7,294.0,294.35,104682
2026-05-13 05:05:00,294.35,294.45,293.5,293.5,125312
2026-05-13 05:10:00,293.7,294.25,293.5,294.1,107815
2026-05-13 05:15:00,294.0,294.15,293.75,293.9,68997
2026-05-13 05:20:00,293.9,294.3,293.75,294.1,79036
2026-05-13 05:25:00,293.9,294.0,292.8,292.85,89228
2026-05-13 05:30:00,292.85,293.5,292.8,293.4,114685
2026-05-13 05:35:00,293.35,293.4,292.9,293.0,56954
2026-05-13 05:40:00,292.9,293.05,292.1,292.35,112090
2026-05-13 05:45:00,292.45,292.7,292.35,292.65,46694
2026-05-13 05:50:00,292.65,292.7,292.4,292.55,52578
2026-05-13 05:55:00,292.55,292.95,292.55,292.85,60699
2026-05-13 06:00:00,292.85,293.3,292.85,293.05,54876
2026-05-13 06:05:00,293.05,293.4,292.6,292.75,192641
2026-05-13 06:10:00,292.8,293.25,292.7,293.05,109426
2026-05-13 06:15:00,293.1,293.35,292.65,293.15,93085
2026-05-13 06:20:00,293.15,293.55,293.05,293.55,155705
2026-05-13 06:25:00,293.5,294.75,292.75,293.5,179269
2026-05-13 06:30:00,293.5,294.75,293.45,294.6,141457
2026-05-13 06:35:00,294.6,294.75,293.8,294.65,82613
2026-05-13 06:40:00,294.65,295.9,294.35,294.45,327677
2026-05-13 06:45:00,294.55,295.1,294.05,294.4,399201
2026-05-13 06:50:00,294.3,294.3,293.8,293.9,85516
2026-05-13 06:55:00,293.9,294.0,293.6,293.9,59352
2026-05-13 07:00:00,293.9,294.45,293.75,293.75,135883
2026-05-13 07:05:00,293.85,293.95,293.1,293.5,70912
2026-05-13 07:10:00,293.45,293.5,293.0,293.1,58274
2026-05-13 07:15:00,293.05,293.9,293.05,293.75,52148
2026-05-13 07:20:00,293.8,294.65,293.5,294.6,87397
2026-05-13 07:25:00,294.75,297.4,294.65,296.0,348842
2026-05-13 07:30:00,296.0,296.15,295.0,295.2,121392
2026-05-13 07:35:00,295.25,296.1,295.2,295.8,101435
2026-05-13 07:40:00,295.8,296.9,295.8,296.45,126567
2026-05-13 07:45:00,296.45,296.45,295.55,295.75,104413
2026-05-13 07:50:00,295.75,296.35,295.55,296.3,75672
2026-05-13 07:55:00,296.3,296.8,295.65,295.75,93072
2026-05-13 08:00:00,296.05,296.4,295.9,296.35,66021
2026-05-13 08:05:00,296.4,297.0,296.4,296.9,87211
2026-05-13 08:10:00,296.95,297.4,296.5,296.75,130599
2026-05-13 08:15:00,296.75,298.0,296.75,297.1,253743
2026-05-13 08:20:00,297.1,297.25,296.6,296.9,93546
2026-05-13 08:25:00,296.9,297.55,296.45,297.55,143522
2026-05-13 08:30:00,297.45,298.35,297.25,298.05,207295
2026-05-13 08:35:00,298.0,298.15,297.6,297.95,97851
2026-05-13 08:40:00,298.0,298.25,297.7,298.25,100082
2026-05-13 08:45:00,298.25,298.7,298.2,298.5,161870
2026-05-13 08:50:00,298.55,298.55,297.25,297.25,187144
2026-05-13 08:55:00,297.0,297.4,296.2,296.35,273333
2026-05-13 09:00:00,296.4,298.15,296.2,297.9,280516
2026-05-13 09:05:00,297.9,298.45,297.75,298.4,287477
2026-05-13 09:10:00,298.3,298.9,298.15,298.5,275355
2026-05-13 09:15:00,298.6,298.75,297.7,298.0,183136
2026-05-13 09:20:00,297.95,298.0,297.6,297.75,177941
2026-05-13 09:25:00,297.8,297.9,297.5,297.55,196041
2026-05-13 09:30:00,297.7,297.7,296.55,296.65,318213
2026-05-13 09:35:00,296.8,296.8,296.3,296.65,239552
2026-05-13 09:40:00,296.65,296.85,296.25,296.6,275435
2026-05-13 09:45:00,296.75,297.35,296.7,297.15,286557
2026-05-13 09:50:00,297.15,297.75,297.1,297.4,317769
2026-05-13 09:55:00,297.4,299.0,297.35,298.2,297188
2026-05-14 03:45:00,301.1,301.1,293.7,294.35,1224878
2026-05-14 03:50:00,294.4,296.9,294.2,296.65,291623
2026-05-14 03:55:00,296.7,296.7,295.6,296.05,144633
2026-05-14 04:00:00,296.1,296.1,294.05,294.85,232532
2026-05-14 04:05:00,294.75,294.85,294.25,294.4,108240
2026-05-14 04:10:00,294.4,294.9,293.55,293.8,184718
2026-05-14 04:15:00,293.75,295.25,293.6,294.7,270871
2026-05-14 04:20:00,294.7,294.85,292.65,293.3,449912
2026-05-14 04:25:00,293.3,293.45,291.8,293.0,315895
2026-05-14 04:30:00,293.0,293.4,292.65,293.1,109158
2026-05-14 04:35:00,293.05,293.6,293.05,293.3,114773
2026-05-14 04:40:00,293.45,293.55,292.85,293.5,89834
2026-05-14 04:45:00,293.55,294.25,293.35,294.2,122771
2026-05-14 04:50:00,294.3,294.3,293.4,294.1,91459
2026-05-14 04:55:00,294.1,294.1,293.6,293.7,71532
2026-05-14 05:00:00,293.6,294.0,293.45,294.0,73933
2026-05-14 05:05:00,294.05,294.35,294.0,294.2,59362
2026-05-14 05:10:00,294.2,294.25,293.7,293.8,119534
2026-05-14 05:15:00,293.85,293.9,293.3,293.4,68977
2026-05-14 05:20:00,293.4,293.9,293.2,293.2,74056
2026-05-14 05:25:00,293.25,293.55,292.4,292.45,185710
2026-05-14 05:30:00,292.45,292.7,291.25,291.35,210903
2026-05-14 05:35:00,291.25,291.9,291.15,291.4,94222
2026-05-14 05:40:00,291.5,291.65,291.3,291.65,57633
2026-05-14 05:45:00,291.55,291.95,291.4,291.75,63949
2026-05-14 05:50:00,291.75,292.9,291.7,292.25,98727
2026-05-14 05:55:00,292.35,292.45,291.95,292.2,39852
2026-05-14 06:00:00,292.25,292.9,292.1,292.45,132041
