timestamp,open,high,low,close,volume
2025-05-14 03:45:00,251.57,252.9,251.17,252.86,621760
2025-05-14 03:50:00,252.81,253.53,252.6,252.86,399500
2025-05-14 03:55:00,252.8,253.3,252.8,252.88,220595
2025-05-14 04:00:00,252.88,252.9,251.84,251.92,231491
2025-05-14 04:05:00,251.91,252.5,251.8,252.05,206021
2025-05-14 04:10:00,252.03,252.9,252.03,252.65,119398
2025-05-14 04:15:00,252.65,252.7,252.45,252.5,141765
2025-05-14 04:20:00,252.49,252.71,252.32,252.62,140773
2025-05-14 04:25:00,252.69,253.69,252.62,252.94,182143
2025-05-14 04:30:00,252.98,253.06,251.82,252.54,239002
2025-05-14 04:35:00,252.56,252.9,252.4,252.61,92992
2025-05-14 04:40:00,252.61,252.74,252.4,252.5,66471
2025-05-14 04:45:00,252.59,252.69,252.48,252.55,78425
2025-05-14 04:50:00,252.64,252.66,252.51,252.55,79675
2025-05-14 04:55:00,252.51,252.65,252.08,252.11,110491
2025-05-14 05:00:00,252.14,252.25,251.85,252.24,124497
2025-05-14 05:05:00,252.24,252.43,252.2,252.38,54504
2025-05-14 05:10:00,252.44,252.5,252.2,252.37,63549
2025-05-14 05:15:00,252.37,252.47,252.21,252.28,39417
2025-05-14 05:20:00,252.3,252.33,252.22,252.29,33825
2025-05-14 05:25:00,252.3,252.3,252.1,252.11,31387
2025-05-14 05:30:00,252.11,252.23,252.0,252.01,51252
2025-05-14 05:35:00,252.03,252.38,252.01,252.2,82745
2025-05-14 05:40:00,252.2,252.35,252.03,252.14,63032
2025-05-14 05:45:00,252.18,252.22,251.8,252.04,83842
2025-05-14 05:50:00,252.0,252.2,251.81,252.16,54593
2025-05-14 05:55:00,252.16,252.5,252.16,252.31,63844
2025-05-14 06:00:00,252.38,252.38,252.12,252.12,26104
2025-05-14 06:05:00,252.12,252.25,252.0,252.07,56014
2025-05-14 06:10:00,252.0,252.35,252.0,252.09,48299
2025-05-14 06:15:00,252.09,252.09,251.34,251.43,124796
2025-05-14 06:20:00,251.43,251.75,251.35,251.57,92530
2025-05-14 06:25:00,251.6,251.87,251.5,251.77,35257
2025-05-14 06:30:00,251.8,252.0,251.7,251.98,46549
2025-05-14 06:35:00,251.94,252.0,251.81,251.89,26815
2025-05-14 06:40:00,251.85,252.01,251.79,251.8,69501
2025-05-14 06:45:00,251.82,252.0,251.8,252.0,30437
2025-05-14 06:50:00,252.0,252.07,251.86,252.02,39681
2025-05-14 06:55:00,252.02,252.24,251.95,252.19,52944
2025-05-14 07:00:00,252.19,252.2,252.01,252.08,53040
2025-05-14 07:05:00,252.1,252.13,251.7,251.79,69476
2025-05-14 07:10:00,251.74,251.81,251.61,251.8,151318
2025-05-14 07:15:00,251.74,251.86,251.5,251.5,54767
2025-05-14 07:20:00,251.45,251.45,250.75,251.15,279522
2025-05-14 07:25:00,251.18,251.32,250.9,251.29,63107
2025-05-14 07:30:00,251.26,251.85,251.25,251.82,69308
2025-05-14 07:35:00,251.81,251.81,251.43,251.66,93503
2025-05-14 07:40:00,251.74,251.89,251.66,251.74,55109
2025-05-14 07:45:00,251.73,251.99,251.62,251.86,74676
2025-05-14 07:50:00,251.86,252.18,251.73,252.18,76105
2025-05-14 07:55:00,252.18,252.3,251.88,252.02,449261
2025-05-14 08:00:00,252.02,252.15,251.87,252.1,39441
2025-05-14 08:05:00,252.1,252.12,251.75,251.85,37583
2025-05-14 08:10:00,251.85,252.15,251.82,251.96,56433
2025-05-14 08:15:00,251.96,251.96,251.75,251.85,31803
2025-05-14 08:20:00,251.89,252.0,251.8,251.95,35679
2025-05-14 08:25:00,251.91,251.96,251.75,251.91,40374
2025-05-14 08:30:00,251.85,251.86,251.5,251.6,77167
2025-05-14 08:35:00,251.61,251.85,251.59,251.82,37584
2025-05-14 08:40:00,251.81,252.09,251.59,252.07,75831
2025-05-14 08:45:00,252.07,252.25,252.04,252.25,106840
2025-05-14 08:50:00,252.24,253.2,252.19,252.68,253811
2025-05-14 08:55:00,252.69,252.73,252.12,252.2,48426
2025-05-14 09:00:00,252.2,252.2,251.6,251.76,92224
2025-05-14 09:05:00,251.77,252.11,251.77,252.02,60504
2025-05-14 09:10:00,252.01,252.8,251.98,252.37,124423
2025-05-14 09:15:00,252.41,252.59,252.22,252.57,59865
2025-05-14 09:20:00,252.55,252.86,252.43,252.62,140497
2025-05-14 09:25:00,252.69,252.83,252.28,252.44,55518
2025-05-14 09:30:00,252.46,252.83,252.25,252.79,251367
2025-05-14 09:35:00,252.79,253.05,252.79,253.03,232926
2025-05-14 09:40:00,253.08,253.39,252.94,253.03,351675
2025-05-14 09:45:00,253.04,253.04,252.72,252.88,306082
2025-05-14 09:50:00,252.9,253.1,252.87,253.01,250722
2025-05-14 09:55:00,253.01,253.39,252.95,253.2,254705
2025-05-15 03:45:00,253.2,254.29,252.4,252.76,427238
2025-05-15 03:50:00,252.76,253.45,252.52,253.05,183540
2025-05-15 03:55:00,253.03,253.16,252.5,252.74,148102
2025-05-15 04:00:00,252.71,253.24,252.5,252.81,198728
2025-05-15 04:05:00,252.81,252.9,252.05,252.16,212531
2025-05-15 04:10:00,252.11,252.34,251.53,251.67,270250
2025-05-15 04:15:00,251.66,251.79,251.22,251.73,245357
2025-05-15 04:20:00,251.73,252.14,251.6,251.66,142480
2025-05-15 04:25:00,251.62,251.82,251.3,251.42,153752
2025-05-15 04:30:00,251.43,251.69,251.05,251.19,113128
2025-05-15 04:35:00,251.22,251.37,250.7,250.72,170889
2025-05-15 04:40:00,250.73,251.6,250.62,251.41,119627
2025-05-15 04:45:00,251.41,251.69,251.01,251.08,111786
2025-05-15 04:50:00,251.17,251.42,250.81,251.33,86628
2025-05-15 04:55:00,251.37,251.41,251.0,251.1,63980
2025-05-15 05:00:00,251.01,251.7,251.0,251.61,98552
2025-05-15 05:05:00,251.61,252.38,251.41,252.38,187753
2025-05-15 05:10:00,252.38,252.99,252.19,252.4,282261
2025-05-15 05:15:00,252.45,252.48,251.81,252.12,113169
2025-05-15 05:20:00,252.07,252.29,251.81,251.96,88025
2025-05-15 05:25:00,251.95,252.99,251.95,252.85,105750
2025-05-15 05:30:00,252.86,252.92,252.25,252.3,54690
2025-05-15 05:35:00,252.25,252.3,251.85,252.12,61926
2025-05-15 05:40:00,252.23,252.23,251.0,251.23,150262
2025-05-15 05:45:00,251.28,252.09,251.2,251.74,81717
2025-05-15 05:50:00,251.73,251.85,251.2,251.43,50780
2025-05-15 05:55:00,251.39,252.13,251.32,251.95,54045
2025-05-15 06:00:00,251.96,252.14,251.62,251.8,60690
2025-05-15 06:05:00,251.89,252.11,251.72,251.95,52072
2025-05-15 06:10:00,251.98,252.34,251.78,252.23,51715
2025-05-15 06:15:00,252.23,252.45,252.1,252.1,35379
2025-05-15 06:20:00,252.12,252.12,251.8,251.96,41858
2025-05-15 06:25:00,251.97,252.09,251.79,251.79,39878
2025-05-15 06:30:00,251.77,251.92,251.6,251.82,33781
2025-05-15 06:35:00,251.82,252.5,251.73,252.47,70103
2025-05-15 06:40:00,252.44,252.44,251.87,252.09,27431
2025-05-15 06:45:00,252.09,252.7,252.04,252.39,88993
2025-05-15 06:50:00,252.38,252.38,251.9,252.09,38448
2025-05-15 06:55:00,252.09,252.09,251.6,251.79,39580
2025-05-15 07:00:00,251.84,252.16,251.75,252.12,65316
2025-05-15 07:05:00,252.01,252.45,252.0,252.32,54269
2025-05-15 07:10:00,252.32,252.32,251.8,251.86,27853
2025-05-15 07:15:00,251.86,251.98,251.73,251.8,53632
2025-05-15 07:20:00,251.86,252.16,251.8,252.09,46748
2025-05-15 07:25:00,252.09,252.24,252.02,252.12,25853
2025-05-15 07:30:00,252.15,252.76,252.15,252.75,130542
2025-05-15 07:35:00,252.75,253.7,252.67,253.41,338277
2025-05-15 07:40:00,253.41,254.0,253.34,254.0,270460
2025-05-15 07:45:00,254.0,254.2,253.4,253.89,232328
2025-05-15 07:50:00,253.89,254.0,253.24,253.86,173711
2025-05-15 07:55:00,253.86,254.2,253.7,254.2,125145
2025-05-15 08:00:00,254.2,255.0,254.2,254.95,391678
2025-05-15 08:05:00,254.9,255.4,254.63,255.24,286935
2025-05-15 08:10:00,255.29,255.4,255.02,255.08,150917
2025-05-15 08:15:00,255.13,255.8,255.08,255.55,324931
2025-05-15 08:20:00,255.56,255.84,255.5,255.78,139288
2025-05-15 08:25:00,255.78,255.88,255.58,255.66,128845
2025-05-15 08:30:00,255.74,255.81,255.18,255.65,205312
2025-05-15 08:35:00,255.66,255.74,255.41,255.6,100520
2025-05-15 08:40:00,255.59,255.9,255.59,255.88,158339
2025-05-15 08:45:00,255.9,255.99,255.5,255.71,109520
2025-05-15 08:50:00,255.71,255.84,255.5,255.66,213254
2025-05-15 08:55:00,255.66,256.0,255.5,255.9,181906
2025-05-15 09:00:00,255.94,255.99,255.51,255.66,147677
2025-05-15 09:05:00,255.65,256.55,255.52,256.25,408698
2025-05-15 09:10:00,256.26,256.55,256.07,256.51,145739
2025-05-15 09:15:00,256.53,256.53,256.18,256.25,176210
2025-05-15 09:20:00,256.3,257.1,256.2,256.95,279904
2025-05-15 09:25:00,256.9,256.95,256.51,256.63,210553
2025-05-15 09:30:00,256.62,256.9,256.41,256.81,477018
2025-05-15 09:35:00,256.81,256.86,256.55,256.56,359360
2025-05-15 09:40:00,256.59,256.59,256.27,256.39,331782
2025-05-15 09:45:00,256.38,256.84,256.37,256.63,402482
2025-05-15 09:50:00,256.63,256.75,256.51,256.56,431009
2025-05-15 09:55:00,256.55,256.55,255.97,256.1,219390
2025-05-16 03:45:00,257.0,257.0,255.4,255.53,400488
2025-05-16 03:50:00,255.43,256.0,255.1,255.55,243740
2025-05-16 03:55:00,255.54,256.1,255.35,255.98,113018
2025-05-16 04:00:00,256.06,256.28,255.53,255.53,146142
2025-05-16 04:05:00,255.6,255.83,255.02,255.25,200247
2025-05-16 04:10:00,255.28,255.85,254.83,255.58,137282
2025-05-16 04:15:00,255.56,255.72,255.11,255.27,65117
2025-05-16 04:20:00,255.27,255.29,254.73,254.9,151863
2025-05-16 04:25:00,254.9,255.2,254.72,254.85,146698
2025-05-16 04:30:00,254.84,255.29,254.7,255.19,116207
2025-05-16 04:35:00,255.2,255.32,255.0,255.02,66408
2025-05-16 04:40:00,255.05,255.1,254.7,254.91,82886
2025-05-16 04:45:00,254.91,255.19,254.8,255.15,73244
2025-05-16 04:50:00,255.1,255.2,254.7,254.74,141039
2025-05-16 04:55:00,254.74,254.89,254.5,254.63,129308
2025-05-16 05:00:00,254.63,254.8,254.5,254.6,58209
2025-05-16 05:05:00,254.54,254.7,254.36,254.65,81341
2025-05-16 05:10:00,254.7,254.89,254.3,254.38,60740
2025-05-16 05:15:00,254.4,254.75,254.19,254.63,134237
2025-05-16 05:20:00,254.67,255.0,254.67,254.85,121040
2025-05-16 05:25:00,254.94,254.98,254.65,254.82,160792
2025-05-16 05:30:00,254.82,254.82,254.56,254.74,44255
2025-05-16 05:35:00,254.74,254.83,254.31,254.49,57255
2025-05-16 05:40:00,254.49,254.59,254.37,254.56,34035
2025-05-16 05:45:00,254.56,254.7,254.47,254.58,45559
2025-05-16 05:50:00,254.59,254.59,254.25,254.4,49066
2025-05-16 05:55:00,254.34,254.36,254.01,254.08,92406
2025-05-16 06:00:00,254.05,254.17,253.53,254.05,400039
2025-05-16 06:05:00,254.1,254.32,254.02,254.06,53758
2025-05-16 06:10:00,254.05,254.16,253.9,254.01,61765
2025-05-16 06:15:00,254.04,254.07,253.9,254.01,33212
2025-05-16 06:20:00,254.0,254.02,253.71,253.71,42161
2025-05-16 06:25:00,253.71,253.96,253.71,253.91,52770
2025-05-16 06:30:00,253.91,254.18,253.9,254.07,54074
2025-05-16 06:35:00,254.08,254.15,253.82,253.95,42500
2025-05-16 06:40:00,253.95,253.99,253.8,253.85,44964
2025-05-16 06:45:00,253.86,254.08,253.8,253.88,48184
2025-05-16 06:50:00,253.8,253.91,253.77,253.87,51151
2025-05-16 06:55:00,253.84,254.1,253.84,254.0,66294
2025-05-16 07:00:00,254.04,254.35,254.0,254.27,65731
2025-05-16 07:05:00,254.27,254.27,254.01,254.1,60779
2025-05-16 07:10:00,254.14,254.39,254.02,254.33,54989
2025-05-16 07:15:00,254.32,254.62,254.28,254.59,70634
2025-05-16 07:20:00,254.63,254.69,254.4,254.46,51864
2025-05-16 07:25:00,254.46,254.6,254.32,254.57,89161
2025-05-16 07:30:00,254.58,254.97,254.5,254.62,145486
2025-05-16 07:35:00,254.67,254.76,254.53,254.58,42626
2025-05-16 07:40:00,254.64,254.75,254.51,254.68,44531
2025-05-16 07:45:00,254.73,254.77,254.61,254.65,24295
2025-05-16 07:50:00,254.66,254.71,254.57,254.66,24394
2025-05-16 07:55:00,254.65,254.72,254.55,254.69,36024
2025-05-16 08:00:00,254.71,254.71,254.55,254.55,31668
2025-05-16 08:05:00,254.55,254.62,254.36,254.41,38947
2025-05-16 08:10:00,254.41,254.42,254.14,254.2,60725
2025-05-16 08:15:00,254.23,254.4,254.15,254.39,50620
2025-05-16 08:20:00,254.39,254.41,254.25,254.27,32814
2025-05-16 08:25:00,254.26,254.34,254.1,254.21,38808
2025-05-16 08:30:00,254.2,254.21,254.1,254.13,32296
2025-05-16 08:35:00,254.18,254.4,254.13,254.39,51861
2025-05-16 08:40:00,254.35,254.4,254.2,254.2,26820
2025-05-16 08:45:00,254.25,254.32,254.08,254.19,77575
2025-05-16 08:50:00,254.2,254.24,254.02,254.13,40086
2025-05-16 08:55:00,254.15,254.22,254.06,254.06,42758
2025-05-16 09:00:00,254.09,254.25,254.0,254.04,76722
2025-05-16 09:05:00,254.1,254.23,254.0,254.1,57500
2025-05-16 09:10:00,254.15,254.2,254.0,254.09,43037
2025-05-16 09:15:00,254.12,254.15,254.0,254.07,35003
2025-05-16 09:20:00,254.05,254.15,254.0,254.06,75344
2025-05-16 09:25:00,254.06,254.15,254.0,254.05,52088
2025-05-16 09:30:00,254.07,254.39,254.07,254.37,101899
2025-05-16 09:35:00,254.37,254.5,254.21,254.43,136637
2025-05-16 09:40:00,254.45,254.53,254.28,254.3,126842
2025-05-16 09:45:00,254.25,254.44,254.14,254.28,202831
2025-05-16 09:50:00,254.27,254.5,254.11,254.36,189124
2025-05-16 09:55:00,254.39,254.46,254.01,254.45,199792
2025-05-19 03:45:00,254.31,254.45,252.13,253.3,370193
2025-05-19 03:50:00,253.3,254.13,253.16,253.44,125154
2025-05-19 03:55:00,253.5,253.67,253.05,253.2,225203
2025-05-19 04:00:00,253.13,253.77,253.13,253.77,102157
2025-05-19 04:05:00,253.77,253.8,253.02,253.15,170133
2025-05-19 04:10:00,253.08,253.45,252.95,253.32,215617
2025-05-19 04:15:00,253.23,253.62,253.15,253.53,100998
2025-05-19 04:20:00,253.56,253.59,253.41,253.46,66143
2025-05-19 04:25:00,253.46,253.72,253.18,253.72,73979
2025-05-19 04:30:00,253.66,254.09,253.34,254.09,74792
2025-05-19 04:35:00,254.05,254.08,253.66,253.93,61498
2025-05-19 04:40:00,253.95,254.25,253.84,254.25,163923
2025-05-19 04:45:00,254.24,254.74,254.24,254.33,113454
2025-05-19 04:50:00,254.3,254.63,254.17,254.38,97543
2025-05-19 04:55:00,254.3,254.38,253.8,253.8,113218
2025-05-19 05:00:00,253.87,254.15,253.74,254.05,129995
2025-05-19 05:05:00,254.01,254.05,253.8,253.8,60112
2025-05-19 05:10:00,253.8,253.9,253.37,253.42,67099
2025-05-19 05:15:00,253.46,253.61,253.35,253.55,64169
2025-05-19 05:20:00,253.49,253.85,253.49,253.7,39745
2025-05-19 05:25:00,253.7,253.8,253.52,253.7,39200
2025-05-19 05:30:00,253.71,253.76,253.5,253.62,34521
2025-05-19 05:35:00,253.55,253.64,253.42,253.47,42010
2025-05-19 05:40:00,253.45,253.53,253.15,253.22,65749
2025-05-19 05:45:00,253.22,253.65,253.16,253.55,44751
2025-05-19 05:50:00,253.57,253.72,253.4,253.45,39747
2025-05-19 05:55:00,253.4,253.57,253.3,253.35,32362
2025-05-19 06:00:00,253.35,253.59,253.24,253.31,39015
2025-05-19 06:05:00,253.28,253.32,252.84,252.97,135063
2025-05-19 06:10:00,252.9,253.2,252.81,253.0,66031
2025-05-19 06:15:00,253.04,253.1,252.67,252.73,101140
2025-05-19 06:20:00,252.75,252.97,252.58,252.66,64523
2025-05-19 06:25:00,252.66,252.71,252.4,252.51,70144
2025-05-19 06:30:00,252.45,252.51,252.18,252.29,97535
2025-05-19 06:35:00,252.29,252.41,252.0,252.0,123827
2025-05-19 06:40:00,252.09,252.16,251.5,251.79,170825
2025-05-19 06:45:00,251.79,252.14,251.61,252.14,73042
2025-05-19 06:50:00,252.11,252.41,251.74,252.39,117995
2025-05-19 06:55:00,252.4,252.47,252.15,252.27,70363
2025-05-19 07:00:00,252.24,252.47,252.2,252.37,31946
2025-05-19 07:05:00,252.43,252.48,252.05,252.25,67638
2025-05-19 07:10:00,252.25,252.36,252.12,252.29,15122
2025-05-19 07:15:00,252.23,252.41,252.2,252.32,35841
2025-05-19 07:20:00,252.37,252.52,252.2,252.5,35566
2025-05-19 07:25:00,252.41,252.5,252.21,252.34,34275
2025-05-19 07:30:00,252.31,252.5,252.0,252.38,53165
2025-05-19 07:35:00,252.44,252.46,252.22,252.34,19609
2025-05-19 07:40:00,252.35,252.37,251.87,252.0,95301
2025-05-19 07:45:00,252.0,252.06,251.83,252.06,32638
2025-05-19 07:50:00,252.05,252.15,251.92,252.0,33903
2025-05-19 07:55:00,251.99,252.0,251.65,251.89,161722
2025-05-19 08:00:00,251.89,251.93,251.63,251.92,54021
2025-05-19 08:05:00,251.93,252.12,251.76,251.91,77616
2025-05-19 08:10:00,251.91,251.97,251.8,251.91,44804
2025-05-19 08:15:00,251.87,251.99,251.76,251.99,49303
2025-05-19 08:20:00,251.96,252.15,251.89,252.0,48020
2025-05-19 08:25:00,252.0,252.11,251.82,251.91,41404
2025-05-19 08:30:00,251.84,251.91,251.61,251.82,81191
2025-05-19 08:35:00,251.76,251.85,251.6,251.83,86693
2025-05-19 08:40:00,251.8,251.83,251.28,251.76,156726
2025-05-19 08:45:00,251.67,252.06,251.63,251.98,92043
2025-05-19 08:50:00,251.93,252.0,251.76,251.87,76811
2025-05-19 08:55:00,251.86,251.9,251.49,251.65,63947
2025-05-19 09:00:00,251.65,251.8,251.5,251.66,64550
2025-05-19 09:05:00,251.8,251.85,251.57,251.68,47974
2025-05-19 09:10:00,251.72,251.86,251.65,251.74,46935
2025-05-19 09:15:00,251.74,251.83,251.51,251.65,61453
2025-05-19 09:20:00,251.67,251.79,251.52,251.66,54754
2025-05-19 09:25:00,251.67,251.83,251.55,251.69,64434
2025-05-19 09:30:00,251.65,251.85,251.62,251.8,125788
2025-05-19 09:35:00,251.82,251.92,251.6,251.85,188300
2025-05-19 09:40:00,251.88,251.95,251.74,251.9,165538
2025-05-19 09:45:00,251.93,251.95,251.73,251.78,234410
2025-05-19 09:50:00,251.81,251.92,251.6,251.64,189113
2025-05-19 09:55:00,251.65,251.7,251.4,251.55,189382
2025-05-20 03:45:00,253.0,253.99,252.33,253.87,497384
2025-05-20 03:50:00,253.81,253.86,252.79,253.39,308624
2025-05-20 03:55:00,253.6,254.6,253.32,253.51,436033
2025-05-20 04:00:00,253.49,253.57,252.6,252.89,238509
2025-05-20 04:05:00,252.91,253.24,252.66,253.07,128553
2025-05-20 04:10:00,253.07,253.49,252.87,253.4,155585
2025-05-20 04:15:00,253.34,253.4,252.6,252.71,126705
2025-05-20 04:20:00,252.71,252.88,251.8,252.07,157022
2025-05-20 04:25:00,252.02,252.6,251.8,252.4,107183
2025-05-20 04:30:00,252.4,252.49,252.01,252.41,134170
2025-05-20 04:35:00,252.46,252.67,252.14,252.48,156539
2025-05-20 04:40:00,252.4,252.5,252.02,252.36,45874
2025-05-20 04:45:00,252.26,252.4,251.95,252.13,119777
2025-05-20 04:50:00,252.13,252.39,252.07,252.13,36991
2025-05-20 04:55:00,252.13,252.5,252.13,252.36,53685
2025-05-20 05:00:00,252.36,252.74,252.31,252.52,86114
2025-05-20 05:05:00,252.45,252.88,252.45,252.78,61358
2025-05-20 05:10:00,252.78,252.88,252.73,252.75,60497
2025-05-20 05:15:00,252.79,253.2,252.79,252.85,101339
2025-05-20 05:20:00,252.83,252.85,252.5,252.56,93944
2025-05-20 05:25:00,252.56,252.65,252.37,252.6,65382
2025-05-20 05:30:00,252.55,252.76,252.33,252.44,44304
2025-05-20 05:35:00,252.44,252.44,252.16,252.17,40408
2025-05-20 05:40:00,252.16,252.22,251.97,252.2,71944
2025-05-20 05:45:00,252.14,252.38,252.14,252.35,19730
2025-05-20 05:50:00,252.27,252.39,252.15,252.16,30889
2025-05-20 05:55:00,252.15,252.27,252.01,252.05,23198
2025-05-20 06:00:00,252.02,252.14,251.8,252.03,60078
2025-05-20 06:05:00,252.11,252.19,251.9,252.06,45109
2025-05-20 06:10:00,252.05,252.05,251.74,251.9,84435
2025-05-20 06:15:00,251.96,252.13,251.9,251.98,57845
2025-05-20 06:20:00,251.98,252.06,251.61,251.84,63553
2025-05-20 06:25:00,251.9,251.99,251.72,251.93,46025
2025-05-20 06:30:00,251.98,251.99,251.8,251.86,17673
2025-05-20 06:35:00,251.82,252.17,251.8,252.12,48330
2025-05-20 06:40:00,252.12,252.12,251.68,251.69,64069
2025-05-20 06:45:00,251.7,251.7,251.41,251.46,58533
2025-05-20 06:50:00,251.54,251.58,251.46,251.47,40414
2025-05-20 06:55:00,251.45,251.74,251.43,251.71,56242
2025-05-20 07:00:00,251.71,251.93,251.64,251.82,70858
2025-05-20 07:05:00,251.84,251.93,251.62,251.64,34701
2025-05-20 07:10:00,251.62,251.64,251.5,251.51,39806
2025-05-20 07:15:00,251.51,251.76,251.15,251.17,88893
2025-05-20 07:20:00,251.2,251.33,251.07,251.19,73223
2025-05-20 07:25:00,251.19,251.3,251.06,251.22,54445
2025-05-20 07:30:00,251.18,251.4,251.05,251.38,72296
2025-05-20 07:35:00,251.33,251.46,251.07,251.18,40594
2025-05-20 07:40:00,251.19,251.59,251.15,251.56,40870
2025-05-20 07:45:00,251.56,251.62,251.15,251.25,42537
2025-05-20 07:50:00,251.25,251.57,251.2,251.47,31689
2025-05-20 07:55:00,251.47,251.7,251.3,251.56,30734
2025-05-20 08:00:00,251.59,251.63,251.1,251.1,53968
2025-05-20 08:05:00,251.17,251.17,250.83,251.0,131387
2025-05-20 08:10:00,251.03,251.1,250.81,250.85,99552
2025-05-20 08:15:00,250.85,251.34,250.8,251.18,51590
2025-05-20 08:20:00,251.09,251.23,251.0,251.06,67675
2025-05-20 08:25:00,251.06,251.25,251.0,251.11,91449
2025-05-20 08:30:00,251.11,251.11,250.8,250.83,46251
2025-05-20 08:35:00,250.83,250.83,250.5,250.6,161379
2025-05-20 08:40:00,250.6,250.83,250.4,250.4,116208
2025-05-20 08:45:00,250.43,250.5,250.13,250.18,149161
2025-05-20 08:50:00,250.18,250.21,249.75,249.85,243245
2025-05-20 08:55:00,249.85,249.85,249.51,249.54,142951
2025-05-20 09:00:00,249.54,249.93,249.53,249.85,127762
2025-05-20 09:05:00,249.85,249.9,249.63,249.8,100182
2025-05-20 09:10:00,249.8,249.8,249.31,249.42,195023
2025-05-20 09:15:00,249.49,250.2,249.44,250.15,89753
2025-05-20 09:20:00,250.12,250.18,249.5,249.56,207454
2025-05-20 09:25:00,249.56,249.65,249.4,249.4,225463
2025-05-20 09:30:00,249.46,249.87,249.46,249.5,316592
2025-05-20 09:35:00,249.45,249.74,249.36,249.69,422506
2025-05-20 09:40:00,249.7,249.91,249.6,249.75,443176
2025-05-20 09:45:00,249.85,249.89,249.57,249.69,477052
2025-05-20 09:50:00,249.69,249.83,249.62,249.68,479392
2025-05-20 09:55:00,249.68,250.59,249.66,250.2,259030
2025-05-21 03:45:00,249.71,250.94,249.55,249.66,248977
2025-05-21 03:50:00,249.66,249.91,248.37,248.49,214047
2025-05-21 03:55:00,248.49,249.23,248.1,249.23,115962
2025-05-21 04:00:00,249.14,249.4,248.64,249.11,93820
2025-05-21 04:05:00,249.12,249.64,248.86,249.6,125496
2025-05-21 04:10:00,249.59,250.0,249.4,249.79,122424
2025-05-21 04:15:00,249.8,250.69,249.72,250.29,100648
2025-05-21 04:20:00,250.4,250.59,250.1,250.53,65121
2025-05-21 04:25:00,250.56,250.6,250.13,250.52,45934
2025-05-21 04:30:00,250.53,250.6,250.1,250.5,38554
2025-05-21 04:35:00,250.56,250.6,250.41,250.46,28344
2025-05-21 04:40:00,250.46,250.75,250.35,250.65,36411
2025-05-21 04:45:00,250.61,251.22,250.61,251.22,101831
2025-05-21 04:50:00,251.24,251.29,251.0,251.19,57266
2025-05-21 04:55:00,251.19,251.4,250.92,251.19,61539
2025-05-21 05:00:00,251.2,251.25,251.02,251.25,35546
2025-05-21 05:05:00,251.22,251.75,251.22,251.7,82428
2025-05-21 05:10:00,251.7,251.89,251.5,251.58,59880
2025-05-21 05:15:00,251.62,251.77,251.32,251.62,37185
2025-05-21 05:20:00,251.7,251.77,251.4,251.61,29213
2025-05-21 05:25:00,251.62,252.11,251.62,251.85,85306
2025-05-21 05:30:00,251.96,251.98,251.21,251.3,42013
2025-05-21 05:35:00,251.3,251.76,251.05,251.76,38266
2025-05-21 05:40:00,251.76,252.0,251.45,251.53,39284
2025-05-21 05:45:00,251.5,251.99,251.41,251.8,54265
2025-05-21 05:50:00,251.72,251.9,251.3,251.31,36827
2025-05-21 05:55:00,251.39,251.55,251.18,251.49,35259
2025-05-21 06:00:00,251.5,251.5,251.18,251.34,21834
2025-05-21 06:05:00,251.3,251.5,251.04,251.44,61212
2025-05-21 06:10:00,251.44,251.73,251.31,251.47,36932
2025-05-21 06:15:00,251.47,251.87,251.15,251.53,241665
2025-05-21 06:20:00,251.46,251.95,251.4,251.8,22792
2025-05-21 06:25:00,251.8,251.95,251.67,251.9,37382
2025-05-21 06:30:00,251.9,251.94,251.25,251.29,47741
2025-05-21 06:35:00,251.33,251.37,250.67,250.67,110043
2025-05-21 06:40:00,250.75,250.82,250.1,250.35,88091
2025-05-21 06:45:00,250.39,250.45,249.83,250.39,155475
2025-05-21 06:50:00,250.39,250.84,250.35,250.77,138141
2025-05-21 06:55:00,250.75,250.88,250.31,250.51,56722
2025-05-21 07:00:00,250.51,250.92,250.46,250.7,36254
2025-05-21 07:05:00,250.7,251.0,250.55,250.94,34248
2025-05-21 07:10:00,250.94,250.99,250.74,250.87,18119
2025-05-21 07:15:00,250.86,250.88,250.5,250.81,22571
2025-05-21 07:20:00,250.8,250.88,250.22,250.27,30663
2025-05-21 07:25:00,250.25,250.68,250.2,250.6,37956
2025-05-21 07:30:00,250.6,250.74,250.55,250.7,23260
2025-05-21 07:35:00,250.72,250.9,250.65,250.83,17877
2025-05-21 07:40:00,250.8,250.97,250.65,250.89,40319
2025-05-21 07:45:00,250.89,251.3,250.74,251.28,53791
2025-05-21 07:50:00,251.3,251.44,251.2,251.3,45389
2025-05-21 07:55:00,251.27,251.31,250.81,250.81,71278
2025-05-21 08:00:00,250.83,251.18,250.76,251.14,24164
2025-05-21 08:05:00,251.15,251.35,250.73,251.0,29121
2025-05-21 08:10:00,250.89,250.97,250.65,250.76,24940
2025-05-21 08:15:00,250.8,251.1,250.8,251.09,19382
2025-05-21 08:20:00,251.05,251.24,250.89,251.2,24352
2025-05-21 08:25:00,251.2,251.29,250.84,250.99,26819
2025-05-21 08:30:00,250.99,251.06,250.61,250.8,35127
2025-05-21 08:35:00,250.8,251.05,250.8,250.97,21189
2025-05-21 08:40:00,250.97,251.44,250.95,251.43,60422
2025-05-21 08:45:00,251.45,251.51,250.99,251.17,175179
2025-05-21 08:50:00,251.16,251.4,251.05,251.16,29944
2025-05-21 08:55:00,251.16,251.21,251.05,251.2,18752
2025-05-21 09:00:00,251.16,251.34,251.03,251.25,119987
2025-05-21 09:05:00,251.26,251.26,250.91,250.99,34841
2025-05-21 09:10:00,250.99,251.11,250.82,250.9,62987
2025-05-21 09:15:00,250.94,251.15,250.9,250.95,59037
2025-05-21 09:20:00,251.07,251.19,250.9,251.18,44825
2025-05-21 09:25:00,251.18,251.2,251.0,251.16,35851
2025-05-21 09:30:00,251.1,251.22,250.8,251.0,151525
2025-05-21 09:35:00,251.01,251.21,251.0,251.2,123982
2025-05-21 09:40:00,251.21,251.23,250.75,250.9,290683
2025-05-21 09:45:00,250.88,250.97,250.8,250.97,112747
2025-05-21 09:50:00,250.96,250.98,250.85,250.88,144407
2025-05-21 09:55:00,250.88,250.97,250.45,250.78,154573
2025-05-22 03:45:00,249.0,249.89,248.1,248.37,297778
2025-05-22 03:50:00,248.4,248.49,247.51,247.6,255031
2025-05-22 03:55:00,247.69,248.28,247.61,248.06,139553
2025-05-22 04:00:00,248.1,248.1,247.25,247.29,194555
2025-05-22 04:05:00,247.28,247.9,247.1,247.88,130092
2025-05-22 04:10:00,247.81,248.61,247.7,248.36,149105
2025-05-22 04:15:00,248.19,248.32,247.8,248.11,91406
2025-05-22 04:20:00,248.05,248.72,247.92,248.52,80887
2025-05-22 04:25:00,248.5,248.85,248.31,248.8,107189
2025-05-22 04:30:00,248.81,248.83,248.3,248.53,85644
2025-05-22 04:35:00,248.53,248.78,248.21,248.6,81890
2025-05-22 04:40:00,248.65,248.79,248.55,248.71,72918
2025-05-22 04:45:00,248.7,248.85,248.52,248.55,65949
2025-05-22 04:50:00,248.6,248.72,248.29,248.72,80607
2025-05-22 04:55:00,248.7,248.8,247.55,247.56,228785
2025-05-22 05:00:00,247.6,247.7,247.49,247.63,176054
2025-05-22 05:05:00,247.7,247.72,247.47,247.49,131016
2025-05-22 05:10:00,247.49,247.68,247.48,247.59,167133
2025-05-22 05:15:00,247.57,247.73,247.42,247.51,89206
2025-05-22 05:20:00,247.5,247.6,247.4,247.5,46108
2025-05-22 05:25:00,247.47,247.83,247.47,247.69,42204
2025-05-22 05:30:00,247.7,247.7,246.94,247.04,195200
2025-05-22 05:35:00,247.05,247.08,246.85,246.99,92332
2025-05-22 05:40:00,247.0,247.05,246.85,246.85,43521
2025-05-22 05:45:00,246.87,247.25,246.75,247.04,305868
2025-05-22 05:50:00,247.05,247.2,246.9,247.11,49673
2025-05-22 05:55:00,247.11,247.5,247.03,247.44,58167
2025-05-22 06:00:00,247.39,247.39,247.01,247.21,49640
2025-05-22 06:05:00,247.21,247.21,246.75,246.92,77075
2025-05-22 06:10:00,246.93,247.13,246.81,246.99,47061
2025-05-22 06:15:00,246.99,247.25,246.95,247.16,30914
2025-05-22 06:20:00,247.16,247.39,247.03,247.27,45493
2025-05-22 06:25:00,247.31,247.31,247.0,247.14,32691
2025-05-22 06:30:00,247.1,247.24,247.0,247.02,47799
2025-05-22 06:35:00,247.03,247.12,246.76,246.79,91322
2025-05-22 06:40:00,246.78,246.85,246.32,246.35,334911
2025-05-22 06:45:00,246.35,246.47,246.15,246.33,102180
2025-05-22 06:50:00,246.32,246.49,246.01,246.03,103661
2025-05-22 06:55:00,246.01,246.14,245.78,245.96,191032
2025-05-22 07:00:00,245.99,246.47,245.95,246.21,88674
2025-05-22 07:05:00,246.24,246.39,246.09,246.33,163153
2025-05-22 07:10:00,246.39,246.47,246.2,246.31,67703
2025-05-22 07:15:00,246.31,246.6,245.85,245.87,224785
2025-05-22 07:20:00,245.87,246.21,245.55,245.75,226719
2025-05-22 07:25:00,245.75,246.16,245.67,246.07,149403
2025-05-22 07:30:00,246.07,246.16,245.7,245.95,144447
2025-05-22 07:35:00,245.95,246.07,245.66,245.86,139857
2025-05-22 07:40:00,245.85,246.28,245.71,246.28,106120
2025-05-22 07:45:00,246.28,246.33,246.02,246.25,87207
2025-05-22 07:50:00,246.31,246.35,246.1,246.33,88504
2025-05-22 07:55:00,246.33,246.5,246.22,246.35,75062
2025-05-22 08:00:00,246.45,246.65,246.33,246.63,86959
2025-05-22 08:05:00,246.63,246.68,246.31,246.47,104910
2025-05-22 08:10:00,246.4,246.52,246.1,246.28,63685
2025-05-22 08:15:00,246.28,246.4,246.16,246.28,55574
2025-05-22 08:20:00,246.25,246.28,246.0,246.06,89892
2025-05-22 08:25:00,246.06,246.27,246.01,246.1,66054
2025-05-22 08:30:00,246.14,246.48,245.91,246.4,174571
2025-05-22 08:35:00,246.4,246.4,246.12,246.21,71402
2025-05-22 08:40:00,246.21,246.29,246.13,246.18,68655
2025-05-22 08:45:00,246.25,246.29,246.0,246.0,221130
2025-05-22 08:50:00,245.9,246.15,245.82,245.82,121398
2025-05-22 08:55:00,245.9,245.97,245.5,245.6,194089
2025-05-22 09:00:00,245.56,245.83,245.4,245.61,152724
2025-05-22 09:05:00,245.61,245.72,245.27,245.64,187125
2025-05-22 09:10:00,245.68,246.15,245.0,245.85,695793
2025-05-22 09:15:00,245.85,245.85,245.27,245.73,227889
2025-05-22 09:20:00,245.73,246.0,245.48,245.8,210756
2025-05-22 09:25:00,245.85,246.5,245.81,246.13,366140
2025-05-22 09:30:00,246.11,246.15,245.82,246.01,363043
2025-05-22 09:35:00,246.01,246.3,246.0,246.22,307068
2025-05-22 09:40:00,246.21,246.22,245.76,245.94,487301
2025-05-22 09:45:00,245.91,246.0,245.61,245.83,404449
2025-05-22 09:50:00,245.83,246.0,245.6,246.0,285954
2025-05-22 09:55:00,246.0,246.1,245.82,246.05,282939
2025-05-23 03:45:00,246.1,246.82,245.6,246.74,268512
2025-05-23 03:50:00,246.55,247.64,246.55,247.45,241237
2025-05-23 03:55:00,247.5,247.6,247.19,247.24,94727
2025-05-23 04:00:00,247.33,247.95,246.9,247.95,117596
2025-05-23 04:05:00,248.0,248.8,247.92,248.23,471934
2025-05-23 04:10:00,248.25,248.63,248.04,248.63,127957
2025-05-23 04:15:00,248.55,249.0,248.32,248.64,278099
2025-05-23 04:20:00,248.77,249.4,248.69,249.25,157372
2025-05-23 04:25:00,249.3,250.0,249.21,249.88,263163
2025-05-23 04:30:00,249.93,250.25,249.44,249.58,377326
2025-05-23 04:35:00,249.65,249.94,249.56,249.63,95671
2025-05-23 04:40:00,249.6,249.88,249.34,249.55,82388
2025-05-23 04:45:00,249.55,249.81,248.9,248.94,129673
2025-05-23 04:50:00,248.95,249.54,248.88,248.89,85264
2025-05-23 04:55:00,248.89,249.29,248.67,248.82,92781
2025-05-23 05:00:00,248.7,248.79,248.43,248.45,117595
2025-05-23 05:05:00,248.48,249.25,248.39,249.15,70670
2025-05-23 05:10:00,249.1,249.36,248.89,249.2,75128
2025-05-23 05:15:00,249.28,249.49,249.0,249.33,52664
2025-05-23 05:20:00,249.4,250.23,249.4,250.0,149520
2025-05-23 05:25:00,250.01,250.49,250.0,250.02,256347
2025-05-23 05:30:00,250.01,250.37,250.0,250.09,107602
2025-05-23 05:35:00,250.1,250.15,249.82,250.15,48259
2025-05-23 05:40:00,250.15,250.25,250.0,250.13,50637
2025-05-23 05:45:00,250.08,250.14,249.5,249.51,97614
2025-05-23 05:50:00,249.52,249.62,248.88,249.1,55697
2025-05-23 05:55:00,249.07,249.64,249.01,249.57,30758
2025-05-23 06:00:00,249.58,249.63,249.32,249.47,21341
2025-05-23 06:05:00,249.47,249.47,249.01,249.14,25563
2025-05-23 06:10:00,249.14,249.26,248.82,248.93,25132
2025-05-23 06:15:00,248.93,249.07,248.4,248.42,48265
2025-05-23 06:20:00,248.44,249.0,248.42,248.92,36417
2025-05-23 06:25:00,248.92,248.98,248.55,248.65,33547
2025-05-23 06:30:00,248.7,248.75,248.47,248.62,29528
2025-05-23 06:35:00,248.62,248.68,248.49,248.49,35662
2025-05-23 06:40:00,248.48,248.48,248.06,248.26,55661
2025-05-23 06:45:00,248.25,248.35,248.0,248.35,72278
2025-05-23 06:50:00,248.34,248.59,248.2,248.45,26880
2025-05-23 06:55:00,248.51,248.52,248.12,248.26,18977
2025-05-23 07:00:00,248.24,248.4,248.15,248.2,29367
2025-05-23 07:05:00,248.17,248.39,248.17,248.3,39696
2025-05-23 07:10:00,248.3,248.89,248.25,248.59,63450
2025-05-23 07:15:00,248.64,248.72,248.51,248.57,34304
2025-05-23 07:20:00,248.57,248.8,248.5,248.68,21863
2025-05-23 07:25:00,248.6,248.67,248.5,248.51,14091
2025-05-23 07:30:00,248.55,248.6,248.5,248.55,22278
2025-05-23 07:35:00,248.52,248.75,248.51,248.75,13063
2025-05-23 07:40:00,248.75,248.75,248.52,248.64,10915
2025-05-23 07:45:00,248.64,248.87,248.64,248.64,21865
2025-05-23 07:50:00,248.69,248.87,248.69,248.69,10972
2025-05-23 07:55:00,248.79,248.79,248.5,248.5,24402
2025-05-23 08:00:00,248.5,248.78,248.5,248.6,90584
2025-05-23 08:05:00,248.53,248.66,248.5,248.54,33285
2025-05-23 08:10:00,248.5,248.67,247.83,248.04,86557
2025-05-23 08:15:00,248.04,248.6,247.8,248.45,198522
2025-05-23 08:20:00,248.49,248.64,248.25,248.54,24879
2025-05-23 08:25:00,248.54,248.59,248.2,248.57,81360
2025-05-23 08:30:00,248.52,248.9,248.51,248.7,26755
2025-05-23 08:35:00,248.7,248.75,248.5,248.59,21297
2025-05-23 08:40:00,248.65,248.96,248.59,248.62,180754
2025-05-23 08:45:00,248.62,248.65,248.5,248.53,27341
2025-05-23 08:50:00,248.55,248.58,248.5,248.58,29855
2025-05-23 08:55:00,248.58,248.8,248.55,248.6,27272
2025-05-23 09:00:00,248.64,248.73,248.5,248.5,36225
2025-05-23 09:05:00,248.55,248.62,248.13,248.3,84259
2025-05-23 09:10:00,248.32,248.43,247.75,247.84,118207
2025-05-23 09:15:00,247.75,248.0,247.63,247.81,122477
2025-05-23 09:20:00,247.85,247.98,247.47,247.56,189401
2025-05-23 09:25:00,247.53,247.8,247.5,247.65,26835
2025-05-23 09:30:00,247.69,247.79,247.22,247.23,167087
2025-05-23 09:35:00,247.33,247.67,247.22,247.43,159521
2025-05-23 09:40:00,247.45,247.49,247.22,247.47,189992
2025-05-23 09:45:00,247.5,247.59,247.17,247.36,376734
2025-05-23 09:50:00,247.36,247.49,247.16,247.22,229747
2025-05-23 09:55:00,247.27,247.87,247.14,247.8,175106
2025-05-26 03:45:00,248.49,249.29,248.26,248.94,185665
2025-05-26 03:50:00,248.98,249.65,248.98,249.64,120580
2025-05-26 03:55:00,249.59,249.65,248.69,248.82,105570
2025-05-26 04:00:00,248.98,249.6,248.85,249.6,57502
2025-05-26 04:05:00,249.6,249.7,249.31,249.65,66508
2025-05-26 04:10:00,249.65,249.65,248.7,248.99,79785
2025-05-26 04:15:00,248.95,249.43,248.9,249.23,64834
2025-05-26 04:20:00,249.17,249.39,248.92,248.96,48040
2025-05-26 04:25:00,248.95,249.27,248.88,249.2,45522
2025-05-26 04:30:00,249.1,249.31,249.0,249.1,42201
2025-05-26 04:35:00,249.12,249.29,249.0,249.25,54391
2025-05-26 04:40:00,249.25,249.61,249.12,249.23,105572
2025-05-26 04:45:00,249.34,249.5,248.65,248.76,56713
2025-05-26 04:50:00,248.7,249.04,248.55,248.67,83238
2025-05-26 04:55:00,248.61,248.75,248.2,248.6,69046
2025-05-26 05:00:00,248.6,248.9,248.45,248.9,34253
2025-05-26 05:05:00,248.82,249.0,248.6,248.98,34618
2025-05-26 05:10:00,249.0,249.62,248.89,249.4,69793
2025-05-26 05:15:00,249.39,249.7,249.0,249.21,73717
2025-05-26 05:20:00,249.24,249.5,249.15,249.3,27743
2025-05-26 05:25:00,249.21,249.45,249.12,249.33,20009
2025-05-26 05:30:00,249.33,249.37,249.12,249.15,22592
2025-05-26 05:35:00,249.12,249.24,249.02,249.08,13159
2025-05-26 05:40:00,249.09,249.28,248.9,249.21,63293
2025-05-26 05:45:00,249.16,249.49,249.16,249.4,32062
2025-05-26 05:50:00,249.34,249.49,249.2,249.37,22035
2025-05-26 05:55:00,249.37,249.37,248.9,249.2,40619
2025-05-26 06:00:00,249.16,249.37,249.02,249.35,23685
2025-05-26 06:05:00,249.27,249.44,249.15,249.2,32334
2025-05-26 06:10:00,249.25,249.4,249.14,249.22,22800
2025-05-26 06:15:00,249.22,249.3,249.1,249.21,13394
2025-05-26 06:20:00,249.24,249.6,249.19,249.54,51563
2025-05-26 06:25:00,249.58,250.2,249.44,250.14,177397
2025-05-26 06:30:00,250.14,250.17,249.63,249.8,26795
2025-05-26 06:35:00,249.88,249.89,249.61,249.61,19597
2025-05-26 06:40:00,249.68,249.95,249.51,249.85,54073
2025-05-26 06:45:00,249.81,250.25,249.61,250.2,60262
2025-05-26 06:50:00,250.1,250.4,249.85,250.01,44000
2025-05-26 06:55:00,250.01,250.32,249.91,250.16,28913
2025-05-26 07:00:00,250.2,250.3,250.05,250.25,22135
2025-05-26 07:05:00,250.25,250.4,250.15,250.23,21241
2025-05-26 07:10:00,250.23,250.38,249.88,250.11,20390
2025-05-26 07:15:00,250.08,250.21,250.01,250.21,25006
2025-05-26 07:20:00,250.21,250.21,249.85,249.85,15185
2025-05-26 07:25:00,249.8,250.0,249.8,249.96,18222
2025-05-26 07:30:00,249.96,250.03,249.81,250.01,26548
2025-05-26 07:35:00,250.01,250.79,249.9,250.4,102668
2025-05-26 07:40:00,250.36,250.57,250.2,250.46,57133
2025-05-26 07:45:00,250.45,250.49,250.25,250.32,18687
2025-05-26 07:50:00,250.32,250.44,250.25,250.27,28346
2025-05-26 07:55:00,250.28,250.45,250.06,250.18,80497
2025-05-26 08:00:00,250.28,250.39,250.13,250.39,43821
2025-05-26 08:05:00,250.37,250.49,250.21,250.49,15742
2025-05-26 08:10:00,250.49,250.7,250.22,250.7,42834
2025-05-26 08:15:00,250.69,250.69,250.47,250.6,40174
2025-05-26 08:20:00,250.62,250.62,250.18,250.4,40400
2025-05-26 08:25:00,250.46,250.52,250.2,250.23,18006
2025-05-26 08:30:00,250.32,250.49,250.21,250.4,22288
2025-05-26 08:35:00,250.4,250.62,250.27,250.57,57567
2025-05-26 08:40:00,250.57,250.85,250.54,250.79,54274
2025-05-26 08:45:00,250.79,250.79,250.4,250.55,29152
2025-05-26 08:50:00,250.6,250.6,250.13,250.32,32191
2025-05-26 08:55:00,250.25,250.4,250.15,250.35,28094
2025-05-26 09:00:00,250.39,250.65,250.32,250.59,16902
2025-05-26 09:05:00,250.62,250.62,250.31,250.4,34340
2025-05-26 09:10:00,250.4,250.6,250.32,250.5,28240
2025-05-26 09:15:00,250.5,250.6,250.26,250.26,42469
2025-05-26 09:20:00,250.34,250.59,250.22,250.43,33362
2025-05-26 09:25:00,250.35,250.5,250.25,250.31,34416
2025-05-26 09:30:00,250.31,250.39,250.15,250.26,46666
2025-05-26 09:35:00,250.29,250.39,250.17,250.38,39868
2025-05-26 09:40:00,250.38,250.39,250.2,250.3,62437
2025-05-26 09:45:00,250.23,250.38,250.13,250.2,112137
2025-05-26 09:50:00,250.19,250.24,250.04,250.22,86518
2025-05-26 09:55:00,250.25,250.3,250.06,250.3,94564
2025-05-27 03:45:00,250.99,250.99,248.85,249.4,228837
2025-05-27 03:50:00,249.47,249.47,248.5,248.61,172440
2025-05-27 03:55:00,248.61,248.98,248.4,248.67,151090
2025-05-27 04:00:00,248.66,248.9,248.27,248.67,111652
2025-05-27 04:05:00,248.67,248.8,248.25,248.8,116830
2025-05-27 04:10:00,248.8,249.0,248.57,248.91,107426
2025-05-27 04:15:00,248.99,249.03,248.65,248.65,106572
2025-05-27 04:20:00,248.65,248.85,248.44,248.52,43403
2025-05-27 04:25:00,248.52,248.75,248.15,248.19,70426
2025-05-27 04:30:00,248.2,248.4,248.01,248.27,61075
2025-05-27 04:35:00,248.17,248.48,248.11,248.35,29809
2025-05-27 04:40:00,248.35,248.65,248.12,248.37,35977
2025-05-27 04:45:00,248.38,248.4,248.12,248.12,28101
2025-05-27 04:50:00,248.1,248.31,248.03,248.26,28365
2025-05-27 04:55:00,248.25,248.44,248.1,248.25,199709
2025-05-27 05:00:00,248.22,248.58,248.21,248.4,110761
2025-05-27 05:05:00,248.36,248.74,248.22,248.35,46401
2025-05-27 05:10:00,248.38,248.5,248.17,248.26,18869
2025-05-27 05:15:00,248.36,248.52,248.2,248.47,25356
2025-05-27 05:20:00,248.45,248.75,248.45,248.63,15515
2025-05-27 05:25:00,248.63,248.9,248.6,248.78,34568
2025-05-27 05:30:00,248.77,249.24,248.73,248.96,70609
2025-05-27 05:35:00,248.94,249.32,248.91,249.09,68083
2025-05-27 05:40:00,249.07,249.16,249.0,249.02,22320
2025-05-27 05:45:00,249.05,249.41,249.0,249.25,70776
2025-05-27 05:50:00,249.28,249.55,249.12,249.55,46134
2025-05-27 05:55:00,249.54,250.09,249.54,249.98,140094
2025-05-27 06:00:00,249.98,250.39,249.87,250.03,116012
2025-05-27 06:05:00,250.03,250.15,249.51,249.72,54923
2025-05-27 06:10:00,249.73,250.0,249.5,249.97,67088
2025-05-27 06:15:00,249.88,250.09,249.56,249.76,44115
2025-05-27 06:20:00,249.8,249.92,249.6,249.92,22827
2025-05-27 06:25:00,249.92,249.93,249.7,249.8,29238
2025-05-27 06:30:00,249.77,249.85,249.52,249.69,40883
2025-05-27 06:35:00,249.66,249.8,249.61,249.65,31463
2025-05-27 06:40:00,249.67,249.8,249.5,249.7,21487
2025-05-27 06:45:00,249.7,249.71,249.56,249.63,20608
2025-05-27 06:50:00,249.63,249.66,249.12,249.39,53914
2025-05-27 06:55:00,249.25,249.39,248.82,248.88,47398
2025-05-27 07:00:00,248.86,249.29,248.75,249.26,59649
2025-05-27 07:05:00,249.2,249.3,249.09,249.26,32857
2025-05-27 07:10:00,249.26,249.54,249.18,249.45,21076
2025-05-27 07:15:00,249.45,249.7,249.37,249.51,32792
2025-05-27 07:20:00,249.5,249.66,249.34,249.64,79684
2025-05-27 07:25:00,249.64,249.75,249.53,249.59,18175
2025-05-27 07:30:00,249.58,249.65,249.5,249.62,55432
2025-05-27 07:35:00,249.62,249.75,249.53,249.75,37696
2025-05-27 07:40:00,249.85,249.88,249.7,249.7,32484
2025-05-27 07:45:00,249.7,249.93,249.7,249.8,22464
2025-05-27 07:50:00,249.77,250.0,249.7,249.75,65637
2025-05-27 07:55:00,249.72,249.75,249.4,249.56,20759
2025-05-27 08:00:00,249.58,249.64,249.5,249.55,9608
2025-05-27 08:05:00,249.52,249.65,249.49,249.6,39971
2025-05-27 08:10:00,249.6,249.8,249.52,249.7,29376
2025-05-27 08:15:00,249.72,249.87,249.59,249.65,71136
2025-05-27 08:20:00,249.66,249.66,249.2,249.27,91793
2025-05-27 08:25:00,249.28,249.42,249.2,249.2,77064
2025-05-27 08:30:00,249.2,249.26,249.05,249.11,108037
2025-05-27 08:35:00,249.15,249.15,249.0,249.02,35857
2025-05-27 08:40:00,249.07,249.17,249.0,249.17,32977
2025-05-27 08:45:00,249.09,249.18,248.7,248.87,163115
2025-05-27 08:50:00,248.87,248.87,248.61,248.68,40881
2025-05-27 08:55:00,248.68,248.9,248.61,248.7,76840
2025-05-27 09:00:00,248.7,248.98,248.7,248.78,27952
2025-05-27 09:05:00,248.8,248.85,248.01,248.14,190215
2025-05-27 09:10:00,248.14,248.22,248.0,248.08,135516
2025-05-27 09:15:00,248.08,248.32,248.0,248.3,183584
2025-05-27 09:20:00,248.31,248.5,248.17,248.28,253157
2025-05-27 09:25:00,248.28,248.46,248.19,248.36,185783
2025-05-27 09:30:00,248.36,248.47,248.21,248.36,241835
2025-05-27 09:35:00,248.36,248.4,248.2,248.24,465635
2025-05-27 09:40:00,248.25,248.35,247.99,248.2,447011
2025-05-27 09:45:00,248.2,248.5,248.19,248.31,321139
2025-05-27 09:50:00,248.33,248.35,248.13,248.15,251674
2025-05-27 09:55:00,248.16,248.55,248.03,248.53,181266
2025-05-28 03:45:00,249.59,249.85,249.0,249.6,281914
2025-05-28 03:50:00,249.8,250.14,249.38,249.48,149336
2025-05-28 03:55:00,249.45,249.58,249.05,249.24,92023
2025-05-28 04:00:00,249.24,249.34,248.8,249.16,73440
2025-05-28 04:05:00,249.16,249.48,248.8,249.02,79524
2025-05-28 04:10:00,249.05,249.32,248.95,249.32,35110
2025-05-28 04:15:00,249.29,249.33,249.05,249.24,36662
2025-05-28 04:20:00,249.27,249.37,249.08,249.3,26878
2025-05-28 04:25:00,249.36,249.37,249.03,249.05,33649
2025-05-28 04:30:00,249.09,249.11,248.77,248.9,48564
2025-05-28 04:35:00,248.94,248.98,248.8,248.86,29387
2025-05-28 04:40:00,248.85,248.85,248.6,248.66,36730
2025-05-28 04:45:00,248.64,248.67,248.33,248.58,94236
2025-05-28 04:50:00,248.54,248.9,248.54,248.9,51714
2025-05-28 04:55:00,248.89,248.89,248.7,248.7,28558
2025-05-28 05:00:00,248.74,248.86,248.7,248.86,26703
2025-05-28 05:05:00,248.79,248.88,248.4,248.49,43142
2025-05-28 05:10:00,248.47,248.77,248.4,248.43,34751
2025-05-28 05:15:00,248.43,248.98,248.35,248.59,51854
2025-05-28 05:20:00,248.59,248.87,248.51,248.76,37850
2025-05-28 05:25:00,248.76,248.76,248.45,248.48,30193
2025-05-28 05:30:00,248.51,248.7,248.48,248.69,30645
2025-05-28 05:35:00,248.69,248.7,248.25,248.26,63526
2025-05-28 05:40:00,248.26,248.27,247.27,247.65,215835
2025-05-28 05:45:00,247.62,247.86,247.57,247.78,64104
2025-05-28 05:50:00,247.75,247.97,247.55,247.59,66126
2025-05-28 05:55:00,247.6,247.76,247.45,247.71,60063
2025-05-28 06:00:00,247.76,247.81,247.56,247.7,37186
2025-05-28 06:05:00,247.7,247.97,247.69,247.76,55987
2025-05-28 06:10:00,247.76,248.15,247.76,247.95,51115
2025-05-28 06:15:00,247.87,247.99,247.67,247.92,46334
2025-05-28 06:20:00,247.92,248.15,247.82,248.03,61796
2025-05-28 06:25:00,248.03,248.28,247.84,248.18,49172
2025-05-28 06:30:00,248.1,248.19,247.85,248.11,44935
2025-05-28 06:35:00,248.06,248.15,247.8,247.81,34254
2025-05-28 06:40:00,247.81,248.04,247.81,247.92,26966
2025-05-28 06:45:00,247.92,248.0,247.8,247.91,23112
2025-05-28 06:50:00,247.91,247.99,247.77,247.9,30395
2025-05-28 06:55:00,247.9,247.97,247.8,247.94,46296
2025-05-28 07:00:00,247.9,247.91,246.96,247.13,189540
2025-05-28 07:05:00,247.13,247.6,247.05,247.41,63101
2025-05-28 07:10:00,247.49,247.72,247.37,247.52,81698
2025-05-28 07:15:00,247.52,247.79,247.52,247.64,55752
2025-05-28 07:20:00,247.67,247.96,247.62,247.75,63154
2025-05-28 07:25:00,247.71,248.1,247.53,247.91,82010
2025-05-28 07:30:00,247.91,248.0,247.84,247.96,41332
2025-05-28 07:35:00,247.96,248.38,247.95,248.0,193205
2025-05-28 07:40:00,248.0,248.3,248.0,248.08,93078
2025-05-28 07:45:00,248.06,248.2,247.8,247.88,135603
2025-05-28 07:50:00,247.88,247.88,247.6,247.79,40139
2025-05-28 07:55:00,247.79,247.85,247.52,247.68,38811
2025-05-28 08:00:00,247.68,247.8,247.53,247.53,36142
2025-05-28 08:05:00,247.53,247.64,247.5,247.53,38318
2025-05-28 08:10:00,247.5,247.53,247.28,247.31,141591
2025-05-28 08:15:00,247.31,247.45,247.13,247.15,74236
2025-05-28 08:20:00,247.2,247.32,247.1,247.1,50205
2025-05-28 08:25:00,247.1,247.29,247.03,247.17,31383
2025-05-28 08:30:00,247.17,247.35,247.15,247.35,26983
2025-05-28 08:35:00,247.27,247.43,247.2,247.43,32701
2025-05-28 08:40:00,247.49,247.49,247.18,247.2,35366
2025-05-28 08:45:00,247.2,247.32,246.96,246.99,193614
2025-05-28 08:50:00,246.99,247.29,246.99,247.27,107979
2025-05-28 08:55:00,247.2,247.6,247.2,247.58,102994
2025-05-28 09:00:00,247.58,247.59,247.5,247.5,66614
2025-05-28 09:05:00,247.56,247.64,247.5,247.51,87920
2025-05-28 09:10:00,247.51,247.54,247.28,247.42,176129
2025-05-28 09:15:00,247.42,247.47,247.32,247.39,45978
2025-05-28 09:20:00,247.38,247.52,247.32,247.49,71647
2025-05-28 09:25:00,247.49,247.59,247.38,247.41,74984
2025-05-28 09:30:00,247.38,247.5,247.31,247.37,139018
2025-05-28 09:35:00,247.37,247.59,247.3,247.51,190497
2025-05-28 09:40:00,247.51,247.59,247.48,247.51,207911
2025-05-28 09:45:00,247.5,247.51,247.32,247.43,383071
2025-05-28 09:50:00,247.43,247.53,247.2,247.51,274464
2025-05-28 09:55:00,247.47,247.53,247.35,247.51,206963
2025-05-29 03:45:00,249.65,251.0,249.0,250.77,640849
2025-05-29 03:50:00,250.75,251.74,249.73,249.81,511972
2025-05-29 03:55:00,249.8,250.0,248.78,249.05,302084
2025-05-29 04:00:00,249.1,250.05,249.1,249.8,250737
2025-05-29 04:05:00,249.88,249.88,248.98,248.98,169764
2025-05-29 04:10:00,249.01,249.14,248.53,249.06,137454
2025-05-29 04:15:00,249.1,249.1,248.43,248.6,103341
2025-05-29 04:20:00,248.64,248.71,248.1,248.57,82604
2025-05-29 04:25:00,248.6,248.9,248.5,248.83,89146
2025-05-29 04:30:00,248.85,249.15,248.69,249.05,89602
2025-05-29 04:35:00,249.05,249.67,249.05,249.54,109998
2025-05-29 04:40:00,249.5,249.66,249.29,249.43,206932
2025-05-29 04:45:00,249.37,249.47,249.01,249.28,67489
2025-05-29 04:50:00,249.27,249.32,249.01,249.32,90944
2025-05-29 04:55:00,249.25,249.61,249.05,249.1,96864
2025-05-29 05:00:00,249.07,249.1,248.67,248.9,72850
2025-05-29 05:05:00,248.9,249.0,248.54,248.7,62453
2025-05-29 05:10:00,248.7,248.95,248.6,248.7,45754
2025-05-29 05:15:00,248.74,249.07,248.61,248.98,57599
2025-05-29 05:20:00,248.88,248.98,248.75,248.85,32576
2025-05-29 05:25:00,248.83,249.0,248.52,248.59,35409
2025-05-29 05:30:00,248.59,248.71,248.37,248.47,137528
2025-05-29 05:35:00,248.53,249.12,248.46,249.08,137401
2025-05-29 05:40:00,249.11,249.24,248.86,248.91,123073
2025-05-29 05:45:00,248.83,249.2,248.83,249.13,140054
2025-05-29 05:50:00,249.13,249.15,248.93,249.06,49013
2025-05-29 05:55:00,249.02,250.02,249.01,250.02,480242
2025-05-29 06:00:00,250.02,250.25,249.98,250.12,114896
2025-05-29 06:05:00,250.12,250.13,249.91,250.0,57087
2025-05-29 06:10:00,250.05,250.15,249.94,250.0,59748
2025-05-29 06:15:00,250.0,250.09,249.91,250.01,72204
2025-05-29 06:20:00,250.0,250.2,249.92,250.12,44182
2025-05-29 06:25:00,250.11,250.68,250.0,250.6,141340
2025-05-29 06:30:00,250.68,250.95,250.5,250.86,142101
2025-05-29 06:35:00,250.83,250.9,250.23,250.24,116420
2025-05-29 06:40:00,250.24,250.49,250.21,250.32,57102
2025-05-29 06:45:00,250.32,250.6,250.25,250.41,69984
2025-05-29 06:50:00,250.43,251.1,250.41,251.0,310056
2025-05-29 06:55:00,251.08,251.24,250.99,251.15,152513
2025-05-29 07:00:00,251.15,251.19,250.6,250.95,106136
2025-05-29 07:05:00,251.0,251.07,250.14,250.14,167986
2025-05-29 07:10:00,250.13,250.32,249.9,250.09,189951
2025-05-29 07:15:00,250.1,250.28,249.99,250.05,66565
2025-05-29 07:20:00,250.07,250.27,250.05,250.24,57481
2025-05-29 07:25:00,250.19,250.54,250.11,250.48,53703
2025-05-29 07:30:00,250.53,250.61,250.35,250.35,74303
2025-05-29 07:35:00,250.39,250.49,250.2,250.2,40530
2025-05-29 07:40:00,250.2,250.29,250.05,250.1,59499
2025-05-29 07:45:00,250.14,250.15,250.0,250.08,54029
2025-05-29 07:50:00,250.08,250.25,250.05,250.25,61050
2025-05-29 07:55:00,250.22,250.35,250.05,250.2,60471
2025-05-29 08:00:00,250.21,250.29,249.91,250.14,56760
2025-05-29 08:05:00,250.14,250.22,249.93,250.0,68563
2025-05-29 08:10:00,249.93,250.07,249.91,250.05,69541
2025-05-29 08:15:00,250.05,250.18,249.7,249.75,101460
2025-05-29 08:20:00,249.75,250.0,249.74,249.93,70077
2025-05-29 08:25:00,249.84,250.13,249.8,250.04,103376
2025-05-29 08:30:00,250.0,250.0,249.8,249.83,145281
2025-05-29 08:35:00,249.86,249.9,249.65,249.77,159949
2025-05-29 08:40:00,249.71,249.83,249.55,249.73,209900
2025-05-29 08:45:00,249.73,250.07,249.68,250.0,99669
2025-05-29 08:50:00,250.0,250.08,249.86,250.07,45647
2025-05-29 08:55:00,250.07,250.19,250.0,250.06,62705
2025-05-29 09:00:00,250.06,250.22,250.0,250.14,99184
2025-05-29 09:05:00,250.05,250.2,250.0,250.08,75570
2025-05-29 09:10:00,250.06,250.26,249.97,250.26,107539
2025-05-29 09:15:00,250.27,250.27,250.0,250.03,141515
2025-05-29 09:20:00,250.08,250.34,250.0,250.16,66546
2025-05-29 09:25:00,250.16,250.24,250.03,250.08,70012
2025-05-29 09:30:00,250.1,250.52,249.76,250.1,704640
2025-05-29 09:35:00,250.12,250.39,250.04,250.23,531853
2025-05-29 09:40:00,250.23,250.48,250.0,250.3,463010
2025-05-29 09:45:00,250.3,250.37,250.0,250.19,591901
2025-05-29 09:50:00,250.2,250.23,249.96,250.21,674220
2025-05-29 09:55:00,250.18,250.7,250.1,250.52,412452
2025-05-30 03:45:00,250.0,251.11,249.25,250.21,438342
2025-05-30 03:50:00,250.31,250.51,249.23,249.31,224541
2025-05-30 03:55:00,249.31,249.31,248.66,248.95,210992
2025-05-30 04:00:00,249.06,249.22,248.52,248.9,130625
2025-05-30 04:05:00,248.9,249.07,248.69,248.99,115606
2025-05-30 04:10:00,249.14,249.81,249.06,249.81,223680
2025-05-30 04:15:00,249.81,250.1,249.8,249.98,148478
2025-05-30 04:20:00,249.98,250.09,249.84,249.94,98298
2025-05-30 04:25:00,249.94,249.99,249.6,249.98,73554
2025-05-30 04:30:00,249.98,250.1,249.7,249.74,129369
2025-05-30 04:35:00,249.71,250.09,249.51,249.99,102410
2025-05-30 04:40:00,250.0,250.0,249.71,249.81,39558
2025-05-30 04:45:00,249.78,249.91,249.28,249.52,287959
2025-05-30 04:50:00,249.61,249.72,249.4,249.47,31162
2025-05-30 04:55:00,249.47,249.75,249.45,249.67,46395
2025-05-30 05:00:00,249.66,249.8,249.4,249.67,48460
2025-05-30 05:05:00,249.69,249.9,249.59,249.9,66604
2025-05-30 05:10:00,249.9,250.05,249.9,250.0,158998
2025-05-30 05:15:00,250.01,250.01,249.72,249.95,59635
2025-05-30 05:20:00,249.94,250.25,249.88,250.12,66270
2025-05-30 05:25:00,250.1,250.29,250.02,250.29,77327
2025-05-30 05:30:00,250.3,250.5,250.25,250.39,88935
2025-05-30 05:35:00,250.37,250.5,250.31,250.31,39049
2025-05-30 05:40:00,250.31,250.37,250.12,250.22,34203
2025-05-30 05:45:00,250.22,250.45,250.14,250.23,39603
2025-05-30 05:50:00,250.24,250.4,250.17,250.39,15413
2025-05-30 05:55:00,250.39,250.39,250.1,250.21,20047
2025-05-30 06:00:00,250.25,250.4,250.15,250.15,14239
2025-05-30 06:05:00,250.17,250.2,250.0,250.04,17686
2025-05-30 06:10:00,250.04,250.17,249.99,250.07,45954
2025-05-30 06:15:00,250.08,250.19,249.82,249.97,37763
2025-05-30 06:20:00,250.01,250.1,249.89,250.05,18442
2025-05-30 06:25:00,250.0,250.04,249.6,249.63,256067
2025-05-30 06:30:00,249.61,249.74,249.31,249.43,54809
2025-05-30 06:35:00,249.44,249.61,249.3,249.31,29612
2025-05-30 06:40:00,249.33,249.74,249.13,249.7,58638
2025-05-30 06:45:00,249.69,249.94,249.52,249.69,52261
2025-05-30 06:50:00,249.69,249.99,249.67,249.86,34342
2025-05-30 06:55:00,249.87,250.04,249.75,249.96,24344
2025-05-30 07:00:00,249.96,249.96,249.71,249.8,11794
2025-05-30 07:05:00,249.81,249.99,249.7,249.81,37222
2025-05-30 07:10:00,249.81,249.95,249.71,249.86,17942
2025-05-30 07:15:00,249.85,250.0,249.84,249.95,11831
2025-05-30 07:20:00,249.94,250.1,249.88,250.1,19587
2025-05-30 07:25:00,250.1,250.35,250.03,250.25,55275
2025-05-30 07:30:00,250.27,250.27,250.2,250.23,41569
2025-05-30 07:35:00,250.23,250.24,250.0,250.05,43180
2025-05-30 07:40:00,250.09,250.1,249.99,250.05,26821
2025-05-30 07:45:00,250.08,250.14,250.0,250.0,33758
2025-05-30 07:50:00,250.06,250.06,249.93,249.95,117869
2025-05-30 07:55:00,249.94,250.07,249.8,249.93,90502
2025-05-30 08:00:00,249.96,250.09,249.89,250.0,48305
2025-05-30 08:05:00,250.04,250.25,249.99,250.24,58168
2025-05-30 08:10:00,250.2,250.29,250.11,250.2,17483
2025-05-30 08:15:00,250.2,250.2,250.01,250.2,28033
2025-05-30 08:20:00,250.2,250.43,250.16,250.39,36957
2025-05-30 08:25:00,250.4,250.74,250.37,250.45,107085
2025-05-30 08:30:00,250.45,250.45,250.3,250.4,27902
2025-05-30 08:35:00,250.38,250.4,250.2,250.25,21429
2025-05-30 08:40:00,250.25,250.35,250.18,250.23,14951
2025-05-30 08:45:00,250.23,250.36,250.01,250.18,41377
2025-05-30 08:50:00,250.18,250.25,250.06,250.06,33617
2025-05-30 08:55:00,250.14,250.19,250.0,250.05,35574
2025-05-30 09:00:00,250.05,250.15,250.0,250.09,29473
2025-05-30 09:05:00,250.11,250.2,250.0,250.04,14736
2025-05-30 09:10:00,250.02,250.08,249.99,250.05,46670
2025-05-30 09:15:00,250.05,250.06,250.0,250.02,45024
2025-05-30 09:20:00,250.03,250.26,250.02,250.18,45350
2025-05-30 09:25:00,250.14,250.26,250.0,250.05,31671
2025-05-30 09:30:00,250.1,250.33,248.8,249.17,1967228
2025-05-30 09:35:00,249.15,250.0,249.12,250.0,1321702
2025-05-30 09:40:00,250.05,250.16,249.73,249.99,1431264
2025-05-30 09:45:00,249.99,249.99,249.38,249.52,1633801
2025-05-30 09:50:00,249.69,250.1,249.54,249.97,1426770
2025-05-30 09:55:00,249.97,250.15,249.31,249.6,1223677
2025-06-02 03:45:00,247.6,248.0,246.2,247.44,344446
2025-06-02 03:50:00,247.44,247.9,246.93,247.03,195942
2025-06-02 03:55:00,246.9,247.22,246.82,247.03,102254
2025-06-02 04:00:00,247.03,247.11,246.35,246.68,160147
2025-06-02 04:05:00,246.68,246.84,246.53,246.66,107322
2025-06-02 04:10:00,246.66,247.25,246.64,247.0,132201
2025-06-02 04:15:00,246.98,247.45,246.66,247.26,92904
2025-06-02 04:20:00,247.26,247.33,247.0,247.22,61016
2025-06-02 04:25:00,247.25,247.49,247.02,247.39,59669
2025-06-02 04:30:00,247.41,247.47,247.03,247.13,57669
2025-06-02 04:35:00,247.07,247.45,247.06,247.34,46172
2025-06-02 04:40:00,247.3,247.45,247.0,247.13,65223
2025-06-02 04:45:00,247.03,247.09,246.82,246.96,95283
2025-06-02 04:50:00,246.99,247.2,246.87,247.02,62119
2025-06-02 04:55:00,247.06,247.23,246.88,247.09,74470
2025-06-02 05:00:00,247.04,247.29,247.0,247.06,57135
2025-06-02 05:05:00,247.06,247.6,247.03,247.5,86543
2025-06-02 05:10:00,247.55,247.79,247.5,247.76,101171
2025-06-02 05:15:00,247.7,247.91,247.32,247.91,79090
2025-06-02 05:20:00,247.87,248.0,247.5,247.5,99935
2025-06-02 05:25:00,247.4,247.48,247.11,247.11,49132
2025-06-02 05:30:00,247.1,247.27,247.0,247.18,66922
2025-06-02 05:35:00,247.15,247.4,247.08,247.32,61780
2025-06-02 05:40:00,247.33,247.7,247.3,247.64,81296
2025-06-02 05:45:00,247.61,247.9,247.5,247.72,54589
2025-06-02 05:50:00,247.73,248.0,247.7,247.87,58636
2025-06-02 05:55:00,247.85,247.88,247.65,247.77,49504
2025-06-02 06:00:00,247.73,247.92,247.69,247.92,57119
2025-06-02 06:05:00,247.91,248.0,247.7,247.89,137279
2025-06-02 06:10:00,247.86,247.93,247.44,247.52,94250
2025-06-02 06:15:00,247.53,247.68,247.5,247.61,58080
2025-06-02 06:20:00,247.6,247.69,247.41,247.51,47417
2025-06-02 06:25:00,247.5,247.66,247.31,247.47,72644
2025-06-02 06:30:00,247.46,247.48,247.2,247.29,71685
2025-06-02 06:35:00,247.29,247.39,247.15,247.23,54441
2025-06-02 06:40:00,247.19,247.35,247.18,247.31,28469
2025-06-02 06:45:00,247.33,247.56,247.27,247.49,28195
2025-06-02 06:50:00,247.49,247.69,247.4,247.5,45434
2025-06-02 06:55:00,247.51,247.55,247.44,247.5,120376
2025-06-02 07:00:00,247.51,247.95,247.5,247.87,49932
2025-06-02 07:05:00,247.83,247.99,247.7,247.92,69499
2025-06-02 07:10:00,247.92,247.94,247.7,247.73,38244
2025-06-02 07:15:00,247.71,247.9,247.59,247.86,51896
2025-06-02 07:20:00,247.85,247.96,247.79,247.86,48363
2025-06-02 07:25:00,247.86,247.86,247.25,247.3,36681
2025-06-02 07:30:00,247.3,247.62,247.29,247.5,15859
2025-06-02 07:35:00,247.53,247.57,247.38,247.44,21343
2025-06-02 07:40:00,247.44,247.5,247.3,247.45,23034
2025-06-02 07:45:00,247.45,247.69,247.37,247.65,35308
2025-06-02 07:50:00,247.67,247.85,247.61,247.83,26662
2025-06-02 07:55:00,247.83,248.18,247.8,248.08,120407
2025-06-02 08:00:00,248.08,248.23,247.89,247.89,91197
2025-06-02 08:05:00,247.93,248.34,247.9,248.09,52240
2025-06-02 08:10:00,248.09,248.42,248.04,248.22,63590
2025-06-02 08:15:00,248.22,248.25,248.05,248.08,39225
2025-06-02 08:20:00,248.09,248.28,248.01,248.12,38831
2025-06-02 08:25:00,248.1,248.18,248.0,248.04,81234
2025-06-02 08:30:00,248.04,248.2,248.0,248.04,32372
2025-06-02 08:35:00,248.05,248.05,247.5,247.57,130054
2025-06-02 08:40:00,247.57,247.81,247.5,247.76,57849
2025-06-02 08:45:00,247.77,247.81,247.7,247.71,61939
2025-06-02 08:50:00,247.7,247.76,247.7,247.71,55263
2025-06-02 08:55:00,247.71,247.86,247.7,247.76,39104
2025-06-02 09:00:00,247.74,247.77,247.5,247.56,110289
2025-06-02 09:05:00,247.55,247.63,247.5,247.53,70759
2025-06-02 09:10:00,247.55,247.7,247.53,247.6,20730
2025-06-02 09:15:00,247.55,247.7,247.5,247.6,57142
2025-06-02 09:20:00,247.59,247.7,247.5,247.7,25039
2025-06-02 09:25:00,247.72,248.0,247.63,247.95,188138
2025-06-02 09:30:00,247.99,248.17,247.92,247.97,106763
2025-06-02 09:35:00,247.97,247.99,247.85,247.88,67499
2025-06-02 09:40:00,247.88,247.9,247.57,247.58,88275
2025-06-02 09:45:00,247.53,247.69,247.5,247.62,120910
2025-06-02 09:50:00,247.61,247.66,247.5,247.51,180185
2025-06-02 09:55:00,247.5,247.68,247.5,247.58,205585
2025-06-03 03:45:00,248.0,249.5,248.0,248.61,470820
2025-06-03 03:50:00,248.61,248.61,247.2,247.34,272475
2025-06-03 03:55:00,247.3,247.34,246.71,246.97,274714
2025-06-03 04:00:00,247.01,247.18,246.62,246.78,222074
2025-06-03 04:05:00,246.75,247.13,246.7,246.88,150132
2025-06-03 04:10:00,246.87,246.87,246.41,246.52,164450
2025-06-03 04:15:00,246.52,246.82,246.5,246.58,86994
2025-06-03 04:20:00,246.58,246.81,246.51,246.61,103755
2025-06-03 04:25:00,246.6,246.73,246.5,246.55,92969
2025-06-03 04:30:00,246.55,246.58,246.25,246.58,194110
2025-06-03 04:35:00,246.57,246.63,246.48,246.6,48536
2025-06-03 04:40:00,246.52,246.83,246.5,246.83,92684
2025-06-03 04:45:00,246.75,247.13,246.63,246.99,96430
2025-06-03 04:50:00,247.08,247.29,247.0,247.06,94626
2025-06-03 04:55:00,247.09,247.39,247.0,247.0,124758
2025-06-03 05:00:00,247.0,247.23,247.0,247.05,59320
2025-06-03 05:05:00,247.09,247.09,246.9,247.0,133453
2025-06-03 05:10:00,247.03,247.06,246.81,246.98,67412
2025-06-03 05:15:00,246.98,247.15,246.9,247.09,53685
2025-06-03 05:20:00,247.06,247.08,246.85,247.03,43520
2025-06-03 05:25:00,247.05,247.23,246.91,246.93,55263
2025-06-03 05:30:00,246.99,246.99,246.8,246.85,48973
2025-06-03 05:35:00,246.85,246.87,246.71,246.87,67629
2025-06-03 05:40:00,246.88,247.0,246.63,246.63,52236
2025-06-03 05:45:00,246.7,246.75,246.55,246.72,66773
2025-06-03 05:50:00,246.73,246.73,246.52,246.6,43720
2025-06-03 05:55:00,246.61,246.66,246.46,246.49,130876
2025-06-03 06:00:00,246.5,246.77,246.3,246.5,402889
2025-06-03 06:05:00,246.5,246.5,246.25,246.32,59968
2025-06-03 06:10:00,246.3,246.33,245.9,246.02,163666
2025-06-03 06:15:00,246.07,246.15,246.0,246.02,63336
2025-06-03 06:20:00,246.02,246.15,246.0,246.09,45392
2025-06-03 06:25:00,246.1,246.27,246.09,246.1,49203
2025-06-03 06:30:00,246.14,246.29,246.06,246.29,47206
2025-06-03 06:35:00,246.25,246.42,246.05,246.09,59049
2025-06-03 06:40:00,246.05,246.23,246.0,246.14,62822
2025-06-03 06:45:00,246.13,246.14,245.73,245.84,85805
2025-06-03 06:50:00,245.83,246.06,245.8,246.02,101678
2025-06-03 06:55:00,245.87,246.34,245.87,246.28,80730
2025-06-03 07:00:00,246.28,246.48,246.22,246.23,31381
2025-06-03 07:05:00,246.22,246.54,246.22,246.4,91869
2025-06-03 07:10:00,246.33,246.48,246.3,246.48,39756
2025-06-03 07:15:00,246.48,246.5,246.2,246.27,70662
2025-06-03 07:20:00,246.22,246.3,245.84,246.12,120735
2025-06-03 07:25:00,246.12,246.12,245.91,245.95,70108
2025-06-03 07:30:00,245.95,246.13,245.91,246.08,55804
2025-06-03 07:35:00,246.1,246.16,246.0,246.07,50814
2025-06-03 07:40:00,246.05,246.22,246.0,246.14,51230
2025-06-03 07:45:00,246.18,246.31,246.0,246.19,56908
2025-06-03 07:50:00,246.19,246.41,246.13,246.17,51883
2025-06-03 07:55:00,246.17,246.25,246.06,246.24,43207
2025-06-03 08:00:00,246.25,246.39,246.09,246.13,65768
2025-06-03 08:05:00,246.15,246.33,246.05,246.29,43924
2025-06-03 08:10:00,246.26,246.28,246.0,246.07,39492
2025-06-03 08:15:00,246.07,246.12,246.0,246.03,40642
2025-06-03 08:20:00,246.04,246.26,246.03,246.1,57094
2025-06-03 08:25:00,246.15,246.16,246.0,246.15,39012
2025-06-03 08:30:00,246.16,246.44,246.06,246.29,50430
2025-06-03 08:35:00,246.3,246.33,246.21,246.25,32204
2025-06-03 08:40:00,246.22,246.41,246.17,246.35,109180
2025-06-03 08:45:00,246.32,246.39,245.99,246.05,142552
2025-06-03 08:50:00,246.05,246.25,246.01,246.21,30913
2025-06-03 08:55:00,246.2,246.24,246.03,246.04,36788
2025-06-03 09:00:00,246.06,246.23,246.04,246.14,59972
2025-06-03 09:05:00,246.14,246.25,246.05,246.1,46937
2025-06-03 09:10:00,246.03,246.18,245.99,246.14,120498
2025-06-03 09:15:00,246.09,246.3,246.0,246.1,114779
2025-06-03 09:20:00,246.05,246.1,245.9,246.0,75232
2025-06-03 09:25:00,246.0,246.25,246.0,246.24,212754
2025-06-03 09:30:00,246.24,246.66,246.19,246.22,236648
2025-06-03 09:35:00,246.25,246.34,246.18,246.23,177609
2025-06-03 09:40:00,246.23,246.43,246.21,246.29,360115
2025-06-03 09:45:00,246.26,246.35,246.12,246.16,434362
2025-06-03 09:50:00,246.16,246.17,245.93,246.07,450141
2025-06-03 09:55:00,246.07,246.5,245.98,246.47,326118
2025-06-04 03:45:00,246.51,249.81,246.51,248.77,838107
2025-06-04 03:50:00,248.69,249.2,248.43,248.79,275915
2025-06-04 03:55:00,248.77,248.77,248.11,248.11,157843
2025-06-04 04:00:00,248.11,248.44,247.75,247.81,189710
2025-06-04 04:05:00,247.87,247.95,247.33,247.7,119700
2025-06-04 04:10:00,247.75,248.1,247.65,248.06,77244
2025-06-04 04:15:00,248.1,248.2,247.5,247.6,112827
2025-06-04 04:20:00,247.6,247.9,247.42,247.54,64907
2025-06-04 04:25:00,247.59,247.68,247.38,247.64,99327
2025-06-04 04:30:00,247.65,247.9,247.2,247.25,138162
2025-06-04 04:35:00,247.25,247.47,247.11,247.19,63160
2025-06-04 04:40:00,247.13,247.35,247.1,247.3,54923
2025-06-04 04:45:00,247.3,247.47,247.01,247.14,63757
2025-06-04 04:50:00,247.15,247.7,247.12,247.24,59622
2025-06-04 04:55:00,247.23,247.53,247.2,247.35,59094
2025-06-04 05:00:00,247.39,247.61,247.35,247.56,34853
2025-06-04 05:05:00,247.56,247.64,247.45,247.63,53421
2025-06-04 05:10:00,247.66,248.19,247.5,248.01,131938
2025-06-04 05:15:00,248.01,248.06,247.6,247.6,58895
2025-06-04 05:20:00,247.62,247.65,247.5,247.51,40614
2025-06-04 05:25:00,247.55,247.56,247.37,247.5,56559
2025-06-04 05:30:00,247.55,247.75,247.5,247.73,30401
2025-06-04 05:35:00,247.73,247.75,247.57,247.68,25722
2025-06-04 05:40:00,247.68,247.7,247.5,247.5,34097
2025-06-04 05:45:00,247.51,247.57,247.25,247.43,77351
2025-06-04 05:50:00,247.45,247.55,247.39,247.46,28939
2025-06-04 05:55:00,247.47,247.49,247.0,247.0,77943
2025-06-04 06:00:00,247.06,247.1,246.9,247.09,58124
2025-06-04 06:05:00,247.04,247.15,247.04,247.13,25722
2025-06-04 06:10:00,247.13,247.15,246.9,246.99,46175
2025-06-04 06:15:00,247.0,247.05,246.75,246.8,47542
2025-06-04 06:20:00,246.8,246.86,246.65,246.8,37037
2025-06-04 06:25:00,246.8,247.0,246.64,246.98,29984
2025-06-04 06:30:00,246.98,246.98,246.75,246.84,16688
2025-06-04 06:35:00,246.82,246.94,246.62,246.76,29523
2025-06-04 06:40:00,246.77,247.04,246.72,247.0,26998
2025-06-04 06:45:00,247.02,247.2,246.95,247.0,42907
2025-06-04 06:50:00,247.06,247.09,246.9,247.04,34580
2025-06-04 06:55:00,247.09,247.09,246.8,246.89,33707
2025-06-04 07:00:00,246.89,247.05,246.75,247.0,33588
2025-06-04 07:05:00,247.02,247.2,247.0,247.11,27388
2025-06-04 07:10:00,247.15,247.17,246.91,247.04,30420
2025-06-04 07:15:00,247.04,247.36,247.02,247.11,40217
2025-06-04 07:20:00,247.13,247.2,247.01,247.05,19889
2025-06-04 07:25:00,247.06,247.24,247.05,247.22,24647
2025-06-04 07:30:00,247.23,247.45,247.22,247.27,44182
2025-06-04 07:35:00,247.27,247.43,247.21,247.22,31955
2025-06-04 07:40:00,247.23,247.24,247.11,247.21,34103
2025-06-04 07:45:00,247.21,247.29,247.06,247.13,42038
2025-06-04 07:50:00,247.14,247.3,247.13,247.16,17950
2025-06-04 07:55:00,247.16,247.37,247.14,247.32,32120
2025-06-04 08:00:00,247.37,247.38,247.23,247.3,28833
2025-06-04 08:05:00,247.27,247.29,247.2,247.2,50948
2025-06-04 08:10:00,247.21,247.27,247.1,247.17,36487
2025-06-04 08:15:00,247.15,247.4,247.15,247.33,62253
2025-06-04 08:20:00,247.34,247.43,247.29,247.36,44376
2025-06-04 08:25:00,247.34,247.42,247.27,247.37,41143
2025-06-04 08:30:00,247.34,247.55,247.26,247.37,52558
2025-06-04 08:35:00,247.38,247.61,247.31,247.47,88102
2025-06-04 08:40:00,247.51,247.52,247.32,247.32,42908
2025-06-04 08:45:00,247.31,247.5,247.3,247.39,41120
2025-06-04 08:50:00,247.41,247.41,247.2,247.38,62871
2025-06-04 08:55:00,247.31,247.36,247.09,247.11,46200
2025-06-04 09:00:00,247.12,247.2,247.01,247.11,47390
2025-06-04 09:05:00,247.06,247.14,246.99,247.0,62183
2025-06-04 09:10:00,247.01,247.01,246.9,247.0,72781
2025-06-04 09:15:00,246.94,247.05,246.9,247.0,44209
2025-06-04 09:20:00,247.0,247.11,246.88,246.89,123350
2025-06-04 09:25:00,246.88,247.09,246.88,247.04,30754
2025-06-04 09:30:00,247.05,247.3,246.88,246.99,166149
2025-06-04 09:35:00,246.99,247.0,246.73,246.89,288679
2025-06-04 09:40:00,246.85,246.97,246.76,246.84,298553
2025-06-04 09:45:00,246.8,246.92,246.66,246.87,427631
2025-06-04 09:50:00,246.86,246.93,246.71,246.9,384377
2025-06-04 09:55:00,246.83,247.11,246.8,247.05,320450
2025-06-05 03:45:00,246.9,248.0,246.88,247.45,307899
2025-06-05 03:50:00,247.45,247.99,247.44,247.85,95835
2025-06-05 03:55:00,247.88,248.1,247.75,248.04,123787
2025-06-05 04:00:00,248.04,248.23,247.75,248.18,62262
2025-06-05 04:05:00,248.18,248.85,248.04,248.06,134601
2025-06-05 04:10:00,248.04,248.2,247.92,248.05,49017
2025-06-05 04:15:00,248.13,248.15,248.0,248.14,33917
2025-06-05 04:20:00,248.14,248.15,247.65,247.74,109046
2025-06-05 04:25:00,247.68,247.8,247.38,247.38,63408
2025-06-05 04:30:00,247.48,247.87,247.41,247.69,50271
2025-06-05 04:35:00,247.61,247.7,247.5,247.55,42442
2025-06-05 04:40:00,247.56,247.68,247.38,247.52,49284
2025-06-05 04:45:00,247.6,247.64,247.4,247.41,27588
2025-06-05 04:50:00,247.41,247.55,247.4,247.45,15257
2025-06-05 04:55:00,247.45,247.71,247.45,247.53,45629
2025-06-05 05:00:00,247.62,247.68,247.51,247.51,46857
2025-06-05 05:05:00,247.55,247.55,247.41,247.5,32163
2025-06-05 05:10:00,247.45,247.55,247.45,247.5,14238
2025-06-05 05:15:00,247.47,247.61,247.45,247.5,24786
2025-06-05 05:20:00,247.5,247.54,247.2,247.22,57420
2025-06-05 05:25:00,247.25,247.37,247.1,247.35,47099
2025-06-05 05:30:00,247.3,247.32,247.0,247.29,45808
2025-06-05 05:35:00,247.29,247.34,247.14,247.2,26436
2025-06-05 05:40:00,247.2,247.39,247.13,247.29,18828
2025-06-05 05:45:00,247.3,247.59,246.96,247.59,204996
2025-06-05 05:50:00,247.52,247.6,247.45,247.59,34116
2025-06-05 05:55:00,247.55,247.85,247.31,247.48,103739
2025-06-05 06:00:00,247.48,247.51,247.31,247.46,31307
2025-06-05 06:05:00,247.46,247.55,247.31,247.31,40535
2025-06-05 06:10:00,247.35,247.46,247.3,247.39,24604
2025-06-05 06:15:00,247.42,247.43,247.01,247.12,32413
2025-06-05 06:20:00,247.1,247.48,247.05,247.41,28041
2025-06-05 06:25:00,247.41,247.85,247.4,247.85,71853
2025-06-05 06:30:00,247.85,248.55,247.8,248.55,410077
2025-06-05 06:35:00,248.51,248.75,248.33,248.49,210461
2025-06-05 06:40:00,248.48,249.39,248.48,249.15,231941
2025-06-05 06:45:00,249.21,249.49,248.86,248.92,123203
2025-06-05 06:50:00,248.9,249.09,248.8,248.9,52501
2025-06-05 06:55:00,248.95,248.98,248.41,248.6,94049
2025-06-05 07:00:00,248.65,248.86,248.51,248.51,41348
2025-06-05 07:05:00,248.51,248.55,248.26,248.44,49550
2025-06-05 07:10:00,248.43,248.73,248.41,248.56,25953
2025-06-05 07:15:00,248.56,248.68,248.25,248.39,57434
2025-06-05 07:20:00,248.35,248.6,248.35,248.56,25008
2025-06-05 07:25:00,248.6,248.66,248.15,248.29,67536
2025-06-05 07:30:00,248.35,248.56,248.3,248.39,39844
2025-06-05 07:35:00,248.39,248.73,248.26,248.32,35923
2025-06-05 07:40:00,248.3,248.38,247.95,248.0,53643
2025-06-05 07:45:00,248.01,248.11,247.88,248.01,37986
2025-06-05 07:50:00,248.08,248.09,247.91,247.98,22531
2025-06-05 07:55:00,247.94,248.28,247.76,248.08,31963
2025-06-05 08:00:00,248.08,248.47,248.08,248.41,220520
2025-06-05 08:05:00,248.44,248.7,248.32,248.65,158120
2025-06-05 08:10:00,248.65,248.79,248.06,248.08,75051
2025-06-05 08:15:00,248.1,248.23,247.86,248.02,60834
2025-06-05 08:20:00,248.02,248.08,247.52,247.6,44034
2025-06-05 08:25:00,247.6,247.69,247.22,247.3,73431
2025-06-05 08:30:00,247.34,247.61,247.05,247.44,142770
2025-06-05 08:35:00,247.44,247.65,247.13,247.13,76604
2025-06-05 08:40:00,247.13,247.44,247.09,247.28,92048
2025-06-05 08:45:00,247.28,247.33,247.1,247.23,73848
2025-06-05 08:50:00,247.18,247.44,247.1,247.25,67240
2025-06-05 08:55:00,247.2,247.6,247.15,247.6,93721
2025-06-05 09:00:00,247.5,247.8,247.37,247.8,167975
2025-06-05 09:05:00,247.73,247.8,247.5,247.75,51421
2025-06-05 09:10:00,247.74,248.09,247.57,247.91,95501
2025-06-05 09:15:00,247.85,248.2,247.85,248.05,64218
2025-06-05 09:20:00,248.05,248.34,247.85,247.88,59755
2025-06-05 09:25:00,247.85,247.96,247.74,247.81,62283
2025-06-05 09:30:00,247.8,248.2,247.77,248.03,170594
2025-06-05 09:35:00,248.07,248.12,247.82,248.01,177731
2025-06-05 09:40:00,247.82,247.99,247.56,247.9,194236
2025-06-05 09:45:00,247.94,248.19,247.77,248.08,189105
2025-06-05 09:50:00,248.03,248.15,247.74,248.15,216793
2025-06-05 09:55:00,248.16,248.37,248.05,248.2,132442
2025-06-06 03:45:00,247.1,249.45,247.1,249.22,234453
2025-06-06 03:50:00,249.22,249.98,248.59,248.6,165325
2025-06-06 03:55:00,248.6,248.6,247.94,248.1,94153
2025-06-06 04:00:00,247.96,248.07,247.42,247.5,106016
2025-06-06 04:05:00,247.5,247.89,247.4,247.46,46953
2025-06-06 04:10:00,247.43,247.8,247.39,247.45,148038
2025-06-06 04:15:00,247.45,247.94,247.4,247.85,34171
2025-06-06 04:20:00,247.9,248.36,247.86,248.15,36966
2025-06-06 04:25:00,248.08,248.3,248.0,248.25,68173
2025-06-06 04:30:00,248.28,248.4,247.87,248.03,37071
2025-06-06 04:35:00,248.0,248.99,247.9,248.75,104796
2025-06-06 04:40:00,248.85,248.85,248.14,248.47,135744
2025-06-06 04:45:00,248.39,248.62,248.15,248.38,20942
2025-06-06 04:50:00,248.39,248.5,248.16,248.33,19959
2025-06-06 04:55:00,248.33,248.35,247.9,248.23,44535
2025-06-06 05:00:00,248.33,248.75,248.03,248.55,25542
2025-06-06 05:05:00,248.55,248.62,248.13,248.22,44319
2025-06-06 05:10:00,248.25,248.6,248.16,248.37,178545
2025-06-06 05:15:00,248.37,248.99,248.3,248.91,98987
2025-06-06 05:20:00,248.92,248.95,248.66,248.9,53237
2025-06-06 05:25:00,248.86,249.0,248.65,248.88,82117
2025-06-06 05:30:00,248.88,249.15,248.75,249.05,78552
2025-06-06 05:35:00,249.12,249.14,248.75,248.84,52231
2025-06-06 05:40:00,248.84,248.88,248.65,248.76,29346
2025-06-06 05:45:00,248.77,248.95,248.6,248.78,39594
2025-06-06 05:50:00,248.83,248.83,248.39,248.59,81519
2025-06-06 05:55:00,248.55,248.72,248.4,248.52,70372
2025-06-06 06:00:00,248.54,248.68,248.41,248.57,104030
2025-06-06 06:05:00,248.49,248.65,248.44,248.48,13452
2025-06-06 06:10:00,248.46,248.95,248.45,248.67,31668
2025-06-06 06:15:00,248.74,248.88,248.53,248.64,25548
2025-06-06 06:20:00,248.63,248.94,248.61,248.82,58568
2025-06-06 06:25:00,248.89,249.36,248.85,249.25,103008
2025-06-06 06:30:00,249.26,249.26,248.85,248.88,46779
2025-06-06 06:35:00,248.87,249.19,248.87,248.96,21354
2025-06-06 06:40:00,248.96,249.02,248.71,248.71,23253
2025-06-06 06:45:00,248.71,248.8,248.5,248.66,26211
2025-06-06 06:50:00,248.65,248.66,248.33,248.59,61011
2025-06-06 06:55:00,248.59,248.6,248.37,248.5,38464
2025-06-06 07:00:00,248.5,248.57,248.38,248.45,29982
2025-06-06 07:05:00,248.45,248.5,248.15,248.17,38762
2025-06-06 07:10:00,248.22,248.37,248.16,248.37,18452
2025-06-06 07:15:00,248.37,248.48,248.25,248.29,13330
2025-06-06 07:20:00,248.29,248.29,248.15,248.18,16396
2025-06-06 07:25:00,248.18,248.28,248.05,248.1,46372
2025-06-06 07:30:00,248.1,248.22,248.02,248.12,20363
2025-06-06 07:35:00,248.13,248.16,248.04,248.14,27987
2025-06-06 07:40:00,248.16,248.16,248.04,248.11,15089
2025-06-06 07:45:00,248.11,248.32,248.01,248.1,20029
2025-06-06 07:50:00,248.04,248.25,248.01,248.24,22247
2025-06-06 07:55:00,248.12,248.32,248.12,248.23,12502
2025-06-06 08:00:00,248.25,248.25,248.0,248.09,38706
2025-06-06 08:05:00,248.13,248.42,248.09,248.32,12010
2025-06-06 08:10:00,248.4,248.41,248.1,248.19,41341
2025-06-06 08:15:00,248.19,248.37,248.05,248.06,24933
2025-06-06 08:20:00,248.09,248.09,248.01,248.02,20356
2025-06-06 08:25:00,248.03,248.3,248.02,248.3,20562
2025-06-06 08:30:00,248.3,248.3,248.15,248.25,16501
2025-06-06 08:35:00,248.25,248.34,248.07,248.18,12227
2025-06-06 08:40:00,248.13,248.23,248.05,248.18,16521
2025-06-06 08:45:00,248.09,248.42,248.09,248.41,31957
2025-06-06 08:50:00,248.5,248.64,248.4,248.61,56689
2025-06-06 08:55:00,248.61,248.67,248.51,248.63,42977
2025-06-06 09:00:00,248.61,248.69,248.5,248.6,23496
2025-06-06 09:05:00,248.6,248.64,248.28,248.35,27937
2025-06-06 09:10:00,248.38,248.49,248.3,248.38,12263
2025-06-06 09:15:00,248.4,248.49,248.34,248.48,28884
2025-06-06 09:20:00,248.43,248.49,248.35,248.4,41500
2025-06-06 09:25:00,248.45,248.61,248.4,248.45,153568
2025-06-06 09:30:00,248.43,248.67,248.4,248.67,139385
2025-06-06 09:35:00,248.67,248.9,248.64,248.84,84480
2025-06-06 09:40:00,248.82,248.82,248.52,248.62,76800
2025-06-06 09:45:00,248.62,248.73,248.49,248.56,142813
2025-06-06 09:50:00,248.69,248.71,248.49,248.55,151906
2025-06-06 09:55:00,248.55,248.6,248.4,248.5,259999
2025-06-09 03:45:00,249.6,250.59,249.22,250.48,303782
2025-06-09 03:50:00,250.48,251.25,250.48,250.7,344059
2025-06-09 03:55:00,250.75,251.6,250.71,251.09,187861
2025-06-09 04:00:00,251.09,251.09,250.52,250.92,121929
2025-06-09 04:05:00,250.91,251.0,250.7,250.86,82914
2025-06-09 04:10:00,250.9,250.9,250.5,250.63,44179
2025-06-09 04:15:00,250.6,250.99,250.58,250.8,75120
2025-06-09 04:20:00,250.89,250.89,250.36,250.41,92174
2025-06-09 04:25:00,250.41,250.42,250.26,250.26,43545
2025-06-09 04:30:00,250.3,250.78,250.26,250.71,68998
2025-06-09 04:35:00,250.71,250.85,250.55,250.62,28552
2025-06-09 04:40:00,250.68,250.7,250.45,250.54,38731
2025-06-09 04:45:00,250.58,250.72,250.42,250.55,42505
2025-06-09 04:50:00,250.55,250.82,250.41,250.77,36763
2025-06-09 04:55:00,250.77,250.98,250.75,250.9,58422
2025-06-09 05:00:00,250.91,250.95,250.6,250.69,48548
2025-06-09 05:05:00,250.69,250.69,250.5,250.55,40167
2025-06-09 05:10:00,250.55,250.56,250.42,250.5,30937
2025-06-09 05:15:00,250.5,250.52,250.39,250.5,30970
2025-06-09 05:20:00,250.45,250.5,250.3,250.41,25736
2025-06-09 05:25:00,250.33,250.42,249.97,250.05,461248
2025-06-09 05:30:00,250.05,250.07,249.71,249.82,79383
2025-06-09 05:35:00,249.76,249.85,249.5,249.66,61771
2025-06-09 05:40:00,249.61,249.69,249.4,249.41,75091
2025-06-09 05:45:00,249.42,249.56,249.3,249.5,99336
2025-06-09 05:50:00,249.54,249.91,249.3,249.87,76014
2025-06-09 05:55:00,249.88,249.92,249.8,249.87,42448
2025-06-09 06:00:00,249.9,250.0,249.75,249.75,226991
2025-06-09 06:05:00,249.75,249.84,249.65,249.76,23407
2025-06-09 06:10:00,249.83,249.9,249.74,249.78,35811
2025-06-09 06:15:00,249.84,250.0,249.8,249.96,29646
2025-06-09 06:20:00,249.99,250.0,249.73,249.77,147982
2025-06-09 06:25:00,249.81,249.95,249.7,249.87,40089
2025-06-09 06:30:00,249.87,249.88,249.7,249.78,22883
2025-06-09 06:35:00,249.81,249.82,249.67,249.7,28597
2025-06-09 06:40:00,249.67,249.9,249.67,249.81,18753
2025-06-09 06:45:00,249.88,249.95,249.8,249.84,29130
2025-06-09 06:50:00,249.84,249.88,249.74,249.77,21592
2025-06-09 06:55:00,249.81,250.04,249.77,249.95,165053
2025-06-09 07:00:00,249.98,250.09,249.85,250.0,58766
2025-06-09 07:05:00,250.0,250.05,249.95,250.0,106177
2025-06-09 07:10:00,250.01,250.29,250.0,250.13,70969
2025-06-09 07:15:00,250.1,250.2,250.01,250.07,32722
2025-06-09 07:20:00,250.1,250.14,250.01,250.06,22948
2025-06-09 07:25:00,250.01,250.1,250.0,250.09,15183
2025-06-09 07:30:00,250.08,250.1,249.94,250.05,46734
2025-06-09 07:35:00,250.02,250.15,250.0,250.14,70608
2025-06-09 07:40:00,250.14,250.15,250.0,250.08,25945
2025-06-09 07:45:00,250.1,250.32,250.05,250.15,95526
2025-06-09 07:50:00,250.15,250.24,250.05,250.11,70383
2025-06-09 07:55:00,250.14,250.22,250.11,250.19,22916
2025-06-09 08:00:00,250.19,250.27,250.01,250.08,39346
2025-06-09 08:05:00,250.07,250.3,250.01,250.23,32505
2025-06-09 08:10:00,250.23,250.38,250.05,250.1,85700
2025-06-09 08:15:00,250.09,250.17,250.0,250.03,18767
2025-06-09 08:20:00,250.01,250.16,250.0,250.01,33233
2025-06-09 08:25:00,250.06,250.24,250.01,250.06,34443
2025-06-09 08:30:00,250.04,250.15,249.82,250.07,71414
2025-06-09 08:35:00,250.01,250.53,250.01,250.17,151361
2025-06-09 08:40:00,250.17,250.5,250.13,250.39,218857
2025-06-09 08:45:00,250.39,252.8,250.33,252.71,1056075
2025-06-09 08:50:00,252.63,253.4,252.0,252.2,939330
2025-06-09 08:55:00,252.13,252.43,251.65,251.91,207064
2025-06-09 09:00:00,251.9,251.97,251.75,251.81,115558
2025-06-09 09:05:00,251.8,251.84,251.6,251.62,77354
2025-06-09 09:10:00,251.61,251.83,251.35,251.4,98053
2025-06-09 09:15:00,251.38,251.65,251.16,251.36,104304
2025-06-09 09:20:00,251.37,251.4,251.25,251.26,60128
2025-06-09 09:25:00,251.26,251.34,251.13,251.16,72189
2025-06-09 09:30:00,251.17,251.28,251.0,251.11,212329
2025-06-09 09:35:00,251.14,251.29,251.11,251.2,82529
2025-06-09 09:40:00,251.2,251.25,251.09,251.09,108263
2025-06-09 09:45:00,251.12,251.41,251.07,251.27,194949
2025-06-09 09:50:00,251.27,251.78,251.22,251.5,318150
2025-06-09 09:55:00,251.58,251.9,251.0,251.72,587753
2025-06-10 03:45:00,252.9,253.19,251.83,252.4,445001
2025-06-10 03:50:00,252.33,253.2,252.33,252.93,248247
2025-06-10 03:55:00,252.93,253.6,252.8,252.9,278251
2025-06-10 04:00:00,252.95,254.19,252.54,253.9,309819
2025-06-10 04:05:00,253.93,254.4,253.7,254.1,385607
2025-06-10 04:10:00,254.1,254.3,253.84,254.0,173145
2025-06-10 04:15:00,254.0,254.25,253.72,253.86,143366
2025-06-10 04:20:00,253.69,253.89,253.24,253.41,127133
2025-06-10 04:25:00,253.41,253.49,253.08,253.15,87632
2025-06-10 04:30:00,253.15,253.8,253.12,253.4,107410
2025-06-10 04:35:00,253.34,253.6,253.14,253.55,56093
2025-06-10 04:40:00,253.53,253.88,253.4,253.87,72922
2025-06-10 04:45:00,253.84,253.88,253.5,253.56,59086
2025-06-10 04:50:00,253.56,253.98,253.51,253.7,142469
2025-06-10 04:55:00,253.8,253.81,253.5,253.5,61738
2025-06-10 05:00:00,253.5,253.73,253.33,253.38,43349
2025-06-10 05:05:00,253.41,253.8,253.25,253.8,57251
2025-06-10 05:10:00,253.8,253.84,253.46,253.56,48184
2025-06-10 05:15:00,253.46,253.62,253.31,253.39,53426
2025-06-10 05:20:00,253.38,253.52,252.6,252.7,159057
2025-06-10 05:25:00,252.69,253.0,252.61,252.67,65618
2025-06-10 05:30:00,252.65,252.92,252.6,252.63,57298
2025-06-10 05:35:00,252.63,253.21,252.6,253.21,78833
2025-06-10 05:40:00,253.05,253.7,253.0,253.69,87600
2025-06-10 05:45:00,253.69,254.45,253.51,254.3,268081
2025-06-10 05:50:00,254.3,254.88,254.18,254.54,646811
2025-06-10 05:55:00,254.54,255.29,254.54,255.14,467407
2025-06-10 06:00:00,255.2,255.3,254.76,255.12,204101
2025-06-10 06:05:00,255.25,255.5,254.92,255.45,410071
2025-06-10 06:10:00,255.46,255.48,254.62,254.76,165685
2025-06-10 06:15:00,254.81,255.16,254.7,255.01,114083
2025-06-10 06:20:00,255.16,255.35,255.0,255.1,116453
2025-06-10 06:25:00,255.14,255.22,255.0,255.0,139013
2025-06-10 06:30:00,255.12,255.29,254.71,255.1,275095
2025-06-10 06:35:00,255.1,255.26,255.0,255.08,64451
2025-06-10 06:40:00,255.18,255.25,254.8,254.8,93537
2025-06-10 06:45:00,254.92,254.99,254.71,254.72,75468
2025-06-10 06:50:00,254.7,254.88,254.3,254.37,120078
2025-06-10 06:55:00,254.4,254.69,254.33,254.6,113937
2025-06-10 07:00:00,254.64,255.7,254.52,255.7,312196
2025-06-10 07:05:00,255.6,255.8,255.18,255.21,279783
2025-06-10 07:10:00,255.33,255.55,255.12,255.33,124338
2025-06-10 07:15:00,255.33,255.33,255.01,255.09,83011
2025-06-10 07:20:00,255.12,255.13,254.5,254.53,96397
2025-06-10 07:25:00,254.6,254.99,254.51,254.95,56183
2025-06-10 07:30:00,254.95,255.2,254.86,255.13,50674
2025-06-10 07:35:00,255.14,255.2,254.87,255.0,57205
2025-06-10 07:40:00,255.0,255.0,254.83,254.97,47651
2025-06-10 07:45:00,254.82,254.99,254.58,254.89,47443
2025-06-10 07:50:00,254.89,254.95,254.72,254.87,37463
2025-06-10 07:55:00,254.83,254.92,254.7,254.9,49683
2025-06-10 08:00:00,254.9,254.92,254.62,254.73,51573
2025-06-10 08:05:00,254.71,254.9,254.65,254.88,54272
2025-06-10 08:10:00,254.9,255.13,254.75,254.91,102422
2025-06-10 08:15:00,254.94,255.07,254.81,255.0,53086
2025-06-10 08:20:00,255.0,255.0,254.85,254.98,45289
2025-06-10 08:25:00,255.0,255.0,254.71,254.75,61442
2025-06-10 08:30:00,254.85,254.85,254.6,254.71,46708
2025-06-10 08:35:00,254.7,254.79,254.55,254.75,69442
2025-06-10 08:40:00,254.74,254.76,254.55,254.7,45045
2025-06-10 08:45:00,254.65,254.8,254.51,254.74,73875
2025-06-10 08:50:00,254.8,254.9,254.67,254.76,43855
2025-06-10 08:55:00,254.88,254.94,254.73,254.85,42367
2025-06-10 09:00:00,254.83,254.9,254.72,254.89,43790
2025-06-10 09:05:00,254.89,255.0,254.76,255.0,48159
2025-06-10 09:10:00,255.0,255.0,254.8,254.94,64962
2025-06-10 09:15:00,254.94,254.95,254.7,254.86,62281
2025-06-10 09:20:00,254.86,254.9,254.7,254.9,84526
2025-06-10 09:25:00,254.9,254.9,254.5,254.62,135033
2025-06-10 09:30:00,254.72,255.3,254.69,254.79,338270
2025-06-10 09:35:00,254.79,254.85,254.52,254.81,210633
2025-06-10 09:40:00,254.9,254.98,254.77,254.85,284676
2025-06-10 09:45:00,254.85,254.91,254.74,254.87,312658
2025-06-10 09:50:00,254.88,255.0,254.75,254.89,330932
2025-06-10 09:55:00,254.84,255.0,254.56,254.69,266013
2025-06-11 03:45:00,256.02,256.47,254.1,255.15,675639
2025-06-11 03:50:00,255.2,255.22,254.2,254.25,293471
2025-06-11 03:55:00,254.25,254.9,254.19,254.9,139045
2025-06-11 04:00:00,254.9,254.97,254.5,254.76,145626
2025-06-11 04:05:00,254.74,254.86,254.5,254.76,146891
2025-06-11 04:10:00,254.76,254.76,254.52,254.64,107254
2025-06-11 04:15:00,254.64,254.8,254.25,254.53,122624
2025-06-11 04:20:00,254.53,254.6,254.4,254.54,60746
2025-06-11 04:25:00,254.55,255.27,254.55,255.23,121433
2025-06-11 04:30:00,255.17,255.4,255.05,255.34,77440
2025-06-11 04:35:00,255.34,255.37,255.12,255.23,68409
2025-06-11 04:40:00,255.23,255.23,254.79,255.02,80965
2025-06-11 04:45:00,255.01,255.2,254.84,255.19,74586
2025-06-11 04:50:00,255.19,255.19,254.83,254.95,47401
2025-06-11 04:55:00,254.91,255.1,254.76,255.1,39407
2025-06-11 05:00:00,255.1,255.1,254.95,255.0,44928
2025-06-11 05:05:00,254.96,254.97,254.7,254.89,60257
2025-06-11 05:10:00,254.89,255.13,254.8,255.13,72232
2025-06-11 05:15:00,255.13,255.35,255.0,255.0,68552
2025-06-11 05:20:00,255.01,255.01,254.87,254.92,34522
2025-06-11 05:25:00,254.97,255.08,254.9,254.97,54806
2025-06-11 05:30:00,254.99,255.1,254.91,255.08,34088
2025-06-11 05:35:00,255.1,255.25,255.08,255.12,35490
2025-06-11 05:40:00,255.12,255.2,255.0,255.12,51160
2025-06-11 05:45:00,255.11,255.45,255.03,255.38,84209
2025-06-11 05:50:00,255.4,255.67,255.35,255.38,87509
2025-06-11 05:55:00,255.4,255.72,255.36,255.42,91606
2025-06-11 06:00:00,255.46,255.6,255.35,255.39,82631
2025-06-11 06:05:00,255.39,255.5,255.3,255.37,36235
2025-06-11 06:10:00,255.37,255.48,255.32,255.34,46175
2025-06-11 06:15:00,255.34,255.42,255.3,255.35,35943
2025-06-11 06:20:00,255.36,255.68,255.35,255.68,69298
2025-06-11 06:25:00,255.69,255.94,255.6,255.94,150449
2025-06-11 06:30:00,255.9,256.23,255.86,256.2,278036
2025-06-11 06:35:00,256.13,256.55,256.08,256.5,483615
2025-06-11 06:40:00,256.5,256.5,255.95,256.21,145289
2025-06-11 06:45:00,256.21,256.25,255.97,256.08,120796
2025-06-11 06:50:00,256.08,256.41,256.05,256.41,99794
2025-06-11 06:55:00,256.4,256.49,256.29,256.44,122108
2025-06-11 07:00:00,256.44,256.87,256.35,256.83,160961
2025-06-11 07:05:00,256.85,256.9,256.4,256.5,106819
2025-06-11 07:10:00,256.5,259.67,256.5,259.01,1186516
2025-06-11 07:15:00,259.0,260.75,258.7,260.75,1190810
2025-06-11 07:20:00,260.67,261.6,259.81,260.06,1613526
2025-06-11 07:25:00,260.06,260.14,258.83,258.98,477448
2025-06-11 07:30:00,258.88,259.65,258.7,259.35,395215
2025-06-11 07:35:00,259.39,259.6,259.3,259.49,187084
2025-06-11 07:40:00,259.49,259.7,259.2,259.45,249747
2025-06-11 07:45:00,259.45,259.9,259.2,259.56,298366
2025-06-11 07:50:00,259.6,260.05,259.33,260.0,330695
2025-06-11 07:55:00,260.0,260.45,259.31,259.31,439584
2025-06-11 08:00:00,259.4,259.5,259.0,259.32,317023
2025-06-11 08:05:00,259.32,259.95,259.21,259.9,201608
2025-06-11 08:10:00,259.95,259.97,259.3,259.3,185761
2025-06-11 08:15:00,259.3,259.37,258.08,258.32,387796
2025-06-11 08:20:00,258.37,258.75,257.8,257.8,224358
2025-06-11 08:25:00,257.88,259.0,257.8,258.94,172343
2025-06-11 08:30:00,258.9,259.1,258.7,258.85,142706
2025-06-11 08:35:00,258.94,259.42,258.6,259.09,192419
2025-06-11 08:40:00,259.0,259.75,259.0,259.6,234731
2025-06-11 08:45:00,259.6,259.77,259.4,259.48,162928
2025-06-11 08:50:00,259.48,259.7,259.41,259.63,135261
2025-06-11 08:55:00,259.63,259.74,259.4,259.69,129604
2025-06-11 09:00:00,259.7,259.7,259.2,259.3,148035
2025-06-11 09:05:00,259.3,259.32,258.75,259.0,193358
2025-06-11 09:10:00,259.02,259.4,258.98,259.12,105465
2025-06-11 09:15:00,259.17,259.2,258.83,258.99,134945
2025-06-11 09:20:00,258.99,259.15,258.8,258.88,225041
2025-06-11 09:25:00,258.9,259.43,258.83,259.12,186906
2025-06-11 09:30:00,259.17,259.26,258.8,258.97,346789
2025-06-11 09:35:00,258.89,258.99,258.53,258.75,272441
2025-06-11 09:40:00,258.76,258.93,258.63,258.89,310422
2025-06-11 09:45:00,258.86,259.21,258.76,259.17,564198
2025-06-11 09:50:00,259.17,259.19,258.71,258.84,539178
2025-06-11 09:55:00,258.88,259.2,258.66,259.2,522128
2025-06-12 03:45:00,260.0,260.0,256.59,257.84,413596
2025-06-12 03:50:00,257.76,257.82,257.03,257.3,124261
2025-06-12 03:55:00,257.21,257.62,257.21,257.31,133456
2025-06-12 04:00:00,257.48,257.5,256.84,257.32,124542
2025-06-12 04:05:00,257.32,257.9,257.26,257.75,133750
2025-06-12 04:10:00,257.74,257.99,257.22,257.42,163627
2025-06-12 04:15:00,257.4,257.51,256.95,257.02,82702
2025-06-12 04:20:00,257.02,257.45,257.0,257.21,40085
2025-06-12 04:25:00,257.2,257.25,256.4,256.53,110187
2025-06-12 04:30:00,256.5,256.94,256.32,256.93,87018
2025-06-12 04:35:00,256.93,257.5,256.93,257.5,68829
2025-06-12 04:40:00,257.48,257.55,257.21,257.34,47126
2025-06-12 04:45:00,257.34,257.65,257.3,257.55,43536
2025-06-12 04:50:00,257.55,257.7,257.27,257.62,48255
2025-06-12 04:55:00,257.6,258.25,257.6,257.95,96287
2025-06-12 05:00:00,258.0,258.33,257.95,258.11,58194
2025-06-12 05:05:00,258.09,258.42,258.0,258.3,40969
2025-06-12 05:10:00,258.25,258.45,257.55,257.6,145154
2025-06-12 05:15:00,257.58,257.97,257.58,257.91,44699
2025-06-12 05:20:00,257.9,258.19,257.83,258.18,74556
2025-06-12 05:25:00,258.12,258.3,258.09,258.25,38479
2025-06-12 05:30:00,258.19,258.4,258.05,258.34,69836
2025-06-12 05:35:00,258.34,258.49,258.27,258.37,47213
2025-06-12 05:40:00,258.4,258.76,258.02,258.7,100923
2025-06-12 05:45:00,258.7,260.91,258.66,260.88,399855
2025-06-12 05:50:00,260.8,262.0,260.78,261.92,731877
2025-06-12 05:55:00,261.99,262.45,261.41,261.54,711229
2025-06-12 06:00:00,261.54,261.95,261.29,261.77,231877
2025-06-12 06:05:00,261.76,261.9,260.78,261.09,228360
2025-06-12 06:10:00,261.05,261.09,260.41,261.0,190002
2025-06-12 06:15:00,261.0,261.25,260.69,261.17,117811
2025-06-12 06:20:00,261.16,261.18,260.55,260.6,106695
2025-06-12 06:25:00,260.56,260.67,260.13,260.16,155296
2025-06-12 06:30:00,260.18,260.72,260.15,260.37,118931
2025-06-12 06:35:00,260.37,260.5,260.2,260.5,59303
2025-06-12 06:40:00,260.46,261.24,260.36,261.15,93401
2025-06-12 06:45:00,261.11,261.21,260.9,261.03,112164
2025-06-12 06:50:00,261.03,261.45,261.0,261.17,156967
2025-06-12 06:55:00,261.16,261.5,261.0,261.25,79027
2025-06-12 07:00:00,261.25,261.56,261.21,261.49,100423
2025-06-12 07:05:00,261.5,261.84,261.25,261.8,133071
2025-06-12 07:10:00,261.71,262.65,261.71,262.41,387101
2025-06-12 07:15:00,262.45,262.7,262.01,262.62,266793
2025-06-12 07:20:00,262.7,263.0,262.11,262.81,647490
2025-06-12 07:25:00,262.81,262.89,262.1,262.3,186828
2025-06-12 07:30:00,262.3,262.5,261.95,262.16,173243
2025-06-12 07:35:00,262.16,262.44,262.0,262.38,118709
2025-06-12 07:40:00,262.27,262.29,261.6,262.11,155209
2025-06-12 07:45:00,262.14,262.2,261.81,261.96,89619
2025-06-12 07:50:00,261.96,262.05,261.62,261.8,105893
2025-06-12 07:55:00,261.76,262.0,261.02,261.28,275104
2025-06-12 08:00:00,261.28,261.68,260.82,261.18,658055
2025-06-12 08:05:00,261.09,261.34,260.7,260.83,297924
2025-06-12 08:10:00,260.83,260.97,260.0,260.07,228092
2025-06-12 08:15:00,260.0,260.5,259.7,259.8,214281
2025-06-12 08:20:00,259.7,260.37,259.5,260.1,178066
2025-06-12 08:25:00,260.15,260.8,260.02,260.14,128065
2025-06-12 08:30:00,260.15,260.32,259.31,259.35,178841
2025-06-12 08:35:00,259.34,259.34,258.78,259.11,206013
2025-06-12 08:40:00,259.11,259.45,259.02,259.24,155146
2025-06-12 08:45:00,259.25,259.99,259.15,259.9,151068
2025-06-12 08:50:00,259.83,260.0,259.35,259.38,160282
2025-06-12 08:55:00,259.49,259.6,259.16,259.55,96821
2025-06-12 09:00:00,259.47,260.0,259.47,259.83,247755
2025-06-12 09:05:00,259.9,259.9,259.2,259.3,178770
2025-06-12 09:10:00,259.3,259.75,259.28,259.61,107930
2025-06-12 09:15:00,259.6,259.98,259.53,259.93,183079
2025-06-12 09:20:00,259.93,259.93,259.43,259.66,171488
2025-06-12 09:25:00,259.62,259.98,259.5,259.98,236482
2025-06-12 09:30:00,259.93,260.39,259.83,259.9,593411
2025-06-12 09:35:00,259.9,260.15,259.61,259.76,404485
2025-06-12 09:40:00,259.78,259.91,259.43,259.7,406380
2025-06-12 09:45:00,259.67,259.7,259.02,259.21,359038
2025-06-12 09:50:00,259.21,259.21,258.82,258.94,322484
2025-06-12 09:55:00,258.84,259.06,258.76,259.06,191454
2025-06-13 03:45:00,255.0,256.8,254.0,256.22,658568
2025-06-13 03:50:00,256.22,256.65,255.97,256.37,275029
2025-06-13 03:55:00,256.43,257.39,256.31,257.15,132052
2025-06-13 04:00:00,257.2,257.2,256.44,256.59,139411
2025-06-13 04:05:00,256.49,257.39,256.44,257.22,95998
2025-06-13 04:10:00,257.19,257.71,257.09,257.45,101410
2025-06-13 04:15:00,257.5,257.76,257.12,257.55,150983
2025-06-13 04:20:00,257.51,258.3,257.51,258.27,153919
2025-06-13 04:25:00,258.23,258.6,258.08,258.5,124394
2025-06-13 04:30:00,258.59,258.9,257.81,257.81,184190
2025-06-13 04:35:00,257.73,258.75,257.73,258.66,43587
2025-06-13 04:40:00,258.67,259.5,258.66,259.5,135827
2025-06-13 04:45:00,259.8,260.1,259.1,259.1,229612
2025-06-13 04:50:00,259.13,260.43,259.08,260.35,96801
2025-06-13 04:55:00,260.28,261.0,260.28,260.92,176062
2025-06-13 05:00:00,260.92,261.27,260.4,260.66,179309
2025-06-13 05:05:00,260.7,261.2,260.31,260.92,158082
2025-06-13 05:10:00,260.92,261.0,260.26,260.94,99503
2025-06-13 05:15:00,260.95,261.0,260.6,260.7,103987
2025-06-13 05:20:00,260.7,261.24,260.68,260.88,165167
2025-06-13 05:25:00,260.81,261.5,260.81,261.26,109908
2025-06-13 05:30:00,261.28,261.8,261.16,261.8,155679
2025-06-13 05:35:00,261.75,262.25,261.5,261.6,253144
2025-06-13 05:40:00,261.59,261.63,261.0,261.11,148813
2025-06-13 05:45:00,261.18,261.33,260.68,261.0,141457
2025-06-13 05:50:00,260.96,261.17,260.74,260.88,119816
2025-06-13 05:55:00,260.94,261.12,260.53,260.6,64151
2025-06-13 06:00:00,260.61,260.7,260.33,260.51,67417
2025-06-13 06:05:00,260.51,261.09,260.51,260.97,49140
2025-06-13 06:10:00,260.98,261.32,260.57,261.32,82600
2025-06-13 06:15:00,261.33,262.0,261.18,261.45,234644
2025-06-13 06:20:00,261.45,261.48,261.01,261.11,53238
2025-06-13 06:25:00,261.11,261.17,260.75,260.75,49393
2025-06-13 06:30:00,260.85,261.28,260.65,261.22,55793
2025-06-13 06:35:00,261.28,261.48,261.0,261.31,54285
2025-06-13 06:40:00,261.32,261.4,261.14,261.14,36009
2025-06-13 06:45:00,261.2,261.81,261.15,261.7,108904
2025-06-13 06:50:00,261.79,261.8,261.4,261.45,53184
2025-06-13 06:55:00,261.48,261.65,261.29,261.35,46520
2025-06-13 07:00:00,261.41,261.6,261.31,261.37,45299
2025-06-13 07:05:00,261.45,261.5,260.88,261.0,59800
2025-06-13 07:10:00,261.01,261.04,260.6,260.72,68502
2025-06-13 07:15:00,260.73,260.95,260.26,260.26,59207
2025-06-13 07:20:00,260.21,260.55,260.01,260.16,86781
2025-06-13 07:25:00,260.22,260.25,260.05,260.15,56361
2025-06-13 07:30:00,260.13,260.81,260.08,260.42,124986
2025-06-13 07:35:00,260.39,260.7,260.25,260.68,86836
2025-06-13 07:40:00,260.68,261.2,260.64,260.76,114210
2025-06-13 07:45:00,260.85,261.0,260.36,260.51,47591
2025-06-13 07:50:00,260.51,260.81,260.49,260.69,28767
2025-06-13 07:55:00,260.65,260.76,260.43,260.48,32329
2025-06-13 08:00:00,260.43,261.18,260.43,260.9,88255
2025-06-13 08:05:00,260.98,260.98,260.65,260.85,52602
2025-06-13 08:10:00,260.85,260.98,260.52,260.54,50635
2025-06-13 08:15:00,260.55,260.83,260.55,260.68,45089
2025-06-13 08:20:00,260.7,260.75,260.25,260.3,64829
2025-06-13 08:25:00,260.37,260.37,260.01,260.05,90299
2025-06-13 08:30:00,260.1,260.22,260.0,260.1,75085
2025-06-13 08:35:00,260.08,260.25,260.0,260.21,60997
2025-06-13 08:40:00,260.22,260.25,259.62,259.76,74446
2025-06-13 08:45:00,259.77,260.1,259.72,259.83,90470
2025-06-13 08:50:00,259.83,260.0,259.72,259.82,57583
2025-06-13 08:55:00,259.82,259.9,259.61,259.64,49057
2025-06-13 09:00:00,259.61,260.0,259.6,259.74,62377
2025-06-13 09:05:00,259.82,259.96,259.74,259.83,65698
2025-06-13 09:10:00,259.85,260.05,259.61,259.67,58145
2025-06-13 09:15:00,259.68,259.89,259.51,259.54,60124
2025-06-13 09:20:00,259.57,259.65,259.35,259.41,91305
2025-06-13 09:25:00,259.49,259.5,259.07,259.39,66335
2025-06-13 09:30:00,259.4,260.25,259.27,260.19,237112
2025-06-13 09:35:00,260.25,260.46,260.12,260.24,164137
2025-06-13 09:40:00,260.32,260.44,260.29,260.39,270572
2025-06-13 09:45:00,260.39,260.4,260.08,260.25,270680
2025-06-13 09:50:00,260.28,260.28,260.03,260.07,190536
2025-06-13 09:55:00,260.15,260.84,260.11,260.56,249684
2025-06-16 03:45:00,260.0,261.21,258.74,260.84,348383
2025-06-16 03:50:00,260.84,261.27,259.86,260.0,352865
2025-06-16 03:55:00,260.0,261.1,259.9,260.5,270696
2025-06-16 04:00:00,260.44,260.91,260.25,260.3,168357
2025-06-16 04:05:00,260.25,260.4,259.5,259.55,344372
2025-06-16 04:10:00,259.55,259.9,259.28,259.62,154830
2025-06-16 04:15:00,259.49,259.52,258.01,258.39,214526
2025-06-16 04:20:00,258.37,259.06,258.0,258.35,124743
2025-06-16 04:25:00,258.4,259.0,258.25,259.0,83954
2025-06-16 04:30:00,259.0,259.0,258.37,258.52,96532
2025-06-16 04:35:00,258.54,259.29,258.38,259.2,67582
2025-06-16 04:40:00,259.2,259.41,258.75,259.0,45177
2025-06-16 04:45:00,259.0,259.79,258.9,259.79,52981
2025-06-16 04:50:00,259.79,260.39,259.63,260.2,105655
2025-06-16 04:55:00,260.28,260.45,260.0,260.3,64838
2025-06-16 05:00:00,260.39,260.75,260.2,260.22,87766
2025-06-16 05:05:00,260.29,260.5,260.11,260.43,29870
2025-06-16 05:10:00,260.46,261.0,260.28,261.0,65152
2025-06-16 05:15:00,261.0,261.8,261.0,261.3,223203
2025-06-16 05:20:00,261.3,261.3,260.75,261.25,150275
2025-06-16 05:25:00,261.25,261.55,261.01,261.08,88193
2025-06-16 05:30:00,261.08,261.5,260.93,261.47,64147
2025-06-16 05:35:00,261.47,261.8,261.26,261.8,114178
2025-06-16 05:40:00,261.79,261.8,261.45,261.68,177778
2025-06-16 05:45:00,261.68,261.75,261.45,261.72,95091
2025-06-16 05:50:00,261.69,261.8,261.16,261.35,64654
2025-06-16 05:55:00,261.34,261.69,260.9,261.58,440860
2025-06-16 06:00:00,261.58,262.21,261.47,261.95,187374
2025-06-16 06:05:00,261.95,262.18,261.66,261.69,133723
2025-06-16 06:10:00,261.73,261.74,260.9,260.95,92489
2025-06-16 06:15:00,260.96,261.62,260.9,261.62,289482
2025-06-16 06:20:00,261.55,261.64,261.19,261.19,57326
2025-06-16 06:25:00,261.2,261.35,261.0,261.11,38806
2025-06-16 06:30:00,261.11,261.32,261.0,261.1,31117
2025-06-16 06:35:00,261.08,261.2,259.62,259.85,179827
2025-06-16 06:40:00,259.84,260.73,259.81,260.7,60493
2025-06-16 06:45:00,260.71,260.77,260.38,260.39,36420
2025-06-16 06:50:00,260.39,260.5,260.11,260.19,30522
2025-06-16 06:55:00,260.14,260.36,260.0,260.24,37726
2025-06-16 07:00:00,260.17,260.97,260.07,260.86,63850
2025-06-16 07:05:00,260.83,261.39,260.71,261.39,75308
2025-06-16 07:10:00,261.31,261.5,261.22,261.42,45695
2025-06-16 07:15:00,261.39,261.58,261.01,261.21,43045
2025-06-16 07:20:00,261.21,261.3,261.0,261.04,40694
2025-06-16 07:25:00,261.06,261.29,260.85,261.26,59502
2025-06-16 07:30:00,261.26,261.3,260.96,261.07,40706
2025-06-16 07:35:00,261.18,261.7,261.0,261.65,70993
2025-06-16 07:40:00,261.68,261.84,261.5,261.8,98079
2025-06-16 07:45:00,261.8,262.65,261.71,262.34,272141
2025-06-16 07:50:00,262.34,262.4,261.98,262.09,102157
2025-06-16 07:55:00,262.09,262.2,261.9,262.2,103861
2025-06-16 08:00:00,262.11,262.2,261.55,261.65,148879
2025-06-16 08:05:00,261.74,262.0,261.54,261.57,55337
2025-06-16 08:10:00,261.58,261.93,261.5,261.75,84936
2025-06-16 08:15:00,261.66,261.78,261.56,261.69,48737
2025-06-16 08:20:00,261.63,261.76,261.3,261.4,98549
2025-06-16 08:25:00,261.42,261.79,261.38,261.51,52950
2025-06-16 08:30:00,261.64,261.78,261.42,261.44,51494
2025-06-16 08:35:00,261.44,262.1,261.43,261.86,90241
2025-06-16 08:40:00,261.95,261.97,261.5,261.65,56428
2025-06-16 08:45:00,261.65,261.77,261.5,261.5,75533
2025-06-16 08:50:00,261.52,261.54,261.18,261.33,61601
2025-06-16 08:55:00,261.33,261.63,261.33,261.45,59277
2025-06-16 09:00:00,261.45,261.65,261.17,261.29,78166
2025-06-16 09:05:00,261.3,261.56,261.25,261.44,56259
2025-06-16 09:10:00,261.43,261.6,261.22,261.35,93369
2025-06-16 09:15:00,261.38,261.52,261.2,261.52,139116
2025-06-16 09:20:00,261.51,261.51,261.03,261.23,137310
2025-06-16 09:25:00,261.28,261.35,261.2,261.35,57564
2025-06-16 09:30:00,261.35,261.49,261.2,261.34,187880
2025-06-16 09:35:00,261.34,261.57,261.34,261.47,200602
2025-06-16 09:40:00,261.49,261.55,261.24,261.52,257880
2025-06-16 09:45:00,261.53,261.64,261.5,261.63,335403
2025-06-16 09:50:00,261.64,261.91,261.51,261.71,316639
2025-06-16 09:55:00,261.72,265.31,261.6,262.95,1895035
2025-06-17 03:45:00,262.89,263.51,261.66,262.13,352493
2025-06-17 03:50:00,262.05,263.21,262.05,262.53,207781
2025-06-17 03:55:00,262.9,262.9,262.37,262.48,94345
2025-06-17 04:00:00,262.48,264.38,262.43,263.95,186156
2025-06-17 04:05:00,263.9,264.4,263.67,263.69,111743
2025-06-17 04:10:00,263.78,264.58,263.69,264.32,162991
2025-06-17 04:15:00,264.36,264.7,263.8,263.87,199242
2025-06-17 04:20:00,263.81,264.0,263.5,263.67,76972
2025-06-17 04:25:00,263.66,263.81,263.5,263.73,59493
2025-06-17 04:30:00,263.87,264.0,263.53,263.6,75782
2025-06-17 04:35:00,263.61,263.79,263.51,263.62,60558
2025-06-17 04:40:00,263.52,263.7,263.12,263.26,73956
2025-06-17 04:45:00,263.29,263.9,263.0,263.8,72655
2025-06-17 04:50:00,263.86,264.0,263.7,263.83,79432
2025-06-17 04:55:00,263.9,264.17,263.8,263.97,91632
2025-06-17 05:00:00,264.03,264.4,263.87,264.4,88571
2025-06-17 05:05:00,264.39,264.75,264.31,264.43,143103
2025-06-17 05:10:00,264.43,264.6,264.25,264.3,54680
2025-06-17 05:15:00,264.35,264.38,263.77,263.84,99033
2025-06-17 05:20:00,263.94,264.41,263.83,263.99,71951
2025-06-17 05:25:00,263.99,264.13,263.72,264.04,37980
2025-06-17 05:30:00,264.04,264.44,263.88,264.3,124561
2025-06-17 05:35:00,264.3,264.7,264.3,264.46,100965
2025-06-17 05:40:00,264.49,264.6,264.2,264.25,52339
2025-06-17 05:45:00,264.25,264.32,263.75,263.78,58422
2025-06-17 05:50:00,263.79,264.24,263.77,264.05,50469
2025-06-17 05:55:00,264.1,264.24,264.0,264.1,62968
2025-06-17 06:00:00,264.24,264.5,264.1,264.44,42513
2025-06-17 06:05:00,264.44,264.7,264.42,264.69,85237
2025-06-17 06:10:00,264.69,265.2,264.62,264.78,259136
2025-06-17 06:15:00,264.78,264.8,264.44,264.5,69326
2025-06-17 06:20:00,264.5,264.89,264.37,264.67,70204
2025-06-17 06:25:00,264.57,264.71,264.23,264.4,55229
2025-06-17 06:30:00,264.49,264.49,264.0,264.02,63162
2025-06-17 06:35:00,264.05,264.4,263.93,264.35,56568
2025-06-17 06:40:00,264.4,264.84,264.28,264.6,65531
2025-06-17 06:45:00,264.65,264.8,264.5,264.77,44709
2025-06-17 06:50:00,264.78,265.45,264.65,265.07,164596
2025-06-17 06:55:00,265.05,265.05,264.57,264.57,81855
2025-06-17 07:00:00,264.64,265.15,264.4,265.06,53888
2025-06-17 07:05:00,265.0,265.1,264.89,265.0,40404
2025-06-17 07:10:00,265.03,265.07,264.73,264.8,51992
2025-06-17 07:15:00,264.8,264.85,264.4,264.4,47028
2025-06-17 07:20:00,264.4,264.4,263.73,264.16,148537
2025-06-17 07:25:00,264.21,264.34,263.82,264.25,119025
2025-06-17 07:30:00,264.17,264.3,263.93,263.98,59325
2025-06-17 07:35:00,263.98,264.15,263.93,264.1,38861
2025-06-17 07:40:00,264.1,264.28,264.03,264.17,51465
2025-06-17 07:45:00,264.22,264.3,264.02,264.09,41014
2025-06-17 07:50:00,264.12,264.12,263.9,264.01,52299
2025-06-17 07:55:00,264.01,264.29,263.95,264.16,43046
2025-06-17 08:00:00,264.2,264.27,264.1,264.2,36624
2025-06-17 08:05:00,264.13,264.29,264.01,264.15,39396
2025-06-17 08:10:00,264.09,264.22,264.09,264.19,35609
2025-06-17 08:15:00,264.19,264.19,263.84,263.97,67784
2025-06-17 08:20:00,263.97,264.42,263.95,264.14,43630
2025-06-17 08:25:00,264.14,264.2,263.86,263.9,44866
2025-06-17 08:30:00,263.89,264.21,263.63,264.18,133006
2025-06-17 08:35:00,264.1,264.39,263.85,264.11,94929
2025-06-17 08:40:00,264.1,264.11,263.91,264.04,54949
2025-06-17 08:45:00,264.03,264.07,263.99,264.04,43438
2025-06-17 08:50:00,264.04,264.05,263.6,263.72,81910
2025-06-17 08:55:00,263.75,263.95,263.62,263.82,51124
2025-06-17 09:00:00,263.8,263.82,263.55,263.73,72312
2025-06-17 09:05:00,263.74,263.74,263.31,263.35,80685
2025-06-17 09:10:00,263.41,263.6,263.26,263.47,100061
2025-06-17 09:15:00,263.43,263.75,263.41,263.7,56416
2025-06-17 09:20:00,263.7,263.7,263.25,263.3,108331
2025-06-17 09:25:00,263.3,263.3,263.0,263.18,90034
2025-06-17 09:30:00,263.18,263.2,262.75,262.86,207118
2025-06-17 09:35:00,262.85,263.22,262.85,263.21,184735
2025-06-17 09:40:00,263.22,263.5,263.03,263.09,228451
2025-06-17 09:45:00,263.09,263.09,262.81,262.87,346123
2025-06-17 09:50:00,262.87,263.0,262.53,262.61,387770
2025-06-17 09:55:00,262.6,263.1,262.56,262.9,280910
2025-06-18 03:45:00,262.9,264.5,262.27,264.36,289036
2025-06-18 03:50:00,264.36,265.2,264.25,265.09,255476
2025-06-18 03:55:00,265.15,265.6,264.25,264.26,314522
2025-06-18 04:00:00,264.31,264.38,263.64,264.1,187634
2025-06-18 04:05:00,264.13,264.4,263.99,264.27,83116
2025-06-18 04:10:00,264.37,264.39,263.71,263.75,73896
2025-06-18 04:15:00,263.85,264.07,263.75,264.0,47333
2025-06-18 04:20:00,264.05,264.18,263.95,263.95,75921
2025-06-18 04:25:00,263.95,263.99,263.5,263.57,95888
2025-06-18 04:30:00,263.51,264.15,263.36,264.15,112961
2025-06-18 04:35:00,264.15,264.26,263.5,263.59,109448
2025-06-18 04:40:00,263.59,263.88,263.36,263.87,69485
2025-06-18 04:45:00,263.87,264.1,263.56,263.66,72102
2025-06-18 04:50:00,263.61,263.69,262.69,262.77,137491
2025-06-18 04:55:00,262.66,262.93,262.57,262.91,50205
2025-06-18 05:00:00,262.91,263.0,262.47,262.5,51081
2025-06-18 05:05:00,262.49,263.0,262.31,262.92,78509
2025-06-18 05:10:00,262.92,263.09,262.7,262.75,31279
2025-06-18 05:15:00,262.75,262.82,262.52,262.52,16899
2025-06-18 05:20:00,262.5,262.75,262.26,262.42,52371
2025-06-18 05:25:00,262.42,263.0,262.42,262.9,33062
2025-06-18 05:30:00,262.9,262.99,262.69,262.74,15554
2025-06-18 05:35:00,262.74,263.0,262.51,262.91,27379
2025-06-18 05:40:00,262.91,263.27,262.72,262.92,35881
2025-06-18 05:45:00,262.97,262.97,262.59,262.84,33607
2025-06-18 05:50:00,262.77,262.85,262.5,262.51,21244
2025-06-18 05:55:00,262.57,262.6,262.11,262.3,117802
2025-06-18 06:00:00,262.25,262.31,261.58,261.83,111065
2025-06-18 06:05:00,261.93,262.44,261.82,262.25,46287
2025-06-18 06:10:00,262.25,262.44,262.2,262.4,18090
2025-06-18 06:15:00,262.35,262.42,262.11,262.15,16538
2025-06-18 06:20:00,262.21,262.21,261.9,261.9,30920
2025-06-18 06:25:00,261.91,261.97,261.4,261.48,48636
2025-06-18 06:30:00,261.48,261.98,261.43,261.91,43024
2025-06-18 06:35:00,261.91,262.15,261.82,262.1,26572
2025-06-18 06:40:00,262.1,262.35,261.77,262.35,31126
2025-06-18 06:45:00,262.3,262.36,261.95,261.95,43366
2025-06-18 06:50:00,261.95,262.22,261.81,261.95,68995
2025-06-18 06:55:00,261.95,262.04,261.71,261.86,20363
2025-06-18 07:00:00,261.86,261.88,261.54,261.54,13461
2025-06-18 07:05:00,261.54,261.81,261.54,261.81,19746
2025-06-18 07:10:00,261.79,261.81,261.35,261.35,27513
2025-06-18 07:15:00,261.35,261.65,261.2,261.3,27703
2025-06-18 07:20:00,261.29,261.48,261.2,261.32,25869
2025-06-18 07:25:00,261.32,261.75,261.28,261.55,22349
2025-06-18 07:30:00,261.55,262.0,261.39,261.88,48608
2025-06-18 07:35:00,261.81,261.91,261.74,261.82,8725
2025-06-18 07:40:00,261.8,262.0,261.78,261.93,20213
2025-06-18 07:45:00,261.93,261.93,261.67,261.75,14576
2025-06-18 07:50:00,261.81,261.95,261.55,261.55,12080
2025-06-18 07:55:00,261.6,261.75,261.51,261.7,9255
2025-06-18 08:00:00,261.7,261.95,261.61,261.83,15396
2025-06-18 08:05:00,261.83,262.1,261.75,261.9,25192
2025-06-18 08:10:00,261.9,262.01,261.68,261.7,34172
2025-06-18 08:15:00,261.75,261.86,261.54,261.62,28268
2025-06-18 08:20:00,261.62,261.69,261.16,261.21,39318
2025-06-18 08:25:00,261.24,261.49,261.03,261.44,50699
2025-06-18 08:30:00,261.51,261.55,261.33,261.5,36774
2025-06-18 08:35:00,261.54,261.6,261.35,261.55,21363
2025-06-18 08:40:00,261.52,261.7,261.5,261.55,27911
2025-06-18 08:45:00,261.56,261.64,261.45,261.5,27598
2025-06-18 08:50:00,261.5,261.54,261.2,261.36,29838
2025-06-18 08:55:00,261.42,261.51,261.15,261.38,61835
2025-06-18 09:00:00,261.45,262.15,261.35,261.87,80370
2025-06-18 09:05:00,261.89,262.19,261.85,261.93,46208
2025-06-18 09:10:00,261.97,261.97,261.66,261.68,17415
2025-06-18 09:15:00,261.75,261.9,261.6,261.82,17258
2025-06-18 09:20:00,261.82,261.96,261.65,261.7,55888
2025-06-18 09:25:00,261.7,261.8,261.5,261.53,21376
2025-06-18 09:30:00,261.53,261.62,261.25,261.36,164808
2025-06-18 09:35:00,261.37,261.64,261.33,261.64,122719
2025-06-18 09:40:00,261.63,261.7,261.58,261.59,168027
2025-06-18 09:45:00,261.59,261.62,261.3,261.53,240838
2025-06-18 09:50:00,261.56,261.95,261.53,261.63,244039
2025-06-18 09:55:00,261.62,261.89,261.5,261.85,193329
2025-06-19 03:45:00,262.85,264.36,262.19,262.82,706663
2025-06-19 03:50:00,262.7,262.81,261.81,262.23,274317
2025-06-19 03:55:00,262.08,262.56,262.03,262.12,163862
2025-06-19 04:00:00,262.12,263.24,261.89,263.12,146439
2025-06-19 04:05:00,263.0,264.85,262.89,264.82,503412
2025-06-19 04:10:00,264.75,265.33,264.32,264.48,523217
2025-06-19 04:15:00,264.44,265.14,264.41,264.6,307138
2025-06-19 04:20:00,264.55,264.77,263.9,263.9,267033
2025-06-19 04:25:00,263.96,263.98,263.05,263.45,194284
2025-06-19 04:30:00,263.39,263.63,262.75,262.88,141803
2025-06-19 04:35:00,262.91,263.2,262.66,262.66,137854
2025-06-19 04:40:00,262.72,263.5,262.71,263.4,108819
2025-06-19 04:45:00,263.42,263.65,263.21,263.6,67551
2025-06-19 04:50:00,263.65,263.75,263.55,263.7,63448
2025-06-19 04:55:00,263.71,264.1,263.66,263.87,81988
2025-06-19 05:00:00,263.87,264.02,262.96,263.21,176632
2025-06-19 05:05:00,263.21,263.43,262.75,263.43,112490
2025-06-19 05:10:00,263.43,263.5,262.87,262.99,87298
2025-06-19 05:15:00,262.99,263.36,262.72,263.11,132346
2025-06-19 05:20:00,263.11,263.25,262.91,263.1,59904
2025-06-19 05:25:00,263.19,263.5,262.89,262.89,85281
2025-06-19 05:30:00,262.92,263.45,262.85,263.45,53643
2025-06-19 05:35:00,263.45,263.45,263.12,263.22,60418
2025-06-19 05:40:00,263.22,263.33,263.11,263.19,43053
2025-06-19 05:45:00,263.19,263.72,263.12,263.36,52780
2025-06-19 05:50:00,263.36,263.59,263.19,263.49,53841
2025-06-19 05:55:00,263.41,263.51,263.12,263.5,58845
2025-06-19 06:00:00,263.5,263.5,263.0,263.29,131858
2025-06-19 06:05:00,263.38,263.52,262.9,263.43,101562
2025-06-19 06:10:00,263.44,263.65,263.26,263.53,76024
2025-06-19 06:15:00,263.55,263.9,263.5,263.9,50180
2025-06-19 06:20:00,263.86,264.05,263.75,263.9,96391
2025-06-19 06:25:00,263.9,263.95,263.51,263.77,37541
2025-06-19 06:30:00,263.84,263.9,263.58,263.9,47233
2025-06-19 06:35:00,263.9,264.3,263.83,264.28,97270
2025-06-19 06:40:00,264.25,264.42,263.92,263.99,88012
2025-06-19 06:45:00,263.98,264.05,263.67,263.98,53166
2025-06-19 06:50:00,263.94,264.48,263.85,264.41,278750
2025-06-19 06:55:00,264.41,264.95,264.4,264.94,203256
2025-06-19 07:00:00,264.95,264.96,264.45,264.45,274047
2025-06-19 07:05:00,264.46,264.52,263.82,264.1,91125
2025-06-19 07:10:00,264.15,264.16,263.93,264.1,87606
2025-06-19 07:15:00,264.03,264.1,263.54,263.71,104404
2025-06-19 07:20:00,263.75,263.91,263.6,263.86,81151
2025-06-19 07:25:00,263.89,263.93,263.72,263.77,43951
2025-06-19 07:30:00,263.8,263.81,263.33,263.38,74658
2025-06-19 07:35:00,263.47,264.2,263.38,264.1,102589
2025-06-19 07:40:00,264.15,264.16,263.74,263.74,52016
2025-06-19 07:45:00,263.84,264.15,263.4,263.92,74473
2025-06-19 07:50:00,264.04,264.04,263.6,263.6,43792
2025-06-19 07:55:00,263.71,263.84,263.36,263.5,174563
2025-06-19 08:00:00,263.5,263.9,263.37,263.89,248714
2025-06-19 08:05:00,263.89,263.89,263.44,263.74,149109
2025-06-19 08:10:00,263.73,263.85,263.21,263.57,90313
2025-06-19 08:15:00,263.55,263.79,263.49,263.61,62848
2025-06-19 08:20:00,263.63,264.4,263.5,264.36,165998
2025-06-19 08:25:00,264.36,264.5,264.25,264.43,207972
2025-06-19 08:30:00,264.45,265.0,264.44,264.7,365029
2025-06-19 08:35:00,264.7,264.9,264.59,264.6,124300
2025-06-19 08:40:00,264.6,265.5,264.43,265.36,323829
2025-06-19 08:45:00,265.45,265.5,265.13,265.45,263250
2025-06-19 08:50:00,265.45,265.47,265.2,265.38,179609
2025-06-19 08:55:00,265.38,265.9,265.2,265.86,274042
2025-06-19 09:00:00,265.86,266.44,265.63,266.05,742223
2025-06-19 09:05:00,266.09,266.25,265.8,265.9,213619
2025-06-19 09:10:00,265.9,265.96,265.21,265.83,259416
2025-06-19 09:15:00,265.75,266.0,265.7,265.87,164312
2025-06-19 09:20:00,265.9,266.2,265.76,266.01,234516
2025-06-19 09:25:00,266.01,266.4,265.8,266.29,299995
2025-06-19 09:30:00,266.32,266.32,265.51,265.92,395796
2025-06-19 09:35:00,265.86,265.99,265.65,265.75,338204
2025-06-19 09:40:00,265.76,265.98,265.61,265.85,458482
2025-06-19 09:45:00,265.85,265.85,265.3,265.39,630442
2025-06-19 09:50:00,265.43,265.65,265.21,265.29,473288
2025-06-19 09:55:00,265.3,265.39,264.8,265.0,388162
2025-06-20 03:45:00,266.0,266.5,265.03,265.16,357953
2025-06-20 03:50:00,265.24,265.3,264.12,264.6,153926
2025-06-20 03:55:00,264.58,264.65,263.9,264.02,115106
2025-06-20 04:00:00,263.94,264.33,263.92,264.14,64273
2025-06-20 04:05:00,264.25,264.59,264.01,264.08,65362
2025-06-20 04:10:00,264.08,264.54,263.9,264.38,61480
2025-06-20 04:15:00,264.39,264.9,264.3,264.3,85115
2025-06-20 04:20:00,264.3,264.37,263.46,263.65,150228
2025-06-20 04:25:00,263.71,263.73,262.87,263.25,133496
2025-06-20 04:30:00,263.2,263.6,263.05,263.6,65233
2025-06-20 04:35:00,263.6,263.85,263.27,263.69,50446
2025-06-20 04:40:00,263.58,264.2,263.5,264.0,74501
2025-06-20 04:45:00,263.97,264.55,263.94,264.4,60323
2025-06-20 04:50:00,264.4,264.6,264.33,264.34,41548
2025-06-20 04:55:00,264.4,265.0,264.24,264.96,126884
2025-06-20 05:00:00,265.0,265.48,264.91,265.1,76740
2025-06-20 05:05:00,265.05,265.19,264.64,264.64,65642
2025-06-20 05:10:00,264.69,264.69,264.0,264.11,51793
2025-06-20 05:15:00,264.14,264.9,264.14,264.8,34582
2025-06-20 05:20:00,264.79,265.14,264.55,265.09,49439
2025-06-20 05:25:00,265.07,265.09,264.32,264.45,42996
2025-06-20 05:30:00,264.45,265.2,264.45,265.1,80849
2025-06-20 05:35:00,265.17,265.25,264.99,265.19,47085
2025-06-20 05:40:00,265.09,265.3,264.99,265.21,59822
2025-06-20 05:45:00,265.3,265.35,265.06,265.26,56583
2025-06-20 05:50:00,265.35,265.8,265.25,265.77,113281
2025-06-20 05:55:00,265.77,265.85,265.56,265.82,103793
2025-06-20 06:00:00,265.75,266.15,265.6,266.1,119078
2025-06-20 06:05:00,266.1,266.25,265.88,266.21,139917
2025-06-20 06:10:00,266.24,266.3,266.0,266.11,73660
2025-06-20 06:15:00,266.11,266.29,266.02,266.25,66338
2025-06-20 06:20:00,266.25,267.0,266.25,266.98,144301
2025-06-20 06:25:00,266.98,266.99,266.51,266.77,84105
2025-06-20 06:30:00,266.77,266.98,266.51,266.85,157272
2025-06-20 06:35:00,266.81,267.0,266.74,266.99,286054
2025-06-20 06:40:00,267.0,267.0,266.6,266.96,129890
2025-06-20 06:45:00,266.97,267.2,266.51,266.52,123854
2025-06-20 06:50:00,266.58,266.58,266.01,266.24,101609
2025-06-20 06:55:00,266.24,266.24,265.71,265.86,139368
2025-06-20 07:00:00,265.8,266.0,265.61,265.65,81068
2025-06-20 07:05:00,265.61,266.0,265.54,266.0,109508
2025-06-20 07:10:00,265.97,266.24,265.7,266.04,84259
2025-06-20 07:15:00,266.04,266.43,266.01,266.21,64520
2025-06-20 07:20:00,266.21,266.64,265.99,266.51,74367
2025-06-20 07:25:00,266.51,266.63,266.43,266.45,59238
2025-06-20 07:30:00,266.45,266.54,265.77,266.28,76918
2025-06-20 07:35:00,266.28,266.5,266.09,266.45,60127
2025-06-20 07:40:00,266.5,266.69,266.22,266.47,87608
2025-06-20 07:45:00,266.47,266.79,266.22,266.71,82788
2025-06-20 07:50:00,266.79,266.8,266.32,266.32,129119
2025-06-20 07:55:00,266.32,266.75,266.3,266.75,106952
2025-06-20 08:00:00,266.75,266.79,266.31,266.36,79306
2025-06-20 08:05:00,266.36,266.56,266.19,266.19,66375
2025-06-20 08:10:00,266.19,266.5,266.15,266.25,60745
2025-06-20 08:15:00,266.27,266.59,266.25,266.47,69873
2025-06-20 08:20:00,266.5,266.6,266.33,266.49,69372
2025-06-20 08:25:00,266.43,266.6,266.16,266.33,68024
2025-06-20 08:30:00,266.35,266.5,266.22,266.28,68521
2025-06-20 08:35:00,266.28,266.5,266.23,266.29,127607
2025-06-20 08:40:00,266.23,266.31,265.98,266.22,84851
2025-06-20 08:45:00,266.22,266.48,266.22,266.35,84431
2025-06-20 08:50:00,266.32,266.8,266.32,266.6,97299
2025-06-20 08:55:00,266.6,266.69,266.33,266.42,74982
2025-06-20 09:00:00,266.42,266.7,266.35,266.47,77784
2025-06-20 09:05:00,266.47,266.61,266.39,266.57,67831
2025-06-20 09:10:00,266.58,266.79,266.58,266.79,132803
2025-06-20 09:15:00,266.76,266.9,266.51,266.75,152513
2025-06-20 09:20:00,266.75,266.9,266.61,266.89,154587
2025-06-20 09:25:00,266.9,267.2,266.77,267.02,312389
2025-06-20 09:30:00,267.02,267.02,266.27,266.61,1083226
2025-06-20 09:35:00,266.61,267.18,266.6,266.9,1060119
2025-06-20 09:40:00,266.97,267.15,266.71,266.77,936178
2025-06-20 09:45:00,266.74,266.76,265.7,266.24,1218321
2025-06-20 09:50:00,266.27,266.36,266.17,266.33,982098
2025-06-20 09:55:00,266.34,266.66,265.08,265.8,802592
2025-06-23 03:45:00,264.0,264.82,262.92,263.7,438544
2025-06-23 03:50:00,263.7,264.62,263.11,264.52,153552
2025-06-23 03:55:00,264.51,264.99,263.6,264.74,135517
2025-06-23 04:00:00,264.79,265.2,263.94,264.09,134984
2025-06-23 04:05:00,264.02,264.56,263.92,264.26,88295
2025-06-23 04:10:00,264.21,264.35,263.54,263.97,95902
2025-06-23 04:15:00,263.9,263.99,263.07,263.25,108746
2025-06-23 04:20:00,263.23,263.8,263.0,263.05,71833
2025-06-23 04:25:00,263.04,263.04,262.31,262.65,129117
2025-06-23 04:30:00,262.55,262.66,261.91,262.0,121947
2025-06-23 04:35:00,261.92,262.5,261.81,262.06,151446
2025-06-23 04:40:00,262.07,262.45,262.03,262.4,89808
2025-06-23 04:45:00,262.4,262.74,262.12,262.55,84508
2025-06-23 04:50:00,262.55,263.0,262.41,262.6,79750
2025-06-23 04:55:00,262.53,263.23,262.53,263.12,105061
2025-06-23 05:00:00,263.13,263.13,262.63,262.71,63530
2025-06-23 05:05:00,262.81,262.99,262.55,262.63,35468
2025-06-23 05:10:00,262.63,263.3,262.61,263.21,58538
2025-06-23 05:15:00,263.21,263.49,263.16,263.36,80454
2025-06-23 05:20:00,263.3,263.44,262.47,262.52,109305
2025-06-23 05:25:00,262.47,263.0,262.32,262.83,82046
2025-06-23 05:30:00,262.85,262.9,262.62,262.67,37443
2025-06-23 05:35:00,262.67,262.76,262.28,262.71,41872
2025-06-23 05:40:00,262.59,262.95,262.35,262.95,49985
2025-06-23 05:45:00,262.95,263.06,262.69,262.8,28236
2025-06-23 05:50:00,262.73,263.12,262.7,263.11,34684
2025-06-23 05:55:00,263.11,263.11,262.76,263.01,27043
2025-06-23 06:00:00,263.01,263.06,262.85,262.9,24337
2025-06-23 06:05:00,262.97,263.06,262.63,262.98,53048
2025-06-23 06:10:00,262.9,263.4,262.9,263.25,80575
2025-06-23 06:15:00,263.25,263.25,262.83,263.06,22855
2025-06-23 06:20:00,263.03,263.07,262.58,262.64,48363
2025-06-23 06:25:00,262.65,262.75,262.51,262.56,24078
2025-06-23 06:30:00,262.64,262.84,262.56,262.75,24392
2025-06-23 06:35:00,262.65,262.89,262.64,262.86,25959
2025-06-23 06:40:00,262.86,262.88,262.72,262.78,24299
2025-06-23 06:45:00,262.78,263.2,262.72,262.98,51280
2025-06-23 06:50:00,262.98,263.22,262.9,263.05,43982
2025-06-23 06:55:00,263.05,263.32,262.77,263.24,61808
2025-06-23 07:00:00,263.24,263.4,262.98,263.07,27542
2025-06-23 07:05:00,263.08,263.15,263.0,263.15,11857
2025-06-23 07:10:00,263.22,263.35,263.02,263.19,27771
2025-06-23 07:15:00,263.22,263.22,262.9,262.93,23831
2025-06-23 07:20:00,262.94,263.1,262.89,263.05,25065
2025-06-23 07:25:00,263.05,263.22,262.98,263.03,32797
2025-06-23 07:30:00,263.14,263.17,263.0,263.14,22412
2025-06-23 07:35:00,263.14,263.14,263.0,263.05,27260
2025-06-23 07:40:00,263.05,263.4,263.0,263.4,64856
2025-06-23 07:45:00,263.37,263.79,263.37,263.69,123961
2025-06-23 07:50:00,263.71,264.15,263.71,264.08,99758
2025-06-23 07:55:00,264.09,264.44,263.78,264.24,79448
2025-06-23 08:00:00,264.2,264.5,264.17,264.3,93991
2025-06-23 08:05:00,264.32,264.68,264.32,264.5,69439
2025-06-23 08:10:00,264.5,264.7,264.36,264.39,56906
2025-06-23 08:15:00,264.38,264.5,264.06,264.16,40851
2025-06-23 08:20:00,264.16,264.29,264.0,264.05,40349
2025-06-23 08:25:00,264.05,264.19,263.9,263.9,49900
2025-06-23 08:30:00,263.94,264.25,263.85,264.19,58974
2025-06-23 08:35:00,264.25,264.35,263.96,263.99,31722
2025-06-23 08:40:00,264.0,264.0,263.35,263.49,88763
2025-06-23 08:45:00,263.4,263.5,263.4,263.46,102527
2025-06-23 08:50:00,263.49,263.5,263.33,263.46,80660
2025-06-23 08:55:00,263.46,263.5,263.3,263.4,102441
2025-06-23 09:00:00,263.45,263.49,263.2,263.3,70079
2025-06-23 09:05:00,263.35,263.55,263.16,263.3,65508
2025-06-23 09:10:00,263.37,263.44,263.2,263.31,81290
2025-06-23 09:15:00,263.26,263.31,263.03,263.3,127256
2025-06-23 09:20:00,263.26,263.3,263.0,263.17,85098
2025-06-23 09:25:00,263.17,263.25,263.02,263.2,84332
2025-06-23 09:30:00,263.18,263.18,263.04,263.05,178750
2025-06-23 09:35:00,263.05,263.25,263.0,263.19,192627
2025-06-23 09:40:00,263.21,263.56,263.15,263.49,176342
2025-06-23 09:45:00,263.49,263.49,263.14,263.24,210918
2025-06-23 09:50:00,263.24,263.36,263.14,263.21,190440
2025-06-23 09:55:00,263.24,263.5,263.18,263.49,244142
2025-06-24 03:45:00,265.5,267.25,265.5,266.9,437317
2025-06-24 03:50:00,266.9,267.09,265.92,266.18,111193
2025-06-24 03:55:00,266.14,266.24,265.84,265.9,68049
2025-06-24 04:00:00,265.88,266.48,265.84,266.34,72444
2025-06-24 04:05:00,266.35,267.26,266.35,266.66,246150
2025-06-24 04:10:00,266.7,267.5,266.68,267.18,187167
2025-06-24 04:15:00,267.2,267.45,266.8,266.85,121043
2025-06-24 04:20:00,266.87,267.3,266.85,267.0,101094
2025-06-24 04:25:00,267.0,267.6,266.9,267.49,129274
2025-06-24 04:30:00,267.41,267.65,267.25,267.38,71382
2025-06-24 04:35:00,267.38,267.38,267.04,267.3,53459
2025-06-24 04:40:00,267.29,268.2,267.29,268.2,201086
2025-06-24 04:45:00,268.15,268.5,268.0,268.3,127100
2025-06-24 04:50:00,268.3,268.4,268.03,268.15,82188
2025-06-24 04:55:00,268.25,268.65,268.16,268.62,124616
2025-06-24 05:00:00,268.63,268.63,267.77,267.77,81246
2025-06-24 05:05:00,267.75,268.22,267.75,267.9,79977
2025-06-24 05:10:00,267.85,268.2,267.63,268.2,107286
2025-06-24 05:15:00,268.2,268.4,267.56,267.65,77808
2025-06-24 05:20:00,267.56,268.0,267.2,267.92,90692
2025-06-24 05:25:00,267.94,268.0,267.7,267.98,40342
2025-06-24 05:30:00,267.87,268.0,267.71,267.95,52701
2025-06-24 05:35:00,267.99,268.3,267.74,268.13,105561
2025-06-24 05:40:00,268.17,268.17,267.61,267.61,54819
2025-06-24 05:45:00,267.69,268.0,267.5,267.56,43503
2025-06-24 05:50:00,267.65,267.88,267.5,267.77,36468
2025-06-24 05:55:00,267.76,268.53,267.69,268.35,228804
2025-06-24 06:00:00,268.35,268.45,268.11,268.41,56776
2025-06-24 06:05:00,268.3,268.6,268.03,268.09,66155
2025-06-24 06:10:00,268.14,268.4,267.91,268.1,40251
2025-06-24 06:15:00,268.13,268.18,267.95,268.02,50319
2025-06-24 06:20:00,268.02,268.29,268.0,268.25,35624
2025-06-24 06:25:00,268.25,268.5,268.11,268.34,44246
2025-06-24 06:30:00,268.31,268.4,267.92,268.06,42200
2025-06-24 06:35:00,268.1,268.29,267.97,268.13,39484
2025-06-24 06:40:00,268.08,268.35,267.93,268.11,42695
2025-06-24 06:45:00,268.14,268.38,268.07,268.12,33448
2025-06-24 06:50:00,268.22,268.35,268.06,268.35,36513
2025-06-24 06:55:00,268.35,268.38,268.12,268.25,31167
2025-06-24 07:00:00,268.25,268.25,268.05,268.06,34472
2025-06-24 07:05:00,268.1,268.29,267.93,268.15,51783
2025-06-24 07:10:00,268.14,268.25,267.87,268.19,68136
2025-06-24 07:15:00,268.1,268.25,267.8,268.17,49558
2025-06-24 07:20:00,268.18,268.25,268.01,268.25,32853
2025-06-24 07:25:00,268.25,268.4,268.1,268.18,36416
2025-06-24 07:30:00,268.18,268.18,267.7,267.89,46220
2025-06-24 07:35:00,267.89,267.95,267.71,267.95,31400
2025-06-24 07:40:00,267.93,267.93,267.25,267.43,101778
2025-06-24 07:45:00,267.42,267.55,267.11,267.3,59362
2025-06-24 07:50:00,267.32,267.49,266.9,266.9,108128
2025-06-24 07:55:00,266.84,267.1,266.77,266.89,60354
2025-06-24 08:00:00,266.85,267.0,266.42,266.63,75441
2025-06-24 08:05:00,266.62,266.63,265.88,266.14,114546
2025-06-24 08:10:00,266.14,266.42,265.67,265.76,88453
2025-06-24 08:15:00,265.71,265.75,265.03,265.57,104782
2025-06-24 08:20:00,265.57,266.25,265.44,266.1,64179
2025-06-24 08:25:00,266.04,266.19,265.73,266.1,36658
2025-06-24 08:30:00,266.1,266.16,265.4,265.4,33961
2025-06-24 08:35:00,265.46,265.5,265.08,265.45,79847
2025-06-24 08:40:00,265.4,265.57,265.21,265.54,42693
2025-06-24 08:45:00,265.43,265.97,265.41,265.93,60854
2025-06-24 08:50:00,265.91,266.0,265.4,265.64,92135
2025-06-24 08:55:00,265.63,265.87,265.35,265.61,55131
2025-06-24 09:00:00,265.53,265.99,265.53,265.82,32442
2025-06-24 09:05:00,265.84,265.97,265.6,265.71,38325
2025-06-24 09:10:00,265.59,265.8,265.35,265.53,70318
2025-06-24 09:15:00,265.46,265.53,265.02,265.35,60030
2025-06-24 09:20:00,265.38,265.56,265.01,265.3,52923
2025-06-24 09:25:00,265.3,265.36,265.12,265.3,58457
2025-06-24 09:30:00,265.3,265.43,265.02,265.05,99897
2025-06-24 09:35:00,265.05,265.06,264.71,264.91,149095
2025-06-24 09:40:00,264.92,265.03,264.87,264.97,123541
2025-06-24 09:45:00,264.97,265.0,264.86,264.99,185131
2025-06-24 09:50:00,264.98,264.99,264.87,264.98,156794
2025-06-24 09:55:00,264.96,265.0,264.79,265.0,110898
2025-06-25 03:45:00,265.9,267.99,265.85,267.97,345637
2025-06-25 03:50:00,268.0,268.48,267.35,267.41,212715
2025-06-25 03:55:00,267.41,267.5,266.8,267.05,110521
2025-06-25 04:00:00,267.05,267.47,266.61,266.82,100418
2025-06-25 04:05:00,266.75,267.44,266.56,267.15,105401
2025-06-25 04:10:00,267.15,267.42,267.03,267.2,70147
2025-06-25 04:15:00,267.13,267.34,266.75,266.75,70133
2025-06-25 04:20:00,266.75,267.8,266.7,267.59,96427
2025-06-25 04:25:00,267.55,268.03,267.53,268.02,121829
2025-06-25 04:30:00,268.1,268.2,267.7,267.82,68362
2025-06-25 04:35:00,267.8,267.99,267.65,267.79,42664
2025-06-25 04:40:00,267.79,267.95,267.61,267.8,34670
2025-06-25 04:45:00,267.8,268.18,267.55,267.75,80770
2025-06-25 04:50:00,267.78,267.93,267.7,267.82,24497
2025-06-25 04:55:00,267.82,267.82,267.41,267.46,66973
2025-06-25 05:00:00,267.47,267.79,267.45,267.7,37212
2025-06-25 05:05:00,267.67,267.84,267.5,267.75,26889
2025-06-25 05:10:00,267.65,268.0,267.65,267.7,33646
2025-06-25 05:15:00,267.74,267.74,267.42,267.66,18888
2025-06-25 05:20:00,267.59,267.82,267.51,267.51,30601
2025-06-25 05:25:00,267.51,267.7,267.51,267.65,19023
2025-06-25 05:30:00,267.7,267.8,267.53,267.7,22320
2025-06-25 05:35:00,267.69,267.8,267.6,267.65,15218
2025-06-25 05:40:00,267.65,267.8,267.53,267.65,16250
2025-06-25 05:45:00,267.62,267.79,267.59,267.77,9434
2025-06-25 05:50:00,267.79,267.88,267.5,267.53,34478
2025-06-25 05:55:00,267.54,267.79,267.54,267.72,20615
2025-06-25 06:00:00,267.72,268.34,267.72,268.06,105179
2025-06-25 06:05:00,268.06,268.06,267.84,267.87,22995
2025-06-25 06:10:00,267.87,267.87,267.64,267.74,14472
2025-06-25 06:15:00,267.74,267.9,267.65,267.89,19274
2025-06-25 06:20:00,267.87,268.0,267.77,268.0,27156
2025-06-25 06:25:00,268.0,268.0,267.8,267.84,27309
2025-06-25 06:30:00,267.84,267.88,267.31,267.37,45299
2025-06-25 06:35:00,267.48,267.8,267.37,267.65,43963
2025-06-25 06:40:00,267.65,267.65,267.35,267.35,24862
2025-06-25 06:45:00,267.35,267.63,267.3,267.34,21411
2025-06-25 06:50:00,267.26,267.5,267.24,267.5,27533
2025-06-25 06:55:00,267.45,267.5,267.4,267.44,18412
2025-06-25 07:00:00,267.45,267.99,267.43,267.9,28102
2025-06-25 07:05:00,267.99,268.8,267.86,268.49,199888
2025-06-25 07:10:00,268.49,268.69,268.45,268.5,58012
2025-06-25 07:15:00,268.5,268.65,268.37,268.53,49749
2025-06-25 07:20:00,268.51,268.51,268.31,268.4,57745
2025-06-25 07:25:00,268.38,268.55,268.33,268.55,46586
2025-06-25 07:30:00,268.54,268.9,268.54,268.65,64411
2025-06-25 07:35:00,268.65,268.9,268.65,268.82,55073
2025-06-25 07:40:00,268.84,269.69,268.8,269.54,291312
2025-06-25 07:45:00,269.54,269.74,268.8,268.89,96817
2025-06-25 07:50:00,268.89,269.25,268.82,269.25,35299
2025-06-25 07:55:00,269.25,269.35,269.03,269.29,30604
2025-06-25 08:00:00,269.3,269.35,269.01,269.09,58886
2025-06-25 08:05:00,269.1,269.6,269.1,269.57,69993
2025-06-25 08:10:00,269.53,269.85,269.49,269.85,83680
2025-06-25 08:15:00,269.8,269.9,269.34,269.45,67760
2025-06-25 08:20:00,269.5,269.5,269.22,269.37,45467
2025-06-25 08:25:00,269.39,269.46,269.2,269.33,26234
2025-06-25 08:30:00,269.33,269.33,269.11,269.13,29001
2025-06-25 08:35:00,269.17,269.46,269.12,269.44,46257
2025-06-25 08:40:00,269.44,269.5,269.3,269.5,51463
2025-06-25 08:45:00,269.5,269.77,269.5,269.74,77432
2025-06-25 08:50:00,269.75,269.85,269.58,269.82,71254
2025-06-25 08:55:00,269.86,269.96,269.75,269.88,102974
2025-06-25 09:00:00,269.87,269.93,269.21,269.54,99350
2025-06-25 09:05:00,269.55,269.56,269.42,269.49,39114
2025-06-25 09:10:00,269.54,269.54,269.34,269.43,53415
2025-06-25 09:15:00,269.44,269.56,269.11,269.16,59597
2025-06-25 09:20:00,269.14,269.32,268.93,269.03,109168
2025-06-25 09:25:00,269.03,269.26,269.01,269.21,73487
2025-06-25 09:30:00,269.24,269.8,269.16,269.79,143023
2025-06-25 09:35:00,269.76,269.76,269.42,269.53,110296
2025-06-25 09:40:00,269.53,269.75,269.45,269.7,146904
2025-06-25 09:45:00,269.7,269.7,269.15,269.48,221435
2025-06-25 09:50:00,269.47,269.47,269.08,269.23,192415
2025-06-25 09:55:00,269.17,269.4,269.1,269.4,103532
2025-06-26 03:45:00,269.1,271.0,268.35,270.46,482975
2025-06-26 03:50:00,270.5,270.72,270.1,270.28,259046
2025-06-26 03:55:00,270.25,270.64,269.75,270.56,227903
2025-06-26 04:00:00,270.56,270.6,270.22,270.27,149718
2025-06-26 04:05:00,270.18,270.33,269.85,269.85,98471
2025-06-26 04:10:00,269.85,270.0,269.36,270.0,105915
2025-06-26 04:15:00,270.0,270.45,269.99,270.4,93711
2025-06-26 04:20:00,270.39,270.4,270.2,270.39,43506
2025-06-26 04:25:00,270.38,271.0,270.36,270.99,158581
2025-06-26 04:30:00,270.95,271.3,270.4,270.53,213661
2025-06-26 04:35:00,270.53,270.53,269.71,269.75,96298
2025-06-26 04:40:00,269.75,270.09,269.63,269.73,87639
2025-06-26 04:45:00,269.75,269.9,269.6,269.83,48352
2025-06-26 04:50:00,269.8,269.92,269.48,269.64,67486
2025-06-26 04:55:00,269.56,269.91,269.56,269.62,40090
2025-06-26 05:00:00,269.62,269.75,269.46,269.6,52348
2025-06-26 05:05:00,269.6,269.88,269.55,269.7,32724
2025-06-26 05:10:00,269.69,269.7,268.7,268.76,123618
2025-06-26 05:15:00,268.92,269.34,268.75,269.29,62243
2025-06-26 05:20:00,269.39,269.53,269.22,269.31,38411
2025-06-26 05:25:00,269.3,269.4,269.07,269.22,34333
2025-06-26 05:30:00,269.25,269.99,269.22,269.49,102556
2025-06-26 05:35:00,269.49,269.49,268.88,269.18,48692
2025-06-26 05:40:00,269.18,269.2,268.98,269.11,36292
2025-06-26 05:45:00,269.1,269.38,268.88,269.27,35840
2025-06-26 05:50:00,269.24,269.41,269.0,269.38,41766
2025-06-26 05:55:00,269.35,269.35,268.9,269.2,33621
2025-06-26 06:00:00,269.22,269.59,269.11,269.2,64979
2025-06-26 06:05:00,269.2,269.3,269.02,269.21,36288
2025-06-26 06:10:00,269.13,269.21,268.97,269.06,75577
2025-06-26 06:15:00,269.06,269.5,269.01,269.45,27312
2025-06-26 06:20:00,269.46,269.6,269.29,269.35,39991
2025-06-26 06:25:00,269.35,269.37,269.1,269.2,29635
2025-06-26 06:30:00,269.2,269.49,269.16,269.29,36809
2025-06-26 06:35:00,269.3,269.49,269.12,269.12,47047
2025-06-26 06:40:00,269.14,269.22,268.92,269.06,44309
2025-06-26 06:45:00,269.06,269.43,269.0,269.14,47501
2025-06-26 06:50:00,269.24,269.39,269.11,269.16,30582
2025-06-26 06:55:00,269.11,269.15,268.91,269.14,30152
2025-06-26 07:00:00,269.13,269.28,269.03,269.22,30326
2025-06-26 07:05:00,269.16,269.22,268.9,268.9,48449
2025-06-26 07:10:00,268.97,269.0,268.68,268.85,57202
2025-06-26 07:15:00,268.85,268.89,268.15,268.35,116958
2025-06-26 07:20:00,268.35,268.53,267.9,268.0,125046
2025-06-26 07:25:00,267.95,268.28,267.95,268.2,84636
2025-06-26 07:30:00,268.3,268.65,268.3,268.5,134399
2025-06-26 07:35:00,268.51,268.6,268.06,268.18,149855
2025-06-26 07:40:00,268.16,268.21,267.86,268.11,107263
2025-06-26 07:45:00,268.18,268.75,268.09,268.74,118509
2025-06-26 07:50:00,268.74,269.22,268.44,268.48,221800
2025-06-26 07:55:00,268.48,268.56,268.1,268.17,96352
2025-06-26 08:00:00,268.17,268.5,268.14,268.43,126174
2025-06-26 08:05:00,268.43,268.73,268.37,268.69,67028
2025-06-26 08:10:00,268.7,268.89,268.57,268.78,61091
2025-06-26 08:15:00,268.8,269.47,268.8,269.19,110929
2025-06-26 08:20:00,269.19,269.4,269.06,269.39,64272
2025-06-26 08:25:00,269.4,269.77,269.33,269.72,87512
2025-06-26 08:30:00,269.72,269.92,269.69,269.71,100897
2025-06-26 08:35:00,269.74,269.74,269.21,269.25,99657
2025-06-26 08:40:00,269.21,269.67,269.17,269.59,51652
2025-06-26 08:45:00,269.59,269.85,269.2,269.81,74038
2025-06-26 08:50:00,269.84,269.84,269.54,269.73,70166
2025-06-26 08:55:00,269.77,270.22,269.76,270.0,215360
2025-06-26 09:00:00,270.0,270.09,269.7,269.73,88976
2025-06-26 09:05:00,269.75,270.07,269.75,269.97,62555
2025-06-26 09:10:00,269.97,270.07,269.76,269.86,92075
2025-06-26 09:15:00,269.86,269.98,269.57,269.6,66748
2025-06-26 09:20:00,269.61,269.83,269.29,269.77,139975
2025-06-26 09:25:00,269.86,270.06,269.71,269.88,250226
2025-06-26 09:30:00,270.05,270.05,269.11,269.47,362775
2025-06-26 09:35:00,269.5,269.53,268.52,268.9,387258
2025-06-26 09:40:00,268.95,269.0,268.39,268.71,330650
2025-06-26 09:45:00,268.76,268.77,268.36,268.37,246141
2025-06-26 09:50:00,268.36,268.39,267.19,267.82,565368
2025-06-26 09:55:00,267.82,268.0,267.43,268.0,223198
2025-06-27 03:45:00,269.0,270.0,267.71,267.94,339746
2025-06-27 03:50:00,267.85,268.47,267.7,268.34,155410
2025-06-27 03:55:00,268.32,269.22,268.32,268.94,104759
2025-06-27 04:00:00,268.94,268.94,268.15,268.86,91111
2025-06-27 04:05:00,268.91,269.25,268.68,269.15,90088
2025-06-27 04:10:00,269.25,269.81,268.8,268.8,193579
2025-06-27 04:15:00,268.82,268.99,268.27,268.27,72140
2025-06-27 04:20:00,268.39,268.93,268.3,268.71,53903
2025-06-27 04:25:00,268.62,268.72,268.55,268.69,37082
2025-06-27 04:30:00,268.68,268.77,268.5,268.65,57013
2025-06-27 04:35:00,268.63,268.79,268.5,268.55,123067
2025-06-27 04:40:00,268.55,268.58,268.3,268.46,53331
2025-06-27 04:45:00,268.44,268.5,268.25,268.41,39362
2025-06-27 04:50:00,268.47,268.54,268.06,268.15,53072
2025-06-27 04:55:00,268.15,268.3,268.01,268.15,30422
2025-06-27 05:00:00,268.1,268.15,267.55,267.65,125473
2025-06-27 05:05:00,267.62,267.65,267.0,267.17,127786
2025-06-27 05:10:00,267.17,267.17,266.8,267.03,156792
2025-06-27 05:15:00,267.03,267.4,267.0,267.39,79322
2025-06-27 05:20:00,267.4,267.7,267.38,267.6,52219
2025-06-27 05:25:00,267.6,267.9,267.38,267.85,107258
2025-06-27 05:30:00,267.85,268.45,267.8,267.86,98916
2025-06-27 05:35:00,267.9,268.06,267.36,267.69,52211
2025-06-27 05:40:00,267.69,267.85,267.56,267.65,34278
2025-06-27 05:45:00,267.65,267.69,267.55,267.6,29522
2025-06-27 05:50:00,267.6,267.76,267.56,267.7,17110
2025-06-27 05:55:00,267.72,267.72,267.55,267.63,27027
2025-06-27 06:00:00,267.63,267.69,266.95,267.12,66859
2025-06-27 06:05:00,267.12,267.17,266.75,267.17,56922
2025-06-27 06:10:00,267.17,267.43,267.07,267.28,49357
2025-06-27 06:15:00,267.28,267.87,267.13,267.68,69366
2025-06-27 06:20:00,267.66,267.7,267.2,267.24,43227
2025-06-27 06:25:00,267.25,267.37,267.2,267.23,43860
2025-06-27 06:30:00,267.23,267.26,266.78,266.9,71161
2025-06-27 06:35:00,266.9,266.96,266.8,266.87,41279
2025-06-27 06:40:00,266.8,267.01,266.8,266.95,41749
2025-06-27 06:45:00,266.94,266.96,266.8,266.87,27063
2025-06-27 06:50:00,266.83,266.9,266.33,266.56,84090
2025-06-27 06:55:00,266.5,266.65,266.23,266.43,221424
2025-06-27 07:00:00,266.42,266.87,266.3,266.45,77537
2025-06-27 07:05:00,266.45,266.7,266.39,266.63,26521
2025-06-27 07:10:00,266.63,266.95,266.56,266.79,38241
2025-06-27 07:15:00,266.79,266.93,266.6,266.65,72465
2025-06-27 07:20:00,266.7,266.72,266.32,266.46,69844
2025-06-27 07:25:00,266.42,266.55,266.09,266.15,80387
2025-06-27 07:30:00,266.15,266.18,265.8,265.94,91656
2025-06-27 07:35:00,265.91,266.03,265.7,265.79,52134
2025-06-27 07:40:00,265.73,265.78,265.5,265.5,39657
2025-06-27 07:45:00,265.55,265.68,265.32,265.36,74546
2025-06-27 07:50:00,265.43,265.72,265.35,265.47,60050
2025-06-27 07:55:00,265.4,265.87,265.4,265.85,50834
2025-06-27 08:00:00,265.85,265.95,265.52,265.6,54683
2025-06-27 08:05:00,265.63,265.76,265.5,265.51,38505
2025-06-27 08:10:00,265.59,265.75,265.5,265.72,40633
2025-06-27 08:15:00,265.71,265.89,265.64,265.8,31867
2025-06-27 08:20:00,265.81,265.95,265.58,265.63,46479
2025-06-27 08:25:00,265.63,265.95,265.6,265.92,57129
2025-06-27 08:30:00,265.92,266.08,265.8,265.89,62580
2025-06-27 08:35:00,265.89,265.9,265.58,265.84,37447
2025-06-27 08:40:00,265.82,265.88,265.44,265.72,57968
2025-06-27 08:45:00,265.72,265.75,265.35,265.52,75571
2025-06-27 08:50:00,265.51,265.57,265.35,265.41,48759
2025-06-27 08:55:00,265.41,265.78,265.39,265.58,37958
2025-06-27 09:00:00,265.52,265.84,265.23,265.3,133408
2025-06-27 09:05:00,265.3,265.36,265.03,265.07,155020
2025-06-27 09:10:00,265.06,265.15,264.92,265.11,277768
2025-06-27 09:15:00,265.11,265.14,264.9,264.99,168650
2025-06-27 09:20:00,265.03,265.03,264.9,264.96,109877
2025-06-27 09:25:00,264.95,264.99,264.51,264.77,294278
2025-06-27 09:30:00,264.76,265.18,264.5,265.18,534499
2025-06-27 09:35:00,265.15,265.32,264.9,265.23,508605
2025-06-27 09:40:00,265.18,265.23,264.94,265.06,525499
2025-06-27 09:45:00,265.08,265.27,264.81,265.05,628064
2025-06-27 09:50:00,265.04,265.2,264.87,265.2,587819
2025-06-27 09:55:00,265.25,265.5,265.07,265.4,438906
2025-06-30 03:45:00,266.1,266.1,263.85,264.63,430090
2025-06-30 03:50:00,264.7,265.44,264.7,265.4,126218
2025-06-30 03:55:00,265.4,265.4,264.76,264.8,117123
2025-06-30 04:00:00,264.8,264.9,264.31,264.64,94749
2025-06-30 04:05:00,264.7,265.0,264.32,264.4,70888
2025-06-30 04:10:00,264.43,264.54,263.91,264.02,83148
2025-06-30 04:15:00,264.02,264.1,263.4,263.51,73823
2025-06-30 04:20:00,263.41,263.72,263.3,263.42,55405
2025-06-30 04:25:00,263.36,263.63,263.25,263.28,70407
2025-06-30 04:30:00,263.28,263.72,263.16,263.67,76210
2025-06-30 04:35:00,263.66,263.71,263.25,263.59,57114
2025-06-30 04:40:00,263.59,264.0,263.59,263.75,60016
2025-06-30 04:45:00,263.83,263.98,263.55,263.6,47071
2025-06-30 04:50:00,263.6,263.68,262.9,262.95,149624
2025-06-30 04:55:00,263.0,263.28,262.92,263.05,45277
2025-06-30 05:00:00,263.1,263.47,262.94,263.45,198048
2025-06-30 05:05:00,263.43,263.84,263.43,263.71,44338
2025-06-30 05:10:00,263.71,264.31,263.57,264.1,85895
2025-06-30 05:15:00,264.1,264.65,264.1,264.48,108297
2025-06-30 05:20:00,264.48,264.67,264.25,264.36,47816
2025-06-30 05:25:00,264.36,264.49,264.16,264.31,33099
2025-06-30 05:30:00,264.38,264.5,264.14,264.24,42205
2025-06-30 05:35:00,264.13,264.23,263.87,264.02,36228
2025-06-30 05:40:00,264.07,264.16,263.86,263.98,23499
2025-06-30 05:45:00,263.96,264.24,263.88,264.16,25075
2025-06-30 05:50:00,264.16,264.7,264.13,264.67,48658
2025-06-30 05:55:00,264.68,264.99,264.67,264.9,130082
2025-06-30 06:00:00,264.94,265.22,264.86,264.94,72703
2025-06-30 06:05:00,264.94,265.03,264.82,264.95,27976
2025-06-30 06:10:00,264.94,265.15,264.79,265.13,51162
2025-06-30 06:15:00,265.07,265.14,264.73,264.84,53916
2025-06-30 06:20:00,264.82,265.2,264.75,265.15,58060
2025-06-30 06:25:00,265.16,265.16,264.5,264.54,45914
2025-06-30 06:30:00,264.5,264.59,264.16,264.17,48483
2025-06-30 06:35:00,264.24,264.67,264.14,264.67,42751
2025-06-30 06:40:00,264.58,264.79,264.45,264.52,24413
2025-06-30 06:45:00,264.52,265.0,264.52,264.75,51521
2025-06-30 06:50:00,264.81,265.19,264.79,265.09,50503
2025-06-30 06:55:00,265.18,265.19,264.7,264.75,72433
2025-06-30 07:00:00,264.75,264.75,264.4,264.65,57121
2025-06-30 07:05:00,264.65,264.65,264.32,264.45,25183
2025-06-30 07:10:00,264.47,264.55,264.35,264.41,23619
2025-06-30 07:15:00,264.42,264.74,264.4,264.59,23870
2025-06-30 07:20:00,264.54,264.8,264.51,264.64,17258
2025-06-30 07:25:00,264.7,264.7,264.41,264.41,15228
2025-06-30 07:30:00,264.46,264.46,264.0,264.24,41766
2025-06-30 07:35:00,264.29,264.29,264.01,264.13,22028
2025-06-30 07:40:00,264.11,264.15,263.88,264.0,53919
2025-06-30 07:45:00,263.9,264.09,263.7,263.95,49190
2025-06-30 07:50:00,263.96,264.68,263.96,264.62,92724
2025-06-30 07:55:00,264.58,264.88,264.58,264.75,67548
2025-06-30 08:00:00,264.72,264.95,264.72,264.81,64965
2025-06-30 08:05:00,264.89,265.2,264.82,265.2,92093
2025-06-30 08:10:00,265.2,265.2,264.66,265.15,120555
2025-06-30 08:15:00,265.15,265.2,265.04,265.13,65555
2025-06-30 08:20:00,265.12,265.2,264.75,265.04,87271
2025-06-30 08:25:00,265.04,265.5,264.89,265.41,105525
2025-06-30 08:30:00,265.41,265.7,265.39,265.61,87994
2025-06-30 08:35:00,265.6,265.94,265.49,265.87,109593
2025-06-30 08:40:00,265.94,265.94,265.48,265.55,80464
2025-06-30 08:45:00,265.59,265.59,265.2,265.37,86809
2025-06-30 08:50:00,265.38,265.6,265.37,265.54,65754
2025-06-30 08:55:00,265.58,265.7,265.44,265.7,63229
2025-06-30 09:00:00,265.69,265.7,265.4,265.48,83727
2025-06-30 09:05:00,265.46,265.59,265.24,265.5,73734
2025-06-30 09:10:00,265.45,265.5,265.25,265.36,84048
2025-06-30 09:15:00,265.33,265.57,265.32,265.39,90187
2025-06-30 09:20:00,265.38,265.44,265.1,265.22,150731
2025-06-30 09:25:00,265.23,265.35,265.12,265.3,110357
2025-06-30 09:30:00,265.21,265.75,265.21,265.75,339634
2025-06-30 09:35:00,265.75,265.83,265.6,265.83,320719
2025-06-30 09:40:00,265.8,266.24,265.77,266.11,371917
2025-06-30 09:45:00,266.13,266.13,265.91,266.1,333270
2025-06-30 09:50:00,266.12,266.74,266.11,266.55,410170
2025-06-30 09:55:00,266.53,266.54,265.5,266.01,248721
2025-07-01 03:45:00,265.5,266.75,264.8,266.0,240607
2025-07-01 03:50:00,266.05,267.25,265.75,267.2,129092
2025-07-01 03:55:00,267.2,267.5,266.8,267.35,109587
2025-07-01 04:00:00,267.35,268.35,267.3,267.35,199754
2025-07-01 04:05:00,267.45,267.45,266.95,267.1,68847
2025-07-01 04:10:00,267.1,267.15,266.7,266.85,66389
2025-07-01 04:15:00,266.85,266.85,266.4,266.45,78436
2025-07-01 04:20:00,266.5,266.85,266.25,266.55,84376
2025-07-01 04:25:00,266.65,266.7,265.8,266.2,85404
2025-07-01 04:30:00,266.25,266.3,265.45,266.0,96658
2025-07-01 04:35:00,266.0,266.1,265.7,265.8,45004
2025-07-01 04:40:00,265.8,265.9,265.55,265.55,26266
2025-07-01 04:45:00,265.6,266.3,265.55,266.05,57604
2025-07-01 04:50:00,266.05,266.15,265.65,265.75,23019
2025-07-01 04:55:00,265.75,265.95,265.55,265.85,54697
2025-07-01 05:00:00,265.85,266.0,265.6,265.75,36448
2025-07-01 05:05:00,265.85,266.2,265.8,266.15,21645
2025-07-01 05:10:00,266.1,266.1,265.75,265.85,31061
2025-07-01 05:15:00,265.85,265.85,265.55,265.6,45272
2025-07-01 05:20:00,265.6,265.6,265.0,265.1,54979
2025-07-01 05:25:00,265.0,265.3,265.0,265.2,42322
2025-07-01 05:30:00,265.15,265.2,265.05,265.2,21635
2025-07-01 05:35:00,265.2,265.4,265.15,265.3,13485
2025-07-01 05:40:00,265.3,265.5,265.3,265.35,13757
2025-07-01 05:45:00,265.35,265.5,265.05,265.4,39264
2025-07-01 05:50:00,265.4,265.4,265.15,265.2,21675
2025-07-01 05:55:00,265.15,265.35,265.15,265.2,20928
2025-07-01 06:00:00,265.2,265.3,265.05,265.15,26942
2025-07-01 06:05:00,265.15,265.15,264.9,265.15,66151
2025-07-01 06:10:00,265.15,265.3,264.9,264.95,36156
2025-07-01 06:15:00,264.95,265.2,264.95,265.05,15842
2025-07-01 06:20:00,265.05,265.1,264.55,264.7,37689
2025-07-01 06:25:00,264.7,264.8,264.4,264.8,41032
2025-07-01 06:30:00,264.8,264.8,264.6,264.6,26527
2025-07-01 06:35:00,264.65,264.65,264.35,264.35,18093
2025-07-01 06:40:00,264.35,264.5,264.35,264.4,21401
2025-07-01 06:45:00,264.45,264.6,264.3,264.55,21831
2025-07-01 06:50:00,264.6,264.9,264.55,264.6,43997
2025-07-01 06:55:00,264.6,264.75,264.6,264.65,18109
2025-07-01 07:00:00,264.65,264.9,264.4,264.85,47623
2025-07-01 07:05:00,264.85,264.9,264.65,264.75,27021
2025-07-01 07:10:00,264.8,264.8,264.65,264.8,17208
2025-07-01 07:15:00,264.8,264.85,264.6,264.8,27536
2025-07-01 07:20:00,264.85,265.0,264.75,264.8,22490
2025-07-01 07:25:00,264.75,264.9,264.65,264.85,21445
2025-07-01 07:30:00,264.85,264.9,264.65,264.7,16375
2025-07-01 07:35:00,264.7,264.85,264.6,264.7,25774
2025-07-01 07:40:00,264.7,264.8,264.6,264.7,24526
2025-07-01 07:45:00,264.7,264.95,264.7,264.9,22673
2025-07-01 07:50:00,264.95,264.95,264.75,264.85,22081
2025-07-01 07:55:00,264.9,264.9,264.6,264.6,27406
2025-07-01 08:00:00,264.65,264.75,264.5,264.55,39909
2025-07-01 08:05:00,264.5,264.55,264.3,264.45,32350
2025-07-01 08:10:00,264.5,264.5,264.1,264.1,31305
2025-07-01 08:15:00,264.15,264.2,263.9,264.05,64393
2025-07-01 08:20:00,264.05,264.15,263.95,264.05,28945
2025-07-01 08:25:00,264.05,264.15,263.7,264.05,53493
2025-07-01 08:30:00,264.05,264.2,263.85,263.95,58795
2025-07-01 08:35:00,264.0,264.4,263.95,264.1,67061
2025-07-01 08:40:00,264.15,264.55,264.1,264.45,57854
2025-07-01 08:45:00,264.45,264.55,264.3,264.4,46956
2025-07-01 08:50:00,264.5,264.55,264.35,264.4,34450
2025-07-01 08:55:00,264.35,264.4,264.15,264.25,41574
2025-07-01 09:00:00,264.15,264.5,264.15,264.35,50511
2025-07-01 09:05:00,264.35,264.45,263.8,264.35,83753
2025-07-01 09:10:00,264.35,264.4,264.05,264.35,32776
2025-07-01 09:15:00,264.4,264.45,264.15,264.35,35787
2025-07-01 09:20:00,264.25,264.45,264.15,264.2,26852
2025-07-01 09:25:00,264.25,264.25,264.1,264.15,36218
2025-07-01 09:30:00,264.25,264.65,264.25,264.45,78002
2025-07-01 09:35:00,264.45,264.65,264.4,264.6,87320
2025-07-01 09:40:00,264.6,264.7,264.4,264.6,115836
2025-07-01 09:45:00,264.55,264.8,264.5,264.5,142612
2025-07-01 09:50:00,264.5,264.75,264.4,264.5,119954
2025-07-01 09:55:00,264.5,264.7,264.0,264.3,113747
2025-07-02 03:45:00,265.0,268.2,265.0,267.9,438531
2025-07-02 03:50:00,267.8,268.7,267.7,267.8,440657
2025-07-02 03:55:00,267.95,268.0,266.7,267.15,193709
2025-07-02 04:00:00,267.15,267.3,266.6,266.75,123139
2025-07-02 04:05:00,266.8,267.05,266.6,267.0,70438
2025-07-02 04:10:00,267.0,267.65,266.9,267.1,104012
2025-07-02 04:15:00,267.25,267.85,267.1,267.7,127770
2025-07-02 04:20:00,267.6,268.65,267.6,268.3,234492
2025-07-02 04:25:00,268.2,268.3,267.6,268.0,127854
2025-07-02 04:30:00,268.0,268.0,267.75,267.95,58132
2025-07-02 04:35:00,267.95,268.0,267.5,267.65,81967
2025-07-02 04:40:00,267.55,267.85,267.2,267.3,83404
2025-07-02 04:45:00,267.4,267.4,266.55,266.75,190610
2025-07-02 04:50:00,266.7,267.0,266.35,266.55,127220
2025-07-02 04:55:00,266.5,266.7,265.85,266.4,113913
2025-07-02 05:00:00,266.4,266.4,265.7,266.05,91637
2025-07-02 05:05:00,266.1,266.1,265.5,265.65,92118
2025-07-02 05:10:00,265.75,265.8,265.3,265.3,46840
2025-07-02 05:15:00,265.4,266.15,265.1,266.0,95410
2025-07-02 05:20:00,266.0,266.1,265.65,266.0,61247
2025-07-02 05:25:00,266.0,266.0,265.25,265.25,44633
2025-07-02 05:30:00,265.4,265.5,265.0,265.2,54328
2025-07-02 05:35:00,265.3,265.75,265.15,265.4,41358
2025-07-02 05:40:00,265.25,265.8,265.25,265.75,43076
2025-07-02 05:45:00,265.7,266.1,265.55,265.85,78041
2025-07-02 05:50:00,265.9,266.05,265.65,265.9,56535
2025-07-02 05:55:00,265.9,266.3,265.85,266.3,53789
2025-07-02 06:00:00,266.3,266.3,265.6,265.85,46214
2025-07-02 06:05:00,265.9,265.95,265.7,265.85,21368
2025-07-02 06:10:00,265.8,265.8,265.35,265.5,29522
2025-07-02 06:15:00,265.45,266.0,265.4,265.9,72374
2025-07-02 06:20:00,265.85,266.0,265.55,265.6,42675
2025-07-02 06:25:00,265.6,265.75,265.55,265.75,16969
2025-07-02 06:30:00,265.7,265.8,265.45,265.6,24227
2025-07-02 06:35:00,265.55,266.15,265.55,266.1,23151
2025-07-02 06:40:00,266.15,266.25,266.05,266.25,16862
2025-07-02 06:45:00,266.25,266.3,266.0,266.1,40841
2025-07-02 06:50:00,266.05,266.2,266.0,266.1,22679
2025-07-02 06:55:00,266.05,266.1,265.55,265.6,52887
2025-07-02 07:00:00,265.6,265.95,265.6,265.8,18186
2025-07-02 07:05:00,265.75,265.95,265.7,265.95,14134
2025-07-02 07:10:00,265.95,266.45,265.95,266.2,46731
2025-07-02 07:15:00,266.15,266.3,266.0,266.1,12536
2025-07-02 07:20:00,266.1,266.1,265.6,265.65,20301
2025-07-02 07:25:00,265.6,265.75,265.55,265.7,15249
2025-07-02 07:30:00,265.7,266.2,265.55,266.1,20431
2025-07-02 07:35:00,266.1,266.15,265.9,266.0,20182
2025-07-02 07:40:00,265.95,266.0,265.6,265.65,14280
2025-07-02 07:45:00,265.7,265.7,265.1,265.1,58629
2025-07-02 07:50:00,265.75,265.75,264.75,264.8,1409751
2025-07-02 07:55:00,264.8,265.05,264.75,264.85,31245
2025-07-02 08:00:00,264.8,265.0,264.45,264.9,62127
2025-07-02 08:05:00,264.9,265.0,264.65,265.0,22067
2025-07-02 08:10:00,265.0,265.1,264.7,264.95,31583
2025-07-02 08:15:00,264.95,265.05,264.7,265.0,37562
2025-07-02 08:20:00,265.05,265.15,264.8,264.95,23921
2025-07-02 08:25:00,264.85,265.0,264.75,264.9,20307
2025-07-02 08:30:00,264.85,265.0,264.85,264.95,11042
2025-07-02 08:35:00,264.95,265.1,264.8,265.05,22427
2025-07-02 08:40:00,265.1,265.7,264.95,265.7,40896
2025-07-02 08:45:00,265.7,265.95,265.65,265.8,390589
2025-07-02 08:50:00,265.85,265.9,265.2,265.45,44012
2025-07-02 08:55:00,265.45,265.55,265.3,265.45,25404
2025-07-02 09:00:00,265.45,265.7,265.35,265.65,31332
2025-07-02 09:05:00,265.65,265.75,265.6,265.6,56182
2025-07-02 09:10:00,265.65,266.3,265.6,266.15,119155
2025-07-02 09:15:00,266.25,266.45,266.1,266.4,148486
2025-07-02 09:20:00,266.35,266.45,266.35,266.35,99035
2025-07-02 09:25:00,266.4,267.2,266.35,267.2,211909
2025-07-02 09:30:00,267.1,267.2,267.0,267.15,201478
2025-07-02 09:35:00,267.1,267.35,266.6,267.35,584414
2025-07-02 09:40:00,267.3,267.35,266.85,267.0,288696
2025-07-02 09:45:00,266.9,267.0,266.75,266.9,381955
2025-07-02 09:50:00,266.9,266.95,266.7,266.75,278721
2025-07-02 09:55:00,266.8,267.15,266.7,266.7,246812
2025-07-03 03:45:00,268.4,270.15,267.65,270.05,842744
2025-07-03 03:50:00,270.15,270.6,268.25,268.3,552895
2025-07-03 03:55:00,268.35,268.45,267.8,268.1,257741
2025-07-03 04:00:00,268.15,268.3,267.6,267.95,170597
2025-07-03 04:05:00,268.05,269.65,267.8,269.2,201921
2025-07-03 04:10:00,269.1,270.8,269.0,270.8,337331
2025-07-03 04:15:00,270.75,270.85,269.8,270.5,176889
2025-07-03 04:20:00,270.5,270.5,269.3,269.85,87861
2025-07-03 04:25:00,269.75,270.0,269.4,269.6,85532
2025-07-03 04:30:00,269.5,270.25,269.5,269.9,89422
2025-07-03 04:35:00,269.9,269.95,269.5,269.75,59691
2025-07-03 04:40:00,269.75,269.95,269.55,269.8,52094
2025-07-03 04:45:00,269.65,269.9,269.55,269.6,45978
2025-07-03 04:50:00,269.55,269.8,269.0,269.8,115474
2025-07-03 04:55:00,269.8,269.85,269.25,269.25,58243
2025-07-03 05:00:00,269.3,269.6,269.25,269.35,52028
2025-07-03 05:05:00,269.35,269.5,269.2,269.45,33934
2025-07-03 05:10:00,269.45,269.6,269.05,269.45,48897
2025-07-03 05:15:00,269.45,269.5,269.1,269.4,43845
2025-07-03 05:20:00,269.4,269.45,269.1,269.3,76097
2025-07-03 05:25:00,269.3,269.45,269.05,269.25,41067
2025-07-03 05:30:00,269.3,269.55,269.25,269.55,26813
2025-07-03 05:35:00,269.55,269.9,269.55,269.85,54753
2025-07-03 05:40:00,269.9,269.9,269.45,269.9,36831
2025-07-03 05:45:00,269.9,270.0,269.6,269.85,116831
2025-07-03 05:50:00,269.8,270.0,269.55,269.7,79715
2025-07-03 05:55:00,269.75,270.05,269.05,269.15,110063
2025-07-03 06:00:00,269.2,269.4,268.55,269.1,114732
2025-07-03 06:05:00,269.05,269.1,268.7,269.0,46876
2025-07-03 06:10:00,269.05,269.1,268.3,268.4,76307
2025-07-03 06:15:00,268.5,268.5,268.1,268.35,41115
2025-07-03 06:20:00,268.4,268.45,268.15,268.3,38805
2025-07-03 06:25:00,268.4,268.65,268.35,268.55,34132
2025-07-03 06:30:00,268.55,268.8,268.25,268.45,70164
2025-07-03 06:35:00,268.5,268.55,268.25,268.3,29514
2025-07-03 06:40:00,268.45,268.5,268.15,268.25,57023
2025-07-03 06:45:00,268.3,268.3,268.1,268.3,30328
2025-07-03 06:50:00,268.3,268.55,268.15,268.5,21925
2025-07-03 06:55:00,268.35,268.75,268.3,268.7,40624
2025-07-03 07:00:00,268.55,268.7,268.25,268.5,28482
2025-07-03 07:05:00,268.5,268.5,268.25,268.4,14885
2025-07-03 07:10:00,268.4,268.7,268.25,268.4,46459
2025-07-03 07:15:00,268.4,268.5,268.25,268.4,21493
2025-07-03 07:20:00,268.45,268.5,268.1,268.15,34504
2025-07-03 07:25:00,268.15,268.3,268.05,268.3,30750
2025-07-03 07:30:00,268.3,268.4,268.05,268.35,20745
2025-07-03 07:35:00,268.4,269.5,268.4,269.4,196025
2025-07-03 07:40:00,269.4,269.5,268.65,268.95,138671
2025-07-03 07:45:00,268.95,269.25,268.65,268.95,107367
2025-07-03 07:50:00,268.9,269.1,268.75,269.1,115486
2025-07-03 07:55:00,269.15,269.4,269.05,269.35,128187
2025-07-03 08:00:00,269.4,269.8,269.0,269.75,150360
2025-07-03 08:05:00,269.75,270.3,269.7,270.2,200552
2025-07-03 08:10:00,270.2,270.35,269.9,270.1,74000
2025-07-03 08:15:00,270.1,270.1,269.25,269.55,113787
2025-07-03 08:20:00,269.55,269.6,269.1,269.5,118147
2025-07-03 08:25:00,269.45,269.65,269.2,269.5,123815
2025-07-03 08:30:00,269.5,269.8,269.25,269.8,111061
2025-07-03 08:35:00,269.8,269.8,269.25,269.55,94906
2025-07-03 08:40:00,269.6,269.6,269.15,269.3,87343
2025-07-03 08:45:00,269.3,269.35,269.1,269.15,80439
2025-07-03 08:50:00,269.15,269.15,268.7,268.85,99445
2025-07-03 08:55:00,268.85,268.9,268.6,268.6,104437
2025-07-03 09:00:00,268.7,268.7,268.1,268.4,111737
2025-07-03 09:05:00,268.45,268.5,268.0,268.45,102615
2025-07-03 09:10:00,268.45,268.65,268.1,268.45,116595
2025-07-03 09:15:00,268.45,268.6,268.1,268.25,123472
2025-07-03 09:20:00,268.25,268.3,267.5,267.8,210927
2025-07-03 09:25:00,267.8,268.15,267.6,267.9,211103
2025-07-03 09:30:00,267.85,267.9,266.9,267.4,394890
2025-07-03 09:35:00,267.4,267.45,267.05,267.35,283989
2025-07-03 09:40:00,267.4,267.4,267.0,267.1,308027
2025-07-03 09:45:00,267.1,267.15,266.6,266.9,291179
2025-07-03 09:50:00,266.85,266.9,266.45,266.65,258519
2025-07-03 09:55:00,266.65,267.45,266.5,267.2,245537
2025-07-04 03:45:00,268.3,271.4,268.05,269.85,655549
2025-07-04 03:50:00,269.75,269.9,269.05,269.4,207165
2025-07-04 03:55:00,269.3,269.65,269.25,269.5,67007
2025-07-04 04:00:00,269.5,269.5,268.4,268.7,131883
2025-07-04 04:05:00,268.85,268.9,268.55,268.8,30427
2025-07-04 04:10:00,268.8,269.1,268.3,269.1,56434
2025-07-04 04:15:00,268.95,269.1,268.7,268.85,63071
2025-07-04 04:20:00,268.8,269.1,268.65,269.1,27706
2025-07-04 04:25:00,269.05,269.25,268.9,269.15,16984
2025-07-04 04:30:00,269.15,269.4,269.0,269.35,32053
2025-07-04 04:35:00,269.35,269.45,269.2,269.45,35022
2025-07-04 04:40:00,269.4,269.75,269.1,269.25,50728
2025-07-04 04:45:00,269.4,269.4,268.95,269.15,32128
2025-07-04 04:50:00,269.15,269.45,269.05,269.2,22940
2025-07-04 04:55:00,269.25,269.35,269.05,269.2,21641
2025-07-04 05:00:00,269.1,269.25,268.85,269.0,30107
2025-07-04 05:05:00,269.0,269.3,268.85,269.15,27591
2025-07-04 05:10:00,269.25,269.3,269.0,269.15,38750
2025-07-04 05:15:00,269.15,269.35,269.05,269.1,13191
2025-07-04 05:20:00,269.0,269.15,267.5,268.7,2056038
2025-07-04 05:25:00,268.7,269.0,268.6,268.8,25591
2025-07-04 05:30:00,268.9,269.0,268.8,268.85,15580
2025-07-04 05:35:00,268.8,268.9,268.65,268.9,17469
2025-07-04 05:40:00,268.8,269.25,268.75,269.15,27799
2025-07-04 05:45:00,269.15,269.15,268.7,268.95,21238
2025-07-04 05:50:00,268.8,269.05,268.4,268.7,25301
2025-07-04 05:55:00,268.7,269.2,268.55,268.85,24088
2025-07-04 06:00:00,268.9,269.0,268.7,268.75,12932
2025-07-04 06:05:00,268.75,268.85,268.4,268.45,17776
2025-07-04 06:10:00,268.5,268.55,268.05,268.3,31175
2025-07-04 06:15:00,268.25,268.25,267.8,268.1,70645
2025-07-04 06:20:00,268.05,268.3,267.9,268.2,19977
2025-07-04 06:25:00,268.1,268.75,267.85,268.7,55760
2025-07-04 06:30:00,268.8,269.2,268.65,269.0,58768
2025-07-04 06:35:00,269.0,269.15,268.75,269.15,36192
2025-07-04 06:40:00,269.1,269.5,269.05,269.45,58001
2025-07-04 06:45:00,269.5,269.5,269.15,269.3,35473
2025-07-04 06:50:00,269.25,269.3,269.05,269.25,34248
2025-07-04 06:55:00,269.3,269.5,269.25,269.5,28707
2025-07-04 07:00:00,269.5,269.85,269.45,269.75,69883
2025-07-04 07:05:00,269.75,269.75,269.3,269.65,37352
2025-07-04 07:10:00,269.65,269.7,269.45,269.7,319496
2025-07-04 07:15:00,269.7,269.75,269.5,269.55,16967
2025-07-04 07:20:00,269.55,269.7,269.5,269.6,20412
2025-07-04 07:25:00,269.65,269.7,269.45,269.45,38297
2025-07-04 07:30:00,269.45,269.8,269.45,269.75,34096
2025-07-04 07:35:00,269.75,270.05,269.6,269.6,122215
2025-07-04 07:40:00,269.7,269.8,269.55,269.75,25050
2025-07-04 07:45:00,269.8,269.85,269.45,269.45,28052
2025-07-04 07:50:00,269.5,269.65,269.3,269.65,16911
2025-07-04 07:55:00,269.6,269.85,269.6,269.8,356879
2025-07-04 08:00:00,269.85,270.0,269.7,269.85,33588
2025-07-04 08:05:00,269.85,270.0,269.7,269.8,52579
2025-07-04 08:10:00,269.85,269.85,269.4,269.5,59840
2025-07-04 08:15:00,269.5,269.55,269.15,269.45,31919
2025-07-04 08:20:00,269.45,269.65,269.2,269.25,33745
2025-07-04 08:25:00,269.3,269.4,269.1,269.35,24207
2025-07-04 08:30:00,269.35,269.4,268.9,268.95,45151
2025-07-04 08:35:00,268.95,269.6,268.95,269.45,56939
2025-07-04 08:40:00,269.4,269.65,269.4,269.6,33250
2025-07-04 08:45:00,269.6,269.7,269.25,269.55,39158
2025-07-04 08:50:00,269.55,269.7,269.45,269.7,33825
2025-07-04 08:55:00,269.7,269.95,269.65,269.85,55834
2025-07-04 09:00:00,269.9,270.0,269.85,270.0,41956
2025-07-04 09:05:00,269.95,270.45,269.95,270.1,124133
2025-07-04 09:10:00,270.2,270.4,270.1,270.25,49988
2025-07-04 09:15:00,270.3,270.5,270.1,270.2,72269
2025-07-04 09:20:00,270.2,270.4,270.0,270.2,91066
2025-07-04 09:25:00,270.2,270.4,270.05,270.35,53000
2025-07-04 09:30:00,270.4,270.5,269.9,270.05,101614
2025-07-04 09:35:00,270.1,270.25,270.05,270.25,74543
2025-07-04 09:40:00,270.2,270.5,270.1,270.45,131217
2025-07-04 09:45:00,270.5,270.5,270.05,270.15,200930
2025-07-04 09:50:00,270.15,270.15,269.85,269.95,155252
2025-07-04 09:55:00,269.85,269.9,268.8,269.7,220350
2025-07-07 03:45:00,270.05,270.55,268.7,269.4,244401
2025-07-07 03:50:00,269.5,270.1,269.5,269.7,100622
2025-07-07 03:55:00,269.6,269.75,268.85,269.05,104263
2025-07-07 04:00:00,269.05,269.65,268.35,269.5,112808
2025-07-07 04:05:00,269.5,269.6,269.2,269.55,52163
2025-07-07 04:10:00,269.4,269.55,268.75,268.8,40129
2025-07-07 04:15:00,268.75,268.85,268.5,268.85,55326
2025-07-07 04:20:00,268.85,269.3,268.6,269.15,60600
2025-07-07 04:25:00,269.15,269.35,269.05,269.15,52531
2025-07-07 04:30:00,269.15,269.6,269.15,269.3,80004
2025-07-07 04:35:00,269.3,269.3,268.8,268.85,25668
2025-07-07 04:40:00,268.8,269.05,268.6,268.9,45957
2025-07-07 04:45:00,268.9,268.9,268.7,268.85,21918
2025-07-07 04:50:00,268.8,268.95,268.7,268.8,26762
2025-07-07 04:55:00,268.8,269.05,268.75,269.0,29472
2025-07-07 05:00:00,269.0,269.55,268.85,269.5,46053
2025-07-07 05:05:00,269.5,269.5,269.1,269.1,49877
2025-07-07 05:10:00,269.15,269.15,268.8,268.9,24656
2025-07-07 05:15:00,268.95,269.1,268.85,268.95,30141
2025-07-07 05:20:00,268.95,269.4,268.85,269.2,34913
2025-07-07 05:25:00,269.05,269.2,269.0,269.0,9352
2025-07-07 05:30:00,269.1,269.25,269.0,269.2,30885
2025-07-07 05:35:00,269.1,269.5,269.1,269.5,44749
2025-07-07 05:40:00,269.5,269.85,269.3,269.65,69793
2025-07-07 05:45:00,269.75,269.75,269.15,269.3,28859
2025-07-07 05:50:00,269.2,269.3,268.85,269.0,51256
2025-07-07 05:55:00,269.0,269.1,268.85,268.9,35395
2025-07-07 06:00:00,269.0,269.0,268.5,268.6,47347
2025-07-07 06:05:00,268.6,268.6,268.1,268.35,49087
2025-07-07 06:10:00,268.4,268.7,268.25,268.5,27686
2025-07-07 06:15:00,268.5,268.7,268.35,268.4,28370
2025-07-07 06:20:00,268.45,268.45,268.35,268.4,31836
2025-07-07 06:25:00,268.4,268.55,268.05,268.5,104223
2025-07-07 06:30:00,268.5,268.5,268.2,268.25,14364
2025-07-07 06:35:00,268.2,268.25,268.1,268.2,33345
2025-07-07 06:40:00,268.2,268.2,267.8,267.85,91151
2025-07-07 06:45:00,267.9,268.0,267.65,267.95,77607
2025-07-07 06:50:00,267.95,268.2,267.8,268.2,33688
2025-07-07 06:55:00,268.2,268.2,268.1,268.15,12177
2025-07-07 07:00:00,268.15,268.7,268.1,268.2,636621
2025-07-07 07:05:00,268.2,268.2,267.9,267.9,34286
2025-07-07 07:10:00,267.95,267.95,267.7,267.75,28726
2025-07-07 07:15:00,267.7,267.75,267.3,267.3,38137
2025-07-07 07:20:00,267.4,267.6,267.3,267.6,42670
2025-07-07 07:25:00,267.6,267.7,267.45,267.45,41751
2025-07-07 07:30:00,267.5,267.6,267.35,267.5,36615
2025-07-07 07:35:00,267.35,267.55,267.3,267.5,27104
2025-07-07 07:40:00,267.4,267.95,267.4,267.8,30584
2025-07-07 07:45:00,267.85,268.2,267.75,268.0,51607
2025-07-07 07:50:00,268.1,268.1,267.95,268.0,35106
2025-07-07 07:55:00,268.0,268.2,267.9,267.9,52693
2025-07-07 08:00:00,267.9,268.1,267.9,267.9,37896
2025-07-07 08:05:00,268.0,268.0,267.9,268.0,16717
2025-07-07 08:10:00,268.0,268.0,267.8,267.85,37479
2025-07-07 08:15:00,267.85,267.85,267.65,267.85,31194
2025-07-07 08:20:00,267.85,267.85,267.4,267.8,59494
2025-07-07 08:25:00,267.9,268.2,267.7,268.2,80596
2025-07-07 08:30:00,268.25,268.25,268.0,268.15,46989
2025-07-07 08:35:00,268.05,268.2,267.8,267.85,32003
2025-07-07 08:40:00,267.8,268.0,267.65,267.85,36086
2025-07-07 08:45:00,267.85,268.15,267.8,268.1,52192
2025-07-07 08:50:00,268.15,268.3,268.05,268.25,64984
2025-07-07 08:55:00,268.25,268.25,268.0,268.05,40909
2025-07-07 09:00:00,268.05,268.05,267.5,267.65,67732
2025-07-07 09:05:00,267.65,268.0,267.65,267.75,41253
2025-07-07 09:10:00,267.8,267.8,267.65,267.65,37325
2025-07-07 09:15:00,267.65,267.7,267.5,267.5,22562
2025-07-07 09:20:00,267.55,267.6,267.3,267.45,76034
2025-07-07 09:25:00,267.5,267.5,267.35,267.45,45262
2025-07-07 09:30:00,267.4,267.85,267.4,267.8,80020
2025-07-07 09:35:00,267.8,268.0,267.7,268.0,116818
2025-07-07 09:40:00,268.1,268.1,267.7,267.75,149552
2025-07-07 09:45:00,267.7,267.85,267.5,267.75,186849
2025-07-07 09:50:00,267.7,267.8,267.55,267.65,157622
2025-07-07 09:55:00,267.65,268.0,267.6,268.0,216085
2025-07-08 03:45:00,267.8,269.25,267.65,267.8,240339
2025-07-08 03:50:00,268.0,268.9,267.8,268.8,87469
2025-07-08 03:55:00,268.85,269.35,268.55,269.2,88175
2025-07-08 04:00:00,269.2,269.2,268.2,268.25,69108
2025-07-08 04:05:00,268.4,268.4,268.05,268.25,37986
2025-07-08 04:10:00,268.2,268.6,268.05,268.15,40215
2025-07-08 04:15:00,268.15,268.4,268.05,268.15,34088
2025-07-08 04:20:00,268.1,268.5,268.05,268.1,34925
2025-07-08 04:25:00,268.15,268.15,267.85,268.0,55297
2025-07-08 04:30:00,268.1,268.1,267.7,267.85,52019
2025-07-08 04:35:00,267.85,267.95,267.6,267.65,42122
2025-07-08 04:40:00,267.6,267.95,267.6,267.75,34801
2025-07-08 04:45:00,267.75,268.0,267.55,267.85,33972
2025-07-08 04:50:00,268.0,268.25,267.8,267.85,45436
2025-07-08 04:55:00,267.85,268.15,267.65,267.65,35162
2025-07-08 05:00:00,267.65,267.95,267.45,267.8,53570
2025-07-08 05:05:00,267.8,268.0,267.6,267.6,26206
2025-07-08 05:10:00,267.8,268.0,267.6,267.7,58343
2025-07-08 05:15:00,267.7,267.75,267.35,267.6,41015
2025-07-08 05:20:00,267.75,267.75,267.4,267.45,28538
2025-07-08 05:25:00,267.55,267.9,267.45,267.7,48430
2025-07-08 05:30:00,267.8,267.8,267.5,267.5,28734
2025-07-08 05:35:00,267.6,267.75,267.5,267.7,36722
2025-07-08 05:40:00,267.7,267.95,267.5,267.65,52289
2025-07-08 05:45:00,267.65,268.0,267.6,267.85,36838
2025-07-08 05:50:00,267.85,267.9,267.55,267.65,49283
2025-07-08 05:55:00,267.7,268.2,267.55,268.05,54207
2025-07-08 06:00:00,268.15,268.5,268.0,268.05,87130
2025-07-08 06:05:00,268.05,268.3,268.0,268.1,41972
2025-07-08 06:10:00,268.2,268.2,267.5,267.5,35525
2025-07-08 06:15:00,267.6,267.8,267.5,267.65,39410
2025-07-08 06:20:00,267.65,268.0,267.5,267.8,38144
2025-07-08 06:25:00,267.8,268.3,267.75,268.15,39137
2025-07-08 06:30:00,268.25,268.3,267.95,268.15,42517
2025-07-08 06:35:00,268.0,268.3,267.85,268.3,45943
2025-07-08 06:40:00,268.2,268.9,268.15,268.45,72716
2025-07-08 06:45:00,268.4,268.95,268.3,268.95,59896
2025-07-08 06:50:00,268.85,268.95,268.35,268.65,48840
2025-07-08 06:55:00,268.6,268.85,268.5,268.7,60235
2025-07-08 07:00:00,268.55,269.0,268.55,268.9,48170
2025-07-08 07:05:00,268.9,269.0,268.7,268.7,31661
2025-07-08 07:10:00,268.8,269.25,268.45,269.2,82487
2025-07-08 07:15:00,269.1,269.95,269.1,269.45,162010
2025-07-08 07:20:00,269.5,269.65,269.3,269.4,108357
2025-07-08 07:25:00,269.3,270.1,269.3,269.9,219243
2025-07-08 07:30:00,269.85,269.9,269.55,269.8,42129
2025-07-08 07:35:00,269.75,270.3,269.7,269.8,105640
2025-07-08 07:40:00,269.95,270.1,269.7,269.85,101391
2025-07-08 07:45:00,269.95,269.95,269.5,269.75,32110
2025-07-08 07:50:00,269.7,269.85,269.4,269.55,27386
2025-07-08 07:55:00,269.55,269.55,269.3,269.4,41167
2025-07-08 08:00:00,269.4,269.7,269.0,269.15,75620
2025-07-08 08:05:00,269.1,269.4,269.05,269.25,41535
2025-07-08 08:10:00,269.15,269.65,269.15,269.5,40190
2025-07-08 08:15:00,269.6,269.7,269.55,269.65,57836
2025-07-08 08:20:00,269.7,269.7,269.45,269.65,36932
2025-07-08 08:25:00,269.7,269.7,269.35,269.5,40857
2025-07-08 08:30:00,269.55,269.55,269.15,269.15,38682
2025-07-08 08:35:00,269.2,269.35,269.05,269.15,35260
2025-07-08 08:40:00,269.2,269.2,268.8,268.9,65891
2025-07-08 08:45:00,269.0,269.1,268.8,268.9,44782
2025-07-08 08:50:00,268.9,269.05,268.5,268.55,59910
2025-07-08 08:55:00,268.5,268.95,268.5,268.6,49310
2025-07-08 09:00:00,268.55,268.85,268.55,268.6,41199
2025-07-08 09:05:00,268.6,268.75,268.4,268.7,43867
2025-07-08 09:10:00,268.6,268.8,268.45,268.65,28219
2025-07-08 09:15:00,268.6,268.7,268.5,268.6,26873
2025-07-08 09:20:00,268.6,268.7,268.5,268.55,29742
2025-07-08 09:25:00,268.55,268.8,268.45,268.7,33931
2025-07-08 09:30:00,268.55,269.5,268.35,269.1,252281
2025-07-08 09:35:00,269.05,269.6,269.05,269.5,198438
2025-07-08 09:40:00,269.6,269.85,269.5,269.85,248219
2025-07-08 09:45:00,269.85,270.0,269.7,269.8,286805
2025-07-08 09:50:00,269.75,270.3,269.7,270.0,484786
2025-07-08 09:55:00,269.85,270.0,269.4,269.7,197771
2025-07-09 03:45:00,268.0,269.4,264.95,266.65,2357896
2025-07-09 03:50:00,266.95,267.0,266.0,266.95,355093
2025-07-09 03:55:00,266.8,268.0,266.45,267.85,400823
2025-07-09 04:00:00,267.85,267.9,266.5,267.55,157041
2025-07-09 04:05:00,267.6,267.7,266.3,267.25,146772
2025-07-09 04:10:00,267.25,267.8,267.15,267.6,269934
2025-07-09 04:15:00,267.6,268.0,267.4,267.9,119796
2025-07-09 04:20:00,267.75,267.85,267.0,267.15,122928
2025-07-09 04:25:00,267.2,267.6,266.8,267.35,193798
2025-07-09 04:30:00,267.35,267.8,267.15,267.7,533877
2025-07-09 04:35:00,267.7,268.0,267.3,267.35,125313
2025-07-09 04:40:00,267.4,267.4,267.0,267.1,69448
2025-07-09 04:45:00,267.1,267.6,267.05,267.35,105829
2025-07-09 04:50:00,267.35,268.4,267.35,268.1,119385
2025-07-09 04:55:00,268.1,268.7,268.0,268.1,84601
2025-07-09 05:00:00,268.1,268.1,267.6,267.85,67152
2025-07-09 05:05:00,267.95,268.95,267.95,268.6,117096
2025-07-09 05:10:00,268.55,269.1,268.5,268.6,142288
2025-07-09 05:15:00,268.55,268.75,268.0,268.35,70707
2025-07-09 05:20:00,268.3,268.3,267.7,268.05,73230
2025-07-09 05:25:00,268.1,268.2,267.75,267.9,39710
2025-07-09 05:30:00,267.95,268.0,267.5,267.5,79402
2025-07-09 05:35:00,267.55,268.15,267.3,267.55,155790
2025-07-09 05:40:00,267.5,267.55,266.8,267.55,119751
2025-07-09 05:45:00,267.4,268.0,267.4,267.75,66140
2025-07-09 05:50:00,267.7,268.15,267.7,268.0,37318
2025-07-09 05:55:00,268.0,268.0,267.7,267.95,37858
2025-07-09 06:00:00,267.75,268.15,267.65,267.95,55803
2025-07-09 06:05:00,267.95,268.1,267.7,267.8,46888
2025-07-09 06:10:00,267.7,267.85,267.7,267.75,27771
2025-07-09 06:15:00,267.75,267.85,267.65,267.75,51264
2025-07-09 06:20:00,267.75,267.8,267.3,267.6,79344
2025-07-09 06:25:00,267.55,267.7,267.5,267.5,29193
2025-07-09 06:30:00,267.5,267.6,267.1,267.2,104217
2025-07-09 06:35:00,267.2,267.4,266.95,267.2,81460
2025-07-09 06:40:00,267.35,267.35,266.9,267.05,51198
2025-07-09 06:45:00,267.2,267.3,266.8,266.85,41101
2025-07-09 06:50:00,266.9,266.9,266.15,266.3,87470
2025-07-09 06:55:00,266.3,266.4,266.1,266.15,51953
2025-07-09 07:00:00,266.2,266.3,265.5,265.5,92923
2025-07-09 07:05:00,265.5,266.0,265.5,265.6,71759
2025-07-09 07:10:00,265.6,265.8,265.3,265.4,56372
2025-07-09 07:15:00,265.4,265.6,265.15,265.6,80371
2025-07-09 07:20:00,265.6,265.65,265.15,265.2,43213
2025-07-09 07:25:00,265.2,265.5,265.1,265.5,182247
2025-07-09 07:30:00,265.5,265.55,264.85,264.85,166180
2025-07-09 07:35:00,264.95,265.75,264.95,265.55,124104
2025-07-09 07:40:00,265.55,265.9,265.4,265.8,83506
2025-07-09 07:45:00,265.9,266.45,265.9,266.45,95222
2025-07-09 07:50:00,266.35,266.5,266.15,266.5,96151
2025-07-09 07:55:00,266.45,267.2,266.45,267.05,127045
2025-07-09 08:00:00,267.1,267.2,266.75,266.9,72792
2025-07-09 08:05:00,266.9,267.15,266.6,266.95,65025
2025-07-09 08:10:00,266.95,267.05,266.75,266.75,30647
2025-07-09 08:15:00,266.75,267.3,266.75,267.15,79927
2025-07-09 08:20:00,267.15,267.4,267.0,267.35,59525
2025-07-09 08:25:00,267.35,267.4,267.05,267.2,83623
2025-07-09 08:30:00,267.15,267.4,267.15,267.25,50743
2025-07-09 08:35:00,267.2,267.25,266.9,267.2,40884
2025-07-09 08:40:00,267.2,267.4,267.0,267.3,30528
2025-07-09 08:45:00,267.35,267.5,267.1,267.2,56722
2025-07-09 08:50:00,267.2,267.6,267.15,267.5,51793
2025-07-09 08:55:00,267.45,267.75,267.35,267.6,55374
2025-07-09 09:00:00,267.55,267.95,267.4,267.5,100252
2025-07-09 09:05:00,267.55,267.95,267.5,267.9,72360
2025-07-09 09:10:00,267.9,267.9,267.75,267.75,62041
2025-07-09 09:15:00,267.8,267.8,267.2,267.4,56396
2025-07-09 09:20:00,267.35,267.5,266.85,267.35,98306
2025-07-09 09:25:00,267.4,267.9,267.3,267.8,80054
2025-07-09 09:30:00,267.85,267.95,267.65,267.9,251722
2025-07-09 09:35:00,267.9,268.0,267.75,267.95,397845
2025-07-09 09:40:00,267.95,268.0,267.85,267.95,362694
2025-07-09 09:45:00,268.0,268.0,267.65,267.7,415672
2025-07-09 09:50:00,267.6,267.8,267.55,267.75,438019
2025-07-09 09:55:00,267.8,268.0,265.9,267.3,452281
2025-07-10 03:45:00,267.55,267.55,264.6,264.75,555583
2025-07-10 03:50:00,264.75,265.6,264.0,265.4,351202
2025-07-10 03:55:00,265.5,266.15,265.45,265.95,200010
2025-07-10 04:00:00,265.95,266.5,265.9,266.15,112998
2025-07-10 04:05:00,266.2,267.0,265.95,266.3,211630
2025-07-10 04:10:00,266.3,266.3,265.85,265.9,77407
2025-07-10 04:15:00,265.85,266.3,265.85,266.3,72020
2025-07-10 04:20:00,266.3,266.3,265.6,265.65,51297
2025-07-10 04:25:00,265.75,265.85,265.5,265.7,54493
2025-07-10 04:30:00,265.65,265.75,265.5,265.55,44869
2025-07-10 04:35:00,265.55,265.7,264.9,264.9,138518
2025-07-10 04:40:00,264.9,265.15,264.4,265.15,115628
2025-07-10 04:45:00,265.2,265.2,264.6,264.85,53905
2025-07-10 04:50:00,264.85,265.15,264.4,264.45,88182
2025-07-10 04:55:00,264.5,264.65,264.35,264.45,94947
2025-07-10 05:00:00,264.4,264.7,264.4,264.65,55652
2025-07-10 05:05:00,264.65,264.8,264.4,264.7,51669
2025-07-10 05:10:00,264.7,264.7,264.35,264.45,48081
2025-07-10 05:15:00,264.45,264.8,264.4,264.45,50726
2025-07-10 05:20:00,264.45,264.6,264.35,264.55,38881
2025-07-10 05:25:00,264.55,264.7,264.45,264.7,25778
2025-07-10 05:30:00,264.65,265.0,264.65,265.0,39089
2025-07-10 05:35:00,264.95,265.0,264.75,264.85,32744
2025-07-10 05:40:00,264.85,264.95,264.7,264.95,25106
2025-07-10 05:45:00,264.95,264.95,264.65,264.65,22413
2025-07-10 05:50:00,264.65,264.7,264.4,264.5,37872
2025-07-10 05:55:00,264.5,264.8,264.4,264.75,40040
2025-07-10 06:00:00,264.7,265.0,264.6,264.95,53436
2025-07-10 06:05:00,264.95,265.2,264.8,265.0,45831
2025-07-10 06:10:00,265.05,265.2,264.85,265.0,38665
2025-07-10 06:15:00,264.95,265.05,264.9,265.0,25767
2025-07-10 06:20:00,265.0,265.0,264.85,264.95,35172
2025-07-10 06:25:00,264.95,265.0,264.8,264.85,22456
2025-07-10 06:30:00,264.8,265.0,264.6,264.85,34552
2025-07-10 06:35:00,264.85,264.95,264.5,264.55,48819
2025-07-10 06:40:00,264.55,264.65,264.1,264.2,103673
2025-07-10 06:45:00,264.1,264.6,263.85,264.6,149888
2025-07-10 06:50:00,264.6,264.6,264.4,264.6,18015
2025-07-10 06:55:00,264.55,264.6,264.25,264.4,23317
2025-07-10 07:00:00,264.4,264.45,264.05,264.15,35133
2025-07-10 07:05:00,264.2,264.5,264.0,264.3,124090
2025-07-10 07:10:00,264.2,264.3,263.9,263.95,67872
2025-07-10 07:15:00,263.9,264.0,263.5,263.7,105319
2025-07-10 07:20:00,263.75,263.8,263.6,263.75,40798
2025-07-10 07:25:00,263.75,264.4,263.65,264.15,133869
2025-07-10 07:30:00,264.15,264.2,263.8,263.9,44127
2025-07-10 07:35:00,263.9,263.9,263.15,263.5,235928
2025-07-10 07:40:00,263.45,263.85,263.35,263.7,50805
2025-07-10 07:45:00,263.75,264.0,263.7,264.0,36947
2025-07-10 07:50:00,264.0,264.05,263.6,263.65,40723
2025-07-10 07:55:00,263.6,263.65,263.4,263.65,64429
2025-07-10 08:00:00,263.65,263.65,263.4,263.5,44324
2025-07-10 08:05:00,263.45,264.45,263.45,264.3,160104
2025-07-10 08:10:00,264.2,264.4,264.1,264.15,51470
2025-07-10 08:15:00,264.1,264.55,264.05,264.45,53652
2025-07-10 08:20:00,264.4,264.6,264.4,264.5,56671
2025-07-10 08:25:00,264.4,264.55,264.35,264.35,65449
2025-07-10 08:30:00,264.4,264.9,264.35,264.85,57996
2025-07-10 08:35:00,264.6,265.25,264.6,264.95,120995
2025-07-10 08:40:00,265.0,265.0,264.75,264.85,46884
2025-07-10 08:45:00,264.85,265.1,264.85,265.1,46302
2025-07-10 08:50:00,265.1,265.1,264.95,264.95,37329
2025-07-10 08:55:00,265.0,265.1,265.0,265.1,39658
2025-07-10 09:00:00,265.05,265.1,264.8,265.05,50303
2025-07-10 09:05:00,265.1,265.15,264.95,265.05,49606
2025-07-10 09:10:00,265.0,265.3,264.9,265.3,93808
2025-07-10 09:15:00,265.25,265.35,264.55,264.9,84568
2025-07-10 09:20:00,264.85,265.0,264.65,264.75,54231
2025-07-10 09:25:00,264.7,264.9,264.55,264.8,98241
2025-07-10 09:30:00,264.7,264.95,264.55,264.9,201749
2025-07-10 09:35:00,264.95,265.15,264.9,265.15,172905
2025-07-10 09:40:00,265.2,265.2,264.95,264.95,227329
2025-07-10 09:45:00,265.0,265.0,264.8,264.85,252878
2025-07-10 09:50:00,264.9,265.2,264.85,264.95,314560
2025-07-10 09:55:00,265.0,265.7,264.95,265.1,259100
2025-07-11 03:45:00,261.0,261.85,258.45,261.45,1827625
2025-07-11 03:50:00,261.45,262.05,260.3,260.6,524137
2025-07-11 03:55:00,260.5,260.9,260.1,260.6,364848
2025-07-11 04:00:00,260.6,260.6,259.7,259.85,414647
2025-07-11 04:05:00,259.85,260.9,259.75,260.65,235274
2025-07-11 04:10:00,260.7,261.25,260.5,261.05,171390
2025-07-11 04:15:00,261.0,261.2,260.05,260.2,286688
2025-07-11 04:20:00,260.15,260.3,259.25,259.8,258321
2025-07-11 04:25:00,259.75,260.0,259.05,259.35,243195
2025-07-11 04:30:00,259.4,259.55,258.75,258.9,276480
2025-07-11 04:35:00,258.85,259.85,258.8,259.85,174997
2025-07-11 04:40:00,259.85,260.75,259.65,260.45,288499
2025-07-11 04:45:00,260.45,261.2,260.1,260.25,252086
2025-07-11 04:50:00,260.3,260.55,259.9,260.0,204376
2025-07-11 04:55:00,260.05,260.4,259.5,259.95,159090
2025-07-11 05:00:00,259.9,260.0,259.55,259.7,134105
2025-07-11 05:05:00,259.7,260.55,259.6,260.55,103650
2025-07-11 05:10:00,260.5,260.55,259.35,259.45,138350
2025-07-11 05:15:00,259.5,259.5,259.0,259.1,135341
2025-07-11 05:20:00,259.1,259.6,259.0,259.55,153191
2025-07-11 05:25:00,259.55,259.55,259.0,259.1,111410
2025-07-11 05:30:00,259.1,259.2,258.8,259.2,91639
2025-07-11 05:35:00,259.2,259.45,258.6,258.6,125471
2025-07-11 05:40:00,258.7,259.65,258.6,259.2,190110
2025-07-11 05:45:00,259.2,259.25,258.6,258.8,112801
2025-07-11 05:50:00,258.75,258.9,258.5,258.65,181359
2025-07-11 05:55:00,258.65,258.75,258.1,258.75,142069
2025-07-11 06:00:00,258.65,258.9,258.5,258.55,111743
2025-07-11 06:05:00,258.55,258.8,258.25,258.5,123085
2025-07-11 06:10:00,258.45,258.6,258.2,258.35,125764
2025-07-11 06:15:00,258.35,258.6,258.2,258.5,83343
2025-07-11 06:20:00,258.4,258.85,258.35,258.65,93271
2025-07-11 06:25:00,258.65,258.65,258.0,258.1,192685
2025-07-11 06:30:00,258.05,258.2,257.8,258.15,168703
2025-07-11 06:35:00,258.05,258.55,257.95,258.45,116623
2025-07-11 06:40:00,258.4,258.65,258.25,258.6,66651
2025-07-11 06:45:00,258.6,258.8,258.4,258.75,92899
2025-07-11 06:50:00,258.75,258.8,258.55,258.75,85568
2025-07-11 06:55:00,258.75,259.15,258.7,258.8,158103
2025-07-11 07:00:00,258.9,259.75,258.85,259.7,159247
2025-07-11 07:05:00,259.7,259.7,259.3,259.4,55065
2025-07-11 07:10:00,259.4,259.6,259.15,259.3,91524
2025-07-11 07:15:00,259.15,259.4,259.1,259.25,55254
2025-07-11 07:20:00,259.2,259.35,259.0,259.05,73652
2025-07-11 07:25:00,259.05,259.05,258.3,258.35,125896
2025-07-11 07:30:00,258.35,258.65,258.35,258.55,81403
2025-07-11 07:35:00,258.55,258.9,258.55,258.65,125799
2025-07-11 07:40:00,258.65,259.0,258.6,258.9,50939
2025-07-11 07:45:00,258.95,259.1,258.65,259.0,65281
2025-07-11 07:50:00,258.95,259.05,258.75,258.85,54665
2025-07-11 07:55:00,258.95,259.1,258.85,258.95,67372
2025-07-11 08:00:00,258.9,258.95,258.65,258.8,59336
2025-07-11 08:05:00,258.8,259.25,258.7,259.15,72694
2025-07-11 08:10:00,259.1,259.2,258.9,259.05,71724
2025-07-11 08:15:00,258.85,259.15,258.85,259.1,70024
2025-07-11 08:20:00,259.1,259.2,258.85,259.15,64088
2025-07-11 08:25:00,259.2,259.2,258.8,258.9,83817
2025-07-11 08:30:00,258.95,259.0,258.7,259.0,94555
2025-07-11 08:35:00,259.0,259.2,258.9,259.2,52882
2025-07-11 08:40:00,259.2,259.55,259.1,259.25,101895
2025-07-11 08:45:00,259.25,259.25,259.0,259.0,65349
2025-07-11 08:50:00,259.1,259.1,258.75,258.85,76004
2025-07-11 08:55:00,258.85,259.0,258.6,258.9,73458
2025-07-11 09:00:00,258.95,259.0,258.7,258.85,98918
2025-07-11 09:05:00,258.9,259.2,258.75,259.1,68826
2025-07-11 09:10:00,259.15,259.2,259.05,259.1,76765
2025-07-11 09:15:00,259.1,259.25,258.8,258.9,100867
2025-07-11 09:20:00,259.0,259.2,258.9,259.05,98126
2025-07-11 09:25:00,259.0,259.05,258.7,258.8,135115
2025-07-11 09:30:00,258.85,258.9,258.55,258.6,235632
2025-07-11 09:35:00,258.55,258.8,258.55,258.75,273914
2025-07-11 09:40:00,258.9,258.95,258.15,258.25,355749
2025-07-11 09:45:00,258.25,258.3,257.75,257.85,422463
2025-07-11 09:50:00,257.85,258.2,257.85,257.9,353899
2025-07-11 09:55:00,257.9,258.55,257.8,258.1,274030
2025-07-14 03:45:00,258.3,259.55,256.35,256.85,557122
2025-07-14 03:50:00,256.85,256.95,256.2,256.4,158828
2025-07-14 03:55:00,256.4,256.7,256.0,256.0,209106
2025-07-14 04:00:00,256.0,256.2,255.5,255.75,212105
2025-07-14 04:05:00,255.75,256.8,255.4,256.0,218585
2025-07-14 04:10:00,256.0,256.3,255.55,255.75,118701
2025-07-14 04:15:00,255.8,255.95,255.35,255.5,125908
2025-07-14 04:20:00,255.45,256.15,255.15,256.0,121827
2025-07-14 04:25:00,255.9,256.25,255.5,256.15,95608
2025-07-14 04:30:00,256.25,256.5,255.7,255.9,105602
2025-07-14 04:35:00,255.85,256.0,255.55,255.85,71504
2025-07-14 04:40:00,255.85,256.0,255.55,255.9,56531
2025-07-14 04:45:00,255.95,256.1,255.75,255.8,56946
2025-07-14 04:50:00,255.75,256.2,255.75,255.95,84793
2025-07-14 04:55:00,256.05,256.05,255.65,255.75,83030
2025-07-14 05:00:00,255.75,255.75,255.0,255.05,169806
2025-07-14 05:05:00,255.0,255.15,254.65,254.7,171942
2025-07-14 05:10:00,254.75,255.35,254.7,255.2,61728
2025-07-14 05:15:00,255.15,255.3,254.7,254.75,66169
2025-07-14 05:20:00,254.9,254.9,254.75,254.8,42528
2025-07-14 05:25:00,254.85,254.95,254.5,254.55,79664
2025-07-14 05:30:00,254.55,254.85,254.5,254.65,63370
2025-07-14 05:35:00,254.6,254.7,254.5,254.5,50895
2025-07-14 05:40:00,254.55,254.55,254.05,254.1,84001
2025-07-14 05:45:00,254.15,254.15,253.65,253.7,159359
2025-07-14 05:50:00,253.6,254.0,253.0,253.85,278205
2025-07-14 05:55:00,253.85,254.0,253.15,253.55,155122
2025-07-14 06:00:00,253.55,253.75,253.35,253.35,72273
2025-07-14 06:05:00,253.5,253.6,253.3,253.5,82684
2025-07-14 06:10:00,253.6,253.65,253.0,253.1,105193
2025-07-14 06:15:00,253.15,253.25,253.0,253.15,121500
2025-07-14 06:20:00,253.2,253.2,252.65,252.7,144733
2025-07-14 06:25:00,252.7,252.9,252.4,252.6,143330
2025-07-14 06:30:00,252.65,252.7,252.35,252.5,75819
2025-07-14 06:35:00,252.5,252.9,252.4,252.9,87269
2025-07-14 06:40:00,252.8,252.9,252.5,252.5,87414
2025-07-14 06:45:00,252.55,253.0,252.55,252.95,86142
2025-07-14 06:50:00,252.95,253.0,252.55,252.6,91422
2025-07-14 06:55:00,252.55,252.75,252.5,252.7,72250
2025-07-14 07:00:00,252.7,252.95,252.7,252.9,93175
2025-07-14 07:05:00,252.85,252.95,252.5,252.55,125178
2025-07-14 07:10:00,252.6,252.8,252.55,252.75,49427
2025-07-14 07:15:00,252.75,252.75,252.25,252.45,175177
2025-07-14 07:20:00,252.5,252.5,252.15,252.2,116969
2025-07-14 07:25:00,252.25,252.45,252.2,252.25,61146
2025-07-14 07:30:00,252.25,252.4,252.15,252.25,82759
2025-07-14 07:35:00,252.25,252.3,251.65,251.9,229999
2025-07-14 07:40:00,251.9,252.15,251.7,252.0,135890
2025-07-14 07:45:00,252.05,252.65,252.0,252.5,118914
2025-07-14 07:50:00,252.5,252.9,252.4,252.6,163300
2025-07-14 07:55:00,252.6,252.95,252.55,252.9,68387
2025-07-14 08:00:00,252.95,253.2,252.85,253.0,116900
2025-07-14 08:05:00,253.0,253.1,252.8,252.95,69310
2025-07-14 08:10:00,252.95,253.0,252.85,252.9,46520
2025-07-14 08:15:00,252.95,253.65,252.9,253.65,174042
2025-07-14 08:20:00,253.7,253.8,253.25,253.35,106546
2025-07-14 08:25:00,253.25,253.35,252.7,253.15,100242
2025-07-14 08:30:00,253.15,253.45,253.1,253.25,70310
2025-07-14 08:35:00,253.3,253.5,253.15,253.4,52494
2025-07-14 08:40:00,253.3,253.4,253.25,253.4,48494
2025-07-14 08:45:00,253.35,253.5,253.25,253.4,51652
2025-07-14 08:50:00,253.45,253.65,253.25,253.6,95967
2025-07-14 08:55:00,253.6,253.65,253.2,253.35,56628
2025-07-14 09:00:00,253.3,253.4,253.0,253.1,63686
2025-07-14 09:05:00,253.2,253.3,253.0,253.1,59329
2025-07-14 09:10:00,253.1,253.1,253.0,253.05,78939
2025-07-14 09:15:00,253.05,253.05,252.6,252.8,158710
2025-07-14 09:20:00,252.8,253.15,252.65,252.95,96430
2025-07-14 09:25:00,252.95,253.65,252.85,253.65,210442
2025-07-14 09:30:00,253.6,254.3,253.45,254.05,534672
2025-07-14 09:35:00,254.0,254.65,253.8,254.55,607951
2025-07-14 09:40:00,254.55,254.7,254.35,254.6,380764
2025-07-14 09:45:00,254.6,254.6,254.2,254.2,310380
2025-07-14 09:50:00,254.25,254.6,254.2,254.4,401313
2025-07-14 09:55:00,254.4,254.45,254.15,254.3,245366
2025-07-15 03:45:00,254.0,255.55,254.0,254.65,409017
2025-07-15 03:50:00,254.45,255.0,254.45,254.75,182747
2025-07-15 03:55:00,254.8,255.1,254.55,255.1,117576
2025-07-15 04:00:00,255.1,255.25,254.65,255.0,111845
2025-07-15 04:05:00,254.95,255.15,254.4,254.45,88925
2025-07-15 04:10:00,254.55,254.7,254.05,254.1,102489
2025-07-15 04:15:00,254.15,254.5,253.8,253.95,136920
2025-07-15 04:20:00,253.85,254.05,253.05,253.5,174588
2025-07-15 04:25:00,253.4,253.65,252.8,253.0,144581
2025-07-15 04:30:00,253.1,253.5,253.0,253.35,74965
2025-07-15 04:35:00,253.4,253.95,253.3,253.7,99170
2025-07-15 04:40:00,253.7,253.95,253.6,253.8,70942
2025-07-15 04:45:00,253.75,253.75,253.05,253.4,86641
2025-07-15 04:50:00,253.5,253.65,253.3,253.65,24910
2025-07-15 04:55:00,253.65,254.75,253.65,254.15,115515
2025-07-15 05:00:00,254.15,256.1,254.15,255.75,323298
2025-07-15 05:05:00,255.85,257.2,255.25,256.95,337781
2025-07-15 05:10:00,256.95,258.35,256.65,257.25,381344
2025-07-15 05:15:00,257.25,258.4,257.0,258.2,320018
2025-07-15 05:20:00,258.2,258.9,257.75,258.4,295643
2025-07-15 05:25:00,258.6,259.0,257.8,258.9,303692
2025-07-15 05:30:00,258.8,259.85,258.8,259.55,353474
2025-07-15 05:35:00,259.6,259.7,258.55,259.25,263646
2025-07-15 05:40:00,259.25,259.4,258.8,258.8,180413
2025-07-15 05:45:00,258.85,259.0,258.15,258.2,157446
2025-07-15 05:50:00,258.3,258.95,258.25,258.75,100453
2025-07-15 05:55:00,258.7,258.9,258.5,258.75,71664
2025-07-15 06:00:00,258.75,259.15,258.5,258.5,70930
2025-07-15 06:05:00,258.6,258.9,258.1,258.65,100783
2025-07-15 06:10:00,258.6,258.75,258.3,258.55,40482
2025-07-15 06:15:00,258.5,258.55,258.3,258.4,45334
2025-07-15 06:20:00,258.4,258.6,258.2,258.2,82244
2025-07-15 06:25:00,258.25,258.4,258.2,258.3,56270
2025-07-15 06:30:00,258.25,258.3,257.85,257.95,96752
2025-07-15 06:35:00,257.95,259.15,257.6,258.85,191726
2025-07-15 06:40:00,258.9,259.5,258.45,258.6,126962
2025-07-15 06:45:00,258.55,258.65,257.9,257.9,61538
2025-07-15 06:50:00,258.0,258.7,257.8,258.45,102555
2025-07-15 06:55:00,258.5,258.9,258.35,258.6,65918
2025-07-15 07:00:00,258.5,258.8,258.45,258.65,40651
2025-07-15 07:05:00,258.65,258.65,258.3,258.4,32742
2025-07-15 07:10:00,258.4,258.5,258.05,258.1,45213
2025-07-15 07:15:00,258.2,258.35,257.9,258.0,29799
2025-07-15 07:20:00,258.0,258.2,257.75,257.85,92078
2025-07-15 07:25:00,257.75,257.85,257.5,257.7,60795
2025-07-15 07:30:00,257.7,257.8,257.5,257.7,48307
2025-07-15 07:35:00,257.65,257.75,257.4,257.45,53953
2025-07-15 07:40:00,257.4,257.5,257.3,257.35,35494
2025-07-15 07:45:00,257.35,257.5,257.0,257.25,53484
2025-07-15 07:50:00,257.25,257.65,257.05,257.6,47381
2025-07-15 07:55:00,257.6,257.7,257.25,257.25,91542
2025-07-15 08:00:00,257.3,257.6,257.05,257.15,36595
2025-07-15 08:05:00,257.05,257.45,257.05,257.3,29523
2025-07-15 08:10:00,257.3,257.4,257.05,257.1,44004
2025-07-15 08:15:00,257.15,257.6,257.0,257.4,44278
2025-07-15 08:20:00,257.4,257.55,257.05,257.2,30194
2025-07-15 08:25:00,257.2,257.3,256.9,257.15,57004
2025-07-15 08:30:00,257.2,257.35,257.0,257.25,58625
2025-07-15 08:35:00,257.2,257.25,256.65,256.95,64271
2025-07-15 08:40:00,256.9,257.5,256.9,257.35,45081
2025-07-15 08:45:00,257.35,257.9,257.25,257.6,66824
2025-07-15 08:50:00,257.65,257.65,257.2,257.25,50678
2025-07-15 08:55:00,257.3,257.45,257.2,257.3,27017
2025-07-15 09:00:00,257.3,257.5,257.2,257.35,21444
2025-07-15 09:05:00,257.45,257.45,256.85,256.95,43832
2025-07-15 09:10:00,257.0,257.15,256.95,257.05,31947
2025-07-15 09:15:00,257.1,257.15,256.95,257.05,55256
2025-07-15 09:20:00,257.1,257.15,256.85,256.9,38465
2025-07-15 09:25:00,256.8,257.15,256.8,257.0,51175
2025-07-15 09:30:00,257.25,257.65,257.2,257.2,198432
2025-07-15 09:35:00,257.2,257.55,257.2,257.3,150319
2025-07-15 09:40:00,257.3,257.35,257.25,257.3,144354
2025-07-15 09:45:00,257.25,257.35,257.25,257.35,190813
2025-07-15 09:50:00,257.35,257.8,257.25,257.75,305225
2025-07-15 09:55:00,257.75,257.8,257.4,257.5,261674
2025-07-16 03:45:00,257.4,260.1,256.05,259.4,518000
2025-07-16 03:50:00,259.35,261.5,259.05,260.9,366677
2025-07-16 03:55:00,260.95,261.0,259.35,259.7,760902
2025-07-16 04:00:00,259.6,260.0,259.05,260.0,138931
2025-07-16 04:05:00,259.8,260.0,259.25,259.4,80939
2025-07-16 04:10:00,259.25,259.45,258.85,259.45,87512
2025-07-16 04:15:00,259.45,259.85,259.4,259.7,52204
2025-07-16 04:20:00,259.65,259.95,259.3,259.75,596250
2025-07-16 04:25:00,259.7,260.15,259.65,259.95,569011
2025-07-16 04:30:00,259.95,260.45,259.8,260.05,166756
2025-07-16 04:35:00,260.0,260.55,259.1,260.55,280598
2025-07-16 04:40:00,260.4,260.6,259.6,259.7,119963
2025-07-16 04:45:00,259.7,260.2,259.35,260.05,121692
2025-07-16 04:50:00,260.1,260.25,259.55,259.85,73505
2025-07-16 04:55:00,259.85,260.0,259.3,259.95,58183
2025-07-16 05:00:00,259.95,260.15,259.35,259.35,82008
2025-07-16 05:05:00,259.35,259.8,259.2,259.7,75568
2025-07-16 05:10:00,259.5,260.0,259.25,259.6,47264
2025-07-16 05:15:00,259.6,259.65,259.3,259.5,42050
2025-07-16 05:20:00,259.45,259.7,259.4,259.5,34088
2025-07-16 05:25:00,259.6,259.65,259.4,259.5,39392
2025-07-16 05:30:00,259.6,259.95,259.5,259.8,35142
2025-07-16 05:35:00,259.8,259.85,259.55,259.8,30174
2025-07-16 05:40:00,259.7,259.95,259.4,259.85,65360
2025-07-16 05:45:00,259.9,260.05,259.5,259.9,78625
2025-07-16 05:50:00,259.9,260.15,259.85,259.95,92836
2025-07-16 05:55:00,259.95,259.95,259.45,259.7,52388
2025-07-16 06:00:00,259.8,259.8,259.45,259.6,35893
2025-07-16 06:05:00,259.65,259.95,259.6,259.8,32126
2025-07-16 06:10:00,259.8,259.85,259.6,259.7,30757
2025-07-16 06:15:00,259.7,260.15,259.6,260.15,72835
2025-07-16 06:20:00,260.05,261.9,260.0,261.85,465500
2025-07-16 06:25:00,262.15,262.35,261.05,261.15,379858
2025-07-16 06:30:00,261.2,261.3,260.8,260.8,139869
2025-07-16 06:35:00,260.85,261.0,260.35,260.65,75689
2025-07-16 06:40:00,260.7,261.2,260.3,260.4,210487
2025-07-16 06:45:00,260.45,260.65,260.3,260.4,32628
2025-07-16 06:50:00,260.4,261.0,260.35,260.35,80037
2025-07-16 06:55:00,260.4,260.65,260.25,260.55,40845
2025-07-16 07:00:00,260.55,261.95,260.55,261.75,126323
2025-07-16 07:05:00,261.65,262.55,261.55,261.95,312105
2025-07-16 07:10:00,262.0,262.45,261.85,262.25,84435
2025-07-16 07:15:00,262.3,262.5,261.8,262.1,131724
2025-07-16 07:20:00,262.0,262.2,261.65,261.8,75621
2025-07-16 07:25:00,261.85,262.05,261.65,261.8,80714
2025-07-16 07:30:00,261.75,262.15,261.7,262.1,62466
2025-07-16 07:35:00,262.1,262.4,262.0,262.1,68134
2025-07-16 07:40:00,262.05,262.1,261.45,261.75,86516
2025-07-16 07:45:00,261.8,262.2,261.6,262.15,71007
2025-07-16 07:50:00,262.15,262.35,262.05,262.2,58974
2025-07-16 07:55:00,262.05,262.15,261.25,261.9,123957
2025-07-16 08:00:00,261.9,262.0,261.6,261.7,59336
2025-07-16 08:05:00,261.7,261.75,261.4,261.6,54380
2025-07-16 08:10:00,261.5,261.7,261.25,261.3,102203
2025-07-16 08:15:00,261.3,261.55,261.25,261.55,58449
2025-07-16 08:20:00,261.45,262.35,261.45,262.0,107551
2025-07-16 08:25:00,262.05,262.25,261.85,262.15,58777
2025-07-16 08:30:00,262.15,262.25,262.0,262.1,52336
2025-07-16 08:35:00,262.2,262.35,262.0,262.2,124199
2025-07-16 08:40:00,262.2,262.7,262.0,262.45,160815
2025-07-16 08:45:00,262.5,263.25,262.4,262.9,178908
2025-07-16 08:50:00,262.95,263.0,262.7,262.8,103290
2025-07-16 08:55:00,262.8,262.95,262.55,262.6,121898
2025-07-16 09:00:00,262.65,263.35,262.65,263.35,149863
2025-07-16 09:05:00,263.25,263.55,263.05,263.2,193164
2025-07-16 09:10:00,263.1,263.2,262.55,262.7,225186
2025-07-16 09:15:00,262.85,262.85,262.6,262.75,166948
2025-07-16 09:20:00,262.7,262.7,262.35,262.35,200847
2025-07-16 09:25:00,262.4,262.9,262.4,262.9,165361
2025-07-16 09:30:00,262.9,262.9,262.55,262.85,356533
2025-07-16 09:35:00,262.8,262.85,262.6,262.65,293214
2025-07-16 09:40:00,262.8,262.85,262.65,262.7,369175
2025-07-16 09:45:00,262.75,263.05,262.75,263.05,433388
2025-07-16 09:50:00,263.05,263.15,262.65,262.65,441840
2025-07-16 09:55:00,262.65,264.0,261.55,263.0,454965
2025-07-17 03:45:00,263.85,264.35,260.5,262.1,876896
2025-07-17 03:50:00,262.4,262.7,261.75,262.05,173411
2025-07-17 03:55:00,262.1,262.65,261.9,262.4,108320
2025-07-17 04:00:00,262.25,262.5,261.9,262.05,118926
2025-07-17 04:05:00,262.2,262.25,261.25,261.45,185450
2025-07-17 04:10:00,261.4,262.0,261.25,261.55,132276
2025-07-17 04:15:00,261.5,261.5,260.35,260.7,253799
2025-07-17 04:20:00,260.6,260.75,260.0,260.5,175911
2025-07-17 04:25:00,260.4,260.8,259.9,260.6,183125
2025-07-17 04:30:00,260.6,260.6,260.05,260.3,82125
2025-07-17 04:35:00,260.3,260.95,260.05,260.85,81054
2025-07-17 04:40:00,260.9,261.5,260.7,261.3,128286
2025-07-17 04:45:00,261.3,261.5,261.2,261.5,75290
2025-07-17 04:50:00,261.4,261.8,261.4,261.45,54745
2025-07-17 04:55:00,261.5,261.6,261.2,261.55,37922
2025-07-17 05:00:00,261.45,261.55,260.7,260.7,87025
2025-07-17 05:05:00,260.85,261.25,260.65,261.15,60017
2025-07-17 05:10:00,261.15,261.25,260.75,260.9,42929
2025-07-17 05:15:00,260.85,260.95,260.65,260.8,35047
2025-07-17 05:20:00,260.85,261.15,260.6,261.1,32558
2025-07-17 05:25:00,261.1,261.35,260.95,261.15,30995
2025-07-17 05:30:00,261.05,261.45,261.05,261.1,34645
2025-07-17 05:35:00,261.25,261.45,261.1,261.35,21330
2025-07-17 05:40:00,261.3,262.4,261.3,261.75,170848
2025-07-17 05:45:00,261.85,262.1,261.55,261.85,32220
2025-07-17 05:50:00,261.9,262.0,261.75,261.85,26468
2025-07-17 05:55:00,261.8,261.9,261.55,261.6,39885
2025-07-17 06:00:00,261.65,261.9,261.55,261.7,29723
2025-07-17 06:05:00,261.7,262.2,261.6,262.05,48158
2025-07-17 06:10:00,262.0,262.2,261.85,262.15,40448
2025-07-17 06:15:00,262.1,262.2,261.5,261.8,67977
2025-07-17 06:20:00,261.7,261.8,261.5,261.75,35216
2025-07-17 06:25:00,261.65,261.95,261.55,261.8,42470
2025-07-17 06:30:00,261.7,261.75,261.4,261.7,61388
2025-07-17 06:35:00,261.65,261.95,261.55,261.8,41120
2025-07-17 06:40:00,261.8,261.8,261.55,261.6,22248
2025-07-17 06:45:00,261.6,261.75,261.55,261.65,39658
2025-07-17 06:50:00,261.65,261.85,261.35,261.6,90854
2025-07-17 06:55:00,261.6,261.85,261.5,261.55,39951
2025-07-17 07:00:00,261.5,261.55,261.05,261.4,113606
2025-07-17 07:05:00,261.4,261.55,261.0,261.35,32447
2025-07-17 07:10:00,261.2,261.8,261.1,261.75,47628
2025-07-17 07:15:00,261.75,261.85,261.55,261.6,82838
2025-07-17 07:20:00,261.6,261.85,261.4,261.7,50836
2025-07-17 07:25:00,261.7,261.8,261.6,261.7,38569
2025-07-17 07:30:00,261.7,261.8,261.45,261.55,45233
2025-07-17 07:35:00,261.55,261.55,261.15,261.25,70512
2025-07-17 07:40:00,261.3,261.4,260.8,261.0,166651
2025-07-17 07:45:00,261.05,261.4,260.6,260.9,98348
2025-07-17 07:50:00,260.9,261.1,260.7,260.95,71820
2025-07-17 07:55:00,260.95,261.3,260.9,261.2,47799
2025-07-17 08:00:00,261.2,261.2,260.75,260.85,42439
2025-07-17 08:05:00,260.85,261.0,260.65,260.9,58395
2025-07-17 08:10:00,260.9,261.3,260.7,261.25,54506
2025-07-17 08:15:00,261.2,261.45,261.0,261.25,31594
2025-07-17 08:20:00,261.15,261.85,261.0,261.5,133724
2025-07-17 08:25:00,261.5,261.75,261.3,261.7,26407
2025-07-17 08:30:00,261.7,261.7,261.35,261.55,38361
2025-07-17 08:35:00,261.6,262.2,261.45,261.85,115130
2025-07-17 08:40:00,261.8,261.9,261.55,261.65,25258
2025-07-17 08:45:00,261.7,261.9,261.2,261.4,45810
2025-07-17 08:50:00,261.4,261.55,261.25,261.45,43147
2025-07-17 08:55:00,261.45,261.5,261.0,261.05,85574
2025-07-17 09:00:00,261.05,261.85,260.95,261.55,207763
2025-07-17 09:05:00,261.55,261.65,261.35,261.45,37770
2025-07-17 09:10:00,261.45,261.5,261.1,261.35,56481
2025-07-17 09:15:00,261.45,261.5,261.1,261.2,144487
2025-07-17 09:20:00,261.25,261.3,260.8,260.95,53118
2025-07-17 09:25:00,261.0,261.05,260.75,260.95,53692
2025-07-17 09:30:00,260.95,261.0,260.3,260.6,189430
2025-07-17 09:35:00,260.6,260.95,260.55,260.9,91845
2025-07-17 09:40:00,261.0,261.2,260.75,261.1,253239
2025-07-17 09:45:00,261.1,261.25,260.75,261.05,276451
2025-07-17 09:50:00,261.1,261.1,260.35,260.55,373906
2025-07-17 09:55:00,260.55,260.65,258.0,258.75,319701
2025-07-18 03:45:00,268.6,271.9,266.8,267.65,7430376
2025-07-18 03:50:00,267.55,269.05,266.25,268.9,2428996
2025-07-18 03:55:00,268.75,269.9,268.55,268.8,1457317
2025-07-18 04:00:00,268.75,269.3,267.55,267.95,1077455
2025-07-18 04:05:00,268.0,268.35,267.25,267.55,971485
2025-07-18 04:10:00,267.5,267.7,266.05,266.5,1287248
2025-07-18 04:15:00,266.5,266.65,266.0,266.4,583164
2025-07-18 04:20:00,266.5,267.4,266.3,267.3,500133
2025-07-18 04:25:00,267.35,268.5,267.2,267.8,631187
2025-07-18 04:30:00,267.7,267.9,267.0,267.6,303768
2025-07-18 04:35:00,267.5,268.2,267.25,268.15,293022
2025-07-18 04:40:00,268.15,268.25,267.3,267.85,246591
2025-07-18 04:45:00,267.75,267.85,267.1,267.4,211435
2025-07-18 04:50:00,267.25,268.15,267.1,268.1,320631
2025-07-18 04:55:00,268.0,268.1,267.2,267.25,390675
2025-07-18 05:00:00,267.35,267.45,266.85,266.85,424888
2025-07-18 05:05:00,266.9,267.15,266.8,266.95,162291
2025-07-18 05:10:00,266.95,267.0,265.9,266.2,596991
2025-07-18 05:15:00,266.2,266.4,265.75,266.3,256473
2025-07-18 05:20:00,266.35,266.6,266.15,266.55,135738
2025-07-18 05:25:00,266.45,266.6,266.3,266.35,116999
2025-07-18 05:30:00,266.3,267.25,266.1,267.05,224408
2025-07-18 05:35:00,267.1,267.8,266.75,267.8,219370
2025-07-18 05:40:00,267.8,268.1,267.4,267.75,422526
2025-07-18 05:45:00,267.8,268.45,267.7,268.4,356504
2025-07-18 05:50:00,268.4,268.65,267.95,268.15,416682
2025-07-18 05:55:00,268.15,268.2,267.4,267.55,238166
2025-07-18 06:00:00,267.55,267.9,267.15,267.55,149284
2025-07-18 06:05:00,267.45,267.55,267.05,267.1,86429
2025-07-18 06:10:00,267.15,267.45,266.8,266.85,214913
2025-07-18 06:15:00,266.8,267.4,266.8,267.05,236659
2025-07-18 06:20:00,267.1,267.45,266.65,267.2,132187
2025-07-18 06:25:00,267.15,267.2,265.8,265.8,527124
2025-07-18 06:30:00,265.85,266.2,265.6,266.1,454891
2025-07-18 06:35:00,266.1,266.55,266.05,266.15,222527
2025-07-18 06:40:00,266.15,266.25,266.1,266.1,68967
2025-07-18 06:45:00,266.1,266.3,266.0,266.05,111552
2025-07-18 06:50:00,266.05,266.35,266.0,266.15,89295
2025-07-18 06:55:00,266.15,266.25,266.0,266.1,69984
2025-07-18 07:00:00,266.05,266.9,266.05,266.75,137995
2025-07-18 07:05:00,266.7,266.85,266.6,266.75,87620
2025-07-18 07:10:00,266.7,266.75,266.35,266.4,102029
2025-07-18 07:15:00,266.45,266.55,266.1,266.4,121670
2025-07-18 07:20:00,266.35,266.45,266.1,266.1,108099
2025-07-18 07:25:00,266.2,266.35,266.05,266.2,57702
2025-07-18 07:30:00,266.15,267.0,266.15,266.6,151721
2025-07-18 07:35:00,266.7,266.7,266.5,266.55,36328
2025-07-18 07:40:00,266.5,266.55,266.25,266.5,54937
2025-07-18 07:45:00,266.4,266.5,266.2,266.35,69920
2025-07-18 07:50:00,266.35,266.45,266.2,266.35,70784
2025-07-18 07:55:00,266.25,266.4,266.2,266.35,46014
2025-07-18 08:00:00,266.35,266.7,266.25,266.65,62196
2025-07-18 08:05:00,266.55,266.8,266.55,266.75,73341
2025-07-18 08:10:00,266.75,266.95,266.6,266.75,119093
2025-07-18 08:15:00,266.75,266.8,266.45,266.45,76658
2025-07-18 08:20:00,266.45,266.7,266.4,266.6,74845
2025-07-18 08:25:00,266.6,267.2,266.5,266.7,152905
2025-07-18 08:30:00,266.7,267.0,266.7,266.8,76480
2025-07-18 08:35:00,266.9,267.0,266.65,266.95,70550
2025-07-18 08:40:00,266.85,267.0,266.85,266.9,47704
2025-07-18 08:45:00,266.9,266.95,266.55,266.7,85291
2025-07-18 08:50:00,266.7,266.85,266.7,266.7,64251
2025-07-18 08:55:00,266.7,267.0,266.7,266.95,84639
2025-07-18 09:00:00,266.9,267.2,266.9,267.1,162214
2025-07-18 09:05:00,267.1,267.1,266.7,266.95,92023
2025-07-18 09:10:00,266.8,267.0,266.5,266.6,112521
2025-07-18 09:15:00,266.55,266.95,266.5,266.75,131374
2025-07-18 09:20:00,266.85,267.1,266.75,266.85,169689
2025-07-18 09:25:00,266.95,267.0,266.75,266.85,124008
2025-07-18 09:30:00,266.95,267.6,266.9,267.45,469495
2025-07-18 09:35:00,267.4,267.5,266.85,266.85,537811
2025-07-18 09:40:00,266.95,267.35,266.85,267.2,507538
2025-07-18 09:45:00,267.05,267.3,266.8,266.85,877536
2025-07-18 09:50:00,266.75,267.0,266.3,266.4,774252
2025-07-18 09:55:00,266.45,266.9,266.35,266.6,253644
2025-07-21 03:45:00,266.95,267.15,261.55,261.55,913260
2025-07-21 03:50:00,261.5,262.5,260.7,261.2,596261
2025-07-21 03:55:00,261.2,261.25,260.15,260.55,392532
2025-07-21 04:00:00,260.55,261.45,260.5,260.6,305995
2025-07-21 04:05:00,260.6,261.15,260.45,260.95,166869
2025-07-21 04:10:00,260.9,261.75,260.9,261.4,179214
2025-07-21 04:15:00,261.4,261.55,260.65,260.8,284910
2025-07-21 04:20:00,260.8,260.9,260.05,260.65,407411
2025-07-21 04:25:00,260.65,261.2,260.3,260.55,252006
2025-07-21 04:30:00,260.55,261.0,260.05,260.6,235785
2025-07-21 04:35:00,260.6,261.25,260.5,261.25,98720
2025-07-21 04:40:00,261.2,261.65,261.0,261.1,171454
2025-07-21 04:45:00,261.1,261.1,260.75,260.85,116193
2025-07-21 04:50:00,260.85,262.3,260.75,262.0,280581
2025-07-21 04:55:00,262.15,262.6,262.05,262.5,233112
2025-07-21 05:00:00,262.6,262.85,262.2,262.45,148012
2025-07-21 05:05:00,262.4,262.5,262.0,262.45,78445
2025-07-21 05:10:00,262.45,262.7,262.25,262.35,63299
2025-07-21 05:15:00,262.35,262.35,261.8,262.0,118267
2025-07-21 05:20:00,261.9,262.1,261.75,261.95,43456
2025-07-21 05:25:00,262.0,262.1,261.8,262.1,50639
2025-07-21 05:30:00,262.1,262.35,262.0,262.35,38809
2025-07-21 05:35:00,262.3,262.6,262.15,262.6,68490
2025-07-21 05:40:00,262.5,262.7,262.2,262.35,68528
2025-07-21 05:45:00,262.35,262.4,262.2,262.3,32754
2025-07-21 05:50:00,262.3,262.35,262.0,262.15,38265
2025-07-21 05:55:00,262.25,262.5,262.15,262.25,45045
2025-07-21 06:00:00,262.2,262.4,262.15,262.3,91467
2025-07-21 06:05:00,262.3,262.35,261.25,261.5,109414
2025-07-21 06:10:00,261.5,261.6,260.7,261.0,165636
2025-07-21 06:15:00,261.0,261.25,260.95,261.15,72716
2025-07-21 06:20:00,261.1,261.35,261.05,261.3,47764
2025-07-21 06:25:00,261.35,261.5,261.3,261.5,41888
2025-07-21 06:30:00,261.55,261.7,261.45,261.55,47605
2025-07-21 06:35:00,261.6,261.7,261.4,261.5,66410
2025-07-21 06:40:00,261.5,261.8,261.45,261.75,46523
2025-07-21 06:45:00,261.75,262.15,261.65,262.15,71825
2025-07-21 06:50:00,262.1,262.45,262.05,262.3,59825
2025-07-21 06:55:00,262.25,262.3,261.75,261.8,88760
2025-07-21 07:00:00,261.75,261.75,261.4,261.7,60594
2025-07-21 07:05:00,261.7,261.95,261.65,261.85,45702
2025-07-21 07:10:00,261.85,261.95,261.55,261.75,67955
2025-07-21 07:15:00,261.75,261.85,261.55,261.6,47128
2025-07-21 07:20:00,261.6,261.6,261.35,261.5,63529
2025-07-21 07:25:00,261.5,261.6,261.25,261.45,40537
2025-07-21 07:30:00,261.45,261.5,261.2,261.35,56449
2025-07-21 07:35:00,261.4,261.6,261.25,261.6,39825
2025-07-21 07:40:00,261.55,261.6,261.3,261.5,49242
2025-07-21 07:45:00,261.5,261.6,261.35,261.6,47456
2025-07-21 07:50:00,261.6,261.6,261.15,261.4,72293
2025-07-21 07:55:00,261.4,261.6,261.1,261.45,91963
2025-07-21 08:00:00,261.45,261.6,261.3,261.6,35523
2025-07-21 08:05:00,261.6,262.0,261.5,261.9,82608
2025-07-21 08:10:00,261.9,261.9,261.45,261.5,39224
2025-07-21 08:15:00,261.5,261.5,261.15,261.3,57002
2025-07-21 08:20:00,261.25,261.3,260.5,260.55,224817
2025-07-21 08:25:00,260.6,260.9,260.2,260.55,205072
2025-07-21 08:30:00,260.5,260.7,260.25,260.5,261301
2025-07-21 08:35:00,260.5,260.5,260.15,260.3,187345
2025-07-21 08:40:00,260.2,260.4,260.0,260.25,254311
2025-07-21 08:45:00,260.25,260.45,260.0,260.45,192763
2025-07-21 08:50:00,260.25,260.45,260.0,260.25,315211
2025-07-21 08:55:00,260.15,260.4,260.0,260.3,152870
2025-07-21 09:00:00,260.3,260.3,260.0,260.05,171437
2025-07-21 09:05:00,260.05,260.1,259.4,259.6,343508
2025-07-21 09:10:00,259.75,259.85,259.5,259.7,176819
2025-07-21 09:15:00,259.7,259.8,259.3,259.5,303691
2025-07-21 09:20:00,259.5,259.65,259.2,259.5,266193
2025-07-21 09:25:00,259.5,259.65,259.3,259.55,253209
2025-07-21 09:30:00,259.65,260.35,259.65,260.25,223072
2025-07-21 09:35:00,260.25,260.35,260.0,260.2,151661
2025-07-21 09:40:00,260.2,260.3,260.05,260.1,163525
2025-07-21 09:45:00,260.15,260.3,259.95,260.05,314271
2025-07-21 09:50:00,260.15,260.65,260.05,260.6,450204
2025-07-21 09:55:00,260.55,261.25,260.55,261.0,342511
2025-07-22 03:45:00,261.7,262.15,260.5,260.6,531833
2025-07-22 03:50:00,260.6,260.65,259.7,260.3,263282
2025-07-22 03:55:00,260.3,261.0,260.3,260.9,192685
2025-07-22 04:00:00,260.9,260.95,260.6,260.85,108902
2025-07-22 04:05:00,260.75,260.85,260.5,260.7,87480
2025-07-22 04:10:00,260.8,260.8,260.25,260.4,104051
2025-07-22 04:15:00,260.4,260.5,259.95,259.95,102227
2025-07-22 04:20:00,260.0,260.0,259.3,259.6,195220
2025-07-22 04:25:00,259.55,259.65,259.1,259.3,125604
2025-07-22 04:30:00,259.4,259.6,259.2,259.35,85640
2025-07-22 04:35:00,259.35,259.6,259.05,259.4,78853
2025-07-22 04:40:00,259.5,259.6,259.4,259.5,45005
2025-07-22 04:45:00,259.6,259.85,259.4,259.75,64969
2025-07-22 04:50:00,259.75,260.15,259.65,260.0,78341
2025-07-22 04:55:00,260.0,260.6,259.95,260.4,130290
2025-07-22 05:00:00,260.35,260.4,260.05,260.1,41248
2025-07-22 05:05:00,260.05,260.05,259.9,259.95,61662
2025-07-22 05:10:00,259.9,260.2,259.9,260.05,75893
2025-07-22 05:15:00,260.05,260.85,260.0,260.75,76234
2025-07-22 05:20:00,260.75,261.0,260.5,260.5,76359
2025-07-22 05:25:00,260.6,260.85,260.6,260.65,63473
2025-07-22 05:30:00,260.7,260.7,260.4,260.45,50075
2025-07-22 05:35:00,260.55,260.55,260.45,260.5,32937
2025-07-22 05:40:00,260.5,260.85,260.5,260.85,25596
2025-07-22 05:45:00,260.85,260.85,260.7,260.8,27794
2025-07-22 05:50:00,260.8,260.8,260.6,260.8,87370
2025-07-22 05:55:00,260.7,260.8,260.4,260.8,44224
2025-07-22 06:00:00,260.8,260.95,260.6,260.8,108207
2025-07-22 06:05:00,260.8,260.9,260.75,260.85,32479
2025-07-22 06:10:00,260.9,261.15,260.75,260.8,77002
2025-07-22 06:15:00,260.8,260.8,260.55,260.7,70482
2025-07-22 06:20:00,260.75,260.85,260.0,260.45,141177
2025-07-22 06:25:00,260.4,260.45,260.35,260.45,16702
2025-07-22 06:30:00,260.45,260.45,260.1,260.15,48200
2025-07-22 06:35:00,260.1,260.15,259.9,259.9,42504
2025-07-22 06:40:00,259.95,260.1,259.8,259.85,74585
2025-07-22 06:45:00,259.85,259.85,259.7,259.8,27804
2025-07-22 06:50:00,259.8,259.95,259.7,259.95,48722
2025-07-22 06:55:00,259.95,260.0,259.5,259.5,53177
2025-07-22 07:00:00,259.55,259.8,259.5,259.75,31504
2025-07-22 07:05:00,259.75,259.75,259.5,259.6,41582
2025-07-22 07:10:00,259.6,259.65,259.5,259.6,31174
2025-07-22 07:15:00,259.55,259.6,259.4,259.55,37897
2025-07-22 07:20:00,259.55,259.55,259.3,259.4,37029
2025-07-22 07:25:00,259.4,259.75,259.35,259.7,35418
2025-07-22 07:30:00,259.7,259.8,259.55,259.55,24531
2025-07-22 07:35:00,259.6,259.6,259.0,259.4,102339
2025-07-22 07:40:00,259.4,259.45,259.1,259.2,49506
2025-07-22 07:45:00,259.2,259.25,259.1,259.15,32523
2025-07-22 07:50:00,259.15,259.35,259.1,259.3,33331
2025-07-22 07:55:00,259.3,259.3,258.75,258.95,129089
2025-07-22 08:00:00,258.95,259.05,258.9,259.05,38943
2025-07-22 08:05:00,259.05,259.05,259.0,259.0,20159
2025-07-22 08:10:00,259.05,259.05,259.0,259.05,22857
2025-07-22 08:15:00,259.05,259.25,258.95,259.25,45699
2025-07-22 08:20:00,259.25,259.25,258.9,259.1,25590
2025-07-22 08:25:00,259.15,259.55,259.1,259.45,73997
2025-07-22 08:30:00,259.45,259.85,259.4,259.8,79440
2025-07-22 08:35:00,259.8,259.95,259.75,259.95,52307
2025-07-22 08:40:00,260.0,260.2,259.7,259.75,75337
2025-07-22 08:45:00,259.75,259.75,259.5,259.55,40647
2025-07-22 08:50:00,259.55,259.75,259.4,259.75,100813
2025-07-22 08:55:00,259.65,259.85,259.6,259.8,58003
2025-07-22 09:00:00,259.8,259.85,259.6,259.65,69877
2025-07-22 09:05:00,259.65,260.25,259.4,259.7,176359
2025-07-22 09:10:00,259.7,259.7,259.3,259.35,30887
2025-07-22 09:15:00,259.3,259.5,259.2,259.5,81221
2025-07-22 09:20:00,259.5,259.55,259.25,259.4,36993
2025-07-22 09:25:00,259.4,259.4,259.2,259.3,28215
2025-07-22 09:30:00,259.45,259.95,259.45,259.7,199476
2025-07-22 09:35:00,259.7,259.8,259.6,259.8,263985
2025-07-22 09:40:00,259.8,259.9,259.5,259.55,268814
2025-07-22 09:45:00,259.5,259.55,259.4,259.45,217163
2025-07-22 09:50:00,259.5,259.95,259.45,259.8,290920
2025-07-22 09:55:00,259.75,260.15,259.75,260.1,240831
2025-07-23 03:45:00,260.25,260.7,259.7,260.0,298423
2025-07-23 03:50:00,259.95,260.25,259.4,259.55,121302
2025-07-23 03:55:00,259.55,259.6,258.8,258.95,164838
2025-07-23 04:00:00,258.95,259.55,258.95,259.05,115598
2025-07-23 04:05:00,259.05,259.15,258.3,258.75,158333
2025-07-23 04:10:00,258.75,258.8,258.45,258.5,63094
2025-07-23 04:15:00,258.5,258.7,258.15,258.65,140967
2025-07-23 04:20:00,258.7,259.0,258.6,258.75,88020
2025-07-23 04:25:00,258.85,259.15,258.7,259.0,61876
2025-07-23 04:30:00,259.05,259.05,258.6,258.65,42276
2025-07-23 04:35:00,258.65,259.05,258.65,258.95,63933
2025-07-23 04:40:00,258.95,259.35,258.9,259.35,51285
2025-07-23 04:45:00,259.3,259.3,258.4,258.7,265882
2025-07-23 04:50:00,258.7,258.7,258.35,258.6,73113
2025-07-23 04:55:00,258.6,258.8,258.55,258.8,43461
2025-07-23 05:00:00,258.8,259.05,258.75,259.05,35772
2025-07-23 05:05:00,259.1,259.15,258.95,258.95,62212
2025-07-23 05:10:00,259.0,259.25,258.95,259.15,41801
2025-07-23 05:15:00,259.2,259.45,259.0,259.3,59504
2025-07-23 05:20:00,259.3,259.55,259.15,259.5,71804
2025-07-23 05:25:00,259.5,260.0,259.5,259.85,113193
2025-07-23 05:30:00,259.8,260.3,259.7,260.05,114711
2025-07-23 05:35:00,260.1,260.1,259.6,259.65,41447
2025-07-23 05:40:00,259.7,259.9,259.6,259.65,31713
2025-07-23 05:45:00,259.7,259.75,259.5,259.55,35429
2025-07-23 05:50:00,259.55,259.55,259.1,259.4,50615
2025-07-23 05:55:00,259.3,259.6,259.3,259.4,41537
2025-07-23 06:00:00,259.4,259.4,259.1,259.35,37233
2025-07-23 06:05:00,259.35,259.35,259.25,259.35,15204
2025-07-23 06:10:00,259.35,259.35,259.0,259.15,35364
2025-07-23 06:15:00,259.15,259.3,259.1,259.3,27821
2025-07-23 06:20:00,259.2,259.35,259.2,259.3,10365
2025-07-23 06:25:00,259.3,259.45,259.05,259.35,35522
2025-07-23 06:30:00,259.35,259.6,259.3,259.6,22476
2025-07-23 06:35:00,259.6,259.95,259.6,259.85,65364
2025-07-23 06:40:00,259.9,259.9,259.3,259.6,74213
2025-07-23 06:45:00,259.6,260.1,259.6,260.1,41218
2025-07-23 06:50:00,260.05,260.6,260.05,260.55,89113
2025-07-23 06:55:00,260.55,260.55,260.15,260.35,74356
2025-07-23 07:00:00,260.35,260.6,260.1,260.35,73516
2025-07-23 07:05:00,260.35,260.55,260.1,260.15,30876
2025-07-23 07:10:00,260.2,260.35,260.15,260.2,35369
2025-07-23 07:15:00,260.25,260.9,260.2,260.85,69183
2025-07-23 07:20:00,260.9,260.9,260.4,260.5,49879
2025-07-23 07:25:00,260.5,260.7,260.35,260.45,36264
2025-07-23 07:30:00,260.45,260.65,260.4,260.55,24430
2025-07-23 07:35:00,260.55,260.55,260.15,260.25,17281
2025-07-23 07:40:00,260.3,260.3,259.95,260.0,37619
2025-07-23 07:45:00,260.05,260.35,260.0,260.3,22498
2025-07-23 07:50:00,260.3,260.3,259.7,260.05,78061
2025-07-23 07:55:00,260.1,260.15,260.05,260.1,8167
2025-07-23 08:00:00,260.15,260.5,260.1,260.5,47959
2025-07-23 08:05:00,260.5,260.9,260.4,260.85,77167
2025-07-23 08:10:00,260.85,260.85,260.55,260.7,50107
2025-07-23 08:15:00,260.7,260.7,260.4,260.45,30650
2025-07-23 08:20:00,260.45,260.65,260.4,260.6,35500
2025-07-23 08:25:00,260.6,260.6,260.3,260.5,25928
2025-07-23 08:30:00,260.5,260.5,260.2,260.2,30410
2025-07-23 08:35:00,260.25,260.45,260.2,260.45,27540
2025-07-23 08:40:00,260.45,260.8,260.4,260.8,40917
2025-07-23 08:45:00,260.9,261.15,260.7,260.9,140319
2025-07-23 08:50:00,260.9,260.95,260.75,260.85,34658
2025-07-23 08:55:00,260.85,260.85,260.6,260.75,35651
2025-07-23 09:00:00,260.8,260.95,260.7,260.85,44053
2025-07-23 09:05:00,260.85,261.25,260.8,261.2,57004
2025-07-23 09:10:00,261.2,261.25,260.9,261.0,69539
2025-07-23 09:15:00,260.95,261.25,260.85,261.0,106118
2025-07-23 09:20:00,261.0,261.0,260.85,261.0,57737
2025-07-23 09:25:00,260.95,261.1,260.85,260.95,110035
2025-07-23 09:30:00,260.95,261.5,260.95,261.4,235258
2025-07-23 09:35:00,261.35,261.75,261.3,261.55,367108
2025-07-23 09:40:00,261.65,261.65,261.55,261.6,284165
2025-07-23 09:45:00,261.65,261.65,261.3,261.3,418274
2025-07-23 09:50:00,261.35,261.4,261.0,261.25,444579
2025-07-23 09:55:00,261.25,261.35,260.7,261.0,264700
2025-07-24 03:45:00,262.0,262.85,261.5,262.6,481055
2025-07-24 03:50:00,262.6,263.0,262.2,262.4,175692
2025-07-24 03:55:00,262.4,262.4,261.25,261.65,254192
2025-07-24 04:00:00,261.65,262.2,261.35,262.0,175496
2025-07-24 04:05:00,262.1,262.2,261.75,262.15,143622
2025-07-24 04:10:00,262.15,263.25,262.0,262.9,302671
2025-07-24 04:15:00,262.9,263.4,262.55,262.85,142111
2025-07-24 04:20:00,262.85,262.85,262.55,262.65,63834
2025-07-24 04:25:00,262.7,262.8,262.15,262.2,109637
2025-07-24 04:30:00,262.2,262.4,261.8,261.9,123321
2025-07-24 04:35:00,261.9,262.1,261.35,261.6,147376
2025-07-24 04:40:00,261.55,261.75,261.15,261.5,141292
2025-07-24 04:45:00,261.4,261.85,261.15,261.85,149195
2025-07-24 04:50:00,261.9,262.3,261.8,261.95,74664
2025-07-24 04:55:00,261.95,262.2,261.8,262.1,44012
2025-07-24 05:00:00,262.1,262.2,261.85,262.1,44405
2025-07-24 05:05:00,262.15,262.2,261.65,261.75,40720
2025-07-24 05:10:00,261.75,261.8,261.2,261.75,108842
2025-07-24 05:15:00,261.8,262.0,261.7,261.9,45689
2025-07-24 05:20:00,261.9,262.2,261.8,261.95,54787
2025-07-24 05:25:00,261.95,262.0,261.55,261.65,61324
2025-07-24 05:30:00,261.65,261.65,261.05,261.4,111793
2025-07-24 05:35:00,261.35,261.85,261.3,261.7,71297
2025-07-24 05:40:00,261.7,261.8,261.45,261.7,49958
2025-07-24 05:45:00,261.7,261.95,261.5,261.75,58356
2025-07-24 05:50:00,261.75,261.75,261.25,261.45,112651
2025-07-24 05:55:00,261.55,261.55,261.25,261.4,46238
2025-07-24 06:00:00,261.4,261.55,260.8,260.9,123477
2025-07-24 06:05:00,260.85,261.1,260.6,261.05,57299
2025-07-24 06:10:00,261.1,261.25,261.0,261.2,92822
2025-07-24 06:15:00,261.2,261.4,261.1,261.4,36702
2025-07-24 06:20:00,261.3,261.4,261.2,261.25,35559
2025-07-24 06:25:00,261.2,261.35,260.65,261.0,113975
2025-07-24 06:30:00,261.0,261.0,260.35,260.5,87439
2025-07-24 06:35:00,260.5,260.65,260.25,260.45,83929
2025-07-24 06:40:00,260.55,260.8,260.4,260.8,46475
2025-07-24 06:45:00,260.8,261.05,260.7,261.0,38159
2025-07-24 06:50:00,261.0,261.05,260.7,260.8,56714
2025-07-24 06:55:00,260.8,260.95,260.7,260.95,34653
2025-07-24 07:00:00,260.9,261.05,260.7,260.95,45052
2025-07-24 07:05:00,260.85,261.05,260.5,261.05,54273
2025-07-24 07:10:00,261.05,261.3,260.8,261.3,33616
2025-07-24 07:15:00,261.3,261.65,261.2,261.45,179616
2025-07-24 07:20:00,261.25,261.45,261.1,261.25,71252
2025-07-24 07:25:00,261.25,261.3,260.6,260.7,69397
2025-07-24 07:30:00,260.65,260.95,260.5,260.8,60057
2025-07-24 07:35:00,260.85,261.0,260.8,260.95,22670
2025-07-24 07:40:00,260.9,261.25,260.8,261.15,46507
2025-07-24 07:45:00,261.15,261.2,260.75,260.9,40630
2025-07-24 07:50:00,260.9,261.0,260.75,260.9,39758
2025-07-24 07:55:00,260.9,260.95,260.8,260.95,21149
2025-07-24 08:00:00,260.95,260.95,260.65,260.8,45541
2025-07-24 08:05:00,260.75,260.85,260.6,260.7,36780
2025-07-24 08:10:00,260.65,260.95,260.6,260.95,46948
2025-07-24 08:15:00,260.9,261.25,260.9,261.25,41966
2025-07-24 08:20:00,261.25,261.35,261.15,261.35,40190
2025-07-24 08:25:00,261.3,261.35,260.9,261.15,78392
2025-07-24 08:30:00,261.15,261.6,261.0,261.6,68143
2025-07-24 08:35:00,261.6,261.6,261.25,261.55,51461
2025-07-24 08:40:00,261.55,261.55,261.35,261.5,31870
2025-07-24 08:45:00,261.5,261.55,261.4,261.55,39640
2025-07-24 08:50:00,261.55,261.6,261.15,261.25,107879
2025-07-24 08:55:00,261.25,261.3,261.1,261.3,41121
2025-07-24 09:00:00,261.3,261.5,261.2,261.45,43255
2025-07-24 09:05:00,261.45,261.5,261.3,261.4,47151
2025-07-24 09:10:00,261.35,261.4,261.0,261.0,64575
2025-07-24 09:15:00,261.15,261.3,260.85,261.15,182843
2025-07-24 09:20:00,261.2,261.2,260.75,260.9,82885
2025-07-24 09:25:00,260.9,261.0,260.8,261.0,61302
2025-07-24 09:30:00,260.95,261.55,260.95,261.55,211846
2025-07-24 09:35:00,261.55,261.8,261.4,261.8,237563
2025-07-24 09:40:00,261.75,261.85,261.55,261.85,320337
2025-07-24 09:45:00,261.8,262.1,261.65,262.0,515751
2025-07-24 09:50:00,262.0,262.35,261.9,262.3,428349
2025-07-24 09:55:00,262.2,262.3,261.95,262.2,484480
2025-07-25 03:45:00,261.4,261.85,260.35,261.45,384235
2025-07-25 03:50:00,261.45,261.7,260.8,261.6,160286
2025-07-25 03:55:00,261.6,262.05,261.25,261.55,148709
2025-07-25 04:00:00,261.65,261.65,260.8,260.8,143115
2025-07-25 04:05:00,260.8,260.85,260.4,260.5,132066
2025-07-25 04:10:00,260.5,260.5,259.5,259.7,260998
2025-07-25 04:15:00,259.65,260.0,259.4,259.55,164645
2025-07-25 04:20:00,259.5,260.0,259.05,259.1,136388
2025-07-25 04:25:00,259.15,259.2,258.5,258.8,263887
2025-07-25 04:30:00,258.7,258.75,258.1,258.3,182090
2025-07-25 04:35:00,258.3,258.3,257.4,257.55,237278
2025-07-25 04:40:00,257.55,258.15,257.3,257.8,99857
2025-07-25 04:45:00,257.8,257.8,257.4,257.4,106762
2025-07-25 04:50:00,257.6,257.75,257.3,257.45,104805
2025-07-25 04:55:00,257.45,257.75,257.3,257.4,80339
2025-07-25 05:00:00,257.45,257.7,257.1,257.7,68561
2025-07-25 05:05:00,257.7,257.7,257.25,257.55,59796
2025-07-25 05:10:00,257.55,257.75,257.25,257.7,80645
2025-07-25 05:15:00,257.7,257.7,257.3,257.5,86059
2025-07-25 05:20:00,257.65,257.65,256.85,256.9,232527
2025-07-25 05:25:00,257.0,257.05,256.6,256.8,75640
2025-07-25 05:30:00,256.85,256.95,256.35,256.85,58029
2025-07-25 05:35:00,256.85,257.3,256.75,257.1,46523
2025-07-25 05:40:00,257.0,257.1,256.5,256.7,62974
2025-07-25 05:45:00,256.6,256.9,256.5,256.9,42950
2025-07-25 05:50:00,256.9,257.15,256.8,256.85,64639
2025-07-25 05:55:00,256.95,257.1,256.7,256.85,43144
2025-07-25 06:00:00,256.85,257.45,256.8,257.0,92148
2025-07-25 06:05:00,256.85,256.95,256.6,256.85,61787
2025-07-25 06:10:00,256.8,257.0,256.6,256.95,38824
2025-07-25 06:15:00,256.75,256.9,256.2,256.4,101054
2025-07-25 06:20:00,256.4,256.55,256.25,256.5,51376
2025-07-25 06:25:00,256.55,256.7,256.35,256.45,66208
2025-07-25 06:30:00,256.65,256.7,256.4,256.6,67115
2025-07-25 06:35:00,256.7,256.9,256.5,256.55,84799
2025-07-25 06:40:00,256.6,256.75,256.35,256.5,81437
2025-07-25 06:45:00,256.55,256.65,256.3,256.4,65571
2025-07-25 06:50:00,256.4,256.45,256.05,256.45,88387
2025-07-25 06:55:00,256.45,256.55,256.25,256.5,56000
2025-07-25 07:00:00,256.5,256.95,256.4,256.85,71348
2025-07-25 07:05:00,256.85,257.4,256.65,257.35,90558
2025-07-25 07:10:00,257.35,257.6,257.0,257.15,97535
2025-07-25 07:15:00,257.25,257.4,257.0,257.3,88452
2025-07-25 07:20:00,257.35,257.45,257.05,257.2,42681
2025-07-25 07:25:00,257.2,257.3,257.1,257.25,49201
2025-07-25 07:30:00,257.25,257.4,256.9,257.0,71308
2025-07-25 07:35:00,257.0,257.3,256.85,257.3,46112
2025-07-25 07:40:00,257.25,257.4,257.2,257.4,38705
2025-07-25 07:45:00,257.4,257.45,257.2,257.45,36238
2025-07-25 07:50:00,257.45,257.7,257.35,257.65,53602
2025-07-25 07:55:00,257.65,257.95,257.6,257.65,102681
2025-07-25 08:00:00,257.65,257.85,257.1,257.15,148570
2025-07-25 08:05:00,257.0,257.65,257.0,257.65,43923
2025-07-25 08:10:00,257.6,257.85,257.45,257.8,35705
2025-07-25 08:15:00,257.75,257.9,257.55,257.75,50326
2025-07-25 08:20:00,257.8,257.85,257.5,257.85,44753
2025-07-25 08:25:00,257.85,258.0,257.65,258.0,50004
2025-07-25 08:30:00,258.0,258.05,257.65,257.8,50666
2025-07-25 08:35:00,257.85,257.95,257.65,257.95,36418
2025-07-25 08:40:00,257.95,258.2,257.8,257.85,61090
2025-07-25 08:45:00,257.9,258.2,257.8,258.2,47975
2025-07-25 08:50:00,258.2,258.2,257.9,258.15,48246
2025-07-25 08:55:00,258.0,258.15,257.55,258.0,68457
2025-07-25 09:00:00,257.95,258.0,257.65,257.75,56679
2025-07-25 09:05:00,257.7,258.0,257.6,257.95,115662
2025-07-25 09:10:00,257.95,258.05,257.8,257.9,166939
2025-07-25 09:15:00,257.9,258.0,257.6,257.7,61769
2025-07-25 09:20:00,257.7,257.8,257.35,257.45,82763
2025-07-25 09:25:00,257.45,257.65,257.35,257.55,76066
2025-07-25 09:30:00,257.6,258.4,257.25,258.1,421996
2025-07-25 09:35:00,258.1,259.25,258.1,259.25,214277
2025-07-25 09:40:00,259.1,260.5,259.0,259.9,384527
2025-07-25 09:45:00,260.0,260.0,259.5,259.55,274383
2025-07-25 09:50:00,259.55,259.8,259.25,259.4,378855
2025-07-25 09:55:00,259.35,260.2,259.35,259.85,288665
2025-07-28 03:45:00,254.0,254.0,250.05,251.8,900132
2025-07-28 03:50:00,251.8,251.9,250.8,251.5,268608
2025-07-28 03:55:00,251.5,252.4,251.2,252.0,175971
2025-07-28 04:00:00,252.0,252.65,252.0,252.6,166695
2025-07-28 04:05:00,252.55,252.85,251.9,252.55,204484
2025-07-28 04:10:00,252.65,252.65,252.15,252.35,63187
2025-07-28 04:15:00,252.35,252.55,252.0,252.5,78177
2025-07-28 04:20:00,252.4,252.9,252.4,252.75,111361
2025-07-28 04:25:00,252.65,252.7,252.1,252.35,87309
2025-07-28 04:30:00,252.35,252.8,252.35,252.8,62240
2025-07-28 04:35:00,252.75,252.9,252.6,252.65,70865
2025-07-28 04:40:00,252.65,252.7,252.3,252.6,70822
2025-07-28 04:45:00,252.65,253.0,252.55,253.0,84676
2025-07-28 04:50:00,252.95,253.0,252.75,252.85,99225
2025-07-28 04:55:00,252.8,252.95,252.7,252.75,57730
2025-07-28 05:00:00,252.8,253.15,252.7,252.8,91892
2025-07-28 05:05:00,252.75,252.85,252.1,252.1,116013
2025-07-28 05:10:00,252.2,252.35,252.2,252.3,60734
2025-07-28 05:15:00,252.25,252.25,251.5,251.55,218152
2025-07-28 05:20:00,251.55,252.15,251.55,252.1,88914
2025-07-28 05:25:00,252.15,252.2,251.8,251.95,123089
2025-07-28 05:30:00,251.9,252.15,251.5,251.55,104843
2025-07-28 05:35:00,251.5,251.65,251.35,251.5,84813
2025-07-28 05:40:00,251.5,251.65,251.3,251.5,53796
2025-07-28 05:45:00,251.55,251.55,251.15,251.3,79092
2025-07-28 05:50:00,251.3,251.55,250.9,251.5,187355
2025-07-28 05:55:00,251.55,251.6,250.85,250.9,96573
2025-07-28 06:00:00,250.9,251.1,250.75,251.05,80660
2025-07-28 06:05:00,251.05,251.25,251.0,251.15,61000
2025-07-28 06:10:00,251.15,251.15,250.55,251.0,110762
2025-07-28 06:15:00,251.0,251.05,250.75,251.05,44901
2025-07-28 06:20:00,251.05,251.25,250.85,250.95,51975
2025-07-28 06:25:00,251.0,251.1,250.9,251.1,49950
2025-07-28 06:30:00,251.1,251.5,251.0,251.25,69856
2025-07-28 06:35:00,251.25,251.35,251.05,251.35,42212
2025-07-28 06:40:00,251.35,251.4,251.05,251.15,52507
2025-07-28 06:45:00,251.15,251.4,251.05,251.25,48558
2025-07-28 06:50:00,251.2,251.45,251.05,251.35,180582
2025-07-28 06:55:00,251.3,251.4,251.2,251.3,40918
2025-07-28 07:00:00,251.25,251.45,251.25,251.35,47048
2025-07-28 07:05:00,251.35,251.45,251.1,251.25,47246
2025-07-28 07:10:00,251.3,251.45,251.2,251.35,35683
2025-07-28 07:15:00,251.25,251.35,250.6,250.7,460826
2025-07-28 07:20:00,250.7,250.75,250.0,250.65,332450
2025-07-28 07:25:00,250.6,250.75,250.3,250.35,64647
2025-07-28 07:30:00,250.3,250.45,250.05,250.3,77720
2025-07-28 07:35:00,250.25,250.6,250.2,250.4,44229
2025-07-28 07:40:00,250.45,250.55,250.35,250.55,42199
2025-07-28 07:45:00,250.45,250.7,250.35,250.45,49850
2025-07-28 07:50:00,250.4,250.85,250.35,250.55,55435
2025-07-28 07:55:00,250.5,250.6,249.85,249.95,346038
2025-07-28 08:00:00,249.9,250.1,249.5,249.7,67573
2025-07-28 08:05:00,249.65,249.95,249.55,249.75,94868
2025-07-28 08:10:00,249.75,249.75,249.4,249.4,107504
2025-07-28 08:15:00,249.45,249.5,249.3,249.45,38751
2025-07-28 08:20:00,249.45,249.65,249.0,249.55,249000
2025-07-28 08:25:00,249.65,249.8,249.35,249.7,84998
2025-07-28 08:30:00,249.7,249.75,249.6,249.7,79300
2025-07-28 08:35:00,249.65,249.9,249.55,249.75,60015
2025-07-28 08:40:00,249.7,249.85,249.5,249.75,51910
2025-07-28 08:45:00,249.75,249.9,249.7,249.8,52627
2025-07-28 08:50:00,249.8,249.95,249.65,249.9,50463
2025-07-28 08:55:00,249.95,250.0,249.65,249.75,67173
2025-07-28 09:00:00,249.75,249.8,249.65,249.8,46042
2025-07-28 09:05:00,249.7,249.95,249.7,249.9,66035
2025-07-28 09:10:00,249.9,249.95,249.75,249.9,71635
2025-07-28 09:15:00,249.85,250.1,249.7,249.85,93658
2025-07-28 09:20:00,249.8,249.9,249.65,249.7,61936
2025-07-28 09:25:00,249.75,250.0,249.75,249.95,75258
2025-07-28 09:30:00,250.0,250.0,249.7,250.0,153888
2025-07-28 09:35:00,249.95,250.0,249.9,249.95,138689
2025-07-28 09:40:00,249.95,250.3,249.95,250.2,239204
2025-07-28 09:45:00,250.1,250.2,249.75,250.1,321286
2025-07-28 09:50:00,250.1,250.25,250.0,250.2,290349
2025-07-28 09:55:00,250.2,250.25,250.0,250.2,190088
2025-07-29 03:45:00,248.4,249.2,247.3,248.65,776287
2025-07-29 03:50:00,248.4,248.8,247.65,248.3,264531
2025-07-29 03:55:00,248.3,248.8,248.0,248.7,213972
2025-07-29 04:00:00,248.7,248.85,247.55,247.55,237449
2025-07-29 04:05:00,247.6,248.3,247.3,248.15,169037
2025-07-29 04:10:00,248.05,248.8,247.95,248.75,278952
2025-07-29 04:15:00,248.7,249.1,248.7,249.1,270855
2025-07-29 04:20:00,249.15,249.65,249.05,249.6,144387
2025-07-29 04:25:00,249.6,249.95,249.05,249.05,205760
2025-07-29 04:30:00,249.05,249.4,249.0,249.2,134042
2025-07-29 04:35:00,249.2,249.45,249.15,249.35,83405
2025-07-29 04:40:00,249.4,249.55,249.05,249.15,128279
2025-07-29 04:45:00,249.2,249.4,248.9,249.2,134025
2025-07-29 04:50:00,249.2,249.2,248.9,249.0,128592
2025-07-29 04:55:00,249.0,249.1,248.85,249.05,283195
2025-07-29 05:00:00,249.05,249.8,249.0,249.6,166510
2025-07-29 05:05:00,249.55,249.7,249.1,249.25,126111
2025-07-29 05:10:00,249.25,249.55,249.2,249.5,107776
2025-07-29 05:15:00,249.5,249.5,249.0,249.1,119509
2025-07-29 05:20:00,249.0,249.8,249.0,249.65,90259
2025-07-29 05:25:00,249.65,249.8,249.4,249.8,91899
2025-07-29 05:30:00,249.8,249.9,249.6,249.75,65188
2025-07-29 05:35:00,249.75,250.15,249.6,249.65,159524
2025-07-29 05:40:00,249.65,249.65,249.3,249.6,104088
2025-07-29 05:45:00,249.65,249.9,249.6,249.9,57096
2025-07-29 05:50:00,249.85,250.0,249.75,250.0,60838
2025-07-29 05:55:00,250.0,250.75,249.95,250.1,328924
2025-07-29 06:00:00,250.1,250.15,249.7,249.85,140505
2025-07-29 06:05:00,249.85,249.9,249.6,249.65,113283
2025-07-29 06:10:00,249.7,249.7,249.25,249.5,240458
2025-07-29 06:15:00,249.5,249.5,249.25,249.4,64674
2025-07-29 06:20:00,249.4,249.8,249.2,249.35,64175
2025-07-29 06:25:00,249.45,249.45,249.0,249.05,77132
2025-07-29 06:30:00,249.0,249.35,248.95,249.2,101939
2025-07-29 06:35:00,249.15,249.6,249.1,249.6,68023
2025-07-29 06:40:00,249.6,249.95,249.45,249.95,80284
2025-07-29 06:45:00,249.95,250.0,249.8,249.95,89100
2025-07-29 06:50:00,249.9,250.05,249.8,249.85,80412
2025-07-29 06:55:00,249.85,249.9,249.45,249.7,148674
2025-07-29 07:00:00,249.7,250.05,249.7,250.05,81785
2025-07-29 07:05:00,250.05,250.3,250.0,250.3,74133
2025-07-29 07:10:00,250.3,250.5,249.95,250.25,113967
2025-07-29 07:15:00,250.25,250.35,250.05,250.1,86181
2025-07-29 07:20:00,250.1,250.4,250.05,250.3,96332
2025-07-29 07:25:00,250.3,250.3,250.0,250.15,101406
2025-07-29 07:30:00,250.1,250.2,250.0,250.05,66115
2025-07-29 07:35:00,250.05,250.3,250.0,250.25,78934
2025-07-29 07:40:00,250.25,250.25,250.15,250.25,89501
2025-07-29 07:45:00,250.25,250.3,250.1,250.2,106764
2025-07-29 07:50:00,250.25,250.3,250.1,250.2,69417
2025-07-29 07:55:00,250.1,250.3,250.1,250.2,132628
2025-07-29 08:00:00,250.2,250.2,250.1,250.15,64913
2025-07-29 08:05:00,250.15,250.4,250.1,250.35,103154
2025-07-29 08:10:00,250.35,250.4,250.0,250.3,146626
2025-07-29 08:15:00,250.3,250.9,250.25,250.8,112169
2025-07-29 08:20:00,250.8,251.25,250.7,251.25,130534
2025-07-29 08:25:00,251.25,251.45,251.2,251.4,117824
2025-07-29 08:30:00,251.35,251.75,251.25,251.4,139641
2025-07-29 08:35:00,251.4,251.55,251.15,251.25,101365
2025-07-29 08:40:00,251.3,251.55,251.2,251.35,133365
2025-07-29 08:45:00,251.35,251.45,251.3,251.35,82143
2025-07-29 08:50:00,251.35,251.55,251.3,251.5,72623
2025-07-29 08:55:00,251.5,251.65,251.3,251.65,144042
2025-07-29 09:00:00,251.55,252.2,251.55,252.05,297378
2025-07-29 09:05:00,251.9,252.0,251.45,251.55,155987
2025-07-29 09:10:00,251.55,252.1,251.55,252.1,227738
2025-07-29 09:15:00,252.0,252.1,251.85,251.85,111693
2025-07-29 09:20:00,251.95,252.1,251.7,252.1,187986
2025-07-29 09:25:00,252.05,252.45,252.0,252.1,226900
2025-07-29 09:30:00,252.05,252.7,251.95,252.6,491491
2025-07-29 09:35:00,252.65,252.65,252.35,252.4,301445
2025-07-29 09:40:00,252.4,252.5,252.3,252.4,331873
2025-07-29 09:45:00,252.35,252.55,252.25,252.45,372827
2025-07-29 09:50:00,252.35,252.4,250.55,250.7,1266579
2025-07-29 09:55:00,250.6,252.05,250.6,251.35,259817
2025-07-30 03:45:00,251.45,252.5,250.9,252.2,448898
2025-07-30 03:50:00,252.2,252.2,251.4,251.6,163067
2025-07-30 03:55:00,251.6,251.65,251.05,251.1,238086
2025-07-30 04:00:00,251.15,251.45,250.95,251.2,104216
2025-07-30 04:05:00,251.15,251.2,250.55,250.9,137836
2025-07-30 04:10:00,250.8,251.6,250.65,251.5,109226
2025-07-30 04:15:00,251.5,251.5,250.2,250.25,121157
2025-07-30 04:20:00,250.25,250.3,250.0,250.05,108142
2025-07-30 04:25:00,250.05,250.45,250.05,250.25,100253
2025-07-30 04:30:00,250.3,250.65,250.2,250.2,93304
2025-07-30 04:35:00,250.2,250.5,250.15,250.3,60127
2025-07-30 04:40:00,250.35,250.4,250.15,250.2,44972
2025-07-30 04:45:00,250.2,250.25,250.0,250.2,84830
2025-07-30 04:50:00,250.25,250.3,249.85,249.85,292286
2025-07-30 04:55:00,249.9,250.0,249.7,249.85,69013
2025-07-30 05:00:00,249.85,250.75,249.65,250.7,135135
2025-07-30 05:05:00,250.7,250.8,250.1,250.3,88034
2025-07-30 05:10:00,250.35,250.35,249.75,249.95,91170
2025-07-30 05:15:00,249.95,250.2,249.5,250.05,128200
2025-07-30 05:20:00,250.1,250.2,249.9,250.05,52812
2025-07-30 05:25:00,250.1,250.1,249.8,249.9,39637
2025-07-30 05:30:00,249.85,250.1,249.7,249.95,36135
2025-07-30 05:35:00,249.95,250.05,249.75,249.95,29454
2025-07-30 05:40:00,249.95,250.1,249.8,249.95,69919
2025-07-30 05:45:00,250.05,250.5,250.05,250.5,65102
2025-07-30 05:50:00,250.5,250.7,250.45,250.55,54674
2025-07-30 05:55:00,250.5,250.95,250.3,250.9,95921
2025-07-30 06:00:00,250.85,250.85,250.7,250.75,34647
2025-07-30 06:05:00,250.75,250.85,250.4,250.5,63712
2025-07-30 06:10:00,250.45,250.7,250.1,250.55,56243
2025-07-30 06:15:00,250.55,250.65,250.5,250.55,40772
2025-07-30 06:20:00,250.55,250.8,250.5,250.65,38455
2025-07-30 06:25:00,250.65,250.8,250.5,250.7,41530
2025-07-30 06:30:00,250.7,250.8,250.6,250.65,64093
2025-07-30 06:35:00,250.65,250.7,250.25,250.3,44021
2025-07-30 06:40:00,250.3,250.4,250.15,250.3,29602
2025-07-30 06:45:00,250.25,250.7,250.15,250.6,43570
2025-07-30 06:50:00,250.6,250.6,250.4,250.5,27996
2025-07-30 06:55:00,250.5,250.55,250.3,250.5,27582
2025-07-30 07:00:00,250.5,250.5,250.25,250.45,21717
2025-07-30 07:05:00,250.45,250.45,250.2,250.3,34170
2025-07-30 07:10:00,250.3,250.35,250.2,250.3,34864
2025-07-30 07:15:00,250.25,250.5,250.25,250.4,37462
2025-07-30 07:20:00,250.4,250.5,250.35,250.4,15743
2025-07-30 07:25:00,250.55,250.6,250.35,250.5,27100
2025-07-30 07:30:00,250.5,250.6,250.4,250.4,26250
2025-07-30 07:35:00,250.4,250.7,250.4,250.65,60583
2025-07-30 07:40:00,250.65,250.85,250.6,250.65,61638
2025-07-30 07:45:00,250.65,250.85,250.65,250.8,38286
2025-07-30 07:50:00,250.8,250.9,250.7,250.75,100210
2025-07-30 07:55:00,250.8,250.8,250.4,250.55,100502
2025-07-30 08:00:00,250.55,250.8,250.3,250.7,22444
2025-07-30 08:05:00,250.7,250.75,250.6,250.7,26342
2025-07-30 08:10:00,250.7,250.9,250.65,250.85,33760
2025-07-30 08:15:00,250.85,250.95,250.7,250.75,51963
2025-07-30 08:20:00,250.75,250.8,250.65,250.7,24143
2025-07-30 08:25:00,250.7,250.8,250.65,250.75,22831
2025-07-30 08:30:00,250.75,250.75,250.6,250.65,34326
2025-07-30 08:35:00,250.65,250.85,250.5,250.8,75894
2025-07-30 08:40:00,250.85,250.85,250.6,250.7,19985
2025-07-30 08:45:00,250.7,250.85,250.7,250.85,31988
2025-07-30 08:50:00,250.85,250.95,250.75,250.9,19071
2025-07-30 08:55:00,250.85,251.2,250.8,251.2,61701
2025-07-30 09:00:00,251.15,251.15,250.7,250.8,80924
2025-07-30 09:05:00,250.8,250.95,250.65,250.95,40119
2025-07-30 09:10:00,250.95,250.95,250.75,250.8,120150
2025-07-30 09:15:00,250.75,250.8,250.55,250.6,31852
2025-07-30 09:20:00,250.55,250.7,250.5,250.7,64345
2025-07-30 09:25:00,250.75,250.75,250.55,250.55,54902
2025-07-30 09:30:00,250.55,250.65,250.4,250.65,153951
2025-07-30 09:35:00,250.65,250.65,250.4,250.5,88955
2025-07-30 09:40:00,250.55,250.55,250.3,250.4,93017
2025-07-30 09:45:00,250.45,250.45,250.25,250.45,141209
2025-07-30 09:50:00,250.4,250.5,250.1,250.2,175105
2025-07-30 09:55:00,250.1,250.5,249.2,250.25,454135
2025-07-31 03:45:00,248.1,248.9,246.6,248.25,423346
2025-07-31 03:50:00,248.2,249.1,248.2,249.0,141341
2025-07-31 03:55:00,249.0,249.0,248.45,248.7,111284
2025-07-31 04:00:00,248.65,248.65,248.0,248.2,155665
2025-07-31 04:05:00,248.1,248.2,247.7,248.15,135010
2025-07-31 04:10:00,248.1,248.25,247.65,247.7,97314
2025-07-31 04:15:00,247.75,247.85,247.05,247.15,165042
2025-07-31 04:20:00,247.2,247.4,247.05,247.3,75870
2025-07-31 04:25:00,247.3,247.65,247.3,247.4,58725
2025-07-31 04:30:00,247.35,247.5,246.75,246.75,243300
2025-07-31 04:35:00,246.75,246.85,246.35,246.45,133492
2025-07-31 04:40:00,246.4,246.55,246.15,246.5,121968
2025-07-31 04:45:00,246.55,246.8,246.3,246.55,98924
2025-07-31 04:50:00,246.55,246.7,246.35,246.65,63704
2025-07-31 04:55:00,246.6,246.8,246.45,246.5,68405
2025-07-31 05:00:00,246.6,246.7,246.4,246.4,45537
2025-07-31 05:05:00,246.45,246.6,246.25,246.3,83643
2025-07-31 05:10:00,246.3,246.4,246.2,246.4,61704
2025-07-31 05:15:00,246.45,246.5,246.05,246.25,146599
2025-07-31 05:20:00,246.3,246.6,246.2,246.5,152424
2025-07-31 05:25:00,246.6,246.6,246.1,246.35,97194
2025-07-31 05:30:00,246.35,246.75,246.15,246.7,98757
2025-07-31 05:35:00,246.65,247.2,246.65,246.85,246816
2025-07-31 05:40:00,246.9,247.1,246.65,247.05,54793
2025-07-31 05:45:00,247.05,247.2,246.95,247.2,81289
2025-07-31 05:50:00,247.2,247.65,247.2,247.6,115681
2025-07-31 05:55:00,247.65,247.95,247.55,247.8,82030
2025-07-31 06:00:00,247.8,248.1,247.65,248.05,86853
2025-07-31 06:05:00,248.1,248.1,248.0,248.1,32079
2025-07-31 06:10:00,248.1,248.3,248.05,248.2,62396
2025-07-31 06:15:00,248.1,248.2,247.6,247.95,171787
2025-07-31 06:20:00,247.95,248.05,247.9,248.0,27454
2025-07-31 06:25:00,248.0,248.15,247.9,248.1,23726
2025-07-31 06:30:00,248.1,248.1,248.0,248.0,26753
2025-07-31 06:35:00,248.05,248.1,248.0,248.05,53416
2025-07-31 06:40:00,248.05,248.45,248.0,248.4,64790
2025-07-31 06:45:00,248.4,248.55,248.35,248.45,52529
2025-07-31 06:50:00,248.5,248.6,248.3,248.6,34442
2025-07-31 06:55:00,248.6,248.6,248.4,248.45,36386
2025-07-31 07:00:00,248.4,248.9,248.4,248.9,56108
2025-07-31 07:05:00,248.9,249.2,248.85,249.15,117022
2025-07-31 07:10:00,249.15,249.15,248.6,248.9,66850
2025-07-31 07:15:00,248.9,249.05,248.7,249.05,59905
2025-07-31 07:20:00,249.05,249.15,248.9,249.1,53320
2025-07-31 07:25:00,249.1,249.55,249.05,249.45,58872
2025-07-31 07:30:00,249.45,249.5,249.2,249.4,48854
2025-07-31 07:35:00,249.3,249.45,249.2,249.4,48079
2025-07-31 07:40:00,249.4,249.55,249.2,249.3,125877
2025-07-31 07:45:00,249.3,249.35,249.1,249.2,32584
2025-07-31 07:50:00,249.2,249.2,249.1,249.2,42779
2025-07-31 07:55:00,249.2,249.55,249.0,249.55,148456
2025-07-31 08:00:00,249.55,249.8,249.4,249.8,52126
2025-07-31 08:05:00,249.75,249.8,249.2,249.6,111594
2025-07-31 08:10:00,249.65,249.9,249.55,249.65,60630
2025-07-31 08:15:00,249.65,249.7,249.5,249.6,54661
2025-07-31 08:20:00,249.6,249.65,249.25,249.45,59359
2025-07-31 08:25:00,249.45,249.55,249.05,249.25,40673
2025-07-31 08:30:00,249.25,249.4,249.0,249.25,79057
2025-07-31 08:35:00,249.25,249.75,249.2,249.7,96247
2025-07-31 08:40:00,249.65,250.15,249.6,250.05,151689
2025-07-31 08:45:00,250.0,250.05,249.55,249.7,64064
2025-07-31 08:50:00,249.7,249.75,249.5,249.55,37914
2025-07-31 08:55:00,249.6,249.6,249.1,249.2,48184
2025-07-31 09:00:00,249.1,249.3,248.75,249.0,86939
2025-07-31 09:05:00,249.0,249.4,248.9,249.4,59942
2025-07-31 09:10:00,249.4,249.45,248.9,249.3,76330
2025-07-31 09:15:00,249.3,249.35,249.05,249.1,66487
2025-07-31 09:20:00,249.1,249.15,248.75,248.75,77744
2025-07-31 09:25:00,248.8,248.95,248.45,248.75,97256
2025-07-31 09:30:00,248.6,248.6,248.25,248.35,149337
2025-07-31 09:35:00,248.3,248.35,248.1,248.15,177758
2025-07-31 09:40:00,248.0,248.25,248.0,248.2,175188
2025-07-31 09:45:00,248.2,248.35,248.1,248.35,197282
2025-07-31 09:50:00,248.35,248.5,248.3,248.4,244481
2025-07-31 09:55:00,248.45,248.7,248.25,248.5,180783
2025-08-01 03:45:00,246.5,246.9,245.33,246.15,352407
2025-08-01 03:50:00,246.09,246.39,245.85,246.03,83036
2025-08-01 03:55:00,246.09,246.14,245.52,245.69,90734
2025-08-01 04:00:00,245.6,245.87,245.27,245.75,123822
2025-08-01 04:05:00,245.75,245.95,245.06,245.2,111270
2025-08-01 04:10:00,245.1,245.73,245.1,245.35,79372
2025-08-01 04:15:00,245.39,245.39,245.0,245.18,122712
2025-08-01 04:20:00,245.18,245.43,245.03,245.09,61503
2025-08-01 04:25:00,245.15,245.25,245.0,245.15,86962
2025-08-01 04:30:00,245.16,245.45,245.01,245.37,45634
2025-08-01 04:35:00,245.41,245.44,244.75,244.9,126046
2025-08-01 04:40:00,244.93,245.07,244.85,245.0,37609
2025-08-01 04:45:00,245.0,245.14,244.82,245.13,45772
2025-08-01 04:50:00,245.15,245.35,245.06,245.17,53285
2025-08-01 04:55:00,245.17,245.38,244.99,245.08,41035
2025-08-01 05:00:00,245.08,245.39,245.0,245.26,52011
2025-08-01 05:05:00,245.25,245.36,244.6,244.65,79830
2025-08-01 05:10:00,244.72,244.81,244.25,244.58,88145
2025-08-01 05:15:00,244.58,244.69,244.17,244.29,80448
2025-08-01 05:20:00,244.28,244.29,244.1,244.14,42044
2025-08-01 05:25:00,244.14,244.39,244.0,244.39,58642
2025-08-01 05:30:00,244.39,244.71,244.29,244.55,81152
2025-08-01 05:35:00,244.56,244.56,243.84,243.96,114220
2025-08-01 05:40:00,244.0,244.29,243.87,243.94,65444
2025-08-01 05:45:00,243.97,244.4,243.8,244.03,78210
2025-08-01 05:50:00,244.03,244.22,243.9,243.96,38263
2025-08-01 05:55:00,244.08,244.18,243.7,243.78,59239
2025-08-01 06:00:00,243.87,243.87,243.58,243.72,61466
2025-08-01 06:05:00,243.75,243.9,243.68,243.85,73922
2025-08-01 06:10:00,243.85,243.85,243.42,243.47,95441
2025-08-01 06:15:00,243.49,243.67,243.36,243.6,75412
2025-08-01 06:20:00,243.6,244.09,243.6,243.95,121524
2025-08-01 06:25:00,243.95,244.22,243.75,244.0,91816
2025-08-01 06:30:00,244.0,244.2,243.81,244.0,64162
2025-08-01 06:35:00,244.0,244.35,243.96,244.13,59114
2025-08-01 06:40:00,244.2,244.2,244.07,244.15,53233
2025-08-01 06:45:00,244.14,244.14,244.0,244.09,49603
2025-08-01 06:50:00,244.1,244.34,243.74,243.94,86201
2025-08-01 06:55:00,243.94,243.94,243.5,243.6,85682
2025-08-01 07:00:00,243.56,243.65,243.15,243.25,107626
2025-08-01 07:05:00,243.17,243.25,242.68,242.8,161943
2025-08-01 07:10:00,242.8,242.91,242.22,242.5,138416
2025-08-01 07:15:00,242.55,242.78,242.4,242.6,65780
2025-08-01 07:20:00,242.6,242.86,242.31,242.8,45120
2025-08-01 07:25:00,242.83,242.99,242.7,242.75,57944
2025-08-01 07:30:00,242.73,242.82,242.58,242.76,53212
2025-08-01 07:35:00,242.8,243.11,242.68,243.07,96234
2025-08-01 07:40:00,243.09,243.38,242.81,243.29,56949
2025-08-01 07:45:00,243.27,243.49,243.22,243.35,50246
2025-08-01 07:50:00,243.37,243.48,243.12,243.46,104821
2025-08-01 07:55:00,243.46,243.8,243.33,243.6,121059
2025-08-01 08:00:00,243.6,243.8,243.53,243.58,47780
2025-08-01 08:05:00,243.6,243.66,242.99,243.12,103449
2025-08-01 08:10:00,243.18,243.49,243.0,243.42,92377
2025-08-01 08:15:00,243.49,243.68,243.43,243.6,69257
2025-08-01 08:20:00,243.6,243.63,243.39,243.55,42879
2025-08-01 08:25:00,243.55,243.65,243.09,243.25,62543
2025-08-01 08:30:00,243.25,243.36,243.01,243.1,69929
2025-08-01 08:35:00,243.1,243.25,242.87,243.05,111138
2025-08-01 08:40:00,243.17,243.3,243.01,243.15,52766
2025-08-01 08:45:00,243.14,243.14,242.75,242.78,55173
2025-08-01 08:50:00,242.78,242.86,242.6,242.75,57273
2025-08-01 08:55:00,242.75,242.88,242.55,242.74,62185
2025-08-01 09:00:00,242.68,243.03,242.6,242.9,91078
2025-08-01 09:05:00,242.9,243.28,242.63,243.03,78739
2025-08-01 09:10:00,243.0,243.24,242.9,243.04,100278
2025-08-01 09:15:00,243.02,243.24,242.91,243.16,111368
2025-08-01 09:20:00,243.1,243.2,242.89,243.0,93798
2025-08-01 09:25:00,243.0,243.03,242.76,242.84,114693
2025-08-01 09:30:00,242.84,243.48,242.82,243.07,266328
2025-08-01 09:35:00,243.1,243.25,242.77,242.78,235989
2025-08-01 09:40:00,242.8,242.88,242.55,242.61,274626
2025-08-01 09:45:00,242.61,242.79,242.36,242.7,415248
2025-08-01 09:50:00,242.7,242.88,242.59,242.6,290059
2025-08-01 09:55:00,242.6,242.74,242.2,242.38,258988
2025-08-04 03:45:00,242.75,243.3,241.1,242.75,222752
2025-08-04 03:50:00,242.82,242.82,242.1,242.56,115322
2025-08-04 03:55:00,242.5,243.0,242.24,242.97,73951
2025-08-04 04:00:00,243.0,243.19,241.88,241.95,125244
2025-08-04 04:05:00,241.95,242.41,241.81,241.91,105529
2025-08-04 04:10:00,241.9,242.41,241.75,241.95,50912
2025-08-04 04:15:00,241.9,242.65,241.5,242.65,137034
2025-08-04 04:20:00,242.78,243.08,242.41,242.57,72646
2025-08-04 04:25:00,242.58,242.74,242.44,242.56,34703
2025-08-04 04:30:00,242.56,242.74,241.8,242.7,69773
2025-08-04 04:35:00,242.7,242.95,242.64,242.76,56384
2025-08-04 04:40:00,242.78,243.05,242.67,242.97,42485
2025-08-04 04:45:00,242.95,243.21,242.81,242.99,66821
2025-08-04 04:50:00,242.99,243.12,242.83,243.07,68093
2025-08-04 04:55:00,243.0,243.23,242.55,242.75,94674
2025-08-04 05:00:00,242.76,243.11,242.69,243.1,21555
2025-08-04 05:05:00,243.1,243.65,243.0,243.54,63036
2025-08-04 05:10:00,243.55,243.94,243.52,243.6,66198
2025-08-04 05:15:00,243.68,243.8,243.6,243.72,36390
2025-08-04 05:20:00,243.72,243.88,243.4,243.7,44622
2025-08-04 05:25:00,243.7,243.89,243.5,243.83,31058
2025-08-04 05:30:00,243.82,244.3,243.79,244.23,43275
2025-08-04 05:35:00,244.28,244.3,244.0,244.14,42863
2025-08-04 05:40:00,244.11,244.2,244.08,244.13,25703
2025-08-04 05:45:00,244.12,244.41,244.09,244.15,37300
2025-08-04 05:50:00,244.12,244.4,244.12,244.3,48883
2025-08-04 05:55:00,244.3,244.3,243.63,243.81,63357
2025-08-04 06:00:00,243.8,244.08,243.72,244.05,45166
2025-08-04 06:05:00,244.05,244.08,243.21,243.53,58316
2025-08-04 06:10:00,243.51,243.89,243.47,243.69,30306
2025-08-04 06:15:00,243.69,243.71,243.36,243.5,37273
2025-08-04 06:20:00,243.5,243.71,243.43,243.55,34686
2025-08-04 06:25:00,243.49,243.71,243.41,243.56,28631
2025-08-04 06:30:00,243.54,243.69,242.97,243.34,56989
2025-08-04 06:35:00,243.22,243.38,242.93,243.09,40518
2025-08-04 06:40:00,243.16,243.42,243.1,243.15,25030
2025-08-04 06:45:00,243.2,243.47,243.15,243.43,33077
2025-08-04 06:50:00,243.47,243.6,243.33,243.59,36817
2025-08-04 06:55:00,243.6,243.96,243.5,243.9,35809
2025-08-04 07:00:00,243.86,244.1,243.83,244.09,40590
2025-08-04 07:05:00,243.99,244.1,243.92,244.09,41676
2025-08-04 07:10:00,243.96,244.07,243.66,243.67,81867
2025-08-04 07:15:00,243.75,244.02,243.68,243.84,220614
2025-08-04 07:20:00,243.8,244.01,243.74,243.74,42649
2025-08-04 07:25:00,243.74,244.3,243.74,244.28,63255
2025-08-04 07:30:00,244.3,244.65,244.28,244.64,64931
2025-08-04 07:35:00,244.64,244.75,244.27,244.45,34752
2025-08-04 07:40:00,244.44,245.18,244.41,244.86,90704
2025-08-04 07:45:00,244.92,245.19,244.78,244.82,48711
2025-08-04 07:50:00,244.82,244.88,244.54,244.74,34185
2025-08-04 07:55:00,244.71,244.74,244.2,244.55,51638
2025-08-04 08:00:00,244.56,245.3,244.55,245.22,86914
2025-08-04 08:05:00,245.22,245.22,244.86,245.14,33831
2025-08-04 08:10:00,245.15,245.49,245.02,245.47,87181
2025-08-04 08:15:00,245.47,245.77,245.45,245.6,189012
2025-08-04 08:20:00,245.6,245.75,245.5,245.69,32587
2025-08-04 08:25:00,245.68,245.88,245.6,245.87,24349
2025-08-04 08:30:00,245.87,246.34,245.7,245.9,343088
2025-08-04 08:35:00,245.92,246.42,245.82,246.3,35265
2025-08-04 08:40:00,246.28,246.3,246.0,246.09,27639
2025-08-04 08:45:00,246.09,246.19,246.0,246.06,28333
2025-08-04 08:50:00,246.08,246.2,246.0,246.1,31500
2025-08-04 08:55:00,246.09,246.09,245.85,245.97,33691
2025-08-04 09:00:00,246.0,246.15,245.98,246.1,24678
2025-08-04 09:05:00,246.1,246.1,245.9,246.08,33213
2025-08-04 09:10:00,246.08,246.1,245.9,245.9,32762
2025-08-04 09:15:00,245.9,246.28,245.75,246.08,63191
2025-08-04 09:20:00,246.07,246.26,245.79,245.89,71115
2025-08-04 09:25:00,245.78,245.93,245.62,245.73,52641
2025-08-04 09:30:00,245.69,246.19,245.69,246.08,118420
2025-08-04 09:35:00,246.05,246.28,246.05,246.26,109793
2025-08-04 09:40:00,246.27,246.28,245.83,245.88,148313
2025-08-04 09:45:00,245.87,246.11,245.86,246.05,188572
2025-08-04 09:50:00,246.09,246.29,246.08,246.13,167238
2025-08-04 09:55:00,246.13,246.24,245.71,245.8,130962
2025-08-05 03:45:00,246.05,246.95,244.59,245.64,378459
2025-08-05 03:50:00,245.67,246.04,245.62,245.84,183244
2025-08-05 03:55:00,245.84,246.55,245.81,246.26,96184
2025-08-05 04:00:00,246.22,246.3,245.54,245.64,113280
2025-08-05 04:05:00,245.65,245.74,245.33,245.33,134002
2025-08-05 04:10:00,245.33,245.6,245.17,245.24,91896
2025-08-05 04:15:00,245.17,245.2,244.68,244.95,158352
2025-08-05 04:20:00,244.94,245.1,244.76,244.98,102611
2025-08-05 04:25:00,244.98,245.28,244.85,244.89,106648
2025-08-05 04:30:00,244.97,244.97,244.53,244.77,142481
2025-08-05 04:35:00,244.76,245.38,244.65,245.3,90082
2025-08-05 04:40:00,245.31,245.35,244.8,245.0,86597
2025-08-05 04:45:00,245.0,245.0,244.74,244.9,111369
2025-08-05 04:50:00,244.96,245.0,244.53,245.0,247644
2025-08-05 04:55:00,245.0,245.0,244.6,244.7,84728
2025-08-05 05:00:00,244.72,244.9,244.63,244.9,97643
2025-08-05 05:05:00,244.95,245.3,244.92,245.25,123192
2025-08-05 05:10:00,245.25,245.25,244.68,244.95,92431
2025-08-05 05:15:00,244.95,245.28,244.9,245.28,87898
2025-08-05 05:20:00,245.28,245.7,245.28,245.7,68694
2025-08-05 05:25:00,245.68,245.7,245.52,245.58,51503
2025-08-05 05:30:00,245.61,245.93,245.58,245.69,60418
2025-08-05 05:35:00,245.75,245.87,245.3,245.3,84022
2025-08-05 05:40:00,245.33,245.64,245.3,245.5,69132
2025-08-05 05:45:00,245.48,245.63,245.28,245.57,57173
2025-08-05 05:50:00,245.45,245.57,245.3,245.5,77262
2025-08-05 05:55:00,245.5,245.5,245.19,245.4,79031
2025-08-05 06:00:00,245.4,245.4,245.06,245.16,56113
2025-08-05 06:05:00,245.22,245.5,245.06,245.5,58734
2025-08-05 06:10:00,245.5,245.75,245.38,245.75,61726
2025-08-05 06:15:00,245.75,245.85,245.67,245.73,61650
2025-08-05 06:20:00,245.81,246.12,245.63,245.94,144418
2025-08-05 06:25:00,245.94,246.06,245.66,245.95,66097
2025-08-05 06:30:00,246.01,246.11,245.86,246.1,57008
2025-08-05 06:35:00,246.1,246.2,245.95,246.07,56004
2025-08-05 06:40:00,246.13,246.5,246.01,246.43,124775
2025-08-05 06:45:00,246.45,246.5,246.31,246.35,77806
2025-08-05 06:50:00,246.31,246.35,245.85,245.9,57347
2025-08-05 06:55:00,245.9,246.12,245.71,245.82,91773
2025-08-05 07:00:00,245.91,245.92,245.43,245.6,95120
2025-08-05 07:05:00,245.7,245.96,245.6,245.96,61587
2025-08-05 07:10:00,245.95,246.0,245.81,245.87,57947
2025-08-05 07:15:00,245.89,245.96,245.63,245.71,65063
2025-08-05 07:20:00,245.71,245.73,245.52,245.6,60141
2025-08-05 07:25:00,245.62,245.74,245.5,245.64,63810
2025-08-05 07:30:00,245.64,245.75,245.44,245.59,61873
2025-08-05 07:35:00,245.57,245.6,245.45,245.6,49293
2025-08-05 07:40:00,245.59,245.6,245.35,245.5,78524
2025-08-05 07:45:00,245.55,245.88,245.49,245.72,73369
2025-08-05 07:50:00,245.73,245.84,245.5,245.62,61625
2025-08-05 07:55:00,245.62,245.75,245.51,245.51,62694
2025-08-05 08:00:00,245.51,245.64,245.33,245.62,63537
2025-08-05 08:05:00,245.62,245.75,245.41,245.55,53547
2025-08-05 08:10:00,245.52,245.65,245.52,245.64,48551
2025-08-05 08:15:00,245.64,245.88,245.62,245.86,71355
2025-08-05 08:20:00,245.86,245.87,245.65,245.68,54711
2025-08-05 08:25:00,245.69,245.9,245.65,245.88,49257
2025-08-05 08:30:00,245.88,245.9,245.62,245.71,60162
2025-08-05 08:35:00,245.7,245.74,245.29,245.32,60375
2025-08-05 08:40:00,245.31,245.53,245.21,245.46,55766
2025-08-05 08:45:00,245.46,245.5,245.38,245.5,47365
2025-08-05 08:50:00,245.5,245.67,245.4,245.5,82762
2025-08-05 08:55:00,245.49,245.7,245.4,245.55,99392
2025-08-05 09:00:00,245.54,245.54,245.15,245.4,94333
2025-08-05 09:05:00,245.4,245.92,245.4,245.92,94605
2025-08-05 09:10:00,245.9,245.98,245.8,245.87,71176
2025-08-05 09:15:00,245.86,245.95,245.46,245.69,93796
2025-08-05 09:20:00,245.69,245.93,245.5,245.57,83391
2025-08-05 09:25:00,245.57,245.78,245.41,245.64,83113
2025-08-05 09:30:00,245.64,246.0,245.35,246.0,191366
2025-08-05 09:35:00,245.99,246.5,245.98,246.5,157219
2025-08-05 09:40:00,246.5,246.56,246.33,246.48,189962
2025-08-05 09:45:00,246.5,246.5,245.75,245.91,337991
2025-08-05 09:50:00,245.91,245.99,245.21,245.3,283101
2025-08-05 09:55:00,245.27,245.45,245.23,245.45,176248
2025-08-06 03:45:00,246.0,246.0,243.52,243.65,318115
2025-08-06 03:50:00,243.65,244.2,243.3,243.51,121965
2025-08-06 03:55:00,243.48,243.69,243.07,243.24,112266
2025-08-06 04:00:00,243.24,243.52,243.15,243.36,54412
2025-08-06 04:05:00,243.44,243.44,242.74,242.88,111688
2025-08-06 04:10:00,242.86,243.09,242.69,243.0,85742
2025-08-06 04:15:00,243.0,243.09,242.75,242.9,64560
2025-08-06 04:20:00,242.9,243.78,242.75,243.35,92181
2025-08-06 04:25:00,243.41,243.41,243.08,243.14,50056
2025-08-06 04:30:00,243.14,243.14,242.54,242.71,74473
2025-08-06 04:35:00,242.7,242.99,242.41,242.95,67824
2025-08-06 04:40:00,242.82,242.91,242.55,242.76,35306
2025-08-06 04:45:00,242.76,243.14,242.55,243.02,38533
2025-08-06 04:50:00,243.06,243.23,242.87,242.94,42010
2025-08-06 04:55:00,242.94,242.94,242.48,242.5,51333
2025-08-06 05:00:00,242.5,242.58,241.79,241.95,145953
2025-08-06 05:05:00,241.87,241.95,241.5,241.8,82461
2025-08-06 05:10:00,241.75,241.88,241.5,241.56,32812
2025-08-06 05:15:00,241.55,241.8,241.51,241.6,46867
2025-08-06 05:20:00,241.57,241.6,241.3,241.45,61782
2025-08-06 05:25:00,241.51,241.51,241.2,241.35,57117
2025-08-06 05:30:00,241.34,241.36,241.1,241.22,54722
2025-08-06 05:35:00,241.22,241.22,240.8,240.96,100261
2025-08-06 05:40:00,240.98,241.19,240.7,241.19,106880
2025-08-06 05:45:00,241.2,241.29,240.89,241.19,56803
2025-08-06 05:50:00,241.08,241.19,241.0,241.06,51194
2025-08-06 05:55:00,241.05,241.25,241.0,241.18,39646
2025-08-06 06:00:00,241.19,241.21,240.82,240.87,70741
2025-08-06 06:05:00,240.89,241.14,240.82,240.85,58487
2025-08-06 06:10:00,240.85,240.87,240.56,240.69,60612
2025-08-06 06:15:00,240.69,241.1,240.61,241.1,61482
2025-08-06 06:20:00,241.1,241.22,240.97,241.2,49747
2025-08-06 06:25:00,241.2,241.3,240.71,240.97,57525
2025-08-06 06:30:00,241.0,241.25,240.91,241.15,15178
2025-08-06 06:35:00,241.15,241.25,241.1,241.11,27611
2025-08-06 06:40:00,241.11,241.25,241.0,241.22,37657
2025-08-06 06:45:00,241.24,241.58,241.22,241.44,42015
2025-08-06 06:50:00,241.45,241.85,241.42,241.58,69743
2025-08-06 06:55:00,241.57,241.66,241.41,241.65,49956
2025-08-06 07:00:00,241.65,241.85,241.57,241.79,45376
2025-08-06 07:05:00,241.79,241.85,241.33,241.51,122641
2025-08-06 07:10:00,241.51,241.84,241.42,241.76,81212
2025-08-06 07:15:00,241.77,242.14,241.65,242.07,104820
2025-08-06 07:20:00,242.05,242.1,241.66,241.8,148795
2025-08-06 07:25:00,241.8,242.05,241.8,242.04,75985
2025-08-06 07:30:00,242.01,242.16,242.0,242.12,54105
2025-08-06 07:35:00,242.12,242.12,241.93,242.02,50158
2025-08-06 07:40:00,242.02,242.25,241.98,242.12,46945
2025-08-06 07:45:00,242.14,242.14,241.91,242.0,42381
2025-08-06 07:50:00,242.0,242.13,241.92,241.92,43164
2025-08-06 07:55:00,241.92,242.22,241.88,242.14,58389
2025-08-06 08:00:00,242.14,242.21,242.0,242.05,78619
2025-08-06 08:05:00,242.04,242.15,241.95,242.01,50471
2025-08-06 08:10:00,242.04,242.04,241.2,241.8,125931
2025-08-06 08:15:00,241.8,242.01,241.54,241.69,155086
2025-08-06 08:20:00,241.69,241.69,241.36,241.43,99246
2025-08-06 08:25:00,241.43,241.55,241.34,241.43,168102
2025-08-06 08:30:00,241.43,241.43,240.9,240.96,111679
2025-08-06 08:35:00,240.96,241.16,240.96,241.12,58835
2025-08-06 08:40:00,241.11,241.12,240.85,240.88,78040
2025-08-06 08:45:00,240.9,241.03,240.89,241.03,50982
2025-08-06 08:50:00,241.02,241.09,240.94,241.03,52490
2025-08-06 08:55:00,241.05,241.1,240.7,240.78,67377
2025-08-06 09:00:00,240.79,240.79,240.3,240.43,176955
2025-08-06 09:05:00,240.48,240.56,240.1,240.36,92475
2025-08-06 09:10:00,240.36,240.36,240.01,240.05,146971
2025-08-06 09:15:00,240.03,240.07,239.8,239.88,238629
2025-08-06 09:20:00,239.89,239.9,239.7,239.8,98450
2025-08-06 09:25:00,239.8,240.09,239.61,239.61,291001
2025-08-06 09:30:00,239.7,240.0,239.31,239.85,714973
2025-08-06 09:35:00,239.85,240.3,239.82,240.26,178174
2025-08-06 09:40:00,240.26,240.45,240.12,240.27,202332
2025-08-06 09:45:00,240.23,240.25,239.83,240.0,321988
2025-08-06 09:50:00,240.0,240.17,239.85,240.03,260568
2025-08-06 09:55:00,240.02,240.06,239.75,239.75,246018
2025-08-07 03:45:00,239.11,239.85,239.07,239.45,205883
2025-08-07 03:50:00,239.43,240.0,239.22,240.0,81947
2025-08-07 03:55:00,240.0,241.03,240.0,240.88,159615
2025-08-07 04:00:00,240.88,240.99,240.52,240.81,122840
2025-08-07 04:05:00,240.81,241.58,240.74,241.35,161628
2025-08-07 04:10:00,241.5,241.65,240.98,241.11,114099
2025-08-07 04:15:00,241.18,241.45,241.02,241.35,77871
2025-08-07 04:20:00,241.35,241.35,241.0,241.23,77166
2025-08-07 04:25:00,241.23,241.35,240.42,240.46,226257
2025-08-07 04:30:00,240.49,241.15,240.45,240.91,48232
2025-08-07 04:35:00,240.98,241.0,240.71,240.85,38451
2025-08-07 04:40:00,240.9,241.06,240.72,240.72,30829
2025-08-07 04:45:00,240.72,240.8,240.58,240.75,19808
2025-08-07 04:50:00,240.65,240.75,240.5,240.5,41879
2025-08-07 04:55:00,240.55,240.55,240.0,240.0,114590
2025-08-07 05:00:00,240.06,240.06,239.67,239.71,104918
2025-08-07 05:05:00,239.78,239.96,239.59,239.82,56914
2025-08-07 05:10:00,239.88,240.0,239.69,240.0,43344
2025-08-07 05:15:00,239.93,240.0,239.44,239.78,89504
2025-08-07 05:20:00,239.75,239.95,239.65,239.7,42026
2025-08-07 05:25:00,239.7,239.93,239.68,239.9,25206
2025-08-07 05:30:00,239.87,240.0,239.65,239.8,49081
2025-08-07 05:35:00,239.78,239.78,239.13,239.53,54311
2025-08-07 05:40:00,239.59,239.61,239.41,239.56,16701
2025-08-07 05:45:00,239.56,239.71,239.52,239.68,14832
2025-08-07 05:50:00,239.7,239.86,239.5,239.82,34736
2025-08-07 05:55:00,239.82,239.82,239.62,239.78,19785
2025-08-07 06:00:00,239.76,239.8,239.52,239.63,17522
2025-08-07 06:05:00,239.69,240.0,239.63,239.99,37904
2025-08-07 06:10:00,239.99,240.15,239.79,239.98,43595
2025-08-07 06:15:00,239.98,240.24,239.94,240.05,25512
2025-08-07 06:20:00,240.0,240.13,239.76,239.8,51845
2025-08-07 06:25:00,239.81,239.86,239.51,239.51,27215
2025-08-07 06:30:00,239.55,239.59,239.31,239.4,46922
2025-08-07 06:35:00,239.41,239.41,239.11,239.22,42360
2025-08-07 06:40:00,239.14,239.8,239.13,239.69,49193
2025-08-07 06:45:00,239.68,239.79,239.51,239.51,23434
2025-08-07 06:50:00,239.58,239.59,239.4,239.5,43335
2025-08-07 06:55:00,239.51,239.58,239.4,239.44,30790
2025-08-07 07:00:00,239.55,239.7,239.29,239.45,139090
2025-08-07 07:05:00,239.4,239.95,239.31,239.8,47730
2025-08-07 07:10:00,239.8,239.83,239.4,239.6,68146
2025-08-07 07:15:00,239.6,239.68,239.41,239.45,52104
2025-08-07 07:20:00,239.44,239.56,239.44,239.52,33004
2025-08-07 07:25:00,239.52,239.57,239.43,239.5,26392
2025-08-07 07:30:00,239.46,239.63,239.46,239.58,37466
2025-08-07 07:35:00,239.58,239.58,239.27,239.44,184232
2025-08-07 07:40:00,239.43,239.44,239.13,239.15,102176
2025-08-07 07:45:00,239.23,239.28,239.0,239.27,181108
2025-08-07 07:50:00,239.3,239.3,238.9,238.93,74325
2025-08-07 07:55:00,238.9,239.06,238.62,238.78,158581
2025-08-07 08:00:00,238.71,238.9,238.61,238.85,145599
2025-08-07 08:05:00,238.86,239.0,238.7,238.95,62182
2025-08-07 08:10:00,238.95,239.2,238.77,239.06,83911
2025-08-07 08:15:00,239.12,239.2,238.8,238.89,42772
2025-08-07 08:20:00,238.92,239.0,238.8,238.9,32429
2025-08-07 08:25:00,238.89,239.2,238.85,239.06,43341
2025-08-07 08:30:00,239.11,239.2,238.94,239.2,48895
2025-08-07 08:35:00,239.2,240.0,239.16,239.85,111263
2025-08-07 08:40:00,239.87,240.35,239.81,240.09,96578
2025-08-07 08:45:00,240.09,240.65,240.07,240.55,52094
2025-08-07 08:50:00,240.51,240.9,240.1,240.13,79680
2025-08-07 08:55:00,240.09,240.38,239.9,240.38,59487
2025-08-07 09:00:00,240.37,240.55,240.29,240.55,62591
2025-08-07 09:05:00,240.56,240.85,240.29,240.67,77563
2025-08-07 09:10:00,240.69,241.35,240.53,241.21,104017
2025-08-07 09:15:00,241.26,241.26,240.89,241.19,72676
2025-08-07 09:20:00,241.07,241.75,241.07,241.59,197556
2025-08-07 09:25:00,241.67,241.78,241.28,241.47,80252
2025-08-07 09:30:00,241.65,242.1,241.56,242.07,172008
2025-08-07 09:35:00,242.09,242.43,241.94,242.0,193052
2025-08-07 09:40:00,241.99,242.35,241.86,242.3,165138
2025-08-07 09:45:00,242.28,242.35,242.05,242.17,229389
2025-08-07 09:50:00,242.17,242.9,242.11,242.86,173163
2025-08-07 09:55:00,242.86,243.18,242.8,242.8,187540
2025-08-08 03:45:00,242.4,243.25,241.5,242.45,320255
2025-08-08 03:50:00,242.45,242.57,241.66,241.96,90328
2025-08-08 03:55:00,241.96,241.99,241.37,241.4,76107
2025-08-08 04:00:00,241.4,242.03,241.3,241.59,57626
2025-08-08 04:05:00,241.59,242.04,241.44,241.93,52539
2025-08-08 04:10:00,241.93,241.93,241.35,241.43,36649
2025-08-08 04:15:00,241.42,241.45,241.1,241.32,83424
2025-08-08 04:20:00,241.32,241.46,241.18,241.3,36428
2025-08-08 04:25:00,241.29,241.29,241.0,241.06,47034
2025-08-08 04:30:00,241.06,241.16,240.6,240.7,62346
2025-08-08 04:35:00,240.72,240.81,240.5,240.56,55621
2025-08-08 04:40:00,240.59,240.75,240.3,240.39,30797
2025-08-08 04:45:00,240.38,240.38,240.05,240.35,35220
2025-08-08 04:50:00,240.41,240.41,239.86,240.19,73179
2025-08-08 04:55:00,240.18,240.39,240.06,240.19,49789
2025-08-08 05:00:00,240.17,240.19,239.93,240.07,30865
2025-08-08 05:05:00,240.06,240.19,240.0,240.09,21138
2025-08-08 05:10:00,240.12,240.45,240.1,240.36,35391
2025-08-08 05:15:00,240.36,240.46,240.12,240.13,33679
2025-08-08 05:20:00,240.15,240.3,240.0,240.26,56196
2025-08-08 05:25:00,240.35,240.45,239.98,240.18,39498
2025-08-08 05:30:00,240.26,240.61,240.17,240.42,31315
2025-08-08 05:35:00,240.42,240.42,240.17,240.17,22791
2025-08-08 05:40:00,240.14,240.31,240.09,240.17,27660
2025-08-08 05:45:00,240.15,240.35,240.0,240.3,27727
2025-08-08 05:50:00,240.29,240.36,240.1,240.36,24339
2025-08-08 05:55:00,240.36,240.36,240.29,240.29,19574
2025-08-08 06:00:00,240.28,240.46,240.1,240.42,21931
2025-08-08 06:05:00,240.46,240.76,240.42,240.53,34089
2025-08-08 06:10:00,240.53,240.54,240.35,240.4,12206
2025-08-08 06:15:00,240.4,240.7,240.32,240.43,28180
2025-08-08 06:20:00,240.4,240.54,240.3,240.52,16544
2025-08-08 06:25:00,240.52,240.66,240.15,240.44,37078
2025-08-08 06:30:00,240.5,240.53,240.02,240.08,21098
2025-08-08 06:35:00,240.09,240.18,240.0,240.02,36352
2025-08-08 06:40:00,240.02,240.3,239.96,240.21,29868
2025-08-08 06:45:00,240.29,240.29,240.07,240.12,8650
2025-08-08 06:50:00,240.1,240.2,240.05,240.17,18287
2025-08-08 06:55:00,240.17,240.25,240.0,240.08,26003
2025-08-08 07:00:00,240.08,240.14,240.07,240.14,15926
2025-08-08 07:05:00,240.14,240.4,240.13,240.31,44953
2025-08-08 07:10:00,240.31,240.51,240.28,240.48,24555
2025-08-08 07:15:00,240.47,240.83,240.42,240.69,40541
2025-08-08 07:20:00,240.69,240.9,240.63,240.87,38066
2025-08-08 07:25:00,240.96,241.0,240.6,240.69,47964
2025-08-08 07:30:00,240.69,240.71,240.45,240.7,32522
2025-08-08 07:35:00,240.7,241.04,240.61,240.94,110526
2025-08-08 07:40:00,240.94,240.96,240.8,240.92,79678
2025-08-08 07:45:00,240.92,241.09,240.87,240.92,47515
2025-08-08 07:50:00,240.92,241.0,240.78,240.95,36829
2025-08-08 07:55:00,240.95,241.04,240.81,240.87,28689
2025-08-08 08:00:00,240.87,241.22,240.8,241.22,48871
2025-08-08 08:05:00,241.22,241.39,241.15,241.34,35656
2025-08-08 08:10:00,241.34,241.35,241.2,241.3,39095
2025-08-08 08:15:00,241.29,241.3,240.7,240.9,54102
2025-08-08 08:20:00,240.9,240.98,240.73,240.81,37654
2025-08-08 08:25:00,240.81,240.91,240.76,240.82,35085
2025-08-08 08:30:00,240.82,241.09,240.8,241.0,50535
2025-08-08 08:35:00,240.99,240.99,240.75,240.84,28110
2025-08-08 08:40:00,240.88,240.89,240.25,240.58,166221
2025-08-08 08:45:00,240.58,240.95,240.44,240.65,62033
2025-08-08 08:50:00,240.64,240.71,240.42,240.49,107954
2025-08-08 08:55:00,240.48,240.49,240.4,240.48,30020
2025-08-08 09:00:00,240.48,240.5,240.05,240.3,61560
2025-08-08 09:05:00,240.37,240.5,240.29,240.5,28472
2025-08-08 09:10:00,240.5,240.5,240.35,240.39,41298
2025-08-08 09:15:00,240.39,240.4,239.91,240.2,208919
2025-08-08 09:20:00,240.19,240.2,239.96,240.07,322599
2025-08-08 09:25:00,240.0,240.08,239.97,240.0,101521
2025-08-08 09:30:00,240.0,240.1,239.94,240.0,330356
2025-08-08 09:35:00,240.0,240.11,239.38,239.56,604110
2025-08-08 09:40:00,239.76,239.76,238.4,239.0,1911271
2025-08-08 09:45:00,239.0,239.5,238.42,238.5,1215843
2025-08-08 09:50:00,238.5,238.99,238.49,238.91,685380
2025-08-08 09:55:00,238.88,239.44,238.82,239.33,398726
2025-08-11 03:45:00,239.05,240.63,238.62,240.21,220797
2025-08-11 03:50:00,240.23,240.5,239.94,240.17,93241
2025-08-11 03:55:00,240.17,240.29,239.54,239.64,65149
2025-08-11 04:00:00,239.63,239.69,239.1,239.65,63778
2025-08-11 04:05:00,239.66,239.7,239.24,239.36,31864
2025-08-11 04:10:00,239.42,239.68,239.24,239.49,44261
2025-08-11 04:15:00,239.49,239.5,239.1,239.13,62365
2025-08-11 04:20:00,239.14,239.64,239.08,239.6,41730
2025-08-11 04:25:00,239.69,239.9,239.57,239.8,46804
2025-08-11 04:30:00,239.8,239.9,239.71,239.9,24601
2025-08-11 04:35:00,239.87,239.98,239.47,239.61,28143
2025-08-11 04:40:00,239.5,239.75,239.35,239.65,39117
2025-08-11 04:45:00,239.64,239.84,239.47,239.79,23839
2025-08-11 04:50:00,239.79,240.19,239.6,240.07,38028
2025-08-11 04:55:00,240.07,240.4,240.0,240.36,38466
2025-08-11 05:00:00,240.36,240.6,240.27,240.39,41963
2025-08-11 05:05:00,240.39,240.39,240.26,240.37,21988
2025-08-11 05:10:00,240.37,240.57,240.36,240.56,16388
2025-08-11 05:15:00,240.55,240.79,240.45,240.57,42417
2025-08-11 05:20:00,240.56,240.69,240.48,240.65,21950
2025-08-11 05:25:00,240.66,240.7,240.43,240.5,28801
2025-08-11 05:30:00,240.54,240.7,240.51,240.68,17032
2025-08-11 05:35:00,240.65,241.0,240.65,240.84,84226
2025-08-11 05:40:00,240.84,240.86,240.31,240.5,42133
2025-08-11 05:45:00,240.56,240.9,240.38,240.85,53754
2025-08-11 05:50:00,240.87,241.0,240.79,240.91,27401
2025-08-11 05:55:00,240.96,241.0,240.81,241.0,19053
2025-08-11 06:00:00,240.97,241.13,240.71,240.81,32525
2025-08-11 06:05:00,240.73,240.73,240.47,240.57,46801
2025-08-11 06:10:00,240.57,240.58,240.29,240.34,18652
2025-08-11 06:15:00,240.34,240.5,240.28,240.37,27032
2025-08-11 06:20:00,240.25,240.36,240.15,240.32,25467
2025-08-11 06:25:00,240.34,240.57,240.32,240.55,20025
2025-08-11 06:30:00,240.55,240.81,240.51,240.68,24950
2025-08-11 06:35:00,240.68,240.89,240.52,240.86,22852
2025-08-11 06:40:00,240.85,241.0,240.72,240.98,27325
2025-08-11 06:45:00,240.98,241.0,240.76,240.76,13159
2025-08-11 06:50:00,240.79,240.97,240.71,240.97,15386
2025-08-11 06:55:00,240.96,240.99,240.7,240.77,12193
2025-08-11 07:00:00,240.78,240.8,240.48,240.6,14223
2025-08-11 07:05:00,240.52,240.95,240.51,240.89,9870
2025-08-11 07:10:00,240.93,241.0,240.84,240.95,9952
2025-08-11 07:15:00,240.95,241.0,240.75,240.77,15539
2025-08-11 07:20:00,240.82,241.0,240.72,240.95,9873
2025-08-11 07:25:00,240.99,241.0,240.8,240.88,13213
2025-08-11 07:30:00,240.9,241.37,240.84,240.96,38650
2025-08-11 07:35:00,240.97,241.05,240.81,240.88,12709
2025-08-11 07:40:00,240.88,240.95,240.6,240.88,16013
2025-08-11 07:45:00,240.88,240.99,240.83,240.9,8185
2025-08-11 07:50:00,240.94,241.1,240.81,240.97,19838
2025-08-11 07:55:00,240.97,241.18,240.9,241.0,31935
2025-08-11 08:00:00,241.0,241.1,240.91,240.98,13060
2025-08-11 08:05:00,241.0,241.0,240.91,240.99,10143
2025-08-11 08:10:00,241.0,241.07,240.8,240.87,39472
2025-08-11 08:15:00,240.92,241.03,240.74,240.97,31880
2025-08-11 08:20:00,241.01,241.3,240.9,241.29,33542
2025-08-11 08:25:00,241.3,241.38,241.17,241.33,23144
2025-08-11 08:30:00,241.31,241.38,241.26,241.34,13363
2025-08-11 08:35:00,241.34,241.35,241.15,241.2,21360
2025-08-11 08:40:00,241.23,241.32,241.1,241.25,11589
2025-08-11 08:45:00,241.25,241.4,241.06,241.24,18769
2025-08-11 08:50:00,241.22,241.22,240.92,241.09,24087
2025-08-11 08:55:00,241.2,241.3,241.04,241.29,15911
2025-08-11 09:00:00,241.29,241.5,241.26,241.39,27685
2025-08-11 09:05:00,241.4,241.65,241.29,241.5,34302
2025-08-11 09:10:00,241.5,241.51,241.27,241.34,20233
2025-08-11 09:15:00,241.34,241.71,241.29,241.5,39587
2025-08-11 09:20:00,241.62,241.68,241.5,241.66,21986
2025-08-11 09:25:00,241.66,241.71,241.56,241.62,43609
2025-08-11 09:30:00,241.69,241.93,241.54,241.75,107907
2025-08-11 09:35:00,241.7,241.79,241.58,241.67,76597
2025-08-11 09:40:00,241.67,241.74,241.48,241.6,83886
2025-08-11 09:45:00,241.57,241.64,241.39,241.5,129341
2025-08-11 09:50:00,241.58,241.76,241.32,241.45,151332
2025-08-11 09:55:00,241.5,244.75,241.0,241.5,284533
2025-08-12 03:45:00,242.7,243.9,242.12,243.34,369196
2025-08-12 03:50:00,243.34,243.45,242.91,243.41,186218
2025-08-12 03:55:00,243.41,244.25,243.41,244.2,160501
2025-08-12 04:00:00,244.2,244.87,244.07,244.7,162732
2025-08-12 04:05:00,244.79,244.97,244.51,244.64,152454
2025-08-12 04:10:00,244.7,245.4,244.41,245.32,195938
2025-08-12 04:15:00,245.3,245.87,245.18,245.69,295512
2025-08-12 04:20:00,245.8,246.2,245.66,246.0,265709
2025-08-12 04:25:00,246.0,246.29,245.76,245.95,199494
2025-08-12 04:30:00,245.99,246.17,245.76,245.92,133915
2025-08-12 04:35:00,245.92,246.1,245.5,245.75,163158
2025-08-12 04:40:00,245.75,245.79,244.89,245.01,192193
2025-08-12 04:45:00,245.01,245.17,244.22,244.3,209089
2025-08-12 04:50:00,244.35,244.97,244.22,244.66,210000
2025-08-12 04:55:00,244.59,244.59,243.85,243.88,120309
2025-08-12 05:00:00,243.71,243.87,243.22,243.4,171848
2025-08-12 05:05:00,243.37,243.89,243.25,243.66,108999
2025-08-12 05:10:00,243.58,243.69,243.1,243.1,92372
2025-08-12 05:15:00,243.11,243.2,242.91,243.0,117135
2025-08-12 05:20:00,242.95,243.27,242.95,243.03,80835
2025-08-12 05:25:00,242.96,243.57,242.96,243.17,82029
2025-08-12 05:30:00,243.18,243.29,243.03,243.17,67729
2025-08-12 05:35:00,243.17,243.2,242.97,243.1,73568
2025-08-12 05:40:00,243.12,243.4,243.07,243.25,32716
2025-08-12 05:45:00,243.24,243.6,243.12,243.35,113931
2025-08-12 05:50:00,243.34,243.49,243.2,243.27,97659
2025-08-12 05:55:00,243.3,243.43,243.1,243.19,46569
2025-08-12 06:00:00,243.18,243.29,242.7,242.95,95736
2025-08-12 06:05:00,242.96,243.25,242.91,243.12,34378
2025-08-12 06:10:00,243.11,243.18,242.77,242.9,35035
2025-08-12 06:15:00,242.89,242.9,242.6,242.68,48136
2025-08-12 06:20:00,242.72,242.99,242.58,242.88,54995
2025-08-12 06:25:00,242.87,243.09,242.85,243.07,38383
2025-08-12 06:30:00,243.07,243.11,242.83,242.95,42251
2025-08-12 06:35:00,242.95,243.01,242.81,242.89,42631
2025-08-12 06:40:00,242.99,243.09,242.83,243.0,44269
2025-08-12 06:45:00,242.99,243.14,242.8,243.12,47693
2025-08-12 06:50:00,243.12,243.29,243.01,243.26,51584
2025-08-12 06:55:00,243.27,243.29,243.02,243.03,34704
2025-08-12 07:00:00,243.06,243.24,242.92,242.93,61950
2025-08-12 07:05:00,243.0,243.33,242.93,243.23,50572
2025-08-12 07:10:00,243.33,243.33,243.04,243.19,65132
2025-08-12 07:15:00,243.2,243.29,242.99,243.06,65342
2025-08-12 07:20:00,243.04,243.12,242.8,242.88,45470
2025-08-12 07:25:00,242.92,242.95,242.7,242.78,29374
2025-08-12 07:30:00,242.82,242.97,242.7,242.85,51460
2025-08-12 07:35:00,242.86,242.97,242.75,242.87,73389
2025-08-12 07:40:00,242.85,242.92,242.72,242.78,34881
2025-08-12 07:45:00,242.75,242.77,242.5,242.58,53406
2025-08-12 07:50:00,242.58,242.9,242.54,242.81,47493
2025-08-12 07:55:00,242.8,242.83,242.5,242.65,48502
2025-08-12 08:00:00,242.64,242.69,242.39,242.65,46484
2025-08-12 08:05:00,242.66,242.77,242.55,242.74,28558
2025-08-12 08:10:00,242.7,242.75,242.5,242.55,48485
2025-08-12 08:15:00,242.55,242.75,242.49,242.55,38365
2025-08-12 08:20:00,242.55,242.64,242.44,242.57,47794
2025-08-12 08:25:00,242.53,242.74,242.3,242.69,64555
2025-08-12 08:30:00,242.65,242.66,242.3,242.3,57396
2025-08-12 08:35:00,242.33,242.39,242.13,242.13,57033
2025-08-12 08:40:00,242.18,242.29,241.87,242.25,89657
2025-08-12 08:45:00,242.24,242.38,242.0,242.26,75140
2025-08-12 08:50:00,242.21,242.33,242.11,242.15,36226
2025-08-12 08:55:00,242.17,242.52,242.15,242.41,103943
2025-08-12 09:00:00,242.44,242.44,242.14,242.2,43544
2025-08-12 09:05:00,242.22,242.48,242.16,242.4,86230
2025-08-12 09:10:00,242.4,242.4,242.02,242.08,133053
2025-08-12 09:15:00,242.18,242.25,241.85,242.04,127373
2025-08-12 09:20:00,242.06,242.06,241.75,241.85,110325
2025-08-12 09:25:00,241.86,242.19,241.8,242.18,440281
2025-08-12 09:30:00,242.18,242.2,241.56,241.75,168867
2025-08-12 09:35:00,241.77,241.95,241.75,241.85,147132
2025-08-12 09:40:00,241.85,241.93,241.66,241.82,163294
2025-08-12 09:45:00,241.82,241.89,241.38,241.78,308221
2025-08-12 09:50:00,241.77,241.86,241.5,241.72,208080
2025-08-12 09:55:00,241.71,241.72,241.1,241.3,167969
2025-08-13 03:45:00,242.89,242.89,240.8,241.15,340264
2025-08-13 03:50:00,241.15,241.42,240.6,240.98,117906
2025-08-13 03:55:00,240.95,240.97,240.2,240.35,161031
2025-08-13 04:00:00,240.36,241.2,240.31,241.2,164062
2025-08-13 04:05:00,241.13,241.25,240.73,240.86,349062
2025-08-13 04:10:00,240.86,241.15,240.85,241.06,48952
2025-08-13 04:15:00,241.06,241.88,241.01,241.85,115268
2025-08-13 04:20:00,241.89,241.9,241.2,241.25,65915
2025-08-13 04:25:00,241.28,241.6,241.1,241.47,88025
2025-08-13 04:30:00,241.47,241.65,241.06,241.19,86070
2025-08-13 04:35:00,241.19,241.29,240.91,241.25,96571
2025-08-13 04:40:00,241.25,241.25,240.82,240.9,52108
2025-08-13 04:45:00,240.86,241.28,240.86,241.03,43955
2025-08-13 04:50:00,241.03,241.18,240.85,240.93,67171
2025-08-13 04:55:00,240.85,241.37,240.77,241.2,91292
2025-08-13 05:00:00,241.18,241.19,240.91,240.99,51128
2025-08-13 05:05:00,240.99,241.11,240.86,240.95,47189
2025-08-13 05:10:00,240.91,241.0,240.76,240.8,43862
2025-08-13 05:15:00,240.86,241.35,240.8,240.96,73245
2025-08-13 05:20:00,240.98,241.17,240.9,241.15,34036
2025-08-13 05:25:00,241.15,241.15,240.78,240.86,43192
2025-08-13 05:30:00,240.86,241.1,240.84,241.0,54107
2025-08-13 05:35:00,241.0,241.07,240.83,241.02,54643
2025-08-13 05:40:00,241.02,241.15,240.8,241.09,56340
2025-08-13 05:45:00,241.04,241.14,240.89,240.92,32254
2025-08-13 05:50:00,240.91,241.0,240.85,241.0,30343
2025-08-13 05:55:00,241.0,241.15,241.0,241.14,40962
2025-08-13 06:00:00,241.14,241.14,241.01,241.1,30778
2025-08-13 06:05:00,241.13,241.3,241.0,241.08,53025
2025-08-13 06:10:00,241.07,241.08,240.56,240.56,63019
2025-08-13 06:15:00,240.67,240.68,240.42,240.53,60355
2025-08-13 06:20:00,240.55,240.68,240.36,240.63,74205
2025-08-13 06:25:00,240.52,240.65,240.28,240.3,49411
2025-08-13 06:30:00,240.24,240.49,240.12,240.31,83566
2025-08-13 06:35:00,240.43,240.55,240.29,240.43,54546
2025-08-13 06:40:00,240.44,240.65,240.25,240.58,38225
2025-08-13 06:45:00,240.61,240.94,240.48,240.89,53734
2025-08-13 06:50:00,240.87,241.21,240.68,240.82,69861
2025-08-13 06:55:00,240.82,241.1,240.8,241.1,27125
2025-08-13 07:00:00,241.1,241.49,241.06,241.45,74328
2025-08-13 07:05:00,241.44,241.55,241.3,241.52,46432
2025-08-13 07:10:00,241.52,241.75,241.52,241.75,55339
2025-08-13 07:15:00,241.75,241.75,241.5,241.74,31470
2025-08-13 07:20:00,241.74,241.75,241.59,241.75,41036
2025-08-13 07:25:00,241.75,241.84,241.62,241.69,49412
2025-08-13 07:30:00,241.69,242.2,241.61,242.16,94477
2025-08-13 07:35:00,242.18,242.2,242.03,242.09,36179
2025-08-13 07:40:00,242.09,242.1,241.7,241.92,59448
2025-08-13 07:45:00,241.92,241.93,241.7,241.72,35842
2025-08-13 07:50:00,241.72,241.75,241.5,241.74,44652
2025-08-13 07:55:00,241.75,241.84,241.67,241.7,40476
2025-08-13 08:00:00,241.74,241.89,241.39,241.74,41144
2025-08-13 08:05:00,241.77,241.95,241.66,241.91,33272
2025-08-13 08:10:00,241.9,241.97,241.51,241.85,46495
2025-08-13 08:15:00,241.85,241.98,241.72,241.98,29830
2025-08-13 08:20:00,241.97,242.25,241.95,242.17,50977
2025-08-13 08:25:00,242.18,242.18,242.0,242.12,49980
2025-08-13 08:30:00,242.1,242.49,242.05,242.45,92505
2025-08-13 08:35:00,242.48,242.5,242.28,242.33,81902
2025-08-13 08:40:00,242.33,242.5,242.15,242.47,64537
2025-08-13 08:45:00,242.48,242.58,242.25,242.33,75757
2025-08-13 08:50:00,242.33,242.4,242.1,242.39,54261
2025-08-13 08:55:00,242.36,242.39,242.04,242.24,68949
2025-08-13 09:00:00,242.25,242.34,242.22,242.33,54131
2025-08-13 09:05:00,242.32,242.34,242.1,242.29,65928
2025-08-13 09:10:00,242.29,242.32,242.12,242.22,50367
2025-08-13 09:15:00,242.22,242.22,242.0,242.05,60569
2025-08-13 09:20:00,242.05,242.14,241.9,242.04,63517
2025-08-13 09:25:00,242.06,242.12,242.02,242.09,45961
2025-08-13 09:30:00,242.08,242.08,241.69,241.76,138206
2025-08-13 09:35:00,241.76,241.87,241.63,241.74,172402
2025-08-13 09:40:00,241.78,241.82,241.59,241.6,166832
2025-08-13 09:45:00,241.6,241.73,241.5,241.73,179996
2025-08-13 09:50:00,241.71,241.72,241.47,241.5,282083
2025-08-13 09:55:00,241.5,241.7,241.14,241.55,134025
2025-08-14 03:45:00,243.1,244.7,242.41,244.58,481186
2025-08-14 03:50:00,244.59,244.6,243.39,243.6,230865
2025-08-14 03:55:00,243.6,243.6,243.11,243.34,118496
2025-08-14 04:00:00,243.41,243.95,243.35,243.41,134056
2025-08-14 04:05:00,243.4,244.03,243.22,244.0,143204
2025-08-14 04:10:00,244.14,244.59,243.66,244.39,179045
2025-08-14 04:15:00,244.44,244.68,244.22,244.63,130782
2025-08-14 04:20:00,244.67,244.9,244.2,244.47,156438
2025-08-14 04:25:00,244.42,244.78,244.38,244.5,91215
2025-08-14 04:30:00,244.5,245.19,244.4,245.03,181578
2025-08-14 04:35:00,245.04,245.35,244.87,245.18,157469
2025-08-14 04:40:00,245.15,245.5,244.83,245.22,159144
2025-08-14 04:45:00,245.18,245.39,245.01,245.3,102400
2025-08-14 04:50:00,245.27,245.5,245.0,245.12,127253
2025-08-14 04:55:00,245.1,245.71,244.91,245.51,177268
2025-08-14 05:00:00,245.51,246.77,245.51,246.69,333022
2025-08-14 05:05:00,246.55,246.84,246.24,246.51,215509
2025-08-14 05:10:00,246.51,247.22,245.86,247.15,268005
2025-08-14 05:15:00,247.15,247.25,246.61,246.84,178507
2025-08-14 05:20:00,246.85,247.15,246.53,247.04,145500
2025-08-14 05:25:00,247.1,247.1,246.52,246.8,108648
2025-08-14 05:30:00,246.83,247.3,246.71,247.3,114508
2025-08-14 05:35:00,247.25,248.26,247.15,248.25,683780
2025-08-14 05:40:00,248.32,248.43,247.52,247.77,289656
2025-08-14 05:45:00,247.77,247.8,247.32,247.79,121608
2025-08-14 05:50:00,247.79,248.17,247.24,247.35,163771
2025-08-14 05:55:00,247.35,247.5,247.11,247.48,195101
2025-08-14 06:00:00,247.49,247.9,247.25,247.67,96670
2025-08-14 06:05:00,247.76,248.2,247.67,247.89,206257
2025-08-14 06:10:00,247.89,248.05,247.3,247.61,180369
2025-08-14 06:15:00,247.61,247.73,247.3,247.47,117533
2025-08-14 06:20:00,247.35,247.5,246.8,247.45,276686
2025-08-14 06:25:00,247.5,247.55,246.9,247.14,128166
2025-08-14 06:30:00,247.1,247.44,247.0,247.01,142662
2025-08-14 06:35:00,247.04,247.35,246.95,247.33,128872
2025-08-14 06:40:00,247.33,247.36,246.99,247.0,149782
2025-08-14 06:45:00,247.0,247.05,246.43,246.65,192734
2025-08-14 06:50:00,246.6,246.8,246.5,246.78,136455
2025-08-14 06:55:00,246.73,247.46,246.65,247.16,195789
2025-08-14 07:00:00,247.2,247.42,247.05,247.28,105861
2025-08-14 07:05:00,247.24,247.44,247.05,247.19,102577
2025-08-14 07:10:00,247.07,247.2,246.8,247.05,102526
2025-08-14 07:15:00,247.06,247.09,246.86,247.08,97620
2025-08-14 07:20:00,247.04,247.29,247.03,247.13,101430
2025-08-14 07:25:00,247.13,247.34,247.07,247.28,108626
2025-08-14 07:30:00,247.28,247.3,247.01,247.29,90236
2025-08-14 07:35:00,247.2,247.45,247.15,247.34,119966
2025-08-14 07:40:00,247.36,247.5,247.0,247.09,138651
2025-08-14 07:45:00,247.18,247.25,246.78,246.92,210013
2025-08-14 07:50:00,246.92,246.96,246.7,246.94,122080
2025-08-14 07:55:00,246.95,247.2,246.86,247.07,99503
2025-08-14 08:00:00,247.1,247.2,246.89,247.09,119480
2025-08-14 08:05:00,247.09,247.35,246.98,247.29,162364
2025-08-14 08:10:00,247.24,247.36,247.01,247.25,106586
2025-08-14 08:15:00,247.24,247.3,247.02,247.26,107759
2025-08-14 08:20:00,247.26,247.65,247.21,247.59,134408
2025-08-14 08:25:00,247.55,247.7,247.45,247.57,124421
2025-08-14 08:30:00,247.57,247.57,247.04,247.05,117755
2025-08-14 08:35:00,247.1,247.49,246.9,247.42,157772
2025-08-14 08:40:00,247.42,247.5,247.19,247.48,108202
2025-08-14 08:45:00,247.48,247.67,247.3,247.42,122298
2025-08-14 08:50:00,247.42,247.54,247.11,247.21,97795
2025-08-14 08:55:00,247.25,247.44,247.21,247.39,88976
2025-08-14 09:00:00,247.34,247.65,247.08,247.64,150975
2025-08-14 09:05:00,247.65,247.75,247.12,247.37,133726
2025-08-14 09:10:00,247.34,247.45,247.14,247.21,121880
2025-08-14 09:15:00,247.21,247.6,247.21,247.45,164379
2025-08-14 09:20:00,247.34,247.5,247.25,247.43,118542
2025-08-14 09:25:00,247.45,247.5,247.02,247.2,217052
2025-08-14 09:30:00,247.21,247.33,246.91,247.01,250297
2025-08-14 09:35:00,247.0,247.03,246.72,246.8,243166
2025-08-14 09:40:00,246.86,247.08,246.69,246.91,332715
2025-08-14 09:45:00,246.89,246.92,246.58,246.78,385463
2025-08-14 09:50:00,246.78,246.83,246.3,246.65,366296
2025-08-14 09:55:00,246.65,246.8,246.3,246.7,177228
2025-08-18 03:45:00,248.64,248.85,246.32,246.51,310992
2025-08-18 03:50:00,246.51,246.81,246.15,246.65,140202
2025-08-18 03:55:00,246.59,247.27,246.33,247.17,131208
2025-08-18 04:00:00,247.17,247.41,247.01,247.13,110255
2025-08-18 04:05:00,246.75,247.17,246.71,247.17,105067
2025-08-18 04:10:00,247.17,247.39,247.1,247.37,68157
2025-08-18 04:15:00,247.37,247.9,247.3,247.7,118223
2025-08-18 04:20:00,247.72,247.95,247.49,247.63,66916
2025-08-18 04:25:00,247.61,248.38,247.61,248.18,223604
2025-08-18 04:30:00,248.21,249.01,248.2,248.44,415200
2025-08-18 04:35:00,248.42,248.51,248.1,248.23,86645
2025-08-18 04:40:00,248.18,248.35,247.88,247.93,110264
2025-08-18 04:45:00,247.93,248.0,247.75,247.87,62510
2025-08-18 04:50:00,247.87,247.91,247.43,247.54,50457
2025-08-18 04:55:00,247.5,247.64,247.34,247.44,42992
2025-08-18 05:00:00,247.44,247.45,247.13,247.2,60991
2025-08-18 05:05:00,247.2,247.28,247.04,247.22,39737
2025-08-18 05:10:00,247.13,247.67,247.11,247.58,69680
2025-08-18 05:15:00,247.55,247.56,246.85,246.96,109935
2025-08-18 05:20:00,246.91,246.91,246.6,246.63,54721
2025-08-18 05:25:00,246.67,246.73,246.58,246.67,43148
2025-08-18 05:30:00,246.56,246.69,246.34,246.43,44380
2025-08-18 05:35:00,246.43,246.63,246.35,246.56,45410
2025-08-18 05:40:00,246.6,246.96,246.55,246.86,54268
2025-08-18 05:45:00,246.93,247.18,246.75,246.75,75227
2025-08-18 05:50:00,246.78,246.99,246.64,246.96,27258
2025-08-18 05:55:00,246.96,246.99,246.75,246.81,34827
2025-08-18 06:00:00,246.81,246.85,246.45,246.53,36315
2025-08-18 06:05:00,246.6,246.78,246.51,246.77,36069
2025-08-18 06:10:00,246.74,246.9,246.58,246.9,31538
2025-08-18 06:15:00,246.85,246.9,246.4,246.46,43158
2025-08-18 06:20:00,246.46,246.46,246.04,246.1,58748
2025-08-18 06:25:00,246.11,246.22,245.72,245.88,73070
2025-08-18 06:30:00,245.91,245.91,245.24,245.3,64670
2025-08-18 06:35:00,245.25,245.39,244.76,244.96,108189
2025-08-18 06:40:00,244.96,245.18,244.86,244.98,66333
2025-08-18 06:45:00,244.98,245.4,244.96,245.38,55441
2025-08-18 06:50:00,245.39,245.4,245.2,245.31,33799
2025-08-18 06:55:00,245.24,245.43,245.18,245.2,47340
2025-08-18 07:00:00,245.25,245.3,245.05,245.25,38974
2025-08-18 07:05:00,245.25,245.42,245.13,245.32,38119
2025-08-18 07:10:00,245.35,245.75,245.14,245.75,29040
2025-08-18 07:15:00,245.75,245.75,245.52,245.7,47353
2025-08-18 07:20:00,245.67,245.98,245.55,245.8,55739
2025-08-18 07:25:00,245.94,245.94,245.68,245.71,46785
2025-08-18 07:30:00,245.82,245.92,245.69,245.88,30754
2025-08-18 07:35:00,245.88,246.3,245.87,246.22,57616
2025-08-18 07:40:00,246.29,246.45,246.06,246.11,58061
2025-08-18 07:45:00,246.11,246.6,246.11,246.48,38141
2025-08-18 07:50:00,246.48,246.87,246.41,246.6,67679
2025-08-18 07:55:00,246.75,247.0,246.6,246.85,37916
2025-08-18 08:00:00,246.84,246.93,246.59,246.69,32937
2025-08-18 08:05:00,246.67,246.7,246.31,246.46,51794
2025-08-18 08:10:00,246.47,246.64,246.25,246.55,66627
2025-08-18 08:15:00,246.54,246.54,246.23,246.44,35985
2025-08-18 08:20:00,246.45,246.48,246.21,246.26,57022
2025-08-18 08:25:00,246.25,246.4,246.16,246.4,32964
2025-08-18 08:30:00,246.4,246.5,246.18,246.5,59208
2025-08-18 08:35:00,246.53,246.68,246.37,246.68,34564
2025-08-18 08:40:00,246.68,246.69,246.06,246.25,245905
2025-08-18 08:45:00,246.32,246.38,246.2,246.29,31921
2025-08-18 08:50:00,246.29,246.34,246.15,246.19,28717
2025-08-18 08:55:00,246.19,246.31,246.04,246.25,26928
2025-08-18 09:00:00,246.28,246.28,246.06,246.12,35538
2025-08-18 09:05:00,246.12,246.16,246.0,246.11,39022
2025-08-18 09:10:00,246.11,246.17,246.02,246.04,23770
2025-08-18 09:15:00,246.04,246.1,245.84,246.0,52540
2025-08-18 09:20:00,246.0,246.14,245.85,245.95,45525
2025-08-18 09:25:00,245.94,246.02,245.82,245.99,90000
2025-08-18 09:30:00,245.99,245.99,245.22,245.38,142780
2025-08-18 09:35:00,245.38,245.39,245.16,245.35,111536
2025-08-18 09:40:00,245.32,245.41,245.14,245.41,117646
2025-08-18 09:45:00,245.36,245.43,245.0,245.24,175148
2025-08-18 09:50:00,245.24,245.25,244.85,244.89,191784
2025-08-18 09:55:00,244.91,245.6,244.89,245.6,155113
2025-08-19 03:45:00,245.46,246.27,245.22,246.05,197939
2025-08-19 03:50:00,246.15,246.52,245.98,246.45,114113
2025-08-19 03:55:00,246.45,246.48,245.99,246.08,99936
2025-08-19 04:00:00,246.08,246.12,245.11,245.22,98499
2025-08-19 04:05:00,245.24,245.24,244.78,245.21,81021
2025-08-19 04:10:00,245.25,245.33,244.9,244.9,62229
2025-08-19 04:15:00,245.0,245.08,244.81,245.06,102806
2025-08-19 04:20:00,245.06,245.47,245.01,245.33,117963
2025-08-19 04:25:00,245.33,245.67,245.25,245.65,50871
2025-08-19 04:30:00,245.58,245.75,245.44,245.52,48532
2025-08-19 04:35:00,245.52,245.75,245.5,245.66,28404
2025-08-19 04:40:00,245.73,246.0,245.66,246.0,39591
2025-08-19 04:45:00,246.0,246.2,245.74,246.2,51792
2025-08-19 04:50:00,246.2,246.3,246.13,246.2,30900
2025-08-19 04:55:00,246.24,246.26,246.03,246.13,25713
2025-08-19 05:00:00,246.15,246.15,246.0,246.14,30377
2025-08-19 05:05:00,246.13,246.13,245.83,245.9,23209
2025-08-19 05:10:00,245.9,246.11,245.85,246.1,20228
2025-08-19 05:15:00,246.12,246.2,245.84,246.09,28772
2025-08-19 05:20:00,246.09,246.17,245.96,246.08,20133
2025-08-19 05:25:00,246.09,246.22,245.94,246.15,49828
2025-08-19 05:30:00,246.15,246.6,246.08,246.34,74663
2025-08-19 05:35:00,246.34,246.79,246.16,246.58,74761
2025-08-19 05:40:00,246.59,246.59,246.17,246.29,27206
2025-08-19 05:45:00,246.28,246.28,246.05,246.13,16886
2025-08-19 05:50:00,246.13,246.65,246.11,246.54,45501
2025-08-19 05:55:00,246.51,246.53,246.31,246.41,20455
2025-08-19 06:00:00,246.45,246.65,246.28,246.64,30626
2025-08-19 06:05:00,246.64,246.65,246.4,246.65,41318
2025-08-19 06:10:00,246.65,246.85,246.58,246.8,35438
2025-08-19 06:15:00,246.77,246.99,246.5,246.95,78971
2025-08-19 06:20:00,246.95,246.97,246.75,246.83,39461
2025-08-19 06:25:00,246.83,247.08,246.79,246.95,78431
2025-08-19 06:30:00,246.95,247.2,246.91,247.02,83250
2025-08-19 06:35:00,247.02,247.2,247.02,247.1,35830
2025-08-19 06:40:00,247.1,247.1,246.75,246.93,131454
2025-08-19 06:45:00,246.9,247.16,246.82,247.09,21932
2025-08-19 06:50:00,247.02,247.2,247.0,247.09,32537
2025-08-19 06:55:00,247.08,247.15,246.91,247.07,45601
2025-08-19 07:00:00,247.07,247.15,246.91,247.0,41714
2025-08-19 07:05:00,246.98,247.12,246.87,246.98,27928
2025-08-19 07:10:00,246.98,247.02,246.76,246.92,30773
2025-08-19 07:15:00,246.92,246.93,246.73,246.76,26429
2025-08-19 07:20:00,246.77,246.9,246.57,246.85,26992
2025-08-19 07:25:00,246.88,247.1,246.83,247.09,23677
2025-08-19 07:30:00,247.1,247.1,247.02,247.07,29504
2025-08-19 07:35:00,247.07,247.25,247.01,247.15,71713
2025-08-19 07:40:00,247.1,247.23,247.03,247.23,29097
2025-08-19 07:45:00,247.24,247.5,247.22,247.41,67530
2025-08-19 07:50:00,247.49,247.49,247.14,247.29,43979
2025-08-19 07:55:00,247.29,247.39,247.04,247.39,28180
2025-08-19 08:00:00,247.39,247.5,247.09,247.14,42493
2025-08-19 08:05:00,247.2,247.3,247.14,247.25,18509
2025-08-19 08:10:00,247.25,247.28,247.04,247.23,33281
2025-08-19 08:15:00,247.23,247.32,247.1,247.16,33063
2025-08-19 08:20:00,247.2,247.23,246.88,247.08,58270
2025-08-19 08:25:00,247.05,247.14,247.0,247.01,24868
2025-08-19 08:30:00,247.0,247.05,246.84,246.88,23841
2025-08-19 08:35:00,246.88,246.95,246.52,246.6,61361
2025-08-19 08:40:00,246.64,246.84,246.6,246.74,16013
2025-08-19 08:45:00,246.74,246.86,246.57,246.85,37243
2025-08-19 08:50:00,246.79,246.9,246.78,246.89,23225
2025-08-19 08:55:00,246.89,247.1,246.8,247.06,45308
2025-08-19 09:00:00,247.06,247.07,246.87,247.0,22729
2025-08-19 09:05:00,247.0,247.2,246.91,247.1,69909
2025-08-19 09:10:00,247.11,247.21,246.94,246.98,39301
2025-08-19 09:15:00,246.87,247.0,246.55,246.86,66964
2025-08-19 09:20:00,246.9,246.96,246.54,246.65,34770
2025-08-19 09:25:00,246.63,246.88,246.61,246.72,31098
2025-08-19 09:30:00,246.72,246.96,246.56,246.85,100674
2025-08-19 09:35:00,246.92,247.0,246.72,246.76,148066
2025-08-19 09:40:00,246.85,247.0,246.75,246.82,114630
2025-08-19 09:45:00,246.85,247.0,246.65,247.0,144081
2025-08-19 09:50:00,247.0,247.35,246.97,247.32,112239
2025-08-19 09:55:00,247.32,247.5,247.12,247.5,102888
2025-08-20 03:45:00,245.3,246.73,245.3,245.81,203818
2025-08-20 03:50:00,245.76,246.0,245.37,245.8,121017
2025-08-20 03:55:00,245.9,247.36,245.7,247.27,200894
2025-08-20 04:00:00,247.26,247.65,246.31,246.4,151043
2025-08-20 04:05:00,246.47,246.66,246.1,246.11,61631
2025-08-20 04:10:00,246.19,247.42,246.11,247.19,247731
2025-08-20 04:15:00,247.19,247.37,247.0,247.35,148275
2025-08-20 04:20:00,247.55,247.68,247.27,247.58,238197
2025-08-20 04:25:00,247.56,247.9,247.45,247.83,121188
2025-08-20 04:30:00,247.86,248.59,247.86,248.27,172750
2025-08-20 04:35:00,248.27,248.35,248.0,248.1,72126
2025-08-20 04:40:00,248.01,248.1,247.6,248.1,54356
2025-08-20 04:45:00,248.2,248.3,247.9,248.29,93162
2025-08-20 04:50:00,248.29,248.47,248.21,248.36,78536
2025-08-20 04:55:00,248.45,248.59,248.07,248.19,58437
2025-08-20 05:00:00,248.15,248.5,248.08,248.43,54481
2025-08-20 05:05:00,248.43,248.9,248.25,248.76,87624
2025-08-20 05:10:00,248.7,249.0,248.45,248.67,110082
2025-08-20 05:15:00,248.75,249.38,248.66,249.2,289128
2025-08-20 05:20:00,249.28,249.5,249.0,249.3,167468
2025-08-20 05:25:00,249.21,249.41,248.67,248.79,64433
2025-08-20 05:30:00,248.78,249.28,248.74,249.28,63398
2025-08-20 05:35:00,249.22,249.55,249.2,249.34,127125
2025-08-20 05:40:00,249.45,249.56,248.86,249.47,92756
2025-08-20 05:45:00,249.47,249.58,249.17,249.17,83438
2025-08-20 05:50:00,249.16,249.5,249.13,249.36,42057
2025-08-20 05:55:00,249.36,249.86,249.27,249.74,119147
2025-08-20 06:00:00,249.74,250.1,249.63,249.78,392815
2025-08-20 06:05:00,249.83,250.0,249.71,249.96,66738
2025-08-20 06:10:00,250.0,250.95,249.83,250.95,401584
2025-08-20 06:15:00,250.92,251.29,250.66,251.04,262372
2025-08-20 06:20:00,251.07,251.2,250.92,251.07,73453
2025-08-20 06:25:00,251.01,251.9,251.01,251.85,143416
2025-08-20 06:30:00,251.85,252.18,251.7,251.75,244426
2025-08-20 06:35:00,251.76,251.86,251.5,251.6,119477
2025-08-20 06:40:00,251.65,252.08,251.58,251.85,95911
2025-08-20 06:45:00,251.96,252.25,251.82,251.96,145840
2025-08-20 06:50:00,251.99,252.0,251.9,251.96,49857
2025-08-20 06:55:00,251.96,252.1,251.55,251.7,122213
2025-08-20 07:00:00,251.73,252.1,251.7,252.09,67536
2025-08-20 07:05:00,252.1,252.14,251.81,251.95,113448
2025-08-20 07:10:00,251.99,251.99,251.69,251.83,55772
2025-08-20 07:15:00,251.83,252.2,251.74,252.0,117114
2025-08-20 07:20:00,251.97,252.0,251.51,251.79,76116
2025-08-20 07:25:00,251.79,251.85,251.61,251.79,51059
2025-08-20 07:30:00,251.8,251.97,251.5,251.86,118949
2025-08-20 07:35:00,251.85,252.0,251.7,251.92,58330
2025-08-20 07:40:00,251.93,252.05,251.75,252.0,111613
2025-08-20 07:45:00,252.04,252.05,251.91,252.0,62123
2025-08-20 07:50:00,251.99,252.1,251.77,251.99,129191
2025-08-20 07:55:00,251.99,252.0,251.33,251.4,111349
2025-08-20 08:00:00,251.4,251.64,251.35,251.5,46094
2025-08-20 08:05:00,251.52,251.81,251.45,251.7,63418
2025-08-20 08:10:00,251.74,251.74,251.36,251.39,54318
2025-08-20 08:15:00,251.37,251.48,251.28,251.43,51054
2025-08-20 08:20:00,251.39,251.53,251.29,251.44,50512
2025-08-20 08:25:00,251.43,251.51,251.3,251.41,49534
2025-08-20 08:30:00,251.43,251.51,251.34,251.35,57156
2025-08-20 08:35:00,251.38,251.55,251.33,251.54,49884
2025-08-20 08:40:00,251.54,251.73,251.45,251.53,67668
2025-08-20 08:45:00,251.53,251.71,251.45,251.65,41501
2025-08-20 08:50:00,251.7,251.97,251.64,251.85,101966
2025-08-20 08:55:00,251.88,252.0,251.72,251.89,106601
2025-08-20 09:00:00,251.89,252.0,251.77,251.95,101554
2025-08-20 09:05:00,251.95,252.38,251.86,252.28,230611
2025-08-20 09:10:00,252.28,252.58,252.2,252.36,144845
2025-08-20 09:15:00,252.36,252.89,252.31,252.76,196637
2025-08-20 09:20:00,252.76,252.85,252.02,252.11,235236
2025-08-20 09:25:00,252.19,252.21,251.52,251.6,239854
2025-08-20 09:30:00,251.6,251.72,250.8,250.94,317112
2025-08-20 09:35:00,250.94,251.1,250.85,250.85,214733
2025-08-20 09:40:00,250.86,250.95,250.56,250.71,309272
2025-08-20 09:45:00,250.7,250.94,250.53,250.81,299021
2025-08-20 09:50:00,250.75,250.94,250.51,250.74,316297
2025-08-20 09:55:00,250.78,251.0,250.61,251.0,237498
2025-08-21 03:45:00,252.74,252.74,250.55,250.65,226695
2025-08-21 03:50:00,250.6,250.65,250.0,250.0,106857
2025-08-21 03:55:00,250.08,250.5,249.99,250.33,64702
2025-08-21 04:00:00,250.35,250.48,249.88,250.37,69041
2025-08-21 04:05:00,250.37,250.47,250.1,250.16,23778
2025-08-21 04:10:00,250.16,250.27,249.88,250.0,48973
2025-08-21 04:15:00,249.91,250.04,249.72,250.0,37112
2025-08-21 04:20:00,250.04,250.39,250.0,250.16,31844
2025-08-21 04:25:00,250.17,250.4,250.04,250.32,17804
2025-08-21 04:30:00,250.33,250.4,250.1,250.4,37665
2025-08-21 04:35:00,250.43,250.74,250.42,250.58,33411
2025-08-21 04:40:00,250.58,250.65,250.4,250.5,24927
2025-08-21 04:45:00,250.56,250.69,250.5,250.66,27312
2025-08-21 04:50:00,250.66,250.66,250.35,250.5,23757
2025-08-21 04:55:00,250.5,251.42,250.44,251.2,61069
2025-08-21 05:00:00,251.23,251.41,251.08,251.22,40223
2025-08-21 05:05:00,251.22,251.38,251.08,251.36,31373
2025-08-21 05:10:00,251.27,251.49,251.21,251.44,45868
2025-08-21 05:15:00,251.35,251.45,251.07,251.15,41075
2025-08-21 05:20:00,251.14,251.2,250.44,250.55,57513
2025-08-21 05:25:00,250.55,250.6,250.3,250.39,21660
2025-08-21 05:30:00,250.45,251.09,250.45,250.88,40004
2025-08-21 05:35:00,250.87,251.03,250.8,250.99,21782
2025-08-21 05:40:00,250.99,251.19,250.94,251.06,24388
2025-08-21 05:45:00,251.06,251.36,250.96,251.32,24624
2025-08-21 05:50:00,251.32,251.39,251.17,251.36,28265
2025-08-21 05:55:00,251.36,251.45,251.26,251.4,27344
2025-08-21 06:00:00,251.4,251.4,251.01,251.13,59722
2025-08-21 06:05:00,251.04,251.4,251.01,251.1,182815
2025-08-21 06:10:00,251.1,251.25,251.0,251.03,60921
2025-08-21 06:15:00,251.01,251.03,250.08,250.1,237307
2025-08-21 06:20:00,250.1,250.7,249.93,250.7,226731
2025-08-21 06:25:00,250.7,250.9,250.44,250.86,64828
2025-08-21 06:30:00,250.88,251.4,250.83,251.37,107642
2025-08-21 06:35:00,251.37,251.6,251.22,251.51,138024
2025-08-21 06:40:00,251.55,251.55,251.01,251.14,77083
2025-08-21 06:45:00,251.1,251.6,251.08,251.6,93878
2025-08-21 06:50:00,251.6,251.71,251.49,251.6,70113
2025-08-21 06:55:00,251.59,251.66,251.5,251.51,105848
2025-08-21 07:00:00,251.51,251.57,250.91,251.01,151511
2025-08-21 07:05:00,251.01,251.4,250.95,251.11,26839
2025-08-21 07:10:00,251.07,251.22,250.75,251.2,43375
2025-08-21 07:15:00,251.2,251.37,251.05,251.13,25198
2025-08-21 07:20:00,251.13,251.23,250.91,251.1,126142
2025-08-21 07:25:00,251.14,251.14,250.67,250.79,37084
2025-08-21 07:30:00,250.86,251.09,250.74,250.97,23397
2025-08-21 07:35:00,250.97,251.0,250.71,251.0,28537
2025-08-21 07:40:00,251.0,251.3,250.88,251.24,54418
2025-08-21 07:45:00,251.24,251.54,251.17,251.54,54678
2025-08-21 07:50:00,251.53,251.55,251.14,251.15,41922
2025-08-21 07:55:00,251.15,251.25,250.97,251.03,28193
2025-08-21 08:00:00,251.03,251.16,250.7,251.0,44037
2025-08-21 08:05:00,251.0,251.03,250.52,250.6,41047
2025-08-21 08:10:00,250.6,250.82,250.24,250.72,75542
2025-08-21 08:15:00,250.72,250.75,250.46,250.63,76260
2025-08-21 08:20:00,250.63,250.94,250.52,250.79,127404
2025-08-21 08:25:00,250.73,250.98,250.54,250.93,124858
2025-08-21 08:30:00,250.97,251.13,250.82,250.85,86657
2025-08-21 08:35:00,250.85,250.88,250.72,250.83,37895
2025-08-21 08:40:00,250.83,251.0,250.8,250.9,42502
2025-08-21 08:45:00,250.9,251.4,250.86,251.16,62943
2025-08-21 08:50:00,251.16,251.29,251.07,251.15,24012
2025-08-21 08:55:00,251.16,251.29,250.9,251.02,61865
2025-08-21 09:00:00,251.0,251.14,250.88,251.09,25941
2025-08-21 09:05:00,251.12,251.12,250.5,250.5,75253
2025-08-21 09:10:00,250.56,250.67,250.32,250.56,66223
2025-08-21 09:15:00,250.44,250.74,250.34,250.42,38345
2025-08-21 09:20:00,250.42,250.96,250.3,250.77,118347
2025-08-21 09:25:00,250.72,250.78,250.42,250.64,101781
2025-08-21 09:30:00,250.55,250.65,250.06,250.15,426131
2025-08-21 09:35:00,250.08,250.32,249.92,249.92,483417
2025-08-21 09:40:00,249.94,250.0,249.65,249.81,549629
2025-08-21 09:45:00,249.81,249.82,249.61,249.72,637810
2025-08-21 09:50:00,249.73,250.0,249.69,249.9,543255
2025-08-21 09:55:00,249.88,250.4,249.67,250.4,429437
2025-08-22 03:45:00,252.0,253.0,250.21,250.35,1882618
2025-08-22 03:50:00,250.33,250.4,249.5,249.86,724815
2025-08-22 03:55:00,249.85,250.15,249.2,249.78,609655
2025-08-22 04:00:00,249.8,249.84,248.62,248.93,355165
2025-08-22 04:05:00,248.87,249.0,248.1,248.13,371957
2025-08-22 04:10:00,248.2,248.61,248.0,248.45,371321
2025-08-22 04:15:00,248.3,248.69,248.07,248.1,283929
2025-08-22 04:20:00,248.16,248.52,247.61,248.37,410628
2025-08-22 04:25:00,248.37,248.41,248.01,248.09,254274
2025-08-22 04:30:00,248.06,248.31,247.7,248.15,283322
2025-08-22 04:35:00,248.21,248.5,248.14,248.37,111545
2025-08-22 04:40:00,248.37,248.57,248.15,248.29,126202
2025-08-22 04:45:00,248.29,248.29,247.81,248.01,241374
2025-08-22 04:50:00,248.01,248.28,247.81,248.02,151693
2025-08-22 04:55:00,247.99,248.43,247.85,248.38,136266
2025-08-22 05:00:00,248.38,248.87,248.38,248.68,189524
2025-08-22 05:05:00,248.64,248.94,248.59,248.73,342901
2025-08-22 05:10:00,248.73,248.9,248.55,248.6,274520
2025-08-22 05:15:00,248.7,248.74,248.13,248.23,162084
2025-08-22 05:20:00,248.23,248.42,248.08,248.11,150033
2025-08-22 05:25:00,248.08,248.14,247.9,248.08,259094
2025-08-22 05:30:00,248.06,248.19,247.67,248.11,237360
2025-08-22 05:35:00,248.11,248.7,248.07,248.6,193506
2025-08-22 05:40:00,248.6,248.6,248.26,248.4,399638
2025-08-22 05:45:00,248.42,248.75,248.12,248.6,361654
2025-08-22 05:50:00,248.58,249.39,248.57,248.77,332174
2025-08-22 05:55:00,248.76,249.2,248.66,248.92,95633
2025-08-22 06:00:00,248.94,249.02,248.41,248.55,57325
2025-08-22 06:05:00,248.48,249.07,248.48,248.98,19194
2025-08-22 06:10:00,248.92,249.2,248.8,249.13,44020
2025-08-22 06:15:00,249.13,249.28,249.11,249.23,45276
2025-08-22 06:20:00,249.22,249.74,249.11,249.72,81727
2025-08-22 06:25:00,249.69,250.4,249.69,250.25,230752
2025-08-22 06:30:00,250.28,250.9,250.24,250.8,264003
2025-08-22 06:35:00,250.7,250.82,250.0,250.1,111117
2025-08-22 06:40:00,250.16,250.2,249.59,249.67,94504
2025-08-22 06:45:00,249.63,249.85,249.52,249.62,64626
2025-08-22 06:50:00,249.52,249.94,249.5,249.71,53040
2025-08-22 06:55:00,249.71,249.85,249.62,249.85,31262
2025-08-22 07:00:00,249.85,249.95,249.72,249.94,20762
2025-08-22 07:05:00,249.94,249.97,249.54,249.79,48468
2025-08-22 07:10:00,249.79,249.8,249.35,249.5,50722
2025-08-22 07:15:00,249.49,249.82,249.48,249.67,74018
2025-08-22 07:20:00,249.66,249.93,249.6,249.86,21723
2025-08-22 07:25:00,249.86,249.93,249.66,249.78,18871
2025-08-22 07:30:00,249.7,249.9,249.7,249.89,20571
2025-08-22 07:35:00,249.89,249.89,249.67,249.74,24760
2025-08-22 07:40:00,249.68,249.8,249.61,249.68,23147
2025-08-22 07:45:00,249.68,249.7,249.37,249.4,53999
2025-08-22 07:50:00,249.4,249.47,249.2,249.44,33863
2025-08-22 07:55:00,249.44,249.81,249.44,249.8,33812
2025-08-22 08:00:00,249.79,249.8,249.59,249.65,23651
2025-08-22 08:05:00,249.69,249.85,249.64,249.79,18844
2025-08-22 08:10:00,249.78,249.8,249.64,249.75,18345
2025-08-22 08:15:00,249.73,249.78,249.44,249.58,25154
2025-08-22 08:20:00,249.57,249.6,249.51,249.59,9631
2025-08-22 08:25:00,249.59,249.65,249.45,249.5,78185
2025-08-22 08:30:00,249.45,249.5,249.39,249.49,15275
2025-08-22 08:35:00,249.48,249.65,249.47,249.65,25877
2025-08-22 08:40:00,249.74,249.74,249.33,249.44,35268
2025-08-22 08:45:00,249.44,249.47,249.25,249.33,124025
2025-08-22 08:50:00,249.33,249.49,249.22,249.38,64115
2025-08-22 08:55:00,249.38,249.5,249.27,249.37,30640
2025-08-22 09:00:00,249.37,249.37,248.65,248.82,169792
2025-08-22 09:05:00,248.82,248.92,248.67,248.74,73671
2025-08-22 09:10:00,248.74,248.94,248.65,248.83,106072
2025-08-22 09:15:00,248.83,248.9,248.68,248.9,68443
2025-08-22 09:20:00,248.9,248.9,248.66,248.89,80508
2025-08-22 09:25:00,248.89,248.96,248.72,248.72,119837
2025-08-22 09:30:00,248.7,248.74,248.5,248.58,227085
2025-08-22 09:35:00,248.6,248.8,248.57,248.63,285779
2025-08-22 09:40:00,248.65,248.79,248.6,248.75,166377
2025-08-22 09:45:00,248.77,248.77,248.46,248.55,432246
2025-08-22 09:50:00,248.5,248.65,248.48,248.65,322560
2025-08-22 09:55:00,248.61,248.85,248.53,248.74,212815
2025-08-25 03:45:00,250.6,254.0,250.6,253.73,829904
2025-08-25 03:50:00,253.57,254.1,253.28,253.36,496684
2025-08-25 03:55:00,253.4,254.34,252.75,254.07,559598
2025-08-25 04:00:00,254.1,255.46,253.95,255.14,1039296
2025-08-25 04:05:00,255.05,256.18,255.0,256.15,1261272
2025-08-25 04:10:00,256.04,256.24,255.55,255.99,610154
2025-08-25 04:15:00,256.0,256.35,255.7,256.3,463187
2025-08-25 04:20:00,256.25,256.35,255.74,255.95,298444
2025-08-25 04:25:00,255.87,256.07,255.39,255.48,597434
2025-08-25 04:30:00,255.43,255.98,254.65,255.18,423883
2025-08-25 04:35:00,255.2,255.24,254.6,254.77,190657
2025-08-25 04:40:00,254.83,254.98,254.58,254.69,178533
2025-08-25 04:45:00,254.69,254.95,254.36,254.95,208553
2025-08-25 04:50:00,254.9,255.39,254.89,255.0,317589
2025-08-25 04:55:00,255.05,255.12,254.3,254.35,231060
2025-08-25 05:00:00,254.35,255.12,254.35,255.0,178356
2025-08-25 05:05:00,254.99,255.5,254.8,255.49,149991
2025-08-25 05:10:00,255.49,255.95,255.46,255.6,162251
2025-08-25 05:15:00,255.72,256.5,255.51,256.39,414314
2025-08-25 05:20:00,256.38,256.49,256.2,256.38,273373
2025-08-25 05:25:00,256.38,256.86,256.0,256.8,491130
2025-08-25 05:30:00,256.87,257.19,256.69,257.11,485877
2025-08-25 05:35:00,257.1,257.29,256.94,257.12,392232
2025-08-25 05:40:00,256.98,257.2,256.1,256.2,334404
2025-08-25 05:45:00,256.13,256.23,255.56,255.58,264605
2025-08-25 05:50:00,255.58,255.7,255.4,255.48,163741
2025-08-25 05:55:00,255.42,255.97,255.4,255.7,109130
2025-08-25 06:00:00,255.74,255.75,255.5,255.7,67888
2025-08-25 06:05:00,255.68,256.0,255.64,255.86,97950
2025-08-25 06:10:00,255.86,255.93,255.22,255.33,128439
2025-08-25 06:15:00,255.25,255.48,255.1,255.1,100002
2025-08-25 06:20:00,255.1,255.44,255.1,255.25,67367
2025-08-25 06:25:00,255.22,255.4,255.21,255.35,51632
2025-08-25 06:30:00,255.36,255.85,255.34,255.84,66189
2025-08-25 06:35:00,255.84,255.84,255.4,255.49,65106
2025-08-25 06:40:00,255.49,255.49,255.12,255.3,49596
2025-08-25 06:45:00,255.26,255.36,255.16,255.23,57270
2025-08-25 06:50:00,255.2,255.23,254.81,255.0,151647
2025-08-25 06:55:00,255.05,255.12,254.81,254.94,169401
2025-08-25 07:00:00,254.84,254.98,254.65,254.7,84290
2025-08-25 07:05:00,254.7,254.92,254.7,254.86,49597
2025-08-25 07:10:00,254.88,255.0,254.81,254.89,44300
2025-08-25 07:15:00,254.91,254.96,254.6,254.61,63841
2025-08-25 07:20:00,254.63,254.72,254.55,254.62,31431
2025-08-25 07:25:00,254.66,254.9,254.62,254.85,42668
2025-08-25 07:30:00,254.85,254.88,254.62,254.7,101830
2025-08-25 07:35:00,254.74,254.75,254.61,254.65,45534
2025-08-25 07:40:00,254.66,254.74,254.63,254.65,24348
2025-08-25 07:45:00,254.7,254.71,254.6,254.65,45541
2025-08-25 07:50:00,254.67,254.7,254.6,254.63,38748
2025-08-25 07:55:00,254.66,254.66,254.26,254.42,110798
2025-08-25 08:00:00,254.4,254.52,253.98,254.28,508288
2025-08-25 08:05:00,254.22,254.5,254.2,254.39,70987
2025-08-25 08:10:00,254.39,254.68,254.3,254.45,200486
2025-08-25 08:15:00,254.45,254.53,254.2,254.35,186766
2025-08-25 08:20:00,254.32,254.39,254.15,254.31,72590
2025-08-25 08:25:00,254.32,254.45,254.14,254.27,40814
2025-08-25 08:30:00,254.3,254.36,254.15,254.17,46047
2025-08-25 08:35:00,254.17,254.44,254.01,254.41,129275
2025-08-25 08:40:00,254.42,254.48,254.25,254.31,47171
2025-08-25 08:45:00,254.24,254.74,254.2,254.35,108485
2025-08-25 08:50:00,254.35,254.35,253.72,253.94,136051
2025-08-25 08:55:00,253.94,254.0,253.62,253.8,104913
2025-08-25 09:00:00,253.77,253.99,253.63,253.89,78976
2025-08-25 09:05:00,253.85,253.91,253.5,253.57,102950
2025-08-25 09:10:00,253.57,253.62,253.37,253.5,65245
2025-08-25 09:15:00,253.49,253.7,253.41,253.63,69953
2025-08-25 09:20:00,253.58,253.7,253.43,253.49,37870
2025-08-25 09:25:00,253.49,253.91,253.45,253.88,34778
2025-08-25 09:30:00,253.8,253.88,253.26,253.35,104704
2025-08-25 09:35:00,253.35,253.51,253.32,253.45,95972
2025-08-25 09:40:00,253.44,253.61,253.36,253.57,140134
2025-08-25 09:45:00,253.57,253.83,253.47,253.74,334842
2025-08-25 09:50:00,253.8,254.14,253.47,253.98,373871
2025-08-25 09:55:00,253.97,254.55,253.83,254.4,417739
2025-08-26 03:45:00,253.0,253.84,252.56,253.0,313808
2025-08-26 03:50:00,252.98,253.24,252.71,253.05,193497
2025-08-26 03:55:00,253.02,253.32,252.86,253.11,207187
2025-08-26 04:00:00,253.2,253.3,252.91,253.15,99562
2025-08-26 04:05:00,253.05,254.17,253.0,254.03,673778
2025-08-26 04:10:00,253.98,254.78,253.98,254.1,624097
2025-08-26 04:15:00,254.1,254.52,253.7,254.52,342177
2025-08-26 04:20:00,254.51,254.82,254.01,254.21,359839
2025-08-26 04:25:00,254.26,254.48,254.06,254.1,138139
2025-08-26 04:30:00,254.16,254.19,253.41,253.67,226343
2025-08-26 04:35:00,253.67,254.2,253.65,253.92,90164
2025-08-26 04:40:00,253.85,253.9,253.54,253.6,64326
2025-08-26 04:45:00,253.68,253.8,253.45,253.78,69594
2025-08-26 04:50:00,253.69,254.19,253.69,254.05,99760
2025-08-26 04:55:00,254.0,254.04,253.32,253.49,81336
2025-08-26 05:00:00,253.5,253.65,253.32,253.32,51698
2025-08-26 05:05:00,253.32,253.6,253.3,253.59,46740
2025-08-26 05:10:00,253.6,253.69,253.08,253.16,85430
2025-08-26 05:15:00,253.17,253.17,253.0,253.08,39027
2025-08-26 05:20:00,253.09,253.1,252.2,252.25,118272
2025-08-26 05:25:00,252.25,252.75,252.25,252.65,97414
2025-08-26 05:30:00,252.65,252.97,252.6,252.8,27549
2025-08-26 05:35:00,252.76,252.86,252.64,252.82,38009
2025-08-26 05:40:00,252.8,252.92,252.76,252.81,30004
2025-08-26 05:45:00,252.85,252.98,252.81,252.9,27840
2025-08-26 05:50:00,252.82,253.2,252.82,253.09,70402
2025-08-26 05:55:00,253.0,253.38,253.0,253.32,38335
2025-08-26 06:00:00,253.32,253.38,253.15,253.2,33878
2025-08-26 06:05:00,253.25,253.49,253.03,253.18,39368
2025-08-26 06:10:00,253.18,253.2,253.08,253.18,33137
2025-08-26 06:15:00,253.2,253.29,253.15,253.21,21647
2025-08-26 06:20:00,253.15,253.21,252.54,252.55,41767
2025-08-26 06:25:00,252.55,253.05,252.43,252.97,213494
2025-08-26 06:30:00,252.9,252.98,252.53,252.57,44776
2025-08-26 06:35:00,252.63,252.72,252.5,252.59,59193
2025-08-26 06:40:00,252.59,252.64,252.28,252.3,59490
2025-08-26 06:45:00,252.3,252.5,252.05,252.4,52741
2025-08-26 06:50:00,252.44,252.8,252.36,252.74,48012
2025-08-26 06:55:00,252.73,252.76,252.4,252.42,26750
2025-08-26 07:00:00,252.42,252.43,252.12,252.25,75616
2025-08-26 07:05:00,252.2,252.43,252.16,252.25,58660
2025-08-26 07:10:00,252.25,252.37,252.0,252.19,80321
2025-08-26 07:15:00,252.11,252.39,252.07,252.36,38543
2025-08-26 07:20:00,252.36,252.6,252.31,252.46,45855
2025-08-26 07:25:00,252.45,252.8,252.45,252.68,87322
2025-08-26 07:30:00,252.68,252.84,252.63,252.79,53160
2025-08-26 07:35:00,252.8,253.1,252.75,253.01,71003
2025-08-26 07:40:00,253.01,253.01,252.54,252.62,44918
2025-08-26 07:45:00,252.62,252.62,252.25,252.38,334764
2025-08-26 07:50:00,252.38,252.64,252.33,252.63,119353
2025-08-26 07:55:00,252.63,252.9,252.52,252.71,135745
2025-08-26 08:00:00,252.71,252.75,252.43,252.59,37133
2025-08-26 08:05:00,252.59,252.89,252.18,252.3,171416
2025-08-26 08:10:00,252.41,252.69,252.34,252.66,39317
2025-08-26 08:15:00,252.68,252.68,252.35,252.41,143484
2025-08-26 08:20:00,252.41,252.49,252.32,252.42,16735
2025-08-26 08:25:00,252.42,252.51,252.05,252.13,134428
2025-08-26 08:30:00,252.13,252.2,252.06,252.15,142610
2025-08-26 08:35:00,252.15,252.2,252.06,252.1,56563
2025-08-26 08:40:00,252.07,252.14,251.58,251.71,169840
2025-08-26 08:45:00,251.7,251.71,251.51,251.53,77346
2025-08-26 08:50:00,251.53,251.77,251.33,251.56,116985
2025-08-26 08:55:00,251.53,251.98,251.31,251.86,140214
2025-08-26 09:00:00,251.86,251.96,251.5,251.55,144606
2025-08-26 09:05:00,251.5,252.58,251.48,252.5,4925740
2025-08-26 09:10:00,252.5,252.6,252.17,252.28,59125
2025-08-26 09:15:00,252.25,252.38,251.86,252.16,124933
2025-08-26 09:20:00,252.16,252.24,251.95,252.15,71978
2025-08-26 09:25:00,252.05,252.24,252.03,252.19,36710
2025-08-26 09:30:00,252.18,252.47,251.87,252.2,680927
2025-08-26 09:35:00,252.2,252.49,252.04,252.16,500538
2025-08-26 09:40:00,252.16,252.18,251.78,251.82,545524
2025-08-26 09:45:00,251.84,251.97,251.68,251.74,630783
2025-08-26 09:50:00,251.76,251.81,251.68,251.81,369176
2025-08-26 09:55:00,251.8,252.17,251.37,251.75,385073
2025-08-28 03:45:00,252.02,252.35,250.25,251.44,280051
2025-08-28 03:50:00,251.45,251.46,249.43,249.55,137730
2025-08-28 03:55:00,249.55,249.86,249.25,249.55,101601
2025-08-28 04:00:00,249.51,249.71,249.08,249.56,92206
2025-08-28 04:05:00,249.55,250.1,249.46,249.99,108567
2025-08-28 04:10:00,250.02,250.39,250.0,250.2,101744
2025-08-28 04:15:00,250.2,250.48,249.9,249.95,56638
2025-08-28 04:20:00,249.95,250.16,249.79,249.99,73406
2025-08-28 04:25:00,249.99,250.04,249.66,249.8,64329
2025-08-28 04:30:00,249.8,249.82,249.57,249.7,48877
2025-08-28 04:35:00,249.83,251.15,249.83,251.02,173628
2025-08-28 04:40:00,251.01,251.21,250.83,250.88,64276
2025-08-28 04:45:00,250.95,251.12,250.73,250.81,123155
2025-08-28 04:50:00,250.81,250.87,250.11,250.22,72653
2025-08-28 04:55:00,250.22,250.39,249.78,249.87,64451
2025-08-28 05:00:00,249.9,250.19,249.71,250.15,80706
2025-08-28 05:05:00,250.14,250.3,249.87,249.96,48086
2025-08-28 05:10:00,249.96,250.38,249.8,250.17,97305
2025-08-28 05:15:00,250.17,250.4,250.02,250.27,53679
2025-08-28 05:20:00,250.26,250.26,250.1,250.25,20987
2025-08-28 05:25:00,250.25,250.35,250.08,250.08,61079
2025-08-28 05:30:00,250.08,250.19,249.95,250.17,25144
2025-08-28 05:35:00,250.2,250.36,250.15,250.16,41993
2025-08-28 05:40:00,250.23,250.24,250.04,250.19,21868
2025-08-28 05:45:00,250.21,250.31,249.95,249.95,34978
2025-08-28 05:50:00,249.96,250.16,249.91,250.12,21332
2025-08-28 05:55:00,250.14,250.14,249.75,249.84,31429
2025-08-28 06:00:00,249.83,250.13,249.68,250.07,37290
2025-08-28 06:05:00,250.09,250.44,250.09,250.32,23589
2025-08-28 06:10:00,250.29,250.67,250.29,250.66,35120
2025-08-28 06:15:00,250.67,250.87,250.42,250.46,43347
2025-08-28 06:20:00,250.46,250.58,250.27,250.35,33832
2025-08-28 06:25:00,250.37,250.46,250.25,250.44,19918
2025-08-28 06:30:00,250.44,250.59,250.26,250.55,26717
2025-08-28 06:35:00,250.59,250.7,250.44,250.69,50962
2025-08-28 06:40:00,250.69,250.84,250.53,250.66,49445
2025-08-28 06:45:00,250.66,250.73,250.33,250.36,31213
2025-08-28 06:50:00,250.33,250.58,250.28,250.29,35293
2025-08-28 06:55:00,250.31,250.4,250.26,250.32,23641
2025-08-28 07:00:00,250.33,250.6,250.33,250.57,24486
2025-08-28 07:05:00,250.57,250.72,250.57,250.59,24067
2025-08-28 07:10:00,250.66,250.66,250.48,250.5,22904
2025-08-28 07:15:00,250.57,251.08,250.45,251.02,178302
2025-08-28 07:20:00,251.02,251.51,250.98,251.4,143258
2025-08-28 07:25:00,251.4,251.4,250.99,251.1,43747
2025-08-28 07:30:00,251.1,251.18,250.87,250.88,44568
2025-08-28 07:35:00,250.88,250.95,250.47,250.6,137799
2025-08-28 07:40:00,250.6,250.79,250.49,250.65,127141
2025-08-28 07:45:00,250.65,251.04,250.64,251.04,52277
2025-08-28 07:50:00,251.03,251.11,250.94,251.07,25173
2025-08-28 07:55:00,251.11,251.45,251.1,251.45,36597
2025-08-28 08:00:00,251.45,251.56,251.25,251.25,27194
2025-08-28 08:05:00,251.25,251.38,251.17,251.3,35129
2025-08-28 08:10:00,251.3,251.46,251.23,251.4,20495
2025-08-28 08:15:00,251.38,251.44,251.19,251.3,24394
2025-08-28 08:20:00,251.3,251.45,251.13,251.25,24752
2025-08-28 08:25:00,251.2,251.28,250.93,251.0,36770
2025-08-28 08:30:00,251.0,251.22,250.93,251.1,20413
2025-08-28 08:35:00,251.1,251.41,250.98,251.39,33053
2025-08-28 08:40:00,251.39,251.89,251.39,251.69,81255
2025-08-28 08:45:00,251.66,251.7,251.6,251.69,25671
2025-08-28 08:50:00,251.67,251.8,251.64,251.78,29793
2025-08-28 08:55:00,251.78,251.87,251.17,251.84,351880
2025-08-28 09:00:00,251.84,251.91,251.57,251.72,75887
2025-08-28 09:05:00,251.71,251.99,251.7,251.8,122915
2025-08-28 09:10:00,251.78,251.88,251.46,251.53,59960
2025-08-28 09:15:00,251.52,251.57,251.17,251.42,104640
2025-08-28 09:20:00,251.45,251.76,251.36,251.6,93269
2025-08-28 09:25:00,251.65,251.65,251.01,251.25,140648
2025-08-28 09:30:00,251.21,251.35,250.82,250.86,166366
2025-08-28 09:35:00,250.86,251.0,250.82,250.84,162855
2025-08-28 09:40:00,250.81,250.94,250.7,250.73,170511
2025-08-28 09:45:00,250.73,251.18,250.63,250.65,214810
2025-08-28 09:50:00,250.63,250.7,250.01,250.11,174016
2025-08-28 09:55:00,250.1,250.6,249.5,249.98,280280
2025-08-29 03:45:00,250.5,251.0,249.08,250.17,394612
2025-08-29 03:50:00,250.24,251.64,250.21,251.26,301588
2025-08-29 03:55:00,251.35,252.6,251.24,252.55,1358635
2025-08-29 04:00:00,252.55,253.1,252.0,252.16,530335
2025-08-29 04:05:00,252.1,252.35,251.99,252.12,267203
2025-08-29 04:10:00,252.12,252.4,251.27,251.27,450459
2025-08-29 04:15:00,251.34,251.75,250.55,250.75,195818
2025-08-29 04:20:00,250.79,251.19,250.64,250.92,73652
2025-08-29 04:25:00,250.93,251.5,250.82,250.92,108055
2025-08-29 04:30:00,250.92,251.1,250.75,251.05,96201
2025-08-29 04:35:00,250.88,251.05,250.82,250.94,59229
2025-08-29 04:40:00,250.94,251.09,250.32,250.34,118460
2025-08-29 04:45:00,250.29,250.36,249.8,250.22,165415
2025-08-29 04:50:00,250.23,250.46,250.02,250.24,103742
2025-08-29 04:55:00,250.24,250.56,250.05,250.56,86306
2025-08-29 05:00:00,250.56,251.08,250.56,251.05,104361
2025-08-29 05:05:00,251.05,251.2,250.99,251.19,76501
2025-08-29 05:10:00,251.19,251.52,251.11,251.37,80697
2025-08-29 05:15:00,251.4,251.47,251.17,251.3,102698
2025-08-29 05:20:00,251.37,251.44,251.29,251.33,33701
2025-08-29 05:25:00,251.28,251.28,250.67,251.08,80218
2025-08-29 05:30:00,251.05,251.08,250.9,250.99,48004
2025-08-29 05:35:00,250.99,251.15,250.87,251.11,134003
2025-08-29 05:40:00,251.12,251.32,251.08,251.17,50004
2025-08-29 05:45:00,251.19,251.2,250.82,250.99,67992
2025-08-29 05:50:00,250.96,250.99,250.5,250.65,73421
2025-08-29 05:55:00,250.61,251.0,250.6,250.95,96846
2025-08-29 06:00:00,250.95,251.03,250.83,250.99,72925
2025-08-29 06:05:00,250.97,250.99,250.74,250.87,70274
2025-08-29 06:10:00,250.87,251.05,250.75,250.88,60260
2025-08-29 06:15:00,250.85,250.91,250.63,250.67,30303
2025-08-29 06:20:00,250.67,250.95,250.41,250.54,105493
2025-08-29 06:25:00,250.55,250.89,250.48,250.55,59506
2025-08-29 06:30:00,250.57,250.57,250.02,250.12,74425
2025-08-29 06:35:00,250.15,250.2,249.85,249.95,75444
2025-08-29 06:40:00,249.95,250.31,249.88,250.23,66717
2025-08-29 06:45:00,250.26,250.31,249.88,249.88,131691
2025-08-29 06:50:00,249.89,249.92,249.5,249.72,354930
2025-08-29 06:55:00,249.72,249.92,249.51,249.61,75656
2025-08-29 07:00:00,249.59,249.85,249.59,249.66,94644
2025-08-29 07:05:00,249.66,249.96,249.59,249.6,65209
2025-08-29 07:10:00,249.5,249.95,249.5,249.9,85345
2025-08-29 07:15:00,249.9,250.0,249.66,249.99,71271
2025-08-29 07:20:00,249.99,250.08,249.91,249.93,41121
2025-08-29 07:25:00,249.93,249.99,249.71,249.91,29519
2025-08-29 07:30:00,249.89,249.89,249.5,249.59,52213
2025-08-29 07:35:00,249.59,249.67,249.13,249.24,141564
2025-08-29 07:40:00,249.16,249.44,249.16,249.33,40630
2025-08-29 07:45:00,249.31,249.63,249.3,249.35,41480
2025-08-29 07:50:00,249.33,249.4,249.33,249.37,18373
2025-08-29 07:55:00,249.37,249.43,249.26,249.38,27815
2025-08-29 08:00:00,249.36,249.38,249.27,249.32,18078
2025-08-29 08:05:00,249.32,250.12,249.29,249.62,333256
2025-08-29 08:10:00,249.6,249.85,249.53,249.72,18751
2025-08-29 08:15:00,249.66,249.72,249.46,249.47,41276
2025-08-29 08:20:00,249.47,249.56,249.22,249.26,32409
2025-08-29 08:25:00,249.26,249.32,248.86,249.07,71782
2025-08-29 08:30:00,249.05,249.07,248.91,249.0,24086
2025-08-29 08:35:00,249.0,249.25,248.93,249.19,30540
2025-08-29 08:40:00,249.19,249.34,249.16,249.28,34467
2025-08-29 08:45:00,249.28,249.35,249.23,249.27,26333
2025-08-29 08:50:00,249.27,249.49,249.16,249.23,37534
2025-08-29 08:55:00,249.23,249.23,248.92,249.03,28492
2025-08-29 09:00:00,249.02,249.13,249.0,249.13,30501
2025-08-29 09:05:00,249.01,249.11,248.86,249.1,57941
2025-08-29 09:10:00,249.1,249.35,249.09,249.29,52076
2025-08-29 09:15:00,249.3,249.55,249.28,249.51,82039
2025-08-29 09:20:00,249.51,249.68,249.33,249.64,90618
2025-08-29 09:25:00,249.64,249.93,249.61,249.93,109617
2025-08-29 09:30:00,249.93,250.2,249.55,250.08,309933
2025-08-29 09:35:00,250.08,250.27,249.65,249.72,238240
2025-08-29 09:40:00,249.72,249.84,249.6,249.67,173836
2025-08-29 09:45:00,249.67,249.69,249.14,249.2,299701
2025-08-29 09:50:00,249.19,249.2,248.66,249.05,500843
2025-08-29 09:55:00,249.05,249.7,248.7,249.3,328295
2025-09-01 03:45:00,249.42,252.75,249.4,252.5,239677
2025-09-01 03:50:00,252.5,252.99,252.0,252.27,138037
2025-09-01 03:55:00,252.27,252.4,251.7,251.87,74807
2025-09-01 04:00:00,251.86,252.43,251.83,252.41,61579
2025-09-01 04:05:00,252.32,252.59,252.08,252.08,92381
2025-09-01 04:10:00,252.08,252.28,251.8,252.17,57851
2025-09-01 04:15:00,252.19,252.32,252.0,252.14,40246
2025-09-01 04:20:00,252.03,252.27,252.0,252.04,26082
2025-09-01 04:25:00,252.04,252.12,251.83,251.99,43176
2025-09-01 04:30:00,252.0,252.04,251.75,251.93,57198
2025-09-01 04:35:00,251.83,251.99,251.31,251.4,74603
2025-09-01 04:40:00,251.44,251.46,251.0,251.05,60663
2025-09-01 04:45:00,251.05,251.37,250.9,250.96,38297
2025-09-01 04:50:00,250.91,251.27,250.9,251.22,34979
2025-09-01 04:55:00,251.22,251.7,251.19,251.64,36369
2025-09-01 05:00:00,251.64,251.66,251.33,251.48,35008
2025-09-01 05:05:00,251.5,251.5,250.97,251.07,47142
2025-09-01 05:10:00,251.16,251.28,250.94,251.16,27289
2025-09-01 05:15:00,251.27,251.35,251.03,251.1,25907
2025-09-01 05:20:00,251.1,251.15,250.82,251.13,24361
2025-09-01 05:25:00,251.03,251.45,251.0,251.35,16696
2025-09-01 05:30:00,251.34,251.88,251.33,251.82,37616
2025-09-01 05:35:00,251.82,251.82,251.53,251.73,26832
2025-09-01 05:40:00,251.66,252.18,251.66,251.99,40601
2025-09-01 05:45:00,252.0,252.14,251.88,252.09,19604
2025-09-01 05:50:00,252.1,252.1,252.05,252.09,17203
2025-09-01 05:55:00,252.09,252.14,251.89,251.9,24284
2025-09-01 06:00:00,251.89,251.98,251.75,251.85,25261
2025-09-01 06:05:00,251.85,251.9,251.61,251.73,13283
2025-09-01 06:10:00,251.75,251.85,251.66,251.82,17138
2025-09-01 06:15:00,251.82,251.82,251.45,251.45,17016
2025-09-01 06:20:00,251.47,251.67,251.34,251.43,24991
2025-09-01 06:25:00,251.43,251.45,251.14,251.23,14078
2025-09-01 06:30:00,251.23,251.6,251.23,251.46,11670
2025-09-01 06:35:00,251.46,251.58,251.33,251.48,18995
2025-09-01 06:40:00,251.35,251.59,251.33,251.47,12732
2025-09-01 06:45:00,251.49,251.56,251.33,251.33,8702
2025-09-01 06:50:00,251.37,251.38,251.03,251.34,30883
2025-09-01 06:55:00,251.34,251.49,251.26,251.43,9910
2025-09-01 07:00:00,251.43,251.45,251.16,251.39,16577
2025-09-01 07:05:00,251.35,251.36,250.91,250.97,28970
2025-09-01 07:10:00,250.98,250.99,250.42,250.58,55827
2025-09-01 07:15:00,250.58,250.65,250.45,250.58,30651
2025-09-01 07:20:00,250.5,250.6,250.3,250.48,26189
2025-09-01 07:25:00,250.45,250.73,250.29,250.62,34023
2025-09-01 07:30:00,250.62,250.81,250.52,250.68,32034
2025-09-01 07:35:00,250.68,250.96,250.66,250.89,25225
2025-09-01 07:40:00,250.83,250.97,250.51,250.65,25545
2025-09-01 07:45:00,250.6,250.68,250.26,250.42,16949
2025-09-01 07:50:00,250.45,250.45,250.11,250.2,23332
2025-09-01 07:55:00,250.19,250.35,250.11,250.27,16961
2025-09-01 08:00:00,250.27,250.49,250.11,250.25,32806
2025-09-01 08:05:00,250.25,250.36,250.15,250.3,23902
2025-09-01 08:10:00,250.29,250.3,250.1,250.21,27686
2025-09-01 08:15:00,250.21,250.29,250.11,250.29,57103
2025-09-01 08:20:00,250.3,250.35,250.13,250.23,62784
2025-09-01 08:25:00,250.23,250.48,250.2,250.46,78063
2025-09-01 08:30:00,250.47,250.63,250.25,250.4,66227
2025-09-01 08:35:00,250.4,250.4,250.22,250.35,26394
2025-09-01 08:40:00,250.34,250.4,250.22,250.36,21432
2025-09-01 08:45:00,250.37,250.4,250.21,250.28,23221
2025-09-01 08:50:00,250.3,250.35,250.21,250.32,11233
2025-09-01 08:55:00,250.3,250.35,249.8,249.92,86693
2025-09-01 09:00:00,249.91,250.25,249.9,250.16,38251
2025-09-01 09:05:00,250.16,250.3,250.16,250.29,18273
2025-09-01 09:10:00,250.28,250.29,250.03,250.19,13609
2025-09-01 09:15:00,250.19,250.25,250.03,250.19,42156
2025-09-01 09:20:00,250.15,250.28,250.06,250.21,25468
2025-09-01 09:25:00,250.19,250.59,250.15,250.54,53405
2025-09-01 09:30:00,250.52,250.56,250.18,250.34,55039
2025-09-01 09:35:00,250.35,250.5,250.33,250.46,53497
2025-09-01 09:40:00,250.4,250.59,250.3,250.52,85799
2025-09-01 09:45:00,250.59,250.6,250.26,250.45,125237
2025-09-01 09:50:00,250.45,250.5,250.15,250.33,115880
2025-09-01 09:55:00,250.33,250.5,250.0,250.5,96398
2025-09-02 03:45:00,250.36,251.3,250.22,250.63,325793
2025-09-02 03:50:00,250.62,250.62,249.79,249.93,79439
2025-09-02 03:55:00,249.93,250.15,249.6,249.86,77624
2025-09-02 04:00:00,249.78,250.36,249.78,250.21,89684
2025-09-02 04:05:00,250.2,250.6,250.15,250.46,60717
2025-09-02 04:10:00,250.52,250.9,250.52,250.86,148906
2025-09-02 04:15:00,250.76,250.87,250.6,250.68,40131
2025-09-02 04:20:00,250.68,251.1,250.6,250.95,132217
2025-09-02 04:25:00,251.0,251.2,250.75,251.08,137382
2025-09-02 04:30:00,251.14,251.25,251.0,251.24,103366
2025-09-02 04:35:00,251.25,251.5,251.12,251.35,75459
2025-09-02 04:40:00,251.3,251.5,251.18,251.42,38872
2025-09-02 04:45:00,251.48,251.5,251.25,251.42,45793
2025-09-02 04:50:00,251.42,251.49,250.91,251.14,28350
2025-09-02 04:55:00,251.14,251.41,251.01,251.25,33616
2025-09-02 05:00:00,251.24,251.37,250.8,250.94,23559
2025-09-02 05:05:00,250.9,250.97,250.75,250.89,23022
2025-09-02 05:10:00,250.82,251.18,250.82,251.0,25478
2025-09-02 05:15:00,251.07,251.15,250.87,251.0,13911
2025-09-02 05:20:00,251.0,251.24,250.9,251.13,26782
2025-09-02 05:25:00,251.15,251.4,251.13,251.4,38162
2025-09-02 05:30:00,251.4,251.8,251.4,251.57,46154
2025-09-02 05:35:00,251.56,251.62,251.4,251.4,35412
2025-09-02 05:40:00,251.41,251.84,251.35,251.64,92832
2025-09-02 05:45:00,251.54,251.63,251.3,251.55,27327
2025-09-02 05:50:00,251.53,251.65,251.3,251.41,18275
2025-09-02 05:55:00,251.35,251.64,251.35,251.41,25769
2025-09-02 06:00:00,251.49,251.8,251.4,251.8,33739
2025-09-02 06:05:00,251.83,252.08,251.82,252.08,71151
2025-09-02 06:10:00,252.11,252.19,252.01,252.15,19748
2025-09-02 06:15:00,252.14,252.5,252.14,252.5,74184
2025-09-02 06:20:00,252.5,252.71,252.29,252.71,75849
2025-09-02 06:25:00,252.7,252.95,252.6,252.85,178188
2025-09-02 06:30:00,252.84,253.15,252.78,253.06,89997
2025-09-02 06:35:00,253.05,253.09,252.32,252.5,154741
2025-09-02 06:40:00,252.44,252.5,252.05,252.14,32632
2025-09-02 06:45:00,252.21,252.29,251.8,252.05,51517
2025-09-02 06:50:00,252.14,252.66,252.05,252.62,30180
2025-09-02 06:55:00,252.65,252.7,252.49,252.55,21298
2025-09-02 07:00:00,252.65,252.78,252.38,252.66,51867
2025-09-02 07:05:00,252.59,252.67,252.36,252.65,76029
2025-09-02 07:10:00,252.64,252.71,252.37,252.53,53043
2025-09-02 07:15:00,252.53,252.63,252.25,252.4,48866
2025-09-02 07:20:00,252.4,252.58,252.38,252.48,23527
2025-09-02 07:25:00,252.48,252.75,252.4,252.7,18702
2025-09-02 07:30:00,252.7,252.7,252.37,252.44,32212
2025-09-02 07:35:00,252.43,252.43,252.21,252.34,23777
2025-09-02 07:40:00,252.34,252.38,252.05,252.3,59313
2025-09-02 07:45:00,252.3,252.39,252.11,252.2,27003
2025-09-02 07:50:00,252.2,252.4,251.86,252.34,43545
2025-09-02 07:55:00,252.34,252.43,252.0,252.35,41644
2025-09-02 08:00:00,252.35,252.6,252.25,252.6,56748
2025-09-02 08:05:00,252.6,252.7,252.25,252.58,85161
2025-09-02 08:10:00,252.45,252.5,251.9,252.05,31649
2025-09-02 08:15:00,252.04,252.13,251.82,251.95,29802
2025-09-02 08:20:00,251.95,252.05,251.5,251.58,63094
2025-09-02 08:25:00,251.58,251.58,251.15,251.27,39426
2025-09-02 08:30:00,251.27,251.5,251.0,251.04,61365
2025-09-02 08:35:00,251.04,251.2,250.8,251.06,61427
2025-09-02 08:40:00,251.06,251.3,250.7,250.7,54864
2025-09-02 08:45:00,250.71,251.09,250.65,250.95,54017
2025-09-02 08:50:00,250.95,251.37,250.8,250.8,121612
2025-09-02 08:55:00,250.78,250.95,250.55,250.8,74704
2025-09-02 09:00:00,250.8,251.13,250.67,250.95,51666
2025-09-02 09:05:00,250.95,251.35,250.87,251.17,83942
2025-09-02 09:10:00,251.06,251.33,251.01,251.15,56384
2025-09-02 09:15:00,251.16,251.68,251.14,251.35,45104
2025-09-02 09:20:00,251.35,251.39,250.73,250.92,64368
2025-09-02 09:25:00,250.88,251.2,250.8,251.0,33587
2025-09-02 09:30:00,251.03,251.09,250.7,250.74,141926
2025-09-02 09:35:00,250.7,251.27,250.7,251.04,124181
2025-09-02 09:40:00,251.18,251.3,250.95,251.0,175870
2025-09-02 09:45:00,251.02,251.02,250.66,250.77,176455
2025-09-02 09:50:00,250.85,250.98,250.7,250.79,117765
2025-09-02 09:55:00,250.74,251.25,250.65,251.25,91895
2025-09-03 03:45:00,251.9,252.4,251.0,251.0,328534
2025-09-03 03:50:00,251.05,251.53,250.93,251.26,102510
2025-09-03 03:55:00,251.28,251.66,251.22,251.44,47035
2025-09-03 04:00:00,251.45,251.52,250.85,251.07,46797
2025-09-03 04:05:00,251.1,251.46,251.04,251.1,26576
2025-09-03 04:10:00,251.15,251.2,251.04,251.2,10257
2025-09-03 04:15:00,251.17,251.28,250.92,251.0,52853
2025-09-03 04:20:00,251.04,251.17,250.92,251.07,21148
2025-09-03 04:25:00,251.07,251.12,250.9,251.09,80626
2025-09-03 04:30:00,251.1,251.2,250.7,250.95,63645
2025-09-03 04:35:00,250.96,250.96,250.71,250.86,42809
2025-09-03 04:40:00,250.9,250.96,250.75,250.77,19533
2025-09-03 04:45:00,250.76,250.78,250.42,250.69,61715
2025-09-03 04:50:00,250.69,250.7,250.42,250.45,32941
2025-09-03 04:55:00,250.45,250.67,250.27,250.5,37821
2025-09-03 05:00:00,250.5,250.5,250.3,250.49,11950
2025-09-03 05:05:00,250.49,250.49,249.9,249.94,96719
2025-09-03 05:10:00,249.9,250.0,249.74,249.75,45601
2025-09-03 05:15:00,249.74,249.75,249.47,249.65,54983
2025-09-03 05:20:00,249.7,249.72,249.2,249.51,50422
2025-09-03 05:25:00,249.51,249.54,249.37,249.53,19314
2025-09-03 05:30:00,249.54,249.54,249.26,249.48,26591
2025-09-03 05:35:00,249.48,249.72,249.25,249.59,44838
2025-09-03 05:40:00,249.58,249.79,249.58,249.7,27122
2025-09-03 05:45:00,249.7,250.04,249.68,250.01,37376
2025-09-03 05:50:00,250.04,250.18,249.75,249.92,44317
2025-09-03 05:55:00,249.92,249.92,249.72,249.8,22713
2025-09-03 06:00:00,249.8,249.93,249.7,249.84,31669
2025-09-03 06:05:00,249.84,249.95,249.74,249.78,20878
2025-09-03 06:10:00,249.77,249.9,249.65,249.69,22423
2025-09-03 06:15:00,249.69,249.7,249.51,249.57,22926
2025-09-03 06:20:00,249.56,249.75,249.52,249.75,26282
2025-09-03 06:25:00,249.75,250.15,249.72,250.1,22683
2025-09-03 06:30:00,250.15,250.15,249.95,250.04,12900
2025-09-03 06:35:00,250.03,250.03,249.81,249.91,24434
2025-09-03 06:40:00,249.95,250.25,249.86,250.16,27580
2025-09-03 06:45:00,250.16,250.23,250.03,250.18,29203
2025-09-03 06:50:00,250.18,250.35,250.11,250.25,19847
2025-09-03 06:55:00,250.25,250.3,250.01,250.22,30558
2025-09-03 07:00:00,250.21,250.34,250.18,250.3,16957
2025-09-03 07:05:00,250.29,250.3,250.15,250.23,9353
2025-09-03 07:10:00,250.23,250.23,250.0,250.13,11582
2025-09-03 07:15:00,250.1,250.12,249.65,249.73,24888
2025-09-03 07:20:00,249.73,249.83,249.53,249.55,28490
2025-09-03 07:25:00,249.55,249.62,249.29,249.4,156061
2025-09-03 07:30:00,249.4,249.42,249.22,249.41,41410
2025-09-03 07:35:00,249.41,249.49,249.23,249.27,46331
2025-09-03 07:40:00,249.27,249.34,249.12,249.15,64473
2025-09-03 07:45:00,249.19,249.25,249.15,249.18,48782
2025-09-03 07:50:00,249.16,249.21,249.15,249.21,35062
2025-09-03 07:55:00,249.21,249.4,249.2,249.35,23958
2025-09-03 08:00:00,249.25,249.36,249.2,249.29,18908
2025-09-03 08:05:00,249.28,249.36,249.16,249.2,41027
2025-09-03 08:10:00,249.27,249.89,249.27,249.79,67123
2025-09-03 08:15:00,249.79,249.9,249.7,249.84,33131
2025-09-03 08:20:00,249.8,249.94,249.7,249.88,30749
2025-09-03 08:25:00,249.88,250.0,249.81,249.89,46798
2025-09-03 08:30:00,249.89,249.9,249.72,249.85,25184
2025-09-03 08:35:00,249.86,249.86,249.65,249.7,23463
2025-09-03 08:40:00,249.68,249.7,249.57,249.58,69669
2025-09-03 08:45:00,249.58,249.7,249.52,249.7,19035
2025-09-03 08:50:00,249.7,249.9,249.68,249.8,56188
2025-09-03 08:55:00,249.75,249.9,249.7,249.86,31045
2025-09-03 09:00:00,249.8,250.0,249.66,249.77,28178
2025-09-03 09:05:00,249.78,249.92,249.71,249.85,44310
2025-09-03 09:10:00,249.85,249.85,249.61,249.73,27575
2025-09-03 09:15:00,249.73,249.87,249.7,249.75,56459
2025-09-03 09:20:00,249.75,249.85,249.72,249.8,36030
2025-09-03 09:25:00,249.75,249.8,249.65,249.73,30182
2025-09-03 09:30:00,249.75,249.83,249.6,249.78,150250
2025-09-03 09:35:00,249.78,249.79,249.73,249.76,73963
2025-09-03 09:40:00,249.76,249.77,249.58,249.64,182624
2025-09-03 09:45:00,249.64,249.64,249.55,249.6,130156
2025-09-03 09:50:00,249.6,249.6,249.32,249.33,181172
2025-09-03 09:55:00,249.33,249.69,249.3,249.55,197580
2025-09-04 03:45:00,249.5,250.34,248.75,248.93,363336
2025-09-04 03:50:00,248.93,249.1,248.56,248.69,115774
2025-09-04 03:55:00,248.69,248.69,247.62,247.84,203450
2025-09-04 04:00:00,247.84,248.6,247.75,248.59,67556
2025-09-04 04:05:00,248.59,248.9,248.5,248.83,103147
2025-09-04 04:10:00,248.83,248.88,248.61,248.7,45879
2025-09-04 04:15:00,248.61,248.93,248.32,248.92,70938
2025-09-04 04:20:00,248.95,249.0,248.8,248.87,44280
2025-09-04 04:25:00,248.86,248.9,248.57,248.78,28397
2025-09-04 04:30:00,248.81,248.96,248.71,248.88,24923
2025-09-04 04:35:00,248.88,248.93,248.55,248.58,43862
2025-09-04 04:40:00,248.57,248.58,248.14,248.27,49198
2025-09-04 04:45:00,248.18,248.42,248.09,248.4,48612
2025-09-04 04:50:00,248.4,248.46,248.15,248.4,24424
2025-09-04 04:55:00,248.4,248.4,248.16,248.19,21254
2025-09-04 05:00:00,248.2,248.25,248.1,248.18,45881
2025-09-04 05:05:00,248.27,248.27,247.8,247.81,65697
2025-09-04 05:10:00,247.88,247.89,247.5,247.68,64502
2025-09-04 05:15:00,247.64,247.7,247.5,247.64,32358
2025-09-04 05:20:00,247.7,247.8,247.5,247.5,29232
2025-09-04 05:25:00,247.5,247.88,247.25,247.88,72318
2025-09-04 05:30:00,247.88,248.28,247.84,247.85,31279
2025-09-04 05:35:00,247.87,248.07,247.75,247.81,16421
2025-09-04 05:40:00,247.81,247.85,247.75,247.82,16803
2025-09-04 05:45:00,247.82,247.89,247.65,247.71,27201
2025-09-04 05:50:00,247.65,247.68,247.15,247.3,45593
2025-09-04 05:55:00,247.3,247.4,247.19,247.3,21993
2025-09-04 06:00:00,247.31,247.45,247.26,247.32,39460
2025-09-04 06:05:00,247.31,247.31,247.0,247.15,44829
2025-09-04 06:10:00,247.15,247.6,247.0,247.55,32808
2025-09-04 06:15:00,247.59,247.69,247.49,247.52,27764
2025-09-04 06:20:00,247.52,247.85,247.52,247.8,39646
2025-09-04 06:25:00,247.83,247.85,247.44,247.67,32097
2025-09-04 06:30:00,247.67,247.74,247.6,247.7,18194
2025-09-04 06:35:00,247.7,247.85,247.65,247.66,22547
2025-09-04 06:40:00,247.67,247.72,247.5,247.7,23184
2025-09-04 06:45:00,247.63,247.73,247.52,247.58,10442
2025-09-04 06:50:00,247.56,247.6,247.25,247.37,17908
2025-09-04 06:55:00,247.35,247.39,247.02,247.1,24814
2025-09-04 07:00:00,247.02,247.26,247.02,247.25,29774
2025-09-04 07:05:00,247.25,247.46,247.15,247.44,20783
2025-09-04 07:10:00,247.47,247.58,247.4,247.45,14520
2025-09-04 07:15:00,247.45,247.45,247.3,247.36,13466
2025-09-04 07:20:00,247.44,247.49,247.31,247.49,17457
2025-09-04 07:25:00,247.47,247.56,247.35,247.48,18251
2025-09-04 07:30:00,247.48,247.48,247.3,247.45,17554
2025-09-04 07:35:00,247.45,247.6,247.39,247.48,17817
2025-09-04 07:40:00,247.48,247.5,247.31,247.45,13167
2025-09-04 07:45:00,247.45,247.55,247.4,247.48,21075
2025-09-04 07:50:00,247.45,247.55,247.4,247.54,17825
2025-09-04 07:55:00,247.42,247.54,247.35,247.45,12089
2025-09-04 08:00:00,247.45,247.45,247.3,247.38,13422
2025-09-04 08:05:00,247.35,247.39,247.15,247.25,34388
2025-09-04 08:10:00,247.25,247.25,247.02,247.12,25186
2025-09-04 08:15:00,247.12,247.12,246.8,246.9,97943
2025-09-04 08:20:00,246.9,247.0,246.6,246.84,50330
2025-09-04 08:25:00,246.84,246.88,246.62,246.74,33988
2025-09-04 08:30:00,246.75,246.8,246.6,246.74,30341
2025-09-04 08:35:00,246.74,246.8,246.6,246.7,30517
2025-09-04 08:40:00,246.7,246.75,246.55,246.65,21847
2025-09-04 08:45:00,246.65,246.85,246.5,246.83,34935
2025-09-04 08:50:00,246.84,246.88,246.3,246.35,117684
2025-09-04 08:55:00,246.35,246.38,245.93,246.01,131884
2025-09-04 09:00:00,246.01,246.09,245.84,245.98,245147
2025-09-04 09:05:00,245.98,246.01,245.7,245.74,66823
2025-09-04 09:10:00,245.75,246.1,245.7,246.0,95937
2025-09-04 09:15:00,245.99,246.0,245.62,245.73,50119
2025-09-04 09:20:00,245.73,245.77,245.3,245.36,102191
2025-09-04 09:25:00,245.36,245.67,245.11,245.27,70967
2025-09-04 09:30:00,245.27,245.4,245.05,245.13,123509
2025-09-04 09:35:00,245.13,245.15,244.87,244.99,183671
2025-09-04 09:40:00,244.99,245.0,244.55,244.79,127484
2025-09-04 09:45:00,244.82,245.09,244.65,245.01,235896
2025-09-04 09:50:00,245.01,245.19,244.96,244.99,316554
2025-09-04 09:55:00,244.99,245.78,244.44,245.45,507172
2025-09-05 03:45:00,246.1,247.32,245.85,247.2,285155
2025-09-05 03:50:00,247.17,247.2,245.83,245.95,115876
2025-09-05 03:55:00,246.0,246.39,245.9,246.24,73474
2025-09-05 04:00:00,246.23,246.84,246.23,246.82,41554
2025-09-05 04:05:00,246.84,246.94,246.4,246.42,58429
2025-09-05 04:10:00,246.42,246.55,246.14,246.38,25208
2025-09-05 04:15:00,246.46,246.71,246.29,246.59,29054
2025-09-05 04:20:00,246.69,246.95,246.69,246.9,32405
2025-09-05 04:25:00,246.87,246.94,246.82,246.92,23698
2025-09-05 04:30:00,247.0,247.1,246.5,246.5,41867
2025-09-05 04:35:00,246.57,246.57,245.34,245.96,95524
2025-09-05 04:40:00,245.96,245.96,242.42,242.8,389985
2025-09-05 04:45:00,242.91,242.91,241.27,242.48,324997
2025-09-05 04:50:00,242.4,243.17,241.6,243.07,209754
2025-09-05 04:55:00,243.1,244.7,242.75,244.45,202294
2025-09-05 05:00:00,244.44,244.54,243.66,243.91,147494
2025-09-05 05:05:00,243.99,244.57,243.64,244.29,103604
2025-09-05 05:10:00,244.32,244.8,243.89,244.44,159626
2025-09-05 05:15:00,244.54,245.47,244.41,245.1,294211
2025-09-05 05:20:00,245.04,245.22,244.33,244.33,91601
2025-09-05 05:25:00,244.33,244.71,244.18,244.59,81167
2025-09-05 05:30:00,244.59,245.17,244.14,244.48,58029
2025-09-05 05:35:00,244.57,244.57,243.9,243.93,96082
2025-09-05 05:40:00,243.97,244.72,243.86,244.2,94720
2025-09-05 05:45:00,244.18,244.23,243.72,244.03,120038
2025-09-05 05:50:00,244.03,244.4,243.83,243.85,26310
2025-09-05 05:55:00,243.93,244.17,243.88,244.01,25746
2025-09-05 06:00:00,244.03,244.2,243.86,243.96,35033
2025-09-05 06:05:00,243.96,244.16,243.68,243.74,34602
2025-09-05 06:10:00,243.74,243.74,243.15,243.27,36776
2025-09-05 06:15:00,243.22,243.46,243.1,243.3,61503
2025-09-05 06:20:00,243.25,243.62,243.24,243.39,62676
2025-09-05 06:25:00,243.4,243.6,243.26,243.53,37921
2025-09-05 06:30:00,243.53,243.53,243.06,243.24,79393
2025-09-05 06:35:00,243.25,244.03,243.14,243.89,50749
2025-09-05 06:40:00,243.97,244.02,243.29,243.29,40986
2025-09-05 06:45:00,243.29,243.29,243.01,243.07,73141
2025-09-05 06:50:00,243.01,243.5,243.01,243.34,61570
2025-09-05 06:55:00,243.43,243.5,243.31,243.45,21521
2025-09-05 07:00:00,243.45,243.63,243.3,243.44,32745
2025-09-05 07:05:00,243.44,243.49,243.21,243.37,31185
2025-09-05 07:10:00,243.46,243.59,243.35,243.53,26303
2025-09-05 07:15:00,243.49,243.53,243.23,243.3,43002
2025-09-05 07:20:00,243.24,243.43,243.06,243.18,105776
2025-09-05 07:25:00,243.18,243.39,243.06,243.29,44202
2025-09-05 07:30:00,243.29,243.43,243.1,243.23,28828
2025-09-05 07:35:00,243.12,243.54,243.12,243.39,38211
2025-09-05 07:40:00,243.39,243.9,243.39,243.6,61445
2025-09-05 07:45:00,243.69,244.13,243.59,244.08,40457
2025-09-05 07:50:00,244.08,244.08,243.72,244.0,28169
2025-09-05 07:55:00,244.0,244.15,243.93,244.0,24653
2025-09-05 08:00:00,244.05,244.13,243.92,244.05,26144
2025-09-05 08:05:00,244.11,244.17,243.89,244.07,20720
2025-09-05 08:10:00,244.15,244.4,244.06,244.31,25320
2025-09-05 08:15:00,244.41,244.99,244.4,244.57,103718
2025-09-05 08:20:00,244.51,244.7,244.32,244.62,36223
2025-09-05 08:25:00,244.61,244.79,244.4,244.71,31237
2025-09-05 08:30:00,244.78,244.85,244.6,244.73,24493
2025-09-05 08:35:00,244.81,244.81,244.55,244.55,24008
2025-09-05 08:40:00,244.59,244.59,244.21,244.29,31020
2025-09-05 08:45:00,244.29,244.42,244.11,244.29,18500
2025-09-05 08:50:00,244.29,244.34,244.22,244.28,14228
2025-09-05 08:55:00,244.23,244.39,244.06,244.21,33751
2025-09-05 09:00:00,244.26,244.4,244.1,244.12,31702
2025-09-05 09:05:00,244.07,244.17,243.91,244.0,101352
2025-09-05 09:10:00,244.0,244.1,243.91,243.93,54199
2025-09-05 09:15:00,243.93,244.09,243.91,244.06,50482
2025-09-05 09:20:00,244.01,244.07,243.8,243.85,35444
2025-09-05 09:25:00,243.89,244.0,243.61,243.8,74267
2025-09-05 09:30:00,243.75,243.88,243.54,243.66,110003
2025-09-05 09:35:00,243.76,244.0,243.64,243.79,252113
2025-09-05 09:40:00,243.79,243.96,243.43,243.5,128430
2025-09-05 09:45:00,243.5,243.72,243.38,243.5,341681
2025-09-05 09:50:00,243.5,244.24,243.42,244.21,202930
2025-09-05 09:55:00,244.2,244.45,243.4,244.36,112737
2025-09-08 03:45:00,244.36,246.99,244.36,245.4,665854
2025-09-08 03:50:00,245.36,245.5,243.67,244.17,874677
2025-09-08 03:55:00,244.16,244.49,243.5,243.6,212153
2025-09-08 04:00:00,243.65,244.65,243.45,244.31,191846
2025-09-08 04:05:00,244.31,244.7,243.61,243.75,312476
2025-09-08 04:10:00,243.8,243.86,243.37,243.51,165011
2025-09-08 04:15:00,243.51,243.91,243.51,243.72,139576
2025-09-08 04:20:00,243.73,244.31,243.5,244.22,167136
2025-09-08 04:25:00,244.12,244.26,243.41,243.82,187539
2025-09-08 04:30:00,243.86,244.17,243.8,243.89,38618
2025-09-08 04:35:00,243.9,244.3,243.81,243.96,50890
2025-09-08 04:40:00,243.96,244.35,243.95,244.01,36264
2025-09-08 04:45:00,244.08,244.21,243.99,244.09,32262
2025-09-08 04:50:00,244.09,244.09,243.7,243.77,40787
2025-09-08 04:55:00,243.7,243.96,243.62,243.81,29762
2025-09-08 05:00:00,243.82,243.89,243.6,243.73,39576
2025-09-08 05:05:00,243.8,244.09,243.73,244.07,54701
2025-09-08 05:10:00,244.07,244.43,244.01,244.36,56376
2025-09-08 05:15:00,244.41,244.6,243.72,243.84,156096
2025-09-08 05:20:00,243.8,243.9,243.25,243.48,65806
2025-09-08 05:25:00,243.4,243.56,243.06,243.19,47699
2025-09-08 05:30:00,243.19,243.4,242.85,243.27,90433
2025-09-08 05:35:00,243.16,243.29,242.67,243.1,76473
2025-09-08 05:40:00,243.12,243.46,243.07,243.36,26384
2025-09-08 05:45:00,243.34,243.46,243.07,243.4,53430
2025-09-08 05:50:00,243.43,243.5,243.2,243.3,17522
2025-09-08 05:55:00,243.25,243.33,243.1,243.17,39892
2025-09-08 06:00:00,243.11,243.2,242.9,243.12,49933
2025-09-08 06:05:00,243.06,243.15,242.94,243.0,74272
2025-09-08 06:10:00,242.98,243.15,242.9,243.05,24921
2025-09-08 06:15:00,243.0,243.15,242.97,242.99,30058
2025-09-08 06:20:00,243.0,243.0,242.91,242.98,21477
2025-09-08 06:25:00,243.0,243.0,242.91,242.98,22760
2025-09-08 06:30:00,243.0,243.23,242.96,243.14,32057
2025-09-08 06:35:00,243.14,243.3,243.0,243.09,31202
2025-09-08 06:40:00,243.02,243.16,243.0,243.0,25259
2025-09-08 06:45:00,243.0,243.16,242.91,243.0,31186
2025-09-08 06:50:00,243.05,243.09,242.9,242.99,25130
2025-09-08 06:55:00,242.98,243.0,242.81,242.94,33550
2025-09-08 07:00:00,242.92,243.0,242.85,242.98,21478
2025-09-08 07:05:00,243.0,243.38,242.92,243.19,44078
2025-09-08 07:10:00,243.25,243.35,243.01,243.05,30457
2025-09-08 07:15:00,243.06,243.22,242.96,242.98,39652
2025-09-08 07:20:00,243.0,243.1,242.95,243.0,31198
2025-09-08 07:25:00,243.09,243.19,242.97,243.06,35358
2025-09-08 07:30:00,243.04,243.1,242.95,243.0,26638
2025-09-08 07:35:00,243.0,243.0,242.95,242.99,22985
2025-09-08 07:40:00,242.99,243.12,242.96,243.01,33509
2025-09-08 07:45:00,243.05,243.05,242.9,242.98,39586
2025-09-08 07:50:00,242.98,243.0,242.88,242.92,25313
2025-09-08 07:55:00,242.94,243.0,242.86,242.99,20610
2025-09-08 08:00:00,243.0,243.07,242.95,243.0,28327
2025-09-08 08:05:00,242.96,243.0,242.95,242.98,17498
2025-09-08 08:10:00,243.0,243.0,242.9,242.99,19580
2025-09-08 08:15:00,242.98,242.99,242.75,242.8,35464
2025-09-08 08:20:00,242.79,242.85,242.5,242.56,51309
2025-09-08 08:25:00,242.57,242.75,242.56,242.74,28247
2025-09-08 08:30:00,242.74,243.0,242.7,242.7,45809
2025-09-08 08:35:00,242.72,242.94,242.65,242.85,24578
2025-09-08 08:40:00,242.84,243.0,242.69,242.99,58192
2025-09-08 08:45:00,242.98,243.13,242.88,242.99,36903
2025-09-08 08:50:00,243.0,243.0,242.91,242.94,63787
2025-09-08 08:55:00,242.91,243.13,242.85,242.96,37969
2025-09-08 09:00:00,242.96,243.19,242.95,243.0,37347
2025-09-08 09:05:00,242.99,243.15,242.83,242.94,49825
2025-09-08 09:10:00,242.9,243.0,242.78,242.91,21901
2025-09-08 09:15:00,242.92,242.97,242.52,242.68,112770
2025-09-08 09:20:00,242.68,242.79,242.55,242.64,32192
2025-09-08 09:25:00,242.64,242.75,242.51,242.72,31528
2025-09-08 09:30:00,242.72,242.74,242.4,242.57,225631
2025-09-08 09:35:00,242.57,242.58,242.36,242.46,138001
2025-09-08 09:40:00,242.43,242.5,242.2,242.45,176918
2025-09-08 09:45:00,242.49,242.55,242.3,242.53,226233
2025-09-08 09:50:00,242.53,242.67,242.33,242.52,224495
2025-09-08 09:55:00,242.55,242.93,242.5,242.8,227097
2025-09-09 03:45:00,245.0,248.97,245.0,248.0,1352616
2025-09-09 03:50:00,248.0,248.92,247.75,248.38,497466
2025-09-09 03:55:00,248.37,248.52,247.3,248.41,597555
2025-09-09 04:00:00,248.4,249.11,248.09,248.47,653285
2025-09-09 04:05:00,248.5,248.89,248.17,248.28,352182
2025-09-09 04:10:00,248.28,249.16,247.92,249.1,294452
2025-09-09 04:15:00,249.04,249.2,248.5,248.5,312354
2025-09-09 04:20:00,248.5,248.61,247.9,248.16,255462
2025-09-09 04:25:00,248.16,248.49,247.9,248.29,198265
2025-09-09 04:30:00,248.3,248.8,248.11,248.21,185257
2025-09-09 04:35:00,248.18,248.47,248.07,248.35,57065
2025-09-09 04:40:00,248.35,248.35,248.0,248.19,94732
2025-09-09 04:45:00,248.18,248.72,248.15,248.41,138912
2025-09-09 04:50:00,248.37,248.5,248.26,248.48,50244
2025-09-09 04:55:00,248.44,248.9,248.41,248.9,110782
2025-09-09 05:00:00,248.9,249.18,248.85,249.15,226048
2025-09-09 05:05:00,249.12,249.14,248.61,248.68,97199
2025-09-09 05:10:00,248.55,248.75,248.3,248.74,73300
2025-09-09 05:15:00,248.74,249.2,248.72,249.12,158994
2025-09-09 05:20:00,249.13,249.45,249.03,249.4,203976
2025-09-09 05:25:00,249.4,249.4,249.05,249.21,133471
2025-09-09 05:30:00,249.17,249.85,249.16,249.65,258167
2025-09-09 05:35:00,249.6,249.69,249.42,249.63,92225
2025-09-09 05:40:00,249.69,249.7,249.36,249.36,86784
2025-09-09 05:45:00,249.4,249.44,249.02,249.35,147897
2025-09-09 05:50:00,249.27,249.69,249.21,249.55,72870
2025-09-09 05:55:00,249.54,249.8,249.5,249.6,106372
2025-09-09 06:00:00,249.6,249.7,249.3,249.46,44367
2025-09-09 06:05:00,249.48,249.5,249.21,249.3,53153
2025-09-09 06:10:00,249.39,249.48,248.85,248.96,91802
2025-09-09 06:15:00,248.96,249.17,248.45,248.45,136436
2025-09-09 06:20:00,248.45,248.84,248.13,248.28,207827
2025-09-09 06:25:00,248.3,248.68,248.04,248.5,197028
2025-09-09 06:30:00,248.53,248.63,248.3,248.31,40619
2025-09-09 06:35:00,248.31,248.35,247.8,248.07,228897
2025-09-09 06:40:00,248.07,248.42,248.0,248.39,65654
2025-09-09 06:45:00,248.4,249.0,248.31,248.97,103561
2025-09-09 06:50:00,248.97,249.25,248.87,249.11,106891
2025-09-09 06:55:00,249.15,249.25,248.75,248.79,119675
2025-09-09 07:00:00,248.75,249.17,248.6,249.09,68264
2025-09-09 07:05:00,249.12,249.29,248.85,249.09,150908
2025-09-09 07:10:00,249.2,249.58,249.0,249.53,134236
2025-09-09 07:15:00,249.53,249.55,249.41,249.5,74605
2025-09-09 07:20:00,249.5,249.59,249.11,249.11,136717
2025-09-09 07:25:00,249.18,249.2,248.8,248.94,54136
2025-09-09 07:30:00,248.96,249.0,248.8,248.87,59274
2025-09-09 07:35:00,248.85,248.94,248.66,248.94,45728
2025-09-09 07:40:00,248.93,248.93,248.56,248.74,59888
2025-09-09 07:45:00,248.75,248.88,248.52,248.82,31892
2025-09-09 07:50:00,248.82,248.85,248.52,248.62,46535
2025-09-09 07:55:00,248.63,248.8,248.62,248.76,21476
2025-09-09 08:00:00,248.76,248.97,248.76,248.95,28830
2025-09-09 08:05:00,248.9,248.91,248.68,248.8,47283
2025-09-09 08:10:00,248.8,248.9,248.5,248.59,42725
2025-09-09 08:15:00,248.68,248.7,248.52,248.61,23215
2025-09-09 08:20:00,248.6,248.81,248.55,248.77,54225
2025-09-09 08:25:00,248.81,248.88,248.72,248.84,39057
2025-09-09 08:30:00,248.84,249.74,248.56,249.5,218225
2025-09-09 08:35:00,249.5,249.54,249.0,249.31,69600
2025-09-09 08:40:00,249.31,249.34,249.1,249.15,51225
2025-09-09 08:45:00,249.13,249.13,248.65,248.77,104121
2025-09-09 08:50:00,248.77,249.0,248.67,248.74,40146
2025-09-09 08:55:00,248.74,249.07,248.67,248.79,110008
2025-09-09 09:00:00,248.79,248.95,248.79,248.8,50081
2025-09-09 09:05:00,248.91,248.97,248.6,248.85,124028
2025-09-09 09:10:00,248.85,248.87,248.65,248.7,97148
2025-09-09 09:15:00,248.7,249.08,248.65,249.05,134069
2025-09-09 09:20:00,249.01,249.24,249.0,249.2,118640
2025-09-09 09:25:00,249.2,249.35,248.87,248.89,104888
2025-09-09 09:30:00,249.0,249.25,248.91,248.99,286774
2025-09-09 09:35:00,248.99,249.2,248.95,248.97,254989
2025-09-09 09:40:00,249.01,249.33,248.91,249.23,348242
2025-09-09 09:45:00,249.15,249.33,249.0,249.2,657111
2025-09-09 09:50:00,249.21,249.31,248.96,249.07,478408
2025-09-09 09:55:00,249.0,249.4,249.0,249.21,264255
2025-09-10 03:45:00,249.3,252.22,249.25,252.1,873060
2025-09-10 03:50:00,252.05,254.3,252.0,254.1,849525
2025-09-10 03:55:00,254.09,254.15,253.6,253.84,443184
2025-09-10 04:00:00,253.81,254.15,253.61,254.09,339365
2025-09-10 04:05:00,254.04,255.29,254.04,255.0,724700
2025-09-10 04:10:00,254.98,255.5,254.7,255.09,359232
2025-09-10 04:15:00,255.02,255.74,254.81,255.23,548192
2025-09-10 04:20:00,255.24,255.9,255.24,255.7,379075
2025-09-10 04:25:00,255.65,255.9,255.28,255.39,233278
2025-09-10 04:30:00,255.39,256.18,255.31,255.88,447777
2025-09-10 04:35:00,255.97,255.97,255.2,255.2,278639
2025-09-10 04:40:00,255.3,255.45,254.92,255.2,356890
2025-09-10 04:45:00,255.15,255.45,254.92,255.3,240063
2025-09-10 04:50:00,255.24,255.76,255.2,255.76,217429
2025-09-10 04:55:00,255.76,256.0,255.67,255.87,197528
2025-09-10 05:00:00,255.87,256.15,255.53,255.7,218898
2025-09-10 05:05:00,255.7,256.05,255.55,255.85,159478
2025-09-10 05:10:00,255.86,256.17,255.84,256.0,127672
2025-09-10 05:15:00,255.9,256.07,255.62,256.0,130634
2025-09-10 05:20:00,256.05,256.05,255.66,255.91,83476
2025-09-10 05:25:00,255.78,255.96,255.6,255.9,87214
2025-09-10 05:30:00,255.8,256.25,255.56,256.2,243015
2025-09-10 05:35:00,256.2,256.64,256.03,256.6,238455
2025-09-10 05:40:00,256.6,256.62,256.0,256.22,123833
2025-09-10 05:45:00,256.2,256.23,255.81,255.92,142130
2025-09-10 05:50:00,255.9,256.75,255.76,256.69,237378
2025-09-10 05:55:00,256.69,257.0,256.65,256.81,272265
2025-09-10 06:00:00,256.81,257.0,256.68,256.77,162766
2025-09-10 06:05:00,256.7,257.0,256.49,256.99,209111
2025-09-10 06:10:00,256.99,257.0,256.58,256.94,115315
2025-09-10 06:15:00,256.92,256.95,256.66,256.79,119844
2025-09-10 06:20:00,256.85,256.85,256.6,256.84,117219
2025-09-10 06:25:00,256.84,257.0,256.73,256.99,276363
2025-09-10 06:30:00,256.95,257.17,256.8,257.0,248867
2025-09-10 06:35:00,256.99,257.04,256.85,257.02,112002
2025-09-10 06:40:00,257.03,257.04,256.85,257.0,82144
2025-09-10 06:45:00,256.88,257.0,256.67,256.85,107530
2025-09-10 06:50:00,256.73,256.96,256.62,256.93,86133
2025-09-10 06:55:00,256.8,257.1,256.8,257.06,148022
2025-09-10 07:00:00,257.05,257.06,256.8,256.89,69078
2025-09-10 07:05:00,256.88,256.89,256.62,256.71,114284
2025-09-10 07:10:00,256.72,256.85,256.62,256.74,94865
2025-09-10 07:15:00,256.74,256.78,256.35,256.45,124749
2025-09-10 07:20:00,256.4,256.49,256.2,256.3,153048
2025-09-10 07:25:00,256.32,256.43,256.21,256.43,101099
2025-09-10 07:30:00,256.39,256.55,256.18,256.55,130230
2025-09-10 07:35:00,256.45,256.69,256.44,256.69,66634
2025-09-10 07:40:00,256.67,256.72,256.43,256.44,76674
2025-09-10 07:45:00,256.46,256.53,256.2,256.29,110326
2025-09-10 07:50:00,256.29,256.39,256.03,256.23,107365
2025-09-10 07:55:00,256.25,256.25,256.0,256.15,55457
2025-09-10 08:00:00,256.15,256.15,255.9,256.0,81881
2025-09-10 08:05:00,256.0,256.0,255.8,256.0,75584
2025-09-10 08:10:00,255.96,256.21,255.88,256.2,60365
2025-09-10 08:15:00,256.2,256.35,256.05,256.1,53878
2025-09-10 08:20:00,256.18,256.23,255.95,256.12,52810
2025-09-10 08:25:00,256.05,256.21,256.0,256.0,39343
2025-09-10 08:30:00,256.06,256.08,255.51,255.55,162027
2025-09-10 08:35:00,255.54,255.98,255.54,255.84,59924
2025-09-10 08:40:00,255.82,255.86,255.67,255.74,72239
2025-09-10 08:45:00,255.78,255.84,255.56,255.65,84994
2025-09-10 08:50:00,255.65,255.8,255.55,255.75,89317
2025-09-10 08:55:00,255.75,255.8,255.6,255.8,69448
2025-09-10 09:00:00,255.72,255.82,255.35,255.38,126061
2025-09-10 09:05:00,255.35,255.57,255.2,255.4,116921
2025-09-10 09:10:00,255.34,255.47,255.13,255.18,133467
2025-09-10 09:15:00,255.19,255.75,255.18,255.7,131143
2025-09-10 09:20:00,255.69,255.76,255.55,255.64,85675
2025-09-10 09:25:00,255.64,255.64,255.24,255.49,107565
2025-09-10 09:30:00,255.51,255.99,255.49,255.79,283703
2025-09-10 09:35:00,255.79,255.88,255.68,255.87,276375
2025-09-10 09:40:00,255.84,255.84,255.76,255.77,371885
2025-09-10 09:45:00,255.8,255.89,255.6,255.87,553912
2025-09-10 09:50:00,255.89,255.89,255.58,255.74,374789
2025-09-10 09:55:00,255.77,255.9,255.55,255.65,254409
2025-09-11 03:45:00,255.7,255.7,252.55,253.8,855955
2025-09-11 03:50:00,253.72,254.12,253.22,254.0,190647
2025-09-11 03:55:00,254.0,254.3,253.04,253.1,218373
2025-09-11 04:00:00,253.09,253.67,252.81,253.67,236903
2025-09-11 04:05:00,253.67,254.01,253.31,253.81,140020
2025-09-11 04:10:00,253.86,253.86,253.64,253.79,56256
2025-09-11 04:15:00,253.8,253.8,253.29,253.45,76002
2025-09-11 04:20:00,253.45,253.65,253.38,253.45,39489
2025-09-11 04:25:00,253.5,253.5,253.0,253.09,100572
2025-09-11 04:30:00,253.11,253.2,252.8,252.91,178264
2025-09-11 04:35:00,252.95,253.39,252.88,253.17,83334
2025-09-11 04:40:00,253.18,253.27,253.0,253.15,57564
2025-09-11 04:45:00,253.15,253.6,253.1,253.53,91364
2025-09-11 04:50:00,253.6,253.75,253.31,253.5,57632
2025-09-11 04:55:00,253.5,253.6,253.44,253.58,24062
2025-09-11 05:00:00,253.58,253.75,253.46,253.64,30904
2025-09-11 05:05:00,253.65,253.66,253.4,253.5,24024
2025-09-11 05:10:00,253.49,253.5,253.21,253.32,54779
2025-09-11 05:15:00,253.31,253.38,252.99,253.21,62770
2025-09-11 05:20:00,253.25,253.35,253.03,253.16,93957
2025-09-11 05:25:00,253.17,253.21,252.8,252.95,38333
2025-09-11 05:30:00,253.0,253.24,252.88,253.0,51903
2025-09-11 05:35:00,253.0,253.07,252.87,253.0,40543
2025-09-11 05:40:00,253.03,253.03,252.6,252.79,111407
2025-09-11 05:45:00,252.79,252.89,252.65,252.88,36591
2025-09-11 05:50:00,252.88,252.99,252.68,252.99,45546
2025-09-11 05:55:00,252.99,253.3,252.77,253.3,68412
2025-09-11 06:00:00,253.3,253.34,253.1,253.1,25467
2025-09-11 06:05:00,253.12,253.12,252.5,252.5,111512
2025-09-11 06:10:00,252.4,252.5,252.17,252.36,57753
2025-09-11 06:15:00,252.45,252.47,252.2,252.38,32817
2025-09-11 06:20:00,252.37,252.64,252.26,252.46,62714
2025-09-11 06:25:00,252.45,252.64,252.35,252.57,37615
2025-09-11 06:30:00,252.57,252.65,252.18,252.59,49004
2025-09-11 06:35:00,252.59,252.8,252.5,252.8,20198
2025-09-11 06:40:00,252.81,253.0,252.76,252.87,42769
2025-09-11 06:45:00,252.9,252.95,252.73,252.94,20545
2025-09-11 06:50:00,252.94,252.95,252.8,252.92,22030
2025-09-11 06:55:00,252.92,253.25,252.84,253.2,20331
2025-09-11 07:00:00,253.2,253.35,253.15,253.3,29677
2025-09-11 07:05:00,253.3,253.3,252.81,252.86,42447
2025-09-11 07:10:00,252.92,253.1,252.85,252.9,16630
2025-09-11 07:15:00,253.0,253.0,252.56,252.56,27107
2025-09-11 07:20:00,252.6,253.0,252.58,252.95,21307
2025-09-11 07:25:00,252.92,253.07,252.92,253.0,19371
2025-09-11 07:30:00,253.0,253.0,252.77,252.9,19275
2025-09-11 07:35:00,253.0,253.08,252.85,253.02,20424
2025-09-11 07:40:00,253.0,253.08,252.78,252.94,21625
2025-09-11 07:45:00,252.95,252.97,252.58,252.78,48683
2025-09-11 07:50:00,252.8,252.85,252.7,252.76,40903
2025-09-11 07:55:00,252.83,253.08,252.76,253.08,21319
2025-09-11 08:00:00,253.08,253.2,252.93,253.07,36606
2025-09-11 08:05:00,253.07,253.1,252.9,253.03,26669
2025-09-11 08:10:00,253.03,253.1,252.98,253.01,19226
2025-09-11 08:15:00,253.1,253.15,253.0,253.11,13211
2025-09-11 08:20:00,253.15,253.3,253.11,253.24,31657
2025-09-11 08:25:00,253.24,253.29,252.81,252.9,43101
2025-09-11 08:30:00,252.95,253.2,252.74,253.09,47807
2025-09-11 08:35:00,253.1,253.15,252.94,253.04,19280
2025-09-11 08:40:00,253.03,253.14,252.96,253.13,26183
2025-09-11 08:45:00,253.13,253.58,253.06,253.47,91290
2025-09-11 08:50:00,253.44,253.45,253.16,253.28,48999
2025-09-11 08:55:00,253.28,253.51,253.18,253.46,54573
2025-09-11 09:00:00,253.47,253.5,253.2,253.45,68606
2025-09-11 09:05:00,253.45,253.79,253.38,253.73,99622
2025-09-11 09:10:00,253.79,253.79,253.52,253.53,47959
2025-09-11 09:15:00,253.6,253.81,253.43,253.65,70440
2025-09-11 09:20:00,253.65,253.7,253.58,253.7,21593
2025-09-11 09:25:00,253.7,253.7,253.4,253.6,85355
2025-09-11 09:30:00,253.61,253.65,253.45,253.56,103406
2025-09-11 09:35:00,253.52,253.6,253.52,253.59,115991
2025-09-11 09:40:00,253.59,254.05,253.58,254.0,319719
2025-09-11 09:45:00,253.99,254.28,253.84,254.18,226816
2025-09-11 09:50:00,254.16,254.19,253.9,254.13,213906
2025-09-11 09:55:00,254.1,254.17,254.01,254.13,133513
2025-09-12 03:45:00,254.88,255.9,253.2,253.5,567144
2025-09-12 03:50:00,253.52,253.68,252.7,253.22,183886
2025-09-12 03:55:00,253.34,253.74,252.82,252.9,116675
2025-09-12 04:00:00,252.71,252.75,251.81,252.3,277577
2025-09-12 04:05:00,252.35,252.39,251.87,252.16,233702
2025-09-12 04:10:00,252.15,252.19,251.06,251.18,254016
2025-09-12 04:15:00,251.2,251.47,251.17,251.36,106920
2025-09-12 04:20:00,251.35,251.74,251.04,251.21,144254
2025-09-12 04:25:00,251.2,251.53,251.16,251.35,73029
2025-09-12 04:30:00,251.41,251.84,251.35,251.69,77383
2025-09-12 04:35:00,251.69,251.78,251.58,251.7,40072
2025-09-12 04:40:00,251.72,251.79,251.53,251.6,55794
2025-09-12 04:45:00,251.65,251.7,251.21,251.32,68161
2025-09-12 04:50:00,251.25,251.4,251.06,251.16,80966
2025-09-12 04:55:00,251.16,251.3,251.1,251.25,47733
2025-09-12 05:00:00,251.25,251.27,250.82,251.14,136488
2025-09-12 05:05:00,251.14,251.3,251.0,251.07,54965
2025-09-12 05:10:00,251.07,251.48,251.04,251.44,61219
2025-09-12 05:15:00,251.44,251.75,251.21,251.7,65645
2025-09-12 05:20:00,251.7,252.0,251.68,251.73,105794
2025-09-12 05:25:00,251.73,251.75,251.47,251.55,60851
2025-09-12 05:30:00,251.58,251.92,251.54,251.92,35934
2025-09-12 05:35:00,251.85,251.92,251.73,251.75,32741
2025-09-12 05:40:00,251.75,252.19,251.65,252.04,112609
2025-09-12 05:45:00,252.03,252.15,251.93,252.05,52080
2025-09-12 05:50:00,252.14,252.15,251.96,251.96,42996
2025-09-12 05:55:00,251.96,252.36,251.9,252.27,109482
2025-09-12 06:00:00,252.27,252.5,252.26,252.43,65545
2025-09-12 06:05:00,252.45,252.46,252.15,252.25,34053
2025-09-12 06:10:00,252.25,252.4,252.21,252.35,45966
2025-09-12 06:15:00,252.35,252.4,252.26,252.26,25454
2025-09-12 06:20:00,252.31,252.37,252.11,252.2,76587
2025-09-12 06:25:00,252.24,252.38,252.19,252.37,35724
2025-09-12 06:30:00,252.36,252.5,252.22,252.25,44013
2025-09-12 06:35:00,252.22,252.23,252.09,252.2,25622
2025-09-12 06:40:00,252.2,252.23,251.7,251.81,29000
2025-09-12 06:45:00,251.81,251.87,251.67,251.84,27546
2025-09-12 06:50:00,251.81,251.89,251.68,251.89,29582
2025-09-12 06:55:00,251.89,252.0,251.8,252.0,21616
2025-09-12 07:00:00,252.0,252.08,251.93,252.05,21764
2025-09-12 07:05:00,252.05,252.1,251.95,252.02,13809
2025-09-12 07:10:00,252.02,252.09,251.95,252.03,12415
2025-09-12 07:15:00,252.06,252.06,251.8,251.9,26235
2025-09-12 07:20:00,251.9,251.9,251.35,251.45,45303
2025-09-12 07:25:00,251.39,251.6,251.38,251.57,20485
2025-09-12 07:30:00,251.57,251.6,251.5,251.59,16962
2025-09-12 07:35:00,251.5,251.6,251.41,251.6,14815
2025-09-12 07:40:00,251.55,251.71,251.51,251.65,17803
2025-09-12 07:45:00,251.65,251.85,251.59,251.83,12780
2025-09-12 07:50:00,251.83,251.85,251.67,251.79,21403
2025-09-12 07:55:00,251.8,251.8,251.61,251.72,11047
2025-09-12 08:00:00,251.72,251.94,251.72,251.89,26399
2025-09-12 08:05:00,251.86,251.9,251.8,251.9,29907
2025-09-12 08:10:00,251.83,251.99,251.8,251.85,27690
2025-09-12 08:15:00,251.8,251.9,251.66,251.76,25255
2025-09-12 08:20:00,251.76,251.95,251.65,251.94,25467
2025-09-12 08:25:00,251.94,252.03,251.85,251.94,26783
2025-09-12 08:30:00,251.95,252.15,251.94,252.13,39317
2025-09-12 08:35:00,252.13,252.14,252.0,252.1,18114
2025-09-12 08:40:00,252.06,252.1,252.0,252.09,14699
2025-09-12 08:45:00,252.03,252.1,252.0,252.05,14932
2025-09-12 08:50:00,252.06,252.1,251.93,252.1,21731
2025-09-12 08:55:00,252.1,252.26,252.09,252.25,26005
2025-09-12 09:00:00,252.25,252.26,252.0,252.07,47890
2025-09-12 09:05:00,252.07,252.07,251.8,251.9,44661
2025-09-12 09:10:00,251.9,251.95,251.7,251.7,44927
2025-09-12 09:15:00,251.76,251.78,251.52,251.74,47589
2025-09-12 09:20:00,251.76,251.87,251.66,251.79,31186
2025-09-12 09:25:00,251.78,251.99,251.7,251.91,71737
2025-09-12 09:30:00,251.91,252.0,251.59,251.65,155237
2025-09-12 09:35:00,251.75,251.85,251.65,251.85,71221
2025-09-12 09:40:00,251.87,251.95,251.84,251.93,103841
2025-09-12 09:45:00,251.91,252.15,251.87,252.08,208248
2025-09-12 09:50:00,252.05,252.09,251.9,251.9,156560
2025-09-12 09:55:00,251.9,252.2,251.71,252.0,171046
2025-09-15 03:45:00,251.5,251.79,250.29,250.61,290576
2025-09-15 03:50:00,250.61,250.81,250.15,250.25,122253
2025-09-15 03:55:00,250.2,250.66,250.2,250.6,72117
2025-09-15 04:00:00,250.6,250.6,250.21,250.4,117373
2025-09-15 04:05:00,250.41,251.1,250.37,250.88,119996
2025-09-15 04:10:00,250.97,251.23,250.76,250.76,83413
2025-09-15 04:15:00,250.79,250.79,250.4,250.6,94724
2025-09-15 04:20:00,250.56,250.94,250.55,250.94,30355
2025-09-15 04:25:00,250.96,250.99,250.78,250.78,28413
2025-09-15 04:30:00,250.78,250.84,250.67,250.77,41741
2025-09-15 04:35:00,250.77,250.77,250.55,250.63,20144
2025-09-15 04:40:00,250.63,250.7,250.45,250.5,44714
2025-09-15 04:45:00,250.46,250.5,250.25,250.49,40753
2025-09-15 04:50:00,250.49,250.64,250.49,250.51,20763
2025-09-15 04:55:00,250.57,250.67,250.35,250.36,29241
2025-09-15 05:00:00,250.37,250.46,250.31,250.44,28700
2025-09-15 05:05:00,250.44,250.64,250.32,250.56,29482
2025-09-15 05:10:00,250.55,250.57,250.2,250.21,42638
2025-09-15 05:15:00,250.21,250.21,249.8,249.94,122596
2025-09-15 05:20:00,249.96,250.05,249.6,250.05,65324
2025-09-15 05:25:00,249.99,250.25,249.98,250.22,30653
2025-09-15 05:30:00,250.22,250.26,250.0,250.12,40659
2025-09-15 05:35:00,250.2,250.64,250.12,250.49,41603
2025-09-15 05:40:00,250.52,250.56,250.43,250.51,26263
2025-09-15 05:45:00,250.51,250.52,250.24,250.27,18461
2025-09-15 05:50:00,250.31,250.44,250.09,250.41,23798
2025-09-15 05:55:00,250.41,250.52,250.31,250.49,20963
2025-09-15 06:00:00,250.5,250.56,250.3,250.39,24876
2025-09-15 06:05:00,250.4,250.6,250.39,250.6,18121
2025-09-15 06:10:00,250.6,250.94,250.6,250.86,44534
2025-09-15 06:15:00,250.86,250.95,250.78,250.94,21359
2025-09-15 06:20:00,250.93,250.93,250.63,250.71,21058
2025-09-15 06:25:00,250.73,250.87,250.67,250.85,22082
2025-09-15 06:30:00,250.87,251.0,250.8,250.95,32163
2025-09-15 06:35:00,250.95,250.95,250.68,250.72,28872
2025-09-15 06:40:00,250.8,250.94,250.74,250.85,21952
2025-09-15 06:45:00,250.94,251.21,250.9,251.13,73956
2025-09-15 06:50:00,251.12,251.13,250.93,251.07,36342
2025-09-15 06:55:00,251.07,251.12,250.95,251.05,16680
2025-09-15 07:00:00,251.05,251.1,250.95,251.0,19504
2025-09-15 07:05:00,251.0,251.08,250.95,251.08,20913
2025-09-15 07:10:00,251.08,251.16,250.94,250.94,40754
2025-09-15 07:15:00,250.95,251.15,250.9,251.15,24672
2025-09-15 07:20:00,251.15,251.15,251.1,251.14,14267
2025-09-15 07:25:00,251.14,251.47,251.09,251.44,41274
2025-09-15 07:30:00,251.44,251.45,251.24,251.39,21272
2025-09-15 07:35:00,251.39,251.5,251.32,251.5,42474
2025-09-15 07:40:00,251.4,251.55,251.3,251.35,17673
2025-09-15 07:45:00,251.34,251.37,251.1,251.27,17614
2025-09-15 07:50:00,251.28,251.28,251.02,251.24,25630
2025-09-15 07:55:00,251.24,251.3,251.18,251.29,7606
2025-09-15 08:00:00,251.29,251.29,251.2,251.27,9799
2025-09-15 08:05:00,251.27,251.3,251.16,251.29,17370
2025-09-15 08:10:00,251.29,251.29,250.55,250.77,83894
2025-09-15 08:15:00,250.67,250.89,250.64,250.87,19192
2025-09-15 08:20:00,250.87,250.89,250.8,250.89,10542
2025-09-15 08:25:00,250.89,250.99,250.86,250.91,22948
2025-09-15 08:30:00,250.91,251.0,250.88,251.0,8403
2025-09-15 08:35:00,251.0,251.1,250.81,250.86,17448
2025-09-15 08:40:00,250.86,250.9,250.72,250.85,16718
2025-09-15 08:45:00,250.87,250.87,250.61,250.79,22825
2025-09-15 08:50:00,250.79,250.88,250.53,250.64,27243
2025-09-15 08:55:00,250.64,250.66,250.55,250.65,18958
2025-09-15 09:00:00,250.65,250.97,250.6,250.83,36839
2025-09-15 09:05:00,250.88,250.89,250.64,250.69,23776
2025-09-15 09:10:00,250.64,251.17,250.64,250.98,81367
2025-09-15 09:15:00,251.0,251.0,250.7,250.87,26814
2025-09-15 09:20:00,250.88,251.0,250.81,250.99,25918
2025-09-15 09:25:00,250.98,251.0,250.8,250.83,16436
2025-09-15 09:30:00,250.83,251.16,250.82,251.13,114418
2025-09-15 09:35:00,251.15,251.3,251.07,251.13,137015
2025-09-15 09:40:00,251.22,251.26,251.06,251.22,142289
2025-09-15 09:45:00,251.24,251.5,251.09,251.45,209995
2025-09-15 09:50:00,251.45,251.55,251.27,251.54,180549
2025-09-15 09:55:00,251.54,251.63,251.31,251.34,126055
2025-09-16 03:45:00,252.0,252.49,250.2,251.16,480927
2025-09-16 03:50:00,251.16,251.3,250.65,250.75,261407
2025-09-16 03:55:00,250.75,250.94,250.5,250.86,101596
2025-09-16 04:00:00,250.86,251.39,250.79,251.33,104593
2025-09-16 04:05:00,251.35,251.35,251.1,251.23,79529
2025-09-16 04:10:00,251.32,251.32,250.93,250.99,76595
2025-09-16 04:15:00,250.99,251.14,250.95,251.07,54149
2025-09-16 04:20:00,251.05,251.27,251.0,251.23,58188
2025-09-16 04:25:00,251.26,251.42,251.1,251.42,115847
2025-09-16 04:30:00,251.42,251.82,251.36,251.7,127505
2025-09-16 04:35:00,251.71,251.71,251.55,251.64,69641
2025-09-16 04:40:00,251.64,251.66,251.45,251.47,62719
2025-09-16 04:45:00,251.43,251.75,251.43,251.47,76263
2025-09-16 04:50:00,251.44,251.59,250.96,251.23,91647
2025-09-16 04:55:00,251.27,251.69,251.18,251.69,56567
2025-09-16 05:00:00,251.68,251.76,251.5,251.6,40783
2025-09-16 05:05:00,251.6,251.68,251.12,251.24,62538
2025-09-16 05:10:00,251.24,251.32,251.12,251.21,41575
2025-09-16 05:15:00,251.21,251.21,251.1,251.11,34608
2025-09-16 05:20:00,251.12,251.14,250.86,251.02,77190
2025-09-16 05:25:00,251.01,251.2,251.01,251.05,44949
2025-09-16 05:30:00,251.03,251.27,251.0,251.1,39757
2025-09-16 05:35:00,251.11,251.3,251.05,251.21,56404
2025-09-16 05:40:00,251.3,251.36,251.16,251.35,36953
2025-09-16 05:45:00,251.35,251.41,251.24,251.33,36621
2025-09-16 05:50:00,251.33,251.77,251.28,251.65,64933
2025-09-16 05:55:00,251.67,251.75,251.47,251.63,45979
2025-09-16 06:00:00,251.6,251.64,251.44,251.57,66417
2025-09-16 06:05:00,251.56,251.57,251.42,251.45,37923
2025-09-16 06:10:00,251.45,251.49,251.3,251.39,39002
2025-09-16 06:15:00,251.38,251.53,251.25,251.42,76115
2025-09-16 06:20:00,251.47,251.5,251.35,251.4,35470
2025-09-16 06:25:00,251.43,251.46,251.25,251.35,39980
2025-09-16 06:30:00,251.4,251.55,251.35,251.49,37141
2025-09-16 06:35:00,251.53,251.64,251.44,251.5,41976
2025-09-16 06:40:00,251.5,251.73,251.48,251.6,49010
2025-09-16 06:45:00,251.62,251.71,251.53,251.66,45127
2025-09-16 06:50:00,251.65,252.22,251.6,252.08,137489
2025-09-16 06:55:00,252.05,252.21,251.86,252.11,64817
2025-09-16 07:00:00,252.11,252.35,252.01,252.35,55139
2025-09-16 07:05:00,252.34,252.73,252.25,252.69,79799
2025-09-16 07:10:00,252.69,252.7,252.33,252.7,93029
2025-09-16 07:15:00,252.67,252.67,252.5,252.54,52777
2025-09-16 07:20:00,252.54,252.65,252.45,252.62,71889
2025-09-16 07:25:00,252.62,252.89,252.56,252.84,71632
2025-09-16 07:30:00,252.84,252.84,252.51,252.61,54983
2025-09-16 07:35:00,252.67,252.77,252.57,252.69,57777
2025-09-16 07:40:00,252.69,252.79,252.6,252.75,52210
2025-09-16 07:45:00,252.75,253.1,252.59,252.84,108185
2025-09-16 07:50:00,252.84,252.98,252.71,252.77,55003
2025-09-16 07:55:00,252.77,252.77,252.43,252.46,64317
2025-09-16 08:00:00,252.47,252.47,252.29,252.38,49572
2025-09-16 08:05:00,252.38,252.45,252.32,252.32,42035
2025-09-16 08:10:00,252.24,252.41,252.18,252.29,81231
2025-09-16 08:15:00,252.29,252.53,252.29,252.47,38701
2025-09-16 08:20:00,252.47,252.48,252.27,252.27,32952
2025-09-16 08:25:00,252.29,252.44,252.26,252.38,38373
2025-09-16 08:30:00,252.38,252.6,252.36,252.44,51023
2025-09-16 08:35:00,252.44,252.7,252.42,252.48,58000
2025-09-16 08:40:00,252.49,252.69,252.32,252.66,72767
2025-09-16 08:45:00,252.64,252.89,252.62,252.81,77184
2025-09-16 08:50:00,252.82,252.99,252.67,252.7,151364
2025-09-16 08:55:00,252.77,252.95,252.63,252.83,68691
2025-09-16 09:00:00,252.76,252.83,252.6,252.71,96350
2025-09-16 09:05:00,252.72,253.17,252.66,253.03,106618
2025-09-16 09:10:00,253.06,253.17,252.84,252.87,60754
2025-09-16 09:15:00,252.86,253.0,252.85,252.98,67491
2025-09-16 09:20:00,252.98,253.39,252.86,253.37,171512
2025-09-16 09:25:00,253.39,253.39,253.07,253.07,72201
2025-09-16 09:30:00,253.09,253.82,253.09,253.67,179613
2025-09-16 09:35:00,253.69,254.2,253.65,254.2,184693
2025-09-16 09:40:00,254.19,254.3,254.0,254.2,169886
2025-09-16 09:45:00,254.17,254.29,253.86,253.97,549223
2025-09-16 09:50:00,253.97,254.2,253.96,254.15,558582
2025-09-16 09:55:00,254.16,254.5,253.99,254.5,448293
2025-09-17 03:45:00,253.3,254.2,252.85,254.12,383876
2025-09-17 03:50:00,254.15,254.86,253.97,254.85,176149
2025-09-17 03:55:00,254.85,255.39,254.5,255.27,259578
2025-09-17 04:00:00,255.27,255.36,254.71,254.71,220505
2025-09-17 04:05:00,254.75,254.75,254.45,254.65,104158
2025-09-17 04:10:00,254.55,254.99,254.52,254.67,75629
2025-09-17 04:15:00,254.67,254.67,254.1,254.27,96515
2025-09-17 04:20:00,254.27,254.3,253.82,254.01,127014
2025-09-17 04:25:00,254.01,254.39,253.9,254.34,81066
2025-09-17 04:30:00,254.35,254.65,254.26,254.65,86609
2025-09-17 04:35:00,254.64,254.75,254.41,254.71,103984
2025-09-17 04:40:00,254.71,254.71,254.35,254.36,60548
2025-09-17 04:45:00,254.35,254.4,254.02,254.05,58092
2025-09-17 04:50:00,254.06,254.59,254.01,254.52,49241
2025-09-17 04:55:00,254.52,254.7,254.34,254.65,54216
2025-09-17 05:00:00,254.65,255.0,254.65,254.94,64687
2025-09-17 05:05:00,254.95,255.23,254.85,255.16,105131
2025-09-17 05:10:00,255.2,255.3,254.76,254.81,54554
2025-09-17 05:15:00,254.81,255.02,254.71,254.83,68364
2025-09-17 05:20:00,254.85,255.02,254.85,254.9,39344
2025-09-17 05:25:00,254.93,255.3,254.86,255.25,49564
2025-09-17 05:30:00,255.26,255.33,255.01,255.09,68199
2025-09-17 05:35:00,255.09,255.25,255.0,255.1,47414
2025-09-17 05:40:00,255.12,255.12,254.75,254.96,47640
2025-09-17 05:45:00,255.0,255.12,254.83,255.0,50353
2025-09-17 05:50:00,254.99,255.04,254.8,254.85,32423
2025-09-17 05:55:00,254.85,254.94,254.8,254.89,33484
2025-09-17 06:00:00,254.82,254.98,254.82,254.9,34872
2025-09-17 06:05:00,254.9,255.12,254.85,254.98,58602
2025-09-17 06:10:00,254.99,255.05,254.85,255.02,53778
2025-09-17 06:15:00,255.01,255.2,254.87,255.2,37569
2025-09-17 06:20:00,255.19,255.25,254.99,255.01,51012
2025-09-17 06:25:00,255.0,255.12,254.9,255.11,35782
2025-09-17 06:30:00,255.11,255.18,254.92,255.11,38386
2025-09-17 06:35:00,255.11,255.11,254.99,255.0,27600
2025-09-17 06:40:00,255.02,255.02,254.6,254.75,62003
2025-09-17 06:45:00,254.8,254.89,254.55,254.6,43506
2025-09-17 06:50:00,254.63,254.98,254.51,254.88,56315
2025-09-17 06:55:00,254.88,255.16,254.85,255.0,45607
2025-09-17 07:00:00,255.02,255.19,255.0,255.06,40548
2025-09-17 07:05:00,255.1,255.12,255.0,255.03,39787
2025-09-17 07:10:00,255.0,255.03,254.68,254.74,45779
2025-09-17 07:15:00,254.74,254.85,254.71,254.85,29018
2025-09-17 07:20:00,254.78,254.84,254.64,254.84,25661
2025-09-17 07:25:00,254.79,254.95,254.75,254.92,28712
2025-09-17 07:30:00,254.93,255.1,254.85,255.06,47855
2025-09-17 07:35:00,255.06,255.07,254.77,254.87,74500
2025-09-17 07:40:00,254.83,255.19,254.77,255.07,295412
2025-09-17 07:45:00,255.08,255.17,254.87,255.09,135540
2025-09-17 07:50:00,255.09,255.5,254.96,255.42,294579
2025-09-17 07:55:00,255.42,255.42,255.04,255.04,67901
2025-09-17 08:00:00,255.08,255.29,254.94,254.95,69217
2025-09-17 08:05:00,255.0,255.12,254.66,254.72,97196
2025-09-17 08:10:00,254.72,254.72,254.26,254.28,106138
2025-09-17 08:15:00,254.31,254.48,254.15,254.15,72330
2025-09-17 08:20:00,254.2,254.3,254.15,254.3,53761
2025-09-17 08:25:00,254.29,254.29,254.18,254.25,62907
2025-09-17 08:30:00,254.21,254.25,253.85,254.01,117234
2025-09-17 08:35:00,254.02,254.02,253.66,253.93,127559
2025-09-17 08:40:00,253.91,253.95,253.54,253.71,86488
2025-09-17 08:45:00,253.67,253.95,253.57,253.88,71756
2025-09-17 08:50:00,253.88,253.97,253.73,253.91,82050
2025-09-17 08:55:00,253.91,253.98,253.53,253.95,168509
2025-09-17 09:00:00,253.97,254.07,253.69,253.93,104927
2025-09-17 09:05:00,253.93,254.04,253.78,253.84,67824
2025-09-17 09:10:00,253.85,253.89,253.75,253.79,79999
2025-09-17 09:15:00,253.77,253.92,253.7,253.9,76254
2025-09-17 09:20:00,253.9,253.91,253.71,253.78,75721
2025-09-17 09:25:00,253.78,253.95,253.78,253.86,80923
2025-09-17 09:30:00,253.86,254.14,253.86,254.1,181772
2025-09-17 09:35:00,254.11,254.3,254.1,254.16,159174
2025-09-17 09:40:00,254.15,254.43,254.04,254.18,233131
2025-09-17 09:45:00,254.17,254.27,254.03,254.13,330164
2025-09-17 09:50:00,254.12,254.25,254.0,254.01,335910
2025-09-17 09:55:00,254.06,254.25,254.0,254.17,227823
2025-09-18 03:45:00,257.0,258.4,256.55,258.4,1312861
2025-09-18 03:50:00,258.4,259.37,258.37,259.07,875598
2025-09-18 03:55:00,259.07,259.8,258.85,259.6,599829
2025-09-18 04:00:00,259.6,259.7,258.87,258.87,383638
2025-09-18 04:05:00,258.89,259.14,258.2,258.25,448947
2025-09-18 04:10:00,258.33,258.95,258.1,258.95,266275
2025-09-18 04:15:00,258.93,259.5,258.9,259.35,302341
2025-09-18 04:20:00,259.35,259.41,258.85,258.99,167689
2025-09-18 04:25:00,258.97,258.99,258.78,258.91,137463
2025-09-18 04:30:00,258.88,258.9,258.4,258.57,246313
2025-09-18 04:35:00,258.59,258.59,258.03,258.43,144999
2025-09-18 04:40:00,258.46,258.48,257.82,258.0,269155
2025-09-18 04:45:00,258.0,258.12,257.9,258.0,99436
2025-09-18 04:50:00,257.92,258.1,257.85,258.0,74555
2025-09-18 04:55:00,257.95,258.25,257.77,258.22,192812
2025-09-18 05:00:00,258.15,258.73,258.11,258.25,112042
2025-09-18 05:05:00,258.24,258.46,258.22,258.4,43268
2025-09-18 05:10:00,258.39,258.4,258.21,258.23,47396
2025-09-18 05:15:00,258.23,258.34,257.91,257.99,89431
2025-09-18 05:20:00,257.95,257.99,257.59,257.9,71969
2025-09-18 05:25:00,257.85,257.95,257.43,257.5,104036
2025-09-18 05:30:00,257.55,257.8,257.45,257.53,82052
2025-09-18 05:35:00,257.53,257.58,257.0,257.05,173628
2025-09-18 05:40:00,257.08,257.16,256.34,256.42,260819
2025-09-18 05:45:00,256.42,256.6,256.28,256.51,86489
2025-09-18 05:50:00,256.53,256.62,256.42,256.56,55136
2025-09-18 05:55:00,256.56,256.57,256.38,256.41,62261
2025-09-18 06:00:00,256.4,256.56,256.13,256.38,84715
2025-09-18 06:05:00,256.3,256.4,256.0,256.15,95661
2025-09-18 06:10:00,256.15,256.53,256.07,256.35,54247
2025-09-18 06:15:00,256.4,256.72,256.05,256.06,110403
2025-09-18 06:20:00,256.19,256.27,256.0,256.26,44647
2025-09-18 06:25:00,256.26,256.45,256.22,256.3,72796
2025-09-18 06:30:00,256.31,256.38,256.15,256.23,56431
2025-09-18 06:35:00,256.22,256.62,256.22,256.42,42302
2025-09-18 06:40:00,256.42,256.46,256.25,256.35,33792
2025-09-18 06:45:00,256.37,256.88,256.36,256.88,62870
2025-09-18 06:50:00,256.82,257.0,256.67,256.84,74479
2025-09-18 06:55:00,256.84,256.87,256.56,256.56,40558
2025-09-18 07:00:00,256.59,256.66,256.4,256.4,33312
2025-09-18 07:05:00,256.4,256.83,256.35,256.65,50957
2025-09-18 07:10:00,256.65,256.67,256.29,256.38,40944
2025-09-18 07:15:00,256.38,256.84,256.35,256.69,56445
2025-09-18 07:20:00,256.7,256.8,256.51,256.62,26771
2025-09-18 07:25:00,256.62,256.8,256.55,256.67,36671
2025-09-18 07:30:00,256.67,256.7,256.22,256.23,60921
2025-09-18 07:35:00,256.25,256.7,256.22,256.67,40251
2025-09-18 07:40:00,256.67,256.7,256.5,256.65,37183
2025-09-18 07:45:00,256.61,256.67,256.5,256.51,30805
2025-09-18 07:50:00,256.52,256.6,256.44,256.44,21675
2025-09-18 07:55:00,256.45,256.5,256.22,256.42,30046
2025-09-18 08:00:00,256.37,256.4,256.21,256.24,29767
2025-09-18 08:05:00,256.3,256.58,256.25,256.45,86094
2025-09-18 08:10:00,256.46,256.55,256.07,256.08,58496
2025-09-18 08:15:00,256.11,256.3,256.0,256.23,161358
2025-09-18 08:20:00,256.25,256.25,256.07,256.25,42460
2025-09-18 08:25:00,256.24,256.3,256.0,256.24,91215
2025-09-18 08:30:00,256.24,256.45,256.2,256.34,40186
2025-09-18 08:35:00,256.3,256.37,256.1,256.3,52206
2025-09-18 08:40:00,256.3,256.7,256.3,256.43,99335
2025-09-18 08:45:00,256.43,256.63,256.43,256.44,14728
2025-09-18 08:50:00,256.44,256.5,256.13,256.23,55798
2025-09-18 08:55:00,256.22,256.54,256.09,256.41,103801
2025-09-18 09:00:00,256.41,256.59,256.21,256.29,80616
2025-09-18 09:05:00,256.27,256.44,256.12,256.36,55896
2025-09-18 09:10:00,256.36,256.45,256.29,256.29,36513
2025-09-18 09:15:00,256.29,256.71,256.29,256.71,181633
2025-09-18 09:20:00,256.72,256.79,256.55,256.65,55199
2025-09-18 09:25:00,256.66,256.76,256.64,256.76,62001
2025-09-18 09:30:00,256.75,256.96,256.71,256.79,134373
2025-09-18 09:35:00,256.82,256.95,256.75,256.94,151711
2025-09-18 09:40:00,256.92,257.0,256.83,256.83,205033
2025-09-18 09:45:00,256.87,257.19,256.78,257.0,343710
2025-09-18 09:50:00,257.01,257.05,256.88,257.02,206692
2025-09-18 09:55:00,257.05,257.23,256.85,257.0,198188
2025-09-19 03:45:00,257.0,257.66,256.3,257.28,345522
2025-09-19 03:50:00,257.28,257.4,256.52,256.57,145435
2025-09-19 03:55:00,256.57,256.81,256.17,256.44,112992
2025-09-19 04:00:00,256.43,256.44,255.6,255.6,136557
2025-09-19 04:05:00,255.78,256.1,255.72,255.92,97640
2025-09-19 04:10:00,256.0,256.62,255.92,256.15,94048
2025-09-19 04:15:00,256.21,256.4,255.9,256.37,76591
2025-09-19 04:20:00,256.37,256.47,256.3,256.33,39616
2025-09-19 04:25:00,256.3,256.36,255.68,255.73,79885
2025-09-19 04:30:00,255.71,256.16,255.63,256.01,80137
2025-09-19 04:35:00,256.0,256.12,255.89,256.03,36513
2025-09-19 04:40:00,256.03,256.25,255.89,256.16,43540
2025-09-19 04:45:00,256.16,256.16,255.96,256.04,32093
2025-09-19 04:50:00,256.05,256.3,256.0,256.1,43056
2025-09-19 04:55:00,256.12,256.49,256.04,256.47,34556
2025-09-19 05:00:00,256.49,256.73,256.37,256.55,45268
2025-09-19 05:05:00,256.53,256.7,256.1,256.18,49439
2025-09-19 05:10:00,256.15,256.2,256.01,256.08,30641
2025-09-19 05:15:00,256.08,256.1,255.9,256.03,51914
2025-09-19 05:20:00,256.03,256.22,256.01,256.05,27319
2025-09-19 05:25:00,256.05,256.11,255.81,255.97,22551
2025-09-19 05:30:00,255.99,256.0,255.6,255.75,47605
2025-09-19 05:35:00,255.75,255.75,255.53,255.68,34066
2025-09-19 05:40:00,255.69,255.95,255.61,255.64,16347
2025-09-19 05:45:00,255.64,255.79,255.58,255.79,28687
2025-09-19 05:50:00,255.78,256.0,255.62,255.79,28467
2025-09-19 05:55:00,255.79,255.98,255.73,255.97,20384
2025-09-19 06:00:00,255.97,255.97,255.77,255.87,13757
2025-09-19 06:05:00,255.85,255.94,255.8,255.85,10899
2025-09-19 06:10:00,255.84,256.24,255.84,256.0,46134
2025-09-19 06:15:00,256.0,256.22,255.89,256.08,46821
2025-09-19 06:20:00,256.08,256.27,256.0,256.1,16680
2025-09-19 06:25:00,256.15,256.25,256.0,256.08,10969
2025-09-19 06:30:00,256.05,256.1,255.72,255.8,20689
2025-09-19 06:35:00,255.77,255.82,255.4,255.54,107408
2025-09-19 06:40:00,255.54,255.9,255.41,255.52,59301
2025-09-19 06:45:00,255.5,255.59,255.31,255.31,48617
2025-09-19 06:50:00,255.37,255.52,255.15,255.33,56277
2025-09-19 06:55:00,255.27,255.5,255.27,255.3,15763
2025-09-19 07:00:00,255.4,255.46,255.0,255.11,32320
2025-09-19 07:05:00,255.12,255.15,254.83,254.95,74247
2025-09-19 07:10:00,255.04,255.05,254.71,254.95,34576
2025-09-19 07:15:00,254.98,254.98,254.71,254.82,35683
2025-09-19 07:20:00,254.81,255.15,254.77,255.0,60862
2025-09-19 07:25:00,254.99,255.12,254.7,254.86,30040
2025-09-19 07:30:00,254.86,255.11,254.86,255.0,25647
2025-09-19 07:35:00,254.93,255.16,254.84,254.92,37447
2025-09-19 07:40:00,254.92,255.17,254.89,255.14,22443
2025-09-19 07:45:00,255.14,255.16,254.92,255.04,24766
2025-09-19 07:50:00,255.04,255.16,254.9,255.16,39605
2025-09-19 07:55:00,255.16,255.55,255.08,255.48,43888
2025-09-19 08:00:00,255.47,255.48,254.99,254.99,159712
2025-09-19 08:05:00,254.97,255.18,254.89,255.12,81402
2025-09-19 08:10:00,255.13,255.25,255.11,255.24,19016
2025-09-19 08:15:00,255.24,255.39,255.04,255.37,45728
2025-09-19 08:20:00,255.37,255.4,255.08,255.23,88380
2025-09-19 08:25:00,255.22,255.3,255.01,255.15,60852
2025-09-19 08:30:00,255.2,255.43,255.12,255.37,68187
2025-09-19 08:35:00,255.37,255.42,255.25,255.38,74325
2025-09-19 08:40:00,255.38,255.49,255.28,255.34,80702
2025-09-19 08:45:00,255.39,255.4,255.13,255.21,65344
2025-09-19 08:50:00,255.21,255.4,255.1,255.1,63888
2025-09-19 08:55:00,255.12,255.28,255.07,255.14,13793
2025-09-19 09:00:00,255.14,255.4,255.05,255.13,77309
2025-09-19 09:05:00,255.26,255.26,255.06,255.19,40533
2025-09-19 09:10:00,255.2,255.4,255.05,255.09,57610
2025-09-19 09:15:00,255.09,255.2,254.88,255.0,74630
2025-09-19 09:20:00,254.97,255.0,254.91,255.0,54342
2025-09-19 09:25:00,254.96,255.03,254.81,255.0,123497
2025-09-19 09:30:00,254.96,255.72,254.96,255.71,1123212
2025-09-19 09:35:00,255.71,255.87,255.68,255.73,972776
2025-09-19 09:40:00,255.7,255.8,255.61,255.76,927607
2025-09-19 09:45:00,255.75,256.23,255.7,256.1,1465662
2025-09-19 09:50:00,256.06,256.3,255.8,256.11,1257716
2025-09-19 09:55:00,256.1,256.29,255.4,256.29,1027582
2025-09-22 03:45:00,248.55,250.29,247.21,250.06,1647758
2025-09-22 03:50:00,250.13,250.72,249.9,250.4,585719
2025-09-22 03:55:00,250.45,250.47,249.81,250.24,334181
2025-09-22 04:00:00,250.21,250.5,250.11,250.29,142322
2025-09-22 04:05:00,250.23,251.3,250.22,251.07,301120
2025-09-22 04:10:00,251.08,251.29,250.87,251.18,231575
2025-09-22 04:15:00,251.18,251.78,251.12,251.6,232829
2025-09-22 04:20:00,251.57,251.65,250.3,250.89,240096
2025-09-22 04:25:00,250.79,251.28,250.63,251.15,113637
2025-09-22 04:30:00,251.16,251.16,250.48,250.86,108087
2025-09-22 04:35:00,250.86,250.86,250.39,250.65,86536
2025-09-22 04:40:00,250.65,251.12,250.5,250.73,103982
2025-09-22 04:45:00,250.74,250.81,250.42,250.65,94099
2025-09-22 04:50:00,250.69,250.79,250.55,250.66,132519
2025-09-22 04:55:00,250.66,250.66,250.12,250.35,221702
2025-09-22 05:00:00,250.32,250.35,250.0,250.18,218386
2025-09-22 05:05:00,250.17,250.54,250.12,250.48,94804
2025-09-22 05:10:00,250.43,250.55,250.2,250.22,48576
2025-09-22 05:15:00,250.28,250.31,250.0,250.01,162194
2025-09-22 05:20:00,250.01,250.01,249.64,250.0,223036
2025-09-22 05:25:00,249.97,250.32,249.89,250.15,75123
2025-09-22 05:30:00,250.15,250.23,249.81,249.91,261141
2025-09-22 05:35:00,249.9,250.0,249.61,249.95,241032
2025-09-22 05:40:00,249.95,250.12,249.84,250.1,110235
2025-09-22 05:45:00,250.1,250.15,249.93,250.0,68730
2025-09-22 05:50:00,250.0,250.01,249.62,249.82,131939
2025-09-22 05:55:00,249.82,249.99,249.75,249.99,52351
2025-09-22 06:00:00,249.97,250.08,249.8,250.0,174542
2025-09-22 06:05:00,250.06,250.1,249.85,250.1,72372
2025-09-22 06:10:00,250.1,250.57,250.0,250.49,153075
2025-09-22 06:15:00,250.46,250.46,250.12,250.19,59573
2025-09-22 06:20:00,250.19,250.19,249.98,250.11,83409
2025-09-22 06:25:00,250.09,250.21,250.0,250.11,41330
2025-09-22 06:30:00,250.03,250.34,249.91,250.15,57088
2025-09-22 06:35:00,250.15,250.15,250.0,250.11,33990
2025-09-22 06:40:00,250.09,250.49,250.07,250.45,59041
2025-09-22 06:45:00,250.35,250.62,250.28,250.57,96498
2025-09-22 06:50:00,250.59,250.93,250.49,250.92,151155
2025-09-22 06:55:00,250.91,251.0,250.7,250.9,211942
2025-09-22 07:00:00,250.9,250.9,250.72,250.87,106451
2025-09-22 07:05:00,250.88,251.0,250.71,250.98,126004
2025-09-22 07:10:00,251.0,251.2,250.8,251.14,141118
2025-09-22 07:15:00,251.11,251.16,250.8,250.87,66710
2025-09-22 07:20:00,250.88,250.89,250.28,250.44,146746
2025-09-22 07:25:00,250.4,250.48,250.17,250.37,254820
2025-09-22 07:30:00,250.37,250.48,250.26,250.45,87711
2025-09-22 07:35:00,250.37,250.68,250.3,250.5,119538
2025-09-22 07:40:00,250.6,250.64,250.45,250.58,66656
2025-09-22 07:45:00,250.54,250.64,250.19,250.19,143450
2025-09-22 07:50:00,250.26,250.3,250.02,250.29,51551
2025-09-22 07:55:00,250.25,250.65,250.16,250.55,194651
2025-09-22 08:00:00,250.55,250.7,250.36,250.62,310509
2025-09-22 08:05:00,250.62,250.75,250.2,250.54,652542
2025-09-22 08:10:00,250.57,250.66,250.25,250.65,128538
2025-09-22 08:15:00,250.62,250.65,250.28,250.44,183385
2025-09-22 08:20:00,250.43,250.49,250.13,250.26,295359
2025-09-22 08:25:00,250.16,250.3,249.84,250.0,713941
2025-09-22 08:30:00,249.91,250.23,249.91,250.15,264069
2025-09-22 08:35:00,250.24,250.95,250.17,250.71,303658
2025-09-22 08:40:00,250.71,250.76,250.41,250.67,141029
2025-09-22 08:45:00,250.6,250.77,250.48,250.57,112558
2025-09-22 08:50:00,250.57,251.02,250.21,250.64,378520
2025-09-22 08:55:00,250.59,250.78,250.35,250.48,260822
2025-09-22 09:00:00,250.56,250.57,250.21,250.45,157308
2025-09-22 09:05:00,250.32,250.5,250.16,250.2,205428
2025-09-22 09:10:00,250.31,250.35,250.14,250.3,222102
2025-09-22 09:15:00,250.21,250.28,249.82,250.0,386515
2025-09-22 09:20:00,250.03,250.2,249.8,250.06,251873
2025-09-22 09:25:00,250.14,250.2,249.88,250.0,136303
2025-09-22 09:30:00,250.03,250.46,250.01,250.35,189353
2025-09-22 09:35:00,250.35,250.44,250.13,250.27,196520
2025-09-22 09:40:00,250.26,250.39,250.16,250.27,274834
2025-09-22 09:45:00,250.26,250.42,250.01,250.39,464502
2025-09-22 09:50:00,250.37,250.6,250.31,250.6,359294
2025-09-22 09:55:00,250.56,250.56,250.11,250.49,230465
2025-09-23 03:45:00,250.22,252.0,250.13,251.5,364175
2025-09-23 03:50:00,251.43,251.5,251.02,251.16,164363
2025-09-23 03:55:00,251.08,251.4,250.4,250.4,174335
2025-09-23 04:00:00,250.35,250.35,249.76,249.9,199693
2025-09-23 04:05:00,249.99,250.16,249.8,250.0,171313
2025-09-23 04:10:00,250.0,250.1,249.5,249.85,179525
2025-09-23 04:15:00,249.85,249.96,249.55,249.7,92282
2025-09-23 04:20:00,249.62,249.8,249.56,249.69,54115
2025-09-23 04:25:00,249.7,249.7,249.36,249.47,77064
2025-09-23 04:30:00,249.47,249.47,249.15,249.25,69839
2025-09-23 04:35:00,249.23,249.79,249.23,249.61,53484
2025-09-23 04:40:00,249.69,249.75,249.0,249.15,116075
2025-09-23 04:45:00,249.12,249.19,248.75,249.11,160349
2025-09-23 04:50:00,249.11,249.58,249.07,249.54,90477
2025-09-23 04:55:00,249.54,249.88,249.48,249.83,68960
2025-09-23 05:00:00,249.76,250.0,249.63,249.72,103893
2025-09-23 05:05:00,249.78,250.35,249.57,250.11,125553
2025-09-23 05:10:00,250.11,250.11,249.75,249.93,95634
2025-09-23 05:15:00,249.93,250.09,249.86,250.06,66924
2025-09-23 05:20:00,250.0,250.22,249.61,249.97,96985
2025-09-23 05:25:00,249.91,250.2,249.91,250.0,34852
2025-09-23 05:30:00,250.0,250.1,249.84,250.0,34976
2025-09-23 05:35:00,249.98,250.06,249.7,249.7,32766
2025-09-23 05:40:00,249.7,249.8,249.5,249.74,46463
2025-09-23 05:45:00,249.74,249.74,249.55,249.63,75916
2025-09-23 05:50:00,249.6,249.93,249.6,249.87,39122
2025-09-23 05:55:00,249.87,249.99,249.8,249.8,61414
2025-09-23 06:00:00,249.81,249.91,249.35,249.36,52339
2025-09-23 06:05:00,249.43,249.45,249.1,249.11,28408
2025-09-23 06:10:00,249.11,249.39,249.1,249.23,58519
2025-09-23 06:15:00,249.22,249.37,249.17,249.2,64635
2025-09-23 06:20:00,249.19,249.44,249.19,249.35,72929
2025-09-23 06:25:00,249.34,249.5,249.34,249.41,35650
2025-09-23 06:30:00,249.41,249.58,249.31,249.51,45787
2025-09-23 06:35:00,249.51,250.0,249.51,249.92,59423
2025-09-23 06:40:00,249.91,250.45,249.91,250.45,85298
2025-09-23 06:45:00,250.45,250.5,250.04,250.14,62163
2025-09-23 06:50:00,250.16,250.21,250.07,250.16,43017
2025-09-23 06:55:00,250.16,250.34,250.06,250.19,45028
2025-09-23 07:00:00,250.2,250.49,250.0,250.49,63432
2025-09-23 07:05:00,250.6,251.18,250.57,250.94,132979
2025-09-23 07:10:00,250.94,251.1,250.52,250.52,66529
2025-09-23 07:15:00,250.54,250.74,250.29,250.38,76149
2025-09-23 07:20:00,250.44,250.53,250.2,250.51,65762
2025-09-23 07:25:00,250.53,250.69,250.37,250.51,67002
2025-09-23 07:30:00,250.5,250.83,250.5,250.77,55421
2025-09-23 07:35:00,250.74,250.89,250.61,250.8,53842
2025-09-23 07:40:00,250.8,250.94,250.66,250.78,85519
2025-09-23 07:45:00,250.77,250.86,250.51,250.75,114706
2025-09-23 07:50:00,250.75,250.8,250.57,250.68,153215
2025-09-23 07:55:00,250.65,250.99,250.48,250.75,106883
2025-09-23 08:00:00,250.75,251.29,250.71,251.18,145527
2025-09-23 08:05:00,251.18,251.5,251.04,251.46,121111
2025-09-23 08:10:00,251.46,251.5,251.03,251.12,71089
2025-09-23 08:15:00,251.12,251.29,251.01,251.15,102346
2025-09-23 08:20:00,251.18,251.36,250.87,250.93,165117
2025-09-23 08:25:00,250.93,251.0,250.52,250.55,162721
2025-09-23 08:30:00,250.55,251.01,250.51,250.92,143868
2025-09-23 08:35:00,250.87,251.53,250.79,251.05,257093
2025-09-23 08:40:00,251.05,251.17,250.49,250.53,117989
2025-09-23 08:45:00,250.64,250.75,250.28,250.6,123377
2025-09-23 08:50:00,250.55,250.75,250.2,250.7,123905
2025-09-23 08:55:00,250.68,250.68,250.44,250.48,177873
2025-09-23 09:00:00,250.48,250.5,250.31,250.45,57920
2025-09-23 09:05:00,250.45,250.55,250.17,250.26,129079
2025-09-23 09:10:00,250.26,250.35,250.03,250.07,72200
2025-09-23 09:15:00,250.07,250.17,249.56,249.62,193360
2025-09-23 09:20:00,249.62,249.9,249.47,249.6,94986
2025-09-23 09:25:00,249.61,249.91,249.61,249.73,136305
2025-09-23 09:30:00,249.73,249.93,249.61,249.63,340730
2025-09-23 09:35:00,249.7,249.85,249.51,249.62,228587
2025-09-23 09:40:00,249.64,249.85,249.32,249.61,346911
2025-09-23 09:45:00,249.57,249.85,249.3,249.68,341892
2025-09-23 09:50:00,249.58,249.71,249.38,249.7,244719
2025-09-23 09:55:00,249.66,250.01,249.3,249.4,228216
2025-09-24 03:45:00,248.33,249.12,247.0,247.47,461886
2025-09-24 03:50:00,247.32,247.75,246.78,247.17,223261
2025-09-24 03:55:00,247.1,247.65,246.95,246.99,117635
2025-09-24 04:00:00,246.99,246.99,246.21,246.4,213593
2025-09-24 04:05:00,246.48,246.94,246.27,246.75,120264
2025-09-24 04:10:00,246.74,246.74,246.05,246.21,129635
2025-09-24 04:15:00,246.22,247.0,246.06,246.95,97954
2025-09-24 04:20:00,246.92,247.21,246.77,247.01,124567
2025-09-24 04:25:00,247.0,247.44,246.81,246.92,115267
2025-09-24 04:30:00,246.92,247.12,246.83,247.0,77733
2025-09-24 04:35:00,247.0,247.2,246.95,247.1,59540
2025-09-24 04:40:00,247.08,247.24,246.2,246.29,224961
2025-09-24 04:45:00,246.28,246.55,246.1,246.29,163291
2025-09-24 04:50:00,246.21,246.46,246.21,246.41,46549
2025-09-24 04:55:00,246.43,246.57,245.81,245.99,247025
2025-09-24 05:00:00,245.99,246.15,245.87,245.96,131461
2025-09-24 05:05:00,245.96,246.0,245.05,245.49,260414
2025-09-24 05:10:00,245.49,245.93,245.4,245.62,101856
2025-09-24 05:15:00,245.62,245.77,245.45,245.55,46454
2025-09-24 05:20:00,245.6,245.65,245.35,245.59,63498
2025-09-24 05:25:00,245.59,245.88,245.47,245.64,131378
2025-09-24 05:30:00,245.6,245.66,245.05,245.13,133952
2025-09-24 05:35:00,245.09,245.2,244.82,245.02,219853
2025-09-24 05:40:00,245.01,245.43,245.0,245.29,121031
2025-09-24 05:45:00,245.3,245.44,245.1,245.25,73062
2025-09-24 05:50:00,245.27,245.35,245.05,245.05,39467
2025-09-24 05:55:00,245.07,245.07,244.8,244.94,95007
2025-09-24 06:00:00,244.95,245.0,244.58,244.8,101339
2025-09-24 06:05:00,244.8,245.08,244.78,245.05,38104
2025-09-24 06:10:00,245.11,245.12,244.73,244.78,79958
2025-09-24 06:15:00,244.73,245.15,244.7,245.15,49113
2025-09-24 06:20:00,245.15,245.28,244.86,245.2,63227
2025-09-24 06:25:00,245.2,245.24,245.03,245.13,22059
2025-09-24 06:30:00,245.12,245.34,244.9,245.0,72934
2025-09-24 06:35:00,244.99,245.2,244.95,245.09,23598
2025-09-24 06:40:00,245.06,245.24,245.01,245.1,37430
2025-09-24 06:45:00,245.16,245.5,245.1,245.23,50566
2025-09-24 06:50:00,245.23,245.45,245.2,245.38,46025
2025-09-24 06:55:00,245.38,245.43,245.28,245.4,24677
2025-09-24 07:00:00,245.4,245.44,245.25,245.39,68964
2025-09-24 07:05:00,245.39,245.5,245.28,245.38,45096
2025-09-24 07:10:00,245.38,245.38,245.08,245.13,43607
2025-09-24 07:15:00,245.13,245.17,244.75,244.87,100523
2025-09-24 07:20:00,244.85,245.07,244.76,244.92,34779
2025-09-24 07:25:00,244.9,245.0,244.83,244.88,29684
2025-09-24 07:30:00,244.9,245.03,244.88,245.02,42388
2025-09-24 07:35:00,245.02,245.06,244.91,244.98,41302
2025-09-24 07:40:00,244.99,245.15,244.9,245.15,70874
2025-09-24 07:45:00,245.15,245.25,245.04,245.13,33569
2025-09-24 07:50:00,245.13,245.16,244.9,245.0,68104
2025-09-24 07:55:00,245.03,245.03,244.8,244.97,68381
2025-09-24 08:00:00,244.97,245.09,244.9,244.98,42313
2025-09-24 08:05:00,244.98,244.99,244.9,244.98,34800
2025-09-24 08:10:00,244.98,245.0,244.85,244.95,46608
2025-09-24 08:15:00,244.95,244.99,244.5,244.65,116350
2025-09-24 08:20:00,244.67,244.74,244.46,244.65,101819
2025-09-24 08:25:00,244.61,244.82,244.57,244.57,59894
2025-09-24 08:30:00,244.56,244.73,244.5,244.69,104915
2025-09-24 08:35:00,244.69,244.9,244.62,244.8,72031
2025-09-24 08:40:00,244.8,244.9,244.73,244.85,63600
2025-09-24 08:45:00,244.85,245.0,244.84,244.94,65687
2025-09-24 08:50:00,244.94,245.12,244.91,245.03,83899
2025-09-24 08:55:00,245.03,245.15,244.93,244.94,105239
2025-09-24 09:00:00,244.94,244.95,244.72,244.8,53376
2025-09-24 09:05:00,244.75,244.94,244.66,244.85,84250
2025-09-24 09:10:00,244.85,244.88,244.55,244.6,174137
2025-09-24 09:15:00,244.62,244.88,244.54,244.64,105511
2025-09-24 09:20:00,244.65,244.72,244.43,244.5,91299
2025-09-24 09:25:00,244.5,244.63,244.3,244.34,146320
2025-09-24 09:30:00,244.35,244.65,244.25,244.62,226490
2025-09-24 09:35:00,244.62,244.71,244.51,244.58,154744
2025-09-24 09:40:00,244.61,244.67,244.35,244.4,150320
2025-09-24 09:45:00,244.43,244.66,244.37,244.59,287855
2025-09-24 09:50:00,244.59,244.85,244.59,244.65,221539
2025-09-24 09:55:00,244.64,244.89,244.59,244.8,195846
2025-09-25 03:45:00,245.45,245.49,244.54,244.7,255775
2025-09-25 03:50:00,244.7,244.8,244.15,244.25,219931
2025-09-25 03:55:00,244.32,244.5,243.55,243.69,202133
2025-09-25 04:00:00,243.69,245.1,243.65,244.9,250906
2025-09-25 04:05:00,244.86,244.96,244.67,244.83,75183
2025-09-25 04:10:00,244.78,245.45,244.69,245.25,146314
2025-09-25 04:15:00,245.25,245.64,245.03,245.27,108926
2025-09-25 04:20:00,245.25,245.29,245.0,245.05,39935
2025-09-25 04:25:00,245.05,245.5,245.05,245.11,64441
2025-09-25 04:30:00,245.2,245.35,244.75,244.84,62413
2025-09-25 04:35:00,244.84,244.92,244.54,244.75,52212
2025-09-25 04:40:00,244.75,244.8,244.55,244.58,40122
2025-09-25 04:45:00,244.58,244.69,244.3,244.31,85940
2025-09-25 04:50:00,244.3,244.55,244.2,244.28,80534
2025-09-25 04:55:00,244.28,244.5,244.2,244.36,72028
2025-09-25 05:00:00,244.3,244.36,243.9,244.09,309161
2025-09-25 05:05:00,244.02,244.09,243.7,243.7,65697
2025-09-25 05:10:00,243.7,243.81,243.6,243.64,85495
2025-09-25 05:15:00,243.63,243.75,243.41,243.66,151574
2025-09-25 05:20:00,243.75,244.24,243.6,244.02,66786
2025-09-25 05:25:00,244.03,244.25,243.9,244.12,61499
2025-09-25 05:30:00,244.13,244.3,243.76,243.77,75059
2025-09-25 05:35:00,243.77,244.09,243.7,243.76,88051
2025-09-25 05:40:00,243.7,244.24,243.7,243.89,81612
2025-09-25 05:45:00,243.94,244.07,243.8,243.8,44299
2025-09-25 05:50:00,243.86,244.09,243.8,243.9,22824
2025-09-25 05:55:00,243.92,244.02,243.5,243.53,73186
2025-09-25 06:00:00,243.55,243.6,243.2,243.2,70745
2025-09-25 06:05:00,243.2,243.46,243.19,243.33,51536
2025-09-25 06:10:00,243.32,243.37,243.0,243.08,101500
2025-09-25 06:15:00,243.01,243.28,242.99,243.13,140863
2025-09-25 06:20:00,243.14,243.28,242.7,242.95,93543
2025-09-25 06:25:00,242.88,243.14,242.79,242.8,53176
2025-09-25 06:30:00,242.83,242.84,242.38,242.48,91683
2025-09-25 06:35:00,242.46,242.55,242.31,242.4,62843
2025-09-25 06:40:00,242.42,242.8,242.38,242.7,62841
2025-09-25 06:45:00,242.69,243.04,242.68,242.97,49823
2025-09-25 06:50:00,242.96,243.01,242.74,242.85,55079
2025-09-25 06:55:00,242.79,242.9,242.7,242.8,36619
2025-09-25 07:00:00,242.77,242.8,242.3,242.45,53405
2025-09-25 07:05:00,242.44,242.48,242.29,242.32,45659
2025-09-25 07:10:00,242.32,242.35,241.78,241.87,146854
2025-09-25 07:15:00,241.95,242.0,241.51,241.65,78126
2025-09-25 07:20:00,241.66,241.9,241.52,241.89,32337
2025-09-25 07:25:00,241.9,241.9,241.66,241.84,27741
2025-09-25 07:30:00,241.83,242.0,241.71,241.95,32119
2025-09-25 07:35:00,241.96,242.1,241.9,241.98,46620
2025-09-25 07:40:00,241.96,242.15,241.96,242.0,46879
2025-09-25 07:45:00,241.97,242.1,241.82,242.03,33726
2025-09-25 07:50:00,242.06,242.06,241.8,241.95,69643
2025-09-25 07:55:00,241.95,241.96,241.76,241.95,48807
2025-09-25 08:00:00,241.96,241.99,241.8,241.85,25547
2025-09-25 08:05:00,241.81,242.04,241.8,241.97,41173
2025-09-25 08:10:00,242.02,242.26,241.78,242.24,55421
2025-09-25 08:15:00,242.25,242.5,242.25,242.4,48436
2025-09-25 08:20:00,242.4,242.61,242.04,242.1,119377
2025-09-25 08:25:00,242.2,242.2,241.8,241.92,88258
2025-09-25 08:30:00,241.92,241.98,241.5,241.58,89597
2025-09-25 08:35:00,241.64,241.8,241.47,241.58,71568
2025-09-25 08:40:00,241.53,241.8,241.28,241.8,174224
2025-09-25 08:45:00,241.73,241.95,241.7,241.76,79294
2025-09-25 08:50:00,241.76,241.85,241.62,241.76,50335
2025-09-25 08:55:00,241.71,242.34,241.66,241.95,168249
2025-09-25 09:00:00,241.95,242.08,241.81,241.89,324748
2025-09-25 09:05:00,241.89,242.36,241.7,242.28,130174
2025-09-25 09:10:00,242.28,242.28,241.8,242.04,102499
2025-09-25 09:15:00,241.99,242.14,241.9,242.06,103134
2025-09-25 09:20:00,242.0,242.12,241.8,241.98,103769
2025-09-25 09:25:00,241.98,242.2,241.8,241.95,122977
2025-09-25 09:30:00,241.96,242.06,241.77,242.06,216050
2025-09-25 09:35:00,242.01,242.1,241.92,242.06,200645
2025-09-25 09:40:00,242.06,242.1,241.8,241.8,390329
2025-09-25 09:45:00,241.85,242.2,241.8,242.14,265346
2025-09-25 09:50:00,242.14,242.2,241.95,242.01,294641
2025-09-25 09:55:00,242.04,242.3,241.9,242.25,276040
2025-09-26 03:45:00,241.45,241.55,239.8,240.0,551562
2025-09-26 03:50:00,239.96,239.96,238.69,239.4,427076
2025-09-26 03:55:00,239.4,239.7,239.01,239.25,128068
2025-09-26 04:00:00,239.26,239.26,238.51,238.62,154771
2025-09-26 04:05:00,238.62,238.77,238.3,238.7,165021
2025-09-26 04:10:00,238.67,238.67,238.05,238.1,170915
2025-09-26 04:15:00,238.1,238.79,237.76,238.7,460496
2025-09-26 04:20:00,238.7,239.04,238.09,238.31,329957
2025-09-26 04:25:00,238.31,238.59,237.89,238.43,128901
2025-09-26 04:30:00,238.46,238.6,237.52,237.55,159193
2025-09-26 04:35:00,237.55,237.65,237.26,237.43,152928
2025-09-26 04:40:00,237.35,238.25,237.35,237.97,190374
2025-09-26 04:45:00,238.0,238.06,237.23,237.35,354354
2025-09-26 04:50:00,237.35,237.56,237.3,237.51,156072
2025-09-26 04:55:00,237.51,237.68,237.28,237.32,176879
2025-09-26 05:00:00,237.3,237.36,237.11,237.33,128054
2025-09-26 05:05:00,237.23,237.55,237.21,237.49,136725
2025-09-26 05:10:00,237.41,237.68,237.41,237.68,73677
2025-09-26 05:15:00,237.61,238.05,237.5,237.77,98102
2025-09-26 05:20:00,237.78,237.78,237.6,237.66,53814
2025-09-26 05:25:00,237.66,237.7,237.31,237.42,86748
2025-09-26 05:30:00,237.41,237.52,237.2,237.49,138485
2025-09-26 05:35:00,237.51,237.51,237.0,237.07,159230
2025-09-26 05:40:00,237.07,237.23,236.9,237.08,167831
2025-09-26 05:45:00,237.05,237.16,236.76,236.81,98397
2025-09-26 05:50:00,236.75,237.05,236.6,236.7,232950
2025-09-26 05:55:00,236.7,236.85,236.55,236.85,116281
2025-09-26 06:00:00,236.85,236.99,236.68,236.96,93567
2025-09-26 06:05:00,236.99,237.09,236.84,236.99,373595
2025-09-26 06:10:00,237.0,237.05,236.91,237.01,159547
2025-09-26 06:15:00,237.01,237.11,236.91,236.93,207917
2025-09-26 06:20:00,236.96,237.26,236.92,237.03,122057
2025-09-26 06:25:00,237.0,237.39,237.0,237.32,39865
2025-09-26 06:30:00,237.32,237.33,236.93,237.03,72175
2025-09-26 06:35:00,237.06,237.25,236.86,237.21,554582
2025-09-26 06:40:00,237.21,237.22,237.01,237.18,59072
2025-09-26 06:45:00,237.18,237.18,237.0,237.01,56083
2025-09-26 06:50:00,237.0,237.1,236.9,237.03,105640
2025-09-26 06:55:00,237.07,237.1,236.9,237.01,106222
2025-09-26 07:00:00,237.01,237.1,236.78,237.04,603400
2025-09-26 07:05:00,237.0,237.09,236.87,237.03,185657
2025-09-26 07:10:00,237.03,237.24,236.94,237.15,73393
2025-09-26 07:15:00,237.15,237.15,236.91,237.14,96987
2025-09-26 07:20:00,237.14,237.26,237.01,237.1,49574
2025-09-26 07:25:00,237.11,237.25,237.05,237.08,36032
2025-09-26 07:30:00,237.08,237.16,237.0,237.05,51588
2025-09-26 07:35:00,237.05,237.1,236.97,237.04,438379
2025-09-26 07:40:00,237.04,237.55,236.91,237.45,269724
2025-09-26 07:45:00,237.45,237.69,237.33,237.41,159690
2025-09-26 07:50:00,237.41,237.5,237.0,237.05,96701
2025-09-26 07:55:00,237.05,237.12,236.6,236.6,117608
2025-09-26 08:00:00,236.6,236.69,236.07,236.14,225834
2025-09-26 08:05:00,236.09,236.25,235.8,235.9,503336
2025-09-26 08:10:00,235.85,237.15,235.7,237.04,935857
2025-09-26 08:15:00,237.03,237.04,236.49,236.5,338152
2025-09-26 08:20:00,236.45,236.53,236.05,236.08,166779
2025-09-26 08:25:00,236.07,236.34,236.0,236.08,165453
2025-09-26 08:30:00,236.04,236.04,235.45,235.54,178134
2025-09-26 08:35:00,235.49,235.54,235.11,235.34,174395
2025-09-26 08:40:00,235.29,235.81,235.1,235.55,200861
2025-09-26 08:45:00,235.55,235.72,235.3,235.5,312928
2025-09-26 08:50:00,235.5,235.6,235.18,235.23,323709
2025-09-26 08:55:00,235.19,235.52,235.01,235.29,170263
2025-09-26 09:00:00,235.29,235.55,235.2,235.46,257185
2025-09-26 09:05:00,235.41,236.4,235.35,236.2,281635
2025-09-26 09:10:00,236.15,236.54,235.9,236.11,257038
2025-09-26 09:15:00,236.0,236.14,235.77,235.99,278839
2025-09-26 09:20:00,236.04,236.15,235.73,235.81,373291
2025-09-26 09:25:00,235.78,236.33,235.77,236.25,284980
2025-09-26 09:30:00,236.25,236.25,235.85,236.09,493182
2025-09-26 09:35:00,236.01,236.1,235.72,235.72,297248
2025-09-26 09:40:00,235.7,235.72,235.35,235.55,355070
2025-09-26 09:45:00,235.64,235.66,235.27,235.42,402064
2025-09-26 09:50:00,235.38,235.83,235.32,235.7,396819
2025-09-26 09:55:00,235.7,236.65,235.68,236.5,293729
2025-09-29 03:45:00,236.88,237.45,236.29,236.98,390571
2025-09-29 03:50:00,236.98,237.2,236.8,237.15,174726
2025-09-29 03:55:00,237.25,237.32,237.01,237.28,135990
2025-09-29 04:00:00,237.27,237.91,237.27,237.74,194287
2025-09-29 04:05:00,237.74,237.99,237.6,237.64,85876
2025-09-29 04:10:00,237.59,238.5,237.5,238.49,108383
2025-09-29 04:15:00,238.49,238.68,238.35,238.5,100660
2025-09-29 04:20:00,238.56,239.4,238.53,239.37,178535
2025-09-29 04:25:00,239.38,239.5,238.84,238.87,77127
2025-09-29 04:30:00,238.87,239.08,238.8,239.01,56759
2025-09-29 04:35:00,239.02,239.09,238.7,238.92,60736
2025-09-29 04:40:00,238.89,239.3,238.89,239.2,72349
2025-09-29 04:45:00,239.27,239.4,239.05,239.3,58219
2025-09-29 04:50:00,239.37,239.65,239.16,239.43,102586
2025-09-29 04:55:00,239.49,239.52,239.22,239.39,56710
2025-09-29 05:00:00,239.36,239.88,239.2,239.82,89413
2025-09-29 05:05:00,239.8,239.99,239.66,239.84,95096
2025-09-29 05:10:00,239.86,239.86,239.58,239.58,45384
2025-09-29 05:15:00,239.56,239.75,239.4,239.6,48605
2025-09-29 05:20:00,239.6,239.69,239.02,239.13,82299
2025-09-29 05:25:00,239.11,239.14,238.63,239.03,86525
2025-09-29 05:30:00,239.03,239.22,238.86,239.17,42621
2025-09-29 05:35:00,239.2,239.41,239.18,239.28,44941
2025-09-29 05:40:00,239.28,239.34,239.14,239.33,31694
2025-09-29 05:45:00,239.32,239.43,239.07,239.33,34758
2025-09-29 05:50:00,239.24,239.38,239.15,239.28,34905
2025-09-29 05:55:00,239.29,239.45,239.17,239.28,24822
2025-09-29 06:00:00,239.26,239.29,238.73,239.0,51506
2025-09-29 06:05:00,239.0,239.0,238.34,238.69,188210
2025-09-29 06:10:00,238.69,238.69,238.27,238.48,50207
2025-09-29 06:15:00,238.48,238.48,237.91,237.99,107533
2025-09-29 06:20:00,237.96,238.23,237.92,238.16,44939
2025-09-29 06:25:00,238.17,238.4,237.99,238.36,55233
2025-09-29 06:30:00,238.33,238.45,238.17,238.4,46001
2025-09-29 06:35:00,238.4,238.71,238.36,238.58,76243
2025-09-29 06:40:00,238.58,238.65,238.12,238.2,49482
2025-09-29 06:45:00,238.2,238.75,238.18,238.74,53101
2025-09-29 06:50:00,238.7,239.24,238.61,239.21,53866
2025-09-29 06:55:00,239.2,239.5,239.08,239.31,86782
2025-09-29 07:00:00,239.4,239.44,239.21,239.38,53250
2025-09-29 07:05:00,239.37,239.46,238.98,238.99,62193
2025-09-29 07:10:00,238.99,239.06,238.8,238.88,48185
2025-09-29 07:15:00,238.88,239.08,238.77,239.02,58083
2025-09-29 07:20:00,239.0,239.55,238.9,239.48,45677
2025-09-29 07:25:00,239.55,239.9,239.54,239.88,53611
2025-09-29 07:30:00,239.88,240.25,239.71,240.22,172982
2025-09-29 07:35:00,240.22,240.3,239.9,240.3,63676
2025-09-29 07:40:00,240.3,240.42,240.12,240.38,56750
2025-09-29 07:45:00,240.38,240.4,240.15,240.36,41985
2025-09-29 07:50:00,240.36,240.59,240.24,240.55,77974
2025-09-29 07:55:00,240.57,240.6,240.19,240.22,54592
2025-09-29 08:00:00,240.3,240.38,240.18,240.19,27228
2025-09-29 08:05:00,240.2,240.28,240.1,240.1,35746
2025-09-29 08:10:00,240.22,240.23,239.9,240.02,44302
2025-09-29 08:15:00,240.05,240.24,239.87,240.17,68521
2025-09-29 08:20:00,240.17,240.38,240.13,240.34,81781
2025-09-29 08:25:00,240.34,240.45,240.06,240.45,39018
2025-09-29 08:30:00,240.41,240.79,240.4,240.77,57337
2025-09-29 08:35:00,240.76,240.78,240.51,240.67,51551
2025-09-29 08:40:00,240.67,240.75,240.32,240.32,54152
2025-09-29 08:45:00,240.45,240.7,240.3,240.63,42504
2025-09-29 08:50:00,240.6,240.67,240.38,240.55,47686
2025-09-29 08:55:00,240.53,240.58,240.34,240.43,37361
2025-09-29 09:00:00,240.47,240.5,239.72,239.99,93650
2025-09-29 09:05:00,239.96,240.1,239.75,239.75,60596
2025-09-29 09:10:00,239.79,239.8,239.2,239.21,94142
2025-09-29 09:15:00,239.25,239.49,239.2,239.36,49807
2025-09-29 09:20:00,239.34,239.5,239.22,239.48,84314
2025-09-29 09:25:00,239.47,239.57,239.21,239.5,83514
2025-09-29 09:30:00,239.5,239.5,238.86,239.49,633400
2025-09-29 09:35:00,239.57,239.93,239.46,239.87,586186
2025-09-29 09:40:00,239.78,239.91,239.47,239.74,640453
2025-09-29 09:45:00,239.75,239.99,239.62,239.75,687801
2025-09-29 09:50:00,239.71,240.09,239.41,239.96,688459
2025-09-29 09:55:00,240.1,240.2,239.09,239.4,432960
2025-09-30 03:45:00,239.93,241.1,239.16,240.74,266200
2025-09-30 03:50:00,240.73,241.5,240.64,240.85,151163
2025-09-30 03:55:00,240.99,241.17,240.02,240.11,110938
2025-09-30 04:00:00,240.21,240.26,239.8,239.8,110886
2025-09-30 04:05:00,239.84,240.13,239.7,239.76,86100
2025-09-30 04:10:00,239.76,240.35,239.7,239.83,52083
2025-09-30 04:15:00,239.86,240.25,239.83,240.21,29249
2025-09-30 04:20:00,240.2,240.42,240.05,240.19,56961
2025-09-30 04:25:00,240.19,240.94,240.05,240.75,104040
2025-09-30 04:30:00,240.75,241.0,240.45,240.5,51320
2025-09-30 04:35:00,240.5,240.5,240.21,240.31,45924
2025-09-30 04:40:00,240.15,240.44,240.15,240.31,55275
2025-09-30 04:45:00,240.31,240.44,240.13,240.43,32650
2025-09-30 04:50:00,240.39,240.49,240.29,240.35,28572
2025-09-30 04:55:00,240.36,240.36,239.93,240.11,50179
2025-09-30 05:00:00,240.11,240.3,239.96,240.25,20292
2025-09-30 05:05:00,240.24,240.25,239.82,239.89,41747
2025-09-30 05:10:00,239.85,240.22,239.85,240.16,18447
2025-09-30 05:15:00,240.1,240.17,239.91,239.97,30047
2025-09-30 05:20:00,239.95,240.1,239.88,240.1,25563
2025-09-30 05:25:00,240.05,240.28,240.04,240.16,22269
2025-09-30 05:30:00,240.16,240.59,240.02,240.52,37812
2025-09-30 05:35:00,240.55,240.55,240.33,240.38,33416
2025-09-30 05:40:00,240.38,240.59,240.36,240.52,53963
2025-09-30 05:45:00,240.53,240.67,240.5,240.57,25613
2025-09-30 05:50:00,240.54,240.81,240.48,240.54,21605
2025-09-30 05:55:00,240.51,240.51,240.35,240.38,12313
2025-09-30 06:00:00,240.35,240.45,240.34,240.4,19685
2025-09-30 06:05:00,240.4,240.51,240.37,240.45,14978
2025-09-30 06:10:00,240.45,240.6,240.22,240.3,25533
2025-09-30 06:15:00,240.41,240.41,240.16,240.28,22303
2025-09-30 06:20:00,240.27,240.33,240.1,240.17,12469
2025-09-30 06:25:00,240.2,240.2,240.0,240.08,15806
2025-09-30 06:30:00,240.08,240.25,240.05,240.12,14208
2025-09-30 06:35:00,240.12,240.15,239.88,239.89,41196
2025-09-30 06:40:00,239.88,240.06,239.81,239.92,51064
2025-09-30 06:45:00,239.9,240.63,239.85,240.58,57908
2025-09-30 06:50:00,240.62,240.89,240.51,240.88,46595
2025-09-30 06:55:00,240.87,240.95,240.81,240.94,26905
2025-09-30 07:00:00,240.94,241.05,240.78,240.84,76077
2025-09-30 07:05:00,240.84,240.95,240.78,240.89,29626
2025-09-30 07:10:00,240.89,240.95,240.85,240.94,16399
2025-09-30 07:15:00,240.89,240.94,240.48,240.49,56848
2025-09-30 07:20:00,240.49,240.8,240.48,240.75,22392
2025-09-30 07:25:00,240.75,240.77,240.5,240.54,33983
2025-09-30 07:30:00,240.54,240.54,240.25,240.46,26780
2025-09-30 07:35:00,240.48,240.6,240.41,240.56,21282
2025-09-30 07:40:00,240.56,240.66,240.33,240.54,33812
2025-09-30 07:45:00,240.5,240.7,240.5,240.69,34519
2025-09-30 07:50:00,240.69,240.74,240.5,240.59,40528
2025-09-30 07:55:00,240.58,240.63,240.23,240.24,31129
2025-09-30 08:00:00,240.32,240.44,240.22,240.24,39572
2025-09-30 08:05:00,240.26,240.39,240.09,240.19,42761
2025-09-30 08:10:00,240.16,240.2,240.09,240.18,27532
2025-09-30 08:15:00,240.18,240.47,240.06,240.39,31527
2025-09-30 08:20:00,240.38,240.67,240.22,240.38,46755
2025-09-30 08:25:00,240.38,240.68,240.24,240.54,29110
2025-09-30 08:30:00,240.54,240.65,240.41,240.65,25918
2025-09-30 08:35:00,240.65,240.71,240.47,240.6,35323
2025-09-30 08:40:00,240.6,240.6,240.14,240.5,83359
2025-09-30 08:45:00,240.5,240.51,240.25,240.27,31572
2025-09-30 08:50:00,240.25,240.75,240.1,240.73,97251
2025-09-30 08:55:00,240.75,240.75,240.44,240.5,27161
2025-09-30 09:00:00,240.5,240.58,240.3,240.46,52324
2025-09-30 09:05:00,240.47,240.65,240.33,240.46,102063
2025-09-30 09:10:00,240.46,240.64,240.46,240.49,28216
2025-09-30 09:15:00,240.5,240.65,240.27,240.5,122036
2025-09-30 09:20:00,240.47,240.5,240.33,240.43,38713
2025-09-30 09:25:00,240.41,240.56,240.17,240.21,91352
2025-09-30 09:30:00,240.21,240.25,239.47,239.65,502297
2025-09-30 09:35:00,239.62,239.65,239.01,239.15,379378
2025-09-30 09:40:00,239.16,239.4,239.01,239.4,323241
2025-09-30 09:45:00,239.33,239.58,239.1,239.23,433863
2025-09-30 09:50:00,239.18,239.48,239.15,239.38,355472
2025-09-30 09:55:00,239.41,239.48,239.0,239.04,293259
2025-10-01 03:45:00,240.0,240.2,238.34,238.4,281609
2025-10-01 03:50:00,238.4,238.87,238.21,238.45,86063
2025-10-01 03:55:00,238.48,239.27,238.4,239.14,79515
2025-10-01 04:00:00,239.15,239.9,239.15,239.76,96401
2025-10-01 04:05:00,239.7,239.84,239.18,239.27,87337
2025-10-01 04:10:00,239.25,239.6,239.21,239.57,53162
2025-10-01 04:15:00,239.56,239.7,239.34,239.7,57160
2025-10-01 04:20:00,239.7,239.7,238.8,238.88,73671
2025-10-01 04:25:00,238.9,239.18,238.9,239.0,42259
2025-10-01 04:30:00,239.0,239.0,238.47,238.69,69442
2025-10-01 04:35:00,238.63,238.64,238.23,238.43,76211
2025-10-01 04:40:00,238.37,238.9,238.31,238.78,32843
2025-10-01 04:45:00,238.73,238.78,238.58,238.61,40839
2025-10-01 04:50:00,238.62,238.69,238.5,238.58,37607
2025-10-01 04:55:00,238.58,238.7,238.5,238.69,46333
2025-10-01 05:00:00,238.69,239.13,238.68,239.05,58563
2025-10-01 05:05:00,239.09,239.09,238.11,238.45,83743
2025-10-01 05:10:00,238.42,238.5,238.16,238.16,60070
2025-10-01 05:15:00,238.17,238.24,237.84,238.0,69031
2025-10-01 05:20:00,238.0,238.23,237.95,238.09,95663
2025-10-01 05:25:00,238.09,238.25,238.03,238.25,39534
2025-10-01 05:30:00,238.23,238.44,238.1,238.35,109972
2025-10-01 05:35:00,238.35,238.4,238.2,238.29,21282
2025-10-01 05:40:00,238.29,238.29,238.08,238.1,62247
2025-10-01 05:45:00,238.08,238.36,238.08,238.27,68621
2025-10-01 05:50:00,238.28,238.35,238.15,238.26,28077
2025-10-01 05:55:00,238.28,238.44,238.27,238.35,26463
2025-10-01 06:00:00,238.35,238.42,238.3,238.36,26258
2025-10-01 06:05:00,238.36,238.36,238.15,238.17,32744
2025-10-01 06:10:00,238.19,238.26,238.17,238.21,31510
2025-10-01 06:15:00,238.22,239.4,238.22,239.29,424954
2025-10-01 06:20:00,239.28,239.28,238.99,239.2,113192
2025-10-01 06:25:00,239.2,239.65,239.17,239.51,736289
2025-10-01 06:30:00,239.52,239.8,239.5,239.7,33591
2025-10-01 06:35:00,239.7,239.98,239.69,239.84,57762
2025-10-01 06:40:00,239.83,240.37,239.83,239.98,88536
2025-10-01 06:45:00,240.0,240.0,239.55,239.58,89579
2025-10-01 06:50:00,239.6,239.7,239.48,239.5,97593
2025-10-01 06:55:00,239.51,239.79,239.46,239.75,50063
2025-10-01 07:00:00,239.73,239.77,239.5,239.54,37591
2025-10-01 07:05:00,239.57,239.8,239.54,239.8,37347
2025-10-01 07:10:00,239.71,239.85,239.49,239.51,164369
2025-10-01 07:15:00,239.51,239.89,239.5,239.83,36230
2025-10-01 07:20:00,239.83,239.83,239.57,239.72,32581
2025-10-01 07:25:00,239.66,239.75,239.56,239.65,30993
2025-10-01 07:30:00,239.62,239.89,239.62,239.68,55198
2025-10-01 07:35:00,239.68,239.76,239.62,239.7,39795
2025-10-01 07:40:00,239.67,239.83,239.51,239.72,35450
2025-10-01 07:45:00,239.79,239.95,239.7,239.79,86302
2025-10-01 07:50:00,239.81,239.83,239.6,239.77,82266
2025-10-01 07:55:00,239.76,239.98,239.66,239.72,60357
2025-10-01 08:00:00,239.74,239.75,239.5,239.52,70174
2025-10-01 08:05:00,239.64,239.72,239.5,239.65,34572
2025-10-01 08:10:00,239.61,239.68,239.5,239.67,58453
2025-10-01 08:15:00,239.67,239.85,239.58,239.77,22104
2025-10-01 08:20:00,239.81,239.84,239.5,239.66,66477
2025-10-01 08:25:00,239.66,239.71,239.47,239.66,119778
2025-10-01 08:30:00,239.61,239.75,239.52,239.73,21848
2025-10-01 08:35:00,239.73,239.98,239.68,239.97,22982
2025-10-01 08:40:00,239.96,240.49,239.92,240.45,100604
2025-10-01 08:45:00,240.43,240.79,240.39,240.79,153064
2025-10-01 08:50:00,240.79,241.0,240.68,240.9,69870
2025-10-01 08:55:00,240.94,241.23,240.77,241.18,115766
2025-10-01 09:00:00,241.18,243.04,241.15,243.02,1051625
2025-10-01 09:05:00,243.02,243.57,242.26,242.5,1459984
2025-10-01 09:10:00,242.44,242.58,242.01,242.01,186309
2025-10-01 09:15:00,242.05,242.32,241.88,242.25,120286
2025-10-01 09:20:00,242.28,242.49,242.05,242.18,43029
2025-10-01 09:25:00,242.17,242.22,241.31,241.51,208302
2025-10-01 09:30:00,241.6,241.6,241.25,241.31,159079
2025-10-01 09:35:00,241.31,241.43,241.2,241.27,92161
2025-10-01 09:40:00,241.24,241.26,240.72,240.8,237055
2025-10-01 09:45:00,240.75,241.0,240.51,241.0,204039
2025-10-01 09:50:00,240.91,241.11,240.87,241.0,112412
2025-10-01 09:55:00,240.99,241.89,240.75,241.8,384590
2025-10-03 03:45:00,240.98,240.98,238.25,239.24,422594
2025-10-03 03:50:00,239.23,239.23,238.66,238.78,185690
2025-10-03 03:55:00,238.78,238.8,238.28,238.44,203347
2025-10-03 04:00:00,238.43,238.87,238.06,238.59,193801
2025-10-03 04:05:00,238.59,239.08,238.1,238.51,208094
2025-10-03 04:10:00,238.46,239.2,238.4,239.0,122564
2025-10-03 04:15:00,239.0,239.15,238.5,239.0,125592
2025-10-03 04:20:00,239.0,239.06,238.81,238.95,90039
2025-10-03 04:25:00,238.92,239.2,238.87,239.15,72277
2025-10-03 04:30:00,239.15,239.35,238.78,238.8,89366
2025-10-03 04:35:00,238.8,239.07,238.6,238.8,70145
2025-10-03 04:40:00,238.8,239.85,238.69,239.63,379851
2025-10-03 04:45:00,239.6,239.72,239.49,239.55,243778
2025-10-03 04:50:00,239.55,239.79,239.47,239.7,145701
2025-10-03 04:55:00,239.81,239.95,239.69,239.81,98698
2025-10-03 05:00:00,239.81,240.05,239.51,239.67,104065
2025-10-03 05:05:00,239.67,239.67,239.42,239.59,330889
2025-10-03 05:10:00,239.58,239.59,239.42,239.5,320428
2025-10-03 05:15:00,239.51,240.01,239.39,239.8,378697
2025-10-03 05:20:00,239.8,240.19,239.78,239.8,92562
2025-10-03 05:25:00,239.8,239.95,239.71,239.86,46020
2025-10-03 05:30:00,239.85,240.09,239.81,239.87,59382
2025-10-03 05:35:00,239.88,240.12,239.68,239.79,74439
2025-10-03 05:40:00,239.78,239.9,239.54,239.66,48423
2025-10-03 05:45:00,239.66,239.87,239.65,239.87,32058
2025-10-03 05:50:00,239.86,240.05,239.75,239.88,98226
2025-10-03 05:55:00,239.89,239.89,239.66,239.67,40898
2025-10-03 06:00:00,239.67,239.7,239.52,239.61,76998
2025-10-03 06:05:00,239.62,239.62,239.47,239.5,145847
2025-10-03 06:10:00,239.5,239.62,239.5,239.5,287782
2025-10-03 06:15:00,239.51,239.82,239.5,239.73,194735
2025-10-03 06:20:00,239.76,239.89,239.65,239.8,85550
2025-10-03 06:25:00,239.8,239.9,239.65,239.9,54648
2025-10-03 06:30:00,239.9,239.99,239.51,239.54,37282
2025-10-03 06:35:00,239.55,239.88,239.51,239.73,69959
2025-10-03 06:40:00,239.74,239.74,239.5,239.51,72345
2025-10-03 06:45:00,239.51,239.56,239.48,239.54,196063
2025-10-03 06:50:00,239.54,239.54,239.47,239.51,142221
2025-10-03 06:55:00,239.51,239.66,239.5,239.64,96702
2025-10-03 07:00:00,239.64,239.64,239.52,239.55,222827
2025-10-03 07:05:00,239.55,239.66,239.5,239.53,34701
2025-10-03 07:10:00,239.5,239.72,239.5,239.72,47433
2025-10-03 07:15:00,239.72,239.72,239.6,239.64,34024
2025-10-03 07:20:00,239.64,239.88,239.61,239.83,37657
2025-10-03 07:25:00,239.83,240.49,239.74,240.49,112409
2025-10-03 07:30:00,240.5,240.52,240.25,240.38,77639
2025-10-03 07:35:00,240.41,240.5,240.37,240.4,48809
2025-10-03 07:40:00,240.41,240.42,240.28,240.28,40075
2025-10-03 07:45:00,240.25,240.36,240.25,240.31,92764
2025-10-03 07:50:00,240.31,240.32,240.19,240.3,44940
2025-10-03 07:55:00,240.3,240.39,240.25,240.27,54904
2025-10-03 08:00:00,240.27,240.5,240.25,240.26,40911
2025-10-03 08:05:00,240.26,240.37,240.25,240.26,75730
2025-10-03 08:10:00,240.25,240.42,240.25,240.29,52093
2025-10-03 08:15:00,240.29,240.4,240.25,240.26,81275
2025-10-03 08:20:00,240.26,240.42,240.25,240.4,46021
2025-10-03 08:25:00,240.4,240.4,240.25,240.28,46923
2025-10-03 08:30:00,240.28,240.29,240.2,240.26,142357
2025-10-03 08:35:00,240.26,240.26,240.25,240.26,67895
2025-10-03 08:40:00,240.26,240.26,240.2,240.26,179515
2025-10-03 08:45:00,240.26,240.27,240.13,240.26,90308
2025-10-03 08:50:00,240.26,240.27,240.23,240.26,77054
2025-10-03 08:55:00,240.26,240.49,240.26,240.49,200659
2025-10-03 09:00:00,240.49,240.59,240.37,240.55,200602
2025-10-03 09:05:00,240.55,240.98,240.3,240.98,264388
2025-10-03 09:10:00,240.9,241.21,240.67,240.9,213796
2025-10-03 09:15:00,240.9,241.08,240.7,240.95,246730
2025-10-03 09:20:00,240.97,241.02,240.82,240.89,194625
2025-10-03 09:25:00,240.89,241.03,240.81,241.0,219217
2025-10-03 09:30:00,241.0,241.05,240.81,240.95,408381
2025-10-03 09:35:00,240.96,240.96,240.86,240.89,209730
2025-10-03 09:40:00,240.87,240.9,240.82,240.9,236110
2025-10-03 09:45:00,240.9,240.9,240.87,240.89,363989
2025-10-03 09:50:00,240.87,241.29,240.86,241.14,442966
2025-10-03 09:55:00,241.14,241.4,241.0,241.2,278315
2025-10-06 03:45:00,240.0,241.9,239.86,240.99,152273
2025-10-06 03:50:00,240.99,241.26,240.24,240.34,101925
2025-10-06 03:55:00,240.3,240.52,240.03,240.16,89997
2025-10-06 04:00:00,240.1,240.31,239.52,239.82,151719
2025-10-06 04:05:00,239.78,239.92,239.55,239.55,100859
2025-10-06 04:10:00,239.55,240.2,239.32,240.08,158133
2025-10-06 04:15:00,240.07,240.6,240.01,240.57,94403
2025-10-06 04:20:00,240.5,240.59,240.0,240.05,134505
2025-10-06 04:25:00,240.04,240.5,239.8,240.48,45899
2025-10-06 04:30:00,240.38,240.73,240.11,240.29,83403
2025-10-06 04:35:00,240.29,240.38,240.04,240.29,30373
2025-10-06 04:40:00,240.32,240.6,240.1,240.5,45952
2025-10-06 04:45:00,240.48,241.0,240.48,240.96,82305
2025-10-06 04:50:00,240.91,241.1,240.82,240.96,65860
2025-10-06 04:55:00,240.92,240.97,240.4,240.67,61830
2025-10-06 05:00:00,240.59,241.1,240.45,240.95,55771
2025-10-06 05:05:00,240.91,241.14,240.8,241.03,48590
2025-10-06 05:10:00,241.0,241.04,240.71,240.8,36655
2025-10-06 05:15:00,240.8,241.2,240.6,240.65,60812
2025-10-06 05:20:00,240.72,240.76,240.34,240.68,67186
2025-10-06 05:25:00,240.63,241.48,240.63,241.17,90443
2025-10-06 05:30:00,241.18,241.66,241.15,241.65,134706
2025-10-06 05:35:00,241.64,241.74,241.32,241.38,110552
2025-10-06 05:40:00,241.36,241.84,241.35,241.8,108302
2025-10-06 05:45:00,241.8,241.83,241.52,241.69,92084
2025-10-06 05:50:00,241.69,241.8,241.52,241.72,53134
2025-10-06 05:55:00,241.71,241.8,241.45,241.8,53914
2025-10-06 06:00:00,241.79,242.66,241.76,242.58,205486
2025-10-06 06:05:00,242.53,242.96,242.2,242.22,209257
2025-10-06 06:10:00,242.22,242.48,242.16,242.27,79733
2025-10-06 06:15:00,242.27,242.3,242.0,242.08,63497
2025-10-06 06:20:00,242.04,242.09,241.62,241.85,145555
2025-10-06 06:25:00,241.85,242.1,241.79,241.92,89239
2025-10-06 06:30:00,241.91,242.3,241.91,242.2,49999
2025-10-06 06:35:00,242.14,242.39,242.14,242.24,42583
2025-10-06 06:40:00,242.24,242.24,242.0,242.03,76866
2025-10-06 06:45:00,242.07,242.2,242.0,242.13,28735
2025-10-06 06:50:00,242.15,242.19,242.0,242.15,30214
2025-10-06 06:55:00,242.15,242.15,241.9,241.9,35387
2025-10-06 07:00:00,241.98,242.07,241.83,242.0,37267
2025-10-06 07:05:00,242.04,242.07,241.84,241.92,32423
2025-10-06 07:10:00,241.91,241.98,241.7,241.7,35374
2025-10-06 07:15:00,241.65,242.0,241.59,241.8,43727
2025-10-06 07:20:00,241.8,242.0,241.63,241.85,49088
2025-10-06 07:25:00,241.8,242.07,241.8,242.02,28477
2025-10-06 07:30:00,242.0,242.35,241.91,242.22,41612
2025-10-06 07:35:00,242.15,242.38,242.08,242.31,40825
2025-10-06 07:40:00,242.19,242.38,242.1,242.31,38468
2025-10-06 07:45:00,242.3,242.36,242.02,242.02,44334
2025-10-06 07:50:00,242.02,242.03,241.82,241.82,44800
2025-10-06 07:55:00,241.82,242.0,241.73,241.98,46629
2025-10-06 08:00:00,241.98,242.25,241.9,242.11,31939
2025-10-06 08:05:00,242.1,242.1,241.95,242.01,32024
2025-10-06 08:10:00,242.0,242.32,242.0,242.2,53706
2025-10-06 08:15:00,242.2,242.2,241.8,241.81,75016
2025-10-06 08:20:00,241.8,241.9,241.49,241.82,114417
2025-10-06 08:25:00,241.82,241.84,241.62,241.75,38294
2025-10-06 08:30:00,241.78,241.98,241.73,241.73,39422
2025-10-06 08:35:00,241.7,241.89,241.7,241.71,37241
2025-10-06 08:40:00,241.71,241.84,241.6,241.77,35000
2025-10-06 08:45:00,241.75,241.77,241.51,241.56,38291
2025-10-06 08:50:00,241.51,241.63,241.33,241.36,48063
2025-10-06 08:55:00,241.4,241.47,241.1,241.1,79032
2025-10-06 09:00:00,241.08,241.48,241.06,241.32,89352
2025-10-06 09:05:00,241.31,241.56,241.28,241.5,58949
2025-10-06 09:10:00,241.49,241.59,241.4,241.48,35168
2025-10-06 09:15:00,241.55,241.55,241.26,241.3,55806
2025-10-06 09:20:00,241.29,241.85,241.28,241.5,112331
2025-10-06 09:25:00,241.5,241.62,241.45,241.5,41947
2025-10-06 09:30:00,241.49,241.75,241.48,241.68,140806
2025-10-06 09:35:00,241.61,242.1,241.61,242.1,191007
2025-10-06 09:40:00,242.09,242.35,242.04,242.24,234220
2025-10-06 09:45:00,242.24,242.32,242.02,242.25,244994
2025-10-06 09:50:00,242.22,242.5,242.16,242.36,206226
2025-10-06 09:55:00,242.36,242.5,242.13,242.24,143334
2025-10-07 03:45:00,242.9,245.0,242.9,244.47,473531
2025-10-07 03:50:00,244.38,244.8,243.75,244.1,285067
2025-10-07 03:55:00,244.01,244.2,243.22,243.55,142112
2025-10-07 04:00:00,243.55,243.77,243.1,243.77,92468
2025-10-07 04:05:00,243.77,243.77,243.4,243.53,100284
2025-10-07 04:10:00,243.48,243.9,243.48,243.8,107950
2025-10-07 04:15:00,243.82,243.9,243.53,243.63,65256
2025-10-07 04:20:00,243.6,244.22,243.53,244.14,126833
2025-10-07 04:25:00,244.15,244.24,244.03,244.15,138474
2025-10-07 04:30:00,244.19,244.2,243.7,243.8,66156
2025-10-07 04:35:00,243.79,243.85,243.41,243.56,98772
2025-10-07 04:40:00,243.56,243.8,243.3,243.36,74318
2025-10-07 04:45:00,243.37,243.55,243.15,243.55,76268
2025-10-07 04:50:00,243.55,243.55,243.0,243.06,82184
2025-10-07 04:55:00,243.08,243.38,243.05,243.3,58050
2025-10-07 05:00:00,243.3,243.45,243.1,243.1,59614
2025-10-07 05:05:00,243.09,243.6,243.09,243.6,60357
2025-10-07 05:10:00,243.58,243.6,243.4,243.41,43682
2025-10-07 05:15:00,243.45,243.45,243.13,243.19,35127
2025-10-07 05:20:00,243.13,243.19,242.81,242.91,67250
2025-10-07 05:25:00,242.91,243.1,242.53,242.7,115886
2025-10-07 05:30:00,242.7,242.75,242.46,242.52,78994
2025-10-07 05:35:00,242.52,242.55,242.35,242.48,45679
2025-10-07 05:40:00,242.5,242.63,242.35,242.58,46819
2025-10-07 05:45:00,242.6,242.64,242.4,242.48,32425
2025-10-07 05:50:00,242.43,242.45,242.24,242.26,52672
2025-10-07 05:55:00,242.24,242.6,242.2,242.56,36564
2025-10-07 06:00:00,242.57,242.57,242.3,242.43,32760
2025-10-07 06:05:00,242.43,242.49,242.15,242.25,46007
2025-10-07 06:10:00,242.24,242.54,242.14,242.49,87820
2025-10-07 06:15:00,242.52,242.7,242.51,242.6,43158
2025-10-07 06:20:00,242.5,242.85,242.5,242.79,41314
2025-10-07 06:25:00,242.74,242.85,242.74,242.8,38670
2025-10-07 06:30:00,242.85,243.0,242.84,242.94,51956
2025-10-07 06:35:00,242.9,243.19,242.9,243.1,41867
2025-10-07 06:40:00,243.08,243.11,242.8,242.83,34379
2025-10-07 06:45:00,242.82,242.84,242.54,242.65,38541
2025-10-07 06:50:00,242.65,242.65,242.4,242.54,47045
2025-10-07 06:55:00,242.55,242.95,242.51,242.89,20085
2025-10-07 07:00:00,242.89,242.94,242.7,242.91,26701
2025-10-07 07:05:00,242.91,243.0,242.85,243.0,26331
2025-10-07 07:10:00,242.99,243.39,242.87,243.31,54293
2025-10-07 07:15:00,243.29,243.35,243.0,243.03,60284
2025-10-07 07:20:00,243.03,243.15,242.86,242.95,72388
2025-10-07 07:25:00,243.04,243.08,242.9,243.05,31936
2025-10-07 07:30:00,243.0,243.1,242.95,243.07,40677
2025-10-07 07:35:00,243.03,243.13,242.9,243.1,33937
2025-10-07 07:40:00,243.06,243.09,242.9,242.9,33936
2025-10-07 07:45:00,242.95,243.29,242.91,243.15,334719
2025-10-07 07:50:00,243.07,243.22,243.07,243.22,24131
2025-10-07 07:55:00,243.2,243.2,243.04,243.14,59947
2025-10-07 08:00:00,243.2,243.28,243.0,243.08,55316
2025-10-07 08:05:00,243.0,243.24,242.91,243.19,50415
2025-10-07 08:10:00,243.24,243.34,243.16,243.27,44452
2025-10-07 08:15:00,243.28,243.4,243.23,243.37,58826
2025-10-07 08:20:00,243.37,243.4,243.14,243.24,71068
2025-10-07 08:25:00,243.2,243.3,243.17,243.25,30135
2025-10-07 08:30:00,243.25,243.3,243.21,243.25,23841
2025-10-07 08:35:00,243.26,243.5,243.2,243.48,103005
2025-10-07 08:40:00,243.48,243.6,243.26,243.57,97035
2025-10-07 08:45:00,243.6,243.71,243.5,243.65,62705
2025-10-07 08:50:00,243.6,243.65,243.42,243.47,37638
2025-10-07 08:55:00,243.48,243.48,242.7,242.8,104895
2025-10-07 09:00:00,242.76,243.17,242.75,243.12,47177
2025-10-07 09:05:00,243.11,243.4,242.96,243.33,76424
2025-10-07 09:10:00,243.33,243.35,242.86,242.92,116581
2025-10-07 09:15:00,242.9,243.19,242.87,243.19,69661
2025-10-07 09:20:00,243.2,243.31,242.92,243.0,71641
2025-10-07 09:25:00,242.93,243.1,242.87,243.0,75951
2025-10-07 09:30:00,243.01,243.57,243.0,243.32,225528
2025-10-07 09:35:00,243.32,243.35,243.18,243.3,175650
2025-10-07 09:40:00,243.25,243.35,243.24,243.33,125425
2025-10-07 09:45:00,243.31,243.78,243.3,243.78,325261
2025-10-07 09:50:00,243.75,244.0,243.53,243.59,320131
2025-10-07 09:55:00,243.6,244.0,243.6,243.75,204478
2025-10-08 03:45:00,243.25,245.46,242.58,245.26,260147
2025-10-08 03:50:00,245.25,245.75,244.82,245.45,272338
2025-10-08 03:55:00,245.45,245.47,244.7,245.4,131735
2025-10-08 04:00:00,245.4,245.94,245.31,245.7,212708
2025-10-08 04:05:00,245.7,246.35,245.63,245.84,271654
2025-10-08 04:10:00,245.86,246.14,245.54,245.75,149029
2025-10-08 04:15:00,245.76,246.15,245.22,245.38,127611
2025-10-08 04:20:00,245.38,245.93,245.1,245.7,88915
2025-10-08 04:25:00,245.65,245.7,245.06,245.13,65319
2025-10-08 04:30:00,245.12,245.37,244.8,244.9,90764
2025-10-08 04:35:00,244.9,245.13,244.5,244.65,110489
2025-10-08 04:40:00,244.65,244.75,244.12,244.37,77296
2025-10-08 04:45:00,244.37,244.37,244.0,244.0,68213
2025-10-08 04:50:00,243.88,244.01,243.45,243.64,121176
2025-10-08 04:55:00,243.72,244.16,243.72,244.08,58058
2025-10-08 05:00:00,244.08,244.44,243.81,244.35,50430
2025-10-08 05:05:00,244.43,244.49,244.3,244.48,33727
2025-10-08 05:10:00,244.45,244.6,244.26,244.35,27163
2025-10-08 05:15:00,244.35,244.85,244.28,244.83,39158
2025-10-08 05:20:00,244.82,244.85,244.3,244.39,54336
2025-10-08 05:25:00,244.32,244.62,243.85,243.98,64861
2025-10-08 05:30:00,244.05,244.39,244.05,244.19,31013
2025-10-08 05:35:00,244.23,244.26,243.73,243.82,70400
2025-10-08 05:40:00,243.85,244.0,243.78,243.84,30457
2025-10-08 05:45:00,243.8,243.84,243.42,243.5,70208
2025-10-08 05:50:00,243.44,243.57,243.36,243.47,37787
2025-10-08 05:55:00,243.47,243.67,243.4,243.41,23739
2025-10-08 06:00:00,243.4,243.72,243.4,243.72,24184
2025-10-08 06:05:00,243.62,243.88,243.61,243.78,24555
2025-10-08 06:10:00,243.78,243.83,243.31,243.35,28491
2025-10-08 06:15:00,243.36,243.86,243.3,243.8,41583
2025-10-08 06:20:00,243.84,244.07,243.64,243.81,52416
2025-10-08 06:25:00,243.81,243.88,243.71,243.8,34162
2025-10-08 06:30:00,243.83,243.84,243.55,243.58,41797
2025-10-08 06:35:00,243.65,243.67,243.41,243.5,35417
2025-10-08 06:40:00,243.49,243.5,243.32,243.39,42103
2025-10-08 06:45:00,243.4,243.4,243.0,243.2,44892
2025-10-08 06:50:00,243.1,243.19,242.72,242.8,60832
2025-10-08 06:55:00,242.73,243.2,242.57,242.93,38556
2025-10-08 07:00:00,243.0,243.21,242.87,243.14,43731
2025-10-08 07:05:00,243.05,243.45,243.05,243.44,24654
2025-10-08 07:10:00,243.44,243.65,243.4,243.5,86024
2025-10-08 07:15:00,243.5,243.93,243.41,243.84,40807
2025-10-08 07:20:00,243.84,243.93,243.63,243.88,32212
2025-10-08 07:25:00,243.89,243.9,243.58,243.8,43088
2025-10-08 07:30:00,243.8,244.3,243.65,244.25,140448
2025-10-08 07:35:00,244.2,244.6,244.14,244.55,119653
2025-10-08 07:40:00,244.5,244.68,244.29,244.58,64314
2025-10-08 07:45:00,244.52,244.76,244.28,244.6,142418
2025-10-08 07:50:00,244.57,245.09,244.32,245.0,412556
2025-10-08 07:55:00,245.02,245.13,244.78,244.92,179510
2025-10-08 08:00:00,244.92,245.03,244.53,244.83,237221
2025-10-08 08:05:00,244.83,245.07,244.78,244.94,216307
2025-10-08 08:10:00,244.95,244.99,244.8,244.87,25604
2025-10-08 08:15:00,244.87,244.87,244.6,244.65,70522
2025-10-08 08:20:00,244.74,244.75,244.6,244.6,35630
2025-10-08 08:25:00,244.67,244.8,244.5,244.8,92033
2025-10-08 08:30:00,244.8,245.0,244.7,244.9,64513
2025-10-08 08:35:00,244.89,245.15,244.53,244.65,105505
2025-10-08 08:40:00,244.62,244.9,244.42,244.71,83545
2025-10-08 08:45:00,244.78,244.8,244.71,244.78,80675
2025-10-08 08:50:00,244.78,245.0,244.58,244.97,153493
2025-10-08 08:55:00,244.9,245.09,244.71,244.87,85989
2025-10-08 09:00:00,244.92,245.1,244.85,244.88,63712
2025-10-08 09:05:00,244.9,245.0,244.8,245.0,99324
2025-10-08 09:10:00,245.0,245.0,244.53,244.61,133022
2025-10-08 09:15:00,244.61,244.79,244.5,244.5,110809
2025-10-08 09:20:00,244.52,244.83,244.22,244.83,163223
2025-10-08 09:25:00,244.82,244.82,244.61,244.67,59537
2025-10-08 09:30:00,244.67,244.69,244.45,244.54,150316
2025-10-08 09:35:00,244.57,244.79,244.54,244.71,101988
2025-10-08 09:40:00,244.72,244.79,244.4,244.5,227781
2025-10-08 09:45:00,244.46,244.5,244.05,244.19,160918
2025-10-08 09:50:00,244.19,244.19,243.63,243.73,246153
2025-10-08 09:55:00,243.71,244.48,243.68,244.0,144579
2025-10-09 03:45:00,243.99,245.95,243.16,244.74,273712
2025-10-09 03:50:00,244.77,245.7,244.77,245.1,158216
2025-10-09 03:55:00,245.1,245.4,244.81,244.86,43112
2025-10-09 04:00:00,244.86,244.97,244.2,244.5,105821
2025-10-09 04:05:00,244.5,245.2,244.2,245.07,75280
2025-10-09 04:10:00,245.16,245.17,244.8,244.8,53702
2025-10-09 04:15:00,244.8,244.95,244.42,244.51,61082
2025-10-09 04:20:00,244.44,244.98,244.44,244.97,38483
2025-10-09 04:25:00,244.95,245.1,244.66,244.93,44445
2025-10-09 04:30:00,244.93,245.18,244.82,245.06,41304
2025-10-09 04:35:00,245.06,245.12,244.5,244.5,48674
2025-10-09 04:40:00,244.54,244.55,244.15,244.39,40296
2025-10-09 04:45:00,244.39,244.7,244.0,244.6,39809
2025-10-09 04:50:00,244.67,244.99,244.55,244.88,21901
2025-10-09 04:55:00,244.84,245.29,244.71,245.02,57069
2025-10-09 05:00:00,244.96,245.14,244.6,244.71,29758
2025-10-09 05:05:00,244.65,245.0,244.62,244.72,22371
2025-10-09 05:10:00,244.72,244.99,244.42,244.86,33290
2025-10-09 05:15:00,244.84,245.1,244.84,245.03,24270
2025-10-09 05:20:00,245.05,245.23,244.98,245.14,50487
2025-10-09 05:25:00,245.09,245.13,244.79,245.1,23063
2025-10-09 05:30:00,245.13,245.3,244.87,245.3,36082
2025-10-09 05:35:00,245.29,245.62,245.16,245.5,63092
2025-10-09 05:40:00,245.48,245.66,245.34,245.4,24129
2025-10-09 05:45:00,245.4,245.46,245.25,245.43,19398
2025-10-09 05:50:00,245.37,245.55,245.3,245.49,25206
2025-10-09 05:55:00,245.49,245.69,245.44,245.68,56426
2025-10-09 06:00:00,245.69,246.07,245.52,246.0,118181
2025-10-09 06:05:00,246.07,246.2,245.82,245.86,48230
2025-10-09 06:10:00,245.86,245.99,245.74,245.88,38709
2025-10-09 06:15:00,245.83,246.0,245.77,245.97,27915
2025-10-09 06:20:00,245.98,246.0,245.67,245.82,22013
2025-10-09 06:25:00,245.81,245.83,245.61,245.66,33146
2025-10-09 06:30:00,245.63,245.86,245.53,245.7,30652
2025-10-09 06:35:00,245.6,245.74,245.47,245.63,35122
2025-10-09 06:40:00,245.63,245.84,245.63,245.74,22167
2025-10-09 06:45:00,245.74,245.8,245.38,245.46,44018
2025-10-09 06:50:00,245.46,245.7,245.46,245.62,18251
2025-10-09 06:55:00,245.62,245.95,245.6,245.87,88422
2025-10-09 07:00:00,245.89,245.99,245.62,245.99,30529
2025-10-09 07:05:00,245.94,246.74,245.94,246.21,176642
2025-10-09 07:10:00,246.24,246.65,245.81,246.45,70366
2025-10-09 07:15:00,246.54,246.57,246.3,246.31,45587
2025-10-09 07:20:00,246.32,246.53,246.12,246.12,45805
2025-10-09 07:25:00,246.2,246.5,246.11,246.47,57610
2025-10-09 07:30:00,246.48,246.77,246.39,246.57,53931
2025-10-09 07:35:00,246.59,246.6,246.3,246.44,31605
2025-10-09 07:40:00,246.44,246.44,245.8,245.9,38815
2025-10-09 07:45:00,245.86,246.0,245.75,245.8,31187
2025-10-09 07:50:00,245.8,245.8,245.63,245.72,18553
2025-10-09 07:55:00,245.55,245.85,245.55,245.75,26191
2025-10-09 08:00:00,245.75,245.99,245.65,245.91,32078
2025-10-09 08:05:00,245.9,246.25,245.69,245.74,25454
2025-10-09 08:10:00,245.72,245.72,245.46,245.6,33174
2025-10-09 08:15:00,245.48,245.93,245.48,245.68,39948
2025-10-09 08:20:00,245.76,245.95,245.63,245.95,35569
2025-10-09 08:25:00,245.93,245.95,245.51,245.75,20872
2025-10-09 08:30:00,245.8,246.17,245.76,246.1,26086
2025-10-09 08:35:00,246.09,246.3,246.09,246.24,40762
2025-10-09 08:40:00,246.2,246.22,245.8,246.04,52701
2025-10-09 08:45:00,246.04,246.22,245.99,246.0,69037
2025-10-09 08:50:00,246.03,246.11,245.8,245.99,39290
2025-10-09 08:55:00,245.92,246.29,245.92,246.2,104911
2025-10-09 09:00:00,246.2,246.3,245.97,246.05,43977
2025-10-09 09:05:00,246.05,246.5,245.97,246.42,90942
2025-10-09 09:10:00,246.45,246.45,246.16,246.33,68453
2025-10-09 09:15:00,246.34,246.35,245.96,245.99,68270
2025-10-09 09:20:00,245.98,246.4,245.91,246.26,117937
2025-10-09 09:25:00,246.25,246.4,246.25,246.36,48364
2025-10-09 09:30:00,246.4,246.6,246.33,246.55,161334
2025-10-09 09:35:00,246.5,246.57,246.18,246.25,107507
2025-10-09 09:40:00,246.25,246.57,246.24,246.49,160913
2025-10-09 09:45:00,246.47,246.8,246.41,246.44,206796
2025-10-09 09:50:00,246.47,246.53,246.05,246.06,138807
2025-10-09 09:55:00,246.06,246.51,246.01,246.4,191965
2025-10-10 03:45:00,248.0,249.2,246.25,248.94,700310
2025-10-10 03:50:00,249.0,249.08,247.64,248.4,210580
2025-10-10 03:55:00,248.4,248.5,246.81,247.3,193502
2025-10-10 04:00:00,247.3,248.38,247.09,248.3,117818
2025-10-10 04:05:00,248.28,248.7,248.07,248.1,148183
2025-10-10 04:10:00,248.11,248.5,247.84,248.3,78698
2025-10-10 04:15:00,248.3,248.74,248.11,248.36,337751
2025-10-10 04:20:00,248.36,248.75,248.2,248.23,93631
2025-10-10 04:25:00,248.15,248.9,248.02,248.8,89409
2025-10-10 04:30:00,248.8,249.35,248.73,249.34,171067
2025-10-10 04:35:00,249.34,249.7,249.0,249.23,161803
2025-10-10 04:40:00,249.25,249.9,249.23,249.9,161003
2025-10-10 04:45:00,249.85,250.7,249.84,250.56,440474
2025-10-10 04:50:00,250.64,251.25,250.49,250.89,249174
2025-10-10 04:55:00,250.89,251.2,250.49,250.66,279757
2025-10-10 05:00:00,250.72,250.9,250.27,250.38,105941
2025-10-10 05:05:00,250.38,250.5,250.3,250.39,36568
2025-10-10 05:10:00,250.32,250.5,249.71,249.73,92965
2025-10-10 05:15:00,249.84,250.0,249.75,249.85,48366
2025-10-10 05:20:00,249.85,250.0,249.7,249.93,52007
2025-10-10 05:25:00,249.93,250.18,249.87,250.18,48392
2025-10-10 05:30:00,250.18,250.75,249.9,250.65,73607
2025-10-10 05:35:00,250.68,250.7,249.91,250.05,49039
2025-10-10 05:40:00,250.1,250.2,249.83,250.2,38919
2025-10-10 05:45:00,250.23,250.5,250.01,250.16,38979
2025-10-10 05:50:00,250.16,250.18,249.5,249.6,85128
2025-10-10 05:55:00,249.6,249.75,249.37,249.65,47347
2025-10-10 06:00:00,249.54,249.75,249.4,249.75,54332
2025-10-10 06:05:00,249.75,249.9,249.57,249.7,22250
2025-10-10 06:10:00,249.7,249.94,249.64,249.94,15976
2025-10-10 06:15:00,249.9,250.3,249.9,250.3,44882
2025-10-10 06:20:00,250.2,250.3,250.01,250.15,26446
2025-10-10 06:25:00,250.05,250.15,249.89,249.9,23458
2025-10-10 06:30:00,249.95,250.18,249.83,250.1,88274
2025-10-10 06:35:00,250.02,250.09,249.5,249.59,49327
2025-10-10 06:40:00,249.63,249.69,249.4,249.66,23854
2025-10-10 06:45:00,249.7,249.96,249.61,249.75,35973
2025-10-10 06:50:00,249.75,249.8,249.64,249.77,15357
2025-10-10 06:55:00,249.77,249.8,249.47,249.6,44026
2025-10-10 07:00:00,249.66,249.68,249.35,249.44,52078
2025-10-10 07:05:00,249.35,249.5,249.25,249.39,28589
2025-10-10 07:10:00,249.32,249.86,249.15,249.72,49610
2025-10-10 07:15:00,249.65,249.84,249.55,249.63,65476
2025-10-10 07:20:00,249.75,249.75,249.18,249.5,53005
2025-10-10 07:25:00,249.5,249.85,249.5,249.7,48990
2025-10-10 07:30:00,249.61,249.7,249.54,249.64,24011
2025-10-10 07:35:00,249.64,249.64,249.4,249.49,19905
2025-10-10 07:40:00,249.5,249.6,249.36,249.6,42250
2025-10-10 07:45:00,249.6,249.71,249.51,249.58,29796
2025-10-10 07:50:00,249.58,249.7,249.4,249.62,32854
2025-10-10 07:55:00,249.65,249.65,249.0,249.18,139290
2025-10-10 08:00:00,249.18,249.25,249.02,249.25,27539
2025-10-10 08:05:00,249.24,249.38,249.03,249.23,59227
2025-10-10 08:10:00,249.2,249.25,248.86,248.87,65768
2025-10-10 08:15:00,248.76,248.98,248.66,248.95,38232
2025-10-10 08:20:00,248.95,249.1,248.9,248.96,29979
2025-10-10 08:25:00,248.98,249.15,248.8,248.8,23675
2025-10-10 08:30:00,248.8,249.0,248.75,248.8,17347
2025-10-10 08:35:00,248.8,248.82,248.49,248.6,51041
2025-10-10 08:40:00,248.57,248.8,248.47,248.7,31660
2025-10-10 08:45:00,248.66,248.76,248.5,248.55,20224
2025-10-10 08:50:00,248.55,249.0,248.46,248.99,46479
2025-10-10 08:55:00,248.99,249.05,248.84,249.0,26203
2025-10-10 09:00:00,249.0,249.05,248.94,249.0,31868
2025-10-10 09:05:00,249.0,249.29,248.97,249.1,34238
2025-10-10 09:10:00,249.1,249.2,249.0,249.09,21125
2025-10-10 09:15:00,249.2,249.2,248.77,249.1,124811
2025-10-10 09:20:00,249.1,249.39,249.07,249.21,69913
2025-10-10 09:25:00,249.21,249.3,249.1,249.3,25374
2025-10-10 09:30:00,249.3,249.3,248.7,248.7,84041
2025-10-10 09:35:00,248.7,248.82,248.7,248.8,100424
2025-10-10 09:40:00,248.75,248.86,248.71,248.8,127532
2025-10-10 09:45:00,248.8,248.93,248.52,248.53,289808
2025-10-10 09:50:00,248.53,248.7,248.39,248.64,333078
2025-10-10 09:55:00,248.71,248.98,248.54,248.98,157776
2025-10-13 03:45:00,246.06,247.7,245.5,247.25,679582
2025-10-13 03:50:00,247.23,247.62,246.57,247.3,597204
2025-10-13 03:55:00,247.2,247.25,245.99,246.24,142365
2025-10-13 04:00:00,246.19,246.24,245.55,245.65,122020
2025-10-13 04:05:00,245.65,245.94,245.3,245.87,156905
2025-10-13 04:10:00,245.8,245.92,245.51,245.73,104719
2025-10-13 04:15:00,245.75,245.87,245.6,245.77,85951
2025-10-13 04:20:00,245.8,245.88,245.57,245.75,83545
2025-10-13 04:25:00,245.75,245.76,245.1,245.13,92063
2025-10-13 04:30:00,245.13,245.44,245.12,245.44,70834
2025-10-13 04:35:00,245.44,245.74,245.12,245.56,47090
2025-10-13 04:40:00,245.57,245.68,245.11,245.15,45570
2025-10-13 04:45:00,245.14,245.25,244.9,244.92,147657
2025-10-13 04:50:00,244.99,245.14,244.8,244.85,60136
2025-10-13 04:55:00,244.85,245.2,244.82,245.18,59090
2025-10-13 05:00:00,245.18,245.74,245.07,245.41,110410
2025-10-13 05:05:00,245.5,245.65,245.31,245.37,88425
2025-10-13 05:10:00,245.31,246.0,245.31,245.93,97436
2025-10-13 05:15:00,245.95,245.98,245.66,245.66,24169
2025-10-13 05:20:00,245.67,245.67,245.1,245.1,63428
2025-10-13 05:25:00,245.1,245.13,244.61,244.73,84907
2025-10-13 05:30:00,244.75,244.81,244.51,244.7,73165
2025-10-13 05:35:00,244.72,244.81,244.54,244.63,49671
2025-10-13 05:40:00,244.63,244.96,244.63,244.86,47351
2025-10-13 05:45:00,244.89,244.95,244.73,244.81,34292
2025-10-13 05:50:00,244.84,244.84,244.55,244.62,34946
2025-10-13 05:55:00,244.55,244.77,244.52,244.68,27965
2025-10-13 06:00:00,244.72,244.74,244.52,244.63,33390
2025-10-13 06:05:00,244.68,244.74,244.52,244.63,23854
2025-10-13 06:10:00,244.71,244.72,244.51,244.64,26340
2025-10-13 06:15:00,244.64,244.85,244.57,244.8,35221
2025-10-13 06:20:00,244.87,245.0,244.8,244.97,18884
2025-10-13 06:25:00,244.96,245.33,244.89,245.31,45153
2025-10-13 06:30:00,245.31,245.4,245.12,245.25,47945
2025-10-13 06:35:00,245.25,245.25,244.8,244.91,26326
2025-10-13 06:40:00,244.9,244.99,244.65,244.68,27679
2025-10-13 06:45:00,244.67,244.84,244.65,244.66,26152
2025-10-13 06:50:00,244.71,244.96,244.55,244.84,34626
2025-10-13 06:55:00,244.84,245.2,244.71,244.87,133030
2025-10-13 07:00:00,244.87,244.88,244.55,244.61,36660
2025-10-13 07:05:00,244.61,245.11,244.55,244.94,93382
2025-10-13 07:10:00,244.96,245.3,244.85,245.21,319725
2025-10-13 07:15:00,245.29,245.29,244.9,245.09,66185
2025-10-13 07:20:00,245.09,245.55,244.8,245.45,86902
2025-10-13 07:25:00,245.51,245.59,245.24,245.58,61398
2025-10-13 07:30:00,245.55,245.67,245.06,245.15,105868
2025-10-13 07:35:00,245.15,245.3,245.11,245.14,22812
2025-10-13 07:40:00,245.14,245.3,245.1,245.24,33868
2025-10-13 07:45:00,245.24,245.49,245.22,245.25,48469
2025-10-13 07:50:00,245.26,245.39,245.22,245.33,38229
2025-10-13 07:55:00,245.28,245.39,245.1,245.12,44696
2025-10-13 08:00:00,245.13,245.45,245.04,245.31,34285
2025-10-13 08:05:00,245.31,245.31,245.09,245.15,64018
2025-10-13 08:10:00,245.14,245.35,245.1,245.14,43872
2025-10-13 08:15:00,245.14,245.15,245.0,245.14,50670
2025-10-13 08:20:00,245.14,245.21,245.01,245.01,29202
2025-10-13 08:25:00,245.01,245.02,244.52,244.53,83539
2025-10-13 08:30:00,244.54,244.78,244.54,244.78,31426
2025-10-13 08:35:00,244.77,245.07,244.75,244.89,35799
2025-10-13 08:40:00,244.9,245.01,244.73,244.74,56785
2025-10-13 08:45:00,244.74,244.99,244.57,244.65,70056
2025-10-13 08:50:00,244.61,245.0,244.52,244.87,63187
2025-10-13 08:55:00,244.85,245.45,244.85,245.19,116115
2025-10-13 09:00:00,245.19,245.52,245.16,245.27,89838
2025-10-13 09:05:00,245.27,245.42,245.2,245.25,72687
2025-10-13 09:10:00,245.25,245.32,245.05,245.23,58815
2025-10-13 09:15:00,245.23,245.38,245.12,245.25,74872
2025-10-13 09:20:00,245.27,245.52,245.22,245.48,72247
2025-10-13 09:25:00,245.48,245.52,245.31,245.42,63278
2025-10-13 09:30:00,245.45,245.45,245.14,245.2,81500
2025-10-13 09:35:00,245.23,245.25,245.0,245.07,145924
2025-10-13 09:40:00,245.1,245.2,245.0,245.19,147665
2025-10-13 09:45:00,245.21,245.29,245.03,245.05,155088
2025-10-13 09:50:00,245.04,245.22,245.0,245.1,198533
2025-10-13 09:55:00,245.08,245.29,245.05,245.15,131441
2025-10-14 03:45:00,245.8,247.58,245.62,246.43,296995
2025-10-14 03:50:00,246.41,246.45,245.5,246.27,198274
2025-10-14 03:55:00,246.27,246.93,246.11,246.6,77956
2025-10-14 04:00:00,246.53,247.12,246.34,246.87,168361
2025-10-14 04:05:00,246.83,246.89,246.1,246.15,60491
2025-10-14 04:10:00,246.15,246.44,246.04,246.21,61485
2025-10-14 04:15:00,246.21,246.43,246.02,246.22,44310
2025-10-14 04:20:00,246.28,246.33,245.7,245.92,59870
2025-10-14 04:25:00,245.86,245.89,245.22,245.28,92235
2025-10-14 04:30:00,245.39,245.9,245.11,245.47,75656
2025-10-14 04:35:00,245.35,245.72,245.31,245.68,26744
2025-10-14 04:40:00,245.67,246.0,245.57,245.89,36191
2025-10-14 04:45:00,245.89,245.89,245.35,245.35,29450
2025-10-14 04:50:00,245.43,245.75,245.35,245.68,50333
2025-10-14 04:55:00,245.75,245.97,245.5,245.94,46711
2025-10-14 05:00:00,245.77,246.48,245.61,246.38,94627
2025-10-14 05:05:00,246.3,246.74,246.0,246.74,101123
2025-10-14 05:10:00,246.7,247.49,246.7,247.4,145816
2025-10-14 05:15:00,247.4,249.8,247.37,249.66,543467
2025-10-14 05:20:00,249.7,250.15,249.4,249.69,379969
2025-10-14 05:25:00,249.67,249.73,248.8,248.98,199080
2025-10-14 05:30:00,248.92,249.61,248.71,249.17,149255
2025-10-14 05:35:00,249.17,249.2,248.66,248.75,123913
2025-10-14 05:40:00,248.73,248.98,248.5,248.91,114091
2025-10-14 05:45:00,248.91,249.03,248.12,248.17,100310
2025-10-14 05:50:00,248.2,248.21,247.75,247.8,81516
2025-10-14 05:55:00,247.81,248.65,247.6,248.57,90479
2025-10-14 06:00:00,248.57,248.57,248.1,248.54,80961
2025-10-14 06:05:00,248.5,249.2,248.5,249.18,88110
2025-10-14 06:10:00,249.07,249.15,248.8,248.87,52129
2025-10-14 06:15:00,248.87,248.87,248.27,248.35,83667
2025-10-14 06:20:00,248.4,248.4,247.9,247.96,57430
2025-10-14 06:25:00,247.9,248.75,247.84,248.6,101248
2025-10-14 06:30:00,248.62,249.39,248.44,249.29,128459
2025-10-14 06:35:00,249.21,249.3,248.41,248.5,76724
2025-10-14 06:40:00,248.5,248.61,248.21,248.46,51400
2025-10-14 06:45:00,248.36,248.46,248.12,248.24,39160
2025-10-14 06:50:00,248.24,248.44,247.9,248.18,52637
2025-10-14 06:55:00,248.14,248.2,247.56,247.78,63273
2025-10-14 07:00:00,247.78,247.92,247.67,247.82,42056
2025-10-14 07:05:00,247.82,247.88,247.47,247.47,46569
2025-10-14 07:10:00,247.45,247.81,247.3,247.66,52545
2025-10-14 07:15:00,247.66,248.0,247.5,247.95,37545
2025-10-14 07:20:00,247.95,248.18,247.78,247.97,42002
2025-10-14 07:25:00,248.0,248.5,247.9,248.5,38627
2025-10-14 07:30:00,248.43,248.65,248.04,248.2,52035
2025-10-14 07:35:00,248.18,248.47,248.0,248.0,33926
2025-10-14 07:40:00,248.0,248.1,247.76,248.0,37063
2025-10-14 07:45:00,248.0,248.2,247.6,247.9,96667
2025-10-14 07:50:00,247.9,248.14,247.76,248.05,31736
2025-10-14 07:55:00,248.05,248.1,247.75,247.89,22545
2025-10-14 08:00:00,247.98,248.4,247.88,248.3,26332
2025-10-14 08:05:00,248.3,248.5,248.01,248.45,63857
2025-10-14 08:10:00,248.39,248.99,248.25,248.8,90444
2025-10-14 08:15:00,248.8,248.9,248.5,248.65,56619
2025-10-14 08:20:00,248.68,248.89,248.42,248.61,59110
2025-10-14 08:25:00,248.59,248.94,248.25,248.32,58714
2025-10-14 08:30:00,248.27,248.49,248.21,248.45,58376
2025-10-14 08:35:00,248.45,248.9,248.34,248.85,69493
2025-10-14 08:40:00,248.84,249.0,248.43,248.58,131089
2025-10-14 08:45:00,248.6,248.8,248.55,248.7,35098
2025-10-14 08:50:00,248.75,249.4,248.57,249.4,133047
2025-10-14 08:55:00,249.39,249.64,249.09,249.25,141812
2025-10-14 09:00:00,249.25,249.4,249.18,249.28,54042
2025-10-14 09:05:00,249.3,249.45,249.02,249.09,152158
2025-10-14 09:10:00,249.09,249.16,248.91,249.03,43308
2025-10-14 09:15:00,249.03,249.18,248.51,248.71,116935
2025-10-14 09:20:00,248.69,248.95,248.62,248.88,66477
2025-10-14 09:25:00,248.87,249.0,248.7,249.0,72804
2025-10-14 09:30:00,248.94,249.17,248.51,248.52,250821
2025-10-14 09:35:00,248.57,248.9,248.5,248.75,294732
2025-10-14 09:40:00,248.7,248.79,248.56,248.73,158669
2025-10-14 09:45:00,248.73,248.75,248.11,248.23,347376
2025-10-14 09:50:00,248.17,248.36,247.79,248.0,320697
2025-10-14 09:55:00,247.97,247.98,247.49,247.8,209205
2025-10-15 03:45:00,250.0,251.18,248.61,250.99,397350
2025-10-15 03:50:00,250.89,251.9,250.51,251.09,389111
2025-10-15 03:55:00,251.06,252.13,251.0,251.37,817582
2025-10-15 04:00:00,251.4,251.4,250.03,250.09,303050
2025-10-15 04:05:00,250.05,250.36,249.5,249.7,193480
2025-10-15 04:10:00,249.7,250.36,249.61,249.69,109512
2025-10-15 04:15:00,249.69,250.15,249.5,249.83,106408
2025-10-15 04:20:00,249.79,250.0,249.52,249.62,56228
2025-10-15 04:25:00,249.62,250.0,249.3,249.3,55501
2025-10-15 04:30:00,249.34,249.47,249.06,249.2,61883
2025-10-15 04:35:00,249.15,249.49,249.01,249.45,79508
2025-10-15 04:40:00,249.45,250.65,249.39,250.6,208556
2025-10-15 04:45:00,250.5,250.9,249.67,249.73,128939
2025-10-15 04:50:00,249.7,250.0,249.64,249.9,31352
2025-10-15 04:55:00,249.94,249.98,249.31,249.44,42540
2025-10-15 05:00:00,249.41,249.75,249.4,249.4,44024
2025-10-15 05:05:00,249.47,249.48,249.3,249.36,25334
2025-10-15 05:10:00,249.36,249.71,249.15,249.3,52177
2025-10-15 05:15:00,249.37,249.39,249.1,249.14,53657
2025-10-15 05:20:00,249.13,249.79,248.8,249.69,180899
2025-10-15 05:25:00,249.69,249.7,249.13,249.58,40674
2025-10-15 05:30:00,249.6,249.7,249.3,249.38,85321
2025-10-15 05:35:00,249.38,249.5,248.92,249.0,45218
2025-10-15 05:40:00,248.99,249.04,248.81,248.88,43531
2025-10-15 05:45:00,248.85,249.02,248.65,248.66,79401
2025-10-15 05:50:00,248.69,248.94,248.54,248.94,47645
2025-10-15 05:55:00,248.94,249.44,248.8,249.21,38237
2025-10-15 06:00:00,249.25,249.27,248.81,248.85,28867
2025-10-15 06:05:00,248.85,249.25,248.75,249.25,49059
2025-10-15 06:10:00,249.25,249.64,249.05,249.35,101112
2025-10-15 06:15:00,249.41,249.54,249.18,249.26,44893
2025-10-15 06:20:00,249.26,250.0,249.11,249.96,71812
2025-10-15 06:25:00,249.96,250.5,249.52,249.78,196915
2025-10-15 06:30:00,249.75,250.0,249.6,249.65,27906
2025-10-15 06:35:00,249.61,249.78,249.4,249.53,31561
2025-10-15 06:40:00,249.52,249.71,249.4,249.6,47580
2025-10-15 06:45:00,249.6,249.99,249.6,249.68,69732
2025-10-15 06:50:00,249.68,249.76,249.39,249.5,35685
2025-10-15 06:55:00,249.5,249.8,249.22,249.7,34551
2025-10-15 07:00:00,249.69,249.75,249.45,249.65,27774
2025-10-15 07:05:00,249.62,249.75,249.42,249.71,27777
2025-10-15 07:10:00,249.68,250.0,249.66,249.72,41322
2025-10-15 07:15:00,249.78,249.78,249.56,249.7,35264
2025-10-15 07:20:00,249.71,249.82,249.58,249.73,40419
2025-10-15 07:25:00,249.79,249.81,249.4,249.4,48049
2025-10-15 07:30:00,249.47,249.49,249.02,249.1,67940
2025-10-15 07:35:00,249.14,249.42,249.0,249.11,57173
2025-10-15 07:40:00,249.11,249.45,249.1,249.34,44234
2025-10-15 07:45:00,249.34,250.0,249.21,249.9,87198
2025-10-15 07:50:00,249.9,250.2,249.75,249.98,127129
2025-10-15 07:55:00,249.97,250.23,249.81,250.2,114081
2025-10-15 08:00:00,250.22,250.32,250.0,250.0,101257
2025-10-15 08:05:00,249.99,250.3,249.89,250.06,121325
2025-10-15 08:10:00,250.06,250.19,249.7,249.75,136858
2025-10-15 08:15:00,249.76,249.78,249.56,249.7,43206
2025-10-15 08:20:00,249.7,249.8,249.51,249.68,65304
2025-10-15 08:25:00,249.68,249.75,249.45,249.62,57573
2025-10-15 08:30:00,249.65,250.0,249.62,249.89,77284
2025-10-15 08:35:00,249.87,250.49,249.79,250.06,181846
2025-10-15 08:40:00,250.06,250.09,249.66,249.94,67626
2025-10-15 08:45:00,249.98,249.99,249.71,249.93,32016
2025-10-15 08:50:00,249.94,250.2,249.92,250.03,98805
2025-10-15 08:55:00,250.05,250.13,249.92,250.08,32776
2025-10-15 09:00:00,250.09,250.75,250.08,250.4,147003
2025-10-15 09:05:00,250.44,250.46,250.35,250.35,48342
2025-10-15 09:10:00,250.36,250.6,250.25,250.38,74905
2025-10-15 09:15:00,250.48,250.5,250.01,250.02,81874
2025-10-15 09:20:00,250.03,250.43,249.9,250.31,117274
2025-10-15 09:25:00,250.33,250.33,250.11,250.28,55778
2025-10-15 09:30:00,250.22,250.22,249.76,249.88,1006671
2025-10-15 09:35:00,249.89,250.09,249.88,249.99,663640
2025-10-15 09:40:00,250.0,250.19,249.99,250.19,1113706
2025-10-15 09:45:00,250.19,250.7,250.18,250.44,1482543
2025-10-15 09:50:00,250.43,250.49,250.18,250.2,1244340
2025-10-15 09:55:00,250.19,250.67,250.0,250.4,1025401
2025-10-16 03:45:00,250.4,251.4,248.8,250.83,340734
2025-10-16 03:50:00,250.74,250.95,249.75,250.14,272943
2025-10-16 03:55:00,250.25,251.1,250.19,250.24,221731
2025-10-16 04:00:00,250.25,251.1,250.25,250.81,184034
2025-10-16 04:05:00,250.84,250.88,249.8,249.8,180348
2025-10-16 04:10:00,249.8,250.15,249.7,249.93,70634
2025-10-16 04:15:00,249.93,250.25,249.9,249.99,80217
2025-10-16 04:20:00,249.95,250.45,249.82,250.16,155165
2025-10-16 04:25:00,250.23,250.39,250.2,250.24,51135
2025-10-16 04:30:00,250.27,250.35,249.71,250.18,105892
2025-10-16 04:35:00,250.11,250.11,249.5,249.53,46417
2025-10-16 04:40:00,249.53,249.75,249.38,249.38,58133
2025-10-16 04:45:00,249.44,249.61,249.2,249.23,59111
2025-10-16 04:50:00,249.23,249.4,248.9,248.95,195556
2025-10-16 04:55:00,248.92,249.3,248.9,249.21,101118
2025-10-16 05:00:00,249.2,249.27,249.0,249.1,70238
2025-10-16 05:05:00,249.13,249.39,249.01,249.31,46801
2025-10-16 05:10:00,249.3,249.65,249.15,249.44,62495
2025-10-16 05:15:00,249.36,250.29,249.36,250.25,108800
2025-10-16 05:20:00,250.21,250.3,250.0,250.25,105374
2025-10-16 05:25:00,250.31,250.67,250.14,250.35,78670
2025-10-16 05:30:00,250.35,250.35,249.87,250.16,75679
2025-10-16 05:35:00,250.2,250.2,250.02,250.1,37957
2025-10-16 05:40:00,250.05,250.5,250.0,250.44,89492
2025-10-16 05:45:00,250.44,252.56,250.41,252.19,535058
2025-10-16 05:50:00,252.28,252.6,251.86,251.95,484870
2025-10-16 05:55:00,252.03,252.2,251.59,251.72,73539
2025-10-16 06:00:00,251.72,252.2,251.57,251.57,110990
2025-10-16 06:05:00,251.6,252.14,251.48,252.1,98131
2025-10-16 06:10:00,252.0,252.1,251.4,251.45,74728
2025-10-16 06:15:00,251.45,251.9,251.32,251.59,56618
2025-10-16 06:20:00,251.5,251.88,251.5,251.88,50108
2025-10-16 06:25:00,251.88,252.25,251.82,251.97,123375
2025-10-16 06:30:00,252.05,252.38,251.96,252.11,101747
2025-10-16 06:35:00,252.13,253.37,252.09,253.08,381904
2025-10-16 06:40:00,253.02,253.16,252.41,252.74,101906
2025-10-16 06:45:00,252.74,252.89,252.53,252.61,70654
2025-10-16 06:50:00,252.61,253.0,252.5,253.0,129448
2025-10-16 06:55:00,252.96,253.1,252.71,253.0,79252
2025-10-16 07:00:00,253.01,254.07,253.0,253.34,305395
2025-10-16 07:05:00,253.34,253.78,253.23,253.35,140967
2025-10-16 07:10:00,253.21,253.39,253.03,253.13,84571
2025-10-16 07:15:00,253.22,254.07,252.86,253.96,248396
2025-10-16 07:20:00,253.92,254.04,253.23,253.52,98141
2025-10-16 07:25:00,253.53,253.55,253.1,253.45,105130
2025-10-16 07:30:00,253.42,253.53,253.02,253.07,64053
2025-10-16 07:35:00,253.07,253.4,252.84,253.12,101954
2025-10-16 07:40:00,253.15,253.5,253.15,253.49,77347
2025-10-16 07:45:00,253.45,253.48,252.79,252.79,100099
2025-10-16 07:50:00,252.92,252.97,252.55,252.76,59871
2025-10-16 07:55:00,252.75,253.5,252.75,253.01,136640
2025-10-16 08:00:00,252.94,253.13,252.78,252.9,95935
2025-10-16 08:05:00,252.9,253.05,252.7,252.9,41675
2025-10-16 08:10:00,252.9,253.0,252.72,252.75,45738
2025-10-16 08:15:00,252.8,253.73,252.75,253.32,206469
2025-10-16 08:20:00,253.3,253.44,253.05,253.36,54060
2025-10-16 08:25:00,253.36,253.43,253.24,253.3,56478
2025-10-16 08:30:00,253.33,253.9,253.21,253.56,191280
2025-10-16 08:35:00,253.5,253.7,253.35,253.65,74624
2025-10-16 08:40:00,253.63,253.79,253.0,253.19,115780
2025-10-16 08:45:00,253.18,253.4,253.12,253.32,41512
2025-10-16 08:50:00,253.34,253.71,253.24,253.62,113308
2025-10-16 08:55:00,253.6,253.71,253.35,253.66,96194
2025-10-16 09:00:00,253.68,253.9,253.54,253.76,169061
2025-10-16 09:05:00,253.8,254.0,253.53,253.9,173026
2025-10-16 09:10:00,253.9,253.98,253.83,253.97,79700
2025-10-16 09:15:00,253.97,254.0,253.46,253.56,150463
2025-10-16 09:20:00,253.55,253.9,253.41,253.82,102145
2025-10-16 09:25:00,253.82,253.98,253.69,253.78,77265
2025-10-16 09:30:00,253.77,253.8,253.5,253.73,197279
2025-10-16 09:35:00,253.72,253.99,253.57,253.92,243920
2025-10-16 09:40:00,253.95,253.99,253.69,253.81,250264
2025-10-16 09:45:00,253.82,254.0,253.75,253.87,383454
2025-10-16 09:50:00,253.87,253.87,253.38,253.63,387334
2025-10-16 09:55:00,253.63,253.99,253.55,253.7,497248
2025-10-17 03:45:00,250.0,250.0,242.63,243.6,3592672
2025-10-17 03:50:00,243.74,243.74,242.22,243.28,1767080
2025-10-17 03:55:00,243.23,243.54,242.55,242.98,1462884
2025-10-17 04:00:00,242.91,242.95,242.0,242.34,1499688
2025-10-17 04:05:00,242.37,242.76,242.01,242.25,853751
2025-10-17 04:10:00,242.25,243.28,242.15,242.97,688269
2025-10-17 04:15:00,242.97,242.97,242.49,242.49,442251
2025-10-17 04:20:00,242.48,242.83,242.1,242.74,527239
2025-10-17 04:25:00,242.74,242.75,242.2,242.34,431852
2025-10-17 04:30:00,242.35,242.58,242.1,242.34,644515
2025-10-17 04:35:00,242.34,242.94,242.15,242.88,430406
2025-10-17 04:40:00,242.86,243.05,242.67,243.0,359566
2025-10-17 04:45:00,243.03,243.05,242.73,242.95,438587
2025-10-17 04:50:00,242.95,243.0,242.72,242.8,372044
2025-10-17 04:55:00,242.82,242.82,242.25,242.39,457026
2025-10-17 05:00:00,242.38,242.45,242.25,242.31,350824
2025-10-17 05:05:00,242.28,242.35,242.02,242.09,610610
2025-10-17 05:10:00,242.11,242.49,242.04,242.43,274441
2025-10-17 05:15:00,242.43,242.78,242.42,242.63,281143
2025-10-17 05:20:00,242.59,242.69,242.1,242.37,360246
2025-10-17 05:25:00,242.38,242.75,242.21,242.69,321649
2025-10-17 05:30:00,242.77,242.78,242.5,242.54,251635
2025-10-17 05:35:00,242.45,242.6,242.33,242.42,302143
2025-10-17 05:40:00,242.42,242.59,242.33,242.33,271119
2025-10-17 05:45:00,242.37,242.73,242.25,242.59,295956
2025-10-17 05:50:00,242.59,242.62,242.4,242.43,196115
2025-10-17 05:55:00,242.4,242.44,242.2,242.28,266990
2025-10-17 06:00:00,242.29,242.55,242.21,242.55,195790
2025-10-17 06:05:00,242.5,242.65,242.1,242.11,376758
2025-10-17 06:10:00,242.11,242.17,241.6,241.65,1248423
2025-10-17 06:15:00,241.65,241.78,241.5,241.67,714491
2025-10-17 06:20:00,241.64,241.65,241.21,241.44,579936
2025-10-17 06:25:00,241.44,241.47,241.25,241.37,429860
2025-10-17 06:30:00,241.38,241.39,241.15,241.35,382676
2025-10-17 06:35:00,241.35,241.39,241.2,241.24,268213
2025-10-17 06:40:00,241.23,241.5,241.2,241.45,280210
2025-10-17 06:45:00,241.45,241.62,241.35,241.4,343249
2025-10-17 06:50:00,241.4,241.48,241.25,241.34,255108
2025-10-17 06:55:00,241.34,241.55,241.25,241.5,226778
2025-10-17 07:00:00,241.5,241.5,241.3,241.41,217457
2025-10-17 07:05:00,241.37,241.55,241.21,241.3,464516
2025-10-17 07:10:00,241.3,241.35,241.15,241.25,251872
2025-10-17 07:15:00,241.18,241.28,240.9,240.97,778249
2025-10-17 07:20:00,240.9,240.97,240.56,240.65,437594
2025-10-17 07:25:00,240.65,240.69,240.1,240.21,769516
2025-10-17 07:30:00,240.23,240.35,240.0,240.12,598132
2025-10-17 07:35:00,240.1,240.56,239.81,240.0,1486204
2025-10-17 07:40:00,240.0,240.07,239.75,239.92,340457
2025-10-17 07:45:00,239.92,240.01,239.69,239.69,385314
2025-10-17 07:50:00,239.72,239.98,239.65,239.74,278601
2025-10-17 07:55:00,239.74,239.87,239.53,239.65,403727
2025-10-17 08:00:00,239.65,239.92,239.5,239.59,461442
2025-10-17 08:05:00,239.59,239.61,239.11,239.4,559205
2025-10-17 08:10:00,239.4,240.25,239.38,240.24,486446
2025-10-17 08:15:00,240.2,240.5,239.79,240.42,495532
2025-10-17 08:20:00,240.42,240.54,240.0,240.13,401766
2025-10-17 08:25:00,240.12,240.35,240.0,240.35,277791
2025-10-17 08:30:00,240.35,240.35,240.0,240.14,222008
2025-10-17 08:35:00,240.14,240.2,240.0,240.13,187565
2025-10-17 08:40:00,240.14,240.14,239.65,239.96,344195
2025-10-17 08:45:00,239.91,240.35,239.75,240.14,338556
2025-10-17 08:50:00,240.14,240.59,239.87,240.53,535046
2025-10-17 08:55:00,240.51,240.79,240.44,240.76,865694
2025-10-17 09:00:00,240.76,240.81,240.33,240.72,504729
2025-10-17 09:05:00,240.8,241.28,240.6,240.7,876252
2025-10-17 09:10:00,240.7,241.18,240.58,241.05,581927
2025-10-17 09:15:00,241.07,241.08,240.82,240.96,375362
2025-10-17 09:20:00,240.94,241.04,240.71,240.95,391699
2025-10-17 09:25:00,240.95,241.0,240.79,240.9,307793
2025-10-17 09:30:00,240.9,240.9,240.66,240.73,444451
2025-10-17 09:35:00,240.73,240.87,240.66,240.84,680535
2025-10-17 09:40:00,240.83,240.9,240.7,240.74,1008959
2025-10-17 09:45:00,240.8,241.09,240.78,241.0,1524013
2025-10-17 09:50:00,241.0,241.2,240.92,241.0,1530059
2025-10-17 09:55:00,241.01,241.1,240.5,240.68,782087
2025-10-20 03:45:00,240.9,240.9,239.45,240.49,702918
2025-10-20 03:50:00,240.56,240.76,239.27,239.89,346734
2025-10-20 03:55:00,239.89,240.3,239.6,239.66,178743
2025-10-20 04:00:00,239.71,240.09,239.45,239.65,194264
2025-10-20 04:05:00,239.65,240.43,239.6,240.35,159399
2025-10-20 04:10:00,240.26,241.94,240.26,241.41,685300
2025-10-20 04:15:00,241.4,241.49,240.65,241.25,206024
2025-10-20 04:20:00,241.25,241.3,240.92,241.12,104014
2025-10-20 04:25:00,241.12,241.4,240.56,240.65,165534
2025-10-20 04:30:00,240.6,240.65,240.29,240.56,122531
2025-10-20 04:35:00,240.56,240.7,240.27,240.67,107394
2025-10-20 04:40:00,240.64,240.95,240.56,240.88,76244
2025-10-20 04:45:00,240.88,241.1,240.3,240.57,77962
2025-10-20 04:50:00,240.53,241.05,240.43,241.04,324892
2025-10-20 04:55:00,241.03,241.03,240.36,240.4,152448
2025-10-20 05:00:00,240.4,240.7,240.31,240.53,121220
2025-10-20 05:05:00,240.51,240.65,240.3,240.51,72957
2025-10-20 05:10:00,240.52,240.6,240.37,240.59,55127
2025-10-20 05:15:00,240.59,240.6,240.4,240.58,43635
2025-10-20 05:20:00,240.58,240.7,240.41,240.5,52153
2025-10-20 05:25:00,240.45,240.9,240.28,240.82,98144
2025-10-20 05:30:00,240.82,241.2,240.65,240.8,60926
2025-10-20 05:35:00,240.78,240.95,240.55,240.88,82626
2025-10-20 05:40:00,240.89,240.99,240.75,240.94,40029
2025-10-20 05:45:00,240.94,240.98,240.7,240.76,51214
2025-10-20 05:50:00,240.74,240.91,240.55,240.75,46405
2025-10-20 05:55:00,240.76,241.4,240.7,241.4,115751
2025-10-20 06:00:00,241.51,241.7,241.35,241.54,173315
2025-10-20 06:05:00,241.59,241.59,241.25,241.35,64042
2025-10-20 06:10:00,241.33,241.47,241.0,241.4,84030
2025-10-20 06:15:00,241.35,241.4,241.05,241.24,54146
2025-10-20 06:20:00,241.21,241.28,241.1,241.2,49368
2025-10-20 06:25:00,241.15,241.77,241.15,241.69,130172
2025-10-20 06:30:00,241.69,241.71,241.47,241.5,98485
2025-10-20 06:35:00,241.54,241.57,241.27,241.3,43241
2025-10-20 06:40:00,241.31,241.41,241.21,241.3,36611
2025-10-20 06:45:00,241.3,241.39,241.2,241.25,38108
2025-10-20 06:50:00,241.28,241.28,241.0,241.03,50690
2025-10-20 06:55:00,241.04,241.44,241.0,241.39,89497
2025-10-20 07:00:00,241.39,241.41,241.1,241.17,29054
2025-10-20 07:05:00,241.1,241.38,241.1,241.3,97824
2025-10-20 07:10:00,241.32,241.61,241.3,241.5,81937
2025-10-20 07:15:00,241.5,241.56,241.26,241.49,94927
2025-10-20 07:20:00,241.5,241.64,241.4,241.61,94318
2025-10-20 07:25:00,241.62,241.62,241.47,241.53,41733
2025-10-20 07:30:00,241.55,241.6,241.37,241.57,52837
2025-10-20 07:35:00,241.58,241.77,241.56,241.6,104155
2025-10-20 07:40:00,241.58,241.63,241.4,241.55,57798
2025-10-20 07:45:00,241.56,241.69,241.45,241.46,128031
2025-10-20 07:50:00,241.46,241.6,241.4,241.5,49765
2025-10-20 07:55:00,241.5,241.55,241.3,241.55,53529
2025-10-20 08:00:00,241.55,241.55,241.25,241.25,43111
2025-10-20 08:05:00,241.32,241.42,241.1,241.35,56059
2025-10-20 08:10:00,241.4,241.41,241.15,241.25,49576
2025-10-20 08:15:00,241.25,241.35,240.86,241.0,91269
2025-10-20 08:20:00,241.01,241.01,240.62,240.94,112768
2025-10-20 08:25:00,240.97,241.18,240.93,241.12,51264
2025-10-20 08:30:00,241.1,241.11,240.94,240.94,31474
2025-10-20 08:35:00,240.96,241.09,240.85,240.9,59822
2025-10-20 08:40:00,240.92,241.1,240.87,241.09,53283
2025-10-20 08:45:00,241.09,241.38,241.0,241.1,89516
2025-10-20 08:50:00,241.02,241.1,240.88,240.92,50911
2025-10-20 08:55:00,240.92,241.02,240.8,240.93,90167
2025-10-20 09:00:00,240.92,240.97,240.61,240.91,137900
2025-10-20 09:05:00,240.91,240.92,240.66,240.83,82551
2025-10-20 09:10:00,240.84,241.07,240.7,241.05,106281
2025-10-20 09:15:00,241.06,241.25,240.8,241.25,104159
2025-10-20 09:20:00,241.24,241.32,241.09,241.16,61869
2025-10-20 09:25:00,241.14,241.4,241.06,241.37,73280
2025-10-20 09:30:00,241.35,241.35,240.9,241.1,305806
2025-10-20 09:35:00,241.07,241.3,240.96,241.26,333860
2025-10-20 09:40:00,241.3,241.4,241.09,241.3,358200
2025-10-20 09:45:00,241.3,241.57,241.09,241.09,488166
2025-10-20 09:50:00,241.2,241.49,241.0,241.36,416990
2025-10-20 09:55:00,241.4,241.46,241.0,241.4,260616
2025-10-21 08:15:00,241.0,242.16,240.36,241.82,423539
2025-10-21 08:20:00,241.76,241.98,241.51,241.95,338323
2025-10-21 08:25:00,241.95,242.14,241.8,242.04,210893
2025-10-21 08:30:00,242.03,242.05,241.72,241.93,101108
2025-10-21 08:35:00,241.93,241.96,241.55,241.67,103470
2025-10-21 08:40:00,241.68,241.95,241.51,241.67,107370
2025-10-21 08:45:00,241.67,241.86,241.6,241.75,69860
2025-10-21 08:50:00,241.75,241.79,241.41,241.55,132339
2025-10-21 08:55:00,241.55,241.6,241.5,241.59,70678
2025-10-21 09:00:00,241.59,241.6,241.2,241.28,150628
2025-10-21 09:05:00,241.28,241.32,241.0,241.1,175832
2025-10-21 09:10:00,241.13,241.37,241.0,241.19,97016
2025-10-21 09:15:00,241.19,241.19,241.19,241.19,0
2025-10-23 03:45:00,244.8,244.98,243.8,244.17,1154850
2025-10-23 03:50:00,244.29,244.7,243.37,244.7,558085
2025-10-23 03:55:00,244.75,245.1,244.45,244.72,782280
2025-10-23 04:00:00,244.72,244.93,244.34,244.45,423639
2025-10-23 04:05:00,244.49,245.3,244.47,245.02,645277
2025-10-23 04:10:00,245.15,245.16,244.13,244.66,357414
2025-10-23 04:15:00,244.7,244.88,244.48,244.56,214741
2025-10-23 04:20:00,244.65,244.95,244.5,244.7,131223
2025-10-23 04:25:00,244.69,245.25,244.56,245.22,310277
2025-10-23 04:30:00,245.14,245.45,245.05,245.44,286206
2025-10-23 04:35:00,245.45,245.87,245.38,245.87,456859
2025-10-23 04:40:00,245.87,246.0,245.55,245.95,354939
2025-10-23 04:45:00,245.9,246.3,245.9,246.25,400625
2025-10-23 04:50:00,246.2,246.67,246.06,246.5,379088
2025-10-23 04:55:00,246.51,246.68,246.12,246.6,237577
2025-10-23 05:00:00,246.56,247.0,246.36,246.95,281466
2025-10-23 05:05:00,246.95,247.19,246.75,247.07,463589
2025-10-23 05:10:00,247.06,247.4,246.28,246.34,406631
2025-10-23 05:15:00,246.4,246.4,245.3,245.97,309130
2025-10-23 05:20:00,246.03,246.25,245.89,245.99,117047
2025-10-23 05:25:00,245.96,246.44,245.84,246.15,187120
2025-10-23 05:30:00,246.22,246.94,246.15,246.72,319427
2025-10-23 05:35:00,246.72,247.1,246.5,247.03,271298
2025-10-23 05:40:00,247.03,247.2,246.85,247.12,204283
2025-10-23 05:45:00,247.1,247.8,247.1,247.38,515647
2025-10-23 05:50:00,247.38,247.5,246.99,247.08,156564
2025-10-23 05:55:00,247.02,247.1,246.65,246.76,168749
2025-10-23 06:00:00,246.83,247.33,246.77,247.3,143286
2025-10-23 06:05:00,247.33,247.62,247.3,247.51,278471
2025-10-23 06:10:00,247.5,247.66,247.09,247.2,229963
2025-10-23 06:15:00,247.15,247.25,246.67,246.77,133926
2025-10-23 06:20:00,246.78,246.99,246.5,246.89,118512
2025-10-23 06:25:00,246.86,247.0,246.86,246.96,75805
2025-10-23 06:30:00,246.96,247.17,246.86,247.0,126544
2025-10-23 06:35:00,247.0,247.2,247.0,247.01,93966
2025-10-23 06:40:00,247.0,247.25,247.0,247.22,99069
2025-10-23 06:45:00,247.2,247.25,247.0,247.0,75256
2025-10-23 06:50:00,247.09,247.21,247.0,247.17,108194
2025-10-23 06:55:00,247.17,247.4,247.17,247.39,138022
2025-10-23 07:00:00,247.4,247.4,247.17,247.25,128106
2025-10-23 07:05:00,247.25,247.3,246.64,246.95,127759
2025-10-23 07:10:00,246.97,247.0,246.8,246.83,64717
2025-10-23 07:15:00,246.86,246.87,246.44,246.5,128720
2025-10-23 07:20:00,246.54,246.72,246.49,246.72,156207
2025-10-23 07:25:00,246.71,246.73,246.32,246.51,119707
2025-10-23 07:30:00,246.56,246.6,246.32,246.5,82362
2025-10-23 07:35:00,246.48,246.5,246.11,246.14,156495
2025-10-23 07:40:00,246.14,246.36,245.94,246.06,200953
2025-10-23 07:45:00,246.06,246.1,245.85,246.1,101030
2025-10-23 07:50:00,246.08,246.2,245.9,245.99,111094
2025-10-23 07:55:00,245.99,246.01,245.9,245.99,68024
2025-10-23 08:00:00,245.94,246.0,245.62,245.64,99644
2025-10-23 08:05:00,245.64,245.68,245.39,245.65,161185
2025-10-23 08:10:00,245.65,245.87,245.52,245.8,222584
2025-10-23 08:15:00,245.74,245.97,245.65,245.89,92024
2025-10-23 08:20:00,245.83,245.99,245.67,245.83,82382
2025-10-23 08:25:00,245.83,245.95,245.42,245.49,130327
2025-10-23 08:30:00,245.5,245.54,245.31,245.45,103556
2025-10-23 08:35:00,245.45,245.67,245.23,245.38,98909
2025-10-23 08:40:00,245.38,245.65,245.3,245.62,88850
2025-10-23 08:45:00,245.62,245.8,245.5,245.77,104903
2025-10-23 08:50:00,245.76,245.78,245.39,245.5,96139
2025-10-23 08:55:00,245.52,245.55,245.25,245.44,125051
2025-10-23 09:00:00,245.36,245.45,245.25,245.3,104896
2025-10-23 09:05:00,245.3,245.51,245.27,245.45,202560
2025-10-23 09:10:00,245.5,245.79,245.41,245.76,114714
2025-10-23 09:15:00,245.75,245.8,245.65,245.78,114311
2025-10-23 09:20:00,245.79,245.8,245.32,245.57,153996
2025-10-23 09:25:00,245.57,245.75,245.31,245.35,170900
2025-10-23 09:30:00,245.32,245.36,244.7,244.71,572945
2025-10-23 09:35:00,244.75,244.75,244.01,244.17,554746
2025-10-23 09:40:00,244.2,244.26,244.01,244.02,409510
2025-10-23 09:45:00,244.02,244.32,244.02,244.24,598397
2025-10-23 09:50:00,244.25,244.29,244.01,244.24,846131
2025-10-23 09:55:00,244.22,244.48,244.05,244.3,422607
2025-10-24 03:45:00,245.0,245.88,243.9,244.7,423105
2025-10-24 03:50:00,244.64,245.24,244.37,244.89,179843
2025-10-24 03:55:00,244.9,245.0,244.45,244.84,103654
2025-10-24 04:00:00,244.84,244.94,244.59,244.79,98630
2025-10-24 04:05:00,244.85,245.28,244.7,245.15,185704
2025-10-24 04:10:00,245.09,245.39,244.9,245.02,182914
2025-10-24 04:15:00,245.05,245.12,244.87,244.94,124508
2025-10-24 04:20:00,244.94,245.1,244.8,244.91,97176
2025-10-24 04:25:00,244.9,245.25,244.86,245.22,130654
2025-10-24 04:30:00,245.24,245.25,244.8,244.8,67602
2025-10-24 04:35:00,244.76,244.93,244.54,244.9,82603
2025-10-24 04:40:00,244.98,245.1,244.57,244.68,103926
2025-10-24 04:45:00,244.68,244.78,244.5,244.52,95508
2025-10-24 04:50:00,244.52,244.99,244.5,244.81,79632
2025-10-24 04:55:00,244.87,244.94,244.51,244.6,52950
2025-10-24 05:00:00,244.53,244.76,244.53,244.57,50494
2025-10-24 05:05:00,244.55,244.64,244.25,244.45,68360
2025-10-24 05:10:00,244.37,244.46,244.02,244.12,42641
2025-10-24 05:15:00,244.12,244.27,244.0,244.24,69275
2025-10-24 05:20:00,244.23,244.37,244.2,244.23,38221
2025-10-24 05:25:00,244.27,244.38,244.0,244.38,78014
2025-10-24 05:30:00,244.34,244.5,244.23,244.26,54693
2025-10-24 05:35:00,244.26,244.27,244.0,244.07,35761
2025-10-24 05:40:00,244.04,244.4,244.04,244.39,40552
2025-10-24 05:45:00,244.36,244.45,244.12,244.21,34527
2025-10-24 05:50:00,244.22,244.31,244.08,244.26,37164
2025-10-24 05:55:00,244.31,244.37,244.14,244.22,47543
2025-10-24 06:00:00,244.18,244.3,244.1,244.3,54548
2025-10-24 06:05:00,244.25,244.7,244.23,244.53,91292
2025-10-24 06:10:00,244.52,244.85,244.52,244.75,61899
2025-10-24 06:15:00,244.71,244.82,244.5,244.51,56564
2025-10-24 06:20:00,244.51,244.77,244.5,244.61,32412
2025-10-24 06:25:00,244.61,244.75,244.57,244.67,34572
2025-10-24 06:30:00,244.72,244.75,244.55,244.61,33539
2025-10-24 06:35:00,244.64,244.99,244.61,244.87,45951
2025-10-24 06:40:00,244.85,245.1,244.57,244.63,157922
2025-10-24 06:45:00,244.63,244.63,244.29,244.33,36603
2025-10-24 06:50:00,244.31,244.46,244.2,244.36,29698
2025-10-24 06:55:00,244.36,244.47,244.25,244.47,30678
2025-10-24 07:00:00,244.45,244.66,244.35,244.51,30731
2025-10-24 07:05:00,244.51,244.58,244.41,244.45,28603
2025-10-24 07:10:00,244.45,244.56,244.34,244.48,50400
2025-10-24 07:15:00,244.47,244.53,244.37,244.44,29191
2025-10-24 07:20:00,244.45,244.48,244.27,244.38,32661
2025-10-24 07:25:00,244.38,244.45,244.25,244.3,30293
2025-10-24 07:30:00,244.31,244.42,244.26,244.36,36689
2025-10-24 07:35:00,244.34,244.37,244.25,244.26,34586
2025-10-24 07:40:00,244.26,244.35,244.25,244.27,29482
2025-10-24 07:45:00,244.27,244.27,244.0,244.0,87390
2025-10-24 07:50:00,244.01,244.11,243.7,243.71,121256
2025-10-24 07:55:00,243.72,243.72,243.2,243.3,101892
2025-10-24 08:00:00,243.22,243.45,243.01,243.04,62140
2025-10-24 08:05:00,243.04,243.21,242.9,242.92,66239
2025-10-24 08:10:00,242.9,243.11,242.81,242.84,84599
2025-10-24 08:15:00,242.81,242.86,242.45,242.52,99918
2025-10-24 08:20:00,242.5,242.52,242.16,242.34,203761
2025-10-24 08:25:00,242.34,242.5,242.23,242.24,65787
2025-10-24 08:30:00,242.24,242.33,242.22,242.29,38377
2025-10-24 08:35:00,242.3,242.53,242.21,242.29,60494
2025-10-24 08:40:00,242.35,242.55,242.31,242.45,94417
2025-10-24 08:45:00,242.45,242.55,242.3,242.5,71344
2025-10-24 08:50:00,242.5,242.7,242.4,242.59,79701
2025-10-24 08:55:00,242.59,242.73,242.46,242.58,89648
2025-10-24 09:00:00,242.58,242.68,242.51,242.63,64397
2025-10-24 09:05:00,242.63,242.75,242.52,242.63,73581
2025-10-24 09:10:00,242.62,242.75,242.6,242.72,75516
2025-10-24 09:15:00,242.72,242.78,242.45,242.5,84716
2025-10-24 09:20:00,242.5,242.63,242.4,242.59,74437
2025-10-24 09:25:00,242.56,242.6,242.35,242.42,72596
2025-10-24 09:30:00,242.42,242.85,242.42,242.79,164470
2025-10-24 09:35:00,242.77,243.15,242.77,243.15,220975
2025-10-24 09:40:00,243.06,243.11,242.81,242.95,293261
2025-10-24 09:45:00,242.94,242.99,242.91,242.92,306364
2025-10-24 09:50:00,243.0,243.19,243.0,243.09,232453
2025-10-24 09:55:00,243.09,243.5,243.09,243.25,214021
2025-10-27 03:45:00,243.29,244.43,243.06,244.02,547824
2025-10-27 03:50:00,244.02,244.69,244.02,244.09,169107
2025-10-27 03:55:00,243.94,244.46,243.62,244.45,236522
2025-10-27 04:00:00,244.44,244.48,243.88,244.47,194810
2025-10-27 04:05:00,244.47,244.68,244.29,244.61,154023
2025-10-27 04:10:00,244.62,245.28,244.49,245.09,273612
2025-10-27 04:15:00,245.04,245.2,244.48,245.0,296605
2025-10-27 04:20:00,245.0,245.66,244.91,245.52,443156
2025-10-27 04:25:00,245.53,245.73,245.12,245.18,212770
2025-10-27 04:30:00,245.14,245.28,244.82,244.98,223863
2025-10-27 04:35:00,244.98,245.14,244.75,245.04,127073
2025-10-27 04:40:00,245.06,245.16,244.86,245.0,55805
2025-10-27 04:45:00,245.0,245.06,244.76,244.93,75643
2025-10-27 04:50:00,244.93,245.04,244.57,244.69,72297
2025-10-27 04:55:00,244.62,244.77,244.53,244.77,48690
2025-10-27 05:00:00,244.77,244.91,244.65,244.85,61289
2025-10-27 05:05:00,244.8,244.84,244.4,244.53,67775
2025-10-27 05:10:00,244.6,244.85,244.52,244.53,55932
2025-10-27 05:15:00,244.6,244.72,244.39,244.72,119896
2025-10-27 05:20:00,244.72,244.72,244.5,244.55,73350
2025-10-27 05:25:00,244.55,245.25,244.49,244.96,604659
2025-10-27 05:30:00,245.0,245.24,244.4,244.47,508526
2025-10-27 05:35:00,244.5,244.52,243.9,244.0,460286
2025-10-27 05:40:00,244.0,244.2,243.85,244.17,253365
2025-10-27 05:45:00,244.17,244.18,243.91,244.04,62858
2025-10-27 05:50:00,244.07,244.27,244.0,244.26,70368
2025-10-27 05:55:00,244.26,244.38,244.08,244.24,63923
2025-10-27 06:00:00,244.16,244.45,244.15,244.38,73625
2025-10-27 06:05:00,244.35,244.4,244.15,244.37,86006
2025-10-27 06:10:00,244.37,244.38,244.05,244.11,53103
2025-10-27 06:15:00,244.13,244.14,243.92,244.07,160013
2025-10-27 06:20:00,244.13,244.39,244.07,244.36,62401
2025-10-27 06:25:00,244.38,244.6,244.36,244.51,90023
2025-10-27 06:30:00,244.53,244.56,244.44,244.5,72417
2025-10-27 06:35:00,244.5,244.61,244.4,244.42,66650
2025-10-27 06:40:00,244.41,244.53,244.41,244.52,53726
2025-10-27 06:45:00,244.52,244.53,244.1,244.13,90760
2025-10-27 06:50:00,244.14,244.29,244.0,244.23,73538
2025-10-27 06:55:00,244.22,244.38,244.05,244.1,49951
2025-10-27 07:00:00,244.05,244.24,244.05,244.22,73217
2025-10-27 07:05:00,244.21,244.29,244.1,244.14,39786
2025-10-27 07:10:00,244.14,244.37,244.1,244.37,51943
2025-10-27 07:15:00,244.37,244.43,244.2,244.29,80843
2025-10-27 07:20:00,244.35,244.5,244.23,244.48,64472
2025-10-27 07:25:00,244.48,244.7,244.41,244.7,89385
2025-10-27 07:30:00,244.7,244.74,244.34,244.42,70094
2025-10-27 07:35:00,244.42,244.46,244.25,244.36,40451
2025-10-27 07:40:00,244.27,244.3,244.15,244.23,30681
2025-10-27 07:45:00,244.16,244.23,243.86,243.93,73343
2025-10-27 07:50:00,243.88,243.94,243.61,243.72,85249
2025-10-27 07:55:00,243.72,243.86,243.6,243.83,58573
2025-10-27 08:00:00,243.8,243.89,243.68,243.82,35636
2025-10-27 08:05:00,243.82,243.92,243.77,243.91,37895
2025-10-27 08:10:00,243.93,243.93,243.8,243.88,32246
2025-10-27 08:15:00,243.88,243.88,243.72,243.77,53743
2025-10-27 08:20:00,243.72,244.07,243.72,244.05,65311
2025-10-27 08:25:00,244.05,244.08,243.9,243.99,55552
2025-10-27 08:30:00,244.0,244.08,243.94,244.02,39905
2025-10-27 08:35:00,244.06,244.07,243.9,243.92,32903
2025-10-27 08:40:00,243.92,243.93,243.7,243.75,60865
2025-10-27 08:45:00,243.74,244.13,243.71,244.1,114738
2025-10-27 08:50:00,244.1,244.12,243.88,243.94,23858
2025-10-27 08:55:00,243.94,243.94,243.84,243.9,23951
2025-10-27 09:00:00,243.9,243.91,243.82,243.88,49384
2025-10-27 09:05:00,243.89,243.94,243.81,243.88,52636
2025-10-27 09:10:00,243.86,243.88,243.65,243.71,40669
2025-10-27 09:15:00,243.71,243.76,243.39,243.43,195684
2025-10-27 09:20:00,243.43,243.77,243.38,243.71,79158
2025-10-27 09:25:00,243.72,243.84,243.6,243.8,57352
2025-10-27 09:30:00,243.82,243.94,243.72,243.82,141701
2025-10-27 09:35:00,243.82,243.97,243.77,243.97,164484
2025-10-27 09:40:00,243.98,244.0,243.86,243.89,182495
2025-10-27 09:45:00,243.9,244.01,243.82,244.01,227304
2025-10-27 09:50:00,244.01,244.1,243.85,243.93,260769
2025-10-27 09:55:00,243.93,244.03,243.74,243.9,253588
2025-10-28 03:45:00,243.66,244.7,243.18,243.23,415744
2025-10-28 03:50:00,243.34,243.61,243.11,243.25,187864
2025-10-28 03:55:00,243.25,243.44,243.01,243.44,149405
2025-10-28 04:00:00,243.44,243.79,243.35,243.7,141130
2025-10-28 04:05:00,243.68,243.7,243.2,243.25,197825
2025-10-28 04:10:00,243.25,243.39,243.09,243.24,139036
2025-10-28 04:15:00,243.23,243.35,243.11,243.31,82578
2025-10-28 04:20:00,243.25,243.29,242.72,242.82,167421
2025-10-28 04:25:00,242.83,242.99,242.73,242.87,85463
2025-10-28 04:30:00,242.93,242.93,242.55,242.62,117197
2025-10-28 04:35:00,242.62,242.66,242.23,242.64,136087
2025-10-28 04:40:00,242.65,242.85,242.45,242.83,84230
2025-10-28 04:45:00,242.82,242.83,242.56,242.56,59350
2025-10-28 04:50:00,242.58,242.58,242.3,242.38,68562
2025-10-28 04:55:00,242.4,242.53,242.32,242.51,90769
2025-10-28 05:00:00,242.51,242.51,242.25,242.35,70782
2025-10-28 05:05:00,242.4,242.44,242.29,242.3,48983
2025-10-28 05:10:00,242.31,242.6,242.25,242.59,74352
2025-10-28 05:15:00,242.59,242.67,242.4,242.45,94027
2025-10-28 05:20:00,242.47,242.48,242.27,242.28,83195
2025-10-28 05:25:00,242.28,242.56,242.28,242.5,52918
2025-10-28 05:30:00,242.45,242.52,242.13,242.25,76847
2025-10-28 05:35:00,242.25,242.55,242.19,242.47,58539
2025-10-28 05:40:00,242.52,242.53,242.39,242.44,45527
2025-10-28 05:45:00,242.45,242.45,242.22,242.32,49676
2025-10-28 05:50:00,242.32,242.42,242.24,242.42,53227
2025-10-28 05:55:00,242.33,242.53,242.28,242.35,58720
2025-10-28 06:00:00,242.36,242.39,242.1,242.15,97253
2025-10-28 06:05:00,242.15,242.32,242.04,242.32,57612
2025-10-28 06:10:00,242.32,242.45,242.25,242.28,39253
2025-10-28 06:15:00,242.28,242.44,242.14,242.21,64860
2025-10-28 06:20:00,242.25,242.43,242.21,242.25,75703
2025-10-28 06:25:00,242.32,242.34,242.04,242.15,83427
2025-10-28 06:30:00,242.11,242.21,241.91,242.01,136024
2025-10-28 06:35:00,242.0,242.04,241.81,241.99,63953
2025-10-28 06:40:00,241.94,241.99,241.85,241.89,64626
2025-10-28 06:45:00,241.87,242.0,241.82,241.94,56601
2025-10-28 06:50:00,241.94,241.98,241.65,241.79,88772
2025-10-28 06:55:00,241.79,241.88,241.67,241.87,40616
2025-10-28 07:00:00,241.83,241.95,241.79,241.95,47118
2025-10-28 07:05:00,241.96,242.38,241.96,242.3,78948
2025-10-28 07:10:00,242.31,242.6,242.24,242.59,74199
2025-10-28 07:15:00,242.56,242.63,242.42,242.61,84016
2025-10-28 07:20:00,242.6,242.8,242.48,242.5,87803
2025-10-28 07:25:00,242.43,242.58,242.31,242.44,87886
2025-10-28 07:30:00,242.44,242.64,242.42,242.47,62284
2025-10-28 07:35:00,242.48,242.6,242.4,242.47,61280
2025-10-28 07:40:00,242.49,242.59,242.43,242.52,65852
2025-10-28 07:45:00,242.54,242.57,242.4,242.43,41244
2025-10-28 07:50:00,242.41,242.43,242.26,242.31,30430
2025-10-28 07:55:00,242.34,242.54,242.3,242.37,71268
2025-10-28 08:00:00,242.31,242.37,242.2,242.28,48721
2025-10-28 08:05:00,242.28,242.43,242.27,242.37,51320
2025-10-28 08:10:00,242.36,242.37,242.01,242.04,38002
2025-10-28 08:15:00,242.04,242.09,241.88,241.98,95013
2025-10-28 08:20:00,241.96,241.99,241.8,241.9,102871
2025-10-28 08:25:00,241.9,241.93,241.74,241.83,53277
2025-10-28 08:30:00,241.83,241.83,241.6,241.62,60990
2025-10-28 08:35:00,241.61,241.65,241.41,241.58,128276
2025-10-28 08:40:00,241.51,241.63,241.45,241.6,94382
2025-10-28 08:45:00,241.6,241.76,241.55,241.7,70939
2025-10-28 08:50:00,241.7,241.72,241.51,241.56,55235
2025-10-28 08:55:00,241.56,241.72,241.42,241.72,149733
2025-10-28 09:00:00,241.65,241.84,241.4,241.62,141542
2025-10-28 09:05:00,241.66,241.68,241.45,241.62,198676
2025-10-28 09:10:00,241.6,241.7,241.4,241.6,129161
2025-10-28 09:15:00,241.53,241.9,241.41,241.42,268056
2025-10-28 09:20:00,241.52,242.0,241.41,241.86,126290
2025-10-28 09:25:00,241.86,242.1,241.77,241.86,205155
2025-10-28 09:30:00,241.94,242.45,241.94,242.36,362565
2025-10-28 09:35:00,242.38,242.4,242.1,242.28,292653
2025-10-28 09:40:00,242.19,242.48,242.19,242.31,363971
2025-10-28 09:45:00,242.33,242.6,242.27,242.4,382137
2025-10-28 09:50:00,242.4,242.6,242.3,242.4,360748
2025-10-28 09:55:00,242.4,242.72,242.02,242.7,415017
2025-10-29 03:45:00,243.6,243.6,242.52,243.1,162493
2025-10-29 03:50:00,242.97,242.98,242.3,242.73,166270
2025-10-29 03:55:00,242.73,243.24,242.73,243.12,80661
2025-10-29 04:00:00,243.09,243.15,242.89,243.11,56310
2025-10-29 04:05:00,243.13,243.14,242.0,242.04,133560
2025-10-29 04:10:00,242.1,242.22,241.85,242.15,110543
2025-10-29 04:15:00,242.1,242.3,241.72,241.73,93182
2025-10-29 04:20:00,241.73,242.09,241.73,241.84,59342
2025-10-29 04:25:00,241.86,241.97,241.64,241.75,72463
2025-10-29 04:30:00,241.8,242.18,241.8,242.07,41257
2025-10-29 04:35:00,242.07,242.1,241.9,242.02,41305
2025-10-29 04:40:00,242.03,242.19,241.94,242.05,63367
2025-10-29 04:45:00,242.09,242.67,242.08,242.47,80811
2025-10-29 04:50:00,242.47,242.51,241.9,242.22,819021
2025-10-29 04:55:00,242.2,242.76,241.95,242.64,151682
2025-10-29 05:00:00,242.64,242.99,242.56,242.85,183897
2025-10-29 05:05:00,242.9,242.99,242.6,242.82,98265
2025-10-29 05:10:00,242.84,242.94,242.6,242.76,65324
2025-10-29 05:15:00,242.82,242.84,242.54,242.58,38523
2025-10-29 05:20:00,242.55,242.75,242.53,242.62,53834
2025-10-29 05:25:00,242.68,242.8,242.55,242.65,52100
2025-10-29 05:30:00,242.65,242.85,242.61,242.69,40720
2025-10-29 05:35:00,242.69,242.8,242.63,242.66,25902
2025-10-29 05:40:00,242.69,242.74,242.25,242.35,80450
2025-10-29 05:45:00,242.36,242.36,242.01,242.1,74685
2025-10-29 05:50:00,242.16,242.46,242.1,242.45,37144
2025-10-29 05:55:00,242.44,242.52,242.35,242.4,24573
2025-10-29 06:00:00,242.4,242.6,242.4,242.5,137006
2025-10-29 06:05:00,242.53,242.73,242.43,242.6,56847
2025-10-29 06:10:00,242.6,242.8,242.58,242.73,31572
2025-10-29 06:15:00,242.73,242.75,242.53,242.53,46398
2025-10-29 06:20:00,242.53,242.7,242.53,242.69,34561
2025-10-29 06:25:00,242.67,242.68,242.5,242.51,44351
2025-10-29 06:30:00,242.59,242.79,242.51,242.71,62591
2025-10-29 06:35:00,242.71,242.84,242.65,242.78,45775
2025-10-29 06:40:00,242.76,242.8,242.65,242.7,33536
2025-10-29 06:45:00,242.65,243.0,242.65,242.95,115221
2025-10-29 06:50:00,242.9,242.96,242.72,242.83,48892
2025-10-29 06:55:00,242.83,243.17,242.8,243.14,202664
2025-10-29 07:00:00,243.05,243.12,242.81,242.93,202715
2025-10-29 07:05:00,242.93,243.4,242.87,243.25,132205
2025-10-29 07:10:00,243.25,243.39,243.05,243.15,40854
2025-10-29 07:15:00,243.15,243.24,242.87,242.94,57268
2025-10-29 07:20:00,242.94,243.02,242.85,242.89,27760
2025-10-29 07:25:00,242.89,242.98,242.77,242.95,52471
2025-10-29 07:30:00,242.98,243.0,242.45,242.6,155560
2025-10-29 07:35:00,242.51,242.69,242.42,242.5,130152
2025-10-29 07:40:00,242.51,242.7,242.33,242.35,147108
2025-10-29 07:45:00,242.44,242.72,242.35,242.52,126218
2025-10-29 07:50:00,242.57,242.62,242.3,242.51,114135
2025-10-29 07:55:00,242.58,242.58,242.32,242.36,101138
2025-10-29 08:00:00,242.35,242.6,242.32,242.34,108142
2025-10-29 08:05:00,242.43,242.44,242.18,242.21,107535
2025-10-29 08:10:00,242.21,242.32,242.01,242.01,114546
2025-10-29 08:15:00,242.02,242.32,242.01,242.1,112682
2025-10-29 08:20:00,242.1,242.38,242.05,242.13,123237
2025-10-29 08:25:00,242.28,242.29,242.01,242.09,105759
2025-10-29 08:30:00,242.09,242.23,242.06,242.06,113592
2025-10-29 08:35:00,242.06,242.25,242.04,242.21,107838
2025-10-29 08:40:00,242.25,242.3,242.11,242.2,93622
2025-10-29 08:45:00,242.2,242.55,242.06,242.48,147168
2025-10-29 08:50:00,242.48,242.48,242.06,242.17,93340
2025-10-29 08:55:00,242.11,242.22,242.01,242.14,128749
2025-10-29 09:00:00,242.16,242.47,242.04,242.27,175171
2025-10-29 09:05:00,242.27,242.39,242.13,242.27,125747
2025-10-29 09:10:00,242.27,242.29,242.05,242.16,98117
2025-10-29 09:15:00,242.06,242.28,242.01,242.02,188246
2025-10-29 09:20:00,242.02,242.2,242.0,242.1,122322
2025-10-29 09:25:00,242.12,242.27,242.06,242.23,116500
2025-10-29 09:30:00,242.23,242.39,242.14,242.17,190272
2025-10-29 09:35:00,242.2,242.26,242.08,242.25,161560
2025-10-29 09:40:00,242.18,242.19,242.04,242.18,215176
2025-10-29 09:45:00,242.16,242.24,242.04,242.24,275778
2025-10-29 09:50:00,242.24,242.52,242.24,242.48,392467
2025-10-29 09:55:00,242.35,242.65,242.25,242.65,282840
2025-10-30 03:45:00,242.89,244.75,242.77,244.37,933338
2025-10-30 03:50:00,244.37,244.77,243.26,243.49,387314
2025-10-30 03:55:00,243.46,243.46,242.43,242.88,263010
2025-10-30 04:00:00,242.85,242.85,241.85,241.98,353437
2025-10-30 04:05:00,241.94,242.48,241.81,242.0,177501
2025-10-30 04:10:00,241.95,241.95,241.5,241.66,240195
2025-10-30 04:15:00,241.66,241.95,241.51,241.88,101650
2025-10-30 04:20:00,241.88,241.95,241.3,241.44,249994
2025-10-30 04:25:00,241.51,241.64,241.39,241.42,81057
2025-10-30 04:30:00,241.42,241.46,241.12,241.28,110297
2025-10-30 04:35:00,241.39,241.45,241.22,241.25,124917
2025-10-30 04:40:00,241.26,241.51,241.2,241.51,98605
2025-10-30 04:45:00,241.48,241.65,241.26,241.26,75480
2025-10-30 04:50:00,241.31,241.8,241.24,241.76,84939
2025-10-30 04:55:00,241.76,241.87,241.67,241.71,38225
2025-10-30 05:00:00,241.72,241.72,241.51,241.59,33402
2025-10-30 05:05:00,241.59,241.8,241.57,241.65,26061
2025-10-30 05:10:00,241.66,241.71,241.4,241.44,49106
2025-10-30 05:15:00,241.45,241.56,241.4,241.52,28400
2025-10-30 05:20:00,241.52,241.58,241.41,241.46,21779
2025-10-30 05:25:00,241.44,241.61,241.44,241.46,24493
2025-10-30 05:30:00,241.48,241.67,241.41,241.61,24893
2025-10-30 05:35:00,241.68,241.77,241.59,241.7,20971
2025-10-30 05:40:00,241.69,241.8,241.58,241.8,31735
2025-10-30 05:45:00,241.8,241.84,241.6,241.8,31450
2025-10-30 05:50:00,241.75,241.98,241.7,241.98,44759
2025-10-30 05:55:00,241.98,241.98,241.5,241.61,54710
2025-10-30 06:00:00,241.61,241.63,241.1,241.15,180229
2025-10-30 06:05:00,241.1,241.28,241.05,241.22,64777
2025-10-30 06:10:00,241.25,241.36,241.08,241.12,90959
2025-10-30 06:15:00,241.12,241.29,241.05,241.08,80793
2025-10-30 06:20:00,241.08,241.08,240.5,240.69,348068
2025-10-30 06:25:00,240.69,240.85,240.61,240.75,77908
2025-10-30 06:30:00,240.79,241.05,240.75,241.05,45017
2025-10-30 06:35:00,241.0,241.27,240.91,241.15,71197
2025-10-30 06:40:00,241.2,241.29,241.11,241.23,59972
2025-10-30 06:45:00,241.23,241.23,241.0,241.01,46195
2025-10-30 06:50:00,241.06,241.19,241.0,241.19,30844
2025-10-30 06:55:00,241.15,241.26,241.11,241.11,41380
2025-10-30 07:00:00,241.12,241.13,241.0,241.02,44947
2025-10-30 07:05:00,241.03,241.19,241.0,241.18,54528
2025-10-30 07:10:00,241.19,241.3,241.08,241.2,77272
2025-10-30 07:15:00,241.24,241.27,241.05,241.11,21172
2025-10-30 07:20:00,241.09,241.15,241.02,241.06,15292
2025-10-30 07:25:00,241.05,241.13,241.02,241.13,9973
2025-10-30 07:30:00,241.1,241.14,241.0,241.07,35983
2025-10-30 07:35:00,241.07,241.13,241.02,241.05,47278
2025-10-30 07:40:00,241.04,241.2,241.03,241.1,30653
2025-10-30 07:45:00,241.1,241.2,241.0,241.19,34445
2025-10-30 07:50:00,241.1,241.26,241.05,241.11,22966
2025-10-30 07:55:00,241.08,241.11,240.8,240.89,57400
2025-10-30 08:00:00,240.89,241.07,240.72,241.0,79086
2025-10-30 08:05:00,241.02,241.04,240.88,241.03,38041
2025-10-30 08:10:00,241.02,241.12,241.0,241.07,38179
2025-10-30 08:15:00,241.08,241.08,241.0,241.01,33645
2025-10-30 08:20:00,241.01,241.1,240.96,241.09,60445
2025-10-30 08:25:00,241.09,241.25,241.0,241.11,38621
2025-10-30 08:30:00,241.11,241.11,241.0,241.01,47542
2025-10-30 08:35:00,241.01,241.03,241.0,241.03,29801
2025-10-30 08:40:00,241.03,241.05,241.0,241.0,29600
2025-10-30 08:45:00,241.01,241.04,241.0,241.02,45052
2025-10-30 08:50:00,241.03,241.25,241.0,241.1,119035
2025-10-30 08:55:00,241.1,241.11,241.0,241.02,47153
2025-10-30 09:00:00,241.05,241.58,241.02,241.39,220501
2025-10-30 09:05:00,241.41,241.55,241.3,241.31,70434
2025-10-30 09:10:00,241.37,241.51,241.2,241.45,111877
2025-10-30 09:15:00,241.49,241.58,241.25,241.44,100352
2025-10-30 09:20:00,241.44,241.47,241.3,241.32,44583
2025-10-30 09:25:00,241.32,241.45,241.16,241.33,113008
2025-10-30 09:30:00,241.28,241.83,241.28,241.72,258782
2025-10-30 09:35:00,241.8,241.82,241.72,241.77,161481
2025-10-30 09:40:00,241.77,241.84,241.77,241.77,249348
2025-10-30 09:45:00,241.79,241.93,241.78,241.93,258247
2025-10-30 09:50:00,241.93,242.2,241.92,242.19,412512
2025-10-30 09:55:00,242.22,242.35,241.92,241.95,377916
2025-10-31 03:45:00,242.11,242.81,241.8,242.74,205481
2025-10-31 03:50:00,242.78,242.78,242.29,242.65,119009
2025-10-31 03:55:00,242.65,242.9,242.41,242.75,145055
2025-10-31 04:00:00,242.7,243.13,242.47,242.88,135224
2025-10-31 04:05:00,242.88,243.0,242.7,242.95,54711
2025-10-31 04:10:00,242.88,243.19,242.83,243.03,96469
2025-10-31 04:15:00,243.04,243.04,242.62,242.66,66873
2025-10-31 04:20:00,242.64,242.7,242.43,242.48,54924
2025-10-31 04:25:00,242.48,243.09,242.48,242.8,130876
2025-10-31 04:30:00,242.82,242.93,242.59,242.81,148682
2025-10-31 04:35:00,242.78,242.84,242.52,242.62,35758
2025-10-31 04:40:00,242.65,242.76,242.54,242.7,17755
2025-10-31 04:45:00,242.66,242.66,242.41,242.44,36378
2025-10-31 04:50:00,242.49,242.49,242.12,242.15,51931
2025-10-31 04:55:00,242.15,242.15,241.81,241.87,87614
2025-10-31 05:00:00,241.87,241.88,241.65,241.74,58691
2025-10-31 05:05:00,241.72,241.74,241.42,241.51,47920
2025-10-31 05:10:00,241.54,241.97,241.52,241.87,50606
2025-10-31 05:15:00,241.81,242.03,241.81,241.92,32570
2025-10-31 05:20:00,241.92,241.92,241.55,241.55,36239
2025-10-31 05:25:00,241.55,241.75,241.55,241.55,24506
2025-10-31 05:30:00,241.6,241.69,241.41,241.6,42838
2025-10-31 05:35:00,241.6,241.6,241.4,241.45,22543
2025-10-31 05:40:00,241.43,241.62,241.43,241.59,23822
2025-10-31 05:45:00,241.49,241.67,241.49,241.62,14318
2025-10-31 05:50:00,241.58,241.69,241.52,241.6,19364
2025-10-31 05:55:00,241.56,241.66,241.51,241.59,24054
2025-10-31 06:00:00,241.59,241.78,241.55,241.78,43279
2025-10-31 06:05:00,241.78,241.8,241.7,241.74,22141
2025-10-31 06:10:00,241.75,241.78,241.68,241.76,62324
2025-10-31 06:15:00,241.76,241.76,241.55,241.6,13245
2025-10-31 06:20:00,241.6,241.68,241.55,241.61,14825
2025-10-31 06:25:00,241.65,241.75,241.61,241.75,17958
2025-10-31 06:30:00,241.75,241.75,241.65,241.75,15311
2025-10-31 06:35:00,241.75,241.76,241.63,241.67,13018
2025-10-31 06:40:00,241.67,241.7,241.5,241.56,26541
2025-10-31 06:45:00,241.56,241.56,241.44,241.55,56372
2025-10-31 06:50:00,241.55,241.67,241.5,241.55,13063
2025-10-31 06:55:00,241.5,241.57,241.45,241.54,10779
2025-10-31 07:00:00,241.57,241.6,241.5,241.57,17322
2025-10-31 07:05:00,241.55,241.6,241.5,241.54,9616
2025-10-31 07:10:00,241.51,241.6,241.51,241.57,34285
2025-10-31 07:15:00,241.57,241.69,241.56,241.66,37564
2025-10-31 07:20:00,241.66,241.75,241.5,241.73,51815
2025-10-31 07:25:00,241.64,241.92,241.64,241.8,52886
2025-10-31 07:30:00,241.78,241.84,241.75,241.8,22035
2025-10-31 07:35:00,241.8,241.83,241.62,241.75,27829
2025-10-31 07:40:00,241.75,241.85,241.61,241.63,61765
2025-10-31 07:45:00,241.61,241.88,241.59,241.82,32861
2025-10-31 07:50:00,241.8,241.83,241.35,241.45,100519
2025-10-31 07:55:00,241.43,241.44,241.08,241.38,87534
2025-10-31 08:00:00,241.37,241.6,241.3,241.53,42372
2025-10-31 08:05:00,241.55,241.56,241.15,241.28,48515
2025-10-31 08:10:00,241.3,241.38,241.19,241.32,48439
2025-10-31 08:15:00,241.32,241.5,241.2,241.36,43491
2025-10-31 08:20:00,241.39,241.52,241.26,241.52,25307
2025-10-31 08:25:00,241.5,241.57,241.39,241.43,35687
2025-10-31 08:30:00,241.44,241.6,241.37,241.54,52796
2025-10-31 08:35:00,241.54,241.56,241.31,241.44,47885
2025-10-31 08:40:00,241.44,241.6,241.29,241.56,33470
2025-10-31 08:45:00,241.56,241.58,241.33,241.35,32083
2025-10-31 08:50:00,241.33,241.42,241.21,241.39,35413
2025-10-31 08:55:00,241.36,241.5,241.3,241.49,37890
2025-10-31 09:00:00,241.49,241.57,241.45,241.49,29797
2025-10-31 09:05:00,241.51,241.55,241.39,241.48,30354
2025-10-31 09:10:00,241.48,241.54,241.23,241.41,37294
2025-10-31 09:15:00,241.38,241.5,241.29,241.5,30592
2025-10-31 09:20:00,241.48,241.49,241.1,241.19,113318
2025-10-31 09:25:00,241.18,241.36,241.15,241.21,59580
2025-10-31 09:30:00,241.19,241.2,240.55,240.57,375639
2025-10-31 09:35:00,240.56,240.74,240.53,240.55,343205
2025-10-31 09:40:00,240.6,240.75,240.5,240.53,331448
2025-10-31 09:45:00,240.53,240.73,240.52,240.6,390144
2025-10-31 09:50:00,240.6,240.76,240.55,240.75,447176
2025-10-31 09:55:00,240.76,241.04,240.72,240.9,342699
2025-11-03 03:45:00,240.67,241.28,239.5,240.13,245215
2025-11-03 03:50:00,240.09,240.19,239.75,239.75,169768
2025-11-03 03:55:00,239.75,240.31,239.75,240.3,119987
2025-11-03 04:00:00,240.19,240.26,239.85,240.09,129797
2025-11-03 04:05:00,240.09,240.35,239.93,240.12,88788
2025-11-03 04:10:00,240.14,240.6,240.11,240.41,125131
2025-11-03 04:15:00,240.4,240.9,240.14,240.55,85318
2025-11-03 04:20:00,240.52,240.75,240.47,240.75,77833
2025-11-03 04:25:00,240.71,240.85,240.59,240.83,61775
2025-11-03 04:30:00,240.82,240.85,240.4,240.73,135395
2025-11-03 04:35:00,240.72,240.73,240.41,240.48,47784
2025-11-03 04:40:00,240.46,240.77,240.4,240.64,144218
2025-11-03 04:45:00,240.64,240.85,240.53,240.64,53523
2025-11-03 04:50:00,240.71,240.71,240.48,240.5,33687
2025-11-03 04:55:00,240.48,241.1,240.41,241.1,132009
2025-11-03 05:00:00,241.15,241.15,240.87,241.01,75029
2025-11-03 05:05:00,241.0,241.17,240.86,241.14,49026
2025-11-03 05:10:00,241.15,241.18,240.87,241.18,75792
2025-11-03 05:15:00,241.18,241.29,240.82,240.92,56605
2025-11-03 05:20:00,240.99,240.99,240.53,240.6,44312
2025-11-03 05:25:00,240.61,240.64,240.4,240.64,59915
2025-11-03 05:30:00,240.64,240.94,240.55,240.8,48807
2025-11-03 05:35:00,240.83,240.9,240.57,240.84,42182
2025-11-03 05:40:00,240.87,240.95,240.7,240.82,40491
2025-11-03 05:45:00,240.81,240.97,240.66,240.97,37907
2025-11-03 05:50:00,240.89,241.18,240.7,241.14,74343
2025-11-03 05:55:00,241.14,241.15,240.9,241.01,32778
2025-11-03 06:00:00,241.05,241.05,240.83,240.91,35221
2025-11-03 06:05:00,240.91,240.91,240.6,240.7,36536
2025-11-03 06:10:00,240.76,240.85,240.5,240.52,37708
2025-11-03 06:15:00,240.5,240.6,240.24,240.41,78332
2025-11-03 06:20:00,240.41,240.41,240.21,240.25,45029
2025-11-03 06:25:00,240.3,240.35,240.19,240.26,38635
2025-11-03 06:30:00,240.22,240.35,240.2,240.35,27424
2025-11-03 06:35:00,240.28,240.35,240.16,240.19,30619
2025-11-03 06:40:00,240.2,240.28,240.1,240.11,39389
2025-11-03 06:45:00,240.12,240.16,240.01,240.13,58475
2025-11-03 06:50:00,240.12,240.2,240.1,240.17,33016
2025-11-03 06:55:00,240.14,240.19,240.02,240.12,24320
2025-11-03 07:00:00,240.04,240.18,240.02,240.14,24786
2025-11-03 07:05:00,240.15,240.15,240.02,240.03,17320
2025-11-03 07:10:00,240.05,240.16,240.01,240.04,32331
2025-11-03 07:15:00,240.01,240.2,240.01,240.15,35436
2025-11-03 07:20:00,240.19,240.2,240.05,240.11,54493
2025-11-03 07:25:00,240.17,240.4,240.13,240.4,47905
2025-11-03 07:30:00,240.45,240.45,240.17,240.25,26112
2025-11-03 07:35:00,240.22,240.39,240.2,240.35,17268
2025-11-03 07:40:00,240.39,240.45,240.2,240.3,41402
2025-11-03 07:45:00,240.31,240.46,240.25,240.38,82770
2025-11-03 07:50:00,240.4,240.44,240.21,240.29,27515
2025-11-03 07:55:00,240.21,240.3,240.05,240.12,36657
2025-11-03 08:00:00,240.15,240.19,240.05,240.09,28570
2025-11-03 08:05:00,240.06,240.17,240.0,240.05,49610
2025-11-03 08:10:00,240.07,240.2,240.01,240.13,25560
2025-11-03 08:15:00,240.17,240.18,240.04,240.04,20861
2025-11-03 08:20:00,240.1,240.36,240.0,240.36,69598
2025-11-03 08:25:00,240.36,240.48,240.25,240.41,47041
2025-11-03 08:30:00,240.41,240.55,240.3,240.31,40831
2025-11-03 08:35:00,240.3,240.45,240.29,240.35,28405
2025-11-03 08:40:00,240.32,240.4,240.27,240.36,17925
2025-11-03 08:45:00,240.35,240.48,240.3,240.3,99405
2025-11-03 08:50:00,240.35,240.39,240.27,240.27,27059
2025-11-03 08:55:00,240.26,240.34,240.14,240.27,45226
2025-11-03 09:00:00,240.27,240.36,240.24,240.32,18299
2025-11-03 09:05:00,240.32,240.5,240.31,240.4,44923
2025-11-03 09:10:00,240.44,240.48,240.33,240.43,22215
2025-11-03 09:15:00,240.4,240.5,240.1,240.13,117536
2025-11-03 09:20:00,240.12,240.4,240.05,240.35,74630
2025-11-03 09:25:00,240.35,240.36,240.22,240.25,16691
2025-11-03 09:30:00,240.23,240.38,240.22,240.38,89758
2025-11-03 09:35:00,240.37,240.69,240.35,240.61,114377
2025-11-03 09:40:00,240.64,240.65,240.4,240.51,120655
2025-11-03 09:45:00,240.51,240.6,240.45,240.54,164762
2025-11-03 09:50:00,240.53,240.55,240.45,240.54,164243
2025-11-03 09:55:00,240.54,240.9,240.45,240.73,210109
2025-11-04 03:45:00,240.5,240.84,239.71,239.85,288895
2025-11-04 03:50:00,239.75,240.1,239.28,240.1,206054
2025-11-04 03:55:00,240.09,240.1,239.62,239.77,55738
2025-11-04 04:00:00,239.77,240.2,239.68,240.13,70397
2025-11-04 04:05:00,239.95,240.27,239.78,240.24,63993
2025-11-04 04:10:00,240.27,240.34,240.14,240.32,42984
2025-11-04 04:15:00,240.31,240.32,240.0,240.16,48000
2025-11-04 04:20:00,240.2,240.3,239.86,239.97,55761
2025-11-04 04:25:00,239.97,240.03,239.6,239.62,75743
2025-11-04 04:30:00,239.65,239.87,239.54,239.64,62640
2025-11-04 04:35:00,239.63,240.09,239.5,239.99,107178
2025-11-04 04:40:00,239.97,240.05,239.8,239.9,29475
2025-11-04 04:45:00,239.89,239.89,239.6,239.71,25186
2025-11-04 04:50:00,239.71,239.91,239.67,239.91,31406
2025-11-04 04:55:00,239.91,239.98,239.91,239.95,12218
2025-11-04 05:00:00,239.94,239.94,239.65,239.77,43476
2025-11-04 05:05:00,239.75,239.96,239.69,239.87,20596
2025-11-04 05:10:00,239.88,239.9,239.8,239.86,18720
2025-11-04 05:15:00,239.86,239.89,239.8,239.86,10223
2025-11-04 05:20:00,239.81,239.94,239.8,239.93,45272
2025-11-04 05:25:00,239.94,239.94,239.42,239.45,67302
2025-11-04 05:30:00,239.42,239.44,239.35,239.37,49510
2025-11-04 05:35:00,239.37,239.37,239.04,239.1,92936
2025-11-04 05:40:00,239.09,239.1,238.9,238.96,180829
2025-11-04 05:45:00,238.96,239.0,238.85,239.0,31728
2025-11-04 05:50:00,238.97,239.0,238.6,238.6,51192
2025-11-04 05:55:00,238.6,238.61,238.3,238.3,106716
2025-11-04 06:00:00,238.3,238.38,238.1,238.25,89287
2025-11-04 06:05:00,238.24,238.3,238.12,238.13,50802
2025-11-04 06:10:00,238.13,238.3,238.1,238.25,78971
2025-11-04 06:15:00,238.22,238.24,238.01,238.09,99379
2025-11-04 06:20:00,238.05,238.11,238.01,238.08,72494
2025-11-04 06:25:00,238.07,238.08,237.85,237.92,245681
2025-11-04 06:30:00,237.92,237.96,237.88,237.91,51680
2025-11-04 06:35:00,237.92,237.96,237.67,237.74,77842
2025-11-04 06:40:00,237.72,237.87,237.7,237.75,60570
2025-11-04 06:45:00,237.76,237.9,237.75,237.82,78512
2025-11-04 06:50:00,237.82,237.9,237.71,237.71,42069
2025-11-04 06:55:00,237.7,237.8,237.63,237.8,113930
2025-11-04 07:00:00,237.8,237.8,237.6,237.62,35114
2025-11-04 07:05:00,237.6,237.7,237.52,237.69,104554
2025-11-04 07:10:00,237.7,237.85,237.61,237.84,42281
2025-11-04 07:15:00,237.8,237.89,237.72,237.77,39540
2025-11-04 07:20:00,237.74,237.77,237.57,237.65,90677
2025-11-04 07:25:00,237.64,237.84,237.61,237.74,79219
2025-11-04 07:30:00,237.75,237.79,237.55,237.57,51221
2025-11-04 07:35:00,237.6,237.76,237.55,237.6,75692
2025-11-04 07:40:00,237.6,237.7,237.57,237.7,41657
2025-11-04 07:45:00,237.7,237.76,237.64,237.64,86102
2025-11-04 07:50:00,237.65,237.82,237.54,237.75,79244
2025-11-04 07:55:00,237.76,237.88,237.71,237.81,148106
2025-11-04 08:00:00,237.85,238.1,237.85,238.01,62325
2025-11-04 08:05:00,238.01,238.37,237.9,238.22,72007
2025-11-04 08:10:00,238.22,238.42,238.15,238.35,69240
2025-11-04 08:15:00,238.35,238.36,238.18,238.22,60634
2025-11-04 08:20:00,238.15,238.26,238.11,238.16,58437
2025-11-04 08:25:00,238.16,238.2,238.03,238.04,61452
2025-11-04 08:30:00,238.04,238.06,237.81,237.89,62175
2025-11-04 08:35:00,237.9,237.94,237.8,237.81,69345
2025-11-04 08:40:00,237.87,237.87,237.7,237.78,108275
2025-11-04 08:45:00,237.77,237.93,237.6,237.75,136109
2025-11-04 08:50:00,237.8,237.81,237.61,237.73,77878
2025-11-04 08:55:00,237.73,237.81,237.7,237.71,49958
2025-11-04 09:00:00,237.71,237.96,237.7,237.92,64070
2025-11-04 09:05:00,237.92,238.0,237.83,237.87,75192
2025-11-04 09:10:00,237.88,237.9,237.8,237.8,48301
2025-11-04 09:15:00,237.8,237.81,237.62,237.66,71325
2025-11-04 09:20:00,237.64,237.75,237.62,237.66,97248
2025-11-04 09:25:00,237.68,237.68,237.6,237.61,62913
2025-11-04 09:30:00,237.61,237.8,237.61,237.69,283544
2025-11-04 09:35:00,237.69,237.87,237.69,237.81,237047
2025-11-04 09:40:00,237.81,237.83,237.8,237.81,240977
2025-11-04 09:45:00,237.8,237.95,237.8,237.9,363983
2025-11-04 09:50:00,238.02,238.22,237.93,238.22,281834
2025-11-04 09:55:00,238.22,238.45,238.05,238.3,273113
2025-11-06 03:45:00,240.0,240.0,238.82,239.55,266273
2025-11-06 03:50:00,239.48,239.94,239.15,239.25,124258
2025-11-06 03:55:00,239.08,239.27,238.7,239.1,146836
2025-11-06 04:00:00,239.1,239.4,239.01,239.12,64618
2025-11-06 04:05:00,239.11,239.2,238.88,239.2,76342
2025-11-06 04:10:00,239.16,239.21,238.76,239.08,77085
2025-11-06 04:15:00,239.09,239.25,238.9,238.91,62870
2025-11-06 04:20:00,238.91,239.51,238.82,239.43,93950
2025-11-06 04:25:00,239.59,239.59,239.38,239.44,72598
2025-11-06 04:30:00,239.5,239.72,239.4,239.46,59489
2025-11-06 04:35:00,239.45,239.51,239.02,239.07,60488
2025-11-06 04:40:00,239.09,239.1,238.61,238.84,72305
2025-11-06 04:45:00,238.88,238.9,238.59,238.65,51078
2025-11-06 04:50:00,238.64,238.92,238.53,238.75,60567
2025-11-06 04:55:00,238.78,238.9,238.45,238.5,64119
2025-11-06 05:00:00,238.52,238.55,238.37,238.49,54696
2025-11-06 05:05:00,238.49,238.64,238.44,238.5,48484
2025-11-06 05:10:00,238.5,238.54,238.37,238.43,79441
2025-11-06 05:15:00,238.43,238.74,238.38,238.65,74631
2025-11-06 05:20:00,238.65,239.0,238.65,239.0,56688
2025-11-06 05:25:00,239.0,239.3,238.97,239.2,79010
2025-11-06 05:30:00,239.25,239.4,239.05,239.35,86219
2025-11-06 05:35:00,239.41,239.49,239.2,239.23,55322
2025-11-06 05:40:00,239.23,239.38,239.16,239.2,54948
2025-11-06 05:45:00,239.2,239.22,239.03,239.12,29928
2025-11-06 05:50:00,239.12,239.12,238.85,238.85,19271
2025-11-06 05:55:00,238.9,239.07,238.77,239.04,41950
2025-11-06 06:00:00,239.0,239.2,238.9,239.06,52503
2025-11-06 06:05:00,239.05,239.05,238.85,238.95,24899
2025-11-06 06:10:00,238.88,239.0,238.65,238.9,69717
2025-11-06 06:15:00,238.82,239.19,238.75,239.19,60949
2025-11-06 06:20:00,239.15,239.37,239.12,239.19,41143
2025-11-06 06:25:00,239.2,239.36,239.19,239.2,35699
2025-11-06 06:30:00,239.23,239.58,238.72,238.75,142164
2025-11-06 06:35:00,238.77,238.95,238.75,238.8,66452
2025-11-06 06:40:00,238.83,238.83,238.62,238.75,53785
2025-11-06 06:45:00,238.8,239.03,238.7,238.91,38520
2025-11-06 06:50:00,238.91,239.0,238.67,238.89,36704
2025-11-06 06:55:00,238.91,238.97,238.75,238.78,23109
2025-11-06 07:00:00,238.75,239.22,238.75,239.18,27718
2025-11-06 07:05:00,239.2,239.29,239.11,239.27,45595
2025-11-06 07:10:00,239.27,239.58,239.21,239.53,73764
2025-11-06 07:15:00,239.53,239.98,239.45,239.91,127850
2025-11-06 07:20:00,239.86,240.07,239.73,240.04,186712
2025-11-06 07:25:00,240.04,240.44,240.02,240.3,148607
2025-11-06 07:30:00,240.3,240.6,240.22,240.28,110747
2025-11-06 07:35:00,240.28,240.33,240.13,240.17,124644
2025-11-06 07:40:00,240.13,240.28,240.0,240.25,85035
2025-11-06 07:45:00,240.41,240.62,240.2,240.25,139635
2025-11-06 07:50:00,240.25,240.51,240.25,240.35,155765
2025-11-06 07:55:00,240.31,240.47,240.26,240.37,46915
2025-11-06 08:00:00,240.37,240.4,240.26,240.35,67578
2025-11-06 08:05:00,240.41,240.41,240.12,240.19,53222
2025-11-06 08:10:00,240.19,240.36,240.14,240.14,48886
2025-11-06 08:15:00,240.14,240.18,239.95,239.96,86348
2025-11-06 08:20:00,239.95,239.97,239.75,239.82,108178
2025-11-06 08:25:00,239.81,240.05,239.78,239.9,53988
2025-11-06 08:30:00,239.9,239.98,239.81,239.87,32846
2025-11-06 08:35:00,239.88,239.99,239.84,239.95,37495
2025-11-06 08:40:00,239.97,240.13,239.9,240.13,64178
2025-11-06 08:45:00,240.11,240.2,239.9,239.95,78248
2025-11-06 08:50:00,239.95,240.09,239.92,240.04,50103
2025-11-06 08:55:00,240.0,240.3,240.0,240.29,115819
2025-11-06 09:00:00,240.33,240.39,240.21,240.38,81625
2025-11-06 09:05:00,240.38,240.4,240.3,240.32,35967
2025-11-06 09:10:00,240.34,240.43,240.23,240.32,140565
2025-11-06 09:15:00,240.33,240.55,240.2,240.2,148423
2025-11-06 09:20:00,240.27,240.4,240.15,240.36,64789
2025-11-06 09:25:00,240.33,240.47,240.25,240.37,125391
2025-11-06 09:30:00,240.35,240.41,239.99,240.0,231357
2025-11-06 09:35:00,240.0,240.0,239.86,239.95,321659
2025-11-06 09:40:00,239.94,240.0,239.94,239.98,215634
2025-11-06 09:45:00,239.98,240.16,239.97,240.13,439474
2025-11-06 09:50:00,240.15,240.22,240.13,240.15,243015
2025-11-06 09:55:00,240.14,240.35,239.88,240.09,267239
2025-11-07 03:45:00,238.7,239.25,236.9,236.9,286494
2025-11-07 03:50:00,236.99,237.13,236.35,236.43,281933
2025-11-07 03:55:00,236.43,237.0,236.38,237.0,117165
2025-11-07 04:00:00,236.91,237.02,236.12,236.39,177917
2025-11-07 04:05:00,236.39,236.61,236.25,236.6,72190
2025-11-07 04:10:00,236.6,236.74,236.54,236.74,60344
2025-11-07 04:15:00,236.74,237.2,236.6,237.2,92091
2025-11-07 04:20:00,237.19,237.28,236.8,236.8,86906
2025-11-07 04:25:00,236.8,236.8,236.25,236.3,61669
2025-11-07 04:30:00,236.3,236.4,236.0,236.2,134596
2025-11-07 04:35:00,236.21,236.39,236.1,236.15,51277
2025-11-07 04:40:00,236.15,236.46,236.09,236.43,52936
2025-11-07 04:45:00,236.43,236.67,236.34,236.64,33765
2025-11-07 04:50:00,236.6,236.82,236.56,236.76,33036
2025-11-07 04:55:00,236.72,236.74,236.32,236.58,50436
2025-11-07 05:00:00,236.58,236.78,236.47,236.75,56070
2025-11-07 05:05:00,236.75,237.0,236.73,236.99,56003
2025-11-07 05:10:00,236.99,237.09,236.9,236.91,31028
2025-11-07 05:15:00,236.91,237.08,236.89,237.03,47348
2025-11-07 05:20:00,237.02,237.07,236.81,237.03,43543
2025-11-07 05:25:00,237.03,237.15,236.81,237.15,61808
2025-11-07 05:30:00,237.13,237.31,237.0,237.08,45040
2025-11-07 05:35:00,237.08,237.08,236.75,236.89,38739
2025-11-07 05:40:00,236.89,237.17,236.84,237.11,47828
2025-11-07 05:45:00,237.11,237.19,237.1,237.17,34669
2025-11-07 05:50:00,237.17,237.45,237.12,237.26,58372
2025-11-07 05:55:00,237.26,237.4,237.23,237.3,31716
2025-11-07 06:00:00,237.33,237.41,237.29,237.4,89979
2025-11-07 06:05:00,237.37,237.4,237.11,237.19,42323
2025-11-07 06:10:00,237.11,237.18,237.03,237.17,23052
2025-11-07 06:15:00,237.16,237.18,236.97,236.97,41185
2025-11-07 06:20:00,236.96,237.01,236.76,237.0,54611
2025-11-07 06:25:00,237.0,237.12,236.98,237.03,28252
2025-11-07 06:30:00,237.04,237.21,236.91,237.12,42114
2025-11-07 06:35:00,237.1,237.15,237.0,237.14,15950
2025-11-07 06:40:00,237.1,237.21,237.05,237.11,20720
2025-11-07 06:45:00,237.09,237.14,237.0,237.05,19755
2025-11-07 06:50:00,237.07,237.09,236.81,236.81,32889
2025-11-07 06:55:00,236.83,237.06,236.72,237.0,44024
2025-11-07 07:00:00,237.0,237.05,236.73,236.75,60623
2025-11-07 07:05:00,236.7,236.8,236.58,236.65,70928
2025-11-07 07:10:00,236.66,236.8,236.61,236.79,52143
2025-11-07 07:15:00,236.75,236.94,236.72,236.82,45496
2025-11-07 07:20:00,236.83,236.9,236.6,236.67,54002
2025-11-07 07:25:00,236.71,236.79,236.63,236.74,32519
2025-11-07 07:30:00,236.7,236.92,236.7,236.71,30443
2025-11-07 07:35:00,236.72,236.85,236.66,236.76,41372
2025-11-07 07:40:00,236.75,236.86,236.75,236.84,34957
2025-11-07 07:45:00,236.84,236.93,236.75,236.82,33090
2025-11-07 07:50:00,236.87,236.89,236.77,236.77,49519
2025-11-07 07:55:00,236.78,236.95,236.72,236.89,110851
2025-11-07 08:00:00,236.96,237.0,236.85,236.99,38524
2025-11-07 08:05:00,237.07,237.07,236.95,237.01,91758
2025-11-07 08:10:00,237.03,237.05,236.9,236.96,41319
2025-11-07 08:15:00,237.0,237.26,236.92,237.04,74264
2025-11-07 08:20:00,237.0,237.09,236.85,236.9,42229
2025-11-07 08:25:00,236.9,236.9,236.7,236.76,66646
2025-11-07 08:30:00,236.76,236.76,236.51,236.58,41745
2025-11-07 08:35:00,236.58,236.68,236.32,236.64,109167
2025-11-07 08:40:00,236.64,236.67,236.4,236.54,46454
2025-11-07 08:45:00,236.5,236.71,236.49,236.63,34308
2025-11-07 08:50:00,236.55,236.95,236.55,236.95,38560
2025-11-07 08:55:00,236.95,236.95,236.71,236.8,70459
2025-11-07 09:00:00,236.8,236.87,236.63,236.67,68859
2025-11-07 09:05:00,236.66,236.7,236.58,236.67,94121
2025-11-07 09:10:00,236.68,236.7,236.58,236.65,66657
2025-11-07 09:15:00,236.65,236.74,236.56,236.74,86965
2025-11-07 09:20:00,236.74,236.74,236.55,236.59,68719
2025-11-07 09:25:00,236.55,236.6,236.5,236.54,63475
2025-11-07 09:30:00,236.56,236.59,236.31,236.35,244290
2025-11-07 09:35:00,236.39,236.45,236.36,236.41,90475
2025-11-07 09:40:00,236.43,236.43,236.31,236.34,188824
2025-11-07 09:45:00,236.32,236.64,236.32,236.62,248336
2025-11-07 09:50:00,236.62,236.74,236.61,236.66,191322
2025-11-07 09:55:00,236.65,236.8,236.5,236.8,171061
2025-11-10 03:45:00,237.44,237.84,237.12,237.57,163123
2025-11-10 03:50:00,237.54,238.1,237.02,237.29,124850
2025-11-10 03:55:00,237.26,237.62,237.16,237.6,174326
2025-11-10 04:00:00,237.48,237.88,237.42,237.62,66385
2025-11-10 04:05:00,237.6,237.8,237.41,237.41,59322
2025-11-10 04:10:00,237.44,237.57,237.21,237.24,49310
2025-11-10 04:15:00,237.3,237.73,237.22,237.56,51145
2025-11-10 04:20:00,237.59,238.3,237.59,237.9,117775
2025-11-10 04:25:00,237.91,237.91,237.56,237.67,72974
2025-11-10 04:30:00,237.66,237.77,237.57,237.6,59098
2025-11-10 04:35:00,237.66,237.95,237.63,237.95,45847
2025-11-10 04:40:00,238.0,238.38,237.83,238.36,72805
2025-11-10 04:45:00,238.39,239.0,238.36,238.98,146474
2025-11-10 04:50:00,238.96,239.3,238.87,239.17,275753
2025-11-10 04:55:00,239.09,239.78,239.06,239.53,185596
2025-11-10 05:00:00,239.56,239.92,239.41,239.61,210252
2025-11-10 05:05:00,239.65,239.94,239.53,239.59,141525
2025-11-10 05:10:00,239.57,239.64,239.36,239.51,74210
2025-11-10 05:15:00,239.54,239.57,239.24,239.42,76973
2025-11-10 05:20:00,239.4,240.0,239.29,239.97,102163
2025-11-10 05:25:00,240.0,240.4,239.97,240.32,187514
2025-11-10 05:30:00,240.38,240.6,240.11,240.24,141922
2025-11-10 05:35:00,240.24,240.44,239.95,240.0,119913
2025-11-10 05:40:00,239.99,240.54,239.98,240.46,115784
2025-11-10 05:45:00,240.57,240.59,240.23,240.3,49005
2025-11-10 05:50:00,240.65,241.55,240.64,241.4,644731
2025-11-10 05:55:00,241.4,241.4,241.12,241.2,91917
2025-11-10 06:00:00,241.21,241.29,241.01,241.09,64276
2025-11-10 06:05:00,241.04,241.2,240.79,240.79,62845
2025-11-10 06:10:00,240.79,241.2,240.5,241.11,312118
2025-11-10 06:15:00,241.14,241.3,241.13,241.17,75787
2025-11-10 06:20:00,241.19,241.2,241.01,241.03,51759
2025-11-10 06:25:00,241.04,241.17,241.0,241.03,35173
2025-11-10 06:30:00,241.02,241.16,241.0,241.02,40181
2025-11-10 06:35:00,241.01,241.02,240.5,240.6,75931
2025-11-10 06:40:00,240.6,240.61,240.2,240.21,95847
2025-11-10 06:45:00,240.2,240.36,240.05,240.12,93456
2025-11-10 06:50:00,240.12,240.29,240.05,240.11,46355
2025-11-10 06:55:00,240.11,240.35,240.08,240.26,34342
2025-11-10 07:00:00,240.26,240.33,240.11,240.18,39994
2025-11-10 07:05:00,240.2,240.23,240.15,240.21,44698
2025-11-10 07:10:00,240.21,240.46,240.11,240.41,87742
2025-11-10 07:15:00,240.39,240.4,240.05,240.11,38494
2025-11-10 07:20:00,240.11,240.2,240.07,240.12,75336
2025-11-10 07:25:00,240.16,240.44,240.12,240.31,37785
2025-11-10 07:30:00,240.31,240.39,240.17,240.17,25867
2025-11-10 07:35:00,240.14,240.24,240.0,240.02,47873
2025-11-10 07:40:00,240.03,240.19,239.88,240.0,146551
2025-11-10 07:45:00,239.99,240.25,239.99,240.23,40897
2025-11-10 07:50:00,240.23,240.46,240.17,240.41,43054
2025-11-10 07:55:00,240.41,240.5,240.3,240.3,41203
2025-11-10 08:00:00,240.31,240.41,240.15,240.23,79022
2025-11-10 08:05:00,240.2,240.24,240.08,240.21,45361
2025-11-10 08:10:00,240.22,240.4,239.99,239.99,50014
2025-11-10 08:15:00,239.97,240.09,239.85,240.07,153580
2025-11-10 08:20:00,240.07,240.17,240.0,240.13,52174
2025-11-10 08:25:00,240.11,240.12,239.9,239.94,33422
2025-11-10 08:30:00,239.94,240.28,239.92,240.21,78603
2025-11-10 08:35:00,240.21,240.35,240.07,240.34,82738
2025-11-10 08:40:00,240.34,240.48,240.17,240.25,51869
2025-11-10 08:45:00,240.26,240.29,240.09,240.09,31082
2025-11-10 08:50:00,240.1,240.34,240.06,240.32,119744
2025-11-10 08:55:00,240.33,240.43,240.2,240.42,33522
2025-11-10 09:00:00,240.41,240.47,240.25,240.34,44362
2025-11-10 09:05:00,240.36,240.46,240.29,240.4,142222
2025-11-10 09:10:00,240.4,240.65,240.23,240.33,214800
2025-11-10 09:15:00,240.33,240.36,240.19,240.24,71384
2025-11-10 09:20:00,240.24,240.24,240.07,240.08,93806
2025-11-10 09:25:00,240.08,240.24,240.02,240.23,88544
2025-11-10 09:30:00,240.24,240.45,240.03,240.09,230372
2025-11-10 09:35:00,240.1,240.25,240.03,240.08,238401
2025-11-10 09:40:00,240.11,240.11,239.83,239.93,204225
2025-11-10 09:45:00,239.94,239.98,239.74,239.8,307813
2025-11-10 09:50:00,239.82,239.82,239.48,239.53,515758
2025-11-10 09:55:00,239.53,239.99,239.5,239.8,309350
2025-11-11 03:45:00,241.1,241.4,240.0,240.02,432820
2025-11-11 03:50:00,240.01,240.1,239.53,239.55,187058
2025-11-11 03:55:00,239.62,239.69,239.2,239.44,124725
2025-11-11 04:00:00,239.47,239.54,239.0,239.36,130888
2025-11-11 04:05:00,239.4,239.44,238.81,239.0,132178
2025-11-11 04:10:00,238.93,239.65,238.9,239.39,136623
2025-11-11 04:15:00,239.39,239.61,239.12,239.12,98862
2025-11-11 04:20:00,239.12,239.28,238.85,239.12,112061
2025-11-11 04:25:00,239.3,239.85,239.18,239.8,128233
2025-11-11 04:30:00,239.84,239.95,239.71,239.84,115349
2025-11-11 04:35:00,239.77,240.0,239.73,240.0,91253
2025-11-11 04:40:00,239.93,240.04,239.6,239.6,95250
2025-11-11 04:45:00,239.6,240.0,239.6,239.7,79398
2025-11-11 04:50:00,239.71,239.71,239.37,239.5,76574
2025-11-11 04:55:00,239.5,239.6,239.27,239.29,60978
2025-11-11 05:00:00,239.29,239.46,239.11,239.2,46034
2025-11-11 05:05:00,239.21,239.3,239.09,239.13,69667
2025-11-11 05:10:00,239.1,239.43,239.09,239.42,69665
2025-11-11 05:15:00,239.37,239.66,239.22,239.55,78997
2025-11-11 05:20:00,239.52,239.8,239.5,239.75,60481
2025-11-11 05:25:00,239.73,239.9,239.55,239.78,69539
2025-11-11 05:30:00,239.78,239.85,239.58,239.79,55314
2025-11-11 05:35:00,239.78,239.86,239.68,239.7,54532
2025-11-11 05:40:00,239.66,239.8,239.54,239.58,37163
2025-11-11 05:45:00,239.65,240.14,239.51,239.67,137952
2025-11-11 05:50:00,239.66,239.66,239.2,239.3,122105
2025-11-11 05:55:00,239.3,239.34,239.11,239.14,35507
2025-11-11 06:00:00,239.14,239.28,239.06,239.09,54797
2025-11-11 06:05:00,239.09,239.56,239.01,239.55,57741
2025-11-11 06:10:00,239.55,239.78,239.37,239.59,66621
2025-11-11 06:15:00,239.72,239.73,239.36,239.44,49541
2025-11-11 06:20:00,239.42,239.75,239.42,239.7,65434
2025-11-11 06:25:00,239.68,239.91,239.65,239.65,77091
2025-11-11 06:30:00,239.68,239.77,239.48,239.58,58139
2025-11-11 06:35:00,239.59,239.77,239.52,239.67,49252
2025-11-11 06:40:00,239.67,239.79,239.43,239.56,50695
2025-11-11 06:45:00,239.59,239.67,239.51,239.62,26864
2025-11-11 06:50:00,239.62,239.8,239.6,239.65,44811
2025-11-11 06:55:00,239.64,240.2,239.52,240.18,240051
2025-11-11 07:00:00,240.18,240.35,240.0,240.32,98442
2025-11-11 07:05:00,240.32,240.33,240.04,240.2,92141
2025-11-11 07:10:00,240.2,240.22,239.96,240.15,66091
2025-11-11 07:15:00,240.1,240.22,239.95,240.16,56716
2025-11-11 07:20:00,240.16,240.67,240.1,240.62,121853
2025-11-11 07:25:00,240.71,240.76,240.6,240.75,89960
2025-11-11 07:30:00,240.68,241.1,240.67,241.09,156883
2025-11-11 07:35:00,241.09,241.28,241.0,241.02,91610
2025-11-11 07:40:00,241.02,241.15,241.0,241.11,71786
2025-11-11 07:45:00,241.12,241.25,240.86,240.91,80826
2025-11-11 07:50:00,240.91,241.08,240.8,240.88,60952
2025-11-11 07:55:00,240.89,241.04,240.75,241.03,89734
2025-11-11 08:00:00,241.03,241.34,240.87,241.25,112897
2025-11-11 08:05:00,241.25,241.46,241.12,241.39,95331
2025-11-11 08:10:00,241.39,241.49,241.13,241.25,89868
2025-11-11 08:15:00,241.26,241.4,241.2,241.35,63686
2025-11-11 08:20:00,241.36,241.58,241.29,241.53,120334
2025-11-11 08:25:00,241.53,241.53,241.05,241.2,130896
2025-11-11 08:30:00,241.2,241.49,241.17,241.47,73687
2025-11-11 08:35:00,241.48,241.68,241.37,241.5,105991
2025-11-11 08:40:00,241.5,241.58,241.21,241.24,62299
2025-11-11 08:45:00,241.25,241.49,241.16,241.43,78557
2025-11-11 08:50:00,241.43,241.7,241.31,241.7,142217
2025-11-11 08:55:00,241.75,241.8,241.67,241.72,103657
2025-11-11 09:00:00,241.73,241.94,241.73,241.81,181081
2025-11-11 09:05:00,241.78,241.85,241.65,241.75,163767
2025-11-11 09:10:00,241.78,241.8,241.52,241.56,148250
2025-11-11 09:15:00,241.56,241.85,241.52,241.74,178916
2025-11-11 09:20:00,241.74,241.98,241.67,241.85,170470
2025-11-11 09:25:00,241.85,241.91,241.72,241.8,141711
2025-11-11 09:30:00,241.81,242.05,241.81,241.93,381627
2025-11-11 09:35:00,241.92,241.98,241.62,241.69,259772
2025-11-11 09:40:00,241.69,241.78,241.55,241.67,211750
2025-11-11 09:45:00,241.68,241.79,241.51,241.63,332115
2025-11-11 09:50:00,241.64,241.65,241.5,241.54,371505
2025-11-11 09:55:00,241.5,242.0,241.4,241.75,328839
2025-11-12 03:45:00,242.75,244.06,242.1,243.88,680048
2025-11-12 03:50:00,243.9,244.47,243.8,244.0,318971
2025-11-12 03:55:00,244.0,244.69,243.75,244.69,241397
2025-11-12 04:00:00,244.68,244.8,244.0,244.12,235069
2025-11-12 04:05:00,244.1,244.1,243.6,243.7,125509
2025-11-12 04:10:00,243.7,244.6,243.7,244.2,194920
2025-11-12 04:15:00,244.18,244.8,244.13,244.62,203678
2025-11-12 04:20:00,244.62,244.62,244.36,244.44,152212
2025-11-12 04:25:00,244.41,244.73,244.25,244.7,200253
2025-11-12 04:30:00,244.65,244.89,244.31,244.31,207422
2025-11-12 04:35:00,244.32,244.6,244.05,244.25,162510
2025-11-12 04:40:00,244.28,244.32,244.0,244.05,127883
2025-11-12 04:45:00,244.13,244.44,244.0,244.03,121642
2025-11-12 04:50:00,244.08,244.2,244.0,244.08,99487
2025-11-12 04:55:00,244.09,244.33,244.02,244.22,118767
2025-11-12 05:00:00,244.22,244.5,244.04,244.44,106618
2025-11-12 05:05:00,244.35,244.46,244.17,244.24,96534
2025-11-12 05:10:00,244.23,244.9,244.17,244.77,201868
2025-11-12 05:15:00,244.79,244.99,244.6,244.96,191744
2025-11-12 05:20:00,244.96,245.5,244.62,245.33,604111
2025-11-12 05:25:00,245.38,245.79,244.99,245.0,383965
2025-11-12 05:30:00,245.07,245.24,244.73,245.0,172211
2025-11-12 05:35:00,244.95,245.0,244.71,244.76,79191
2025-11-12 05:40:00,244.76,244.92,244.56,244.88,96226
2025-11-12 05:45:00,244.78,244.9,244.41,244.48,281126
2025-11-12 05:50:00,244.48,244.74,244.42,244.62,75625
2025-11-12 05:55:00,244.62,244.74,244.44,244.63,61624
2025-11-12 06:00:00,244.6,244.84,244.58,244.73,86517
2025-11-12 06:05:00,244.73,244.91,244.62,244.91,90029
2025-11-12 06:10:00,244.91,245.26,244.91,245.16,110491
2025-11-12 06:15:00,245.15,245.5,245.07,245.42,130172
2025-11-12 06:20:00,245.43,245.47,245.16,245.3,122001
2025-11-12 06:25:00,245.32,245.9,245.3,245.51,274275
2025-11-12 06:30:00,245.51,245.85,245.51,245.68,156477
2025-11-12 06:35:00,245.7,245.85,245.5,245.8,148728
2025-11-12 06:40:00,245.8,245.85,245.59,245.62,83230
2025-11-12 06:45:00,245.62,245.75,245.46,245.56,102928
2025-11-12 06:50:00,245.57,245.8,245.5,245.67,98222
2025-11-12 06:55:00,245.69,245.84,245.6,245.69,96459
2025-11-12 07:00:00,245.68,245.75,245.47,245.47,67317
2025-11-12 07:05:00,245.49,245.73,245.37,245.59,90889
2025-11-12 07:10:00,245.6,245.6,245.38,245.54,65545
2025-11-12 07:15:00,245.51,245.62,245.43,245.43,83344
2025-11-12 07:20:00,245.43,245.44,245.16,245.16,122380
2025-11-12 07:25:00,245.12,245.47,245.06,245.36,118562
2025-11-12 07:30:00,245.41,245.5,245.27,245.46,120222
2025-11-12 07:35:00,245.46,245.98,245.43,245.89,273067
2025-11-12 07:40:00,245.89,246.0,245.71,245.82,230529
2025-11-12 07:45:00,245.83,245.97,245.68,245.79,134636
2025-11-12 07:50:00,245.83,246.3,245.77,245.92,337239
2025-11-12 07:55:00,245.94,246.0,245.81,245.85,118598
2025-11-12 08:00:00,245.82,245.95,245.7,245.73,77249
2025-11-12 08:05:00,245.73,245.8,245.6,245.76,72177
2025-11-12 08:10:00,245.76,245.85,245.61,245.71,86415
2025-11-12 08:15:00,245.71,245.85,245.7,245.72,81884
2025-11-12 08:20:00,245.72,245.76,245.46,245.46,88511
2025-11-12 08:25:00,245.46,245.64,245.4,245.51,113591
2025-11-12 08:30:00,245.51,245.58,245.4,245.44,88406
2025-11-12 08:35:00,245.48,245.5,245.09,245.16,156035
2025-11-12 08:40:00,245.16,245.43,245.06,245.28,120800
2025-11-12 08:45:00,245.26,245.32,245.1,245.16,74550
2025-11-12 08:50:00,245.13,245.21,245.03,245.2,116338
2025-11-12 08:55:00,245.12,245.5,245.12,245.37,169798
2025-11-12 09:00:00,245.33,245.5,245.3,245.38,105822
2025-11-12 09:05:00,245.38,245.5,245.32,245.38,138902
2025-11-12 09:10:00,245.38,245.4,245.13,245.25,182521
2025-11-12 09:15:00,245.25,245.62,245.22,245.44,163295
2025-11-12 09:20:00,245.44,245.51,245.3,245.38,64201
2025-11-12 09:25:00,245.39,245.59,245.32,245.53,155912
2025-11-12 09:30:00,245.52,245.53,245.21,245.22,236017
2025-11-12 09:35:00,245.22,245.29,245.1,245.2,246215
2025-11-12 09:40:00,245.16,245.3,245.11,245.19,343144
2025-11-12 09:45:00,245.16,245.29,245.1,245.25,444754
2025-11-12 09:50:00,245.25,245.3,245.05,245.26,606686
2025-11-12 09:55:00,245.27,245.45,245.05,245.39,403282
2025-11-13 03:45:00,246.0,246.0,244.3,244.4,234555
2025-11-13 03:50:00,244.4,244.64,244.0,244.1,128021
2025-11-13 03:55:00,244.13,245.2,244.13,245.13,159885
2025-11-13 04:00:00,245.13,245.13,244.51,244.63,116432
2025-11-13 04:05:00,244.59,244.96,244.59,244.78,63504
2025-11-13 04:10:00,244.78,244.81,244.45,244.63,63835
2025-11-13 04:15:00,244.61,245.0,244.6,244.7,86274
2025-11-13 04:20:00,244.7,244.93,244.37,244.37,97386
2025-11-13 04:25:00,244.38,244.65,244.26,244.55,37753
2025-11-13 04:30:00,244.55,244.58,244.35,244.48,26589
2025-11-13 04:35:00,244.5,244.68,244.48,244.65,36139
2025-11-13 04:40:00,244.65,244.72,244.4,244.6,27709
2025-11-13 04:45:00,244.68,245.0,244.6,244.96,68278
2025-11-13 04:50:00,244.95,245.15,244.8,245.1,54874
2025-11-13 04:55:00,245.1,245.1,244.95,245.01,40109
2025-11-13 05:00:00,245.01,245.24,245.0,245.17,39714
2025-11-13 05:05:00,245.17,245.42,245.15,245.32,46373
2025-11-13 05:10:00,245.31,245.47,245.23,245.33,35987
2025-11-13 05:15:00,245.32,245.37,244.86,245.03,116671
2025-11-13 05:20:00,245.16,245.42,245.03,245.41,37178
2025-11-13 05:25:00,245.34,245.47,245.24,245.47,34581
2025-11-13 05:30:00,245.43,245.47,245.25,245.4,25852
2025-11-13 05:35:00,245.37,245.75,245.24,245.73,62845
2025-11-13 05:40:00,245.73,245.89,245.56,245.79,98967
2025-11-13 05:45:00,245.76,245.86,245.59,245.74,45441
2025-11-13 05:50:00,245.74,245.74,245.52,245.64,100343
2025-11-13 05:55:00,245.64,245.8,245.52,245.77,35923
2025-11-13 06:00:00,245.77,245.77,245.57,245.65,44598
2025-11-13 06:05:00,245.65,245.74,245.55,245.71,40573
2025-11-13 06:10:00,245.74,245.74,245.61,245.61,53115
2025-11-13 06:15:00,245.61,245.76,245.53,245.65,55342
2025-11-13 06:20:00,245.64,245.77,245.53,245.76,52984
2025-11-13 06:25:00,245.73,245.88,245.61,245.88,114794
2025-11-13 06:30:00,245.78,245.84,245.58,245.66,84970
2025-11-13 06:35:00,245.65,245.74,245.54,245.69,35153
2025-11-13 06:40:00,245.68,245.82,245.64,245.68,35478
2025-11-13 06:45:00,245.7,245.85,245.68,245.75,28361
2025-11-13 06:50:00,245.77,245.83,245.35,245.41,48185
2025-11-13 06:55:00,245.41,245.53,245.25,245.34,29038
2025-11-13 07:00:00,245.34,245.53,245.2,245.47,52203
2025-11-13 07:05:00,245.47,245.5,245.31,245.43,23626
2025-11-13 07:10:00,245.43,245.6,245.36,245.48,29404
2025-11-13 07:15:00,245.49,245.7,245.43,245.63,31355
2025-11-13 07:20:00,245.62,245.75,245.62,245.7,59668
2025-11-13 07:25:00,245.66,245.68,245.53,245.58,25893
2025-11-13 07:30:00,245.62,245.99,245.59,245.73,71178
2025-11-13 07:35:00,245.7,245.96,245.7,245.93,42353
2025-11-13 07:40:00,245.93,245.96,245.76,245.88,43318
2025-11-13 07:45:00,245.88,245.92,245.68,245.77,40624
2025-11-13 07:50:00,245.76,245.85,245.73,245.82,32637
2025-11-13 07:55:00,245.81,245.85,245.68,245.85,40666
2025-11-13 08:00:00,245.85,245.9,245.8,245.82,56720
2025-11-13 08:05:00,245.81,245.94,245.81,245.94,40312
2025-11-13 08:10:00,245.94,246.0,245.89,245.98,53845
2025-11-13 08:15:00,245.97,245.98,245.7,245.91,108319
2025-11-13 08:20:00,245.91,245.95,245.85,245.95,63219
2025-11-13 08:25:00,245.94,245.95,245.7,245.78,183857
2025-11-13 08:30:00,245.78,245.92,245.34,245.78,177923
2025-11-13 08:35:00,245.75,245.75,245.38,245.43,75498
2025-11-13 08:40:00,245.43,245.45,245.05,245.44,114757
2025-11-13 08:45:00,245.44,245.55,245.18,245.38,134449
2025-11-13 08:50:00,245.3,245.5,245.27,245.44,120406
2025-11-13 08:55:00,245.44,245.61,245.43,245.61,30514
2025-11-13 09:00:00,245.61,245.66,245.4,245.49,133612
2025-11-13 09:05:00,245.49,245.67,245.36,245.55,55160
2025-11-13 09:10:00,245.54,245.76,245.5,245.63,126282
2025-11-13 09:15:00,245.62,245.74,245.61,245.66,34278
2025-11-13 09:20:00,245.66,245.66,245.2,245.27,83265
2025-11-13 09:25:00,245.29,245.42,245.15,245.27,96085
2025-11-13 09:30:00,245.34,245.4,245.14,245.3,292217
2025-11-13 09:35:00,245.3,245.31,245.14,245.25,157478
2025-11-13 09:40:00,245.29,245.5,245.14,245.45,247050
2025-11-13 09:45:00,245.46,245.74,245.17,245.27,361362
2025-11-13 09:50:00,245.27,245.48,245.14,245.22,229825
2025-11-13 09:55:00,245.2,245.34,245.0,245.34,179813
2025-11-14 03:45:00,243.92,244.64,243.21,243.5,164730
2025-11-14 03:50:00,243.5,243.74,243.1,243.2,107623
2025-11-14 03:55:00,243.05,243.14,242.41,242.88,209689
2025-11-14 04:00:00,242.86,243.37,242.84,243.33,71810
2025-11-14 04:05:00,243.34,243.45,242.9,243.08,107197
2025-11-14 04:10:00,243.08,243.74,243.03,243.56,94824
2025-11-14 04:15:00,243.56,243.93,243.56,243.72,85799
2025-11-14 04:20:00,243.72,243.72,243.15,243.23,91853
2025-11-14 04:25:00,243.18,243.2,242.86,243.11,81373
2025-11-14 04:30:00,243.14,243.15,242.61,242.8,108867
2025-11-14 04:35:00,242.83,242.99,242.72,242.77,43495
2025-11-14 04:40:00,242.78,242.86,242.6,242.72,31476
2025-11-14 04:45:00,242.72,242.99,242.61,242.9,34754
2025-11-14 04:50:00,242.9,243.05,242.85,242.9,45192
2025-11-14 04:55:00,242.99,243.0,242.75,242.87,21851
2025-11-14 05:00:00,242.78,242.87,242.58,242.66,31036
2025-11-14 05:05:00,242.6,242.65,242.17,242.23,64188
2025-11-14 05:10:00,242.23,242.4,242.15,242.4,58716
2025-11-14 05:15:00,242.34,242.55,242.34,242.48,22426
2025-11-14 05:20:00,242.5,243.33,242.48,243.26,93892
2025-11-14 05:25:00,243.32,243.54,243.14,243.39,103780
2025-11-14 05:30:00,243.45,243.88,243.45,243.76,88931
2025-11-14 05:35:00,243.8,244.1,243.73,243.96,71816
2025-11-14 05:40:00,243.96,244.09,243.86,243.93,37779
2025-11-14 05:45:00,243.86,244.06,243.3,243.43,43290
2025-11-14 05:50:00,243.45,243.48,243.2,243.3,33887
2025-11-14 05:55:00,243.27,243.5,243.27,243.5,16622
2025-11-14 06:00:00,243.44,243.95,243.35,243.82,45236
2025-11-14 06:05:00,243.9,243.91,243.55,243.68,27798
2025-11-14 06:10:00,243.68,243.7,243.34,243.36,22575
2025-11-14 06:15:00,243.45,243.71,243.34,243.61,27157
2025-11-14 06:20:00,243.67,243.67,243.46,243.6,28037
2025-11-14 06:25:00,243.6,243.64,243.3,243.35,34020
2025-11-14 06:30:00,243.3,243.5,243.25,243.32,48068
2025-11-14 06:35:00,243.25,243.58,243.25,243.54,120840
2025-11-14 06:40:00,243.48,243.66,243.41,243.65,45777
2025-11-14 06:45:00,243.63,243.7,243.43,243.58,25542
2025-11-14 06:50:00,243.6,243.72,243.41,243.6,29524
2025-11-14 06:55:00,243.6,243.74,243.5,243.64,26957
2025-11-14 07:00:00,243.64,243.69,243.38,243.6,125989
2025-11-14 07:05:00,243.6,243.6,243.05,243.1,261342
2025-11-14 07:10:00,243.1,243.4,242.83,243.4,62422
2025-11-14 07:15:00,243.4,243.45,243.01,243.36,45199
2025-11-14 07:20:00,243.36,243.45,243.14,243.2,44142
2025-11-14 07:25:00,243.2,243.25,243.09,243.2,219029
2025-11-14 07:30:00,243.2,243.25,242.66,242.74,270040
2025-11-14 07:35:00,242.71,242.95,242.71,242.85,30497
2025-11-14 07:40:00,242.84,243.1,242.76,242.9,48107
2025-11-14 07:45:00,242.98,243.05,242.84,242.91,18079
2025-11-14 07:50:00,242.98,243.05,242.82,243.0,47569
2025-11-14 07:55:00,243.0,243.05,242.9,243.04,23291
2025-11-14 08:00:00,243.01,243.1,242.97,243.06,22839
2025-11-14 08:05:00,243.1,243.1,242.6,242.72,93223
2025-11-14 08:10:00,242.73,242.8,242.6,242.6,30908
2025-11-14 08:15:00,242.6,242.81,242.6,242.7,23512
2025-11-14 08:20:00,242.75,242.78,242.52,242.65,30865
2025-11-14 08:25:00,242.65,242.97,242.55,242.95,31118
2025-11-14 08:30:00,242.95,243.05,242.85,243.02,73975
2025-11-14 08:35:00,243.05,243.1,242.9,243.0,25612
2025-11-14 08:40:00,242.99,243.0,242.75,242.85,91924
2025-11-14 08:45:00,242.9,242.9,242.66,242.85,27233
2025-11-14 08:50:00,242.83,242.9,242.6,242.75,23934
2025-11-14 08:55:00,242.75,243.05,242.58,242.92,55263
2025-11-14 09:00:00,242.93,242.99,242.8,242.92,19356
2025-11-14 09:05:00,242.92,242.98,242.81,242.89,24337
2025-11-14 09:10:00,242.9,242.9,242.8,242.88,38120
2025-11-14 09:15:00,242.85,242.95,242.73,242.79,82745
2025-11-14 09:20:00,242.73,242.85,242.54,242.84,91027
2025-11-14 09:25:00,242.8,242.95,242.63,242.75,61653
2025-11-14 09:30:00,242.8,243.99,242.8,243.92,632852
2025-11-14 09:35:00,243.92,244.31,243.92,244.31,345862
2025-11-14 09:40:00,244.37,244.58,244.31,244.53,391671
2025-11-14 09:45:00,244.55,244.6,244.35,244.52,282884
2025-11-14 09:50:00,244.54,245.9,244.54,245.9,425145
2025-11-14 09:55:00,245.86,245.9,244.84,245.15,256797
2025-11-17 03:45:00,243.97,244.56,243.42,244.2,275108
2025-11-17 03:50:00,244.27,244.5,244.06,244.06,174534
2025-11-17 03:55:00,244.06,244.77,244.06,244.6,140946
2025-11-17 04:00:00,244.56,244.78,244.49,244.62,224896
2025-11-17 04:05:00,244.6,244.62,244.3,244.42,140640
2025-11-17 04:10:00,244.44,244.48,244.0,244.02,100606
2025-11-17 04:15:00,244.02,244.02,242.69,243.35,173968
2025-11-17 04:20:00,243.35,243.8,243.32,243.5,84603
2025-11-17 04:25:00,243.46,243.67,243.36,243.44,66674
2025-11-17 04:30:00,243.48,243.8,243.46,243.74,70846
2025-11-17 04:35:00,243.74,243.77,243.36,243.56,46243
2025-11-17 04:40:00,243.56,243.71,243.52,243.67,33169
2025-11-17 04:45:00,243.67,243.91,243.56,243.88,74203
2025-11-17 04:50:00,243.88,243.88,243.5,243.52,52914
2025-11-17 04:55:00,243.41,243.68,243.02,243.12,80327
2025-11-17 05:00:00,243.12,243.41,243.1,243.37,49348
2025-11-17 05:05:00,243.36,243.44,243.15,243.23,52850
2025-11-17 05:10:00,243.2,243.44,242.89,243.44,135830
2025-11-17 05:15:00,243.44,243.48,243.24,243.24,30345
2025-11-17 05:20:00,243.25,243.25,242.9,243.16,70219
2025-11-17 05:25:00,243.16,243.35,243.1,243.27,56956
2025-11-17 05:30:00,243.28,243.43,243.21,243.25,36916
2025-11-17 05:35:00,243.24,243.28,243.06,243.24,51078
2025-11-17 05:40:00,243.24,243.64,243.2,243.62,51778
2025-11-17 05:45:00,243.62,243.64,243.32,243.33,56451
2025-11-17 05:50:00,243.33,243.48,243.24,243.44,172627
2025-11-17 05:55:00,243.44,243.44,243.24,243.25,22743
2025-11-17 06:00:00,243.24,243.48,243.13,243.34,117763
2025-11-17 06:05:00,243.34,243.78,243.31,243.44,60380
2025-11-17 06:10:00,243.44,243.44,243.1,243.43,42044
2025-11-17 06:15:00,243.52,243.53,243.23,243.48,32501
2025-11-17 06:20:00,243.53,243.8,243.5,243.6,67242
2025-11-17 06:25:00,243.6,243.75,243.5,243.51,60177
2025-11-17 06:30:00,243.57,243.57,243.19,243.25,54298
2025-11-17 06:35:00,243.29,243.75,243.16,243.7,69393
2025-11-17 06:40:00,243.69,243.75,243.4,243.5,54260
2025-11-17 06:45:00,243.58,243.6,243.3,243.31,55253
2025-11-17 06:50:00,243.32,243.55,243.3,243.45,46481
2025-11-17 06:55:00,243.45,243.64,243.37,243.58,42387
2025-11-17 07:00:00,243.55,243.85,243.48,243.72,95006
2025-11-17 07:05:00,243.72,244.05,243.72,243.89,115168
2025-11-17 07:10:00,243.88,244.08,243.81,244.02,93711
2025-11-17 07:15:00,244.08,244.08,243.86,243.91,48463
2025-11-17 07:20:00,243.95,243.95,243.71,243.87,40615
2025-11-17 07:25:00,243.88,243.94,243.77,243.8,42647
2025-11-17 07:30:00,243.85,244.11,243.8,243.89,54413
2025-11-17 07:35:00,243.89,243.91,243.71,243.79,45734
2025-11-17 07:40:00,243.79,243.79,243.65,243.7,28839
2025-11-17 07:45:00,243.7,243.75,243.53,243.6,72285
2025-11-17 07:50:00,243.6,243.62,243.49,243.54,34047
2025-11-17 07:55:00,243.54,243.68,243.43,243.62,53446
2025-11-17 08:00:00,243.62,243.84,243.51,243.84,57680
2025-11-17 08:05:00,243.84,243.91,243.68,243.71,116040
2025-11-17 08:10:00,243.71,243.83,243.63,243.8,46238
2025-11-17 08:15:00,243.77,243.88,243.68,243.77,37065
2025-11-17 08:20:00,243.77,243.86,243.66,243.81,78072
2025-11-17 08:25:00,243.81,243.81,243.53,243.63,56120
2025-11-17 08:30:00,243.69,244.09,243.68,244.05,106369
2025-11-17 08:35:00,244.08,244.09,243.86,244.06,66305
2025-11-17 08:40:00,244.0,244.09,243.84,243.94,42868
2025-11-17 08:45:00,243.94,243.99,243.8,243.94,66375
2025-11-17 08:50:00,243.94,243.96,243.7,243.93,118059
2025-11-17 08:55:00,243.94,243.94,243.68,243.77,66657
2025-11-17 09:00:00,243.87,243.96,243.67,243.79,50473
2025-11-17 09:05:00,243.8,243.87,243.66,243.81,45047
2025-11-17 09:10:00,243.81,243.81,243.51,243.52,68458
2025-11-17 09:15:00,243.55,243.67,243.4,243.49,165104
2025-11-17 09:20:00,243.5,243.55,243.4,243.5,46609
2025-11-17 09:25:00,243.5,243.75,243.48,243.65,95531
2025-11-17 09:30:00,243.63,243.99,243.5,243.93,176579
2025-11-17 09:35:00,243.93,244.07,243.88,243.99,229145
2025-11-17 09:40:00,244.0,244.01,243.89,244.01,189099
2025-11-17 09:45:00,243.99,244.16,243.9,244.16,202454
2025-11-17 09:50:00,244.16,244.26,244.15,244.24,219646
2025-11-17 09:55:00,244.22,244.4,243.7,243.7,218774
2025-11-18 03:45:00,242.93,244.0,242.62,243.0,202285
2025-11-18 03:50:00,243.0,243.59,242.6,242.77,195832
2025-11-18 03:55:00,242.75,243.0,242.3,242.88,108721
2025-11-18 04:00:00,242.95,242.98,242.47,242.51,73690
2025-11-18 04:05:00,242.52,242.52,242.3,242.44,71418
2025-11-18 04:10:00,242.43,242.49,241.96,241.97,120911
2025-11-18 04:15:00,242.0,242.08,241.82,241.93,42707
2025-11-18 04:20:00,241.81,241.93,241.55,241.6,65741
2025-11-18 04:25:00,241.65,241.91,241.65,241.69,70516
2025-11-18 04:30:00,241.66,241.88,241.51,241.79,58281
2025-11-18 04:35:00,241.77,241.89,241.66,241.81,56530
2025-11-18 04:40:00,241.89,241.91,241.71,241.91,31851
2025-11-18 04:45:00,241.91,241.97,241.6,241.74,50511
2025-11-18 04:50:00,241.75,242.22,241.74,242.14,41736
2025-11-18 04:55:00,242.14,242.2,241.95,241.97,28799
2025-11-18 05:00:00,241.99,242.0,241.65,241.7,68360
2025-11-18 05:05:00,241.66,241.9,241.62,241.9,60424
2025-11-18 05:10:00,241.91,241.93,241.82,241.92,20134
2025-11-18 05:15:00,241.92,242.04,241.6,242.02,50400
2025-11-18 05:20:00,242.02,242.03,241.75,241.93,28637
2025-11-18 05:25:00,241.93,241.96,241.82,241.88,28749
2025-11-18 05:30:00,241.82,242.0,241.73,241.82,39544
2025-11-18 05:35:00,241.82,241.84,241.62,241.75,21998
2025-11-18 05:40:00,241.75,241.81,241.74,241.79,18474
2025-11-18 05:45:00,241.79,241.88,241.78,241.88,25874
2025-11-18 05:50:00,241.84,241.92,241.84,241.89,20580
2025-11-18 05:55:00,241.89,241.89,241.7,241.73,37469
2025-11-18 06:00:00,241.76,241.8,241.68,241.76,30544
2025-11-18 06:05:00,241.76,241.79,241.68,241.73,24737
2025-11-18 06:10:00,241.73,242.02,241.7,242.0,34878
2025-11-18 06:15:00,242.02,242.12,241.89,241.99,45889
2025-11-18 06:20:00,242.0,242.19,241.92,242.14,53566
2025-11-18 06:25:00,242.14,242.15,242.01,242.1,25641
2025-11-18 06:30:00,242.09,242.1,242.0,242.01,13517
2025-11-18 06:35:00,242.0,242.01,241.93,242.01,31519
2025-11-18 06:40:00,242.01,242.01,241.71,241.73,65201
2025-11-18 06:45:00,241.7,241.74,241.6,241.67,44495
2025-11-18 06:50:00,241.67,241.68,241.55,241.6,45335
2025-11-18 06:55:00,241.6,241.68,241.51,241.65,39669
2025-11-18 07:00:00,241.61,241.69,241.55,241.55,34881
2025-11-18 07:05:00,241.65,241.65,241.31,241.46,64623
2025-11-18 07:10:00,241.48,241.54,241.39,241.45,27164
2025-11-18 07:15:00,241.47,241.49,241.34,241.46,17823
2025-11-18 07:20:00,241.46,241.62,241.4,241.53,24835
2025-11-18 07:25:00,241.56,241.69,241.53,241.68,35514
2025-11-18 07:30:00,241.68,241.96,241.63,241.95,82359
2025-11-18 07:35:00,241.96,241.99,241.81,241.92,19137
2025-11-18 07:40:00,241.92,241.96,241.82,241.96,45997
2025-11-18 07:45:00,241.95,242.38,241.9,242.28,55183
2025-11-18 07:50:00,242.27,242.34,242.1,242.1,31642
2025-11-18 07:55:00,242.16,242.18,242.01,242.15,23396
2025-11-18 08:00:00,242.16,242.18,242.04,242.11,19927
2025-11-18 08:05:00,242.16,242.28,242.13,242.22,35770
2025-11-18 08:10:00,242.2,242.2,241.91,242.07,102733
2025-11-18 08:15:00,242.08,242.08,241.82,241.98,30563
2025-11-18 08:20:00,242.02,242.13,241.95,241.97,26078
2025-11-18 08:25:00,241.97,241.98,241.88,241.98,20321
2025-11-18 08:30:00,241.98,242.19,241.98,242.19,21980
2025-11-18 08:35:00,242.19,242.32,242.01,242.01,67453
2025-11-18 08:40:00,242.01,242.08,241.96,242.03,70381
2025-11-18 08:45:00,242.03,242.07,241.5,241.54,75858
2025-11-18 08:50:00,241.54,241.72,241.53,241.67,73767
2025-11-18 08:55:00,241.68,241.8,241.55,241.58,67529
2025-11-18 09:00:00,241.57,241.57,241.12,241.17,92847
2025-11-18 09:05:00,241.16,241.25,241.1,241.2,134061
2025-11-18 09:10:00,241.13,241.45,241.13,241.3,79213
2025-11-18 09:15:00,241.25,241.28,241.15,241.21,44164
2025-11-18 09:20:00,241.21,241.28,241.14,241.14,48347
2025-11-18 09:25:00,241.14,241.26,241.1,241.15,48598
2025-11-18 09:30:00,241.25,241.33,241.05,241.09,109580
2025-11-18 09:35:00,241.1,241.21,240.81,240.83,186384
2025-11-18 09:40:00,240.85,241.11,240.83,240.92,144655
2025-11-18 09:45:00,240.92,240.93,240.71,240.72,192332
2025-11-18 09:50:00,240.73,240.91,240.69,240.81,225877
2025-11-18 09:55:00,240.81,241.0,240.3,241.0,221281
2025-11-19 03:45:00,241.2,241.6,240.54,241.18,212620
2025-11-19 03:50:00,241.2,241.74,240.76,241.68,158968
2025-11-19 03:55:00,241.75,242.1,241.33,241.44,218014
2025-11-19 04:00:00,241.39,241.85,241.3,241.39,146388
2025-11-19 04:05:00,241.41,241.53,241.14,241.4,89272
2025-11-19 04:10:00,241.4,241.99,241.35,241.99,72941
2025-11-19 04:15:00,241.92,242.34,241.84,241.84,123548
2025-11-19 04:20:00,241.8,242.19,241.54,242.13,66771
2025-11-19 04:25:00,242.16,242.39,242.09,242.18,131928
2025-11-19 04:30:00,242.18,242.61,242.13,242.3,159687
2025-11-19 04:35:00,242.37,243.46,242.32,243.3,243755
2025-11-19 04:40:00,243.29,243.48,243.06,243.12,129621
2025-11-19 04:45:00,243.1,243.49,243.06,243.36,107384
2025-11-19 04:50:00,243.36,243.6,243.25,243.4,119020
2025-11-19 04:55:00,243.44,243.75,243.4,243.5,159721
2025-11-19 05:00:00,243.48,244.68,243.48,244.51,252754
2025-11-19 05:05:00,244.53,244.8,244.35,244.57,238914
2025-11-19 05:10:00,244.55,244.68,244.21,244.6,152667
2025-11-19 05:15:00,244.56,245.1,244.5,244.77,361849
2025-11-19 05:20:00,244.77,245.19,244.62,245.12,264242
2025-11-19 05:25:00,245.2,245.47,244.51,244.55,242017
2025-11-19 05:30:00,244.51,245.25,244.37,244.61,175419
2025-11-19 05:35:00,244.55,244.71,243.86,244.06,160409
2025-11-19 05:40:00,244.06,245.09,244.01,245.0,308373
2025-11-19 05:45:00,245.0,245.29,245.0,245.16,226061
2025-11-19 05:50:00,245.16,245.4,245.1,245.34,168880
2025-11-19 05:55:00,245.3,246.2,245.3,245.75,571204
2025-11-19 06:00:00,245.75,246.0,245.58,245.65,232062
2025-11-19 06:05:00,245.65,245.8,245.48,245.74,170886
2025-11-19 06:10:00,245.71,245.84,245.11,245.14,167621
2025-11-19 06:15:00,245.11,245.22,244.74,244.82,142953
2025-11-19 06:20:00,244.88,245.27,244.83,245.02,119237
2025-11-19 06:25:00,245.0,245.19,244.96,245.09,83865
2025-11-19 06:30:00,245.16,245.67,245.09,245.62,128493
2025-11-19 06:35:00,245.65,245.79,245.52,245.53,133715
2025-11-19 06:40:00,245.59,246.03,245.54,245.93,188473
2025-11-19 06:45:00,245.96,246.37,245.76,246.3,173672
2025-11-19 06:50:00,246.3,246.5,246.26,246.42,209840
2025-11-19 06:55:00,246.39,246.67,246.38,246.6,209644
2025-11-19 07:00:00,246.6,246.85,246.31,246.33,243826
2025-11-19 07:05:00,246.39,246.6,246.33,246.5,156325
2025-11-19 07:10:00,246.5,246.5,245.82,245.85,184614
2025-11-19 07:15:00,245.82,246.22,245.61,246.16,203157
2025-11-19 07:20:00,246.15,246.29,245.8,245.86,98823
2025-11-19 07:25:00,245.85,246.0,245.8,245.9,118597
2025-11-19 07:30:00,245.9,246.1,245.9,246.09,100183
2025-11-19 07:35:00,246.09,246.23,246.01,246.01,151705
2025-11-19 07:40:00,246.04,246.34,245.91,246.29,201709
2025-11-19 07:45:00,246.29,246.29,245.99,246.1,105207
2025-11-19 07:50:00,246.12,246.35,246.08,246.09,116715
2025-11-19 07:55:00,246.09,246.19,245.95,246.1,162446
2025-11-19 08:00:00,246.06,246.22,246.0,246.02,94631
2025-11-19 08:05:00,246.02,246.1,245.9,246.0,126617
2025-11-19 08:10:00,246.0,246.05,245.79,245.84,99548
2025-11-19 08:15:00,245.84,246.0,245.76,245.94,122861
2025-11-19 08:20:00,246.0,246.1,245.91,245.93,93734
2025-11-19 08:25:00,245.94,246.17,245.93,246.01,112198
2025-11-19 08:30:00,246.02,246.15,245.95,246.04,206446
2025-11-19 08:35:00,246.03,246.2,245.97,246.1,99416
2025-11-19 08:40:00,246.1,246.25,246.0,246.22,116781
2025-11-19 08:45:00,246.16,246.23,246.08,246.14,88425
2025-11-19 08:50:00,246.17,246.18,246.1,246.14,78688
2025-11-19 08:55:00,246.14,246.25,246.04,246.18,107011
2025-11-19 09:00:00,246.18,246.34,246.02,246.03,107461
2025-11-19 09:05:00,246.03,246.31,246.02,246.24,119143
2025-11-19 09:10:00,246.25,246.62,246.22,246.25,274530
2025-11-19 09:15:00,246.3,246.4,246.07,246.15,128718
2025-11-19 09:20:00,246.16,246.32,246.0,246.0,133689
2025-11-19 09:25:00,246.05,246.2,246.0,246.0,120056
2025-11-19 09:30:00,246.08,246.15,245.88,245.96,218914
2025-11-19 09:35:00,245.99,246.11,245.93,246.06,153356
2025-11-19 09:40:00,246.06,246.15,246.03,246.05,216075
2025-11-19 09:45:00,246.09,246.13,246.02,246.11,373599
2025-11-19 09:50:00,246.11,246.29,246.01,246.15,611658
2025-11-19 09:55:00,246.15,246.3,246.0,246.06,410394
2025-11-20 03:45:00,247.5,247.8,245.81,246.76,454019
2025-11-20 03:50:00,246.68,247.24,246.43,247.1,185927
2025-11-20 03:55:00,247.15,247.16,246.13,246.7,208461
2025-11-20 04:00:00,246.58,246.69,246.19,246.49,108383
2025-11-20 04:05:00,246.49,247.0,246.46,246.8,96062
2025-11-20 04:10:00,246.84,246.9,246.2,246.42,81146
2025-11-20 04:15:00,246.42,246.5,246.25,246.45,40028
2025-11-20 04:20:00,246.49,246.91,246.41,246.86,46123
2025-11-20 04:25:00,246.89,247.39,246.73,246.86,160652
2025-11-20 04:30:00,246.86,246.86,246.5,246.71,44950
2025-11-20 04:35:00,246.72,246.86,246.4,246.57,55513
2025-11-20 04:40:00,246.58,246.61,246.28,246.43,29719
2025-11-20 04:45:00,246.43,246.61,246.3,246.34,41931
2025-11-20 04:50:00,246.31,246.57,246.3,246.43,23635
2025-11-20 04:55:00,246.47,246.54,246.15,246.4,56544
2025-11-20 05:00:00,246.38,246.66,246.15,246.41,42840
2025-11-20 05:05:00,246.41,246.53,246.29,246.45,32905
2025-11-20 05:10:00,246.45,246.55,246.28,246.51,31513
2025-11-20 05:15:00,246.57,246.59,246.38,246.48,37946
2025-11-20 05:20:00,246.46,246.57,246.46,246.5,33403
2025-11-20 05:25:00,246.5,246.55,246.32,246.36,22325
2025-11-20 05:30:00,246.36,246.42,246.15,246.39,36879
2025-11-20 05:35:00,246.39,246.42,246.15,246.2,32814
2025-11-20 05:40:00,246.2,246.35,246.1,246.1,23000
2025-11-20 05:45:00,246.1,246.12,245.88,245.93,73885
2025-11-20 05:50:00,245.97,246.1,245.93,246.08,24231
2025-11-20 05:55:00,246.1,246.26,246.05,246.08,32710
2025-11-20 06:00:00,246.08,246.17,245.91,246.14,49048
2025-11-20 06:05:00,246.14,246.22,246.08,246.2,15451
2025-11-20 06:10:00,246.19,246.33,246.13,246.19,25865
2025-11-20 06:15:00,246.23,246.23,245.72,245.73,41014
2025-11-20 06:20:00,245.76,246.07,245.73,246.01,33428
2025-11-20 06:25:00,246.01,246.11,245.9,245.91,18573
2025-11-20 06:30:00,245.91,246.04,245.88,245.95,22247
2025-11-20 06:35:00,245.92,245.95,245.74,245.74,29206
2025-11-20 06:40:00,245.73,245.88,245.71,245.84,39213
2025-11-20 06:45:00,245.84,245.95,245.73,245.76,24008
2025-11-20 06:50:00,245.76,246.0,245.73,245.97,23690
2025-11-20 06:55:00,245.99,246.25,245.93,246.25,28577
2025-11-20 07:00:00,246.3,246.32,246.09,246.22,33614
2025-11-20 07:05:00,246.22,246.24,246.11,246.24,21526
2025-11-20 07:10:00,246.2,246.3,246.17,246.3,18620
2025-11-20 07:15:00,246.3,246.35,246.13,246.32,31274
2025-11-20 07:20:00,246.32,246.35,246.21,246.26,39910
2025-11-20 07:25:00,246.3,246.34,246.1,246.2,27592
2025-11-20 07:30:00,246.2,246.27,246.19,246.19,18744
2025-11-20 07:35:00,246.21,246.29,246.0,246.16,45891
2025-11-20 07:40:00,246.16,246.23,246.04,246.12,77770
2025-11-20 07:45:00,246.15,246.2,246.06,246.1,74948
2025-11-20 07:50:00,246.15,246.15,245.79,245.86,67968
2025-11-20 07:55:00,245.88,246.2,245.75,246.06,108650
2025-11-20 08:00:00,246.1,246.1,245.91,246.03,81533
2025-11-20 08:05:00,246.03,246.07,245.9,246.03,69617
2025-11-20 08:10:00,246.02,246.11,245.79,245.84,71182
2025-11-20 08:15:00,245.9,246.02,245.82,245.94,62927
2025-11-20 08:20:00,245.95,246.59,245.88,246.51,249022
2025-11-20 08:25:00,246.51,246.53,246.41,246.45,103938
2025-11-20 08:30:00,246.45,246.5,246.04,246.15,209912
2025-11-20 08:35:00,246.14,246.53,246.0,246.49,429488
2025-11-20 08:40:00,246.49,246.55,246.4,246.46,149855
2025-11-20 08:45:00,246.49,246.55,246.36,246.46,110274
2025-11-20 08:50:00,246.46,246.55,246.36,246.45,111157
2025-11-20 08:55:00,246.49,246.53,246.15,246.15,141303
2025-11-20 09:00:00,246.15,246.34,246.06,246.15,105412
2025-11-20 09:05:00,246.18,246.3,246.13,246.17,80704
2025-11-20 09:10:00,246.18,246.3,246.03,246.12,121688
2025-11-20 09:15:00,246.12,246.42,246.04,246.19,120003
2025-11-20 09:20:00,246.26,246.32,246.18,246.25,128273
2025-11-20 09:25:00,246.26,246.3,246.02,246.18,99525
2025-11-20 09:30:00,246.26,246.44,246.0,246.2,175147
2025-11-20 09:35:00,246.2,246.2,246.07,246.11,160249
2025-11-20 09:40:00,246.12,246.4,246.1,246.3,204008
2025-11-20 09:45:00,246.3,246.38,246.16,246.26,247435
2025-11-20 09:50:00,246.26,246.38,246.26,246.37,225957
2025-11-20 09:55:00,246.36,246.4,246.35,246.39,219160
2025-11-21 03:45:00,245.0,246.22,244.89,245.32,202773
2025-11-21 03:50:00,245.69,246.32,245.38,246.11,108577
2025-11-21 03:55:00,246.11,246.24,245.51,246.14,143942
2025-11-21 04:00:00,246.15,246.18,245.51,245.58,89687
2025-11-21 04:05:00,245.4,245.6,245.15,245.28,97171
2025-11-21 04:10:00,245.25,245.44,244.64,244.66,70450
2025-11-21 04:15:00,244.74,244.74,244.26,244.38,61053
2025-11-21 04:20:00,244.35,244.38,244.0,244.0,79337
2025-11-21 04:25:00,244.01,244.05,243.61,244.0,71251
2025-11-21 04:30:00,244.03,244.46,243.94,244.16,88361
2025-11-21 04:35:00,244.2,244.33,244.01,244.01,47319
2025-11-21 04:40:00,244.01,244.37,244.01,244.14,70220
2025-11-21 04:45:00,244.18,244.39,244.01,244.2,124495
2025-11-21 04:50:00,244.34,244.44,244.15,244.35,54918
2025-11-21 04:55:00,244.35,244.43,244.16,244.34,60676
2025-11-21 05:00:00,244.35,244.47,244.25,244.38,44326
2025-11-21 05:05:00,244.34,244.7,244.21,244.68,57256
2025-11-21 05:10:00,244.7,245.23,244.62,245.06,75078
2025-11-21 05:15:00,245.14,245.24,244.8,244.89,278142
2025-11-21 05:20:00,244.93,245.3,244.92,245.3,73127
2025-11-21 05:25:00,245.2,245.6,245.03,245.5,80910
2025-11-21 05:30:00,245.5,245.57,245.21,245.35,35412
2025-11-21 05:35:00,245.35,245.7,245.04,245.68,58415
2025-11-21 05:40:00,245.68,246.15,245.64,246.01,96049
2025-11-21 05:45:00,246.02,246.23,246.0,246.06,56112
2025-11-21 05:50:00,246.02,246.02,245.55,245.65,35490
2025-11-21 05:55:00,245.65,245.74,245.6,245.61,17332
2025-11-21 06:00:00,245.69,245.71,245.26,245.4,33237
2025-11-21 06:05:00,245.4,245.57,245.34,245.37,27716
2025-11-21 06:10:00,245.37,245.45,245.25,245.34,21438
2025-11-21 06:15:00,245.36,245.52,245.26,245.32,21109
2025-11-21 06:20:00,245.4,245.43,245.25,245.33,13406
2025-11-21 06:25:00,245.34,245.42,245.21,245.27,32218
2025-11-21 06:30:00,245.33,245.45,245.21,245.35,26003
2025-11-21 06:35:00,245.35,245.5,245.27,245.47,25365
2025-11-21 06:40:00,245.47,245.68,245.27,245.55,21219
2025-11-21 06:45:00,245.55,246.51,245.47,246.41,426171
2025-11-21 06:50:00,246.43,247.25,246.34,247.07,413926
2025-11-21 06:55:00,247.07,247.25,246.88,247.19,70971
2025-11-21 07:00:00,247.14,247.15,246.46,246.66,71186
2025-11-21 07:05:00,246.66,246.8,246.39,246.42,40088
2025-11-21 07:10:00,246.46,246.5,246.37,246.37,22146
2025-11-21 07:15:00,246.4,246.72,246.36,246.48,30829
2025-11-21 07:20:00,246.54,246.59,246.43,246.43,23917
2025-11-21 07:25:00,246.44,246.44,245.66,245.67,64277
2025-11-21 07:30:00,245.65,245.86,245.57,245.57,37492
2025-11-21 07:35:00,245.58,245.67,245.56,245.59,19561
2025-11-21 07:40:00,245.58,245.7,245.35,245.35,27247
2025-11-21 07:45:00,245.33,245.44,245.0,245.0,70530
2025-11-21 07:50:00,245.01,245.29,245.0,245.0,19542
2025-11-21 07:55:00,245.01,245.13,244.8,244.91,38462
2025-11-21 08:00:00,244.91,245.06,244.75,244.92,34031
2025-11-21 08:05:00,244.93,245.2,244.88,245.01,41258
2025-11-21 08:10:00,245.01,245.17,244.9,245.03,29553
2025-11-21 08:15:00,245.02,245.1,244.88,244.91,31725
2025-11-21 08:20:00,244.9,245.37,244.81,245.37,39577
2025-11-21 08:25:00,245.24,245.65,245.24,245.52,152857
2025-11-21 08:30:00,245.55,245.55,245.34,245.49,19116
2025-11-21 08:35:00,245.49,245.71,245.33,245.52,29932
2025-11-21 08:40:00,245.55,245.7,245.42,245.7,15429
2025-11-21 08:45:00,245.69,245.88,245.36,245.4,23703
2025-11-21 08:50:00,245.45,245.8,245.35,245.36,22656
2025-11-21 08:55:00,245.4,245.4,245.15,245.3,29934
2025-11-21 09:00:00,245.3,245.37,245.23,245.35,18898
2025-11-21 09:05:00,245.34,245.54,245.3,245.3,20418
2025-11-21 09:10:00,245.32,245.52,245.22,245.22,15535
2025-11-21 09:15:00,245.24,245.26,244.92,244.94,44850
2025-11-21 09:20:00,244.99,244.99,244.64,244.83,54770
2025-11-21 09:25:00,244.85,244.85,244.41,244.56,70920
2025-11-21 09:30:00,244.55,244.84,244.52,244.68,90062
2025-11-21 09:35:00,244.69,244.69,244.45,244.45,138788
2025-11-21 09:40:00,244.5,244.6,244.42,244.44,129405
2025-11-21 09:45:00,244.43,244.73,244.4,244.41,164542
2025-11-21 09:50:00,244.42,244.56,244.4,244.42,193042
2025-11-21 09:55:00,244.42,244.8,244.2,244.61,215800
2025-11-24 03:45:00,245.02,248.62,245.02,248.25,621432
2025-11-24 03:50:00,248.25,248.76,247.7,248.16,426552
2025-11-24 03:55:00,248.16,248.4,248.0,248.3,180097
2025-11-24 04:00:00,248.28,248.5,247.8,248.12,253754
2025-11-24 04:05:00,247.99,248.31,247.72,248.14,222889
2025-11-24 04:10:00,248.11,248.5,247.8,247.9,172574
2025-11-24 04:15:00,247.82,247.9,247.35,247.4,219218
2025-11-24 04:20:00,247.44,247.75,247.34,247.58,102418
2025-11-24 04:25:00,247.58,247.9,247.4,247.85,93188
2025-11-24 04:30:00,247.84,248.22,247.8,247.96,235158
2025-11-24 04:35:00,248.0,248.1,247.9,248.02,73951
2025-11-24 04:40:00,248.02,248.11,247.4,247.71,84734
2025-11-24 04:45:00,247.73,247.87,247.13,247.36,125668
2025-11-24 04:50:00,247.33,247.81,247.31,247.69,73270
2025-11-24 04:55:00,247.67,247.7,247.48,247.53,73062
2025-11-24 05:00:00,247.53,247.75,247.23,247.75,81072
2025-11-24 05:05:00,247.75,248.5,247.73,248.49,232897
2025-11-24 05:10:00,248.5,249.25,248.44,248.96,422260
2025-11-24 05:15:00,249.05,249.38,248.63,249.28,209630
2025-11-24 05:20:00,249.34,249.34,249.06,249.23,166174
2025-11-24 05:25:00,249.22,249.24,248.72,248.81,164285
2025-11-24 05:30:00,248.85,248.92,248.37,248.73,134483
2025-11-24 05:35:00,248.82,248.93,248.36,248.63,198128
2025-11-24 05:40:00,248.63,248.9,248.38,248.46,146315
2025-11-24 05:45:00,248.4,248.64,248.0,248.2,150282
2025-11-24 05:50:00,248.2,248.49,248.2,248.35,89810
2025-11-24 05:55:00,248.35,248.75,248.26,248.65,74618
2025-11-24 06:00:00,248.67,248.67,248.23,248.24,86134
2025-11-24 06:05:00,248.27,248.4,247.87,247.91,108195
2025-11-24 06:10:00,247.92,248.05,247.8,248.01,65035
2025-11-24 06:15:00,248.01,248.07,247.66,247.77,69521
2025-11-24 06:20:00,247.75,248.09,247.7,247.7,50604
2025-11-24 06:25:00,247.71,247.87,247.55,247.75,74122
2025-11-24 06:30:00,247.76,248.3,247.72,248.19,50583
2025-11-24 06:35:00,248.15,248.2,247.9,247.99,32520
2025-11-24 06:40:00,247.94,248.14,247.8,247.84,39250
2025-11-24 06:45:00,247.84,248.13,247.72,247.91,55147
2025-11-24 06:50:00,247.92,248.1,247.75,248.06,39559
2025-11-24 06:55:00,248.08,248.19,247.87,247.93,70963
2025-11-24 07:00:00,247.98,248.1,247.67,248.04,113479
2025-11-24 07:05:00,248.04,248.1,247.82,247.99,60959
2025-11-24 07:10:00,247.99,248.04,247.72,247.72,73658
2025-11-24 07:15:00,247.65,248.08,247.63,248.05,44417
2025-11-24 07:20:00,248.07,248.1,247.7,247.7,37540
2025-11-24 07:25:00,247.77,248.0,247.62,247.9,143507
2025-11-24 07:30:00,247.99,248.05,247.84,247.98,46582
2025-11-24 07:35:00,247.97,248.1,247.74,247.91,44708
2025-11-24 07:40:00,247.9,248.1,247.71,247.76,43922
2025-11-24 07:45:00,247.76,248.03,247.6,248.0,45432
2025-11-24 07:50:00,248.03,248.12,247.88,248.0,44867
2025-11-24 07:55:00,248.03,248.08,247.76,247.81,43294
2025-11-24 08:00:00,247.81,247.88,247.71,247.87,36087
2025-11-24 08:05:00,247.82,248.0,247.72,247.72,25627
2025-11-24 08:10:00,247.77,247.77,247.5,247.61,59987
2025-11-24 08:15:00,247.63,247.65,247.51,247.53,33614
2025-11-24 08:20:00,247.53,247.61,247.37,247.5,69865
2025-11-24 08:25:00,247.51,247.69,247.45,247.45,41942
2025-11-24 08:30:00,247.43,247.63,247.37,247.53,56307
2025-11-24 08:35:00,247.61,247.67,247.24,247.36,85418
2025-11-24 08:40:00,247.36,247.6,247.21,247.5,103695
2025-11-24 08:45:00,247.49,247.49,247.15,247.19,102792
2025-11-24 08:50:00,247.23,247.26,247.03,247.03,83176
2025-11-24 08:55:00,247.08,247.14,247.0,247.01,84702
2025-11-24 09:00:00,247.01,247.09,246.91,246.95,69074
2025-11-24 09:05:00,246.96,247.19,246.88,247.1,78150
2025-11-24 09:10:00,247.22,248.36,247.15,247.86,437770
2025-11-24 09:15:00,247.81,248.45,247.74,248.38,134694
2025-11-24 09:20:00,248.39,248.42,247.57,247.63,180913
2025-11-24 09:25:00,247.6,247.76,247.43,247.5,77548
2025-11-24 09:30:00,247.52,248.38,247.3,247.3,2307990
2025-11-24 09:35:00,247.24,247.24,246.95,247.09,1998522
2025-11-24 09:40:00,247.14,247.22,246.97,247.05,1529670
2025-11-24 09:45:00,247.04,247.17,247.04,247.16,2160361
2025-11-24 09:50:00,247.16,247.42,247.16,247.39,1905443
2025-11-24 09:55:00,247.39,247.89,246.85,247.44,1511825
2025-11-25 03:45:00,248.0,248.0,244.0,245.9,513699
2025-11-25 03:50:00,245.9,246.27,245.3,245.54,130215
2025-11-25 03:55:00,245.52,245.74,245.01,245.03,79968
2025-11-25 04:00:00,245.03,245.62,245.03,245.51,70469
2025-11-25 04:05:00,245.55,245.75,245.21,245.39,115787
2025-11-25 04:10:00,245.39,245.72,245.35,245.5,54907
2025-11-25 04:15:00,245.5,245.5,244.85,244.92,106694
2025-11-25 04:20:00,244.89,245.5,244.8,245.37,62716
2025-11-25 04:25:00,245.44,245.5,245.15,245.18,55621
2025-11-25 04:30:00,245.27,245.27,244.84,245.0,57908
2025-11-25 04:35:00,244.99,245.35,244.95,245.13,67886
2025-11-25 04:40:00,245.16,245.4,245.01,245.1,80227
2025-11-25 04:45:00,245.1,245.47,245.0,245.41,78089
2025-11-25 04:50:00,245.35,245.54,245.29,245.53,42616
2025-11-25 04:55:00,245.6,245.63,245.3,245.46,70769
2025-11-25 05:00:00,245.52,245.59,245.22,245.25,75131
2025-11-25 05:05:00,245.27,245.43,245.23,245.26,72030
2025-11-25 05:10:00,245.28,245.39,245.15,245.2,141247
2025-11-25 05:15:00,245.21,245.94,245.01,245.89,126986
2025-11-25 05:20:00,245.82,245.9,245.47,245.74,226110
2025-11-25 05:25:00,245.71,245.77,245.28,245.6,203897
2025-11-25 05:30:00,245.59,245.74,245.49,245.6,63562
2025-11-25 05:35:00,245.57,245.71,245.5,245.64,37416
2025-11-25 05:40:00,245.64,246.18,245.44,246.13,305674
2025-11-25 05:45:00,246.13,246.41,245.76,245.81,241463
2025-11-25 05:50:00,245.85,246.15,245.7,246.11,32549
2025-11-25 05:55:00,246.1,246.56,246.0,246.55,273421
2025-11-25 06:00:00,246.55,246.66,246.41,246.56,242162
2025-11-25 06:05:00,246.51,246.57,246.35,246.55,38804
2025-11-25 06:10:00,246.55,246.63,246.24,246.51,158990
2025-11-25 06:15:00,246.65,246.85,246.5,246.85,175199
2025-11-25 06:20:00,246.82,246.99,246.65,246.77,62779
2025-11-25 06:25:00,246.76,246.99,246.68,246.7,190627
2025-11-25 06:30:00,246.73,246.75,246.34,246.48,73080
2025-11-25 06:35:00,246.5,246.55,246.02,246.15,89525
2025-11-25 06:40:00,246.24,246.45,246.13,246.42,137161
2025-11-25 06:45:00,246.39,246.46,245.85,246.27,118924
2025-11-25 06:50:00,246.23,246.26,246.1,246.2,23940
2025-11-25 06:55:00,246.2,246.41,246.1,246.34,47900
2025-11-25 07:00:00,246.34,246.55,246.26,246.39,109201
2025-11-25 07:05:00,246.45,246.57,246.25,246.46,36229
2025-11-25 07:10:00,246.48,246.7,246.44,246.65,34220
2025-11-25 07:15:00,246.68,246.98,246.63,246.98,37728
2025-11-25 07:20:00,246.95,247.0,246.7,246.71,66063
2025-11-25 07:25:00,246.75,246.95,246.7,246.78,38835
2025-11-25 07:30:00,246.8,246.86,246.04,246.16,72424
2025-11-25 07:35:00,246.2,246.41,246.12,246.35,50344
2025-11-25 07:40:00,246.35,246.45,246.2,246.41,39200
2025-11-25 07:45:00,246.43,246.58,246.25,246.26,50153
2025-11-25 07:50:00,246.3,246.33,245.85,245.9,75523
2025-11-25 07:55:00,245.94,246.16,245.66,245.68,79362
2025-11-25 08:00:00,245.68,245.85,245.6,245.71,35947
2025-11-25 08:05:00,245.7,245.87,245.68,245.86,42044
2025-11-25 08:10:00,245.85,245.89,245.6,245.66,58458
2025-11-25 08:15:00,245.7,246.1,245.6,245.91,37233
2025-11-25 08:20:00,245.93,245.95,245.7,245.82,33769
2025-11-25 08:25:00,245.84,245.96,245.71,245.92,34848
2025-11-25 08:30:00,245.92,246.0,245.74,246.0,30858
2025-11-25 08:35:00,245.91,246.35,245.9,246.33,70694
2025-11-25 08:40:00,246.34,246.5,246.3,246.47,43602
2025-11-25 08:45:00,246.47,246.67,246.04,246.19,84048
2025-11-25 08:50:00,246.19,246.19,245.7,245.75,49269
2025-11-25 08:55:00,245.7,245.76,245.52,245.6,60615
2025-11-25 09:00:00,245.56,245.73,245.5,245.63,112190
2025-11-25 09:05:00,245.64,245.9,245.55,245.81,85039
2025-11-25 09:10:00,245.82,246.07,245.71,245.92,95707
2025-11-25 09:15:00,245.94,246.07,245.82,245.89,57901
2025-11-25 09:20:00,245.89,245.93,245.57,245.74,97024
2025-11-25 09:25:00,245.68,245.83,245.4,245.43,169908
2025-11-25 09:30:00,245.44,245.63,245.42,245.47,218693
2025-11-25 09:35:00,245.45,245.45,245.14,245.3,441717
2025-11-25 09:40:00,245.32,245.62,245.26,245.56,165122
2025-11-25 09:45:00,245.55,246.14,245.54,246.05,272234
2025-11-25 09:50:00,246.06,246.25,246.0,246.22,215441
2025-11-25 09:55:00,246.21,246.92,245.38,245.59,201314
2025-11-26 03:45:00,246.0,247.5,245.62,246.09,273971
2025-11-26 03:50:00,246.08,246.09,245.62,245.85,131902
2025-11-26 03:55:00,245.85,246.5,245.69,246.37,137451
2025-11-26 04:00:00,246.38,247.8,246.34,247.74,192383
2025-11-26 04:05:00,247.8,248.47,247.74,248.17,259269
2025-11-26 04:10:00,248.17,248.84,247.85,248.3,147700
2025-11-26 04:15:00,248.63,248.98,248.37,248.8,204981
2025-11-26 04:20:00,248.8,249.26,248.8,248.96,203571
2025-11-26 04:25:00,248.96,248.97,248.0,248.05,109794
2025-11-26 04:30:00,248.05,248.18,247.88,248.16,74083
2025-11-26 04:35:00,248.16,248.47,248.11,248.22,85242
2025-11-26 04:40:00,248.21,248.22,247.86,247.91,72447
2025-11-26 04:45:00,247.91,248.12,247.79,248.12,73442
2025-11-26 04:50:00,248.12,248.14,247.9,247.99,40812
2025-11-26 04:55:00,247.99,248.08,247.67,247.74,49725
2025-11-26 05:00:00,247.7,247.77,247.65,247.7,40157
2025-11-26 05:05:00,247.7,247.8,247.47,247.49,52546
2025-11-26 05:10:00,247.46,247.94,247.44,247.64,77019
2025-11-26 05:15:00,247.55,247.78,247.35,247.35,47109
2025-11-26 05:20:00,247.37,247.38,247.1,247.19,44477
2025-11-26 05:25:00,247.2,247.3,247.05,247.15,44766
2025-11-26 05:30:00,247.19,247.28,247.15,247.22,40796
2025-11-26 05:35:00,247.22,247.41,247.19,247.3,43603
2025-11-26 05:40:00,247.3,247.69,247.26,247.52,54502
2025-11-26 05:45:00,247.53,248.0,247.5,247.87,76283
2025-11-26 05:50:00,247.87,247.87,247.5,247.65,56688
2025-11-26 05:55:00,247.64,247.8,247.53,247.75,34811
2025-11-26 06:00:00,247.79,247.91,247.61,247.61,40542
2025-11-26 06:05:00,247.62,247.67,247.53,247.56,21622
2025-11-26 06:10:00,247.55,247.57,247.33,247.33,36420
2025-11-26 06:15:00,247.36,247.61,247.29,247.47,54310
2025-11-26 06:20:00,247.51,247.59,247.44,247.49,33785
2025-11-26 06:25:00,247.54,247.67,247.25,247.37,38595
2025-11-26 06:30:00,247.44,248.35,247.36,248.16,67086
2025-11-26 06:35:00,248.15,248.15,247.93,248.04,32233
2025-11-26 06:40:00,248.1,248.2,247.99,248.11,27022
2025-11-26 06:45:00,248.11,248.11,247.99,248.04,36128
2025-11-26 06:50:00,248.04,248.25,247.94,248.06,78191
2025-11-26 06:55:00,248.06,248.24,248.0,248.14,37961
2025-11-26 07:00:00,248.14,248.2,248.04,248.2,34391
2025-11-26 07:05:00,248.2,248.5,248.16,248.5,75523
2025-11-26 07:10:00,248.49,249.22,248.43,249.2,281497
2025-11-26 07:15:00,249.22,249.26,249.0,249.04,128524
2025-11-26 07:20:00,249.14,249.74,248.99,249.44,188098
2025-11-26 07:25:00,249.49,249.9,249.43,249.79,209562
2025-11-26 07:30:00,249.79,249.79,249.1,249.39,97641
2025-11-26 07:35:00,249.39,249.56,249.3,249.4,69303
2025-11-26 07:40:00,249.41,249.49,249.27,249.28,62608
2025-11-26 07:45:00,249.3,249.63,249.27,249.5,100835
2025-11-26 07:50:00,249.54,249.57,249.35,249.42,95659
2025-11-26 07:55:00,249.46,249.56,249.32,249.36,150799
2025-11-26 08:00:00,249.44,249.65,249.0,249.51,118317
2025-11-26 08:05:00,249.51,249.57,249.32,249.54,74481
2025-11-26 08:10:00,249.54,249.54,249.12,249.25,77780
2025-11-26 08:15:00,249.25,249.4,249.19,249.37,65929
2025-11-26 08:20:00,249.37,249.63,249.28,249.55,90878
2025-11-26 08:25:00,249.6,250.11,249.55,250.1,367358
2025-11-26 08:30:00,250.11,250.55,250.05,250.05,204504
2025-11-26 08:35:00,250.1,250.1,249.86,250.0,98463
2025-11-26 08:40:00,249.96,250.2,249.9,250.07,106536
2025-11-26 08:45:00,250.08,250.19,250.0,250.03,84040
2025-11-26 08:50:00,250.03,250.05,249.82,250.0,108864
2025-11-26 08:55:00,250.0,250.01,249.62,249.69,136144
2025-11-26 09:00:00,249.69,249.78,249.5,249.66,58368
2025-11-26 09:05:00,249.66,249.7,249.49,249.59,65081
2025-11-26 09:10:00,249.58,249.9,249.52,249.71,108619
2025-11-26 09:15:00,249.71,249.71,249.5,249.51,115506
2025-11-26 09:20:00,249.51,249.84,249.44,249.75,98686
2025-11-26 09:25:00,249.75,249.88,249.59,249.83,50943
2025-11-26 09:30:00,250.01,250.44,249.96,250.4,233276
2025-11-26 09:35:00,250.34,250.48,250.23,250.33,123780
2025-11-26 09:40:00,250.24,250.3,250.09,250.14,165895
2025-11-26 09:45:00,250.13,250.13,250.01,250.09,228785
2025-11-26 09:50:00,250.07,250.3,249.99,250.25,403280
2025-11-26 09:55:00,250.24,250.4,250.11,250.11,328255
2025-11-27 03:45:00,250.4,250.97,249.23,250.25,410026
2025-11-27 03:50:00,250.08,250.84,249.7,250.58,219874
2025-11-27 03:55:00,250.59,250.65,250.08,250.44,123522
2025-11-27 04:00:00,250.44,250.5,250.0,250.02,74111
2025-11-27 04:05:00,250.0,250.39,249.8,249.8,142938
2025-11-27 04:10:00,249.8,249.9,249.5,249.81,98211
2025-11-27 04:15:00,249.81,250.2,249.68,249.96,73014
2025-11-27 04:20:00,249.99,249.99,249.63,249.82,41149
2025-11-27 04:25:00,249.84,251.15,249.82,251.1,328622
2025-11-27 04:30:00,251.12,251.92,251.04,251.47,231157
2025-11-27 04:35:00,251.46,251.6,251.1,251.3,94208
2025-11-27 04:40:00,251.29,251.33,250.58,250.88,108881
2025-11-27 04:45:00,250.8,250.87,250.5,250.54,61997
2025-11-27 04:50:00,250.5,250.65,250.23,250.24,91073
2025-11-27 04:55:00,250.33,250.61,250.03,250.54,67620
2025-11-27 05:00:00,250.54,250.69,250.39,250.46,33381
2025-11-27 05:05:00,250.57,250.57,250.18,250.3,59023
2025-11-27 05:10:00,250.3,250.36,250.1,250.11,57380
2025-11-27 05:15:00,250.11,250.42,250.11,250.36,64131
2025-11-27 05:20:00,250.46,250.46,249.88,249.88,74272
2025-11-27 05:25:00,249.94,249.99,249.83,249.91,46236
2025-11-27 05:30:00,249.98,250.27,249.95,250.14,31916
2025-11-27 05:35:00,250.15,250.46,250.11,250.35,40505
2025-11-27 05:40:00,250.35,250.35,250.01,250.14,23044
2025-11-27 05:45:00,250.14,250.2,249.85,249.89,26798
2025-11-27 05:50:00,249.89,249.89,249.52,249.72,65236
2025-11-27 05:55:00,249.76,249.77,249.54,249.6,28869
2025-11-27 06:00:00,249.61,249.61,249.32,249.38,54407
2025-11-27 06:05:00,249.38,249.51,249.21,249.29,64893
2025-11-27 06:10:00,249.29,249.61,249.29,249.36,42376
2025-11-27 06:15:00,249.36,249.41,249.07,249.11,36017
2025-11-27 06:20:00,249.1,249.2,249.01,249.07,25290
2025-11-27 06:25:00,249.07,249.24,249.04,249.1,17312
2025-11-27 06:30:00,249.06,249.27,249.05,249.1,15626
2025-11-27 06:35:00,249.12,249.12,248.8,248.88,58715
2025-11-27 06:40:00,248.93,249.09,248.8,248.92,24399
2025-11-27 06:45:00,248.92,249.06,248.8,248.97,32459
2025-11-27 06:50:00,249.01,249.01,248.5,248.63,42742
2025-11-27 06:55:00,248.63,248.84,248.62,248.71,18576
2025-11-27 07:00:00,248.79,248.85,248.66,248.66,20616
2025-11-27 07:05:00,248.68,248.7,248.43,248.54,32044
2025-11-27 07:10:00,248.54,248.75,248.5,248.65,25762
2025-11-27 07:15:00,248.75,248.97,248.61,248.94,24032
2025-11-27 07:20:00,248.91,248.95,248.65,248.86,66244
2025-11-27 07:25:00,248.95,248.95,248.6,248.66,108968
2025-11-27 07:30:00,248.72,248.72,248.41,248.42,25683
2025-11-27 07:35:00,248.5,248.5,248.41,248.44,12576
2025-11-27 07:40:00,248.44,248.44,248.08,248.19,47349
2025-11-27 07:45:00,248.19,248.19,248.05,248.1,27673
2025-11-27 07:50:00,248.1,248.18,247.71,247.88,58785
2025-11-27 07:55:00,247.88,248.03,247.69,247.96,29580
2025-11-27 08:00:00,247.96,248.17,247.72,247.94,36654
2025-11-27 08:05:00,247.99,248.02,247.79,247.91,51236
2025-11-27 08:10:00,247.92,248.07,247.9,248.0,20065
2025-11-27 08:15:00,248.03,248.17,247.92,248.07,51305
2025-11-27 08:20:00,248.07,248.35,248.01,248.23,56035
2025-11-27 08:25:00,248.26,248.45,248.1,248.4,41093
2025-11-27 08:30:00,248.4,248.47,248.2,248.35,30556
2025-11-27 08:35:00,248.37,248.37,248.23,248.3,10439
2025-11-27 08:40:00,248.25,248.35,248.19,248.2,30484
2025-11-27 08:45:00,248.25,248.65,248.2,248.63,51939
2025-11-27 08:50:00,248.61,249.12,248.51,248.94,105647
2025-11-27 08:55:00,248.99,249.1,248.76,248.85,19817
2025-11-27 09:00:00,248.85,248.99,248.71,248.89,85092
2025-11-27 09:05:00,248.89,248.98,248.82,248.92,21356
2025-11-27 09:10:00,248.92,249.06,248.85,249.0,94621
2025-11-27 09:15:00,249.06,249.06,248.83,248.92,32999
2025-11-27 09:20:00,248.92,248.95,248.74,248.95,43768
2025-11-27 09:25:00,248.95,249.39,248.9,249.0,78182
2025-11-27 09:30:00,249.11,249.6,249.04,249.58,74649
2025-11-27 09:35:00,249.57,249.76,249.46,249.65,76910
2025-11-27 09:40:00,249.69,249.75,249.52,249.63,69887
2025-11-27 09:45:00,249.64,249.85,249.55,249.74,173178
2025-11-27 09:50:00,249.74,249.8,249.26,249.44,148134
2025-11-27 09:55:00,249.44,249.78,249.11,249.5,144285
2025-11-28 03:45:00,251.0,251.99,250.12,250.91,606257
2025-11-28 03:50:00,250.9,251.4,250.02,250.1,244456
2025-11-28 03:55:00,250.02,250.12,249.5,249.58,145969
2025-11-28 04:00:00,249.65,250.33,249.57,250.08,77643
2025-11-28 04:05:00,250.01,250.06,249.32,249.5,113036
2025-11-28 04:10:00,249.45,249.86,249.43,249.79,81634
2025-11-28 04:15:00,249.79,250.89,249.7,250.58,170378
2025-11-28 04:20:00,250.7,250.7,250.47,250.6,71331
2025-11-28 04:25:00,250.6,250.7,250.33,250.33,56585
2025-11-28 04:30:00,250.4,250.9,250.26,250.46,177382
2025-11-28 04:35:00,250.46,250.63,250.4,250.46,38911
2025-11-28 04:40:00,250.41,250.58,250.16,250.25,131149
2025-11-28 04:45:00,250.2,250.39,249.71,249.79,126616
2025-11-28 04:50:00,249.79,249.8,249.5,249.62,57758
2025-11-28 04:55:00,249.61,249.9,249.52,249.82,47765
2025-11-28 05:00:00,249.83,250.0,249.7,249.78,37823
2025-11-28 05:05:00,249.75,250.14,249.75,250.12,49834
2025-11-28 05:10:00,250.11,250.22,249.91,250.11,46501
2025-11-28 05:15:00,250.11,250.3,250.0,250.15,45153
2025-11-28 05:20:00,250.15,250.16,249.8,250.0,32938
2025-11-28 05:25:00,250.0,250.0,249.62,249.76,39232
2025-11-28 05:30:00,249.76,249.99,249.64,249.64,27949
2025-11-28 05:35:00,249.64,249.84,249.6,249.61,39688
2025-11-28 05:40:00,249.62,250.0,249.6,249.99,52895
2025-11-28 05:45:00,249.99,250.18,249.85,249.9,34078
2025-11-28 05:50:00,249.97,250.07,249.62,249.8,46442
2025-11-28 05:55:00,249.73,250.0,249.73,249.98,633183
2025-11-28 06:00:00,250.03,250.15,250.0,250.03,27526
2025-11-28 06:05:00,250.03,250.15,249.85,250.0,34066
2025-11-28 06:10:00,249.96,250.24,249.9,250.19,41369
2025-11-28 06:15:00,250.15,250.22,250.05,250.18,42925
2025-11-28 06:20:00,250.18,250.18,249.99,250.08,40454
2025-11-28 06:25:00,250.04,250.19,250.0,250.04,21321
2025-11-28 06:30:00,250.01,250.1,250.0,250.0,65640
2025-11-28 06:35:00,250.0,250.2,250.0,250.19,45113
2025-11-28 06:40:00,250.2,250.4,250.1,250.32,32983
2025-11-28 06:45:00,250.32,250.32,250.0,250.05,20827
2025-11-28 06:50:00,250.0,250.09,250.0,250.01,31190
2025-11-28 06:55:00,250.04,250.28,250.0,250.25,21739
2025-11-28 07:00:00,250.25,250.31,250.07,250.18,76575
2025-11-28 07:05:00,250.23,250.28,250.1,250.1,28238
2025-11-28 07:10:00,250.13,250.4,250.01,250.25,35862
2025-11-28 07:15:00,250.25,250.25,249.41,249.45,55961
2025-11-28 07:20:00,249.45,250.0,249.42,249.99,78047
2025-11-28 07:25:00,249.95,250.05,249.57,249.76,47499
2025-11-28 07:30:00,249.76,249.76,249.06,249.43,106036
2025-11-28 07:35:00,249.43,249.47,248.9,248.95,90078
2025-11-28 07:40:00,248.95,249.0,248.6,248.99,81085
2025-11-28 07:45:00,248.93,249.62,248.73,248.84,78129
2025-11-28 07:50:00,248.84,248.95,248.62,248.76,34616
2025-11-28 07:55:00,248.76,248.95,248.61,248.95,38082
2025-11-28 08:00:00,248.95,249.39,248.95,249.09,30226
2025-11-28 08:05:00,249.09,249.24,249.05,249.23,26003
2025-11-28 08:10:00,249.23,249.35,249.11,249.27,26002
2025-11-28 08:15:00,249.27,249.39,249.11,249.25,38782
2025-11-28 08:20:00,249.24,249.38,249.05,249.2,26437
2025-11-28 08:25:00,249.2,249.35,249.14,249.26,34351
2025-11-28 08:30:00,249.34,249.67,249.26,249.58,40639
2025-11-28 08:35:00,249.52,249.58,249.33,249.4,20438
2025-11-28 08:40:00,249.45,249.55,249.28,249.49,38051
2025-11-28 08:45:00,249.46,249.56,249.29,249.37,37119
2025-11-28 08:50:00,249.39,249.45,249.11,249.16,54084
2025-11-28 08:55:00,249.19,250.05,249.1,250.02,155942
2025-11-28 09:00:00,250.02,250.1,249.86,249.88,104030
2025-11-28 09:05:00,249.97,250.02,249.82,250.01,90319
2025-11-28 09:10:00,250.0,250.01,249.86,249.86,111040
2025-11-28 09:15:00,249.96,249.97,249.62,249.7,129924
2025-11-28 09:20:00,249.7,249.92,249.66,249.73,111365
2025-11-28 09:25:00,249.71,249.89,249.66,249.81,109996
2025-11-28 09:30:00,249.81,249.85,249.5,249.67,237677
2025-11-28 09:35:00,249.71,249.9,249.53,249.53,224939
2025-11-28 09:40:00,249.53,249.69,249.34,249.42,226177
2025-11-28 09:45:00,249.43,249.7,249.42,249.65,252624
2025-11-28 09:50:00,249.65,249.65,248.83,249.26,284140
2025-11-28 09:55:00,249.26,249.6,248.94,248.94,178255
2025-12-01 03:45:00,250.1,250.72,248.86,250.05,199677
2025-12-01 03:50:00,250.18,250.45,249.87,250.43,70158
2025-12-01 03:55:00,250.4,250.45,249.71,249.81,50826
2025-12-01 04:00:00,249.9,250.07,249.6,249.6,41183
2025-12-01 04:05:00,249.7,249.94,249.61,249.87,44603
2025-12-01 04:10:00,249.85,249.9,249.4,249.8,68532
2025-12-01 04:15:00,249.76,249.95,249.72,249.89,33090
2025-12-01 04:20:00,249.82,249.89,249.58,249.63,25219
2025-12-01 04:25:00,249.63,249.7,249.3,249.39,33220
2025-12-01 04:30:00,249.38,249.9,249.26,249.85,49480
2025-12-01 04:35:00,249.85,250.2,249.75,250.2,75610
2025-12-01 04:40:00,250.17,250.2,249.95,250.2,37551
2025-12-01 04:45:00,250.2,250.27,249.83,250.27,46322
2025-12-01 04:50:00,250.27,250.27,250.05,250.15,14937
2025-12-01 04:55:00,250.15,250.15,250.0,250.06,19173
2025-12-01 05:00:00,250.06,250.07,249.84,250.0,18061
2025-12-01 05:05:00,250.0,250.05,249.59,249.71,27262
2025-12-01 05:10:00,249.71,249.71,249.55,249.62,17830
2025-12-01 05:15:00,249.62,249.66,249.5,249.66,16615
2025-12-01 05:20:00,249.68,249.84,249.64,249.7,22263
2025-12-01 05:25:00,249.7,249.9,249.5,249.5,32687
2025-12-01 05:30:00,249.58,249.63,249.36,249.49,18830
2025-12-01 05:35:00,249.49,249.68,249.41,249.5,12080
2025-12-01 05:40:00,249.52,249.64,249.4,249.64,26184
2025-12-01 05:45:00,249.64,249.8,249.54,249.54,12598
2025-12-01 05:50:00,249.65,249.67,249.37,249.37,18275
2025-12-01 05:55:00,249.45,249.55,249.26,249.5,20805
2025-12-01 06:00:00,249.55,249.6,249.4,249.49,12109
2025-12-01 06:05:00,249.49,249.65,249.4,249.63,19668
2025-12-01 06:10:00,249.63,249.8,249.45,249.54,19918
2025-12-01 06:15:00,249.54,249.6,249.35,249.53,24828
2025-12-01 06:20:00,249.5,249.67,249.36,249.57,27395
2025-12-01 06:25:00,249.55,249.68,249.46,249.6,35820
2025-12-01 06:30:00,249.57,250.1,249.57,249.84,75511
2025-12-01 06:35:00,249.84,249.89,249.65,249.75,18291
2025-12-01 06:40:00,249.8,249.92,249.65,249.77,20268
2025-12-01 06:45:00,249.75,250.17,249.71,250.01,56240
2025-12-01 06:50:00,250.1,250.14,249.83,249.98,20818
2025-12-01 06:55:00,249.99,250.09,249.85,249.98,36442
2025-12-01 07:00:00,249.98,250.0,249.7,249.78,21491
2025-12-01 07:05:00,249.78,249.85,249.7,249.77,16121
2025-12-01 07:10:00,249.77,249.95,249.65,249.94,21373
2025-12-01 07:15:00,249.94,249.94,249.5,249.63,23803
2025-12-01 07:20:00,249.63,249.72,249.52,249.7,15477
2025-12-01 07:25:00,249.7,249.7,249.42,249.66,23720
2025-12-01 07:30:00,249.65,249.65,249.4,249.6,30036
2025-12-01 07:35:00,249.59,250.15,249.55,250.04,43691
2025-12-01 07:40:00,250.04,250.08,249.78,249.97,39330
2025-12-01 07:45:00,249.96,250.2,249.87,250.2,38452
2025-12-01 07:50:00,250.2,250.2,249.76,249.87,16823
2025-12-01 07:55:00,249.87,250.03,249.75,249.92,31234
2025-12-01 08:00:00,249.8,250.06,249.7,250.0,28848
2025-12-01 08:05:00,250.02,250.35,249.99,250.33,70269
2025-12-01 08:10:00,250.33,250.75,250.22,250.74,116050
2025-12-01 08:15:00,250.74,250.75,250.45,250.7,49008
2025-12-01 08:20:00,250.69,250.72,250.51,250.68,37264
2025-12-01 08:25:00,250.68,250.68,250.39,250.53,28707
2025-12-01 08:30:00,250.53,250.57,250.4,250.55,83057
2025-12-01 08:35:00,250.55,250.74,250.26,250.26,51322
2025-12-01 08:40:00,250.36,250.49,250.25,250.42,22365
2025-12-01 08:45:00,250.52,250.55,250.36,250.42,27215
2025-12-01 08:50:00,250.42,250.53,250.4,250.49,21935
2025-12-01 08:55:00,250.49,250.5,250.37,250.38,32137
2025-12-01 09:00:00,250.47,250.55,250.4,250.52,28995
2025-12-01 09:05:00,250.52,250.52,250.3,250.38,33253
2025-12-01 09:10:00,250.42,250.42,250.29,250.29,25191
2025-12-01 09:15:00,250.29,250.49,250.28,250.39,37716
2025-12-01 09:20:00,250.3,250.42,250.05,250.1,76308
2025-12-01 09:25:00,250.15,250.28,250.0,250.15,104654
2025-12-01 09:30:00,250.15,250.6,250.06,250.6,232786
2025-12-01 09:35:00,250.6,250.72,250.57,250.58,129146
2025-12-01 09:40:00,250.56,250.58,250.29,250.38,191670
2025-12-01 09:45:00,250.38,250.4,250.0,250.25,201792
2025-12-01 09:50:00,250.24,250.24,249.99,250.1,283634
2025-12-01 09:55:00,250.1,250.28,249.9,250.01,177034
2025-12-02 03:45:00,250.0,251.45,249.7,250.43,269316
2025-12-02 03:50:00,250.5,250.56,250.14,250.43,184166
2025-12-02 03:55:00,250.38,250.56,250.19,250.28,129684
2025-12-02 04:00:00,250.28,250.5,250.11,250.43,103736
2025-12-02 04:05:00,250.41,250.41,249.84,249.93,332752
2025-12-02 04:10:00,249.93,250.0,248.87,249.94,394488
2025-12-02 04:15:00,249.94,249.94,249.33,249.38,122207
2025-12-02 04:20:00,249.43,249.62,249.33,249.34,125546
2025-12-02 04:25:00,249.34,249.65,249.25,249.29,151986
2025-12-02 04:30:00,249.37,249.89,249.33,249.8,131387
2025-12-02 04:35:00,249.73,249.73,249.5,249.62,58367
2025-12-02 04:40:00,249.56,249.73,249.43,249.54,63309
2025-12-02 04:45:00,249.54,249.8,249.36,249.74,83099
2025-12-02 04:50:00,249.79,249.99,249.76,249.76,67354
2025-12-02 04:55:00,249.78,249.79,249.46,249.55,62645
2025-12-02 05:00:00,249.57,249.87,249.44,249.81,81765
2025-12-02 05:05:00,249.81,250.15,249.77,249.95,118215
2025-12-02 05:10:00,249.95,250.11,249.57,249.59,85457
2025-12-02 05:15:00,249.59,249.65,249.36,249.45,144503
2025-12-02 05:20:00,249.49,249.74,249.43,249.47,88383
2025-12-02 05:25:00,249.46,249.54,249.4,249.54,85405
2025-12-02 05:30:00,249.53,249.71,249.31,249.71,71128
2025-12-02 05:35:00,249.71,249.8,249.64,249.75,86440
2025-12-02 05:40:00,249.75,249.78,249.51,249.56,47658
2025-12-02 05:45:00,249.56,249.59,249.2,249.45,87567
2025-12-02 05:50:00,249.44,249.53,249.32,249.52,63844
2025-12-02 05:55:00,249.52,249.62,249.38,249.39,66981
2025-12-02 06:00:00,249.39,250.0,249.38,249.51,96886
2025-12-02 06:05:00,249.51,249.73,249.46,249.7,62076
2025-12-02 06:10:00,249.7,249.7,249.5,249.67,54107
2025-12-02 06:15:00,249.67,249.79,249.6,249.79,61359
2025-12-02 06:20:00,249.79,249.79,249.6,249.7,57248
2025-12-02 06:25:00,249.7,250.17,249.7,250.05,72617
2025-12-02 06:30:00,250.12,250.27,249.93,250.14,111962
2025-12-02 06:35:00,250.14,250.18,249.85,250.12,79570
2025-12-02 06:40:00,250.14,250.28,250.03,250.19,90211
2025-12-02 06:45:00,250.19,250.57,250.15,250.28,122758
2025-12-02 06:50:00,250.28,250.28,250.03,250.19,102639
2025-12-02 06:55:00,250.2,250.21,250.01,250.08,77269
2025-12-02 07:00:00,250.08,250.25,250.0,250.2,122814
2025-12-02 07:05:00,250.22,250.31,250.01,250.22,98262
2025-12-02 07:10:00,250.22,250.27,250.03,250.1,39821
2025-12-02 07:15:00,250.1,250.3,250.01,250.13,125026
2025-12-02 07:20:00,250.18,250.19,249.99,249.99,53592
2025-12-02 07:25:00,250.0,250.01,249.93,250.0,129078
2025-12-02 07:30:00,250.01,250.06,249.92,250.01,64843
2025-12-02 07:35:00,250.04,250.3,249.91,250.3,90111
2025-12-02 07:40:00,250.3,250.3,250.1,250.11,36303
2025-12-02 07:45:00,250.11,250.14,250.0,250.05,42188
2025-12-02 07:50:00,250.05,250.18,250.0,250.16,48145
2025-12-02 07:55:00,250.17,250.18,249.95,250.0,72212
2025-12-02 08:00:00,250.01,250.12,249.89,250.08,97400
2025-12-02 08:05:00,250.1,250.1,249.9,250.03,269280
2025-12-02 08:10:00,250.03,250.07,249.91,250.01,33372
2025-12-02 08:15:00,250.01,250.2,249.92,250.19,60201
2025-12-02 08:20:00,250.19,250.24,250.12,250.13,45824
2025-12-02 08:25:00,250.13,250.41,250.0,250.32,71384
2025-12-02 08:30:00,250.33,250.33,250.15,250.3,54903
2025-12-02 08:35:00,250.3,250.44,250.07,250.44,115377
2025-12-02 08:40:00,250.44,250.45,249.92,250.0,65902
2025-12-02 08:45:00,250.01,250.02,249.9,250.01,58999
2025-12-02 08:50:00,250.01,250.01,249.91,249.94,65646
2025-12-02 08:55:00,249.94,250.15,249.94,250.0,111836
2025-12-02 09:00:00,250.02,250.09,249.93,250.09,59746
2025-12-02 09:05:00,250.14,250.14,249.87,249.87,197327
2025-12-02 09:10:00,249.9,250.04,249.84,249.84,101045
2025-12-02 09:15:00,249.84,250.0,249.77,249.9,101209
2025-12-02 09:20:00,249.95,249.99,249.7,249.7,130382
2025-12-02 09:25:00,249.73,249.79,249.41,249.68,115074
2025-12-02 09:30:00,249.66,250.05,249.66,250.01,363519
2025-12-02 09:35:00,250.02,250.38,250.01,250.34,201087
2025-12-02 09:40:00,250.36,250.38,250.2,250.2,192790
2025-12-02 09:45:00,250.24,250.3,250.1,250.12,284551
2025-12-02 09:50:00,250.12,250.34,250.1,250.19,289495
2025-12-02 09:55:00,250.2,250.76,250.19,250.6,202987
2025-12-03 03:45:00,250.6,252.88,250.55,252.4,403600
2025-12-03 03:50:00,252.4,253.45,251.9,253.18,543286
2025-12-03 03:55:00,253.17,253.89,252.85,253.89,425146
2025-12-03 04:00:00,253.8,254.0,252.31,252.63,295971
2025-12-03 04:05:00,252.63,253.2,252.45,253.02,171359
2025-12-03 04:10:00,252.91,253.01,252.42,252.66,97533
2025-12-03 04:15:00,252.62,252.7,252.31,252.42,89202
2025-12-03 04:20:00,252.49,253.1,252.1,253.01,131473
2025-12-03 04:25:00,252.98,253.9,252.98,253.75,284985
2025-12-03 04:30:00,253.8,253.8,253.48,253.71,177511
2025-12-03 04:35:00,253.71,254.57,253.46,254.53,690295
2025-12-03 04:40:00,254.49,255.2,254.14,254.9,559003
2025-12-03 04:45:00,254.9,254.95,254.13,254.49,227896
2025-12-03 04:50:00,254.42,255.13,254.31,254.81,246649
2025-12-03 04:55:00,254.8,255.55,254.75,255.0,303346
2025-12-03 05:00:00,255.02,255.12,254.7,254.78,185178
2025-12-03 05:05:00,254.78,255.15,254.7,255.0,179240
2025-12-03 05:10:00,255.09,255.1,254.8,255.01,415052
2025-12-03 05:15:00,255.0,255.1,254.92,255.0,232468
2025-12-03 05:20:00,255.01,255.2,255.0,255.14,204018
2025-12-03 05:25:00,255.1,256.07,255.02,256.0,594773
2025-12-03 05:30:00,256.09,256.75,255.96,256.5,703288
2025-12-03 05:35:00,256.51,256.65,256.2,256.32,425988
2025-12-03 05:40:00,256.3,256.71,256.21,256.52,246559
2025-12-03 05:45:00,256.53,256.86,256.23,256.31,344533
2025-12-03 05:50:00,256.31,256.35,255.46,255.57,417341
2025-12-03 05:55:00,255.5,255.78,255.02,255.47,316152
2025-12-03 06:00:00,255.48,255.65,255.41,255.53,94838
2025-12-03 06:05:00,255.53,255.62,255.2,255.45,117491
2025-12-03 06:10:00,255.45,256.29,255.29,256.23,279485
2025-12-03 06:15:00,256.23,256.29,255.97,256.07,107374
2025-12-03 06:20:00,256.07,256.87,256.0,256.75,199795
2025-12-03 06:25:00,256.8,256.8,256.62,256.75,234583
2025-12-03 06:30:00,256.76,256.8,256.62,256.75,350173
2025-12-03 06:35:00,256.77,256.82,256.3,256.44,410209
2025-12-03 06:40:00,256.35,256.65,256.2,256.62,151165
2025-12-03 06:45:00,256.6,256.64,256.29,256.55,107270
2025-12-03 06:50:00,256.6,257.13,256.5,256.94,380961
2025-12-03 06:55:00,256.94,256.95,256.47,256.77,104440
2025-12-03 07:00:00,256.77,256.78,255.5,255.64,341065
2025-12-03 07:05:00,255.63,255.71,255.23,255.3,237026
2025-12-03 07:10:00,255.32,255.54,255.0,255.2,162057
2025-12-03 07:15:00,255.2,255.5,255.11,255.45,88997
2025-12-03 07:20:00,255.45,255.47,255.15,255.3,84556
2025-12-03 07:25:00,255.3,255.45,254.95,255.4,127500
2025-12-03 07:30:00,255.45,255.5,255.25,255.36,50326
2025-12-03 07:35:00,255.4,255.48,255.2,255.44,49698
2025-12-03 07:40:00,255.44,255.45,255.05,255.22,70814
2025-12-03 07:45:00,255.25,255.37,254.97,255.02,68000
2025-12-03 07:50:00,255.06,255.1,254.99,255.0,57161
2025-12-03 07:55:00,255.05,255.12,254.93,255.0,73724
2025-12-03 08:00:00,255.0,255.35,254.9,255.32,79445
2025-12-03 08:05:00,255.32,255.35,255.01,255.23,68005
2025-12-03 08:10:00,255.23,255.4,255.06,255.18,71401
2025-12-03 08:15:00,255.2,255.28,254.89,255.04,80439
2025-12-03 08:20:00,255.0,255.08,254.82,255.0,102102
2025-12-03 08:25:00,255.0,255.0,254.84,254.94,77821
2025-12-03 08:30:00,254.94,254.95,254.7,254.95,114394
2025-12-03 08:35:00,254.95,255.25,254.94,255.11,133507
2025-12-03 08:40:00,255.11,255.37,255.0,255.34,67200
2025-12-03 08:45:00,255.34,255.4,255.2,255.25,55611
2025-12-03 08:50:00,255.21,255.25,254.86,255.01,136901
2025-12-03 08:55:00,255.0,255.02,254.8,254.95,216307
2025-12-03 09:00:00,254.98,255.1,254.91,255.08,236432
2025-12-03 09:05:00,255.05,255.12,255.01,255.03,43504
2025-12-03 09:10:00,255.03,255.03,254.92,254.92,101327
2025-12-03 09:15:00,254.92,254.93,254.81,254.85,76743
2025-12-03 09:20:00,254.84,254.85,254.63,254.75,162512
2025-12-03 09:25:00,254.68,254.88,254.68,254.86,85774
2025-12-03 09:30:00,254.86,254.99,254.8,254.91,301085
2025-12-03 09:35:00,254.93,255.0,254.91,254.99,241157
2025-12-03 09:40:00,254.98,255.01,254.83,254.87,454281
2025-12-03 09:45:00,254.87,254.91,254.48,254.52,532284
2025-12-03 09:50:00,254.52,254.7,254.33,254.49,572286
2025-12-03 09:55:00,254.49,254.5,254.04,254.1,335184
2025-12-04 03:45:00,256.0,257.4,255.5,256.8,698670
2025-12-04 03:50:00,256.74,257.32,256.01,256.24,391843
2025-12-04 03:55:00,256.24,256.8,256.05,256.44,214363
2025-12-04 04:00:00,256.49,256.56,256.24,256.25,93191
2025-12-04 04:05:00,256.3,256.39,255.85,256.04,185368
2025-12-04 04:10:00,256.07,256.21,255.71,256.21,109032
2025-12-04 04:15:00,256.24,257.6,256.18,257.1,421405
2025-12-04 04:20:00,257.13,257.68,257.0,257.6,270881
2025-12-04 04:25:00,257.68,257.98,257.5,257.87,308805
2025-12-04 04:30:00,258.03,258.2,257.71,258.1,446769
2025-12-04 04:35:00,258.1,258.15,258.1,258.1,164874
2025-12-04 04:40:00,258.12,258.5,258.07,258.36,265083
2025-12-04 04:45:00,258.36,258.8,258.35,258.52,363225
2025-12-04 04:50:00,258.5,258.55,258.11,258.12,534236
2025-12-04 04:55:00,258.2,258.2,257.21,257.3,316790
2025-12-04 05:00:00,257.3,257.45,257.02,257.1,158249
2025-12-04 05:05:00,257.0,257.32,256.66,256.75,172268
2025-12-04 05:10:00,256.8,257.12,256.72,257.04,69883
2025-12-04 05:15:00,257.04,257.15,256.7,256.83,124435
2025-12-04 05:20:00,256.88,256.98,256.74,256.74,60031
2025-12-04 05:25:00,256.74,256.92,256.65,256.79,69599
2025-12-04 05:30:00,256.9,256.98,256.54,256.73,78489
2025-12-04 05:35:00,256.73,257.2,256.68,257.1,87299
2025-12-04 05:40:00,257.14,257.71,257.01,257.69,122972
2025-12-04 05:45:00,257.69,257.8,257.5,257.59,59306
2025-12-04 05:50:00,257.56,258.25,257.41,258.22,233032
2025-12-04 05:55:00,258.14,258.25,258.0,258.11,87482
2025-12-04 06:00:00,258.12,258.13,258.0,258.08,89629
2025-12-04 06:05:00,258.1,258.1,257.27,257.45,214941
2025-12-04 06:10:00,257.45,257.45,257.01,257.08,69300
2025-12-04 06:15:00,257.05,257.36,257.05,257.36,39403
2025-12-04 06:20:00,257.28,257.34,257.14,257.23,45274
2025-12-04 06:25:00,257.15,257.4,257.15,257.3,43888
2025-12-04 06:30:00,257.3,257.49,257.26,257.45,29524
2025-12-04 06:35:00,257.45,257.46,257.1,257.3,69328
2025-12-04 06:40:00,257.3,257.35,257.05,257.29,44490
2025-12-04 06:45:00,257.29,257.29,257.1,257.15,39291
2025-12-04 06:50:00,257.15,257.3,257.03,257.3,36349
2025-12-04 06:55:00,257.28,257.52,257.27,257.33,47670
2025-12-04 07:00:00,257.4,257.64,257.28,257.64,57120
2025-12-04 07:05:00,257.64,257.64,257.36,257.49,49888
2025-12-04 07:10:00,257.49,257.58,257.43,257.57,23801
2025-12-04 07:15:00,257.6,257.6,257.15,257.15,42707
2025-12-04 07:20:00,257.15,257.3,257.14,257.16,25565
2025-12-04 07:25:00,257.21,257.4,257.14,257.15,33426
2025-12-04 07:30:00,257.16,257.25,257.06,257.16,33287
2025-12-04 07:35:00,257.16,257.25,257.12,257.22,34959
2025-12-04 07:40:00,257.2,257.23,256.8,256.95,82777
2025-12-04 07:45:00,256.9,257.0,256.86,256.92,46206
2025-12-04 07:50:00,256.9,257.0,256.8,256.83,183930
2025-12-04 07:55:00,256.83,257.1,256.75,257.08,173996
2025-12-04 08:00:00,257.09,257.25,256.8,256.91,78077
2025-12-04 08:05:00,256.91,256.96,256.55,256.68,77963
2025-12-04 08:10:00,256.69,256.69,256.32,256.6,85063
2025-12-04 08:15:00,256.6,256.99,256.5,256.91,69466
2025-12-04 08:20:00,256.96,256.96,256.66,256.77,61134
2025-12-04 08:25:00,256.76,256.78,256.4,256.42,46909
2025-12-04 08:30:00,256.46,256.7,256.46,256.57,43448
2025-12-04 08:35:00,256.58,256.76,256.42,256.75,104156
2025-12-04 08:40:00,256.76,256.8,256.6,256.69,145115
2025-12-04 08:45:00,256.66,256.69,256.41,256.56,32843
2025-12-04 08:50:00,256.56,256.69,256.42,256.6,30599
2025-12-04 08:55:00,256.5,256.67,256.49,256.55,36402
2025-12-04 09:00:00,256.55,256.67,256.2,256.49,55835
2025-12-04 09:05:00,256.4,256.53,256.32,256.46,46723
2025-12-04 09:10:00,256.46,256.5,256.27,256.35,71488
2025-12-04 09:15:00,256.31,256.48,256.11,256.46,132239
2025-12-04 09:20:00,256.47,256.5,256.32,256.4,45768
2025-12-04 09:25:00,256.35,256.64,256.31,256.5,61643
2025-12-04 09:30:00,256.5,256.82,256.4,256.74,179000
2025-12-04 09:35:00,256.76,256.96,256.63,256.73,144088
2025-12-04 09:40:00,256.68,256.9,256.64,256.84,216005
2025-12-04 09:45:00,256.84,257.0,256.68,256.95,351070
2025-12-04 09:50:00,256.99,257.14,256.76,257.01,589595
2025-12-04 09:55:00,257.03,257.45,257.03,257.25,277551
2025-12-05 03:45:00,258.2,260.08,257.7,259.19,502576
2025-12-05 03:50:00,259.15,259.35,258.63,258.93,218696
2025-12-05 03:55:00,258.91,259.0,258.5,258.92,91706
2025-12-05 04:00:00,258.89,258.9,258.41,258.52,69480
2025-12-05 04:05:00,258.5,258.52,258.26,258.47,98299
2025-12-05 04:10:00,258.48,258.68,258.34,258.5,67850
2025-12-05 04:15:00,258.6,258.75,258.5,258.64,66618
2025-12-05 04:20:00,258.64,259.06,258.4,258.81,112380
2025-12-05 04:25:00,258.81,259.0,258.68,258.9,66567
2025-12-05 04:30:00,258.9,259.38,258.71,259.32,246225
2025-12-05 04:35:00,259.21,259.32,258.63,258.85,92355
2025-12-05 04:40:00,258.8,258.91,258.58,258.71,64319
2025-12-05 04:45:00,258.64,258.98,258.5,258.94,89871
2025-12-05 04:50:00,258.94,258.94,258.6,258.67,76344
2025-12-05 04:55:00,258.65,258.7,258.11,258.15,122806
2025-12-05 05:00:00,258.15,258.57,257.77,258.3,106217
2025-12-05 05:05:00,258.3,259.38,258.25,259.11,155179
2025-12-05 05:10:00,259.04,259.74,259.01,259.7,292350
2025-12-05 05:15:00,259.7,259.98,259.3,259.74,190853
2025-12-05 05:20:00,259.82,259.96,259.58,259.78,84120
2025-12-05 05:25:00,259.8,259.85,259.3,259.31,89565
2025-12-05 05:30:00,259.37,259.49,259.3,259.4,64760
2025-12-05 05:35:00,259.42,259.56,259.05,259.23,57675
2025-12-05 05:40:00,259.12,259.25,259.1,259.23,26409
2025-12-05 05:45:00,259.17,259.53,259.14,259.51,49591
2025-12-05 05:50:00,259.51,259.79,259.2,259.38,86444
2025-12-05 05:55:00,259.38,259.43,259.26,259.33,43250
2025-12-05 06:00:00,259.3,259.39,259.15,259.18,43081
2025-12-05 06:05:00,259.15,259.25,259.12,259.17,25437
2025-12-05 06:10:00,259.24,259.73,259.15,259.45,125455
2025-12-05 06:15:00,259.45,259.49,259.28,259.44,35244
2025-12-05 06:20:00,259.36,259.5,259.3,259.41,28289
2025-12-05 06:25:00,259.4,259.56,259.35,259.37,34464
2025-12-05 06:30:00,259.35,260.07,259.35,260.06,302917
2025-12-05 06:35:00,260.06,260.38,259.75,259.84,179580
2025-12-05 06:40:00,259.84,260.09,259.58,260.05,96784
2025-12-05 06:45:00,259.96,261.1,259.95,260.8,520341
2025-12-05 06:50:00,260.75,260.8,260.4,260.43,44710
2025-12-05 06:55:00,260.41,260.76,260.2,260.57,83001
2025-12-05 07:00:00,260.51,260.55,260.25,260.3,42180
2025-12-05 07:05:00,260.3,260.45,260.27,260.35,28886
2025-12-05 07:10:00,260.35,260.35,260.12,260.23,36315
2025-12-05 07:15:00,260.23,260.71,260.18,260.71,59543
2025-12-05 07:20:00,260.74,261.09,260.58,260.77,335009
2025-12-05 07:25:00,260.8,260.88,260.43,260.56,121070
2025-12-05 07:30:00,260.53,260.67,260.26,260.29,46131
2025-12-05 07:35:00,260.3,260.42,260.0,260.15,52653
2025-12-05 07:40:00,260.19,260.25,260.0,260.1,58122
2025-12-05 07:45:00,260.07,260.24,260.05,260.1,37751
2025-12-05 07:50:00,260.12,260.22,260.0,260.22,49138
2025-12-05 07:55:00,260.24,260.45,260.08,260.1,37986
2025-12-05 08:00:00,260.1,260.27,260.04,260.16,69142
2025-12-05 08:05:00,260.2,260.25,260.1,260.1,25311
2025-12-05 08:10:00,260.13,260.13,260.0,260.07,21703
2025-12-05 08:15:00,260.07,260.07,259.9,259.96,56363
2025-12-05 08:20:00,259.96,260.03,259.89,259.96,53399
2025-12-05 08:25:00,259.96,260.02,259.9,260.01,39360
2025-12-05 08:30:00,260.02,260.02,259.53,259.63,83005
2025-12-05 08:35:00,259.63,259.75,259.39,259.49,52098
2025-12-05 08:40:00,259.41,259.73,259.38,259.4,61041
2025-12-05 08:45:00,259.43,259.51,259.3,259.4,33926
2025-12-05 08:50:00,259.34,259.44,259.29,259.38,15692
2025-12-05 08:55:00,259.38,259.4,259.25,259.33,15854
2025-12-05 09:00:00,259.3,259.33,259.11,259.12,17960
2025-12-05 09:05:00,259.12,259.29,259.11,259.16,24888
2025-12-05 09:10:00,259.2,259.51,259.1,259.47,47392
2025-12-05 09:15:00,259.48,259.6,259.22,259.57,69229
2025-12-05 09:20:00,259.57,259.68,259.36,259.5,54214
2025-12-05 09:25:00,259.41,259.7,259.36,259.61,44821
2025-12-05 09:30:00,259.67,260.0,259.61,259.99,201151
2025-12-05 09:35:00,260.0,260.15,259.9,259.97,216841
2025-12-05 09:40:00,259.89,260.08,259.77,259.92,278393
2025-12-05 09:45:00,259.85,260.09,259.83,259.94,254131
2025-12-05 09:50:00,259.94,259.99,259.69,259.89,236434
2025-12-05 09:55:00,259.93,260.1,259.5,259.56,235212
2025-12-08 03:45:00,260.01,262.5,259.91,262.24,539055
2025-12-08 03:50:00,262.24,263.07,261.82,262.78,382826
2025-12-08 03:55:00,262.77,262.9,261.94,262.16,452712
2025-12-08 04:00:00,262.15,262.16,261.36,261.65,322741
2025-12-08 04:05:00,261.63,261.85,261.25,261.43,144937
2025-12-08 04:10:00,261.42,262.25,261.42,262.15,168070
2025-12-08 04:15:00,262.06,262.2,261.57,261.68,115083
2025-12-08 04:20:00,261.63,261.82,261.5,261.65,91566
2025-12-08 04:25:00,261.63,262.2,261.5,262.09,121160
2025-12-08 04:30:00,262.15,262.25,261.75,261.85,97012
2025-12-08 04:35:00,261.77,261.95,261.62,261.65,68240
2025-12-08 04:40:00,261.66,261.8,261.53,261.65,89972
2025-12-08 04:45:00,261.65,261.95,261.5,261.5,103990
2025-12-08 04:50:00,261.49,261.66,261.22,261.5,114290
2025-12-08 04:55:00,261.49,261.78,261.28,261.32,68532
2025-12-08 05:00:00,261.31,261.75,261.21,261.53,99312
2025-12-08 05:05:00,261.53,261.58,261.3,261.31,38929
2025-12-08 05:10:00,261.31,262.35,261.22,262.3,166626
2025-12-08 05:15:00,262.29,262.36,261.85,261.86,94561
2025-12-08 05:20:00,261.9,261.95,261.63,261.8,86536
2025-12-08 05:25:00,261.82,262.18,261.75,261.82,89960
2025-12-08 05:30:00,261.8,261.98,261.77,261.87,41399
2025-12-08 05:35:00,261.87,262.2,261.8,262.2,83472
2025-12-08 05:40:00,262.15,262.7,262.15,262.42,192944
2025-12-08 05:45:00,262.5,262.65,262.22,262.44,97945
2025-12-08 05:50:00,262.44,262.45,261.95,262.01,83434
2025-12-08 05:55:00,262.04,262.27,262.0,262.06,82466
2025-12-08 06:00:00,262.06,262.2,261.9,262.0,54656
2025-12-08 06:05:00,262.0,262.0,261.72,261.85,43687
2025-12-08 06:10:00,261.84,261.85,261.6,261.75,61245
2025-12-08 06:15:00,261.8,262.29,261.61,262.29,90656
2025-12-08 06:20:00,262.24,262.3,262.05,262.19,44763
2025-12-08 06:25:00,262.2,262.2,261.87,261.87,41874
2025-12-08 06:30:00,261.87,261.9,261.41,261.43,59485
2025-12-08 06:35:00,261.43,261.52,261.1,261.45,71070
2025-12-08 06:40:00,261.4,261.54,261.13,261.23,53478
2025-12-08 06:45:00,261.23,261.26,260.7,260.7,104157
2025-12-08 06:50:00,260.75,260.93,260.65,260.89,71590
2025-12-08 06:55:00,260.89,261.1,260.53,260.75,131839
2025-12-08 07:00:00,260.75,260.82,260.55,260.7,32141
2025-12-08 07:05:00,260.7,260.86,260.54,260.85,69067
2025-12-08 07:10:00,260.88,261.2,260.84,261.04,118206
2025-12-08 07:15:00,261.04,261.04,260.82,260.87,49048
2025-12-08 07:20:00,260.87,260.87,260.63,260.72,41828
2025-12-08 07:25:00,260.65,260.71,260.41,260.6,85721
2025-12-08 07:30:00,260.65,260.88,260.6,260.85,40686
2025-12-08 07:35:00,260.87,261.54,260.6,261.41,159005
2025-12-08 07:40:00,261.41,261.6,261.06,261.09,143807
2025-12-08 07:45:00,261.09,261.19,260.92,260.95,35893
2025-12-08 07:50:00,261.03,261.03,260.49,260.69,76146
2025-12-08 07:55:00,260.69,260.7,260.2,260.3,72566
2025-12-08 08:00:00,260.35,260.4,259.73,259.97,194253
2025-12-08 08:05:00,259.97,260.06,259.71,259.97,109432
2025-12-08 08:10:00,259.97,260.3,259.91,260.0,65194
2025-12-08 08:15:00,260.08,260.55,260.0,260.45,43156
2025-12-08 08:20:00,260.48,260.67,260.31,260.44,48846
2025-12-08 08:25:00,260.42,260.77,260.15,260.74,72122
2025-12-08 08:30:00,260.76,261.23,260.56,260.65,122079
2025-12-08 08:35:00,260.65,261.11,260.42,260.77,116164
2025-12-08 08:40:00,260.7,261.0,260.52,260.62,83597
2025-12-08 08:45:00,260.67,260.75,260.3,260.7,113417
2025-12-08 08:50:00,260.7,261.45,260.37,261.45,121527
2025-12-08 08:55:00,261.43,261.44,260.64,260.66,226783
2025-12-08 09:00:00,260.74,260.74,260.01,260.06,319063
2025-12-08 09:05:00,260.1,260.27,259.86,260.19,81255
2025-12-08 09:10:00,260.18,260.7,260.1,260.58,197000
2025-12-08 09:15:00,260.68,260.95,260.51,260.94,84392
2025-12-08 09:20:00,260.95,261.39,260.82,261.24,190897
2025-12-08 09:25:00,261.28,261.74,261.11,261.22,148740
2025-12-08 09:30:00,261.35,261.9,261.28,261.57,279441
2025-12-08 09:35:00,261.64,261.75,261.49,261.69,190186
2025-12-08 09:40:00,261.7,261.7,261.16,261.22,263867
2025-12-08 09:45:00,261.23,261.42,261.04,261.37,285738
2025-12-08 09:50:00,261.33,261.38,260.82,261.26,283565
2025-12-08 09:55:00,261.26,261.38,260.87,261.0,230920
2025-12-09 03:45:00,261.38,261.82,258.73,258.8,322037
2025-12-09 03:50:00,258.72,259.62,258.4,259.22,421515
2025-12-09 03:55:00,259.23,259.55,258.58,258.74,163806
2025-12-09 04:00:00,258.72,259.0,258.05,258.41,308579
2025-12-09 04:05:00,258.38,258.68,258.17,258.26,155870
2025-12-09 04:10:00,258.28,258.4,257.67,258.18,214119
2025-12-09 04:15:00,258.22,258.3,257.62,257.7,137799
2025-12-09 04:20:00,257.72,257.86,257.46,257.63,156033
2025-12-09 04:25:00,257.68,258.18,257.51,257.8,90527
2025-12-09 04:30:00,257.85,258.43,257.85,258.05,113119
2025-12-09 04:35:00,258.1,258.1,257.35,257.41,116534
2025-12-09 04:40:00,257.37,257.52,257.1,257.38,127858
2025-12-09 04:45:00,257.37,257.9,257.31,257.76,90598
2025-12-09 04:50:00,257.73,258.24,257.39,258.13,96574
2025-12-09 04:55:00,258.13,258.19,257.75,257.85,96638
2025-12-09 05:00:00,257.88,258.02,257.4,257.43,69265
2025-12-09 05:05:00,257.46,257.65,257.2,257.48,104961
2025-12-09 05:10:00,257.49,257.7,257.35,257.58,118023
2025-12-09 05:15:00,257.58,257.77,257.4,257.66,63739
2025-12-09 05:20:00,257.68,257.68,257.31,257.34,42787
2025-12-09 05:25:00,257.34,257.69,257.2,257.69,83367
2025-12-09 05:30:00,257.68,258.28,257.64,258.07,122742
2025-12-09 05:35:00,258.08,258.45,257.96,258.22,68281
2025-12-09 05:40:00,258.21,259.04,258.04,258.89,132816
2025-12-09 05:45:00,258.89,259.02,258.52,258.8,72130
2025-12-09 05:50:00,258.76,259.12,258.75,258.92,92703
2025-12-09 05:55:00,258.9,259.22,258.77,259.13,69426
2025-12-09 06:00:00,259.15,259.16,258.72,258.85,93032
2025-12-09 06:05:00,258.81,258.9,258.6,258.7,48929
2025-12-09 06:10:00,258.68,258.7,258.18,258.3,64361
2025-12-09 06:15:00,258.3,258.65,258.22,258.3,51007
2025-12-09 06:20:00,258.33,258.53,258.1,258.23,57410
2025-12-09 06:25:00,258.28,258.78,258.27,258.57,62633
2025-12-09 06:30:00,258.57,259.15,258.43,259.11,96642
2025-12-09 06:35:00,259.14,259.62,259.01,259.4,86288
2025-12-09 06:40:00,259.38,259.56,259.19,259.46,47655
2025-12-09 06:45:00,259.41,259.48,259.2,259.29,55482
2025-12-09 06:50:00,259.3,259.39,259.18,259.38,60691
2025-12-09 06:55:00,259.39,259.53,259.2,259.5,63048
2025-12-09 07:00:00,259.51,259.51,258.5,258.5,50348
2025-12-09 07:05:00,258.53,258.71,257.84,257.93,108809
2025-12-09 07:10:00,257.93,258.3,257.93,258.21,59527
2025-12-09 07:15:00,258.13,258.2,257.92,258.0,50924
2025-12-09 07:20:00,258.0,258.03,257.7,257.82,92361
2025-12-09 07:25:00,257.82,257.89,257.5,257.73,90282
2025-12-09 07:30:00,257.73,257.84,257.56,257.82,67144
2025-12-09 07:35:00,257.82,258.17,257.76,258.0,75524
2025-12-09 07:40:00,258.0,258.4,258.0,258.32,64268
2025-12-09 07:45:00,258.32,258.4,258.18,258.2,45419
2025-12-09 07:50:00,258.24,258.35,257.9,258.19,64035
2025-12-09 07:55:00,258.19,258.32,258.09,258.22,47342
2025-12-09 08:00:00,258.25,258.31,258.14,258.18,27221
2025-12-09 08:05:00,258.23,258.23,257.9,257.99,43132
2025-12-09 08:10:00,257.99,258.11,257.85,257.85,43745
2025-12-09 08:15:00,257.88,257.88,257.63,257.68,24664
2025-12-09 08:20:00,257.69,257.87,257.62,257.83,58435
2025-12-09 08:25:00,257.83,258.14,257.79,258.11,63124
2025-12-09 08:30:00,258.07,258.11,257.82,257.87,47769
2025-12-09 08:35:00,257.87,258.3,257.7,258.28,92849
2025-12-09 08:40:00,258.24,258.24,257.86,257.95,57604
2025-12-09 08:45:00,257.97,258.02,257.76,257.82,113646
2025-12-09 08:50:00,257.85,257.86,257.51,257.57,55381
2025-12-09 08:55:00,257.57,257.72,257.5,257.53,76096
2025-12-09 09:00:00,257.53,257.53,257.3,257.39,48861
2025-12-09 09:05:00,257.34,257.64,257.2,257.61,86169
2025-12-09 09:10:00,257.61,257.65,257.44,257.48,111167
2025-12-09 09:15:00,257.48,257.5,257.33,257.34,41941
2025-12-09 09:20:00,257.34,257.38,257.26,257.35,72487
2025-12-09 09:25:00,257.35,257.64,257.26,257.6,92246
2025-12-09 09:30:00,257.72,257.94,257.53,257.55,357294
2025-12-09 09:35:00,257.56,257.61,257.37,257.41,299681
2025-12-09 09:40:00,257.41,257.52,257.32,257.51,381204
2025-12-09 09:45:00,257.5,257.5,257.25,257.3,392564
2025-12-09 09:50:00,257.28,257.38,257.17,257.23,414308
2025-12-09 09:55:00,257.23,257.53,257.05,257.39,272550
2025-12-10 03:45:00,258.01,259.5,257.81,259.32,253993
2025-12-10 03:50:00,259.32,259.47,258.71,259.01,115661
2025-12-10 03:55:00,259.01,259.8,258.9,259.8,74576
2025-12-10 04:00:00,259.72,260.37,259.4,259.79,191180
2025-12-10 04:05:00,259.81,260.09,259.21,259.33,121779
2025-12-10 04:10:00,259.31,259.39,258.9,259.07,116840
2025-12-10 04:15:00,259.04,259.38,258.86,258.88,63068
2025-12-10 04:20:00,258.9,259.1,258.81,258.91,69988
2025-12-10 04:25:00,258.96,259.0,258.71,258.96,104845
2025-12-10 04:30:00,258.91,259.39,258.88,259.19,43791
2025-12-10 04:35:00,259.07,259.31,259.0,259.26,46901
2025-12-10 04:40:00,259.22,259.42,259.09,259.34,41309
2025-12-10 04:45:00,259.31,259.84,259.31,259.84,113442
2025-12-10 04:50:00,259.74,259.97,259.73,259.93,67368
2025-12-10 04:55:00,259.92,260.3,259.78,259.99,192692
2025-12-10 05:00:00,259.98,260.23,259.9,259.97,69759
2025-12-10 05:05:00,259.93,260.2,259.84,259.93,55417
2025-12-10 05:10:00,259.96,260.0,259.66,259.68,48377
2025-12-10 05:15:00,259.63,259.63,259.25,259.25,76716
2025-12-10 05:20:00,259.25,259.25,258.46,258.5,241272
2025-12-10 05:25:00,258.5,258.55,258.05,258.08,86750
2025-12-10 05:30:00,258.1,258.38,257.87,258.22,1365550
2025-12-10 05:35:00,258.2,258.76,257.98,258.5,721384
2025-12-10 05:40:00,258.5,258.63,258.15,258.34,39235
2025-12-10 05:45:00,258.3,258.65,258.28,258.39,62636
2025-12-10 05:50:00,258.38,258.47,258.13,258.29,34492
2025-12-10 05:55:00,258.26,258.51,258.19,258.33,54594
2025-12-10 06:00:00,258.32,258.32,257.9,257.96,36807
2025-12-10 06:05:00,257.96,258.94,257.96,258.39,96325
2025-12-10 06:10:00,258.39,258.61,258.27,258.32,27317
2025-12-10 06:15:00,258.32,258.35,258.17,258.31,34679
2025-12-10 06:20:00,258.3,258.33,258.15,258.21,30603
2025-12-10 06:25:00,258.23,258.48,258.23,258.32,41942
2025-12-10 06:30:00,258.32,258.39,258.01,258.36,32867
2025-12-10 06:35:00,258.36,258.57,258.26,258.45,62028
2025-12-10 06:40:00,258.45,258.48,258.2,258.48,28370
2025-12-10 06:45:00,258.42,259.23,258.42,259.21,135751
2025-12-10 06:50:00,259.25,259.3,258.95,259.13,50648
2025-12-10 06:55:00,259.1,259.28,259.0,259.19,56750
2025-12-10 07:00:00,259.15,259.24,258.73,258.86,54132
2025-12-10 07:05:00,258.86,258.9,258.25,258.33,59548
2025-12-10 07:10:00,258.33,258.53,258.2,258.46,27588
2025-12-10 07:15:00,258.46,258.97,258.43,258.97,82100
2025-12-10 07:20:00,258.97,258.97,258.71,258.87,29628
2025-12-10 07:25:00,258.89,258.97,258.78,258.88,28448
2025-12-10 07:30:00,258.83,258.96,258.6,258.67,59110
2025-12-10 07:35:00,258.62,258.92,258.56,258.88,27960
2025-12-10 07:40:00,258.88,259.0,258.73,258.8,31595
2025-12-10 07:45:00,258.84,259.0,258.75,258.96,42046
2025-12-10 07:50:00,258.96,258.96,258.83,258.88,30128
2025-12-10 07:55:00,258.83,258.97,258.77,258.9,64692
2025-12-10 08:00:00,258.85,258.9,258.83,258.9,38065
2025-12-10 08:05:00,258.9,258.99,258.58,258.67,215899
2025-12-10 08:10:00,258.67,258.75,258.4,258.4,28590
2025-12-10 08:15:00,258.49,258.54,258.36,258.52,26519
2025-12-10 08:20:00,258.52,258.79,258.37,258.69,49530
2025-12-10 08:25:00,258.71,258.71,258.34,258.5,38552
2025-12-10 08:30:00,258.5,258.62,258.17,258.24,116003
2025-12-10 08:35:00,258.28,258.47,258.04,258.42,68915
2025-12-10 08:40:00,258.42,258.5,258.29,258.38,42954
2025-12-10 08:45:00,258.41,258.55,258.35,258.35,54234
2025-12-10 08:50:00,258.35,258.56,258.22,258.4,47766
2025-12-10 08:55:00,258.45,258.47,258.17,258.31,72637
2025-12-10 09:00:00,258.31,258.6,258.15,258.6,108743
2025-12-10 09:05:00,258.6,258.64,258.22,258.57,57940
2025-12-10 09:10:00,258.55,258.58,257.93,258.09,109094
2025-12-10 09:15:00,258.15,258.42,258.08,258.3,53699
2025-12-10 09:20:00,258.3,258.32,258.2,258.22,66974
2025-12-10 09:25:00,258.2,258.33,258.11,258.29,46193
2025-12-10 09:30:00,258.29,258.41,258.21,258.26,116259
2025-12-10 09:35:00,258.26,258.27,258.0,258.13,137968
2025-12-10 09:40:00,258.13,258.27,258.01,258.19,142877
2025-12-10 09:45:00,258.11,258.2,257.8,257.85,284641
2025-12-10 09:50:00,257.86,257.98,257.63,257.83,183072
2025-12-10 09:55:00,257.83,257.9,257.25,257.72,170347
2025-12-11 03:45:00,258.31,259.78,258.26,259.17,230937
2025-12-11 03:50:00,259.17,259.9,258.98,259.56,152315
2025-12-11 03:55:00,259.56,259.9,259.2,259.6,194148
2025-12-11 04:00:00,259.58,259.6,258.43,258.86,126523
2025-12-11 04:05:00,258.89,259.07,257.97,258.0,129448
2025-12-11 04:10:00,258.0,259.06,257.91,258.48,121176
2025-12-11 04:15:00,258.48,258.5,257.8,258.23,122186
2025-12-11 04:20:00,258.3,258.37,257.72,258.06,84561
2025-12-11 04:25:00,258.14,258.48,258.0,258.33,94901
2025-12-11 04:30:00,258.3,258.62,258.25,258.6,73477
2025-12-11 04:35:00,258.6,259.0,258.22,258.8,108358
2025-12-11 04:40:00,258.86,259.0,258.5,258.96,74416
2025-12-11 04:45:00,258.96,259.41,258.9,259.33,237435
2025-12-11 04:50:00,259.21,259.43,259.0,259.39,68593
2025-12-11 04:55:00,259.39,259.8,259.2,259.8,133964
2025-12-11 05:00:00,259.79,259.98,259.51,259.55,114513
2025-12-11 05:05:00,259.56,259.8,259.56,259.63,50479
2025-12-11 05:10:00,259.56,259.75,259.34,259.38,64550
2025-12-11 05:15:00,259.4,259.69,259.32,259.6,71142
2025-12-11 05:20:00,259.6,259.9,259.53,259.6,71204
2025-12-11 05:25:00,259.6,259.72,259.04,259.04,58262
2025-12-11 05:30:00,259.05,259.3,259.02,259.02,61811
2025-12-11 05:35:00,259.0,259.19,258.59,258.66,54995
2025-12-11 05:40:00,258.66,259.08,258.61,258.94,45897
2025-12-11 05:45:00,258.86,259.5,258.86,259.47,91710
2025-12-11 05:50:00,259.47,259.5,259.08,259.15,51622
2025-12-11 05:55:00,259.08,259.45,259.08,259.29,59827
2025-12-11 06:00:00,259.29,259.39,259.14,259.21,42893
2025-12-11 06:05:00,259.16,259.45,259.1,259.45,50924
2025-12-11 06:10:00,259.45,259.53,259.25,259.3,136011
2025-12-11 06:15:00,259.3,259.78,259.3,259.64,54246
2025-12-11 06:20:00,259.7,259.7,258.81,258.85,123156
2025-12-11 06:25:00,258.85,259.03,258.7,258.79,67558
2025-12-11 06:30:00,258.79,259.25,258.72,259.0,81449
2025-12-11 06:35:00,258.99,259.16,258.94,259.01,54224
2025-12-11 06:40:00,258.98,259.18,258.95,259.06,79924
2025-12-11 06:45:00,259.15,259.2,258.91,259.0,54851
2025-12-11 06:50:00,259.02,259.3,258.92,259.11,86140
2025-12-11 06:55:00,259.14,259.61,258.95,259.21,69169
2025-12-11 07:00:00,259.16,259.33,259.08,259.13,60740
2025-12-11 07:05:00,259.12,259.31,259.02,259.29,49270
2025-12-11 07:10:00,259.24,259.78,259.24,259.65,75521
2025-12-11 07:15:00,259.7,259.7,259.39,259.39,41583
2025-12-11 07:20:00,259.4,259.49,259.25,259.34,41612
2025-12-11 07:25:00,259.35,259.36,259.11,259.17,36442
2025-12-11 07:30:00,259.15,259.35,259.06,259.06,46750
2025-12-11 07:35:00,259.06,259.2,258.8,258.84,47183
2025-12-11 07:40:00,258.9,259.04,258.81,259.04,51787
2025-12-11 07:45:00,258.99,259.19,258.92,259.05,39786
2025-12-11 07:50:00,259.04,259.14,258.93,259.0,36582
2025-12-11 07:55:00,259.06,259.12,258.82,258.89,33401
2025-12-11 08:00:00,258.89,258.9,258.71,258.88,49938
2025-12-11 08:05:00,258.88,258.9,258.73,258.81,31579
2025-12-11 08:10:00,258.77,258.9,258.37,258.46,63990
2025-12-11 08:15:00,258.46,258.75,258.21,258.64,89496
2025-12-11 08:20:00,258.64,258.64,258.44,258.6,41747
2025-12-11 08:25:00,258.59,258.71,258.53,258.7,52728
2025-12-11 08:30:00,258.7,258.7,258.43,258.5,34480
2025-12-11 08:35:00,258.47,258.47,258.21,258.34,45920
2025-12-11 08:40:00,258.34,258.64,258.31,258.4,49456
2025-12-11 08:45:00,258.42,258.62,258.38,258.62,41776
2025-12-11 08:50:00,258.6,258.83,258.53,258.62,72686
2025-12-11 08:55:00,258.62,258.81,258.6,258.75,151591
2025-12-11 09:00:00,258.75,258.98,258.71,258.83,256665
2025-12-11 09:05:00,258.83,258.98,258.79,258.79,47456
2025-12-11 09:10:00,258.75,258.82,258.5,258.6,66433
2025-12-11 09:15:00,258.6,258.66,258.44,258.48,112924
2025-12-11 09:20:00,258.48,258.82,258.45,258.7,100142
2025-12-11 09:25:00,258.7,258.85,258.65,258.75,42581
2025-12-11 09:30:00,258.94,259.33,258.94,259.29,145214
2025-12-11 09:35:00,259.3,259.3,259.16,259.3,105133
2025-12-11 09:40:00,259.32,259.38,259.22,259.22,135021
2025-12-11 09:45:00,259.2,259.43,259.17,259.39,205879
2025-12-11 09:50:00,259.4,259.42,259.14,259.37,190988
2025-12-11 09:55:00,259.36,259.4,259.0,259.35,119319
2025-12-12 03:45:00,259.5,259.5,257.61,257.95,177352
2025-12-12 03:50:00,257.94,258.34,257.36,257.85,108361
2025-12-12 03:55:00,257.85,258.15,257.51,257.99,80082
2025-12-12 04:00:00,257.98,258.4,257.9,258.3,55945
2025-12-12 04:05:00,258.3,258.3,257.59,257.89,61456
2025-12-12 04:10:00,257.78,258.39,257.75,258.2,97457
2025-12-12 04:15:00,257.98,258.16,257.67,257.8,46955
2025-12-12 04:20:00,257.76,258.19,257.7,258.11,43792
2025-12-12 04:25:00,258.11,258.14,257.7,257.8,23573
2025-12-12 04:30:00,257.8,258.0,257.66,257.89,36510
2025-12-12 04:35:00,257.89,258.0,257.51,257.75,26891
2025-12-12 04:40:00,257.75,258.16,257.61,258.16,37985
2025-12-12 04:45:00,258.16,258.49,258.16,258.37,81587
2025-12-12 04:50:00,258.39,258.77,258.29,258.41,68518
2025-12-12 04:55:00,258.41,258.66,258.33,258.6,18215
2025-12-12 05:00:00,258.59,259.2,258.5,259.01,70279
2025-12-12 05:05:00,259.05,259.06,258.64,258.72,25749
2025-12-12 05:10:00,258.78,258.88,258.45,258.54,28125
2025-12-12 05:15:00,258.53,258.6,258.33,258.39,18729
2025-12-12 05:20:00,258.34,258.63,258.34,258.63,14967
2025-12-12 05:25:00,258.6,258.68,258.28,258.42,20175
2025-12-12 05:30:00,258.42,258.97,258.42,258.85,21118
2025-12-12 05:35:00,258.81,258.95,258.72,258.92,14919
2025-12-12 05:40:00,258.9,259.0,258.8,258.99,15591
2025-12-12 05:45:00,258.99,259.0,258.73,258.88,17884
2025-12-12 05:50:00,258.81,259.12,258.74,259.05,31338
2025-12-12 05:55:00,259.05,259.15,258.8,259.04,26282
2025-12-12 06:00:00,259.04,259.1,258.9,258.96,17975
2025-12-12 06:05:00,259.0,259.2,259.0,259.15,14503
2025-12-12 06:10:00,259.15,259.18,259.03,259.1,12347
2025-12-12 06:15:00,259.05,259.2,259.01,259.14,19016
2025-12-12 06:20:00,259.14,259.29,259.0,259.27,31887
2025-12-12 06:25:00,259.29,259.4,259.11,259.16,24064
2025-12-12 06:30:00,259.19,259.38,259.02,259.1,41612
2025-12-12 06:35:00,259.13,259.18,259.01,259.15,23548
2025-12-12 06:40:00,259.17,259.18,258.93,259.18,20588
2025-12-12 06:45:00,259.15,259.2,259.0,259.19,17066
2025-12-12 06:50:00,259.2,259.48,259.19,259.34,33368
2025-12-12 06:55:00,259.36,259.45,259.22,259.3,20194
2025-12-12 07:00:00,259.4,259.4,259.12,259.17,11579
2025-12-12 07:05:00,259.17,259.38,259.12,259.12,15614
2025-12-12 07:10:00,259.12,259.3,259.12,259.12,22657
2025-12-12 07:15:00,259.12,259.29,259.03,259.14,12067
2025-12-12 07:20:00,259.13,259.22,259.04,259.12,14070
2025-12-12 07:25:00,259.09,259.29,259.06,259.25,11639
2025-12-12 07:30:00,259.27,260.3,259.27,260.2,204755
2025-12-12 07:35:00,260.19,260.2,259.9,260.08,66902
2025-12-12 07:40:00,260.08,260.25,260.0,260.04,43693
2025-12-12 07:45:00,260.04,260.44,260.02,260.15,65945
2025-12-12 07:50:00,260.2,260.28,260.1,260.1,44524
2025-12-12 07:55:00,260.1,260.29,259.86,259.86,44790
2025-12-12 08:00:00,259.86,260.2,259.86,260.15,42285
2025-12-12 08:05:00,260.15,260.35,260.08,260.28,34643
2025-12-12 08:10:00,260.29,260.35,260.16,260.24,32587
2025-12-12 08:15:00,260.26,260.49,260.1,260.38,64656
2025-12-12 08:20:00,260.4,260.45,260.03,260.24,91611
2025-12-12 08:25:00,260.32,260.5,260.08,260.22,46483
2025-12-12 08:30:00,260.12,260.4,260.12,260.32,31294
2025-12-12 08:35:00,260.33,260.78,260.18,260.71,77574
2025-12-12 08:40:00,260.75,260.75,260.39,260.46,42130
2025-12-12 08:45:00,260.56,260.6,260.39,260.45,55699
2025-12-12 08:50:00,260.42,260.59,260.31,260.31,29909
2025-12-12 08:55:00,260.31,260.44,260.16,260.29,43526
2025-12-12 09:00:00,260.3,260.37,260.19,260.26,45334
2025-12-12 09:05:00,260.2,260.28,260.02,260.07,62791
2025-12-12 09:10:00,260.1,260.2,259.86,260.1,67972
2025-12-12 09:15:00,260.17,260.28,260.08,260.2,43317
2025-12-12 09:20:00,260.19,260.29,260.1,260.14,27321
2025-12-12 09:25:00,260.14,260.3,260.13,260.25,32492
2025-12-12 09:30:00,260.5,260.63,260.35,260.46,175018
2025-12-12 09:35:00,260.38,260.65,260.29,260.6,116197
2025-12-12 09:40:00,260.62,260.82,260.59,260.64,161938
2025-12-12 09:45:00,260.68,260.72,260.4,260.56,222853
2025-12-12 09:50:00,260.6,260.8,260.56,260.78,189026
2025-12-12 09:55:00,260.7,260.8,260.22,260.5,128904
2025-12-15 03:45:00,259.99,260.17,258.54,260.08,302882
2025-12-15 03:50:00,260.23,260.3,259.51,259.78,191926
2025-12-15 03:55:00,259.77,260.28,259.4,260.08,81212
2025-12-15 04:00:00,260.18,260.25,259.81,259.84,73681
2025-12-15 04:05:00,259.84,260.12,259.61,259.78,47454
2025-12-15 04:10:00,259.78,259.94,259.51,259.7,35992
2025-12-15 04:15:00,259.75,259.95,259.53,259.64,56996
2025-12-15 04:20:00,259.69,260.25,259.65,259.87,76571
2025-12-15 04:25:00,259.94,260.25,259.87,260.22,42805
2025-12-15 04:30:00,260.25,260.37,260.0,260.26,46814
2025-12-15 04:35:00,260.26,260.26,259.7,259.75,56576
2025-12-15 04:40:00,259.78,260.16,259.65,259.99,30057
2025-12-15 04:45:00,260.25,260.37,260.06,260.15,52134
2025-12-15 04:50:00,260.2,260.88,260.17,260.73,95277
2025-12-15 04:55:00,260.87,261.14,260.58,261.08,88094
2025-12-15 05:00:00,261.08,261.5,261.0,261.36,85685
2025-12-15 05:05:00,261.36,261.5,261.03,261.12,79046
2025-12-15 05:10:00,261.1,261.17,260.68,260.81,58724
2025-12-15 05:15:00,260.82,261.0,260.64,261.0,24906
2025-12-15 05:20:00,261.0,261.15,260.9,261.04,19480
2025-12-15 05:25:00,261.14,261.17,260.82,260.95,38355
2025-12-15 05:30:00,261.0,261.16,260.82,261.0,44379
2025-12-15 05:35:00,261.04,261.04,260.6,260.75,37877
2025-12-15 05:40:00,260.72,260.88,260.63,260.83,20909
2025-12-15 05:45:00,260.83,260.83,260.59,260.64,23279
2025-12-15 05:50:00,260.6,260.68,260.54,260.67,22597
2025-12-15 05:55:00,260.7,260.88,260.65,260.85,29065
2025-12-15 06:00:00,260.84,260.85,260.49,260.61,35506
2025-12-15 06:05:00,260.62,260.62,260.29,260.43,17937
2025-12-15 06:10:00,260.42,260.64,260.35,260.5,31926
2025-12-15 06:15:00,260.55,260.8,260.46,260.8,22326
2025-12-15 06:20:00,260.8,260.99,260.7,260.87,24884
2025-12-15 06:25:00,260.93,260.99,260.75,260.98,19811
2025-12-15 06:30:00,260.98,260.99,260.76,260.92,25775
2025-12-15 06:35:00,260.88,260.93,260.66,260.75,17725
2025-12-15 06:40:00,260.75,260.84,260.64,260.8,15303
2025-12-15 06:45:00,260.79,260.86,260.69,260.86,8963
2025-12-15 06:50:00,260.8,260.99,260.71,260.99,21530
2025-12-15 06:55:00,260.98,260.98,260.71,260.8,12888
2025-12-15 07:00:00,260.83,260.94,260.8,260.8,15155
2025-12-15 07:05:00,260.87,260.96,260.65,260.7,13318
2025-12-15 07:10:00,260.7,260.73,260.6,260.65,11824
2025-12-15 07:15:00,260.65,260.66,260.6,260.65,11583
2025-12-15 07:20:00,260.65,260.67,260.5,260.58,10459
2025-12-15 07:25:00,260.5,260.6,260.38,260.45,21048
2025-12-15 07:30:00,260.54,260.66,260.45,260.64,12156
2025-12-15 07:35:00,260.64,260.74,260.57,260.65,18642
2025-12-15 07:40:00,260.65,260.75,260.55,260.68,13245
2025-12-15 07:45:00,260.68,260.99,260.58,260.79,32526
2025-12-15 07:50:00,260.79,260.83,260.6,260.74,12654
2025-12-15 07:55:00,260.74,260.8,260.6,260.65,22746
2025-12-15 08:00:00,260.64,260.7,260.44,260.7,36541
2025-12-15 08:05:00,260.69,260.8,260.6,260.79,14977
2025-12-15 08:10:00,260.73,260.8,260.61,260.68,13203
2025-12-15 08:15:00,260.68,260.75,260.61,260.74,13420
2025-12-15 08:20:00,260.74,260.74,260.5,260.62,16450
2025-12-15 08:25:00,260.62,260.63,260.26,260.45,27350
2025-12-15 08:30:00,260.44,260.6,260.37,260.5,16692
2025-12-15 08:35:00,260.47,260.63,260.22,260.26,56420
2025-12-15 08:40:00,260.24,260.44,260.2,260.37,74465
2025-12-15 08:45:00,260.39,260.49,260.1,260.33,24941
2025-12-15 08:50:00,260.35,260.6,260.27,260.48,23290
2025-12-15 08:55:00,260.48,260.48,260.3,260.39,14220
2025-12-15 09:00:00,260.4,260.6,260.31,260.56,21475
2025-12-15 09:05:00,260.52,260.75,260.48,260.63,40743
2025-12-15 09:10:00,260.63,260.91,260.63,260.8,53446
2025-12-15 09:15:00,260.83,261.15,260.61,260.75,167742
2025-12-15 09:20:00,260.71,260.95,260.71,260.95,23378
2025-12-15 09:25:00,260.93,261.23,260.86,261.05,64863
2025-12-15 09:30:00,261.1,261.43,261.07,261.28,160336
2025-12-15 09:35:00,261.29,261.39,261.29,261.38,94608
2025-12-15 09:40:00,261.39,261.9,261.39,261.86,190147
2025-12-15 09:45:00,261.86,261.86,261.61,261.7,159788
2025-12-15 09:50:00,261.7,261.79,261.6,261.72,128200
2025-12-15 09:55:00,261.72,262.5,261.72,262.5,308224
2025-12-16 03:45:00,261.74,261.75,260.5,260.59,125084
2025-12-16 03:50:00,260.59,260.93,260.3,260.34,91234
2025-12-16 03:55:00,260.34,260.6,260.19,260.32,46980
2025-12-16 04:00:00,260.43,260.65,260.14,260.6,53775
2025-12-16 04:05:00,260.59,260.98,260.43,260.93,38477
2025-12-16 04:10:00,260.92,260.97,260.7,260.7,17969
2025-12-16 04:15:00,260.7,261.13,260.55,261.07,62614
2025-12-16 04:20:00,261.1,261.29,261.0,261.18,28330
2025-12-16 04:25:00,261.19,261.19,260.6,260.7,95244
2025-12-16 04:30:00,260.72,260.72,260.11,260.43,58828
2025-12-16 04:35:00,260.43,260.59,260.28,260.44,20973
2025-12-16 04:40:00,260.44,260.46,260.27,260.38,9135
2025-12-16 04:45:00,260.38,260.92,260.24,260.75,30075
2025-12-16 04:50:00,260.77,260.92,260.56,260.75,23373
2025-12-16 04:55:00,260.74,260.96,260.56,260.72,15694
2025-12-16 05:00:00,260.72,260.75,260.4,260.64,26602
2025-12-16 05:05:00,260.61,260.66,260.4,260.41,31241
2025-12-16 05:10:00,260.45,260.46,259.87,259.95,69212
2025-12-16 05:15:00,260.0,260.25,259.8,260.05,47052
2025-12-16 05:20:00,260.15,260.17,260.0,260.01,19592
2025-12-16 05:25:00,260.1,260.34,260.0,260.1,22597
2025-12-16 05:30:00,260.0,260.31,260.0,260.14,61501
2025-12-16 05:35:00,260.18,260.4,260.05,260.25,28994
2025-12-16 05:40:00,260.25,260.3,259.9,260.18,40607
2025-12-16 05:45:00,260.18,260.25,260.0,260.18,28200
2025-12-16 05:50:00,260.2,260.24,260.02,260.13,10510
2025-12-16 05:55:00,260.13,260.25,260.04,260.19,26323
2025-12-16 06:00:00,260.2,260.27,260.05,260.1,9228
2025-12-16 06:05:00,260.1,260.16,260.0,260.12,17244
2025-12-16 06:10:00,260.12,260.22,260.0,260.22,16726
2025-12-16 06:15:00,260.12,260.57,260.12,260.39,13344
2025-12-16 06:20:00,260.3,260.47,260.27,260.39,9712
2025-12-16 06:25:00,260.39,260.5,260.2,260.31,7865
2025-12-16 06:30:00,260.31,260.32,260.05,260.2,8052
2025-12-16 06:35:00,260.2,260.3,260.06,260.17,14711
2025-12-16 06:40:00,260.18,260.3,260.1,260.26,7104
2025-12-16 06:45:00,260.26,260.3,260.15,260.26,4003
2025-12-16 06:50:00,260.26,260.28,260.07,260.18,14889
2025-12-16 06:55:00,260.18,260.4,260.1,260.25,23051
2025-12-16 07:00:00,260.25,260.3,260.05,260.2,10244
2025-12-16 07:05:00,260.2,260.2,260.0,260.08,9612
2025-12-16 07:10:00,260.08,260.15,259.96,260.12,40179
2025-12-16 07:15:00,260.1,260.16,259.75,259.75,17253
2025-12-16 07:20:00,259.84,260.13,259.51,260.08,62914
2025-12-16 07:25:00,260.08,260.18,260.0,260.1,25362
2025-12-16 07:30:00,260.1,260.16,259.99,260.03,25955
2025-12-16 07:35:00,260.03,260.03,260.0,260.01,66724
2025-12-16 07:40:00,260.01,260.25,260.0,260.0,23377
2025-12-16 07:45:00,260.01,260.04,260.0,260.0,57847
2025-12-16 07:50:00,260.02,260.1,260.0,260.06,58712
2025-12-16 07:55:00,260.0,260.2,260.0,260.1,25279
2025-12-16 08:00:00,260.1,260.25,260.06,260.25,7121
2025-12-16 08:05:00,260.18,260.28,260.13,260.28,9818
2025-12-16 08:10:00,260.28,260.28,260.1,260.26,12504
2025-12-16 08:15:00,260.16,260.26,260.09,260.19,16233
2025-12-16 08:20:00,260.18,260.5,260.1,260.1,90713
2025-12-16 08:25:00,260.2,260.21,259.61,259.61,54040
2025-12-16 08:30:00,259.61,259.68,259.3,259.6,50869
2025-12-16 08:35:00,259.6,259.76,259.37,259.49,23972
2025-12-16 08:40:00,259.48,259.48,259.35,259.42,19096
2025-12-16 08:45:00,259.43,259.44,259.05,259.06,30394
2025-12-16 08:50:00,259.06,259.3,259.0,259.24,95941
2025-12-16 08:55:00,259.24,259.25,259.05,259.14,18181
2025-12-16 09:00:00,259.14,259.2,258.81,258.9,35062
2025-12-16 09:05:00,258.91,259.0,258.8,258.97,17440
2025-12-16 09:10:00,258.97,259.19,258.95,259.07,18173
2025-12-16 09:15:00,259.07,259.07,258.86,259.03,23749
2025-12-16 09:20:00,259.03,259.39,259.01,259.35,57293
2025-12-16 09:25:00,259.31,259.55,259.1,259.51,68740
2025-12-16 09:30:00,259.5,259.7,259.3,259.37,85448
2025-12-16 09:35:00,259.37,259.45,259.26,259.34,84877
2025-12-16 09:40:00,259.33,259.42,259.07,259.07,57774
2025-12-16 09:45:00,259.13,259.36,259.02,259.1,113191
2025-12-16 09:50:00,259.14,259.21,258.82,259.18,128242
2025-12-16 09:55:00,259.18,259.34,258.95,259.3,148024
2025-12-17 03:45:00,259.0,259.67,258.31,259.49,118670
2025-12-17 03:50:00,259.52,260.27,259.34,260.05,98038
2025-12-17 03:55:00,260.06,260.44,259.99,260.33,61710
2025-12-17 04:00:00,260.38,260.95,260.17,260.84,112393
2025-12-17 04:05:00,260.84,261.75,260.8,261.36,241376
2025-12-17 04:10:00,261.36,261.43,261.03,261.14,60406
2025-12-17 04:15:00,261.15,261.39,260.81,260.91,91941
2025-12-17 04:20:00,260.9,260.99,260.58,260.87,70214
2025-12-17 04:25:00,260.87,261.79,260.72,261.77,325893
2025-12-17 04:30:00,261.77,262.13,261.18,261.2,176297
2025-12-17 04:35:00,261.24,261.24,260.72,261.01,59983
2025-12-17 04:40:00,261.05,261.08,260.71,260.88,35308
2025-12-17 04:45:00,260.88,260.96,260.54,260.81,56310
2025-12-17 04:50:00,260.82,260.93,260.41,260.56,30623
2025-12-17 04:55:00,260.54,260.54,260.28,260.29,33229
2025-12-17 05:00:00,260.3,260.82,260.2,260.68,56816
2025-12-17 05:05:00,260.68,260.72,260.43,260.43,23716
2025-12-17 05:10:00,260.45,260.6,260.38,260.6,23643
2025-12-17 05:15:00,260.62,260.69,260.61,260.66,14903
2025-12-17 05:20:00,260.66,260.69,260.32,260.46,28331
2025-12-17 05:25:00,260.47,260.47,260.11,260.3,68924
2025-12-17 05:30:00,260.31,260.57,260.31,260.49,45263
2025-12-17 05:35:00,260.47,260.49,260.46,260.49,12983
2025-12-17 05:40:00,260.49,260.71,260.43,260.7,34151
2025-12-17 05:45:00,260.71,261.16,260.7,261.12,69716
2025-12-17 05:50:00,261.1,261.12,260.91,261.03,38523
2025-12-17 05:55:00,261.05,261.1,260.9,260.95,29867
2025-12-17 06:00:00,260.96,261.12,260.62,260.66,81483
2025-12-17 06:05:00,260.71,260.75,260.6,260.6,30619
2025-12-17 06:10:00,260.6,260.8,260.6,260.68,39643
2025-12-17 06:15:00,260.68,260.76,260.6,260.75,31330
2025-12-17 06:20:00,260.73,260.92,260.61,260.75,16251
2025-12-17 06:25:00,260.81,261.1,260.8,260.81,32282
2025-12-17 06:30:00,260.84,260.86,260.42,260.52,35899
2025-12-17 06:35:00,260.59,260.78,260.46,260.61,39641
2025-12-17 06:40:00,260.62,260.7,260.6,260.65,12875
2025-12-17 06:45:00,260.65,260.75,260.51,260.74,25204
2025-12-17 06:50:00,260.74,260.75,260.42,260.42,19235
2025-12-17 06:55:00,260.45,260.54,260.4,260.4,15902
2025-12-17 07:00:00,260.45,260.47,260.35,260.43,14273
2025-12-17 07:05:00,260.43,260.54,260.35,260.53,35115
2025-12-17 07:10:00,260.52,260.52,260.33,260.35,19301
2025-12-17 07:15:00,260.39,260.39,260.23,260.3,9215
2025-12-17 07:20:00,260.3,260.54,260.23,260.3,23143
2025-12-17 07:25:00,260.36,260.36,260.11,260.35,26681
2025-12-17 07:30:00,260.35,261.09,260.24,261.0,142708
2025-12-17 07:35:00,261.01,261.09,261.0,261.05,32344
2025-12-17 07:40:00,261.0,261.62,261.0,261.51,190890
2025-12-17 07:45:00,261.5,261.57,261.32,261.35,63615
2025-12-17 07:50:00,261.39,261.39,261.23,261.35,30278
2025-12-17 07:55:00,261.38,261.38,261.26,261.34,18609
2025-12-17 08:00:00,261.37,261.38,261.11,261.21,22023
2025-12-17 08:05:00,261.21,261.21,261.03,261.04,32820
2025-12-17 08:10:00,261.04,261.12,261.0,261.05,13911
2025-12-17 08:15:00,261.07,261.07,261.0,261.05,10279
2025-12-17 08:20:00,261.06,261.06,260.73,260.79,18255
2025-12-17 08:25:00,260.79,260.79,260.57,260.7,28024
2025-12-17 08:30:00,260.62,260.72,260.49,260.52,16255
2025-12-17 08:35:00,260.56,260.7,260.51,260.6,29746
2025-12-17 08:40:00,260.57,260.61,260.33,260.46,32788
2025-12-17 08:45:00,260.48,260.75,260.46,260.65,84034
2025-12-17 08:50:00,260.63,260.85,260.4,260.4,23541
2025-12-17 08:55:00,260.42,260.61,260.16,260.19,55395
2025-12-17 09:00:00,260.24,260.69,260.22,260.6,50691
2025-12-17 09:05:00,260.63,260.82,260.39,260.51,90617
2025-12-17 09:10:00,260.5,260.9,260.42,260.81,65302
2025-12-17 09:15:00,260.85,261.04,260.62,260.9,78963
2025-12-17 09:20:00,260.9,261.2,260.86,261.2,75446
2025-12-17 09:25:00,261.2,261.2,260.78,261.0,61511
2025-12-17 09:30:00,261.08,261.49,261.08,261.2,195065
2025-12-17 09:35:00,261.17,261.34,261.02,261.22,176837
2025-12-17 09:40:00,261.21,261.28,261.14,261.27,154718
2025-12-17 09:45:00,261.27,261.27,261.03,261.05,234509
2025-12-17 09:50:00,261.05,261.13,260.9,260.95,189746
2025-12-17 09:55:00,260.98,261.2,260.65,260.73,163313
2025-12-18 03:45:00,261.18,263.4,261.0,263.12,477145
2025-12-18 03:50:00,263.06,264.5,263.06,264.29,551052
2025-12-18 03:55:00,264.28,264.99,264.1,264.83,431816
2025-12-18 04:00:00,264.83,264.89,264.0,264.33,287732
2025-12-18 04:05:00,264.32,264.7,263.56,263.77,275735
2025-12-18 04:10:00,263.76,264.0,263.29,263.29,316643
2025-12-18 04:15:00,263.4,263.45,263.03,263.24,215960
2025-12-18 04:20:00,263.3,263.66,263.12,263.36,98766
2025-12-18 04:25:00,263.38,263.64,263.34,263.62,126706
2025-12-18 04:30:00,263.64,263.7,263.25,263.32,94145
2025-12-18 04:35:00,263.42,264.0,263.29,263.8,121059
2025-12-18 04:40:00,263.8,264.18,263.75,264.02,128023
2025-12-18 04:45:00,264.02,264.1,263.77,263.9,88958
2025-12-18 04:50:00,263.98,263.98,263.52,263.78,84140
2025-12-18 04:55:00,263.79,263.87,263.15,263.4,227573
2025-12-18 05:00:00,263.38,263.45,263.01,263.29,106331
2025-12-18 05:05:00,263.3,263.37,263.02,263.26,57015
2025-12-18 05:10:00,263.22,263.78,263.22,263.59,46624
2025-12-18 05:15:00,263.58,263.71,263.22,263.34,56560
2025-12-18 05:20:00,263.34,263.46,263.2,263.46,26341
2025-12-18 05:25:00,263.46,263.46,263.28,263.34,17599
2025-12-18 05:30:00,263.35,263.6,263.25,263.5,42804
2025-12-18 05:35:00,263.54,263.62,263.4,263.53,51067
2025-12-18 05:40:00,263.54,263.55,263.32,263.47,26735
2025-12-18 05:45:00,263.41,263.5,263.09,263.24,33319
2025-12-18 05:50:00,263.24,263.25,263.1,263.21,33711
2025-12-18 05:55:00,263.25,263.25,263.01,263.21,37952
2025-12-18 06:00:00,263.24,263.5,263.2,263.47,70532
2025-12-18 06:05:00,263.43,263.47,263.15,263.2,30371
2025-12-18 06:10:00,263.15,263.25,263.15,263.16,24421
2025-12-18 06:15:00,263.16,263.23,263.03,263.23,41834
2025-12-18 06:20:00,263.19,263.5,263.19,263.35,56971
2025-12-18 06:25:00,263.33,263.99,263.33,263.79,117344
2025-12-18 06:30:00,263.71,263.81,263.33,263.57,71387
2025-12-18 06:35:00,263.67,263.67,263.4,263.65,33176
2025-12-18 06:40:00,263.6,263.85,263.6,263.8,29369
2025-12-18 06:45:00,263.71,263.83,263.55,263.7,35530
2025-12-18 06:50:00,263.62,263.7,263.37,263.37,23974
2025-12-18 06:55:00,263.37,263.4,263.13,263.25,34953
2025-12-18 07:00:00,263.25,263.5,263.17,263.47,16491
2025-12-18 07:05:00,263.5,263.72,263.45,263.56,58639
2025-12-18 07:10:00,263.56,263.56,263.3,263.41,16112
2025-12-18 07:15:00,263.43,263.55,263.02,263.12,54970
2025-12-18 07:20:00,263.12,263.34,263.04,263.11,57788
2025-12-18 07:25:00,263.14,263.2,263.05,263.18,64344
2025-12-18 07:30:00,263.18,263.29,263.09,263.25,50532
2025-12-18 07:35:00,263.25,263.25,263.09,263.15,36119
2025-12-18 07:40:00,263.1,263.15,262.66,262.84,152410
2025-12-18 07:45:00,262.84,262.85,262.61,262.75,75372
2025-12-18 07:50:00,262.71,262.75,262.51,262.54,56157
2025-12-18 07:55:00,262.6,262.85,262.51,262.63,56221
2025-12-18 08:00:00,262.68,262.68,262.17,262.41,215201
2025-12-18 08:05:00,262.36,262.47,262.24,262.47,55369
2025-12-18 08:10:00,262.46,262.71,262.3,262.44,51231
2025-12-18 08:15:00,262.53,262.56,262.22,262.45,53794
2025-12-18 08:20:00,262.4,262.75,262.36,262.71,48372
2025-12-18 08:25:00,262.63,262.73,262.43,262.61,64284
2025-12-18 08:30:00,262.6,262.61,262.15,262.39,67702
2025-12-18 08:35:00,262.35,262.39,262.02,262.19,78187
2025-12-18 08:40:00,262.15,262.15,261.91,262.08,65455
2025-12-18 08:45:00,262.05,262.22,261.85,261.9,77724
2025-12-18 08:50:00,261.96,262.05,261.72,261.87,97874
2025-12-18 08:55:00,261.78,262.0,261.71,261.8,76819
2025-12-18 09:00:00,261.81,262.55,261.81,262.24,142551
2025-12-18 09:05:00,262.23,262.5,262.23,262.38,50802
2025-12-18 09:10:00,262.37,262.38,262.17,262.37,65932
2025-12-18 09:15:00,262.27,262.51,262.16,262.16,63441
2025-12-18 09:20:00,262.16,262.5,262.16,262.49,158534
2025-12-18 09:25:00,262.49,262.66,262.41,262.58,99947
2025-12-18 09:30:00,262.75,262.9,262.5,262.79,144119
2025-12-18 09:35:00,262.79,263.85,262.75,263.72,389382
2025-12-18 09:40:00,263.7,264.08,263.7,264.01,400639
2025-12-18 09:45:00,264.01,264.09,263.96,264.0,400662
2025-12-18 09:50:00,264.0,264.14,264.0,264.1,402577
2025-12-18 09:55:00,264.12,264.3,264.0,264.0,391833
2025-12-19 03:45:00,267.0,267.0,264.78,264.83,705893
2025-12-19 03:50:00,264.83,265.37,264.71,265.17,436156
2025-12-19 03:55:00,265.17,265.45,265.0,265.29,163549
2025-12-19 04:00:00,265.3,265.98,265.3,265.59,202586
2025-12-19 04:05:00,265.68,265.8,265.2,265.36,145157
2025-12-19 04:10:00,265.36,265.41,265.11,265.18,107137
2025-12-19 04:15:00,265.18,265.46,264.9,265.2,187103
2025-12-19 04:20:00,265.17,265.19,264.8,264.95,178180
2025-12-19 04:25:00,264.96,265.0,264.65,264.79,79576
2025-12-19 04:30:00,264.79,264.86,264.7,264.84,52859
2025-12-19 04:35:00,264.81,264.88,264.6,264.85,62862
2025-12-19 04:40:00,264.83,264.88,264.4,264.61,51900
2025-12-19 04:45:00,264.59,264.89,264.55,264.73,65342
2025-12-19 04:50:00,264.73,264.95,264.63,264.89,55733
2025-12-19 04:55:00,264.89,265.36,264.83,265.3,229526
2025-12-19 05:00:00,265.3,265.5,265.12,265.47,52906
2025-12-19 05:05:00,265.5,265.67,265.4,265.51,66396
2025-12-19 05:10:00,265.51,265.55,265.07,265.15,77983
2025-12-19 05:15:00,265.27,265.41,265.12,265.21,57400
2025-12-19 05:20:00,265.2,265.4,265.15,265.2,31007
2025-12-19 05:25:00,265.11,265.26,265.1,265.22,38202
2025-12-19 05:30:00,265.22,265.27,265.1,265.25,25724
2025-12-19 05:35:00,265.25,265.26,264.67,264.75,70814
2025-12-19 05:40:00,264.75,264.89,264.73,264.83,37114
2025-12-19 05:45:00,264.83,264.84,264.54,264.64,39465
2025-12-19 05:50:00,264.61,264.8,264.27,264.4,84442
2025-12-19 05:55:00,264.4,264.55,264.1,264.1,80512
2025-12-19 06:00:00,264.12,264.12,263.55,263.77,110074
2025-12-19 06:05:00,263.77,263.8,263.62,263.77,42133
2025-12-19 06:10:00,263.79,263.86,263.3,263.65,113524
2025-12-19 06:15:00,263.63,264.16,263.55,264.07,88598
2025-12-19 06:20:00,264.06,264.2,264.0,264.13,40386
2025-12-19 06:25:00,264.18,264.3,263.76,263.85,78348
2025-12-19 06:30:00,263.89,263.95,263.73,263.91,48337
2025-12-19 06:35:00,263.93,264.0,263.71,264.0,88636
2025-12-19 06:40:00,264.0,264.44,263.97,264.28,299109
2025-12-19 06:45:00,264.3,264.46,264.11,264.25,56785
2025-12-19 06:50:00,264.13,264.28,264.05,264.16,29451
2025-12-19 06:55:00,264.15,264.5,264.11,264.4,60743
2025-12-19 07:00:00,264.4,264.42,264.3,264.31,30086
2025-12-19 07:05:00,264.31,264.32,264.02,264.19,47787
2025-12-19 07:10:00,264.17,264.24,264.06,264.19,38953
2025-12-19 07:15:00,264.22,264.24,263.93,264.17,45495
2025-12-19 07:20:00,264.17,264.17,263.9,264.02,33838
2025-12-19 07:25:00,264.02,264.14,264.0,264.05,34619
2025-12-19 07:30:00,264.05,264.15,264.02,264.15,38294
2025-12-19 07:35:00,264.13,264.27,264.05,264.1,39179
2025-12-19 07:40:00,264.1,264.37,264.05,264.36,47729
2025-12-19 07:45:00,264.35,264.37,264.1,264.2,51068
2025-12-19 07:50:00,264.2,264.39,264.1,264.2,41656
2025-12-19 07:55:00,264.19,264.76,264.05,264.38,100299
2025-12-19 08:00:00,264.38,264.38,264.16,264.18,58438
2025-12-19 08:05:00,264.17,264.18,263.8,263.85,56592
2025-12-19 08:10:00,263.83,264.0,263.83,263.94,60929
2025-12-19 08:15:00,263.94,264.14,263.91,264.03,76379
2025-12-19 08:20:00,264.0,264.03,263.98,264.02,50347
2025-12-19 08:25:00,264.01,264.43,264.01,264.39,96214
2025-12-19 08:30:00,264.38,264.4,264.0,264.03,78730
2025-12-19 08:35:00,264.03,264.21,264.0,264.07,75623
2025-12-19 08:40:00,264.02,264.52,264.02,264.52,124633
2025-12-19 08:45:00,264.52,264.54,264.33,264.5,127249
2025-12-19 08:50:00,264.51,264.79,264.46,264.62,132646
2025-12-19 08:55:00,264.59,264.77,264.46,264.6,212525
2025-12-19 09:00:00,264.6,264.75,264.44,264.44,138368
2025-12-19 09:05:00,264.48,264.78,264.4,264.74,151592
2025-12-19 09:10:00,264.73,264.75,264.42,264.48,191809
2025-12-19 09:15:00,264.48,264.62,264.2,264.42,172667
2025-12-19 09:20:00,264.4,264.57,264.26,264.43,164467
2025-12-19 09:25:00,264.44,264.44,264.18,264.22,126031
2025-12-19 09:30:00,264.33,264.72,264.16,264.69,1338589
2025-12-19 09:35:00,264.68,264.79,264.39,264.45,758615
2025-12-19 09:40:00,264.44,264.45,264.22,264.22,729063
2025-12-19 09:45:00,264.23,264.44,264.22,264.44,1081067
2025-12-19 09:50:00,264.44,264.59,264.44,264.59,821174
2025-12-19 09:55:00,264.59,264.66,264.05,264.17,759604
2025-12-22 03:45:00,267.51,269.39,266.8,268.33,828409
2025-12-22 03:50:00,268.33,268.47,267.6,267.96,412719
2025-12-22 03:55:00,267.96,268.33,267.63,268.0,230230
2025-12-22 04:00:00,268.05,268.37,267.89,267.95,162618
2025-12-22 04:05:00,267.92,268.5,267.84,268.3,182987
2025-12-22 04:10:00,268.3,269.18,268.23,268.92,427758
2025-12-22 04:15:00,268.86,269.42,268.72,268.74,222456
2025-12-22 04:20:00,268.73,269.75,268.73,269.51,354395
2025-12-22 04:25:00,269.57,269.89,269.29,269.78,254175
2025-12-22 04:30:00,269.82,270.1,269.31,269.99,390525
2025-12-22 04:35:00,269.99,270.99,269.82,270.64,425831
2025-12-22 04:40:00,270.65,271.49,270.6,271.17,441793
2025-12-22 04:45:00,271.1,272.1,270.9,271.98,492993
2025-12-22 04:50:00,272.0,272.27,271.43,271.62,340800
2025-12-22 04:55:00,271.67,271.68,271.19,271.63,151168
2025-12-22 05:00:00,271.62,271.62,270.8,271.0,252891
2025-12-22 05:05:00,270.9,271.38,270.9,271.14,146047
2025-12-22 05:10:00,271.06,271.8,271.06,271.65,168801
2025-12-22 05:15:00,271.65,271.75,271.1,271.17,121489
2025-12-22 05:20:00,271.17,272.05,271.1,271.9,349226
2025-12-22 05:25:00,271.89,272.34,271.58,271.88,173517
2025-12-22 05:30:00,271.98,272.0,271.71,271.92,79063
2025-12-22 05:35:00,271.99,272.35,271.76,272.35,125909
2025-12-22 05:40:00,272.34,272.66,272.25,272.35,162622
2025-12-22 05:45:00,272.35,272.6,271.85,271.91,136670
2025-12-22 05:50:00,272.0,272.48,271.88,272.3,130081
2025-12-22 05:55:00,272.3,272.48,272.14,272.3,74080
2025-12-22 06:00:00,272.39,272.45,272.26,272.31,50949
2025-12-22 06:05:00,272.31,272.8,272.16,272.78,162583
2025-12-22 06:10:00,272.78,272.95,272.61,272.88,157760
2025-12-22 06:15:00,272.92,272.95,272.75,272.91,66760
2025-12-22 06:20:00,272.95,273.1,272.8,272.95,185829
2025-12-22 06:25:00,272.98,273.05,272.62,272.84,123222
2025-12-22 06:30:00,272.8,272.9,272.4,272.63,105964
2025-12-22 06:35:00,272.63,272.7,272.33,272.64,78367
2025-12-22 06:40:00,272.64,272.75,272.3,272.31,59663
2025-12-22 06:45:00,272.33,272.73,272.31,272.47,83938
2025-12-22 06:50:00,272.5,272.64,272.4,272.58,54416
2025-12-22 06:55:00,272.55,272.64,272.33,272.36,53757
2025-12-22 07:00:00,272.44,272.5,272.2,272.23,71098
2025-12-22 07:05:00,272.3,272.3,272.01,272.3,60365
2025-12-22 07:10:00,272.37,272.47,272.1,272.2,43708
2025-12-22 07:15:00,272.19,272.38,272.09,272.25,48495
2025-12-22 07:20:00,272.25,272.37,272.07,272.37,93935
2025-12-22 07:25:00,272.37,272.5,272.32,272.49,76623
2025-12-22 07:30:00,272.49,273.0,272.49,272.6,300468
2025-12-22 07:35:00,272.55,272.68,272.31,272.45,144032
2025-12-22 07:40:00,272.46,272.69,272.36,272.69,60039
2025-12-22 07:45:00,272.69,273.0,272.61,272.85,67742
2025-12-22 07:50:00,272.81,272.98,272.63,272.77,62679
2025-12-22 07:55:00,272.68,272.89,272.45,272.76,99042
2025-12-22 08:00:00,272.72,272.89,272.64,272.71,87851
2025-12-22 08:05:00,272.71,272.73,272.27,272.33,99513
2025-12-22 08:10:00,272.3,272.49,272.24,272.42,69915
2025-12-22 08:15:00,272.42,272.5,272.3,272.35,57874
2025-12-22 08:20:00,272.45,272.45,272.02,272.2,148626
2025-12-22 08:25:00,272.21,272.32,272.11,272.22,95487
2025-12-22 08:30:00,272.33,272.37,272.08,272.08,73407
2025-12-22 08:35:00,272.08,272.2,271.67,271.7,292669
2025-12-22 08:40:00,271.69,271.91,271.64,271.77,173583
2025-12-22 08:45:00,271.76,271.91,271.74,271.75,59494
2025-12-22 08:50:00,271.77,272.07,271.56,271.83,172924
2025-12-22 08:55:00,271.82,271.99,271.63,271.85,64417
2025-12-22 09:00:00,271.79,271.99,271.57,271.83,141105
2025-12-22 09:05:00,271.83,271.99,271.63,271.81,205430
2025-12-22 09:10:00,271.82,271.99,271.71,271.75,63776
2025-12-22 09:15:00,271.76,271.93,271.7,271.75,139995
2025-12-22 09:20:00,271.76,272.0,271.76,271.85,95863
2025-12-22 09:25:00,271.86,272.15,271.83,272.01,146960
2025-12-22 09:30:00,272.02,272.59,272.02,272.45,432311
2025-12-22 09:35:00,272.45,272.55,272.37,272.51,212839
2025-12-22 09:40:00,272.51,272.62,272.38,272.43,331049
2025-12-22 09:45:00,272.43,272.98,272.4,272.74,539228
2025-12-22 09:50:00,272.75,273.02,272.57,273.01,747171
2025-12-22 09:55:00,273.01,273.07,272.44,272.65,514757
2025-12-23 03:45:00,272.0,272.07,270.64,270.95,453852
2025-12-23 03:50:00,271.0,271.5,270.59,271.22,531883
2025-12-23 03:55:00,271.14,271.25,270.35,270.38,189840
2025-12-23 04:00:00,270.38,270.86,270.21,270.86,313745
2025-12-23 04:05:00,270.86,271.6,270.8,271.26,233124
2025-12-23 04:10:00,271.26,271.4,270.9,271.17,134197
2025-12-23 04:15:00,271.21,271.24,270.9,271.12,157358
2025-12-23 04:20:00,271.12,271.27,270.57,271.27,133427
2025-12-23 04:25:00,271.27,271.35,270.96,271.26,470098
2025-12-23 04:30:00,271.29,272.27,271.26,271.98,175090
2025-12-23 04:35:00,272.0,272.28,271.95,272.13,70494
2025-12-23 04:40:00,272.1,272.43,272.0,272.4,95905
2025-12-23 04:45:00,272.38,272.48,272.15,272.21,71748
2025-12-23 04:50:00,272.2,272.2,271.62,271.91,77032
2025-12-23 04:55:00,271.95,272.08,271.68,271.99,50016
2025-12-23 05:00:00,271.98,271.99,271.51,271.57,46468
2025-12-23 05:05:00,271.58,271.58,271.12,271.34,44983
2025-12-23 05:10:00,271.34,271.86,271.3,271.69,71750
2025-12-23 05:15:00,271.68,271.76,271.34,271.54,36211
2025-12-23 05:20:00,271.54,271.69,271.23,271.35,50058
2025-12-23 05:25:00,271.33,271.5,271.31,271.42,26193
2025-12-23 05:30:00,271.48,271.5,271.29,271.5,24425
2025-12-23 05:35:00,271.51,271.7,271.32,271.63,39069
2025-12-23 05:40:00,271.64,271.78,271.51,271.68,46403
2025-12-23 05:45:00,271.6,271.7,271.36,271.51,29557
2025-12-23 05:50:00,271.6,271.74,271.51,271.62,22669
2025-12-23 05:55:00,271.62,271.73,271.53,271.62,29108
2025-12-23 06:00:00,271.71,271.72,271.39,271.41,22762
2025-12-23 06:05:00,271.41,271.43,271.05,271.07,34160
2025-12-23 06:10:00,271.1,271.23,271.06,271.12,45461
2025-12-23 06:15:00,271.2,271.2,271.0,271.03,39033
2025-12-23 06:20:00,271.12,271.42,271.0,271.3,31171
2025-12-23 06:25:00,271.31,271.39,271.13,271.26,27830
2025-12-23 06:30:00,271.28,271.45,271.18,271.31,27808
2025-12-23 06:35:00,271.33,271.43,271.11,271.2,21718
2025-12-23 06:40:00,271.2,271.21,271.11,271.11,31951
2025-12-23 06:45:00,271.11,271.15,270.9,270.99,33414
2025-12-23 06:50:00,270.99,271.02,270.81,271.0,41517
2025-12-23 06:55:00,271.0,271.02,270.78,270.78,17050
2025-12-23 07:00:00,270.9,270.99,270.77,270.84,25551
2025-12-23 07:05:00,270.84,271.0,270.82,270.9,23464
2025-12-23 07:10:00,270.9,271.0,270.81,270.86,16658
2025-12-23 07:15:00,270.86,270.95,270.75,270.84,23698
2025-12-23 07:20:00,270.8,270.87,270.64,270.85,31822
2025-12-23 07:25:00,270.84,270.97,270.65,270.8,34373
2025-12-23 07:30:00,270.8,271.32,270.8,270.96,64045
2025-12-23 07:35:00,270.96,271.99,270.89,271.8,152134
2025-12-23 07:40:00,271.81,271.88,271.21,271.32,49162
2025-12-23 07:45:00,271.32,271.75,271.16,271.71,38946
2025-12-23 07:50:00,271.71,271.78,271.44,271.44,15517
2025-12-23 07:55:00,271.5,271.6,271.39,271.5,16455
2025-12-23 08:00:00,271.44,271.6,271.4,271.5,26054
2025-12-23 08:05:00,271.5,271.63,271.36,271.46,19561
2025-12-23 08:10:00,271.46,271.7,271.4,271.67,29839
2025-12-23 08:15:00,271.66,271.88,271.51,271.81,53459
2025-12-23 08:20:00,271.8,271.8,271.5,271.6,31134
2025-12-23 08:25:00,271.55,271.79,271.54,271.65,22907
2025-12-23 08:30:00,271.6,271.71,271.51,271.6,17942
2025-12-23 08:35:00,271.63,271.63,271.34,271.42,20719
2025-12-23 08:40:00,271.52,271.56,271.32,271.54,24333
2025-12-23 08:45:00,271.54,271.76,271.4,271.53,137034
2025-12-23 08:50:00,271.43,271.54,271.4,271.5,40920
2025-12-23 08:55:00,271.51,271.64,271.2,271.33,57903
2025-12-23 09:00:00,271.33,271.33,271.0,271.0,89713
2025-12-23 09:05:00,271.04,271.15,270.93,270.98,57449
2025-12-23 09:10:00,270.95,271.02,270.6,270.6,139073
2025-12-23 09:15:00,270.6,271.0,270.6,270.73,106523
2025-12-23 09:20:00,270.76,270.96,270.61,270.66,124418
2025-12-23 09:25:00,270.72,270.93,270.66,270.82,82380
2025-12-23 09:30:00,270.91,271.92,270.91,271.35,362201
2025-12-23 09:35:00,271.36,271.51,271.0,271.0,264541
2025-12-23 09:40:00,271.02,271.43,270.99,271.4,287012
2025-12-23 09:45:00,271.36,271.53,271.21,271.46,362515
2025-12-23 09:50:00,271.5,271.65,271.34,271.56,358372
2025-12-23 09:55:00,271.56,271.99,271.2,271.3,331707
2025-12-24 03:45:00,270.94,270.98,268.79,269.3,194596
2025-12-24 03:50:00,269.3,269.82,269.12,269.29,110926
2025-12-24 03:55:00,269.29,269.45,269.01,269.19,55539
2025-12-24 04:00:00,269.37,269.37,268.8,269.01,98856
2025-12-24 04:05:00,269.04,269.33,268.7,268.71,84647
2025-12-24 04:10:00,268.75,269.02,268.49,268.91,120978
2025-12-24 04:15:00,268.96,269.98,268.69,269.13,317361
2025-12-24 04:20:00,269.2,269.52,269.03,269.07,56622
2025-12-24 04:25:00,269.14,269.35,268.83,269.15,33536
2025-12-24 04:30:00,269.17,269.32,269.01,269.1,20368
2025-12-24 04:35:00,269.1,269.65,269.06,269.48,44122
2025-12-24 04:40:00,269.48,269.64,269.2,269.41,37539
2025-12-24 04:45:00,269.46,269.83,269.31,269.44,73915
2025-12-24 04:50:00,269.44,269.57,269.24,269.24,35885
2025-12-24 04:55:00,269.31,269.69,269.24,269.3,55174
2025-12-24 05:00:00,269.36,269.66,269.36,269.42,28234
2025-12-24 05:05:00,269.42,269.78,269.37,269.51,30194
2025-12-24 05:10:00,269.57,269.59,269.21,269.29,43520
2025-12-24 05:15:00,269.29,269.45,269.05,269.2,30963
2025-12-24 05:20:00,269.22,269.22,268.78,268.86,107551
2025-12-24 05:25:00,268.86,269.0,268.7,269.0,24990
2025-12-24 05:30:00,268.95,269.2,268.62,268.7,39508
2025-12-24 05:35:00,268.76,268.8,268.5,268.53,35986
2025-12-24 05:40:00,268.5,268.85,268.42,268.7,32704
2025-12-24 05:45:00,268.74,268.85,268.67,268.8,17081
2025-12-24 05:50:00,268.83,268.9,268.6,268.66,32007
2025-12-24 05:55:00,268.66,268.75,268.49,268.65,58736
2025-12-24 06:00:00,268.65,268.65,268.42,268.49,24665
2025-12-24 06:05:00,268.49,268.65,268.43,268.55,26394
2025-12-24 06:10:00,268.5,268.55,268.06,268.08,53017
2025-12-24 06:15:00,268.14,268.25,268.0,268.17,83226
2025-12-24 06:20:00,268.17,268.18,267.8,268.05,115651
2025-12-24 06:25:00,268.09,268.17,267.95,268.14,51236
2025-12-24 06:30:00,268.17,268.5,268.14,268.41,57770
2025-12-24 06:35:00,268.49,268.59,268.0,268.05,68801
2025-12-24 06:40:00,268.06,268.27,267.94,268.1,44238
2025-12-24 06:45:00,268.17,268.22,268.01,268.12,51228
2025-12-24 06:50:00,268.19,268.21,267.94,267.96,43795
2025-12-24 06:55:00,268.0,268.25,267.9,267.96,45234
2025-12-24 07:00:00,268.0,268.03,267.9,267.9,20113
2025-12-24 07:05:00,267.93,268.0,267.61,267.72,113956
2025-12-24 07:10:00,267.72,267.8,267.57,267.67,101056
2025-12-24 07:15:00,267.67,267.87,267.61,267.69,59914
2025-12-24 07:20:00,267.77,267.79,267.6,267.66,40222
2025-12-24 07:25:00,267.65,267.78,267.6,267.68,45079
2025-12-24 07:30:00,267.68,267.77,267.55,267.6,42492
2025-12-24 07:35:00,267.6,267.95,267.35,267.83,135970
2025-12-24 07:40:00,267.88,268.03,267.81,267.85,30697
2025-12-24 07:45:00,267.92,267.92,267.67,267.77,14119
2025-12-24 07:50:00,267.73,267.88,267.7,267.71,23044
2025-12-24 07:55:00,267.79,267.85,267.6,267.61,19948
2025-12-24 08:00:00,267.65,267.65,267.29,267.49,29903
2025-12-24 08:05:00,267.57,267.61,267.45,267.52,10775
2025-12-24 08:10:00,267.5,267.56,267.2,267.5,28146
2025-12-24 08:15:00,267.53,267.53,267.35,267.41,11826
2025-12-24 08:20:00,267.38,267.77,267.38,267.55,24745
2025-12-24 08:25:00,267.65,267.65,267.31,267.31,22943
2025-12-24 08:30:00,267.4,267.44,267.2,267.3,49944
2025-12-24 08:35:00,267.36,267.98,267.3,267.95,89036
2025-12-24 08:40:00,267.95,268.0,267.67,267.85,109905
2025-12-24 08:45:00,267.84,268.0,267.79,267.98,36586
2025-12-24 08:50:00,267.97,267.98,267.61,267.7,23709
2025-12-24 08:55:00,267.7,267.9,267.49,267.76,76665
2025-12-24 09:00:00,267.85,267.94,267.75,267.86,22741
2025-12-24 09:05:00,267.85,267.85,267.62,267.74,17574
2025-12-24 09:10:00,267.72,267.98,267.55,267.89,48316
2025-12-24 09:15:00,267.89,268.24,267.86,268.0,74465
2025-12-24 09:20:00,268.0,268.0,267.7,267.92,45690
2025-12-24 09:25:00,267.84,268.0,267.84,267.94,24094
2025-12-24 09:30:00,267.95,268.1,267.89,267.95,138307
2025-12-24 09:35:00,267.94,268.33,267.91,268.25,176023
2025-12-24 09:40:00,268.18,268.3,268.02,268.15,92160
2025-12-24 09:45:00,268.11,268.15,267.98,268.08,151050
2025-12-24 09:50:00,268.1,268.17,267.99,268.15,110696
2025-12-24 09:55:00,268.25,268.25,267.9,268.14,126773
2025-12-26 03:45:00,267.2,268.2,266.55,267.42,119163
2025-12-26 03:50:00,267.43,267.87,267.2,267.45,52357
2025-12-26 03:55:00,267.41,267.76,267.21,267.51,67509
2025-12-26 04:00:00,267.6,267.7,266.83,267.06,37740
2025-12-26 04:05:00,267.01,267.33,266.96,267.23,32865
2025-12-26 04:10:00,267.23,267.5,267.14,267.42,53784
2025-12-26 04:15:00,267.5,267.94,267.37,267.85,31528
2025-12-26 04:20:00,267.88,267.89,267.4,267.74,37011
2025-12-26 04:25:00,267.74,268.15,267.72,268.1,67211
2025-12-26 04:30:00,268.1,268.5,267.88,268.5,60000
2025-12-26 04:35:00,268.43,268.58,268.3,268.4,29549
2025-12-26 04:40:00,268.44,268.88,268.3,268.67,36355
2025-12-26 04:45:00,268.66,268.74,268.1,268.15,41957
2025-12-26 04:50:00,268.1,268.22,267.64,268.03,49445
2025-12-26 04:55:00,268.06,268.23,268.0,268.15,32517
2025-12-26 05:00:00,268.26,268.29,268.02,268.14,17946
2025-12-26 05:05:00,268.1,268.19,267.91,268.16,39083
2025-12-26 05:10:00,268.16,268.34,267.97,268.11,31043
2025-12-26 05:15:00,268.05,268.4,267.94,268.4,19903
2025-12-26 05:20:00,268.33,268.49,268.1,268.2,33792
2025-12-26 05:25:00,268.2,268.25,268.1,268.12,15079
2025-12-26 05:30:00,268.14,268.25,268.0,268.11,27499
2025-12-26 05:35:00,268.11,268.14,267.85,268.08,147356
2025-12-26 05:40:00,268.08,268.1,267.5,267.83,98224
2025-12-26 05:45:00,267.84,267.86,267.12,267.2,78651
2025-12-26 05:50:00,267.18,267.25,267.0,267.15,45492
2025-12-26 05:55:00,267.15,267.3,267.0,267.23,29787
2025-12-26 06:00:00,267.23,267.5,267.14,267.5,8750
2025-12-26 06:05:00,267.5,267.55,267.3,267.33,15424
2025-12-26 06:10:00,267.33,267.49,267.17,267.35,207945
2025-12-26 06:15:00,267.34,267.5,267.23,267.5,12728
2025-12-26 06:20:00,267.43,267.54,267.35,267.53,29121
2025-12-26 06:25:00,267.53,268.0,267.46,267.97,26932
2025-12-26 06:30:00,267.97,268.0,267.8,267.93,14900
2025-12-26 06:35:00,267.93,267.95,267.58,267.66,7181
2025-12-26 06:40:00,267.7,267.7,267.13,267.27,40772
2025-12-26 06:45:00,267.24,267.3,266.8,266.87,29755
2025-12-26 06:50:00,266.97,267.1,266.85,266.98,9718
2025-12-26 06:55:00,266.98,267.24,266.88,267.08,21322
2025-12-26 07:00:00,267.08,267.12,266.88,266.99,12379
2025-12-26 07:05:00,266.99,267.22,266.88,267.14,16546
2025-12-26 07:10:00,267.16,267.34,266.94,267.11,11340
2025-12-26 07:15:00,267.02,267.2,266.99,267.12,13120
2025-12-26 07:20:00,267.11,267.13,266.97,267.06,10121
2025-12-26 07:25:00,267.06,267.08,266.6,266.7,17968
2025-12-26 07:30:00,266.63,266.8,266.6,266.6,21074
2025-12-26 07:35:00,266.7,266.74,266.5,266.65,37093
2025-12-26 07:40:00,266.56,266.7,266.5,266.67,16050
2025-12-26 07:45:00,266.67,266.86,266.55,266.64,22198
2025-12-26 07:50:00,266.62,266.8,266.55,266.55,8384
2025-12-26 07:55:00,266.6,266.72,266.33,266.54,23328
2025-12-26 08:00:00,266.59,266.63,266.32,266.37,16979
2025-12-26 08:05:00,266.32,266.54,266.21,266.38,34460
2025-12-26 08:10:00,266.38,266.6,266.38,266.5,26534
2025-12-26 08:15:00,266.49,266.5,266.11,266.34,14210
2025-12-26 08:20:00,266.29,266.46,266.15,266.32,26269
2025-12-26 08:25:00,266.38,266.49,266.25,266.34,20210
2025-12-26 08:30:00,266.34,266.52,266.18,266.21,23453
2025-12-26 08:35:00,266.21,266.37,266.1,266.19,20216
2025-12-26 08:40:00,266.22,266.4,266.01,266.34,33297
2025-12-26 08:45:00,266.31,266.44,266.0,266.15,16604
2025-12-26 08:50:00,266.2,266.36,266.14,266.25,7777
2025-12-26 08:55:00,266.25,266.28,265.91,266.14,27464
2025-12-26 09:00:00,266.11,266.29,265.92,266.17,14490
2025-12-26 09:05:00,266.16,266.25,265.9,266.0,16338
2025-12-26 09:10:00,266.0,266.0,265.74,265.8,15621
2025-12-26 09:15:00,265.8,266.0,265.74,265.95,56724
2025-12-26 09:20:00,265.91,266.0,265.79,265.9,13810
2025-12-26 09:25:00,265.94,266.04,265.75,266.0,115090
2025-12-26 09:30:00,266.19,266.65,266.09,266.45,132392
2025-12-26 09:35:00,266.4,266.52,266.28,266.49,43222
2025-12-26 09:40:00,266.49,266.53,266.22,266.48,48573
2025-12-26 09:45:00,266.46,266.57,266.29,266.45,78796
2025-12-26 09:50:00,266.49,266.49,266.22,266.38,56375
2025-12-26 09:55:00,266.35,266.37,266.0,266.25,59120
2025-12-29 03:45:00,265.99,267.39,265.62,265.95,176622
2025-12-29 03:50:00,265.99,266.91,265.85,266.84,113864
2025-12-29 03:55:00,266.95,266.95,265.94,265.99,90151
2025-12-29 04:00:00,266.18,267.19,266.11,267.0,108183
2025-12-29 04:05:00,266.97,266.97,266.19,266.24,33683
2025-12-29 04:10:00,266.32,266.79,266.2,266.61,44782
2025-12-29 04:15:00,266.66,267.05,266.63,266.89,39867
2025-12-29 04:20:00,266.9,267.15,266.77,266.95,37633
2025-12-29 04:25:00,266.97,267.05,266.73,266.8,73946
2025-12-29 04:30:00,266.8,266.98,266.72,266.85,67902
2025-12-29 04:35:00,266.85,266.85,265.95,265.99,57440
2025-12-29 04:40:00,266.01,266.53,266.0,266.37,66140
2025-12-29 04:45:00,266.35,266.68,266.34,266.58,31256
2025-12-29 04:50:00,266.59,266.59,266.22,266.45,27780
2025-12-29 04:55:00,266.45,266.63,266.1,266.15,40622
2025-12-29 05:00:00,266.18,266.5,266.04,266.39,35385
2025-12-29 05:05:00,266.39,266.65,266.28,266.44,55922
2025-12-29 05:10:00,266.37,266.65,266.1,266.2,34247
2025-12-29 05:15:00,266.1,266.22,265.82,266.11,60767
2025-12-29 05:20:00,266.22,266.3,266.04,266.24,19222
2025-12-29 05:25:00,266.2,266.32,265.69,265.72,97628
2025-12-29 05:30:00,265.75,265.92,265.42,265.56,65968
2025-12-29 05:35:00,265.64,265.78,265.5,265.75,30037
2025-12-29 05:40:00,265.75,265.79,265.38,265.62,45566
2025-12-29 05:45:00,265.49,265.58,265.11,265.26,43382
2025-12-29 05:50:00,265.3,265.4,265.15,265.23,36716
2025-12-29 05:55:00,265.21,265.75,265.2,265.54,52245
2025-12-29 06:00:00,265.6,265.75,265.47,265.75,101032
2025-12-29 06:05:00,265.75,265.87,265.58,265.64,54036
2025-12-29 06:10:00,265.72,265.84,265.52,265.68,35516
2025-12-29 06:15:00,265.66,265.88,265.6,265.63,20388
2025-12-29 06:20:00,265.7,265.74,265.53,265.65,19207
2025-12-29 06:25:00,265.65,265.75,265.49,265.57,36537
2025-12-29 06:30:00,265.6,265.74,265.38,265.45,35072
2025-12-29 06:35:00,265.41,265.93,265.4,265.84,38803
2025-12-29 06:40:00,265.89,266.12,265.81,265.96,41418
2025-12-29 06:45:00,265.98,265.98,265.51,265.7,68411
2025-12-29 06:50:00,265.69,265.72,265.17,265.4,159206
2025-12-29 06:55:00,265.4,265.97,265.33,265.92,45397
2025-12-29 07:00:00,265.91,265.93,265.36,265.36,42671
2025-12-29 07:05:00,265.36,265.98,265.36,265.98,23574
2025-12-29 07:10:00,265.99,265.99,265.5,265.52,26253
2025-12-29 07:15:00,265.51,265.8,265.37,265.7,22440
2025-12-29 07:20:00,265.7,265.75,265.52,265.71,22087
2025-12-29 07:25:00,265.71,265.92,265.53,265.63,25703
2025-12-29 07:30:00,265.62,265.82,265.4,265.5,23342
2025-12-29 07:35:00,265.5,265.59,265.43,265.53,16651
2025-12-29 07:40:00,265.55,265.64,265.26,265.4,15115
2025-12-29 07:45:00,265.4,265.4,265.0,265.2,40325
2025-12-29 07:50:00,265.2,265.25,265.05,265.15,17557
2025-12-29 07:55:00,265.17,265.29,264.95,265.24,36585
2025-12-29 08:00:00,265.24,265.24,265.0,265.05,16449
2025-12-29 08:05:00,265.13,265.15,264.82,264.84,64084
2025-12-29 08:10:00,264.9,265.1,264.83,265.06,35201
2025-12-29 08:15:00,265.05,265.21,264.94,265.1,34007
2025-12-29 08:20:00,265.1,265.24,264.91,265.0,23126
2025-12-29 08:25:00,264.99,265.12,264.87,265.0,15219
2025-12-29 08:30:00,264.94,265.19,264.86,265.02,23675
2025-12-29 08:35:00,265.09,265.19,264.95,265.1,21280
2025-12-29 08:40:00,265.15,265.3,265.04,265.08,17891
2025-12-29 08:45:00,265.13,265.13,264.74,264.74,30904
2025-12-29 08:50:00,264.74,265.19,264.69,265.18,29460
2025-12-29 08:55:00,265.19,265.65,265.1,265.23,90240
2025-12-29 09:00:00,265.23,265.5,265.13,265.47,27396
2025-12-29 09:05:00,265.44,265.47,264.96,264.97,27964
2025-12-29 09:10:00,264.98,264.99,264.3,264.36,38921
2025-12-29 09:15:00,264.4,264.65,264.3,264.56,20588
2025-12-29 09:20:00,264.56,264.56,263.8,263.97,55231
2025-12-29 09:25:00,264.0,264.19,263.78,264.0,102535
2025-12-29 09:30:00,264.01,264.6,263.97,264.6,71141
2025-12-29 09:35:00,264.59,264.77,264.44,264.45,62959
2025-12-29 09:40:00,264.42,264.42,264.2,264.25,58543
2025-12-29 09:45:00,264.24,264.4,264.05,264.33,108047
2025-12-29 09:50:00,264.32,264.49,264.13,264.27,94947
2025-12-29 09:55:00,264.25,264.33,263.6,264.25,106367
2025-12-30 03:45:00,264.0,264.24,263.06,264.1,206837
2025-12-30 03:50:00,264.1,264.17,263.65,263.84,58525
2025-12-30 03:55:00,263.83,264.3,263.25,263.41,50704
2025-12-30 04:00:00,263.38,263.8,263.38,263.68,39752
2025-12-30 04:05:00,263.68,263.84,263.4,263.7,53654
2025-12-30 04:10:00,263.71,263.71,263.41,263.67,26245
2025-12-30 04:15:00,263.67,263.91,263.55,263.69,29148
2025-12-30 04:20:00,263.62,264.17,263.56,263.96,50862
2025-12-30 04:25:00,263.93,264.72,263.92,264.33,80585
2025-12-30 04:30:00,264.39,264.63,264.22,264.46,23303
2025-12-30 04:35:00,264.46,264.48,264.04,264.25,52652
2025-12-30 04:40:00,263.89,264.3,263.76,264.2,34739
2025-12-30 04:45:00,264.29,264.37,264.2,264.27,22605
2025-12-30 04:50:00,264.27,264.4,264.2,264.39,20896
2025-12-30 04:55:00,264.39,264.41,263.95,263.95,101568
2025-12-30 05:00:00,263.96,263.97,263.71,263.81,42047
2025-12-30 05:05:00,263.79,263.8,263.61,263.77,21182
2025-12-30 05:10:00,263.77,263.8,263.65,263.8,17586
2025-12-30 05:15:00,263.8,264.0,263.65,263.93,34301
2025-12-30 05:20:00,263.93,264.0,263.7,263.7,21051
2025-12-30 05:25:00,263.74,263.83,263.67,263.72,73935
2025-12-30 05:30:00,263.79,263.79,263.54,263.57,30951
2025-12-30 05:35:00,263.65,263.97,263.55,263.85,38255
2025-12-30 05:40:00,263.86,264.01,263.66,263.91,42438
2025-12-30 05:45:00,264.0,264.19,263.76,263.76,52217
2025-12-30 05:50:00,263.87,264.15,263.63,264.0,30651
2025-12-30 05:55:00,264.0,264.11,263.85,263.99,32272
2025-12-30 06:00:00,264.09,264.27,263.93,264.12,61164
2025-12-30 06:05:00,264.11,264.23,263.97,264.02,26586
2025-12-30 06:10:00,263.97,264.15,263.86,263.97,28635
2025-12-30 06:15:00,264.05,264.4,263.98,264.09,40707
2025-12-30 06:20:00,264.14,264.16,263.68,263.8,45324
2025-12-30 06:25:00,263.8,263.99,263.76,263.99,43415
2025-12-30 06:30:00,263.98,264.13,263.76,263.83,37867
2025-12-30 06:35:00,263.91,264.01,263.66,263.7,34204
2025-12-30 06:40:00,263.7,263.95,263.61,263.74,48361
2025-12-30 06:45:00,263.64,264.1,263.63,264.1,73109
2025-12-30 06:50:00,264.04,264.14,263.64,263.81,113360
2025-12-30 06:55:00,263.72,263.99,263.66,263.72,29074
2025-12-30 07:00:00,263.75,263.99,263.72,263.77,52349
2025-12-30 07:05:00,263.72,264.07,263.7,264.0,25972
2025-12-30 07:10:00,263.94,264.13,263.8,263.98,33343
2025-12-30 07:15:00,263.98,264.25,263.86,264.25,42933
2025-12-30 07:20:00,264.2,264.39,263.92,264.04,156305
2025-12-30 07:25:00,264.03,264.33,263.91,264.0,27862
2025-12-30 07:30:00,264.0,264.0,263.73,263.85,24825
2025-12-30 07:35:00,263.8,264.0,263.73,263.92,39286
2025-12-30 07:40:00,263.98,263.99,263.72,263.75,30861
2025-12-30 07:45:00,263.85,263.97,263.68,263.82,52071
2025-12-30 07:50:00,263.88,264.12,263.71,263.96,44666
2025-12-30 07:55:00,263.85,264.07,263.79,264.03,24997
2025-12-30 08:00:00,264.04,264.17,263.98,264.05,24600
2025-12-30 08:05:00,264.15,264.23,263.99,264.08,32550
2025-12-30 08:10:00,264.2,264.3,264.08,264.11,58233
2025-12-30 08:15:00,264.11,264.36,264.08,264.2,92245
2025-12-30 08:20:00,264.19,264.29,263.91,263.91,33781
2025-12-30 08:25:00,263.95,264.0,263.81,263.9,20043
2025-12-30 08:30:00,263.9,263.9,263.69,263.9,37501
2025-12-30 08:35:00,263.84,264.01,263.71,263.83,53568
2025-12-30 08:40:00,263.89,263.99,263.75,263.9,33789
2025-12-30 08:45:00,263.9,264.15,263.78,263.96,38506
2025-12-30 08:50:00,263.94,264.08,263.85,264.0,48188
2025-12-30 08:55:00,263.99,264.01,263.73,263.85,118920
2025-12-30 09:00:00,263.85,263.99,263.77,263.92,43526
2025-12-30 09:05:00,263.9,263.9,263.67,263.79,36536
2025-12-30 09:10:00,263.9,263.94,263.64,263.76,41759
2025-12-30 09:15:00,263.76,263.86,263.65,263.78,33193
2025-12-30 09:20:00,263.79,263.98,263.75,263.82,41771
2025-12-30 09:25:00,263.82,263.86,263.6,263.6,43210
2025-12-30 09:30:00,263.58,263.67,263.02,263.54,310864
2025-12-30 09:35:00,263.43,263.55,263.2,263.38,284561
2025-12-30 09:40:00,263.37,264.08,263.33,263.94,323358
2025-12-30 09:45:00,263.93,264.04,263.62,263.76,342413
2025-12-30 09:50:00,263.78,264.07,263.7,263.87,378921
2025-12-30 09:55:00,263.79,264.39,263.7,264.1,200364
2025-12-31 03:45:00,264.0,264.0,262.7,263.25,93652
2025-12-31 03:50:00,263.11,263.5,263.01,263.34,45890
2025-12-31 03:55:00,263.22,263.41,262.9,263.22,64781
2025-12-31 04:00:00,263.01,263.17,262.37,262.45,53315
2025-12-31 04:05:00,262.48,262.54,262.08,262.34,56018
2025-12-31 04:10:00,262.42,262.48,261.8,261.81,100209
2025-12-31 04:15:00,261.88,262.4,261.7,262.4,49687
2025-12-31 04:20:00,262.35,262.57,262.22,262.36,49841
2025-12-31 04:25:00,262.38,262.4,262.1,262.3,44901
2025-12-31 04:30:00,262.34,262.6,262.24,262.4,52459
2025-12-31 04:35:00,262.4,262.6,262.01,262.51,35018
2025-12-31 04:40:00,262.51,262.74,262.35,262.43,130903
2025-12-31 04:45:00,262.43,262.58,262.43,262.56,11296
2025-12-31 04:50:00,262.57,262.58,262.4,262.54,18389
2025-12-31 04:55:00,262.5,262.6,262.19,262.4,25461
2025-12-31 05:00:00,262.4,262.82,262.34,262.78,24727
2025-12-31 05:05:00,262.78,262.8,262.65,262.73,18931
2025-12-31 05:10:00,262.73,263.2,262.65,263.1,39020
2025-12-31 05:15:00,263.08,263.19,263.0,263.14,13226
2025-12-31 05:20:00,263.17,263.18,262.78,262.8,9512
2025-12-31 05:25:00,262.8,262.96,262.71,262.8,21660
2025-12-31 05:30:00,262.87,262.9,262.53,262.84,20492
2025-12-31 05:35:00,262.86,262.89,262.62,262.75,15603
2025-12-31 05:40:00,262.75,262.89,262.64,262.89,10627
2025-12-31 05:45:00,262.89,262.89,262.75,262.75,16148
2025-12-31 05:50:00,262.84,262.89,262.58,262.65,29306
2025-12-31 05:55:00,262.7,262.85,262.62,262.79,10111
2025-12-31 06:00:00,262.79,262.9,262.7,262.89,18840
2025-12-31 06:05:00,262.9,263.2,262.86,263.15,22384
2025-12-31 06:10:00,263.15,263.28,263.0,263.09,13278
2025-12-31 06:15:00,263.09,263.2,263.0,263.18,14179
2025-12-31 06:20:00,263.18,263.2,263.01,263.05,9633
2025-12-31 06:25:00,263.01,263.13,263.01,263.07,10168
2025-12-31 06:30:00,263.07,263.13,262.86,263.1,44961
2025-12-31 06:35:00,263.13,263.3,263.03,263.3,15956
2025-12-31 06:40:00,263.29,263.3,263.0,263.1,7023
2025-12-31 06:45:00,263.06,263.13,262.83,263.0,21221
2025-12-31 06:50:00,263.0,263.0,262.35,262.45,32433
2025-12-31 06:55:00,262.44,262.44,261.88,261.98,105398
2025-12-31 07:00:00,261.95,262.1,261.95,262.0,34561
2025-12-31 07:05:00,262.0,262.0,261.9,261.96,30526
2025-12-31 07:10:00,261.96,262.11,261.88,262.0,55022
2025-12-31 07:15:00,261.99,262.1,261.91,262.0,25915
2025-12-31 07:20:00,262.0,262.12,261.9,262.0,26940
2025-12-31 07:25:00,262.0,262.27,261.93,262.0,76303
2025-12-31 07:30:00,262.0,262.2,261.82,261.95,140834
2025-12-31 07:35:00,261.95,262.0,261.82,261.98,19138
2025-12-31 07:40:00,261.97,262.15,261.91,262.0,44584
2025-12-31 07:45:00,261.96,262.0,261.85,261.89,25973
2025-12-31 07:50:00,261.89,262.0,261.8,261.95,21467
2025-12-31 07:55:00,261.95,262.0,261.8,261.97,21315
2025-12-31 08:00:00,261.97,262.1,261.78,261.8,27700
2025-12-31 08:05:00,261.78,261.8,261.51,261.65,31545
2025-12-31 08:10:00,261.63,261.81,261.46,261.5,50194
2025-12-31 08:15:00,261.49,261.78,261.47,261.5,178453
2025-12-31 08:20:00,261.5,261.9,261.46,261.88,47449
2025-12-31 08:25:00,261.87,261.87,261.4,261.4,73218
2025-12-31 08:30:00,261.44,261.54,261.26,261.48,25587
2025-12-31 08:35:00,261.5,261.66,261.41,261.5,99718
2025-12-31 08:40:00,261.5,261.6,261.48,261.59,17756
2025-12-31 08:45:00,261.6,261.6,261.48,261.49,12254
2025-12-31 08:50:00,261.5,261.81,261.48,261.61,49273
2025-12-31 08:55:00,261.6,261.74,261.55,261.64,15022
2025-12-31 09:00:00,261.6,261.94,261.43,261.74,320005
2025-12-31 09:05:00,261.65,262.08,261.54,262.06,111973
2025-12-31 09:10:00,262.06,262.88,261.82,262.81,301817
2025-12-31 09:15:00,262.82,263.49,262.71,263.38,581725
2025-12-31 09:20:00,263.38,263.8,263.01,263.27,209654
2025-12-31 09:25:00,263.21,263.33,262.81,263.07,184040
2025-12-31 09:30:00,263.1,263.2,262.72,263.02,277560
2025-12-31 09:35:00,263.02,263.16,263.0,263.03,220317
2025-12-31 09:40:00,263.05,263.05,262.6,262.9,389348
2025-12-31 09:45:00,262.9,264.48,262.88,264.3,292611
2025-12-31 09:50:00,264.26,264.6,263.56,263.75,178430
2025-12-31 09:55:00,263.75,264.0,263.69,263.8,98652
2026-01-01 03:45:00,264.5,268.05,263.75,266.75,611244
2026-01-01 03:50:00,266.9,266.9,265.9,266.35,132573
2026-01-01 03:55:00,266.5,266.6,266.2,266.45,51293
2026-01-01 04:00:00,266.35,266.4,265.4,265.75,56613
2026-01-01 04:05:00,265.8,265.8,265.5,265.75,43263
2026-01-01 04:10:00,265.75,265.75,265.25,265.55,31297
2026-01-01 04:15:00,265.45,265.5,265.2,265.45,29594
2026-01-01 04:20:00,265.45,266.1,265.4,265.85,39697
2026-01-01 04:25:00,265.8,266.35,265.7,266.0,127879
2026-01-01 04:30:00,266.0,266.2,265.8,265.9,27548
2026-01-01 04:35:00,265.9,265.9,265.4,265.5,56628
2026-01-01 04:40:00,265.4,265.5,265.25,265.35,33535
2026-01-01 04:45:00,265.35,265.6,265.15,265.15,27242
2026-01-01 04:50:00,265.25,265.45,265.05,265.4,34153
2026-01-01 04:55:00,265.45,265.8,265.3,265.7,26817
2026-01-01 05:00:00,265.7,266.35,265.7,266.3,63149
2026-01-01 05:05:00,266.3,266.35,266.0,266.0,21966
2026-01-01 05:10:00,266.15,266.15,265.75,265.95,14844
2026-01-01 05:15:00,265.8,266.3,265.8,266.25,24608
2026-01-01 05:20:00,266.2,266.3,266.15,266.25,11795
2026-01-01 05:25:00,266.25,266.3,266.2,266.25,24091
2026-01-01 05:30:00,266.3,266.75,266.15,266.45,57398
2026-01-01 05:35:00,266.55,266.6,266.2,266.2,37197
2026-01-01 05:40:00,266.2,266.45,266.05,266.45,30603
2026-01-01 05:45:00,266.4,266.65,266.25,266.5,15608
2026-01-01 05:50:00,266.6,266.7,266.5,266.7,18036
2026-01-01 05:55:00,266.55,267.55,266.45,266.75,135146
2026-01-01 06:00:00,266.75,267.1,266.7,267.0,39566
2026-01-01 06:05:00,267.0,267.35,266.8,267.3,63771
2026-01-01 06:10:00,267.3,267.45,267.05,267.15,50956
2026-01-01 06:15:00,267.15,267.45,267.0,267.1,75803
2026-01-01 06:20:00,267.2,267.35,267.0,267.35,40145
2026-01-01 06:25:00,267.35,267.4,267.2,267.35,13986
2026-01-01 06:30:00,267.25,267.6,267.2,267.35,46921
2026-01-01 06:35:00,267.35,267.5,267.15,267.25,31112
2026-01-01 06:40:00,267.25,267.3,266.4,266.55,71364
2026-01-01 06:45:00,266.55,266.55,266.4,266.5,12018
2026-01-01 06:50:00,266.5,266.55,266.25,266.45,28460
2026-01-01 06:55:00,266.3,267.2,266.2,266.85,50211
2026-01-01 07:00:00,266.85,267.2,266.75,267.15,23302
2026-01-01 07:05:00,267.15,267.15,266.75,266.8,20700
2026-01-01 07:10:00,266.8,267.1,266.75,267.1,22625
2026-01-01 07:15:00,267.1,267.3,266.95,267.2,26760
2026-01-01 07:20:00,267.1,267.15,266.75,266.9,16556
2026-01-01 07:25:00,266.75,267.1,266.75,267.05,13120
2026-01-01 07:30:00,267.05,267.15,266.9,267.1,12636
2026-01-01 07:35:00,267.0,267.1,266.9,266.95,9939
2026-01-01 07:40:00,267.05,267.05,266.8,266.9,5989
2026-01-01 07:45:00,266.8,267.15,266.8,267.05,19585
2026-01-01 07:50:00,267.05,267.25,266.75,266.9,18238
2026-01-01 07:55:00,266.9,267.0,266.8,267.0,13459
2026-01-01 08:00:00,266.9,267.1,266.8,266.9,8994
2026-01-01 08:05:00,266.9,266.9,266.65,266.9,8630
2026-01-01 08:10:00,266.9,267.1,266.75,266.9,15298
2026-01-01 08:15:00,266.8,266.9,266.65,266.9,14924
2026-01-01 08:20:00,266.9,267.1,266.7,267.0,40874
2026-01-01 08:25:00,266.9,267.1,266.9,267.1,14499
2026-01-01 08:30:00,267.1,267.65,267.0,267.5,55185
2026-01-01 08:35:00,267.6,267.6,267.2,267.35,14745
2026-01-01 08:40:00,267.2,267.5,267.2,267.5,22159
2026-01-01 08:45:00,267.5,267.55,267.25,267.3,27361
2026-01-01 08:50:00,267.3,267.35,267.0,267.3,49141
2026-01-01 08:55:00,267.3,267.3,267.05,267.15,7840
2026-01-01 09:00:00,267.05,267.4,267.05,267.2,21405
2026-01-01 09:05:00,267.3,267.35,267.15,267.3,8775
2026-01-01 09:10:00,267.2,267.3,267.2,267.25,9237
2026-01-01 09:15:00,267.2,267.5,267.2,267.4,22012
2026-01-01 09:20:00,267.45,267.6,267.4,267.5,42039
2026-01-01 09:25:00,267.55,267.8,267.3,267.75,43925
2026-01-01 09:30:00,267.75,267.75,267.3,267.45,105485
2026-01-01 09:35:00,267.55,267.55,267.1,267.3,50344
2026-01-01 09:40:00,267.25,267.6,267.2,267.55,104865
2026-01-01 09:45:00,267.55,267.6,267.3,267.45,124723
2026-01-01 09:50:00,267.6,267.6,267.0,267.1,151844
2026-01-01 09:55:00,267.1,267.75,266.75,267.3,143622
2026-01-02 03:45:00,267.35,267.85,266.5,266.65,108388
2026-01-02 03:50:00,266.65,266.8,266.15,266.65,54871
2026-01-02 03:55:00,266.65,267.35,266.3,267.2,41250
2026-01-02 04:00:00,267.2,267.3,266.6,266.9,41082
2026-01-02 04:05:00,266.9,267.7,266.8,267.7,208571
2026-01-02 04:10:00,267.6,268.75,267.5,268.65,348985
2026-01-02 04:15:00,268.65,268.95,268.3,268.8,96524
2026-01-02 04:20:00,268.8,269.3,268.65,269.15,271304
2026-01-02 04:25:00,269.15,269.2,268.8,269.1,121067
2026-01-02 04:30:00,269.1,269.2,268.9,269.15,75253
2026-01-02 04:35:00,269.15,269.15,268.9,269.1,60930
2026-01-02 04:40:00,268.9,269.1,268.75,268.95,131646
2026-01-02 04:45:00,268.95,269.1,268.85,269.05,126885
2026-01-02 04:50:00,269.05,269.1,268.85,269.0,48644
2026-01-02 04:55:00,269.1,269.1,268.8,268.8,32670
2026-01-02 05:00:00,268.85,269.65,268.75,269.3,127894
2026-01-02 05:05:00,269.3,269.65,269.2,269.65,43329
2026-01-02 05:10:00,269.65,269.65,269.4,269.55,62366
2026-01-02 05:15:00,269.6,269.65,269.35,269.5,45113
2026-01-02 05:20:00,269.65,269.75,269.5,269.6,37040
2026-01-02 05:25:00,269.6,269.85,269.35,269.75,61827
2026-01-02 05:30:00,269.75,270.0,269.65,269.85,92148
2026-01-02 05:35:00,269.85,270.35,269.55,270.35,211420
2026-01-02 05:40:00,270.2,271.0,270.15,270.9,138740
2026-01-02 05:45:00,270.75,271.0,270.7,270.75,77731
2026-01-02 05:50:00,270.85,270.85,270.4,270.65,197852
2026-01-02 05:55:00,270.8,271.5,270.65,271.45,522140
2026-01-02 06:00:00,271.45,271.9,271.3,271.75,401644
2026-01-02 06:05:00,271.85,272.1,271.6,272.05,219511
2026-01-02 06:10:00,272.0,272.4,271.95,271.95,191614
2026-01-02 06:15:00,271.9,272.0,271.6,271.9,109213
2026-01-02 06:20:00,271.85,271.95,271.15,271.35,116780
2026-01-02 06:25:00,271.45,271.45,270.45,270.65,218985
2026-01-02 06:30:00,270.65,271.05,270.55,271.0,54767
2026-01-02 06:35:00,271.0,271.05,270.55,270.65,50761
2026-01-02 06:40:00,270.75,270.9,270.6,270.75,42564
2026-01-02 06:45:00,270.65,271.0,270.65,270.75,39452
2026-01-02 06:50:00,270.8,271.0,270.65,270.9,51396
2026-01-02 06:55:00,270.75,270.95,270.5,270.8,65827
2026-01-02 07:00:00,270.8,271.0,270.7,270.9,44707
2026-01-02 07:05:00,270.9,270.9,270.55,270.8,51345
2026-01-02 07:10:00,270.8,270.85,270.55,270.8,45818
2026-01-02 07:15:00,270.8,270.9,270.5,270.65,64751
2026-01-02 07:20:00,270.5,270.8,270.5,270.7,42395
2026-01-02 07:25:00,270.7,270.75,270.45,270.5,48572
2026-01-02 07:30:00,270.4,270.6,270.25,270.45,75095
2026-01-02 07:35:00,270.35,270.55,270.35,270.45,44585
2026-01-02 07:40:00,270.45,270.5,270.25,270.45,42392
2026-01-02 07:45:00,270.4,270.5,270.15,270.25,60527
2026-01-02 07:50:00,270.3,270.4,270.15,270.3,60211
2026-01-02 07:55:00,270.2,270.35,270.1,270.2,85083
2026-01-02 08:00:00,270.2,270.4,270.05,270.4,64166
2026-01-02 08:05:00,270.35,270.4,269.95,270.1,67096
2026-01-02 08:10:00,270.1,270.25,270.0,270.15,42056
2026-01-02 08:15:00,270.15,270.2,269.85,269.85,45487
2026-01-02 08:20:00,269.85,270.15,269.8,270.0,42480
2026-01-02 08:25:00,270.0,270.15,269.65,269.9,78103
2026-01-02 08:30:00,269.85,270.0,269.7,269.8,56895
2026-01-02 08:35:00,269.7,270.0,269.7,269.9,43119
2026-01-02 08:40:00,269.9,270.0,269.6,269.65,53424
2026-01-02 08:45:00,269.75,269.95,269.55,269.55,64968
2026-01-02 08:50:00,269.6,269.7,269.4,269.65,70191
2026-01-02 08:55:00,269.65,269.8,269.5,269.55,78923
2026-01-02 09:00:00,269.65,269.7,269.35,269.55,92599
2026-01-02 09:05:00,269.5,269.5,269.0,269.1,77653
2026-01-02 09:10:00,269.05,269.35,269.0,269.3,74356
2026-01-02 09:15:00,269.3,269.6,269.1,269.45,62737
2026-01-02 09:20:00,269.45,269.8,269.35,269.75,64340
2026-01-02 09:25:00,269.75,269.75,268.95,269.55,313864
2026-01-02 09:30:00,269.6,269.8,268.4,268.65,586704
2026-01-02 09:35:00,268.65,269.25,268.45,269.25,187272
2026-01-02 09:40:00,269.2,269.45,269.1,269.45,97515
2026-01-02 09:45:00,269.45,269.5,269.25,269.4,93666
2026-01-02 09:50:00,269.55,269.55,268.8,269.0,137340
2026-01-02 09:55:00,268.95,269.1,268.6,269.0,162957
2026-01-05 03:45:00,269.45,269.65,265.65,266.65,315127
2026-01-05 03:50:00,266.65,266.65,264.9,265.3,226487
2026-01-05 03:55:00,265.3,265.3,263.3,263.5,229807
2026-01-05 04:00:00,263.35,263.5,262.65,263.0,146029
2026-01-05 04:05:00,262.95,263.8,262.7,262.8,116588
2026-01-05 04:10:00,262.85,263.4,262.8,263.1,83120
2026-01-05 04:15:00,263.1,263.5,263.0,263.35,64323
2026-01-05 04:20:00,263.45,263.75,262.2,262.65,210321
2026-01-05 04:25:00,262.65,262.85,261.7,261.8,184217
2026-01-05 04:30:00,261.9,262.45,261.8,262.05,105599
2026-01-05 04:35:00,262.05,263.6,261.85,263.5,90216
2026-01-05 04:40:00,263.4,263.65,263.15,263.2,216340
2026-01-05 04:45:00,263.3,263.45,263.0,263.4,66057
2026-01-05 04:50:00,263.45,264.0,263.35,263.95,211009
2026-01-05 04:55:00,263.95,263.95,263.55,263.6,57742
2026-01-05 05:00:00,263.6,263.65,263.35,263.4,57370
2026-01-05 05:05:00,263.4,263.45,262.9,263.05,81535
2026-01-05 05:10:00,263.0,263.05,262.25,262.7,189604
2026-01-05 05:15:00,262.7,262.95,262.4,262.85,76806
2026-01-05 05:20:00,262.95,263.4,262.85,263.2,59712
2026-01-05 05:25:00,263.2,263.2,262.8,262.9,32417
2026-01-05 05:30:00,262.8,264.0,262.65,263.7,163079
2026-01-05 05:35:00,263.7,263.8,263.4,263.6,89048
2026-01-05 05:40:00,263.6,264.0,263.45,263.8,60688
2026-01-05 05:45:00,263.75,264.05,263.5,264.05,121084
2026-01-05 05:50:00,264.05,264.4,263.9,264.0,79782
2026-01-05 05:55:00,264.0,264.2,263.45,263.75,102754
2026-01-05 06:00:00,263.85,264.15,263.75,264.15,74259
2026-01-05 06:05:00,264.15,264.15,263.7,264.05,91439
2026-01-05 06:10:00,264.05,264.15,263.95,264.15,40414
2026-01-05 06:15:00,264.15,264.15,263.5,263.6,112369
2026-01-05 06:20:00,263.5,263.95,263.5,263.8,90945
2026-01-05 06:25:00,263.8,264.3,263.7,264.3,51084
2026-01-05 06:30:00,264.3,264.7,264.1,264.7,64584
2026-01-05 06:35:00,264.7,264.75,264.2,264.45,80770
2026-01-05 06:40:00,264.45,264.55,264.1,264.4,39306
2026-01-05 06:45:00,264.4,264.8,264.25,264.75,68936
2026-01-05 06:50:00,264.65,264.95,264.65,264.75,120103
2026-01-05 06:55:00,264.65,264.75,264.5,264.6,32870
2026-01-05 07:00:00,264.6,264.75,264.25,264.25,57328
2026-01-05 07:05:00,264.4,264.6,264.2,264.25,62644
2026-01-05 07:10:00,264.25,264.55,264.25,264.4,47883
2026-01-05 07:15:00,264.3,264.4,264.1,264.4,36783
2026-01-05 07:20:00,264.35,264.6,264.3,264.4,100052
2026-01-05 07:25:00,264.4,264.5,264.0,264.1,52538
2026-01-05 07:30:00,264.1,264.1,264.0,264.05,16764
2026-01-05 07:35:00,264.1,264.1,263.9,264.0,31725
2026-01-05 07:40:00,264.0,264.1,263.9,264.0,22746
2026-01-05 07:45:00,263.95,264.1,263.9,264.0,42705
2026-01-05 07:50:00,264.05,264.35,263.9,264.25,25190
2026-01-05 07:55:00,264.35,264.35,264.1,264.2,25818
2026-01-05 08:00:00,264.25,264.25,263.85,264.0,49742
2026-01-05 08:05:00,264.0,264.0,263.8,264.0,41402
2026-01-05 08:10:00,264.0,264.4,263.9,264.35,80454
2026-01-05 08:15:00,264.25,264.35,264.0,264.05,22251
2026-01-05 08:20:00,264.05,264.25,264.0,264.15,27805
2026-01-05 08:25:00,264.1,264.25,263.95,264.2,47799
2026-01-05 08:30:00,264.1,264.2,263.7,263.7,32070
2026-01-05 08:35:00,263.75,263.8,263.45,263.7,99835
2026-01-05 08:40:00,263.7,263.8,263.6,263.65,18886
2026-01-05 08:45:00,263.65,263.8,263.5,263.5,31595
2026-01-05 08:50:00,263.55,263.9,263.4,263.9,33386
2026-01-05 08:55:00,263.85,263.9,263.5,263.65,21331
2026-01-05 09:00:00,263.65,263.75,263.55,263.75,26048
2026-01-05 09:05:00,263.75,263.8,263.2,263.3,83290
2026-01-05 09:10:00,263.25,263.6,263.2,263.55,44087
2026-01-05 09:15:00,263.55,263.9,263.45,263.8,77814
2026-01-05 09:20:00,263.9,263.95,263.5,263.75,98743
2026-01-05 09:25:00,263.85,264.0,263.7,263.7,91804
2026-01-05 09:30:00,263.95,264.1,263.4,263.45,186992
2026-01-05 09:35:00,263.45,263.55,263.25,263.35,121183
2026-01-05 09:40:00,263.35,263.6,263.2,263.5,207048
2026-01-05 09:45:00,263.5,263.65,263.3,263.5,244189
2026-01-05 09:50:00,263.4,263.5,262.8,263.0,253606
2026-01-05 09:55:00,262.85,263.2,262.55,263.0,215432
2026-01-06 03:45:00,263.3,265.35,262.95,264.8,258318
2026-01-06 03:50:00,264.95,264.95,264.3,264.85,118049
2026-01-06 03:55:00,264.85,265.0,264.65,264.75,74162
2026-01-06 04:00:00,264.75,265.1,264.35,264.9,117970
2026-01-06 04:05:00,264.9,265.25,264.3,264.35,87592
2026-01-06 04:10:00,264.4,264.65,264.2,264.65,66292
2026-01-06 04:15:00,264.65,264.9,264.45,264.65,39493
2026-01-06 04:20:00,264.65,265.0,264.45,265.0,50709
2026-01-06 04:25:00,265.0,266.05,265.0,265.9,125397
2026-01-06 04:30:00,266.0,266.1,265.25,265.4,76183
2026-01-06 04:35:00,265.3,265.4,265.0,265.05,45117
2026-01-06 04:40:00,265.1,265.3,264.95,265.0,35161
2026-01-06 04:45:00,265.05,265.15,264.8,264.85,32687
2026-01-06 04:50:00,264.8,264.95,264.2,264.3,45975
2026-01-06 04:55:00,264.3,264.6,264.15,264.2,31952
2026-01-06 05:00:00,264.25,264.5,264.05,264.25,43098
2026-01-06 05:05:00,264.2,264.3,264.0,264.2,30230
2026-01-06 05:10:00,264.1,264.45,264.1,264.4,26422
2026-01-06 05:15:00,264.4,264.65,264.2,264.4,25457
2026-01-06 05:20:00,264.45,264.5,264.3,264.4,14110
2026-01-06 05:25:00,264.5,264.5,264.0,264.45,44298
2026-01-06 05:30:00,264.35,264.85,264.25,264.85,32030
2026-01-06 05:35:00,264.85,265.05,264.7,265.0,27456
2026-01-06 05:40:00,265.0,265.15,264.7,264.8,36605
2026-01-06 05:45:00,264.8,264.85,264.5,264.7,39327
2026-01-06 05:50:00,264.6,264.7,264.45,264.5,29957
2026-01-06 05:55:00,264.5,264.75,264.45,264.7,46198
2026-01-06 06:00:00,264.7,264.85,264.4,264.65,34769
2026-01-06 06:05:00,264.7,264.8,264.55,264.55,22762
2026-01-06 06:10:00,264.45,264.65,264.25,264.55,32191
2026-01-06 06:15:00,264.55,264.55,264.25,264.45,18533
2026-01-06 06:20:00,264.5,264.7,264.3,264.65,24702
2026-01-06 06:25:00,264.7,264.75,264.45,264.6,33545
2026-01-06 06:30:00,264.6,264.75,264.4,264.7,17137
2026-01-06 06:35:00,264.8,265.0,264.6,264.7,29974
2026-01-06 06:40:00,264.6,264.85,264.55,264.75,18461
2026-01-06 06:45:00,264.65,264.75,264.45,264.55,12131
2026-01-06 06:50:00,264.55,264.55,264.3,264.55,30506
2026-01-06 06:55:00,264.5,264.7,264.3,264.65,24418
2026-01-06 07:00:00,264.7,264.7,264.5,264.65,25626
2026-01-06 07:05:00,264.65,264.9,264.6,264.6,27268
2026-01-06 07:10:00,264.75,264.8,264.55,264.7,20579
2026-01-06 07:15:00,264.7,264.85,264.4,264.55,15575
2026-01-06 07:20:00,264.45,264.95,264.45,264.95,19297
2026-01-06 07:25:00,264.85,264.95,264.75,264.9,33259
2026-01-06 07:30:00,264.85,264.95,264.8,264.9,40119
2026-01-06 07:35:00,264.8,265.15,264.8,265.05,45154
2026-01-06 07:40:00,265.0,265.1,264.8,264.9,26518
2026-01-06 07:45:00,264.8,264.9,264.6,264.7,15679
2026-01-06 07:50:00,264.6,264.7,264.5,264.65,15050
2026-01-06 07:55:00,264.65,264.65,264.45,264.5,33309
2026-01-06 08:00:00,264.5,264.5,264.1,264.35,21017
2026-01-06 08:05:00,264.25,264.45,264.2,264.25,13408
2026-01-06 08:10:00,264.25,264.35,264.1,264.3,18826
2026-01-06 08:15:00,264.3,264.4,264.1,264.25,14576
2026-01-06 08:20:00,264.35,264.5,264.2,264.25,35267
2026-01-06 08:25:00,264.2,264.35,264.1,264.35,19976
2026-01-06 08:30:00,264.25,264.4,264.1,264.2,39452
2026-01-06 08:35:00,264.2,264.2,263.8,263.9,41099
2026-01-06 08:40:00,263.9,264.05,263.8,263.95,40339
2026-01-06 08:45:00,263.9,263.95,263.75,263.75,31437
2026-01-06 08:50:00,263.75,264.0,263.7,263.95,34033
2026-01-06 08:55:00,263.95,264.3,263.85,264.3,43268
2026-01-06 09:00:00,264.2,264.3,264.0,264.2,23930
2026-01-06 09:05:00,264.2,264.35,263.95,264.2,55922
2026-01-06 09:10:00,264.35,264.45,264.15,264.15,32618
2026-01-06 09:15:00,264.25,264.6,264.15,264.6,69895
2026-01-06 09:20:00,264.6,265.2,264.6,265.1,101761
2026-01-06 09:25:00,265.05,265.45,265.05,265.4,43704
2026-01-06 09:30:00,265.35,265.8,265.35,265.75,212514
2026-01-06 09:35:00,265.75,265.95,265.7,265.75,213801
2026-01-06 09:40:00,265.7,265.8,265.65,265.7,162179
2026-01-06 09:45:00,265.65,265.7,265.5,265.5,183052
2026-01-06 09:50:00,265.5,265.55,265.3,265.4,185068
2026-01-06 09:55:00,265.4,265.45,264.95,265.1,211686
2026-01-07 03:45:00,265.0,267.8,264.5,267.5,335280
2026-01-07 03:50:00,267.55,269.2,267.4,268.5,302778
2026-01-07 03:55:00,268.5,268.5,267.6,267.6,142181
2026-01-07 04:00:00,267.7,267.7,267.1,267.65,65026
2026-01-07 04:05:00,267.8,268.65,267.8,268.5,83162
2026-01-07 04:10:00,268.6,268.6,267.05,267.05,90782
2026-01-07 04:15:00,267.1,267.5,267.0,267.35,63969
2026-01-07 04:20:00,267.3,268.0,267.25,267.8,64287
2026-01-07 04:25:00,268.0,268.95,267.9,268.9,133781
2026-01-07 04:30:00,269.0,270.75,269.0,270.5,482381
2026-01-07 04:35:00,270.45,271.45,270.25,271.05,328917
2026-01-07 04:40:00,271.0,271.15,270.7,271.0,120285
2026-01-07 04:45:00,271.0,271.2,270.2,270.2,230289
2026-01-07 04:50:00,270.3,271.15,269.85,271.1,770089
2026-01-07 04:55:00,271.1,271.25,270.1,271.15,140326
2026-01-07 05:00:00,271.2,271.25,270.7,270.85,341212
2026-01-07 05:05:00,270.85,271.05,270.75,270.95,90253
2026-01-07 05:10:00,271.15,271.45,270.85,271.35,172032
2026-01-07 05:15:00,271.4,271.9,271.3,271.75,155163
2026-01-07 05:20:00,271.7,272.5,271.6,271.75,290538
2026-01-07 05:25:00,271.75,272.25,271.5,271.9,157950
2026-01-07 05:30:00,271.95,271.95,271.5,271.5,88303
2026-01-07 05:35:00,271.5,271.7,271.1,271.3,95849
2026-01-07 05:40:00,271.2,271.45,270.6,270.6,123675
2026-01-07 05:45:00,270.65,271.4,270.1,271.05,625661
2026-01-07 05:50:00,271.0,271.15,270.4,270.4,220292
2026-01-07 05:55:00,270.45,270.45,270.0,270.2,94896
2026-01-07 06:00:00,270.25,270.9,270.2,270.8,96310
2026-01-07 06:05:00,270.9,270.9,270.1,270.1,79553
2026-01-07 06:10:00,270.2,270.2,269.8,269.9,113455
2026-01-07 06:15:00,269.8,270.2,269.2,270.0,494257
2026-01-07 06:20:00,270.05,270.2,270.0,270.05,35881
2026-01-07 06:25:00,270.05,270.2,269.7,269.8,256931
2026-01-07 06:30:00,269.8,270.15,269.7,269.9,40527
2026-01-07 06:35:00,269.8,270.1,269.75,270.05,46260
2026-01-07 06:40:00,270.0,270.2,269.8,270.05,28409
2026-01-07 06:45:00,270.1,270.2,269.75,269.8,53262
2026-01-07 06:50:00,269.85,270.0,269.75,269.85,32214
2026-01-07 06:55:00,269.8,270.05,269.6,269.65,36091
2026-01-07 07:00:00,269.8,269.95,269.6,269.8,36073
2026-01-07 07:05:00,269.9,270.0,269.6,269.75,45938
2026-01-07 07:10:00,269.7,269.75,269.2,269.35,42922
2026-01-07 07:15:00,269.35,269.4,268.9,269.0,66610
2026-01-07 07:20:00,269.0,269.25,268.9,269.1,40201
2026-01-07 07:25:00,269.05,269.5,269.0,269.45,78021
2026-01-07 07:30:00,269.35,269.7,269.2,269.55,45408
2026-01-07 07:35:00,269.6,269.85,269.5,269.6,49008
2026-01-07 07:40:00,269.5,269.7,269.3,269.4,25505
2026-01-07 07:45:00,269.3,269.6,269.05,269.05,53035
2026-01-07 07:50:00,269.05,269.2,268.8,268.95,54866
2026-01-07 07:55:00,268.9,269.0,268.7,268.95,30812
2026-01-07 08:00:00,269.0,269.15,268.85,268.95,58056
2026-01-07 08:05:00,269.0,269.6,268.95,269.3,98785
2026-01-07 08:10:00,269.35,269.4,269.0,269.35,45764
2026-01-07 08:15:00,269.35,269.5,269.15,269.45,43625
2026-01-07 08:20:00,269.45,269.5,269.05,269.15,58339
2026-01-07 08:25:00,269.05,269.4,269.0,269.4,45513
2026-01-07 08:30:00,269.3,269.6,269.15,269.4,50717
2026-01-07 08:35:00,269.4,269.6,269.25,269.55,53639
2026-01-07 08:40:00,269.6,269.95,269.5,269.75,68935
2026-01-07 08:45:00,269.75,270.0,269.75,270.0,119501
2026-01-07 08:50:00,269.95,270.05,269.7,269.8,73864
2026-01-07 08:55:00,269.9,269.9,269.5,269.75,68665
2026-01-07 09:00:00,269.8,269.95,269.2,269.35,73103
2026-01-07 09:05:00,269.45,269.75,269.3,269.6,63140
2026-01-07 09:10:00,269.7,269.9,269.6,269.85,50719
2026-01-07 09:15:00,269.85,270.0,269.75,269.9,48816
2026-01-07 09:20:00,269.9,270.4,269.8,270.3,78667
2026-01-07 09:25:00,270.4,270.5,270.1,270.45,107248
2026-01-07 09:30:00,270.45,270.8,270.3,270.6,165573
2026-01-07 09:35:00,270.6,270.85,270.5,270.6,289252
2026-01-07 09:40:00,270.65,271.25,270.55,271.0,243561
2026-01-07 09:45:00,271.0,271.05,270.7,270.75,223499
2026-01-07 09:50:00,270.8,270.95,270.75,270.8,175099
2026-01-07 09:55:00,270.85,270.95,270.1,270.35,230025
2026-01-08 03:45:00,270.9,270.9,267.55,269.9,263249
2026-01-08 03:50:00,269.75,270.1,267.8,267.85,156305
2026-01-08 03:55:00,267.95,267.95,266.55,266.7,143877
2026-01-08 04:00:00,266.7,266.75,266.0,266.0,106794
2026-01-08 04:05:00,266.1,267.2,266.1,267.15,82696
2026-01-08 04:10:00,267.05,267.25,266.65,266.7,96331
2026-01-08 04:15:00,266.7,266.75,266.4,266.65,98146
2026-01-08 04:20:00,266.6,268.1,266.3,267.9,231125
2026-01-08 04:25:00,267.85,268.3,266.95,268.2,547122
2026-01-08 04:30:00,268.2,268.2,267.3,267.4,53281
2026-01-08 04:35:00,267.4,267.4,266.4,266.85,372482
2026-01-08 04:40:00,266.9,267.2,266.5,267.1,77041
2026-01-08 04:45:00,267.15,267.15,266.4,266.75,48005
2026-01-08 04:50:00,266.65,267.65,266.65,267.65,84139
2026-01-08 04:55:00,267.65,267.9,266.5,266.65,145992
2026-01-08 05:00:00,266.65,266.65,265.8,266.1,292496
2026-01-08 05:05:00,266.1,266.25,265.95,266.1,87301
2026-01-08 05:10:00,266.2,266.6,266.1,266.4,60635
2026-01-08 05:15:00,266.4,266.8,266.2,266.25,96394
2026-01-08 05:20:00,266.25,266.35,266.1,266.3,71315
2026-01-08 05:25:00,266.3,266.4,266.25,266.3,38821
2026-01-08 05:30:00,266.25,266.25,265.85,266.05,86961
2026-01-08 05:35:00,266.0,266.05,265.85,265.9,34303
2026-01-08 05:40:00,265.95,265.95,265.55,265.7,51063
2026-01-08 05:45:00,265.65,265.8,265.45,265.65,68164
2026-01-08 05:50:00,265.65,265.7,265.1,265.45,80254
2026-01-08 05:55:00,265.45,265.75,265.25,265.45,135483
2026-01-08 06:00:00,265.5,265.5,265.1,265.2,55518
2026-01-08 06:05:00,265.25,266.15,265.2,266.0,96838
2026-01-08 06:10:00,265.9,266.0,265.6,265.75,77049
2026-01-08 06:15:00,265.75,265.75,265.05,265.25,257813
2026-01-08 06:20:00,265.25,265.35,264.8,265.0,234595
2026-01-08 06:25:00,265.0,265.2,264.45,264.45,89933
2026-01-08 06:30:00,264.4,264.5,263.9,264.3,236018
2026-01-08 06:35:00,264.3,264.6,264.1,264.55,200218
2026-01-08 06:40:00,264.6,264.8,264.4,264.75,62082
2026-01-08 06:45:00,264.75,264.95,264.45,264.5,50338
2026-01-08 06:50:00,264.45,264.75,264.4,264.6,65467
2026-01-08 06:55:00,264.5,264.85,264.4,264.85,46208
2026-01-08 07:00:00,264.85,264.85,264.05,264.2,74098
2026-01-08 07:05:00,264.15,264.5,264.05,264.5,57628
2026-01-08 07:10:00,264.45,264.6,264.2,264.6,152485
2026-01-08 07:15:00,264.55,264.55,263.95,264.2,96262
2026-01-08 07:20:00,264.3,264.35,264.05,264.15,32380
2026-01-08 07:25:00,264.15,264.2,263.45,263.65,152093
2026-01-08 07:30:00,263.7,264.25,263.5,264.25,94135
2026-01-08 07:35:00,264.25,264.3,264.0,264.15,52335
2026-01-08 07:40:00,264.15,264.15,263.6,263.7,75535
2026-01-08 07:45:00,263.7,263.7,263.25,263.4,87778
2026-01-08 07:50:00,263.4,263.6,263.35,263.45,32874
2026-01-08 07:55:00,263.45,263.6,263.35,263.45,39292
2026-01-08 08:00:00,263.45,263.45,262.8,263.25,54374
2026-01-08 08:05:00,263.25,263.3,262.55,262.7,213376
2026-01-08 08:10:00,262.75,262.85,262.55,262.8,52869
2026-01-08 08:15:00,262.8,263.45,262.75,263.2,128182
2026-01-08 08:20:00,263.15,263.35,262.9,263.2,51520
2026-01-08 08:25:00,263.15,263.45,262.95,263.1,68862
2026-01-08 08:30:00,263.15,263.3,262.85,263.0,51625
2026-01-08 08:35:00,262.95,263.2,262.75,262.9,95569
2026-01-08 08:40:00,262.9,263.1,262.7,263.0,67870
2026-01-08 08:45:00,262.9,263.0,262.7,262.85,75833
2026-01-08 08:50:00,262.85,263.0,262.6,262.65,59252
2026-01-08 08:55:00,262.7,262.75,262.3,262.45,75570
2026-01-08 09:00:00,262.4,262.95,262.2,262.8,119228
2026-01-08 09:05:00,262.8,262.8,262.45,262.55,104882
2026-01-08 09:10:00,262.6,263.25,262.5,263.15,127822
2026-01-08 09:15:00,263.15,263.45,262.95,263.3,116682
2026-01-08 09:20:00,263.3,263.75,263.15,263.6,140236
2026-01-08 09:25:00,263.6,263.7,263.4,263.55,111100
2026-01-08 09:30:00,263.55,263.6,262.8,262.85,236911
2026-01-08 09:35:00,262.8,263.15,262.7,263.1,148588
2026-01-08 09:40:00,263.05,263.05,261.9,262.0,292991
2026-01-08 09:45:00,262.0,262.15,261.65,261.75,214532
2026-01-08 09:50:00,261.8,261.95,261.4,261.7,432882
2026-01-08 09:55:00,261.65,262.0,261.35,262.0,175622
2026-01-09 03:45:00,261.35,263.0,260.55,262.85,489263
2026-01-09 03:50:00,262.8,262.9,261.0,261.15,267546
2026-01-09 03:55:00,261.15,261.55,260.45,260.5,80319
2026-01-09 04:00:00,260.5,261.9,260.45,261.75,145620
2026-01-09 04:05:00,261.75,262.3,261.3,261.65,152821
2026-01-09 04:10:00,261.65,262.5,261.0,262.5,102854
2026-01-09 04:15:00,262.5,263.4,262.4,263.25,97196
2026-01-09 04:20:00,263.35,263.35,262.45,263.0,57910
2026-01-09 04:25:00,263.0,263.15,262.75,263.1,59907
2026-01-09 04:30:00,263.1,263.15,262.65,262.7,76712
2026-01-09 04:35:00,262.7,262.95,262.35,262.75,46916
2026-01-09 04:40:00,262.85,263.1,262.55,262.75,46518
2026-01-09 04:45:00,262.75,263.9,262.75,263.75,98195
2026-01-09 04:50:00,263.6,263.95,263.5,263.5,45346
2026-01-09 04:55:00,263.4,263.6,263.1,263.45,33267
2026-01-09 05:00:00,263.45,263.5,262.95,263.05,25002
2026-01-09 05:05:00,263.1,263.2,262.75,263.15,27750
2026-01-09 05:10:00,263.2,263.65,263.2,263.55,25833
2026-01-09 05:15:00,263.55,263.75,263.45,263.6,32821
2026-01-09 05:20:00,263.6,263.6,263.4,263.55,17259
2026-01-09 05:25:00,263.45,263.6,263.0,263.25,37580
2026-01-09 05:30:00,263.35,263.35,263.0,263.25,16911
2026-01-09 05:35:00,263.25,263.45,263.05,263.4,30519
2026-01-09 05:40:00,263.4,263.55,263.25,263.3,38867
2026-01-09 05:45:00,263.3,263.45,263.0,263.15,45478
2026-01-09 05:50:00,263.15,263.6,263.1,263.3,35073
2026-01-09 05:55:00,263.4,263.65,263.25,263.35,21126
2026-01-09 06:00:00,263.4,263.55,263.3,263.5,18203
2026-01-09 06:05:00,263.5,263.55,262.35,262.75,57349
2026-01-09 06:10:00,262.75,263.1,262.6,262.8,20165
2026-01-09 06:15:00,262.85,262.9,262.5,262.6,20478
2026-01-09 06:20:00,262.55,262.9,262.55,262.75,29862
2026-01-09 06:25:00,262.75,263.0,262.45,262.75,22705
2026-01-09 06:30:00,262.75,263.05,262.45,263.05,42031
2026-01-09 06:35:00,263.05,263.05,262.8,262.9,10310
2026-01-09 06:40:00,262.9,262.9,262.45,262.45,23982
2026-01-09 06:45:00,262.5,262.65,262.35,262.4,14760
2026-01-09 06:50:00,262.45,262.45,262.2,262.25,11871
2026-01-09 06:55:00,262.2,262.5,262.05,262.1,30192
2026-01-09 07:00:00,262.0,262.45,262.0,262.2,20449
2026-01-09 07:05:00,262.2,262.4,262.0,262.25,37713
2026-01-09 07:10:00,262.4,262.4,262.0,262.35,23727
2026-01-09 07:15:00,262.35,262.35,261.9,262.2,48837
2026-01-09 07:20:00,262.1,262.35,262.0,262.3,8951
2026-01-09 07:25:00,262.3,262.45,262.0,262.2,30567
2026-01-09 07:30:00,262.2,262.6,262.15,262.5,19732
2026-01-09 07:35:00,262.6,262.65,262.35,262.4,25509
2026-01-09 07:40:00,262.55,262.7,262.4,262.4,13051
2026-01-09 07:45:00,262.4,262.4,262.1,262.3,13410
2026-01-09 07:50:00,262.3,262.45,262.2,262.3,12041
2026-01-09 07:55:00,262.2,262.3,262.0,262.1,21975
2026-01-09 08:00:00,262.2,262.25,262.0,262.15,15526
2026-01-09 08:05:00,262.15,262.65,262.05,262.4,34534
2026-01-09 08:10:00,262.55,262.55,262.05,262.2,20301
2026-01-09 08:15:00,262.1,262.25,261.9,262.05,85077
2026-01-09 08:20:00,262.0,262.2,262.0,262.1,15822
2026-01-09 08:25:00,262.1,262.35,261.95,262.15,37373
2026-01-09 08:30:00,262.2,262.4,262.1,262.3,28237
2026-01-09 08:35:00,262.35,262.35,261.9,262.05,82037
2026-01-09 08:40:00,262.15,262.15,261.8,261.9,127733
2026-01-09 08:45:00,262.0,262.1,261.55,261.7,72844
2026-01-09 08:50:00,261.75,261.85,261.25,261.35,78067
2026-01-09 08:55:00,261.4,261.8,260.95,261.05,86810
2026-01-09 09:00:00,261.0,261.15,260.8,261.1,47431
2026-01-09 09:05:00,261.0,261.3,260.95,261.2,70703
2026-01-09 09:10:00,261.2,261.7,260.85,261.5,130578
2026-01-09 09:15:00,261.6,262.1,261.5,262.0,74511
2026-01-09 09:20:00,261.95,262.2,261.7,262.1,51002
2026-01-09 09:25:00,262.2,262.55,262.05,262.2,96423
2026-01-09 09:30:00,262.45,262.45,261.65,261.9,146326
2026-01-09 09:35:00,261.9,262.1,261.65,261.9,114763
2026-01-09 09:40:00,261.9,262.15,261.7,262.05,118162
2026-01-09 09:45:00,262.05,262.1,261.75,261.85,140751
2026-01-09 09:50:00,261.85,262.4,261.75,262.05,184552
2026-01-09 09:55:00,262.1,262.5,261.6,262.5,124254
2026-01-12 03:45:00,260.7,262.2,259.05,261.25,196335
2026-01-12 03:50:00,261.25,262.8,261.25,262.3,136222
2026-01-12 03:55:00,262.25,262.3,261.2,261.2,89340
2026-01-12 04:00:00,261.35,262.4,261.25,262.05,125725
2026-01-12 04:05:00,262.15,263.45,261.9,263.0,138399
2026-01-12 04:10:00,263.0,263.1,262.55,262.7,60629
2026-01-12 04:15:00,262.7,263.4,262.2,263.4,119821
2026-01-12 04:20:00,263.3,263.8,263.05,263.2,77063
2026-01-12 04:25:00,263.1,263.25,262.75,262.9,52089
2026-01-12 04:30:00,262.9,263.15,262.7,263.0,46000
2026-01-12 04:35:00,263.1,263.3,263.0,263.05,25522
2026-01-12 04:40:00,263.1,263.1,262.25,262.35,47390
2026-01-12 04:45:00,262.35,262.55,261.95,262.45,36699
2026-01-12 04:50:00,262.35,262.4,262.0,262.2,51378
2026-01-12 04:55:00,262.2,262.8,261.85,262.55,38134
2026-01-12 05:00:00,262.55,262.65,262.2,262.3,33049
2026-01-12 05:05:00,262.3,262.3,261.8,262.25,34306
2026-01-12 05:10:00,262.2,262.3,262.0,262.0,18780
2026-01-12 05:15:00,262.0,262.1,261.5,261.95,32204
2026-01-12 05:20:00,261.8,262.05,261.6,261.7,28411
2026-01-12 05:25:00,261.7,261.8,261.45,261.55,26529
2026-01-12 05:30:00,261.55,261.9,261.4,261.6,44447
2026-01-12 05:35:00,261.55,261.75,261.4,261.6,20442
2026-01-12 05:40:00,261.7,261.8,261.2,261.4,27481
2026-01-12 05:45:00,261.25,261.6,261.25,261.6,19656
2026-01-12 05:50:00,261.5,261.65,260.9,260.9,35634
2026-01-12 05:55:00,260.9,261.15,260.8,260.85,21505
2026-01-12 06:00:00,260.85,260.9,260.0,260.05,49205
2026-01-12 06:05:00,260.05,260.35,259.75,259.9,44902
2026-01-12 06:10:00,259.75,260.05,259.65,259.95,51141
2026-01-12 06:15:00,259.85,260.25,259.75,260.15,17364
2026-01-12 06:20:00,260.2,260.8,260.0,260.7,41979
2026-01-12 06:25:00,260.7,261.05,260.7,261.05,26523
2026-01-12 06:30:00,260.95,261.65,260.9,261.6,48761
2026-01-12 06:35:00,261.5,261.9,261.25,261.8,71171
2026-01-12 06:40:00,261.7,262.1,261.65,262.1,31082
2026-01-12 06:45:00,262.1,262.95,262.1,262.8,39303
2026-01-12 06:50:00,262.7,263.35,262.7,263.2,50810
2026-01-12 06:55:00,263.15,263.2,262.7,262.8,32058
2026-01-12 07:00:00,262.7,263.35,262.7,263.25,29968
2026-01-12 07:05:00,263.25,263.5,263.05,263.2,49216
2026-01-12 07:10:00,263.35,264.5,263.35,264.0,91338
2026-01-12 07:15:00,264.0,264.15,263.6,264.0,27696
2026-01-12 07:20:00,263.95,264.25,263.85,264.0,22927
2026-01-12 07:25:00,263.95,264.0,263.6,263.7,21448
2026-01-12 07:30:00,263.6,263.8,263.5,263.8,37984
2026-01-12 07:35:00,263.7,263.95,263.65,263.7,21962
2026-01-12 07:40:00,263.7,263.85,263.5,263.7,9169
2026-01-12 07:45:00,263.65,263.85,263.5,263.65,17832
2026-01-12 07:50:00,263.65,263.75,263.5,263.7,9236
2026-01-12 07:55:00,263.55,263.65,263.5,263.55,55850
2026-01-12 08:00:00,263.55,264.1,263.5,264.05,39247
2026-01-12 08:05:00,264.0,264.3,264.0,264.2,34717
2026-01-12 08:10:00,264.1,264.5,264.1,264.3,28375
2026-01-12 08:15:00,264.3,264.4,264.2,264.25,19566
2026-01-12 08:20:00,264.2,264.35,263.9,264.05,23501
2026-01-12 08:25:00,263.95,264.1,263.9,264.05,10885
2026-01-12 08:30:00,264.0,264.05,263.6,263.95,23505
2026-01-12 08:35:00,263.95,264.0,263.65,263.95,30902
2026-01-12 08:40:00,263.8,263.95,263.5,263.55,49868
2026-01-12 08:45:00,263.65,263.75,263.5,263.6,43930
2026-01-12 08:50:00,263.55,263.75,263.5,263.65,44211
2026-01-12 08:55:00,263.65,263.65,262.9,262.95,134862
2026-01-12 09:00:00,262.85,263.05,262.6,262.7,45232
2026-01-12 09:05:00,262.65,263.1,262.4,263.1,41049
2026-01-12 09:10:00,263.1,263.25,262.85,263.25,37406
2026-01-12 09:15:00,263.2,263.45,262.9,263.3,46373
2026-01-12 09:20:00,263.2,263.6,263.05,263.4,45246
2026-01-12 09:25:00,263.3,263.7,263.3,263.55,45125
2026-01-12 09:30:00,263.1,263.2,262.9,263.1,78291
2026-01-12 09:35:00,263.0,263.35,263.0,263.25,56298
2026-01-12 09:40:00,263.15,263.3,262.9,263.05,98811
2026-01-12 09:45:00,263.0,263.15,262.9,263.05,90684
2026-01-12 09:50:00,263.0,263.15,262.95,263.05,63568
2026-01-12 09:55:00,263.2,263.65,262.2,263.3,169230
2026-01-13 03:45:00,263.45,264.85,261.3,262.75,563073
2026-01-13 03:50:00,262.9,264.45,262.15,264.2,574317
2026-01-13 03:55:00,264.2,264.4,262.7,262.7,242505
2026-01-13 04:00:00,262.75,262.85,261.9,262.2,197540
2026-01-13 04:05:00,262.15,263.0,262.15,262.65,148683
2026-01-13 04:10:00,262.55,263.05,262.25,262.35,142066
2026-01-13 04:15:00,262.5,263.3,262.5,262.6,180063
2026-01-13 04:20:00,262.6,263.15,262.5,262.7,105758
2026-01-13 04:25:00,262.65,263.1,262.1,263.1,112732
2026-01-13 04:30:00,263.1,263.55,262.8,263.25,142320
2026-01-13 04:35:00,263.2,263.35,262.4,262.65,112588
2026-01-13 04:40:00,262.65,263.35,262.6,262.95,79886
2026-01-13 04:45:00,262.95,263.3,262.5,262.65,76881
2026-01-13 04:50:00,262.65,263.3,262.65,262.85,92574
2026-01-13 04:55:00,263.0,264.0,262.85,263.6,96448
2026-01-13 05:00:00,263.55,264.25,263.5,263.65,122342
2026-01-13 05:05:00,263.8,263.8,263.25,263.4,48324
2026-01-13 05:10:00,263.35,263.4,263.0,263.2,45050
2026-01-13 05:15:00,263.2,263.3,263.1,263.3,47868
2026-01-13 05:20:00,263.3,264.2,263.3,263.8,158440
2026-01-13 05:25:00,263.75,263.8,263.4,263.7,48423
2026-01-13 05:30:00,263.6,263.9,263.25,263.45,44863
2026-01-13 05:35:00,263.45,263.45,262.85,263.4,64850
2026-01-13 05:40:00,263.5,264.0,263.4,263.75,72007
2026-01-13 05:45:00,263.85,263.85,263.2,263.45,34790
2026-01-13 05:50:00,263.45,263.55,263.2,263.35,31872
2026-01-13 05:55:00,263.35,263.5,263.25,263.4,47286
2026-01-13 06:00:00,263.3,263.45,263.2,263.35,32870
2026-01-13 06:05:00,263.45,263.55,263.35,263.5,18247
2026-01-13 06:10:00,263.5,263.65,263.15,263.25,99037
2026-01-13 06:15:00,263.2,263.45,263.1,263.45,33868
2026-01-13 06:20:00,263.45,263.55,263.1,263.25,46022
2026-01-13 06:25:00,263.2,263.5,263.2,263.2,22173
2026-01-13 06:30:00,263.15,263.25,262.85,262.9,20171
2026-01-13 06:35:00,262.85,262.9,262.55,262.85,26401
2026-01-13 06:40:00,262.85,262.95,262.7,262.75,24261
2026-01-13 06:45:00,262.8,263.1,262.7,263.0,28780
2026-01-13 06:50:00,263.05,263.05,262.7,262.75,22449
2026-01-13 06:55:00,262.8,263.25,262.75,263.25,27701
2026-01-13 07:00:00,263.3,263.3,262.9,262.9,25392
2026-01-13 07:05:00,262.95,263.0,262.75,262.95,27210
2026-01-13 07:10:00,262.95,263.15,262.7,263.0,27079
2026-01-13 07:15:00,263.0,263.05,262.6,262.75,20339
2026-01-13 07:20:00,262.65,262.7,262.55,262.55,25530
2026-01-13 07:25:00,262.55,262.6,262.15,262.25,25946
2026-01-13 07:30:00,262.25,262.45,262.1,262.3,43223
2026-01-13 07:35:00,262.2,262.4,262.2,262.3,23398
2026-01-13 07:40:00,262.3,262.8,262.25,262.6,39148
2026-01-13 07:45:00,262.55,263.0,262.5,262.95,35397
2026-01-13 07:50:00,262.8,263.0,262.75,262.95,24945
2026-01-13 07:55:00,262.9,263.15,262.8,262.9,38876
2026-01-13 08:00:00,262.8,262.9,262.55,262.85,22685
2026-01-13 08:05:00,262.85,262.85,262.65,262.8,14532
2026-01-13 08:10:00,262.8,263.3,262.8,263.25,47770
2026-01-13 08:15:00,263.25,263.25,263.0,263.1,19733
2026-01-13 08:20:00,263.1,263.5,263.05,263.45,27366
2026-01-13 08:25:00,263.45,263.45,262.85,262.95,58247
2026-01-13 08:30:00,262.95,263.15,262.75,262.75,69438
2026-01-13 08:35:00,262.8,262.9,262.65,262.75,65675
2026-01-13 08:40:00,262.75,262.75,262.35,262.5,54428
2026-01-13 08:45:00,262.45,262.6,262.35,262.6,58198
2026-01-13 08:50:00,262.6,262.6,262.2,262.3,34360
2026-01-13 08:55:00,262.25,262.6,262.05,262.1,265885
2026-01-13 09:00:00,262.15,262.9,262.0,262.4,109224
2026-01-13 09:05:00,262.45,262.7,262.4,262.5,62740
2026-01-13 09:10:00,262.55,263.05,262.5,263.05,82101
2026-01-13 09:15:00,263.05,263.95,263.0,263.85,187156
2026-01-13 09:20:00,263.85,264.2,263.7,264.1,105532
2026-01-13 09:25:00,264.1,264.45,263.8,264.0,111329
2026-01-13 09:30:00,264.15,264.5,264.0,264.2,193967
2026-01-13 09:35:00,264.2,264.45,264.15,264.3,153404
2026-01-13 09:40:00,264.25,264.45,264.2,264.25,183502
2026-01-13 09:45:00,264.25,264.35,264.1,264.15,164938
2026-01-13 09:50:00,264.15,264.2,264.0,264.2,209201
2026-01-13 09:55:00,264.2,264.5,263.9,264.4,213796
2026-01-14 03:45:00,264.0,264.0,262.15,262.5,144337
2026-01-14 03:50:00,262.5,262.5,260.55,261.3,207192
2026-01-14 03:55:00,261.3,261.65,261.05,261.45,117845
2026-01-14 04:00:00,261.55,261.95,261.45,261.7,96384
2026-01-14 04:05:00,261.8,261.95,261.55,261.7,38129
2026-01-14 04:10:00,261.55,261.65,261.1,261.2,105525
2026-01-14 04:15:00,261.1,261.6,261.05,261.4,45060
2026-01-14 04:20:00,261.4,262.3,261.35,262.3,48621
2026-01-14 04:25:00,262.2,262.65,261.8,262.0,62182
2026-01-14 04:30:00,262.05,262.25,261.9,262.0,26577
2026-01-14 04:35:00,262.0,262.0,261.35,261.6,33058
2026-01-14 04:40:00,261.6,261.6,261.3,261.4,19349
2026-01-14 04:45:00,261.4,261.7,261.2,261.4,31121
2026-01-14 04:50:00,261.5,261.65,261.4,261.55,28999
2026-01-14 04:55:00,261.55,261.55,261.0,261.45,47828
2026-01-14 05:00:00,261.35,261.45,260.8,261.15,67920
2026-01-14 05:05:00,261.15,261.2,260.6,261.0,72066
2026-01-14 05:10:00,261.0,261.9,261.0,261.25,51103
2026-01-14 05:15:00,261.25,261.6,261.0,261.55,25249
2026-01-14 05:20:00,261.7,261.75,261.25,261.5,25303
2026-01-14 05:25:00,261.5,261.7,261.3,261.7,25525
2026-01-14 05:30:00,261.65,261.9,261.6,261.9,37561
2026-01-14 05:35:00,261.8,262.2,261.7,261.8,29961
2026-01-14 05:40:00,261.8,261.85,261.6,261.65,21189
2026-01-14 05:45:00,261.65,262.3,261.65,262.2,40615
2026-01-14 05:50:00,262.2,262.35,262.1,262.1,34750
2026-01-14 05:55:00,262.15,262.4,262.1,262.3,24850
2026-01-14 06:00:00,262.3,262.4,262.2,262.35,23452
2026-01-14 06:05:00,262.35,262.6,262.3,262.45,29336
2026-01-14 06:10:00,262.45,262.55,262.25,262.25,25246
2026-01-14 06:15:00,262.25,262.4,262.15,262.3,10949
2026-01-14 06:20:00,262.3,262.45,262.05,262.1,15872
2026-01-14 06:25:00,262.1,262.25,261.8,262.1,27792
2026-01-14 06:30:00,262.1,262.3,262.05,262.3,10253
2026-01-14 06:35:00,262.3,262.3,261.7,261.8,20510
2026-01-14 06:40:00,261.8,261.95,261.65,261.8,21965
2026-01-14 06:45:00,261.8,261.9,261.5,261.8,35607
2026-01-14 06:50:00,261.8,262.15,261.75,261.95,19515
2026-01-14 06:55:00,261.95,262.0,261.85,262.0,6492
2026-01-14 07:00:00,262.0,262.05,261.45,261.6,30089
2026-01-14 07:05:00,261.6,261.75,261.3,261.35,34764
2026-01-14 07:10:00,261.3,261.35,261.2,261.25,36684
2026-01-14 07:15:00,261.2,261.4,261.0,261.0,64658
2026-01-14 07:20:00,261.0,261.0,260.85,260.95,38275
2026-01-14 07:25:00,260.95,261.0,260.75,261.0,44236
2026-01-14 07:30:00,261.0,261.0,260.9,260.95,35596
2026-01-14 07:35:00,261.0,261.0,260.8,261.0,21777
2026-01-14 07:40:00,261.0,261.05,260.9,260.95,477927
2026-01-14 07:45:00,260.95,260.95,260.6,260.65,34523
2026-01-14 07:50:00,260.65,260.75,260.4,260.5,45059
2026-01-14 07:55:00,260.6,260.85,260.3,260.5,42523
2026-01-14 08:00:00,260.55,260.7,260.0,260.25,50237
2026-01-14 08:05:00,260.25,260.5,260.05,260.3,57402
2026-01-14 08:10:00,260.2,260.35,260.0,260.1,67901
2026-01-14 08:15:00,260.1,260.1,259.8,259.95,81565
2026-01-14 08:20:00,259.95,260.05,259.65,259.85,58312
2026-01-14 08:25:00,259.85,259.9,259.65,259.85,30859
2026-01-14 08:30:00,259.85,260.05,259.75,259.9,61108
2026-01-14 08:35:00,259.8,259.95,259.6,259.95,31482
2026-01-14 08:40:00,259.95,260.0,259.8,260.0,19917
2026-01-14 08:45:00,260.0,260.45,259.9,260.3,71061
2026-01-14 08:50:00,260.25,260.4,259.8,259.9,76773
2026-01-14 08:55:00,259.9,260.25,259.75,260.0,51314
2026-01-14 09:00:00,260.0,260.15,259.95,260.15,37072
2026-01-14 09:05:00,260.15,260.5,260.0,260.4,46214
2026-01-14 09:10:00,260.4,260.7,260.35,260.5,111094
2026-01-14 09:15:00,260.45,260.95,260.45,260.75,78915
2026-01-14 09:20:00,260.75,260.8,260.5,260.7,35343
2026-01-14 09:25:00,260.7,260.95,260.6,260.65,53899
2026-01-14 09:30:00,260.45,260.5,260.15,260.5,534943
2026-01-14 09:35:00,260.5,260.55,260.15,260.35,229259
2026-01-14 09:40:00,260.4,260.4,259.95,260.0,282978
2026-01-14 09:45:00,260.0,260.1,259.9,260.0,276085
2026-01-14 09:50:00,260.0,260.3,259.95,260.3,355988
2026-01-14 09:55:00,260.35,260.95,260.15,260.95,236495
2026-01-16 03:45:00,263.25,267.0,263.0,266.85,1284918
2026-01-16 03:50:00,266.9,268.25,266.8,268.1,535735
2026-01-16 03:55:00,268.05,269.0,267.7,268.75,548387
2026-01-16 04:00:00,268.8,268.8,267.75,268.45,435091
2026-01-16 04:05:00,268.5,268.5,267.8,267.85,209792
2026-01-16 04:10:00,267.95,268.5,267.85,268.25,175599
2026-01-16 04:15:00,268.25,268.65,267.9,268.05,238767
2026-01-16 04:20:00,267.95,268.4,267.6,268.05,254564
2026-01-16 04:25:00,267.95,268.0,267.55,267.7,140848
2026-01-16 04:30:00,267.7,268.5,267.6,268.3,181146
2026-01-16 04:35:00,268.3,268.6,268.1,268.45,168754
2026-01-16 04:40:00,268.5,269.35,268.4,268.95,370724
2026-01-16 04:45:00,268.95,269.8,268.95,269.1,415189
2026-01-16 04:50:00,269.1,269.2,268.7,269.0,206629
2026-01-16 04:55:00,268.9,269.15,268.75,268.95,246668
2026-01-16 05:00:00,268.85,269.0,268.35,268.6,129195
2026-01-16 05:05:00,268.7,269.0,268.5,268.85,93722
2026-01-16 05:10:00,268.85,268.9,267.8,267.9,176428
2026-01-16 05:15:00,267.95,268.5,267.95,268.3,112081
2026-01-16 05:20:00,268.4,268.4,268.05,268.15,85028
2026-01-16 05:25:00,268.25,268.3,267.8,268.0,89071
2026-01-16 05:30:00,267.95,268.25,267.85,268.15,49758
2026-01-16 05:35:00,268.15,268.2,267.9,268.15,70832
2026-01-16 05:40:00,268.1,268.35,267.55,267.7,109874
2026-01-16 05:45:00,267.75,267.85,267.35,267.75,105534
2026-01-16 05:50:00,267.7,267.75,267.2,267.25,96797
2026-01-16 05:55:00,267.25,267.75,267.25,267.55,65863
2026-01-16 06:00:00,267.7,267.9,267.4,267.65,66251
2026-01-16 06:05:00,267.75,268.0,267.65,267.8,51947
2026-01-16 06:10:00,267.9,268.05,267.75,267.9,60964
2026-01-16 06:15:00,267.9,268.35,267.85,268.05,67461
2026-01-16 06:20:00,268.05,268.2,267.9,268.2,52827
2026-01-16 06:25:00,268.2,268.2,267.95,268.0,26672
2026-01-16 06:30:00,268.0,268.2,267.9,268.1,33164
2026-01-16 06:35:00,268.1,268.2,268.05,268.2,43161
2026-01-16 06:40:00,268.2,269.05,268.1,268.95,262969
2026-01-16 06:45:00,269.0,269.25,268.85,268.95,102182
2026-01-16 06:50:00,268.85,269.15,268.7,269.1,127414
2026-01-16 06:55:00,269.05,269.25,268.4,268.4,95591
2026-01-16 07:00:00,268.55,268.8,268.2,268.55,68981
2026-01-16 07:05:00,268.55,269.0,268.55,268.9,45405
2026-01-16 07:10:00,268.9,269.0,268.6,268.6,46767
2026-01-16 07:15:00,268.7,268.7,268.1,268.15,176228
2026-01-16 07:20:00,268.2,268.25,267.9,268.0,213253
2026-01-16 07:25:00,268.0,268.3,267.65,267.75,143863
2026-01-16 07:30:00,267.75,268.25,267.75,268.0,72508
2026-01-16 07:35:00,268.0,268.35,267.9,268.05,44829
2026-01-16 07:40:00,268.15,268.3,267.85,268.05,58171
2026-01-16 07:45:00,268.15,268.5,268.05,268.1,48061
2026-01-16 07:50:00,268.2,268.2,267.8,267.85,29495
2026-01-16 07:55:00,267.8,267.95,267.6,267.9,58619
2026-01-16 08:00:00,267.8,268.2,267.8,267.95,75667
2026-01-16 08:05:00,267.75,267.95,267.75,267.9,42719
2026-01-16 08:10:00,267.8,268.0,267.8,267.8,45629
2026-01-16 08:15:00,267.9,268.0,267.8,267.85,21413
2026-01-16 08:20:00,267.95,267.95,267.6,267.6,94038
2026-01-16 08:25:00,267.75,267.85,267.55,267.7,47281
2026-01-16 08:30:00,267.65,267.85,267.55,267.7,48670
2026-01-16 08:35:00,267.7,267.7,267.2,267.3,85625
2026-01-16 08:40:00,267.35,267.6,267.3,267.55,30400
2026-01-16 08:45:00,267.55,267.6,267.35,267.6,25472
2026-01-16 08:50:00,267.55,267.7,267.15,267.45,85988
2026-01-16 08:55:00,267.4,267.65,267.15,267.45,49163
2026-01-16 09:00:00,267.45,267.95,267.45,267.6,118146
2026-01-16 09:05:00,267.65,267.7,267.45,267.7,63224
2026-01-16 09:10:00,267.65,268.15,267.6,267.75,90802
2026-01-16 09:15:00,267.75,267.9,267.6,267.8,155385
2026-01-16 09:20:00,267.8,267.95,267.7,267.75,51276
2026-01-16 09:25:00,267.75,268.85,267.7,268.25,337547
2026-01-16 09:30:00,268.2,268.2,267.5,267.55,252673
2026-01-16 09:35:00,267.6,267.85,267.5,267.75,182648
2026-01-16 09:40:00,267.8,267.8,267.55,267.7,261830
2026-01-16 09:45:00,267.65,267.85,267.55,267.6,465738
2026-01-16 09:50:00,267.6,267.65,266.8,266.8,464359
2026-01-16 09:55:00,266.8,267.0,266.35,266.8,244895
2026-01-19 03:45:00,252.0,252.0,241.55,243.35,7212841
2026-01-19 03:50:00,243.2,245.45,242.65,244.8,2813990
2026-01-19 03:55:00,244.85,246.65,244.7,245.45,3297044
2026-01-19 04:00:00,245.4,246.45,244.25,246.25,2598955
2026-01-19 04:05:00,246.2,247.35,245.85,247.2,1863800
2026-01-19 04:10:00,247.2,248.0,246.45,247.4,3472057
2026-01-19 04:15:00,247.45,249.3,246.85,248.25,4161298
2026-01-19 04:20:00,248.25,249.25,248.25,248.65,2912494
2026-01-19 04:25:00,248.65,248.9,248.15,248.55,1605431
2026-01-19 04:30:00,248.65,248.75,248.0,248.5,1050122
2026-01-19 04:35:00,248.5,249.3,248.0,249.25,1472351
2026-01-19 04:40:00,249.2,250.1,248.9,250.0,2580182
2026-01-19 04:45:00,250.0,250.15,249.35,250.0,2194036
2026-01-19 04:50:00,249.95,250.15,248.55,249.15,2027599
2026-01-19 04:55:00,249.25,249.3,248.4,248.6,1201576
2026-01-19 05:00:00,248.6,249.6,248.55,249.4,669951
2026-01-19 05:05:00,249.55,249.65,249.1,249.25,687881
2026-01-19 05:10:00,249.25,249.8,249.2,249.55,600908
2026-01-19 05:15:00,249.55,250.15,249.4,249.95,791763
2026-01-19 05:20:00,249.95,249.95,249.0,249.15,579745
2026-01-19 05:25:00,249.15,249.6,249.0,249.5,738101
2026-01-19 05:30:00,249.5,249.65,249.3,249.4,270132
2026-01-19 05:35:00,249.4,249.5,248.0,248.1,558571
2026-01-19 05:40:00,248.15,248.5,247.75,248.5,302944
2026-01-19 05:45:00,248.4,248.55,248.0,248.15,235502
2026-01-19 05:50:00,248.15,248.85,248.0,248.5,279977
2026-01-19 05:55:00,248.55,249.1,248.4,248.5,2073322
2026-01-19 06:00:00,248.6,249.4,248.4,249.4,853552
2026-01-19 06:05:00,249.4,249.5,249.1,249.35,192487
2026-01-19 06:10:00,249.3,249.45,248.85,249.0,534272
2026-01-19 06:15:00,249.0,249.0,248.0,248.3,247395
2026-01-19 06:20:00,248.3,248.3,247.85,248.1,292146
2026-01-19 06:25:00,248.1,248.25,247.8,248.2,218684
2026-01-19 06:30:00,248.2,248.7,248.05,248.1,177064
2026-01-19 06:35:00,248.1,248.3,247.9,248.15,161708
2026-01-19 06:40:00,248.1,248.25,247.95,248.15,130692
2026-01-19 06:45:00,248.15,248.2,247.85,248.0,145775
2026-01-19 06:50:00,247.9,248.1,247.8,247.9,157121
2026-01-19 06:55:00,247.8,248.85,247.8,248.55,443908
2026-01-19 07:00:00,248.55,248.6,248.0,248.1,189207
2026-01-19 07:05:00,248.1,248.1,247.0,247.15,564941
2026-01-19 07:10:00,247.15,247.25,247.0,247.05,193045
2026-01-19 07:15:00,247.0,247.3,247.0,247.2,219058
2026-01-19 07:20:00,247.2,247.25,246.65,246.75,304373
2026-01-19 07:25:00,246.7,246.9,246.4,246.9,304425
2026-01-19 07:30:00,246.9,247.05,246.6,246.9,210421
2026-01-19 07:35:00,246.85,247.25,246.8,247.2,228094
2026-01-19 07:40:00,247.2,247.25,246.7,246.95,187766
2026-01-19 07:45:00,246.85,247.75,246.75,247.1,523879
2026-01-19 07:50:00,247.05,247.2,246.7,246.8,129854
2026-01-19 07:55:00,246.8,246.8,246.5,246.6,114047
2026-01-19 08:00:00,246.6,247.05,246.5,247.0,122692
2026-01-19 08:05:00,247.0,247.0,246.55,246.75,122342
2026-01-19 08:10:00,246.75,246.8,246.15,246.35,374981
2026-01-19 08:15:00,246.25,246.35,246.0,246.2,350456
2026-01-19 08:20:00,246.15,246.4,245.9,246.05,426885
2026-01-19 08:25:00,245.9,246.25,245.9,246.1,198888
2026-01-19 08:30:00,246.1,246.5,246.0,246.2,265658
2026-01-19 08:35:00,246.2,246.65,246.1,246.4,319164
2026-01-19 08:40:00,246.5,246.6,246.0,246.15,256643
2026-01-19 08:45:00,246.15,246.3,245.8,246.25,303335
2026-01-19 08:50:00,246.1,246.4,245.95,246.35,290829
2026-01-19 08:55:00,246.35,246.4,245.8,245.9,340851
2026-01-19 09:00:00,246.0,246.1,245.8,245.9,192265
2026-01-19 09:05:00,245.9,246.35,245.7,246.25,593278
2026-01-19 09:10:00,246.2,246.3,245.7,245.85,574742
2026-01-19 09:15:00,245.85,246.05,245.8,246.05,284708
2026-01-19 09:20:00,246.0,246.75,246.0,246.6,366372
2026-01-19 09:25:00,246.6,246.75,246.25,246.55,393074
2026-01-19 09:30:00,246.55,246.55,246.1,246.2,300649
2026-01-19 09:35:00,246.15,246.2,245.8,246.05,600551
2026-01-19 09:40:00,246.05,246.1,245.8,245.9,681340
2026-01-19 09:45:00,246.0,246.1,245.75,246.05,953813
2026-01-19 09:50:00,246.05,246.1,245.9,246.05,1115642
2026-01-19 09:55:00,246.0,246.05,245.35,245.5,1098809
2026-01-20 03:45:00,245.95,246.0,243.1,244.1,1033446
2026-01-20 03:50:00,244.1,244.65,242.55,242.6,661734
2026-01-20 03:55:00,242.75,242.95,242.3,242.75,433339
2026-01-20 04:00:00,242.65,243.65,242.45,243.55,310118
2026-01-20 04:05:00,243.55,243.6,242.6,242.9,143106
2026-01-20 04:10:00,242.9,243.5,242.4,242.5,326538
2026-01-20 04:15:00,242.5,242.6,242.0,242.55,378173
2026-01-20 04:20:00,242.45,243.4,242.35,242.6,325453
2026-01-20 04:25:00,242.7,243.05,242.4,243.0,160775
2026-01-20 04:30:00,243.0,243.2,242.65,242.8,104890
2026-01-20 04:35:00,242.8,243.35,242.65,243.25,99452
2026-01-20 04:40:00,243.2,243.2,242.9,243.1,71602
2026-01-20 04:45:00,243.1,243.1,242.25,242.65,348648
2026-01-20 04:50:00,242.75,243.15,242.65,242.75,129463
2026-01-20 04:55:00,242.85,242.9,242.35,242.75,134784
2026-01-20 05:00:00,242.75,243.1,242.5,242.6,234155
2026-01-20 05:05:00,242.6,243.2,242.4,243.05,218156
2026-01-20 05:10:00,243.05,243.1,242.8,243.0,87834
2026-01-20 05:15:00,243.0,243.05,242.6,242.8,136921
2026-01-20 05:20:00,242.8,242.8,241.9,242.15,356513
2026-01-20 05:25:00,242.15,242.2,241.6,242.15,195939
2026-01-20 05:30:00,242.15,242.15,241.85,241.9,89474
2026-01-20 05:35:00,241.9,242.0,241.65,241.85,154881
2026-01-20 05:40:00,241.8,241.95,241.7,241.9,151535
2026-01-20 05:45:00,241.9,242.25,241.85,241.95,144689
2026-01-20 05:50:00,242.1,242.15,241.9,242.0,54553
2026-01-20 05:55:00,242.05,242.05,241.75,242.0,66048
2026-01-20 06:00:00,241.95,242.0,241.75,241.85,90008
2026-01-20 06:05:00,241.9,242.0,241.5,241.5,157900
2026-01-20 06:10:00,241.65,241.7,241.4,241.7,98344
2026-01-20 06:15:00,241.7,241.7,241.15,241.3,196062
2026-01-20 06:20:00,241.3,241.4,241.0,241.1,213684
2026-01-20 06:25:00,241.1,241.15,240.6,240.85,341224
2026-01-20 06:30:00,240.9,240.95,240.05,240.1,349551
2026-01-20 06:35:00,240.2,240.3,239.5,239.6,534875
2026-01-20 06:40:00,239.75,240.0,239.6,239.85,201571
2026-01-20 06:45:00,239.85,239.95,239.4,239.45,150933
2026-01-20 06:50:00,239.5,239.95,239.4,239.9,168901
2026-01-20 06:55:00,239.9,239.9,239.6,239.75,97765
2026-01-20 07:00:00,239.75,240.1,239.4,239.6,200426
2026-01-20 07:05:00,239.6,240.2,239.45,240.15,132928
2026-01-20 07:10:00,240.15,240.4,240.0,240.3,110216
2026-01-20 07:15:00,240.35,240.7,240.25,240.5,100942
2026-01-20 07:20:00,240.4,241.0,240.35,240.8,272829
2026-01-20 07:25:00,240.8,240.95,240.6,240.8,214060
2026-01-20 07:30:00,240.8,240.9,240.6,240.9,151989
2026-01-20 07:35:00,240.9,240.9,240.65,240.9,138078
2026-01-20 07:40:00,240.8,240.95,240.55,240.7,183423
2026-01-20 07:45:00,240.7,240.7,240.0,240.1,407282
2026-01-20 07:50:00,240.0,240.45,240.0,240.4,91986
2026-01-20 07:55:00,240.45,240.45,240.1,240.15,60282
2026-01-20 08:00:00,240.15,240.3,239.9,240.0,375125
2026-01-20 08:05:00,240.0,240.05,239.9,240.05,133058
2026-01-20 08:10:00,240.05,240.05,239.85,240.0,99810
2026-01-20 08:15:00,239.95,240.0,239.75,239.9,84249
2026-01-20 08:20:00,239.95,240.3,239.9,240.2,141698
2026-01-20 08:25:00,240.1,240.35,240.0,240.35,87420
2026-01-20 08:30:00,240.35,240.7,240.0,240.6,125985
2026-01-20 08:35:00,240.55,240.55,240.05,240.25,100869
2026-01-20 08:40:00,240.25,240.55,240.25,240.5,131625
2026-01-20 08:45:00,240.45,240.7,240.3,240.65,132683
2026-01-20 08:50:00,240.65,240.85,240.5,240.8,99864
2026-01-20 08:55:00,240.8,241.2,240.75,241.15,172342
2026-01-20 09:00:00,241.1,241.15,240.9,241.0,137388
2026-01-20 09:05:00,241.05,241.1,240.6,240.75,335374
2026-01-20 09:10:00,240.8,240.8,240.4,240.65,250932
2026-01-20 09:15:00,240.6,240.8,240.45,240.6,215952
2026-01-20 09:20:00,240.65,240.75,240.35,240.6,163593
2026-01-20 09:25:00,240.55,240.7,240.1,240.2,295773
2026-01-20 09:30:00,240.15,240.2,239.95,240.15,372745
2026-01-20 09:35:00,240.15,240.35,240.0,240.0,317017
2026-01-20 09:40:00,240.05,240.05,239.5,239.65,249507
2026-01-20 09:45:00,239.5,240.0,239.5,240.0,555138
2026-01-20 09:50:00,240.0,240.1,239.85,240.1,477394
2026-01-20 09:55:00,240.1,240.1,239.75,240.0,410380
2026-01-21 03:45:00,239.9,242.6,238.65,242.3,688527
2026-01-21 03:50:00,242.2,242.35,241.0,241.55,596167
2026-01-21 03:55:00,241.55,241.7,239.95,240.15,511843
2026-01-21 04:00:00,240.15,240.75,239.3,239.55,327498
2026-01-21 04:05:00,239.5,239.95,239.0,239.3,258340
2026-01-21 04:10:00,239.3,240.8,238.9,240.4,511720
2026-01-21 04:15:00,240.4,240.4,239.1,239.8,402039
2026-01-21 04:20:00,239.8,240.3,239.0,239.2,263750
2026-01-21 04:25:00,239.2,240.95,239.15,240.45,245376
2026-01-21 04:30:00,240.5,240.95,240.35,240.75,124854
2026-01-21 04:35:00,240.6,241.25,240.6,240.85,146729
2026-01-21 04:40:00,240.85,241.75,240.4,241.55,273920
2026-01-21 04:45:00,241.4,241.85,241.0,241.15,157790
2026-01-21 04:50:00,241.15,241.8,241.1,241.1,234915
2026-01-21 04:55:00,241.25,241.5,240.55,240.7,186015
2026-01-21 05:00:00,240.8,241.2,240.3,240.6,145518
2026-01-21 05:05:00,240.55,240.7,240.15,240.25,90323
2026-01-21 05:10:00,240.2,240.4,239.8,239.8,118367
2026-01-21 05:15:00,239.85,239.95,238.95,239.1,446329
2026-01-21 05:20:00,239.05,239.35,238.25,238.3,402446
2026-01-21 05:25:00,238.3,238.5,237.9,238.45,481678
2026-01-21 05:30:00,238.5,238.6,238.25,238.6,78533
2026-01-21 05:35:00,238.6,238.75,238.2,238.4,106935
2026-01-21 05:40:00,238.4,239.15,238.4,239.05,200639
2026-01-21 05:45:00,238.95,239.15,238.65,239.15,114554
2026-01-21 05:50:00,239.15,239.15,238.0,238.15,377269
2026-01-21 05:55:00,238.15,238.4,237.6,237.75,284821
2026-01-21 06:00:00,237.75,238.2,237.7,237.85,65853
2026-01-21 06:05:00,237.9,238.2,237.8,238.0,94913
2026-01-21 06:10:00,238.0,238.1,237.8,238.05,50623
2026-01-21 06:15:00,238.0,238.15,237.8,237.9,108419
2026-01-21 06:20:00,237.9,238.2,237.8,238.0,75586
2026-01-21 06:25:00,238.05,238.75,237.95,238.65,144972
2026-01-21 06:30:00,238.7,238.9,238.55,238.7,154111
2026-01-21 06:35:00,238.75,238.95,238.6,238.8,145234
2026-01-21 06:40:00,238.7,239.4,238.55,239.35,124378
2026-01-21 06:45:00,239.4,239.75,239.3,239.45,168776
2026-01-21 06:50:00,239.45,239.65,239.35,239.45,177018
2026-01-21 06:55:00,239.4,239.45,238.65,238.8,117149
2026-01-21 07:00:00,238.75,239.65,238.75,239.65,66829
2026-01-21 07:05:00,239.6,240.0,239.6,239.95,125994
2026-01-21 07:10:00,239.8,240.2,239.5,239.7,131959
2026-01-21 07:15:00,239.6,239.95,239.6,239.9,91693
2026-01-21 07:20:00,239.95,240.05,239.45,240.05,104098
2026-01-21 07:25:00,240.0,240.0,239.55,239.9,179231
2026-01-21 07:30:00,239.85,240.05,239.65,239.7,144798
2026-01-21 07:35:00,239.7,239.7,239.35,239.5,92698
2026-01-21 07:40:00,239.5,239.65,239.2,239.5,62088
2026-01-21 07:45:00,239.5,239.65,239.15,239.25,66062
2026-01-21 07:50:00,239.3,239.4,239.0,239.1,78339
2026-01-21 07:55:00,239.05,239.3,239.0,239.1,86209
2026-01-21 08:00:00,239.15,239.25,238.3,238.55,93607
2026-01-21 08:05:00,238.5,238.95,238.5,238.7,78287
2026-01-21 08:10:00,238.65,238.75,238.2,238.45,118194
2026-01-21 08:15:00,238.5,238.7,238.35,238.55,45490
2026-01-21 08:20:00,238.5,238.65,238.35,238.6,36949
2026-01-21 08:25:00,238.6,238.7,238.45,238.6,31314
2026-01-21 08:30:00,238.55,238.85,238.3,238.8,77630
2026-01-21 08:35:00,238.8,239.05,238.65,238.85,91017
2026-01-21 08:40:00,238.95,239.0,238.65,238.65,260553
2026-01-21 08:45:00,238.65,239.55,238.55,239.15,209863
2026-01-21 08:50:00,239.25,239.3,238.9,239.1,30167
2026-01-21 08:55:00,239.1,239.1,238.7,238.85,47039
2026-01-21 09:00:00,238.85,239.2,238.75,239.15,69702
2026-01-21 09:05:00,239.1,239.4,239.05,239.3,127137
2026-01-21 09:10:00,239.3,239.35,238.85,238.95,167835
2026-01-21 09:15:00,238.95,239.5,238.9,239.5,92677
2026-01-21 09:20:00,239.4,239.7,239.4,239.65,105304
2026-01-21 09:25:00,239.6,240.3,239.5,240.05,160959
2026-01-21 09:30:00,239.95,240.1,239.5,239.55,525186
2026-01-21 09:35:00,239.65,239.65,239.5,239.55,199640
2026-01-21 09:40:00,239.5,239.6,239.5,239.55,333775
2026-01-21 09:45:00,239.5,239.55,239.25,239.45,302815
2026-01-21 09:50:00,239.45,239.45,239.25,239.4,330556
2026-01-21 09:55:00,239.35,239.8,239.2,239.7,359177
2026-01-22 03:45:00,242.0,242.6,240.75,241.7,677668
2026-01-22 03:50:00,241.65,241.95,241.25,241.85,435591
2026-01-22 03:55:00,241.8,242.5,241.65,242.25,379650
2026-01-22 04:00:00,242.15,242.9,241.6,241.6,339160
2026-01-22 04:05:00,241.6,242.0,241.25,241.5,173060
2026-01-22 04:10:00,241.5,241.55,241.1,241.2,147110
2026-01-22 04:15:00,241.15,241.9,241.15,241.8,130799
2026-01-22 04:20:00,241.8,241.95,241.35,241.45,109784
2026-01-22 04:25:00,241.45,241.7,241.3,241.7,89565
2026-01-22 04:30:00,241.7,241.9,241.25,241.45,107313
2026-01-22 04:35:00,241.45,241.8,241.3,241.4,100579
2026-01-22 04:40:00,241.4,241.7,241.2,241.5,97601
2026-01-22 04:45:00,241.5,241.6,241.3,241.5,66479
2026-01-22 04:50:00,241.45,241.7,241.35,241.4,69170
2026-01-22 04:55:00,241.45,241.45,240.9,241.0,156186
2026-01-22 05:00:00,241.1,241.15,240.7,241.1,86513
2026-01-22 05:05:00,241.15,241.4,240.9,240.95,67450
2026-01-22 05:10:00,240.95,241.2,240.85,241.1,35569
2026-01-22 05:15:00,241.1,241.25,240.9,241.05,58997
2026-01-22 05:20:00,241.0,241.35,240.9,241.1,58319
2026-01-22 05:25:00,241.1,241.2,240.5,240.6,63500
2026-01-22 05:30:00,240.55,241.15,240.5,240.9,166518
2026-01-22 05:35:00,240.85,240.9,240.6,240.8,52770
2026-01-22 05:40:00,240.85,241.15,240.65,241.0,49765
2026-01-22 05:45:00,240.95,241.15,240.7,240.75,33735
2026-01-22 05:50:00,240.8,241.15,240.7,241.15,41872
2026-01-22 05:55:00,241.0,241.15,240.65,240.65,48269
2026-01-22 06:00:00,240.7,240.75,240.5,240.55,41846
2026-01-22 06:05:00,240.55,240.7,240.5,240.55,36957
2026-01-22 06:10:00,240.5,240.5,239.85,240.15,173501
2026-01-22 06:15:00,240.15,240.25,240.0,240.2,63841
2026-01-22 06:20:00,240.2,240.3,240.05,240.1,43471
2026-01-22 06:25:00,240.1,240.2,240.0,240.1,73644
2026-01-22 06:30:00,240.05,240.4,240.0,240.4,70370
2026-01-22 06:35:00,240.45,240.5,240.3,240.4,30994
2026-01-22 06:40:00,240.25,240.4,240.2,240.3,31441
2026-01-22 06:45:00,240.3,240.45,240.1,240.35,36092
2026-01-22 06:50:00,240.3,240.55,240.2,240.4,88834
2026-01-22 06:55:00,240.5,240.75,240.45,240.6,53398
2026-01-22 07:00:00,240.6,240.65,240.4,240.5,37398
2026-01-22 07:05:00,240.5,240.5,240.2,240.4,171856
2026-01-22 07:10:00,240.4,240.55,240.2,240.5,43554
2026-01-22 07:15:00,240.4,240.7,240.4,240.6,27286
2026-01-22 07:20:00,240.6,240.75,240.55,240.6,28445
2026-01-22 07:25:00,240.55,240.6,240.2,240.3,48655
2026-01-22 07:30:00,240.2,240.55,240.2,240.25,113728
2026-01-22 07:35:00,240.2,240.35,240.15,240.25,56349
2026-01-22 07:40:00,240.3,240.35,240.05,240.1,35674
2026-01-22 07:45:00,240.1,240.1,239.35,239.5,167654
2026-01-22 07:50:00,239.5,239.6,239.25,239.45,55885
2026-01-22 07:55:00,239.5,239.5,239.25,239.3,63400
2026-01-22 08:00:00,239.3,239.45,239.2,239.4,37670
2026-01-22 08:05:00,239.45,239.75,239.45,239.65,83209
2026-01-22 08:10:00,239.65,239.7,239.3,239.65,82314
2026-01-22 08:15:00,239.65,239.9,239.55,239.7,66185
2026-01-22 08:20:00,239.8,240.15,239.8,240.0,69731
2026-01-22 08:25:00,240.0,240.0,239.8,239.8,35661
2026-01-22 08:30:00,239.8,239.9,239.7,239.7,35271
2026-01-22 08:35:00,239.75,240.2,239.7,240.1,90739
2026-01-22 08:40:00,240.2,240.2,239.85,240.0,79483
2026-01-22 08:45:00,240.0,240.0,239.8,239.9,106015
2026-01-22 08:50:00,240.0,240.2,239.95,240.1,49208
2026-01-22 08:55:00,240.1,240.4,240.05,240.35,76188
2026-01-22 09:00:00,240.4,240.45,240.2,240.45,39054
2026-01-22 09:05:00,240.4,240.65,240.35,240.6,76869
2026-01-22 09:10:00,240.6,240.7,240.5,240.7,61032
2026-01-22 09:15:00,240.65,240.95,240.5,240.65,138748
2026-01-22 09:20:00,240.7,240.75,240.5,240.55,81482
2026-01-22 09:25:00,240.55,240.75,240.4,240.75,186850
2026-01-22 09:30:00,240.75,240.75,240.1,240.2,330003
2026-01-22 09:35:00,240.2,240.9,240.1,240.85,233085
2026-01-22 09:40:00,240.9,241.05,240.65,240.75,215427
2026-01-22 09:45:00,240.8,240.85,240.5,240.6,206663
2026-01-22 09:50:00,240.6,240.8,240.5,240.65,360276
2026-01-22 09:55:00,240.65,241.0,240.35,240.9,316701
2026-01-23 03:45:00,242.3,242.6,241.35,242.15,504931
2026-01-23 03:50:00,242.15,243.0,242.1,242.8,261252
2026-01-23 03:55:00,242.8,243.55,242.8,243.45,465120
2026-01-23 04:00:00,243.45,243.5,242.75,243.0,213751
2026-01-23 04:05:00,243.0,243.05,242.5,242.55,152907
2026-01-23 04:10:00,242.55,242.85,242.4,242.65,116372
2026-01-23 04:15:00,242.65,242.95,242.3,242.8,104375
2026-01-23 04:20:00,242.7,242.85,242.5,242.7,66761
2026-01-23 04:25:00,242.7,242.8,242.5,242.65,85216
2026-01-23 04:30:00,242.65,242.8,242.3,242.75,95973
2026-01-23 04:35:00,242.75,243.2,242.5,242.7,131912
2026-01-23 04:40:00,242.75,242.9,242.65,242.8,60974
2026-01-23 04:45:00,242.8,242.8,242.5,242.55,121844
2026-01-23 04:50:00,242.5,242.5,241.6,241.65,348933
2026-01-23 04:55:00,241.6,241.8,241.4,241.6,172689
2026-01-23 05:00:00,241.6,241.8,241.35,241.6,262989
2026-01-23 05:05:00,241.6,241.8,241.5,241.7,119556
2026-01-23 05:10:00,241.7,241.8,241.25,241.3,112465
2026-01-23 05:15:00,241.25,241.5,241.1,241.25,121238
2026-01-23 05:20:00,241.2,241.3,240.85,240.95,166945
2026-01-23 05:25:00,240.95,240.95,240.35,240.7,136014
2026-01-23 05:30:00,240.65,240.85,240.5,240.65,75009
2026-01-23 05:35:00,240.7,240.75,240.4,240.65,141263
2026-01-23 05:40:00,240.7,240.75,240.55,240.7,63796
2026-01-23 05:45:00,240.65,240.95,240.2,240.25,144275
2026-01-23 05:50:00,240.25,240.3,240.15,240.15,70262
2026-01-23 05:55:00,240.1,240.2,240.1,240.15,51343
2026-01-23 06:00:00,240.1,240.2,239.55,239.6,254097
2026-01-23 06:05:00,239.7,239.75,239.5,239.5,57903
2026-01-23 06:10:00,239.55,239.65,239.5,239.5,103515
2026-01-23 06:15:00,239.55,239.95,239.5,239.75,81423
2026-01-23 06:20:00,239.7,239.95,239.6,239.95,74646
2026-01-23 06:25:00,239.95,240.15,239.75,239.85,83011
2026-01-23 06:30:00,239.8,239.95,239.8,239.95,65521
2026-01-23 06:35:00,239.9,240.0,239.7,239.75,111659
2026-01-23 06:40:00,239.85,240.0,239.6,239.65,71773
2026-01-23 06:45:00,239.75,239.85,239.65,239.85,46886
2026-01-23 06:50:00,239.85,239.9,239.75,239.75,42821
2026-01-23 06:55:00,239.75,240.0,239.6,239.7,117658
2026-01-23 07:00:00,239.75,239.9,239.6,239.7,64321
2026-01-23 07:05:00,239.7,240.0,239.65,239.85,121659
2026-01-23 07:10:00,239.8,240.3,239.75,240.15,91441
2026-01-23 07:15:00,240.25,240.5,239.85,239.9,130718
2026-01-23 07:20:00,239.9,240.05,239.85,239.9,66335
2026-01-23 07:25:00,239.9,240.0,239.7,239.75,89969
2026-01-23 07:30:00,239.7,239.9,239.6,239.75,80938
2026-01-23 07:35:00,239.75,239.9,239.55,239.9,84652
2026-01-23 07:40:00,239.85,239.95,239.7,239.75,72137
2026-01-23 07:45:00,239.75,239.8,239.35,239.5,167674
2026-01-23 07:50:00,239.45,239.6,239.3,239.3,59656
2026-01-23 07:55:00,239.4,239.5,239.2,239.2,75247
2026-01-23 08:00:00,239.25,239.4,239.0,239.1,78635
2026-01-23 08:05:00,239.15,239.25,239.0,239.05,51018
2026-01-23 08:10:00,239.05,239.95,239.05,239.95,199580
2026-01-23 08:15:00,239.85,239.95,239.5,239.55,50962
2026-01-23 08:20:00,239.55,239.8,239.35,239.6,94894
2026-01-23 08:25:00,239.65,239.75,239.5,239.6,61329
2026-01-23 08:30:00,239.55,239.7,239.3,239.35,82646
2026-01-23 08:35:00,239.35,239.65,239.25,239.5,62477
2026-01-23 08:40:00,239.6,239.65,239.15,239.15,54798
2026-01-23 08:45:00,239.2,239.3,238.85,239.0,213816
2026-01-23 08:50:00,239.0,239.0,238.8,238.8,49488
2026-01-23 08:55:00,238.8,239.25,238.75,239.05,124029
2026-01-23 09:00:00,239.1,239.5,239.0,239.4,114013
2026-01-23 09:05:00,239.45,239.5,239.15,239.35,140980
2026-01-23 09:10:00,239.35,239.5,239.2,239.2,77907
2026-01-23 09:15:00,239.25,239.35,238.95,238.95,164045
2026-01-23 09:20:00,239.0,239.3,238.95,239.1,130667
2026-01-23 09:25:00,239.2,239.7,239.15,239.2,289102
2026-01-23 09:30:00,239.25,239.6,239.1,239.15,464266
2026-01-23 09:35:00,239.15,239.25,238.95,239.0,535705
2026-01-23 09:40:00,239.0,239.0,238.5,238.55,400481
2026-01-23 09:45:00,238.55,238.8,237.85,237.95,1600391
2026-01-23 09:50:00,237.95,238.45,237.9,238.0,1162573
2026-01-23 09:55:00,238.0,238.25,237.9,238.0,727758
2026-01-27 03:45:00,235.2,236.4,233.1,233.45,868056
2026-01-27 03:50:00,233.3,233.35,231.95,232.1,444657
2026-01-27 03:55:00,232.2,232.95,232.2,232.35,279744
2026-01-27 04:00:00,232.35,232.75,231.75,232.45,363257
2026-01-27 04:05:00,232.5,233.1,232.4,232.85,366277
2026-01-27 04:10:00,232.8,233.6,232.5,233.55,239380
2026-01-27 04:15:00,233.55,233.8,233.35,233.4,235161
2026-01-27 04:20:00,233.4,233.8,233.25,233.75,165075
2026-01-27 04:25:00,233.7,233.95,233.25,233.5,203589
2026-01-27 04:30:00,233.55,233.9,233.45,233.85,159729
2026-01-27 04:35:00,233.85,233.85,233.2,233.3,166105
2026-01-27 04:40:00,233.35,233.65,233.0,233.65,170984
2026-01-27 04:45:00,233.65,234.0,233.5,234.0,117158
2026-01-27 04:50:00,234.0,234.0,233.3,233.4,167952
2026-01-27 04:55:00,233.55,233.7,233.3,233.3,119619
2026-01-27 05:00:00,233.35,233.35,232.95,233.3,144608
2026-01-27 05:05:00,233.3,233.4,233.0,233.1,118384
2026-01-27 05:10:00,233.05,233.1,232.25,232.35,253716
2026-01-27 05:15:00,232.3,232.45,232.2,232.4,137714
2026-01-27 05:20:00,232.35,232.35,231.85,232.0,192608
2026-01-27 05:25:00,231.95,232.45,231.85,232.3,142694
2026-01-27 05:30:00,232.25,232.9,232.2,232.85,104496
2026-01-27 05:35:00,232.75,232.9,232.6,232.8,75031
2026-01-27 05:40:00,232.8,233.05,232.7,233.0,111005
2026-01-27 05:45:00,233.0,233.15,232.85,233.05,159002
2026-01-27 05:50:00,233.1,233.4,233.0,233.15,72147
2026-01-27 05:55:00,233.1,233.5,232.85,233.5,159230
2026-01-27 06:00:00,233.5,233.7,233.3,233.55,103089
2026-01-27 06:05:00,233.6,233.85,233.4,233.85,217705
2026-01-27 06:10:00,233.8,234.4,233.75,234.3,366049
2026-01-27 06:15:00,234.2,234.35,233.95,234.2,261618
2026-01-27 06:20:00,234.15,234.35,233.95,234.3,181610
2026-01-27 06:25:00,234.3,234.35,234.1,234.35,118340
2026-01-27 06:30:00,234.25,234.35,233.85,233.85,94258
2026-01-27 06:35:00,233.95,234.05,233.8,233.95,114216
2026-01-27 06:40:00,233.95,234.0,233.7,233.75,84627
2026-01-27 06:45:00,233.7,233.8,233.2,233.3,158703
2026-01-27 06:50:00,233.25,233.7,233.15,233.6,117238
2026-01-27 06:55:00,233.55,233.65,233.1,233.2,64837
2026-01-27 07:00:00,233.2,233.2,232.9,232.95,96602
2026-01-27 07:05:00,232.9,233.0,232.8,232.9,87764
2026-01-27 07:10:00,232.85,233.25,232.8,233.2,72102
2026-01-27 07:15:00,233.2,233.25,232.95,232.95,50377
2026-01-27 07:20:00,232.95,233.2,232.9,233.05,90407
2026-01-27 07:25:00,233.05,233.25,232.95,233.2,77557
2026-01-27 07:30:00,233.2,233.2,232.6,232.75,84096
2026-01-27 07:35:00,232.7,233.35,232.7,233.3,137667
2026-01-27 07:40:00,233.25,233.25,232.8,233.1,150571
2026-01-27 07:45:00,233.15,233.15,232.8,233.1,81814
2026-01-27 07:50:00,233.0,233.25,232.95,233.1,124179
2026-01-27 07:55:00,233.15,233.2,232.95,233.05,122088
2026-01-27 08:00:00,233.2,233.25,233.05,233.15,87408
2026-01-27 08:05:00,233.15,233.15,232.6,232.6,101715
2026-01-27 08:10:00,232.65,232.8,232.3,232.6,173091
2026-01-27 08:15:00,232.6,232.9,232.45,232.9,77757
2026-01-27 08:20:00,232.8,232.95,232.55,232.6,83293
2026-01-27 08:25:00,232.55,232.8,232.4,232.6,124028
2026-01-27 08:30:00,232.6,232.8,232.4,232.45,88299
2026-01-27 08:35:00,232.5,232.7,232.4,232.5,121761
2026-01-27 08:40:00,232.5,232.7,232.4,232.7,81517
2026-01-27 08:45:00,232.7,232.7,232.45,232.55,128941
2026-01-27 08:50:00,232.6,232.6,232.3,232.4,138676
2026-01-27 08:55:00,232.4,232.95,232.3,232.8,213570
2026-01-27 09:00:00,232.85,233.1,232.7,232.9,168146
2026-01-27 09:05:00,232.9,233.55,232.85,233.5,222845
2026-01-27 09:10:00,233.55,233.75,233.4,233.5,232809
2026-01-27 09:15:00,233.5,233.85,233.5,233.8,260952
2026-01-27 09:20:00,233.8,234.6,233.8,234.55,348792
2026-01-27 09:25:00,234.5,235.25,234.5,234.85,533194
2026-01-27 09:30:00,234.85,235.1,234.3,234.65,609331
2026-01-27 09:35:00,234.75,235.15,234.6,234.85,511796
2026-01-27 09:40:00,234.8,234.9,234.7,234.85,548805
2026-01-27 09:45:00,234.85,234.9,234.6,234.75,637364
2026-01-27 09:50:00,234.65,234.85,234.55,234.75,577870
2026-01-27 09:55:00,234.75,235.6,234.7,235.55,649379
2026-01-28 03:45:00,235.5,238.0,235.35,237.75,668792
2026-01-28 03:50:00,237.75,238.1,237.3,237.45,387313
2026-01-28 03:55:00,237.4,237.9,237.3,237.5,153697
2026-01-28 04:00:00,237.55,237.85,237.2,237.65,143508
2026-01-28 04:05:00,237.55,237.6,236.9,237.2,141915
2026-01-28 04:10:00,237.15,237.25,236.65,236.7,131829
2026-01-28 04:15:00,236.6,236.7,236.2,236.4,101856
2026-01-28 04:20:00,236.3,236.6,236.2,236.35,71087
2026-01-28 04:25:00,236.25,236.5,236.25,236.5,86888
2026-01-28 04:30:00,236.5,236.7,236.4,236.55,56487
2026-01-28 04:35:00,236.55,236.55,236.15,236.3,63122
2026-01-28 04:40:00,236.3,236.35,236.1,236.25,39887
2026-01-28 04:45:00,236.3,236.3,234.95,235.5,675642
2026-01-28 04:50:00,235.5,236.35,235.5,236.25,74841
2026-01-28 04:55:00,236.25,236.25,235.6,235.6,60812
2026-01-28 05:00:00,235.6,235.85,235.55,235.85,31044
2026-01-28 05:05:00,235.85,236.2,235.8,236.2,25556
2026-01-28 05:10:00,236.2,236.25,235.9,235.9,73922
2026-01-28 05:15:00,235.9,236.1,235.7,236.0,45926
2026-01-28 05:20:00,236.1,236.25,236.0,236.2,22734
2026-01-28 05:25:00,236.2,236.5,236.15,236.25,57664
2026-01-28 05:30:00,236.4,236.4,236.05,236.3,30212
2026-01-28 05:35:00,236.3,236.5,236.1,236.4,95810
2026-01-28 05:40:00,236.4,236.8,236.35,236.8,28680
2026-01-28 05:45:00,236.8,236.9,236.6,236.9,99931
2026-01-28 05:50:00,236.9,236.95,236.3,236.4,67667
2026-01-28 05:55:00,236.4,236.4,236.2,236.25,29867
2026-01-28 06:00:00,236.3,236.35,236.25,236.35,15941
2026-01-28 06:05:00,236.35,236.35,236.1,236.25,34562
2026-01-28 06:10:00,236.25,236.3,236.0,236.2,35279
2026-01-28 06:15:00,236.2,236.5,236.15,236.4,66822
2026-01-28 06:20:00,236.4,236.95,236.25,236.95,549634
2026-01-28 06:25:00,236.95,237.15,236.55,236.85,506290
2026-01-28 06:30:00,236.85,236.95,236.6,236.7,67704
2026-01-28 06:35:00,236.65,237.05,236.6,237.05,132041
2026-01-28 06:40:00,237.0,237.05,236.75,236.8,86876
2026-01-28 06:45:00,236.8,236.95,236.5,236.75,155893
2026-01-28 06:50:00,236.8,236.85,236.45,236.45,70906
2026-01-28 06:55:00,236.6,236.65,236.45,236.5,62643
2026-01-28 07:00:00,236.5,236.65,236.45,236.55,55210
2026-01-28 07:05:00,236.6,236.65,236.45,236.45,81644
2026-01-28 07:10:00,236.5,236.85,236.45,236.6,118075
2026-01-28 07:15:00,236.7,236.75,236.6,236.65,119800
2026-01-28 07:20:00,236.6,236.85,236.5,236.5,126099
2026-01-28 07:25:00,236.55,236.6,236.45,236.55,48686
2026-01-28 07:30:00,236.45,236.75,236.45,236.55,68082
2026-01-28 07:35:00,236.6,236.65,236.5,236.6,64519
2026-01-28 07:40:00,236.65,236.85,236.55,236.75,75611
2026-01-28 07:45:00,236.85,236.9,236.65,236.75,54024
2026-01-28 07:50:00,236.85,236.85,236.25,236.5,274170
2026-01-28 07:55:00,236.5,236.65,236.4,236.6,65113
2026-01-28 08:00:00,236.5,236.65,236.4,236.55,66091
2026-01-28 08:05:00,236.5,236.55,236.35,236.4,98520
2026-01-28 08:10:00,236.45,236.5,236.2,236.25,62755
2026-01-28 08:15:00,236.2,236.4,236.2,236.2,80859
2026-01-28 08:20:00,236.3,236.5,236.2,236.45,28077
2026-01-28 08:25:00,236.5,236.75,236.45,236.7,33939
2026-01-28 08:30:00,236.7,236.8,236.5,236.65,46434
2026-01-28 08:35:00,236.65,236.65,236.3,236.45,58691
2026-01-28 08:40:00,236.5,236.55,236.25,236.55,106187
2026-01-28 08:45:00,236.55,236.7,236.35,236.4,105813
2026-01-28 08:50:00,236.4,236.7,236.4,236.55,84470
2026-01-28 08:55:00,236.65,236.7,236.5,236.65,23120
2026-01-28 09:00:00,236.7,236.75,236.5,236.6,101538
2026-01-28 09:05:00,236.55,236.7,236.5,236.65,82173
2026-01-28 09:10:00,236.65,236.65,236.45,236.5,137762
2026-01-28 09:15:00,236.6,236.65,236.5,236.5,159252
2026-01-28 09:20:00,236.55,237.1,236.5,237.1,167484
2026-01-28 09:25:00,237.1,237.2,236.8,236.95,185014
2026-01-28 09:30:00,237.2,237.3,236.9,237.05,255316
2026-01-28 09:35:00,237.05,237.2,236.9,237.05,283330
2026-01-28 09:40:00,237.1,237.25,237.0,237.25,315971
2026-01-28 09:45:00,237.35,237.55,237.25,237.5,492938
2026-01-28 09:50:00,237.5,237.8,237.35,237.7,382848
2026-01-28 09:55:00,237.7,238.0,237.35,237.6,366173
2026-01-29 03:45:00,236.2,237.25,235.45,236.6,408195
2026-01-29 03:50:00,236.6,236.6,235.9,236.4,155254
2026-01-29 03:55:00,236.4,237.1,236.25,236.8,131804
2026-01-29 04:00:00,236.7,237.35,236.25,237.05,158697
2026-01-29 04:05:00,237.1,237.1,236.65,236.95,242328
2026-01-29 04:10:00,236.95,237.55,236.75,236.95,340714
2026-01-29 04:15:00,236.85,237.1,236.8,237.0,117502
2026-01-29 04:20:00,237.0,237.05,236.25,236.3,364959
2026-01-29 04:25:00,236.4,236.8,236.25,236.65,165325
2026-01-29 04:30:00,236.65,236.7,236.35,236.45,260897
2026-01-29 04:35:00,236.5,236.55,236.25,236.35,330448
2026-01-29 04:40:00,236.4,236.65,236.25,236.55,345757
2026-01-29 04:45:00,236.6,236.95,236.45,236.8,126029
2026-01-29 04:50:00,236.8,236.8,236.3,236.7,168207
2026-01-29 04:55:00,236.65,236.65,235.85,236.15,149528
2026-01-29 05:00:00,236.15,236.15,235.8,235.9,68318
2026-01-29 05:05:00,235.95,236.25,235.9,235.95,337018
2026-01-29 05:10:00,235.9,236.1,235.8,235.9,193712
2026-01-29 05:15:00,235.9,236.1,235.8,236.0,123363
2026-01-29 05:20:00,236.0,236.35,235.9,236.25,51568
2026-01-29 05:25:00,236.25,236.4,236.1,236.25,56099
2026-01-29 05:30:00,236.3,236.45,236.25,236.4,25259
2026-01-29 05:35:00,236.45,236.85,236.35,236.85,58296
2026-01-29 05:40:00,236.85,236.9,236.45,236.65,27904
2026-01-29 05:45:00,236.65,236.9,236.55,236.85,36763
2026-01-29 05:50:00,236.85,237.1,236.65,237.0,76360
2026-01-29 05:55:00,237.0,237.05,236.65,237.0,168309
2026-01-29 06:00:00,237.0,237.3,236.95,237.15,65044
2026-01-29 06:05:00,237.15,237.2,236.9,237.05,35940
2026-01-29 06:10:00,237.05,237.3,236.9,237.15,78870
2026-01-29 06:15:00,237.15,237.3,236.85,237.15,133315
2026-01-29 06:20:00,237.25,237.3,237.0,237.0,38421
2026-01-29 06:25:00,237.15,237.15,236.85,237.0,68486
2026-01-29 06:30:00,237.05,237.15,236.9,237.05,59052
2026-01-29 06:35:00,237.05,237.2,236.9,237.1,64422
2026-01-29 06:40:00,237.15,237.2,236.8,237.0,79718
2026-01-29 06:45:00,237.0,237.05,236.7,236.95,69619
2026-01-29 06:50:00,237.05,237.15,236.8,237.05,54233
2026-01-29 06:55:00,237.15,237.3,237.0,237.15,89790
2026-01-29 07:00:00,237.2,237.4,237.1,237.35,83483
2026-01-29 07:05:00,237.3,237.45,237.2,237.35,55409
2026-01-29 07:10:00,237.4,237.4,237.15,237.25,34291
2026-01-29 07:15:00,237.25,237.65,237.1,237.6,74449
2026-01-29 07:20:00,237.65,238.0,237.65,237.9,90332
2026-01-29 07:25:00,237.9,238.0,237.6,237.7,164395
2026-01-29 07:30:00,237.6,237.85,237.55,237.75,59589
2026-01-29 07:35:00,237.8,238.35,237.75,238.15,144154
2026-01-29 07:40:00,238.25,238.75,238.0,238.75,148416
2026-01-29 07:45:00,238.8,238.8,238.3,238.4,69542
2026-01-29 07:50:00,238.5,238.8,238.4,238.7,124726
2026-01-29 07:55:00,238.65,238.75,238.5,238.6,78722
2026-01-29 08:00:00,238.6,239.25,238.55,239.2,172203
2026-01-29 08:05:00,239.2,239.4,239.1,239.4,204108
2026-01-29 08:10:00,239.4,239.8,239.3,239.75,120230
2026-01-29 08:15:00,239.75,240.3,239.7,240.15,325308
2026-01-29 08:20:00,240.25,240.4,239.95,240.25,195833
2026-01-29 08:25:00,240.35,240.35,239.9,240.15,87707
2026-01-29 08:30:00,240.2,240.45,240.0,240.3,280206
2026-01-29 08:35:00,240.2,240.3,240.0,240.1,232050
2026-01-29 08:40:00,240.1,240.5,240.0,240.3,192581
2026-01-29 08:45:00,240.4,240.7,240.25,240.25,290691
2026-01-29 08:50:00,240.3,240.35,240.05,240.35,92909
2026-01-29 08:55:00,240.3,240.6,240.25,240.45,203221
2026-01-29 09:00:00,240.5,240.9,240.45,240.85,237648
2026-01-29 09:05:00,240.8,240.8,240.45,240.45,101657
2026-01-29 09:10:00,240.55,240.65,240.4,240.65,76239
2026-01-29 09:15:00,240.65,240.65,240.5,240.6,65707
2026-01-29 09:20:00,240.6,240.65,240.35,240.45,65735
2026-01-29 09:25:00,240.5,240.55,240.15,240.2,70860
2026-01-29 09:30:00,240.3,240.45,240.0,240.05,285722
2026-01-29 09:35:00,240.1,240.1,239.85,240.05,363454
2026-01-29 09:40:00,240.0,240.05,239.7,239.9,501493
2026-01-29 09:45:00,239.95,240.0,239.65,239.75,545657
2026-01-29 09:50:00,239.75,239.75,239.3,239.5,472378
2026-01-29 09:55:00,239.45,240.0,239.4,240.0,311635
2026-01-30 03:45:00,238.0,238.0,235.45,235.75,267071
2026-01-30 03:50:00,235.7,236.1,235.3,235.85,179737
2026-01-30 03:55:00,235.8,236.5,235.7,236.1,113008
2026-01-30 04:00:00,236.1,236.5,236.0,236.5,82499
2026-01-30 04:05:00,236.6,236.85,236.5,236.6,72163
2026-01-30 04:10:00,236.7,236.7,236.05,236.3,97826
2026-01-30 04:15:00,236.4,236.7,236.3,236.55,40190
2026-01-30 04:20:00,236.5,236.55,236.2,236.5,54893
2026-01-30 04:25:00,236.5,236.55,236.15,236.5,89948
2026-01-30 04:30:00,236.45,236.85,236.4,236.4,70274
2026-01-30 04:35:00,236.45,236.5,236.1,236.15,94558
2026-01-30 04:40:00,236.15,236.5,236.0,236.5,201250
2026-01-30 04:45:00,236.45,236.5,236.15,236.2,122320
2026-01-30 04:50:00,236.15,236.2,235.95,236.1,120134
2026-01-30 04:55:00,236.1,236.2,235.95,236.1,55009
2026-01-30 05:00:00,236.1,236.45,235.85,236.2,72264
2026-01-30 05:05:00,236.25,236.4,236.2,236.3,34992
2026-01-30 05:10:00,236.35,236.7,236.3,236.65,58702
2026-01-30 05:15:00,236.55,236.85,236.5,236.65,80586
2026-01-30 05:20:00,236.65,236.9,236.6,236.7,54703
2026-01-30 05:25:00,236.7,237.1,236.65,237.0,96473
2026-01-30 05:30:00,236.95,237.25,236.9,236.95,82832
2026-01-30 05:35:00,236.95,237.0,236.8,236.8,80222
2026-01-30 05:40:00,236.8,236.8,236.45,236.55,100246
2026-01-30 05:45:00,236.55,236.75,236.5,236.55,58303
2026-01-30 05:50:00,236.65,236.75,236.5,236.65,70406
2026-01-30 05:55:00,236.6,236.7,236.1,236.15,94383
2026-01-30 06:00:00,236.15,236.3,235.85,236.15,212496
2026-01-30 06:05:00,236.2,236.35,236.05,236.25,77919
2026-01-30 06:10:00,236.3,236.4,236.15,236.2,72655
2026-01-30 06:15:00,236.2,236.35,235.9,236.35,117688
2026-01-30 06:20:00,236.25,236.75,236.2,236.6,130115
2026-01-30 06:25:00,236.55,236.65,236.25,236.45,84376
2026-01-30 06:30:00,236.5,236.5,236.2,236.4,86040
2026-01-30 06:35:00,236.35,236.6,236.3,236.55,85431
2026-01-30 06:40:00,236.5,236.85,236.45,236.85,72159
2026-01-30 06:45:00,236.85,236.9,236.45,236.6,99544
2026-01-30 06:50:00,236.55,237.05,236.5,237.05,85649
2026-01-30 06:55:00,237.0,237.1,236.7,236.85,96481
2026-01-30 07:00:00,236.9,237.2,236.85,237.1,70284
2026-01-30 07:05:00,237.1,237.2,236.95,237.1,58461
2026-01-30 07:10:00,237.05,237.1,236.9,237.05,53286
2026-01-30 07:15:00,237.05,237.05,236.65,236.7,72047
2026-01-30 07:20:00,236.7,236.9,236.7,236.8,55128
2026-01-30 07:25:00,236.9,236.9,236.1,236.4,71086
2026-01-30 07:30:00,236.4,236.4,235.9,236.25,151108
2026-01-30 07:35:00,236.25,236.35,236.0,236.15,91166
2026-01-30 07:40:00,236.15,236.3,236.0,236.25,90272
2026-01-30 07:45:00,236.15,236.2,235.9,236.1,106154
2026-01-30 07:50:00,236.1,236.15,235.9,236.0,128035
2026-01-30 07:55:00,236.05,236.45,236.0,236.25,51551
2026-01-30 08:00:00,236.3,236.45,236.1,236.45,80063
2026-01-30 08:05:00,236.4,236.4,236.15,236.25,33968
2026-01-30 08:10:00,236.25,237.0,236.2,237.0,67400
2026-01-30 08:15:00,236.9,237.05,236.55,236.7,60720
2026-01-30 08:20:00,236.8,237.1,236.6,237.05,64949
2026-01-30 08:25:00,237.0,237.1,236.85,237.05,56618
2026-01-30 08:30:00,237.0,237.05,236.85,236.95,61401
2026-01-30 08:35:00,236.9,237.25,236.9,237.1,85347
2026-01-30 08:40:00,237.2,237.2,236.85,236.95,67238
2026-01-30 08:45:00,236.95,236.95,236.7,236.8,57088
2026-01-30 08:50:00,236.9,237.2,236.8,237.2,65748
2026-01-30 08:55:00,237.2,237.25,237.0,237.15,95952
2026-01-30 09:00:00,237.2,237.25,236.95,237.1,109799
2026-01-30 09:05:00,237.1,237.3,237.0,237.2,185444
2026-01-30 09:10:00,237.15,237.3,236.55,236.9,246191
2026-01-30 09:15:00,236.85,237.25,236.8,237.2,212977
2026-01-30 09:20:00,237.2,237.45,237.0,237.1,177608
2026-01-30 09:25:00,237.15,237.5,236.9,237.4,146360
2026-01-30 09:30:00,237.3,237.4,236.85,236.95,958571
2026-01-30 09:35:00,236.95,237.0,236.9,236.95,826561
2026-01-30 09:40:00,237.0,237.0,236.9,236.9,903770
2026-01-30 09:45:00,236.95,237.0,236.75,236.75,647070
2026-01-30 09:50:00,236.8,236.8,236.55,236.6,630754
2026-01-30 09:55:00,236.55,237.0,236.0,236.45,725347
2026-02-01 03:45:00,236.8,236.8,235.44,236.04,69916
2026-02-01 03:50:00,236.04,236.26,235.8,236.02,76635
2026-02-01 03:55:00,236.2,236.6,236.05,236.57,28598
2026-02-01 04:00:00,236.56,236.56,236.02,236.41,25531
2026-02-01 04:05:00,236.41,236.79,236.27,236.47,33870
2026-02-01 04:10:00,236.4,236.61,236.35,236.59,26320
2026-02-01 04:15:00,236.59,236.7,236.34,236.63,30332
2026-02-01 04:20:00,236.61,236.63,236.0,236.53,63564
2026-02-01 04:25:00,236.52,236.56,236.3,236.45,27382
2026-02-01 04:30:00,236.44,236.55,236.27,236.51,38300
2026-02-01 04:35:00,236.48,236.51,236.31,236.38,11666
2026-02-01 04:40:00,236.38,236.45,236.26,236.45,32701
2026-02-01 04:45:00,236.45,236.88,236.44,236.63,39807
2026-02-01 04:50:00,236.62,236.85,236.5,236.6,23161
2026-02-01 04:55:00,236.59,236.65,236.45,236.63,19785
2026-02-01 05:00:00,236.53,236.64,236.42,236.64,16384
2026-02-01 05:05:00,236.64,236.71,236.35,236.59,26003
2026-02-01 05:10:00,236.59,236.69,236.3,236.39,19920
2026-02-01 05:15:00,236.3,236.79,236.17,236.69,55974
2026-02-01 05:20:00,236.69,236.69,236.4,236.5,29649
2026-02-01 05:25:00,236.5,236.98,236.31,236.6,66995
2026-02-01 05:30:00,236.61,237.0,236.6,236.98,34949
2026-02-01 05:35:00,236.98,237.99,236.97,237.87,69949
2026-02-01 05:40:00,237.85,237.99,237.66,237.83,50476
2026-02-01 05:45:00,237.81,237.85,237.51,237.7,24407
2026-02-01 05:50:00,237.71,237.91,237.5,237.67,28478
2026-02-01 05:55:00,237.73,237.91,237.59,237.87,21727
2026-02-01 06:00:00,237.87,238.24,237.77,238.18,44298
2026-02-01 06:05:00,238.17,238.2,237.71,237.78,34474
2026-02-01 06:10:00,237.79,237.82,237.4,237.45,40370
2026-02-01 06:15:00,237.45,237.45,237.1,237.32,29528
2026-02-01 06:20:00,237.3,237.33,237.03,237.12,27818
2026-02-01 06:25:00,237.1,237.27,236.81,237.08,35963
2026-02-01 06:30:00,237.11,237.12,236.86,236.99,15863
2026-02-01 06:35:00,237.0,241.8,236.9,240.0,704281
2026-02-01 06:40:00,240.13,241.3,237.62,238.46,488559
2026-02-01 06:45:00,238.46,238.46,236.06,236.2,294498
2026-02-01 06:50:00,236.2,236.95,235.9,236.9,193905
2026-02-01 06:55:00,236.93,238.0,236.61,236.66,336218
2026-02-01 07:00:00,236.77,238.6,235.5,238.23,260241
2026-02-01 07:05:00,238.54,240.5,238.31,239.72,316364
2026-02-01 07:10:00,239.72,240.95,239.24,240.7,226099
2026-02-01 07:15:00,240.7,240.95,239.64,239.81,225531
2026-02-01 07:20:00,239.64,240.39,239.62,240.35,112725
2026-02-01 07:25:00,240.35,240.55,239.99,240.34,157639
2026-02-01 07:30:00,240.36,244.12,240.33,243.39,892521
2026-02-01 07:35:00,243.45,246.2,243.27,245.37,1332194
2026-02-01 07:40:00,245.31,247.23,243.2,243.38,1659353
2026-02-01 07:45:00,243.23,244.9,242.54,244.8,480157
2026-02-01 07:50:00,244.75,246.83,244.6,245.6,986143
2026-02-01 07:55:00,245.54,245.82,244.27,244.45,718882
2026-02-01 08:00:00,244.46,245.75,244.12,244.81,558761
2026-02-01 08:05:00,244.81,245.47,244.23,244.43,701561
2026-02-01 08:10:00,244.55,245.45,244.31,245.27,307794
2026-02-01 08:15:00,245.3,247.0,244.8,245.99,1160545
2026-02-01 08:20:00,246.12,247.12,245.67,245.9,918575
2026-02-01 08:25:00,245.99,245.99,244.55,245.16,467742
2026-02-01 08:30:00,245.05,245.4,245.0,245.24,292782
2026-02-01 08:35:00,245.28,245.3,244.2,244.34,308264
2026-02-01 08:40:00,244.34,244.53,243.33,244.04,652761
2026-02-01 08:45:00,244.01,244.01,243.12,243.65,376434
2026-02-01 08:50:00,243.65,243.86,243.35,243.41,264482
2026-02-01 08:55:00,243.5,244.79,243.5,244.46,299078
2026-02-01 09:00:00,244.44,245.69,244.12,245.2,455237
2026-02-01 09:05:00,245.22,246.0,245.15,245.32,390035
2026-02-01 09:10:00,245.32,245.6,244.66,245.17,379910
2026-02-01 09:15:00,245.17,245.33,243.55,243.73,521832
2026-02-01 09:20:00,243.73,244.08,243.6,243.89,185388
2026-02-01 09:25:00,243.78,244.7,243.62,243.8,499708
2026-02-01 09:30:00,243.82,243.9,242.24,242.74,276306
2026-02-01 09:35:00,242.74,243.03,241.5,241.57,250261
2026-02-01 09:40:00,241.57,241.95,241.42,241.89,158171
2026-02-01 09:45:00,241.86,241.99,241.15,241.35,346130
2026-02-01 09:50:00,241.22,241.76,240.9,241.07,458660
2026-02-01 09:55:00,241.06,242.0,240.7,241.74,184352
2026-02-02 03:45:00,244.0,244.08,241.8,242.99,443490
2026-02-02 03:50:00,242.96,243.12,241.27,241.6,252522
2026-02-02 03:55:00,241.6,242.36,241.28,242.1,223765
2026-02-02 04:00:00,242.14,243.13,242.14,242.54,330085
2026-02-02 04:05:00,242.6,242.6,241.69,241.69,182628
2026-02-02 04:10:00,241.8,242.3,241.43,241.44,188838
2026-02-02 04:15:00,241.43,241.9,241.17,241.43,161444
2026-02-02 04:20:00,241.42,242.34,241.1,242.19,154216
2026-02-02 04:25:00,242.17,242.62,241.5,241.5,92927
2026-02-02 04:30:00,241.5,241.96,241.47,241.78,107834
2026-02-02 04:35:00,241.7,241.91,241.31,241.75,81611
2026-02-02 04:40:00,241.77,241.97,241.32,241.63,115040
2026-02-02 04:45:00,241.6,241.67,241.32,241.37,86813
2026-02-02 04:50:00,241.37,241.45,240.24,240.38,356743
2026-02-02 04:55:00,240.3,240.66,240.3,240.5,292146
2026-02-02 05:00:00,240.5,240.92,240.43,240.77,243717
2026-02-02 05:05:00,240.78,241.54,240.56,241.4,325657
2026-02-02 05:10:00,241.4,241.61,241.16,241.29,133347
2026-02-02 05:15:00,241.34,241.49,241.03,241.35,94636
2026-02-02 05:20:00,241.33,241.59,241.04,241.14,173834
2026-02-02 05:25:00,241.18,241.18,239.92,239.93,206005
2026-02-02 05:30:00,239.92,240.24,239.7,239.99,412515
2026-02-02 05:35:00,239.98,240.25,239.78,240.11,97325
2026-02-02 05:40:00,240.07,240.2,239.88,240.0,81278
2026-02-02 05:45:00,240.0,240.31,239.82,239.92,61843
2026-02-02 05:50:00,239.85,240.0,239.53,239.6,87741
2026-02-02 05:55:00,239.56,239.89,239.29,239.71,93282
2026-02-02 06:00:00,239.74,240.32,239.64,240.26,64629
2026-02-02 06:05:00,240.22,240.42,239.98,240.32,79315
2026-02-02 06:10:00,240.26,240.72,240.1,240.53,70028
2026-02-02 06:15:00,240.55,240.63,239.95,239.97,44967
2026-02-02 06:20:00,239.98,240.35,239.88,240.2,82431
2026-02-02 06:25:00,240.1,240.59,240.05,240.2,70498
2026-02-02 06:30:00,240.28,240.28,239.96,240.07,87666
2026-02-02 06:35:00,240.07,240.34,240.02,240.3,77516
2026-02-02 06:40:00,240.22,240.49,240.02,240.49,50341
2026-02-02 06:45:00,240.49,240.68,240.08,240.08,44073
2026-02-02 06:50:00,240.07,240.21,239.8,239.88,42992
2026-02-02 06:55:00,239.88,239.95,239.66,239.87,39871
2026-02-02 07:00:00,239.85,239.96,239.65,239.87,52073
2026-02-02 07:05:00,239.8,240.16,239.62,239.72,59019
2026-02-02 07:10:00,239.72,240.06,239.72,239.82,41094
2026-02-02 07:15:00,239.8,240.2,239.72,240.2,49193
2026-02-02 07:20:00,240.2,240.44,240.14,240.44,51038
2026-02-02 07:25:00,240.45,241.24,240.41,240.98,93326
2026-02-02 07:30:00,240.91,241.57,240.87,241.52,132657
2026-02-02 07:35:00,241.63,242.44,241.48,241.9,342725
2026-02-02 07:40:00,241.81,242.28,241.75,242.13,109123
2026-02-02 07:45:00,242.03,242.14,241.39,241.49,140302
2026-02-02 07:50:00,241.45,241.5,241.13,241.24,101918
2026-02-02 07:55:00,241.33,241.9,241.23,241.64,73632
2026-02-02 08:00:00,241.65,242.08,241.53,241.59,75934
2026-02-02 08:05:00,241.68,242.16,241.56,242.01,115000
2026-02-02 08:10:00,242.03,242.2,241.85,242.18,99454
2026-02-02 08:15:00,242.15,242.26,241.89,242.16,94873
2026-02-02 08:20:00,242.15,242.44,242.0,242.15,137664
2026-02-02 08:25:00,242.1,242.4,242.01,242.26,62519
2026-02-02 08:30:00,242.26,242.34,241.93,242.0,65671
2026-02-02 08:35:00,242.0,242.2,241.85,241.97,46708
2026-02-02 08:40:00,241.99,242.0,241.75,241.9,68552
2026-02-02 08:45:00,241.95,242.09,241.76,241.85,73789
2026-02-02 08:50:00,241.89,242.23,241.85,242.0,74359
2026-02-02 08:55:00,241.99,242.23,241.83,242.14,73396
2026-02-02 09:00:00,242.2,242.23,241.5,241.69,73078
2026-02-02 09:05:00,241.69,241.75,241.43,241.75,59203
2026-02-02 09:10:00,241.75,241.85,241.44,241.67,40218
2026-02-02 09:15:00,241.55,242.1,241.44,242.02,65497
2026-02-02 09:20:00,241.93,242.33,241.83,241.9,105799
2026-02-02 09:25:00,242.0,242.13,241.89,242.04,121524
2026-02-02 09:30:00,242.13,242.24,241.94,242.03,535024
2026-02-02 09:35:00,242.03,242.48,242.0,242.05,618134
2026-02-02 09:40:00,242.08,242.29,241.56,242.13,767044
2026-02-02 09:45:00,242.05,242.69,241.99,242.69,851915
2026-02-02 09:50:00,242.7,243.08,242.44,242.95,586034
2026-02-02 09:55:00,242.98,243.09,242.5,242.5,400000
2026-02-03 03:45:00,259.21,259.89,247.8,249.46,2271035
2026-02-03 03:50:00,249.36,250.54,248.89,249.04,679772
2026-02-03 03:55:00,249.13,249.94,248.65,248.65,539099
2026-02-03 04:00:00,248.6,249.26,248.31,248.6,520082
2026-02-03 04:05:00,248.59,248.8,247.77,248.0,310795
2026-02-03 04:10:00,248.0,248.1,246.5,246.85,462550
2026-02-03 04:15:00,246.88,248.17,246.59,247.98,311452
2026-02-03 04:20:00,247.91,247.96,246.86,247.06,410862
2026-02-03 04:25:00,247.06,247.2,246.74,246.8,276821
2026-02-03 04:30:00,246.81,247.5,246.5,246.5,386506
2026-02-03 04:35:00,246.5,246.76,246.12,246.4,696794
2026-02-03 04:40:00,246.4,247.35,246.18,247.35,933893
2026-02-03 04:45:00,247.35,247.74,246.96,247.15,1014364
2026-02-03 04:50:00,247.15,247.74,247.0,247.2,604555
2026-02-03 04:55:00,247.22,247.22,245.74,245.8,699533
2026-02-03 05:00:00,245.77,246.42,245.65,246.35,276615
2026-02-03 05:05:00,246.41,246.8,245.95,246.11,150539
2026-02-03 05:10:00,246.12,246.36,245.8,245.92,117399
2026-02-03 05:15:00,245.81,246.12,245.3,245.37,280060
2026-02-03 05:20:00,245.37,245.5,244.7,244.9,335876
2026-02-03 05:25:00,244.91,245.0,244.7,244.78,234936
2026-02-03 05:30:00,244.86,245.25,244.7,245.18,192398
2026-02-03 05:35:00,245.24,245.9,245.2,245.7,193846
2026-02-03 05:40:00,245.65,246.05,245.53,245.65,126607
2026-02-03 05:45:00,245.6,245.74,245.05,245.3,163061
2026-02-03 05:50:00,245.31,246.35,245.29,246.2,117539
2026-02-03 05:55:00,246.24,246.4,246.1,246.4,138045
2026-02-03 06:00:00,246.4,247.0,246.38,246.91,485086
2026-02-03 06:05:00,246.93,247.0,246.01,246.5,363563
2026-02-03 06:10:00,246.35,247.55,246.35,247.06,243140
2026-02-03 06:15:00,247.08,247.22,246.3,246.33,119907
2026-02-03 06:20:00,246.33,246.6,245.26,245.28,572054
2026-02-03 06:25:00,245.28,245.6,244.93,244.97,556713
2026-02-03 06:30:00,244.97,245.01,244.5,244.64,328901
2026-02-03 06:35:00,244.64,244.64,244.0,244.05,586246
2026-02-03 06:40:00,244.03,244.1,243.66,243.8,464049
2026-02-03 06:45:00,243.8,244.27,243.25,244.2,638631
2026-02-03 06:50:00,244.21,244.36,243.61,243.72,228246
2026-02-03 06:55:00,243.79,244.05,243.55,243.98,211215
2026-02-03 07:00:00,243.96,244.43,243.85,244.25,119166
2026-02-03 07:05:00,244.25,244.29,243.85,243.96,114179
2026-02-03 07:10:00,243.98,244.09,243.67,243.9,90973
2026-02-03 07:15:00,243.87,243.98,243.5,243.65,114904
2026-02-03 07:20:00,243.67,243.8,243.55,243.8,62733
2026-02-03 07:25:00,243.83,244.0,243.77,243.93,68007
2026-02-03 07:30:00,243.93,243.99,243.55,243.61,83988
2026-02-03 07:35:00,243.6,243.7,243.5,243.57,61040
2026-02-03 07:40:00,243.57,243.89,243.57,243.83,45801
2026-02-03 07:45:00,243.8,243.92,243.74,243.84,48177
2026-02-03 07:50:00,243.9,243.99,243.0,243.14,439289
2026-02-03 07:55:00,243.16,243.24,242.74,243.12,168021
2026-02-03 08:00:00,243.2,243.35,243.05,243.15,56524
2026-02-03 08:05:00,243.23,243.4,243.05,243.33,69711
2026-02-03 08:10:00,243.33,243.8,243.22,243.67,62356
2026-02-03 08:15:00,243.72,243.88,243.63,243.75,71657
2026-02-03 08:20:00,243.72,243.9,243.72,243.86,51392
2026-02-03 08:25:00,243.86,243.9,243.78,243.81,220493
2026-02-03 08:30:00,243.82,243.9,243.35,243.79,119399
2026-02-03 08:35:00,243.8,244.14,243.61,244.01,155890
2026-02-03 08:40:00,244.1,244.12,243.84,244.0,141433
2026-02-03 08:45:00,244.04,244.1,243.66,243.82,162330
2026-02-03 08:50:00,243.8,244.05,243.8,243.92,180529
2026-02-03 08:55:00,243.91,244.1,243.82,244.02,114412
2026-02-03 09:00:00,244.02,244.1,243.82,243.91,113764
2026-02-03 09:05:00,243.92,244.0,243.81,243.81,78725
2026-02-03 09:10:00,243.81,243.9,243.3,243.48,255221
2026-02-03 09:15:00,243.48,243.81,243.36,243.67,130546
2026-02-03 09:20:00,243.65,243.89,243.52,243.63,81986
2026-02-03 09:25:00,243.61,243.79,243.4,243.56,157927
2026-02-03 09:30:00,243.57,243.57,242.8,242.85,880449
2026-02-03 09:35:00,242.85,242.86,242.53,242.53,726176
2026-02-03 09:40:00,242.58,242.66,242.37,242.59,773968
2026-02-03 09:45:00,242.58,242.84,242.47,242.66,937510
2026-02-03 09:50:00,242.68,242.7,242.28,242.47,814663
2026-02-03 09:55:00,242.47,242.99,242.34,242.56,590571
2026-02-04 03:45:00,235.91,235.92,226.26,231.98,3548599
2026-02-04 03:50:00,232.09,233.39,232.08,233.3,1379366
2026-02-04 03:55:00,233.3,233.76,232.91,233.15,806219
2026-02-04 04:00:00,233.06,233.7,233.0,233.58,526043
2026-02-04 04:05:00,233.58,234.45,233.08,233.19,611700
2026-02-04 04:10:00,233.19,233.98,233.1,233.83,339150
2026-02-04 04:15:00,233.9,233.9,233.55,233.8,239262
2026-02-04 04:20:00,233.75,233.85,233.54,233.65,349123
2026-02-04 04:25:00,233.65,233.65,233.0,233.49,260238
2026-02-04 04:30:00,233.49,234.0,233.41,233.76,287577
2026-02-04 04:35:00,233.76,234.26,233.75,234.0,605543
2026-02-04 04:40:00,233.99,234.0,233.61,233.7,239401
2026-02-04 04:45:00,233.7,233.74,233.0,233.19,299857
2026-02-04 04:50:00,233.19,233.24,232.64,232.84,480865
2026-02-04 04:55:00,232.84,233.11,232.7,232.98,259990
2026-02-04 05:00:00,232.98,233.06,232.7,232.8,207306
2026-02-04 05:05:00,232.8,233.1,232.61,233.1,229719
2026-02-04 05:10:00,233.07,233.49,233.0,233.08,130069
2026-02-04 05:15:00,233.08,233.35,233.0,233.35,173370
2026-02-04 05:20:00,233.35,233.35,233.02,233.22,116413
2026-02-04 05:25:00,233.22,233.24,232.85,233.0,165369
2026-02-04 05:30:00,233.0,233.18,232.86,233.04,127908
2026-02-04 05:35:00,233.04,233.19,232.83,233.08,88328
2026-02-04 05:40:00,233.1,233.3,232.8,233.05,134099
2026-02-04 05:45:00,233.02,233.07,232.22,232.27,327134
2026-02-04 05:50:00,232.27,232.35,232.0,232.01,198031
2026-02-04 05:55:00,232.0,232.08,231.5,231.79,469574
2026-02-04 06:00:00,231.77,232.4,231.65,232.16,241262
2026-02-04 06:05:00,232.17,232.36,232.0,232.3,145952
2026-02-04 06:10:00,232.29,232.32,232.2,232.32,97436
2026-02-04 06:15:00,232.32,232.35,231.8,231.91,212236
2026-02-04 06:20:00,231.91,232.24,231.6,232.16,216671
2026-02-04 06:25:00,232.16,232.25,232.01,232.18,66738
2026-02-04 06:30:00,232.14,232.34,231.85,231.99,195812
2026-02-04 06:35:00,231.97,232.34,231.95,232.19,126794
2026-02-04 06:40:00,232.19,232.28,232.0,232.18,113355
2026-02-04 06:45:00,232.17,232.22,232.0,232.09,120716
2026-02-04 06:50:00,232.09,232.09,231.79,231.9,321041
2026-02-04 06:55:00,231.88,232.49,231.88,232.32,157116
2026-02-04 07:00:00,232.3,232.3,231.84,232.08,182502
2026-02-04 07:05:00,232.08,232.39,231.9,232.32,115225
2026-02-04 07:10:00,232.32,232.35,232.18,232.23,78030
2026-02-04 07:15:00,232.23,232.23,232.0,232.04,92546
2026-02-04 07:20:00,232.04,232.05,231.79,231.85,248111
2026-02-04 07:25:00,231.85,231.85,231.2,231.43,347061
2026-02-04 07:30:00,231.43,231.83,231.41,231.75,230698
2026-02-04 07:35:00,231.73,232.05,231.73,232.0,427742
2026-02-04 07:40:00,232.0,232.2,231.85,232.05,160432
2026-02-04 07:45:00,232.05,232.06,231.49,231.74,242173
2026-02-04 07:50:00,231.74,231.99,231.6,231.8,207185
2026-02-04 07:55:00,231.8,231.91,231.63,231.72,141660
2026-02-04 08:00:00,231.7,232.34,231.7,232.34,171164
2026-02-04 08:05:00,232.33,232.45,232.06,232.24,152910
2026-02-04 08:10:00,232.2,232.58,232.2,232.47,254931
2026-02-04 08:15:00,232.48,232.6,232.45,232.49,295303
2026-02-04 08:20:00,232.5,233.25,232.45,233.09,372282
2026-02-04 08:25:00,233.09,233.1,232.71,232.88,170301
2026-02-04 08:30:00,232.88,232.93,232.45,232.55,155861
2026-02-04 08:35:00,232.52,232.66,232.45,232.56,128726
2026-02-04 08:40:00,232.55,232.86,232.49,232.85,169073
2026-02-04 08:45:00,232.85,233.1,232.8,233.0,207798
2026-02-04 08:50:00,233.0,233.31,232.99,233.3,288655
2026-02-04 08:55:00,233.25,233.3,233.0,233.12,279315
2026-02-04 09:00:00,233.12,233.17,233.0,233.14,184924
2026-02-04 09:05:00,233.14,233.25,233.03,233.19,188595
2026-02-04 09:10:00,233.19,233.48,233.0,233.15,245532
2026-02-04 09:15:00,233.15,233.8,233.0,233.8,485651
2026-02-04 09:20:00,233.8,234.15,233.55,233.78,496307
2026-02-04 09:25:00,233.78,234.06,233.56,233.71,410096
2026-02-04 09:30:00,233.7,233.89,233.4,233.44,700724
2026-02-04 09:35:00,233.44,233.51,233.1,233.27,652643
2026-02-04 09:40:00,233.27,233.4,232.95,233.04,717525
2026-02-04 09:45:00,233.04,233.37,232.98,233.37,846264
2026-02-04 09:50:00,233.39,233.58,233.35,233.51,543881
2026-02-04 09:55:00,233.55,233.65,233.12,233.5,627056
2026-02-05 03:45:00,233.34,235.57,233.15,234.9,835908
2026-02-05 03:50:00,234.99,234.99,233.91,234.16,358992
2026-02-05 03:55:00,234.17,234.5,234.0,234.21,193897
2026-02-05 04:00:00,234.21,234.59,234.02,234.05,272516
2026-02-05 04:05:00,234.01,234.3,234.0,234.24,164473
2026-02-05 04:10:00,234.3,234.47,233.82,233.9,275562
2026-02-05 04:15:00,233.9,234.14,233.5,233.91,170257
2026-02-05 04:20:00,233.91,234.27,233.89,234.12,119170
2026-02-05 04:25:00,234.1,234.43,233.76,234.41,121358
2026-02-05 04:30:00,234.46,234.6,234.0,234.53,131764
2026-02-05 04:35:00,234.63,234.97,234.36,234.42,157140
2026-02-05 04:40:00,234.42,234.83,234.34,234.72,99573
2026-02-05 04:45:00,234.72,235.15,234.6,235.15,162687
2026-02-05 04:50:00,235.07,235.5,235.0,235.08,375011
2026-02-05 04:55:00,235.04,235.19,234.7,234.87,173723
2026-02-05 05:00:00,234.8,235.1,234.7,234.78,87180
2026-02-05 05:05:00,234.78,235.09,234.7,234.81,113964
2026-02-05 05:10:00,234.84,234.84,234.11,234.32,147454
2026-02-05 05:15:00,234.32,234.4,234.05,234.05,94485
2026-02-05 05:20:00,234.14,234.17,233.88,233.95,73465
2026-02-05 05:25:00,234.0,234.03,233.47,233.57,107551
2026-02-05 05:30:00,233.55,233.55,233.2,233.45,109456
2026-02-05 05:35:00,233.45,233.79,233.38,233.56,54513
2026-02-05 05:40:00,233.56,233.8,233.42,233.75,47653
2026-02-05 05:45:00,233.71,233.8,233.5,233.53,45336
2026-02-05 05:50:00,233.53,233.64,233.48,233.54,32007
2026-02-05 05:55:00,233.53,233.53,233.0,233.03,140827
2026-02-05 06:00:00,233.03,233.23,232.8,233.03,158535
2026-02-05 06:05:00,233.0,233.2,232.87,233.16,42979
2026-02-05 06:10:00,233.16,233.31,233.0,233.1,51703
2026-02-05 06:15:00,233.11,233.14,232.58,232.58,166185
2026-02-05 06:20:00,232.6,232.6,232.41,232.54,78199
2026-02-05 06:25:00,232.55,232.68,232.45,232.65,44164
2026-02-05 06:30:00,232.64,232.64,232.12,232.24,118525
2026-02-05 06:35:00,232.24,232.42,231.79,231.85,183456
2026-02-05 06:40:00,231.85,231.93,231.7,231.93,101522
2026-02-05 06:45:00,231.92,232.01,231.82,231.91,56491
2026-02-05 06:50:00,231.91,232.06,231.77,231.99,87063
2026-02-05 06:55:00,231.95,232.26,231.93,232.19,99870
2026-02-05 07:00:00,232.19,232.29,231.85,232.15,74226
2026-02-05 07:05:00,232.15,232.3,232.1,232.16,57254
2026-02-05 07:10:00,232.15,232.27,232.05,232.09,28392
2026-02-05 07:15:00,232.09,232.18,231.95,232.04,52593
2026-02-05 07:20:00,232.04,232.15,231.9,232.0,30195
2026-02-05 07:25:00,232.0,232.26,231.92,232.24,30978
2026-02-05 07:30:00,232.24,232.4,232.06,232.31,40408
2026-02-05 07:35:00,232.31,232.53,232.22,232.51,67643
2026-02-05 07:40:00,232.53,233.04,232.4,232.76,366510
2026-02-05 07:45:00,232.76,232.93,232.6,232.93,97472
2026-02-05 07:50:00,232.92,233.04,232.9,233.01,59408
2026-02-05 07:55:00,233.0,233.02,232.6,232.66,132251
2026-02-05 08:00:00,232.66,232.92,232.62,232.92,36868
2026-02-05 08:05:00,232.92,233.0,232.73,233.0,45571
2026-02-05 08:10:00,233.0,233.19,232.85,232.89,101011
2026-02-05 08:15:00,232.89,233.04,232.85,232.98,42141
2026-02-05 08:20:00,232.98,233.12,232.66,232.66,35934
2026-02-05 08:25:00,232.7,232.93,232.6,232.93,27178
2026-02-05 08:30:00,232.87,232.95,232.71,232.79,48704
2026-02-05 08:35:00,232.76,232.78,232.32,232.42,122268
2026-02-05 08:40:00,232.42,232.62,232.28,232.6,97845
2026-02-05 08:45:00,232.61,232.79,232.52,232.72,41050
2026-02-05 08:50:00,232.71,233.03,232.7,232.99,98008
2026-02-05 08:55:00,232.99,233.21,232.89,233.08,97662
2026-02-05 09:00:00,233.13,233.3,233.0,233.26,120580
2026-02-05 09:05:00,233.27,233.42,233.26,233.36,125206
2026-02-05 09:10:00,233.3,233.4,233.12,233.14,71014
2026-02-05 09:15:00,233.2,233.23,233.0,233.01,71911
2026-02-05 09:20:00,233.03,233.26,233.0,233.25,56872
2026-02-05 09:25:00,233.24,233.71,233.16,233.59,275930
2026-02-05 09:30:00,233.6,233.79,233.29,233.54,208424
2026-02-05 09:35:00,233.52,233.6,233.27,233.41,89159
2026-02-05 09:40:00,233.41,233.95,233.21,233.34,554554
2026-02-05 09:45:00,233.34,233.45,233.16,233.21,326775
2026-02-05 09:50:00,233.21,233.21,233.06,233.15,206413
2026-02-05 09:55:00,233.19,233.22,233.0,233.18,199090
2026-02-06 03:45:00,232.93,232.93,231.28,232.07,465787
2026-02-06 03:50:00,232.03,232.07,231.3,231.7,320523
2026-02-06 03:55:00,231.7,232.05,231.39,231.52,249068
2026-02-06 04:00:00,231.52,231.75,230.3,231.75,748116
2026-02-06 04:05:00,231.65,231.8,231.22,231.54,283746
2026-02-06 04:10:00,231.6,231.75,231.01,231.1,253227
2026-02-06 04:15:00,231.1,231.7,231.1,231.2,308752
2026-02-06 04:20:00,231.18,231.28,230.63,230.75,142634
2026-02-06 04:25:00,230.75,230.85,230.5,230.68,165759
2026-02-06 04:30:00,230.67,230.75,230.3,230.59,227657
2026-02-06 04:35:00,230.59,230.84,230.5,230.78,77554
2026-02-06 04:40:00,230.8,230.83,230.52,230.64,52285
2026-02-06 04:45:00,230.62,231.2,230.52,231.15,104837
2026-02-06 04:50:00,231.11,231.27,230.93,231.04,127514
2026-02-06 04:55:00,231.04,231.04,230.0,230.03,266189
2026-02-06 05:00:00,230.1,230.39,230.0,230.2,135419
2026-02-06 05:05:00,230.15,230.34,230.0,230.01,117228
2026-02-06 05:10:00,230.0,230.05,229.52,229.7,338979
2026-02-06 05:15:00,229.7,229.74,229.33,229.59,166148
2026-02-06 05:20:00,229.59,230.05,229.5,229.97,198696
2026-02-06 05:25:00,229.97,230.15,229.79,230.0,147357
2026-02-06 05:30:00,230.0,230.07,229.82,229.9,139519
2026-02-06 05:35:00,229.9,229.95,229.71,229.75,119189
2026-02-06 05:40:00,229.77,229.87,229.5,229.55,241806
2026-02-06 05:45:00,229.63,230.1,229.59,230.1,176979
2026-02-06 05:50:00,230.1,230.2,229.68,229.87,154478
2026-02-06 05:55:00,229.86,230.1,229.81,230.0,123160
2026-02-06 06:00:00,230.0,230.0,229.7,229.82,144756
2026-02-06 06:05:00,229.82,230.05,229.71,230.01,147528
2026-02-06 06:10:00,230.01,230.29,229.96,230.1,152021
2026-02-06 06:15:00,230.1,230.14,229.95,230.11,100007
2026-02-06 06:20:00,230.1,230.15,229.96,230.05,115619
2026-02-06 06:25:00,230.05,230.07,229.85,230.07,115932
2026-02-06 06:30:00,230.07,230.39,230.0,230.07,139991
2026-02-06 06:35:00,230.07,230.08,229.68,229.74,124815
2026-02-06 06:40:00,229.74,229.85,229.55,229.78,156063
2026-02-06 06:45:00,229.84,229.89,229.4,229.72,183644
2026-02-06 06:50:00,229.72,229.73,229.5,229.5,117499
2026-02-06 06:55:00,229.54,229.57,229.39,229.42,165600
2026-02-06 07:00:00,229.44,229.49,229.21,229.36,170150
2026-02-06 07:05:00,229.36,229.58,229.11,229.17,140539
2026-02-06 07:10:00,229.17,229.17,228.8,228.9,317448
2026-02-06 07:15:00,228.9,228.97,228.62,228.72,109134
2026-02-06 07:20:00,228.72,228.79,228.66,228.76,72285
2026-02-06 07:25:00,228.77,229.0,228.6,229.0,106224
2026-02-06 07:30:00,228.98,229.46,228.85,229.43,91901
2026-02-06 07:35:00,229.46,229.62,229.36,229.58,94287
2026-02-06 07:40:00,229.57,229.85,229.56,229.8,94813
2026-02-06 07:45:00,229.8,229.96,229.77,229.95,68711
2026-02-06 07:50:00,229.95,230.17,229.93,230.15,95440
2026-02-06 07:55:00,230.14,230.2,230.0,230.09,57618
2026-02-06 08:00:00,230.09,230.3,229.92,230.02,90799
2026-02-06 08:05:00,230.03,230.2,230.0,230.02,40502
2026-02-06 08:10:00,230.02,230.3,230.02,230.2,62465
2026-02-06 08:15:00,230.2,230.34,230.08,230.32,84608
2026-02-06 08:20:00,230.33,230.6,230.27,230.6,93117
2026-02-06 08:25:00,230.6,230.6,230.32,230.5,74168
2026-02-06 08:30:00,230.5,230.59,230.3,230.3,64337
2026-02-06 08:35:00,230.3,230.49,230.23,230.41,49747
2026-02-06 08:40:00,230.41,230.41,230.12,230.14,51787
2026-02-06 08:45:00,230.22,230.3,230.15,230.3,39962
2026-02-06 08:50:00,230.3,230.58,230.15,230.18,80337
2026-02-06 08:55:00,230.23,230.33,230.16,230.32,43742
2026-02-06 09:00:00,230.32,230.47,230.13,230.29,55240
2026-02-06 09:05:00,230.29,230.35,230.21,230.3,37457
2026-02-06 09:10:00,230.3,230.42,230.25,230.39,37565
2026-02-06 09:15:00,230.42,230.7,230.39,230.5,89945
2026-02-06 09:20:00,230.5,230.8,230.46,230.67,96319
2026-02-06 09:25:00,230.7,230.84,230.66,230.82,142682
2026-02-06 09:30:00,230.84,230.97,230.8,230.93,290331
2026-02-06 09:35:00,230.93,231.14,230.88,231.1,337889
2026-02-06 09:40:00,231.05,231.17,230.93,230.98,223177
2026-02-06 09:45:00,231.0,231.1,230.4,230.4,357896
2026-02-06 09:50:00,230.53,230.64,230.3,230.4,464211
2026-02-06 09:55:00,230.39,230.5,230.35,230.4,385716
2026-02-09 03:45:00,231.85,232.93,231.16,231.33,351781
2026-02-09 03:50:00,231.31,231.31,230.62,230.97,280428
2026-02-09 03:55:00,231.0,231.25,230.6,231.24,169288
2026-02-09 04:00:00,231.24,231.54,230.84,231.0,139195
2026-02-09 04:05:00,230.96,231.02,230.7,230.79,112647
2026-02-09 04:10:00,230.79,230.9,230.3,230.36,160787
2026-02-09 04:15:00,230.45,230.63,230.32,230.55,107917
2026-02-09 04:20:00,230.5,230.51,230.19,230.4,160263
2026-02-09 04:25:00,230.39,230.55,230.37,230.47,94880
2026-02-09 04:30:00,230.5,230.8,230.45,230.63,88657
2026-02-09 04:35:00,230.63,231.11,230.61,230.92,123468
2026-02-09 04:40:00,230.91,231.0,230.9,230.99,66950
2026-02-09 04:45:00,230.99,231.02,230.88,230.94,48378
2026-02-09 04:50:00,230.94,230.97,230.8,230.93,67497
2026-02-09 04:55:00,230.92,231.02,230.62,230.8,94782
2026-02-09 05:00:00,230.78,231.25,230.78,231.19,60246
2026-02-09 05:05:00,231.19,231.25,231.01,231.23,59138
2026-02-09 05:10:00,231.22,231.22,231.0,231.03,36360
2026-02-09 05:15:00,231.02,231.18,231.01,231.1,68769
2026-02-09 05:20:00,231.14,231.29,231.08,231.23,88119
2026-02-09 05:25:00,231.22,231.44,231.18,231.26,65605
2026-02-09 05:30:00,231.3,231.34,231.05,231.1,41268
2026-02-09 05:35:00,231.16,231.18,231.02,231.09,29726
2026-02-09 05:40:00,231.08,231.25,231.03,231.17,40819
2026-02-09 05:45:00,231.15,231.21,231.0,231.12,213167
2026-02-09 05:50:00,231.2,231.3,231.0,231.29,62683
2026-02-09 05:55:00,231.29,231.33,231.03,231.08,34965
2026-02-09 06:00:00,231.01,231.1,230.86,230.93,93095
2026-02-09 06:05:00,230.93,231.09,230.87,231.0,70891
2026-02-09 06:10:00,231.0,231.09,230.94,230.95,43077
2026-02-09 06:15:00,230.93,230.93,230.7,230.8,126082
2026-02-09 06:20:00,230.79,230.88,230.68,230.69,192307
2026-02-09 06:25:00,230.69,230.74,230.6,230.65,66071
2026-02-09 06:30:00,230.66,230.94,230.35,230.74,193853
2026-02-09 06:35:00,230.76,230.78,230.64,230.64,44407
2026-02-09 06:40:00,230.62,230.87,230.62,230.8,93396
2026-02-09 06:45:00,230.83,230.88,230.5,230.52,102198
2026-02-09 06:50:00,230.52,230.79,230.43,230.73,85451
2026-02-09 06:55:00,230.72,230.73,229.75,229.76,615051
2026-02-09 07:00:00,229.82,230.09,229.63,230.0,105039
2026-02-09 07:05:00,230.07,230.07,229.9,229.94,64676
2026-02-09 07:10:00,229.93,230.0,229.85,229.95,72957
2026-02-09 07:15:00,229.95,229.99,229.61,229.9,304890
2026-02-09 07:20:00,229.9,230.07,229.9,230.0,69379
2026-02-09 07:25:00,230.05,230.08,229.98,230.07,80953
2026-02-09 07:30:00,230.07,230.09,229.96,229.96,74963
2026-02-09 07:35:00,229.99,230.12,229.96,230.02,95628
2026-02-09 07:40:00,230.01,230.14,230.0,230.1,60375
2026-02-09 07:45:00,230.1,230.22,230.04,230.22,28607
2026-02-09 07:50:00,230.18,230.32,230.16,230.22,50215
2026-02-09 07:55:00,230.25,230.34,230.2,230.22,58963
2026-02-09 08:00:00,230.23,230.29,230.21,230.25,26585
2026-02-09 08:05:00,230.29,230.34,230.22,230.31,20515
2026-02-09 08:10:00,230.3,230.35,230.3,230.35,24465
2026-02-09 08:15:00,230.3,230.35,230.1,230.12,34603
2026-02-09 08:20:00,230.16,230.25,230.05,230.24,55314
2026-02-09 08:25:00,230.23,230.51,230.2,230.46,81808
2026-02-09 08:30:00,230.47,230.5,230.27,230.38,195505
2026-02-09 08:35:00,230.45,230.45,230.15,230.36,32695
2026-02-09 08:40:00,230.4,230.5,230.27,230.36,262557
2026-02-09 08:45:00,230.45,230.5,230.25,230.26,45495
2026-02-09 08:50:00,230.3,230.48,230.26,230.31,97886
2026-02-09 08:55:00,230.38,230.39,230.3,230.32,38119
2026-02-09 09:00:00,230.32,230.47,230.13,230.26,99017
2026-02-09 09:05:00,230.34,230.35,230.22,230.27,36721
2026-02-09 09:10:00,230.27,230.34,230.06,230.1,45286
2026-02-09 09:15:00,230.1,230.25,230.1,230.2,63460
2026-02-09 09:20:00,230.24,230.3,230.16,230.21,155006
2026-02-09 09:25:00,230.24,230.35,230.16,230.25,71744
2026-02-09 09:30:00,230.26,230.35,230.26,230.3,130875
2026-02-09 09:35:00,230.3,230.35,230.0,230.07,392862
2026-02-09 09:40:00,230.06,230.2,230.0,230.04,591185
2026-02-09 09:45:00,230.05,230.19,229.95,230.05,314891
2026-02-09 09:50:00,230.03,230.15,230.02,230.02,276421
2026-02-09 09:55:00,230.03,230.12,230.0,230.1,318273
2026-02-10 03:45:00,229.98,229.98,227.2,228.69,889477
2026-02-10 03:50:00,228.59,228.78,228.0,228.26,611522
2026-02-10 03:55:00,228.21,228.31,227.97,228.19,424014
2026-02-10 04:00:00,228.16,228.54,227.91,228.4,299421
2026-02-10 04:05:00,228.42,228.99,228.4,228.75,647003
2026-02-10 04:10:00,228.7,229.25,228.7,229.13,222220
2026-02-10 04:15:00,229.05,230.19,229.04,229.92,564673
2026-02-10 04:20:00,229.92,229.96,229.65,229.69,294385
2026-02-10 04:25:00,229.69,229.7,229.24,229.51,246868
2026-02-10 04:30:00,229.51,230.11,229.5,230.05,402208
2026-02-10 04:35:00,230.01,230.85,229.95,230.4,586348
2026-02-10 04:40:00,230.5,230.72,230.0,230.7,390463
2026-02-10 04:45:00,230.7,231.92,230.62,231.72,445297
2026-02-10 04:50:00,231.74,232.15,231.6,232.14,558948
2026-02-10 04:55:00,232.15,232.25,231.95,232.23,221875
2026-02-10 05:00:00,232.23,232.5,232.0,232.33,195981
2026-02-10 05:05:00,232.3,232.65,232.08,232.34,164442
2026-02-10 05:10:00,232.4,232.4,231.92,232.06,272407
2026-02-10 05:15:00,232.09,232.86,232.0,232.56,255293
2026-02-10 05:20:00,232.56,232.59,232.0,232.07,166092
2026-02-10 05:25:00,232.07,232.22,231.63,231.8,90857
2026-02-10 05:30:00,231.8,232.08,231.75,231.85,64064
2026-02-10 05:35:00,231.82,232.23,231.7,232.14,70571
2026-02-10 05:40:00,232.15,232.2,231.9,232.1,54380
2026-02-10 05:45:00,232.1,232.32,232.0,232.13,56852
2026-02-10 05:50:00,232.08,232.12,231.82,231.92,41152
2026-02-10 05:55:00,231.93,232.12,231.83,232.06,50359
2026-02-10 06:00:00,232.01,232.25,232.01,232.25,89969
2026-02-10 06:05:00,232.27,232.27,231.8,231.89,55568
2026-02-10 06:10:00,231.8,231.97,231.71,231.94,39765
2026-02-10 06:15:00,231.92,232.0,231.81,232.0,30232
2026-02-10 06:20:00,231.92,232.1,231.88,232.09,38946
2026-02-10 06:25:00,232.09,232.38,232.0,232.29,51130
2026-02-10 06:30:00,232.29,232.5,232.25,232.36,49306
2026-02-10 06:35:00,232.35,232.4,232.02,232.08,29733
2026-02-10 06:40:00,232.08,232.08,232.0,232.05,22182
2026-02-10 06:45:00,232.08,232.25,232.05,232.17,23305
2026-02-10 06:50:00,232.17,232.24,232.05,232.09,19252
2026-02-10 06:55:00,232.08,232.11,231.85,231.92,45678
2026-02-10 07:00:00,231.89,231.99,231.8,231.9,40133
2026-02-10 07:05:00,231.89,231.98,231.62,231.83,35845
2026-02-10 07:10:00,231.76,231.9,231.73,231.88,21481
2026-02-10 07:15:00,231.87,232.08,231.84,232.0,76458
2026-02-10 07:20:00,232.0,232.11,231.88,231.96,26000
2026-02-10 07:25:00,231.95,232.0,231.84,231.98,33044
2026-02-10 07:30:00,231.95,231.98,231.7,231.8,108863
2026-02-10 07:35:00,231.79,231.97,231.77,231.8,24949
2026-02-10 07:40:00,231.84,231.91,231.65,231.84,51259
2026-02-10 07:45:00,231.8,231.84,231.51,231.64,67393
2026-02-10 07:50:00,231.62,231.62,231.2,231.57,104304
2026-02-10 07:55:00,231.56,231.8,231.41,231.48,78241
2026-02-10 08:00:00,231.47,231.6,231.3,231.54,55807
2026-02-10 08:05:00,231.54,231.81,231.45,231.78,44944
2026-02-10 08:10:00,231.8,231.92,231.69,231.88,48261
2026-02-10 08:15:00,231.88,231.95,231.66,231.79,46955
2026-02-10 08:20:00,231.77,232.0,231.7,231.96,59896
2026-02-10 08:25:00,231.81,231.9,231.57,231.76,69146
2026-02-10 08:30:00,231.7,231.81,231.51,231.69,41352
2026-02-10 08:35:00,231.6,231.96,231.55,231.85,41352
2026-02-10 08:40:00,231.8,231.9,231.64,231.88,49747
2026-02-10 08:45:00,231.88,232.13,231.77,232.09,120427
2026-02-10 08:50:00,232.09,232.11,231.85,231.97,60573
2026-02-10 08:55:00,231.9,232.0,231.75,231.78,115319
2026-02-10 09:00:00,231.86,231.96,231.34,231.43,113048
2026-02-10 09:05:00,231.43,231.5,231.05,231.06,107285
2026-02-10 09:10:00,231.05,231.19,230.96,231.12,135735
2026-02-10 09:15:00,231.17,231.48,231.15,231.45,104744
2026-02-10 09:20:00,231.45,231.67,231.39,231.57,100239
2026-02-10 09:25:00,231.61,231.7,231.47,231.66,62924
2026-02-10 09:30:00,231.66,231.97,231.63,231.75,304181
2026-02-10 09:35:00,231.75,231.8,231.52,231.55,238277
2026-02-10 09:40:00,231.5,231.56,231.33,231.39,196949
2026-02-10 09:45:00,231.37,231.39,231.11,231.2,220554
2026-02-10 09:50:00,231.23,231.43,231.12,231.29,297043
2026-02-10 09:55:00,231.29,231.49,231.15,231.29,248395
2026-02-11 03:45:00,231.47,233.0,231.46,232.58,412997
2026-02-11 03:50:00,232.58,232.7,232.0,232.09,163239
2026-02-11 03:55:00,232.1,232.24,231.85,231.98,165202
2026-02-11 04:00:00,231.98,232.2,231.7,231.96,90293
2026-02-11 04:05:00,231.89,232.11,231.52,231.52,136835
2026-02-11 04:10:00,231.52,231.57,231.25,231.5,159719
2026-02-11 04:15:00,231.5,231.62,231.05,231.05,138332
2026-02-11 04:20:00,231.04,231.26,231.0,231.2,58435
2026-02-11 04:25:00,231.2,231.58,231.16,231.31,98500
2026-02-11 04:30:00,231.31,231.31,231.0,231.11,68370
2026-02-11 04:35:00,231.11,231.17,230.86,231.17,113622
2026-02-11 04:40:00,231.11,231.3,231.0,231.15,57568
2026-02-11 04:45:00,231.12,231.45,231.07,231.28,50646
2026-02-11 04:50:00,231.2,231.33,230.69,231.0,249836
2026-02-11 04:55:00,231.0,231.27,230.8,231.07,154386
2026-02-11 05:00:00,231.06,231.25,230.99,231.22,28557
2026-02-11 05:05:00,231.19,231.22,230.47,230.6,426683
2026-02-11 05:10:00,230.64,231.08,230.51,230.86,276746
2026-02-11 05:15:00,230.75,230.94,230.5,230.92,256317
2026-02-11 05:20:00,230.92,231.17,230.8,230.89,64930
2026-02-11 05:25:00,230.89,230.96,230.67,230.78,57079
2026-02-11 05:30:00,230.79,230.92,230.63,230.85,62900
2026-02-11 05:35:00,230.9,231.0,230.6,230.66,37048
2026-02-11 05:40:00,230.69,230.81,230.6,230.64,43334
2026-02-11 05:45:00,230.71,231.07,230.6,230.82,73011
2026-02-11 05:50:00,230.88,231.1,230.78,231.1,32521
2026-02-11 05:55:00,231.1,231.13,230.8,230.81,44643
2026-02-11 06:00:00,230.86,231.03,230.83,231.0,39957
2026-02-11 06:05:00,231.0,231.09,230.81,230.95,38748
2026-02-11 06:10:00,230.98,231.05,230.81,230.9,30276
2026-02-11 06:15:00,230.94,231.0,230.6,230.75,43122
2026-02-11 06:20:00,230.69,230.96,230.62,230.93,35051
2026-02-11 06:25:00,230.91,231.0,230.62,230.62,56070
2026-02-11 06:30:00,230.6,230.9,230.56,230.77,44058
2026-02-11 06:35:00,230.66,230.8,230.56,230.61,26038
2026-02-11 06:40:00,230.65,230.71,230.28,230.48,106895
2026-02-11 06:45:00,230.45,230.5,230.12,230.28,67025
2026-02-11 06:50:00,230.28,230.28,229.85,229.89,212917
2026-02-11 06:55:00,229.89,230.28,229.81,230.15,95564
2026-02-11 07:00:00,230.22,230.41,230.1,230.1,25334
2026-02-11 07:05:00,230.14,230.28,229.7,229.9,65799
2026-02-11 07:10:00,229.85,229.99,229.56,229.73,88055
2026-02-11 07:15:00,229.73,230.06,229.7,230.05,72968
2026-02-11 07:20:00,230.0,230.1,229.95,230.05,39648
2026-02-11 07:25:00,230.04,230.25,229.96,230.19,33769
2026-02-11 07:30:00,230.19,230.19,229.68,229.85,78342
2026-02-11 07:35:00,229.78,230.08,229.77,229.97,59644
2026-02-11 07:40:00,229.97,230.31,229.6,229.94,190603
2026-02-11 07:45:00,229.87,229.9,229.57,229.82,73342
2026-02-11 07:50:00,229.82,229.98,229.7,229.74,63695
2026-02-11 07:55:00,229.71,230.08,229.71,230.08,52922
2026-02-11 08:00:00,230.18,230.22,230.0,230.07,43461
2026-02-11 08:05:00,230.07,230.13,230.0,230.13,24612
2026-02-11 08:10:00,230.1,230.43,230.1,230.15,47104
2026-02-11 08:15:00,230.15,230.23,230.0,230.01,41619
2026-02-11 08:20:00,230.06,230.12,229.95,229.96,53972
2026-02-11 08:25:00,229.96,230.08,229.92,230.0,32591
2026-02-11 08:30:00,229.95,230.0,229.8,229.9,77578
2026-02-11 08:35:00,229.91,230.08,229.8,230.08,73615
2026-02-11 08:40:00,230.08,230.29,230.04,230.26,42903
2026-02-11 08:45:00,230.26,230.34,230.09,230.31,52606
2026-02-11 08:50:00,230.26,230.4,230.0,230.03,91992
2026-02-11 08:55:00,230.01,230.2,230.0,230.13,44652
2026-02-11 09:00:00,230.07,230.3,230.01,230.3,43288
2026-02-11 09:05:00,230.25,230.3,229.91,230.11,182194
2026-02-11 09:10:00,230.0,230.19,229.93,230.1,85910
2026-02-11 09:15:00,230.0,230.19,229.92,230.0,59263
2026-02-11 09:20:00,229.95,230.13,229.86,230.06,74217
2026-02-11 09:25:00,230.13,230.2,230.05,230.12,78764
2026-02-11 09:30:00,230.16,230.3,229.86,229.9,248529
2026-02-11 09:35:00,229.88,229.88,229.72,229.79,190623
2026-02-11 09:40:00,229.79,230.0,229.65,229.92,245063
2026-02-11 09:45:00,229.93,230.0,229.75,229.87,269514
2026-02-11 09:50:00,229.87,229.9,229.5,229.62,307174
2026-02-11 09:55:00,229.58,229.9,229.5,229.9,234402
2026-02-12 03:45:00,226.2,226.26,223.06,223.98,1976352
2026-02-12 03:50:00,223.97,223.97,222.22,223.21,1602294
2026-02-12 03:55:00,223.19,223.2,222.4,222.45,1053442
2026-02-12 04:00:00,222.45,222.59,221.3,221.72,1305578
2026-02-12 04:05:00,221.76,222.5,221.66,222.42,908287
2026-02-12 04:10:00,222.45,222.45,221.55,221.95,559933
2026-02-12 04:15:00,221.95,222.75,221.1,222.47,766956
2026-02-12 04:20:00,222.58,222.68,221.5,222.07,506092
2026-02-12 04:25:00,222.07,222.4,219.0,220.1,6551084
2026-02-12 04:30:00,220.14,220.89,220.02,220.51,2013829
2026-02-12 04:35:00,220.48,220.56,219.6,220.0,802994
2026-02-12 04:40:00,220.0,220.73,219.72,220.5,469231
2026-02-12 04:45:00,220.5,220.65,220.2,220.38,306633
2026-02-12 04:50:00,220.38,220.39,219.93,220.14,393820
2026-02-12 04:55:00,220.14,220.15,219.78,219.99,338832
2026-02-12 05:00:00,219.97,220.32,219.75,220.3,352070
2026-02-12 05:05:00,220.3,220.37,219.86,220.11,299095
2026-02-12 05:10:00,220.11,220.12,219.61,219.73,351935
2026-02-12 05:15:00,219.73,219.98,219.7,219.98,200981
2026-02-12 05:20:00,219.98,220.0,219.39,219.51,408497
2026-02-12 05:25:00,219.61,219.82,219.49,219.76,175439
2026-02-12 05:30:00,219.77,219.84,219.45,219.51,253401
2026-02-12 05:35:00,219.5,219.8,219.45,219.7,151253
2026-02-12 05:40:00,219.7,219.77,219.0,219.4,397979
2026-02-12 05:45:00,219.4,219.4,219.0,219.04,226880
2026-02-12 05:50:00,219.04,219.06,218.68,218.92,561374
2026-02-12 05:55:00,218.93,219.18,218.87,219.07,236942
2026-02-12 06:00:00,219.03,219.1,218.6,218.9,272418
2026-02-12 06:05:00,218.92,218.92,218.5,218.65,225701
2026-02-12 06:10:00,218.65,219.0,218.6,218.95,155316
2026-02-12 06:15:00,218.94,219.17,218.9,218.92,171871
2026-02-12 06:20:00,218.93,219.12,218.75,219.04,196127
2026-02-12 06:25:00,219.03,219.08,218.86,219.0,207475
2026-02-12 06:30:00,219.0,219.08,218.57,218.63,279948
2026-02-12 06:35:00,218.63,218.96,218.61,218.92,161341
2026-02-12 06:40:00,218.93,218.93,218.7,218.91,138780
2026-02-12 06:45:00,218.91,219.98,218.85,219.7,568578
2026-02-12 06:50:00,219.69,219.79,219.32,219.49,213138
2026-02-12 06:55:00,219.48,219.79,219.4,219.66,152775
2026-02-12 07:00:00,219.66,219.75,219.55,219.63,143890
2026-02-12 07:05:00,219.63,219.73,219.35,219.39,198046
2026-02-12 07:10:00,219.4,219.6,219.3,219.42,149585
2026-02-12 07:15:00,219.42,219.48,219.2,219.25,192326
2026-02-12 07:20:00,219.26,219.29,219.0,219.17,306594
2026-02-12 07:25:00,219.18,219.34,219.03,219.18,251572
2026-02-12 07:30:00,219.18,219.45,218.84,219.05,233153
2026-02-12 07:35:00,219.09,219.1,218.8,218.95,220132
2026-02-12 07:40:00,218.95,219.09,218.8,219.0,227470
2026-02-12 07:45:00,219.03,219.54,219.0,219.5,129152
2026-02-12 07:50:00,219.47,219.6,219.38,219.54,186888
2026-02-12 07:55:00,219.55,219.78,219.49,219.59,166379
2026-02-12 08:00:00,219.58,219.76,219.25,219.64,384375
2026-02-12 08:05:00,219.64,220.03,219.5,219.87,314449
2026-02-12 08:10:00,219.87,220.19,219.6,219.66,340159
2026-02-12 08:15:00,219.66,219.66,219.38,219.46,196004
2026-02-12 08:20:00,219.47,219.48,219.02,219.29,245699
2026-02-12 08:25:00,219.29,219.63,219.25,219.55,135843
2026-02-12 08:30:00,219.55,219.55,219.24,219.4,146380
2026-02-12 08:35:00,219.4,219.58,219.26,219.55,144351
2026-02-12 08:40:00,219.57,219.8,219.5,219.8,210257
2026-02-12 08:45:00,219.8,219.84,219.63,219.77,137078
2026-02-12 08:50:00,219.74,220.19,219.74,220.13,292921
2026-02-12 08:55:00,220.14,220.21,219.79,220.04,324913
2026-02-12 09:00:00,220.22,220.31,220.01,220.21,372371
2026-02-12 09:05:00,220.2,220.2,219.75,219.81,254606
2026-02-12 09:10:00,219.79,220.0,219.76,219.93,250368
2026-02-12 09:15:00,219.94,219.94,219.5,219.6,418659
2026-02-12 09:20:00,219.61,219.96,219.5,219.89,366245
2026-02-12 09:25:00,219.89,219.9,219.61,219.71,330858
2026-02-12 09:30:00,219.69,219.74,219.37,219.49,885247
2026-02-12 09:35:00,219.5,219.54,219.2,219.29,1423266
2026-02-12 09:40:00,219.27,219.83,219.0,219.01,962542
2026-02-12 09:45:00,219.05,219.16,218.6,218.75,1403800
2026-02-12 09:50:00,218.75,219.11,218.53,219.02,1617169
2026-02-12 09:55:00,219.0,219.06,218.5,218.8,1251305
2026-02-13 03:45:00,210.65,213.6,209.01,211.76,3158441
2026-02-13 03:50:00,211.76,212.1,210.7,212.03,1097482
2026-02-13 03:55:00,212.1,212.1,211.1,211.84,534773
2026-02-13 04:00:00,211.82,212.05,211.11,211.5,464261
2026-02-13 04:05:00,211.53,211.58,210.73,210.9,544128
2026-02-13 04:10:00,210.88,212.42,210.71,212.3,549941
2026-02-13 04:15:00,212.23,212.3,211.21,211.29,294921
2026-02-13 04:20:00,211.3,211.5,210.86,211.26,351743
2026-02-13 04:25:00,211.3,211.5,210.65,210.65,368526
2026-02-13 04:30:00,210.71,211.45,210.61,210.95,247428
2026-02-13 04:35:00,210.96,211.0,210.51,210.67,250769
2026-02-13 04:40:00,210.7,210.74,210.15,210.5,423667
2026-02-13 04:45:00,210.51,210.51,210.0,210.1,431983
2026-02-13 04:50:00,210.08,211.9,210.0,211.75,340684
2026-02-13 04:55:00,211.78,212.16,211.53,212.0,479871
2026-02-13 05:00:00,212.07,212.95,211.89,212.68,498511
2026-02-13 05:05:00,212.74,213.47,212.65,212.95,609473
2026-02-13 05:10:00,212.95,213.49,212.62,213.23,490723
2026-02-13 05:15:00,213.15,213.3,212.88,213.23,301527
2026-02-13 05:20:00,213.23,213.73,212.82,213.2,314221
2026-02-13 05:25:00,213.15,213.6,213.0,213.17,182982
2026-02-13 05:30:00,213.2,213.2,212.2,212.37,307268
2026-02-13 05:35:00,212.34,212.85,212.17,212.56,254546
2026-02-13 05:40:00,212.64,213.9,212.53,213.88,277721
2026-02-13 05:45:00,213.81,213.9,213.1,213.37,188047
2026-02-13 05:50:00,213.33,213.48,213.02,213.4,112948
2026-02-13 05:55:00,213.43,213.95,213.2,213.85,201973
2026-02-13 06:00:00,213.85,213.86,213.29,213.39,206457
2026-02-13 06:05:00,213.39,213.62,213.05,213.55,163179
2026-02-13 06:10:00,213.58,214.95,213.44,214.8,469950
2026-02-13 06:15:00,214.87,214.88,214.3,214.8,369838
2026-02-13 06:20:00,214.8,215.1,214.4,214.67,465611
2026-02-13 06:25:00,214.7,214.96,214.5,214.71,187919
2026-02-13 06:30:00,214.7,214.9,214.4,214.83,204842
2026-02-13 06:35:00,214.85,216.48,214.85,216.0,544466
2026-02-13 06:40:00,216.0,216.46,215.54,215.78,293217
2026-02-13 06:45:00,215.79,216.12,215.0,215.45,262768
2026-02-13 06:50:00,215.3,215.49,215.0,215.17,170806
2026-02-13 06:55:00,215.26,216.0,215.17,215.48,183509
2026-02-13 07:00:00,215.48,215.7,215.25,215.63,122472
2026-02-13 07:05:00,215.68,215.9,215.21,215.57,135831
2026-02-13 07:10:00,215.56,215.66,214.8,215.08,239483
2026-02-13 07:15:00,215.08,215.44,214.85,215.07,129092
2026-02-13 07:20:00,215.07,215.07,214.42,214.5,185377
2026-02-13 07:25:00,214.52,214.55,214.05,214.13,197147
2026-02-13 07:30:00,214.14,214.78,214.06,214.43,148758
2026-02-13 07:35:00,214.41,214.43,214.05,214.15,104523
2026-02-13 07:40:00,214.22,214.7,214.1,214.69,104217
2026-02-13 07:45:00,214.7,215.0,214.51,214.83,122207
2026-02-13 07:50:00,214.83,215.0,214.6,214.86,129677
2026-02-13 07:55:00,214.8,215.25,214.63,214.99,148782
2026-02-13 08:00:00,214.99,215.1,214.7,214.76,74555
2026-02-13 08:05:00,214.76,214.92,214.63,214.88,72182
2026-02-13 08:10:00,214.92,214.95,214.51,214.55,90018
2026-02-13 08:15:00,214.52,214.65,214.13,214.32,127263
2026-02-13 08:20:00,214.38,214.57,214.21,214.57,119945
2026-02-13 08:25:00,214.57,214.95,214.5,214.95,106049
2026-02-13 08:30:00,214.95,215.21,214.61,214.98,175616
2026-02-13 08:35:00,214.99,215.24,214.63,214.79,149322
2026-02-13 08:40:00,214.77,215.08,214.56,214.92,115256
2026-02-13 08:45:00,214.92,215.24,214.66,214.77,135242
2026-02-13 08:50:00,214.77,215.0,214.5,214.9,123272
2026-02-13 08:55:00,214.9,215.2,214.84,215.1,155968
2026-02-13 09:00:00,215.1,215.25,214.3,214.39,201897
2026-02-13 09:05:00,214.39,214.96,214.34,214.86,168484
2026-02-13 09:10:00,214.84,214.84,214.4,214.63,89347
2026-02-13 09:15:00,214.64,214.65,214.36,214.45,123310
2026-02-13 09:20:00,214.45,214.76,214.3,214.61,177417
2026-02-13 09:25:00,214.61,214.68,214.42,214.47,146100
2026-02-13 09:30:00,214.5,214.5,213.91,214.1,457235
2026-02-13 09:35:00,214.07,214.16,213.6,213.92,237801
2026-02-13 09:40:00,213.89,214.22,213.8,214.12,354775
2026-02-13 09:45:00,214.14,214.4,214.05,214.19,482275
2026-02-13 09:50:00,214.19,214.33,214.0,214.06,577685
2026-02-13 09:55:00,214.1,214.39,214.0,214.38,438369
2026-02-16 03:45:00,214.62,216.91,214.5,215.3,992146
2026-02-16 03:50:00,215.3,215.35,214.1,214.4,466841
2026-02-16 03:55:00,214.48,214.64,213.8,214.06,383395
2026-02-16 04:00:00,214.07,214.87,214.07,214.53,264371
2026-02-16 04:05:00,214.53,214.75,214.17,214.55,201793
2026-02-16 04:10:00,214.54,214.57,214.0,214.15,149622
2026-02-16 04:15:00,214.15,214.15,213.52,213.85,281292
2026-02-16 04:20:00,213.78,214.04,213.29,213.9,191765
2026-02-16 04:25:00,213.9,214.09,213.4,213.79,198975
2026-02-16 04:30:00,213.8,214.5,213.77,214.09,319263
2026-02-16 04:35:00,214.15,214.31,213.3,213.41,191582
2026-02-16 04:40:00,213.41,213.98,213.33,213.53,177361
2026-02-16 04:45:00,213.56,213.69,213.02,213.18,193954
2026-02-16 04:50:00,213.18,213.4,212.6,212.72,529021
2026-02-16 04:55:00,212.77,212.9,212.3,212.49,407638
2026-02-16 05:00:00,212.53,213.09,212.3,212.99,397566
2026-02-16 05:05:00,213.0,213.4,212.69,213.05,236567
2026-02-16 05:10:00,213.04,213.15,213.0,213.07,84928
2026-02-16 05:15:00,213.03,213.07,212.69,212.7,166165
2026-02-16 05:20:00,212.71,212.73,212.32,212.47,123634
2026-02-16 05:25:00,212.44,212.52,212.31,212.45,92514
2026-02-16 05:30:00,212.43,212.51,212.05,212.26,148994
2026-02-16 05:35:00,212.26,212.49,212.21,212.41,44608
2026-02-16 05:40:00,212.41,212.65,212.2,212.6,70291
2026-02-16 05:45:00,212.58,212.71,212.5,212.63,51879
2026-02-16 05:50:00,212.59,213.15,212.55,212.99,215636
2026-02-16 05:55:00,212.99,213.02,212.35,212.43,107862
2026-02-16 06:00:00,212.44,212.92,212.41,212.66,53992
2026-02-16 06:05:00,212.61,212.89,212.55,212.81,53253
2026-02-16 06:10:00,212.84,212.93,212.66,212.73,39785
2026-02-16 06:15:00,212.57,212.73,212.15,212.5,116270
2026-02-16 06:20:00,212.58,212.8,212.49,212.71,60248
2026-02-16 06:25:00,212.7,212.91,212.52,212.57,71253
2026-02-16 06:30:00,212.55,212.8,212.5,212.55,59285
2026-02-16 06:35:00,212.61,212.66,212.3,212.57,102992
2026-02-16 06:40:00,212.57,212.73,212.3,212.36,71925
2026-02-16 06:45:00,212.39,212.88,212.25,212.79,147946
2026-02-16 06:50:00,212.79,212.85,212.49,212.81,88365
2026-02-16 06:55:00,212.81,212.83,212.6,212.74,41048
2026-02-16 07:00:00,212.69,212.84,212.56,212.8,35781
2026-02-16 07:05:00,212.78,212.83,211.6,211.95,1179430
2026-02-16 07:10:00,211.94,211.99,211.5,211.71,239551
2026-02-16 07:15:00,211.75,211.8,211.04,211.1,450237
2026-02-16 07:20:00,211.1,211.24,210.9,211.16,769248
2026-02-16 07:25:00,211.14,211.27,210.67,210.75,456617
2026-02-16 07:30:00,210.75,210.93,210.65,210.89,419047
2026-02-16 07:35:00,210.89,211.28,210.7,210.75,488148
2026-02-16 07:40:00,210.73,210.85,210.5,210.8,1130672
2026-02-16 07:45:00,210.8,210.98,210.42,210.53,819160
2026-02-16 07:50:00,210.53,210.75,210.51,210.56,717774
2026-02-16 07:55:00,210.55,210.74,210.45,210.59,355228
2026-02-16 08:00:00,210.59,210.82,210.11,210.81,548744
2026-02-16 08:05:00,210.79,211.2,210.6,210.65,304692
2026-02-16 08:10:00,210.67,210.74,210.5,210.7,105892
2026-02-16 08:15:00,210.69,210.92,210.65,210.67,384167
2026-02-16 08:20:00,210.7,211.44,210.67,211.41,344444
2026-02-16 08:25:00,211.44,211.44,211.08,211.25,212434
2026-02-16 08:30:00,211.25,211.31,210.9,211.17,242859
2026-02-16 08:35:00,211.15,211.3,211.0,211.18,69755
2026-02-16 08:40:00,211.12,211.29,211.05,211.29,88437
2026-02-16 08:45:00,211.21,211.44,211.2,211.27,90251
2026-02-16 08:50:00,211.27,211.44,211.2,211.28,61443
2026-02-16 08:55:00,211.35,212.44,211.33,212.33,315685
2026-02-16 09:00:00,212.33,212.8,212.18,212.78,346321
2026-02-16 09:05:00,212.78,212.94,212.4,212.54,251848
2026-02-16 09:10:00,212.55,212.76,212.51,212.72,106446
2026-02-16 09:15:00,212.72,212.83,212.51,212.83,146698
2026-02-16 09:20:00,212.82,212.82,212.36,212.65,118943
2026-02-16 09:25:00,212.65,213.15,212.5,213.15,213910
2026-02-16 09:30:00,213.14,213.6,213.12,213.21,353915
2026-02-16 09:35:00,213.29,213.5,213.1,213.48,242881
2026-02-16 09:40:00,213.5,213.6,213.1,213.24,255264
2026-02-16 09:45:00,213.18,213.4,213.02,213.3,441938
2026-02-16 09:50:00,213.29,213.35,213.06,213.12,309543
2026-02-16 09:55:00,213.14,213.49,213.05,213.19,482727
2026-02-17 03:45:00,213.26,215.5,212.63,215.12,882006
2026-02-17 03:50:00,215.11,215.11,213.7,213.83,562555
2026-02-17 03:55:00,213.84,213.94,213.07,213.31,770835
2026-02-17 04:00:00,213.31,214.64,212.26,214.48,1790472
2026-02-17 04:05:00,214.38,215.15,214.25,215.1,857519
2026-02-17 04:10:00,215.1,216.19,214.99,215.45,819479
2026-02-17 04:15:00,215.45,215.63,215.11,215.51,468135
2026-02-17 04:20:00,215.63,216.2,215.49,216.2,381703
2026-02-17 04:25:00,216.2,216.36,215.71,216.36,429207
2026-02-17 04:30:00,216.36,216.44,216.03,216.36,596956
2026-02-17 04:35:00,216.39,217.0,215.89,216.92,967629
2026-02-17 04:40:00,216.98,217.69,216.87,217.47,466012
2026-02-17 04:45:00,217.47,217.5,216.57,216.89,508470
2026-02-17 04:50:00,216.89,217.15,216.65,216.78,182459
2026-02-17 04:55:00,216.78,216.99,216.1,216.53,359621
2026-02-17 05:00:00,216.57,217.09,216.57,216.79,265682
2026-02-17 05:05:00,216.76,216.86,215.91,216.08,296166
2026-02-17 05:10:00,216.0,216.44,215.59,215.61,296365
2026-02-17 05:15:00,215.65,216.14,215.64,215.8,172832
2026-02-17 05:20:00,215.79,215.88,215.4,215.45,175951
2026-02-17 05:25:00,215.48,215.79,215.42,215.62,124977
2026-02-17 05:30:00,215.69,215.97,215.62,215.83,152490
2026-02-17 05:35:00,215.84,215.87,215.52,215.8,136759
2026-02-17 05:40:00,215.8,215.91,215.71,215.91,122236
2026-02-17 05:45:00,215.96,216.35,215.85,216.29,102061
2026-02-17 05:50:00,216.3,216.49,216.25,216.49,130337
2026-02-17 05:55:00,216.49,217.5,216.36,217.3,736979
2026-02-17 06:00:00,217.4,218.55,217.32,218.3,933705
2026-02-17 06:05:00,218.35,218.49,217.61,218.07,410221
2026-02-17 06:10:00,218.12,218.12,216.8,217.0,381491
2026-02-17 06:15:00,217.07,217.67,217.0,217.62,161278
2026-02-17 06:20:00,217.63,217.99,217.21,217.76,217733
2026-02-17 06:25:00,217.76,217.94,217.55,217.84,119425
2026-02-17 06:30:00,217.85,217.85,217.52,217.71,119695
2026-02-17 06:35:00,217.6,218.1,217.55,217.62,246601
2026-02-17 06:40:00,217.72,217.74,217.14,217.68,1080927
2026-02-17 06:45:00,217.65,218.47,217.52,218.34,743496
2026-02-17 06:50:00,218.35,218.8,218.27,218.53,694522
2026-02-17 06:55:00,218.54,218.95,218.3,218.56,354673
2026-02-17 07:00:00,218.6,218.64,218.1,218.21,231140
2026-02-17 07:05:00,218.22,218.37,217.88,218.25,174393
2026-02-17 07:10:00,218.29,218.3,217.87,218.14,184128
2026-02-17 07:15:00,218.14,218.75,218.13,218.58,184694
2026-02-17 07:20:00,218.58,219.39,218.54,219.01,415952
2026-02-17 07:25:00,219.0,219.04,218.29,218.64,222384
2026-02-17 07:30:00,218.64,218.92,218.49,218.5,168950
2026-02-17 07:35:00,218.49,218.7,218.02,218.64,190642
2026-02-17 07:40:00,218.65,218.7,217.9,218.0,232866
2026-02-17 07:45:00,218.0,218.15,217.6,217.66,226800
2026-02-17 07:50:00,217.78,217.79,217.36,217.69,158203
2026-02-17 07:55:00,217.66,217.72,217.05,217.14,134351
2026-02-17 08:00:00,217.15,217.93,217.11,217.38,343359
2026-02-17 08:05:00,217.43,217.45,216.9,216.97,233034
2026-02-17 08:10:00,216.97,217.12,216.79,217.05,112586
2026-02-17 08:15:00,217.05,217.08,216.56,216.65,196281
2026-02-17 08:20:00,216.68,216.9,216.56,216.77,122822
2026-02-17 08:25:00,216.77,216.77,216.0,216.12,269957
2026-02-17 08:30:00,216.14,216.65,216.1,216.51,161452
2026-02-17 08:35:00,216.51,216.6,216.15,216.26,167354
2026-02-17 08:40:00,216.26,216.26,215.71,215.85,207615
2026-02-17 08:45:00,215.83,216.3,215.7,216.08,193792
2026-02-17 08:50:00,216.08,216.35,215.8,216.06,153147
2026-02-17 08:55:00,216.07,216.09,215.32,215.4,193882
2026-02-17 09:00:00,215.43,215.66,215.32,215.53,165967
2026-02-17 09:05:00,215.53,215.89,215.46,215.83,124014
2026-02-17 09:10:00,215.83,216.16,215.8,215.8,174450
2026-02-17 09:15:00,215.81,215.83,215.41,215.5,116170
2026-02-17 09:20:00,215.51,215.66,215.25,215.54,152077
2026-02-17 09:25:00,215.54,215.89,215.32,215.76,173539
2026-02-17 09:30:00,215.83,216.08,215.72,215.88,217840
2026-02-17 09:35:00,215.88,215.9,215.51,215.88,408055
2026-02-17 09:40:00,215.88,215.88,215.52,215.75,443076
2026-02-17 09:45:00,215.74,215.8,215.56,215.7,605261
2026-02-17 09:50:00,215.7,215.89,215.6,215.66,660186
2026-02-17 09:55:00,215.75,215.85,215.4,215.85,553422
2026-02-18 03:45:00,216.2,216.4,213.8,215.2,1288168
2026-02-18 03:50:00,215.2,215.2,214.05,214.43,567784
2026-02-18 03:55:00,214.42,214.5,213.59,214.05,404830
2026-02-18 04:00:00,214.05,214.08,212.22,213.04,869954
2026-02-18 04:05:00,213.0,213.2,212.8,212.85,299945
2026-02-18 04:10:00,212.9,212.92,212.0,212.22,496759
2026-02-18 04:15:00,212.19,212.3,211.41,211.41,788045
2026-02-18 04:20:00,211.41,211.85,211.41,211.49,396623
2026-02-18 04:25:00,211.49,211.49,210.71,211.05,620495
2026-02-18 04:30:00,211.1,211.29,210.75,210.88,352237
2026-02-18 04:35:00,210.88,211.14,210.5,210.9,295618
2026-02-18 04:40:00,210.9,211.25,210.61,211.08,294440
2026-02-18 04:45:00,211.11,211.54,211.02,211.22,272046
2026-02-18 04:50:00,211.22,211.4,211.01,211.25,142674
2026-02-18 04:55:00,211.2,211.45,211.01,211.34,137784
2026-02-18 05:00:00,211.34,211.82,211.05,211.69,186233
2026-02-18 05:05:00,211.69,212.13,211.5,211.52,227761
2026-02-18 05:10:00,211.55,211.6,211.25,211.43,126313
2026-02-18 05:15:00,211.43,211.57,211.25,211.27,87290
2026-02-18 05:20:00,211.23,211.99,211.2,211.94,188115
2026-02-18 05:25:00,211.93,212.0,211.63,211.89,190232
2026-02-18 05:30:00,211.8,211.95,211.6,211.95,123470
2026-02-18 05:35:00,211.95,211.95,211.45,211.5,124472
2026-02-18 05:40:00,211.5,211.75,211.3,211.61,149133
2026-02-18 05:45:00,211.55,211.68,211.42,211.55,141243
2026-02-18 05:50:00,211.52,211.7,211.31,211.53,91899
2026-02-18 05:55:00,211.53,211.67,211.42,211.63,64780
2026-02-18 06:00:00,211.63,211.67,211.06,211.42,212825
2026-02-18 06:05:00,211.43,211.52,210.8,211.01,439855
2026-02-18 06:10:00,211.02,211.65,210.77,211.41,335631
2026-02-18 06:15:00,211.42,212.47,210.61,211.04,967654
2026-02-18 06:20:00,211.04,211.06,210.5,210.5,362563
2026-02-18 06:25:00,210.55,210.98,210.5,210.93,207294
2026-02-18 06:30:00,210.93,211.3,210.5,210.93,453327
2026-02-18 06:35:00,210.97,211.24,210.75,211.09,184230
2026-02-18 06:40:00,211.09,211.27,210.88,210.91,164308
2026-02-18 06:45:00,210.91,211.15,210.9,211.0,143218
2026-02-18 06:50:00,211.0,211.15,210.69,210.72,262881
2026-02-18 06:55:00,210.8,210.8,210.26,210.7,340074
2026-02-18 07:00:00,210.71,211.14,210.66,210.91,328346
2026-02-18 07:05:00,210.87,211.1,210.69,210.99,420818
2026-02-18 07:10:00,210.97,211.49,210.9,211.19,206523
2026-02-18 07:15:00,211.2,211.35,210.9,210.93,161269
2026-02-18 07:20:00,210.93,211.04,210.88,210.94,85495
2026-02-18 07:25:00,210.9,211.0,210.67,210.73,222150
2026-02-18 07:30:00,210.73,210.85,210.56,210.72,174150
2026-02-18 07:35:00,210.72,211.01,210.7,210.75,204776
2026-02-18 07:40:00,210.77,210.89,210.65,210.88,89054
2026-02-18 07:45:00,210.88,211.05,210.77,210.99,90635
2026-02-18 07:50:00,210.95,211.03,210.85,211.0,120107
2026-02-18 07:55:00,210.98,211.0,210.7,210.8,133901
2026-02-18 08:00:00,210.75,210.96,210.7,210.93,85764
2026-02-18 08:05:00,210.93,211.0,210.83,210.86,84664
2026-02-18 08:10:00,210.86,210.9,210.7,210.8,171176
2026-02-18 08:15:00,210.83,210.85,210.7,210.83,78986
2026-02-18 08:20:00,210.84,210.93,210.51,210.53,265907
2026-02-18 08:25:00,210.55,210.61,210.35,210.6,315331
2026-02-18 08:30:00,210.55,210.61,210.4,210.56,178465
2026-02-18 08:35:00,210.54,210.71,210.51,210.7,127687
2026-02-18 08:40:00,210.65,211.03,210.62,210.92,214614
2026-02-18 08:45:00,210.92,211.03,210.8,211.02,182128
2026-02-18 08:50:00,211.0,211.43,210.95,211.39,387472
2026-02-18 08:55:00,211.39,211.39,211.05,211.15,233697
2026-02-18 09:00:00,211.15,211.43,211.11,211.33,324572
2026-02-18 09:05:00,211.33,211.45,211.22,211.4,234156
2026-02-18 09:10:00,211.4,211.44,211.11,211.29,244958
2026-02-18 09:15:00,211.3,211.33,211.1,211.25,168319
2026-02-18 09:20:00,211.25,211.58,211.21,211.53,357019
2026-02-18 09:25:00,211.49,211.6,211.38,211.45,220597
2026-02-18 09:30:00,211.41,212.09,211.41,211.94,680861
2026-02-18 09:35:00,211.94,212.02,211.73,211.95,550563
2026-02-18 09:40:00,212.03,212.17,211.85,212.04,514251
2026-02-18 09:45:00,212.04,212.1,211.83,211.96,573934
2026-02-18 09:50:00,211.95,212.1,211.82,212.05,672056
2026-02-18 09:55:00,212.05,212.15,211.85,212.15,525625
2026-02-19 03:45:00,214.0,215.44,213.28,213.96,1163939
2026-02-19 03:50:00,213.97,214.4,213.64,213.85,436905
2026-02-19 03:55:00,213.84,213.91,213.5,213.6,259584
2026-02-19 04:00:00,213.55,213.6,213.22,213.28,328461
2026-02-19 04:05:00,213.3,213.56,212.82,213.08,364412
2026-02-19 04:10:00,213.06,213.29,212.9,213.1,148888
2026-02-19 04:15:00,213.08,213.82,212.99,213.75,184833
2026-02-19 04:20:00,213.74,213.9,213.03,213.15,290502
2026-02-19 04:25:00,213.15,213.35,212.92,213.14,159238
2026-02-19 04:30:00,213.19,213.79,213.19,213.79,170708
2026-02-19 04:35:00,213.79,214.27,213.74,214.09,332116
2026-02-19 04:40:00,214.0,214.1,213.52,213.6,150207
2026-02-19 04:45:00,213.63,213.83,213.35,213.45,130740
2026-02-19 04:50:00,213.44,213.53,213.1,213.33,220036
2026-02-19 04:55:00,213.33,213.33,212.85,213.07,245444
2026-02-19 05:00:00,213.05,213.18,212.8,212.94,198783
2026-02-19 05:05:00,212.94,213.05,212.76,212.91,118123
2026-02-19 05:10:00,212.98,213.25,212.85,213.19,129046
2026-02-19 05:15:00,213.19,213.2,212.82,213.03,186857
2026-02-19 05:20:00,213.0,213.18,212.8,213.09,236878
2026-02-19 05:25:00,213.05,213.19,212.98,213.04,80517
2026-02-19 05:30:00,213.05,213.3,212.9,213.28,184840
2026-02-19 05:35:00,213.29,213.33,213.01,213.01,99029
2026-02-19 05:40:00,213.04,213.12,212.75,212.75,129448
2026-02-19 05:45:00,212.82,212.99,212.71,212.71,104458
2026-02-19 05:50:00,212.71,212.9,212.51,212.58,140905
2026-02-19 05:55:00,212.56,212.88,212.55,212.7,77007
2026-02-19 06:00:00,212.77,212.89,212.6,212.84,43303
2026-02-19 06:05:00,212.84,212.84,212.6,212.74,76604
2026-02-19 06:10:00,212.73,212.74,212.5,212.58,122725
2026-02-19 06:15:00,212.58,212.65,212.42,212.56,67719
2026-02-19 06:20:00,212.56,212.56,212.32,212.36,88003
2026-02-19 06:25:00,212.36,212.48,212.25,212.44,128655
2026-02-19 06:30:00,212.41,212.43,212.15,212.38,103872
2026-02-19 06:35:00,212.37,212.37,212.1,212.14,117394
2026-02-19 06:40:00,212.14,212.23,211.8,211.95,226387
2026-02-19 06:45:00,211.97,212.1,211.58,212.0,249243
2026-02-19 06:50:00,211.99,212.39,211.89,212.31,143101
2026-02-19 06:55:00,212.31,212.35,212.1,212.29,103309
2026-02-19 07:00:00,212.27,212.31,211.98,212.13,66081
2026-02-19 07:05:00,212.11,212.19,211.95,211.98,54325
2026-02-19 07:10:00,211.98,212.1,211.83,211.94,99547
2026-02-19 07:15:00,211.94,211.99,211.81,211.94,61236
2026-02-19 07:20:00,211.92,212.19,211.81,211.96,87553
2026-02-19 07:25:00,211.97,212.1,211.95,212.06,56676
2026-02-19 07:30:00,212.09,212.09,212.0,212.05,39196
2026-02-19 07:35:00,212.05,212.41,212.05,212.39,123703
2026-02-19 07:40:00,212.39,212.56,212.32,212.42,221983
2026-02-19 07:45:00,212.45,212.45,212.08,212.37,169439
2026-02-19 07:50:00,212.37,212.46,212.18,212.32,128888
2026-02-19 07:55:00,212.32,212.39,212.05,212.21,121343
2026-02-19 08:00:00,212.21,212.21,211.84,212.18,274325
2026-02-19 08:05:00,212.18,212.25,212.0,212.14,251318
2026-02-19 08:10:00,212.14,212.34,212.14,212.32,100567
2026-02-19 08:15:00,212.27,212.34,212.11,212.23,79703
2026-02-19 08:20:00,212.23,212.4,212.1,212.3,151392
2026-02-19 08:25:00,212.31,212.37,212.05,212.15,202133
2026-02-19 08:30:00,212.14,213.68,212.1,213.65,702684
2026-02-19 08:35:00,213.65,213.65,213.0,213.06,122681
2026-02-19 08:40:00,213.08,213.29,213.02,213.23,118119
2026-02-19 08:45:00,213.23,213.64,213.23,213.45,192147
2026-02-19 08:50:00,213.45,213.8,213.3,213.4,145636
2026-02-19 08:55:00,213.35,213.4,212.63,212.69,109072
2026-02-19 09:00:00,212.72,213.0,212.7,212.96,54320
2026-02-19 09:05:00,212.95,213.25,212.94,213.09,73471
2026-02-19 09:10:00,213.09,213.15,212.37,212.45,96920
2026-02-19 09:15:00,212.45,212.61,212.06,212.57,155414
2026-02-19 09:20:00,212.59,212.84,212.36,212.63,117988
2026-02-19 09:25:00,212.62,212.67,212.35,212.47,105443
2026-02-19 09:30:00,212.51,212.51,211.71,212.08,365362
2026-02-19 09:35:00,212.08,212.2,211.5,211.87,195330
2026-02-19 09:40:00,211.85,211.93,211.26,211.42,195527
2026-02-19 09:45:00,211.42,211.49,210.7,210.78,503760
2026-02-19 09:50:00,210.78,210.85,210.4,210.63,274981
2026-02-19 09:55:00,210.63,210.98,210.51,210.89,518174
2026-02-20 03:45:00,209.7,210.0,208.25,209.27,1012332
2026-02-20 03:50:00,209.25,209.9,208.9,209.0,335544
2026-02-20 03:55:00,208.95,209.3,208.56,208.62,341368
2026-02-20 04:00:00,208.66,209.97,208.56,209.9,390716
2026-02-20 04:05:00,209.84,209.95,209.35,209.8,259880
2026-02-20 04:10:00,209.79,209.89,209.42,209.88,252632
2026-02-20 04:15:00,209.89,210.3,209.8,210.29,270139
2026-02-20 04:20:00,210.3,210.5,209.65,209.8,237257
2026-02-20 04:25:00,209.8,210.05,209.75,210.05,179613
2026-02-20 04:30:00,210.05,210.17,209.69,209.91,198707
2026-02-20 04:35:00,209.91,210.29,209.8,210.15,222746
2026-02-20 04:40:00,210.15,210.47,210.01,210.33,157957
2026-02-20 04:45:00,210.33,211.35,210.28,211.0,305669
2026-02-20 04:50:00,211.0,211.9,210.94,211.83,430556
2026-02-20 04:55:00,211.8,211.9,211.22,211.31,206096
2026-02-20 05:00:00,211.31,211.8,211.31,211.74,123337
2026-02-20 05:05:00,211.7,211.89,211.65,211.74,135792
2026-02-20 05:10:00,211.7,211.91,211.64,211.68,136824
2026-02-20 05:15:00,211.72,211.96,211.68,211.71,85910
2026-02-20 05:20:00,211.77,211.79,210.79,211.22,330197
2026-02-20 05:25:00,211.22,211.34,210.83,211.0,486748
2026-02-20 05:30:00,211.06,211.23,210.41,210.41,241860
2026-02-20 05:35:00,210.5,210.98,210.44,210.94,81958
2026-02-20 05:40:00,210.9,211.15,210.77,210.89,70231
2026-02-20 05:45:00,210.89,211.4,210.85,211.33,82993
2026-02-20 05:50:00,211.35,211.5,211.25,211.4,128171
2026-02-20 05:55:00,211.49,211.73,211.39,211.55,100219
2026-02-20 06:00:00,211.5,211.6,211.4,211.51,159911
2026-02-20 06:05:00,211.51,211.65,211.4,211.57,123229
2026-02-20 06:10:00,211.58,211.58,211.0,211.35,97534
2026-02-20 06:15:00,211.35,211.49,211.01,211.18,76457
2026-02-20 06:20:00,211.16,211.22,211.02,211.13,46107
2026-02-20 06:25:00,211.15,211.16,210.8,211.04,60288
2026-02-20 06:30:00,211.04,211.05,210.88,210.95,30791
2026-02-20 06:35:00,210.98,211.09,210.89,211.0,43579
2026-02-20 06:40:00,211.0,211.08,210.92,210.99,34247
2026-02-20 06:45:00,210.99,211.46,210.97,211.24,101514
2026-02-20 06:50:00,211.24,211.33,211.15,211.15,39985
2026-02-20 06:55:00,211.25,211.28,211.14,211.23,40344
2026-02-20 07:00:00,211.25,211.28,210.85,210.95,36107
2026-02-20 07:05:00,210.98,211.0,210.67,210.76,92634
2026-02-20 07:10:00,210.8,210.94,210.59,210.65,39255
2026-02-20 07:15:00,210.61,210.91,210.51,210.76,42750
2026-02-20 07:20:00,210.75,210.93,210.7,210.76,36371
2026-02-20 07:25:00,210.8,210.8,210.29,210.42,73795
2026-02-20 07:30:00,210.42,210.5,210.25,210.33,46151
2026-02-20 07:35:00,210.33,210.34,210.0,210.05,63523
2026-02-20 07:40:00,210.05,210.13,209.82,209.86,423335
2026-02-20 07:45:00,209.86,209.86,208.94,209.44,1244341
2026-02-20 07:50:00,209.44,209.54,209.27,209.44,99178
2026-02-20 07:55:00,209.41,209.81,209.34,209.69,89222
2026-02-20 08:00:00,209.69,209.8,209.58,209.8,161431
2026-02-20 08:05:00,209.8,210.08,209.79,210.0,283547
2026-02-20 08:10:00,210.01,210.01,209.57,209.96,115790
2026-02-20 08:15:00,209.96,210.08,209.65,209.95,125350
2026-02-20 08:20:00,209.95,209.99,209.7,209.78,50745
2026-02-20 08:25:00,209.78,210.09,209.75,210.01,59794
2026-02-20 08:30:00,210.08,210.14,209.91,210.0,83008
2026-02-20 08:35:00,209.99,210.1,209.84,210.1,114379
2026-02-20 08:40:00,210.1,210.14,209.82,210.01,176531
2026-02-20 08:45:00,210.0,210.15,209.9,210.04,157144
2026-02-20 08:50:00,210.04,210.08,209.7,209.76,140783
2026-02-20 08:55:00,209.76,210.02,209.7,209.95,137212
2026-02-20 09:00:00,209.95,210.0,209.74,210.0,101064
2026-02-20 09:05:00,209.99,210.09,209.9,210.0,66343
2026-02-20 09:10:00,210.03,210.14,209.96,210.0,165736
2026-02-20 09:15:00,210.0,210.1,209.55,209.85,192009
2026-02-20 09:20:00,209.85,209.89,209.45,209.78,229510
2026-02-20 09:25:00,209.86,210.02,209.73,209.92,304925
2026-02-20 09:30:00,210.0,210.02,209.54,209.74,913698
2026-02-20 09:35:00,209.73,209.9,209.65,209.73,418426
2026-02-20 09:40:00,209.7,210.09,209.5,209.99,1146036
2026-02-20 09:45:00,209.99,210.01,209.73,210.0,919961
2026-02-20 09:50:00,210.0,210.02,209.85,210.0,963711
2026-02-20 09:55:00,209.99,210.07,209.81,210.03,643713
2026-02-23 03:45:00,210.36,211.74,209.54,210.46,932381
2026-02-23 03:50:00,210.4,210.5,209.7,210.0,399227
2026-02-23 03:55:00,210.06,210.4,209.82,210.04,408414
2026-02-23 04:00:00,210.05,210.05,209.0,209.14,407163
2026-02-23 04:05:00,209.14,209.3,208.4,208.4,394501
2026-02-23 04:10:00,208.48,208.53,207.65,208.0,575766
2026-02-23 04:15:00,208.02,208.16,207.52,207.52,304172
2026-02-23 04:20:00,207.55,207.76,207.11,207.33,385160
2026-02-23 04:25:00,207.33,207.33,206.48,206.67,596376
2026-02-23 04:30:00,206.63,206.8,206.3,206.49,328562
2026-02-23 04:35:00,206.46,206.72,206.15,206.39,268486
2026-02-23 04:40:00,206.4,206.6,206.21,206.48,266444
2026-02-23 04:45:00,206.47,206.9,206.3,206.33,411772
2026-02-23 04:50:00,206.4,206.56,206.2,206.34,255579
2026-02-23 04:55:00,206.34,206.4,205.52,205.73,484556
2026-02-23 05:00:00,205.77,205.8,204.66,205.32,839750
2026-02-23 05:05:00,205.3,205.4,204.71,204.99,423686
2026-02-23 05:10:00,204.99,205.08,204.5,204.59,293403
2026-02-23 05:15:00,204.63,204.74,204.28,204.52,392980
2026-02-23 05:20:00,204.52,205.18,204.44,205.02,216345
2026-02-23 05:25:00,205.02,205.05,204.5,204.57,245947
2026-02-23 05:30:00,204.62,205.3,204.4,205.28,292748
2026-02-23 05:35:00,205.23,205.42,204.9,205.38,255102
2026-02-23 05:40:00,205.39,205.5,205.0,205.39,186239
2026-02-23 05:45:00,205.4,205.4,204.96,204.96,160488
2026-02-23 05:50:00,205.03,205.23,204.75,204.99,125171
2026-02-23 05:55:00,205.03,205.03,204.66,204.84,177521
2026-02-23 06:00:00,204.83,204.92,204.7,204.74,139984
2026-02-23 06:05:00,204.68,205.0,204.6,204.83,147857
2026-02-23 06:10:00,204.78,205.25,204.6,205.2,157906
2026-02-23 06:15:00,205.22,205.24,204.91,205.14,101834
2026-02-23 06:20:00,205.14,205.29,204.93,205.29,149754
2026-02-23 06:25:00,205.29,205.64,205.06,205.36,191274
2026-02-23 06:30:00,205.42,205.59,205.3,205.43,92505
2026-02-23 06:35:00,205.43,205.6,205.32,205.58,136742
2026-02-23 06:40:00,205.58,205.9,205.32,205.69,278551
2026-02-23 06:45:00,205.69,205.8,205.49,205.7,270693
2026-02-23 06:50:00,205.7,205.75,205.06,205.08,130477
2026-02-23 06:55:00,205.08,205.2,204.99,205.1,184555
2026-02-23 07:00:00,205.1,205.2,204.95,205.0,103987
2026-02-23 07:05:00,205.0,205.1,204.92,205.09,84529
2026-02-23 07:10:00,205.1,205.54,205.0,205.54,105991
2026-02-23 07:15:00,205.53,205.8,205.44,205.52,137707
2026-02-23 07:20:00,205.52,205.79,205.5,205.65,127002
2026-02-23 07:25:00,205.7,205.79,205.51,205.61,127476
2026-02-23 07:30:00,205.68,205.68,205.02,205.13,118642
2026-02-23 07:35:00,205.13,205.35,205.0,205.26,91237
2026-02-23 07:40:00,205.2,205.58,205.0,205.33,915961
2026-02-23 07:45:00,205.33,205.84,205.33,205.72,339808
2026-02-23 07:50:00,205.72,205.78,205.2,205.24,116623
2026-02-23 07:55:00,205.34,205.7,205.26,205.6,139494
2026-02-23 08:00:00,205.59,205.73,205.25,205.28,88829
2026-02-23 08:05:00,205.3,205.32,205.1,205.18,102576
2026-02-23 08:10:00,205.18,205.19,205.0,205.14,148014
2026-02-23 08:15:00,205.14,205.28,204.94,205.05,168855
2026-02-23 08:20:00,205.08,205.35,205.0,205.04,105919
2026-02-23 08:25:00,205.09,205.1,204.86,204.96,180412
2026-02-23 08:30:00,204.95,205.1,204.87,205.02,113447
2026-02-23 08:35:00,205.02,205.2,204.93,205.03,109896
2026-02-23 08:40:00,205.03,205.15,205.0,205.05,103571
2026-02-23 08:45:00,205.08,205.21,205.0,205.2,135338
2026-02-23 08:50:00,205.15,205.2,205.01,205.1,118209
2026-02-23 08:55:00,205.07,205.4,205.04,205.35,100902
2026-02-23 09:00:00,205.31,205.96,205.31,205.71,302123
2026-02-23 09:05:00,205.72,205.8,205.38,205.69,196809
2026-02-23 09:10:00,205.71,205.83,205.55,205.58,341396
2026-02-23 09:15:00,205.61,206.05,205.5,206.0,493366
2026-02-23 09:20:00,206.02,206.02,205.55,205.58,160951
2026-02-23 09:25:00,205.63,205.94,205.51,205.9,263903
2026-02-23 09:30:00,205.9,206.34,205.9,206.23,451893
2026-02-23 09:35:00,206.23,206.32,205.83,205.94,280616
2026-02-23 09:40:00,205.94,205.99,205.68,205.85,473902
2026-02-23 09:45:00,205.85,205.98,205.6,205.88,707363
2026-02-23 09:50:00,205.68,206.0,205.57,205.83,620021
2026-02-23 09:55:00,205.83,205.93,205.61,205.9,685069
2026-02-24 03:45:00,203.0,203.29,201.13,201.62,1766550
2026-02-24 03:50:00,201.64,201.91,201.41,201.5,597436
2026-02-24 03:55:00,201.56,201.65,201.1,201.18,409852
2026-02-24 04:00:00,201.09,201.2,200.25,200.93,1099282
2026-02-24 04:05:00,200.86,201.0,200.41,200.52,537953
2026-02-24 04:10:00,200.38,200.52,199.65,200.4,954662
2026-02-24 04:15:00,200.46,201.38,200.28,201.1,540961
2026-02-24 04:20:00,201.1,201.14,200.56,200.99,220278
2026-02-24 04:25:00,200.99,201.19,200.91,201.05,206407
2026-02-24 04:30:00,201.06,201.71,200.97,201.47,421749
2026-02-24 04:35:00,201.54,202.07,201.3,201.98,426263
2026-02-24 04:40:00,202.0,202.1,201.5,201.57,507847
2026-02-24 04:45:00,201.55,201.68,201.07,201.61,340900
2026-02-24 04:50:00,201.6,201.98,201.34,201.44,197834
2026-02-24 04:55:00,201.37,202.0,201.35,201.79,398471
2026-02-24 05:00:00,201.78,201.97,201.6,201.94,178489
2026-02-24 05:05:00,201.94,202.25,201.93,202.2,277934
2026-02-24 05:10:00,202.22,202.22,201.82,201.99,146326
2026-02-24 05:15:00,201.99,202.0,201.5,201.71,137239
2026-02-24 05:20:00,201.71,201.85,201.4,201.46,150317
2026-02-24 05:25:00,201.44,201.5,201.17,201.39,191127
2026-02-24 05:30:00,201.45,201.75,201.23,201.29,273706
2026-02-24 05:35:00,201.33,201.94,201.2,201.69,428650
2026-02-24 05:40:00,201.72,201.81,201.65,201.75,192011
2026-02-24 05:45:00,201.74,201.95,201.61,201.69,164949
2026-02-24 05:50:00,201.63,201.8,201.51,201.65,129868
2026-02-24 05:55:00,201.63,201.98,201.6,201.78,183521
2026-02-24 06:00:00,201.76,201.82,201.08,201.3,169906
2026-02-24 06:05:00,201.28,201.32,201.01,201.09,237188
2026-02-24 06:10:00,201.09,201.17,200.5,200.57,230473
2026-02-24 06:15:00,200.55,200.78,200.44,200.64,227813
2026-02-24 06:20:00,200.64,200.7,200.32,200.32,143808
2026-02-24 06:25:00,200.39,200.39,199.85,199.97,643794
2026-02-24 06:30:00,200.02,200.13,199.8,200.08,444988
2026-02-24 06:35:00,200.08,200.14,199.62,199.74,399090
2026-02-24 06:40:00,199.74,200.21,199.7,200.15,308206
2026-02-24 06:45:00,200.15,200.35,199.95,200.31,182116
2026-02-24 06:50:00,200.31,200.34,199.85,200.0,281143
2026-02-24 06:55:00,199.98,200.18,199.9,199.97,292177
2026-02-24 07:00:00,199.97,200.07,199.82,199.9,202661
2026-02-24 07:05:00,199.94,200.07,199.9,199.97,122213
2026-02-24 07:10:00,199.97,200.04,199.6,199.7,262671
2026-02-24 07:15:00,199.7,199.81,199.59,199.78,202303
2026-02-24 07:20:00,199.78,199.9,199.36,199.89,324459
2026-02-24 07:25:00,199.8,199.99,199.61,199.85,211506
2026-02-24 07:30:00,199.85,200.1,199.5,200.08,313745
2026-02-24 07:35:00,200.05,200.07,199.87,199.96,159499
2026-02-24 07:40:00,199.96,200.29,199.85,200.1,189019
2026-02-24 07:45:00,200.11,200.12,199.9,199.99,165564
2026-02-24 07:50:00,199.98,200.06,199.86,199.9,142552
2026-02-24 07:55:00,199.9,199.9,199.65,199.73,193035
2026-02-24 08:00:00,199.73,199.9,199.58,199.73,326303
2026-02-24 08:05:00,199.73,200.34,199.57,200.25,259980
2026-02-24 08:10:00,200.24,200.41,200.04,200.09,183536
2026-02-24 08:15:00,200.07,200.07,199.85,200.0,174096
2026-02-24 08:20:00,200.03,200.09,199.9,199.96,103554
2026-02-24 08:25:00,199.95,200.55,199.95,200.52,343076
2026-02-24 08:30:00,200.52,200.57,200.02,200.13,167614
2026-02-24 08:35:00,200.17,200.45,200.15,200.3,114391
2026-02-24 08:40:00,200.33,200.66,200.24,200.53,234863
2026-02-24 08:45:00,200.55,200.63,200.32,200.45,258218
2026-02-24 08:50:00,200.44,200.57,200.11,200.25,256838
2026-02-24 08:55:00,200.25,200.37,200.1,200.28,266193
2026-02-24 09:00:00,200.28,200.29,200.04,200.06,169103
2026-02-24 09:05:00,200.07,200.45,200.03,200.35,228074
2026-02-24 09:10:00,200.35,200.48,200.2,200.2,299987
2026-02-24 09:15:00,200.22,200.39,200.03,200.34,269753
2026-02-24 09:20:00,200.33,200.69,200.26,200.39,531127
2026-02-24 09:25:00,200.39,200.42,200.22,200.37,276908
2026-02-24 09:30:00,200.38,200.43,200.19,200.22,564940
2026-02-24 09:35:00,200.22,200.35,200.06,200.1,403917
2026-02-24 09:40:00,200.11,200.2,200.0,200.04,570865
2026-02-24 09:45:00,200.03,200.2,200.0,200.14,737746
2026-02-24 09:50:00,200.12,200.15,200.0,200.1,557995
2026-02-24 09:55:00,200.1,200.5,200.04,200.49,492512
2026-02-25 03:45:00,201.31,205.1,201.31,204.55,1601459
2026-02-25 03:50:00,204.58,205.48,203.91,204.46,1126157
2026-02-25 03:55:00,204.46,204.5,204.03,204.07,311160
2026-02-25 04:00:00,204.19,204.19,203.31,204.02,438143
2026-02-25 04:05:00,204.02,204.02,203.11,203.35,245354
2026-02-25 04:10:00,203.34,203.54,203.21,203.37,162645
2026-02-25 04:15:00,203.39,203.78,203.32,203.75,193164
2026-02-25 04:20:00,203.76,203.99,203.5,203.99,179872
2026-02-25 04:25:00,203.95,204.55,203.75,204.44,310953
2026-02-25 04:30:00,204.44,204.65,204.2,204.55,257032
2026-02-25 04:35:00,204.58,204.75,204.31,204.59,200752
2026-02-25 04:40:00,204.51,204.62,204.17,204.3,141477
2026-02-25 04:45:00,204.35,204.68,204.34,204.54,199234
2026-02-25 04:50:00,204.49,204.6,204.12,204.51,212252
2026-02-25 04:55:00,204.51,204.6,204.26,204.45,133340
2026-02-25 05:00:00,204.44,204.68,204.02,204.2,264978
2026-02-25 05:05:00,204.19,204.37,203.77,203.94,93786
2026-02-25 05:10:00,203.94,203.96,203.5,203.57,152139
2026-02-25 05:15:00,203.56,203.98,203.5,203.93,118390
2026-02-25 05:20:00,203.92,204.05,203.74,204.0,71395
2026-02-25 05:25:00,204.0,204.29,204.0,204.08,86101
2026-02-25 05:30:00,204.13,204.42,204.11,204.29,89876
2026-02-25 05:35:00,204.26,204.4,204.12,204.15,71718
2026-02-25 05:40:00,204.15,204.47,204.15,204.45,66382
2026-02-25 05:45:00,204.42,204.42,203.87,203.89,124893
2026-02-25 05:50:00,203.89,204.1,203.77,204.0,52968
2026-02-25 05:55:00,204.03,204.28,203.9,204.2,90926
2026-02-25 06:00:00,204.2,204.25,204.0,204.1,48684
2026-02-25 06:05:00,204.14,204.25,203.41,203.58,180181
2026-02-25 06:10:00,203.61,203.69,203.27,203.52,164275
2026-02-25 06:15:00,203.6,203.85,203.52,203.76,96258
2026-02-25 06:20:00,203.8,203.92,203.41,203.6,97505
2026-02-25 06:25:00,203.62,203.69,203.55,203.58,58395
2026-02-25 06:30:00,203.61,203.72,203.5,203.55,50970
2026-02-25 06:35:00,203.6,203.7,203.38,203.48,65540
2026-02-25 06:40:00,203.49,203.57,203.36,203.43,51067
2026-02-25 06:45:00,203.49,203.63,203.36,203.48,147682
2026-02-25 06:50:00,203.51,203.55,203.23,203.25,69133
2026-02-25 06:55:00,203.24,203.31,203.03,203.18,138809
2026-02-25 07:00:00,203.14,203.4,202.59,202.65,203943
2026-02-25 07:05:00,202.68,202.76,202.5,202.6,164749
2026-02-25 07:10:00,202.63,202.69,202.17,202.27,97435
2026-02-25 07:15:00,202.3,202.38,202.01,202.01,153747
2026-02-25 07:20:00,202.05,202.29,202.01,202.06,76841
2026-02-25 07:25:00,202.1,202.44,202.0,202.11,136623
2026-02-25 07:30:00,202.11,202.15,201.82,202.07,164887
2026-02-25 07:35:00,202.1,202.2,201.95,202.15,98789
2026-02-25 07:40:00,202.1,202.36,202.1,202.22,67728
2026-02-25 07:45:00,202.24,202.4,202.08,202.17,83444
2026-02-25 07:50:00,202.25,202.29,202.02,202.02,50720
2026-02-25 07:55:00,202.05,202.05,201.79,201.98,97217
2026-02-25 08:00:00,201.98,202.42,201.98,202.33,72514
2026-02-25 08:05:00,202.35,202.49,202.2,202.2,97156
2026-02-25 08:10:00,202.16,202.46,202.13,202.22,69365
2026-02-25 08:15:00,202.3,202.45,202.2,202.4,58683
2026-02-25 08:20:00,202.4,202.4,202.21,202.35,34644
2026-02-25 08:25:00,202.37,202.47,202.32,202.45,40377
2026-02-25 08:30:00,202.45,202.5,202.08,202.16,72221
2026-02-25 08:35:00,202.18,202.3,202.05,202.16,48714
2026-02-25 08:40:00,202.18,202.64,202.14,202.55,58030
2026-02-25 08:45:00,202.59,202.69,202.43,202.52,82245
2026-02-25 08:50:00,202.52,202.54,202.25,202.3,65123
2026-02-25 08:55:00,202.31,202.36,202.0,202.14,82580
2026-02-25 09:00:00,202.15,202.3,201.99,202.1,213514
2026-02-25 09:05:00,202.15,202.35,202.11,202.22,62654
2026-02-25 09:10:00,202.27,202.41,202.18,202.41,66682
2026-02-25 09:15:00,202.38,202.42,201.9,202.0,131274
2026-02-25 09:20:00,201.99,202.17,201.8,202.16,182343
2026-02-25 09:25:00,202.16,202.29,201.92,201.93,123666
2026-02-25 09:30:00,201.99,202.12,201.8,202.07,749175
2026-02-25 09:35:00,202.05,202.22,201.8,202.21,437207
2026-02-25 09:40:00,202.22,202.24,201.78,201.92,396271
2026-02-25 09:45:00,201.92,202.0,201.72,201.82,460538
2026-02-25 09:50:00,201.73,201.96,201.6,201.86,449463
2026-02-25 09:55:00,201.84,201.85,201.68,201.79,298523
2026-02-26 03:45:00,203.71,204.63,203.25,204.02,696135
2026-02-26 03:50:00,204.05,204.2,203.01,203.3,472564
2026-02-26 03:55:00,203.3,203.45,202.87,203.0,299527
2026-02-26 04:00:00,202.96,203.05,202.25,202.4,399628
2026-02-26 04:05:00,202.46,203.18,202.3,203.04,258578
2026-02-26 04:10:00,203.13,203.68,202.9,203.58,409277
2026-02-26 04:15:00,203.66,203.8,203.3,203.53,495714
2026-02-26 04:20:00,203.5,203.7,202.4,202.41,284476
2026-02-26 04:25:00,202.49,202.8,202.34,202.52,298750
2026-02-26 04:30:00,202.55,202.87,202.35,202.81,303797
2026-02-26 04:35:00,202.8,203.2,202.76,203.0,169027
2026-02-26 04:40:00,202.97,203.14,202.83,202.98,147103
2026-02-26 04:45:00,202.98,202.99,202.0,202.14,320018
2026-02-26 04:50:00,202.14,202.14,201.6,201.67,319335
2026-02-26 04:55:00,201.67,201.93,201.52,201.58,204734
2026-02-26 05:00:00,201.65,201.77,201.5,201.72,162207
2026-02-26 05:05:00,201.71,201.79,201.37,201.65,113144
2026-02-26 05:10:00,201.65,201.88,201.6,201.84,90024
2026-02-26 05:15:00,201.8,202.0,201.8,201.96,135863
2026-02-26 05:20:00,201.94,202.0,201.13,201.16,220458
2026-02-26 05:25:00,201.2,201.35,201.15,201.27,133393
2026-02-26 05:30:00,201.25,201.68,201.2,201.6,131960
2026-02-26 05:35:00,201.6,201.78,201.52,201.7,80960
2026-02-26 05:40:00,201.7,201.75,201.57,201.69,54892
2026-02-26 05:45:00,201.69,201.7,201.45,201.5,78370
2026-02-26 05:50:00,201.51,201.64,201.39,201.6,83204
2026-02-26 05:55:00,201.6,201.79,201.32,201.42,70791
2026-02-26 06:00:00,201.51,201.53,201.3,201.38,71923
2026-02-26 06:05:00,201.38,201.39,200.88,200.95,255207
2026-02-26 06:10:00,200.93,200.99,200.6,200.7,193130
2026-02-26 06:15:00,200.65,200.82,200.51,200.82,119064
2026-02-26 06:20:00,200.82,200.85,200.4,200.54,146330
2026-02-26 06:25:00,200.51,200.58,200.4,200.5,100059
2026-02-26 06:30:00,200.5,200.51,200.32,200.44,123306
2026-02-26 06:35:00,200.45,200.49,200.2,200.27,151842
2026-02-26 06:40:00,200.25,200.27,200.01,200.05,130718
2026-02-26 06:45:00,200.04,200.34,200.01,200.2,126667
2026-02-26 06:50:00,200.2,200.2,199.72,199.99,339399
2026-02-26 06:55:00,200.02,200.11,199.9,199.95,72038
2026-02-26 07:00:00,199.94,200.05,199.89,200.0,130342
2026-02-26 07:05:00,200.02,200.14,199.88,199.92,153698
2026-02-26 07:10:00,199.9,200.05,199.85,199.99,94939
2026-02-26 07:15:00,200.05,200.1,199.85,199.95,99721
2026-02-26 07:20:00,199.94,200.0,199.83,199.92,49147
2026-02-26 07:25:00,199.94,199.94,199.51,199.6,225450
2026-02-26 07:30:00,199.52,199.86,199.32,199.79,265147
2026-02-26 07:35:00,199.84,199.85,199.5,199.5,87544
2026-02-26 07:40:00,199.53,199.55,199.38,199.38,150175
2026-02-26 07:45:00,199.38,199.43,199.12,199.27,192047
2026-02-26 07:50:00,199.27,199.55,199.2,199.5,268240
2026-02-26 07:55:00,199.48,199.94,199.42,199.8,175760
2026-02-26 08:00:00,199.8,200.18,199.75,200.18,158131
2026-02-26 08:05:00,200.13,200.18,199.9,200.01,89624
2026-02-26 08:10:00,200.0,200.1,199.92,200.01,63710
2026-02-26 08:15:00,200.01,200.1,199.8,199.8,116168
2026-02-26 08:20:00,199.84,200.1,199.67,200.03,121810
2026-02-26 08:25:00,200.07,200.1,199.84,199.99,73821
2026-02-26 08:30:00,199.99,200.05,199.82,199.92,80534
2026-02-26 08:35:00,199.9,200.1,199.75,200.1,69129
2026-02-26 08:40:00,200.1,200.3,200.05,200.23,94944
2026-02-26 08:45:00,200.2,200.23,200.0,200.0,37212
2026-02-26 08:50:00,200.02,200.04,199.82,199.9,86946
2026-02-26 08:55:00,199.92,200.18,199.8,200.13,96565
2026-02-26 09:00:00,200.13,200.35,200.02,200.35,142567
2026-02-26 09:05:00,200.34,200.4,200.25,200.38,44922
2026-02-26 09:10:00,200.39,200.65,200.35,200.61,189541
2026-02-26 09:15:00,200.6,200.77,200.5,200.7,156509
2026-02-26 09:20:00,200.74,200.8,200.42,200.8,148416
2026-02-26 09:25:00,200.8,201.13,200.74,201.08,280063
2026-02-26 09:30:00,201.04,201.19,200.92,201.15,334275
2026-02-26 09:35:00,201.11,201.4,201.11,201.25,313166
2026-02-26 09:40:00,201.26,201.27,201.0,201.02,283804
2026-02-26 09:45:00,201.03,201.13,200.91,201.06,429934
2026-02-26 09:50:00,201.07,201.08,200.89,201.05,417095
2026-02-26 09:55:00,201.05,201.08,201.0,201.0,332703
2026-02-27 03:45:00,204.0,204.0,202.2,202.66,983645
2026-02-27 03:50:00,202.7,202.94,202.4,202.44,368273
2026-02-27 03:55:00,202.43,202.5,202.04,202.16,437416
2026-02-27 04:00:00,202.19,202.38,201.6,201.8,294890
2026-02-27 04:05:00,201.8,202.12,201.63,202.03,212717
2026-02-27 04:10:00,202.03,202.14,201.69,201.8,198230
2026-02-27 04:15:00,201.8,201.99,201.7,201.76,148423
2026-02-27 04:20:00,201.76,201.8,201.5,201.6,106718
2026-02-27 04:25:00,201.65,201.8,201.62,201.66,125132
2026-02-27 04:30:00,201.64,201.7,201.4,201.52,159762
2026-02-27 04:35:00,201.52,201.64,201.21,201.58,160328
2026-02-27 04:40:00,201.52,201.83,201.52,201.54,193031
2026-02-27 04:45:00,201.63,201.65,201.42,201.5,66374
2026-02-27 04:50:00,201.5,201.8,201.3,201.74,81049
2026-02-27 04:55:00,201.74,201.95,201.6,201.74,87205
2026-02-27 05:00:00,201.74,201.8,201.6,201.8,36570
2026-02-27 05:05:00,201.81,202.1,201.8,201.88,152504
2026-02-27 05:10:00,201.87,201.9,201.7,201.77,46056
2026-02-27 05:15:00,201.7,202.0,201.7,201.9,126254
2026-02-27 05:20:00,201.91,201.93,201.5,201.6,93053
2026-02-27 05:25:00,201.6,201.72,201.55,201.65,38418
2026-02-27 05:30:00,201.6,201.7,201.37,201.7,89761
2026-02-27 05:35:00,201.7,201.94,201.65,201.88,76549
2026-02-27 05:40:00,201.88,201.98,201.72,201.76,49815
2026-02-27 05:45:00,201.79,201.85,201.6,201.7,81616
2026-02-27 05:50:00,201.7,201.8,201.61,201.72,55708
2026-02-27 05:55:00,201.72,201.75,201.67,201.74,36287
2026-02-27 06:00:00,201.75,201.79,201.41,201.45,63979
2026-02-27 06:05:00,201.48,201.75,201.41,201.71,33498
2026-02-27 06:10:00,201.71,201.75,201.52,201.55,125823
2026-02-27 06:15:00,201.55,201.6,201.52,201.59,62246
2026-02-27 06:20:00,201.59,201.6,201.45,201.57,42304
2026-02-27 06:25:00,201.57,201.89,201.54,201.77,106834
2026-02-27 06:30:00,201.77,201.89,201.54,201.56,29598
2026-02-27 06:35:00,201.56,201.6,201.3,201.34,78819
2026-02-27 06:40:00,201.31,201.54,201.31,201.45,55609
2026-02-27 06:45:00,201.45,201.6,201.4,201.6,53244
2026-02-27 06:50:00,201.6,201.72,201.43,201.49,49286
2026-02-27 06:55:00,201.46,201.79,201.45,201.63,49599
2026-02-27 07:00:00,201.63,201.68,201.51,201.57,43770
2026-02-27 07:05:00,201.58,201.6,201.42,201.42,40563
2026-02-27 07:10:00,201.42,201.43,201.15,201.31,95566
2026-02-27 07:15:00,201.31,201.6,201.3,201.48,37390
2026-02-27 07:20:00,201.48,201.57,201.35,201.4,29510
2026-02-27 07:25:00,201.4,201.44,201.22,201.4,46137
2026-02-27 07:30:00,201.42,201.55,201.38,201.55,28377
2026-02-27 07:35:00,201.54,201.79,201.54,201.6,99359
2026-02-27 07:40:00,201.6,201.65,201.5,201.59,37091
2026-02-27 07:45:00,201.59,201.6,201.5,201.5,19723
2026-02-27 07:50:00,201.53,201.61,201.41,201.5,57415
2026-02-27 07:55:00,201.55,201.77,201.49,201.74,52929
2026-02-27 08:00:00,201.73,201.76,201.6,201.72,15538
2026-02-27 08:05:00,201.73,201.85,201.6,201.73,46072
2026-02-27 08:10:00,201.74,201.78,201.6,201.6,31926
2026-02-27 08:15:00,201.57,201.67,201.38,201.55,69571
2026-02-27 08:20:00,201.62,201.65,201.42,201.6,50515
2026-02-27 08:25:00,201.6,201.75,201.59,201.73,31410
2026-02-27 08:30:00,201.73,201.89,201.66,201.76,90738
2026-02-27 08:35:00,201.76,201.8,201.69,201.79,47575
2026-02-27 08:40:00,201.78,201.82,201.67,201.74,26621
2026-02-27 08:45:00,201.75,201.8,201.7,201.76,46908
2026-02-27 08:50:00,201.76,201.76,201.6,201.66,36359
2026-02-27 08:55:00,201.67,201.67,201.3,201.36,110607
2026-02-27 09:00:00,201.36,201.59,201.35,201.57,95538
2026-02-27 09:05:00,201.58,201.85,201.58,201.77,152283
2026-02-27 09:10:00,201.79,201.96,201.68,201.74,160641
2026-02-27 09:15:00,201.74,201.8,201.51,201.54,150515
2026-02-27 09:20:00,201.58,201.8,201.5,201.7,94995
2026-02-27 09:25:00,201.71,201.8,201.62,201.78,82811
2026-02-27 09:30:00,201.78,201.78,201.0,201.04,1123425
2026-02-27 09:35:00,201.04,201.04,200.7,200.86,1164547
2026-02-27 09:40:00,200.92,201.11,200.88,200.95,834266
2026-02-27 09:45:00,200.95,201.01,200.66,200.98,1005944
2026-02-27 09:50:00,200.99,201.06,200.72,200.75,947792
2026-02-27 09:55:00,200.74,201.04,200.05,200.98,857013
2026-03-02 03:45:00,195.0,198.37,194.7,197.89,986971
2026-03-02 03:50:00,197.82,199.15,197.82,198.69,492744
2026-03-02 03:55:00,198.62,199.2,198.3,198.79,406634
2026-03-02 04:00:00,198.75,199.49,198.74,199.49,297543
2026-03-02 04:05:00,199.42,199.84,198.93,199.83,346025
2026-03-02 04:10:00,199.75,199.9,199.42,199.78,138264
2026-03-02 04:15:00,199.78,200.36,199.69,199.7,256347
2026-03-02 04:20:00,199.68,200.0,199.39,199.45,135601
2026-03-02 04:25:00,199.44,200.0,199.37,199.99,86332
2026-03-02 04:30:00,199.99,200.08,199.5,199.5,87617
2026-03-02 04:35:00,199.53,199.7,199.35,199.47,44406
2026-03-02 04:40:00,199.47,199.65,199.35,199.63,79759
2026-03-02 04:45:00,199.65,199.69,199.33,199.58,62581
2026-03-02 04:50:00,199.58,199.58,199.3,199.5,45620
2026-03-02 04:55:00,199.51,199.51,199.1,199.25,157451
2026-03-02 05:00:00,199.25,199.69,199.12,199.6,117606
2026-03-02 05:05:00,199.6,199.6,199.2,199.54,73466
2026-03-02 05:10:00,199.54,199.6,199.09,199.15,70295
2026-03-02 05:15:00,199.09,199.55,199.05,199.39,61207
2026-03-02 05:20:00,199.39,199.84,199.36,199.82,120853
2026-03-02 05:25:00,199.89,200.11,199.81,200.0,116290
2026-03-02 05:30:00,200.0,200.1,199.8,199.84,117575
2026-03-02 05:35:00,199.75,199.86,199.65,199.78,78206
2026-03-02 05:40:00,199.79,199.8,199.52,199.54,32988
2026-03-02 05:45:00,199.53,199.65,199.1,199.2,59210
2026-03-02 05:50:00,199.24,199.27,199.03,199.09,37530
2026-03-02 05:55:00,199.09,199.09,198.6,198.71,122873
2026-03-02 06:00:00,198.71,198.72,198.35,198.6,128350
2026-03-02 06:05:00,198.6,198.9,198.4,198.87,61918
2026-03-02 06:10:00,198.82,198.99,198.71,198.89,62412
2026-03-02 06:15:00,198.9,199.0,198.6,198.7,34667
2026-03-02 06:20:00,198.66,198.7,198.3,198.34,53976
2026-03-02 06:25:00,198.4,198.56,198.11,198.14,97919
2026-03-02 06:30:00,198.14,198.17,197.83,197.92,169592
2026-03-02 06:35:00,197.93,198.16,197.71,198.05,56320
2026-03-02 06:40:00,198.02,198.39,197.93,197.93,48552
2026-03-02 06:45:00,197.92,198.16,197.79,197.86,81649
2026-03-02 06:50:00,197.8,198.0,197.56,197.96,87976
2026-03-02 06:55:00,197.9,198.11,197.86,197.97,62971
2026-03-02 07:00:00,198.0,198.0,197.72,197.83,48541
2026-03-02 07:05:00,197.78,197.82,197.29,197.43,125298
2026-03-02 07:10:00,197.4,197.67,197.25,197.29,97813
2026-03-02 07:15:00,197.37,197.45,197.23,197.35,127421
2026-03-02 07:20:00,197.4,197.67,197.33,197.49,79996
2026-03-02 07:25:00,197.5,197.64,197.21,197.34,51579
2026-03-02 07:30:00,197.34,197.39,197.21,197.3,42647
2026-03-02 07:35:00,197.31,197.43,197.2,197.3,53824
2026-03-02 07:40:00,197.31,197.39,197.2,197.3,52003
2026-03-02 07:45:00,197.3,197.41,197.1,197.22,99889
2026-03-02 07:50:00,197.14,197.32,197.1,197.13,64550
2026-03-02 07:55:00,197.13,197.25,197.0,197.1,74930
2026-03-02 08:00:00,197.1,197.25,197.0,197.14,58702
2026-03-02 08:05:00,197.15,197.25,197.05,197.15,54015
2026-03-02 08:10:00,197.14,197.2,196.83,196.97,142931
2026-03-02 08:15:00,196.97,197.0,196.73,196.78,46242
2026-03-02 08:20:00,196.76,196.9,196.7,196.73,69814
2026-03-02 08:25:00,196.68,196.68,196.28,196.49,134388
2026-03-02 08:30:00,196.54,197.53,196.31,197.13,171251
2026-03-02 08:35:00,197.13,198.09,197.06,197.88,161777
2026-03-02 08:40:00,197.86,198.39,197.79,198.3,86082
2026-03-02 08:45:00,198.29,198.3,197.9,198.19,78053
2026-03-02 08:50:00,198.19,198.3,197.88,198.13,128353
2026-03-02 08:55:00,198.1,198.1,197.61,197.65,116425
2026-03-02 09:00:00,197.74,198.32,197.55,198.32,145905
2026-03-02 09:05:00,198.47,198.75,198.34,198.53,183957
2026-03-02 09:10:00,198.5,198.8,198.45,198.59,133122
2026-03-02 09:15:00,198.59,198.6,198.15,198.39,78922
2026-03-02 09:20:00,198.36,198.42,198.0,198.21,99198
2026-03-02 09:25:00,198.18,198.29,197.83,197.84,157563
2026-03-02 09:30:00,197.83,198.48,197.7,198.4,306493
2026-03-02 09:35:00,198.39,198.69,198.2,198.58,274233
2026-03-02 09:40:00,198.58,198.81,198.43,198.81,270797
2026-03-02 09:45:00,198.85,198.89,198.55,198.8,381066
2026-03-02 09:50:00,198.74,198.86,198.5,198.61,306274
2026-03-02 09:55:00,198.6,198.88,198.59,198.75,259626
2026-03-04 03:45:00,196.01,196.8,194.7,196.2,2101868
2026-03-04 03:50:00,196.2,196.84,195.15,195.16,802281
2026-03-04 03:55:00,195.17,195.65,195.0,195.57,575372
2026-03-04 04:00:00,195.6,195.64,194.8,194.96,489218
2026-03-04 04:05:00,194.9,195.78,194.76,195.32,381740
2026-03-04 04:10:00,195.32,196.09,195.1,195.96,389870
2026-03-04 04:15:00,196.0,196.65,195.93,196.15,509950
2026-03-04 04:20:00,196.11,196.13,195.56,196.01,245455
2026-03-04 04:25:00,196.09,196.16,195.39,196.1,289418
2026-03-04 04:30:00,196.1,197.12,195.96,196.56,333058
2026-03-04 04:35:00,196.59,197.0,196.18,196.67,179925
2026-03-04 04:40:00,196.7,196.75,196.3,196.65,127082
2026-03-04 04:45:00,196.65,196.74,196.25,196.46,103981
2026-03-04 04:50:00,196.49,196.54,195.76,195.92,233200
2026-03-04 04:55:00,195.93,196.05,195.4,195.47,181144
2026-03-04 05:00:00,195.47,195.64,195.25,195.47,125233
2026-03-04 05:05:00,195.44,195.5,195.0,195.09,318610
2026-03-04 05:10:00,195.01,195.11,194.88,194.91,157677
2026-03-04 05:15:00,194.9,195.35,194.9,195.34,148640
2026-03-04 05:20:00,195.34,195.35,195.12,195.3,94500
2026-03-04 05:25:00,195.35,195.43,195.05,195.31,133787
2026-03-04 05:30:00,195.32,195.67,195.24,195.46,110819
2026-03-04 05:35:00,195.5,195.75,195.47,195.68,56986
2026-03-04 05:40:00,195.68,196.08,195.68,196.05,124979
2026-03-04 05:45:00,196.08,196.15,195.75,195.78,107589
2026-03-04 05:50:00,195.78,196.0,195.66,195.98,94586
2026-03-04 05:55:00,195.98,196.0,195.46,195.51,83755
2026-03-04 06:00:00,195.49,196.05,195.4,195.56,159425
2026-03-04 06:05:00,195.55,195.8,195.55,195.71,51071
2026-03-04 06:10:00,195.71,195.95,195.66,195.71,45526
2026-03-04 06:15:00,195.71,196.04,195.71,196.0,73512
2026-03-04 06:20:00,196.0,196.42,195.98,196.01,158107
2026-03-04 06:25:00,196.02,196.2,195.89,196.0,53083
2026-03-04 06:30:00,196.0,196.3,196.0,196.3,100060
2026-03-04 06:35:00,196.3,196.38,196.05,196.31,69203
2026-03-04 06:40:00,196.34,196.35,195.57,195.64,203092
2026-03-04 06:45:00,195.6,195.86,195.53,195.7,55764
2026-03-04 06:50:00,195.71,195.8,195.5,195.64,59684
2026-03-04 06:55:00,195.64,195.7,195.44,195.58,65168
2026-03-04 07:00:00,195.58,195.65,195.41,195.52,57981
2026-03-04 07:05:00,195.52,195.6,195.18,195.2,72708
2026-03-04 07:10:00,195.2,195.3,194.84,195.07,200679
2026-03-04 07:15:00,195.1,195.33,195.0,195.15,77657
2026-03-04 07:20:00,195.13,195.19,195.0,195.09,60105
2026-03-04 07:25:00,195.1,195.3,195.07,195.23,59556
2026-03-04 07:30:00,195.23,195.5,195.22,195.28,83818
2026-03-04 07:35:00,195.3,195.45,195.05,195.4,68701
2026-03-04 07:40:00,195.41,195.66,195.4,195.58,103636
2026-03-04 07:45:00,195.59,195.68,195.28,195.35,68546
2026-03-04 07:50:00,195.35,195.59,195.27,195.51,61798
2026-03-04 07:55:00,195.51,195.7,195.02,195.1,97131
2026-03-04 08:00:00,195.1,195.34,195.03,195.04,89352
2026-03-04 08:05:00,195.04,195.15,194.92,195.13,119159
2026-03-04 08:10:00,195.15,195.36,195.14,195.36,49402
2026-03-04 08:15:00,195.33,195.39,195.0,195.09,95914
2026-03-04 08:20:00,195.1,195.15,194.75,194.75,127384
2026-03-04 08:25:00,194.76,194.84,194.51,194.8,158471
2026-03-04 08:30:00,194.8,195.35,194.74,195.23,224375
2026-03-04 08:35:00,195.23,195.55,195.01,195.38,285613
2026-03-04 08:40:00,195.4,195.99,195.37,195.97,341494
2026-03-04 08:45:00,195.97,196.4,195.87,196.26,388818
2026-03-04 08:50:00,196.3,196.31,196.04,196.08,121930
2026-03-04 08:55:00,196.08,196.12,195.66,195.66,134080
2026-03-04 09:00:00,195.7,195.85,195.34,195.67,172329
2026-03-04 09:05:00,195.66,195.8,195.41,195.59,102050
2026-03-04 09:10:00,195.6,195.95,195.59,195.79,120946
2026-03-04 09:15:00,195.79,195.85,195.37,195.65,175943
2026-03-04 09:20:00,195.64,195.76,195.5,195.68,78933
2026-03-04 09:25:00,195.7,195.8,195.6,195.74,148517
2026-03-04 09:30:00,195.74,195.94,195.72,195.77,837217
2026-03-04 09:35:00,195.78,196.13,195.69,195.74,887956
2026-03-04 09:40:00,195.74,195.85,195.55,195.68,1068787
2026-03-04 09:45:00,195.68,195.7,195.33,195.35,1025186
2026-03-04 09:50:00,195.36,195.45,195.0,195.14,1154615
2026-03-04 09:55:00,195.15,195.33,195.0,195.11,928964
2026-03-05 03:45:00,196.4,196.97,196.0,196.15,507995
2026-03-05 03:50:00,196.19,196.24,195.66,195.78,218827
2026-03-05 03:55:00,195.78,195.78,195.15,195.32,217171
2026-03-05 04:00:00,195.33,195.44,194.86,194.9,264773
2026-03-05 04:05:00,194.91,195.13,194.43,194.58,208657
2026-03-05 04:10:00,194.58,194.79,194.5,194.64,109361
2026-03-05 04:15:00,194.66,194.93,194.47,194.66,159525
2026-03-05 04:20:00,194.66,194.97,194.61,194.92,76871
2026-03-05 04:25:00,194.9,195.0,194.51,194.64,147040
2026-03-05 04:30:00,194.64,194.79,194.45,194.49,194218
2026-03-05 04:35:00,194.48,194.56,194.3,194.45,76267
2026-03-05 04:40:00,194.4,194.46,193.86,193.93,208367
2026-03-05 04:45:00,193.82,193.99,193.7,193.85,161781
2026-03-05 04:50:00,193.84,193.84,193.55,193.61,168906
2026-03-05 04:55:00,193.65,193.65,193.22,193.41,418438
2026-03-05 05:00:00,193.4,193.46,193.3,193.42,250125
2026-03-05 05:05:00,193.42,193.78,193.39,193.72,206781
2026-03-05 05:10:00,193.66,193.96,193.66,193.86,111180
2026-03-05 05:15:00,193.82,194.08,193.7,193.78,211540
2026-03-05 05:20:00,193.78,194.15,193.5,194.07,130813
2026-03-05 05:25:00,194.09,194.2,193.9,194.0,80621
2026-03-05 05:30:00,193.84,194.19,193.8,194.13,100910
2026-03-05 05:35:00,194.08,194.26,193.95,194.17,88555
2026-03-05 05:40:00,194.17,194.19,193.95,194.03,38856
2026-03-05 05:45:00,194.01,194.2,193.94,194.07,86268
2026-03-05 05:50:00,194.1,194.1,193.75,193.86,57975
2026-03-05 05:55:00,193.86,193.89,193.63,193.64,47863
2026-03-05 06:00:00,193.7,193.98,193.63,193.87,66296
2026-03-05 06:05:00,193.85,193.86,193.59,193.69,49379
2026-03-05 06:10:00,193.64,193.75,193.57,193.72,39420
2026-03-05 06:15:00,193.72,194.1,193.67,194.07,187701
2026-03-05 06:20:00,194.06,194.59,193.99,194.48,126921
2026-03-05 06:25:00,194.59,194.61,194.13,194.27,137922
2026-03-05 06:30:00,194.3,194.55,194.19,194.44,82039
2026-03-05 06:35:00,194.48,194.59,194.35,194.35,95155
2026-03-05 06:40:00,194.33,194.78,194.33,194.59,104952
2026-03-05 06:45:00,194.6,194.65,194.23,194.31,86893
2026-03-05 06:50:00,194.32,194.62,194.31,194.54,45694
2026-03-05 06:55:00,194.52,194.81,194.42,194.81,74894
2026-03-05 07:00:00,194.81,195.0,194.67,194.7,137349
2026-03-05 07:05:00,194.69,194.79,194.42,194.71,73706
2026-03-05 07:10:00,194.65,194.86,194.49,194.75,54938
2026-03-05 07:15:00,194.7,194.7,194.36,194.6,54156
2026-03-05 07:20:00,194.55,194.68,194.52,194.67,26964
2026-03-05 07:25:00,194.67,194.78,194.44,194.62,58826
2026-03-05 07:30:00,194.62,194.75,194.46,194.46,33430
2026-03-05 07:35:00,194.45,194.63,194.4,194.54,32550
2026-03-05 07:40:00,194.58,194.65,194.33,194.44,50468
2026-03-05 07:45:00,194.48,194.52,194.3,194.37,49209
2026-03-05 07:50:00,194.35,194.59,194.31,194.53,60988
2026-03-05 07:55:00,194.53,194.74,194.35,194.73,51110
2026-03-05 08:00:00,194.7,194.95,194.5,194.65,121612
2026-03-05 08:05:00,194.65,194.65,194.32,194.47,118802
2026-03-05 08:10:00,194.47,194.59,194.35,194.58,37233
2026-03-05 08:15:00,194.5,194.58,194.36,194.36,23122
2026-03-05 08:20:00,194.38,194.38,194.0,194.05,122492
2026-03-05 08:25:00,194.08,194.19,193.86,193.86,96179
2026-03-05 08:30:00,193.85,194.05,193.8,193.95,90616
2026-03-05 08:35:00,193.92,194.05,193.85,193.89,89831
2026-03-05 08:40:00,193.88,193.9,193.7,193.81,75277
2026-03-05 08:45:00,193.73,194.07,193.72,193.75,62877
2026-03-05 08:50:00,193.73,194.12,193.73,194.0,181517
2026-03-05 08:55:00,194.01,194.21,193.91,194.17,103392
2026-03-05 09:00:00,194.18,194.2,194.0,194.17,65199
2026-03-05 09:05:00,194.17,194.75,194.06,194.68,216710
2026-03-05 09:10:00,194.71,195.5,194.65,195.39,421804
2026-03-05 09:15:00,195.39,195.75,195.3,195.62,224625
2026-03-05 09:20:00,195.62,196.05,195.62,196.05,209889
2026-03-05 09:25:00,196.02,196.06,195.35,195.66,361960
2026-03-05 09:30:00,195.68,196.28,195.58,195.64,741401
2026-03-05 09:35:00,195.64,195.84,195.5,195.64,538603
2026-03-05 09:40:00,195.64,195.79,195.39,195.41,848704
2026-03-05 09:45:00,195.41,195.75,195.41,195.56,694992
2026-03-05 09:50:00,195.62,195.66,195.36,195.53,792716
2026-03-05 09:55:00,195.52,195.99,195.51,195.8,549705
2026-03-06 03:45:00,195.6,198.1,195.2,197.97,655809
2026-03-06 03:50:00,197.97,198.39,197.74,198.04,387609
2026-03-06 03:55:00,198.04,198.79,198.04,198.74,306961
2026-03-06 04:00:00,198.74,198.8,198.06,198.15,189001
2026-03-06 04:05:00,198.15,198.74,198.03,198.74,135547
2026-03-06 04:10:00,198.74,198.8,198.52,198.64,118349
2026-03-06 04:15:00,198.64,198.93,198.51,198.61,116480
2026-03-06 04:20:00,198.63,198.73,198.19,198.41,134917
2026-03-06 04:25:00,198.41,198.41,198.12,198.2,74485
2026-03-06 04:30:00,198.2,198.2,197.85,198.1,152315
2026-03-06 04:35:00,198.08,198.33,198.01,198.18,98288
2026-03-06 04:40:00,198.18,198.54,198.1,198.53,58638
2026-03-06 04:45:00,198.52,198.84,198.52,198.75,95468
2026-03-06 04:50:00,198.75,198.75,197.91,198.12,97016
2026-03-06 04:55:00,198.11,198.2,197.78,197.89,139990
2026-03-06 05:00:00,197.91,198.18,197.7,197.86,81043
2026-03-06 05:05:00,197.85,198.0,197.73,197.86,112938
2026-03-06 05:10:00,197.81,198.1,197.75,197.86,42178
2026-03-06 05:15:00,197.86,197.96,197.17,197.43,167544
2026-03-06 05:20:00,197.34,197.79,197.3,197.3,124379
2026-03-06 05:25:00,197.33,197.42,197.15,197.33,139624
2026-03-06 05:30:00,197.32,197.49,197.1,197.16,109283
2026-03-06 05:35:00,197.17,197.31,197.04,197.15,70820
2026-03-06 05:40:00,197.17,197.27,196.8,196.92,214627
2026-03-06 05:45:00,196.92,197.0,196.85,196.87,50886
2026-03-06 05:50:00,196.87,197.0,196.6,196.64,93951
2026-03-06 05:55:00,196.69,196.86,196.48,196.81,95617
2026-03-06 06:00:00,196.79,196.81,196.51,196.64,85707
2026-03-06 06:05:00,196.64,196.84,196.58,196.72,53355
2026-03-06 06:10:00,196.71,197.0,196.65,196.65,59160
2026-03-06 06:15:00,196.68,196.88,196.61,196.75,40383
2026-03-06 06:20:00,196.74,196.92,196.6,196.71,68660
2026-03-06 06:25:00,196.71,196.9,196.65,196.8,48865
2026-03-06 06:30:00,196.81,196.81,196.62,196.69,69228
2026-03-06 06:35:00,196.69,196.89,196.59,196.81,38027
2026-03-06 06:40:00,196.8,196.89,196.61,196.69,39341
2026-03-06 06:45:00,196.7,196.83,196.61,196.73,41864
2026-03-06 06:50:00,196.73,196.73,196.4,196.48,61949
2026-03-06 06:55:00,196.45,196.46,195.94,196.0,162775
2026-03-06 07:00:00,195.95,196.35,195.95,196.34,57652
2026-03-06 07:05:00,196.34,196.35,196.09,196.16,46941
2026-03-06 07:10:00,196.15,196.36,196.08,196.34,53628
2026-03-06 07:15:00,196.34,196.34,196.09,196.25,45119
2026-03-06 07:20:00,196.26,196.44,196.13,196.2,48447
2026-03-06 07:25:00,196.17,196.28,196.06,196.13,34172
2026-03-06 07:30:00,196.18,196.18,196.0,196.14,59513
2026-03-06 07:35:00,196.14,196.24,196.05,196.07,62470
2026-03-06 07:40:00,196.06,196.07,195.82,195.94,64455
2026-03-06 07:45:00,195.8,196.0,195.79,195.84,74616
2026-03-06 07:50:00,195.82,196.14,195.72,196.05,55432
2026-03-06 07:55:00,196.0,196.07,195.86,195.98,58017
2026-03-06 08:00:00,195.96,196.0,195.65,195.81,78139
2026-03-06 08:05:00,195.8,196.24,195.77,196.06,45732
2026-03-06 08:10:00,196.05,196.06,195.88,195.95,38857
2026-03-06 08:15:00,195.99,196.08,195.73,196.04,55731
2026-03-06 08:20:00,196.03,196.27,196.01,196.22,30178
2026-03-06 08:25:00,196.22,196.44,196.06,196.25,106820
2026-03-06 08:30:00,196.24,196.55,196.14,196.29,63845
2026-03-06 08:35:00,196.29,196.36,196.18,196.24,43855
2026-03-06 08:40:00,196.23,196.38,196.17,196.29,46023
2026-03-06 08:45:00,196.29,196.5,196.28,196.47,46681
2026-03-06 08:50:00,196.47,196.65,196.35,196.54,69054
2026-03-06 08:55:00,196.53,196.58,196.28,196.36,53168
2026-03-06 09:00:00,196.36,196.45,196.22,196.26,38208
2026-03-06 09:05:00,196.24,196.39,196.16,196.2,48121
2026-03-06 09:10:00,196.23,196.26,195.66,195.98,141356
2026-03-06 09:15:00,195.97,196.1,195.28,195.62,221840
2026-03-06 09:20:00,195.62,195.84,195.6,195.77,62082
2026-03-06 09:25:00,195.78,195.78,195.29,195.43,135275
2026-03-06 09:30:00,195.5,195.5,195.0,195.06,232907
2026-03-06 09:35:00,195.05,195.3,195.05,195.14,288025
2026-03-06 09:40:00,195.18,195.5,195.17,195.42,398373
2026-03-06 09:45:00,195.43,195.53,195.3,195.44,433961
2026-03-06 09:50:00,195.51,195.67,195.38,195.65,470181
2026-03-06 09:55:00,195.63,196.0,195.53,196.0,335789
2026-03-09 03:45:00,194.0,195.4,193.03,193.59,747635
2026-03-09 03:50:00,193.67,193.81,193.22,193.55,254940
2026-03-09 03:55:00,193.55,194.31,193.4,194.16,330942
2026-03-09 04:00:00,194.21,195.32,194.18,195.32,390611
2026-03-09 04:05:00,195.3,195.87,194.75,194.9,307051
2026-03-09 04:10:00,194.9,195.18,194.35,194.4,146041
2026-03-09 04:15:00,194.4,194.79,194.21,194.76,168185
2026-03-09 04:20:00,194.77,194.85,194.51,194.7,84225
2026-03-09 04:25:00,194.7,194.73,194.34,194.49,112597
2026-03-09 04:30:00,194.5,194.51,193.92,194.07,122188
2026-03-09 04:35:00,194.09,194.74,194.09,194.59,95139
2026-03-09 04:40:00,194.6,194.85,194.51,194.71,84890
2026-03-09 04:45:00,194.72,194.92,194.31,194.39,70332
2026-03-09 04:50:00,194.38,194.65,194.32,194.53,111070
2026-03-09 04:55:00,194.55,194.58,194.25,194.36,54205
2026-03-09 05:00:00,194.37,194.5,194.05,194.35,58619
2026-03-09 05:05:00,194.35,194.5,194.03,194.14,38444
2026-03-09 05:10:00,194.15,194.39,194.13,194.3,64879
2026-03-09 05:15:00,194.3,194.89,194.26,194.8,81655
2026-03-09 05:20:00,194.8,196.19,194.61,196.14,377614
2026-03-09 05:25:00,196.14,196.66,195.52,195.65,518481
2026-03-09 05:30:00,195.66,196.04,195.3,195.93,413757
2026-03-09 05:35:00,195.93,196.4,195.55,196.27,471346
2026-03-09 05:40:00,196.27,196.45,195.74,196.2,470454
2026-03-09 05:45:00,196.27,196.3,195.76,196.09,401025
2026-03-09 05:50:00,196.07,196.37,195.6,196.28,181466
2026-03-09 05:55:00,196.28,197.0,196.25,196.83,273106
2026-03-09 06:00:00,196.87,196.98,196.53,196.65,186458
2026-03-09 06:05:00,196.65,197.27,196.56,197.2,219208
2026-03-09 06:10:00,197.2,197.49,196.62,196.71,4412060
2026-03-09 06:15:00,196.71,197.5,196.53,197.21,296448
2026-03-09 06:20:00,197.21,197.34,196.88,197.11,154996
2026-03-09 06:25:00,197.08,197.24,196.83,196.98,163094
2026-03-09 06:30:00,196.97,196.98,196.6,196.86,170294
2026-03-09 06:35:00,196.86,196.95,196.28,196.3,231600
2026-03-09 06:40:00,196.32,196.69,196.21,196.65,236161
2026-03-09 06:45:00,196.62,196.68,196.2,196.35,177097
2026-03-09 06:50:00,196.28,196.45,196.05,196.45,133105
2026-03-09 06:55:00,196.47,196.67,196.34,196.5,137539
2026-03-09 07:00:00,196.5,196.55,196.32,196.52,97469
2026-03-09 07:05:00,196.52,196.92,196.41,196.9,195557
2026-03-09 07:10:00,196.92,196.97,196.77,196.93,279292
2026-03-09 07:15:00,196.93,196.93,196.2,196.26,260604
2026-03-09 07:20:00,196.3,196.75,196.22,196.74,97298
2026-03-09 07:25:00,196.75,196.97,196.63,196.97,123444
2026-03-09 07:30:00,196.99,197.0,196.66,196.88,165450
2026-03-09 07:35:00,196.85,197.0,196.76,196.98,175060
2026-03-09 07:40:00,196.97,197.0,196.57,196.61,176708
2026-03-09 07:45:00,196.61,196.85,196.61,196.8,145500
2026-03-09 07:50:00,196.85,197.12,196.78,196.93,167458
2026-03-09 07:55:00,196.92,197.15,196.81,196.9,132362
2026-03-09 08:00:00,196.86,197.33,196.86,197.13,178992
2026-03-09 08:05:00,197.16,197.2,196.94,197.11,169873
2026-03-09 08:10:00,197.11,197.24,197.02,197.05,129067
2026-03-09 08:15:00,197.0,197.04,196.42,196.42,245768
2026-03-09 08:20:00,196.45,196.54,196.25,196.33,158489
2026-03-09 08:25:00,196.3,196.6,196.21,196.28,134301
2026-03-09 08:30:00,196.21,196.49,196.1,196.34,153904
2026-03-09 08:35:00,196.34,196.65,196.12,196.12,538174
2026-03-09 08:40:00,196.19,196.75,196.12,196.26,492904
2026-03-09 08:45:00,196.28,196.5,196.1,196.38,426031
2026-03-09 08:50:00,196.35,196.87,196.3,196.71,444135
2026-03-09 08:55:00,196.72,197.22,196.7,197.11,291569
2026-03-09 09:00:00,197.15,197.35,197.01,197.1,176508
2026-03-09 09:05:00,197.1,197.21,196.91,197.18,128625
2026-03-09 09:10:00,197.21,197.4,196.91,197.03,306488
2026-03-09 09:15:00,196.98,197.44,196.78,197.44,177533
2026-03-09 09:20:00,197.38,197.83,197.35,197.69,413866
2026-03-09 09:25:00,197.76,197.82,197.52,197.77,222250
2026-03-09 09:30:00,197.79,198.79,197.64,198.64,1146641
2026-03-09 09:35:00,198.61,198.98,198.59,198.69,657236
2026-03-09 09:40:00,198.69,199.09,198.67,198.93,798106
2026-03-09 09:45:00,198.93,199.5,198.74,199.13,1484415
2026-03-09 09:50:00,199.18,199.18,198.65,198.71,1095115
2026-03-09 09:55:00,198.71,199.0,198.25,198.6,835981
2026-03-10 03:45:00,200.5,200.58,198.5,199.63,669566
2026-03-10 03:50:00,199.56,199.82,198.79,198.81,391007
2026-03-10 03:55:00,198.89,199.1,198.5,198.99,243068
2026-03-10 04:00:00,198.98,198.98,197.81,198.0,245679
2026-03-10 04:05:00,197.98,198.0,197.56,197.74,175275
2026-03-10 04:10:00,197.74,198.42,197.65,198.4,197788
2026-03-10 04:15:00,198.4,198.42,197.83,198.09,120481
2026-03-10 04:20:00,198.09,198.18,197.71,197.85,119489
2026-03-10 04:25:00,197.85,197.96,197.42,197.63,159768
2026-03-10 04:30:00,197.63,197.79,197.5,197.61,87079
2026-03-10 04:35:00,197.61,198.0,197.46,198.0,76004
2026-03-10 04:40:00,198.0,198.28,197.9,198.11,87434
2026-03-10 04:45:00,198.24,198.68,198.11,198.46,159367
2026-03-10 04:50:00,198.46,198.71,198.18,198.51,121113
2026-03-10 04:55:00,198.5,198.7,198.49,198.57,81306
2026-03-10 05:00:00,198.5,199.15,198.5,199.1,118067
2026-03-10 05:05:00,199.1,199.19,198.74,198.9,89146
2026-03-10 05:10:00,198.9,199.05,198.69,198.92,102597
2026-03-10 05:15:00,198.91,198.95,198.75,198.92,57038
2026-03-10 05:20:00,198.92,199.0,198.51,198.59,114375
2026-03-10 05:25:00,198.59,199.52,198.59,199.38,686472
2026-03-10 05:30:00,199.45,199.64,199.4,199.54,247884
2026-03-10 05:35:00,199.54,199.7,199.5,199.5,171873
2026-03-10 05:40:00,199.5,199.53,199.08,199.11,207769
2026-03-10 05:45:00,199.11,199.25,198.72,198.74,110288
2026-03-10 05:50:00,198.72,198.9,198.7,198.9,80133
2026-03-10 05:55:00,198.9,198.95,198.61,198.65,93575
2026-03-10 06:00:00,198.7,199.09,198.7,199.09,60969
2026-03-10 06:05:00,199.15,199.15,198.95,199.06,53499
2026-03-10 06:10:00,199.06,199.07,198.7,198.72,67676
2026-03-10 06:15:00,198.72,198.77,198.41,198.47,96900
2026-03-10 06:20:00,198.47,198.75,198.43,198.74,101670
2026-03-10 06:25:00,198.74,198.9,198.51,198.69,81356
2026-03-10 06:30:00,198.69,198.84,198.62,198.72,78272
2026-03-10 06:35:00,198.7,198.8,198.52,198.54,63418
2026-03-10 06:40:00,198.58,198.65,198.37,198.44,83636
2026-03-10 06:45:00,198.43,198.53,198.2,198.45,152563
2026-03-10 06:50:00,198.47,198.5,198.02,198.24,129174
2026-03-10 06:55:00,198.24,198.4,198.13,198.35,100957
2026-03-10 07:00:00,198.33,198.37,198.13,198.15,83604
2026-03-10 07:05:00,198.12,198.44,198.07,198.13,154332
2026-03-10 07:10:00,198.08,198.1,197.78,197.99,114307
2026-03-10 07:15:00,197.9,198.25,197.87,198.25,102699
2026-03-10 07:20:00,198.25,198.81,198.24,198.74,90356
2026-03-10 07:25:00,198.74,198.77,198.6,198.75,90297
2026-03-10 07:30:00,198.77,199.15,198.76,198.99,80447
2026-03-10 07:35:00,198.99,199.0,198.74,198.89,61180
2026-03-10 07:40:00,198.9,198.94,198.72,198.9,81526
2026-03-10 07:45:00,198.9,199.0,198.76,199.0,73714
2026-03-10 07:50:00,199.0,199.44,198.94,199.17,458465
2026-03-10 07:55:00,199.22,199.3,198.97,199.13,99104
2026-03-10 08:00:00,199.13,199.39,199.13,199.24,49814
2026-03-10 08:05:00,199.24,199.5,199.23,199.38,87456
2026-03-10 08:10:00,199.35,199.38,198.91,198.97,61050
2026-03-10 08:15:00,198.97,198.97,198.74,198.8,74824
2026-03-10 08:20:00,198.81,199.05,198.8,198.9,56190
2026-03-10 08:25:00,198.91,199.15,198.8,198.95,70086
2026-03-10 08:30:00,198.98,199.1,198.8,199.1,80718
2026-03-10 08:35:00,199.11,199.45,199.09,199.37,101425
2026-03-10 08:40:00,199.39,199.45,199.12,199.25,134619
2026-03-10 08:45:00,199.25,199.4,199.05,199.16,82605
2026-03-10 08:50:00,199.16,199.25,199.07,199.23,45102
2026-03-10 08:55:00,199.21,199.4,199.1,199.2,108661
2026-03-10 09:00:00,199.25,199.4,199.17,199.34,77868
2026-03-10 09:05:00,199.31,199.65,199.31,199.49,178870
2026-03-10 09:10:00,199.49,199.73,199.37,199.65,188792
2026-03-10 09:15:00,199.69,200.14,199.62,200.1,360276
2026-03-10 09:20:00,200.1,200.38,199.96,200.33,198412
2026-03-10 09:25:00,200.31,200.98,200.27,200.71,327186
2026-03-10 09:30:00,200.78,200.94,200.34,200.74,532097
2026-03-10 09:35:00,200.75,200.9,200.72,200.9,400169
2026-03-10 09:40:00,200.95,201.0,200.82,200.99,510426
2026-03-10 09:45:00,200.99,201.31,200.98,201.16,597591
2026-03-10 09:50:00,201.16,201.2,201.01,201.19,505724
2026-03-10 09:55:00,201.19,201.2,200.56,200.99,507520
2026-03-11 03:45:00,202.69,205.95,202.69,204.0,1937108
2026-03-11 03:50:00,204.0,204.62,203.25,203.34,824883
2026-03-11 03:55:00,203.35,203.96,203.25,203.94,338672
2026-03-11 04:00:00,203.94,204.17,202.86,203.26,606149
2026-03-11 04:05:00,203.26,203.26,202.53,202.76,328887
2026-03-11 04:10:00,202.78,202.93,202.52,202.72,276007
2026-03-11 04:15:00,202.78,203.51,202.73,203.16,275112
2026-03-11 04:20:00,203.22,203.45,202.96,202.96,144417
2026-03-11 04:25:00,202.96,203.25,202.89,203.22,138535
2026-03-11 04:30:00,203.13,203.26,202.9,203.12,190184
2026-03-11 04:35:00,203.12,203.12,202.65,202.99,176656
2026-03-11 04:40:00,202.94,203.25,202.9,202.94,137868
2026-03-11 04:45:00,202.94,203.37,202.88,203.18,159998
2026-03-11 04:50:00,203.18,203.21,202.85,203.09,125823
2026-03-11 04:55:00,203.1,203.2,202.77,203.0,163223
2026-03-11 05:00:00,202.93,203.08,202.57,202.61,120706
2026-03-11 05:05:00,202.5,202.8,202.15,202.26,301594
2026-03-11 05:10:00,202.29,202.5,202.18,202.37,129138
2026-03-11 05:15:00,202.39,202.4,201.8,201.96,473986
2026-03-11 05:20:00,201.96,202.23,201.8,202.2,138028
2026-03-11 05:25:00,202.2,202.45,201.76,202.36,193630
2026-03-11 05:30:00,202.36,202.79,202.12,202.51,538620
2026-03-11 05:35:00,202.56,202.56,202.1,202.28,140838
2026-03-11 05:40:00,202.28,202.76,202.22,202.49,315148
2026-03-11 05:45:00,202.49,202.49,201.86,201.95,204754
2026-03-11 05:50:00,201.97,202.33,201.75,202.13,213450
2026-03-11 05:55:00,202.17,202.94,202.13,202.85,411005
2026-03-11 06:00:00,202.85,203.04,202.71,202.84,336855
2026-03-11 06:05:00,202.84,203.33,202.81,203.18,292685
2026-03-11 06:10:00,203.12,203.17,202.79,202.89,251301
2026-03-11 06:15:00,202.89,203.04,202.58,202.66,249329
2026-03-11 06:20:00,202.66,202.86,202.51,202.73,268966
2026-03-11 06:25:00,202.74,203.0,202.5,203.0,368217
2026-03-11 06:30:00,203.0,203.54,202.97,203.46,341637
2026-03-11 06:35:00,203.5,203.5,203.17,203.24,306963
2026-03-11 06:40:00,203.24,203.55,203.21,203.5,291377
2026-03-11 06:45:00,203.45,203.56,203.4,203.52,281867
2026-03-11 06:50:00,203.52,203.7,203.5,203.58,232606
2026-03-11 06:55:00,203.58,203.58,203.0,203.4,155447
2026-03-11 07:00:00,203.4,203.63,203.37,203.51,167610
2026-03-11 07:05:00,203.55,203.6,203.42,203.42,189545
2026-03-11 07:10:00,203.42,204.42,203.42,204.4,460947
2026-03-11 07:15:00,204.38,204.47,204.0,204.2,380394
2026-03-11 07:20:00,204.2,204.25,204.12,204.25,295467
2026-03-11 07:25:00,204.25,204.34,203.87,203.95,358196
2026-03-11 07:30:00,203.94,204.07,203.47,203.62,463255
2026-03-11 07:35:00,203.6,203.8,203.44,203.75,581451
2026-03-11 07:40:00,203.74,203.84,203.32,203.51,452508
2026-03-11 07:45:00,203.51,203.61,203.32,203.49,432812
2026-03-11 07:50:00,203.49,203.73,203.35,203.47,376722
2026-03-11 07:55:00,203.47,203.47,203.03,203.22,395835
2026-03-11 08:00:00,203.22,203.38,202.97,203.25,461585
2026-03-11 08:05:00,203.25,203.68,203.06,203.11,430498
2026-03-11 08:10:00,203.15,203.55,203.09,203.49,366233
2026-03-11 08:15:00,203.49,203.55,203.15,203.32,400489
2026-03-11 08:20:00,203.34,203.61,203.19,203.48,332304
2026-03-11 08:25:00,203.48,203.65,203.25,203.33,340171
2026-03-11 08:30:00,203.34,203.34,202.9,203.11,317885
2026-03-11 08:35:00,203.11,203.11,202.42,202.47,569050
2026-03-11 08:40:00,202.48,202.65,201.86,202.12,509780
2026-03-11 08:45:00,202.12,202.12,201.58,201.74,571640
2026-03-11 08:50:00,201.7,201.99,201.68,201.93,413948
2026-03-11 08:55:00,201.9,202.75,201.78,202.7,369393
2026-03-11 09:00:00,202.7,202.84,202.46,202.65,431864
2026-03-11 09:05:00,202.64,202.86,202.51,202.8,954801
2026-03-11 09:10:00,202.68,202.87,202.38,202.77,211309
2026-03-11 09:15:00,202.76,203.0,202.56,202.9,486405
2026-03-11 09:20:00,202.9,202.94,202.67,202.92,366121
2026-03-11 09:25:00,202.92,203.08,202.57,202.57,646136
2026-03-11 09:30:00,202.64,203.14,202.52,202.57,668793
2026-03-11 09:35:00,202.56,202.6,201.8,202.0,747198
2026-03-11 09:40:00,202.0,202.1,201.77,202.08,725917
2026-03-11 09:45:00,202.1,202.55,201.94,202.48,713222
2026-03-11 09:50:00,202.46,202.47,202.06,202.26,560619
2026-03-11 09:55:00,202.29,202.36,201.6,201.8,509190
2026-03-12 03:45:00,201.06,201.22,199.7,201.1,842520
2026-03-12 03:50:00,201.07,201.76,200.51,201.1,638270
2026-03-12 03:55:00,201.13,201.23,200.47,201.15,316298
2026-03-12 04:00:00,201.1,201.36,200.84,201.19,301976
2026-03-12 04:05:00,201.14,201.84,201.12,201.26,413112
2026-03-12 04:10:00,201.28,201.95,201.18,201.46,429933
2026-03-12 04:15:00,201.49,201.88,201.22,201.63,217271
2026-03-12 04:20:00,201.7,201.85,201.41,201.7,226160
2026-03-12 04:25:00,201.7,201.76,201.34,201.43,211695
2026-03-12 04:30:00,201.53,201.58,200.85,201.03,252266
2026-03-12 04:35:00,201.03,201.41,200.94,201.1,208804
2026-03-12 04:40:00,201.15,201.18,200.42,200.61,239373
2026-03-12 04:45:00,200.61,200.79,200.31,200.7,307921
2026-03-12 04:50:00,200.69,201.3,200.54,201.28,207512
2026-03-12 04:55:00,201.26,201.9,201.25,201.7,220599
2026-03-12 05:00:00,201.7,201.85,201.4,201.79,190289
2026-03-12 05:05:00,201.8,202.2,201.62,202.13,249352
2026-03-12 05:10:00,202.2,202.62,202.06,202.06,433270
2026-03-12 05:15:00,202.06,202.21,202.0,202.12,238989
2026-03-12 05:20:00,202.17,202.57,201.92,202.31,250805
2026-03-12 05:25:00,202.36,203.26,202.26,203.0,326947
2026-03-12 05:30:00,203.02,203.41,202.86,202.99,248665
2026-03-12 05:35:00,202.99,203.0,202.25,202.28,268432
2026-03-12 05:40:00,202.29,202.82,202.26,202.65,209858
2026-03-12 05:45:00,202.69,202.79,201.88,202.04,251024
2026-03-12 05:50:00,202.11,202.4,201.79,202.24,221030
2026-03-12 05:55:00,202.24,202.29,201.99,202.23,287805
2026-03-12 06:00:00,202.23,202.23,201.84,202.06,187014
2026-03-12 06:05:00,202.01,202.25,201.7,202.19,202701
2026-03-12 06:10:00,202.25,202.88,202.1,202.76,244903
2026-03-12 06:15:00,202.79,202.91,202.52,202.68,447221
2026-03-12 06:20:00,202.7,203.18,202.66,203.05,249091
2026-03-12 06:25:00,203.01,203.48,202.76,203.21,253369
2026-03-12 06:30:00,203.25,203.41,202.91,202.99,170681
2026-03-12 06:35:00,202.91,203.03,202.34,202.44,196241
2026-03-12 06:40:00,202.48,202.66,202.18,202.43,306859
2026-03-12 06:45:00,202.49,202.49,201.9,202.05,252633
2026-03-12 06:50:00,202.07,202.49,201.97,202.33,285389
2026-03-12 06:55:00,202.38,202.53,201.95,202.04,202147
2026-03-12 07:00:00,202.04,202.43,202.04,202.27,158354
2026-03-12 07:05:00,202.33,202.48,201.81,202.03,355501
2026-03-12 07:10:00,202.09,202.41,201.8,202.31,163977
2026-03-12 07:15:00,202.39,202.43,202.12,202.28,103621
2026-03-12 07:20:00,202.3,202.57,202.24,202.46,134470
2026-03-12 07:25:00,202.54,202.75,202.42,202.62,138152
2026-03-12 07:30:00,202.62,202.7,202.23,202.39,121081
2026-03-12 07:35:00,202.39,202.42,201.93,202.36,136251
2026-03-12 07:40:00,202.36,202.65,202.19,202.6,113773
2026-03-12 07:45:00,202.63,202.78,202.43,202.75,113296
2026-03-12 07:50:00,202.79,203.32,202.75,203.26,161444
2026-03-12 07:55:00,203.27,203.65,203.11,203.56,197309
2026-03-12 08:00:00,203.6,203.8,203.33,203.5,181352
2026-03-12 08:05:00,203.54,203.8,203.37,203.46,144713
2026-03-12 08:10:00,203.45,203.63,203.13,203.21,138222
2026-03-12 08:15:00,203.23,203.38,203.12,203.16,131404
2026-03-12 08:20:00,203.27,203.32,202.85,202.9,169083
2026-03-12 08:25:00,202.88,202.88,202.4,202.49,106185
2026-03-12 08:30:00,202.5,202.78,202.38,202.61,93349
2026-03-12 08:35:00,202.61,202.89,202.31,202.4,85058
2026-03-12 08:40:00,202.4,202.66,202.13,202.57,123941
2026-03-12 08:45:00,202.57,202.85,202.41,202.68,95366
2026-03-12 08:50:00,202.81,202.83,202.35,202.38,81400
2026-03-12 08:55:00,202.44,202.65,202.3,202.32,99008
2026-03-12 09:00:00,202.32,202.56,202.16,202.49,203889
2026-03-12 09:05:00,202.56,202.75,202.4,202.59,294999
2026-03-12 09:10:00,202.61,202.61,201.81,201.95,163274
2026-03-12 09:15:00,201.99,202.29,201.9,202.15,160434
2026-03-12 09:20:00,202.19,202.24,201.7,201.95,209241
2026-03-12 09:25:00,202.0,202.08,201.76,201.94,207809
2026-03-12 09:30:00,202.02,202.55,201.84,202.54,490469
2026-03-12 09:35:00,202.5,202.56,202.3,202.5,547216
2026-03-12 09:40:00,202.52,202.8,202.4,202.63,516555
2026-03-12 09:45:00,202.63,202.89,202.49,202.82,546335
2026-03-12 09:50:00,202.85,202.86,202.5,202.6,604857
2026-03-12 09:55:00,202.65,202.73,201.96,202.15,460813
2026-03-13 03:45:00,200.6,201.36,200.13,201.36,579077
2026-03-13 03:50:00,201.36,201.65,200.99,201.07,332901
2026-03-13 03:55:00,201.04,201.68,201.03,201.23,189198
2026-03-13 04:00:00,201.22,201.6,201.16,201.3,126178
2026-03-13 04:05:00,201.3,202.07,201.12,201.55,209957
2026-03-13 04:10:00,201.53,201.93,201.53,201.75,232800
2026-03-13 04:15:00,201.8,201.86,201.13,201.5,135573
2026-03-13 04:20:00,201.5,201.7,201.03,201.04,139146
2026-03-13 04:25:00,200.99,201.19,200.84,201.15,95006
2026-03-13 04:30:00,201.14,201.37,200.92,201.29,136871
2026-03-13 04:35:00,201.31,201.31,200.88,200.99,64565
2026-03-13 04:40:00,200.99,201.19,200.65,200.75,102673
2026-03-13 04:45:00,200.72,201.4,200.6,201.28,97398
2026-03-13 04:50:00,201.29,201.4,200.89,200.92,91214
2026-03-13 04:55:00,201.0,201.4,200.85,201.34,73714
2026-03-13 05:00:00,201.33,201.39,201.03,201.25,37776
2026-03-13 05:05:00,201.25,201.36,201.06,201.3,70018
2026-03-13 05:10:00,201.35,201.75,201.26,201.35,107030
2026-03-13 05:15:00,201.36,201.46,200.81,200.94,67046
2026-03-13 05:20:00,201.02,201.14,200.76,200.77,67299
2026-03-13 05:25:00,200.76,201.15,200.71,200.95,48423
2026-03-13 05:30:00,200.99,200.99,200.21,200.3,88775
2026-03-13 05:35:00,200.21,200.51,200.0,200.02,105662
2026-03-13 05:40:00,199.96,200.07,199.72,199.97,96557
2026-03-13 05:45:00,199.97,199.99,199.45,199.72,148487
2026-03-13 05:50:00,199.75,200.1,199.64,200.08,63616
2026-03-13 05:55:00,200.08,200.23,199.75,200.23,55262
2026-03-13 06:00:00,200.23,200.23,199.85,199.98,50945
2026-03-13 06:05:00,200.01,200.25,199.92,200.09,91297
2026-03-13 06:10:00,200.09,200.09,199.65,199.83,42417
2026-03-13 06:15:00,199.83,199.84,199.51,199.65,67574
2026-03-13 06:20:00,199.76,199.8,199.53,199.6,33585
2026-03-13 06:25:00,199.59,199.59,199.18,199.28,72413
2026-03-13 06:30:00,199.22,199.31,198.91,199.24,131295
2026-03-13 06:35:00,199.24,199.27,198.9,199.19,96660
2026-03-13 06:40:00,199.19,199.19,198.91,199.08,77785
2026-03-13 06:45:00,199.09,199.17,198.87,198.92,100907
2026-03-13 06:50:00,198.93,198.95,197.67,197.82,663663
2026-03-13 06:55:00,197.81,198.3,197.4,198.08,369099
2026-03-13 07:00:00,198.09,198.1,197.7,197.95,56426
2026-03-13 07:05:00,197.95,197.95,197.46,197.7,239105
2026-03-13 07:10:00,197.7,197.9,197.5,197.86,101946
2026-03-13 07:15:00,197.83,198.08,197.75,198.0,45932
2026-03-13 07:20:00,198.0,198.0,197.7,197.86,61864
2026-03-13 07:25:00,197.9,197.93,197.56,197.77,56537
2026-03-13 07:30:00,197.74,197.86,197.55,197.73,62552
2026-03-13 07:35:00,197.75,197.76,197.41,197.51,64481
2026-03-13 07:40:00,197.51,197.69,197.25,197.39,63788
2026-03-13 07:45:00,197.4,197.44,197.05,197.1,65840
2026-03-13 07:50:00,197.1,197.15,196.57,196.58,114239
2026-03-13 07:55:00,196.66,197.02,196.54,197.0,83380
2026-03-13 08:00:00,197.0,197.06,196.73,196.85,69374
2026-03-13 08:05:00,196.85,196.98,196.76,196.84,46732
2026-03-13 08:10:00,196.86,197.02,196.53,196.71,148502
2026-03-13 08:15:00,196.71,196.72,196.45,196.54,102227
2026-03-13 08:20:00,196.53,196.6,196.1,196.47,111888
2026-03-13 08:25:00,196.5,196.64,196.04,196.16,93620
2026-03-13 08:30:00,196.16,197.05,196.04,197.0,285422
2026-03-13 08:35:00,197.0,197.31,196.89,196.92,233123
2026-03-13 08:40:00,197.0,197.09,196.8,197.0,97119
2026-03-13 08:45:00,197.08,197.23,196.72,197.17,96679
2026-03-13 08:50:00,197.27,197.36,197.02,197.16,62794
2026-03-13 08:55:00,197.23,197.36,196.95,197.17,97136
2026-03-13 09:00:00,197.15,197.64,197.15,197.3,135886
2026-03-13 09:05:00,197.25,197.66,197.05,197.45,192898
2026-03-13 09:10:00,197.45,197.83,197.18,197.64,274675
2026-03-13 09:15:00,197.68,197.72,197.08,197.35,322898
2026-03-13 09:20:00,197.39,197.7,197.15,197.29,277548
2026-03-13 09:25:00,197.32,197.88,197.14,197.84,387937
2026-03-13 09:30:00,197.79,197.9,197.31,197.39,503956
2026-03-13 09:35:00,197.39,197.65,197.34,197.5,464658
2026-03-13 09:40:00,197.5,197.64,197.25,197.45,537504
2026-03-13 09:45:00,197.45,197.69,197.2,197.67,464103
2026-03-13 09:50:00,197.67,197.95,197.25,197.89,636210
2026-03-13 09:55:00,197.96,198.0,197.5,197.75,580245
2026-03-16 03:45:00,196.24,198.29,196.24,197.19,1134681
2026-03-16 03:50:00,197.12,197.43,196.7,197.14,199523
2026-03-16 03:55:00,197.14,197.79,196.82,197.24,139320
2026-03-16 04:00:00,197.21,197.58,196.94,197.11,105669
2026-03-16 04:05:00,197.1,197.8,197.01,197.36,79401
2026-03-16 04:10:00,197.36,198.06,197.36,197.59,116241
2026-03-16 04:15:00,197.58,198.18,197.45,197.76,118573
2026-03-16 04:20:00,197.76,197.88,197.15,197.33,98646
2026-03-16 04:25:00,197.27,197.51,196.81,196.81,90574
2026-03-16 04:30:00,196.81,196.96,196.32,196.49,114357
2026-03-16 04:35:00,196.58,196.83,196.45,196.52,66932
2026-03-16 04:40:00,196.56,196.74,196.48,196.49,59009
2026-03-16 04:45:00,196.41,196.45,196.15,196.19,81243
2026-03-16 04:50:00,196.17,196.25,195.12,195.21,162417
2026-03-16 04:55:00,195.2,195.2,194.26,194.26,212812
2026-03-16 05:00:00,194.26,194.81,194.13,194.42,170752
2026-03-16 05:05:00,194.42,194.49,194.21,194.36,90735
2026-03-16 05:10:00,194.36,194.99,194.23,194.6,120344
2026-03-16 05:15:00,194.52,194.65,194.2,194.31,70090
2026-03-16 05:20:00,194.36,194.49,193.74,193.92,151182
2026-03-16 05:25:00,193.92,194.38,193.77,194.25,174570
2026-03-16 05:30:00,194.22,194.35,193.77,194.05,349858
2026-03-16 05:35:00,194.07,194.32,193.91,193.94,201864
2026-03-16 05:40:00,193.99,194.2,193.95,194.04,79868
2026-03-16 05:45:00,194.0,194.85,194.0,194.76,221992
2026-03-16 05:50:00,194.8,195.1,194.7,194.98,389762
2026-03-16 05:55:00,194.97,195.0,194.65,194.8,60714
2026-03-16 06:00:00,194.8,194.96,194.68,194.87,64124
2026-03-16 06:05:00,194.87,194.89,194.46,194.47,55124
2026-03-16 06:10:00,194.47,194.7,194.34,194.34,78998
2026-03-16 06:15:00,194.33,194.41,193.82,194.14,68859
2026-03-16 06:20:00,194.19,194.25,194.08,194.1,33821
2026-03-16 06:25:00,194.08,194.16,193.83,193.93,55856
2026-03-16 06:30:00,193.93,194.34,193.92,194.15,83102
2026-03-16 06:35:00,194.15,194.23,194.0,194.1,36095
2026-03-16 06:40:00,194.1,194.1,193.91,193.93,34363
2026-03-16 06:45:00,193.93,194.03,193.86,194.0,24211
2026-03-16 06:50:00,194.0,194.12,193.91,194.12,38062
2026-03-16 06:55:00,194.06,194.12,193.8,193.9,59407
2026-03-16 07:00:00,193.9,193.91,193.1,193.2,187746
2026-03-16 07:05:00,193.2,193.6,193.06,193.6,73448
2026-03-16 07:10:00,193.6,193.7,193.35,193.35,58243
2026-03-16 07:15:00,193.24,193.35,192.9,193.0,137589
2026-03-16 07:20:00,193.0,193.32,193.0,193.3,43116
2026-03-16 07:25:00,193.3,193.35,193.13,193.32,56166
2026-03-16 07:30:00,193.32,193.67,193.28,193.39,71743
2026-03-16 07:35:00,193.28,193.49,193.0,193.47,68057
2026-03-16 07:40:00,193.47,193.68,193.2,193.32,53224
2026-03-16 07:45:00,193.24,193.6,193.24,193.6,39081
2026-03-16 07:50:00,193.57,193.68,193.4,193.51,98041
2026-03-16 07:55:00,193.5,193.58,193.24,193.28,27265
2026-03-16 08:00:00,193.25,193.4,193.08,193.15,33972
2026-03-16 08:05:00,193.15,193.35,193.15,193.28,33711
2026-03-16 08:10:00,193.28,193.65,193.24,193.37,90186
2026-03-16 08:15:00,193.34,193.45,193.25,193.4,42712
2026-03-16 08:20:00,193.41,193.42,193.2,193.26,66540
2026-03-16 08:25:00,193.24,193.24,192.77,192.96,138268
2026-03-16 08:30:00,192.96,193.27,192.92,193.25,108969
2026-03-16 08:35:00,193.26,193.38,193.1,193.28,70088
2026-03-16 08:40:00,193.25,193.48,193.02,193.05,210885
2026-03-16 08:45:00,193.04,193.56,192.9,193.54,275309
2026-03-16 08:50:00,193.48,194.31,193.48,194.17,468015
2026-03-16 08:55:00,194.26,194.78,194.0,194.49,682105
2026-03-16 09:00:00,194.58,194.96,194.54,194.76,676375
2026-03-16 09:05:00,194.81,195.16,194.73,195.0,301964
2026-03-16 09:10:00,195.07,195.94,194.8,195.89,427329
2026-03-16 09:15:00,195.82,195.9,195.56,195.83,298329
2026-03-16 09:20:00,195.83,196.58,195.75,196.25,440513
2026-03-16 09:25:00,196.28,196.35,195.95,196.14,454572
2026-03-16 09:30:00,196.09,196.2,195.56,195.56,235712
2026-03-16 09:35:00,195.63,196.1,195.56,195.85,196531
2026-03-16 09:40:00,195.9,196.04,195.12,195.2,219700
2026-03-16 09:45:00,195.2,195.34,194.65,194.67,232474
2026-03-16 09:50:00,194.7,194.81,194.1,194.22,244219
2026-03-16 09:55:00,194.26,194.29,193.76,194.05,226769
2026-03-17 03:45:00,195.0,195.11,192.38,192.51,1002082
2026-03-17 03:50:00,192.55,192.58,189.6,189.72,1116361
2026-03-17 03:55:00,189.73,190.14,189.2,189.67,737563
2026-03-17 04:00:00,189.67,189.8,188.25,188.54,920178
2026-03-17 04:05:00,188.47,190.03,188.4,189.89,895451
2026-03-17 04:10:00,189.89,190.67,189.75,190.6,653666
2026-03-17 04:15:00,190.67,190.69,190.1,190.45,237466
2026-03-17 04:20:00,190.4,191.47,190.34,191.12,447600
2026-03-17 04:25:00,191.18,191.4,190.74,191.25,296529
2026-03-17 04:30:00,191.26,191.38,190.71,190.78,292800
2026-03-17 04:35:00,190.9,191.2,190.52,190.99,343599
2026-03-17 04:40:00,190.99,191.39,190.76,191.0,256017
2026-03-17 04:45:00,190.98,191.1,190.5,190.58,255887
2026-03-17 04:50:00,190.58,190.73,190.09,190.61,394528
2026-03-17 04:55:00,190.57,190.61,190.13,190.22,240364
2026-03-17 05:00:00,190.19,190.67,190.0,190.5,458098
2026-03-17 05:05:00,190.49,190.5,189.84,190.28,264914
2026-03-17 05:10:00,190.23,190.23,189.58,190.03,223881
2026-03-17 05:15:00,190.03,190.77,190.03,190.75,224863
2026-03-17 05:20:00,190.73,190.93,190.52,190.57,193694
2026-03-17 05:25:00,190.53,190.6,190.32,190.48,86012
2026-03-17 05:30:00,190.49,190.92,190.4,190.72,147581
2026-03-17 05:35:00,190.78,191.21,190.65,190.8,339284
2026-03-17 05:40:00,190.8,190.82,190.54,190.68,123363
2026-03-17 05:45:00,190.68,190.79,190.12,190.12,163803
2026-03-17 05:50:00,190.17,190.32,189.9,190.12,296224
2026-03-17 05:55:00,190.12,190.15,189.74,189.88,253379
2026-03-17 06:00:00,189.86,190.03,189.66,189.84,133185
2026-03-17 06:05:00,189.84,190.42,189.8,190.37,272114
2026-03-17 06:10:00,190.34,190.38,189.95,189.99,201717
2026-03-17 06:15:00,189.99,190.17,189.98,190.08,211019
2026-03-17 06:20:00,190.08,190.37,190.01,190.2,94830
2026-03-17 06:25:00,190.21,190.4,189.97,190.38,138372
2026-03-17 06:30:00,190.31,190.42,190.22,190.32,120516
2026-03-17 06:35:00,190.32,190.45,190.27,190.43,82144
2026-03-17 06:40:00,190.44,190.54,190.38,190.47,187442
2026-03-17 06:45:00,190.47,190.51,190.05,190.06,84053
2026-03-17 06:50:00,190.03,190.24,190.0,190.02,69186
2026-03-17 06:55:00,190.05,190.21,190.0,190.17,101207
2026-03-17 07:00:00,190.17,190.17,189.83,190.11,142858
2026-03-17 07:05:00,190.11,190.35,190.11,190.24,112943
2026-03-17 07:10:00,190.22,190.53,190.19,190.51,129059
2026-03-17 07:15:00,190.51,190.78,190.5,190.76,195450
2026-03-17 07:20:00,190.79,190.8,190.5,190.66,109383
2026-03-17 07:25:00,190.63,190.69,190.5,190.64,76424
2026-03-17 07:30:00,190.64,190.88,190.64,190.87,156995
2026-03-17 07:35:00,190.87,191.01,190.61,190.94,260529
2026-03-17 07:40:00,190.94,191.09,190.88,191.06,167287
2026-03-17 07:45:00,191.07,191.36,191.01,191.24,506360
2026-03-17 07:50:00,191.24,191.25,190.9,190.92,152745
2026-03-17 07:55:00,190.98,190.99,190.8,190.91,97135
2026-03-17 08:00:00,190.96,191.99,190.89,191.56,476320
2026-03-17 08:05:00,191.62,191.65,191.18,191.27,86725
2026-03-17 08:10:00,191.28,191.51,191.15,191.43,71483
2026-03-17 08:15:00,191.43,191.65,191.31,191.65,125025
2026-03-17 08:20:00,191.7,191.95,191.51,191.73,108719
2026-03-17 08:25:00,191.7,191.81,191.46,191.46,88363
2026-03-17 08:30:00,191.52,191.63,191.17,191.49,177951
2026-03-17 08:35:00,191.48,191.61,191.1,191.59,224865
2026-03-17 08:40:00,191.53,191.76,191.5,191.7,130581
2026-03-17 08:45:00,191.7,191.75,191.18,191.35,173828
2026-03-17 08:50:00,191.38,191.5,190.99,191.1,149937
2026-03-17 08:55:00,191.13,191.4,190.96,191.34,213494
2026-03-17 09:00:00,191.4,191.57,191.31,191.45,184058
2026-03-17 09:05:00,191.47,191.8,191.47,191.73,223471
2026-03-17 09:10:00,191.81,191.95,191.61,191.75,335473
2026-03-17 09:15:00,191.75,191.76,191.45,191.76,154252
2026-03-17 09:20:00,191.8,191.99,191.7,191.9,200590
2026-03-17 09:25:00,191.92,192.35,191.88,192.29,417176
2026-03-17 09:30:00,192.33,192.33,191.17,191.47,731423
2026-03-17 09:35:00,191.39,191.59,191.14,191.53,537914
2026-03-17 09:40:00,191.54,191.6,191.21,191.49,527926
2026-03-17 09:45:00,191.47,191.51,191.18,191.39,588971
2026-03-17 09:50:00,191.32,191.4,190.92,191.09,665431
2026-03-17 09:55:00,190.96,191.24,190.96,191.1,477557
2026-03-18 03:45:00,193.0,196.0,192.69,195.72,1565415
2026-03-18 03:50:00,195.73,195.92,195.2,195.46,841102
2026-03-18 03:55:00,195.52,196.0,195.1,196.0,909007
2026-03-18 04:00:00,196.08,196.29,195.6,195.85,669593
2026-03-18 04:05:00,195.84,196.07,195.44,195.81,431780
2026-03-18 04:10:00,195.84,196.55,195.68,196.4,419417
2026-03-18 04:15:00,196.3,196.5,196.0,196.48,336104
2026-03-18 04:20:00,196.47,196.76,196.05,196.32,413149
2026-03-18 04:25:00,196.25,196.33,195.75,196.08,374474
2026-03-18 04:30:00,196.1,196.4,195.92,196.0,271548
2026-03-18 04:35:00,196.04,196.41,195.75,196.25,442054
2026-03-18 04:40:00,196.3,196.49,195.89,196.46,182622
2026-03-18 04:45:00,196.46,197.14,196.37,196.82,624289
2026-03-18 04:50:00,196.86,196.9,196.35,196.85,346347
2026-03-18 04:55:00,196.85,196.9,196.51,196.59,154990
2026-03-18 05:00:00,196.66,196.66,196.23,196.26,374246
2026-03-18 05:05:00,196.26,196.74,196.24,196.52,176687
2026-03-18 05:10:00,196.58,196.84,196.43,196.79,187721
2026-03-18 05:15:00,196.85,197.4,196.79,197.17,534002
2026-03-18 05:20:00,197.17,197.35,197.04,197.27,351842
2026-03-18 05:25:00,197.28,197.28,197.0,197.12,199933
2026-03-18 05:30:00,197.2,197.53,197.11,197.48,375345
2026-03-18 05:35:00,197.43,197.48,197.06,197.26,204645
2026-03-18 05:40:00,197.26,197.42,196.93,197.09,213992
2026-03-18 05:45:00,197.11,197.76,196.93,197.7,341047
2026-03-18 05:50:00,197.65,197.84,197.42,197.62,265326
2026-03-18 05:55:00,197.58,197.89,197.49,197.74,207449
2026-03-18 06:00:00,197.76,197.83,197.45,197.75,201825
2026-03-18 06:05:00,197.75,197.95,197.6,197.84,210157
2026-03-18 06:10:00,197.84,198.0,197.63,197.67,235462
2026-03-18 06:15:00,197.68,197.73,197.32,197.37,195709
2026-03-18 06:20:00,197.31,197.51,197.3,197.4,120445
2026-03-18 06:25:00,197.4,197.44,197.05,197.12,218917
2026-03-18 06:30:00,197.11,197.2,196.8,196.85,319685
2026-03-18 06:35:00,196.85,197.0,196.7,196.97,152023
2026-03-18 06:40:00,196.91,197.17,196.5,196.74,257037
2026-03-18 06:45:00,196.77,196.8,196.5,196.67,142646
2026-03-18 06:50:00,196.67,196.69,196.31,196.58,138904
2026-03-18 06:55:00,196.49,196.83,196.33,196.75,288217
2026-03-18 07:00:00,196.77,197.23,196.77,197.04,277856
2026-03-18 07:05:00,197.12,197.34,196.83,197.25,939171
2026-03-18 07:10:00,197.25,197.41,197.02,197.34,567264
2026-03-18 07:15:00,197.34,197.34,197.07,197.28,127723
2026-03-18 07:20:00,197.25,197.35,196.72,196.87,112132
2026-03-18 07:25:00,196.8,196.9,196.62,196.79,77331
2026-03-18 07:30:00,196.79,197.0,196.71,197.0,79331
2026-03-18 07:35:00,197.0,197.01,196.4,196.5,125412
2026-03-18 07:40:00,196.49,196.75,196.41,196.74,67063
2026-03-18 07:45:00,196.74,196.95,196.47,196.69,136071
2026-03-18 07:50:00,196.71,197.18,196.61,196.86,786609
2026-03-18 07:55:00,196.85,196.96,196.28,196.4,175209
2026-03-18 08:00:00,196.39,196.39,196.19,196.25,85445
2026-03-18 08:05:00,196.26,196.3,196.0,196.25,274631
2026-03-18 08:10:00,196.29,196.4,196.07,196.27,231604
2026-03-18 08:15:00,196.28,196.3,196.05,196.06,85573
2026-03-18 08:20:00,196.12,196.31,196.0,196.25,79334
2026-03-18 08:25:00,196.3,196.32,196.01,196.01,101788
2026-03-18 08:30:00,196.08,196.19,195.73,196.19,219239
2026-03-18 08:35:00,196.18,196.19,195.66,195.84,167943
2026-03-18 08:40:00,195.78,195.9,195.6,195.68,174810
2026-03-18 08:45:00,195.68,195.74,195.45,195.49,175928
2026-03-18 08:50:00,195.49,195.67,195.32,195.64,120930
2026-03-18 08:55:00,195.65,195.78,195.45,195.45,59319
2026-03-18 09:00:00,195.44,195.48,195.03,195.11,203220
2026-03-18 09:05:00,195.05,195.61,195.02,195.6,138805
2026-03-18 09:10:00,195.58,195.67,195.22,195.37,117746
2026-03-18 09:15:00,195.37,195.56,195.26,195.54,80720
2026-03-18 09:20:00,195.55,195.66,195.41,195.6,171269
2026-03-18 09:25:00,195.53,195.7,195.48,195.57,179977
2026-03-18 09:30:00,195.59,195.6,194.37,194.8,733704
2026-03-18 09:35:00,194.8,194.8,194.4,194.63,498536
2026-03-18 09:40:00,194.64,194.64,194.25,194.39,583855
2026-03-18 09:45:00,194.39,194.41,194.07,194.15,810113
2026-03-18 09:50:00,194.15,194.15,193.8,193.99,813504
2026-03-18 09:55:00,194.0,194.29,193.89,194.22,995498
2026-03-19 03:45:00,191.98,192.79,190.36,191.48,735309
2026-03-19 03:50:00,191.5,191.58,191.0,191.35,495776
2026-03-19 03:55:00,191.35,191.47,190.88,190.94,214000
2026-03-19 04:00:00,190.94,191.3,190.3,190.43,539035
2026-03-19 04:05:00,190.43,191.0,190.39,190.45,250496
2026-03-19 04:10:00,190.46,190.8,190.31,190.79,185872
2026-03-19 04:15:00,190.83,190.86,190.13,190.3,239562
2026-03-19 04:20:00,190.29,190.58,190.15,190.41,194027
2026-03-19 04:25:00,190.41,190.48,190.06,190.25,205745
2026-03-19 04:30:00,190.25,190.33,190.1,190.25,144162
2026-03-19 04:35:00,190.25,190.35,190.13,190.35,132617
2026-03-19 04:40:00,190.35,190.36,190.1,190.16,107179
2026-03-19 04:45:00,190.1,190.37,189.91,190.36,265252
2026-03-19 04:50:00,190.36,190.5,190.24,190.43,101027
2026-03-19 04:55:00,190.42,190.42,190.17,190.24,90205
2026-03-19 05:00:00,190.25,190.43,190.2,190.29,88645
2026-03-19 05:05:00,190.24,190.43,190.12,190.43,96108
2026-03-19 05:10:00,190.42,190.44,190.15,190.3,109122
2026-03-19 05:15:00,190.3,190.32,189.94,189.94,213367
2026-03-19 05:20:00,189.94,190.2,189.94,190.19,125206
2026-03-19 05:25:00,190.18,190.35,190.0,190.04,183495
2026-03-19 05:30:00,190.03,190.17,189.82,190.11,136759
2026-03-19 05:35:00,190.11,190.13,189.83,189.94,77190
2026-03-19 05:40:00,189.94,190.07,189.8,189.85,107248
2026-03-19 05:45:00,189.85,189.95,189.67,189.75,171171
2026-03-19 05:50:00,189.75,189.98,189.68,189.89,62397
2026-03-19 05:55:00,189.84,189.9,189.55,189.56,124357
2026-03-19 06:00:00,189.64,189.8,189.41,189.76,159401
2026-03-19 06:05:00,189.8,189.93,189.6,189.63,97215
2026-03-19 06:10:00,189.63,189.77,189.42,189.53,101368
2026-03-19 06:15:00,189.54,189.77,189.45,189.5,85170
2026-03-19 06:20:00,189.5,189.73,189.34,189.5,140776
2026-03-19 06:25:00,189.5,189.65,189.41,189.48,83488
2026-03-19 06:30:00,189.5,189.69,189.24,189.46,132588
2026-03-19 06:35:00,189.43,189.66,189.3,189.45,65075
2026-03-19 06:40:00,189.42,189.45,189.24,189.36,126711
2026-03-19 06:45:00,189.35,189.45,189.18,189.39,93277
2026-03-19 06:50:00,189.39,189.39,189.01,189.12,160271
2026-03-19 06:55:00,189.12,189.23,189.06,189.17,61530
2026-03-19 07:00:00,189.15,189.27,189.04,189.2,74959
2026-03-19 07:05:00,189.2,189.27,189.05,189.16,104098
2026-03-19 07:10:00,189.16,189.16,188.88,188.95,243949
2026-03-19 07:15:00,188.93,189.45,188.93,189.36,80764
2026-03-19 07:20:00,189.36,189.36,189.05,189.18,57381
2026-03-19 07:25:00,189.15,189.24,189.05,189.2,65016
2026-03-19 07:30:00,189.22,189.22,189.01,189.03,88488
2026-03-19 07:35:00,189.1,189.14,188.8,189.05,179942
2026-03-19 07:40:00,189.04,189.14,188.8,188.88,135215
2026-03-19 07:45:00,188.88,188.92,188.81,188.85,45355
2026-03-19 07:50:00,188.85,188.89,188.65,188.69,102329
2026-03-19 07:55:00,188.69,188.79,188.67,188.72,126985
2026-03-19 08:00:00,188.68,189.09,188.65,188.98,552671
2026-03-19 08:05:00,188.98,189.11,188.86,188.99,323837
2026-03-19 08:10:00,188.99,189.29,188.95,189.2,209748
2026-03-19 08:15:00,189.22,189.27,189.1,189.23,80142
2026-03-19 08:20:00,189.25,189.33,189.1,189.21,49051
2026-03-19 08:25:00,189.21,189.29,188.9,188.99,78178
2026-03-19 08:30:00,188.98,189.16,188.75,188.84,84431
2026-03-19 08:35:00,188.84,188.95,188.6,188.67,87237
2026-03-19 08:40:00,188.6,188.68,188.4,188.52,175606
2026-03-19 08:45:00,188.54,188.78,188.41,188.75,61069
2026-03-19 08:50:00,188.75,188.75,188.41,188.65,105452
2026-03-19 08:55:00,188.66,188.75,188.47,188.55,86338
2026-03-19 09:00:00,188.55,188.76,188.45,188.7,125819
2026-03-19 09:05:00,188.76,188.94,188.52,188.58,94863
2026-03-19 09:10:00,188.58,188.9,188.5,188.82,202464
2026-03-19 09:15:00,188.91,188.91,188.47,188.61,108767
2026-03-19 09:20:00,188.61,188.62,188.05,188.2,225465
2026-03-19 09:25:00,188.15,188.27,187.7,187.88,483440
2026-03-19 09:30:00,187.87,188.59,187.68,188.38,414549
2026-03-19 09:35:00,188.3,188.37,187.96,188.33,291916
2026-03-19 09:40:00,188.37,188.6,188.31,188.44,357111
2026-03-19 09:45:00,188.41,188.59,188.11,188.5,457021
2026-03-19 09:50:00,188.51,188.74,188.35,188.69,426384
2026-03-19 09:55:00,188.64,188.9,188.28,188.87,550597
2026-03-20 03:45:00,191.19,192.3,190.14,191.0,1219897
2026-03-20 03:50:00,191.05,191.7,190.64,190.8,463334
2026-03-20 03:55:00,190.92,191.32,190.5,191.14,361338
2026-03-20 04:00:00,191.08,191.18,190.4,190.51,362010
2026-03-20 04:05:00,190.44,190.64,189.73,190.13,344933
2026-03-20 04:10:00,190.13,190.37,189.64,189.95,144393
2026-03-20 04:15:00,189.97,190.15,189.5,189.72,264717
2026-03-20 04:20:00,189.71,190.25,189.63,190.15,173075
2026-03-20 04:25:00,190.2,191.59,190.14,190.95,604216
2026-03-20 04:30:00,190.93,191.03,190.21,190.21,277106
2026-03-20 04:35:00,190.22,190.71,190.21,190.53,163857
2026-03-20 04:40:00,190.59,190.94,190.51,190.63,252636
2026-03-20 04:45:00,190.63,190.76,190.45,190.58,109027
2026-03-20 04:50:00,190.62,190.66,190.05,190.43,110406
2026-03-20 04:55:00,190.48,191.22,190.44,191.2,251831
2026-03-20 05:00:00,191.3,191.3,190.8,190.9,147066
2026-03-20 05:05:00,190.94,191.12,190.79,191.09,105612
2026-03-20 05:10:00,191.09,191.3,190.95,191.25,187386
2026-03-20 05:15:00,191.2,191.25,190.63,190.8,218822
2026-03-20 05:20:00,190.84,190.89,190.7,190.82,134835
2026-03-20 05:25:00,190.76,190.86,190.07,190.53,265985
2026-03-20 05:30:00,190.69,190.69,190.1,190.56,441852
2026-03-20 05:35:00,190.59,190.78,190.35,190.59,494751
2026-03-20 05:40:00,190.62,190.64,190.3,190.54,117510
2026-03-20 05:45:00,190.6,190.78,190.46,190.69,65894
2026-03-20 05:50:00,190.7,191.53,190.6,191.1,322360
2026-03-20 05:55:00,191.1,191.24,190.82,191.04,72861
2026-03-20 06:00:00,191.1,191.33,190.95,191.07,133100
2026-03-20 06:05:00,191.04,191.07,190.8,190.88,81372
2026-03-20 06:10:00,190.91,191.0,190.53,190.75,115322
2026-03-20 06:15:00,190.71,191.0,190.62,190.7,91449
2026-03-20 06:20:00,190.7,190.7,189.85,189.92,224972
2026-03-20 06:25:00,189.92,190.12,189.71,190.12,179698
2026-03-20 06:30:00,190.13,190.19,189.77,189.9,47682
2026-03-20 06:35:00,189.89,189.94,189.5,189.54,281379
2026-03-20 06:40:00,189.58,190.1,189.56,190.05,54932
2026-03-20 06:45:00,190.05,190.05,189.68,189.79,38505
2026-03-20 06:50:00,189.79,189.79,189.54,189.55,68916
2026-03-20 06:55:00,189.39,189.73,189.35,189.49,75709
2026-03-20 07:00:00,189.49,189.69,189.28,189.64,76333
2026-03-20 07:05:00,189.74,189.82,189.56,189.75,94287
2026-03-20 07:10:00,189.74,189.9,189.61,189.83,80685
2026-03-20 07:15:00,189.79,190.0,189.62,189.68,95276
2026-03-20 07:20:00,189.73,189.99,189.6,189.88,112389
2026-03-20 07:25:00,189.82,189.93,189.58,189.7,81213
2026-03-20 07:30:00,189.64,189.86,189.55,189.7,88119
2026-03-20 07:35:00,189.7,189.7,189.35,189.5,114585
2026-03-20 07:40:00,189.49,189.7,189.36,189.59,86684
2026-03-20 07:45:00,189.6,190.09,189.56,189.7,108880
2026-03-20 07:50:00,189.72,189.83,189.52,189.76,78876
2026-03-20 07:55:00,189.73,189.9,189.58,189.79,79136
2026-03-20 08:00:00,189.87,189.95,189.68,189.73,90988
2026-03-20 08:05:00,189.73,189.95,189.62,189.9,87665
2026-03-20 08:10:00,189.93,189.94,189.38,189.49,138371
2026-03-20 08:15:00,189.49,189.5,189.3,189.4,83545
2026-03-20 08:20:00,189.3,189.67,189.16,189.67,94752
2026-03-20 08:25:00,189.67,189.77,189.3,189.38,99451
2026-03-20 08:30:00,189.38,189.66,189.3,189.56,78355
2026-03-20 08:35:00,189.62,189.62,189.45,189.62,62116
2026-03-20 08:40:00,189.62,189.62,189.4,189.49,69488
2026-03-20 08:45:00,189.49,189.57,189.3,189.49,74458
2026-03-20 08:50:00,189.48,189.7,189.21,189.66,136848
2026-03-20 08:55:00,189.66,189.68,189.27,189.34,191077
2026-03-20 09:00:00,189.3,189.45,189.0,189.15,858637
2026-03-20 09:05:00,189.15,189.15,188.71,189.0,304880
2026-03-20 09:10:00,189.0,189.1,188.68,188.72,195806
2026-03-20 09:15:00,188.74,188.91,188.62,188.78,185333
2026-03-20 09:20:00,188.77,188.81,188.41,188.5,436091
2026-03-20 09:25:00,188.5,189.14,188.49,189.1,424978
2026-03-20 09:30:00,189.06,190.95,189.04,190.46,2116443
2026-03-20 09:35:00,190.45,190.92,190.39,190.86,1623702
2026-03-20 09:40:00,190.83,191.04,190.4,190.82,1904046
2026-03-20 09:45:00,190.86,191.2,190.77,191.0,1866227
2026-03-20 09:50:00,191.0,191.77,190.99,191.62,1743598
2026-03-20 09:55:00,191.62,191.86,190.65,190.9,1311347
2026-03-23 03:45:00,189.41,189.41,187.68,188.54,911757
2026-03-23 03:50:00,188.55,189.15,188.45,188.55,343399
2026-03-23 03:55:00,188.57,188.9,188.31,188.69,237640
2026-03-23 04:00:00,188.68,189.36,188.68,189.08,211682
2026-03-23 04:05:00,189.02,189.5,188.96,188.99,150077
2026-03-23 04:10:00,189.03,189.98,188.78,189.81,218673
2026-03-23 04:15:00,189.79,189.85,188.81,188.95,225305
2026-03-23 04:20:00,188.9,189.29,188.7,189.13,147274
2026-03-23 04:25:00,189.1,189.39,188.81,189.39,131713
2026-03-23 04:30:00,189.44,189.59,189.14,189.4,261627
2026-03-23 04:35:00,189.41,189.89,189.32,189.87,197242
2026-03-23 04:40:00,189.82,189.91,189.65,189.75,148562
2026-03-23 04:45:00,189.75,190.14,189.45,189.95,198159
2026-03-23 04:50:00,189.94,190.0,189.45,189.66,152522
2026-03-23 04:55:00,189.57,189.67,189.13,189.18,214466
2026-03-23 05:00:00,189.24,189.98,189.19,189.67,174353
2026-03-23 05:05:00,189.66,190.62,189.62,190.45,173166
2026-03-23 05:10:00,190.44,190.44,190.0,190.38,149792
2026-03-23 05:15:00,190.38,190.49,189.72,189.76,137966
2026-03-23 05:20:00,189.75,189.84,189.5,189.76,173321
2026-03-23 05:25:00,189.78,189.88,189.67,189.86,121736
2026-03-23 05:30:00,189.85,189.85,189.25,189.46,132483
2026-03-23 05:35:00,189.5,190.05,189.48,189.94,94753
2026-03-23 05:40:00,189.94,189.99,189.43,189.5,126343
2026-03-23 05:45:00,189.5,189.69,189.37,189.69,86912
2026-03-23 05:50:00,189.6,189.74,189.13,189.13,210008
2026-03-23 05:55:00,189.24,189.28,188.94,189.07,182399
2026-03-23 06:00:00,189.07,189.35,188.91,189.09,137335
2026-03-23 06:05:00,189.09,189.4,188.88,189.26,165412
2026-03-23 06:10:00,189.25,189.32,188.75,188.84,150532
2026-03-23 06:15:00,188.9,189.07,188.82,189.01,84343
2026-03-23 06:20:00,189.0,189.49,188.92,189.17,92171
2026-03-23 06:25:00,189.17,189.61,188.87,189.4,152775
2026-03-23 06:30:00,189.44,189.5,189.1,189.42,123811
2026-03-23 06:35:00,189.38,189.66,189.21,189.45,113863
2026-03-23 06:40:00,189.5,189.61,189.33,189.41,89187
2026-03-23 06:45:00,189.4,189.4,188.88,188.91,95056
2026-03-23 06:50:00,188.9,189.0,188.59,188.59,141078
2026-03-23 06:55:00,188.35,188.4,188.02,188.33,217693
2026-03-23 07:00:00,188.33,188.55,188.28,188.49,57447
2026-03-23 07:05:00,188.49,188.68,188.47,188.54,62535
2026-03-23 07:10:00,188.5,188.55,188.11,188.31,77438
2026-03-23 07:15:00,188.31,188.31,188.04,188.24,49340
2026-03-23 07:20:00,188.23,188.36,187.94,188.02,102523
2026-03-23 07:25:00,188.02,188.02,187.65,187.76,120777
2026-03-23 07:30:00,187.75,187.76,187.5,187.55,73719
2026-03-23 07:35:00,187.5,187.73,187.46,187.52,77486
2026-03-23 07:40:00,187.48,187.57,187.3,187.5,50289
2026-03-23 07:45:00,187.54,187.8,187.43,187.58,111043
2026-03-23 07:50:00,187.55,187.85,187.54,187.76,133628
2026-03-23 07:55:00,187.74,187.9,187.38,187.49,86707
2026-03-23 08:00:00,187.49,187.91,187.49,187.79,56847
2026-03-23 08:05:00,187.78,187.9,187.6,187.78,88333
2026-03-23 08:10:00,187.77,188.24,187.66,188.13,116178
2026-03-23 08:15:00,188.14,188.28,188.07,188.25,73508
2026-03-23 08:20:00,188.25,188.44,188.07,188.38,105797
2026-03-23 08:25:00,188.35,188.6,188.3,188.37,111090
2026-03-23 08:30:00,188.39,188.75,188.23,188.73,141635
2026-03-23 08:35:00,188.73,188.8,188.44,188.65,134690
2026-03-23 08:40:00,188.65,188.69,188.27,188.31,92915
2026-03-23 08:45:00,188.33,188.66,188.28,188.54,83298
2026-03-23 08:50:00,188.59,188.7,188.23,188.28,92630
2026-03-23 08:55:00,188.27,188.42,187.93,188.36,109597
2026-03-23 09:00:00,188.35,188.39,187.61,187.7,151903
2026-03-23 09:05:00,187.69,188.21,187.6,188.0,145460
2026-03-23 09:10:00,187.96,188.23,187.82,188.13,139118
2026-03-23 09:15:00,188.15,188.22,187.92,187.92,156589
2026-03-23 09:20:00,188.0,188.39,188.0,188.1,137471
2026-03-23 09:25:00,188.15,188.24,187.81,188.18,162127
2026-03-23 09:30:00,188.17,188.17,187.4,187.47,303960
2026-03-23 09:35:00,187.43,187.58,187.0,187.39,284822
2026-03-23 09:40:00,187.39,187.77,187.36,187.64,239528
2026-03-23 09:45:00,187.59,187.74,187.31,187.4,249059
2026-03-23 09:50:00,187.32,187.71,187.32,187.57,205579
2026-03-23 09:55:00,187.57,187.68,187.23,187.6,492118
2026-03-24 03:45:00,191.5,191.5,189.65,190.02,788233
2026-03-24 03:50:00,190.0,190.1,189.25,190.03,333520
2026-03-24 03:55:00,190.07,190.14,189.73,190.0,249425
2026-03-24 04:00:00,189.99,190.13,189.65,189.68,226937
2026-03-24 04:05:00,189.65,189.85,189.37,189.76,212243
2026-03-24 04:10:00,189.74,189.89,189.05,189.13,172788
2026-03-24 04:15:00,189.13,189.18,188.66,188.78,268074
2026-03-24 04:20:00,188.77,189.4,188.5,189.11,215381
2026-03-24 04:25:00,189.09,189.24,188.84,188.99,159009
2026-03-24 04:30:00,189.0,189.11,188.65,188.83,191625
2026-03-24 04:35:00,188.83,188.99,188.59,188.62,122095
2026-03-24 04:40:00,188.62,188.8,188.57,188.65,68587
2026-03-24 04:45:00,188.65,188.99,188.5,188.7,223487
2026-03-24 04:50:00,188.72,188.99,188.71,188.88,106853
2026-03-24 04:55:00,188.85,188.95,188.53,188.78,103470
2026-03-24 05:00:00,188.85,188.85,188.11,188.16,113207
2026-03-24 05:05:00,188.11,188.15,187.8,187.9,150600
2026-03-24 05:10:00,187.9,188.22,187.8,188.06,131871
2026-03-24 05:15:00,188.01,188.85,188.0,188.52,109976
2026-03-24 05:20:00,188.58,188.66,188.16,188.3,111875
2026-03-24 05:25:00,188.24,188.39,187.94,188.17,106061
2026-03-24 05:30:00,188.15,188.33,187.96,188.1,173662
2026-03-24 05:35:00,188.07,188.4,187.91,188.33,70997
2026-03-24 05:40:00,188.33,188.67,188.32,188.4,85998
2026-03-24 05:45:00,188.48,188.89,188.4,188.79,125352
2026-03-24 05:50:00,188.84,189.55,188.78,188.78,284227
2026-03-24 05:55:00,188.78,189.46,188.66,189.41,105977
2026-03-24 06:00:00,189.42,189.95,189.36,189.92,125084
2026-03-24 06:05:00,189.85,190.2,189.75,190.2,154117
2026-03-24 06:10:00,190.14,190.18,189.81,189.91,87376
2026-03-24 06:15:00,189.93,190.25,189.7,190.21,135981
2026-03-24 06:20:00,190.19,190.25,189.96,190.15,77533
2026-03-24 06:25:00,190.18,190.5,190.13,190.45,129457
2026-03-24 06:30:00,190.47,190.7,190.27,190.3,132469
2026-03-24 06:35:00,190.37,190.37,189.83,189.93,73481
2026-03-24 06:40:00,189.96,190.16,189.67,189.67,93288
2026-03-24 06:45:00,189.69,189.93,189.47,189.58,116082
2026-03-24 06:50:00,189.57,190.2,189.55,190.2,135433
2026-03-24 06:55:00,190.18,190.4,189.35,189.55,100109
2026-03-24 07:00:00,189.5,189.88,189.5,189.88,84905
2026-03-24 07:05:00,189.95,190.0,189.55,189.71,72839
2026-03-24 07:10:00,189.71,190.45,189.55,190.04,89507
2026-03-24 07:15:00,190.16,190.2,189.84,189.9,61452
2026-03-24 07:20:00,189.9,190.25,189.86,190.08,131801
2026-03-24 07:25:00,190.07,190.16,189.7,189.88,122509
2026-03-24 07:30:00,189.88,190.0,189.5,189.53,83699
2026-03-24 07:35:00,189.41,189.78,189.3,189.57,71008
2026-03-24 07:40:00,189.57,189.83,189.49,189.75,155203
2026-03-24 07:45:00,189.76,189.79,189.58,189.69,67656
2026-03-24 07:50:00,189.67,189.99,189.45,189.84,127025
2026-03-24 07:55:00,189.84,190.1,189.74,190.05,69450
2026-03-24 08:00:00,190.06,190.32,189.9,190.17,86312
2026-03-24 08:05:00,190.17,190.28,189.88,189.98,117958
2026-03-24 08:10:00,189.98,190.16,189.88,190.1,127396
2026-03-24 08:15:00,190.1,190.16,189.64,189.69,116405
2026-03-24 08:20:00,189.68,189.92,189.6,189.72,120423
2026-03-24 08:25:00,189.7,189.9,189.61,189.72,79623
2026-03-24 08:30:00,189.67,189.92,189.61,189.68,126746
2026-03-24 08:35:00,189.68,189.75,189.4,189.47,122980
2026-03-24 08:40:00,189.49,189.79,189.4,189.65,92108
2026-03-24 08:45:00,189.68,189.88,189.55,189.59,81738
2026-03-24 08:50:00,189.55,189.67,189.07,189.35,135473
2026-03-24 08:55:00,189.33,189.43,189.15,189.31,84021
2026-03-24 09:00:00,189.34,189.43,189.21,189.29,77260
2026-03-24 09:05:00,189.29,189.42,188.9,188.99,189220
2026-03-24 09:10:00,188.99,189.26,188.75,188.94,167003
2026-03-24 09:15:00,188.94,189.05,188.87,188.92,116430
2026-03-24 09:20:00,188.94,188.94,188.65,188.83,207653
2026-03-24 09:25:00,188.83,189.38,188.83,189.21,189711
2026-03-24 09:30:00,189.21,189.21,188.72,188.94,342066
2026-03-24 09:35:00,188.95,188.95,188.75,188.86,253403
2026-03-24 09:40:00,188.86,188.88,188.51,188.58,392910
2026-03-24 09:45:00,188.55,188.75,188.39,188.75,394463
2026-03-24 09:50:00,188.67,188.84,188.61,188.83,342300
2026-03-24 09:55:00,188.83,188.95,188.7,188.92,312785
2026-03-25 03:45:00,189.0,189.5,187.9,188.7,921026
2026-03-25 03:50:00,188.74,189.0,188.71,188.95,304651
2026-03-25 03:55:00,188.95,189.23,188.83,189.23,466984
2026-03-25 04:00:00,189.21,189.29,188.89,189.25,247586
2026-03-25 04:05:00,189.25,189.37,188.95,189.06,208252
2026-03-25 04:10:00,189.02,189.28,188.7,189.2,163347
2026-03-25 04:15:00,189.2,189.5,189.0,189.35,196540
2026-03-25 04:20:00,189.35,189.89,189.26,189.67,200254
2026-03-25 04:25:00,189.63,190.48,189.6,190.44,311018
2026-03-25 04:30:00,190.46,190.5,190.12,190.2,143873
2026-03-25 04:35:00,190.2,190.2,189.82,190.04,136740
2026-03-25 04:40:00,190.04,190.15,189.92,190.08,143911
2026-03-25 04:45:00,190.19,190.2,189.86,189.91,143411
2026-03-25 04:50:00,189.9,190.25,189.83,190.03,100216
2026-03-25 04:55:00,190.14,190.32,190.04,190.27,252427
2026-03-25 05:00:00,190.3,190.33,190.06,190.13,168647
2026-03-25 05:05:00,190.13,190.3,190.06,190.17,126517
2026-03-25 05:10:00,190.19,190.5,190.1,190.5,138951
2026-03-25 05:15:00,190.5,190.62,190.25,190.3,138535
2026-03-25 05:20:00,190.27,190.43,190.18,190.33,113417
2026-03-25 05:25:00,190.35,190.37,189.92,190.1,127555
2026-03-25 05:30:00,190.12,190.23,189.98,189.98,125293
2026-03-25 05:35:00,189.97,190.58,189.97,190.31,205962
2026-03-25 05:40:00,190.33,190.48,190.25,190.43,81257
2026-03-25 05:45:00,190.43,190.45,190.12,190.27,96365
2026-03-25 05:50:00,190.3,190.3,189.92,189.93,105038
2026-03-25 05:55:00,189.93,190.1,189.8,189.92,68092
2026-03-25 06:00:00,189.99,190.09,189.82,190.01,74612
2026-03-25 06:05:00,190.01,190.01,189.6,189.64,124074
2026-03-25 06:10:00,189.7,189.85,189.51,189.67,156557
2026-03-25 06:15:00,189.67,189.9,189.44,189.8,90259
2026-03-25 06:20:00,189.78,190.36,189.76,190.24,118813
2026-03-25 06:25:00,190.23,190.35,190.05,190.14,53515
2026-03-25 06:30:00,190.14,190.45,190.08,190.39,142738
2026-03-25 06:35:00,190.41,190.41,190.07,190.1,169339
2026-03-25 06:40:00,190.13,190.5,190.13,190.39,93970
2026-03-25 06:45:00,190.4,190.43,190.11,190.32,67429
2026-03-25 06:50:00,190.32,190.4,190.11,190.17,75895
2026-03-25 06:55:00,190.21,190.32,190.02,190.13,143802
2026-03-25 07:00:00,190.13,190.34,190.06,190.21,63250
2026-03-25 07:05:00,190.22,190.41,190.06,190.13,207122
2026-03-25 07:10:00,190.14,190.42,190.05,190.31,141841
2026-03-25 07:15:00,190.32,190.36,189.99,190.09,142668
2026-03-25 07:20:00,190.1,190.14,189.88,189.91,56247
2026-03-25 07:25:00,189.9,189.94,189.56,189.77,120561
2026-03-25 07:30:00,189.7,189.91,189.63,189.91,102558
2026-03-25 07:35:00,189.94,190.07,189.75,190.01,61008
2026-03-25 07:40:00,190.0,190.2,189.89,189.9,63415
2026-03-25 07:45:00,189.99,190.15,189.78,189.86,49838
2026-03-25 07:50:00,189.86,189.86,189.56,189.78,68516
2026-03-25 07:55:00,189.66,189.85,189.65,189.78,90808
2026-03-25 08:00:00,189.79,189.85,189.6,189.8,117462
2026-03-25 08:05:00,189.83,189.85,189.7,189.85,65900
2026-03-25 08:10:00,189.85,189.85,189.61,189.73,111911
2026-03-25 08:15:00,189.73,189.81,189.66,189.73,125257
2026-03-25 08:20:00,189.73,190.0,189.73,189.9,278211
2026-03-25 08:25:00,189.89,189.89,189.52,189.78,156400
2026-03-25 08:30:00,189.78,190.24,189.75,190.04,161092
2026-03-25 08:35:00,190.01,190.07,189.62,189.79,81980
2026-03-25 08:40:00,189.79,189.86,189.45,189.51,124290
2026-03-25 08:45:00,189.57,189.74,189.44,189.45,90501
2026-03-25 08:50:00,189.46,189.6,189.12,189.14,129777
2026-03-25 08:55:00,189.14,189.2,189.01,189.12,136309
2026-03-25 09:00:00,189.08,189.21,188.79,189.09,434933
2026-03-25 09:05:00,189.03,189.25,189.0,189.09,112883
2026-03-25 09:10:00,189.07,189.26,188.97,189.17,183942
2026-03-25 09:15:00,189.15,189.26,188.94,189.06,186245
2026-03-25 09:20:00,189.01,189.1,188.81,188.87,264614
2026-03-25 09:25:00,188.89,189.05,188.75,188.87,319334
2026-03-25 09:30:00,188.87,189.19,188.61,189.0,699367
2026-03-25 09:35:00,188.99,189.17,188.91,189.17,335410
2026-03-25 09:40:00,189.17,189.25,189.07,189.09,332429
2026-03-25 09:45:00,189.01,189.27,188.85,189.03,455020
2026-03-25 09:50:00,189.03,189.17,188.95,189.05,646216
2026-03-25 09:55:00,189.12,189.2,188.91,189.18,333376
2026-03-27 03:45:00,189.05,189.95,187.9,189.84,812037
2026-03-27 03:50:00,189.83,190.89,189.78,190.41,714757
2026-03-27 03:55:00,190.43,190.99,190.19,190.54,386748
2026-03-27 04:00:00,190.53,190.53,189.82,189.82,351599
2026-03-27 04:05:00,189.9,189.99,189.64,189.98,157462
2026-03-27 04:10:00,189.98,190.33,189.89,190.16,209769
2026-03-27 04:15:00,190.12,190.18,189.9,190.02,132830
2026-03-27 04:20:00,189.96,190.16,189.74,189.74,183480
2026-03-27 04:25:00,189.76,189.77,189.19,189.26,148168
2026-03-27 04:30:00,189.25,189.7,189.13,189.69,136133
2026-03-27 04:35:00,189.68,190.31,189.64,190.18,567984
2026-03-27 04:40:00,190.19,190.3,190.0,190.01,179964
2026-03-27 04:45:00,190.06,190.5,190.06,190.35,299265
2026-03-27 04:50:00,190.35,190.4,190.16,190.2,147033
2026-03-27 04:55:00,190.18,190.29,189.95,190.17,189521
2026-03-27 05:00:00,190.15,190.45,189.8,189.88,278021
2026-03-27 05:05:00,189.9,190.0,189.51,190.0,202072
2026-03-27 05:10:00,190.0,190.0,189.5,189.72,173869
2026-03-27 05:15:00,189.68,189.74,189.39,189.54,133988
2026-03-27 05:20:00,189.55,189.7,189.5,189.61,118372
2026-03-27 05:25:00,189.63,189.9,189.55,189.9,168217
2026-03-27 05:30:00,189.9,190.1,189.73,189.86,161440
2026-03-27 05:35:00,189.87,190.3,189.71,190.3,214694
2026-03-27 05:40:00,190.3,190.7,190.16,190.59,312982
2026-03-27 05:45:00,190.6,190.8,190.39,190.7,286870
2026-03-27 05:50:00,190.75,190.88,190.08,190.17,186476
2026-03-27 05:55:00,190.16,190.44,190.07,190.19,215029
2026-03-27 06:00:00,190.19,190.29,190.01,190.27,119787
2026-03-27 06:05:00,190.4,190.65,190.26,190.35,111788
2026-03-27 06:10:00,190.35,190.44,190.06,190.41,196971
2026-03-27 06:15:00,190.4,190.6,190.31,190.48,122978
2026-03-27 06:20:00,190.48,190.87,190.35,190.85,303693
2026-03-27 06:25:00,190.85,191.13,190.64,190.93,425836
2026-03-27 06:30:00,190.92,190.94,190.72,190.9,165660
2026-03-27 06:35:00,190.87,190.92,190.58,190.62,179542
2026-03-27 06:40:00,190.62,190.98,190.43,190.95,186329
2026-03-27 06:45:00,190.94,191.36,190.94,191.15,401092
2026-03-27 06:50:00,191.15,191.5,190.81,191.28,607088
2026-03-27 06:55:00,191.28,191.77,191.14,191.57,313001
2026-03-27 07:00:00,191.6,191.67,191.2,191.55,180078
2026-03-27 07:05:00,191.5,191.93,191.45,191.85,334372
2026-03-27 07:10:00,191.85,192.25,191.68,192.25,295229
2026-03-27 07:15:00,192.24,192.29,191.26,191.75,455297
2026-03-27 07:20:00,191.74,191.81,191.22,191.31,194813
2026-03-27 07:25:00,191.26,191.46,191.21,191.32,137320
2026-03-27 07:30:00,191.3,191.49,190.72,190.83,246450
2026-03-27 07:35:00,190.83,190.98,190.71,190.87,205034
2026-03-27 07:40:00,190.87,191.05,190.79,190.94,110605
2026-03-27 07:45:00,190.94,191.4,190.8,191.09,134827
2026-03-27 07:50:00,191.02,191.08,190.5,190.5,126383
2026-03-27 07:55:00,190.54,190.62,190.27,190.35,274612
2026-03-27 08:00:00,190.3,190.6,190.24,190.47,150461
2026-03-27 08:05:00,190.47,190.96,190.43,190.74,280130
2026-03-27 08:10:00,190.74,191.16,190.68,190.9,201488
2026-03-27 08:15:00,190.9,191.0,190.69,190.69,82216
2026-03-27 08:20:00,190.65,191.36,190.65,191.11,400398
2026-03-27 08:25:00,191.13,191.35,191.01,191.2,140977
2026-03-27 08:30:00,191.18,191.41,191.0,191.36,157299
2026-03-27 08:35:00,191.36,191.4,191.0,191.16,145570
2026-03-27 08:40:00,191.15,191.16,190.45,190.49,340948
2026-03-27 08:45:00,190.46,190.95,190.41,190.69,324398
2026-03-27 08:50:00,190.7,190.81,190.31,190.5,128349
2026-03-27 08:55:00,190.5,190.66,190.47,190.56,107232
2026-03-27 09:00:00,190.54,190.6,190.13,190.25,167604
2026-03-27 09:05:00,190.22,190.47,190.14,190.15,192575
2026-03-27 09:10:00,190.15,190.49,190.04,190.37,170760
2026-03-27 09:15:00,190.53,190.58,190.33,190.41,200299
2026-03-27 09:20:00,190.4,190.58,190.32,190.53,239579
2026-03-27 09:25:00,190.5,190.64,190.45,190.61,420810
2026-03-27 09:30:00,190.57,191.45,190.57,191.42,1220358
2026-03-27 09:35:00,191.41,191.75,191.4,191.59,1682178
2026-03-27 09:40:00,191.61,192.16,191.58,191.88,1945855
2026-03-27 09:45:00,191.88,191.99,191.57,191.75,1882539
2026-03-27 09:50:00,191.74,191.74,191.35,191.63,1697555
2026-03-27 09:55:00,191.65,191.75,190.61,191.35,1017694
2026-03-30 03:45:00,189.99,190.63,188.45,189.89,1363586
2026-03-30 03:50:00,189.88,190.19,189.65,189.88,797351
2026-03-30 03:55:00,189.88,190.15,189.65,190.07,620828
2026-03-30 04:00:00,190.17,190.46,190.0,190.2,497978
2026-03-30 04:05:00,190.19,190.68,190.1,190.65,590155
2026-03-30 04:10:00,190.64,190.78,190.35,190.75,420465
2026-03-30 04:15:00,190.72,190.95,190.37,190.41,368281
2026-03-30 04:20:00,190.52,191.04,190.43,190.81,328243
2026-03-30 04:25:00,190.73,190.81,190.6,190.73,186222
2026-03-30 04:30:00,190.66,191.1,190.45,191.02,353754
2026-03-30 04:35:00,190.95,191.2,190.55,190.6,332164
2026-03-30 04:40:00,190.63,190.7,190.17,190.69,346786
2026-03-30 04:45:00,190.65,190.77,190.25,190.32,140378
2026-03-30 04:50:00,190.31,190.34,190.1,190.19,268461
2026-03-30 04:55:00,190.18,190.32,190.0,190.08,269271
2026-03-30 05:00:00,190.06,190.12,189.9,190.0,307512
2026-03-30 05:05:00,190.0,190.45,189.9,190.34,358442
2026-03-30 05:10:00,190.34,190.44,189.92,190.05,188419
2026-03-30 05:15:00,190.05,190.35,190.0,190.25,146681
2026-03-30 05:20:00,190.3,190.5,190.21,190.34,250287
2026-03-30 05:25:00,190.34,190.6,190.29,190.52,182937
2026-03-30 05:30:00,190.49,190.6,190.33,190.52,158623
2026-03-30 05:35:00,190.53,190.73,190.45,190.5,183470
2026-03-30 05:40:00,190.52,190.55,190.05,190.36,262930
2026-03-30 05:45:00,190.42,190.57,190.3,190.57,178438
2026-03-30 05:50:00,190.51,190.86,190.45,190.82,236494
2026-03-30 05:55:00,190.83,190.89,190.55,190.58,182232
2026-03-30 06:00:00,190.58,190.65,190.25,190.65,179356
2026-03-30 06:05:00,190.66,191.1,190.66,190.98,361470
2026-03-30 06:10:00,191.05,191.07,190.45,190.45,236906
2026-03-30 06:15:00,190.45,190.71,190.29,190.37,574778
2026-03-30 06:20:00,190.37,190.38,190.0,190.27,209308
2026-03-30 06:25:00,190.27,190.52,190.09,190.33,340297
2026-03-30 06:30:00,190.33,191.2,190.22,191.14,248861
2026-03-30 06:35:00,191.17,191.63,190.79,190.87,544337
2026-03-30 06:40:00,190.87,191.39,190.8,191.1,279992
2026-03-30 06:45:00,191.16,191.22,190.88,191.05,233746
2026-03-30 06:50:00,191.05,191.23,190.07,190.25,411125
2026-03-30 06:55:00,190.25,190.39,190.01,190.15,346287
2026-03-30 07:00:00,190.16,190.49,190.03,190.32,353613
2026-03-30 07:05:00,190.32,190.5,190.01,190.37,175297
2026-03-30 07:10:00,190.37,190.41,190.07,190.16,195446
2026-03-30 07:15:00,190.16,190.31,189.61,189.75,657131
2026-03-30 07:20:00,189.75,189.78,189.26,189.45,212159
2026-03-30 07:25:00,189.45,189.45,189.21,189.25,151063
2026-03-30 07:30:00,189.24,189.25,189.0,189.13,296840
2026-03-30 07:35:00,189.13,189.34,189.0,189.1,382426
2026-03-30 07:40:00,189.14,189.42,189.1,189.16,123375
2026-03-30 07:45:00,189.16,189.29,188.85,188.87,139805
2026-03-30 07:50:00,188.87,188.93,188.75,188.84,182820
2026-03-30 07:55:00,188.88,189.3,188.7,189.24,316913
2026-03-30 08:00:00,189.25,189.57,189.22,189.44,236356
2026-03-30 08:05:00,189.41,189.47,189.2,189.37,143734
2026-03-30 08:10:00,189.37,189.55,188.83,189.0,132138
2026-03-30 08:15:00,189.0,189.09,188.6,188.62,111770
2026-03-30 08:20:00,188.62,188.72,188.04,188.2,238368
2026-03-30 08:25:00,188.19,188.46,188.19,188.4,148755
2026-03-30 08:30:00,188.4,188.81,188.34,188.49,170994
2026-03-30 08:35:00,188.5,188.55,188.26,188.26,115113
2026-03-30 08:40:00,188.28,188.28,187.76,187.79,221623
2026-03-30 08:45:00,187.81,187.94,187.71,187.73,108001
2026-03-30 08:50:00,187.73,187.89,187.5,187.5,174049
2026-03-30 08:55:00,187.53,187.55,187.31,187.38,160579
2026-03-30 09:00:00,187.37,187.67,186.85,186.91,436716
2026-03-30 09:05:00,186.91,187.2,186.8,187.15,379918
2026-03-30 09:10:00,187.2,187.56,187.15,187.33,268755
2026-03-30 09:15:00,187.38,187.5,187.03,187.16,319602
2026-03-30 09:20:00,187.16,187.38,187.15,187.24,505630
2026-03-30 09:25:00,187.25,187.51,187.06,187.46,316401
2026-03-30 09:30:00,187.51,187.66,186.96,187.44,1274207
2026-03-30 09:35:00,187.43,187.8,187.37,187.75,1197130
2026-03-30 09:40:00,187.75,188.0,187.69,187.87,1425193
2026-03-30 09:45:00,187.87,187.87,187.61,187.75,1059324
2026-03-30 09:50:00,187.75,187.89,187.66,187.67,946902
2026-03-30 09:55:00,187.66,187.81,186.5,186.9,1102018
2026-04-01 03:45:00,191.51,193.0,190.64,192.03,1220090
2026-04-01 03:50:00,192.03,193.2,192.03,192.42,479794
2026-04-01 03:55:00,192.45,193.05,192.43,192.95,354755
2026-04-01 04:00:00,193.1,193.13,192.19,192.56,246817
2026-04-01 04:05:00,192.54,192.83,192.3,192.32,290227
2026-04-01 04:10:00,192.31,192.82,192.22,192.45,258724
2026-04-01 04:15:00,192.45,193.04,192.4,192.99,132695
2026-04-01 04:20:00,193.04,194.33,192.89,194.24,690867
2026-04-01 04:25:00,194.29,194.49,193.54,193.6,242679
2026-04-01 04:30:00,193.68,194.17,193.28,193.99,261441
2026-04-01 04:35:00,194.0,194.16,193.94,194.04,154836
2026-04-01 04:40:00,194.0,194.04,193.55,193.86,190281
2026-04-01 04:45:00,193.84,193.98,193.57,193.84,98594
2026-04-01 04:50:00,193.84,194.23,193.33,193.48,182578
2026-04-01 04:55:00,193.42,193.49,193.07,193.34,147161
2026-04-01 05:00:00,193.44,193.44,192.92,192.96,168898
2026-04-01 05:05:00,193.05,193.7,192.91,193.54,131069
2026-04-01 05:10:00,193.58,193.62,193.3,193.33,84463
2026-04-01 05:15:00,193.33,193.49,193.06,193.3,72299
2026-04-01 05:20:00,193.31,193.32,192.81,192.87,102587
2026-04-01 05:25:00,192.89,193.08,192.76,192.96,154014
2026-04-01 05:30:00,192.9,193.14,192.82,192.99,99827
2026-04-01 05:35:00,192.97,193.3,192.85,193.13,91787
2026-04-01 05:40:00,193.15,193.41,192.92,193.02,65643
2026-04-01 05:45:00,193.09,193.12,192.9,193.06,84022
2026-04-01 05:50:00,193.07,193.12,192.93,193.05,80327
2026-04-01 05:55:00,193.02,193.18,192.92,193.04,51603
2026-04-01 06:00:00,192.98,193.17,192.55,192.64,101922
2026-04-01 06:05:00,192.66,192.92,192.63,192.72,78101
2026-04-01 06:10:00,192.7,192.9,192.54,192.73,344354
2026-04-01 06:15:00,192.67,192.74,192.41,192.63,97708
2026-04-01 06:20:00,192.65,192.98,192.65,192.89,83837
2026-04-01 06:25:00,192.85,192.92,192.66,192.83,47567
2026-04-01 06:30:00,192.83,193.33,192.8,193.2,86658
2026-04-01 06:35:00,193.23,193.53,193.0,193.46,131877
2026-04-01 06:40:00,193.46,193.63,193.27,193.47,126430
2026-04-01 06:45:00,193.41,193.41,193.01,193.14,109528
2026-04-01 06:50:00,193.07,193.13,192.6,192.67,118672
2026-04-01 06:55:00,192.7,192.71,192.51,192.57,78748
2026-04-01 07:00:00,192.55,192.7,192.54,192.57,76991
2026-04-01 07:05:00,192.54,192.72,192.51,192.59,87738
2026-04-01 07:10:00,192.59,192.74,192.33,192.33,121187
2026-04-01 07:15:00,192.44,192.77,192.36,192.61,115585
2026-04-01 07:20:00,192.61,192.62,192.24,192.26,77801
2026-04-01 07:25:00,192.26,192.36,192.06,192.11,73483
2026-04-01 07:30:00,192.13,192.26,192.1,192.21,44195
2026-04-01 07:35:00,192.2,192.26,191.81,191.93,317361
2026-04-01 07:40:00,191.83,192.28,191.83,192.22,65197
2026-04-01 07:45:00,192.19,192.48,191.91,192.0,64997
2026-04-01 07:50:00,191.97,191.97,191.75,191.81,68558
2026-04-01 07:55:00,191.81,191.85,191.55,191.75,86195
2026-04-01 08:00:00,191.8,191.8,191.61,191.71,55705
2026-04-01 08:05:00,191.74,191.81,191.62,191.7,55511
2026-04-01 08:10:00,191.74,191.75,191.0,191.29,146273
2026-04-01 08:15:00,191.25,191.71,191.22,191.4,107452
2026-04-01 08:20:00,191.38,191.61,191.34,191.53,36040
2026-04-01 08:25:00,191.53,191.74,191.41,191.57,87689
2026-04-01 08:30:00,191.57,191.6,191.41,191.5,60714
2026-04-01 08:35:00,191.51,191.61,191.44,191.52,54561
2026-04-01 08:40:00,191.58,191.58,191.34,191.55,52019
2026-04-01 08:45:00,191.54,191.64,191.3,191.34,68090
2026-04-01 08:50:00,191.31,191.38,191.06,191.15,66277
2026-04-01 08:55:00,191.13,191.2,191.08,191.17,54088
2026-04-01 09:00:00,191.1,191.43,191.08,191.14,97741
2026-04-01 09:05:00,191.14,191.24,190.8,190.8,105449
2026-04-01 09:10:00,190.86,190.94,190.5,190.77,85907
2026-04-01 09:15:00,190.76,190.8,190.41,190.56,83698
2026-04-01 09:20:00,190.63,190.8,190.5,190.57,93739
2026-04-01 09:25:00,190.64,190.86,190.54,190.6,71906
2026-04-01 09:30:00,190.84,191.09,190.8,191.01,268802
2026-04-01 09:35:00,191.03,191.4,191.03,191.36,177402
2026-04-01 09:40:00,191.38,191.53,191.27,191.27,256418
2026-04-01 09:45:00,191.29,191.46,191.05,191.2,332231
2026-04-01 09:50:00,191.19,191.3,190.84,191.29,276566
2026-04-01 09:55:00,191.29,191.41,191.02,191.4,211925
2026-04-02 03:45:00,190.5,190.5,188.58,189.47,412230
2026-04-02 03:50:00,189.47,190.33,189.21,190.29,203176
2026-04-02 03:55:00,190.32,190.73,189.85,190.04,325805
2026-04-02 04:00:00,190.07,190.35,189.99,190.07,165189
2026-04-02 04:05:00,190.09,190.16,189.8,189.9,171050
2026-04-02 04:10:00,189.88,190.26,189.76,190.15,137882
2026-04-02 04:15:00,190.15,190.24,189.49,189.5,193778
2026-04-02 04:20:00,189.5,189.69,189.3,189.44,120033
2026-04-02 04:25:00,189.44,189.46,188.8,188.95,117426
2026-04-02 04:30:00,188.9,189.27,188.77,189.13,84582
2026-04-02 04:35:00,189.13,189.13,188.81,188.89,98063
2026-04-02 04:40:00,188.9,189.0,188.72,188.88,80870
2026-04-02 04:45:00,188.88,189.33,188.77,189.33,79699
2026-04-02 04:50:00,189.32,189.61,188.9,189.12,98383
2026-04-02 04:55:00,189.09,189.9,189.09,189.8,123828
2026-04-02 05:00:00,189.8,190.13,189.69,189.88,85398
2026-04-02 05:05:00,189.9,190.3,189.9,190.2,129242
2026-04-02 05:10:00,190.16,190.45,190.16,190.18,68820
2026-04-02 05:15:00,190.2,190.34,190.07,190.19,57794
2026-04-02 05:20:00,190.19,190.35,190.07,190.25,73123
2026-04-02 05:25:00,190.23,190.82,190.16,190.7,132579
2026-04-02 05:30:00,190.7,190.79,190.32,190.32,114312
2026-04-02 05:35:00,190.38,190.48,190.23,190.29,33968
2026-04-02 05:40:00,190.3,190.3,190.02,190.12,105038
2026-04-02 05:45:00,190.07,190.5,190.02,190.29,47411
2026-04-02 05:50:00,190.29,190.76,190.2,190.59,50376
2026-04-02 05:55:00,190.56,191.25,190.56,191.21,128927
2026-04-02 06:00:00,191.2,191.36,190.87,191.09,369090
2026-04-02 06:05:00,191.09,191.35,190.96,191.34,119251
2026-04-02 06:10:00,191.34,191.42,191.07,191.35,124951
2026-04-02 06:15:00,191.35,191.69,191.11,191.56,251250
2026-04-02 06:20:00,191.54,191.7,191.3,191.39,99780
2026-04-02 06:25:00,191.32,191.6,191.28,191.31,60873
2026-04-02 06:30:00,191.39,191.49,191.05,191.3,75063
2026-04-02 06:35:00,191.25,191.26,190.85,190.97,58846
2026-04-02 06:40:00,190.97,191.24,190.89,191.22,65689
2026-04-02 06:45:00,191.22,191.25,190.87,191.05,77314
2026-04-02 06:50:00,191.05,191.39,190.73,191.3,81552
2026-04-02 06:55:00,191.29,191.55,191.23,191.55,51960
2026-04-02 07:00:00,191.6,191.65,191.02,191.27,146898
2026-04-02 07:05:00,191.27,191.9,191.27,191.75,210895
2026-04-02 07:10:00,191.72,192.0,191.65,191.82,151043
2026-04-02 07:15:00,191.86,192.29,191.65,191.74,165154
2026-04-02 07:20:00,191.77,191.9,191.53,191.64,66650
2026-04-02 07:25:00,191.58,192.26,191.55,192.2,86189
2026-04-02 07:30:00,192.2,192.73,192.2,192.5,127859
2026-04-02 07:35:00,192.49,192.7,192.08,192.47,142787
2026-04-02 07:40:00,192.53,192.75,192.34,192.74,66252
2026-04-02 07:45:00,192.71,192.95,192.67,192.81,82309
2026-04-02 07:50:00,192.88,193.4,192.81,193.38,152245
2026-04-02 07:55:00,193.38,193.72,193.15,193.62,191927
2026-04-02 08:00:00,193.57,193.85,193.23,193.85,213046
2026-04-02 08:05:00,193.88,194.36,193.72,194.11,258719
2026-04-02 08:10:00,194.15,194.4,194.0,194.08,232503
2026-04-02 08:15:00,194.08,194.09,193.75,193.89,286139
2026-04-02 08:20:00,193.92,194.0,193.51,193.68,371649
2026-04-02 08:25:00,193.6,193.7,193.3,193.7,468869
2026-04-02 08:30:00,193.69,194.14,193.36,194.09,274062
2026-04-02 08:35:00,194.08,194.35,193.81,193.93,192241
2026-04-02 08:40:00,193.86,194.09,193.8,193.99,375932
2026-04-02 08:45:00,193.99,194.04,193.7,193.98,276166
2026-04-02 08:50:00,193.98,194.55,193.95,194.55,421761
2026-04-02 08:55:00,194.55,194.84,194.49,194.59,238258
2026-04-02 09:00:00,194.59,195.34,194.57,194.75,472654
2026-04-02 09:05:00,194.75,195.34,194.72,194.82,455490
2026-04-02 09:10:00,194.82,194.88,194.41,194.42,197269
2026-04-02 09:15:00,194.43,194.74,194.36,194.51,225244
2026-04-02 09:20:00,194.59,194.87,194.52,194.73,212243
2026-04-02 09:25:00,194.73,194.83,194.52,194.66,203618
2026-04-02 09:30:00,194.61,195.14,194.61,194.92,662305
2026-04-02 09:35:00,194.92,194.93,194.57,194.78,628292
2026-04-02 09:40:00,194.78,195.18,194.6,195.13,798019
2026-04-02 09:45:00,195.13,195.33,194.92,195.0,973423
2026-04-02 09:50:00,194.98,194.99,194.62,194.81,1060951
2026-04-02 09:55:00,194.83,195.0,194.72,194.8,608137
2026-04-06 03:45:00,197.0,200.85,197.0,199.16,1782971
2026-04-06 03:50:00,199.22,201.18,199.22,200.65,1478411
2026-04-06 03:55:00,200.64,200.64,199.36,199.54,722364
2026-04-06 04:00:00,199.58,199.73,198.48,198.68,625643
2026-04-06 04:05:00,198.63,199.18,198.07,198.24,528661
2026-04-06 04:10:00,198.22,198.23,196.63,196.98,1039046
2026-04-06 04:15:00,197.0,197.04,196.3,196.31,455887
2026-04-06 04:20:00,196.37,196.89,196.11,196.72,369710
2026-04-06 04:25:00,196.8,197.25,196.6,196.91,399541
2026-04-06 04:30:00,196.9,197.2,196.8,197.05,184489
2026-04-06 04:35:00,197.04,197.78,197.0,197.48,370226
2026-04-06 04:40:00,197.46,197.65,197.05,197.42,222764
2026-04-06 04:45:00,197.5,197.65,196.8,196.98,300203
2026-04-06 04:50:00,197.0,197.26,196.73,196.95,168556
2026-04-06 04:55:00,196.99,197.08,196.56,196.91,136837
2026-04-06 05:00:00,196.93,197.18,196.65,197.14,153132
2026-04-06 05:05:00,197.2,197.29,197.0,197.28,144606
2026-04-06 05:10:00,197.25,197.35,197.0,197.16,123617
2026-04-06 05:15:00,197.15,197.22,196.9,197.22,118259
2026-04-06 05:20:00,197.25,197.9,197.07,197.44,477680
2026-04-06 05:25:00,197.5,197.88,197.37,197.7,134432
2026-04-06 05:30:00,197.75,197.75,196.96,197.04,142475
2026-04-06 05:35:00,197.1,197.2,196.75,196.95,238734
2026-04-06 05:40:00,196.98,197.01,196.31,196.35,226992
2026-04-06 05:45:00,196.35,196.6,196.18,196.42,170411
2026-04-06 05:50:00,196.37,196.75,196.23,196.72,134218
2026-04-06 05:55:00,196.68,196.8,196.5,196.76,99212
2026-04-06 06:00:00,196.8,196.8,196.13,196.5,436713
2026-04-06 06:05:00,196.45,196.85,196.29,196.5,172114
2026-04-06 06:10:00,196.56,196.6,196.22,196.42,115016
2026-04-06 06:15:00,196.5,196.99,196.33,196.8,161325
2026-04-06 06:20:00,196.8,196.96,196.5,196.66,85026
2026-04-06 06:25:00,196.65,197.12,196.62,196.94,120295
2026-04-06 06:30:00,196.88,197.0,196.66,196.74,94415
2026-04-06 06:35:00,196.74,197.52,196.74,197.2,373637
2026-04-06 06:40:00,197.24,197.37,197.11,197.36,88239
2026-04-06 06:45:00,197.36,197.45,197.26,197.42,63313
2026-04-06 06:50:00,197.41,198.3,197.38,198.03,471345
2026-04-06 06:55:00,198.03,198.03,197.52,197.89,242385
2026-04-06 07:00:00,197.91,197.94,197.05,197.35,176822
2026-04-06 07:05:00,197.35,197.57,197.16,197.35,71035
2026-04-06 07:10:00,197.35,197.45,197.06,197.24,66822
2026-04-06 07:15:00,197.25,197.67,197.24,197.59,58233
2026-04-06 07:20:00,197.59,197.96,197.59,197.9,165611
2026-04-06 07:25:00,197.88,198.2,197.88,198.1,175779
2026-04-06 07:30:00,198.12,198.16,197.3,197.53,191040
2026-04-06 07:35:00,197.53,197.75,197.45,197.66,87264
2026-04-06 07:40:00,197.71,198.0,197.63,197.9,118575
2026-04-06 07:45:00,197.9,198.17,197.76,198.07,224833
2026-04-06 07:50:00,198.08,198.32,198.0,198.13,167452
2026-04-06 07:55:00,198.13,198.13,197.75,197.84,284264
2026-04-06 08:00:00,197.86,198.07,197.72,197.72,166582
2026-04-06 08:05:00,197.8,198.01,197.25,197.3,289159
2026-04-06 08:10:00,197.32,197.49,197.06,197.17,273536
2026-04-06 08:15:00,197.19,197.19,196.9,196.9,284447
2026-04-06 08:20:00,196.91,197.45,196.91,197.23,202617
2026-04-06 08:25:00,197.31,197.42,196.91,197.06,229706
2026-04-06 08:30:00,197.09,197.17,196.81,197.1,314591
2026-04-06 08:35:00,197.12,197.16,196.91,196.95,202710
2026-04-06 08:40:00,196.99,197.18,196.9,197.01,177309
2026-04-06 08:45:00,197.06,197.08,196.79,196.9,243095
2026-04-06 08:50:00,196.94,196.96,196.6,196.7,400712
2026-04-06 08:55:00,196.8,196.87,196.42,196.7,291674
2026-04-06 09:00:00,196.7,197.05,196.7,196.98,283542
2026-04-06 09:05:00,196.93,197.14,196.74,196.83,259191
2026-04-06 09:10:00,196.83,197.15,196.83,197.0,262656
2026-04-06 09:15:00,197.0,197.15,196.81,197.0,263693
2026-04-06 09:20:00,197.04,197.16,196.83,196.9,311319
2026-04-06 09:25:00,196.93,197.08,196.75,196.97,230876
2026-04-06 09:30:00,196.97,197.6,196.81,197.43,980082
2026-04-06 09:35:00,197.43,197.48,197.1,197.18,256925
2026-04-06 09:40:00,197.16,197.3,196.94,197.1,514451
2026-04-06 09:45:00,197.12,197.3,197.02,197.09,551841
2026-04-06 09:50:00,197.1,197.32,196.97,197.32,386113
2026-04-06 09:55:00,197.32,197.95,197.13,197.7,607718
2026-04-07 03:45:00,197.01,200.14,197.01,199.3,1253928
2026-04-07 03:50:00,199.33,200.34,199.21,199.92,581858
2026-04-07 03:55:00,199.98,200.99,199.98,200.9,533757
2026-04-07 04:00:00,200.9,202.4,200.9,202.02,1452568
2026-04-07 04:05:00,202.02,202.28,201.33,201.6,666883
2026-04-07 04:10:00,201.6,201.95,201.05,201.12,391734
2026-04-07 04:15:00,201.15,201.79,201.15,201.45,265167
2026-04-07 04:20:00,201.49,202.27,201.45,201.95,436644
2026-04-07 04:25:00,201.97,202.5,201.86,202.31,415671
2026-04-07 04:30:00,202.38,202.91,202.31,202.45,534523
2026-04-07 04:35:00,202.42,202.65,202.05,202.59,294736
2026-04-07 04:40:00,202.56,202.57,202.27,202.49,184107
2026-04-07 04:45:00,202.5,202.95,202.43,202.94,245374
2026-04-07 04:50:00,202.95,203.15,202.53,202.6,465475
2026-04-07 04:55:00,202.56,202.9,202.55,202.63,125677
2026-04-07 05:00:00,202.65,203.2,202.61,202.95,294294
2026-04-07 05:05:00,203.0,203.2,202.56,202.94,230587
2026-04-07 05:10:00,202.94,203.63,202.94,203.41,506462
2026-04-07 05:15:00,203.45,203.98,203.41,203.84,562800
2026-04-07 05:20:00,203.84,203.99,203.4,203.45,379678
2026-04-07 05:25:00,203.43,203.86,203.1,203.11,401644
2026-04-07 05:30:00,203.14,203.14,202.81,203.04,359796
2026-04-07 05:35:00,203.03,203.5,203.03,203.24,231606
2026-04-07 05:40:00,203.24,203.39,202.8,203.0,213559
2026-04-07 05:45:00,203.0,203.45,202.9,203.44,172477
2026-04-07 05:50:00,203.45,203.8,203.13,203.66,260364
2026-04-07 05:55:00,203.7,203.73,203.44,203.65,137320
2026-04-07 06:00:00,203.61,203.9,203.52,203.87,154961
2026-04-07 06:05:00,203.87,204.0,203.5,203.51,264757
2026-04-07 06:10:00,203.5,204.1,203.42,203.81,368244
2026-04-07 06:15:00,203.81,203.81,203.31,203.66,180110
2026-04-07 06:20:00,203.66,203.73,203.5,203.66,123940
2026-04-07 06:25:00,203.67,203.99,203.66,203.91,203019
2026-04-07 06:30:00,203.91,203.92,203.32,203.6,211227
2026-04-07 06:35:00,203.55,203.67,203.36,203.46,131530
2026-04-07 06:40:00,203.54,203.7,203.32,203.66,147435
2026-04-07 06:45:00,203.68,203.7,203.42,203.5,107337
2026-04-07 06:50:00,203.5,203.5,203.13,203.26,190206
2026-04-07 06:55:00,203.26,203.3,203.15,203.27,154364
2026-04-07 07:00:00,203.3,203.45,203.22,203.31,139292
2026-04-07 07:05:00,203.33,203.45,203.22,203.45,117864
2026-04-07 07:10:00,203.46,203.59,203.31,203.43,123550
2026-04-07 07:15:00,203.42,203.49,203.26,203.31,113092
2026-04-07 07:20:00,203.34,203.4,203.18,203.35,133068
2026-04-07 07:25:00,203.35,203.4,203.25,203.29,81029
2026-04-07 07:30:00,203.29,203.63,203.12,203.55,181916
2026-04-07 07:35:00,203.59,203.61,203.12,203.16,153390
2026-04-07 07:40:00,203.16,203.75,203.16,203.6,226363
2026-04-07 07:45:00,203.65,203.87,203.62,203.85,203490
2026-04-07 07:50:00,203.8,203.94,203.61,203.72,169115
2026-04-07 07:55:00,203.72,203.8,203.58,203.8,88500
2026-04-07 08:00:00,203.79,204.24,203.78,204.1,414229
2026-04-07 08:05:00,204.1,204.2,204.0,204.16,162211
2026-04-07 08:10:00,204.16,204.48,204.03,204.32,330376
2026-04-07 08:15:00,204.32,204.39,203.95,204.05,277060
2026-04-07 08:20:00,204.01,204.12,203.77,204.06,210065
2026-04-07 08:25:00,204.1,204.12,203.56,203.74,195571
2026-04-07 08:30:00,203.78,204.18,203.75,204.1,150992
2026-04-07 08:35:00,204.1,204.14,203.93,203.99,154032
2026-04-07 08:40:00,204.06,204.11,203.85,203.99,151122
2026-04-07 08:45:00,203.93,204.07,203.8,203.8,116333
2026-04-07 08:50:00,203.8,203.9,203.5,203.67,283874
2026-04-07 08:55:00,203.7,203.9,203.67,203.76,177745
2026-04-07 09:00:00,203.75,204.0,203.74,203.9,225481
2026-04-07 09:05:00,203.93,203.97,203.54,203.72,192117
2026-04-07 09:10:00,203.73,203.97,203.73,203.88,170404
2026-04-07 09:15:00,203.88,204.1,203.76,203.99,263792
2026-04-07 09:20:00,204.03,204.19,203.94,204.19,322660
2026-04-07 09:25:00,204.14,204.35,204.14,204.24,332743
2026-04-07 09:30:00,204.26,204.55,204.05,204.52,620005
2026-04-07 09:35:00,204.54,204.8,204.54,204.75,638293
2026-04-07 09:40:00,204.72,204.77,204.5,204.75,678740
2026-04-07 09:45:00,204.75,204.9,204.52,204.84,1130903
2026-04-07 09:50:00,204.9,205.0,204.72,204.92,1083113
2026-04-07 09:55:00,204.96,205.27,204.41,204.6,853680
2026-04-08 03:45:00,207.7,209.0,205.0,205.8,1855464
2026-04-08 03:50:00,205.79,205.84,204.25,204.72,1165882
2026-04-08 03:55:00,204.74,205.0,203.75,204.15,922918
2026-04-08 04:00:00,204.0,204.2,203.5,203.72,799213
2026-04-08 04:05:00,203.79,204.17,203.53,203.84,450348
2026-04-08 04:10:00,203.82,204.49,203.6,204.2,528414
2026-04-08 04:15:00,204.2,204.46,203.8,204.0,412589
2026-04-08 04:20:00,204.02,204.25,203.54,203.82,579193
2026-04-08 04:25:00,203.82,203.97,203.38,203.69,423072
2026-04-08 04:30:00,203.69,203.85,203.46,203.53,220015
2026-04-08 04:35:00,203.51,203.8,203.45,203.74,279093
2026-04-08 04:40:00,203.71,203.74,203.01,203.57,317368
2026-04-08 04:45:00,203.57,203.6,203.04,203.2,256385
2026-04-08 04:50:00,203.21,203.6,203.06,203.21,240088
2026-04-08 04:55:00,203.23,203.74,203.22,203.58,267970
2026-04-08 05:00:00,203.64,203.9,203.45,203.83,201335
2026-04-08 05:05:00,203.94,204.5,203.85,203.96,395928
2026-04-08 05:10:00,203.92,204.34,203.91,204.29,286582
2026-04-08 05:15:00,204.35,204.5,204.0,204.12,292771
2026-04-08 05:20:00,204.15,204.18,203.55,203.95,246215
2026-04-08 05:25:00,203.91,204.38,203.79,204.3,182311
2026-04-08 05:30:00,204.37,204.38,204.0,204.06,403235
2026-04-08 05:35:00,204.06,204.11,203.65,203.72,174620
2026-04-08 05:40:00,203.72,203.94,203.5,203.71,215536
2026-04-08 05:45:00,203.81,203.83,203.51,203.55,178084
2026-04-08 05:50:00,203.58,203.7,203.4,203.44,224143
2026-04-08 05:55:00,203.45,203.54,203.38,203.42,156982
2026-04-08 06:00:00,203.42,203.58,203.2,203.56,287245
2026-04-08 06:05:00,203.51,203.85,203.35,203.64,132683
2026-04-08 06:10:00,203.64,203.67,203.45,203.61,119938
2026-04-08 06:15:00,203.61,203.99,203.61,203.81,112425
2026-04-08 06:20:00,203.82,203.82,203.21,203.3,177263
2026-04-08 06:25:00,203.33,203.74,203.28,203.5,226864
2026-04-08 06:30:00,203.56,203.56,203.39,203.55,68272
2026-04-08 06:35:00,203.51,203.64,203.4,203.6,138643
2026-04-08 06:40:00,203.52,203.6,203.38,203.49,74581
2026-04-08 06:45:00,203.49,203.78,203.45,203.67,79490
2026-04-08 06:50:00,203.73,203.74,203.4,203.43,152398
2026-04-08 06:55:00,203.48,203.61,203.33,203.51,94466
2026-04-08 07:00:00,203.51,203.58,203.25,203.31,201286
2026-04-08 07:05:00,203.31,203.45,203.17,203.32,113947
2026-04-08 07:10:00,203.3,203.5,203.12,203.45,130693
2026-04-08 07:15:00,203.48,203.55,203.39,203.49,79867
2026-04-08 07:20:00,203.46,203.5,203.3,203.35,97477
2026-04-08 07:25:00,203.36,203.6,203.25,203.51,99023
2026-04-08 07:30:00,203.51,203.56,203.34,203.45,92643
2026-04-08 07:35:00,203.43,203.55,203.3,203.47,81608
2026-04-08 07:40:00,203.48,203.71,203.38,203.6,121023
2026-04-08 07:45:00,203.6,203.98,203.59,203.73,152711
2026-04-08 07:50:00,203.73,203.73,203.61,203.67,56185
2026-04-08 07:55:00,203.69,203.77,203.43,203.64,104137
2026-04-08 08:00:00,203.65,203.74,203.52,203.67,103774
2026-04-08 08:05:00,203.6,204.18,203.59,204.0,512058
2026-04-08 08:10:00,203.96,203.96,203.42,203.42,182923
2026-04-08 08:15:00,203.49,203.7,203.4,203.65,53298
2026-04-08 08:20:00,203.7,203.7,203.41,203.6,91146
2026-04-08 08:25:00,203.6,203.66,203.45,203.58,80176
2026-04-08 08:30:00,203.58,203.58,203.21,203.28,162621
2026-04-08 08:35:00,203.29,203.29,203.0,203.2,390196
2026-04-08 08:40:00,203.2,203.2,202.8,202.98,269678
2026-04-08 08:45:00,203.0,203.15,202.9,203.09,171488
2026-04-08 08:50:00,203.1,203.28,202.9,203.12,137238
2026-04-08 08:55:00,203.12,203.24,203.04,203.12,129908
2026-04-08 09:00:00,203.12,203.47,203.05,203.18,122351
2026-04-08 09:05:00,203.18,203.34,203.11,203.25,73879
2026-04-08 09:10:00,203.25,203.27,203.1,203.25,86702
2026-04-08 09:15:00,203.25,203.29,203.0,203.11,148331
2026-04-08 09:20:00,203.18,203.23,203.01,203.07,154178
2026-04-08 09:25:00,203.1,203.25,203.05,203.17,178527
2026-04-08 09:30:00,203.17,203.32,202.9,203.1,505327
2026-04-08 09:35:00,203.1,203.29,203.03,203.11,490030
2026-04-08 09:40:00,203.12,203.41,203.04,203.3,949534
2026-04-08 09:45:00,203.3,204.09,203.15,203.65,1143574
2026-04-08 09:50:00,203.58,203.74,203.49,203.56,520577
2026-04-08 09:55:00,203.6,203.65,203.2,203.5,613676
2026-04-09 03:45:00,203.71,204.0,201.63,202.64,893449
2026-04-09 03:50:00,202.71,203.55,202.51,203.55,470915
2026-04-09 03:55:00,203.6,203.66,203.38,203.5,337705
2026-04-09 04:00:00,203.5,203.57,202.8,202.95,189657
2026-04-09 04:05:00,202.93,203.19,202.6,202.92,229875
2026-04-09 04:10:00,203.01,203.02,202.31,202.43,138181
2026-04-09 04:15:00,202.42,202.74,202.32,202.6,113856
2026-04-09 04:20:00,202.6,202.87,202.46,202.72,118221
2026-04-09 04:25:00,202.75,202.8,202.14,202.24,108918
2026-04-09 04:30:00,202.16,202.5,202.02,202.27,90290
2026-04-09 04:35:00,202.27,202.43,202.14,202.36,163124
2026-04-09 04:40:00,202.39,202.67,202.38,202.55,99105
2026-04-09 04:45:00,202.5,202.97,202.4,202.85,88843
2026-04-09 04:50:00,202.86,202.99,202.52,202.75,102264
2026-04-09 04:55:00,202.8,202.8,202.4,202.72,62990
2026-04-09 05:00:00,202.76,202.84,202.55,202.74,86152
2026-04-09 05:05:00,202.78,202.86,202.57,202.78,73697
2026-04-09 05:10:00,202.79,203.15,202.62,203.15,89489
2026-04-09 05:15:00,203.12,203.4,202.97,203.28,103537
2026-04-09 05:20:00,203.3,203.31,203.07,203.25,54807
2026-04-09 05:25:00,203.25,203.5,203.17,203.24,129105
2026-04-09 05:30:00,203.24,203.44,203.14,203.35,119251
2026-04-09 05:35:00,203.34,203.69,203.2,203.5,130175
2026-04-09 05:40:00,203.5,203.58,203.32,203.5,109168
2026-04-09 05:45:00,203.55,203.68,203.01,203.05,109042
2026-04-09 05:50:00,203.1,203.35,203.03,203.35,67084
2026-04-09 05:55:00,203.35,203.61,203.21,203.61,87173
2026-04-09 06:00:00,203.61,203.87,203.6,203.74,118858
2026-04-09 06:05:00,203.71,203.71,203.46,203.68,129883
2026-04-09 06:10:00,203.68,203.79,203.61,203.77,73580
2026-04-09 06:15:00,203.72,204.16,203.67,204.0,180049
2026-04-09 06:20:00,204.01,204.03,203.73,203.81,91014
2026-04-09 06:25:00,203.9,204.07,203.74,203.96,122664
2026-04-09 06:30:00,203.96,204.15,203.83,203.83,101796
2026-04-09 06:35:00,203.88,204.09,203.71,203.99,79475
2026-04-09 06:40:00,203.99,204.1,203.8,203.81,64328
2026-04-09 06:45:00,203.85,203.9,203.71,203.8,88016
2026-04-09 06:50:00,203.75,203.85,203.4,203.48,115752
2026-04-09 06:55:00,203.5,203.69,203.28,203.58,92301
2026-04-09 07:00:00,203.52,203.74,203.5,203.65,62770
2026-04-09 07:05:00,203.7,203.8,203.6,203.64,120953
2026-04-09 07:10:00,203.64,203.7,203.5,203.62,80564
2026-04-09 07:15:00,203.64,203.64,203.24,203.37,79170
2026-04-09 07:20:00,203.37,203.6,203.11,203.44,117471
2026-04-09 07:25:00,203.49,203.67,203.41,203.57,86822
2026-04-09 07:30:00,203.6,203.67,203.28,203.55,86771
2026-04-09 07:35:00,203.5,203.5,203.25,203.39,82632
2026-04-09 07:40:00,203.4,203.5,203.3,203.45,98191
2026-04-09 07:45:00,203.45,203.5,203.08,203.15,147409
2026-04-09 07:50:00,203.16,203.23,202.83,202.95,144987
2026-04-09 07:55:00,202.99,203.13,202.87,203.03,153510
2026-04-09 08:00:00,203.02,203.21,203.0,203.06,197864
2026-04-09 08:05:00,203.06,203.34,203.06,203.23,177350
2026-04-09 08:10:00,203.23,203.24,202.62,202.76,232162
2026-04-09 08:15:00,202.75,202.9,202.63,202.84,88328
2026-04-09 08:20:00,202.84,203.05,202.66,202.81,89205
2026-04-09 08:25:00,202.75,202.88,202.58,202.69,120106
2026-04-09 08:30:00,202.6,202.85,202.6,202.75,100797
2026-04-09 08:35:00,202.7,202.86,202.6,202.71,125311
2026-04-09 08:40:00,202.71,202.91,202.6,202.86,236585
2026-04-09 08:45:00,202.87,202.91,202.7,202.74,110380
2026-04-09 08:50:00,202.74,202.84,202.0,202.1,249873
2026-04-09 08:55:00,202.05,202.15,201.8,201.94,304547
2026-04-09 09:00:00,201.99,202.2,201.8,202.09,220802
2026-04-09 09:05:00,202.09,202.3,202.04,202.09,303290
2026-04-09 09:10:00,202.1,202.56,202.0,202.48,282183
2026-04-09 09:15:00,202.48,202.63,202.4,202.46,130656
2026-04-09 09:20:00,202.51,202.75,202.4,202.7,168275
2026-04-09 09:25:00,202.69,202.78,202.42,202.72,290767
2026-04-09 09:30:00,202.75,202.98,202.58,202.69,856743
2026-04-09 09:35:00,202.72,203.04,202.6,202.87,695301
2026-04-09 09:40:00,202.92,202.97,202.59,202.75,704137
2026-04-09 09:45:00,202.77,202.82,202.72,202.77,588380
2026-04-09 09:50:00,202.76,203.32,202.75,203.31,735995
2026-04-09 09:55:00,203.31,203.34,202.64,203.18,605052
2026-04-10 03:45:00,208.7,208.7,205.5,206.34,6102575
2026-04-10 03:50:00,206.34,206.61,205.53,206.17,1726860
2026-04-10 03:55:00,206.1,206.19,205.0,205.73,2036259
2026-04-10 04:00:00,205.75,206.2,205.22,205.85,1665154
2026-04-10 04:05:00,205.85,205.85,205.17,205.38,1139110
2026-04-10 04:10:00,205.34,205.5,204.0,204.13,3024595
2026-04-10 04:15:00,204.15,204.58,203.5,203.87,1180060
2026-04-10 04:20:00,203.9,204.44,203.85,204.16,531603
2026-04-10 04:25:00,204.15,204.38,203.71,204.09,630715
2026-04-10 04:30:00,204.18,204.35,203.15,203.87,942205
2026-04-10 04:35:00,203.88,203.88,203.15,203.34,582714
2026-04-10 04:40:00,203.34,203.59,203.27,203.53,529057
2026-04-10 04:45:00,203.53,203.58,203.16,203.18,530661
2026-04-10 04:50:00,203.2,203.55,203.13,203.49,367302
2026-04-10 04:55:00,203.5,203.55,203.01,203.39,691215
2026-04-10 05:00:00,203.39,203.55,203.15,203.23,346115
2026-04-10 05:05:00,203.25,203.49,203.18,203.49,229445
2026-04-10 05:10:00,203.49,203.5,202.75,202.75,718027
2026-04-10 05:15:00,202.89,202.89,201.93,202.0,1512402
2026-04-10 05:20:00,202.05,202.11,201.41,201.7,1170811
2026-04-10 05:25:00,201.72,201.8,201.25,201.44,796080
2026-04-10 05:30:00,201.44,201.45,200.86,201.0,865577
2026-04-10 05:35:00,201.0,201.0,200.62,201.0,530035
2026-04-10 05:40:00,201.0,201.22,200.83,201.04,391414
2026-04-10 05:45:00,201.08,201.15,200.81,200.93,369256
2026-04-10 05:50:00,200.93,201.0,200.9,200.99,307716
2026-04-10 05:55:00,200.99,201.0,200.85,200.99,234698
2026-04-10 06:00:00,200.99,201.59,200.96,201.58,468939
2026-04-10 06:05:00,201.58,201.67,201.3,201.32,385633
2026-04-10 06:10:00,201.35,201.5,201.3,201.4,183153
2026-04-10 06:15:00,201.42,201.6,201.3,201.3,186721
2026-04-10 06:20:00,201.31,201.51,201.31,201.4,181200
2026-04-10 06:25:00,201.44,201.6,201.36,201.5,174333
2026-04-10 06:30:00,201.5,201.69,201.3,201.54,239805
2026-04-10 06:35:00,201.59,201.78,201.5,201.61,233476
2026-04-10 06:40:00,201.61,201.95,201.6,201.95,247458
2026-04-10 06:45:00,201.93,202.16,201.93,202.05,347178
2026-04-10 06:50:00,202.12,202.2,201.84,202.16,333009
2026-04-10 06:55:00,202.2,202.25,201.85,202.0,273759
2026-04-10 07:00:00,202.02,202.14,201.95,202.08,157082
2026-04-10 07:05:00,202.09,202.99,202.08,202.96,627574
2026-04-10 07:10:00,202.98,203.28,202.93,203.1,485784
2026-04-10 07:15:00,203.07,203.45,203.06,203.3,589797
2026-04-10 07:20:00,203.3,203.31,202.95,203.3,387254
2026-04-10 07:25:00,203.31,203.78,203.31,203.73,577018
2026-04-10 07:30:00,203.72,203.8,203.5,203.58,312175
2026-04-10 07:35:00,203.58,203.75,203.49,203.64,219375
2026-04-10 07:40:00,203.64,203.69,203.36,203.66,525898
2026-04-10 07:45:00,203.66,203.79,203.52,203.56,207776
2026-04-10 07:50:00,203.59,203.75,203.44,203.7,223770
2026-04-10 07:55:00,203.62,203.79,203.54,203.72,188911
2026-04-10 08:00:00,203.73,203.91,203.64,203.82,357936
2026-04-10 08:05:00,203.81,203.9,203.62,203.75,230460
2026-04-10 08:10:00,203.78,203.85,203.66,203.73,193811
2026-04-10 08:15:00,203.74,203.8,203.5,203.52,208417
2026-04-10 08:20:00,203.56,203.58,203.28,203.45,416429
2026-04-10 08:25:00,203.45,203.49,203.28,203.49,186830
2026-04-10 08:30:00,203.49,203.55,203.29,203.3,175031
2026-04-10 08:35:00,203.32,203.5,203.3,203.35,148138
2026-04-10 08:40:00,203.35,203.6,203.17,203.47,239159
2026-04-10 08:45:00,203.45,203.55,202.75,203.5,719150
2026-04-10 08:50:00,203.48,203.53,203.14,203.21,234322
2026-04-10 08:55:00,203.1,203.31,203.02,203.28,376261
2026-04-10 09:00:00,203.24,203.4,203.15,203.36,374751
2026-04-10 09:05:00,203.34,203.35,203.2,203.31,293733
2026-04-10 09:10:00,203.31,204.16,203.25,204.09,687292
2026-04-10 09:15:00,204.09,204.39,203.87,204.0,1022807
2026-04-10 09:20:00,204.0,204.6,203.94,204.56,1023347
2026-04-10 09:25:00,204.56,204.6,204.22,204.25,703200
2026-04-10 09:30:00,204.34,204.7,204.33,204.7,906663
2026-04-10 09:35:00,204.7,205.1,204.69,205.0,967965
2026-04-10 09:40:00,205.06,205.23,204.94,205.02,1198679
2026-04-10 09:45:00,205.02,205.09,204.84,205.02,1055885
2026-04-10 09:50:00,205.06,205.1,204.77,204.9,1025324
2026-04-10 09:55:00,204.9,204.9,204.5,204.7,767543
2026-04-13 03:45:00,203.01,203.4,201.4,201.64,1383597
2026-04-13 03:50:00,201.74,201.99,201.32,201.56,1308383
2026-04-13 03:55:00,201.55,201.61,201.26,201.52,504186
2026-04-13 04:00:00,201.48,201.5,201.15,201.38,401013
2026-04-13 04:05:00,201.33,201.34,200.31,200.7,952430
2026-04-13 04:10:00,200.7,201.57,200.65,201.26,477702
2026-04-13 04:15:00,201.3,201.49,201.1,201.43,248275
2026-04-13 04:20:00,201.48,201.8,201.43,201.55,355440
2026-04-13 04:25:00,201.55,201.82,201.51,201.54,239813
2026-04-13 04:30:00,201.55,201.7,201.35,201.48,436299
2026-04-13 04:35:00,201.48,201.77,201.31,201.53,306474
2026-04-13 04:40:00,201.55,201.95,201.43,201.54,378763
2026-04-13 04:45:00,201.54,201.58,201.32,201.5,381118
2026-04-13 04:50:00,201.46,201.81,201.46,201.68,406614
2026-04-13 04:55:00,201.68,202.0,201.68,201.95,264984
2026-04-13 05:00:00,201.95,202.1,201.65,201.7,249957
2026-04-13 05:05:00,201.69,201.8,201.53,201.8,185213
2026-04-13 05:10:00,201.8,201.9,201.61,201.78,171945
2026-04-13 05:15:00,201.78,202.25,201.75,202.14,254455
2026-04-13 05:20:00,202.15,202.3,202.0,202.05,211017
2026-04-13 05:25:00,202.07,202.2,201.81,201.91,302978
2026-04-13 05:30:00,201.99,202.69,201.91,202.57,264381
2026-04-13 05:35:00,202.57,202.57,202.17,202.47,211323
2026-04-13 05:40:00,202.49,202.55,202.26,202.39,128010
2026-04-13 05:45:00,202.4,202.45,202.25,202.43,139728
2026-04-13 05:50:00,202.4,202.68,202.25,202.43,231522
2026-04-13 05:55:00,202.5,202.75,202.43,202.71,252523
2026-04-13 06:00:00,202.73,202.75,202.45,202.54,151878
2026-04-13 06:05:00,202.52,202.54,202.33,202.36,150706
2026-04-13 06:10:00,202.39,202.44,202.15,202.31,166601
2026-04-13 06:15:00,202.32,202.4,202.18,202.33,97794
2026-04-13 06:20:00,202.35,202.7,202.35,202.65,190990
2026-04-13 06:25:00,202.65,202.68,202.25,202.38,129960
2026-04-13 06:30:00,202.39,202.41,202.11,202.36,182430
2026-04-13 06:35:00,202.35,202.39,202.1,202.19,133709
2026-04-13 06:40:00,202.16,202.21,202.1,202.14,126713
2026-04-13 06:45:00,202.14,202.29,202.01,202.22,188952
2026-04-13 06:50:00,202.22,202.29,202.02,202.25,125770
2026-04-13 06:55:00,202.25,202.49,202.2,202.47,111677
2026-04-13 07:00:00,202.47,202.6,202.25,202.47,176273
2026-04-13 07:05:00,202.5,202.5,202.36,202.45,97913
2026-04-13 07:10:00,202.46,202.67,202.32,202.55,218868
2026-04-13 07:15:00,202.5,202.55,202.32,202.45,141076
2026-04-13 07:20:00,202.41,202.6,202.4,202.42,131015
2026-04-13 07:25:00,202.45,202.5,202.2,202.44,187836
2026-04-13 07:30:00,202.43,202.49,202.15,202.28,117457
2026-04-13 07:35:00,202.29,202.55,202.2,202.51,92443
2026-04-13 07:40:00,202.46,202.7,202.45,202.65,149634
2026-04-13 07:45:00,202.65,202.72,202.41,202.53,163733
2026-04-13 07:50:00,202.54,202.72,202.41,202.71,103049
2026-04-13 07:55:00,202.71,202.95,202.69,202.94,173044
2026-04-13 08:00:00,202.94,202.95,202.74,202.8,103736
2026-04-13 08:05:00,202.83,202.92,202.75,202.85,221733
2026-04-13 08:10:00,202.85,202.95,202.81,202.92,187842
2026-04-13 08:15:00,202.93,202.99,202.84,202.93,162920
2026-04-13 08:20:00,202.95,203.14,202.91,203.1,250384
2026-04-13 08:25:00,203.1,203.2,203.0,203.1,161524
2026-04-13 08:30:00,203.1,203.15,202.8,202.89,356478
2026-04-13 08:35:00,202.9,202.9,202.3,202.34,189436
2026-04-13 08:40:00,202.34,202.34,202.1,202.14,221795
2026-04-13 08:45:00,202.16,202.35,202.05,202.35,258519
2026-04-13 08:50:00,202.35,202.48,202.27,202.41,160862
2026-04-13 08:55:00,202.4,202.64,202.27,202.53,204069
2026-04-13 09:00:00,202.53,202.75,202.5,202.61,184252
2026-04-13 09:05:00,202.57,202.75,202.35,202.37,486817
2026-04-13 09:10:00,202.39,202.5,202.2,202.43,378845
2026-04-13 09:15:00,202.42,202.77,202.4,202.73,177012
2026-04-13 09:20:00,202.75,202.79,202.55,202.68,181524
2026-04-13 09:25:00,202.68,202.79,202.58,202.72,185031
2026-04-13 09:30:00,202.69,203.2,202.69,202.99,586729
2026-04-13 09:35:00,202.98,203.14,202.7,202.73,465424
2026-04-13 09:40:00,202.71,203.0,202.7,202.87,428475
2026-04-13 09:45:00,202.88,203.14,202.83,203.1,562109
2026-04-13 09:50:00,203.09,203.09,203.0,203.05,600736
2026-04-13 09:55:00,203.05,203.08,202.9,202.99,714653
2026-04-15 03:45:00,206.5,207.34,205.1,207.16,2183160
2026-04-15 03:50:00,207.19,207.99,207.14,207.84,1214955
2026-04-15 03:55:00,207.83,208.35,207.7,207.9,984831
2026-04-15 04:00:00,207.97,208.0,207.05,207.09,713333
2026-04-15 04:05:00,207.05,207.15,206.82,207.1,603083
2026-04-15 04:10:00,207.12,208.0,207.0,207.87,666428
2026-04-15 04:15:00,207.87,208.22,207.83,207.96,480903
2026-04-15 04:20:00,207.96,208.09,207.51,207.86,333153
2026-04-15 04:25:00,207.84,208.16,207.81,207.89,381441
2026-04-15 04:30:00,207.89,208.22,207.6,208.0,503618
2026-04-15 04:35:00,208.09,208.13,207.5,207.9,334026
2026-04-15 04:40:00,207.91,208.13,207.83,207.92,280365
2026-04-15 04:45:00,207.91,208.12,207.91,208.0,321099
2026-04-15 04:50:00,208.02,208.07,207.57,207.7,353774
2026-04-15 04:55:00,207.71,207.84,207.48,207.68,242012
2026-04-15 05:00:00,207.65,208.23,207.64,208.2,309602
2026-04-15 05:05:00,208.2,208.2,207.8,207.99,262438
2026-04-15 05:10:00,208.0,208.14,207.85,207.87,322247
2026-04-15 05:15:00,207.9,208.04,207.45,207.55,305988
2026-04-15 05:20:00,207.45,207.54,206.99,207.09,481697
2026-04-15 05:25:00,207.11,207.39,207.11,207.38,275535
2026-04-15 05:30:00,207.37,207.51,207.3,207.34,193058
2026-04-15 05:35:00,207.36,207.36,207.01,207.09,249426
2026-04-15 05:40:00,207.13,207.45,206.9,207.34,257041
2026-04-15 05:45:00,207.31,207.45,207.15,207.27,149784
2026-04-15 05:50:00,207.27,207.37,207.08,207.35,120773
2026-04-15 05:55:00,207.36,207.4,207.17,207.31,95603
2026-04-15 06:00:00,207.3,207.37,207.01,207.08,131549
2026-04-15 06:05:00,207.08,207.35,207.01,207.3,192507
2026-04-15 06:10:00,207.3,207.8,207.3,207.8,186871
2026-04-15 06:15:00,207.8,207.96,207.7,207.85,170047
2026-04-15 06:20:00,207.84,207.96,207.74,207.89,197403
2026-04-15 06:25:00,207.88,207.98,207.75,207.86,221169
2026-04-15 06:30:00,207.85,207.88,207.6,207.84,128166
2026-04-15 06:35:00,207.84,207.99,207.75,207.98,280731
2026-04-15 06:40:00,207.99,208.1,207.94,208.09,229446
2026-04-15 06:45:00,208.05,208.45,208.03,208.36,325898
2026-04-15 06:50:00,208.39,208.6,208.28,208.55,255916
2026-04-15 06:55:00,208.6,208.69,208.34,208.39,233697
2026-04-15 07:00:00,208.39,208.65,208.37,208.6,131077
2026-04-15 07:05:00,208.59,209.19,208.59,209.1,692860
2026-04-15 07:10:00,209.1,209.36,209.07,209.29,330202
2026-04-15 07:15:00,209.3,209.31,209.05,209.23,206513
2026-04-15 07:20:00,209.24,209.39,209.05,209.1,202931
2026-04-15 07:25:00,209.06,209.11,208.86,208.87,205511
2026-04-15 07:30:00,208.87,209.24,208.79,209.06,211808
2026-04-15 07:35:00,209.06,209.15,209.03,209.1,117573
2026-04-15 07:40:00,209.13,209.14,209.0,209.06,114640
2026-04-15 07:45:00,209.1,209.3,208.95,209.29,214037
2026-04-15 07:50:00,209.29,209.3,208.93,209.22,218008
2026-04-15 07:55:00,209.15,209.24,208.97,209.07,394081
2026-04-15 08:00:00,209.11,209.5,209.07,209.45,259638
2026-04-15 08:05:00,209.4,209.59,209.22,209.3,341243
2026-04-15 08:10:00,209.3,209.63,209.28,209.63,171868
2026-04-15 08:15:00,209.63,209.75,209.59,209.74,247011
2026-04-15 08:20:00,209.74,209.75,209.57,209.65,167394
2026-04-15 08:25:00,209.67,209.99,209.65,209.98,397848
2026-04-15 08:30:00,209.98,209.99,209.86,209.99,214568
2026-04-15 08:35:00,209.98,210.21,209.97,210.11,436733
2026-04-15 08:40:00,210.15,210.49,210.0,210.03,825885
2026-04-15 08:45:00,210.05,210.09,209.76,209.87,408006
2026-04-15 08:50:00,209.87,209.95,209.67,209.69,231101
2026-04-15 08:55:00,209.73,209.91,209.66,209.7,209867
2026-04-15 09:00:00,209.69,209.89,209.65,209.87,251546
2026-04-15 09:05:00,209.86,209.9,209.63,209.65,245524
2026-04-15 09:10:00,209.65,209.83,209.6,209.7,188911
2026-04-15 09:15:00,209.68,209.77,209.51,209.61,292180
2026-04-15 09:20:00,209.64,209.7,209.51,209.59,271194
2026-04-15 09:25:00,209.56,209.9,209.56,209.74,350481
2026-04-15 09:30:00,209.72,209.74,209.5,209.67,528940
2026-04-15 09:35:00,209.7,209.89,209.5,209.79,471743
2026-04-15 09:40:00,209.8,209.8,209.56,209.71,503454
2026-04-15 09:45:00,209.7,209.9,209.63,209.83,707647
2026-04-15 09:50:00,209.74,209.89,209.65,209.81,718340
2026-04-15 09:55:00,209.82,210.0,209.75,210.0,850426
2026-04-16 03:45:00,212.98,212.98,210.39,211.39,3495656
2026-04-16 03:50:00,211.29,212.58,211.22,212.45,1458297
2026-04-16 03:55:00,212.5,212.68,211.5,211.74,1124756
2026-04-16 04:00:00,211.71,211.78,210.31,210.75,1461169
2026-04-16 04:05:00,210.76,211.15,210.5,211.07,817672
2026-04-16 04:10:00,211.04,211.44,210.81,211.3,1076773
2026-04-16 04:15:00,211.31,211.31,210.51,210.56,766777
2026-04-16 04:20:00,210.6,211.3,210.42,210.7,799603
2026-04-16 04:25:00,210.76,210.8,210.29,210.41,640870
2026-04-16 04:30:00,210.47,210.54,210.0,210.36,635183
2026-04-16 04:35:00,210.3,210.33,209.76,209.9,823698
2026-04-16 04:40:00,209.9,210.09,209.24,209.46,686353
2026-04-16 04:45:00,209.43,209.71,209.25,209.33,566282
2026-04-16 04:50:00,209.33,209.33,208.88,209.06,654519
2026-04-16 04:55:00,209.06,209.3,208.75,209.22,454397
2026-04-16 05:00:00,209.31,209.47,209.1,209.1,303515
2026-04-16 05:05:00,209.08,209.38,208.9,208.98,362051
2026-04-16 05:10:00,208.9,209.46,208.88,209.3,306312
2026-04-16 05:15:00,209.3,209.41,209.1,209.19,273595
2026-04-16 05:20:00,209.16,209.22,208.9,209.01,337046
2026-04-16 05:25:00,209.06,209.22,208.9,209.2,271621
2026-04-16 05:30:00,209.2,209.57,209.1,209.3,284483
2026-04-16 05:35:00,209.38,209.8,209.15,209.58,313259
2026-04-16 05:40:00,209.52,209.6,209.4,209.57,159865
2026-04-16 05:45:00,209.52,209.68,209.34,209.65,208122
2026-04-16 05:50:00,209.65,209.79,209.31,209.45,234672
2026-04-16 05:55:00,209.45,209.47,209.15,209.25,289326
2026-04-16 06:00:00,209.25,209.34,209.02,209.2,240132
2026-04-16 06:05:00,209.24,209.28,209.07,209.26,149873
2026-04-16 06:10:00,209.25,209.34,209.1,209.18,217900
2026-04-16 06:15:00,209.09,209.17,208.6,209.0,583448
2026-04-16 06:20:00,209.05,209.07,208.83,208.94,168076
2026-04-16 06:25:00,208.94,209.16,208.75,208.78,571369
2026-04-16 06:30:00,208.72,208.75,208.25,208.31,444181
2026-04-16 06:35:00,208.27,208.9,208.21,208.79,205529
2026-04-16 06:40:00,208.79,209.08,208.75,208.93,218435
2026-04-16 06:45:00,208.93,209.11,208.8,209.09,175563
2026-04-16 06:50:00,209.09,209.18,209.0,209.12,100000
2026-04-16 06:55:00,209.12,209.19,209.01,209.14,70151
2026-04-16 07:00:00,209.14,209.3,209.05,209.14,140787
2026-04-16 07:05:00,209.14,209.24,209.01,209.24,175061
2026-04-16 07:10:00,209.17,209.55,209.1,209.26,204399
2026-04-16 07:15:00,209.24,209.35,209.11,209.19,106172
2026-04-16 07:20:00,209.19,209.54,209.19,209.41,139643
2026-04-16 07:25:00,209.42,209.54,209.21,209.5,113311
2026-04-16 07:30:00,209.5,209.53,209.34,209.45,72101
2026-04-16 07:35:00,209.48,209.74,209.12,209.21,283607
2026-04-16 07:40:00,209.2,209.59,209.1,209.5,162238
2026-04-16 07:45:00,209.53,209.75,209.5,209.68,248926
2026-04-16 07:50:00,209.73,209.85,209.11,209.16,259130
2026-04-16 07:55:00,209.11,209.45,209.1,209.35,104415
2026-04-16 08:00:00,209.36,209.74,209.31,209.62,368548
2026-04-16 08:05:00,209.62,209.88,209.5,209.86,143460
2026-04-16 08:10:00,209.82,210.0,209.75,209.85,182749
2026-04-16 08:15:00,209.85,210.19,209.77,210.1,262393
2026-04-16 08:20:00,210.1,210.36,210.09,210.35,201395
2026-04-16 08:25:00,210.35,210.49,210.13,210.48,205981
2026-04-16 08:30:00,210.46,210.49,210.16,210.22,208343
2026-04-16 08:35:00,210.22,210.3,210.08,210.25,149154
2026-04-16 08:40:00,210.2,210.4,210.2,210.24,110866
2026-04-16 08:45:00,210.27,210.39,210.2,210.25,234429
2026-04-16 08:50:00,210.25,210.36,210.05,210.11,306536
2026-04-16 08:55:00,210.05,210.28,209.8,210.07,311333
2026-04-16 09:00:00,209.99,210.35,209.99,210.25,165780
2026-04-16 09:05:00,210.24,210.33,210.13,210.3,168054
2026-04-16 09:10:00,210.31,210.6,210.31,210.44,372034
2026-04-16 09:15:00,210.44,210.57,210.3,210.5,354548
2026-04-16 09:20:00,210.5,210.75,210.22,210.4,604401
2026-04-16 09:25:00,210.42,210.68,210.23,210.65,718007
2026-04-16 09:30:00,210.6,210.67,210.3,210.35,1037837
2026-04-16 09:35:00,210.38,210.46,210.2,210.29,655236
2026-04-16 09:40:00,210.3,210.49,210.04,210.23,1734254
2026-04-16 09:45:00,210.22,210.3,210.01,210.02,1101635
2026-04-16 09:50:00,210.06,210.65,209.97,210.55,1227206
2026-04-16 09:55:00,210.55,210.55,209.51,210.37,1161952
2026-04-17 03:45:00,205.0,206.45,202.5,205.26,13768625
2026-04-17 03:50:00,205.25,205.37,204.36,204.75,3638506
2026-04-17 03:55:00,204.75,205.2,204.07,204.19,3577591
2026-04-17 04:00:00,204.26,204.6,203.71,204.25,2499330
2026-04-17 04:05:00,204.25,204.68,204.02,204.3,1610302
2026-04-17 04:10:00,204.29,204.3,203.63,203.72,2217115
2026-04-17 04:15:00,203.8,203.9,203.5,203.5,1606212
2026-04-17 04:20:00,203.56,203.75,203.26,203.65,1504503
2026-04-17 04:25:00,203.65,204.05,203.5,203.86,1284537
2026-04-17 04:30:00,203.86,204.17,203.71,204.15,1220038
2026-04-17 04:35:00,204.1,204.45,204.03,204.16,1026843
2026-04-17 04:40:00,204.16,204.4,204.01,204.33,1004423
2026-04-17 04:45:00,204.33,204.5,204.25,204.35,653069
2026-04-17 04:50:00,204.36,204.98,204.33,204.93,1070596
2026-04-17 04:55:00,204.93,205.0,204.66,204.7,1259104
2026-04-17 05:00:00,204.63,204.99,204.6,204.66,601367
2026-04-17 05:05:00,204.67,205.0,204.63,204.68,882405
2026-04-17 05:10:00,204.68,204.9,204.53,204.81,471606
2026-04-17 05:15:00,204.81,204.98,204.78,204.96,460710
2026-04-17 05:20:00,204.96,204.96,204.67,204.88,459492
2026-04-17 05:25:00,204.88,205.3,204.85,205.0,898010
2026-04-17 05:30:00,204.95,205.02,204.61,204.78,607811
2026-04-17 05:35:00,204.82,204.86,204.15,204.23,812195
2026-04-17 05:40:00,204.25,204.35,204.1,204.17,715719
2026-04-17 05:45:00,204.17,204.32,204.01,204.27,785399
2026-04-17 05:50:00,204.27,204.33,204.11,204.22,427661
2026-04-17 05:55:00,204.21,204.7,204.15,204.49,536144
2026-04-17 06:00:00,204.48,204.76,204.4,204.71,407212
2026-04-17 06:05:00,204.71,204.79,204.5,204.56,368651
2026-04-17 06:10:00,204.55,204.71,204.5,204.55,547700
2026-04-17 06:15:00,204.55,204.65,204.4,204.62,550745
2026-04-17 06:20:00,204.64,204.9,204.58,204.78,458461
2026-04-17 06:25:00,204.78,204.83,204.6,204.6,439074
2026-04-17 06:30:00,204.6,204.66,204.45,204.54,512042
2026-04-17 06:35:00,204.54,204.88,204.43,204.72,412727
2026-04-17 06:40:00,204.75,204.84,204.63,204.76,280380
2026-04-17 06:45:00,204.75,204.75,204.54,204.64,357758
2026-04-17 06:50:00,204.64,204.7,204.4,204.63,365689
2026-04-17 06:55:00,204.63,204.63,204.45,204.5,240161
2026-04-17 07:00:00,204.5,204.5,204.05,204.2,762218
2026-04-17 07:05:00,204.15,204.36,204.11,204.33,265789
2026-04-17 07:10:00,204.33,204.65,204.26,204.63,414294
2026-04-17 07:15:00,204.62,204.65,204.5,204.53,307078
2026-04-17 07:20:00,204.53,204.64,204.45,204.59,256110
2026-04-17 07:25:00,204.59,204.6,204.45,204.47,528550
2026-04-17 07:30:00,204.49,204.5,204.4,204.48,319192
2026-04-17 07:35:00,204.48,204.5,204.2,204.2,357737
2026-04-17 07:40:00,204.22,204.22,204.0,204.1,1246642
2026-04-17 07:45:00,204.12,204.14,203.87,203.93,900116
2026-04-17 07:50:00,203.93,203.98,203.8,203.82,543597
2026-04-17 07:55:00,203.8,203.99,203.72,203.9,426405
2026-04-17 08:00:00,203.9,203.98,203.83,203.87,371042
2026-04-17 08:05:00,203.85,204.0,203.84,203.92,539253
2026-04-17 08:10:00,203.92,204.15,203.9,204.08,558409
2026-04-17 08:15:00,204.08,204.3,204.02,204.12,534689
2026-04-17 08:20:00,204.1,204.18,204.05,204.14,340836
2026-04-17 08:25:00,204.14,204.3,204.01,204.28,471715
2026-04-17 08:30:00,204.28,204.43,204.23,204.35,762353
2026-04-17 08:35:00,204.35,204.49,204.3,204.41,522587
2026-04-17 08:40:00,204.43,204.45,204.3,204.36,439688
2026-04-17 08:45:00,204.35,204.42,204.12,204.16,528326
2026-04-17 08:50:00,204.16,204.19,204.0,204.06,974537
2026-04-17 08:55:00,204.06,204.14,203.9,203.93,1301843
2026-04-17 09:00:00,203.93,204.0,203.72,203.92,1539069
2026-04-17 09:05:00,203.87,204.1,203.87,204.0,645700
2026-04-17 09:10:00,204.01,204.25,203.98,204.25,529222
2026-04-17 09:15:00,204.25,204.4,204.21,204.3,746662
2026-04-17 09:20:00,204.33,204.39,204.21,204.25,821670
2026-04-17 09:25:00,204.23,204.49,204.21,204.49,698233
2026-04-17 09:30:00,204.47,204.49,204.3,204.48,911478
2026-04-17 09:35:00,204.47,204.61,204.14,204.28,1841675
2026-04-17 09:40:00,204.28,204.41,204.22,204.31,1052342
2026-04-17 09:45:00,204.3,204.4,204.01,204.34,1923519
2026-04-17 09:50:00,204.34,204.35,204.2,204.28,1276916
2026-04-17 09:55:00,204.3,204.35,204.25,204.3,2180352
2026-04-20 03:45:00,204.5,204.99,203.42,203.74,2071941
2026-04-20 03:50:00,203.75,204.95,203.7,204.75,799802
2026-04-20 03:55:00,204.75,205.0,204.02,204.19,856142
2026-04-20 04:00:00,204.1,205.2,204.03,205.05,709503
2026-04-20 04:05:00,205.04,205.08,203.85,203.91,965467
2026-04-20 04:10:00,203.91,203.93,203.5,203.54,690572
2026-04-20 04:15:00,203.54,203.56,202.9,203.05,856980
2026-04-20 04:20:00,203.03,203.33,203.0,203.25,361861
2026-04-20 04:25:00,203.25,203.25,202.51,202.73,867855
2026-04-20 04:30:00,202.73,202.87,202.59,202.79,499782
2026-04-20 04:35:00,202.79,203.12,202.76,203.02,290405
2026-04-20 04:40:00,203.07,203.08,202.9,203.0,359452
2026-04-20 04:45:00,202.9,203.12,202.9,203.0,271776
2026-04-20 04:50:00,203.0,203.25,202.91,203.16,228133
2026-04-20 04:55:00,203.18,203.45,203.1,203.44,223546
2026-04-20 05:00:00,203.41,203.8,203.41,203.78,364570
2026-04-20 05:05:00,203.75,203.83,203.6,203.77,287878
2026-04-20 05:10:00,203.77,203.8,203.65,203.77,158444
2026-04-20 05:15:00,203.75,203.75,203.3,203.4,219373
2026-04-20 05:20:00,203.37,203.44,203.1,203.21,283311
2026-04-20 05:25:00,203.24,203.24,203.07,203.15,209413
2026-04-20 05:30:00,203.18,203.25,203.03,203.25,205019
2026-04-20 05:35:00,203.24,203.35,203.05,203.1,202005
2026-04-20 05:40:00,203.05,203.16,203.05,203.11,162986
2026-04-20 05:45:00,203.11,203.35,203.1,203.22,175993
2026-04-20 05:50:00,203.22,203.55,203.15,203.55,201938
2026-04-20 05:55:00,203.55,203.8,203.5,203.8,344075
2026-04-20 06:00:00,203.85,203.85,203.41,203.63,524248
2026-04-20 06:05:00,203.6,203.63,203.32,203.39,253820
2026-04-20 06:10:00,203.32,203.35,203.2,203.21,199763
2026-04-20 06:15:00,203.22,203.3,203.11,203.22,262904
2026-04-20 06:20:00,203.26,203.29,203.12,203.12,193163
2026-04-20 06:25:00,203.13,203.24,203.05,203.23,238659
2026-04-20 06:30:00,203.2,203.27,203.1,203.14,179640
2026-04-20 06:35:00,203.12,203.29,203.06,203.11,182354
2026-04-20 06:40:00,203.1,203.15,203.04,203.04,196690
2026-04-20 06:45:00,203.03,203.08,203.0,203.05,238272
2026-04-20 06:50:00,203.01,203.1,203.0,203.03,186291
2026-04-20 06:55:00,203.02,203.17,203.0,203.04,330766
2026-04-20 07:00:00,203.1,203.25,203.01,203.1,252719
2026-04-20 07:05:00,203.04,203.17,203.0,203.1,326656
2026-04-20 07:10:00,203.09,203.13,203.01,203.08,155584
2026-04-20 07:15:00,203.05,203.1,202.92,202.93,280253
2026-04-20 07:20:00,203.0,203.06,202.91,203.0,176499
2026-04-20 07:25:00,202.97,203.07,202.91,202.99,187247
2026-04-20 07:30:00,202.95,203.0,202.52,202.85,698726
2026-04-20 07:35:00,202.81,202.93,202.75,202.8,218952
2026-04-20 07:40:00,202.8,203.0,202.78,202.96,158272
2026-04-20 07:45:00,203.0,203.08,202.8,202.86,295345
2026-04-20 07:50:00,202.9,202.92,202.75,202.89,195385
2026-04-20 07:55:00,202.89,202.89,202.66,202.8,218927
2026-04-20 08:00:00,202.81,202.87,202.64,202.77,340887
2026-04-20 08:05:00,202.76,202.85,202.66,202.66,187478
2026-04-20 08:10:00,202.7,202.8,202.65,202.78,159473
2026-04-20 08:15:00,202.78,202.8,202.63,202.67,153582
2026-04-20 08:20:00,202.67,202.7,202.57,202.7,147632
2026-04-20 08:25:00,202.7,202.85,202.64,202.8,185848
2026-04-20 08:30:00,202.8,202.8,202.62,202.68,118718
2026-04-20 08:35:00,202.68,202.68,202.52,202.6,175789
2026-04-20 08:40:00,202.6,202.7,202.56,202.69,129193
2026-04-20 08:45:00,202.7,202.76,202.62,202.69,160652
2026-04-20 08:50:00,202.68,202.75,202.61,202.7,178073
2026-04-20 08:55:00,202.67,202.9,202.65,202.87,215425
2026-04-20 09:00:00,202.81,202.94,202.8,202.94,155450
2026-04-20 09:05:00,202.93,202.95,202.8,202.87,147770
2026-04-20 09:10:00,202.89,202.9,202.79,202.84,222010
2026-04-20 09:15:00,202.85,202.85,202.6,202.68,289145
2026-04-20 09:20:00,202.7,202.88,202.68,202.8,251820
2026-04-20 09:25:00,202.74,202.85,202.7,202.78,262017
2026-04-20 09:30:00,202.79,203.03,202.75,202.75,600133
2026-04-20 09:35:00,202.82,202.94,202.7,202.83,568842
2026-04-20 09:40:00,202.83,202.9,202.75,202.8,662141
2026-04-20 09:45:00,202.8,202.85,202.33,202.4,1097667
2026-04-20 09:50:00,202.4,202.4,202.0,202.06,1399047
2026-04-20 09:55:00,202.07,202.5,202.0,202.5,855494
2026-04-21 03:45:00,203.0,203.43,202.48,203.28,1246350
2026-04-21 03:50:00,203.28,203.9,203.15,203.41,615439
2026-04-21 03:55:00,203.36,203.73,203.24,203.3,289995
2026-04-21 04:00:00,203.38,203.84,203.26,203.72,305657
2026-04-21 04:05:00,203.72,203.94,203.65,203.76,322805
2026-04-21 04:10:00,203.76,203.8,203.61,203.73,174531
2026-04-21 04:15:00,203.73,203.85,203.51,203.67,211874
2026-04-21 04:20:00,203.62,203.71,203.41,203.52,203719
2026-04-21 04:25:00,203.5,203.6,203.42,203.6,145694
2026-04-21 04:30:00,203.58,203.69,203.56,203.69,175895
2026-04-21 04:35:00,203.68,203.85,203.55,203.82,223662
2026-04-21 04:40:00,203.8,203.84,203.7,203.78,113017
2026-04-21 04:45:00,203.8,203.9,203.77,203.85,163412
2026-04-21 04:50:00,203.81,203.95,203.81,203.95,197121
2026-04-21 04:55:00,203.94,204.38,203.94,204.38,351109
2026-04-21 05:00:00,204.38,204.6,204.26,204.59,356274
2026-04-21 05:05:00,204.55,204.77,204.0,204.21,534992
2026-04-21 05:10:00,204.19,204.39,204.16,204.35,141659
2026-04-21 05:15:00,204.3,205.2,204.3,205.15,856213
2026-04-21 05:20:00,205.16,205.37,204.72,205.25,860380
2026-04-21 05:25:00,205.27,205.48,205.07,205.25,416717
2026-04-21 05:30:00,205.33,205.35,205.07,205.34,238808
2026-04-21 05:35:00,205.31,205.34,205.1,205.1,323798
2026-04-21 05:40:00,205.1,205.2,205.06,205.2,116312
2026-04-21 05:45:00,205.19,205.3,204.86,204.86,263467
2026-04-21 05:50:00,204.93,205.1,204.75,205.0,228640
2026-04-21 05:55:00,205.05,205.07,204.93,204.95,121202
2026-04-21 06:00:00,204.95,205.0,204.8,204.83,132111
2026-04-21 06:05:00,204.83,205.0,204.8,204.87,151486
2026-04-21 06:10:00,204.88,204.99,204.82,204.98,155587
2026-04-21 06:15:00,204.98,205.29,204.98,205.28,272013
2026-04-21 06:20:00,205.25,205.38,205.2,205.3,214825
2026-04-21 06:25:00,205.33,205.55,205.33,205.49,410188
2026-04-21 06:30:00,205.49,205.7,205.44,205.69,287195
2026-04-21 06:35:00,205.69,205.69,205.35,205.44,168706
2026-04-21 06:40:00,205.46,205.49,204.71,204.96,779212
2026-04-21 06:45:00,204.96,205.0,204.49,204.88,572063
2026-04-21 06:50:00,204.88,204.98,204.81,204.88,151746
2026-04-21 06:55:00,204.9,204.99,204.85,204.94,109519
2026-04-21 07:00:00,204.96,205.14,204.81,204.85,142215
2026-04-21 07:05:00,204.86,205.2,204.75,205.13,147887
2026-04-21 07:10:00,205.08,205.15,204.8,204.84,138694
2026-04-21 07:15:00,204.86,204.87,204.25,204.49,637261
2026-04-21 07:20:00,204.46,204.49,204.0,204.49,646417
2026-04-21 07:25:00,204.48,204.52,204.35,204.4,122976
2026-04-21 07:30:00,204.4,204.57,204.36,204.54,103544
2026-04-21 07:35:00,204.54,204.58,204.46,204.56,88761
2026-04-21 07:40:00,204.54,204.59,204.5,204.51,88273
2026-04-21 07:45:00,204.52,204.68,204.5,204.51,94938
2026-04-21 07:50:00,204.51,204.6,204.41,204.49,125450
2026-04-21 07:55:00,204.49,204.69,204.41,204.58,125816
2026-04-21 08:00:00,204.58,204.76,204.51,204.63,107210
2026-04-21 08:05:00,204.64,204.73,204.52,204.69,145073
2026-04-21 08:10:00,204.72,204.74,204.4,204.57,110756
2026-04-21 08:15:00,204.6,204.69,204.51,204.6,85613
2026-04-21 08:20:00,204.62,204.78,204.41,204.78,341088
2026-04-21 08:25:00,204.8,204.93,204.76,204.85,210683
2026-04-21 08:30:00,204.9,205.1,204.85,205.0,246146
2026-04-21 08:35:00,205.03,205.18,205.0,205.08,164998
2026-04-21 08:40:00,205.08,205.19,204.95,205.12,181487
2026-04-21 08:45:00,205.13,205.19,205.02,205.02,119938
2026-04-21 08:50:00,205.09,205.1,204.91,205.02,164277
2026-04-21 08:55:00,205.07,205.08,204.95,205.0,104398
2026-04-21 09:00:00,205.03,205.08,204.9,204.95,134451
2026-04-21 09:05:00,204.98,204.99,204.79,204.82,125606
2026-04-21 09:10:00,204.82,204.95,204.67,204.84,161235
2026-04-21 09:15:00,204.8,204.99,204.8,204.96,112667
2026-04-21 09:20:00,204.96,205.14,204.94,205.02,265036
2026-04-21 09:25:00,205.0,205.3,205.0,205.24,287695
2026-04-21 09:30:00,205.24,205.35,204.95,205.07,487644
2026-04-21 09:35:00,205.09,205.09,204.9,204.91,329913
2026-04-21 09:40:00,204.85,205.02,204.81,204.98,469786
2026-04-21 09:45:00,204.98,205.1,204.89,205.03,521583
2026-04-21 09:50:00,205.0,205.1,204.89,205.08,755968
2026-04-21 09:55:00,205.1,205.19,204.98,204.98,699905
2026-04-22 03:45:00,203.5,204.52,202.2,204.4,2020770
2026-04-22 03:50:00,204.4,204.47,203.62,204.3,670622
2026-04-22 03:55:00,204.27,204.47,204.01,204.09,354814
2026-04-22 04:00:00,204.09,204.6,203.95,204.6,340889
2026-04-22 04:05:00,204.57,204.99,204.44,204.91,313523
2026-04-22 04:10:00,204.9,205.0,204.61,205.0,235768
2026-04-22 04:15:00,204.99,205.38,204.9,204.91,532390
2026-04-22 04:20:00,204.99,205.09,204.49,204.54,249715
2026-04-22 04:25:00,204.56,204.57,204.18,204.25,239316
2026-04-22 04:30:00,204.28,204.32,204.01,204.1,182705
2026-04-22 04:35:00,204.1,204.37,204.03,204.29,197738
2026-04-22 04:40:00,204.3,204.4,204.0,204.0,176720
2026-04-22 04:45:00,204.06,204.13,203.75,203.85,376846
2026-04-22 04:50:00,203.84,203.88,203.61,203.76,216340
2026-04-22 04:55:00,203.75,203.85,203.62,203.8,143352
2026-04-22 05:00:00,203.78,204.0,203.75,203.9,172082
2026-04-22 05:05:00,203.9,204.1,203.83,204.07,239260
2026-04-22 05:10:00,204.03,204.08,203.85,204.02,171983
2026-04-22 05:15:00,204.05,204.17,203.91,204.08,133825
2026-04-22 05:20:00,204.09,204.1,203.52,203.61,466864
2026-04-22 05:25:00,203.58,203.78,203.05,203.69,624300
2026-04-22 05:30:00,203.69,203.85,203.6,203.85,140298
2026-04-22 05:35:00,203.85,203.93,203.51,203.55,233145
2026-04-22 05:40:00,203.58,203.6,203.32,203.41,180431
2026-04-22 05:45:00,203.38,203.4,203.25,203.33,187576
2026-04-22 05:50:00,203.3,203.4,203.25,203.4,164453
2026-04-22 05:55:00,203.35,203.75,203.3,203.48,247846
2026-04-22 06:00:00,203.48,203.66,203.39,203.56,147306
2026-04-22 06:05:00,203.56,203.72,203.51,203.65,145908
2026-04-22 06:10:00,203.6,203.7,203.32,203.35,234148
2026-04-22 06:15:00,203.3,203.37,203.03,203.11,389669
2026-04-22 06:20:00,203.09,203.16,202.88,202.94,740621
2026-04-22 06:25:00,202.91,203.2,202.82,203.2,205538
2026-04-22 06:30:00,203.17,203.52,203.17,203.45,245172
2026-04-22 06:35:00,203.36,203.39,202.71,202.91,419555
2026-04-22 06:40:00,202.94,203.1,202.75,202.84,249039
2026-04-22 06:45:00,202.89,202.96,202.7,202.87,256961
2026-04-22 06:50:00,202.9,203.0,202.75,202.89,294364
2026-04-22 06:55:00,202.82,202.94,202.75,202.84,187430
2026-04-22 07:00:00,202.85,203.09,202.81,203.05,197902
2026-04-22 07:05:00,203.0,203.11,202.9,203.05,214519
2026-04-22 07:10:00,203.02,203.21,202.92,203.06,203850
2026-04-22 07:15:00,203.05,203.19,203.0,203.12,286511
2026-04-22 07:20:00,203.05,203.2,203.0,203.01,240250
2026-04-22 07:25:00,203.01,203.18,203.0,203.14,235649
2026-04-22 07:30:00,203.15,203.59,203.14,203.55,282226
2026-04-22 07:35:00,203.5,203.8,203.5,203.78,172606
2026-04-22 07:40:00,203.78,203.78,203.4,203.75,178400
2026-04-22 07:45:00,203.73,203.73,203.53,203.6,135506
2026-04-22 07:50:00,203.53,203.6,203.41,203.55,153026
2026-04-22 07:55:00,203.53,203.7,203.52,203.63,160749
2026-04-22 08:00:00,203.63,203.69,203.51,203.6,156577
2026-04-22 08:05:00,203.65,203.65,203.32,203.49,199580
2026-04-22 08:10:00,203.45,203.5,203.3,203.47,143361
2026-04-22 08:15:00,203.47,203.55,203.36,203.36,113323
2026-04-22 08:20:00,203.4,204.03,203.33,204.03,310338
2026-04-22 08:25:00,204.04,204.35,203.8,204.16,455192
2026-04-22 08:30:00,204.16,204.25,203.72,203.81,404314
2026-04-22 08:35:00,203.81,204.15,203.77,203.77,245383
2026-04-22 08:40:00,203.79,203.84,203.61,203.71,192286
2026-04-22 08:45:00,203.71,203.76,203.4,203.57,209991
2026-04-22 08:50:00,203.54,203.64,203.45,203.6,178259
2026-04-22 08:55:00,203.57,203.84,203.51,203.72,195640
2026-04-22 09:00:00,203.71,204.0,203.7,204.0,183749
2026-04-22 09:05:00,204.0,204.08,203.85,203.99,216563
2026-04-22 09:10:00,203.99,204.05,203.81,203.95,272715
2026-04-22 09:15:00,204.0,204.08,203.86,204.0,233219
2026-04-22 09:20:00,204.03,204.2,203.96,204.2,250615
2026-04-22 09:25:00,204.22,204.26,204.06,204.2,251439
2026-04-22 09:30:00,204.2,204.2,204.0,204.09,275845
2026-04-22 09:35:00,204.06,204.1,203.93,203.99,307117
2026-04-22 09:40:00,204.0,204.1,203.93,204.05,395780
2026-04-22 09:45:00,204.03,204.08,203.91,204.05,326631
2026-04-22 09:50:00,204.08,204.09,203.91,203.95,411696
2026-04-22 09:55:00,203.95,204.0,203.85,204.0,438293
2026-04-23 03:45:00,204.0,204.65,203.2,203.86,1061580
2026-04-23 03:50:00,203.87,204.14,203.34,203.96,568845
2026-04-23 03:55:00,203.96,204.15,203.52,203.63,314767
2026-04-23 04:00:00,203.6,203.6,203.02,203.19,469243
2026-04-23 04:05:00,203.19,203.39,203.08,203.26,249873
2026-04-23 04:10:00,203.26,203.45,203.16,203.33,195243
2026-04-23 04:15:00,203.29,203.88,203.16,203.84,182353
2026-04-23 04:20:00,203.82,203.92,203.67,203.8,174325
2026-04-23 04:25:00,203.82,204.1,203.76,204.03,343477
2026-04-23 04:30:00,204.05,204.12,203.6,204.06,280666
2026-04-23 04:35:00,204.07,204.29,204.04,204.23,164114
2026-04-23 04:40:00,204.24,204.24,203.7,203.83,172753
2026-04-23 04:45:00,203.82,203.88,203.7,203.81,118635
2026-04-23 04:50:00,203.81,204.46,203.71,204.46,350146
2026-04-23 04:55:00,204.45,204.64,204.39,204.45,189321
2026-04-23 05:00:00,204.49,204.54,204.2,204.25,158191
2026-04-23 05:05:00,204.29,204.45,204.25,204.45,141763
2026-04-23 05:10:00,204.45,204.5,204.1,204.2,141398
2026-04-23 05:15:00,204.2,204.3,204.08,204.26,127885
2026-04-23 05:20:00,204.28,204.59,204.23,204.55,141588
2026-04-23 05:25:00,204.52,204.58,204.35,204.58,86605
2026-04-23 05:30:00,204.58,204.6,204.37,204.57,117220
2026-04-23 05:35:00,204.57,204.68,204.5,204.55,116538
2026-04-23 05:40:00,204.55,204.65,204.16,204.23,103877
2026-04-23 05:45:00,204.3,204.49,204.12,204.31,75093
2026-04-23 05:50:00,204.34,204.56,204.23,204.26,106927
2026-04-23 05:55:00,204.28,204.57,204.28,204.52,78721
2026-04-23 06:00:00,204.52,204.9,204.52,204.87,161854
2026-04-23 06:05:00,204.87,204.88,204.04,204.3,475431
2026-04-23 06:10:00,204.3,204.38,204.18,204.27,64440
2026-04-23 06:15:00,204.28,204.35,204.25,204.35,58868
2026-04-23 06:20:00,204.32,204.35,204.1,204.2,76071
2026-04-23 06:25:00,204.2,204.26,203.93,204.15,182542
2026-04-23 06:30:00,204.14,204.3,204.05,204.11,73582
2026-04-23 06:35:00,204.11,204.35,203.97,204.34,94530
2026-04-23 06:40:00,204.35,204.43,204.25,204.3,74206
2026-04-23 06:45:00,204.3,204.39,204.02,204.08,78746
2026-04-23 06:50:00,204.08,204.18,204.02,204.1,61892
2026-04-23 06:55:00,204.09,204.09,203.6,203.66,211200
2026-04-23 07:00:00,203.66,203.77,203.6,203.68,135748
2026-04-23 07:05:00,203.68,203.74,203.56,203.62,111586
2026-04-23 07:10:00,203.61,203.97,203.6,203.96,149141
2026-04-23 07:15:00,203.96,203.96,203.7,203.75,88756
2026-04-23 07:20:00,203.75,203.81,203.61,203.76,80068
2026-04-23 07:25:00,203.79,203.97,203.76,203.8,85326
2026-04-23 07:30:00,203.8,203.88,203.68,203.77,97149
2026-04-23 07:35:00,203.77,203.85,203.69,203.82,96192
2026-04-23 07:40:00,203.81,203.92,203.75,203.92,60787
2026-04-23 07:45:00,203.91,204.05,203.8,204.0,110603
2026-04-23 07:50:00,204.05,204.2,203.95,204.19,157432
2026-04-23 07:55:00,204.19,204.29,204.04,204.16,167887
2026-04-23 08:00:00,204.17,204.17,203.9,203.97,121645
2026-04-23 08:05:00,203.98,203.98,203.55,203.55,192163
2026-04-23 08:10:00,203.55,203.68,203.51,203.6,131892
2026-04-23 08:15:00,203.6,203.67,203.51,203.6,132040
2026-04-23 08:20:00,203.61,203.66,203.41,203.56,308081
2026-04-23 08:25:00,203.59,203.7,203.17,203.56,576679
2026-04-23 08:30:00,203.58,203.58,203.41,203.54,114095
2026-04-23 08:35:00,203.56,203.56,203.25,203.27,138337
2026-04-23 08:40:00,203.27,203.28,203.05,203.19,513862
2026-04-23 08:45:00,203.19,203.22,203.05,203.1,283637
2026-04-23 08:50:00,203.07,203.17,203.05,203.15,122018
2026-04-23 08:55:00,203.15,203.15,202.91,202.92,489312
2026-04-23 09:00:00,203.0,203.17,202.91,203.13,154064
2026-04-23 09:05:00,203.12,203.15,202.99,203.03,131068
2026-04-23 09:10:00,203.03,203.15,203.0,203.04,147886
2026-04-23 09:15:00,203.04,203.43,202.97,203.27,289687
2026-04-23 09:20:00,203.19,203.45,203.19,203.42,188103
2026-04-23 09:25:00,203.42,203.5,203.3,203.41,489553
2026-04-23 09:30:00,203.46,203.58,203.44,203.52,401767
2026-04-23 09:35:00,203.5,203.57,203.36,203.49,406441
2026-04-23 09:40:00,203.49,203.5,203.35,203.46,461701
2026-04-23 09:45:00,203.46,203.49,202.91,203.0,556763
2026-04-23 09:50:00,203.0,203.05,202.3,202.35,3056295
2026-04-23 09:55:00,202.32,202.87,202.31,202.87,1616996
2026-04-24 03:45:00,202.75,202.75,201.6,202.45,1310270
2026-04-24 03:50:00,202.4,202.6,201.18,201.44,679559
2026-04-24 03:55:00,201.47,201.6,201.11,201.33,426159
2026-04-24 04:00:00,201.3,201.3,200.54,200.56,880665
2026-04-24 04:05:00,200.6,200.79,200.42,200.79,598918
2026-04-24 04:10:00,200.8,200.8,200.15,200.25,586440
2026-04-24 04:15:00,200.25,200.29,199.31,199.37,1756285
2026-04-24 04:20:00,199.36,199.84,199.26,199.6,525996
2026-04-24 04:25:00,199.59,199.79,199.0,199.43,1594389
2026-04-24 04:30:00,199.43,199.73,199.25,199.35,358850
2026-04-24 04:35:00,199.3,199.7,198.8,198.82,861955
2026-04-24 04:40:00,198.9,199.24,198.65,198.95,948742
2026-04-24 04:45:00,198.97,198.97,198.05,198.3,1062049
2026-04-24 04:50:00,198.34,198.5,198.0,198.16,896355
2026-04-24 04:55:00,198.12,198.47,197.88,197.98,1270463
2026-04-24 05:00:00,197.98,198.56,197.88,198.47,394479
2026-04-24 05:05:00,198.47,198.66,198.21,198.35,287998
2026-04-24 05:10:00,198.38,198.49,197.93,198.0,470860
2026-04-24 05:15:00,198.0,198.62,197.95,198.56,491533
2026-04-24 05:20:00,198.57,199.15,198.44,199.05,541995
2026-04-24 05:25:00,199.01,199.08,198.71,198.87,209758
2026-04-24 05:30:00,198.86,199.09,198.61,198.89,379101
2026-04-24 05:35:00,198.85,199.5,198.76,199.43,482033
2026-04-24 05:40:00,199.43,199.49,199.2,199.35,386456
2026-04-24 05:45:00,199.31,199.5,199.1,199.41,439002
2026-04-24 05:50:00,199.41,199.75,199.2,199.64,541057
2026-04-24 05:55:00,199.63,199.8,199.48,199.64,363619
2026-04-24 06:00:00,199.61,199.72,199.44,199.64,246848
2026-04-24 06:05:00,199.64,199.69,199.26,199.55,229864
2026-04-24 06:10:00,199.51,199.54,199.09,199.27,257114
2026-04-24 06:15:00,199.36,199.44,199.12,199.23,306490
2026-04-24 06:20:00,199.23,199.28,198.81,198.88,442702
2026-04-24 06:25:00,198.89,199.37,198.84,199.22,280542
2026-04-24 06:30:00,199.21,199.25,198.93,199.16,332776
2026-04-24 06:35:00,199.14,199.58,199.06,199.47,277745
2026-04-24 06:40:00,199.54,199.65,199.27,199.6,368172
2026-04-24 06:45:00,199.63,199.66,199.36,199.43,359733
2026-04-24 06:50:00,199.4,199.55,199.22,199.38,173538
2026-04-24 06:55:00,199.38,199.38,199.12,199.21,119865
2026-04-24 07:00:00,199.28,199.53,199.2,199.25,239780
2026-04-24 07:05:00,199.26,199.54,199.25,199.54,84628
2026-04-24 07:10:00,199.5,199.54,199.13,199.14,188864
2026-04-24 07:15:00,199.22,199.31,199.01,199.15,139782
2026-04-24 07:20:00,199.19,199.33,198.8,198.8,294118
2026-04-24 07:25:00,198.91,198.94,198.65,198.75,191815
2026-04-24 07:30:00,198.75,198.8,198.35,198.35,381704
2026-04-24 07:35:00,198.41,198.41,198.06,198.1,474953
2026-04-24 07:40:00,198.1,198.38,198.0,198.38,391470
2026-04-24 07:45:00,198.34,198.57,198.16,198.56,211802
2026-04-24 07:50:00,198.6,198.61,198.24,198.33,214265
2026-04-24 07:55:00,198.28,198.61,198.22,198.58,251834
2026-04-24 08:00:00,198.51,198.64,198.3,198.44,235481
2026-04-24 08:05:00,198.44,198.6,198.34,198.57,215731
2026-04-24 08:10:00,198.57,198.92,198.56,198.71,554709
2026-04-24 08:15:00,198.77,199.41,198.73,199.34,589577
2026-04-24 08:20:00,199.36,199.46,199.01,199.33,282692
2026-04-24 08:25:00,199.35,199.35,198.79,198.92,435290
2026-04-24 08:30:00,198.92,199.06,198.56,198.67,489877
2026-04-24 08:35:00,198.67,198.86,198.51,198.75,292096
2026-04-24 08:40:00,198.74,198.81,198.51,198.52,404389
2026-04-24 08:45:00,198.56,198.99,198.5,198.99,412309
2026-04-24 08:50:00,199.0,199.39,198.94,199.12,516793
2026-04-24 08:55:00,199.11,199.28,199.02,199.15,299430
2026-04-24 09:00:00,199.15,199.31,199.01,199.05,181884
2026-04-24 09:05:00,199.0,199.31,199.0,199.25,255441
2026-04-24 09:10:00,199.16,199.39,199.16,199.37,191655
2026-04-24 09:15:00,199.37,199.75,199.3,199.75,474566
2026-04-24 09:20:00,199.7,199.77,199.52,199.65,518307
2026-04-24 09:25:00,199.61,199.7,199.4,199.63,378141
2026-04-24 09:30:00,199.55,199.69,199.32,199.35,568421
2026-04-24 09:35:00,199.4,199.68,199.26,199.55,1032999
2026-04-24 09:40:00,199.55,199.63,199.13,199.34,2066084
2026-04-24 09:45:00,199.44,199.54,199.24,199.44,1164996
2026-04-24 09:50:00,199.43,199.5,199.06,199.36,1792311
2026-04-24 09:55:00,199.3,199.49,199.2,199.45,643708
2026-04-27 03:45:00,199.36,202.3,199.36,202.19,1154157
2026-04-27 03:50:00,202.2,203.43,202.08,203.4,802242
2026-04-27 03:55:00,203.4,203.9,202.76,202.95,2408356
2026-04-27 04:00:00,202.95,203.0,202.27,202.57,480002
2026-04-27 04:05:00,202.55,202.75,202.36,202.6,246840
2026-04-27 04:10:00,202.6,203.4,202.58,203.4,764302
2026-04-27 04:15:00,203.4,203.49,202.81,203.06,1438144
2026-04-27 04:20:00,203.04,203.49,202.9,203.28,658518
2026-04-27 04:25:00,203.28,203.64,203.09,203.1,348758
2026-04-27 04:30:00,203.17,203.48,202.89,203.14,174161
2026-04-27 04:35:00,203.04,203.5,202.95,203.28,238994
2026-04-27 04:40:00,203.3,203.7,203.28,203.61,190386
2026-04-27 04:45:00,203.67,203.99,203.67,203.95,269388
2026-04-27 04:50:00,203.95,204.2,203.8,203.85,396390
2026-04-27 04:55:00,203.9,204.0,203.75,203.85,146228
2026-04-27 05:00:00,203.91,203.99,203.53,203.79,211462
2026-04-27 05:05:00,203.72,203.89,203.65,203.76,165716
2026-04-27 05:10:00,203.76,203.79,203.55,203.7,124279
2026-04-27 05:15:00,203.68,203.9,203.62,203.9,85866
2026-04-27 05:20:00,203.85,203.99,203.61,203.7,120862
2026-04-27 05:25:00,203.7,203.8,203.52,203.69,111461
2026-04-27 05:30:00,203.73,203.94,203.46,203.53,142359
2026-04-27 05:35:00,203.61,203.61,202.94,203.19,239828
2026-04-27 05:40:00,203.11,203.57,203.11,203.38,90860
2026-04-27 05:45:00,203.29,203.39,203.15,203.16,64824
2026-04-27 05:50:00,203.16,203.25,202.9,203.18,162941
2026-04-27 05:55:00,203.18,203.32,202.84,202.94,855544
2026-04-27 06:00:00,202.97,203.05,202.8,202.91,519275
2026-04-27 06:05:00,202.91,202.92,202.51,202.63,842074
2026-04-27 06:10:00,202.71,203.1,202.6,203.05,910606
2026-04-27 06:15:00,203.05,203.1,202.8,202.89,623210
2026-04-27 06:20:00,202.87,202.93,202.58,202.8,1090487
2026-04-27 06:25:00,202.79,203.08,202.75,202.97,1246173
2026-04-27 06:30:00,202.97,203.0,202.65,202.77,556471
2026-04-27 06:35:00,202.77,202.99,202.7,202.91,818699
2026-04-27 06:40:00,202.91,203.13,202.86,203.0,1125994
2026-04-27 06:45:00,202.95,203.38,202.89,203.32,972589
2026-04-27 06:50:00,203.32,203.8,203.05,203.73,337089
2026-04-27 06:55:00,203.68,203.98,203.51,203.66,953660
2026-04-27 07:00:00,203.6,203.64,203.3,203.41,994012
2026-04-27 07:05:00,203.41,203.48,203.24,203.42,1075780
2026-04-27 07:10:00,203.33,203.5,203.18,203.41,880333
2026-04-27 07:15:00,203.48,203.7,203.23,203.4,526439
2026-04-27 07:20:00,203.4,203.62,203.29,203.5,1183620
2026-04-27 07:25:00,203.44,203.7,203.37,203.57,1005710
2026-04-27 07:30:00,203.57,203.96,203.47,203.9,969294
2026-04-27 07:35:00,203.9,204.7,203.8,204.6,933953
2026-04-27 07:40:00,204.64,205.1,204.53,204.79,684398
2026-04-27 07:45:00,204.78,205.0,204.75,204.85,288519
2026-04-27 07:50:00,204.89,204.99,204.67,204.73,524940
2026-04-27 07:55:00,204.65,204.78,204.49,204.57,512314
2026-04-27 08:00:00,204.55,204.9,204.36,204.61,1337513
2026-04-27 08:05:00,204.63,204.78,204.5,204.78,344774
2026-04-27 08:10:00,204.73,204.85,204.68,204.8,163205
2026-04-27 08:15:00,204.8,204.92,204.56,204.58,198908
2026-04-27 08:20:00,204.57,204.8,204.5,204.8,229313
2026-04-27 08:25:00,204.7,204.8,204.36,204.36,178281
2026-04-27 08:30:00,204.39,204.58,204.32,204.46,195674
2026-04-27 08:35:00,204.45,204.55,204.37,204.48,218568
2026-04-27 08:40:00,204.48,204.58,204.3,204.5,231597
2026-04-27 08:45:00,204.55,204.6,204.4,204.47,223041
2026-04-27 08:50:00,204.5,204.58,204.2,204.22,196374
2026-04-27 08:55:00,204.2,204.22,203.82,204.06,408124
2026-04-27 09:00:00,204.14,204.44,204.05,204.38,340707
2026-04-27 09:05:00,204.44,204.87,204.39,204.75,510576
2026-04-27 09:10:00,204.75,204.78,204.54,204.61,541326
2026-04-27 09:15:00,204.65,204.8,204.45,204.71,1375729
2026-04-27 09:20:00,204.76,205.1,204.66,204.94,685785
2026-04-27 09:25:00,205.0,205.0,204.8,204.96,257885
2026-04-27 09:30:00,204.93,205.24,204.74,205.19,797185
2026-04-27 09:35:00,205.18,205.25,205.07,205.1,352981
2026-04-27 09:40:00,205.02,205.24,204.98,205.18,434260
2026-04-27 09:45:00,205.15,205.19,204.96,205.03,475902
2026-04-27 09:50:00,205.03,205.15,204.85,204.85,562743
2026-04-27 09:55:00,205.0,205.09,204.8,204.84,544332
2026-04-28 03:45:00,204.56,205.03,204.11,204.91,621534
2026-04-28 03:50:00,204.9,204.98,204.22,204.47,458063
2026-04-28 03:55:00,204.47,205.38,204.39,205.25,841356
2026-04-28 04:00:00,205.23,205.3,204.8,204.82,571934
2026-04-28 04:05:00,204.82,205.2,204.82,204.98,306597
2026-04-28 04:10:00,205.1,205.18,204.9,205.02,413314
2026-04-28 04:15:00,205.05,205.2,204.84,204.86,453059
2026-04-28 04:20:00,204.82,205.18,204.78,205.13,458245
2026-04-28 04:25:00,205.06,205.48,204.93,205.4,295994
2026-04-28 04:30:00,205.38,205.68,205.31,205.34,406365
2026-04-28 04:35:00,205.31,205.58,205.26,205.46,308434
2026-04-28 04:40:00,205.5,205.5,205.3,205.34,222153
2026-04-28 04:45:00,205.36,205.42,205.17,205.25,263552
2026-04-28 04:50:00,205.26,205.35,205.21,205.31,195952
2026-04-28 04:55:00,205.3,205.32,204.9,205.06,285702
2026-04-28 05:00:00,205.01,205.08,204.55,204.83,329583
2026-04-28 05:05:00,204.83,204.94,204.62,204.89,279899
2026-04-28 05:10:00,204.89,205.07,204.71,204.91,350267
2026-04-28 05:15:00,204.9,205.15,204.83,204.89,249380
2026-04-28 05:20:00,204.9,204.99,204.72,204.87,216076
2026-04-28 05:25:00,204.93,205.05,204.9,204.95,181827
2026-04-28 05:30:00,204.92,205.02,204.8,204.85,161065
2026-04-28 05:35:00,204.85,204.86,204.5,204.65,447183
2026-04-28 05:40:00,204.65,204.69,204.5,204.69,191285
2026-04-28 05:45:00,204.69,204.74,204.37,204.62,248674
2026-04-28 05:50:00,204.5,204.67,204.3,204.31,214485
2026-04-28 05:55:00,204.33,204.33,204.0,204.1,323942
2026-04-28 06:00:00,204.09,204.31,204.01,204.29,293785
2026-04-28 06:05:00,204.29,204.54,204.23,204.38,208358
2026-04-28 06:10:00,204.45,204.6,204.33,204.56,186410
2026-04-28 06:15:00,204.56,204.57,204.42,204.49,195210
2026-04-28 06:20:00,204.46,204.53,204.3,204.43,189591
2026-04-28 06:25:00,204.42,204.51,204.27,204.37,163147
2026-04-28 06:30:00,204.37,204.82,204.32,204.71,298028
2026-04-28 06:35:00,204.65,204.72,204.5,204.58,177442
2026-04-28 06:40:00,204.6,204.72,204.3,204.49,265118
2026-04-28 06:45:00,204.41,204.61,204.34,204.45,202184
2026-04-28 06:50:00,204.49,204.5,204.1,204.13,178245
2026-04-28 06:55:00,204.11,204.55,204.04,204.54,530470
2026-04-28 07:00:00,204.52,204.61,204.28,204.47,405765
2026-04-28 07:05:00,204.48,204.48,204.12,204.21,184255
2026-04-28 07:10:00,204.2,204.28,203.83,203.94,293680
2026-04-28 07:15:00,203.96,203.96,203.58,203.6,238020
2026-04-28 07:20:00,203.58,203.68,203.4,203.4,207437
2026-04-28 07:25:00,203.42,203.45,203.11,203.24,228772
2026-04-28 07:30:00,203.24,203.56,203.16,203.38,169548
2026-04-28 07:35:00,203.38,203.47,203.3,203.31,190470
2026-04-28 07:40:00,203.33,203.61,203.31,203.39,185801
2026-04-28 07:45:00,203.39,203.4,203.21,203.26,154466
2026-04-28 07:50:00,203.25,203.29,202.7,202.83,421441
2026-04-28 07:55:00,202.8,202.86,202.56,202.6,191431
2026-04-28 08:00:00,202.6,202.68,202.34,202.41,280756
2026-04-28 08:05:00,202.41,202.53,202.17,202.44,258443
2026-04-28 08:10:00,202.44,202.61,202.4,202.43,177670
2026-04-28 08:15:00,202.43,202.52,202.25,202.35,205365
2026-04-28 08:20:00,202.34,202.58,202.3,202.36,201740
2026-04-28 08:25:00,202.35,202.53,202.3,202.39,205082
2026-04-28 08:30:00,202.39,202.4,202.2,202.24,182257
2026-04-28 08:35:00,202.24,202.44,202.1,202.17,295777
2026-04-28 08:40:00,202.17,202.22,202.0,202.17,296878
2026-04-28 08:45:00,202.09,202.78,202.09,202.26,693014
2026-04-28 08:50:00,202.29,202.35,202.15,202.23,209064
2026-04-28 08:55:00,202.22,202.24,202.0,202.03,311847
2026-04-28 09:00:00,202.05,202.23,202.0,202.06,305696
2026-04-28 09:05:00,202.06,202.08,201.81,202.0,434003
2026-04-28 09:10:00,202.0,202.24,201.94,202.12,216839
2026-04-28 09:15:00,202.11,202.25,202.05,202.16,301204
2026-04-28 09:20:00,202.13,202.2,202.01,202.14,357613
2026-04-28 09:25:00,202.17,202.24,202.05,202.18,192218
2026-04-28 09:30:00,202.19,202.24,201.76,201.81,527588
2026-04-28 09:35:00,201.81,202.0,201.72,201.72,494370
2026-04-28 09:40:00,201.72,201.89,201.55,201.6,387853
2026-04-28 09:45:00,201.59,201.6,201.28,201.39,516547
2026-04-28 09:50:00,201.38,201.38,201.02,201.2,641108
2026-04-28 09:55:00,201.22,201.75,201.1,201.7,618874
2026-04-29 03:45:00,201.58,202.84,201.58,202.42,881735
2026-04-29 03:50:00,202.32,202.59,202.01,202.32,387297
2026-04-29 03:55:00,202.37,202.45,202.01,202.24,224947
2026-04-29 04:00:00,202.33,202.34,201.95,202.24,195675
2026-04-29 04:05:00,202.26,202.96,202.24,202.96,234120
2026-04-29 04:10:00,202.96,203.32,202.7,202.86,372803
2026-04-29 04:15:00,202.9,203.21,202.81,203.2,163301
2026-04-29 04:20:00,203.24,203.6,203.05,203.3,227191
2026-04-29 04:25:00,203.3,203.4,202.51,202.7,279704
2026-04-29 04:30:00,202.7,202.97,202.55,202.69,284335
2026-04-29 04:35:00,202.66,202.9,202.62,202.81,89628
2026-04-29 04:40:00,202.85,203.05,202.69,203.03,113719
2026-04-29 04:45:00,203.01,203.08,202.8,202.8,199633
2026-04-29 04:50:00,202.74,203.05,202.7,203.05,127676
2026-04-29 04:55:00,203.06,203.06,202.84,202.9,80675
2026-04-29 05:00:00,202.86,202.94,202.65,202.74,112228
2026-04-29 05:05:00,202.74,202.85,202.63,202.71,103922
2026-04-29 05:10:00,202.78,202.82,202.55,202.59,91068
2026-04-29 05:15:00,202.59,202.62,202.3,202.56,163483
2026-04-29 05:20:00,202.6,202.64,202.41,202.5,96022
2026-04-29 05:25:00,202.49,202.7,202.32,202.6,418692
2026-04-29 05:30:00,202.6,202.9,202.6,202.6,146439
2026-04-29 05:35:00,202.65,202.86,202.52,202.64,114080
2026-04-29 05:40:00,202.59,202.85,202.5,202.6,239985
2026-04-29 05:45:00,202.62,202.62,202.13,202.29,312839
2026-04-29 05:50:00,202.29,202.41,202.1,202.16,118543
2026-04-29 05:55:00,202.13,202.36,202.1,202.12,393731
2026-04-29 06:00:00,202.06,202.39,202.05,202.37,125390
2026-04-29 06:05:00,202.36,202.38,202.14,202.2,83216
2026-04-29 06:10:00,202.25,202.35,202.15,202.15,60472
2026-04-29 06:15:00,202.21,202.31,202.12,202.26,51586
2026-04-29 06:20:00,202.32,202.42,202.2,202.2,89789
2026-04-29 06:25:00,202.25,202.39,202.12,202.25,191707
2026-04-29 06:30:00,202.34,202.34,201.9,202.0,267736
2026-04-29 06:35:00,202.0,202.0,201.74,201.94,146774
2026-04-29 06:40:00,201.94,202.14,201.9,201.9,122930
2026-04-29 06:45:00,201.99,202.01,201.81,201.96,122729
2026-04-29 06:50:00,201.96,202.01,201.8,201.94,151908
2026-04-29 06:55:00,201.93,202.06,201.86,202.0,65503
2026-04-29 07:00:00,201.99,202.21,201.9,202.1,107120
2026-04-29 07:05:00,202.15,202.19,202.02,202.12,77073
2026-04-29 07:10:00,202.12,202.16,202.0,202.02,103268
2026-04-29 07:15:00,202.03,202.14,202.0,202.0,114600
2026-04-29 07:20:00,201.99,202.18,201.99,202.05,117316
2026-04-29 07:25:00,202.0,202.04,201.95,202.0,77180
2026-04-29 07:30:00,202.01,202.07,201.96,201.98,64450
2026-04-29 07:35:00,201.98,202.13,201.93,202.0,181567
2026-04-29 07:40:00,202.0,202.01,201.75,201.82,151608
2026-04-29 07:45:00,201.89,202.0,201.74,201.99,200428
2026-04-29 07:50:00,201.99,202.05,201.78,201.79,104461
2026-04-29 07:55:00,201.78,201.94,201.69,201.69,109882
2026-04-29 08:00:00,201.65,201.79,201.6,201.65,134424
2026-04-29 08:05:00,201.64,201.66,201.25,201.28,258503
2026-04-29 08:10:00,201.35,201.39,201.12,201.32,209461
2026-04-29 08:15:00,201.39,201.5,201.26,201.43,116452
2026-04-29 08:20:00,201.45,201.5,201.3,201.41,64774
2026-04-29 08:25:00,201.4,201.48,201.24,201.34,147049
2026-04-29 08:30:00,201.34,201.34,200.8,200.82,518492
2026-04-29 08:35:00,200.87,201.06,200.8,200.89,197205
2026-04-29 08:40:00,200.89,200.98,200.75,200.98,191687
2026-04-29 08:45:00,200.98,201.1,200.91,200.95,147185
2026-04-29 08:50:00,201.0,201.06,200.9,201.01,182906
2026-04-29 08:55:00,201.02,201.06,200.91,200.95,103214
2026-04-29 09:00:00,200.95,201.06,200.83,201.06,232690
2026-04-29 09:05:00,201.06,201.06,200.9,201.03,93900
2026-04-29 09:10:00,201.03,201.23,201.0,201.23,124511
2026-04-29 09:15:00,201.2,201.24,200.98,201.01,235342
2026-04-29 09:20:00,201.06,201.07,200.94,201.01,122169
2026-04-29 09:25:00,201.01,201.04,200.82,200.88,135191
2026-04-29 09:30:00,200.85,201.04,200.81,200.84,331919
2026-04-29 09:35:00,200.83,200.86,200.75,200.8,443384
2026-04-29 09:40:00,200.8,200.8,200.5,200.54,411360
2026-04-29 09:45:00,200.54,200.62,200.3,200.58,440108
2026-04-29 09:50:00,200.63,200.83,200.55,200.6,996219
2026-04-29 09:55:00,200.61,201.0,200.5,200.97,658219
2026-04-30 03:45:00,200.89,201.8,200.32,200.54,645207
2026-04-30 03:50:00,200.76,200.99,200.15,200.27,232676
2026-04-30 03:55:00,200.3,200.6,200.05,200.45,222206
2026-04-30 04:00:00,200.36,201.93,200.36,201.9,494949
2026-04-30 04:05:00,201.86,202.14,201.59,202.02,524419
2026-04-30 04:10:00,201.94,202.05,201.64,201.73,314593
2026-04-30 04:15:00,201.73,201.85,201.55,201.6,149520
2026-04-30 04:20:00,201.65,202.09,201.57,201.88,341613
2026-04-30 04:25:00,201.92,201.92,201.65,201.79,115026
2026-04-30 04:30:00,201.79,201.79,201.17,201.2,210136
2026-04-30 04:35:00,201.16,201.4,200.9,200.9,105935
2026-04-30 04:40:00,200.9,201.09,200.85,201.0,186624
2026-04-30 04:45:00,200.98,201.1,200.66,200.75,206266
2026-04-30 04:50:00,200.78,200.96,200.61,200.79,140709
2026-04-30 04:55:00,200.79,200.95,200.62,200.83,135984
2026-04-30 05:00:00,200.8,200.98,200.63,200.74,79946
2026-04-30 05:05:00,200.74,200.79,200.55,200.65,99439
2026-04-30 05:10:00,200.65,200.75,200.51,200.65,164468
2026-04-30 05:15:00,200.65,200.65,200.28,200.31,154831
2026-04-30 05:20:00,200.35,200.54,200.25,200.46,72830
2026-04-30 05:25:00,200.39,200.42,200.25,200.35,83735
2026-04-30 05:30:00,200.35,200.47,200.27,200.45,118949
2026-04-30 05:35:00,200.48,200.66,200.4,200.52,85273
2026-04-30 05:40:00,200.49,200.52,200.26,200.34,84913
2026-04-30 05:45:00,200.3,200.37,200.2,200.22,218279
2026-04-30 05:50:00,200.22,200.27,200.0,200.2,320173
2026-04-30 05:55:00,200.19,200.25,200.01,200.21,277744
2026-04-30 06:00:00,200.21,200.35,200.13,200.32,212564
2026-04-30 06:05:00,200.25,200.49,200.25,200.35,346315
2026-04-30 06:10:00,200.32,200.59,200.2,200.41,123310
2026-04-30 06:15:00,200.37,200.6,200.3,200.51,78105
2026-04-30 06:20:00,200.5,201.0,200.5,200.98,147232
2026-04-30 06:25:00,200.98,201.26,200.81,201.21,136703
2026-04-30 06:30:00,201.2,201.36,201.11,201.26,125566
2026-04-30 06:35:00,201.26,201.39,201.07,201.26,182341
2026-04-30 06:40:00,201.28,201.38,201.1,201.37,347274
2026-04-30 06:45:00,201.4,201.4,201.11,201.25,73854
2026-04-30 06:50:00,201.24,201.45,201.15,201.41,115936
2026-04-30 06:55:00,201.4,201.44,201.24,201.39,79465
2026-04-30 07:00:00,201.39,201.89,201.35,201.88,194442
2026-04-30 07:05:00,201.88,201.98,201.5,201.54,116982
2026-04-30 07:10:00,201.6,202.1,201.54,202.06,244580
2026-04-30 07:15:00,202.06,202.15,201.88,202.14,177897
2026-04-30 07:20:00,202.13,202.14,201.7,201.9,119967
2026-04-30 07:25:00,201.85,201.91,201.75,201.8,94417
2026-04-30 07:30:00,201.78,201.92,201.54,201.66,140078
2026-04-30 07:35:00,201.61,201.74,201.56,201.7,58757
2026-04-30 07:40:00,201.7,201.83,201.5,201.53,86274
2026-04-30 07:45:00,201.54,201.65,201.5,201.58,56340
2026-04-30 07:50:00,201.53,201.77,201.52,201.52,64770
2026-04-30 07:55:00,201.52,201.63,201.48,201.63,101518
2026-04-30 08:00:00,201.58,201.85,201.53,201.74,118559
2026-04-30 08:05:00,201.74,201.9,201.6,201.63,175626
2026-04-30 08:10:00,201.61,201.81,201.61,201.68,90733
2026-04-30 08:15:00,201.69,201.85,201.6,201.76,84532
2026-04-30 08:20:00,201.76,201.87,201.62,201.65,86599
2026-04-30 08:25:00,201.71,201.89,201.7,201.78,71687
2026-04-30 08:30:00,201.78,202.0,201.72,201.89,106615
2026-04-30 08:35:00,201.89,201.99,201.71,201.9,120909
2026-04-30 08:40:00,201.92,202.05,201.8,201.9,105100
2026-04-30 08:45:00,201.89,201.93,201.7,201.7,121641
2026-04-30 08:50:00,201.76,201.8,201.52,201.78,148732
2026-04-30 08:55:00,201.79,201.8,201.35,201.56,168116
2026-04-30 09:00:00,201.54,201.89,201.48,201.78,125572
2026-04-30 09:05:00,201.78,201.91,201.7,201.8,128468
2026-04-30 09:10:00,201.78,201.95,201.74,201.92,128998
2026-04-30 09:15:00,201.93,202.02,201.6,201.6,149124
2026-04-30 09:20:00,201.6,201.61,201.38,201.4,207634
2026-04-30 09:25:00,201.34,201.5,201.33,201.46,175609
2026-04-30 09:30:00,201.46,201.46,200.79,200.84,703094
2026-04-30 09:35:00,200.83,200.83,200.5,200.54,415733
2026-04-30 09:40:00,200.55,200.55,200.35,200.4,578474
2026-04-30 09:45:00,200.48,200.56,200.3,200.5,492311
2026-04-30 09:50:00,200.48,200.74,200.33,200.71,838423
2026-04-30 09:55:00,200.71,201.2,200.54,201.05,580892
2026-05-04 03:45:00,202.4,203.37,201.33,201.58,695596
2026-05-04 03:50:00,201.58,202.03,201.5,202.0,236016
2026-05-04 03:55:00,201.99,202.01,201.6,201.9,188431
2026-05-04 04:00:00,201.94,202.0,201.4,201.94,189997
2026-05-04 04:05:00,201.95,202.39,201.79,201.9,164787
2026-05-04 04:10:00,201.95,202.0,201.75,201.87,88643
2026-05-04 04:15:00,201.88,201.99,201.7,201.85,89666
2026-05-04 04:20:00,201.85,201.99,201.65,201.8,92538
2026-05-04 04:25:00,201.85,201.85,201.6,201.67,119515
2026-05-04 04:30:00,201.75,201.8,201.52,201.75,133776
2026-05-04 04:35:00,201.67,201.8,201.55,201.64,69980
2026-05-04 04:40:00,201.71,201.73,201.04,201.24,183030
2026-05-04 04:45:00,201.22,201.39,201.12,201.28,79412
2026-05-04 04:50:00,201.28,201.28,200.7,200.79,347960
2026-05-04 04:55:00,200.75,201.0,200.51,200.92,162026
2026-05-04 05:00:00,201.0,201.31,200.97,201.08,88653
2026-05-04 05:05:00,201.08,201.3,201.06,201.25,56547
2026-05-04 05:10:00,201.3,201.34,201.15,201.33,41269
2026-05-04 05:15:00,201.32,201.48,201.21,201.45,51965
2026-05-04 05:20:00,201.45,201.5,201.25,201.33,57681
2026-05-04 05:25:00,201.33,201.35,201.11,201.17,54413
2026-05-04 05:30:00,201.2,201.4,201.13,201.36,50655
2026-05-04 05:35:00,201.35,201.45,201.2,201.32,42878
2026-05-04 05:40:00,201.3,201.6,201.28,201.5,71271
2026-05-04 05:45:00,201.56,201.61,201.31,201.38,55385
2026-05-04 05:50:00,201.38,201.45,201.3,201.3,57667
2026-05-04 05:55:00,201.4,201.49,201.21,201.31,82738
2026-05-04 06:00:00,201.31,201.39,201.18,201.25,43577
2026-05-04 06:05:00,201.31,201.32,201.05,201.17,53869
2026-05-04 06:10:00,201.12,201.26,201.11,201.23,37580
2026-05-04 06:15:00,201.21,201.32,201.11,201.32,29729
2026-05-04 06:20:00,201.32,201.42,201.2,201.28,82751
2026-05-04 06:25:00,201.28,201.35,201.12,201.26,46603
2026-05-04 06:30:00,201.24,201.34,201.05,201.2,60413
2026-05-04 06:35:00,201.11,201.2,200.86,200.96,181873
2026-05-04 06:40:00,200.8,200.96,200.61,200.64,136965
2026-05-04 06:45:00,200.64,200.91,200.64,200.89,118325
2026-05-04 06:50:00,200.89,200.93,200.6,200.67,93102
2026-05-04 06:55:00,200.67,200.86,200.65,200.8,52913
2026-05-04 07:00:00,200.83,200.87,200.7,200.77,47862
2026-05-04 07:05:00,200.84,200.94,200.72,200.72,38950
2026-05-04 07:10:00,200.72,200.8,200.62,200.69,59755
2026-05-04 07:15:00,200.66,200.71,200.58,200.64,69472
2026-05-04 07:20:00,200.64,200.79,200.56,200.79,60598
2026-05-04 07:25:00,200.79,200.8,200.58,200.62,52260
2026-05-04 07:30:00,200.62,200.65,200.56,200.6,42851
2026-05-04 07:35:00,200.61,200.7,200.57,200.69,51953
2026-05-04 07:40:00,200.69,200.7,200.55,200.58,58364
2026-05-04 07:45:00,200.63,200.67,200.52,200.6,62678
2026-05-04 07:50:00,200.6,200.6,200.3,200.45,201022
2026-05-04 07:55:00,200.45,200.52,200.16,200.2,102929
2026-05-04 08:00:00,200.2,200.39,200.1,200.24,112838
2026-05-04 08:05:00,200.2,200.28,200.06,200.28,117544
2026-05-04 08:10:00,200.3,200.49,200.25,200.43,57860
2026-05-04 08:15:00,200.39,200.49,200.31,200.43,89696
2026-05-04 08:20:00,200.42,200.6,200.4,200.49,56613
2026-05-04 08:25:00,200.49,200.5,200.17,200.35,133125
2026-05-04 08:30:00,200.35,200.5,200.23,200.5,59971
2026-05-04 08:35:00,200.5,200.58,200.4,200.58,93863
2026-05-04 08:40:00,200.65,201.07,200.6,200.94,106452
2026-05-04 08:45:00,200.96,201.15,200.87,200.97,116184
2026-05-04 08:50:00,201.0,201.08,200.72,200.81,100581
2026-05-04 08:55:00,200.73,200.93,200.67,200.72,51078
2026-05-04 09:00:00,200.72,200.88,200.72,200.82,57461
2026-05-04 09:05:00,200.81,200.9,200.75,200.75,66699
2026-05-04 09:10:00,200.83,200.93,200.7,200.83,119539
2026-05-04 09:15:00,200.9,200.9,200.5,200.55,107573
2026-05-04 09:20:00,200.63,200.66,200.25,200.66,161438
2026-05-04 09:25:00,200.65,200.79,200.45,200.72,97082
2026-05-04 09:30:00,200.65,200.91,200.53,200.58,280489
2026-05-04 09:35:00,200.66,200.76,200.64,200.69,150522
2026-05-04 09:40:00,200.7,201.05,200.69,200.84,252398
2026-05-04 09:45:00,200.84,200.84,200.52,200.65,150830
2026-05-04 09:50:00,200.67,200.79,200.6,200.6,270345
2026-05-04 09:55:00,200.73,200.95,200.6,200.91,260406
2026-05-05 03:45:00,200.0,202.14,199.95,201.68,450275
2026-05-05 03:50:00,201.62,202.3,201.17,201.17,283650
2026-05-05 03:55:00,201.17,201.37,201.05,201.2,139785
2026-05-05 04:00:00,201.19,201.42,201.01,201.07,72381
2026-05-05 04:05:00,201.06,201.06,200.58,200.68,187019
2026-05-05 04:10:00,200.71,200.78,200.45,200.58,112348
2026-05-05 04:15:00,200.55,201.2,200.54,201.0,87178
2026-05-05 04:20:00,201.04,201.33,200.94,201.16,71646
2026-05-05 04:25:00,201.24,201.3,200.8,201.05,70727
2026-05-05 04:30:00,201.03,201.15,200.7,200.91,57072
2026-05-05 04:35:00,200.96,201.18,200.8,200.88,79080
2026-05-05 04:40:00,200.87,200.97,200.7,200.82,68056
2026-05-05 04:45:00,200.89,200.9,200.55,200.75,103686
2026-05-05 04:50:00,200.69,200.86,200.66,200.69,111038
2026-05-05 04:55:00,200.78,200.79,200.5,200.7,73678
2026-05-05 05:00:00,200.63,200.84,200.63,200.75,34975
2026-05-05 05:05:00,200.78,200.8,200.6,200.7,37509
2026-05-05 05:10:00,200.7,200.78,200.55,200.61,69027
2026-05-05 05:15:00,200.67,200.68,200.32,200.59,148741
2026-05-05 05:20:00,200.53,200.6,200.51,200.58,21023
2026-05-05 05:25:00,200.55,200.7,200.41,200.7,86331
2026-05-05 05:30:00,200.75,200.86,200.51,200.82,94217
2026-05-05 05:35:00,200.73,200.74,200.45,200.45,130150
2026-05-05 05:40:00,200.37,200.62,200.37,200.41,106147
2026-05-05 05:45:00,200.49,200.6,200.4,200.45,46230
2026-05-05 05:50:00,200.38,200.45,200.2,200.24,152333
2026-05-05 05:55:00,200.21,200.26,200.11,200.12,112091
2026-05-05 06:00:00,200.19,200.26,200.1,200.14,118719
2026-05-05 06:05:00,200.18,200.2,200.06,200.2,146823
2026-05-05 06:10:00,200.18,200.21,199.9,199.92,487368
2026-05-05 06:15:00,199.92,199.92,199.7,199.85,184677
2026-05-05 06:20:00,199.86,200.0,199.8,199.9,105666
2026-05-05 06:25:00,199.93,199.93,199.81,199.93,65262
2026-05-05 06:30:00,199.93,199.94,199.8,199.89,85975
2026-05-05 06:35:00,199.89,200.03,199.83,199.95,85844
2026-05-05 06:40:00,199.97,200.05,199.83,200.04,64953
2026-05-05 06:45:00,200.01,200.15,200.0,200.14,56044
2026-05-05 06:50:00,200.1,200.22,199.93,199.93,97075
2026-05-05 06:55:00,199.94,200.01,199.81,199.95,68220
2026-05-05 07:00:00,199.95,200.02,199.85,199.95,49803
2026-05-05 07:05:00,199.95,200.07,199.9,200.05,53293
2026-05-05 07:10:00,200.05,200.18,199.94,199.97,80373
2026-05-05 07:15:00,199.94,199.97,199.81,199.93,69982
2026-05-05 07:20:00,199.9,200.09,199.9,200.0,61288
2026-05-05 07:25:00,199.99,200.13,199.96,200.12,32038
2026-05-05 07:30:00,200.12,200.17,200.0,200.04,72211
2026-05-05 07:35:00,200.04,200.22,199.98,200.1,98028
2026-05-05 07:40:00,200.15,200.19,200.02,200.1,52053
2026-05-05 07:45:00,200.1,200.18,200.04,200.15,72000
2026-05-05 07:50:00,200.18,200.2,200.05,200.1,66472
2026-05-05 07:55:00,200.1,200.1,199.9,199.99,103892
2026-05-05 08:00:00,200.0,200.1,199.93,200.07,40069
2026-05-05 08:05:00,200.07,200.19,199.98,200.0,61051
2026-05-05 08:10:00,200.0,200.19,199.98,200.15,29618
2026-05-05 08:15:00,200.16,200.2,200.1,200.15,45634
2026-05-05 08:20:00,200.15,200.19,200.01,200.01,66180
2026-05-05 08:25:00,200.05,200.1,199.9,199.9,103747
2026-05-05 08:30:00,199.97,200.06,199.9,199.98,68945
2026-05-05 08:35:00,199.98,200.0,199.9,199.96,76331
2026-05-05 08:40:00,199.96,199.99,199.8,199.96,96233
2026-05-05 08:45:00,199.96,200.05,199.91,200.04,44958
2026-05-05 08:50:00,200.04,200.09,199.96,200.05,36748
2026-05-05 08:55:00,199.97,200.15,199.9,200.15,79881
2026-05-05 09:00:00,200.15,200.16,200.0,200.02,56539
2026-05-05 09:05:00,200.02,200.09,199.9,199.99,89542
2026-05-05 09:10:00,199.97,200.14,199.95,200.03,102043
2026-05-05 09:15:00,200.05,200.05,199.85,199.95,152873
2026-05-05 09:20:00,199.95,199.95,199.61,199.72,291429
2026-05-05 09:25:00,199.72,199.77,199.61,199.61,115284
2026-05-05 09:30:00,199.7,199.75,199.6,199.61,260841
2026-05-05 09:35:00,199.64,199.85,199.6,199.81,229328
2026-05-05 09:40:00,199.83,199.9,199.71,199.83,249100
2026-05-05 09:45:00,199.83,199.97,199.7,199.81,324836
2026-05-05 09:50:00,199.8,199.88,199.66,199.86,362991
2026-05-05 09:55:00,199.86,200.17,199.7,200.08,431557
2026-05-06 03:45:00,200.51,201.13,200.07,200.37,769730
2026-05-06 03:50:00,200.36,200.7,200.29,200.65,150833
2026-05-06 03:55:00,200.66,200.89,200.6,200.84,157696
2026-05-06 04:00:00,200.93,201.06,200.57,200.63,211245
2026-05-06 04:05:00,200.68,200.75,200.35,200.45,146064
2026-05-06 04:10:00,200.44,200.45,200.08,200.15,132749
2026-05-06 04:15:00,200.15,200.25,200.02,200.14,185767
2026-05-06 04:20:00,200.14,200.34,200.12,200.21,71618
2026-05-06 04:25:00,200.25,200.46,200.11,200.2,78454
2026-05-06 04:30:00,200.2,200.25,200.0,200.03,176443
2026-05-06 04:35:00,200.03,200.16,199.9,200.09,260630
2026-05-06 04:40:00,200.09,200.33,200.01,200.22,93850
2026-05-06 04:45:00,200.29,200.34,200.05,200.05,85131
2026-05-06 04:50:00,200.05,200.19,199.95,200.13,151894
2026-05-06 04:55:00,200.1,200.21,199.9,200.0,120407
2026-05-06 05:00:00,200.0,200.0,199.62,199.7,188419
2026-05-06 05:05:00,199.7,199.79,199.61,199.69,103438
2026-05-06 05:10:00,199.69,199.98,199.67,199.93,73946
2026-05-06 05:15:00,199.93,199.98,199.8,199.9,68604
2026-05-06 05:20:00,199.9,199.91,199.7,199.75,67806
2026-05-06 05:25:00,199.82,199.91,199.72,199.89,85277
2026-05-06 05:30:00,199.86,199.9,199.74,199.74,61840
2026-05-06 05:35:00,199.79,199.9,199.71,199.86,57736
2026-05-06 05:40:00,199.85,199.9,199.6,199.8,106957
2026-05-06 05:45:00,199.8,200.0,199.74,199.91,78750
2026-05-06 05:50:00,199.91,199.97,199.8,199.87,44752
2026-05-06 05:55:00,199.82,199.95,199.82,199.94,55868
2026-05-06 06:00:00,199.93,200.0,199.9,199.99,58279
2026-05-06 06:05:00,199.99,199.99,199.82,199.91,74729
2026-05-06 06:10:00,199.9,200.16,199.9,200.05,254144
2026-05-06 06:15:00,200.04,200.05,199.91,200.02,60758
2026-05-06 06:20:00,200.04,200.05,199.9,199.94,66652
2026-05-06 06:25:00,199.94,200.0,199.88,199.94,51286
2026-05-06 06:30:00,199.94,200.02,199.86,199.97,68747
2026-05-06 06:35:00,199.95,199.98,199.86,199.97,44838
2026-05-06 06:40:00,199.9,199.97,199.8,199.87,44618
2026-05-06 06:45:00,199.86,199.86,199.38,199.4,386125
2026-05-06 06:50:00,199.42,199.5,199.2,199.37,199974
2026-05-06 06:55:00,199.37,199.38,199.11,199.17,156518
2026-05-06 07:00:00,199.18,199.22,199.01,199.08,215475
2026-05-06 07:05:00,199.05,199.18,198.82,198.94,437659
2026-05-06 07:10:00,198.94,198.96,198.54,198.67,212061
2026-05-06 07:15:00,198.68,198.75,198.48,198.69,250045
2026-05-06 07:20:00,198.65,198.65,198.31,198.37,217213
2026-05-06 07:25:00,198.37,198.5,198.3,198.39,143360
2026-05-06 07:30:00,198.4,198.62,198.25,198.55,163644
2026-05-06 07:35:00,198.55,198.91,198.51,198.86,101832
2026-05-06 07:40:00,198.87,198.87,198.61,198.83,109830
2026-05-06 07:45:00,198.87,199.0,198.8,198.9,144022
2026-05-06 07:50:00,198.91,199.0,198.81,198.93,65054
2026-05-06 07:55:00,198.99,199.0,198.88,198.97,101138
2026-05-06 08:00:00,198.97,198.98,198.81,198.85,66954
2026-05-06 08:05:00,198.88,198.96,198.74,198.74,104987
2026-05-06 08:10:00,198.79,198.81,198.62,198.74,117292
2026-05-06 08:15:00,198.7,198.82,198.62,198.74,96997
2026-05-06 08:20:00,198.75,198.89,198.56,198.67,104915
2026-05-06 08:25:00,198.67,198.67,198.31,198.57,202229
2026-05-06 08:30:00,198.55,198.74,198.5,198.74,91347
2026-05-06 08:35:00,198.7,198.79,198.55,198.63,135862
2026-05-06 08:40:00,198.63,198.9,198.62,198.79,78386
2026-05-06 08:45:00,198.8,198.89,198.75,198.82,92586
2026-05-06 08:50:00,198.8,199.25,198.8,199.11,362377
2026-05-06 08:55:00,199.1,199.4,199.04,199.4,221842
2026-05-06 09:00:00,199.44,199.5,199.06,199.24,199438
2026-05-06 09:05:00,199.23,199.49,199.19,199.44,175318
2026-05-06 09:10:00,199.4,199.59,199.4,199.43,170390
2026-05-06 09:15:00,199.43,199.54,199.24,199.44,321067
2026-05-06 09:20:00,199.44,199.59,199.4,199.53,136561
2026-05-06 09:25:00,199.53,199.64,199.48,199.54,171971
2026-05-06 09:30:00,199.59,199.64,199.41,199.45,317306
2026-05-06 09:35:00,199.45,199.45,199.16,199.23,367666
2026-05-06 09:40:00,199.2,199.22,198.95,199.06,400220
2026-05-06 09:45:00,199.06,199.2,199.0,199.15,418835
2026-05-06 09:50:00,199.18,199.18,198.9,198.98,567564
2026-05-06 09:55:00,199.0,199.2,198.91,199.04,741421
2026-05-07 03:45:00,199.5,200.28,199.14,199.31,927083
2026-05-07 03:50:00,199.42,199.52,198.51,198.72,584636
2026-05-07 03:55:00,198.76,198.78,198.48,198.5,473386
2026-05-07 04:00:00,198.5,198.83,198.25,198.41,319582
2026-05-07 04:05:00,198.37,198.62,198.35,198.6,224426
2026-05-07 04:10:00,198.54,198.87,198.5,198.73,191798
2026-05-07 04:15:00,198.73,198.75,198.55,198.64,192139
2026-05-07 04:20:00,198.64,198.64,198.36,198.44,265888
2026-05-07 04:25:00,198.45,198.77,198.42,198.47,154015
2026-05-07 04:30:00,198.47,198.55,198.18,198.39,358525
2026-05-07 04:35:00,198.37,198.52,198.25,198.28,163553
2026-05-07 04:40:00,198.29,198.42,198.05,198.3,322334
2026-05-07 04:45:00,198.3,198.39,198.2,198.28,201029
2026-05-07 04:50:00,198.34,198.54,198.28,198.5,107498
2026-05-07 04:55:00,198.5,198.62,198.4,198.52,166041
2026-05-07 05:00:00,198.6,198.75,198.5,198.75,142837
2026-05-07 05:05:00,198.72,198.72,198.5,198.55,117949
2026-05-07 05:10:00,198.55,198.6,198.4,198.5,126976
2026-05-07 05:15:00,198.42,198.61,198.42,198.58,112587
2026-05-07 05:20:00,198.51,198.6,198.33,198.58,129690
2026-05-07 05:25:00,198.59,198.65,198.44,198.6,109275
2026-05-07 05:30:00,198.62,198.63,198.36,198.49,123682
2026-05-07 05:35:00,198.44,198.55,198.3,198.35,128251
2026-05-07 05:40:00,198.34,198.38,198.16,198.2,181444
2026-05-07 05:45:00,198.2,198.21,198.05,198.15,265164
2026-05-07 05:50:00,198.15,198.15,198.0,198.09,272847
2026-05-07 05:55:00,198.1,198.19,198.01,198.13,114446
2026-05-07 06:00:00,198.13,198.48,198.12,198.43,79718
2026-05-07 06:05:00,198.43,198.45,198.25,198.38,113857
2026-05-07 06:10:00,198.38,198.38,197.85,197.94,1027361
2026-05-07 06:15:00,197.9,198.0,197.8,197.84,249342
2026-05-07 06:20:00,197.83,198.0,197.82,197.95,114356
2026-05-07 06:25:00,197.96,198.0,197.87,197.99,75465
2026-05-07 06:30:00,197.97,198.13,197.9,197.91,178764
2026-05-07 06:35:00,197.9,198.01,197.85,198.0,131209
2026-05-07 06:40:00,197.99,198.05,197.9,197.92,98275
2026-05-07 06:45:00,197.99,198.05,197.91,197.95,105664
2026-05-07 06:50:00,197.95,198.19,197.95,198.01,164674
2026-05-07 06:55:00,198.02,198.06,197.91,197.95,243910
2026-05-07 07:00:00,197.93,198.02,197.85,197.95,299326
2026-05-07 07:05:00,197.97,198.08,197.92,198.08,176732
2026-05-07 07:10:00,198.08,198.16,198.0,198.01,155730
2026-05-07 07:15:00,198.0,198.17,198.0,198.06,221943
2026-05-07 07:20:00,198.07,198.14,197.9,197.91,367503
2026-05-07 07:25:00,197.92,198.02,197.75,197.85,509112
2026-05-07 07:30:00,197.86,197.98,197.81,197.92,135003
2026-05-07 07:35:00,197.9,198.0,197.9,197.97,95456
2026-05-07 07:40:00,197.97,197.98,197.75,197.87,149577
2026-05-07 07:45:00,197.87,197.89,197.65,197.83,289201
2026-05-07 07:50:00,197.81,197.9,197.66,197.8,185380
2026-05-07 07:55:00,197.78,197.92,197.78,197.88,311941
2026-05-07 08:00:00,197.87,197.91,197.75,197.82,85321
2026-05-07 08:05:00,197.82,197.88,197.7,197.75,109894
2026-05-07 08:10:00,197.71,197.9,197.71,197.89,99602
2026-05-07 08:15:00,197.88,197.9,197.7,197.85,113049
2026-05-07 08:20:00,197.83,197.88,197.72,197.85,91348
2026-05-07 08:25:00,197.85,197.9,197.8,197.86,125960
2026-05-07 08:30:00,197.86,197.86,197.75,197.76,109652
2026-05-07 08:35:00,197.75,197.89,197.72,197.79,186561
2026-05-07 08:40:00,197.8,197.89,197.65,197.69,235435
2026-05-07 08:45:00,197.7,197.74,197.64,197.7,150463
2026-05-07 08:50:00,197.69,197.76,197.62,197.68,181712
2026-05-07 08:55:00,197.68,197.71,197.5,197.5,326869
2026-05-07 09:00:00,197.51,197.59,197.35,197.54,438889
2026-05-07 09:05:00,197.54,197.56,197.41,197.46,140401
2026-05-07 09:10:00,197.4,197.55,197.39,197.51,222064
2026-05-07 09:15:00,197.51,197.63,197.44,197.57,178077
2026-05-07 09:20:00,197.53,197.7,197.52,197.66,158747
2026-05-07 09:25:00,197.66,197.75,197.56,197.62,285789
2026-05-07 09:30:00,197.68,197.68,197.44,197.44,483646
2026-05-07 09:35:00,197.44,197.44,197.24,197.32,833297
2026-05-07 09:40:00,197.32,197.45,197.26,197.41,500437
2026-05-07 09:45:00,197.41,197.44,197.22,197.37,640103
2026-05-07 09:50:00,197.36,197.39,197.3,197.31,641886
2026-05-07 09:55:00,197.31,197.47,197.19,197.39,826840
2026-05-08 03:45:00,198.0,198.7,197.49,198.54,783790
2026-05-08 03:50:00,198.54,198.94,198.22,198.45,468803
2026-05-08 03:55:00,198.43,198.46,197.86,198.3,851265
2026-05-08 04:00:00,198.35,198.35,197.0,197.43,800971
2026-05-08 04:05:00,197.38,197.83,197.25,197.25,415666
2026-05-08 04:10:00,197.25,197.34,196.91,197.0,477461
2026-05-08 04:15:00,197.0,197.01,196.7,197.0,342626
2026-05-08 04:20:00,197.0,197.28,196.96,197.26,513865
2026-05-08 04:25:00,197.26,197.34,197.02,197.34,150989
2026-05-08 04:30:00,197.34,197.34,196.81,196.85,519052
2026-05-08 04:35:00,196.85,196.92,196.72,196.77,219738
2026-05-08 04:40:00,196.77,197.0,196.7,196.9,193488
2026-05-08 04:45:00,196.88,197.0,196.87,197.0,189896
2026-05-08 04:50:00,197.03,197.58,196.97,197.4,740863
2026-05-08 04:55:00,197.43,197.84,197.42,197.6,217940
2026-05-08 05:00:00,197.6,197.9,197.4,197.81,769740
2026-05-08 05:05:00,197.8,197.83,197.61,197.7,121805
2026-05-08 05:10:00,197.69,197.83,197.51,197.61,108984
2026-05-08 05:15:00,197.67,197.71,197.46,197.52,92454
2026-05-08 05:20:00,197.45,197.55,197.4,197.46,87856
2026-05-08 05:25:00,197.46,197.49,197.25,197.44,109897
2026-05-08 05:30:00,197.44,197.44,197.12,197.26,113677
2026-05-08 05:35:00,197.24,197.32,197.2,197.26,47526
2026-05-08 05:40:00,197.26,197.35,197.15,197.29,98403
2026-05-08 05:45:00,197.28,197.3,197.0,197.08,209182
2026-05-08 05:50:00,197.09,197.13,196.94,197.04,117482
2026-05-08 05:55:00,197.05,197.17,197.01,197.16,81923
2026-05-08 06:00:00,197.16,197.3,197.06,197.3,57378
2026-05-08 06:05:00,197.27,197.36,197.25,197.27,72944
2026-05-08 06:10:00,197.27,197.48,197.26,197.34,79201
2026-05-08 06:15:00,197.34,197.4,197.26,197.35,93395
2026-05-08 06:20:00,197.36,197.5,197.24,197.44,92531
2026-05-08 06:25:00,197.47,197.52,197.4,197.46,73820
2026-05-08 06:30:00,197.47,197.47,197.32,197.45,71651
2026-05-08 06:35:00,197.45,197.46,197.4,197.41,45578
2026-05-08 06:40:00,197.44,197.56,197.38,197.53,77881
2026-05-08 06:45:00,197.52,197.6,197.45,197.59,152436
2026-05-08 06:50:00,197.6,197.6,197.12,197.29,189534
2026-05-08 06:55:00,197.26,197.57,197.2,197.55,103015
2026-05-08 07:00:00,197.55,197.7,197.4,197.46,179631
2026-05-08 07:05:00,197.5,197.67,197.4,197.43,95277
2026-05-08 07:10:00,197.44,197.58,197.4,197.49,71013
2026-05-08 07:15:00,197.5,197.53,197.3,197.44,47383
2026-05-08 07:20:00,197.43,197.52,197.36,197.46,103582
2026-05-08 07:25:00,197.5,197.59,197.44,197.46,54984
2026-05-08 07:30:00,197.5,197.55,197.36,197.49,73794
2026-05-08 07:35:00,197.49,197.73,197.42,197.66,77519
2026-05-08 07:40:00,197.66,197.81,197.6,197.76,88863
2026-05-08 07:45:00,197.76,197.79,197.6,197.67,97865
2026-05-08 07:50:00,197.62,197.72,197.53,197.67,94956
2026-05-08 07:55:00,197.72,198.18,197.66,198.11,192291
2026-05-08 08:00:00,198.14,198.16,197.9,198.0,115143
2026-05-08 08:05:00,197.95,198.04,197.65,197.74,129289
2026-05-08 08:10:00,197.74,197.89,197.6,197.62,65767
2026-05-08 08:15:00,197.65,197.69,197.37,197.48,271053
2026-05-08 08:20:00,197.5,197.64,197.45,197.55,86875
2026-05-08 08:25:00,197.59,197.65,197.35,197.43,84715
2026-05-08 08:30:00,197.33,197.64,197.33,197.55,99622
2026-05-08 08:35:00,197.56,197.75,197.55,197.69,181164
2026-05-08 08:40:00,197.7,197.9,197.6,197.76,172236
2026-05-08 08:45:00,197.76,197.82,197.53,197.59,207316
2026-05-08 08:50:00,197.61,197.73,197.45,197.54,187271
2026-05-08 08:55:00,197.55,197.66,197.5,197.63,84247
2026-05-08 09:00:00,197.65,198.05,197.61,197.95,169379
2026-05-08 09:05:00,197.94,198.27,197.89,198.16,206666
2026-05-08 09:10:00,198.2,198.38,198.02,198.05,210140
2026-05-08 09:15:00,198.05,198.18,197.95,198.09,202754
2026-05-08 09:20:00,198.1,198.25,198.09,198.14,134217
2026-05-08 09:25:00,198.1,198.18,197.87,197.95,210653
2026-05-08 09:30:00,197.94,198.0,197.72,197.89,247608
2026-05-08 09:35:00,197.85,198.13,197.81,198.11,255886
2026-05-08 09:40:00,198.11,198.12,197.93,197.95,199858
2026-05-08 09:45:00,197.96,198.04,197.89,197.91,382551
2026-05-08 09:50:00,197.94,197.98,197.8,197.87,372418
2026-05-08 09:55:00,197.86,197.99,197.8,197.88,440260
2026-05-11 03:45:00,197.88,198.24,196.82,197.97,581287
2026-05-11 03:50:00,197.96,197.96,197.12,197.61,320928
2026-05-11 03:55:00,197.65,197.65,197.19,197.31,154420
2026-05-11 04:00:00,197.24,197.61,197.2,197.47,106381
2026-05-11 04:05:00,197.4,197.48,197.0,197.01,238071
2026-05-11 04:10:00,197.05,197.08,196.75,196.77,169125
2026-05-11 04:15:00,196.82,197.25,196.77,197.19,110670
2026-05-11 04:20:00,197.19,197.25,196.99,197.25,122336
2026-05-11 04:25:00,197.25,197.35,197.12,197.14,75664
2026-05-11 04:30:00,197.14,197.28,197.04,197.06,69340
2026-05-11 04:35:00,197.06,197.34,197.02,197.16,88999
2026-05-11 04:40:00,197.21,197.25,197.05,197.13,84407
2026-05-11 04:45:00,197.12,197.16,196.9,197.01,176377
2026-05-11 04:50:00,197.01,197.25,197.01,197.15,83772
2026-05-11 04:55:00,197.16,197.69,197.01,197.59,106598
2026-05-11 05:00:00,197.59,197.69,197.45,197.65,57244
2026-05-11 05:05:00,197.65,197.8,197.58,197.69,56918
2026-05-11 05:10:00,197.69,197.69,197.45,197.59,52904
2026-05-11 05:15:00,197.58,197.6,197.31,197.38,52747
2026-05-11 05:20:00,197.38,197.49,197.27,197.45,50662
2026-05-11 05:25:00,197.45,197.9,197.38,197.85,142264
2026-05-11 05:30:00,197.85,198.09,197.75,198.04,107434
2026-05-11 05:35:00,198.03,198.15,197.9,198.04,93377
2026-05-11 05:40:00,198.04,198.05,197.8,197.85,74813
2026-05-11 05:45:00,197.88,197.91,197.51,197.66,76839
2026-05-11 05:50:00,197.66,197.78,197.6,197.67,51210
2026-05-11 05:55:00,197.66,197.77,197.6,197.71,51479
2026-05-11 06:00:00,197.71,197.78,197.5,197.58,91590
2026-05-11 06:05:00,197.58,197.72,197.46,197.72,62196
2026-05-11 06:10:00,197.78,197.89,197.54,197.89,62205
2026-05-11 06:15:00,197.89,197.89,197.7,197.7,50716
2026-05-11 06:20:00,197.77,197.95,197.66,197.95,52018
2026-05-11 06:25:00,197.9,197.94,197.58,197.69,51831
2026-05-11 06:30:00,197.69,197.73,197.5,197.54,40114
2026-05-11 06:35:00,197.52,197.75,197.5,197.57,41424
2026-05-11 06:40:00,197.54,197.59,197.4,197.42,69742
2026-05-11 06:45:00,197.42,197.48,197.2,197.28,117909
2026-05-11 06:50:00,197.31,197.47,197.2,197.38,69224
2026-05-11 06:55:00,197.35,197.59,197.32,197.55,53870
2026-05-11 07:00:00,197.54,197.79,197.46,197.63,79626
2026-05-11 07:05:00,197.7,197.8,197.51,197.8,117938
2026-05-11 07:10:00,197.73,198.0,197.71,198.0,109612
2026-05-11 07:15:00,198.01,198.04,197.83,197.94,99013
2026-05-11 07:20:00,197.94,198.05,197.86,198.02,40984
2026-05-11 07:25:00,198.0,198.04,197.8,197.8,42712
2026-05-11 07:30:00,197.87,197.9,197.67,197.78,44529
2026-05-11 07:35:00,197.78,197.94,197.61,197.94,41929
2026-05-11 07:40:00,197.94,197.95,197.77,197.93,31678
2026-05-11 07:45:00,197.89,197.94,197.78,197.89,34466
2026-05-11 07:50:00,197.89,198.04,197.84,198.04,108740
2026-05-11 07:55:00,198.0,198.04,197.91,197.96,47175
2026-05-11 08:00:00,198.0,198.0,197.35,197.59,255848
2026-05-11 08:05:00,197.6,197.86,197.5,197.74,35997
2026-05-11 08:10:00,197.73,197.75,197.54,197.65,52226
2026-05-11 08:15:00,197.64,197.7,197.55,197.63,46171
2026-05-11 08:20:00,197.63,197.86,197.55,197.86,40751
2026-05-11 08:25:00,197.83,197.9,197.74,197.75,38375
2026-05-11 08:30:00,197.75,197.83,197.61,197.7,70402
2026-05-11 08:35:00,197.69,197.96,197.62,197.87,48209
2026-05-11 08:40:00,197.87,197.95,197.75,197.88,51727
2026-05-11 08:45:00,197.86,197.88,197.6,197.61,112016
2026-05-11 08:50:00,197.61,197.79,197.6,197.61,49310
2026-05-11 08:55:00,197.61,197.68,197.5,197.5,53319
2026-05-11 09:00:00,197.56,197.94,197.52,197.89,97994
2026-05-11 09:05:00,197.89,197.9,197.54,197.58,69391
2026-05-11 09:10:00,197.58,197.58,197.2,197.2,132641
2026-05-11 09:15:00,197.2,197.23,196.9,196.9,555514
2026-05-11 09:20:00,196.91,197.08,196.9,196.97,75686
2026-05-11 09:25:00,196.97,197.03,196.96,196.99,81778
2026-05-11 09:30:00,196.98,197.08,196.7,196.72,392740
2026-05-11 09:35:00,196.71,196.76,196.6,196.62,240371
2026-05-11 09:40:00,196.64,196.89,196.6,196.71,292215
2026-05-11 09:45:00,196.71,196.92,196.65,196.68,303445
2026-05-11 09:50:00,196.68,196.72,196.6,196.69,361898
2026-05-11 09:55:00,196.68,196.84,196.15,196.24,728918
2026-05-12 03:45:00,196.1,196.14,193.47,194.0,1751914
2026-05-12 03:50:00,193.88,194.0,193.2,193.49,826456
2026-05-12 03:55:00,193.48,193.56,192.36,192.77,894070
2026-05-12 04:00:00,192.87,192.91,191.82,192.22,1017694
2026-05-12 04:05:00,192.22,192.46,191.6,191.69,697601
2026-05-12 04:10:00,191.69,192.2,191.56,191.96,482761
2026-05-12 04:15:00,191.96,192.07,191.52,191.99,445056
2026-05-12 04:20:00,191.99,192.26,191.9,192.04,445693
2026-05-12 04:25:00,192.04,192.19,191.68,191.77,456437
2026-05-12 04:30:00,191.77,191.93,191.6,191.7,582303
2026-05-12 04:35:00,191.7,191.95,191.5,191.84,429351
2026-05-12 04:40:00,191.85,191.89,191.6,191.75,471344
2026-05-12 04:45:00,191.68,191.75,191.4,191.41,577889
2026-05-12 04:50:00,191.46,191.96,191.31,191.35,444534
2026-05-12 04:55:00,191.34,191.39,191.1,191.25,425924
2026-05-12 05:00:00,191.25,191.25,191.0,191.09,611039
2026-05-12 05:05:00,191.1,191.12,190.64,190.7,514797
2026-05-12 05:10:00,190.77,191.09,190.7,190.77,384039
2026-05-12 05:15:00,190.77,190.81,190.4,190.5,470129
2026-05-12 05:20:00,190.5,190.88,190.35,190.71,290295
2026-05-12 05:25:00,190.72,191.1,190.6,191.01,232013
2026-05-12 05:30:00,191.01,191.4,190.75,191.14,305754
2026-05-12 05:35:00,191.14,191.22,190.85,191.08,272379
2026-05-12 05:40:00,191.09,191.2,190.9,190.99,201897
2026-05-12 05:45:00,190.99,191.14,190.88,190.98,166595
2026-05-12 05:50:00,190.98,191.01,190.78,190.83,298119
2026-05-12 05:55:00,190.83,191.07,190.7,190.83,197134
2026-05-12 06:00:00,190.83,191.13,190.7,191.1,154992
2026-05-12 06:05:00,191.15,191.19,190.96,191.13,154813
2026-05-12 06:10:00,191.13,191.19,191.02,191.11,161155
2026-05-12 06:15:00,191.11,191.15,191.0,191.09,117109
2026-05-12 06:20:00,191.09,191.19,191.01,191.08,145751
2026-05-12 06:25:00,191.11,191.46,191.04,191.16,178384
2026-05-12 06:30:00,191.16,191.24,190.61,190.71,260160
2026-05-12 06:35:00,190.71,190.87,190.54,190.63,230849
2026-05-12 06:40:00,190.61,190.71,190.52,190.64,156628
2026-05-12 06:45:00,190.62,190.69,190.51,190.66,168660
2026-05-12 06:50:00,190.63,190.66,190.25,190.49,398161
2026-05-12 06:55:00,190.5,190.56,190.33,190.49,178679
2026-05-12 07:00:00,190.49,190.69,190.3,190.55,209198
2026-05-12 07:05:00,190.62,190.62,190.26,190.27,184420
2026-05-12 07:10:00,190.27,190.67,190.27,190.58,153216
2026-05-12 07:15:00,190.55,190.68,190.31,190.64,223386
2026-05-12 07:20:00,190.64,190.89,190.62,190.76,127253
2026-05-12 07:25:00,190.79,190.99,190.75,190.92,133297
2026-05-12 07:30:00,190.91,191.11,190.87,191.04,181694
2026-05-12 07:35:00,191.07,191.09,190.85,190.9,142523
2026-05-12 07:40:00,190.93,191.03,190.66,191.03,197147
2026-05-12 07:45:00,191.05,191.15,190.86,191.03,180126
2026-05-12 07:50:00,190.99,191.0,190.62,190.73,277670
2026-05-12 07:55:00,190.73,190.87,190.62,190.87,129644
2026-05-12 08:00:00,190.89,191.0,190.83,190.87,113650
2026-05-12 08:05:00,190.86,190.9,190.61,190.9,141152
2026-05-12 08:10:00,190.9,190.9,190.58,190.72,111147
2026-05-12 08:15:00,190.72,190.75,190.37,190.42,216155
2026-05-12 08:20:00,190.42,190.72,190.38,190.7,124526
2026-05-12 08:25:00,190.7,190.71,190.4,190.5,152332
2026-05-12 08:30:00,190.49,190.52,190.25,190.3,203259
2026-05-12 08:35:00,190.29,190.44,190.1,190.11,289961
2026-05-12 08:40:00,190.12,190.19,190.02,190.18,305436
2026-05-12 08:45:00,190.18,190.29,190.06,190.17,200806
2026-05-12 08:50:00,190.17,190.6,190.04,190.52,236010
2026-05-12 08:55:00,190.5,190.52,190.21,190.21,155921
2026-05-12 09:00:00,190.27,190.27,190.0,190.0,407189
2026-05-12 09:05:00,190.05,190.15,190.0,190.13,381426
2026-05-12 09:10:00,190.1,190.13,190.0,190.05,494934
2026-05-12 09:15:00,190.04,190.05,189.65,189.87,584053
2026-05-12 09:20:00,189.87,189.9,189.6,189.64,240946
2026-05-12 09:25:00,189.6,189.68,189.5,189.65,299913
2026-05-12 09:30:00,189.65,189.78,189.25,189.37,619310
2026-05-12 09:35:00,189.38,189.5,189.1,189.18,613954
2026-05-12 09:40:00,189.2,189.32,189.11,189.25,730346
2026-05-12 09:45:00,189.24,189.76,189.22,189.76,698922
2026-05-12 09:50:00,189.83,190.0,189.6,189.83,1050081
2026-05-12 09:55:00,189.87,190.38,189.79,190.28,640738
2026-05-13 03:45:00,190.67,191.3,189.6,189.82,1255181
2026-05-13 03:50:00,189.82,189.93,188.65,188.7,717642
2026-05-13 03:55:00,188.71,188.99,188.25,188.55,421423
2026-05-13 04:00:00,188.55,188.74,188.11,188.17,330195
2026-05-13 04:05:00,188.15,188.33,187.55,187.61,560252
2026-05-13 04:10:00,187.69,188.09,187.31,188.02,306605
2026-05-13 04:15:00,187.99,188.39,187.5,187.65,335172
2026-05-13 04:20:00,187.65,188.42,187.57,188.39,182171
2026-05-13 04:25:00,188.39,188.65,188.2,188.48,186038
2026-05-13 04:30:00,188.46,188.77,188.28,188.7,176908
2026-05-13 04:35:00,188.7,188.98,188.7,188.9,152598
2026-05-13 04:40:00,188.94,189.06,188.7,188.99,189052
2026-05-13 04:45:00,188.98,189.32,188.91,189.31,124028
2026-05-13 04:50:00,189.32,189.68,189.3,189.65,219027
2026-05-13 04:55:00,189.6,189.79,189.2,189.35,276758
2026-05-13 05:00:00,189.35,189.4,188.51,188.77,368179
2026-05-13 05:05:00,188.79,188.85,188.05,188.12,325396
2026-05-13 05:10:00,188.15,188.55,188.06,188.48,360243
2026-05-13 05:15:00,188.48,188.7,188.42,188.51,185504
2026-05-13 05:20:00,188.51,188.66,188.34,188.45,274559
2026-05-13 05:25:00,188.45,188.5,188.0,188.02,347202
2026-05-13 05:30:00,188.02,188.12,187.93,187.96,219646
2026-05-13 05:35:00,187.96,188.0,187.59,187.64,208324
2026-05-13 05:40:00,187.64,187.95,187.5,187.87,137760
2026-05-13 05:45:00,187.89,188.12,187.74,187.96,111193
2026-05-13 05:50:00,187.94,188.27,187.85,188.24,99493
2026-05-13 05:55:00,188.23,188.28,187.85,188.0,219413
2026-05-13 06:00:00,187.94,188.4,187.9,188.32,220865
2026-05-13 06:05:00,188.38,188.91,188.3,188.68,342744
2026-05-13 06:10:00,188.7,188.8,188.5,188.8,132998
2026-05-13 06:15:00,188.8,188.82,188.41,188.56,129578
2026-05-13 06:20:00,188.58,188.7,188.45,188.65,93700
2026-05-13 06:25:00,188.66,188.75,188.39,188.4,89356
2026-05-13 06:30:00,188.47,188.6,188.35,188.55,133789
2026-05-13 06:35:00,188.6,188.79,188.52,188.79,170808
2026-05-13 06:40:00,188.78,189.38,188.71,189.3,205492
2026-05-13 06:45:00,189.31,189.31,188.79,188.82,101789
2026-05-13 06:50:00,188.81,188.88,188.5,188.59,91848
2026-05-13 06:55:00,188.58,188.68,188.2,188.25,117328
2026-05-13 07:00:00,188.24,188.4,188.12,188.21,121953
2026-05-13 07:05:00,188.21,188.33,188.12,188.2,125770
2026-05-13 07:10:00,188.25,188.25,187.95,188.15,259243
2026-05-13 07:15:00,188.16,188.23,188.04,188.16,122387
2026-05-13 07:20:00,188.16,188.6,188.11,188.6,114992
2026-05-13 07:25:00,188.65,188.92,188.57,188.89,119079
2026-05-13 07:30:00,188.86,188.92,188.62,188.65,131814
2026-05-13 07:35:00,188.68,188.74,188.33,188.44,124940
2026-05-13 07:40:00,188.42,188.66,188.42,188.57,59550
2026-05-13 07:45:00,188.6,188.6,188.4,188.44,75038
2026-05-13 07:50:00,188.46,188.57,188.4,188.45,64910
2026-05-13 07:55:00,188.4,188.45,188.12,188.24,105154
2026-05-13 08:00:00,188.27,188.55,188.15,188.42,91055
2026-05-13 08:05:00,188.41,188.58,188.4,188.57,69496
2026-05-13 08:10:00,188.58,188.6,188.4,188.42,75647
2026-05-13 08:15:00,188.46,188.53,188.25,188.3,114546
2026-05-13 08:20:00,188.34,188.39,188.16,188.31,67254
2026-05-13 08:25:00,188.35,188.35,188.11,188.3,154759
2026-05-13 08:30:00,188.28,188.43,188.25,188.29,80558
2026-05-13 08:35:00,188.3,188.47,188.2,188.43,171040
2026-05-13 08:40:00,188.43,188.71,188.42,188.58,195581
2026-05-13 08:45:00,188.64,188.7,188.4,188.43,105877
2026-05-13 08:50:00,188.42,188.42,188.08,188.3,281369
2026-05-13 08:55:00,188.26,188.35,188.1,188.3,122983
2026-05-13 09:00:00,188.26,188.51,188.25,188.41,210861
2026-05-13 09:05:00,188.41,188.43,188.06,188.06,230857
2026-05-13 09:10:00,188.06,188.2,187.91,187.96,473870
2026-05-13 09:15:00,187.93,188.16,187.7,188.13,304135
2026-05-13 09:20:00,188.1,188.2,188.0,188.16,190304
2026-05-13 09:25:00,188.16,188.25,188.05,188.19,135961
2026-05-13 09:30:00,188.24,188.24,187.6,187.77,336096
2026-05-13 09:35:00,187.78,187.94,187.73,187.91,275099
2026-05-13 09:40:00,187.87,187.98,187.75,187.88,398489
2026-05-13 09:45:00,187.85,188.0,187.85,187.94,362380
2026-05-13 09:50:00,187.94,187.96,187.61,187.69,632405
2026-05-13 09:55:00,187.67,188.0,187.61,188.0,538660
2026-05-14 03:45:00,188.25,188.89,187.5,188.34,1559412
2026-05-14 03:50:00,188.35,188.97,188.14,188.59,880002
2026-05-14 03:55:00,188.6,188.66,188.15,188.6,383718
2026-05-14 04:00:00,188.6,188.6,188.06,188.11,357812
2026-05-14 04:05:00,188.11,188.11,187.3,187.47,613925
2026-05-14 04:10:00,187.47,187.65,187.26,187.65,278524
2026-05-14 04:15:00,187.6,187.82,187.55,187.61,136613
2026-05-14 04:20:00,187.68,187.68,187.0,187.25,507196
2026-05-14 04:25:00,187.26,187.49,187.09,187.17,141622
2026-05-14 04:30:00,187.18,188.12,187.13,187.9,189262
2026-05-14 04:35:00,187.94,188.0,187.5,187.88,173228
2026-05-14 04:40:00,187.87,188.0,187.45,187.7,159172
2026-05-14 04:45:00,187.67,187.9,187.6,187.71,108245
2026-05-14 04:50:00,187.76,188.1,187.52,188.02,262240
2026-05-14 04:55:00,187.95,188.25,187.85,188.15,163449
2026-05-14 05:00:00,188.15,188.25,187.95,188.17,166009
2026-05-14 05:05:00,188.17,188.47,188.06,188.34,165349
2026-05-14 05:10:00,188.43,188.48,188.02,188.12,137719
2026-05-14 05:15:00,188.12,188.15,187.7,187.86,155171
2026-05-14 05:20:00,187.84,188.02,187.8,188.0,107323
2026-05-14 05:25:00,188.02,188.02,187.65,187.7,137937
2026-05-14 05:30:00,187.75,187.82,187.65,187.73,110103
2026-05-14 05:35:00,187.7,187.76,187.45,187.58,279788
2026-05-14 05:40:00,187.58,187.74,187.32,187.33,214111
2026-05-14 05:45:00,187.38,187.67,187.2,187.67,204839
2026-05-14 05:50:00,187.69,187.85,187.5,187.77,100242
2026-05-14 05:55:00,187.84,187.85,187.25,187.49,192737
2026-05-14 06:00:00,187.4,187.52,187.3,187.4,109905
2026-05-14 06:05:00,187.47,187.6,187.25,187.42,119638
2026-05-14 06:10:00,187.43,187.47,187.4,187.4,9880
