timestamp,open,high,low,close,volume
2025-05-14 03:45:00,339.0,340.0,334.5,336.3,4077306
2025-05-14 03:50:00,336.3,337.5,336.0,337.1,1419391
2025-05-14 03:55:00,337.15,337.25,336.25,336.3,682334
2025-05-14 04:00:00,336.25,337.1,335.4,336.45,809989
2025-05-14 04:05:00,336.5,337.15,335.75,336.2,519301
2025-05-14 04:10:00,336.15,336.75,336.1,336.5,268447
2025-05-14 04:15:00,336.5,337.35,336.35,336.7,669638
2025-05-14 04:20:00,336.65,336.95,335.9,336.95,349423
2025-05-14 04:25:00,336.95,337.85,336.85,337.75,482575
2025-05-14 04:30:00,337.8,337.8,337.35,337.4,268019
2025-05-14 04:35:00,337.5,340.55,337.4,340.55,1684893
2025-05-14 04:40:00,340.55,342.0,339.7,341.8,1564522
2025-05-14 04:45:00,341.9,342.85,341.1,341.2,1549433
2025-05-14 04:50:00,341.25,341.95,340.65,341.45,848615
2025-05-14 04:55:00,341.45,342.0,341.1,341.75,749396
2025-05-14 05:00:00,341.75,342.95,341.25,342.5,1158489
2025-05-14 05:05:00,342.7,342.8,341.9,342.2,737986
2025-05-14 05:10:00,342.25,343.5,342.2,343.25,1236969
2025-05-14 05:15:00,343.4,343.7,342.3,342.35,626398
2025-05-14 05:20:00,342.35,343.85,341.8,343.7,748724
2025-05-14 05:25:00,343.8,344.35,343.0,343.2,886289
2025-05-14 05:30:00,343.2,344.8,343.0,344.75,874397
2025-05-14 05:35:00,344.75,346.0,344.3,344.5,1883690
2025-05-14 05:40:00,344.5,345.25,343.6,344.85,717425
2025-05-14 05:45:00,344.95,345.0,343.75,344.3,355644
2025-05-14 05:50:00,344.45,344.75,344.2,344.4,193193
2025-05-14 05:55:00,344.4,344.6,344.0,344.35,249045
2025-05-14 06:00:00,344.5,344.5,344.05,344.3,187506
2025-05-14 06:05:00,344.1,344.45,343.45,344.15,412689
2025-05-14 06:10:00,344.05,344.3,343.9,344.2,171438
2025-05-14 06:15:00,344.2,344.2,342.65,343.05,862829
2025-05-14 06:20:00,342.95,343.65,342.95,343.25,335224
2025-05-14 06:25:00,343.15,343.9,343.1,343.75,269291
2025-05-14 06:30:00,343.75,343.95,343.7,343.9,161691
2025-05-14 06:35:00,343.8,343.9,343.3,343.5,196875
2025-05-14 06:40:00,343.6,343.8,343.45,343.7,182802
2025-05-14 06:45:00,343.55,344.35,343.55,344.3,384685
2025-05-14 06:50:00,344.25,344.4,343.5,344.25,256608
2025-05-14 06:55:00,344.25,344.25,343.7,343.85,224411
2025-05-14 07:00:00,343.95,344.2,343.85,344.15,126109
2025-05-14 07:05:00,344.15,344.5,343.55,343.95,243477
2025-05-14 07:10:00,343.9,344.75,343.6,344.55,386024
2025-05-14 07:15:00,344.6,345.5,344.5,344.7,716880
2025-05-14 07:20:00,344.7,344.8,343.2,343.4,709537
2025-05-14 07:25:00,343.4,343.75,342.8,343.6,598700
2025-05-14 07:30:00,343.75,345.2,343.55,344.55,631012
2025-05-14 07:35:00,344.55,345.15,344.5,345.15,332006
2025-05-14 07:40:00,345.15,345.45,344.8,344.8,372798
2025-05-14 07:45:00,344.95,345.5,343.2,343.3,489246
2025-05-14 07:50:00,343.45,343.45,342.1,342.5,736621
2025-05-14 07:55:00,342.6,344.0,342.4,343.85,263807
2025-05-14 08:00:00,343.9,345.3,343.7,344.7,883903
2025-05-14 08:05:00,344.7,345.4,344.05,344.5,438054
2025-05-14 08:10:00,344.4,344.85,343.8,343.85,239622
2025-05-14 08:15:00,343.95,344.15,343.5,344.15,252818
2025-05-14 08:20:00,344.15,344.25,343.7,343.7,178105
2025-05-14 08:25:00,343.7,344.0,343.7,343.85,109175
2025-05-14 08:30:00,343.9,343.95,343.3,343.45,191147
2025-05-14 08:35:00,343.45,345.0,343.35,343.85,458946
2025-05-14 08:40:00,343.65,343.8,342.6,342.8,483023
2025-05-14 08:45:00,342.8,343.3,342.7,343.25,161604
2025-05-14 08:50:00,343.2,343.45,343.05,343.35,154702
2025-05-14 08:55:00,343.3,343.45,343.05,343.35,111851
2025-05-14 09:00:00,343.35,343.55,343.0,343.55,265762
2025-05-14 09:05:00,343.5,343.7,342.7,342.75,367956
2025-05-14 09:10:00,342.9,343.8,342.75,343.45,222892
2025-05-14 09:15:00,343.45,343.45,343.05,343.35,212975
2025-05-14 09:20:00,343.3,343.4,343.05,343.3,143452
2025-05-14 09:25:00,343.3,343.6,343.2,343.6,249809
2025-05-14 09:30:00,343.6,343.9,343.55,343.9,372903
2025-05-14 09:35:00,343.85,344.3,343.8,344.3,391151
2025-05-14 09:40:00,344.3,344.35,344.0,344.05,521821
2025-05-14 09:45:00,344.0,344.7,343.75,344.7,860780
2025-05-14 09:50:00,344.65,344.95,344.5,344.9,654824
2025-05-14 09:55:00,344.95,345.0,344.35,344.5,795616
2025-05-15 03:45:00,346.5,346.95,343.15,344.0,3245009
2025-05-15 03:50:00,343.95,345.3,343.1,345.0,863654
2025-05-15 03:55:00,345.15,345.2,343.45,343.8,791232
2025-05-15 04:00:00,343.95,344.0,342.5,342.85,769813
2025-05-15 04:05:00,342.9,343.65,342.1,342.1,579835
2025-05-15 04:10:00,342.2,342.95,341.5,341.65,930507
2025-05-15 04:15:00,341.7,343.35,340.8,342.7,748864
2025-05-15 04:20:00,342.85,342.95,342.1,342.3,316590
2025-05-15 04:25:00,342.3,342.35,341.3,341.75,276334
2025-05-15 04:30:00,341.8,342.0,341.2,341.4,230434
2025-05-15 04:35:00,341.45,341.8,341.1,341.6,233249
2025-05-15 04:40:00,341.65,342.75,341.55,342.4,269159
2025-05-15 04:45:00,342.55,342.7,341.8,341.85,223251
2025-05-15 04:50:00,341.8,342.2,341.4,342.05,248410
2025-05-15 04:55:00,342.1,342.75,342.1,342.65,154213
2025-05-15 05:00:00,342.65,343.75,342.65,343.7,414765
2025-05-15 05:05:00,343.65,344.25,343.3,344.25,413509
2025-05-15 05:10:00,344.25,344.9,344.0,344.05,488575
2025-05-15 05:15:00,344.15,344.3,343.6,344.15,339527
2025-05-15 05:20:00,344.15,344.45,343.6,343.65,143901
2025-05-15 05:25:00,343.7,344.9,343.65,344.8,308025
2025-05-15 05:30:00,344.8,345.5,344.5,345.45,528166
2025-05-15 05:35:00,345.3,346.25,345.05,345.35,643819
2025-05-15 05:40:00,345.4,346.2,344.8,345.05,507447
2025-05-15 05:45:00,345.2,346.4,345.0,345.6,396051
2025-05-15 05:50:00,345.55,345.75,345.0,345.05,207692
2025-05-15 05:55:00,345.05,345.7,345.0,345.5,166664
2025-05-15 06:00:00,345.4,346.15,345.2,345.75,292804
2025-05-15 06:05:00,345.9,346.45,345.25,345.5,388770
2025-05-15 06:10:00,345.5,345.95,345.35,345.55,236769
2025-05-15 06:15:00,345.65,346.5,345.45,346.1,703186
2025-05-15 06:20:00,346.1,346.95,345.85,346.75,460755
2025-05-15 06:25:00,346.85,347.3,346.05,346.05,668383
2025-05-15 06:30:00,346.1,346.25,345.8,346.0,201020
2025-05-15 06:35:00,346.0,346.5,345.7,346.5,201065
2025-05-15 06:40:00,346.45,346.55,346.1,346.15,176067
2025-05-15 06:45:00,346.3,347.0,346.1,346.1,320236
2025-05-15 06:50:00,346.2,346.25,345.55,345.8,263151
2025-05-15 06:55:00,345.95,345.95,345.4,345.6,136649
2025-05-15 07:00:00,345.75,345.8,345.25,345.65,149019
2025-05-15 07:05:00,345.65,346.25,345.55,345.95,211922
2025-05-15 07:10:00,346.0,346.0,345.35,345.5,98767
2025-05-15 07:15:00,345.4,345.75,345.05,345.15,139968
2025-05-15 07:20:00,345.15,345.55,345.0,345.4,143837
2025-05-15 07:25:00,345.5,346.0,345.4,345.8,128669
2025-05-15 07:30:00,345.95,346.45,345.75,346.45,439081
2025-05-15 07:35:00,346.35,347.5,346.35,347.05,702964
2025-05-15 07:40:00,347.05,347.6,346.85,347.5,474640
2025-05-15 07:45:00,347.55,347.95,347.1,347.5,458967
2025-05-15 07:50:00,347.5,347.85,347.25,347.7,273654
2025-05-15 07:55:00,347.75,347.85,347.35,347.5,249355
2025-05-15 08:00:00,347.55,348.0,347.5,347.9,407401
2025-05-15 08:05:00,347.85,348.0,347.25,347.75,459628
2025-05-15 08:10:00,347.95,348.4,347.9,348.15,432690
2025-05-15 08:15:00,348.15,348.5,348.0,348.25,490621
2025-05-15 08:20:00,348.25,348.5,348.0,348.45,295693
2025-05-15 08:25:00,348.4,348.7,348.25,348.3,292561
2025-05-15 08:30:00,348.3,348.4,347.35,348.0,413557
2025-05-15 08:35:00,348.15,349.6,347.9,349.35,946100
2025-05-15 08:40:00,349.35,349.95,349.2,349.65,518822
2025-05-15 08:45:00,349.65,349.75,349.2,349.6,389838
2025-05-15 08:50:00,349.6,350.0,349.5,349.85,455227
2025-05-15 08:55:00,349.95,350.75,349.8,350.1,1006261
2025-05-15 09:00:00,350.1,350.45,349.55,349.65,557729
2025-05-15 09:05:00,349.65,351.0,349.6,350.1,683354
2025-05-15 09:10:00,350.3,350.85,350.0,350.65,475389
2025-05-15 09:15:00,350.55,350.65,350.1,350.25,345221
2025-05-15 09:20:00,350.25,350.75,350.15,350.5,433805
2025-05-15 09:25:00,350.55,350.55,350.2,350.3,413840
2025-05-15 09:30:00,350.35,350.55,350.1,350.45,682589
2025-05-15 09:35:00,350.45,350.5,350.1,350.35,558784
2025-05-15 09:40:00,350.3,350.6,350.2,350.45,832578
2025-05-15 09:45:00,350.4,351.0,350.1,351.0,1265730
2025-05-15 09:50:00,350.95,351.0,349.95,350.15,1007484
2025-05-15 09:55:00,350.05,350.45,349.55,350.0,617792
2025-05-16 03:45:00,351.6,354.1,349.6,354.1,2485038
2025-05-16 03:50:00,354.15,355.75,353.7,354.55,2288170
2025-05-16 03:55:00,354.4,358.0,354.4,357.4,2122128
2025-05-16 04:00:00,357.2,357.5,356.1,356.75,1244121
2025-05-16 04:05:00,356.7,358.4,355.85,358.0,1564286
2025-05-16 04:10:00,358.05,359.0,357.35,358.25,1569934
2025-05-16 04:15:00,358.3,359.75,358.2,359.75,1119351
2025-05-16 04:20:00,359.65,359.9,358.25,359.75,1483180
2025-05-16 04:25:00,359.9,360.85,359.75,360.15,1824373
2025-05-16 04:30:00,360.15,362.75,360.15,362.55,1913869
2025-05-16 04:35:00,362.5,363.7,361.85,362.0,1538583
2025-05-16 04:40:00,362.05,362.35,360.7,361.35,975925
2025-05-16 04:45:00,361.3,362.65,361.3,362.5,634182
2025-05-16 04:50:00,362.4,362.5,361.25,361.6,652108
2025-05-16 04:55:00,361.7,362.0,361.0,361.95,470538
2025-05-16 05:00:00,361.8,362.5,361.8,362.0,468160
2025-05-16 05:05:00,362.0,362.65,361.9,362.3,627901
2025-05-16 05:10:00,362.3,363.7,362.0,363.3,1126560
2025-05-16 05:15:00,363.35,363.5,361.85,362.1,572304
2025-05-16 05:20:00,362.05,362.95,361.9,362.6,351319
2025-05-16 05:25:00,362.65,363.7,362.55,363.65,567684
2025-05-16 05:30:00,363.6,363.65,362.5,363.05,576509
2025-05-16 05:35:00,363.05,363.1,361.65,361.7,767338
2025-05-16 05:40:00,361.8,362.55,361.65,362.5,558479
2025-05-16 05:45:00,362.5,364.4,362.2,364.3,1192413
2025-05-16 05:50:00,364.4,364.4,363.5,364.1,674695
2025-05-16 05:55:00,364.1,364.15,363.3,363.65,402532
2025-05-16 06:00:00,363.65,364.45,363.35,364.25,504352
2025-05-16 06:05:00,364.25,364.35,363.8,363.95,380906
2025-05-16 06:10:00,363.9,364.05,363.65,363.7,282361
2025-05-16 06:15:00,363.7,364.35,363.6,364.3,397913
2025-05-16 06:20:00,364.3,364.9,363.85,364.85,867633
2025-05-16 06:25:00,364.85,364.9,364.0,364.4,473784
2025-05-16 06:30:00,364.3,365.75,364.3,365.65,1152982
2025-05-16 06:35:00,365.7,366.6,365.7,366.15,1286671
2025-05-16 06:40:00,366.25,366.4,365.55,366.0,608628
2025-05-16 06:45:00,366.0,366.15,365.5,365.95,509185
2025-05-16 06:50:00,365.95,368.0,365.8,368.0,1112877
2025-05-16 06:55:00,368.0,371.0,367.85,371.0,2296031
2025-05-16 07:00:00,370.9,371.15,369.05,369.7,1928821
2025-05-16 07:05:00,369.8,370.2,368.05,368.1,1254489
2025-05-16 07:10:00,368.1,368.25,366.8,367.0,1051760
2025-05-16 07:15:00,366.85,368.65,366.8,368.2,1000598
2025-05-16 07:20:00,368.2,368.35,366.8,366.9,1085367
2025-05-16 07:25:00,366.95,367.1,365.6,365.95,853551
2025-05-16 07:30:00,365.95,366.0,365.25,365.75,643501
2025-05-16 07:35:00,365.7,365.85,364.7,364.9,777217
2025-05-16 07:40:00,364.9,364.9,364.0,364.2,840076
2025-05-16 07:45:00,364.2,364.2,363.0,363.2,955771
2025-05-16 07:50:00,363.25,364.7,363.2,364.1,992601
2025-05-16 07:55:00,364.2,366.2,364.2,366.0,883490
2025-05-16 08:00:00,366.15,366.2,363.75,364.0,848599
2025-05-16 08:05:00,364.05,364.35,363.8,363.9,363945
2025-05-16 08:10:00,363.95,364.75,363.8,364.35,380776
2025-05-16 08:15:00,364.3,364.4,364.0,364.3,362998
2025-05-16 08:20:00,364.15,364.35,363.7,363.8,520424
2025-05-16 08:25:00,363.9,365.6,363.8,364.95,762556
2025-05-16 08:30:00,364.9,365.2,364.05,364.3,511185
2025-05-16 08:35:00,364.3,364.4,363.75,363.85,485607
2025-05-16 08:40:00,364.0,365.5,363.85,365.35,961519
2025-05-16 08:45:00,365.35,365.5,364.4,364.65,738901
2025-05-16 08:50:00,364.55,365.35,364.5,365.1,552386
2025-05-16 08:55:00,365.2,365.2,363.25,363.4,707704
2025-05-16 09:00:00,363.4,363.7,362.45,362.95,941176
2025-05-16 09:05:00,363.0,363.9,362.55,363.75,546957
2025-05-16 09:10:00,363.75,363.9,363.0,363.2,422596
2025-05-16 09:15:00,363.2,363.35,363.0,363.3,393762
2025-05-16 09:20:00,363.3,363.9,362.75,363.75,656969
2025-05-16 09:25:00,363.9,363.9,362.55,362.85,591155
2025-05-16 09:30:00,362.85,363.8,362.85,363.55,795139
2025-05-16 09:35:00,363.6,364.45,363.55,364.3,852321
2025-05-16 09:40:00,364.35,364.35,364.0,364.25,800796
2025-05-16 09:45:00,364.2,364.35,363.4,363.75,1440106
2025-05-16 09:50:00,363.6,364.3,363.55,364.15,1156017
2025-05-16 09:55:00,364.25,364.25,363.6,363.9,1115965
2025-05-19 03:45:00,372.9,372.95,367.55,371.55,8842859
2025-05-19 03:50:00,371.55,371.55,369.45,371.5,2592167
2025-05-19 03:55:00,371.4,373.5,369.7,372.2,3440224
2025-05-19 04:00:00,372.15,372.55,370.1,370.3,1443089
2025-05-19 04:05:00,370.3,370.3,366.3,366.3,2963366
2025-05-19 04:10:00,366.3,368.7,365.25,368.4,1925996
2025-05-19 04:15:00,368.25,368.45,366.6,367.45,1296746
2025-05-19 04:20:00,367.3,367.65,365.8,366.4,1096520
2025-05-19 04:25:00,366.45,367.5,365.1,367.1,1136436
2025-05-19 04:30:00,366.9,367.9,366.5,366.95,743674
2025-05-19 04:35:00,366.95,367.35,366.0,367.05,746980
2025-05-19 04:40:00,367.1,367.45,366.25,366.4,498813
2025-05-19 04:45:00,366.55,367.0,366.2,366.7,375799
2025-05-19 04:50:00,366.7,367.0,366.1,366.3,341906
2025-05-19 04:55:00,366.25,366.6,365.7,365.8,499240
2025-05-19 05:00:00,365.9,366.8,365.6,366.45,366581
2025-05-19 05:05:00,366.45,366.5,366.15,366.15,247355
2025-05-19 05:10:00,366.15,366.45,366.0,366.2,262146
2025-05-19 05:15:00,366.2,367.75,366.0,367.75,532583
2025-05-19 05:20:00,367.7,367.85,366.7,367.35,352296
2025-05-19 05:25:00,367.3,367.55,367.2,367.5,268111
2025-05-19 05:30:00,367.4,368.7,367.35,368.65,515815
2025-05-19 05:35:00,368.55,368.85,367.8,367.8,441663
2025-05-19 05:40:00,367.95,368.1,367.45,367.9,207240
2025-05-19 05:45:00,367.9,368.3,367.7,367.85,200215
2025-05-19 05:50:00,367.9,368.0,366.7,366.8,348163
2025-05-19 05:55:00,366.7,367.0,366.3,366.8,234611
2025-05-19 06:00:00,366.85,366.95,366.15,366.15,238309
2025-05-19 06:05:00,366.2,367.0,366.1,366.7,134828
2025-05-19 06:10:00,366.85,367.0,366.7,366.9,125010
2025-05-19 06:15:00,366.95,367.0,366.1,366.35,290457
2025-05-19 06:20:00,366.4,366.75,366.1,366.35,164080
2025-05-19 06:25:00,366.3,366.45,366.0,366.1,236929
2025-05-19 06:30:00,366.05,366.15,365.55,365.75,400930
2025-05-19 06:35:00,365.65,366.25,365.65,365.85,183397
2025-05-19 06:40:00,365.75,366.0,365.6,365.75,196431
2025-05-19 06:45:00,365.9,365.9,365.15,365.7,372724
2025-05-19 06:50:00,365.7,366.0,365.6,365.85,171438
2025-05-19 06:55:00,365.9,365.95,365.5,365.65,203812
2025-05-19 07:00:00,365.65,365.8,365.25,365.35,162812
2025-05-19 07:05:00,365.3,365.5,364.3,364.65,773473
2025-05-19 07:10:00,364.7,365.5,364.45,365.45,272101
2025-05-19 07:15:00,365.45,365.5,365.1,365.25,203466
2025-05-19 07:20:00,365.2,365.45,365.0,365.25,186169
2025-05-19 07:25:00,365.35,365.35,365.05,365.3,146669
2025-05-19 07:30:00,365.3,365.3,363.0,363.5,998931
2025-05-19 07:35:00,363.5,363.9,363.3,363.75,460059
2025-05-19 07:40:00,363.7,365.0,363.7,364.9,389962
2025-05-19 07:45:00,365.0,365.0,364.25,364.75,410913
2025-05-19 07:50:00,364.8,365.0,364.55,364.9,200577
2025-05-19 07:55:00,364.9,364.95,364.5,364.55,258811
2025-05-19 08:00:00,364.55,364.95,364.55,364.8,279356
2025-05-19 08:05:00,364.7,365.2,364.65,364.85,204294
2025-05-19 08:10:00,364.85,365.3,364.7,364.9,272677
2025-05-19 08:15:00,364.95,365.0,364.7,364.9,114127
2025-05-19 08:20:00,364.8,365.0,364.65,364.85,155709
2025-05-19 08:25:00,364.75,365.0,364.65,364.65,113688
2025-05-19 08:30:00,364.7,364.7,363.55,363.75,462407
2025-05-19 08:35:00,363.8,364.4,363.4,364.3,332871
2025-05-19 08:40:00,364.3,364.45,363.7,364.3,275219
2025-05-19 08:45:00,364.35,364.4,363.8,363.95,314365
2025-05-19 08:50:00,364.0,364.15,363.75,363.8,225117
2025-05-19 08:55:00,363.8,364.0,363.7,363.8,233485
2025-05-19 09:00:00,363.8,363.9,363.4,363.45,333226
2025-05-19 09:05:00,363.45,363.95,363.45,363.95,364189
2025-05-19 09:10:00,363.95,364.3,363.65,363.9,406948
2025-05-19 09:15:00,363.85,363.95,363.35,363.55,478177
2025-05-19 09:20:00,363.4,364.2,362.55,362.95,726826
2025-05-19 09:25:00,362.75,363.5,362.75,363.3,548871
2025-05-19 09:30:00,363.35,364.35,363.15,363.7,644567
2025-05-19 09:35:00,363.85,365.45,363.6,364.95,1478134
2025-05-19 09:40:00,364.85,364.95,364.15,364.2,993566
2025-05-19 09:45:00,364.3,364.5,362.95,363.2,1675569
2025-05-19 09:50:00,363.15,363.3,362.6,363.1,1299999
2025-05-19 09:55:00,363.35,363.45,363.0,363.0,945552
2025-05-20 03:45:00,369.4,370.0,362.85,363.9,6655215
2025-05-20 03:50:00,363.9,363.9,358.5,361.0,3732204
2025-05-20 03:55:00,361.0,363.5,360.65,360.9,1725199
2025-05-20 04:00:00,360.9,363.4,360.15,361.25,1621255
2025-05-20 04:05:00,361.25,364.8,360.8,364.7,1684620
2025-05-20 04:10:00,364.8,364.85,362.6,363.0,1241861
2025-05-20 04:15:00,362.95,362.95,361.6,362.75,741614
2025-05-20 04:20:00,362.7,363.6,361.85,362.0,489711
2025-05-20 04:25:00,362.0,363.95,361.9,363.9,590799
2025-05-20 04:30:00,363.9,365.95,363.4,365.6,1390739
2025-05-20 04:35:00,365.75,365.75,363.05,363.7,834462
2025-05-20 04:40:00,363.75,364.5,363.55,364.45,590426
2025-05-20 04:45:00,364.25,364.8,363.25,364.3,1253214
2025-05-20 04:50:00,364.25,365.45,364.15,364.25,821150
2025-05-20 04:55:00,364.35,365.65,363.6,364.15,787348
2025-05-20 05:00:00,364.05,364.4,363.1,363.1,626537
2025-05-20 05:05:00,363.25,364.2,362.75,363.95,758581
2025-05-20 05:10:00,363.95,365.5,363.8,365.0,940154
2025-05-20 05:15:00,365.2,365.5,364.1,364.25,1103091
2025-05-20 05:20:00,364.25,364.5,364.0,364.0,250289
2025-05-20 05:25:00,364.0,365.2,364.0,365.0,443099
2025-05-20 05:30:00,365.0,367.25,365.0,367.0,1578256
2025-05-20 05:35:00,367.15,368.2,367.0,367.95,1390601
2025-05-20 05:40:00,367.9,368.85,366.15,368.2,1515376
2025-05-20 05:45:00,368.25,368.3,365.55,365.95,1034971
2025-05-20 05:50:00,365.85,366.3,365.5,365.9,355766
2025-05-20 05:55:00,366.0,367.35,365.75,366.35,524920
2025-05-20 06:00:00,366.2,366.5,365.85,366.15,316029
2025-05-20 06:05:00,366.3,366.95,365.85,365.9,353005
2025-05-20 06:10:00,365.9,366.0,365.05,365.15,348130
2025-05-20 06:15:00,365.15,365.85,365.0,365.3,241879
2025-05-20 06:20:00,365.2,365.7,364.85,365.2,264308
2025-05-20 06:25:00,365.1,367.2,364.9,367.2,562357
2025-05-20 06:30:00,367.1,368.5,366.9,367.0,1006022
2025-05-20 06:35:00,367.0,367.75,366.4,367.4,421285
2025-05-20 06:40:00,367.35,367.4,366.15,366.2,294001
2025-05-20 06:45:00,366.25,366.6,366.15,366.25,183516
2025-05-20 06:50:00,366.25,366.35,365.8,365.8,264639
2025-05-20 06:55:00,365.8,366.7,365.8,366.0,297698
2025-05-20 07:00:00,365.95,366.8,365.95,366.65,239846
2025-05-20 07:05:00,366.55,367.05,366.5,366.6,285252
2025-05-20 07:10:00,366.65,367.0,366.4,366.6,216291
2025-05-20 07:15:00,366.5,366.75,366.1,366.45,209284
2025-05-20 07:20:00,366.4,367.0,365.95,366.3,500123
2025-05-20 07:25:00,366.5,366.6,365.5,365.65,369759
2025-05-20 07:30:00,365.55,366.25,365.5,366.1,298707
2025-05-20 07:35:00,366.0,367.25,366.0,366.75,598478
2025-05-20 07:40:00,366.9,367.25,366.65,367.0,419056
2025-05-20 07:45:00,366.8,367.45,366.6,366.75,485118
2025-05-20 07:50:00,366.75,367.5,366.6,367.3,348754
2025-05-20 07:55:00,367.3,369.45,367.1,369.35,1310677
2025-05-20 08:00:00,369.3,371.0,368.8,369.75,3058745
2025-05-20 08:05:00,369.45,370.9,368.6,370.65,1043900
2025-05-20 08:10:00,370.65,370.75,369.15,369.9,652450
2025-05-20 08:15:00,369.95,370.5,369.5,370.05,691209
2025-05-20 08:20:00,370.25,370.5,369.6,370.0,631642
2025-05-20 08:25:00,370.05,370.1,368.85,369.05,578064
2025-05-20 08:30:00,369.05,369.1,367.7,367.7,700417
2025-05-20 08:35:00,367.7,367.9,367.0,367.3,768523
2025-05-20 08:40:00,367.25,367.55,366.2,366.6,809917
2025-05-20 08:45:00,366.65,367.35,366.15,366.4,603971
2025-05-20 08:50:00,366.25,366.45,364.3,364.95,1275516
2025-05-20 08:55:00,364.8,365.0,364.45,365.0,601953
2025-05-20 09:00:00,364.95,365.5,364.15,364.65,850226
2025-05-20 09:05:00,364.65,365.65,364.45,364.8,611313
2025-05-20 09:10:00,364.75,364.85,362.45,362.7,1471265
2025-05-20 09:15:00,362.8,363.95,361.9,363.65,1060728
2025-05-20 09:20:00,363.65,364.3,363.45,363.75,443712
2025-05-20 09:25:00,363.75,363.8,363.0,363.05,557095
2025-05-20 09:30:00,363.0,363.7,362.8,363.2,830884
2025-05-20 09:35:00,363.1,363.5,362.4,363.5,756668
2025-05-20 09:40:00,363.45,364.55,363.45,363.8,901076
2025-05-20 09:45:00,363.75,364.65,363.2,363.45,1550219
2025-05-20 09:50:00,363.5,364.4,363.4,364.3,1153649
2025-05-20 09:55:00,364.3,364.95,363.9,364.5,960962
2025-05-21 03:45:00,366.9,368.4,364.0,365.75,3082378
2025-05-21 03:50:00,366.0,368.2,365.8,367.45,1759578
2025-05-21 03:55:00,367.35,369.8,366.6,369.55,1935284
2025-05-21 04:00:00,369.6,372.65,368.45,372.6,3049518
2025-05-21 04:05:00,372.5,376.7,372.4,376.65,5290300
2025-05-21 04:10:00,376.75,378.0,375.3,375.4,3736242
2025-05-21 04:15:00,375.4,376.75,375.1,375.2,1426676
2025-05-21 04:20:00,375.3,376.0,375.1,375.8,1059056
2025-05-21 04:25:00,375.65,377.0,374.65,375.2,1897932
2025-05-21 04:30:00,375.25,376.7,375.2,376.6,1174541
2025-05-21 04:35:00,376.7,378.5,376.0,378.15,3251357
2025-05-21 04:40:00,378.15,379.3,377.7,378.65,1980956
2025-05-21 04:45:00,378.8,379.0,378.0,378.4,1043735
2025-05-21 04:50:00,378.45,379.9,378.45,379.2,1647827
2025-05-21 04:55:00,379.25,379.3,378.1,378.4,838798
2025-05-21 05:00:00,378.35,379.4,378.3,378.7,933892
2025-05-21 05:05:00,378.7,378.75,377.6,377.9,734448
2025-05-21 05:10:00,377.9,378.55,377.1,377.55,812225
2025-05-21 05:15:00,377.55,378.5,377.15,378.1,858242
2025-05-21 05:20:00,378.15,378.3,377.15,377.3,477569
2025-05-21 05:25:00,377.3,377.5,376.7,376.8,655344
2025-05-21 05:30:00,376.75,377.25,376.3,376.35,658950
2025-05-21 05:35:00,376.5,376.55,375.65,375.95,808507
2025-05-21 05:40:00,376.0,377.15,375.5,377.05,924064
2025-05-21 05:45:00,377.0,377.3,376.4,377.1,545155
2025-05-21 05:50:00,377.15,377.45,376.05,376.15,425584
2025-05-21 05:55:00,376.05,376.15,375.1,375.4,780683
2025-05-21 06:00:00,375.4,375.7,374.6,374.85,801937
2025-05-21 06:05:00,374.75,375.45,373.8,375.25,1108608
2025-05-21 06:10:00,375.2,375.5,374.8,375.2,511462
2025-05-21 06:15:00,375.15,375.3,374.5,374.6,289643
2025-05-21 06:20:00,374.5,375.0,374.25,374.3,351580
2025-05-21 06:25:00,374.3,374.75,373.85,373.9,976769
2025-05-21 06:30:00,373.9,374.0,373.1,373.1,715138
2025-05-21 06:35:00,373.25,374.0,373.0,373.45,665343
2025-05-21 06:40:00,373.45,373.65,372.8,373.35,701485
2025-05-21 06:45:00,373.3,373.4,371.6,372.25,1110344
2025-05-21 06:50:00,372.25,373.7,372.0,373.6,615711
2025-05-21 06:55:00,373.6,374.25,373.1,374.15,698662
2025-05-21 07:00:00,374.25,375.5,374.0,375.45,1206928
2025-05-21 07:05:00,375.35,376.45,375.3,375.75,764275
2025-05-21 07:10:00,375.9,377.3,375.7,377.2,1054589
2025-05-21 07:15:00,377.25,378.25,376.3,377.85,1283829
2025-05-21 07:20:00,377.85,378.5,377.0,377.2,1083114
2025-05-21 07:25:00,377.2,378.35,377.1,377.9,877355
2025-05-21 07:30:00,377.9,378.3,377.6,377.9,509678
2025-05-21 07:35:00,377.9,378.4,377.5,377.75,620104
2025-05-21 07:40:00,377.75,378.35,377.6,378.35,501316
2025-05-21 07:45:00,378.3,378.85,377.8,378.6,734878
2025-05-21 07:50:00,378.6,378.8,377.75,377.9,452438
2025-05-21 07:55:00,377.95,378.3,377.4,377.9,511978
2025-05-21 08:00:00,377.85,378.8,377.65,378.75,556924
2025-05-21 08:05:00,378.55,378.8,377.65,378.05,486727
2025-05-21 08:10:00,378.05,378.35,377.45,377.55,418926
2025-05-21 08:15:00,377.5,377.9,377.25,377.55,359149
2025-05-21 08:20:00,377.45,379.15,377.3,378.55,1249942
2025-05-21 08:25:00,378.6,379.7,378.55,379.3,1256576
2025-05-21 08:30:00,379.5,379.75,378.45,378.5,793189
2025-05-21 08:35:00,378.6,379.2,378.5,379.0,477052
2025-05-21 08:40:00,378.95,379.7,378.85,379.4,602712
2025-05-21 08:45:00,379.35,379.4,379.05,379.4,439172
2025-05-21 08:50:00,379.45,381.0,379.4,380.35,2345212
2025-05-21 08:55:00,380.45,381.4,380.3,380.8,1340789
2025-05-21 09:00:00,380.9,381.55,380.75,380.9,987228
2025-05-21 09:05:00,380.9,381.1,380.15,380.5,770181
2025-05-21 09:10:00,380.5,381.4,379.9,381.3,1154898
2025-05-21 09:15:00,381.1,382.5,381.05,382.2,2239614
2025-05-21 09:20:00,382.2,382.7,381.6,382.2,1072440
2025-05-21 09:25:00,382.2,382.3,381.65,382.0,755488
2025-05-21 09:30:00,381.95,383.4,381.85,382.85,1518373
2025-05-21 09:35:00,382.8,383.0,382.45,382.8,1179045
2025-05-21 09:40:00,382.85,383.25,382.8,382.9,1837288
2025-05-21 09:45:00,383.1,383.9,382.65,382.75,3287423
2025-05-21 09:50:00,382.8,383.7,382.5,382.8,2440038
2025-05-21 09:55:00,382.65,383.0,382.2,382.6,1142984
2025-05-22 03:45:00,383.0,383.2,379.0,380.55,3451620
2025-05-22 03:50:00,380.5,383.0,380.2,382.0,2099809
2025-05-22 03:55:00,382.15,384.95,380.75,381.0,2957635
2025-05-22 04:00:00,380.85,382.1,380.5,381.35,1025824
2025-05-22 04:05:00,381.5,383.45,381.2,382.25,1204506
2025-05-22 04:10:00,382.25,383.0,381.2,381.7,618118
2025-05-22 04:15:00,381.7,382.15,381.2,382.1,379854
2025-05-22 04:20:00,382.0,382.15,381.5,381.95,348620
2025-05-22 04:25:00,381.9,382.55,381.3,382.45,399907
2025-05-22 04:30:00,382.45,383.5,382.05,383.35,594690
2025-05-22 04:35:00,383.25,383.5,382.45,382.95,549197
2025-05-22 04:40:00,382.9,383.8,382.9,383.6,459908
2025-05-22 04:45:00,383.7,385.25,383.55,385.05,1226339
2025-05-22 04:50:00,385.0,386.75,384.5,385.7,1451782
2025-05-22 04:55:00,385.75,386.3,384.75,385.15,707457
2025-05-22 05:00:00,385.0,385.5,383.6,384.3,721751
2025-05-22 05:05:00,384.5,384.9,383.8,383.9,424807
2025-05-22 05:10:00,383.9,384.95,383.85,384.9,253057
2025-05-22 05:15:00,384.9,385.3,384.15,384.2,469927
2025-05-22 05:20:00,384.3,385.2,384.1,384.5,285211
2025-05-22 05:25:00,384.7,385.0,384.2,384.8,221992
2025-05-22 05:30:00,384.8,384.9,384.0,384.25,219496
2025-05-22 05:35:00,384.25,384.7,383.6,384.4,359610
2025-05-22 05:40:00,384.4,384.5,383.75,383.9,224817
2025-05-22 05:45:00,383.9,383.9,382.3,383.0,985765
2025-05-22 05:50:00,382.95,383.0,382.1,382.3,405296
2025-05-22 05:55:00,382.35,382.95,382.25,382.75,295527
2025-05-22 06:00:00,382.75,383.0,382.3,382.4,256131
2025-05-22 06:05:00,382.35,382.5,381.5,382.2,510586
2025-05-22 06:10:00,382.25,382.7,381.85,382.6,273761
2025-05-22 06:15:00,382.6,383.2,382.55,383.0,341300
2025-05-22 06:20:00,383.0,384.4,382.85,384.1,516399
2025-05-22 06:25:00,384.1,384.3,383.3,384.25,281288
2025-05-22 06:30:00,384.25,384.85,384.15,384.55,374153
2025-05-22 06:35:00,384.55,384.7,383.8,384.2,318144
2025-05-22 06:40:00,384.25,384.6,384.0,384.05,142453
2025-05-22 06:45:00,384.05,384.25,383.6,384.1,296916
2025-05-22 06:50:00,384.05,384.3,383.55,383.65,167756
2025-05-22 06:55:00,383.7,383.9,383.55,383.65,222418
2025-05-22 07:00:00,383.65,384.0,383.5,383.7,162873
2025-05-22 07:05:00,383.75,384.0,383.0,383.1,239942
2025-05-22 07:10:00,383.05,383.6,382.7,382.85,307499
2025-05-22 07:15:00,382.9,383.4,382.2,382.3,381299
2025-05-22 07:20:00,382.35,382.75,382.0,382.0,444350
2025-05-22 07:25:00,382.05,382.35,381.55,382.15,438435
2025-05-22 07:30:00,382.2,382.45,381.6,382.05,296311
2025-05-22 07:35:00,382.0,382.55,381.8,382.4,414972
2025-05-22 07:40:00,382.35,383.95,382.3,383.7,429132
2025-05-22 07:45:00,383.7,383.8,383.05,383.75,238218
2025-05-22 07:50:00,383.65,384.0,383.35,383.5,246974
2025-05-22 07:55:00,383.35,383.75,383.0,383.75,223520
2025-05-22 08:00:00,383.65,383.85,383.2,383.7,319996
2025-05-22 08:05:00,383.65,383.8,383.3,383.6,302952
2025-05-22 08:10:00,383.6,383.65,382.6,383.2,372365
2025-05-22 08:15:00,383.15,383.8,383.0,383.6,431463
2025-05-22 08:20:00,383.6,384.0,382.8,382.95,448977
2025-05-22 08:25:00,383.0,383.6,382.9,383.35,303819
2025-05-22 08:30:00,383.35,383.4,382.35,382.75,386295
2025-05-22 08:35:00,382.75,383.15,382.4,382.8,328470
2025-05-22 08:40:00,382.7,382.95,382.25,382.4,332642
2025-05-22 08:45:00,382.3,382.4,381.4,381.9,638113
2025-05-22 08:50:00,381.95,382.45,381.5,382.15,388419
2025-05-22 08:55:00,382.15,382.45,382.0,382.3,273045
2025-05-22 09:00:00,382.3,382.4,381.65,381.9,358627
2025-05-22 09:05:00,381.95,382.45,381.65,382.35,400634
2025-05-22 09:10:00,382.45,384.2,382.35,383.75,1612924
2025-05-22 09:15:00,383.75,383.85,382.25,382.95,896012
2025-05-22 09:20:00,382.9,383.1,382.5,382.85,448752
2025-05-22 09:25:00,382.9,383.8,382.8,383.6,737586
2025-05-22 09:30:00,383.6,383.8,383.05,383.15,813648
2025-05-22 09:35:00,383.2,383.5,383.1,383.35,553929
2025-05-22 09:40:00,383.4,383.65,383.0,383.2,652581
2025-05-22 09:45:00,383.25,383.4,383.0,383.15,993546
2025-05-22 09:50:00,383.2,383.7,383.15,383.55,841290
2025-05-22 09:55:00,383.6,383.75,383.3,383.5,773361
2025-05-23 03:45:00,389.15,389.9,385.65,386.1,4813177
2025-05-23 03:50:00,386.05,387.9,385.2,387.65,2063679
2025-05-23 03:55:00,387.7,389.2,387.5,387.5,2466225
2025-05-23 04:00:00,387.55,387.75,386.6,386.95,1333141
2025-05-23 04:05:00,386.9,387.0,385.75,385.95,1065379
2025-05-23 04:10:00,386.0,386.05,384.2,384.8,1479274
2025-05-23 04:15:00,384.8,385.0,383.6,384.75,1009885
2025-05-23 04:20:00,384.75,385.6,384.3,384.65,743839
2025-05-23 04:25:00,384.6,384.85,384.0,384.3,479200
2025-05-23 04:30:00,384.4,384.8,383.75,384.7,431847
2025-05-23 04:35:00,384.65,384.7,383.5,383.75,498427
2025-05-23 04:40:00,383.6,384.0,382.1,382.8,992740
2025-05-23 04:45:00,382.95,382.95,381.5,381.6,690851
2025-05-23 04:50:00,381.75,383.4,381.1,382.8,830849
2025-05-23 04:55:00,382.75,384.4,382.75,384.15,757265
2025-05-23 05:00:00,384.15,384.4,383.6,384.05,336601
2025-05-23 05:05:00,384.1,384.95,383.8,384.75,419719
2025-05-23 05:10:00,384.55,385.45,384.55,384.8,570061
2025-05-23 05:15:00,384.8,385.5,384.6,385.3,370363
2025-05-23 05:20:00,385.15,385.7,385.0,385.0,280678
2025-05-23 05:25:00,385.05,386.5,385.0,386.2,527078
2025-05-23 05:30:00,386.2,387.15,386.2,386.4,907288
2025-05-23 05:35:00,386.4,386.6,385.9,386.1,399691
2025-05-23 05:40:00,386.05,386.15,385.5,385.8,351109
2025-05-23 05:45:00,385.8,386.4,385.5,385.6,251499
2025-05-23 05:50:00,385.65,385.9,385.25,385.4,259768
2025-05-23 05:55:00,385.5,385.9,385.25,385.8,167319
2025-05-23 06:00:00,385.85,386.0,385.5,385.6,169026
2025-05-23 06:05:00,385.6,385.8,385.0,385.05,182186
2025-05-23 06:10:00,385.05,385.4,384.6,385.2,236752
2025-05-23 06:15:00,385.2,385.4,384.25,384.25,199846
2025-05-23 06:20:00,384.35,385.35,384.3,385.3,191015
2025-05-23 06:25:00,385.3,385.5,384.8,385.05,151602
2025-05-23 06:30:00,385.2,385.7,385.0,385.5,198516
2025-05-23 06:35:00,385.5,385.55,385.25,385.3,110415
2025-05-23 06:40:00,385.45,385.55,385.05,385.3,158815
2025-05-23 06:45:00,385.3,385.35,384.7,384.8,137281
2025-05-23 06:50:00,384.9,385.2,384.7,384.95,148367
2025-05-23 06:55:00,385.0,385.35,384.65,384.9,128754
2025-05-23 07:00:00,385.0,385.05,384.8,384.85,122661
2025-05-23 07:05:00,384.85,385.5,384.8,385.4,217146
2025-05-23 07:10:00,385.5,385.7,385.05,385.1,179817
2025-05-23 07:15:00,385.25,385.6,385.1,385.25,143846
2025-05-23 07:20:00,385.4,385.7,385.25,385.5,129386
2025-05-23 07:25:00,385.5,385.6,385.25,385.4,97418
2025-05-23 07:30:00,385.4,385.45,385.0,385.0,103335
2025-05-23 07:35:00,385.05,385.5,385.0,385.15,100373
2025-05-23 07:40:00,385.15,385.5,385.0,385.3,105919
2025-05-23 07:45:00,385.25,385.5,385.05,385.3,104459
2025-05-23 07:50:00,385.25,385.35,385.1,385.3,97237
2025-05-23 07:55:00,385.2,385.3,385.0,385.1,167879
2025-05-23 08:00:00,385.2,385.4,384.7,385.05,233595
2025-05-23 08:05:00,385.05,385.35,384.7,385.15,259578
2025-05-23 08:10:00,385.1,385.25,384.1,384.45,207720
2025-05-23 08:15:00,384.5,384.55,382.65,384.0,780608
2025-05-23 08:20:00,383.9,384.5,383.5,383.8,224600
2025-05-23 08:25:00,383.7,384.0,383.55,384.0,288359
2025-05-23 08:30:00,383.85,384.7,383.85,384.25,203488
2025-05-23 08:35:00,384.25,385.6,384.1,385.2,690160
2025-05-23 08:40:00,385.05,385.25,383.8,384.1,308749
2025-05-23 08:45:00,384.2,384.65,384.05,384.45,117902
2025-05-23 08:50:00,384.6,384.6,384.0,384.3,188419
2025-05-23 08:55:00,384.3,385.0,384.3,384.7,161881
2025-05-23 09:00:00,384.75,384.95,384.5,384.65,192830
2025-05-23 09:05:00,384.65,385.0,384.5,384.7,219803
2025-05-23 09:10:00,384.7,384.85,384.15,384.35,258095
2025-05-23 09:15:00,384.45,384.6,384.3,384.45,236076
2025-05-23 09:20:00,384.4,384.55,384.05,384.2,217155
2025-05-23 09:25:00,384.05,384.95,384.05,384.85,479825
2025-05-23 09:30:00,384.85,385.15,383.7,384.0,875382
2025-05-23 09:35:00,384.0,384.4,383.9,384.0,427091
2025-05-23 09:40:00,384.05,384.2,383.85,383.95,580308
2025-05-23 09:45:00,383.9,383.95,383.1,383.25,911087
2025-05-23 09:50:00,383.3,383.85,383.05,383.4,837608
2025-05-23 09:55:00,383.45,383.6,383.0,383.0,655720
2025-05-26 03:45:00,384.9,385.8,383.5,383.65,1764549
2025-05-26 03:50:00,383.65,384.4,382.0,383.05,1039678
2025-05-26 03:55:00,382.85,383.9,382.35,383.1,533902
2025-05-26 04:00:00,383.1,383.7,382.8,383.0,343792
2025-05-26 04:05:00,383.0,383.0,381.8,381.85,568841
2025-05-26 04:10:00,381.8,382.95,381.6,382.8,399875
2025-05-26 04:15:00,382.85,382.9,382.1,382.3,258519
2025-05-26 04:20:00,382.45,382.6,381.8,382.0,343528
2025-05-26 04:25:00,382.0,382.5,381.8,382.05,235079
2025-05-26 04:30:00,382.0,382.25,381.6,382.0,248380
2025-05-26 04:35:00,382.0,382.15,381.5,381.65,278445
2025-05-26 04:40:00,381.65,381.75,381.0,381.0,600943
2025-05-26 04:45:00,381.1,381.15,379.4,379.6,946352
2025-05-26 04:50:00,379.6,380.15,379.1,379.4,699740
2025-05-26 04:55:00,379.4,380.65,378.5,380.4,824053
2025-05-26 05:00:00,380.35,380.4,378.65,380.2,708652
2025-05-26 05:05:00,380.1,380.95,379.65,380.95,516188
2025-05-26 05:10:00,380.9,381.25,380.5,381.1,397832
2025-05-26 05:15:00,381.1,381.4,380.5,380.8,287324
2025-05-26 05:20:00,380.8,381.0,380.7,381.0,160058
2025-05-26 05:25:00,381.0,381.4,380.85,381.4,147798
2025-05-26 05:30:00,381.4,381.4,381.2,381.25,180120
2025-05-26 05:35:00,381.3,382.15,381.2,382.15,485330
2025-05-26 05:40:00,382.2,382.5,381.9,382.2,310359
2025-05-26 05:45:00,382.2,383.1,382.2,382.8,586762
2025-05-26 05:50:00,382.75,383.05,382.2,382.65,237998
2025-05-26 05:55:00,382.7,384.25,382.45,384.15,606386
2025-05-26 06:00:00,384.15,384.9,383.8,384.4,672716
2025-05-26 06:05:00,384.45,385.35,384.3,384.5,1091106
2025-05-26 06:10:00,384.5,385.65,384.45,385.4,666604
2025-05-26 06:15:00,385.5,385.5,384.7,385.0,525239
2025-05-26 06:20:00,384.95,385.3,384.85,385.25,314239
2025-05-26 06:25:00,385.3,385.3,384.5,384.85,239355
2025-05-26 06:30:00,384.75,385.3,384.7,385.25,240033
2025-05-26 06:35:00,385.25,385.5,385.0,385.0,221757
2025-05-26 06:40:00,385.0,385.4,384.95,384.95,248966
2025-05-26 06:45:00,385.05,385.1,384.8,384.95,226419
2025-05-26 06:50:00,384.95,385.4,384.85,385.2,222140
2025-05-26 06:55:00,385.3,385.45,385.1,385.4,231106
2025-05-26 07:00:00,385.45,385.6,385.25,385.35,328866
2025-05-26 07:05:00,385.35,385.6,384.6,384.95,245592
2025-05-26 07:10:00,384.85,385.0,384.2,384.65,255945
2025-05-26 07:15:00,384.55,384.65,384.3,384.6,182968
2025-05-26 07:20:00,384.6,384.9,384.35,384.4,91301
2025-05-26 07:25:00,384.35,384.4,383.8,384.4,239204
2025-05-26 07:30:00,384.45,384.7,384.3,384.35,112371
2025-05-26 07:35:00,384.4,384.7,384.3,384.5,175655
2025-05-26 07:40:00,384.5,384.5,384.2,384.4,122017
2025-05-26 07:45:00,384.4,384.5,384.2,384.3,122404
2025-05-26 07:50:00,384.3,384.5,384.15,384.35,155282
2025-05-26 07:55:00,384.3,384.5,384.3,384.4,84494
2025-05-26 08:00:00,384.4,385.0,384.4,384.9,190373
2025-05-26 08:05:00,384.9,385.0,384.7,384.8,114579
2025-05-26 08:10:00,384.85,384.9,384.65,384.65,109359
2025-05-26 08:15:00,384.65,384.7,384.35,384.5,98848
2025-05-26 08:20:00,384.35,384.5,383.65,384.3,208749
2025-05-26 08:25:00,384.35,384.4,384.1,384.15,87504
2025-05-26 08:30:00,384.2,384.35,384.0,384.15,119350
2025-05-26 08:35:00,384.2,384.65,384.1,384.35,148759
2025-05-26 08:40:00,384.4,384.4,384.25,384.35,116546
2025-05-26 08:45:00,384.25,384.4,384.0,384.05,126703
2025-05-26 08:50:00,384.05,384.3,383.8,383.95,156133
2025-05-26 08:55:00,383.85,384.15,383.8,384.1,160590
2025-05-26 09:00:00,384.15,384.3,383.9,384.2,146655
2025-05-26 09:05:00,384.2,384.3,384.0,384.05,114970
2025-05-26 09:10:00,384.15,384.3,384.0,384.2,150842
2025-05-26 09:15:00,384.1,384.25,383.65,383.65,270139
2025-05-26 09:20:00,383.7,384.1,383.5,383.5,180905
2025-05-26 09:25:00,383.5,384.0,383.3,383.9,207638
2025-05-26 09:30:00,383.95,384.2,383.6,383.75,292468
2025-05-26 09:35:00,383.8,384.1,383.75,384.0,368812
2025-05-26 09:40:00,384.05,384.3,384.0,384.25,474001
2025-05-26 09:45:00,384.3,385.05,384.3,384.8,1194210
2025-05-26 09:50:00,384.85,385.15,384.65,385.1,458273
2025-05-26 09:55:00,385.05,385.1,384.3,384.7,446360
2025-05-27 03:45:00,384.5,388.8,383.45,388.2,2088475
2025-05-27 03:50:00,388.2,388.5,386.3,386.55,1117917
2025-05-27 03:55:00,386.5,387.0,385.8,386.55,564011
2025-05-27 04:00:00,386.5,387.1,385.85,387.0,502711
2025-05-27 04:05:00,387.0,388.0,386.95,387.35,429765
2025-05-27 04:10:00,387.35,388.25,387.25,387.55,536105
2025-05-27 04:15:00,387.55,387.8,386.6,387.0,428395
2025-05-27 04:20:00,387.0,387.8,386.55,387.15,227524
2025-05-27 04:25:00,387.1,387.3,386.15,386.35,278764
2025-05-27 04:30:00,386.5,387.15,386.2,386.9,182195
2025-05-27 04:35:00,386.95,387.35,386.75,387.35,164135
2025-05-27 04:40:00,387.35,387.5,387.05,387.3,145740
2025-05-27 04:45:00,387.15,387.6,387.0,387.3,189711
2025-05-27 04:50:00,387.15,388.2,387.1,387.7,389431
2025-05-27 04:55:00,387.65,387.9,386.75,386.9,206130
2025-05-27 05:00:00,386.75,387.0,385.6,385.65,409377
2025-05-27 05:05:00,385.7,386.35,385.65,386.15,216533
2025-05-27 05:10:00,386.2,386.5,385.65,385.75,172790
2025-05-27 05:15:00,385.85,385.95,385.25,385.8,298384
2025-05-27 05:20:00,385.8,386.25,385.7,386.05,117531
2025-05-27 05:25:00,386.0,386.15,385.85,385.9,71069
2025-05-27 05:30:00,385.95,386.0,385.0,385.3,204873
2025-05-27 05:35:00,385.3,385.6,384.85,385.6,359784
2025-05-27 05:40:00,385.5,386.1,385.5,385.75,179609
2025-05-27 05:45:00,385.75,386.0,385.5,385.55,116928
2025-05-27 05:50:00,385.6,385.85,385.55,385.85,83429
2025-05-27 05:55:00,385.65,386.5,385.65,386.5,191708
2025-05-27 06:00:00,386.5,386.9,386.1,386.25,140685
2025-05-27 06:05:00,386.2,386.65,386.0,386.1,121019
2025-05-27 06:10:00,386.25,386.25,385.8,386.15,62522
2025-05-27 06:15:00,386.05,386.45,386.0,386.25,69604
2025-05-27 06:20:00,386.25,386.5,386.1,386.2,66139
2025-05-27 06:25:00,386.25,386.5,385.85,385.85,164475
2025-05-27 06:30:00,385.95,386.4,385.8,385.9,101444
2025-05-27 06:35:00,386.0,386.2,385.85,386.15,75303
2025-05-27 06:40:00,386.05,386.3,386.05,386.3,59953
2025-05-27 06:45:00,386.15,386.5,386.1,386.15,79599
2025-05-27 06:50:00,386.25,386.35,385.85,386.0,79025
2025-05-27 06:55:00,386.0,386.2,385.55,386.0,100789
2025-05-27 07:00:00,385.85,386.8,385.8,386.45,222606
2025-05-27 07:05:00,386.55,386.6,386.2,386.3,89608
2025-05-27 07:10:00,386.3,386.95,386.3,386.9,108513
2025-05-27 07:15:00,386.95,387.3,386.75,386.75,197661
2025-05-27 07:20:00,386.75,387.0,386.45,386.85,89770
2025-05-27 07:25:00,386.8,386.95,386.5,386.75,60904
2025-05-27 07:30:00,386.6,386.75,386.0,386.25,78404
2025-05-27 07:35:00,386.2,386.3,386.0,386.25,106394
2025-05-27 07:40:00,386.2,386.5,386.05,386.3,78082
2025-05-27 07:45:00,386.3,386.3,385.85,385.9,74068
2025-05-27 07:50:00,385.9,386.2,385.8,385.95,73345
2025-05-27 07:55:00,385.8,386.2,385.7,386.0,86549
2025-05-27 08:00:00,386.15,386.35,385.8,386.1,73858
2025-05-27 08:05:00,386.05,386.3,385.9,386.1,61458
2025-05-27 08:10:00,386.0,386.2,385.9,386.05,71219
2025-05-27 08:15:00,386.05,386.25,385.85,385.95,58960
2025-05-27 08:20:00,386.0,386.05,385.7,385.7,65720
2025-05-27 08:25:00,385.6,385.85,385.5,385.5,200456
2025-05-27 08:30:00,385.5,385.6,385.1,385.35,171262
2025-05-27 08:35:00,385.3,385.5,385.15,385.15,88897
2025-05-27 08:40:00,385.15,385.35,385.1,385.15,100282
2025-05-27 08:45:00,385.2,385.45,384.3,384.45,274882
2025-05-27 08:50:00,384.4,385.45,384.1,385.3,149600
2025-05-27 08:55:00,385.3,385.4,384.9,385.3,131910
2025-05-27 09:00:00,385.25,385.5,385.0,385.4,108717
2025-05-27 09:05:00,385.45,385.8,385.3,385.35,117497
2025-05-27 09:10:00,385.5,385.65,385.25,385.4,93588
2025-05-27 09:15:00,385.45,385.65,385.05,385.6,155862
2025-05-27 09:20:00,385.65,385.9,385.0,385.15,219188
2025-05-27 09:25:00,385.2,385.6,385.1,385.5,118835
2025-05-27 09:30:00,385.5,385.75,385.15,385.15,193338
2025-05-27 09:35:00,385.15,385.7,385.15,385.6,319520
2025-05-27 09:40:00,385.7,386.0,385.6,385.9,335782
2025-05-27 09:45:00,385.95,386.0,384.7,384.9,660382
2025-05-27 09:50:00,384.8,385.55,384.6,385.25,395043
2025-05-27 09:55:00,385.4,385.5,385.0,385.4,375900
2025-05-28 03:45:00,385.45,387.5,384.1,387.5,1061107
2025-05-28 03:50:00,387.5,388.45,386.15,386.5,973322
2025-05-28 03:55:00,386.5,386.5,385.6,386.25,427069
2025-05-28 04:00:00,386.25,386.25,385.6,386.2,226103
2025-05-28 04:05:00,386.0,386.2,385.5,385.95,433685
2025-05-28 04:10:00,386.0,386.25,385.65,386.25,183549
2025-05-28 04:15:00,386.25,386.4,385.5,385.7,151806
2025-05-28 04:20:00,385.75,385.75,384.65,385.2,319893
2025-05-28 04:25:00,385.2,385.25,384.1,384.9,298382
2025-05-28 04:30:00,384.8,385.35,384.7,385.1,170124
2025-05-28 04:35:00,385.2,385.5,384.8,385.5,154659
2025-05-28 04:40:00,385.5,385.5,385.05,385.3,176500
2025-05-28 04:45:00,385.3,385.45,384.5,385.35,150783
2025-05-28 04:50:00,385.3,385.4,385.05,385.35,87518
2025-05-28 04:55:00,385.4,386.2,385.3,385.5,247170
2025-05-28 05:00:00,385.5,386.1,385.45,386.1,131313
2025-05-28 05:05:00,386.1,386.2,385.45,385.6,109934
2025-05-28 05:10:00,385.6,386.35,385.35,386.15,218648
2025-05-28 05:15:00,386.2,386.7,386.15,386.5,196432
2025-05-28 05:20:00,386.45,387.5,386.45,387.35,396086
2025-05-28 05:25:00,387.45,387.45,387.0,387.0,205738
2025-05-28 05:30:00,387.1,388.2,387.0,388.0,771343
2025-05-28 05:35:00,388.05,389.45,387.85,389.2,845100
2025-05-28 05:40:00,389.25,389.6,388.4,389.45,651552
2025-05-28 05:45:00,389.55,391.7,389.5,391.2,1560081
2025-05-28 05:50:00,391.2,391.7,391.0,391.05,886043
2025-05-28 05:55:00,391.1,392.0,391.05,391.55,770926
2025-05-28 06:00:00,391.6,391.95,391.0,391.85,553504
2025-05-28 06:05:00,391.85,391.9,391.35,391.8,367319
2025-05-28 06:10:00,391.7,391.85,391.0,391.0,386114
2025-05-28 06:15:00,391.15,391.9,391.0,391.65,353921
2025-05-28 06:20:00,391.75,391.95,391.5,391.7,276410
2025-05-28 06:25:00,391.6,391.8,391.15,391.7,300629
2025-05-28 06:30:00,391.7,392.5,391.0,392.5,699853
2025-05-28 06:35:00,392.5,393.25,392.4,392.6,888104
2025-05-28 06:40:00,392.65,393.0,392.6,392.85,350961
2025-05-28 06:45:00,392.9,393.0,392.05,392.55,371026
2025-05-28 06:50:00,392.55,393.0,392.2,392.9,335215
2025-05-28 06:55:00,392.95,393.0,392.3,392.75,293951
2025-05-28 07:00:00,392.7,393.4,392.6,393.4,348221
2025-05-28 07:05:00,393.45,393.5,392.5,392.5,342542
2025-05-28 07:10:00,392.6,392.95,392.35,392.6,261850
2025-05-28 07:15:00,392.75,393.0,392.45,392.75,200524
2025-05-28 07:20:00,392.75,393.0,392.05,392.2,263754
2025-05-28 07:25:00,392.1,392.3,391.6,391.95,393026
2025-05-28 07:30:00,391.85,392.35,391.75,392.3,221164
2025-05-28 07:35:00,392.15,392.4,391.2,391.3,307975
2025-05-28 07:40:00,391.3,391.75,391.15,391.2,258101
2025-05-28 07:45:00,391.2,391.45,390.45,391.1,456178
2025-05-28 07:50:00,391.05,391.2,390.6,390.95,269267
2025-05-28 07:55:00,390.95,391.2,390.7,390.9,194023
2025-05-28 08:00:00,390.9,390.9,390.5,390.85,183173
2025-05-28 08:05:00,390.85,391.2,390.4,390.5,275632
2025-05-28 08:10:00,390.5,390.75,390.1,390.6,183271
2025-05-28 08:15:00,390.6,390.6,389.9,390.05,338637
2025-05-28 08:20:00,390.1,390.4,389.75,390.15,231183
2025-05-28 08:25:00,390.3,390.65,390.15,390.25,169744
2025-05-28 08:30:00,390.45,390.5,390.1,390.3,120579
2025-05-28 08:35:00,390.2,390.85,390.2,390.65,214042
2025-05-28 08:40:00,390.65,390.75,390.2,390.3,140755
2025-05-28 08:45:00,390.3,390.5,389.85,390.1,240059
2025-05-28 08:50:00,390.15,390.25,389.85,389.85,131414
2025-05-28 08:55:00,389.9,389.95,389.55,389.7,225953
2025-05-28 09:00:00,389.75,390.15,389.5,390.15,226969
2025-05-28 09:05:00,390.0,390.15,389.65,390.0,200268
2025-05-28 09:10:00,390.0,390.2,389.75,390.15,139566
2025-05-28 09:15:00,390.15,390.3,389.9,390.3,195688
2025-05-28 09:20:00,390.25,390.9,390.15,390.45,331653
2025-05-28 09:25:00,390.45,390.75,390.45,390.6,140897
2025-05-28 09:30:00,390.65,390.75,389.95,390.0,475993
2025-05-28 09:35:00,390.05,390.55,390.0,390.35,421831
2025-05-28 09:40:00,390.35,390.65,390.3,390.4,480212
2025-05-28 09:45:00,390.4,390.5,390.1,390.45,713521
2025-05-28 09:50:00,390.4,390.85,390.35,390.55,701129
2025-05-28 09:55:00,390.65,390.8,390.1,390.3,551520
2025-05-29 03:45:00,391.55,392.1,389.15,390.6,1118901
2025-05-29 03:50:00,390.7,390.7,389.0,389.25,603130
2025-05-29 03:55:00,389.3,390.9,389.25,389.45,449852
2025-05-29 04:00:00,389.45,389.75,389.1,389.45,279994
2025-05-29 04:05:00,389.4,389.6,388.1,388.85,502070
2025-05-29 04:10:00,388.9,388.9,388.2,388.7,213537
2025-05-29 04:15:00,388.65,389.0,387.45,387.65,407807
2025-05-29 04:20:00,387.65,388.0,387.4,387.85,192000
2025-05-29 04:25:00,387.8,388.45,387.8,388.4,285974
2025-05-29 04:30:00,388.35,389.1,388.05,388.8,223227
2025-05-29 04:35:00,388.95,389.05,388.5,388.9,221184
2025-05-29 04:40:00,388.85,388.9,387.55,387.55,247466
2025-05-29 04:45:00,387.6,387.85,386.75,387.7,408383
2025-05-29 04:50:00,387.85,388.0,387.0,387.25,215062
2025-05-29 04:55:00,387.2,387.5,387.15,387.3,115636
2025-05-29 05:00:00,387.3,387.3,386.85,387.2,158028
2025-05-29 05:05:00,387.1,387.3,386.7,386.95,181038
2025-05-29 05:10:00,386.95,387.5,386.8,387.4,149340
2025-05-29 05:15:00,387.35,387.85,387.3,387.8,147485
2025-05-29 05:20:00,387.7,388.05,387.6,387.75,139311
2025-05-29 05:25:00,387.75,387.95,387.2,387.2,164189
2025-05-29 05:30:00,387.4,387.45,386.5,386.7,215864
2025-05-29 05:35:00,386.5,386.9,386.4,386.45,191015
2025-05-29 05:40:00,386.45,386.75,386.4,386.45,176336
2025-05-29 05:45:00,386.45,386.6,386.1,386.2,169663
2025-05-29 05:50:00,386.2,386.5,386.2,386.45,127088
2025-05-29 05:55:00,386.4,386.8,386.25,386.5,124846
2025-05-29 06:00:00,386.65,386.85,386.5,386.7,120152
2025-05-29 06:05:00,386.65,387.2,386.65,387.2,165639
2025-05-29 06:10:00,387.15,387.6,387.0,387.6,191348
2025-05-29 06:15:00,387.5,387.6,386.8,387.0,109330
2025-05-29 06:20:00,386.95,387.0,386.65,386.8,115227
2025-05-29 06:25:00,386.7,386.8,386.3,386.3,125532
2025-05-29 06:30:00,386.3,386.65,386.2,386.5,263657
2025-05-29 06:35:00,386.5,386.9,386.4,386.8,73128
2025-05-29 06:40:00,386.85,387.45,386.75,387.3,144295
2025-05-29 06:45:00,387.35,387.8,387.25,387.75,189595
2025-05-29 06:50:00,387.8,388.0,387.6,387.95,149900
2025-05-29 06:55:00,387.9,388.2,387.7,387.9,171333
2025-05-29 07:00:00,387.75,387.95,387.2,387.2,156988
2025-05-29 07:05:00,387.2,387.5,386.5,386.5,135826
2025-05-29 07:10:00,386.5,387.0,386.25,386.75,185932
2025-05-29 07:15:00,386.55,387.45,386.55,387.25,114749
2025-05-29 07:20:00,387.2,387.35,386.75,387.0,165185
2025-05-29 07:25:00,386.9,387.4,386.8,387.35,106143
2025-05-29 07:30:00,387.35,387.5,387.1,387.35,104843
2025-05-29 07:35:00,387.4,387.65,387.1,387.55,145855
2025-05-29 07:40:00,387.35,387.55,387.1,387.1,74780
2025-05-29 07:45:00,387.2,387.35,387.1,387.15,84961
2025-05-29 07:50:00,387.3,387.3,387.0,387.2,86813
2025-05-29 07:55:00,387.05,387.45,387.05,387.25,104814
2025-05-29 08:00:00,387.2,387.9,387.05,387.2,137457
2025-05-29 08:05:00,387.2,387.3,386.9,387.0,120366
2025-05-29 08:10:00,387.0,387.25,386.9,387.0,110456
2025-05-29 08:15:00,387.0,387.25,386.7,386.7,199746
2025-05-29 08:20:00,386.75,387.05,386.7,386.85,114328
2025-05-29 08:25:00,386.8,387.0,386.65,386.9,150359
2025-05-29 08:30:00,386.85,386.95,386.45,386.6,155291
2025-05-29 08:35:00,386.5,386.9,386.4,386.6,221876
2025-05-29 08:40:00,386.55,386.8,386.2,386.7,232755
2025-05-29 08:45:00,386.7,386.7,386.5,386.65,126399
2025-05-29 08:50:00,386.65,386.8,386.5,386.7,165065
2025-05-29 08:55:00,386.75,386.8,386.4,386.4,259376
2025-05-29 09:00:00,386.4,386.6,386.25,386.35,249453
2025-05-29 09:05:00,386.4,386.55,386.3,386.35,184564
2025-05-29 09:10:00,386.4,386.5,386.1,386.4,267891
2025-05-29 09:15:00,386.3,386.5,385.65,385.8,364143
2025-05-29 09:20:00,385.9,386.45,385.55,386.25,238038
2025-05-29 09:25:00,386.25,386.45,386.15,386.35,262301
2025-05-29 09:30:00,386.4,387.0,386.4,386.65,808098
2025-05-29 09:35:00,386.7,386.9,386.55,386.85,738041
2025-05-29 09:40:00,386.75,387.0,386.65,386.95,616433
2025-05-29 09:45:00,386.9,386.95,386.2,386.7,877455
2025-05-29 09:50:00,386.7,387.0,386.35,386.95,667979
2025-05-29 09:55:00,386.9,387.45,386.8,387.3,536128
2025-05-30 03:45:00,386.8,388.7,385.35,386.1,673323
2025-05-30 03:50:00,385.9,389.5,385.85,389.2,619239
2025-05-30 03:55:00,389.2,389.5,387.95,388.55,399297
2025-05-30 04:00:00,388.7,390.0,388.65,388.75,623139
2025-05-30 04:05:00,388.85,388.85,387.65,388.1,318764
2025-05-30 04:10:00,388.0,388.3,387.4,388.2,235134
2025-05-30 04:15:00,388.4,388.95,387.7,387.95,158382
2025-05-30 04:20:00,387.95,388.3,387.4,387.6,131931
2025-05-30 04:25:00,387.5,387.65,387.0,387.15,244464
2025-05-30 04:30:00,387.15,387.15,386.6,386.75,190157
2025-05-30 04:35:00,386.85,387.3,386.45,386.8,171623
2025-05-30 04:40:00,386.85,386.95,386.5,386.7,89748
2025-05-30 04:45:00,386.7,387.75,386.2,387.6,172673
2025-05-30 04:50:00,387.6,387.7,386.65,386.85,102695
2025-05-30 04:55:00,386.85,387.75,386.6,387.35,183071
2025-05-30 05:00:00,387.25,387.35,386.3,386.35,212699
2025-05-30 05:05:00,386.35,386.75,386.05,386.6,184554
2025-05-30 05:10:00,386.5,386.85,386.1,386.6,162056
2025-05-30 05:15:00,386.65,386.95,386.25,386.65,205161
2025-05-30 05:20:00,386.75,387.6,386.35,387.55,249691
2025-05-30 05:25:00,387.6,388.45,387.45,387.9,327731
2025-05-30 05:30:00,387.85,388.5,387.7,388.0,178737
2025-05-30 05:35:00,388.1,388.2,387.55,387.65,72792
2025-05-30 05:40:00,387.65,387.9,387.05,387.15,65433
2025-05-30 05:45:00,387.1,387.4,387.1,387.3,43638
2025-05-30 05:50:00,387.35,387.45,387.15,387.45,42511
2025-05-30 05:55:00,387.35,387.5,387.05,387.1,58533
2025-05-30 06:00:00,387.1,388.1,387.05,387.8,388954
2025-05-30 06:05:00,388.0,388.7,387.75,388.05,259412
2025-05-30 06:10:00,388.05,388.1,387.4,387.65,205570
2025-05-30 06:15:00,387.75,388.0,387.4,387.7,88515
2025-05-30 06:20:00,387.85,388.1,387.8,387.9,59997
2025-05-30 06:25:00,388.0,388.25,387.75,388.25,90945
2025-05-30 06:30:00,388.1,388.3,387.3,387.35,84407
2025-05-30 06:35:00,387.35,387.95,387.3,387.85,80927
2025-05-30 06:40:00,387.95,387.95,387.15,387.3,47595
2025-05-30 06:45:00,387.3,387.5,387.05,387.2,59776
2025-05-30 06:50:00,387.2,387.45,386.95,387.25,140437
2025-05-30 06:55:00,387.15,387.45,387.0,387.2,74825
2025-05-30 07:00:00,387.25,387.45,387.0,387.3,99258
2025-05-30 07:05:00,387.4,387.4,386.95,387.05,83483
2025-05-30 07:10:00,387.0,387.1,386.6,386.65,114883
2025-05-30 07:15:00,386.6,387.0,386.55,386.9,55030
2025-05-30 07:20:00,386.85,387.1,386.75,387.05,62761
2025-05-30 07:25:00,387.1,387.1,386.9,386.95,64816
2025-05-30 07:30:00,387.0,387.0,386.55,386.8,87837
2025-05-30 07:35:00,386.8,386.9,386.55,386.8,86305
2025-05-30 07:40:00,386.7,386.85,386.4,386.65,105934
2025-05-30 07:45:00,386.7,386.7,386.4,386.4,70164
2025-05-30 07:50:00,386.5,386.5,386.1,386.1,77908
2025-05-30 07:55:00,386.15,386.9,386.1,386.5,100360
2025-05-30 08:00:00,386.5,386.85,386.35,386.55,82455
2025-05-30 08:05:00,386.65,387.0,386.6,387.0,99299
2025-05-30 08:10:00,386.95,387.0,386.55,386.65,69776
2025-05-30 08:15:00,386.6,386.75,386.1,386.2,112531
2025-05-30 08:20:00,386.25,386.45,386.1,386.4,98916
2025-05-30 08:25:00,386.4,386.95,386.25,386.6,105391
2025-05-30 08:30:00,386.6,387.25,386.4,386.45,176160
2025-05-30 08:35:00,386.5,386.5,386.2,386.25,123320
2025-05-30 08:40:00,386.25,386.7,386.15,386.35,62654
2025-05-30 08:45:00,386.3,386.5,386.1,386.4,101595
2025-05-30 08:50:00,386.4,386.65,385.85,386.1,279944
2025-05-30 08:55:00,386.15,386.45,386.0,386.3,97047
2025-05-30 09:00:00,386.45,386.5,386.25,386.35,84531
2025-05-30 09:05:00,386.45,386.5,386.05,386.3,84253
2025-05-30 09:10:00,386.35,386.45,386.0,386.05,180841
2025-05-30 09:15:00,386.15,386.2,385.65,385.9,157552
2025-05-30 09:20:00,386.0,386.3,385.85,386.2,115361
2025-05-30 09:25:00,386.25,386.6,386.1,386.25,197845
2025-05-30 09:30:00,386.1,386.2,385.0,385.1,2237221
2025-05-30 09:35:00,385.1,385.2,384.95,384.95,1535150
2025-05-30 09:40:00,385.0,385.0,384.2,384.65,2401590
2025-05-30 09:45:00,384.6,384.65,383.85,383.9,2242267
2025-05-30 09:50:00,383.85,384.3,383.65,384.3,2235919
2025-05-30 09:55:00,384.3,385.55,384.25,385.2,1537186
2025-06-02 03:45:00,385.0,387.5,383.75,385.05,1019213
2025-06-02 03:50:00,385.1,387.5,383.8,386.85,536612
2025-06-02 03:55:00,386.85,388.4,386.8,387.75,423977
2025-06-02 04:00:00,387.75,389.25,387.6,388.35,620027
2025-06-02 04:05:00,388.15,388.3,387.3,388.2,318053
2025-06-02 04:10:00,388.05,388.2,386.4,386.95,295975
2025-06-02 04:15:00,386.95,387.2,386.45,386.95,194230
2025-06-02 04:20:00,386.95,387.3,386.65,386.85,123425
2025-06-02 04:25:00,386.7,386.95,386.15,386.3,154911
2025-06-02 04:30:00,386.4,386.8,386.1,386.45,118019
2025-06-02 04:35:00,386.3,386.9,386.1,386.85,139355
2025-06-02 04:40:00,386.9,386.95,385.8,386.2,149140
2025-06-02 04:45:00,386.2,386.35,385.3,385.5,190053
2025-06-02 04:50:00,385.55,385.6,384.7,385.3,189654
2025-06-02 04:55:00,385.35,385.5,385.0,385.5,91706
2025-06-02 05:00:00,385.55,385.7,385.3,385.4,78492
2025-06-02 05:05:00,385.4,385.8,385.1,385.75,56038
2025-06-02 05:10:00,385.75,385.95,385.5,385.65,86693
2025-06-02 05:15:00,385.65,385.95,385.3,385.95,67867
2025-06-02 05:20:00,385.95,385.95,385.5,385.75,58703
2025-06-02 05:25:00,385.75,386.25,385.65,386.0,139269
2025-06-02 05:30:00,386.0,386.45,386.0,386.45,80628
2025-06-02 05:35:00,386.45,386.5,386.1,386.35,85491
2025-06-02 05:40:00,386.25,386.3,385.9,386.05,40189
2025-06-02 05:45:00,386.05,386.5,385.9,386.5,57406
2025-06-02 05:50:00,386.5,386.7,386.25,386.6,90926
2025-06-02 05:55:00,386.65,386.65,386.1,386.1,82761
2025-06-02 06:00:00,386.3,386.35,385.8,386.2,100115
2025-06-02 06:05:00,386.1,386.2,385.8,386.0,57761
2025-06-02 06:10:00,386.0,386.8,385.9,386.65,81424
2025-06-02 06:15:00,386.8,386.95,386.45,386.6,159700
2025-06-02 06:20:00,386.6,386.8,386.15,386.5,55339
2025-06-02 06:25:00,386.5,387.0,386.5,386.9,68736
2025-06-02 06:30:00,386.85,386.9,386.5,386.55,51333
2025-06-02 06:35:00,386.55,386.9,386.4,386.55,63458
2025-06-02 06:40:00,386.6,386.85,386.5,386.65,55993
2025-06-02 06:45:00,386.65,386.85,386.25,386.45,64364
2025-06-02 06:50:00,386.5,386.85,386.35,386.6,78123
2025-06-02 06:55:00,386.75,387.2,386.6,387.2,100421
2025-06-02 07:00:00,387.2,388.35,387.1,388.35,290653
2025-06-02 07:05:00,388.45,389.0,388.3,388.55,430145
2025-06-02 07:10:00,388.45,388.6,387.6,387.7,90493
2025-06-02 07:15:00,387.65,388.15,387.65,388.05,116187
2025-06-02 07:20:00,388.0,388.1,387.7,387.95,87499
2025-06-02 07:25:00,387.8,388.0,387.35,387.45,126343
2025-06-02 07:30:00,387.5,388.4,387.45,388.1,97796
2025-06-02 07:35:00,388.2,388.25,387.9,388.0,75019
2025-06-02 07:40:00,387.9,388.0,387.5,387.8,101549
2025-06-02 07:45:00,387.6,387.9,387.6,387.9,74103
2025-06-02 07:50:00,387.9,388.3,387.65,388.15,132167
2025-06-02 07:55:00,388.1,388.4,387.75,387.8,113041
2025-06-02 08:00:00,387.75,388.0,387.6,387.7,69261
2025-06-02 08:05:00,387.7,388.2,387.6,388.05,104621
2025-06-02 08:10:00,388.05,388.3,387.95,388.3,72503
2025-06-02 08:15:00,388.25,388.35,388.05,388.15,80769
2025-06-02 08:20:00,388.15,388.25,388.0,388.15,81280
2025-06-02 08:25:00,388.0,388.2,387.65,387.8,102427
2025-06-02 08:30:00,387.8,388.15,387.75,387.85,90484
2025-06-02 08:35:00,387.75,387.85,387.5,387.5,115640
2025-06-02 08:40:00,387.5,387.85,387.4,387.75,71488
2025-06-02 08:45:00,387.85,387.85,387.4,387.7,64177
2025-06-02 08:50:00,387.55,387.65,387.05,387.15,91767
2025-06-02 08:55:00,387.15,387.85,387.1,387.6,103546
2025-06-02 09:00:00,387.7,387.85,387.15,387.3,98852
2025-06-02 09:05:00,387.35,387.35,386.8,387.0,111385
2025-06-02 09:10:00,386.95,387.2,386.85,387.15,104322
2025-06-02 09:15:00,387.15,387.3,386.95,387.05,91808
2025-06-02 09:20:00,387.2,387.4,387.05,387.2,89047
2025-06-02 09:25:00,387.3,387.5,387.05,387.4,115948
2025-06-02 09:30:00,387.5,388.0,387.45,387.8,233116
2025-06-02 09:35:00,387.85,387.9,387.6,387.75,147814
2025-06-02 09:40:00,387.8,387.85,387.2,387.35,287897
2025-06-02 09:45:00,387.35,387.45,387.1,387.4,609818
2025-06-02 09:50:00,387.4,387.8,387.25,387.6,456441
2025-06-02 09:55:00,387.55,388.0,387.5,387.7,384969
2025-06-03 03:45:00,387.5,389.4,386.1,387.6,819593
2025-06-03 03:50:00,387.6,387.6,386.6,386.9,287552
2025-06-03 03:55:00,386.95,387.75,386.5,387.75,335639
2025-06-03 04:00:00,387.7,388.2,387.0,387.1,466195
2025-06-03 04:05:00,387.15,388.05,386.9,387.15,266404
2025-06-03 04:10:00,387.15,387.2,386.25,386.6,310861
2025-06-03 04:15:00,386.6,386.8,386.1,386.6,207578
2025-06-03 04:20:00,386.6,386.6,385.7,385.8,301056
2025-06-03 04:25:00,385.85,386.5,385.6,386.3,204573
2025-06-03 04:30:00,386.3,388.15,386.05,388.0,432059
2025-06-03 04:35:00,388.0,388.1,387.05,387.25,122075
2025-06-03 04:40:00,387.25,387.9,387.1,387.75,113674
2025-06-03 04:45:00,387.85,391.4,387.7,391.25,1413616
2025-06-03 04:50:00,391.4,391.8,389.7,389.85,694852
2025-06-03 04:55:00,389.8,390.8,389.8,390.5,262899
2025-06-03 05:00:00,390.6,391.0,390.1,390.75,278298
2025-06-03 05:05:00,390.8,391.0,390.0,390.35,214080
2025-06-03 05:10:00,390.3,390.4,390.0,390.2,123373
2025-06-03 05:15:00,390.2,390.9,390.2,390.45,738389
2025-06-03 05:20:00,390.5,390.5,389.6,389.8,184389
2025-06-03 05:25:00,389.8,390.15,389.6,389.9,177120
2025-06-03 05:30:00,389.8,390.15,389.65,389.9,587901
2025-06-03 05:35:00,389.9,390.0,389.1,389.7,136173
2025-06-03 05:40:00,389.6,389.75,389.05,389.05,82534
2025-06-03 05:45:00,389.1,389.3,388.65,388.85,199171
2025-06-03 05:50:00,388.9,389.15,388.45,388.7,81652
2025-06-03 05:55:00,388.8,389.15,388.6,388.7,78456
2025-06-03 06:00:00,388.8,389.0,388.6,388.85,73338
2025-06-03 06:05:00,388.8,388.8,388.1,388.15,107708
2025-06-03 06:10:00,388.25,388.25,387.6,387.8,199889
2025-06-03 06:15:00,387.8,388.2,387.3,388.2,184246
2025-06-03 06:20:00,388.15,388.55,387.9,388.35,88947
2025-06-03 06:25:00,388.35,389.0,388.35,388.9,119019
2025-06-03 06:30:00,388.95,389.0,388.6,388.95,70673
2025-06-03 06:35:00,389.0,389.25,388.8,389.0,102591
2025-06-03 06:40:00,389.0,389.15,388.65,388.85,58193
2025-06-03 06:45:00,388.85,388.9,388.1,388.2,69687
2025-06-03 06:50:00,388.25,388.3,387.15,387.65,487465
2025-06-03 06:55:00,387.55,388.1,387.45,387.9,113269
2025-06-03 07:00:00,387.9,387.95,387.6,387.7,85637
2025-06-03 07:05:00,387.7,387.9,387.55,387.6,58487
2025-06-03 07:10:00,387.7,387.7,386.65,387.0,377843
2025-06-03 07:15:00,387.0,387.05,386.25,386.25,256373
2025-06-03 07:20:00,386.4,386.6,385.75,386.3,277377
2025-06-03 07:25:00,386.4,386.75,386.05,386.15,128263
2025-06-03 07:30:00,386.3,386.8,386.15,386.5,98724
2025-06-03 07:35:00,386.65,386.65,386.0,386.45,123513
2025-06-03 07:40:00,386.4,386.7,386.0,386.45,134522
2025-06-03 07:45:00,386.4,386.65,386.05,386.55,140566
2025-06-03 07:50:00,386.6,386.85,386.15,386.4,159339
2025-06-03 07:55:00,386.45,386.45,386.0,386.2,156802
2025-06-03 08:00:00,386.4,386.95,386.2,386.6,135763
2025-06-03 08:05:00,386.75,386.75,386.2,386.25,103044
2025-06-03 08:10:00,386.35,386.8,386.2,386.25,120761
2025-06-03 08:15:00,386.25,386.7,386.2,386.25,103666
2025-06-03 08:20:00,386.4,386.7,386.2,386.45,142642
2025-06-03 08:25:00,386.6,386.65,386.25,386.4,106225
2025-06-03 08:30:00,386.5,386.5,386.05,386.15,112214
2025-06-03 08:35:00,386.1,386.5,385.85,385.9,279388
2025-06-03 08:40:00,385.95,386.45,385.9,386.4,140051
2025-06-03 08:45:00,386.45,386.5,385.9,386.0,177998
2025-06-03 08:50:00,386.0,386.45,385.9,386.4,185819
2025-06-03 08:55:00,386.4,386.5,386.05,386.05,249667
2025-06-03 09:00:00,386.05,386.6,386.05,386.5,223249
2025-06-03 09:05:00,386.55,386.6,386.25,386.5,168581
2025-06-03 09:10:00,386.5,386.6,386.15,386.3,226582
2025-06-03 09:15:00,386.65,386.7,386.15,386.35,224658
2025-06-03 09:20:00,386.35,386.65,386.1,386.45,365822
2025-06-03 09:25:00,386.6,386.6,386.05,386.1,259864
2025-06-03 09:30:00,386.15,386.55,386.0,386.1,328011
2025-06-03 09:35:00,386.15,386.15,385.75,385.85,346933
2025-06-03 09:40:00,386.0,386.35,385.75,386.2,378277
2025-06-03 09:45:00,386.2,386.4,385.8,386.0,608455
2025-06-03 09:50:00,385.95,386.1,385.5,386.0,493415
2025-06-03 09:55:00,385.95,386.1,385.65,385.95,351486
2025-06-04 03:45:00,387.0,387.0,384.1,385.95,719557
2025-06-04 03:50:00,385.95,386.95,385.75,386.65,312686
2025-06-04 03:55:00,386.8,388.2,386.25,388.2,724117
2025-06-04 04:00:00,388.2,390.25,388.0,389.5,1333184
2025-06-04 04:05:00,389.65,389.7,388.1,388.95,668259
2025-06-04 04:10:00,388.8,388.8,387.25,387.8,502545
2025-06-04 04:15:00,387.75,388.2,385.0,385.6,621792
2025-06-04 04:20:00,385.5,385.7,384.15,385.0,535010
2025-06-04 04:25:00,384.95,386.0,384.9,385.6,223512
2025-06-04 04:30:00,385.6,385.9,385.0,385.7,151552
2025-06-04 04:35:00,385.7,385.95,385.3,385.8,115693
2025-06-04 04:40:00,385.8,386.0,385.4,385.55,98458
2025-06-04 04:45:00,385.55,385.7,385.0,385.5,137791
2025-06-04 04:50:00,385.3,385.8,384.8,385.8,154511
2025-06-04 04:55:00,385.8,385.8,385.0,385.25,86500
2025-06-04 05:00:00,385.05,385.4,385.0,385.3,73422
2025-06-04 05:05:00,385.25,385.5,385.0,385.25,53212
2025-06-04 05:10:00,385.25,385.35,384.75,384.8,183794
2025-06-04 05:15:00,384.7,384.95,384.3,384.55,168147
2025-06-04 05:20:00,384.6,385.15,384.45,384.8,104449
2025-06-04 05:25:00,384.65,385.45,384.6,385.3,69018
2025-06-04 05:30:00,385.45,385.9,385.3,385.35,103159
2025-06-04 05:35:00,385.45,385.75,385.2,385.65,70946
2025-06-04 05:40:00,385.65,386.4,385.6,385.85,202164
2025-06-04 05:45:00,385.7,385.95,385.0,385.2,146041
2025-06-04 05:50:00,385.15,385.6,385.0,385.2,217108
2025-06-04 05:55:00,385.05,385.45,385.0,385.3,91332
2025-06-04 06:00:00,385.3,385.3,385.0,385.1,94522
2025-06-04 06:05:00,385.1,385.45,385.05,385.2,49347
2025-06-04 06:10:00,385.15,385.55,385.05,385.2,58169
2025-06-04 06:15:00,385.25,385.3,385.1,385.15,27669
2025-06-04 06:20:00,385.2,385.45,385.1,385.45,49012
2025-06-04 06:25:00,385.45,385.45,385.1,385.15,42579
2025-06-04 06:30:00,385.2,385.2,385.0,385.05,89804
2025-06-04 06:35:00,385.05,385.4,385.0,385.3,55982
2025-06-04 06:40:00,385.3,385.65,385.15,385.5,66551
2025-06-04 06:45:00,385.45,385.6,385.25,385.3,41922
2025-06-04 06:50:00,385.4,385.4,385.1,385.3,58281
2025-06-04 06:55:00,385.3,385.35,385.0,385.1,117564
2025-06-04 07:00:00,385.05,385.35,384.95,385.25,150542
2025-06-04 07:05:00,385.25,385.35,385.0,385.1,45852
2025-06-04 07:10:00,385.1,385.1,384.75,384.9,68515
2025-06-04 07:15:00,384.9,385.0,384.7,384.85,58515
2025-06-04 07:20:00,384.9,385.1,384.7,385.0,68709
2025-06-04 07:25:00,385.0,385.35,384.85,385.25,59855
2025-06-04 07:30:00,385.35,386.1,385.2,386.05,211055
2025-06-04 07:35:00,386.05,387.0,386.0,386.45,277054
2025-06-04 07:40:00,386.3,386.6,385.85,386.45,935346
2025-06-04 07:45:00,386.4,387.9,386.25,387.8,376344
2025-06-04 07:50:00,387.8,388.0,386.8,386.8,246201
2025-06-04 07:55:00,386.8,388.5,386.7,388.0,301610
2025-06-04 08:00:00,387.95,388.6,387.6,387.8,166337
2025-06-04 08:05:00,387.75,387.8,387.15,387.15,119257
2025-06-04 08:10:00,387.15,387.2,386.65,386.75,108385
2025-06-04 08:15:00,386.75,387.45,386.65,387.2,76018
2025-06-04 08:20:00,387.25,387.25,386.6,386.9,89264
2025-06-04 08:25:00,386.85,387.15,386.7,387.0,85350
2025-06-04 08:30:00,387.1,387.55,386.9,387.55,87432
2025-06-04 08:35:00,387.5,387.7,387.0,387.35,146825
2025-06-04 08:40:00,387.35,387.45,387.0,387.4,89925
2025-06-04 08:45:00,387.3,387.4,387.05,387.05,115337
2025-06-04 08:50:00,387.05,387.4,387.0,387.4,112658
2025-06-04 08:55:00,387.3,387.4,387.0,387.2,80045
2025-06-04 09:00:00,387.1,387.7,387.05,387.6,133767
2025-06-04 09:05:00,387.55,387.7,387.1,387.15,83497
2025-06-04 09:10:00,387.15,387.5,386.7,386.8,173241
2025-06-04 09:15:00,386.8,387.35,386.7,386.7,139061
2025-06-04 09:20:00,386.7,389.65,386.7,389.25,1507619
2025-06-04 09:25:00,389.15,390.15,388.3,388.55,774048
2025-06-04 09:30:00,388.95,391.0,388.75,390.9,823048
2025-06-04 09:35:00,390.95,391.3,390.35,390.65,786822
2025-06-04 09:40:00,390.6,390.85,389.4,389.5,794347
2025-06-04 09:45:00,389.5,390.85,389.4,390.75,863942
2025-06-04 09:50:00,390.75,391.25,390.4,390.8,1069737
2025-06-04 09:55:00,390.8,391.1,390.2,390.95,781481
2025-06-05 03:45:00,393.7,394.0,389.9,390.2,1919159
2025-06-05 03:50:00,390.35,390.95,389.65,390.35,598513
2025-06-05 03:55:00,390.35,391.15,389.7,391.1,501544
2025-06-05 04:00:00,391.1,391.35,389.5,389.9,649776
2025-06-05 04:05:00,390.05,390.85,389.9,390.25,301866
2025-06-05 04:10:00,390.25,390.4,389.5,390.05,213958
2025-06-05 04:15:00,390.0,390.45,389.9,390.05,215052
2025-06-05 04:20:00,390.1,390.45,390.0,390.25,138396
2025-06-05 04:25:00,390.2,391.0,390.2,390.85,224838
2025-06-05 04:30:00,390.9,391.35,390.8,390.9,341584
2025-06-05 04:35:00,391.0,391.1,390.3,390.65,137206
2025-06-05 04:40:00,390.8,390.8,390.4,390.6,83395
2025-06-05 04:45:00,390.5,390.75,390.45,390.55,73424
2025-06-05 04:50:00,390.5,390.95,390.4,390.9,92864
2025-06-05 04:55:00,390.85,391.25,390.85,391.15,124211
2025-06-05 05:00:00,391.0,391.15,390.85,390.9,75031
2025-06-05 05:05:00,391.0,391.0,390.55,390.65,74667
2025-06-05 05:10:00,390.55,391.1,390.5,391.05,77954
2025-06-05 05:15:00,391.15,391.25,390.65,390.9,86827
2025-06-05 05:20:00,390.9,390.9,390.45,390.55,80514
2025-06-05 05:25:00,390.5,390.6,390.45,390.6,50694
2025-06-05 05:30:00,390.55,390.7,390.45,390.55,90562
2025-06-05 05:35:00,390.6,390.8,390.5,390.75,48293
2025-06-05 05:40:00,390.75,390.85,390.7,390.8,47359
2025-06-05 05:45:00,390.85,390.85,390.35,390.45,94579
2025-06-05 05:50:00,390.45,390.8,390.45,390.8,62361
2025-06-05 05:55:00,390.8,390.9,390.75,390.9,81456
2025-06-05 06:00:00,390.9,390.9,390.7,390.75,57846
2025-06-05 06:05:00,390.8,390.8,390.55,390.55,40589
2025-06-05 06:10:00,390.55,390.8,390.55,390.65,42661
2025-06-05 06:15:00,390.7,390.75,390.55,390.55,48250
2025-06-05 06:20:00,390.5,390.75,390.5,390.7,44478
2025-06-05 06:25:00,390.65,390.65,390.4,390.5,119407
2025-06-05 06:30:00,390.4,391.0,390.4,390.95,155907
2025-06-05 06:35:00,390.95,391.05,390.75,390.85,154871
2025-06-05 06:40:00,390.85,391.9,390.75,391.6,301107
2025-06-05 06:45:00,391.65,391.85,391.25,391.4,119366
2025-06-05 06:50:00,391.35,391.4,390.85,391.15,191326
2025-06-05 06:55:00,391.0,392.0,390.95,391.85,227457
2025-06-05 07:00:00,391.85,392.3,391.6,391.6,359454
2025-06-05 07:05:00,391.6,391.65,391.3,391.55,98671
2025-06-05 07:10:00,391.5,391.9,391.35,391.75,116617
2025-06-05 07:15:00,391.8,392.0,391.5,391.75,114488
2025-06-05 07:20:00,391.6,391.85,391.55,391.65,116859
2025-06-05 07:25:00,391.65,391.85,391.3,391.5,100351
2025-06-05 07:30:00,391.45,391.8,391.45,391.6,99425
2025-06-05 07:35:00,391.75,392.2,391.6,391.9,181669
2025-06-05 07:40:00,391.9,392.0,391.3,391.35,134929
2025-06-05 07:45:00,391.5,391.8,391.3,391.7,90697
2025-06-05 07:50:00,391.6,391.75,391.1,391.25,100053
2025-06-05 07:55:00,391.3,391.45,390.8,390.8,171819
2025-06-05 08:00:00,390.75,390.95,390.25,390.85,281158
2025-06-05 08:05:00,390.85,391.15,390.6,391.15,117882
2025-06-05 08:10:00,391.15,391.7,390.4,390.6,199118
2025-06-05 08:15:00,390.45,390.7,390.4,390.6,91283
2025-06-05 08:20:00,390.6,390.6,390.0,390.05,140328
2025-06-05 08:25:00,390.0,390.3,390.0,390.2,111115
2025-06-05 08:30:00,390.1,390.3,389.5,389.65,280434
2025-06-05 08:35:00,389.6,390.25,389.6,390.0,143986
2025-06-05 08:40:00,390.1,390.55,389.6,390.45,153248
2025-06-05 08:45:00,390.45,392.85,390.35,392.5,768548
2025-06-05 08:50:00,392.45,393.6,392.25,392.35,951131
2025-06-05 08:55:00,392.35,392.8,392.1,392.1,291210
2025-06-05 09:00:00,392.2,392.3,391.25,391.5,379686
2025-06-05 09:05:00,391.5,391.55,390.5,390.95,266651
2025-06-05 09:10:00,390.95,391.35,390.35,390.8,213543
2025-06-05 09:15:00,390.75,391.15,390.65,390.9,156140
2025-06-05 09:20:00,391.05,391.5,390.85,390.85,198752
2025-06-05 09:25:00,390.95,391.1,390.6,390.85,174665
2025-06-05 09:30:00,390.85,391.6,390.45,391.55,479507
2025-06-05 09:35:00,391.6,393.8,391.1,392.35,1154879
2025-06-05 09:40:00,392.4,394.7,392.35,394.05,2037799
2025-06-05 09:45:00,394.1,394.6,394.0,394.3,1071270
2025-06-05 09:50:00,394.3,394.5,394.05,394.3,681757
2025-06-05 09:55:00,394.35,394.45,394.1,394.1,716228
2025-06-06 03:45:00,394.85,396.85,393.7,395.0,2095602
2025-06-06 03:50:00,395.0,395.15,393.15,393.25,924075
2025-06-06 03:55:00,393.05,393.45,392.2,392.85,677860
2025-06-06 04:00:00,392.75,393.4,391.2,391.65,799711
2025-06-06 04:05:00,391.65,391.65,390.2,391.05,583421
2025-06-06 04:10:00,390.9,391.2,390.0,390.05,584195
2025-06-06 04:15:00,390.05,391.0,389.2,390.2,520807
2025-06-06 04:20:00,390.25,391.0,390.25,390.85,140713
2025-06-06 04:25:00,390.65,391.35,390.6,391.0,240403
2025-06-06 04:30:00,391.2,391.3,390.2,390.75,145670
2025-06-06 04:35:00,390.6,392.35,390.1,391.7,371894
2025-06-06 04:40:00,391.75,391.8,390.4,391.2,203883
2025-06-06 04:45:00,391.25,391.6,391.0,391.6,72118
2025-06-06 04:50:00,391.7,392.4,391.3,392.35,280642
2025-06-06 04:55:00,392.25,392.75,392.2,392.4,180882
2025-06-06 05:00:00,392.5,392.55,391.8,391.8,112828
2025-06-06 05:05:00,391.2,391.65,391.1,391.5,204359
2025-06-06 05:10:00,391.4,391.75,391.3,391.65,55625
2025-06-06 05:15:00,391.75,391.75,391.1,391.4,126121
2025-06-06 05:20:00,391.3,391.5,391.0,391.45,90921
2025-06-06 05:25:00,391.45,391.45,390.8,391.2,121891
2025-06-06 05:30:00,391.2,391.6,391.2,391.5,99518
2025-06-06 05:35:00,391.35,391.4,390.7,390.9,96374
2025-06-06 05:40:00,390.85,391.25,390.6,391.15,90403
2025-06-06 05:45:00,391.05,391.35,390.8,391.25,76216
2025-06-06 05:50:00,390.95,391.45,390.85,390.9,85009
2025-06-06 05:55:00,390.9,391.0,390.5,390.65,81729
2025-06-06 06:00:00,390.6,391.05,390.5,390.8,94661
2025-06-06 06:05:00,390.8,391.2,390.55,390.7,88366
2025-06-06 06:10:00,390.6,391.0,390.55,390.8,70250
2025-06-06 06:15:00,390.85,390.95,390.3,390.3,129051
2025-06-06 06:20:00,390.45,390.6,390.25,390.3,76312
2025-06-06 06:25:00,390.35,391.25,390.25,391.1,102363
2025-06-06 06:30:00,391.25,391.3,390.6,390.6,88053
2025-06-06 06:35:00,390.7,391.0,390.6,390.85,43539
2025-06-06 06:40:00,390.75,390.95,390.25,390.65,90996
2025-06-06 06:45:00,390.65,390.75,389.9,390.0,280251
2025-06-06 06:50:00,389.9,390.2,389.5,389.5,228442
2025-06-06 06:55:00,389.55,389.8,389.3,389.55,136975
2025-06-06 07:00:00,389.55,389.85,389.5,389.75,63945
2025-06-06 07:05:00,389.6,390.0,389.4,389.55,112811
2025-06-06 07:10:00,389.55,390.0,389.4,389.7,83555
2025-06-06 07:15:00,389.75,390.15,389.5,390.0,157170
2025-06-06 07:20:00,390.0,390.3,389.5,389.6,120355
2025-06-06 07:25:00,389.6,389.9,389.5,389.55,71887
2025-06-06 07:30:00,389.7,390.0,389.5,389.8,72395
2025-06-06 07:35:00,389.75,389.95,389.7,389.8,65089
2025-06-06 07:40:00,389.8,390.0,389.6,389.65,125902
2025-06-06 07:45:00,389.65,389.95,389.6,389.8,61310
2025-06-06 07:50:00,389.75,389.95,389.7,389.95,69887
2025-06-06 07:55:00,389.95,390.5,389.8,390.3,199099
2025-06-06 08:00:00,390.35,390.75,390.3,390.7,83301
2025-06-06 08:05:00,390.75,391.0,390.65,390.85,114284
2025-06-06 08:10:00,390.85,390.85,390.4,390.55,71925
2025-06-06 08:15:00,390.5,390.9,390.15,390.45,206375
2025-06-06 08:20:00,390.3,390.7,390.05,390.2,90980
2025-06-06 08:25:00,390.2,390.35,390.0,390.2,198108
2025-06-06 08:30:00,390.2,390.4,390.05,390.25,93998
2025-06-06 08:35:00,390.25,390.35,390.0,390.1,107923
2025-06-06 08:40:00,390.05,390.35,390.0,390.15,184406
2025-06-06 08:45:00,390.15,390.5,390.05,390.45,151855
2025-06-06 08:50:00,390.2,390.5,390.15,390.45,118079
2025-06-06 08:55:00,390.4,390.65,390.3,390.6,161301
2025-06-06 09:00:00,390.55,390.6,390.25,390.35,132560
2025-06-06 09:05:00,390.3,390.45,390.1,390.25,140952
2025-06-06 09:10:00,390.25,390.7,390.2,390.35,217816
2025-06-06 09:15:00,390.35,390.45,390.0,390.2,135876
2025-06-06 09:20:00,390.15,390.4,390.05,390.05,169931
2025-06-06 09:25:00,390.1,390.25,390.0,390.15,190262
2025-06-06 09:30:00,390.2,390.55,390.2,390.4,323007
2025-06-06 09:35:00,390.4,390.85,390.25,390.75,397190
2025-06-06 09:40:00,390.75,391.15,390.5,390.7,474582
2025-06-06 09:45:00,390.75,390.9,390.45,390.65,868425
2025-06-06 09:50:00,390.55,391.15,390.45,391.05,608700
2025-06-06 09:55:00,391.0,391.1,390.5,390.9,417551
2025-06-09 03:45:00,394.0,394.05,392.6,393.45,1286378
2025-06-09 03:50:00,393.5,394.9,392.8,392.85,521509
2025-06-09 03:55:00,393.0,393.4,392.75,392.95,351212
2025-06-09 04:00:00,392.75,393.2,392.5,392.95,264549
2025-06-09 04:05:00,392.95,394.5,392.95,394.45,479934
2025-06-09 04:10:00,394.5,394.6,393.85,394.5,338335
2025-06-09 04:15:00,394.5,395.3,394.3,394.35,521231
2025-06-09 04:20:00,394.45,394.45,393.85,394.2,171323
2025-06-09 04:25:00,394.15,394.45,393.65,394.1,196580
2025-06-09 04:30:00,394.1,394.7,394.05,394.5,249042
2025-06-09 04:35:00,394.5,394.7,394.35,394.5,117838
2025-06-09 04:40:00,394.5,394.6,393.9,394.0,121301
2025-06-09 04:45:00,393.85,394.25,393.8,394.0,138626
2025-06-09 04:50:00,393.9,394.45,393.9,394.45,80494
2025-06-09 04:55:00,394.4,395.0,394.35,394.9,231656
2025-06-09 05:00:00,394.85,395.0,394.55,394.65,118344
2025-06-09 05:05:00,394.7,394.7,394.15,394.2,145767
2025-06-09 05:10:00,394.2,394.2,393.3,393.45,221579
2025-06-09 05:15:00,393.45,393.7,393.0,393.05,204075
2025-06-09 05:20:00,393.0,393.25,392.85,393.0,166419
2025-06-09 05:25:00,392.9,393.05,392.8,393.0,79950
2025-06-09 05:30:00,393.0,393.0,392.7,392.95,86837
2025-06-09 05:35:00,392.95,393.05,392.7,392.8,105133
2025-06-09 05:40:00,392.8,392.9,392.55,392.65,87562
2025-06-09 05:45:00,392.6,392.65,392.25,392.3,157975
2025-06-09 05:50:00,392.35,392.95,392.3,392.8,72204
2025-06-09 05:55:00,392.85,393.5,392.8,393.35,241925
2025-06-09 06:00:00,393.3,393.85,393.3,393.5,149814
2025-06-09 06:05:00,393.45,393.5,393.4,393.5,36412
2025-06-09 06:10:00,393.45,393.65,393.3,393.45,68107
2025-06-09 06:15:00,393.45,393.5,393.1,393.35,64679
2025-06-09 06:20:00,393.5,393.85,393.35,393.55,58224
2025-06-09 06:25:00,393.5,393.65,393.15,393.2,213071
2025-06-09 06:30:00,393.2,393.2,392.4,392.75,246190
2025-06-09 06:35:00,392.75,392.95,392.65,392.95,66708
2025-06-09 06:40:00,392.85,392.95,392.6,392.85,123849
2025-06-09 06:45:00,392.7,393.2,392.7,392.85,93764
2025-06-09 06:50:00,392.85,392.9,392.6,392.85,52735
2025-06-09 06:55:00,392.9,393.0,392.45,392.9,268903
2025-06-09 07:00:00,392.9,393.0,392.85,392.85,45550
2025-06-09 07:05:00,392.9,393.2,392.8,392.8,171152
2025-06-09 07:10:00,392.9,393.0,392.7,392.9,53926
2025-06-09 07:15:00,392.85,393.0,392.85,392.9,32202
2025-06-09 07:20:00,392.85,393.15,392.85,393.1,43542
2025-06-09 07:25:00,393.15,393.45,393.05,393.4,76866
2025-06-09 07:30:00,393.4,393.5,393.0,393.1,88375
2025-06-09 07:35:00,393.1,393.4,392.8,393.0,100921
2025-06-09 07:40:00,392.9,393.3,392.9,393.15,41947
2025-06-09 07:45:00,393.2,393.3,393.0,393.05,59170
2025-06-09 07:50:00,392.95,393.1,392.75,392.9,97285
2025-06-09 07:55:00,392.9,392.95,392.7,392.8,65545
2025-06-09 08:00:00,392.85,392.9,392.65,392.7,59238
2025-06-09 08:05:00,392.75,392.8,392.5,392.5,131044
2025-06-09 08:10:00,392.55,392.7,392.25,392.3,127754
2025-06-09 08:15:00,392.25,392.45,392.25,392.45,78490
2025-06-09 08:20:00,392.4,392.7,392.3,392.55,97277
2025-06-09 08:25:00,392.5,392.85,392.5,392.7,98306
2025-06-09 08:30:00,392.7,392.7,392.5,392.65,92425
2025-06-09 08:35:00,392.65,392.75,392.55,392.65,75489
2025-06-09 08:40:00,392.65,392.75,392.25,392.25,131277
2025-06-09 08:45:00,392.3,392.45,392.1,392.4,139544
2025-06-09 08:50:00,392.3,392.5,392.3,392.45,94288
2025-06-09 08:55:00,392.45,392.5,392.3,392.35,121166
2025-06-09 09:00:00,392.35,392.75,392.3,392.6,131244
2025-06-09 09:05:00,392.6,392.75,392.55,392.7,95929
2025-06-09 09:10:00,392.7,392.7,392.65,392.65,74202
2025-06-09 09:15:00,392.7,392.75,391.95,392.3,359300
2025-06-09 09:20:00,392.35,392.6,392.3,392.5,137026
2025-06-09 09:25:00,392.5,392.65,392.45,392.5,150397
2025-06-09 09:30:00,392.45,392.85,392.45,392.7,344767
2025-06-09 09:35:00,392.8,392.8,392.6,392.75,348058
2025-06-09 09:40:00,392.95,393.0,392.15,392.35,460379
2025-06-09 09:45:00,392.45,392.6,392.2,392.3,476578
2025-06-09 09:50:00,392.35,392.35,392.0,392.1,491413
2025-06-09 09:55:00,392.15,392.25,391.8,391.95,340541
2025-06-10 03:45:00,396.5,399.2,394.7,397.7,4015971
2025-06-10 03:50:00,397.7,399.6,397.15,399.5,1669682
2025-06-10 03:55:00,399.6,401.0,399.25,401.0,2729560
2025-06-10 04:00:00,400.9,401.85,398.4,398.5,2180404
2025-06-10 04:05:00,398.55,399.3,397.5,397.85,1440745
2025-06-10 04:10:00,397.85,398.0,396.55,396.65,1145852
2025-06-10 04:15:00,396.65,398.5,396.6,398.5,590009
2025-06-10 04:20:00,398.4,400.3,398.15,399.6,1085503
2025-06-10 04:25:00,399.65,400.2,398.7,398.75,552218
2025-06-10 04:30:00,398.7,399.2,398.25,398.5,293266
2025-06-10 04:35:00,398.35,399.0,398.35,398.55,204001
2025-06-10 04:40:00,398.55,398.7,398.2,398.25,209211
2025-06-10 04:45:00,398.2,399.0,398.1,399.0,154186
2025-06-10 04:50:00,398.8,399.0,398.25,398.75,177029
2025-06-10 04:55:00,398.6,398.75,397.5,398.0,324852
2025-06-10 05:00:00,398.0,398.2,397.55,397.75,173579
2025-06-10 05:05:00,397.85,398.1,397.7,397.8,101103
2025-06-10 05:10:00,397.95,398.0,397.7,397.9,92415
2025-06-10 05:15:00,397.7,398.0,397.7,398.0,87508
2025-06-10 05:20:00,398.0,398.1,397.75,398.0,137084
2025-06-10 05:25:00,398.1,398.4,397.55,397.8,161716
2025-06-10 05:30:00,397.7,397.85,397.15,397.7,216081
2025-06-10 05:35:00,397.85,398.05,397.6,397.85,125889
2025-06-10 05:40:00,397.9,398.0,397.85,397.95,81544
2025-06-10 05:45:00,397.95,397.95,397.6,397.6,91925
2025-06-10 05:50:00,397.6,397.8,397.25,397.35,171014
2025-06-10 05:55:00,397.35,398.25,397.25,398.1,346307
2025-06-10 06:00:00,398.1,398.5,397.9,398.0,219254
2025-06-10 06:05:00,398.0,398.2,397.6,397.65,77132
2025-06-10 06:10:00,397.7,397.95,397.5,397.9,77098
2025-06-10 06:15:00,397.85,398.0,397.7,397.8,48068
2025-06-10 06:20:00,397.9,397.95,397.65,397.85,58755
2025-06-10 06:25:00,397.7,397.85,397.6,397.8,56117
2025-06-10 06:30:00,397.8,398.0,397.6,397.95,80307
2025-06-10 06:35:00,397.9,398.0,397.7,397.9,90958
2025-06-10 06:40:00,397.9,397.95,397.5,397.6,126067
2025-06-10 06:45:00,397.6,397.6,397.0,397.15,150988
2025-06-10 06:50:00,397.05,397.3,397.05,397.1,71925
2025-06-10 06:55:00,397.15,397.3,397.0,397.05,98577
2025-06-10 07:00:00,397.1,397.1,396.8,396.8,210336
2025-06-10 07:05:00,396.9,397.0,396.5,396.6,167893
2025-06-10 07:10:00,396.6,396.7,396.5,396.65,97051
2025-06-10 07:15:00,396.5,396.65,396.25,396.3,116029
2025-06-10 07:20:00,396.3,396.5,396.3,396.35,76034
2025-06-10 07:25:00,396.35,396.8,396.35,396.6,132250
2025-06-10 07:30:00,396.75,397.0,396.55,396.9,100055
2025-06-10 07:35:00,397.0,397.1,396.85,397.0,112201
2025-06-10 07:40:00,397.0,397.0,396.5,396.6,93229
2025-06-10 07:45:00,396.75,396.8,396.6,396.8,61646
2025-06-10 07:50:00,396.8,396.8,396.5,396.6,48745
2025-06-10 07:55:00,396.5,397.2,396.45,397.1,145591
2025-06-10 08:00:00,397.1,397.2,397.0,397.2,66259
2025-06-10 08:05:00,397.1,397.5,397.0,397.45,113374
2025-06-10 08:10:00,397.35,397.6,397.25,397.55,133023
2025-06-10 08:15:00,397.55,397.7,397.1,397.2,134468
2025-06-10 08:20:00,397.3,397.45,397.05,397.15,61891
2025-06-10 08:25:00,397.1,397.35,396.85,397.0,122931
2025-06-10 08:30:00,397.0,397.0,396.55,397.0,119053
2025-06-10 08:35:00,396.9,397.45,396.8,397.3,112685
2025-06-10 08:40:00,397.4,397.45,397.0,397.1,64592
2025-06-10 08:45:00,397.05,397.4,397.05,397.05,73792
2025-06-10 08:50:00,397.2,397.25,397.0,397.2,102969
2025-06-10 08:55:00,397.2,397.25,396.8,396.95,92821
2025-06-10 09:00:00,396.8,397.1,396.3,396.5,163085
2025-06-10 09:05:00,396.3,397.0,396.3,397.0,109342
2025-06-10 09:10:00,397.0,397.0,396.6,396.75,99396
2025-06-10 09:15:00,396.75,396.75,396.45,396.5,112425
2025-06-10 09:20:00,396.65,397.0,396.5,396.6,145863
2025-06-10 09:25:00,396.65,396.7,396.5,396.5,173562
2025-06-10 09:30:00,396.55,397.0,396.5,396.8,425967
2025-06-10 09:35:00,396.8,397.45,396.5,397.45,505351
2025-06-10 09:40:00,397.45,397.75,397.4,397.7,548849
2025-06-10 09:45:00,397.7,397.9,397.5,397.6,783356
2025-06-10 09:50:00,397.55,397.8,397.55,397.6,567822
2025-06-10 09:55:00,397.6,397.75,397.05,397.3,532139
2025-06-11 03:45:00,398.25,398.25,394.5,394.85,1357165
2025-06-11 03:50:00,394.7,395.65,393.75,394.05,849563
2025-06-11 03:55:00,394.15,394.7,393.5,394.35,478607
2025-06-11 04:00:00,394.35,395.25,393.9,395.15,356040
2025-06-11 04:05:00,395.4,395.75,394.7,394.85,376217
2025-06-11 04:10:00,395.0,395.1,394.3,394.4,269467
2025-06-11 04:15:00,394.7,395.25,394.25,395.15,155724
2025-06-11 04:20:00,395.2,395.7,394.95,395.7,186433
2025-06-11 04:25:00,395.75,395.9,395.4,395.55,205396
2025-06-11 04:30:00,395.7,396.75,395.5,396.45,381399
2025-06-11 04:35:00,396.45,396.5,395.95,396.2,126873
2025-06-11 04:40:00,396.15,396.15,395.7,395.9,110707
2025-06-11 04:45:00,395.9,396.3,395.65,396.15,121864
2025-06-11 04:50:00,396.2,396.5,396.0,396.45,145585
2025-06-11 04:55:00,396.45,396.45,396.0,396.05,93148
2025-06-11 05:00:00,396.1,396.1,395.9,395.95,83403
2025-06-11 05:05:00,395.9,396.1,395.55,395.65,122689
2025-06-11 05:10:00,395.65,396.45,395.6,396.35,154883
2025-06-11 05:15:00,396.4,396.6,396.3,396.3,117175
2025-06-11 05:20:00,396.35,396.6,396.1,396.45,121356
2025-06-11 05:25:00,396.55,396.65,396.35,396.45,101532
2025-06-11 05:30:00,396.45,396.7,396.1,396.1,115573
2025-06-11 05:35:00,396.1,396.6,396.1,396.6,77279
2025-06-11 05:40:00,396.6,396.75,396.55,396.75,89650
2025-06-11 05:45:00,396.7,396.75,396.15,396.45,145977
2025-06-11 05:50:00,396.5,396.5,396.2,396.3,97433
2025-06-11 05:55:00,396.25,397.25,396.25,396.9,404630
2025-06-11 06:00:00,396.95,397.6,396.75,397.5,139281
2025-06-11 06:05:00,397.5,398.0,397.45,397.45,265430
2025-06-11 06:10:00,397.4,397.45,396.75,397.1,280557
2025-06-11 06:15:00,397.15,397.35,396.7,396.75,136340
2025-06-11 06:20:00,396.8,397.1,396.7,396.95,101125
2025-06-11 06:25:00,396.95,397.1,396.7,396.75,145100
2025-06-11 06:30:00,396.75,396.95,396.45,396.65,124490
2025-06-11 06:35:00,396.65,396.9,396.6,396.7,106660
2025-06-11 06:40:00,396.75,396.75,396.05,396.2,150176
2025-06-11 06:45:00,396.25,396.75,396.2,396.6,130979
2025-06-11 06:50:00,396.75,397.0,396.6,396.95,119800
2025-06-11 06:55:00,397.0,397.1,396.7,396.85,157500
2025-06-11 07:00:00,396.85,397.0,396.5,396.55,133432
2025-06-11 07:05:00,396.55,396.75,396.15,396.35,155975
2025-06-11 07:10:00,396.35,396.5,396.2,396.4,130914
2025-06-11 07:15:00,396.45,396.85,396.4,396.7,106191
2025-06-11 07:20:00,396.65,396.85,396.45,396.75,110078
2025-06-11 07:25:00,396.75,397.0,396.75,396.9,152020
2025-06-11 07:30:00,396.95,397.0,396.7,396.75,81049
2025-06-11 07:35:00,396.8,397.5,396.75,397.35,185001
2025-06-11 07:40:00,397.3,397.5,397.0,397.2,101348
2025-06-11 07:45:00,397.15,397.5,397.0,397.05,104337
2025-06-11 07:50:00,397.0,397.2,396.65,396.85,95813
2025-06-11 07:55:00,396.75,396.85,395.35,395.35,291615
2025-06-11 08:00:00,395.4,395.5,394.65,394.8,357062
2025-06-11 08:05:00,394.8,395.35,394.5,395.2,141811
2025-06-11 08:10:00,395.2,395.3,394.1,394.45,205182
2025-06-11 08:15:00,394.4,394.4,392.5,392.7,605799
2025-06-11 08:20:00,392.75,393.2,390.6,390.75,730224
2025-06-11 08:25:00,390.85,393.2,390.7,392.5,389396
2025-06-11 08:30:00,392.25,392.7,391.65,391.9,211478
2025-06-11 08:35:00,391.95,392.2,391.15,391.5,202374
2025-06-11 08:40:00,391.3,392.0,391.1,392.0,146733
2025-06-11 08:45:00,391.9,392.3,391.7,392.3,157762
2025-06-11 08:50:00,392.15,392.85,392.15,392.35,201005
2025-06-11 08:55:00,392.45,392.55,391.35,391.85,180989
2025-06-11 09:00:00,391.85,391.95,391.5,391.7,118643
2025-06-11 09:05:00,391.7,392.1,391.5,392.05,129673
2025-06-11 09:10:00,392.05,392.5,391.75,392.3,256386
2025-06-11 09:15:00,392.2,392.8,392.15,392.35,220395
2025-06-11 09:20:00,392.4,392.95,392.3,392.85,225461
2025-06-11 09:25:00,392.8,392.9,392.3,392.4,277694
2025-06-11 09:30:00,392.4,392.95,392.25,392.9,316774
2025-06-11 09:35:00,392.8,393.05,392.55,392.95,459654
2025-06-11 09:40:00,393.0,393.8,392.85,393.5,698372
2025-06-11 09:45:00,393.5,393.5,392.55,392.95,484328
2025-06-11 09:50:00,392.9,393.15,392.55,392.65,574120
2025-06-11 09:55:00,392.65,392.9,392.3,392.35,391714
2025-06-12 03:45:00,392.8,394.3,391.4,394.0,612839
2025-06-12 03:50:00,393.9,394.85,393.35,393.95,374582
2025-06-12 03:55:00,393.95,395.3,393.55,394.4,315981
2025-06-12 04:00:00,394.4,395.2,394.0,394.85,185787
2025-06-12 04:05:00,394.85,395.75,394.55,395.15,528890
2025-06-12 04:10:00,395.15,395.25,392.75,393.0,347368
2025-06-12 04:15:00,393.0,394.1,392.9,393.75,199413
2025-06-12 04:20:00,393.75,395.0,393.75,395.0,172630
2025-06-12 04:25:00,394.9,394.9,393.8,393.9,95278
2025-06-12 04:30:00,393.8,394.05,393.3,393.65,98643
2025-06-12 04:35:00,393.8,394.65,393.65,394.45,101157
2025-06-12 04:40:00,394.4,394.5,393.8,393.9,68622
2025-06-12 04:45:00,393.9,394.05,393.7,393.85,85121
2025-06-12 04:50:00,393.85,394.45,393.65,394.35,79027
2025-06-12 04:55:00,394.35,394.4,394.05,394.3,33707
2025-06-12 05:00:00,394.2,394.8,394.1,394.45,94667
2025-06-12 05:05:00,394.45,394.55,393.65,393.95,107361
2025-06-12 05:10:00,393.8,393.95,393.05,393.1,101824
2025-06-12 05:15:00,393.1,393.6,393.0,393.2,124871
2025-06-12 05:20:00,393.2,393.5,393.05,393.2,100807
2025-06-12 05:25:00,393.2,393.45,393.0,393.25,52506
2025-06-12 05:30:00,393.2,393.5,393.1,393.25,68199
2025-06-12 05:35:00,393.25,393.65,393.15,393.35,50473
2025-06-12 05:40:00,393.35,393.4,393.0,393.0,95715
2025-06-12 05:45:00,393.0,393.1,392.2,392.55,491532
2025-06-12 05:50:00,392.55,393.2,392.35,392.8,82008
2025-06-12 05:55:00,392.8,393.4,392.8,393.25,89343
2025-06-12 06:00:00,393.2,393.25,392.45,392.55,52189
2025-06-12 06:05:00,392.55,392.65,391.65,391.9,80746
2025-06-12 06:10:00,391.9,392.05,391.4,392.0,158370
2025-06-12 06:15:00,391.85,392.0,391.45,391.9,134602
2025-06-12 06:20:00,392.0,392.0,391.6,391.8,55905
2025-06-12 06:25:00,391.8,391.8,391.15,391.4,206749
2025-06-12 06:30:00,391.3,391.65,390.9,391.45,208718
2025-06-12 06:35:00,391.35,391.8,391.1,391.5,233090
2025-06-12 06:40:00,391.7,391.9,391.5,391.9,71489
2025-06-12 06:45:00,391.9,391.9,391.45,391.55,78043
2025-06-12 06:50:00,391.55,391.8,391.35,391.7,74825
2025-06-12 06:55:00,391.75,391.75,391.2,391.25,71547
2025-06-12 07:00:00,391.2,391.85,391.2,391.85,102244
2025-06-12 07:05:00,391.9,392.35,391.55,391.7,100984
2025-06-12 07:10:00,391.85,392.35,391.6,392.2,76047
2025-06-12 07:15:00,392.3,392.3,391.85,392.1,61641
2025-06-12 07:20:00,392.15,392.2,391.9,392.0,38471
2025-06-12 07:25:00,392.05,392.05,391.3,391.35,81672
2025-06-12 07:30:00,391.5,391.5,391.0,391.0,106391
2025-06-12 07:35:00,391.05,391.45,391.0,391.15,86355
2025-06-12 07:40:00,391.2,391.3,391.0,391.1,48171
2025-06-12 07:45:00,391.15,391.5,391.05,391.2,68662
2025-06-12 07:50:00,391.3,391.35,390.7,390.95,105412
2025-06-12 07:55:00,391.0,391.15,390.05,390.1,225541
2025-06-12 08:00:00,390.15,390.55,389.65,389.85,295780
2025-06-12 08:05:00,389.95,390.0,389.05,389.4,265968
2025-06-12 08:10:00,389.4,389.4,387.8,387.85,338346
2025-06-12 08:15:00,388.0,388.6,387.8,387.85,298407
2025-06-12 08:20:00,387.9,388.85,387.4,388.65,308440
2025-06-12 08:25:00,388.85,389.3,388.5,388.6,170090
2025-06-12 08:30:00,388.55,388.95,387.75,387.9,358494
2025-06-12 08:35:00,387.9,388.25,387.1,387.2,247562
2025-06-12 08:40:00,387.35,387.9,387.15,387.25,389662
2025-06-12 08:45:00,387.4,388.35,387.1,388.15,552536
2025-06-12 08:50:00,388.3,388.8,388.05,388.25,201926
2025-06-12 08:55:00,388.15,388.3,387.15,387.55,181292
2025-06-12 09:00:00,387.7,389.15,387.6,388.9,328033
2025-06-12 09:05:00,388.95,389.0,387.6,387.8,170258
2025-06-12 09:10:00,387.8,389.45,387.75,389.15,253379
2025-06-12 09:15:00,389.15,389.3,388.3,389.0,341356
2025-06-12 09:20:00,389.1,389.1,388.3,388.65,167500
2025-06-12 09:25:00,388.7,388.75,388.0,388.4,292392
2025-06-12 09:30:00,388.4,388.95,387.85,388.3,566957
2025-06-12 09:35:00,388.35,388.55,387.6,387.9,400692
2025-06-12 09:40:00,387.9,387.9,387.5,387.85,368449
2025-06-12 09:45:00,387.8,387.85,387.15,387.15,567710
2025-06-12 09:50:00,387.2,387.3,386.5,386.7,612550
2025-06-12 09:55:00,386.6,386.9,385.6,386.5,589354
2025-06-13 03:45:00,379.65,389.95,379.5,389.95,2334166
2025-06-13 03:50:00,389.95,391.0,388.65,391.0,1811194
2025-06-13 03:55:00,391.3,393.0,390.35,392.55,1527912
2025-06-13 04:00:00,392.55,393.7,391.0,391.3,1469174
2025-06-13 04:05:00,391.15,392.8,391.15,392.8,730295
2025-06-13 04:10:00,392.7,393.25,391.7,392.0,576224
2025-06-13 04:15:00,391.9,392.95,390.65,391.95,680169
2025-06-13 04:20:00,391.95,392.9,391.5,392.55,584644
2025-06-13 04:25:00,392.75,392.95,391.95,392.95,477388
2025-06-13 04:30:00,392.95,394.4,392.35,393.9,890108
2025-06-13 04:35:00,393.85,395.35,393.85,394.9,1164193
2025-06-13 04:40:00,394.95,395.8,394.7,395.7,775418
2025-06-13 04:45:00,395.75,396.5,395.6,396.0,1014977
2025-06-13 04:50:00,396.0,396.2,395.15,395.8,602117
2025-06-13 04:55:00,395.8,396.0,394.5,395.05,597373
2025-06-13 05:00:00,395.0,395.65,394.65,394.9,273730
2025-06-13 05:05:00,394.9,395.6,394.9,395.25,247430
2025-06-13 05:10:00,395.25,396.25,395.25,396.1,397560
2025-06-13 05:15:00,396.2,397.7,395.95,397.65,882007
2025-06-13 05:20:00,397.5,397.75,396.45,396.6,1237279
2025-06-13 05:25:00,396.7,396.7,395.0,395.4,1261573
2025-06-13 05:30:00,395.4,396.0,395.3,396.0,227583
2025-06-13 05:35:00,396.0,397.65,395.95,396.7,559474
2025-06-13 05:40:00,396.65,397.2,395.85,396.1,330009
2025-06-13 05:45:00,396.1,396.3,395.65,396.3,243775
2025-06-13 05:50:00,396.25,396.8,396.1,396.25,156975
2025-06-13 05:55:00,396.2,396.3,395.8,396.0,126054
2025-06-13 06:00:00,396.0,396.15,395.5,395.55,179332
2025-06-13 06:05:00,395.65,395.9,395.1,395.75,195233
2025-06-13 06:10:00,395.9,396.0,394.6,394.6,289516
2025-06-13 06:15:00,394.6,395.0,393.75,394.25,1241309
2025-06-13 06:20:00,394.3,394.65,393.65,393.95,247713
2025-06-13 06:25:00,393.95,393.95,393.1,393.8,275619
2025-06-13 06:30:00,393.85,394.45,393.55,394.4,194234
2025-06-13 06:35:00,394.35,394.5,393.85,393.95,163060
2025-06-13 06:40:00,393.95,394.0,393.3,393.55,129528
2025-06-13 06:45:00,393.6,394.3,393.45,393.85,165363
2025-06-13 06:50:00,393.9,394.2,393.5,393.9,209930
2025-06-13 06:55:00,393.8,393.9,392.55,392.9,325309
2025-06-13 07:00:00,392.9,393.2,392.6,392.7,159093
2025-06-13 07:05:00,392.7,392.75,392.15,392.7,175565
2025-06-13 07:10:00,392.55,392.9,392.5,392.75,101764
2025-06-13 07:15:00,392.75,392.85,392.25,392.45,223577
2025-06-13 07:20:00,392.3,392.5,392.05,392.4,168642
2025-06-13 07:25:00,392.35,392.45,391.6,391.9,229492
2025-06-13 07:30:00,391.85,392.0,391.55,391.7,213533
2025-06-13 07:35:00,391.6,391.9,391.3,391.4,187348
2025-06-13 07:40:00,391.4,391.55,390.8,391.5,334554
2025-06-13 07:45:00,391.4,391.7,390.9,391.25,167466
2025-06-13 07:50:00,391.2,391.8,390.95,391.45,172347
2025-06-13 07:55:00,391.45,391.65,391.3,391.35,66585
2025-06-13 08:00:00,391.4,392.2,391.3,391.7,238192
2025-06-13 08:05:00,391.65,391.95,391.15,391.45,778820
2025-06-13 08:10:00,391.4,391.9,391.35,391.5,136321
2025-06-13 08:15:00,391.5,392.55,391.45,392.3,169538
2025-06-13 08:20:00,392.4,393.0,392.15,392.95,252620
2025-06-13 08:25:00,392.9,392.9,392.1,392.4,522600
2025-06-13 08:30:00,392.55,393.85,392.25,393.45,336166
2025-06-13 08:35:00,393.55,394.65,393.35,393.75,398956
2025-06-13 08:40:00,393.9,393.9,393.1,393.25,223885
2025-06-13 08:45:00,393.25,393.5,392.4,393.25,270636
2025-06-13 08:50:00,393.15,393.5,393.0,393.0,143988
2025-06-13 08:55:00,393.05,393.55,392.8,392.9,199485
2025-06-13 09:00:00,392.95,393.3,392.8,393.1,128957
2025-06-13 09:05:00,393.15,393.4,393.05,393.3,140991
2025-06-13 09:10:00,393.15,393.7,393.0,393.0,225684
2025-06-13 09:15:00,393.05,393.2,392.8,392.8,174103
2025-06-13 09:20:00,392.85,393.35,392.35,393.35,332846
2025-06-13 09:25:00,393.35,393.4,392.15,392.6,248396
2025-06-13 09:30:00,392.55,393.2,392.55,392.95,378176
2025-06-13 09:35:00,393.05,394.2,392.9,393.9,664498
2025-06-13 09:40:00,393.9,394.15,393.65,394.1,525981
2025-06-13 09:45:00,394.05,394.8,393.55,394.7,756749
2025-06-13 09:50:00,394.7,395.05,394.55,394.95,800002
2025-06-13 09:55:00,395.0,395.45,394.9,395.15,517278
2025-06-16 03:45:00,396.15,398.0,395.7,397.75,1612338
2025-06-16 03:50:00,397.9,400.9,397.75,399.65,2064642
2025-06-16 03:55:00,399.8,401.4,399.05,400.1,1983105
2025-06-16 04:00:00,400.05,400.2,397.1,397.5,1675866
2025-06-16 04:05:00,397.35,397.55,395.25,395.3,1411762
2025-06-16 04:10:00,395.35,396.5,394.7,395.8,814993
2025-06-16 04:15:00,395.95,395.95,394.2,395.25,958871
2025-06-16 04:20:00,395.25,396.25,394.7,395.15,517370
2025-06-16 04:25:00,395.25,395.8,394.85,395.55,334146
2025-06-16 04:30:00,395.55,396.4,395.0,396.4,252852
2025-06-16 04:35:00,396.35,397.75,396.0,397.4,427492
2025-06-16 04:40:00,397.4,397.75,396.75,397.05,306746
2025-06-16 04:45:00,397.0,397.85,397.0,397.45,192150
2025-06-16 04:50:00,397.45,397.95,397.15,397.5,220008
2025-06-16 04:55:00,397.5,398.2,397.05,398.2,254111
2025-06-16 05:00:00,398.0,398.4,397.8,397.85,190081
2025-06-16 05:05:00,397.8,398.2,397.7,397.85,166937
2025-06-16 05:10:00,397.95,397.95,397.5,397.65,105244
2025-06-16 05:15:00,397.7,397.95,397.4,397.5,131243
2025-06-16 05:20:00,397.45,398.45,397.25,397.95,179769
2025-06-16 05:25:00,397.8,398.35,397.65,398.15,124275
2025-06-16 05:30:00,398.15,398.3,397.6,397.65,71841
2025-06-16 05:35:00,397.6,398.25,397.5,398.2,118013
2025-06-16 05:40:00,398.25,398.3,397.55,397.65,84740
2025-06-16 05:45:00,397.6,398.7,397.6,398.15,191931
2025-06-16 05:50:00,398.2,398.25,397.4,397.4,135568
2025-06-16 05:55:00,397.4,397.8,397.3,397.75,125452
2025-06-16 06:00:00,397.75,398.75,397.75,398.55,207136
2025-06-16 06:05:00,398.45,399.3,398.45,399.0,313125
2025-06-16 06:10:00,399.1,400.5,399.0,399.95,846343
2025-06-16 06:15:00,400.05,400.45,399.6,399.75,266262
2025-06-16 06:20:00,399.65,399.75,399.3,399.45,214531
2025-06-16 06:25:00,399.45,400.25,399.4,400.05,310953
2025-06-16 06:30:00,400.0,400.2,399.8,400.05,191956
2025-06-16 06:35:00,400.15,400.45,399.85,400.0,201162
2025-06-16 06:40:00,400.0,400.25,399.5,400.2,188313
2025-06-16 06:45:00,400.2,400.25,399.6,400.1,178472
2025-06-16 06:50:00,400.2,400.2,399.65,399.8,134876
2025-06-16 06:55:00,399.9,400.15,399.75,399.75,91938
2025-06-16 07:00:00,399.8,400.2,399.5,400.15,193449
2025-06-16 07:05:00,400.15,400.3,399.85,400.3,157011
2025-06-16 07:10:00,400.3,400.5,400.15,400.35,188741
2025-06-16 07:15:00,400.4,401.3,400.2,401.25,617941
2025-06-16 07:20:00,401.2,402.45,400.85,401.95,1071259
2025-06-16 07:25:00,402.0,402.35,401.35,401.65,457343
2025-06-16 07:30:00,401.7,402.5,401.6,402.4,473885
2025-06-16 07:35:00,402.4,402.5,402.0,402.0,286663
2025-06-16 07:40:00,402.05,402.2,401.4,401.6,224446
2025-06-16 07:45:00,401.55,401.6,401.05,401.4,274413
2025-06-16 07:50:00,401.35,401.6,400.5,400.5,372213
2025-06-16 07:55:00,400.5,400.85,400.35,400.8,236574
2025-06-16 08:00:00,400.8,401.0,400.4,400.45,246650
2025-06-16 08:05:00,400.45,400.95,400.4,400.95,110867
2025-06-16 08:10:00,400.95,401.5,400.75,401.0,158343
2025-06-16 08:15:00,401.0,401.4,401.0,401.3,135759
2025-06-16 08:20:00,401.3,401.35,400.65,401.05,201002
2025-06-16 08:25:00,401.1,401.15,400.75,401.0,98881
2025-06-16 08:30:00,400.9,401.5,400.9,401.5,149225
2025-06-16 08:35:00,401.5,401.8,401.3,401.6,141880
2025-06-16 08:40:00,401.55,401.75,401.5,401.6,125873
2025-06-16 08:45:00,401.65,401.95,401.65,401.85,325247
2025-06-16 08:50:00,401.7,401.75,401.25,401.5,211215
2025-06-16 08:55:00,401.5,401.65,401.3,401.45,133955
2025-06-16 09:00:00,401.45,401.7,401.4,401.5,132138
2025-06-16 09:05:00,401.45,401.6,401.4,401.5,113906
2025-06-16 09:10:00,401.45,402.95,401.4,402.7,821650
2025-06-16 09:15:00,402.8,403.7,402.65,402.95,834582
2025-06-16 09:20:00,402.95,403.2,402.6,402.95,417567
2025-06-16 09:25:00,402.8,403.35,402.75,402.9,536491
2025-06-16 09:30:00,403.0,403.7,402.85,403.55,632277
2025-06-16 09:35:00,403.5,403.95,403.5,403.95,525611
2025-06-16 09:40:00,403.9,404.5,403.55,403.75,1180039
2025-06-16 09:45:00,403.5,404.15,403.25,404.0,1059329
2025-06-16 09:50:00,404.0,404.25,403.85,404.1,780950
2025-06-16 09:55:00,404.05,404.1,403.5,404.0,623954
2025-06-17 03:45:00,405.8,405.8,402.5,404.2,2029274
2025-06-17 03:50:00,404.2,404.55,402.8,403.4,652788
2025-06-17 03:55:00,403.5,404.35,403.2,404.35,561796
2025-06-17 04:00:00,404.3,404.6,403.05,403.2,457729
2025-06-17 04:05:00,403.2,403.4,402.9,403.35,315696
2025-06-17 04:10:00,403.4,403.95,403.0,403.8,286490
2025-06-17 04:15:00,403.95,405.4,403.7,404.7,755453
2025-06-17 04:20:00,404.7,406.8,404.65,406.3,914739
2025-06-17 04:25:00,406.3,406.6,405.85,406.25,557252
2025-06-17 04:30:00,406.15,406.5,405.35,405.7,443188
2025-06-17 04:35:00,405.7,406.25,405.5,406.0,279110
2025-06-17 04:40:00,405.9,406.0,405.4,405.55,187797
2025-06-17 04:45:00,405.55,406.5,405.55,406.45,263190
2025-06-17 04:50:00,406.3,407.5,406.3,407.2,676181
2025-06-17 04:55:00,407.15,407.2,406.2,406.4,398250
2025-06-17 05:00:00,406.5,406.6,405.9,406.0,268253
2025-06-17 05:05:00,405.9,406.75,405.9,406.55,242312
2025-06-17 05:10:00,406.5,406.65,406.35,406.5,116851
2025-06-17 05:15:00,406.45,406.45,406.0,406.3,228217
2025-06-17 05:20:00,406.25,407.2,406.1,407.0,271119
2025-06-17 05:25:00,407.05,407.05,406.5,406.7,179013
2025-06-17 05:30:00,406.7,406.7,406.2,406.2,154308
2025-06-17 05:35:00,406.35,406.8,406.15,406.35,171288
2025-06-17 05:40:00,406.4,406.65,406.15,406.55,112906
2025-06-17 05:45:00,406.55,406.75,406.4,406.55,118028
2025-06-17 05:50:00,406.55,407.15,406.45,407.15,256772
2025-06-17 05:55:00,407.1,407.3,406.5,406.6,163034
2025-06-17 06:00:00,406.65,406.8,406.45,406.65,148898
2025-06-17 06:05:00,406.8,406.85,406.15,406.25,368023
2025-06-17 06:10:00,406.3,406.35,405.75,405.9,265292
2025-06-17 06:15:00,405.9,406.35,405.9,406.0,208036
2025-06-17 06:20:00,405.95,406.05,405.5,405.75,242095
2025-06-17 06:25:00,405.75,405.75,404.75,405.0,573567
2025-06-17 06:30:00,405.0,405.1,403.8,403.8,345961
2025-06-17 06:35:00,403.9,404.2,403.45,403.8,357783
2025-06-17 06:40:00,403.8,404.35,403.7,403.8,326257
2025-06-17 06:45:00,403.8,403.9,403.2,403.7,390717
2025-06-17 06:50:00,403.6,403.9,403.25,403.25,203435
2025-06-17 06:55:00,403.25,403.55,403.05,403.4,216793
2025-06-17 07:00:00,403.55,403.6,403.1,403.2,202362
2025-06-17 07:05:00,403.15,403.2,402.6,402.6,308894
2025-06-17 07:10:00,402.7,402.95,402.0,402.05,276789
2025-06-17 07:15:00,402.05,402.5,401.65,401.85,274458
2025-06-17 07:20:00,401.85,401.9,400.55,400.95,509883
2025-06-17 07:25:00,400.9,401.35,400.55,401.25,259041
2025-06-17 07:30:00,401.3,401.55,400.8,401.4,220741
2025-06-17 07:35:00,401.4,401.75,400.95,401.35,280695
2025-06-17 07:40:00,401.35,401.55,401.15,401.55,150195
2025-06-17 07:45:00,401.45,401.65,401.05,401.4,182061
2025-06-17 07:50:00,401.4,401.45,401.0,401.35,260840
2025-06-17 07:55:00,401.25,402.1,401.25,401.8,225769
2025-06-17 08:00:00,401.8,402.3,401.7,402.25,252137
2025-06-17 08:05:00,402.15,402.45,402.0,402.1,166944
2025-06-17 08:10:00,402.2,402.2,401.95,402.05,155306
2025-06-17 08:15:00,402.0,402.1,401.4,401.75,188681
2025-06-17 08:20:00,401.85,402.0,401.6,401.95,138843
2025-06-17 08:25:00,401.95,402.1,401.7,401.75,133266
2025-06-17 08:30:00,401.75,401.85,401.5,401.55,146404
2025-06-17 08:35:00,401.6,401.95,401.5,401.7,158321
2025-06-17 08:40:00,401.85,401.9,401.55,401.8,125516
2025-06-17 08:45:00,401.8,402.1,401.75,402.05,148472
2025-06-17 08:50:00,402.05,402.2,401.8,402.1,187703
2025-06-17 08:55:00,402.1,402.15,401.9,402.05,168575
2025-06-17 09:00:00,402.05,402.25,401.55,401.6,217610
2025-06-17 09:05:00,401.55,401.65,400.8,400.95,314526
2025-06-17 09:10:00,400.85,401.2,400.5,401.2,278429
2025-06-17 09:15:00,401.2,401.85,401.15,401.7,217440
2025-06-17 09:20:00,401.7,401.75,401.3,401.45,193489
2025-06-17 09:25:00,401.4,401.45,400.95,401.35,227354
2025-06-17 09:30:00,401.35,401.85,401.35,401.6,316866
2025-06-17 09:35:00,401.6,402.45,401.05,402.45,547096
2025-06-17 09:40:00,402.5,402.5,401.9,402.25,448316
2025-06-17 09:45:00,402.25,402.25,401.35,401.6,775536
2025-06-17 09:50:00,401.6,401.85,401.45,401.5,561288
2025-06-17 09:55:00,401.55,401.7,401.4,401.65,423764
2025-06-18 03:45:00,401.65,404.5,399.8,399.85,1886036
2025-06-18 03:50:00,399.9,401.0,398.75,400.1,797663
2025-06-18 03:55:00,400.3,401.2,399.9,401.2,456911
2025-06-18 04:00:00,401.1,402.0,400.5,401.3,543323
2025-06-18 04:05:00,401.3,402.5,401.2,402.05,342550
2025-06-18 04:10:00,402.2,402.5,401.7,402.0,212714
2025-06-18 04:15:00,402.35,403.25,402.25,403.15,358747
2025-06-18 04:20:00,403.0,403.55,402.6,402.65,282060
2025-06-18 04:25:00,402.65,403.15,402.6,402.9,164152
2025-06-18 04:30:00,403.0,403.6,403.0,403.2,177622
2025-06-18 04:35:00,403.2,404.35,403.15,403.8,422841
2025-06-18 04:40:00,403.9,404.3,403.8,404.15,211421
2025-06-18 04:45:00,404.15,404.2,403.35,403.75,244967
2025-06-18 04:50:00,403.7,404.25,403.45,404.25,222592
2025-06-18 04:55:00,404.2,405.0,403.8,404.65,816692
2025-06-18 05:00:00,404.65,404.95,404.05,404.05,295242
2025-06-18 05:05:00,404.1,404.95,403.6,404.6,446308
2025-06-18 05:10:00,404.5,404.6,403.0,403.4,242855
2025-06-18 05:15:00,403.35,403.4,402.2,402.2,292853
2025-06-18 05:20:00,402.35,402.35,401.2,401.4,373680
2025-06-18 05:25:00,401.4,402.3,401.3,402.1,168010
2025-06-18 05:30:00,402.1,402.2,401.75,402.05,177616
2025-06-18 05:35:00,402.0,402.5,402.0,402.45,171163
2025-06-18 05:40:00,402.5,402.95,402.3,402.8,123413
2025-06-18 05:45:00,402.9,403.3,402.4,402.45,158861
2025-06-18 05:50:00,402.4,402.6,402.25,402.4,96516
2025-06-18 05:55:00,402.45,402.55,402.25,402.5,116216
2025-06-18 06:00:00,402.5,402.5,401.45,401.45,223831
2025-06-18 06:05:00,401.4,401.75,401.05,401.6,181144
2025-06-18 06:10:00,401.6,401.95,401.5,401.85,100889
2025-06-18 06:15:00,401.9,401.9,401.4,401.65,163768
2025-06-18 06:20:00,401.6,401.65,400.65,400.7,223167
2025-06-18 06:25:00,400.7,401.0,400.4,400.5,203137
2025-06-18 06:30:00,400.5,400.85,400.35,400.65,164835
2025-06-18 06:35:00,400.75,401.5,400.65,401.3,134089
2025-06-18 06:40:00,401.3,402.35,401.2,401.95,227312
2025-06-18 06:45:00,402.0,402.0,401.7,401.75,95453
2025-06-18 06:50:00,401.75,401.8,401.05,401.15,157895
2025-06-18 06:55:00,401.15,401.35,400.2,400.35,228803
2025-06-18 07:00:00,400.25,400.6,400.0,400.0,224727
2025-06-18 07:05:00,400.05,400.15,399.6,400.0,316514
2025-06-18 07:10:00,399.95,400.0,399.2,399.25,249411
2025-06-18 07:15:00,399.25,399.35,398.5,399.05,397402
2025-06-18 07:20:00,399.05,399.25,398.9,398.9,173001
2025-06-18 07:25:00,398.9,399.3,398.85,399.05,168986
2025-06-18 07:30:00,399.05,399.95,399.0,399.3,157190
2025-06-18 07:35:00,399.35,399.55,399.05,399.15,181162
2025-06-18 07:40:00,399.15,399.55,399.05,399.45,182637
2025-06-18 07:45:00,399.5,399.5,399.15,399.3,134046
2025-06-18 07:50:00,399.3,400.55,399.2,400.45,225989
2025-06-18 07:55:00,400.5,401.4,400.4,401.05,160932
2025-06-18 08:00:00,401.1,401.75,400.75,400.8,156552
2025-06-18 08:05:00,400.7,401.5,400.7,401.15,123953
2025-06-18 08:10:00,401.25,401.8,401.15,401.3,132786
2025-06-18 08:15:00,401.35,401.35,401.05,401.05,89199
2025-06-18 08:20:00,400.9,401.2,400.7,400.95,126133
2025-06-18 08:25:00,400.9,401.1,400.8,400.9,100679
2025-06-18 08:30:00,400.85,401.25,400.75,401.05,117212
2025-06-18 08:35:00,401.1,401.1,400.75,400.75,91532
2025-06-18 08:40:00,400.75,400.95,400.25,400.65,140534
2025-06-18 08:45:00,400.6,400.75,400.25,400.45,142744
2025-06-18 08:50:00,400.45,400.45,399.7,399.75,181582
2025-06-18 08:55:00,399.65,400.2,399.65,400.05,173508
2025-06-18 09:00:00,400.3,400.75,400.0,400.65,157608
2025-06-18 09:05:00,400.75,400.9,400.6,400.65,141224
2025-06-18 09:10:00,400.7,400.7,400.3,400.45,167857
2025-06-18 09:15:00,400.5,400.85,400.35,400.7,164414
2025-06-18 09:20:00,400.65,400.8,400.5,400.7,189747
2025-06-18 09:25:00,400.65,401.1,400.6,400.85,214237
2025-06-18 09:30:00,400.95,401.35,400.8,400.8,224982
2025-06-18 09:35:00,400.8,400.85,400.5,400.6,211384
2025-06-18 09:40:00,400.65,400.7,400.5,400.55,256647
2025-06-18 09:45:00,400.55,400.55,400.1,400.5,414832
2025-06-18 09:50:00,400.55,400.7,400.15,400.25,349000
2025-06-18 09:55:00,400.2,400.5,399.75,400.3,303053
2025-06-19 03:45:00,401.0,402.9,400.5,402.4,707336
2025-06-19 03:50:00,402.35,403.5,402.0,402.5,699647
2025-06-19 03:55:00,402.4,402.75,401.9,402.35,395938
2025-06-19 04:00:00,402.5,402.7,401.8,402.05,228367
2025-06-19 04:05:00,402.0,402.3,401.75,402.05,129691
2025-06-19 04:10:00,402.05,402.35,401.9,402.15,104080
2025-06-19 04:15:00,402.3,403.3,402.15,402.65,250472
2025-06-19 04:20:00,402.7,403.8,402.55,402.75,411210
2025-06-19 04:25:00,402.7,403.6,402.65,403.6,167985
2025-06-19 04:30:00,403.55,403.65,402.8,402.95,208106
2025-06-19 04:35:00,403.0,403.25,402.55,402.8,123180
2025-06-19 04:40:00,402.7,402.8,402.05,402.2,180265
2025-06-19 04:45:00,402.2,402.25,401.1,401.3,351565
2025-06-19 04:50:00,401.3,401.95,401.15,401.7,97236
2025-06-19 04:55:00,401.7,401.85,400.5,400.7,202830
2025-06-19 05:00:00,400.7,401.4,400.4,400.4,136669
2025-06-19 05:05:00,400.5,400.8,400.0,400.7,237680
2025-06-19 05:10:00,400.7,400.85,400.35,400.45,107851
2025-06-19 05:15:00,400.65,401.5,400.35,401.45,146396
2025-06-19 05:20:00,401.45,401.8,401.25,401.5,96458
2025-06-19 05:25:00,401.4,402.0,401.4,401.65,158127
2025-06-19 05:30:00,401.5,401.65,401.25,401.25,54324
2025-06-19 05:35:00,401.2,401.35,400.65,400.65,69853
2025-06-19 05:40:00,400.65,401.45,400.65,401.2,71322
2025-06-19 05:45:00,401.2,401.35,400.95,401.0,85888
2025-06-19 05:50:00,401.1,401.75,401.05,401.5,77131
2025-06-19 05:55:00,401.5,401.5,400.95,401.3,54949
2025-06-19 06:00:00,401.35,401.5,401.15,401.2,34616
2025-06-19 06:05:00,401.15,401.3,400.75,401.1,117311
2025-06-19 06:10:00,401.2,401.7,401.1,401.5,74394
2025-06-19 06:15:00,401.45,401.55,400.6,400.85,149284
2025-06-19 06:20:00,400.85,400.95,400.2,400.25,84439
2025-06-19 06:25:00,400.35,400.35,399.4,399.5,252297
2025-06-19 06:30:00,399.4,399.95,398.75,399.7,219793
2025-06-19 06:35:00,399.65,400.15,399.5,399.85,124431
2025-06-19 06:40:00,399.85,400.0,399.6,399.85,103535
2025-06-19 06:45:00,399.9,399.95,399.1,399.2,169549
2025-06-19 06:50:00,399.15,399.3,398.55,399.2,212316
2025-06-19 06:55:00,399.3,399.5,398.75,398.9,101139
2025-06-19 07:00:00,398.9,399.0,398.2,398.4,157107
2025-06-19 07:05:00,398.5,398.5,396.8,397.4,591496
2025-06-19 07:10:00,397.3,397.9,397.25,397.4,251892
2025-06-19 07:15:00,397.45,397.45,396.3,396.6,337886
2025-06-19 07:20:00,396.7,397.15,395.65,396.15,293673
2025-06-19 07:25:00,396.1,396.3,393.95,394.55,421304
2025-06-19 07:30:00,394.75,395.25,394.1,394.6,341515
2025-06-19 07:35:00,394.5,396.45,394.45,395.9,250286
2025-06-19 07:40:00,396.1,396.1,395.3,395.65,168339
2025-06-19 07:45:00,395.65,395.7,394.85,395.15,305708
2025-06-19 07:50:00,395.2,395.75,394.95,395.6,153552
2025-06-19 07:55:00,395.5,396.2,394.9,395.0,302714
2025-06-19 08:00:00,394.9,395.0,394.4,394.7,200306
2025-06-19 08:05:00,394.85,395.1,393.65,394.6,191573
2025-06-19 08:10:00,394.55,394.75,394.1,394.4,123454
2025-06-19 08:15:00,394.45,395.0,393.45,394.75,359144
2025-06-19 08:20:00,394.75,396.6,394.6,396.4,278373
2025-06-19 08:25:00,396.4,396.9,395.55,396.75,191529
2025-06-19 08:30:00,396.9,397.65,396.85,397.4,356163
2025-06-19 08:35:00,397.4,398.8,397.4,398.35,355554
2025-06-19 08:40:00,398.35,398.7,398.05,398.2,271917
2025-06-19 08:45:00,398.15,399.8,398.1,399.4,385877
2025-06-19 08:50:00,399.45,400.8,399.4,400.3,920192
2025-06-19 08:55:00,400.3,400.3,399.3,400.0,253602
2025-06-19 09:00:00,400.0,400.0,399.35,399.95,167312
2025-06-19 09:05:00,399.8,399.95,399.2,399.55,184630
2025-06-19 09:10:00,399.5,399.55,398.3,398.85,355034
2025-06-19 09:15:00,398.85,399.35,398.75,399.0,178090
2025-06-19 09:20:00,399.05,399.1,398.7,398.8,146173
2025-06-19 09:25:00,398.85,399.35,398.4,399.05,266401
2025-06-19 09:30:00,399.0,399.05,398.35,398.65,232009
2025-06-19 09:35:00,398.65,399.15,398.35,399.0,449875
2025-06-19 09:40:00,399.05,399.05,398.2,398.85,346832
2025-06-19 09:45:00,398.8,398.95,398.5,398.8,409486
2025-06-19 09:50:00,398.7,399.05,398.05,398.45,490761
2025-06-19 09:55:00,398.45,398.6,397.0,397.5,331526
2025-06-20 03:45:00,399.0,401.7,399.0,400.25,1184472
2025-06-20 03:50:00,400.2,400.4,397.75,398.3,841694
2025-06-20 03:55:00,398.2,399.4,397.8,398.15,492690
2025-06-20 04:00:00,398.4,399.7,398.3,399.1,553961
2025-06-20 04:05:00,399.1,400.4,398.5,399.95,510255
2025-06-20 04:10:00,400.0,401.3,399.9,400.5,411612
2025-06-20 04:15:00,400.5,402.4,400.4,402.0,553582
2025-06-20 04:20:00,402.15,402.4,401.25,401.55,297060
2025-06-20 04:25:00,401.65,401.85,400.5,401.15,226971
2025-06-20 04:30:00,401.15,401.65,401.1,401.55,153460
2025-06-20 04:35:00,401.4,401.9,400.9,401.75,292254
2025-06-20 04:40:00,401.8,402.15,401.3,401.55,412393
2025-06-20 04:45:00,401.6,402.1,401.45,401.9,113987
2025-06-20 04:50:00,402.0,403.0,401.95,402.65,749594
2025-06-20 04:55:00,402.65,403.0,402.05,402.05,204463
2025-06-20 05:00:00,402.05,402.9,402.05,402.8,144337
2025-06-20 05:05:00,402.75,402.85,402.3,402.35,163723
2025-06-20 05:10:00,402.35,403.35,402.3,403.15,331490
2025-06-20 05:15:00,403.15,403.3,402.3,402.5,151402
2025-06-20 05:20:00,402.5,402.9,402.5,402.6,126941
2025-06-20 05:25:00,402.75,402.8,402.35,402.45,174674
2025-06-20 05:30:00,402.45,403.2,402.1,403.05,170827
2025-06-20 05:35:00,403.1,403.9,403.05,403.8,334054
2025-06-20 05:40:00,403.7,403.9,403.25,403.45,126233
2025-06-20 05:45:00,403.4,404.3,403.35,404.2,394766
2025-06-20 05:50:00,404.15,405.8,404.1,405.5,777388
2025-06-20 05:55:00,405.55,405.9,405.0,405.1,269705
2025-06-20 06:00:00,405.1,405.25,404.6,404.9,162115
2025-06-20 06:05:00,404.85,405.4,404.85,405.4,149088
2025-06-20 06:10:00,405.25,405.8,405.25,405.55,202653
2025-06-20 06:15:00,405.5,406.25,405.5,406.15,519284
2025-06-20 06:20:00,406.15,406.7,406.0,406.5,374917
2025-06-20 06:25:00,406.5,407.45,406.5,407.3,816885
2025-06-20 06:30:00,407.4,407.9,406.85,406.9,511622
2025-06-20 06:35:00,406.9,407.9,406.8,407.0,480044
2025-06-20 06:40:00,407.05,407.25,406.2,406.2,449679
2025-06-20 06:45:00,406.2,406.85,405.5,405.55,297802
2025-06-20 06:50:00,405.6,405.95,404.55,404.65,367385
2025-06-20 06:55:00,404.7,404.75,403.75,403.75,413122
2025-06-20 07:00:00,403.8,404.25,403.4,403.5,321106
2025-06-20 07:05:00,403.5,404.7,403.5,404.6,243832
2025-06-20 07:10:00,404.5,405.0,404.2,404.9,232301
2025-06-20 07:15:00,404.9,405.8,404.7,405.5,246816
2025-06-20 07:20:00,405.5,406.2,405.1,406.0,174947
2025-06-20 07:25:00,405.95,407.2,405.85,406.9,300068
2025-06-20 07:30:00,406.95,407.0,406.45,406.6,210260
2025-06-20 07:35:00,406.5,406.8,406.2,406.7,135001
2025-06-20 07:40:00,406.75,406.8,405.75,406.15,181389
2025-06-20 07:45:00,406.15,406.7,406.15,406.45,182034
2025-06-20 07:50:00,406.45,406.55,406.2,406.4,105330
2025-06-20 07:55:00,406.45,406.7,406.3,406.6,190730
2025-06-20 08:00:00,406.7,407.15,406.55,406.55,292813
2025-06-20 08:05:00,406.55,406.9,406.55,406.8,122288
2025-06-20 08:10:00,406.85,406.9,406.25,406.65,129065
2025-06-20 08:15:00,406.8,407.25,406.65,407.25,233065
2025-06-20 08:20:00,407.3,407.4,406.5,406.6,176705
2025-06-20 08:25:00,406.55,406.65,405.8,405.95,273945
2025-06-20 08:30:00,405.9,406.2,405.65,405.65,101203
2025-06-20 08:35:00,405.7,406.2,405.6,405.8,176882
2025-06-20 08:40:00,405.8,405.9,405.3,405.55,231092
2025-06-20 08:45:00,405.6,406.65,405.55,406.2,227395
2025-06-20 08:50:00,406.25,406.7,405.95,406.25,307951
2025-06-20 08:55:00,406.2,406.6,406.0,406.15,232620
2025-06-20 09:00:00,406.1,406.4,405.3,405.4,246619
2025-06-20 09:05:00,405.4,406.35,405.4,406.35,187351
2025-06-20 09:10:00,406.35,406.7,406.25,406.7,182635
2025-06-20 09:15:00,406.65,406.75,406.3,406.7,224972
2025-06-20 09:20:00,406.65,406.75,406.0,406.1,339246
2025-06-20 09:25:00,406.05,406.4,405.8,406.2,338768
2025-06-20 09:30:00,406.75,408.4,406.15,407.8,19653860
2025-06-20 09:35:00,407.85,408.9,407.5,407.5,18901251
2025-06-20 09:40:00,407.55,408.1,407.2,407.8,16975587
2025-06-20 09:45:00,407.9,409.3,407.5,408.9,18769361
2025-06-20 09:50:00,408.9,409.9,408.65,409.15,17693458
2025-06-20 09:55:00,409.3,410.0,405.9,407.1,9090498
2025-06-23 03:45:00,411.0,415.65,409.05,415.35,5735021
2025-06-23 03:50:00,415.3,416.9,413.25,414.5,3160571
2025-06-23 03:55:00,414.35,415.75,414.25,414.55,1518755
2025-06-23 04:00:00,414.7,415.55,414.35,415.0,948976
2025-06-23 04:05:00,415.15,415.6,414.1,414.6,830315
2025-06-23 04:10:00,414.45,414.6,412.8,413.3,1265830
2025-06-23 04:15:00,413.3,413.65,412.7,413.5,632422
2025-06-23 04:20:00,413.6,414.8,413.5,414.1,546298
2025-06-23 04:25:00,414.05,414.5,413.6,413.9,339818
2025-06-23 04:30:00,413.9,414.4,413.6,413.85,342432
2025-06-23 04:35:00,413.8,414.95,413.75,414.95,348337
2025-06-23 04:40:00,414.9,415.4,414.85,415.0,531807
2025-06-23 04:45:00,415.1,415.2,414.6,414.7,242468
2025-06-23 04:50:00,414.7,415.95,414.6,415.45,558865
2025-06-23 04:55:00,415.6,416.25,415.5,416.15,595092
2025-06-23 05:00:00,416.05,417.3,415.5,417.2,845289
2025-06-23 05:05:00,417.25,417.95,416.65,417.65,955462
2025-06-23 05:10:00,417.7,418.25,417.1,418.1,908015
2025-06-23 05:15:00,418.1,418.5,417.6,418.3,742590
2025-06-23 05:20:00,418.25,418.4,417.4,418.1,420835
2025-06-23 05:25:00,418.2,418.2,417.75,418.0,335731
2025-06-23 05:30:00,418.0,418.25,417.4,417.45,435558
2025-06-23 05:35:00,417.4,417.95,417.05,417.75,397141
2025-06-23 05:40:00,417.75,418.0,417.65,417.95,193182
2025-06-23 05:45:00,418.0,418.25,417.7,417.8,281250
2025-06-23 05:50:00,417.95,417.95,417.5,417.95,231953
2025-06-23 05:55:00,417.8,418.9,417.75,418.6,559269
2025-06-23 06:00:00,418.6,418.8,418.4,418.6,302319
2025-06-23 06:05:00,418.6,419.4,418.5,419.25,522752
2025-06-23 06:10:00,419.4,419.5,419.1,419.45,361835
2025-06-23 06:15:00,419.45,419.8,419.4,419.75,354260
2025-06-23 06:20:00,419.8,420.0,419.05,419.75,732741
2025-06-23 06:25:00,419.7,420.35,419.2,419.7,869581
2025-06-23 06:30:00,419.7,420.3,419.55,419.8,471477
2025-06-23 06:35:00,419.75,419.8,418.6,418.9,590962
2025-06-23 06:40:00,418.8,419.75,418.75,419.4,274068
2025-06-23 06:45:00,419.35,419.7,419.2,419.35,180502
2025-06-23 06:50:00,419.2,419.65,419.0,419.65,178829
2025-06-23 06:55:00,419.55,419.65,419.0,419.15,202490
2025-06-23 07:00:00,419.0,419.35,418.9,418.9,185051
2025-06-23 07:05:00,419.0,419.0,418.5,418.75,284180
2025-06-23 07:10:00,418.75,419.5,418.65,419.25,148917
2025-06-23 07:15:00,419.25,419.75,419.1,419.1,216582
2025-06-23 07:20:00,419.1,419.7,419.05,419.4,166157
2025-06-23 07:25:00,419.4,419.65,419.25,419.45,116425
2025-06-23 07:30:00,419.5,420.65,419.45,420.15,530792
2025-06-23 07:35:00,420.1,420.2,419.5,419.95,281153
2025-06-23 07:40:00,420.0,420.0,419.65,419.8,119679
2025-06-23 07:45:00,419.8,419.95,419.3,419.55,145826
2025-06-23 07:50:00,419.5,419.85,419.35,419.65,178827
2025-06-23 07:55:00,419.75,419.75,419.0,419.0,176463
2025-06-23 08:00:00,419.2,420.45,419.05,420.05,506887
2025-06-23 08:05:00,420.1,420.2,419.8,420.0,211361
2025-06-23 08:10:00,420.0,420.1,419.6,419.65,144435
2025-06-23 08:15:00,419.7,420.0,419.5,419.85,159154
2025-06-23 08:20:00,419.8,420.0,419.8,419.95,129482
2025-06-23 08:25:00,419.9,420.35,419.8,420.35,334786
2025-06-23 08:30:00,420.35,420.9,420.3,420.7,410781
2025-06-23 08:35:00,420.75,421.0,420.65,420.9,374778
2025-06-23 08:40:00,420.95,421.7,420.7,421.05,625295
2025-06-23 08:45:00,421.25,422.4,421.05,421.85,921629
2025-06-23 08:50:00,421.7,422.05,421.05,421.2,459405
2025-06-23 08:55:00,421.3,421.3,420.5,421.1,488380
2025-06-23 09:00:00,421.05,421.3,420.5,420.5,228280
2025-06-23 09:05:00,420.55,420.85,420.35,420.85,291441
2025-06-23 09:10:00,420.85,421.35,420.7,420.95,229397
2025-06-23 09:15:00,420.95,421.25,420.6,420.65,280359
2025-06-23 09:20:00,420.7,420.95,420.65,420.8,200978
2025-06-23 09:25:00,420.75,421.1,419.8,419.9,799369
2025-06-23 09:30:00,420.0,420.95,419.9,420.5,525544
2025-06-23 09:35:00,420.45,420.95,420.4,420.55,386558
2025-06-23 09:40:00,420.55,420.8,420.05,420.2,705926
2025-06-23 09:45:00,420.35,421.5,420.1,421.5,1137668
2025-06-23 09:50:00,421.5,421.85,421.0,421.45,1220977
2025-06-23 09:55:00,421.4,421.45,420.8,421.4,733703
2025-06-24 03:45:00,426.4,426.5,418.05,418.5,5292299
2025-06-24 03:50:00,418.5,419.75,417.05,419.05,2105384
2025-06-24 03:55:00,419.05,420.2,418.05,419.4,1306204
2025-06-24 04:00:00,419.45,419.5,417.55,418.4,887521
2025-06-24 04:05:00,418.4,418.6,416.5,417.4,1124925
2025-06-24 04:10:00,417.45,417.65,416.3,416.45,641245
2025-06-24 04:15:00,416.45,416.7,415.0,416.55,1329219
2025-06-24 04:20:00,416.55,417.5,416.4,417.1,495757
2025-06-24 04:25:00,417.2,418.1,416.6,417.9,531377
2025-06-24 04:30:00,417.85,418.0,416.8,417.1,387944
2025-06-24 04:35:00,417.15,417.3,416.15,416.7,346245
2025-06-24 04:40:00,416.8,416.95,416.35,416.85,257198
2025-06-24 04:45:00,416.75,417.25,416.4,416.75,299082
2025-06-24 04:50:00,416.7,416.75,415.6,415.7,485380
2025-06-24 04:55:00,415.8,416.5,415.35,416.2,310334
2025-06-24 05:00:00,416.15,416.2,415.4,415.5,256728
2025-06-24 05:05:00,415.4,415.9,415.0,415.7,369870
2025-06-24 05:10:00,415.65,416.3,415.3,416.3,257251
2025-06-24 05:15:00,416.2,417.0,416.2,416.9,262810
2025-06-24 05:20:00,416.95,417.2,416.25,417.1,187904
2025-06-24 05:25:00,417.1,417.5,416.7,416.8,299998
2025-06-24 05:30:00,416.8,417.45,416.7,417.45,220701
2025-06-24 05:35:00,417.4,418.45,417.3,418.4,367850
2025-06-24 05:40:00,418.25,418.4,417.4,417.4,402134
2025-06-24 05:45:00,417.4,417.95,417.0,417.2,203232
2025-06-24 05:50:00,417.2,417.5,416.75,417.15,216912
2025-06-24 05:55:00,417.0,417.1,416.8,416.95,182653
2025-06-24 06:00:00,417.0,417.8,416.9,417.6,182486
2025-06-24 06:05:00,417.6,417.9,417.4,417.7,212387
2025-06-24 06:10:00,417.75,417.95,417.6,417.95,123412
2025-06-24 06:15:00,417.95,418.9,417.9,418.55,406448
2025-06-24 06:20:00,418.65,419.4,418.4,419.15,389748
2025-06-24 06:25:00,419.05,419.4,418.8,419.1,239420
2025-06-24 06:30:00,419.1,419.65,418.9,419.6,226684
2025-06-24 06:35:00,419.55,419.85,419.55,419.8,196144
2025-06-24 06:40:00,419.85,420.5,419.8,420.5,492528
2025-06-24 06:45:00,420.4,420.85,419.65,419.8,359928
2025-06-24 06:50:00,419.75,420.45,419.4,420.15,311576
2025-06-24 06:55:00,420.15,420.3,419.6,420.15,190192
2025-06-24 07:00:00,420.15,420.65,420.05,420.55,207690
2025-06-24 07:05:00,420.6,420.8,419.2,419.75,397324
2025-06-24 07:10:00,419.75,419.8,418.0,418.7,449499
2025-06-24 07:15:00,418.75,420.0,418.2,419.8,265998
2025-06-24 07:20:00,419.8,420.3,419.55,420.25,212650
2025-06-24 07:25:00,420.25,420.35,419.8,419.85,156539
2025-06-24 07:30:00,419.9,420.1,419.4,419.9,183545
2025-06-24 07:35:00,419.95,420.4,419.6,420.15,139908
2025-06-24 07:40:00,420.15,420.5,419.75,420.0,272910
2025-06-24 07:45:00,420.0,420.45,419.6,419.7,145321
2025-06-24 07:50:00,419.8,419.85,419.05,419.15,223949
2025-06-24 07:55:00,419.15,419.5,419.1,419.3,120063
2025-06-24 08:00:00,419.45,419.5,418.3,418.4,343145
2025-06-24 08:05:00,418.45,418.55,417.5,418.1,443615
2025-06-24 08:10:00,418.1,419.6,418.05,418.8,227174
2025-06-24 08:15:00,418.8,419.15,418.0,418.1,319046
2025-06-24 08:20:00,418.2,419.5,418.05,419.5,294555
2025-06-24 08:25:00,419.45,419.75,419.05,419.75,232271
2025-06-24 08:30:00,419.7,419.75,418.75,418.8,160589
2025-06-24 08:35:00,418.75,418.95,418.25,418.65,267611
2025-06-24 08:40:00,418.7,418.95,418.45,418.8,165468
2025-06-24 08:45:00,418.75,418.9,418.45,418.85,183538
2025-06-24 08:50:00,418.8,419.0,418.4,418.75,190921
2025-06-24 08:55:00,418.8,419.2,418.35,418.7,254352
2025-06-24 09:00:00,418.75,419.3,418.7,419.0,225934
2025-06-24 09:05:00,418.95,419.15,418.7,419.1,150718
2025-06-24 09:10:00,419.1,419.35,418.8,418.85,197041
2025-06-24 09:15:00,418.8,419.2,418.65,418.7,253961
2025-06-24 09:20:00,418.7,418.9,418.35,418.35,236724
2025-06-24 09:25:00,418.45,418.5,417.65,418.2,361376
2025-06-24 09:30:00,418.5,418.6,417.7,418.2,504000
2025-06-24 09:35:00,418.2,418.7,418.15,418.35,580971
2025-06-24 09:40:00,418.4,418.4,417.9,418.2,656323
2025-06-24 09:45:00,418.25,418.7,418.05,418.65,828064
2025-06-24 09:50:00,418.6,419.1,418.3,419.1,953717
2025-06-24 09:55:00,419.15,419.3,418.75,419.0,632835
2025-06-25 03:45:00,420.3,420.4,416.35,418.4,1302406
2025-06-25 03:50:00,418.4,419.1,417.65,417.95,633969
2025-06-25 03:55:00,417.95,418.35,417.4,417.5,336364
2025-06-25 04:00:00,417.5,417.8,416.7,417.15,397662
2025-06-25 04:05:00,417.2,417.2,416.0,416.0,439810
2025-06-25 04:10:00,416.0,416.25,414.2,414.45,800852
2025-06-25 04:15:00,414.45,414.6,412.3,412.3,860671
2025-06-25 04:20:00,412.4,412.5,409.2,411.1,1594108
2025-06-25 04:25:00,411.2,411.8,410.5,411.25,614430
2025-06-25 04:30:00,411.4,411.95,411.05,411.35,384010
2025-06-25 04:35:00,411.5,411.5,410.55,410.6,276309
2025-06-25 04:40:00,410.7,410.85,410.0,410.6,351358
2025-06-25 04:45:00,410.6,411.85,410.5,411.65,326724
2025-06-25 04:50:00,411.75,412.75,411.6,412.65,546140
2025-06-25 04:55:00,412.65,413.4,412.4,413.0,426390
2025-06-25 05:00:00,413.15,414.2,412.55,413.55,633487
2025-06-25 05:05:00,413.55,414.1,413.0,413.15,293993
2025-06-25 05:10:00,413.15,413.2,412.5,412.85,297441
2025-06-25 05:15:00,412.7,412.85,411.65,412.15,420064
2025-06-25 05:20:00,412.2,412.6,411.3,411.75,572795
2025-06-25 05:25:00,411.7,411.9,411.3,411.65,210318
2025-06-25 05:30:00,411.65,412.35,411.5,412.3,210126
2025-06-25 05:35:00,412.3,412.5,411.6,412.25,229432
2025-06-25 05:40:00,412.25,412.25,411.5,411.5,195720
2025-06-25 05:45:00,411.55,411.95,411.5,411.9,152197
2025-06-25 05:50:00,411.9,412.65,411.8,412.5,154636
2025-06-25 05:55:00,412.5,412.8,412.2,412.6,153256
2025-06-25 06:00:00,412.6,412.8,412.0,412.2,147559
2025-06-25 06:05:00,412.2,412.25,411.9,411.95,115673
2025-06-25 06:10:00,412.0,412.2,411.9,411.9,120182
2025-06-25 06:15:00,411.95,412.2,411.6,412.1,152500
2025-06-25 06:20:00,412.1,412.45,412.0,412.25,121290
2025-06-25 06:25:00,412.25,412.5,412.05,412.05,97382
2025-06-25 06:30:00,412.1,412.1,411.2,411.3,273797
2025-06-25 06:35:00,411.3,411.45,411.0,411.05,195923
2025-06-25 06:40:00,411.15,411.25,410.8,410.9,239372
2025-06-25 06:45:00,410.85,411.5,410.8,410.9,170645
2025-06-25 06:50:00,410.95,411.1,410.8,411.0,142625
2025-06-25 06:55:00,411.0,411.1,410.8,411.0,166518
2025-06-25 07:00:00,410.85,411.0,410.55,410.65,174359
2025-06-25 07:05:00,410.75,411.0,410.6,410.7,129489
2025-06-25 07:10:00,410.75,410.95,410.5,410.65,192777
2025-06-25 07:15:00,410.7,410.75,410.0,410.05,541667
2025-06-25 07:20:00,410.05,410.15,409.6,409.65,250378
2025-06-25 07:25:00,409.7,409.95,409.0,409.4,636563
2025-06-25 07:30:00,409.4,410.0,409.05,409.35,263332
2025-06-25 07:35:00,409.3,409.9,409.2,409.3,225623
2025-06-25 07:40:00,409.3,410.35,409.25,410.2,213632
2025-06-25 07:45:00,410.25,410.25,409.5,409.65,191681
2025-06-25 07:50:00,409.65,410.0,409.5,409.55,140991
2025-06-25 07:55:00,409.6,409.8,409.2,409.4,201251
2025-06-25 08:00:00,409.55,409.7,409.0,409.05,311012
2025-06-25 08:05:00,409.2,409.75,409.0,409.45,176732
2025-06-25 08:10:00,409.45,409.7,409.1,409.2,159410
2025-06-25 08:15:00,409.4,409.45,409.0,409.1,195134
2025-06-25 08:20:00,409.15,409.2,408.1,408.2,525776
2025-06-25 08:25:00,408.2,408.65,408.1,408.1,299760
2025-06-25 08:30:00,408.2,408.4,407.45,407.5,503184
2025-06-25 08:35:00,407.5,407.8,407.0,407.1,478596
2025-06-25 08:40:00,407.1,408.15,407.05,408.15,438870
2025-06-25 08:45:00,408.2,408.5,407.3,407.45,505422
2025-06-25 08:50:00,407.3,407.35,406.75,407.0,431227
2025-06-25 08:55:00,407.0,407.0,406.0,406.4,824610
2025-06-25 09:00:00,406.4,406.45,405.25,405.8,688008
2025-06-25 09:05:00,405.8,406.5,405.7,406.4,293057
2025-06-25 09:10:00,406.5,407.0,406.35,406.85,314031
2025-06-25 09:15:00,406.95,406.95,406.2,406.45,255436
2025-06-25 09:20:00,406.45,407.25,406.3,407.25,278111
2025-06-25 09:25:00,407.2,407.3,406.5,406.5,255448
2025-06-25 09:30:00,406.65,407.05,406.5,406.85,327107
2025-06-25 09:35:00,406.85,406.85,406.5,406.7,488354
2025-06-25 09:40:00,406.65,406.75,406.4,406.6,578759
2025-06-25 09:45:00,406.7,406.75,405.8,405.85,1057260
2025-06-25 09:50:00,405.9,405.9,405.0,405.1,1073351
2025-06-25 09:55:00,405.1,406.5,405.0,406.0,620380
2025-06-26 03:45:00,408.95,412.75,408.5,410.9,3229905
2025-06-26 03:50:00,410.9,412.4,410.55,412.25,1209080
2025-06-26 03:55:00,412.35,413.9,412.25,413.2,1508447
2025-06-26 04:00:00,413.2,413.9,411.3,411.65,1103915
2025-06-26 04:05:00,411.65,411.7,410.4,410.85,814684
2025-06-26 04:10:00,410.9,411.5,409.55,409.9,805185
2025-06-26 04:15:00,409.9,410.3,408.7,409.6,723793
2025-06-26 04:20:00,409.6,409.65,408.7,409.3,337296
2025-06-26 04:25:00,409.5,410.45,409.25,409.9,421957
2025-06-26 04:30:00,409.9,410.1,409.1,409.3,327350
2025-06-26 04:35:00,409.5,409.65,408.75,409.55,341531
2025-06-26 04:40:00,409.4,409.55,408.1,408.1,350000
2025-06-26 04:45:00,408.15,408.9,407.95,408.45,583678
2025-06-26 04:50:00,408.55,409.55,408.3,408.4,421708
2025-06-26 04:55:00,408.5,408.75,408.15,408.6,254907
2025-06-26 05:00:00,408.6,409.5,408.6,409.3,195693
2025-06-26 05:05:00,409.3,409.3,408.8,409.05,162286
2025-06-26 05:10:00,409.05,409.2,408.1,408.3,268338
2025-06-26 05:15:00,408.25,408.5,407.8,408.45,290871
2025-06-26 05:20:00,408.5,409.0,408.45,408.75,114327
2025-06-26 05:25:00,408.8,408.9,408.1,408.3,108794
2025-06-26 05:30:00,408.15,408.9,408.15,408.85,93154
2025-06-26 05:35:00,408.9,408.9,407.55,407.7,357896
2025-06-26 05:40:00,407.7,407.7,406.85,407.4,528824
2025-06-26 05:45:00,407.45,407.55,406.85,406.9,205355
2025-06-26 05:50:00,406.95,407.95,406.85,407.9,188988
2025-06-26 05:55:00,407.85,407.9,407.2,407.5,104771
2025-06-26 06:00:00,407.45,407.75,407.3,407.6,74108
2025-06-26 06:05:00,407.5,407.9,407.25,407.8,196223
2025-06-26 06:10:00,407.8,408.0,407.5,407.65,100248
2025-06-26 06:15:00,407.7,408.0,407.65,408.0,88725
2025-06-26 06:20:00,408.0,408.0,407.8,407.9,138710
2025-06-26 06:25:00,407.9,408.7,407.9,408.45,184741
2025-06-26 06:30:00,408.4,408.8,408.2,408.6,99707
2025-06-26 06:35:00,408.75,408.8,407.8,408.25,308608
2025-06-26 06:40:00,408.25,408.35,408.0,408.05,67494
2025-06-26 06:45:00,408.0,408.55,408.0,408.2,113615
2025-06-26 06:50:00,408.25,408.45,407.85,408.4,91786
2025-06-26 06:55:00,408.45,408.45,408.3,408.4,80796
2025-06-26 07:00:00,408.35,408.45,408.2,408.3,64258
2025-06-26 07:05:00,408.35,408.65,408.3,408.45,94984
2025-06-26 07:10:00,408.5,408.5,407.9,408.05,127939
2025-06-26 07:15:00,408.15,408.25,407.65,407.75,141433
2025-06-26 07:20:00,407.8,408.0,407.55,407.55,97532
2025-06-26 07:25:00,407.6,408.1,407.55,407.9,88764
2025-06-26 07:30:00,407.9,408.1,407.75,407.85,99990
2025-06-26 07:35:00,407.95,408.3,407.85,408.1,143983
2025-06-26 07:40:00,408.15,408.25,407.8,408.2,88208
2025-06-26 07:45:00,408.05,408.5,408.0,408.4,141593
2025-06-26 07:50:00,408.45,408.5,408.1,408.15,99875
2025-06-26 07:55:00,408.15,408.25,407.6,407.8,129519
2025-06-26 08:00:00,407.85,408.0,407.8,407.85,97225
2025-06-26 08:05:00,407.9,408.0,407.55,407.65,155490
2025-06-26 08:10:00,407.65,407.75,407.4,407.6,125908
2025-06-26 08:15:00,407.6,408.1,407.55,408.1,120571
2025-06-26 08:20:00,408.1,408.35,407.9,408.3,123194
2025-06-26 08:25:00,408.2,408.5,408.05,408.5,182637
2025-06-26 08:30:00,408.5,409.4,408.4,409.2,292547
2025-06-26 08:35:00,409.15,409.2,408.4,408.75,175933
2025-06-26 08:40:00,408.7,409.0,408.65,408.8,131909
2025-06-26 08:45:00,408.9,409.65,408.75,409.55,250648
2025-06-26 08:50:00,409.55,409.8,409.05,409.8,267517
2025-06-26 08:55:00,409.8,409.85,409.3,409.75,270139
2025-06-26 09:00:00,409.65,410.5,409.45,410.45,519326
2025-06-26 09:05:00,410.45,410.75,410.1,410.7,252719
2025-06-26 09:10:00,410.5,410.7,409.9,409.95,354905
2025-06-26 09:15:00,410.15,410.35,409.85,410.0,261060
2025-06-26 09:20:00,410.1,410.9,409.85,410.8,485291
2025-06-26 09:25:00,410.75,410.95,410.15,410.2,349843
2025-06-26 09:30:00,410.3,410.55,410.0,410.05,522929
2025-06-26 09:35:00,410.1,410.5,409.9,410.45,485170
2025-06-26 09:40:00,410.45,410.45,409.7,409.95,630881
2025-06-26 09:45:00,410.0,410.2,409.7,410.05,714758
2025-06-26 09:50:00,410.0,410.35,409.95,410.2,618714
2025-06-26 09:55:00,410.15,410.25,409.25,409.85,376098
2025-06-27 03:45:00,410.5,412.25,409.5,412.2,1352618
2025-06-27 03:50:00,412.25,413.0,411.4,412.85,578178
2025-06-27 03:55:00,412.85,413.4,412.35,412.6,607696
2025-06-27 04:00:00,412.6,414.8,412.5,413.6,745705
2025-06-27 04:05:00,413.8,414.3,413.5,414.3,343706
2025-06-27 04:10:00,414.2,414.45,414.0,414.1,270690
2025-06-27 04:15:00,414.1,415.6,414.0,415.0,671813
2025-06-27 04:20:00,415.0,415.3,414.35,414.65,311150
2025-06-27 04:25:00,414.65,415.0,414.25,414.45,181280
2025-06-27 04:30:00,414.5,415.5,414.5,415.45,258431
2025-06-27 04:35:00,415.5,415.8,414.85,415.4,325041
2025-06-27 04:40:00,415.5,415.6,415.2,415.4,185336
2025-06-27 04:45:00,415.45,415.75,415.2,415.65,226788
2025-06-27 04:50:00,415.55,415.6,415.4,415.55,80424
2025-06-27 04:55:00,415.55,415.6,414.85,414.9,185207
2025-06-27 05:00:00,414.95,414.95,414.15,414.2,167739
2025-06-27 05:05:00,414.35,414.5,414.1,414.5,152720
2025-06-27 05:10:00,414.5,414.8,414.3,414.6,121435
2025-06-27 05:15:00,414.6,414.7,414.4,414.6,102935
2025-06-27 05:20:00,414.5,414.5,413.8,414.0,159192
2025-06-27 05:25:00,414.0,414.25,413.55,413.95,173416
2025-06-27 05:30:00,413.95,414.5,413.8,414.15,155757
2025-06-27 05:35:00,414.05,414.3,413.75,413.95,112885
2025-06-27 05:40:00,413.9,413.9,413.45,413.65,148077
2025-06-27 05:45:00,413.65,413.8,413.45,413.6,103502
2025-06-27 05:50:00,413.6,413.8,413.25,413.6,124119
2025-06-27 05:55:00,413.55,414.0,413.45,413.85,176668
2025-06-27 06:00:00,413.85,414.15,413.85,414.05,85571
2025-06-27 06:05:00,413.95,414.25,413.95,414.2,95369
2025-06-27 06:10:00,414.2,414.8,414.2,414.6,161625
2025-06-27 06:15:00,414.6,414.9,414.5,414.65,132493
2025-06-27 06:20:00,414.65,414.7,414.0,414.1,118181
2025-06-27 06:25:00,414.05,414.15,413.85,413.95,121520
2025-06-27 06:30:00,413.95,414.4,413.85,414.2,64091
2025-06-27 06:35:00,414.2,414.35,413.9,414.1,115179
2025-06-27 06:40:00,414.05,414.2,412.95,413.3,327198
2025-06-27 06:45:00,413.3,413.45,412.75,413.05,263921
2025-06-27 06:50:00,413.0,413.45,412.75,412.95,166023
2025-06-27 06:55:00,412.95,413.75,412.9,413.6,106853
2025-06-27 07:00:00,413.65,413.95,413.4,413.95,67666
2025-06-27 07:05:00,413.8,414.25,413.8,414.25,160894
2025-06-27 07:10:00,414.15,414.25,413.95,414.1,88109
2025-06-27 07:15:00,414.0,414.2,413.9,414.0,100613
2025-06-27 07:20:00,414.0,414.15,413.9,414.0,84304
2025-06-27 07:25:00,414.2,414.25,413.85,414.0,113208
2025-06-27 07:30:00,413.95,414.1,413.5,413.6,96360
2025-06-27 07:35:00,413.6,413.6,413.2,413.3,68571
2025-06-27 07:40:00,413.3,413.3,413.2,413.25,65370
2025-06-27 07:45:00,413.15,413.3,412.55,412.9,167467
2025-06-27 07:50:00,412.9,412.9,412.4,412.5,128490
2025-06-27 07:55:00,412.6,413.15,412.55,413.05,86432
2025-06-27 08:00:00,412.95,413.2,412.85,412.95,85196
2025-06-27 08:05:00,413.05,413.15,412.95,413.1,59962
2025-06-27 08:10:00,413.05,413.15,412.85,413.0,86776
2025-06-27 08:15:00,412.85,413.0,412.7,412.95,106365
2025-06-27 08:20:00,412.9,413.0,412.7,413.0,83034
2025-06-27 08:25:00,412.85,413.4,412.8,413.3,85052
2025-06-27 08:30:00,413.3,413.9,413.25,413.5,154269
2025-06-27 08:35:00,413.6,414.0,413.5,413.95,134514
2025-06-27 08:40:00,413.9,413.95,413.75,413.8,94903
2025-06-27 08:45:00,413.75,413.85,413.35,413.4,143842
2025-06-27 08:50:00,413.45,413.45,413.05,413.05,99435
2025-06-27 08:55:00,413.1,413.1,412.55,412.55,206898
2025-06-27 09:00:00,412.6,412.6,412.2,412.25,190509
2025-06-27 09:05:00,412.2,412.65,412.15,412.4,184887
2025-06-27 09:10:00,412.35,412.95,412.3,412.85,202371
2025-06-27 09:15:00,412.85,412.9,412.4,412.4,279639
2025-06-27 09:20:00,412.45,412.9,412.2,412.7,206735
2025-06-27 09:25:00,412.7,412.8,412.35,412.55,238313
2025-06-27 09:30:00,412.5,414.75,412.45,413.4,5066162
2025-06-27 09:35:00,413.4,414.8,413.2,414.75,5050943
2025-06-27 09:40:00,414.7,415.15,414.1,414.5,5251391
2025-06-27 09:45:00,414.5,415.75,414.35,415.4,5782913
2025-06-27 09:50:00,415.45,415.7,414.25,415.35,4834976
2025-06-27 09:55:00,415.35,416.8,415.1,416.4,1752381
2025-06-30 03:45:00,416.65,417.2,414.3,415.5,1063423
2025-06-30 03:50:00,415.75,415.75,414.55,415.35,366363
2025-06-30 03:55:00,415.25,416.35,414.9,414.9,311532
2025-06-30 04:00:00,414.6,415.9,414.5,415.5,236842
2025-06-30 04:05:00,415.4,416.1,415.4,416.05,195630
2025-06-30 04:10:00,416.0,417.25,415.7,415.85,328173
2025-06-30 04:15:00,415.65,416.0,415.2,415.55,159820
2025-06-30 04:20:00,415.7,415.95,415.15,415.35,216458
2025-06-30 04:25:00,415.3,415.55,414.9,415.05,343365
2025-06-30 04:30:00,415.0,415.35,414.85,414.9,97452
2025-06-30 04:35:00,414.85,415.0,414.25,414.65,220553
2025-06-30 04:40:00,414.6,415.0,414.6,414.9,131920
2025-06-30 04:45:00,414.9,415.0,414.8,415.0,144167
2025-06-30 04:50:00,415.0,415.35,414.7,414.75,166496
2025-06-30 04:55:00,414.7,415.7,414.6,415.4,86133
2025-06-30 05:00:00,415.4,417.15,415.4,417.15,262364
2025-06-30 05:05:00,417.1,419.0,417.05,418.15,795899
2025-06-30 05:10:00,418.15,418.4,417.6,418.0,187639
2025-06-30 05:15:00,418.0,419.6,417.95,418.8,549705
2025-06-30 05:20:00,418.8,419.0,417.8,418.35,250241
2025-06-30 05:25:00,418.2,418.4,417.9,418.05,88984
2025-06-30 05:30:00,418.05,418.25,417.6,417.65,150880
2025-06-30 05:35:00,417.6,417.95,417.5,417.7,112216
2025-06-30 05:40:00,417.7,417.8,417.1,417.25,65880
2025-06-30 05:45:00,417.3,417.5,417.05,417.2,131735
2025-06-30 05:50:00,417.35,417.95,417.2,417.7,50825
2025-06-30 05:55:00,417.7,418.15,417.5,418.0,75837
2025-06-30 06:00:00,418.05,418.1,417.45,417.55,42003
2025-06-30 06:05:00,417.65,417.85,417.55,417.75,33293
2025-06-30 06:10:00,417.7,417.75,417.3,417.3,62207
2025-06-30 06:15:00,417.3,417.65,417.2,417.55,33714
2025-06-30 06:20:00,417.5,417.65,417.45,417.6,47873
2025-06-30 06:25:00,417.6,417.6,417.1,417.15,49273
2025-06-30 06:30:00,417.1,418.7,417.1,418.5,146831
2025-06-30 06:35:00,418.5,419.7,418.45,419.45,432548
2025-06-30 06:40:00,419.55,419.55,418.8,419.5,177502
2025-06-30 06:45:00,419.55,419.85,419.4,419.6,292762
2025-06-30 06:50:00,419.6,419.7,418.95,419.15,151553
2025-06-30 06:55:00,419.2,419.3,418.85,419.05,90606
2025-06-30 07:00:00,419.15,419.4,418.85,418.85,97828
2025-06-30 07:05:00,418.9,419.75,418.85,419.5,162028
2025-06-30 07:10:00,419.55,419.7,419.25,419.45,123247
2025-06-30 07:15:00,419.5,419.8,419.3,419.8,179770
2025-06-30 07:20:00,419.75,420.0,419.7,419.8,202465
2025-06-30 07:25:00,419.85,419.85,419.35,419.45,97727
2025-06-30 07:30:00,419.4,420.4,419.2,419.75,507351
2025-06-30 07:35:00,419.65,419.85,419.1,419.4,123560
2025-06-30 07:40:00,419.4,419.4,419.05,419.1,136887
2025-06-30 07:45:00,419.1,419.25,418.8,419.0,150820
2025-06-30 07:50:00,419.05,419.4,418.95,419.3,86547
2025-06-30 07:55:00,419.4,419.5,419.25,419.45,101380
2025-06-30 08:00:00,419.5,419.8,419.3,419.35,141350
2025-06-30 08:05:00,419.45,419.6,419.0,419.15,111196
2025-06-30 08:10:00,419.25,419.25,418.5,418.65,121419
2025-06-30 08:15:00,418.7,418.8,418.3,418.45,147286
2025-06-30 08:20:00,418.3,418.45,417.6,417.7,267319
2025-06-30 08:25:00,417.85,418.8,417.7,418.75,112613
2025-06-30 08:30:00,418.7,418.7,418.05,418.15,99716
2025-06-30 08:35:00,418.1,418.55,418.0,418.55,73577
2025-06-30 08:40:00,418.5,418.9,418.45,418.5,86846
2025-06-30 08:45:00,418.5,418.9,418.25,418.85,88474
2025-06-30 08:50:00,418.9,419.6,418.85,419.4,139314
2025-06-30 08:55:00,419.5,419.5,419.05,419.15,113954
2025-06-30 09:00:00,419.2,419.45,419.05,419.3,104543
2025-06-30 09:05:00,419.35,419.65,419.1,419.5,158393
2025-06-30 09:10:00,419.45,420.2,419.4,419.95,374802
2025-06-30 09:15:00,419.95,420.2,419.75,420.15,210379
2025-06-30 09:20:00,420.2,420.95,420.15,420.9,511954
2025-06-30 09:25:00,420.85,421.0,420.15,420.65,414961
2025-06-30 09:30:00,420.65,420.7,420.05,420.2,761134
2025-06-30 09:35:00,420.2,420.9,420.2,420.85,1048632
2025-06-30 09:40:00,420.9,421.5,420.85,421.35,1237414
2025-06-30 09:45:00,421.4,421.8,421.35,421.75,963461
2025-06-30 09:50:00,421.8,422.25,421.75,422.25,1554912
2025-06-30 09:55:00,422.2,423.0,422.2,422.8,1182494
2025-07-01 03:45:00,424.8,427.3,424.1,426.55,2360263
2025-07-01 03:50:00,426.55,427.2,425.3,427.2,770871
2025-07-01 03:55:00,427.3,428.5,426.3,426.45,1127912
2025-07-01 04:00:00,426.5,429.35,426.3,429.1,1225265
2025-07-01 04:05:00,429.1,433.9,428.8,433.75,2972565
2025-07-01 04:10:00,433.85,434.85,433.1,434.4,2066865
2025-07-01 04:15:00,434.25,435.5,433.85,435.2,1812197
2025-07-01 04:20:00,435.2,435.9,434.5,435.1,1155693
2025-07-01 04:25:00,435.0,436.0,434.45,435.4,1286895
2025-07-01 04:30:00,435.4,435.45,434.1,434.3,861107
2025-07-01 04:35:00,434.4,434.5,433.05,434.05,1208827
2025-07-01 04:40:00,434.2,434.4,433.2,433.45,440102
2025-07-01 04:45:00,433.45,435.0,433.3,434.8,575229
2025-07-01 04:50:00,435.0,435.2,433.6,433.6,670709
2025-07-01 04:55:00,433.7,433.7,432.65,433.15,753351
2025-07-01 05:00:00,433.1,433.25,432.3,433.2,652632
2025-07-01 05:05:00,433.2,433.2,432.4,432.5,285487
2025-07-01 05:10:00,432.5,433.0,432.3,432.55,214602
2025-07-01 05:15:00,432.55,434.4,432.55,433.8,487888
2025-07-01 05:20:00,433.75,434.65,433.45,434.45,327103
2025-07-01 05:25:00,434.55,434.8,433.8,434.45,404993
2025-07-01 05:30:00,434.55,435.0,433.85,433.85,526832
2025-07-01 05:35:00,433.95,434.15,433.5,433.7,308395
2025-07-01 05:40:00,433.75,433.9,433.1,433.4,224824
2025-07-01 05:45:00,433.4,433.9,433.25,433.5,165964
2025-07-01 05:50:00,433.6,433.8,433.4,433.55,114057
2025-07-01 05:55:00,433.55,434.0,433.5,433.9,118298
2025-07-01 06:00:00,433.85,434.65,433.85,434.35,226167
2025-07-01 06:05:00,434.25,434.5,432.85,433.0,443070
2025-07-01 06:10:00,433.0,433.8,433.0,433.2,178878
2025-07-01 06:15:00,433.15,433.7,432.55,432.55,260390
2025-07-01 06:20:00,432.65,432.65,431.35,431.45,710933
2025-07-01 06:25:00,431.6,432.3,431.35,432.15,197837
2025-07-01 06:30:00,432.2,432.3,431.95,432.05,148122
2025-07-01 06:35:00,432.0,432.3,431.75,431.95,150903
2025-07-01 06:40:00,431.9,432.25,431.8,431.85,148894
2025-07-01 06:45:00,431.85,432.5,431.85,432.35,143801
2025-07-01 06:50:00,432.35,432.8,432.3,432.6,177635
2025-07-01 06:55:00,432.6,432.7,432.2,432.2,103906
2025-07-01 07:00:00,432.25,432.35,431.7,431.7,234697
2025-07-01 07:05:00,431.8,431.95,431.2,431.45,339701
2025-07-01 07:10:00,431.45,431.45,431.1,431.2,140489
2025-07-01 07:15:00,431.3,431.45,430.8,430.9,272588
2025-07-01 07:20:00,430.9,431.35,430.8,431.1,280833
2025-07-01 07:25:00,431.1,431.2,430.5,430.6,266502
2025-07-01 07:30:00,430.75,430.85,430.2,430.35,147415
2025-07-01 07:35:00,430.25,430.8,430.1,430.5,173400
2025-07-01 07:40:00,430.6,430.85,430.5,430.7,118770
2025-07-01 07:45:00,430.65,431.15,430.6,430.85,175409
2025-07-01 07:50:00,430.8,430.9,430.6,430.7,97040
2025-07-01 07:55:00,430.75,430.9,430.25,430.5,181393
2025-07-01 08:00:00,430.45,431.95,430.45,431.95,259653
2025-07-01 08:05:00,431.9,431.95,431.3,431.5,117389
2025-07-01 08:10:00,431.55,432.0,431.5,431.85,163694
2025-07-01 08:15:00,431.9,432.4,431.75,432.0,177679
2025-07-01 08:20:00,432.1,432.3,431.95,432.2,99927
2025-07-01 08:25:00,432.2,432.35,431.75,432.35,214271
2025-07-01 08:30:00,432.15,432.7,432.15,432.55,157957
2025-07-01 08:35:00,432.55,432.7,432.1,432.3,164242
2025-07-01 08:40:00,432.2,432.7,432.05,432.7,185341
2025-07-01 08:45:00,432.65,433.2,432.65,432.7,314432
2025-07-01 08:50:00,432.7,432.75,432.4,432.55,117464
2025-07-01 08:55:00,432.6,432.65,432.0,432.35,181576
2025-07-01 09:00:00,432.35,432.6,432.3,432.35,106124
2025-07-01 09:05:00,432.4,433.4,432.2,433.1,301992
2025-07-01 09:10:00,433.1,433.95,433.05,433.25,336783
2025-07-01 09:15:00,433.4,433.4,432.7,432.9,187537
2025-07-01 09:20:00,432.85,433.1,432.75,433.05,145647
2025-07-01 09:25:00,432.95,433.15,432.65,432.75,206494
2025-07-01 09:30:00,432.75,432.95,432.3,432.4,485085
2025-07-01 09:35:00,432.55,432.55,431.8,431.9,343359
2025-07-01 09:40:00,431.85,432.0,431.45,431.9,595278
2025-07-01 09:45:00,431.85,432.55,431.75,432.25,850166
2025-07-01 09:50:00,432.35,432.4,432.05,432.25,615606
2025-07-01 09:55:00,432.3,432.9,432.25,432.65,637716
2025-07-02 03:45:00,431.05,432.75,429.5,430.5,1007804
2025-07-02 03:50:00,430.4,431.0,429.05,430.35,979159
2025-07-02 03:55:00,430.35,430.95,429.3,430.0,580015
2025-07-02 04:00:00,430.2,430.2,429.0,429.25,564552
2025-07-02 04:05:00,429.25,430.3,428.7,428.9,717718
2025-07-02 04:10:00,428.75,428.95,427.2,427.55,763323
2025-07-02 04:15:00,427.5,428.4,427.1,428.3,562080
2025-07-02 04:20:00,428.15,429.95,428.15,429.8,431589
2025-07-02 04:25:00,429.9,430.55,429.0,429.35,420930
2025-07-02 04:30:00,429.35,429.55,428.5,428.9,277680
2025-07-02 04:35:00,428.85,428.85,427.6,428.45,330880
2025-07-02 04:40:00,428.4,428.85,428.05,428.35,205015
2025-07-02 04:45:00,428.35,428.35,427.5,428.15,242865
2025-07-02 04:50:00,428.05,429.45,428.05,428.8,237661
2025-07-02 04:55:00,428.65,429.15,428.6,428.8,152844
2025-07-02 05:00:00,428.7,428.7,427.8,427.8,169841
2025-07-02 05:05:00,427.8,428.05,427.6,427.85,163086
2025-07-02 05:10:00,427.85,429.05,427.6,428.35,291584
2025-07-02 05:15:00,428.35,428.7,428.15,428.5,163028
2025-07-02 05:20:00,428.4,428.95,428.25,428.9,131324
2025-07-02 05:25:00,428.9,429.0,428.5,428.95,125340
2025-07-02 05:30:00,429.0,429.0,428.15,428.2,91879
2025-07-02 05:35:00,428.3,428.85,428.05,428.5,215802
2025-07-02 05:40:00,428.6,429.0,428.2,428.55,109297
2025-07-02 05:45:00,428.5,428.95,428.15,428.95,159609
2025-07-02 05:50:00,428.95,428.95,428.35,428.55,167085
2025-07-02 05:55:00,428.55,428.9,428.4,428.6,126721
2025-07-02 06:00:00,428.5,428.75,428.1,428.4,153327
2025-07-02 06:05:00,428.35,428.55,428.1,428.1,158892
2025-07-02 06:10:00,428.2,428.2,427.75,428.15,167699
2025-07-02 06:15:00,428.1,428.65,427.85,428.5,161191
2025-07-02 06:20:00,428.5,428.55,428.15,428.35,147336
2025-07-02 06:25:00,428.25,428.45,428.05,428.1,113082
2025-07-02 06:30:00,428.15,428.25,427.7,427.75,161821
2025-07-02 06:35:00,427.75,427.9,427.25,427.25,160029
2025-07-02 06:40:00,427.25,427.8,426.65,426.85,317634
2025-07-02 06:45:00,426.8,426.9,425.25,425.55,361119
2025-07-02 06:50:00,425.35,425.8,424.65,424.95,373837
2025-07-02 06:55:00,424.8,425.7,424.8,425.45,216576
2025-07-02 07:00:00,425.45,425.55,424.55,424.75,190638
2025-07-02 07:05:00,424.7,424.75,424.2,424.45,215904
2025-07-02 07:10:00,424.5,424.75,424.05,424.25,207001
2025-07-02 07:15:00,424.1,424.25,423.45,423.95,338922
2025-07-02 07:20:00,423.95,424.1,423.35,424.1,287597
2025-07-02 07:25:00,424.0,424.55,423.9,424.55,118409
2025-07-02 07:30:00,424.5,425.35,424.5,425.2,245993
2025-07-02 07:35:00,425.1,425.2,424.65,424.75,164377
2025-07-02 07:40:00,424.8,425.2,424.0,424.0,203500
2025-07-02 07:45:00,424.15,424.15,423.25,423.4,274022
2025-07-02 07:50:00,423.4,423.7,423.05,423.5,191897
2025-07-02 07:55:00,423.55,423.55,422.6,423.1,329942
2025-07-02 08:00:00,423.0,423.85,422.7,423.6,211923
2025-07-02 08:05:00,423.6,423.9,423.2,423.85,213223
2025-07-02 08:10:00,423.85,423.85,423.45,423.55,101348
2025-07-02 08:15:00,423.5,423.6,423.0,423.25,188618
2025-07-02 08:20:00,423.25,423.8,423.2,423.6,201792
2025-07-02 08:25:00,423.65,424.3,423.3,424.05,292470
2025-07-02 08:30:00,424.0,424.8,424.0,424.7,230000
2025-07-02 08:35:00,424.65,425.15,424.35,425.0,375002
2025-07-02 08:40:00,424.95,425.15,424.65,425.15,225549
2025-07-02 08:45:00,425.15,425.15,424.5,424.85,247607
2025-07-02 08:50:00,424.9,424.9,424.35,424.65,202117
2025-07-02 08:55:00,424.65,424.85,424.5,424.65,176063
2025-07-02 09:00:00,424.7,425.1,424.65,424.85,234642
2025-07-02 09:05:00,424.9,425.35,424.85,425.1,257860
2025-07-02 09:10:00,425.1,425.3,424.65,425.2,291825
2025-07-02 09:15:00,425.2,425.9,425.0,425.6,322568
2025-07-02 09:20:00,425.6,426.45,425.35,426.1,345430
2025-07-02 09:25:00,426.1,426.4,425.7,426.3,334259
2025-07-02 09:30:00,426.35,426.8,426.15,426.75,534270
2025-07-02 09:35:00,426.75,427.55,426.7,427.45,640979
2025-07-02 09:40:00,427.4,427.5,426.5,426.75,604979
2025-07-02 09:45:00,426.7,426.95,426.5,426.85,754610
2025-07-02 09:50:00,426.9,427.5,426.55,427.15,695924
2025-07-02 09:55:00,427.15,427.85,427.1,427.7,509150
2025-07-03 03:45:00,427.7,428.7,424.05,424.3,1109701
2025-07-03 03:50:00,424.6,425.7,424.2,425.0,370956
2025-07-03 03:55:00,425.05,426.3,425.0,425.5,244917
2025-07-03 04:00:00,425.4,425.95,424.3,424.85,408077
2025-07-03 04:05:00,424.85,425.4,424.55,424.6,188467
2025-07-03 04:10:00,424.7,425.15,424.3,424.85,124341
2025-07-03 04:15:00,424.9,427.8,424.5,427.35,350553
2025-07-03 04:20:00,427.3,429.7,427.25,429.5,572902
2025-07-03 04:25:00,429.45,430.7,429.2,429.5,1186558
2025-07-03 04:30:00,429.55,429.7,428.0,428.0,364115
2025-07-03 04:35:00,428.1,428.7,427.5,428.5,262503
2025-07-03 04:40:00,428.5,428.65,428.0,428.65,142096
2025-07-03 04:45:00,428.65,428.85,428.2,428.2,104809
2025-07-03 04:50:00,428.2,428.7,428.0,428.6,141970
2025-07-03 04:55:00,428.65,428.75,428.2,428.45,124539
2025-07-03 05:00:00,428.3,428.7,427.5,427.65,126779
2025-07-03 05:05:00,427.6,427.75,426.65,427.05,228844
2025-07-03 05:10:00,427.05,427.5,426.9,426.95,110135
2025-07-03 05:15:00,426.95,427.1,426.25,426.8,150428
2025-07-03 05:20:00,426.8,426.95,426.15,426.65,108612
2025-07-03 05:25:00,426.6,426.8,426.55,426.75,46543
2025-07-03 05:30:00,426.8,427.75,426.8,427.35,129480
2025-07-03 05:35:00,427.2,427.5,427.0,427.3,49798
2025-07-03 05:40:00,427.4,427.5,427.1,427.2,45461
2025-07-03 05:45:00,427.2,427.5,426.7,426.75,54542
2025-07-03 05:50:00,426.7,427.4,426.45,427.4,50388
2025-07-03 05:55:00,427.3,427.5,426.95,427.0,64691
2025-07-03 06:00:00,426.95,427.05,426.6,427.05,41095
2025-07-03 06:05:00,427.0,427.5,426.95,427.4,94745
2025-07-03 06:10:00,427.5,427.5,426.75,426.95,47047
2025-07-03 06:15:00,426.95,427.2,426.5,427.0,133127
2025-07-03 06:20:00,427.05,427.7,427.0,427.7,73663
2025-07-03 06:25:00,427.7,428.5,427.5,428.1,142039
2025-07-03 06:30:00,428.0,428.1,427.5,427.6,38776
2025-07-03 06:35:00,427.65,427.65,427.35,427.65,46060
2025-07-03 06:40:00,427.6,428.0,427.6,428.0,44524
2025-07-03 06:45:00,428.0,428.1,427.25,427.4,114565
2025-07-03 06:50:00,427.45,427.9,427.35,427.65,42284
2025-07-03 06:55:00,427.65,428.15,427.5,427.8,69023
2025-07-03 07:00:00,427.65,427.85,427.5,427.6,40716
2025-07-03 07:05:00,427.6,427.75,427.0,427.1,61979
2025-07-03 07:10:00,427.0,427.95,427.0,427.8,83412
2025-07-03 07:15:00,427.75,428.1,427.6,428.1,103808
2025-07-03 07:20:00,427.9,428.1,427.75,427.8,69930
2025-07-03 07:25:00,427.75,427.9,427.5,427.7,52610
2025-07-03 07:30:00,427.7,427.7,427.3,427.3,73107
2025-07-03 07:35:00,427.3,428.0,427.3,427.85,59129
2025-07-03 07:40:00,427.9,427.95,427.6,427.7,47414
2025-07-03 07:45:00,427.7,428.45,427.45,428.0,108233
2025-07-03 07:50:00,427.9,428.5,427.75,428.45,91488
2025-07-03 07:55:00,428.4,428.5,428.0,428.3,65555
2025-07-03 08:00:00,428.35,428.5,428.05,428.45,73154
2025-07-03 08:05:00,428.4,429.5,428.4,429.3,242476
2025-07-03 08:10:00,429.3,429.45,428.65,428.75,173362
2025-07-03 08:15:00,428.85,429.0,428.0,428.2,87089
2025-07-03 08:20:00,428.1,428.35,427.7,427.95,193847
2025-07-03 08:25:00,427.75,428.05,427.35,427.65,95090
2025-07-03 08:30:00,427.6,428.05,427.6,427.95,72321
2025-07-03 08:35:00,428.05,428.1,427.6,427.95,87829
2025-07-03 08:40:00,427.95,428.0,427.65,427.65,72375
2025-07-03 08:45:00,427.65,427.85,427.55,427.65,101096
2025-07-03 08:50:00,427.65,427.65,427.25,427.6,98710
2025-07-03 08:55:00,427.45,427.6,426.8,426.8,140469
2025-07-03 09:00:00,426.75,426.9,426.1,426.8,224136
2025-07-03 09:05:00,426.85,427.2,426.3,426.55,141620
2025-07-03 09:10:00,426.7,427.25,426.55,427.05,116968
2025-07-03 09:15:00,427.2,427.65,426.5,426.5,155066
2025-07-03 09:20:00,426.5,426.95,426.3,426.7,156612
2025-07-03 09:25:00,426.7,426.95,426.5,426.7,171689
2025-07-03 09:30:00,426.75,426.8,426.25,426.35,367198
2025-07-03 09:35:00,426.35,426.8,426.35,426.6,384471
2025-07-03 09:40:00,426.7,426.75,426.25,426.3,306246
2025-07-03 09:45:00,426.3,426.5,425.95,426.1,576075
2025-07-03 09:50:00,426.1,426.35,425.8,425.85,478053
2025-07-03 09:55:00,425.8,426.5,425.8,426.5,367647
2025-07-04 03:45:00,430.0,432.4,429.5,430.5,2398472
2025-07-04 03:50:00,430.7,431.5,430.0,431.2,770063
2025-07-04 03:55:00,431.25,432.0,430.2,430.75,562668
2025-07-04 04:00:00,430.8,431.0,430.3,430.6,336865
2025-07-04 04:05:00,430.65,430.65,429.6,429.9,522269
2025-07-04 04:10:00,429.8,431.75,429.7,431.7,653198
2025-07-04 04:15:00,431.55,431.85,430.75,431.15,406581
2025-07-04 04:20:00,431.15,431.3,430.3,430.5,309462
2025-07-04 04:25:00,430.5,430.7,430.2,430.35,167248
2025-07-04 04:30:00,430.3,430.8,430.2,430.55,150190
2025-07-04 04:35:00,430.6,430.7,429.7,429.8,202013
2025-07-04 04:40:00,429.8,430.4,429.65,430.05,162942
2025-07-04 04:45:00,430.05,430.35,429.6,429.8,165205
2025-07-04 04:50:00,429.75,429.9,429.05,429.8,308315
2025-07-04 04:55:00,429.8,430.35,429.7,429.8,148525
2025-07-04 05:00:00,429.85,429.9,429.0,429.5,191662
2025-07-04 05:05:00,429.5,429.5,429.3,429.4,67727
2025-07-04 05:10:00,429.35,429.7,429.15,429.7,80962
2025-07-04 05:15:00,429.6,429.95,429.45,429.9,94503
2025-07-04 05:20:00,429.8,429.9,429.45,429.6,88626
2025-07-04 05:25:00,429.6,429.85,429.45,429.6,53610
2025-07-04 05:30:00,429.75,429.85,429.5,429.8,65934
2025-07-04 05:35:00,429.8,430.65,429.65,430.6,190862
2025-07-04 05:40:00,430.6,431.0,430.3,430.5,183943
2025-07-04 05:45:00,430.5,430.95,430.1,430.95,105609
2025-07-04 05:50:00,430.9,430.95,429.8,429.9,134892
2025-07-04 05:55:00,429.85,430.1,429.8,430.0,58800
2025-07-04 06:00:00,430.0,430.2,429.8,430.0,47528
2025-07-04 06:05:00,430.0,430.0,428.7,428.85,199026
2025-07-04 06:10:00,428.85,429.25,428.1,428.35,316761
2025-07-04 06:15:00,428.3,428.4,427.6,428.1,350343
2025-07-04 06:20:00,428.2,428.25,427.6,427.65,153500
2025-07-04 06:25:00,427.75,427.8,427.15,427.7,188915
2025-07-04 06:30:00,427.7,428.35,427.4,428.0,182910
2025-07-04 06:35:00,428.0,428.45,427.85,427.95,217468
2025-07-04 06:40:00,428.0,428.6,427.75,428.6,171737
2025-07-04 06:45:00,428.5,428.7,428.1,428.4,54157
2025-07-04 06:50:00,428.45,428.5,427.9,427.9,75476
2025-07-04 06:55:00,427.9,428.05,427.7,427.95,46986
2025-07-04 07:00:00,427.95,428.5,427.85,428.25,133233
2025-07-04 07:05:00,428.3,428.35,427.8,427.95,70585
2025-07-04 07:10:00,427.95,428.0,427.65,427.85,67088
2025-07-04 07:15:00,427.75,428.0,427.25,427.4,131480
2025-07-04 07:20:00,427.4,427.4,426.65,427.1,227084
2025-07-04 07:25:00,427.05,427.1,426.7,427.0,74526
2025-07-04 07:30:00,427.0,427.35,426.8,427.3,101117
2025-07-04 07:35:00,427.3,427.6,427.3,427.6,107256
2025-07-04 07:40:00,427.5,427.5,427.25,427.25,111809
2025-07-04 07:45:00,427.3,427.4,426.4,426.55,167992
2025-07-04 07:50:00,426.55,426.8,426.4,426.6,115501
2025-07-04 07:55:00,426.6,427.1,426.45,426.45,114944
2025-07-04 08:00:00,426.45,427.1,426.4,426.8,114989
2025-07-04 08:05:00,426.8,427.4,426.8,427.1,140840
2025-07-04 08:10:00,427.1,427.1,426.8,426.95,58260
2025-07-04 08:15:00,426.85,427.1,426.85,426.95,52794
2025-07-04 08:20:00,427.0,427.2,426.9,426.95,96179
2025-07-04 08:25:00,427.0,427.15,426.7,426.95,127020
2025-07-04 08:30:00,426.9,427.0,426.7,426.85,58402
2025-07-04 08:35:00,426.95,427.0,426.25,426.55,127431
2025-07-04 08:40:00,426.5,426.5,426.0,426.3,160175
2025-07-04 08:45:00,426.3,426.3,426.0,426.1,123743
2025-07-04 08:50:00,426.1,426.25,425.8,426.0,174362
2025-07-04 08:55:00,425.85,426.15,425.8,425.95,102978
2025-07-04 09:00:00,426.0,426.0,425.75,425.95,83326
2025-07-04 09:05:00,425.95,427.7,425.9,427.7,415754
2025-07-04 09:10:00,427.7,428.0,427.2,427.45,261110
2025-07-04 09:15:00,427.3,427.6,427.3,427.45,112028
2025-07-04 09:20:00,427.45,427.45,426.8,427.15,173912
2025-07-04 09:25:00,427.3,427.35,426.95,427.1,164111
2025-07-04 09:30:00,427.1,427.85,427.0,427.8,198151
2025-07-04 09:35:00,427.65,427.85,427.45,427.7,213229
2025-07-04 09:40:00,427.95,428.25,427.55,427.65,382096
2025-07-04 09:45:00,427.85,427.85,427.1,427.3,554324
2025-07-04 09:50:00,427.3,427.65,427.05,427.55,400624
2025-07-04 09:55:00,427.55,427.7,427.35,427.5,297241
2025-07-07 03:45:00,427.45,427.45,419.05,420.15,1706796
2025-07-07 03:50:00,420.0,420.75,419.25,420.15,750688
2025-07-07 03:55:00,420.05,420.2,418.2,418.7,796113
2025-07-07 04:00:00,418.6,419.0,418.0,418.45,491252
2025-07-07 04:05:00,418.5,419.45,418.45,418.9,367948
2025-07-07 04:10:00,418.85,418.95,417.0,417.4,783636
2025-07-07 04:15:00,417.4,418.15,416.15,418.0,578652
2025-07-07 04:20:00,418.0,419.25,417.7,419.0,333012
2025-07-07 04:25:00,419.0,419.7,418.5,419.35,250772
2025-07-07 04:30:00,419.35,420.35,419.25,420.0,377764
2025-07-07 04:35:00,419.95,420.1,419.0,419.4,222094
2025-07-07 04:40:00,419.4,419.7,418.9,418.9,203247
2025-07-07 04:45:00,419.0,419.35,418.45,418.8,198133
2025-07-07 04:50:00,418.8,419.5,418.55,419.3,143674
2025-07-07 04:55:00,419.3,419.5,418.8,419.0,85315
2025-07-07 05:00:00,419.0,419.05,418.6,418.65,95763
2025-07-07 05:05:00,418.6,418.85,418.3,418.5,168134
2025-07-07 05:10:00,418.65,418.9,418.4,418.5,111543
2025-07-07 05:15:00,418.55,419.0,418.4,418.4,127038
2025-07-07 05:20:00,418.45,419.4,418.35,419.3,237080
2025-07-07 05:25:00,419.3,419.3,418.6,418.9,196112
2025-07-07 05:30:00,418.85,418.9,418.45,418.5,121762
2025-07-07 05:35:00,418.5,418.85,418.3,418.4,132112
2025-07-07 05:40:00,418.4,418.8,417.7,418.45,390049
2025-07-07 05:45:00,418.45,419.0,418.0,419.0,267844
2025-07-07 05:50:00,419.0,420.3,418.9,420.3,591591
2025-07-07 05:55:00,420.3,420.5,419.7,420.4,445890
2025-07-07 06:00:00,420.4,422.15,420.0,420.3,849485
2025-07-07 06:05:00,420.3,421.3,419.85,421.2,252391
2025-07-07 06:10:00,421.2,421.5,420.5,421.05,205128
2025-07-07 06:15:00,421.05,421.1,420.15,420.2,148502
2025-07-07 06:20:00,420.35,420.6,420.15,420.2,121582
2025-07-07 06:25:00,420.25,420.4,419.9,420.1,159467
2025-07-07 06:30:00,420.1,420.25,419.7,419.8,235221
2025-07-07 06:35:00,419.8,420.3,419.5,420.1,348361
2025-07-07 06:40:00,420.1,420.2,419.55,419.95,122973
2025-07-07 06:45:00,419.95,420.0,419.5,419.85,144567
2025-07-07 06:50:00,419.85,420.2,419.7,419.8,117462
2025-07-07 06:55:00,419.8,420.15,419.75,419.8,106400
2025-07-07 07:00:00,419.9,420.0,419.55,419.7,145129
2025-07-07 07:05:00,419.75,419.75,419.2,419.45,168886
2025-07-07 07:10:00,419.5,419.8,419.3,419.45,117585
2025-07-07 07:15:00,419.45,419.8,419.35,419.55,117013
2025-07-07 07:20:00,419.5,419.7,419.35,419.5,128558
2025-07-07 07:25:00,419.55,419.55,418.8,418.95,193834
2025-07-07 07:30:00,418.9,419.2,418.85,418.9,115442
2025-07-07 07:35:00,418.95,419.15,418.65,418.75,123903
2025-07-07 07:40:00,418.75,419.45,418.7,419.1,137479
2025-07-07 07:45:00,419.05,419.45,418.9,419.2,129432
2025-07-07 07:50:00,419.15,419.8,419.1,419.45,202563
2025-07-07 07:55:00,419.45,419.6,419.05,419.3,108204
2025-07-07 08:00:00,419.25,419.35,418.8,418.85,136597
2025-07-07 08:05:00,418.85,418.9,418.6,418.7,186317
2025-07-07 08:10:00,418.65,418.95,418.35,418.4,211920
2025-07-07 08:15:00,418.35,418.65,418.1,418.35,204299
2025-07-07 08:20:00,418.35,418.5,417.8,417.9,251943
2025-07-07 08:25:00,417.8,418.5,417.8,417.95,200381
2025-07-07 08:30:00,417.9,418.65,417.8,418.45,238653
2025-07-07 08:35:00,418.45,418.65,418.0,418.05,123439
2025-07-07 08:40:00,418.05,418.3,417.85,417.95,257675
2025-07-07 08:45:00,417.95,418.1,417.9,418.1,134022
2025-07-07 08:50:00,418.0,418.1,417.9,418.0,117676
2025-07-07 08:55:00,418.0,418.0,417.7,417.75,159037
2025-07-07 09:00:00,417.75,417.8,417.5,417.5,258320
2025-07-07 09:05:00,417.5,417.65,417.4,417.45,248911
2025-07-07 09:10:00,417.4,417.7,417.2,417.3,200346
2025-07-07 09:15:00,417.3,417.3,416.85,417.1,480326
2025-07-07 09:20:00,417.1,417.15,416.9,417.1,205706
2025-07-07 09:25:00,417.15,417.5,417.1,417.45,258086
2025-07-07 09:30:00,417.5,417.55,417.2,417.4,449701
2025-07-07 09:35:00,417.35,417.4,417.0,417.35,730678
2025-07-07 09:40:00,417.3,417.4,416.85,416.9,576110
2025-07-07 09:45:00,416.85,417.2,416.8,417.0,776351
2025-07-07 09:50:00,417.05,417.35,416.9,417.1,699536
2025-07-07 09:55:00,417.0,417.2,416.9,417.1,430170
2025-07-08 03:45:00,418.0,419.85,416.25,419.4,1185044
2025-07-08 03:50:00,419.45,421.2,419.35,420.5,886983
2025-07-08 03:55:00,420.55,421.65,420.55,421.35,606428
2025-07-08 04:00:00,421.3,422.2,420.8,420.9,564379
2025-07-08 04:05:00,420.95,421.8,420.25,421.65,321228
2025-07-08 04:10:00,421.7,422.65,420.8,421.15,521925
2025-07-08 04:15:00,421.15,421.9,420.8,421.45,194502
2025-07-08 04:20:00,421.5,421.5,420.55,420.6,174518
2025-07-08 04:25:00,420.65,421.0,420.25,420.3,185960
2025-07-08 04:30:00,420.4,420.95,420.05,420.8,216259
2025-07-08 04:35:00,420.75,421.15,420.5,420.65,275336
2025-07-08 04:40:00,420.6,421.0,420.4,420.55,138883
2025-07-08 04:45:00,420.7,420.95,420.35,420.9,100822
2025-07-08 04:50:00,420.95,421.0,420.35,420.35,84588
2025-07-08 04:55:00,420.4,421.3,420.35,421.1,156477
2025-07-08 05:00:00,421.1,421.95,421.0,421.7,240320
2025-07-08 05:05:00,421.5,421.95,421.5,421.65,167799
2025-07-08 05:10:00,421.65,421.75,420.85,421.2,127269
2025-07-08 05:15:00,421.2,421.35,420.95,421.15,109707
2025-07-08 05:20:00,421.15,422.25,420.8,422.1,289113
2025-07-08 05:25:00,422.0,422.4,422.0,422.05,168907
2025-07-08 05:30:00,422.05,423.25,422.05,422.7,470493
2025-07-08 05:35:00,422.7,422.7,422.0,422.1,195067
2025-07-08 05:40:00,422.1,422.5,422.0,422.5,92895
2025-07-08 05:45:00,422.45,423.35,422.4,422.75,270315
2025-07-08 05:50:00,422.7,422.8,422.05,422.25,110330
2025-07-08 05:55:00,422.2,422.5,421.7,421.85,201476
2025-07-08 06:00:00,421.85,422.25,421.6,422.2,284958
2025-07-08 06:05:00,422.2,422.25,421.6,421.7,102846
2025-07-08 06:10:00,421.7,421.8,421.3,421.45,180648
2025-07-08 06:15:00,421.4,421.5,421.3,421.45,81558
2025-07-08 06:20:00,421.4,421.65,421.3,421.35,188310
2025-07-08 06:25:00,421.3,421.65,421.3,421.45,190384
2025-07-08 06:30:00,421.4,421.5,421.3,421.35,70246
2025-07-08 06:35:00,421.35,421.5,421.3,421.45,69151
2025-07-08 06:40:00,421.4,421.5,421.3,421.4,57212
2025-07-08 06:45:00,421.35,421.45,420.75,420.9,173942
2025-07-08 06:50:00,420.9,421.35,420.8,421.25,115269
2025-07-08 06:55:00,421.25,421.8,421.1,421.8,110368
2025-07-08 07:00:00,421.8,421.85,421.1,421.35,171577
2025-07-08 07:05:00,421.35,421.4,421.05,421.3,76353
2025-07-08 07:10:00,421.3,421.4,420.9,421.05,115592
2025-07-08 07:15:00,421.1,421.4,421.0,421.35,80521
2025-07-08 07:20:00,421.35,421.6,421.3,421.5,152375
2025-07-08 07:25:00,421.4,421.5,421.25,421.35,53693
2025-07-08 07:30:00,421.35,421.45,421.05,421.2,159497
2025-07-08 07:35:00,421.15,421.35,421.0,421.25,67831
2025-07-08 07:40:00,421.15,421.35,421.05,421.1,47296
2025-07-08 07:45:00,421.05,421.5,421.05,421.5,149916
2025-07-08 07:50:00,421.5,421.5,421.15,421.25,68973
2025-07-08 07:55:00,421.2,421.4,421.15,421.25,57618
2025-07-08 08:00:00,421.25,421.3,420.9,421.05,128270
2025-07-08 08:05:00,421.05,421.3,420.95,421.05,58912
2025-07-08 08:10:00,421.0,421.4,420.95,421.3,78146
2025-07-08 08:15:00,421.25,421.4,421.05,421.1,68173
2025-07-08 08:20:00,421.1,421.25,421.0,421.15,67770
2025-07-08 08:25:00,421.1,421.25,421.0,421.1,72755
2025-07-08 08:30:00,421.15,421.45,421.0,421.35,127676
2025-07-08 08:35:00,421.35,421.45,421.05,421.15,74699
2025-07-08 08:40:00,421.2,421.5,421.0,421.1,142735
2025-07-08 08:45:00,421.05,421.4,420.65,420.65,130502
2025-07-08 08:50:00,420.75,420.95,420.25,420.75,213522
2025-07-08 08:55:00,420.75,421.0,420.45,420.85,97336
2025-07-08 09:00:00,420.9,421.0,420.65,420.95,138901
2025-07-08 09:05:00,420.85,420.95,420.6,420.8,121341
2025-07-08 09:10:00,420.8,421.0,420.8,420.95,79482
2025-07-08 09:15:00,420.9,421.25,420.8,421.15,123728
2025-07-08 09:20:00,421.15,421.3,420.8,421.0,201844
2025-07-08 09:25:00,421.0,421.4,420.85,421.3,293991
2025-07-08 09:30:00,421.35,421.5,421.0,421.5,457513
2025-07-08 09:35:00,421.5,422.0,421.45,421.95,514948
2025-07-08 09:40:00,421.95,422.9,421.85,422.65,536009
2025-07-08 09:45:00,422.6,422.95,422.0,422.45,706661
2025-07-08 09:50:00,422.4,422.4,421.85,422.05,377398
2025-07-08 09:55:00,422.05,422.5,422.0,422.4,270807
2025-07-09 03:45:00,423.95,424.0,421.35,422.7,855039
2025-07-09 03:50:00,422.7,422.95,421.75,421.8,402019
2025-07-09 03:55:00,421.7,422.25,421.4,421.9,265986
2025-07-09 04:00:00,421.9,422.2,421.1,421.4,248592
2025-07-09 04:05:00,421.5,421.6,420.6,420.75,188137
2025-07-09 04:10:00,420.75,420.8,420.2,420.45,165950
2025-07-09 04:15:00,420.45,420.9,420.3,420.6,88657
2025-07-09 04:20:00,420.5,421.4,420.5,421.1,84988
2025-07-09 04:25:00,421.2,421.9,420.75,421.35,127800
2025-07-09 04:30:00,421.35,421.5,421.0,421.15,125785
2025-07-09 04:35:00,421.15,421.85,421.05,421.6,101089
2025-07-09 04:40:00,421.7,422.25,421.5,421.5,181961
2025-07-09 04:45:00,421.5,422.4,421.5,421.7,160590
2025-07-09 04:50:00,421.7,422.2,421.6,422.05,214592
2025-07-09 04:55:00,422.05,422.05,421.4,421.7,122539
2025-07-09 05:00:00,421.6,421.8,421.0,421.4,192052
2025-07-09 05:05:00,421.55,421.55,421.0,421.05,84555
2025-07-09 05:10:00,421.1,421.1,420.5,420.85,117311
2025-07-09 05:15:00,420.95,421.1,420.6,420.7,115326
2025-07-09 05:20:00,420.7,421.1,420.6,420.8,83595
2025-07-09 05:25:00,420.75,420.8,420.5,420.5,79963
2025-07-09 05:30:00,420.55,420.75,420.5,420.55,75762
2025-07-09 05:35:00,420.5,420.6,420.5,420.55,65950
2025-07-09 05:40:00,420.55,420.65,420.25,420.4,124965
2025-07-09 05:45:00,420.4,421.2,420.4,421.1,121589
2025-07-09 05:50:00,421.0,421.2,420.75,421.0,216111
2025-07-09 05:55:00,421.15,421.5,420.65,420.75,338210
2025-07-09 06:00:00,420.75,421.1,420.65,420.75,87931
2025-07-09 06:05:00,420.8,420.8,420.35,420.4,64477
2025-07-09 06:10:00,420.35,420.55,420.3,420.4,95497
2025-07-09 06:15:00,420.45,420.6,420.35,420.35,100833
2025-07-09 06:20:00,420.4,420.75,420.1,420.6,180185
2025-07-09 06:25:00,420.65,421.15,420.5,420.8,128784
2025-07-09 06:30:00,420.85,420.85,420.45,420.8,105841
2025-07-09 06:35:00,420.65,420.8,420.55,420.65,113041
2025-07-09 06:40:00,420.65,420.8,420.6,420.6,101832
2025-07-09 06:45:00,420.7,420.85,420.5,420.5,102367
2025-07-09 06:50:00,420.5,420.7,420.35,420.5,112794
2025-07-09 06:55:00,420.4,420.6,420.05,420.3,194713
2025-07-09 07:00:00,420.4,420.4,420.0,420.15,133628
2025-07-09 07:05:00,420.15,420.2,420.0,420.1,107132
2025-07-09 07:10:00,420.1,420.2,420.0,420.05,94412
2025-07-09 07:15:00,420.0,420.05,419.55,420.0,185912
2025-07-09 07:20:00,420.05,420.05,419.85,419.9,95385
2025-07-09 07:25:00,419.9,420.0,419.65,419.75,115937
2025-07-09 07:30:00,419.85,419.9,419.35,419.5,158480
2025-07-09 07:35:00,419.5,419.7,419.25,419.35,137981
2025-07-09 07:40:00,419.35,419.6,419.15,419.4,121186
2025-07-09 07:45:00,419.4,419.4,418.95,419.0,157101
2025-07-09 07:50:00,419.0,419.1,418.65,418.75,160923
2025-07-09 07:55:00,418.75,418.85,418.45,418.55,350698
2025-07-09 08:00:00,418.6,418.7,418.4,418.7,166597
2025-07-09 08:05:00,418.7,418.7,418.15,418.2,159636
2025-07-09 08:10:00,418.2,418.3,418.0,418.1,156090
2025-07-09 08:15:00,418.1,418.2,418.0,418.05,148297
2025-07-09 08:20:00,418.05,418.4,417.9,418.4,183236
2025-07-09 08:25:00,418.25,418.4,417.9,417.95,380269
2025-07-09 08:30:00,417.95,418.25,417.7,417.95,201541
2025-07-09 08:35:00,417.95,417.95,417.45,417.75,129848
2025-07-09 08:40:00,417.75,418.0,417.55,418.0,108671
2025-07-09 08:45:00,417.95,418.0,417.5,417.7,168330
2025-07-09 08:50:00,417.7,417.8,417.3,417.35,167894
2025-07-09 08:55:00,417.3,417.35,416.5,416.6,378230
2025-07-09 09:00:00,416.6,417.0,416.5,416.8,247102
2025-07-09 09:05:00,416.9,417.5,416.8,417.45,196249
2025-07-09 09:10:00,417.5,417.7,416.75,416.9,191944
2025-07-09 09:15:00,416.85,417.0,416.7,416.9,140979
2025-07-09 09:20:00,416.9,417.4,416.5,417.2,273734
2025-07-09 09:25:00,417.2,417.75,417.05,417.7,293145
2025-07-09 09:30:00,417.65,417.95,417.1,417.5,703739
2025-07-09 09:35:00,417.3,417.7,417.25,417.55,310655
2025-07-09 09:40:00,417.55,417.75,417.4,417.55,415900
2025-07-09 09:45:00,417.5,417.6,417.3,417.55,679819
2025-07-09 09:50:00,417.55,418.25,417.5,418.0,509238
2025-07-09 09:55:00,418.0,418.6,417.95,418.55,418918
2025-07-10 03:45:00,418.45,419.5,415.6,416.05,1067280
2025-07-10 03:50:00,416.0,416.05,414.3,415.9,585314
2025-07-10 03:55:00,415.9,416.85,415.0,416.7,232878
2025-07-10 04:00:00,416.6,417.2,416.5,416.65,286703
2025-07-10 04:05:00,416.85,417.5,416.6,416.65,145837
2025-07-10 04:10:00,416.8,418.5,416.65,418.4,1806079
2025-07-10 04:15:00,418.4,418.4,417.3,417.7,220350
2025-07-10 04:20:00,417.7,417.8,416.9,417.05,131443
2025-07-10 04:25:00,417.0,418.0,416.9,417.9,86848
2025-07-10 04:30:00,417.85,418.45,417.65,418.15,132340
2025-07-10 04:35:00,418.2,418.2,417.5,417.6,68184
2025-07-10 04:40:00,417.55,417.65,417.35,417.5,54295
2025-07-10 04:45:00,417.45,417.8,417.3,417.5,80296
2025-07-10 04:50:00,417.5,417.8,417.4,417.8,89676
2025-07-10 04:55:00,417.8,417.95,417.1,417.25,97936
2025-07-10 05:00:00,417.25,417.55,416.45,416.8,150914
2025-07-10 05:05:00,416.8,417.25,416.8,416.9,60883
2025-07-10 05:10:00,417.0,417.0,416.4,416.65,57542
2025-07-10 05:15:00,416.6,416.65,415.7,415.75,172309
2025-07-10 05:20:00,415.8,415.8,415.0,415.45,314918
2025-07-10 05:25:00,415.45,416.0,415.35,415.35,139795
2025-07-10 05:30:00,415.4,415.7,415.0,415.0,152068
2025-07-10 05:35:00,415.1,415.1,414.4,414.7,248366
2025-07-10 05:40:00,414.55,415.2,414.5,415.05,148944
2025-07-10 05:45:00,415.05,415.15,414.85,415.05,65783
2025-07-10 05:50:00,415.05,415.4,414.25,414.95,410358
2025-07-10 05:55:00,415.0,415.25,414.7,415.2,126830
2025-07-10 06:00:00,415.2,415.3,415.0,415.15,84008
2025-07-10 06:05:00,415.15,415.75,415.1,415.6,214433
2025-07-10 06:10:00,415.6,415.8,415.25,415.25,101311
2025-07-10 06:15:00,415.2,415.65,415.2,415.45,73055
2025-07-10 06:20:00,415.45,415.75,415.3,415.55,73781
2025-07-10 06:25:00,415.6,415.7,415.45,415.45,56579
2025-07-10 06:30:00,415.45,415.7,415.15,415.15,54428
2025-07-10 06:35:00,415.2,415.3,414.9,415.0,86046
2025-07-10 06:40:00,414.9,415.25,414.75,415.15,59647
2025-07-10 06:45:00,415.25,415.35,415.05,415.1,66134
2025-07-10 06:50:00,415.1,415.8,415.05,415.6,128263
2025-07-10 06:55:00,415.6,415.8,415.3,415.75,114340
2025-07-10 07:00:00,415.8,415.9,415.25,415.3,114236
2025-07-10 07:05:00,415.25,415.4,415.0,415.0,110056
2025-07-10 07:10:00,415.0,415.1,414.8,414.85,83872
2025-07-10 07:15:00,414.85,415.0,414.7,414.7,114462
2025-07-10 07:20:00,414.75,414.95,414.25,414.25,184111
2025-07-10 07:25:00,414.25,414.3,413.25,414.3,561366
2025-07-10 07:30:00,414.25,414.3,413.5,413.6,141521
2025-07-10 07:35:00,413.55,413.65,413.05,413.1,138903
2025-07-10 07:40:00,413.25,413.3,412.6,413.0,245993
2025-07-10 07:45:00,413.2,413.35,412.75,413.3,144661
2025-07-10 07:50:00,413.3,413.45,412.6,412.65,139494
2025-07-10 07:55:00,412.65,412.75,411.8,412.5,536540
2025-07-10 08:00:00,412.6,413.0,412.35,412.8,157978
2025-07-10 08:05:00,412.8,412.9,412.5,412.55,92331
2025-07-10 08:10:00,412.55,412.75,412.0,412.0,129510
2025-07-10 08:15:00,412.05,412.1,411.5,411.9,286276
2025-07-10 08:20:00,411.85,412.6,411.8,412.2,276153
2025-07-10 08:25:00,412.2,412.55,411.7,411.7,181841
2025-07-10 08:30:00,411.7,411.85,411.5,411.65,142916
2025-07-10 08:35:00,411.75,412.2,411.5,411.55,598792
2025-07-10 08:40:00,411.5,411.65,410.65,411.0,390753
2025-07-10 08:45:00,411.0,411.05,410.5,410.6,217172
2025-07-10 08:50:00,410.55,411.9,410.55,411.55,309513
2025-07-10 08:55:00,411.65,412.15,411.5,411.95,243773
2025-07-10 09:00:00,412.0,412.5,411.85,412.4,208277
2025-07-10 09:05:00,412.45,413.45,412.4,413.1,314883
2025-07-10 09:10:00,413.05,413.75,413.0,413.6,284864
2025-07-10 09:15:00,413.7,414.0,412.65,413.2,340683
2025-07-10 09:20:00,413.15,413.25,412.85,413.1,147193
2025-07-10 09:25:00,413.0,413.9,413.0,413.85,261369
2025-07-10 09:30:00,413.8,414.0,413.6,413.95,443781
2025-07-10 09:35:00,413.9,414.0,413.25,413.6,414406
2025-07-10 09:40:00,413.75,413.8,413.0,413.25,400670
2025-07-10 09:45:00,413.15,413.7,413.05,413.65,633910
2025-07-10 09:50:00,413.65,413.65,413.15,413.25,384004
2025-07-10 09:55:00,413.35,413.45,413.15,413.3,281469
2025-07-11 03:45:00,411.0,413.2,410.55,411.3,614935
2025-07-11 03:50:00,411.35,412.8,410.85,412.5,375970
2025-07-11 03:55:00,412.5,412.5,410.85,411.0,268841
2025-07-11 04:00:00,411.0,411.3,410.2,410.2,413130
2025-07-11 04:05:00,410.3,410.75,409.65,410.4,338888
2025-07-11 04:10:00,410.35,411.0,410.35,410.9,130971
2025-07-11 04:15:00,410.85,410.9,410.1,410.9,139429
2025-07-11 04:20:00,410.7,410.8,409.5,409.8,329770
2025-07-11 04:25:00,409.85,409.9,408.5,408.8,442827
2025-07-11 04:30:00,408.75,408.75,407.5,407.65,430857
2025-07-11 04:35:00,407.7,407.95,407.25,407.7,242025
2025-07-11 04:40:00,407.7,407.7,406.45,406.85,491099
2025-07-11 04:45:00,406.75,407.4,406.45,406.9,275646
2025-07-11 04:50:00,406.85,407.0,406.15,406.5,265246
2025-07-11 04:55:00,406.55,406.85,406.2,406.45,181551
2025-07-11 05:00:00,406.5,406.55,405.1,405.35,384179
2025-07-11 05:05:00,405.4,406.5,405.1,406.5,337871
2025-07-11 05:10:00,406.5,406.7,405.9,406.05,221405
2025-07-11 05:15:00,406.05,406.45,405.75,406.35,102339
2025-07-11 05:20:00,406.45,407.55,406.35,407.45,242545
2025-07-11 05:25:00,407.45,407.5,406.75,406.85,117951
2025-07-11 05:30:00,406.8,407.1,406.55,406.85,122810
2025-07-11 05:35:00,406.85,407.4,406.8,407.4,165922
2025-07-11 05:40:00,407.3,408.35,407.3,408.1,355332
2025-07-11 05:45:00,408.0,409.0,407.75,408.6,378285
2025-07-11 05:50:00,408.9,409.25,408.6,408.85,244001
2025-07-11 05:55:00,408.85,409.1,408.5,409.1,167102
2025-07-11 06:00:00,409.1,409.7,408.7,409.55,177738
2025-07-11 06:05:00,409.55,410.25,409.5,409.85,216366
2025-07-11 06:10:00,409.9,410.4,409.35,409.5,306913
2025-07-11 06:15:00,409.4,409.9,409.1,409.1,395180
2025-07-11 06:20:00,409.35,410.0,409.05,409.95,201421
2025-07-11 06:25:00,409.95,410.0,409.6,409.85,93176
2025-07-11 06:30:00,409.9,409.9,409.15,409.5,82187
2025-07-11 06:35:00,409.5,409.9,409.2,409.8,67948
2025-07-11 06:40:00,409.85,410.0,409.55,409.9,80772
2025-07-11 06:45:00,409.95,409.95,409.6,409.6,58335
2025-07-11 06:50:00,409.6,409.75,409.35,409.5,54504
2025-07-11 06:55:00,409.55,409.8,409.5,409.8,84125
2025-07-11 07:00:00,409.8,410.9,409.75,410.85,274574
2025-07-11 07:05:00,410.85,411.3,410.6,410.7,188760
2025-07-11 07:10:00,410.7,411.7,410.65,411.2,142367
2025-07-11 07:15:00,411.2,412.0,411.2,411.8,148163
2025-07-11 07:20:00,411.8,412.7,411.5,411.7,265140
2025-07-11 07:25:00,411.65,412.0,411.5,411.7,74530
2025-07-11 07:30:00,411.7,411.75,411.2,411.4,101783
2025-07-11 07:35:00,411.35,411.5,410.6,410.65,157379
2025-07-11 07:40:00,410.65,411.5,410.65,411.3,80822
2025-07-11 07:45:00,411.35,412.45,411.25,412.2,153471
2025-07-11 07:50:00,412.25,412.45,411.7,411.85,94030
2025-07-11 07:55:00,411.85,412.25,411.65,411.65,80447
2025-07-11 08:00:00,411.85,412.0,411.45,411.55,66569
2025-07-11 08:05:00,411.4,411.8,411.25,411.35,66471
2025-07-11 08:10:00,411.5,411.5,411.0,411.1,134647
2025-07-11 08:15:00,411.1,411.65,410.85,411.3,142461
2025-07-11 08:20:00,411.3,411.55,411.2,411.45,55278
2025-07-11 08:25:00,411.4,411.45,411.0,411.1,67523
2025-07-11 08:30:00,411.2,411.2,410.95,411.0,94422
2025-07-11 08:35:00,411.0,411.1,410.35,410.4,83245
2025-07-11 08:40:00,410.4,411.1,410.0,410.6,116021
2025-07-11 08:45:00,410.7,410.8,410.3,410.35,56428
2025-07-11 08:50:00,410.35,410.35,409.9,410.25,102049
2025-07-11 08:55:00,410.25,410.25,409.95,410.05,53126
2025-07-11 09:00:00,409.85,410.2,409.75,409.9,104412
2025-07-11 09:05:00,409.9,409.95,409.5,409.65,132045
2025-07-11 09:10:00,409.65,410.05,409.5,410.05,212496
2025-07-11 09:15:00,410.05,410.75,409.8,410.6,87654
2025-07-11 09:20:00,410.55,410.7,410.0,410.05,102208
2025-07-11 09:25:00,410.0,410.45,409.7,410.2,156541
2025-07-11 09:30:00,410.25,410.3,409.7,409.75,256808
2025-07-11 09:35:00,409.85,410.0,409.6,409.85,232093
2025-07-11 09:40:00,409.8,409.85,409.35,409.5,323733
2025-07-11 09:45:00,409.6,409.7,408.6,408.95,398098
2025-07-11 09:50:00,408.95,409.25,408.6,408.9,415644
2025-07-11 09:55:00,408.95,409.5,408.75,409.0,356969
2025-07-14 03:45:00,405.5,407.9,405.15,407.4,1213471
2025-07-14 03:50:00,407.4,408.45,406.9,406.9,411825
2025-07-14 03:55:00,406.9,408.5,406.6,408.35,413089
2025-07-14 04:00:00,408.1,408.3,406.65,406.7,342830
2025-07-14 04:05:00,406.65,406.7,405.75,405.95,469682
2025-07-14 04:10:00,405.95,407.0,405.8,406.8,254632
2025-07-14 04:15:00,406.8,407.5,406.8,407.35,196242
2025-07-14 04:20:00,407.25,408.0,406.75,407.65,208932
2025-07-14 04:25:00,407.65,408.0,407.2,407.8,132565
2025-07-14 04:30:00,407.95,408.5,407.55,408.3,237729
2025-07-14 04:35:00,408.1,408.25,407.25,408.05,140647
2025-07-14 04:40:00,408.2,409.5,408.0,409.5,277670
2025-07-14 04:45:00,409.5,409.5,408.35,408.65,196897
2025-07-14 04:50:00,408.85,409.7,408.6,409.4,214127
2025-07-14 04:55:00,409.35,410.35,408.5,408.7,1458228
2025-07-14 05:00:00,408.7,408.8,408.0,408.1,246707
2025-07-14 05:05:00,408.1,408.35,407.65,407.8,186735
2025-07-14 05:10:00,407.85,408.5,407.65,408.5,155983
2025-07-14 05:15:00,408.5,408.5,407.85,408.35,160306
2025-07-14 05:20:00,408.25,408.65,407.65,407.85,153672
2025-07-14 05:25:00,407.85,408.1,407.25,407.4,151262
2025-07-14 05:30:00,407.4,408.1,407.15,407.6,96415
2025-07-14 05:35:00,407.5,408.0,407.4,407.65,129058
2025-07-14 05:40:00,407.7,407.7,407.05,407.15,106942
2025-07-14 05:45:00,407.1,407.45,407.0,407.25,111957
2025-07-14 05:50:00,407.15,407.2,406.8,406.9,197449
2025-07-14 05:55:00,406.9,406.95,406.3,406.8,148463
2025-07-14 06:00:00,406.8,407.45,406.65,406.75,149393
2025-07-14 06:05:00,406.8,406.95,406.5,406.8,144843
2025-07-14 06:10:00,406.9,407.05,406.5,406.6,104016
2025-07-14 06:15:00,406.6,407.15,406.55,406.95,1082744
2025-07-14 06:20:00,407.0,407.25,406.65,407.0,96141
2025-07-14 06:25:00,407.05,407.2,406.8,406.9,90972
2025-07-14 06:30:00,406.95,406.95,406.5,406.65,91504
2025-07-14 06:35:00,406.6,406.75,406.35,406.7,108074
2025-07-14 06:40:00,406.7,406.75,406.1,406.2,111645
2025-07-14 06:45:00,406.2,406.9,406.2,406.6,106807
2025-07-14 06:50:00,406.75,406.75,406.15,406.4,109662
2025-07-14 06:55:00,406.4,406.5,406.15,406.25,95778
2025-07-14 07:00:00,406.2,406.85,406.1,406.65,132908
2025-07-14 07:05:00,406.65,406.65,406.3,406.4,86584
2025-07-14 07:10:00,406.4,407.25,406.3,407.05,132687
2025-07-14 07:15:00,407.05,407.6,407.0,407.1,107079
2025-07-14 07:20:00,407.15,407.25,406.95,407.05,104934
2025-07-14 07:25:00,407.1,407.35,407.0,407.25,86773
2025-07-14 07:30:00,407.25,408.1,407.2,407.75,130092
2025-07-14 07:35:00,407.75,407.8,406.5,406.9,150839
2025-07-14 07:40:00,406.8,407.65,406.8,407.35,114781
2025-07-14 07:45:00,407.35,408.25,407.35,408.15,139061
2025-07-14 07:50:00,408.25,408.8,408.1,408.8,139538
2025-07-14 07:55:00,408.8,409.0,408.35,408.65,137853
2025-07-14 08:00:00,408.5,408.75,408.35,408.55,117406
2025-07-14 08:05:00,408.5,408.7,408.15,408.35,138982
2025-07-14 08:10:00,408.35,408.65,408.1,408.6,121890
2025-07-14 08:15:00,408.65,408.75,408.2,408.35,120641
2025-07-14 08:20:00,408.35,408.45,408.0,408.15,117185
2025-07-14 08:25:00,408.15,408.25,406.6,407.0,384466
2025-07-14 08:30:00,407.0,407.2,406.85,407.1,102552
2025-07-14 08:35:00,407.1,407.45,407.0,407.25,105120
2025-07-14 08:40:00,407.35,407.6,407.1,407.55,92111
2025-07-14 08:45:00,407.6,407.9,407.35,407.8,104377
2025-07-14 08:50:00,407.85,407.9,407.5,407.75,84618
2025-07-14 08:55:00,407.75,408.25,407.75,407.95,175513
2025-07-14 09:00:00,407.95,408.1,407.5,407.5,113671
2025-07-14 09:05:00,407.55,408.25,407.5,407.75,141166
2025-07-14 09:10:00,407.8,408.0,407.6,407.7,122105
2025-07-14 09:15:00,407.8,407.95,407.35,407.5,153089
2025-07-14 09:20:00,407.5,408.0,407.25,407.85,159364
2025-07-14 09:25:00,407.85,408.5,407.75,408.35,178431
2025-07-14 09:30:00,408.3,408.45,407.95,407.95,354997
2025-07-14 09:35:00,407.9,407.95,407.3,407.4,1004228
2025-07-14 09:40:00,407.45,407.45,407.0,407.15,408697
2025-07-14 09:45:00,407.1,407.15,406.7,406.75,771631
2025-07-14 09:50:00,406.75,407.55,406.7,407.3,513605
2025-07-14 09:55:00,407.25,407.7,407.25,407.5,485537
2025-07-15 03:45:00,408.5,410.0,407.8,410.0,507863
2025-07-15 03:50:00,410.1,411.05,409.55,410.65,660869
2025-07-15 03:55:00,410.65,410.75,409.4,409.8,381514
2025-07-15 04:00:00,410.0,411.0,409.9,411.0,262806
2025-07-15 04:05:00,410.9,411.4,410.5,410.6,315290
2025-07-15 04:10:00,410.5,410.6,409.35,409.8,222474
2025-07-15 04:15:00,409.95,410.0,409.05,410.0,172764
2025-07-15 04:20:00,409.95,410.9,409.75,409.75,149914
2025-07-15 04:25:00,409.85,410.7,409.8,410.6,118420
2025-07-15 04:30:00,410.7,410.8,410.1,410.8,114541
2025-07-15 04:35:00,410.8,411.95,410.75,411.8,338456
2025-07-15 04:40:00,411.9,412.9,411.75,412.0,329903
2025-07-15 04:45:00,412.0,412.45,410.7,411.3,215526
2025-07-15 04:50:00,411.35,411.45,410.6,410.75,129913
2025-07-15 04:55:00,410.75,411.0,410.35,410.7,111642
2025-07-15 05:00:00,410.7,411.0,410.5,410.55,87488
2025-07-15 05:05:00,410.5,410.6,410.3,410.4,99599
2025-07-15 05:10:00,410.4,410.8,410.25,410.65,71004
2025-07-15 05:15:00,410.8,410.95,410.2,410.4,140380
2025-07-15 05:20:00,410.4,410.95,410.35,410.55,93457
2025-07-15 05:25:00,410.65,410.9,410.55,410.9,49300
2025-07-15 05:30:00,410.7,411.3,410.7,411.05,101657
2025-07-15 05:35:00,411.0,411.4,411.0,411.25,117929
2025-07-15 05:40:00,411.3,411.7,410.1,410.15,172410
2025-07-15 05:45:00,410.2,411.2,410.1,410.65,90282
2025-07-15 05:50:00,410.65,410.95,410.25,410.6,46587
2025-07-15 05:55:00,410.6,410.6,410.1,410.1,70713
2025-07-15 06:00:00,410.1,410.5,410.05,410.45,44637
2025-07-15 06:05:00,410.5,410.6,410.0,410.55,299938
2025-07-15 06:10:00,410.6,410.8,410.35,410.75,58603
2025-07-15 06:15:00,410.75,410.8,410.25,410.3,48236
2025-07-15 06:20:00,410.25,410.3,409.35,409.4,152307
2025-07-15 06:25:00,409.2,409.8,409.15,409.6,275118
2025-07-15 06:30:00,409.65,409.9,409.2,409.45,630002
2025-07-15 06:35:00,409.25,409.85,409.25,409.65,52166
2025-07-15 06:40:00,409.55,409.75,409.45,409.75,59710
2025-07-15 06:45:00,409.6,410.0,409.6,409.75,61264
2025-07-15 06:50:00,409.6,409.85,409.0,409.25,351782
2025-07-15 06:55:00,409.2,409.8,409.2,409.6,69579
2025-07-15 07:00:00,409.6,409.8,409.5,409.55,82961
2025-07-15 07:05:00,409.6,409.75,409.5,409.65,75754
2025-07-15 07:10:00,409.55,409.7,409.5,409.55,73544
2025-07-15 07:15:00,409.55,409.7,409.3,409.35,94683
2025-07-15 07:20:00,409.55,409.6,409.3,409.4,60754
2025-07-15 07:25:00,409.5,409.65,409.25,409.35,76358
2025-07-15 07:30:00,409.5,409.7,409.25,409.55,127680
2025-07-15 07:35:00,409.55,409.7,409.35,409.65,79866
2025-07-15 07:40:00,409.5,409.7,409.3,409.55,80141
2025-07-15 07:45:00,409.55,409.6,409.2,409.2,104521
2025-07-15 07:50:00,409.35,409.5,409.0,409.1,94143
2025-07-15 07:55:00,409.1,409.2,408.65,408.75,129927
2025-07-15 08:00:00,408.85,408.95,408.25,408.25,117794
2025-07-15 08:05:00,408.45,408.8,408.3,408.45,115690
2025-07-15 08:10:00,408.45,408.9,408.4,408.5,116520
2025-07-15 08:15:00,408.5,408.5,408.0,408.4,134362
2025-07-15 08:20:00,408.4,408.6,408.05,408.5,98859
2025-07-15 08:25:00,408.6,408.7,408.2,408.55,72319
2025-07-15 08:30:00,408.55,408.55,408.1,408.2,68698
2025-07-15 08:35:00,408.1,408.5,408.0,408.15,125920
2025-07-15 08:40:00,408.25,408.65,408.2,408.6,85336
2025-07-15 08:45:00,408.6,408.8,408.5,408.65,80784
2025-07-15 08:50:00,408.55,408.8,408.45,408.5,99192
2025-07-15 08:55:00,408.45,408.75,408.35,408.65,94590
2025-07-15 09:00:00,408.65,409.15,408.5,409.1,145192
2025-07-15 09:05:00,409.1,409.25,408.8,408.9,140314
2025-07-15 09:10:00,409.05,409.25,408.85,409.0,101812
2025-07-15 09:15:00,409.1,409.2,408.75,408.8,110651
2025-07-15 09:20:00,408.9,408.95,408.4,408.45,158010
2025-07-15 09:25:00,408.45,408.6,408.25,408.45,115336
2025-07-15 09:30:00,408.4,409.1,408.4,408.65,272622
2025-07-15 09:35:00,408.6,409.0,408.55,408.9,213327
2025-07-15 09:40:00,408.95,409.25,408.85,409.0,279913
2025-07-15 09:45:00,409.05,409.05,408.7,408.9,373906
2025-07-15 09:50:00,408.95,409.35,408.85,409.1,274857
2025-07-15 09:55:00,409.15,409.4,409.05,409.4,213674
2025-07-16 03:45:00,409.4,410.3,408.35,409.95,459211
2025-07-16 03:50:00,409.95,410.2,409.5,409.85,290735
2025-07-16 03:55:00,409.6,409.8,408.4,408.85,286673
2025-07-16 04:00:00,408.95,409.3,408.6,409.25,206729
2025-07-16 04:05:00,409.25,409.85,408.8,409.35,98060
2025-07-16 04:10:00,409.3,409.35,408.75,408.95,91699
2025-07-16 04:15:00,408.95,409.4,408.6,409.2,124052
2025-07-16 04:20:00,409.4,409.5,409.1,409.45,63945
2025-07-16 04:25:00,409.3,409.45,408.85,409.15,56636
2025-07-16 04:30:00,409.15,409.4,408.8,409.1,63253
2025-07-16 04:35:00,409.05,409.35,408.8,408.8,49736
2025-07-16 04:40:00,408.9,408.9,408.45,408.75,85625
2025-07-16 04:45:00,408.65,408.8,408.4,408.8,56604
2025-07-16 04:50:00,408.8,409.0,408.6,408.65,76671
2025-07-16 04:55:00,408.85,409.25,408.65,409.25,51268
2025-07-16 05:00:00,409.15,409.5,408.85,408.95,66826
2025-07-16 05:05:00,409.05,409.3,408.55,408.8,62228
2025-07-16 05:10:00,408.6,408.9,408.55,408.75,175289
2025-07-16 05:15:00,408.6,408.75,408.55,408.6,46767
2025-07-16 05:20:00,408.7,408.9,408.1,408.2,397620
2025-07-16 05:25:00,408.15,408.65,408.05,408.4,83038
2025-07-16 05:30:00,408.5,408.65,408.15,408.5,50025
2025-07-16 05:35:00,408.6,408.65,408.05,408.5,90258
2025-07-16 05:40:00,408.5,408.55,407.55,408.0,160337
2025-07-16 05:45:00,408.0,408.0,407.25,407.4,90436
2025-07-16 05:50:00,407.4,407.55,407.1,407.35,73899
2025-07-16 05:55:00,407.55,407.9,407.15,407.75,104290
2025-07-16 06:00:00,407.75,407.85,407.55,407.8,37102
2025-07-16 06:05:00,407.8,408.0,407.7,407.75,40802
2025-07-16 06:10:00,407.85,407.95,407.6,407.75,36028
2025-07-16 06:15:00,407.75,407.85,407.25,407.7,131971
2025-07-16 06:20:00,407.85,408.65,407.7,408.55,246033
2025-07-16 06:25:00,408.6,408.6,407.65,407.65,231972
2025-07-16 06:30:00,407.6,408.0,407.6,407.8,55320
2025-07-16 06:35:00,407.85,407.95,407.7,407.75,44286
2025-07-16 06:40:00,407.9,407.95,407.7,407.7,49300
2025-07-16 06:45:00,407.7,407.95,407.7,407.85,37087
2025-07-16 06:50:00,407.9,407.95,407.2,407.2,100192
2025-07-16 06:55:00,407.2,407.4,406.85,407.05,423742
2025-07-16 07:00:00,407.1,407.4,406.9,407.25,154494
2025-07-16 07:05:00,407.25,407.4,407.0,407.2,72726
2025-07-16 07:10:00,407.2,407.5,407.0,407.35,125235
2025-07-16 07:15:00,407.15,407.8,407.15,407.5,140643
2025-07-16 07:20:00,407.45,407.65,407.35,407.35,51869
2025-07-16 07:25:00,407.35,407.6,407.25,407.35,60430
2025-07-16 07:30:00,407.3,407.6,407.3,407.45,64835
2025-07-16 07:35:00,407.45,407.65,407.35,407.55,48211
2025-07-16 07:40:00,407.4,407.6,407.35,407.45,48788
2025-07-16 07:45:00,407.4,407.65,407.4,407.55,63774
2025-07-16 07:50:00,407.5,407.65,407.35,407.55,63301
2025-07-16 07:55:00,407.5,407.6,406.55,406.95,137853
2025-07-16 08:00:00,406.95,407.0,406.5,406.7,108992
2025-07-16 08:05:00,406.65,406.95,406.5,406.75,218857
2025-07-16 08:10:00,406.7,407.0,406.5,406.9,234730
2025-07-16 08:15:00,406.8,406.95,406.7,406.95,67923
2025-07-16 08:20:00,406.8,407.1,406.7,406.9,83236
2025-07-16 08:25:00,406.8,407.0,406.7,406.75,62530
2025-07-16 08:30:00,406.75,406.9,406.7,406.9,47928
2025-07-16 08:35:00,406.85,407.0,406.7,406.8,51416
2025-07-16 08:40:00,406.8,407.4,406.7,407.25,77784
2025-07-16 08:45:00,407.2,407.25,406.9,407.1,76269
2025-07-16 08:50:00,407.1,407.1,406.8,406.85,58855
2025-07-16 08:55:00,406.95,407.0,406.8,407.0,66329
2025-07-16 09:00:00,407.0,407.1,406.5,406.55,105527
2025-07-16 09:05:00,406.65,406.85,406.5,406.7,77424
2025-07-16 09:10:00,406.7,406.95,406.55,406.75,62346
2025-07-16 09:15:00,406.75,407.1,406.7,406.8,90858
2025-07-16 09:20:00,406.95,406.95,406.7,406.7,71735
2025-07-16 09:25:00,406.75,407.1,406.7,407.05,92485
2025-07-16 09:30:00,407.1,407.1,406.55,406.65,119999
2025-07-16 09:35:00,406.6,406.85,406.25,406.35,176591
2025-07-16 09:40:00,406.4,406.7,406.15,406.35,307999
2025-07-16 09:45:00,406.35,406.4,405.5,405.85,384755
2025-07-16 09:50:00,406.05,406.3,405.75,406.0,279902
2025-07-16 09:55:00,406.0,406.1,405.7,405.75,311280
2025-07-17 03:45:00,406.15,408.2,405.25,408.15,425566
2025-07-17 03:50:00,408.15,408.7,407.35,407.9,338374
2025-07-17 03:55:00,407.9,407.95,407.25,407.65,103338
2025-07-17 04:00:00,407.75,407.95,407.4,407.55,86037
2025-07-17 04:05:00,407.5,407.6,406.9,407.45,131032
2025-07-17 04:10:00,407.45,407.9,407.05,407.65,153076
2025-07-17 04:15:00,407.7,407.95,407.3,407.85,76338
2025-07-17 04:20:00,407.85,407.85,407.55,407.85,46545
2025-07-17 04:25:00,407.75,408.2,407.65,407.9,88323
2025-07-17 04:30:00,407.85,408.0,407.6,408.0,27749
2025-07-17 04:35:00,408.0,408.0,407.5,407.75,61944
2025-07-17 04:40:00,407.75,407.8,407.0,407.1,57733
2025-07-17 04:45:00,407.1,407.6,406.9,407.6,49354
2025-07-17 04:50:00,407.6,408.0,407.55,407.55,39609
2025-07-17 04:55:00,407.6,407.75,407.4,407.5,26168
2025-07-17 05:00:00,407.45,407.5,407.15,407.5,37258
2025-07-17 05:05:00,407.3,407.5,407.05,407.1,33660
2025-07-17 05:10:00,407.1,407.3,406.85,406.95,46274
2025-07-17 05:15:00,406.95,407.5,406.85,407.4,18603
2025-07-17 05:20:00,407.5,407.5,406.7,406.9,144811
2025-07-17 05:25:00,406.8,406.9,406.4,406.5,72753
2025-07-17 05:30:00,406.5,407.35,406.5,407.0,226150
2025-07-17 05:35:00,406.9,407.15,406.5,406.5,129153
2025-07-17 05:40:00,406.55,407.1,406.5,406.7,147171
2025-07-17 05:45:00,406.75,406.75,406.5,406.55,34000
2025-07-17 05:50:00,406.7,406.7,406.55,406.55,28192
2025-07-17 05:55:00,406.55,406.85,406.55,406.7,31925
2025-07-17 06:00:00,406.8,406.9,406.6,406.7,36831
2025-07-17 06:05:00,406.65,406.8,406.55,406.65,46130
2025-07-17 06:10:00,406.65,406.7,406.05,406.15,104295
2025-07-17 06:15:00,406.1,406.2,406.0,406.1,83980
2025-07-17 06:20:00,406.05,406.55,406.05,406.5,52227
2025-07-17 06:25:00,406.5,406.55,406.2,406.3,38051
2025-07-17 06:30:00,406.3,406.4,405.9,405.9,61266
2025-07-17 06:35:00,405.9,406.0,405.0,405.25,212689
2025-07-17 06:40:00,405.25,405.3,404.15,404.6,330416
2025-07-17 06:45:00,404.6,404.7,404.05,404.05,98930
2025-07-17 06:50:00,404.15,404.5,403.4,403.8,279844
2025-07-17 06:55:00,403.85,404.0,403.05,404.0,269185
2025-07-17 07:00:00,403.95,404.4,403.7,404.4,98697
2025-07-17 07:05:00,404.45,404.45,404.1,404.25,65685
2025-07-17 07:10:00,404.25,405.0,404.0,404.85,123462
2025-07-17 07:15:00,404.85,405.35,404.75,405.1,138457
2025-07-17 07:20:00,405.0,405.2,404.8,405.1,84026
2025-07-17 07:25:00,405.1,405.25,404.75,404.9,72101
2025-07-17 07:30:00,404.8,405.35,404.65,405.1,108222
2025-07-17 07:35:00,405.05,405.2,404.7,404.75,71712
2025-07-17 07:40:00,404.7,404.85,404.15,404.2,116745
2025-07-17 07:45:00,404.35,404.6,404.15,404.3,47775
2025-07-17 07:50:00,404.25,404.5,404.2,404.45,50363
2025-07-17 07:55:00,404.3,404.5,404.05,404.2,61048
2025-07-17 08:00:00,404.3,404.45,404.2,404.35,42793
2025-07-17 08:05:00,404.4,404.7,404.3,404.45,42172
2025-07-17 08:10:00,404.6,404.7,404.35,404.55,54253
2025-07-17 08:15:00,404.5,404.65,404.3,404.35,61047
2025-07-17 08:20:00,404.3,404.85,404.1,404.3,101004
2025-07-17 08:25:00,404.15,404.3,404.05,404.2,49077
2025-07-17 08:30:00,404.2,404.25,404.1,404.15,38460
2025-07-17 08:35:00,404.15,404.45,404.1,404.2,49511
2025-07-17 08:40:00,404.2,404.3,404.05,404.05,56616
2025-07-17 08:45:00,404.1,404.6,404.05,404.35,78135
2025-07-17 08:50:00,404.5,404.5,404.2,404.2,40571
2025-07-17 08:55:00,404.35,404.4,403.85,403.85,112485
2025-07-17 09:00:00,403.85,404.2,403.7,403.95,123367
2025-07-17 09:05:00,403.95,404.45,403.85,404.45,85663
2025-07-17 09:10:00,404.4,404.5,404.05,404.35,65756
2025-07-17 09:15:00,404.35,404.35,404.0,404.15,92661
2025-07-17 09:20:00,404.15,404.2,404.0,404.15,70613
2025-07-17 09:25:00,404.05,404.4,404.05,404.3,139099
2025-07-17 09:30:00,404.25,404.4,404.05,404.25,155644
2025-07-17 09:35:00,404.2,404.5,404.2,404.5,243513
2025-07-17 09:40:00,404.5,404.6,404.35,404.4,166412
2025-07-17 09:45:00,404.4,404.5,404.2,404.3,268492
2025-07-17 09:50:00,404.25,404.3,403.75,403.8,237464
2025-07-17 09:55:00,403.85,404.4,403.8,404.4,226508
2025-07-18 03:45:00,404.25,406.75,404.15,406.75,490758
2025-07-18 03:50:00,406.6,406.95,404.95,405.0,214391
2025-07-18 03:55:00,405.0,405.95,404.85,405.65,178167
2025-07-18 04:00:00,405.5,405.9,403.75,403.85,354757
2025-07-18 04:05:00,403.9,404.0,403.5,403.75,199196
2025-07-18 04:10:00,403.75,404.3,403.15,403.35,207884
2025-07-18 04:15:00,403.2,403.25,401.6,402.3,1649643
2025-07-18 04:20:00,402.2,402.3,401.6,401.85,267478
2025-07-18 04:25:00,402.0,402.0,400.65,401.2,495898
2025-07-18 04:30:00,401.2,401.4,400.0,400.7,402183
2025-07-18 04:35:00,400.6,400.8,400.0,400.3,238290
2025-07-18 04:40:00,400.25,400.35,399.15,399.5,270934
2025-07-18 04:45:00,399.45,399.85,398.1,398.35,566724
2025-07-18 04:50:00,398.25,399.55,398.2,398.75,407708
2025-07-18 04:55:00,398.6,398.7,398.0,398.1,260117
2025-07-18 05:00:00,398.0,398.2,397.45,397.7,380041
2025-07-18 05:05:00,397.8,398.8,397.65,398.45,189138
2025-07-18 05:10:00,398.5,398.5,398.0,398.0,140691
2025-07-18 05:15:00,398.1,398.2,397.75,397.85,149732
2025-07-18 05:20:00,397.75,399.0,397.65,398.7,172326
2025-07-18 05:25:00,398.7,399.0,398.4,398.6,228170
2025-07-18 05:30:00,398.4,399.0,398.3,398.95,160089
2025-07-18 05:35:00,398.95,399.0,398.55,398.85,169383
2025-07-18 05:40:00,398.85,399.0,398.6,398.95,165697
2025-07-18 05:45:00,399.0,399.85,398.9,399.6,224941
2025-07-18 05:50:00,399.6,399.95,399.45,399.6,153190
2025-07-18 05:55:00,399.65,400.0,399.5,399.7,164890
2025-07-18 06:00:00,399.7,399.9,399.2,399.3,140652
2025-07-18 06:05:00,399.25,399.25,398.4,398.45,164226
2025-07-18 06:10:00,398.4,398.8,397.7,397.85,344919
2025-07-18 06:15:00,397.85,398.2,397.7,397.95,161866
2025-07-18 06:20:00,397.9,398.2,397.8,398.1,205135
2025-07-18 06:25:00,398.1,398.1,397.2,397.45,231139
2025-07-18 06:30:00,397.4,397.5,397.2,397.25,138025
2025-07-18 06:35:00,397.25,397.4,397.15,397.35,137457
2025-07-18 06:40:00,397.3,397.4,397.15,397.3,165862
2025-07-18 06:45:00,397.3,397.35,396.65,396.75,273860
2025-07-18 06:50:00,396.9,397.1,396.2,396.2,321458
2025-07-18 06:55:00,396.25,396.4,396.0,396.15,297227
2025-07-18 07:00:00,396.2,396.5,396.05,396.1,159102
2025-07-18 07:05:00,396.1,396.35,395.65,396.2,404694
2025-07-18 07:10:00,396.3,396.35,395.9,396.0,149067
2025-07-18 07:15:00,395.9,396.0,395.6,395.95,175585
2025-07-18 07:20:00,395.95,396.0,395.65,395.75,110309
2025-07-18 07:25:00,395.85,396.55,395.7,396.55,130075
2025-07-18 07:30:00,396.45,397.45,396.45,396.95,236990
2025-07-18 07:35:00,396.9,397.0,396.6,396.85,122025
2025-07-18 07:40:00,396.8,397.0,396.65,397.0,105291
2025-07-18 07:45:00,397.0,397.2,396.65,396.8,163067
2025-07-18 07:50:00,396.8,396.95,396.5,396.55,154841
2025-07-18 07:55:00,396.5,396.75,396.2,396.55,219494
2025-07-18 08:00:00,396.65,396.95,396.5,396.75,97676
2025-07-18 08:05:00,396.75,396.9,396.55,396.8,92941
2025-07-18 08:10:00,396.8,397.2,396.65,397.2,129872
2025-07-18 08:15:00,397.15,397.2,396.25,396.3,115130
2025-07-18 08:20:00,396.3,396.45,395.85,395.9,175232
2025-07-18 08:25:00,395.95,396.5,395.7,396.05,205911
2025-07-18 08:30:00,396.05,396.3,395.95,396.25,123031
2025-07-18 08:35:00,396.25,396.4,396.1,396.25,97202
2025-07-18 08:40:00,396.3,396.4,395.6,395.6,148970
2025-07-18 08:45:00,395.6,395.7,395.05,395.2,301261
2025-07-18 08:50:00,395.3,395.4,395.05,395.3,157933
2025-07-18 08:55:00,395.35,395.5,395.05,395.4,197769
2025-07-18 09:00:00,395.4,396.1,395.3,396.05,254540
2025-07-18 09:05:00,396.0,396.15,395.55,395.65,238886
2025-07-18 09:10:00,395.65,396.1,395.6,395.8,224443
2025-07-18 09:15:00,395.75,395.85,395.2,395.25,261057
2025-07-18 09:20:00,395.3,395.3,395.0,395.1,271245
2025-07-18 09:25:00,395.05,395.25,395.05,395.1,284179
2025-07-18 09:30:00,395.35,395.75,395.15,395.15,472361
2025-07-18 09:35:00,395.1,395.2,394.6,394.8,690454
2025-07-18 09:40:00,394.8,394.95,394.65,394.75,755031
2025-07-18 09:45:00,394.7,395.0,394.45,394.7,987590
2025-07-18 09:50:00,394.7,395.0,394.55,394.65,775071
2025-07-18 09:55:00,394.6,394.65,394.15,394.6,889158
2025-07-21 03:45:00,394.6,394.75,391.8,393.05,656469
2025-07-21 03:50:00,393.05,393.85,392.25,392.4,299948
2025-07-21 03:55:00,392.4,394.4,391.1,394.25,510367
2025-07-21 04:00:00,394.25,394.5,392.45,392.5,209825
2025-07-21 04:05:00,392.8,393.5,392.15,392.3,162515
2025-07-21 04:10:00,392.45,393.1,392.25,392.6,201143
2025-07-21 04:15:00,392.6,394.9,392.5,394.4,315473
2025-07-21 04:20:00,394.4,394.55,393.1,393.3,129023
2025-07-21 04:25:00,393.4,394.25,393.4,394.1,129000
2025-07-21 04:30:00,394.1,394.35,393.8,394.05,99417
2025-07-21 04:35:00,394.1,395.45,393.75,395.2,308393
2025-07-21 04:40:00,395.3,396.05,395.2,395.9,322194
2025-07-21 04:45:00,395.85,396.85,395.35,396.75,245518
2025-07-21 04:50:00,396.85,398.0,396.8,397.4,395843
2025-07-21 04:55:00,397.3,398.5,397.2,398.45,281067
2025-07-21 05:00:00,398.45,400.2,398.25,399.95,479830
2025-07-21 05:05:00,400.0,400.9,398.4,398.95,461711
2025-07-21 05:10:00,398.8,399.2,398.2,399.0,218627
2025-07-21 05:15:00,398.95,399.6,398.8,399.25,186582
2025-07-21 05:20:00,399.2,399.3,398.25,398.45,130520
2025-07-21 05:25:00,398.5,398.6,397.85,398.5,180792
2025-07-21 05:30:00,398.5,398.85,398.1,398.35,69893
2025-07-21 05:35:00,398.35,398.85,398.3,398.65,64047
2025-07-21 05:40:00,398.65,398.9,398.4,398.75,64387
2025-07-21 05:45:00,398.75,398.75,397.65,397.9,113393
2025-07-21 05:50:00,397.8,398.0,397.55,397.55,77097
2025-07-21 05:55:00,397.55,398.0,397.55,397.95,42122
2025-07-21 06:00:00,397.9,398.45,397.9,398.4,107357
2025-07-21 06:05:00,398.3,398.55,397.8,397.9,68706
2025-07-21 06:10:00,397.85,398.0,397.3,397.65,87275
2025-07-21 06:15:00,397.65,397.8,397.5,397.55,35753
2025-07-21 06:20:00,397.5,398.25,397.5,398.2,55624
2025-07-21 06:25:00,398.2,399.25,398.2,399.0,113822
2025-07-21 06:30:00,399.05,399.1,398.4,398.65,63690
2025-07-21 06:35:00,398.65,399.25,398.6,399.15,96870
2025-07-21 06:40:00,399.2,399.65,399.1,399.35,110838
2025-07-21 06:45:00,399.35,399.4,398.6,398.8,65633
2025-07-21 06:50:00,398.9,399.1,398.7,398.75,57450
2025-07-21 06:55:00,398.75,399.0,398.7,398.75,37968
2025-07-21 07:00:00,398.75,398.95,398.15,398.9,71809
2025-07-21 07:05:00,398.95,399.4,398.8,399.3,88096
2025-07-21 07:10:00,399.35,399.35,398.9,399.0,63226
2025-07-21 07:15:00,399.0,399.35,398.9,398.95,129038
2025-07-21 07:20:00,399.0,399.15,398.6,398.8,89799
2025-07-21 07:25:00,398.8,399.25,398.25,398.35,93454
2025-07-21 07:30:00,398.25,399.3,398.25,399.2,66474
2025-07-21 07:35:00,399.25,399.3,398.6,398.7,59292
2025-07-21 07:40:00,398.6,398.7,398.05,398.2,153727
2025-07-21 07:45:00,398.25,398.55,398.05,398.45,92682
2025-07-21 07:50:00,398.45,398.55,398.25,398.35,141852
2025-07-21 07:55:00,398.3,398.5,398.2,398.35,83215
2025-07-21 08:00:00,398.35,398.5,398.15,398.35,105294
2025-07-21 08:05:00,398.4,398.75,398.15,398.3,94687
2025-07-21 08:10:00,398.35,398.55,397.65,397.7,131081
2025-07-21 08:15:00,397.7,397.8,397.3,397.55,148831
2025-07-21 08:20:00,397.55,397.85,397.25,397.6,121096
2025-07-21 08:25:00,397.6,397.75,397.05,397.5,127526
2025-07-21 08:30:00,397.5,397.75,397.3,397.45,149339
2025-07-21 08:35:00,397.4,398.1,397.4,398.05,102165
2025-07-21 08:40:00,398.0,398.6,397.65,397.85,137130
2025-07-21 08:45:00,397.8,397.85,397.6,397.75,82448
2025-07-21 08:50:00,397.8,398.15,397.65,397.95,96836
2025-07-21 08:55:00,398.0,398.2,397.85,398.1,104452
2025-07-21 09:00:00,398.1,398.45,398.0,398.15,105159
2025-07-21 09:05:00,398.1,398.1,397.5,397.95,131050
2025-07-21 09:10:00,397.9,398.3,397.75,398.25,150826
2025-07-21 09:15:00,398.2,398.5,398.15,398.5,120952
2025-07-21 09:20:00,398.5,399.35,398.35,399.05,168475
2025-07-21 09:25:00,399.05,399.25,398.9,399.1,120792
2025-07-21 09:30:00,399.2,399.9,399.1,399.85,481307
2025-07-21 09:35:00,399.85,400.05,399.8,400.05,344682
2025-07-21 09:40:00,400.05,400.05,399.5,399.75,370303
2025-07-21 09:45:00,399.75,400.0,399.7,399.95,385994
2025-07-21 09:50:00,399.95,400.15,399.9,400.0,446679
2025-07-21 09:55:00,400.0,400.95,399.95,400.7,361124
2025-07-22 03:45:00,403.0,403.0,400.75,402.8,718159
2025-07-22 03:50:00,402.8,402.85,401.9,402.65,326835
2025-07-22 03:55:00,402.65,402.65,401.55,401.55,165807
2025-07-22 04:00:00,401.55,403.5,401.5,403.2,293979
2025-07-22 04:05:00,403.3,403.6,402.5,402.85,324531
2025-07-22 04:10:00,402.75,403.5,402.35,403.2,190680
2025-07-22 04:15:00,403.1,404.65,403.1,404.65,394076
2025-07-22 04:20:00,404.65,404.7,403.45,403.5,403750
2025-07-22 04:25:00,403.6,403.65,403.1,403.35,179229
2025-07-22 04:30:00,403.35,403.55,402.6,402.6,216952
2025-07-22 04:35:00,402.65,402.85,402.3,402.8,141878
2025-07-22 04:40:00,402.85,403.9,402.7,403.8,197256
2025-07-22 04:45:00,403.8,404.25,403.6,404.0,217720
2025-07-22 04:50:00,403.95,404.0,402.25,402.45,194011
2025-07-22 04:55:00,402.45,402.55,402.0,402.0,115864
2025-07-22 05:00:00,402.0,402.05,401.4,401.9,150996
2025-07-22 05:05:00,401.9,402.45,401.85,402.15,91979
2025-07-22 05:10:00,402.15,402.25,401.75,401.9,84594
2025-07-22 05:15:00,401.8,402.05,401.25,401.85,124637
2025-07-22 05:20:00,401.85,402.05,401.5,401.5,67491
2025-07-22 05:25:00,401.5,401.55,401.15,401.3,59631
2025-07-22 05:30:00,401.35,401.35,400.8,400.85,212509
2025-07-22 05:35:00,400.85,400.95,400.05,400.15,201950
2025-07-22 05:40:00,400.3,400.5,400.0,400.05,281227
2025-07-22 05:45:00,400.05,400.35,399.75,399.85,112239
2025-07-22 05:50:00,399.8,400.25,399.8,400.1,83080
2025-07-22 05:55:00,400.0,400.9,400.0,400.65,175809
2025-07-22 06:00:00,400.6,401.5,400.6,401.05,107405
2025-07-22 06:05:00,401.05,401.45,400.95,401.4,62468
2025-07-22 06:10:00,401.35,402.2,401.25,402.2,121059
2025-07-22 06:15:00,402.1,402.2,401.9,402.05,91882
2025-07-22 06:20:00,402.0,402.05,401.55,401.85,94448
2025-07-22 06:25:00,401.85,403.1,401.8,402.7,369487
2025-07-22 06:30:00,402.7,402.75,402.1,402.2,73005
2025-07-22 06:35:00,402.15,402.4,401.65,401.8,58000
2025-07-22 06:40:00,401.75,402.3,401.65,402.05,91207
2025-07-22 06:45:00,402.0,402.1,401.65,401.75,96232
2025-07-22 06:50:00,401.8,401.8,401.3,401.6,91486
2025-07-22 06:55:00,401.6,401.9,401.5,401.55,60873
2025-07-22 07:00:00,401.55,401.75,401.35,401.5,64272
2025-07-22 07:05:00,401.4,401.55,401.05,401.15,58945
2025-07-22 07:10:00,401.2,401.55,401.05,401.35,80005
2025-07-22 07:15:00,401.25,401.35,401.1,401.2,55475
2025-07-22 07:20:00,401.25,401.35,401.1,401.15,61628
2025-07-22 07:25:00,401.1,401.75,401.1,401.55,76831
2025-07-22 07:30:00,401.6,401.75,401.35,401.5,43044
2025-07-22 07:35:00,401.45,401.55,401.0,401.2,86603
2025-07-22 07:40:00,401.15,401.45,401.0,401.05,58618
2025-07-22 07:45:00,401.05,401.3,400.8,400.95,84730
2025-07-22 07:50:00,400.9,402.35,400.8,402.25,106227
2025-07-22 07:55:00,402.3,402.6,401.85,402.35,92324
2025-07-22 08:00:00,402.45,402.5,402.0,402.4,94676
2025-07-22 08:05:00,402.35,402.7,402.25,402.45,89427
2025-07-22 08:10:00,402.4,402.65,402.3,402.35,85676
2025-07-22 08:15:00,402.35,402.95,402.2,402.35,151926
2025-07-22 08:20:00,402.35,402.6,402.05,402.2,93039
2025-07-22 08:25:00,402.2,402.7,401.85,402.05,177062
2025-07-22 08:30:00,402.05,402.35,402.05,402.2,79897
2025-07-22 08:35:00,402.25,402.5,402.2,402.5,84276
2025-07-22 08:40:00,402.5,402.65,402.1,402.3,76427
2025-07-22 08:45:00,402.35,402.5,402.15,402.4,73414
2025-07-22 08:50:00,402.4,402.4,401.75,401.9,85733
2025-07-22 08:55:00,401.9,402.0,401.65,401.8,88078
2025-07-22 09:00:00,401.9,402.4,401.9,402.1,91991
2025-07-22 09:05:00,402.15,402.4,401.75,402.25,125516
2025-07-22 09:10:00,402.25,402.25,402.0,402.05,61428
2025-07-22 09:15:00,402.05,402.2,401.9,402.0,93817
2025-07-22 09:20:00,401.95,402.15,401.65,401.7,86990
2025-07-22 09:25:00,401.65,401.9,401.6,401.85,97376
2025-07-22 09:30:00,401.65,402.7,401.65,402.05,391627
2025-07-22 09:35:00,402.05,402.8,402.0,402.8,310037
2025-07-22 09:40:00,402.75,403.0,402.7,402.95,362977
2025-07-22 09:45:00,403.0,403.75,402.85,403.7,774134
2025-07-22 09:50:00,403.65,403.9,403.2,403.65,518268
2025-07-22 09:55:00,403.65,403.95,403.0,403.45,437376
2025-07-23 03:45:00,403.5,404.9,402.2,404.1,471186
2025-07-23 03:50:00,404.25,404.3,401.6,401.85,264704
2025-07-23 03:55:00,401.8,402.25,401.35,401.6,267951
2025-07-23 04:00:00,401.6,401.6,400.7,401.5,192345
2025-07-23 04:05:00,401.4,401.4,400.25,401.05,138457
2025-07-23 04:10:00,401.05,401.2,400.3,400.55,133424
2025-07-23 04:15:00,400.5,401.0,399.85,401.0,171747
2025-07-23 04:20:00,401.0,401.5,400.65,401.0,92748
2025-07-23 04:25:00,400.95,401.55,400.8,401.0,103371
2025-07-23 04:30:00,401.1,401.35,398.6,398.85,453110
2025-07-23 04:35:00,398.75,399.0,398.35,398.6,176204
2025-07-23 04:40:00,398.75,399.35,398.3,399.25,136310
2025-07-23 04:45:00,399.2,399.25,398.7,399.05,129239
2025-07-23 04:50:00,399.15,399.15,397.55,398.0,215883
2025-07-23 04:55:00,398.0,398.05,397.5,397.9,109637
2025-07-23 05:00:00,397.8,397.9,396.9,397.2,212301
2025-07-23 05:05:00,397.15,397.95,397.1,397.25,156836
2025-07-23 05:10:00,397.3,397.45,396.6,397.3,163683
2025-07-23 05:15:00,397.35,397.5,396.6,397.25,93176
2025-07-23 05:20:00,397.25,398.0,397.05,398.0,122519
2025-07-23 05:25:00,398.0,398.15,397.5,397.7,112771
2025-07-23 05:30:00,397.7,398.85,397.6,398.85,97496
2025-07-23 05:35:00,398.65,398.85,398.25,398.75,236042
2025-07-23 05:40:00,398.6,398.85,398.25,398.4,50415
2025-07-23 05:45:00,398.3,398.85,398.2,398.65,48207
2025-07-23 05:50:00,398.7,398.7,397.3,397.35,111187
2025-07-23 05:55:00,397.5,398.1,397.4,397.85,62945
2025-07-23 06:00:00,397.7,398.1,397.7,398.0,37630
2025-07-23 06:05:00,398.0,398.05,397.6,397.7,46337
2025-07-23 06:10:00,397.7,397.7,397.2,397.65,66199
2025-07-23 06:15:00,397.7,398.4,397.65,398.3,45157
2025-07-23 06:20:00,398.3,398.5,397.95,398.5,54617
2025-07-23 06:25:00,398.5,398.95,398.4,398.75,40930
2025-07-23 06:30:00,398.75,398.75,398.2,398.35,33365
2025-07-23 06:35:00,398.35,398.45,398.0,398.35,37422
2025-07-23 06:40:00,398.4,398.5,397.6,398.25,154697
2025-07-23 06:45:00,398.05,398.2,397.65,398.1,78320
2025-07-23 06:50:00,398.1,398.3,397.85,398.2,44283
2025-07-23 06:55:00,398.25,398.3,397.85,398.2,67419
2025-07-23 07:00:00,398.2,398.75,398.1,398.55,85200
2025-07-23 07:05:00,398.55,399.0,398.4,398.8,103438
2025-07-23 07:10:00,398.8,399.35,398.65,398.7,157911
2025-07-23 07:15:00,398.7,398.9,397.0,397.2,981808
2025-07-23 07:20:00,397.2,397.75,397.2,397.75,65525
2025-07-23 07:25:00,397.75,397.9,397.6,397.8,48794
2025-07-23 07:30:00,397.75,398.25,397.6,398.15,40345
2025-07-23 07:35:00,398.1,398.25,397.7,397.7,41084
2025-07-23 07:40:00,397.8,397.9,397.5,397.6,57549
2025-07-23 07:45:00,397.6,398.0,397.55,397.9,55833
2025-07-23 07:50:00,397.95,398.1,397.5,397.75,105923
2025-07-23 07:55:00,397.6,397.95,397.6,397.95,52278
2025-07-23 08:00:00,398.0,398.2,397.85,398.2,32556
2025-07-23 08:05:00,398.15,398.5,398.15,398.4,54369
2025-07-23 08:10:00,398.4,398.45,398.05,398.1,47300
2025-07-23 08:15:00,398.3,398.35,398.05,398.05,40413
2025-07-23 08:20:00,398.2,398.7,398.0,398.5,70827
2025-07-23 08:25:00,398.45,398.65,398.35,398.5,56970
2025-07-23 08:30:00,398.45,398.75,398.25,398.25,94150
2025-07-23 08:35:00,398.25,398.65,398.2,398.4,56307
2025-07-23 08:40:00,398.45,398.7,398.15,398.65,46436
2025-07-23 08:45:00,398.7,399.0,398.6,398.8,93344
2025-07-23 08:50:00,398.9,399.0,398.8,398.85,59812
2025-07-23 08:55:00,398.95,399.0,398.8,399.0,52097
2025-07-23 09:00:00,398.95,399.0,398.45,398.65,107668
2025-07-23 09:05:00,398.5,399.0,398.45,398.95,101635
2025-07-23 09:10:00,398.75,399.0,398.65,399.0,92415
2025-07-23 09:15:00,398.85,399.2,398.85,399.05,104111
2025-07-23 09:20:00,399.0,399.2,398.9,399.0,112291
2025-07-23 09:25:00,398.95,399.65,398.9,399.5,176658
2025-07-23 09:30:00,399.35,400.2,399.35,400.1,314650
2025-07-23 09:35:00,400.1,400.4,400.05,400.05,280493
2025-07-23 09:40:00,400.15,400.3,399.9,400.2,303935
2025-07-23 09:45:00,400.2,400.3,399.85,399.95,384876
2025-07-23 09:50:00,399.95,400.5,399.95,400.45,373650
2025-07-23 09:55:00,400.45,400.85,400.4,400.6,324035
2025-07-24 03:45:00,400.7,400.95,398.7,399.45,336342
2025-07-24 03:50:00,399.45,401.75,399.45,401.75,245239
2025-07-24 03:55:00,401.65,401.9,399.05,399.05,241459
2025-07-24 04:00:00,399.05,399.6,398.0,398.9,229297
2025-07-24 04:05:00,399.05,399.1,398.7,398.7,93535
2025-07-24 04:10:00,398.7,399.25,398.5,399.05,115358
2025-07-24 04:15:00,399.05,399.1,398.5,398.6,75476
2025-07-24 04:20:00,398.75,398.8,398.2,398.2,81271
2025-07-24 04:25:00,398.15,398.65,398.05,398.3,191199
2025-07-24 04:30:00,398.3,398.35,398.05,398.1,46887
2025-07-24 04:35:00,398.1,398.35,397.15,397.35,163295
2025-07-24 04:40:00,397.4,397.5,397.0,397.1,107468
2025-07-24 04:45:00,397.1,397.25,396.5,397.15,164868
2025-07-24 04:50:00,397.05,397.25,396.9,397.05,51311
2025-07-24 04:55:00,397.2,397.7,397.05,397.55,64764
2025-07-24 05:00:00,397.55,398.0,397.55,397.85,39706
2025-07-24 05:05:00,397.9,398.05,397.55,397.6,26153
2025-07-24 05:10:00,397.55,397.95,397.4,397.55,74769
2025-07-24 05:15:00,397.55,397.85,397.5,397.75,23658
2025-07-24 05:20:00,397.75,397.85,397.5,397.65,22959
2025-07-24 05:25:00,397.8,397.8,397.3,397.55,40049
2025-07-24 05:30:00,397.55,397.75,397.15,397.15,27504
2025-07-24 05:35:00,397.15,397.45,396.8,396.9,59457
2025-07-24 05:40:00,396.9,397.2,396.6,396.6,47837
2025-07-24 05:45:00,396.75,397.25,396.65,396.85,44649
2025-07-24 05:50:00,397.0,397.15,396.5,396.65,80311
2025-07-24 05:55:00,396.7,397.0,396.15,396.8,85825
2025-07-24 06:00:00,396.95,397.2,396.65,396.8,44522
2025-07-24 06:05:00,396.85,397.05,396.5,396.7,30616
2025-07-24 06:10:00,396.7,397.2,396.6,396.95,38124
2025-07-24 06:15:00,396.95,398.0,396.95,397.65,94647
2025-07-24 06:20:00,397.7,397.7,397.1,397.1,44123
2025-07-24 06:25:00,397.1,397.25,396.5,396.6,38704
2025-07-24 06:30:00,396.65,396.7,396.0,396.05,66644
2025-07-24 06:35:00,396.0,396.65,396.0,396.55,83134
2025-07-24 06:40:00,396.5,397.0,396.25,397.0,56069
2025-07-24 06:45:00,396.95,397.5,396.9,397.45,97977
2025-07-24 06:50:00,397.45,397.6,397.0,397.0,50594
2025-07-24 06:55:00,397.05,397.35,396.75,396.8,48169
2025-07-24 07:00:00,396.85,397.1,396.6,396.85,50157
2025-07-24 07:05:00,396.8,397.4,396.65,397.25,50585
2025-07-24 07:10:00,397.25,397.5,397.1,397.35,49213
2025-07-24 07:15:00,397.35,397.5,397.0,397.05,66001
2025-07-24 07:20:00,397.1,397.35,396.9,397.05,40575
2025-07-24 07:25:00,397.05,397.1,396.8,396.8,39012
2025-07-24 07:30:00,396.85,397.25,396.65,397.0,73109
2025-07-24 07:35:00,396.95,397.05,396.7,396.8,35941
2025-07-24 07:40:00,396.9,397.0,396.6,396.6,33744
2025-07-24 07:45:00,396.7,396.8,396.25,396.65,43212
2025-07-24 07:50:00,396.5,397.0,396.45,396.9,34468
2025-07-24 07:55:00,396.75,397.0,396.7,396.8,31215
2025-07-24 08:00:00,396.8,397.0,396.7,396.7,48119
2025-07-24 08:05:00,396.8,396.95,396.45,396.5,38561
2025-07-24 08:10:00,396.5,397.0,396.45,397.0,42335
2025-07-24 08:15:00,397.0,397.4,396.95,397.3,49842
2025-07-24 08:20:00,397.2,397.35,397.05,397.25,62665
2025-07-24 08:25:00,397.05,397.25,396.75,397.0,126656
2025-07-24 08:30:00,397.0,397.5,396.85,397.5,69332
2025-07-24 08:35:00,397.4,397.5,397.0,397.05,45150
2025-07-24 08:40:00,397.25,397.4,397.05,397.35,56114
2025-07-24 08:45:00,397.35,397.5,397.3,397.35,82929
2025-07-24 08:50:00,397.35,397.5,397.05,397.05,63569
2025-07-24 08:55:00,397.05,397.25,396.8,396.95,68879
2025-07-24 09:00:00,396.95,397.7,396.85,397.4,87114
2025-07-24 09:05:00,397.6,398.2,397.4,398.05,117884
2025-07-24 09:10:00,398.1,398.2,397.55,397.8,67882
2025-07-24 09:15:00,397.85,398.1,397.2,397.5,122644
2025-07-24 09:20:00,397.5,398.0,397.4,397.9,127122
2025-07-24 09:25:00,398.0,398.1,397.75,398.05,115638
2025-07-24 09:30:00,398.1,398.65,397.95,398.45,206014
2025-07-24 09:35:00,398.45,398.6,398.25,398.5,251154
2025-07-24 09:40:00,398.5,398.5,398.2,398.45,208251
2025-07-24 09:45:00,398.35,398.4,397.9,397.95,254087
2025-07-24 09:50:00,398.0,398.45,397.95,398.45,223926
2025-07-24 09:55:00,398.4,398.5,398.0,398.25,206669
2025-07-25 03:45:00,399.0,400.65,398.65,399.6,838283
2025-07-25 03:50:00,399.6,399.75,397.75,398.2,407704
2025-07-25 03:55:00,398.1,399.65,396.75,399.6,354180
2025-07-25 04:00:00,399.3,399.3,397.85,397.95,159929
2025-07-25 04:05:00,398.25,398.4,397.5,397.8,249770
2025-07-25 04:10:00,397.8,397.8,396.3,396.7,175024
2025-07-25 04:15:00,396.55,396.6,395.35,395.75,218413
2025-07-25 04:20:00,395.8,396.8,395.7,395.95,97886
2025-07-25 04:25:00,395.8,396.3,395.75,396.3,66416
2025-07-25 04:30:00,396.35,396.4,396.0,396.3,28521
2025-07-25 04:35:00,396.2,396.3,395.1,395.3,88533
2025-07-25 04:40:00,395.15,395.8,395.05,395.35,81908
2025-07-25 04:45:00,395.45,395.45,394.55,394.6,156846
2025-07-25 04:50:00,394.7,395.3,394.4,394.7,106541
2025-07-25 04:55:00,394.85,394.9,394.1,394.65,108773
2025-07-25 05:00:00,394.6,394.75,394.05,394.45,78981
2025-07-25 05:05:00,394.55,394.75,393.9,394.15,101607
2025-07-25 05:10:00,394.05,394.75,393.65,394.75,96898
2025-07-25 05:15:00,394.5,394.6,393.95,394.45,79768
2025-07-25 05:20:00,394.45,394.65,394.0,394.0,34384
2025-07-25 05:25:00,393.9,394.5,393.7,394.3,77931
2025-07-25 05:30:00,394.25,394.45,393.8,394.2,45453
2025-07-25 05:35:00,394.1,394.75,394.1,394.5,58532
2025-07-25 05:40:00,394.65,395.5,394.0,395.25,96337
2025-07-25 05:45:00,395.2,395.4,394.75,395.15,57633
2025-07-25 05:50:00,395.1,396.05,395.05,395.85,74920
2025-07-25 05:55:00,395.85,396.1,395.5,396.0,47305
2025-07-25 06:00:00,396.0,396.75,395.0,395.2,121338
2025-07-25 06:05:00,395.1,395.2,394.4,394.65,57888
2025-07-25 06:10:00,394.55,394.9,394.35,394.55,30353
2025-07-25 06:15:00,394.65,394.9,394.0,394.1,62712
2025-07-25 06:20:00,394.05,394.95,394.05,394.55,58701
2025-07-25 06:25:00,394.6,394.8,394.4,394.8,36882
2025-07-25 06:30:00,394.8,394.8,394.35,394.55,28647
2025-07-25 06:35:00,394.55,394.65,394.05,394.05,32272
2025-07-25 06:40:00,394.2,394.4,394.0,394.05,45664
2025-07-25 06:45:00,394.1,394.15,393.8,393.8,38817
2025-07-25 06:50:00,393.9,394.0,393.5,393.8,128764
2025-07-25 06:55:00,393.8,393.8,393.5,393.7,31854
2025-07-25 07:00:00,393.7,394.6,393.65,394.3,54543
2025-07-25 07:05:00,394.15,395.45,394.05,395.4,74210
2025-07-25 07:10:00,395.35,395.85,394.55,394.8,76194
2025-07-25 07:15:00,394.8,395.45,394.65,395.4,33875
2025-07-25 07:20:00,395.4,395.65,395.2,395.2,45641
2025-07-25 07:25:00,395.3,395.3,395.2,395.3,33247
2025-07-25 07:30:00,395.3,395.8,394.75,394.8,79004
2025-07-25 07:35:00,394.75,395.45,394.7,395.3,26101
2025-07-25 07:40:00,395.25,395.5,395.0,395.45,35969
2025-07-25 07:45:00,395.45,395.5,395.05,395.35,35574
2025-07-25 07:50:00,395.35,395.4,395.05,395.2,33580
2025-07-25 07:55:00,395.35,395.4,395.0,395.1,15204
2025-07-25 08:00:00,395.0,395.1,394.0,394.1,90475
2025-07-25 08:05:00,394.0,394.8,393.65,394.8,107571
2025-07-25 08:10:00,394.8,395.0,394.3,395.0,37251
2025-07-25 08:15:00,395.0,395.15,394.85,395.0,30318
2025-07-25 08:20:00,394.9,395.2,394.7,395.1,48628
2025-07-25 08:25:00,395.0,395.3,394.95,395.15,19879
2025-07-25 08:30:00,395.1,395.2,394.25,394.45,46118
2025-07-25 08:35:00,394.45,394.5,394.0,394.2,37964
2025-07-25 08:40:00,394.2,394.35,394.0,394.05,37618
2025-07-25 08:45:00,394.2,394.65,394.0,394.25,45301
2025-07-25 08:50:00,394.1,395.6,393.75,395.6,177610
2025-07-25 08:55:00,395.25,395.35,394.0,395.0,256086
2025-07-25 09:00:00,395.05,395.9,394.8,394.85,238028
2025-07-25 09:05:00,394.85,395.5,394.6,395.3,88206
2025-07-25 09:10:00,395.35,395.5,394.65,394.9,94127
2025-07-25 09:15:00,394.9,395.1,394.6,394.75,97617
2025-07-25 09:20:00,394.65,395.05,394.5,395.0,88947
2025-07-25 09:25:00,395.0,395.3,394.9,395.15,83466
2025-07-25 09:30:00,395.2,395.3,394.3,394.85,390792
2025-07-25 09:35:00,394.9,395.25,394.85,395.25,212558
2025-07-25 09:40:00,395.25,395.7,395.15,395.5,380983
2025-07-25 09:45:00,395.5,395.6,394.95,395.0,557390
2025-07-25 09:50:00,395.0,395.4,394.95,395.2,388287
2025-07-25 09:55:00,395.2,395.95,395.0,395.8,374392
2025-07-28 03:45:00,395.2,396.35,393.15,395.4,695394
2025-07-28 03:50:00,395.0,395.95,394.1,394.85,299644
2025-07-28 03:55:00,395.0,395.1,393.8,394.8,265707
2025-07-28 04:00:00,395.0,395.7,394.6,394.75,298237
2025-07-28 04:05:00,394.75,395.1,394.0,394.65,183771
2025-07-28 04:10:00,394.65,394.8,393.4,393.4,220423
2025-07-28 04:15:00,393.5,394.0,393.2,393.3,190214
2025-07-28 04:20:00,393.4,394.25,393.35,394.05,121927
2025-07-28 04:25:00,394.05,394.25,393.3,393.45,145107
2025-07-28 04:30:00,393.3,394.0,393.3,393.8,70152
2025-07-28 04:35:00,393.65,393.8,393.05,393.3,112542
2025-07-28 04:40:00,393.25,393.5,393.0,393.25,89000
2025-07-28 04:45:00,393.3,393.9,393.3,393.5,91329
2025-07-28 04:50:00,393.4,394.25,393.4,394.25,108572
2025-07-28 04:55:00,394.15,394.8,393.8,394.4,147124
2025-07-28 05:00:00,394.5,394.7,393.7,393.8,91176
2025-07-28 05:05:00,393.8,393.85,393.1,393.15,94733
2025-07-28 05:10:00,393.15,393.2,391.7,391.9,286816
2025-07-28 05:15:00,391.9,392.0,390.85,391.35,222365
2025-07-28 05:20:00,391.35,392.1,391.35,391.8,109040
2025-07-28 05:25:00,391.95,392.35,391.7,391.75,85557
2025-07-28 05:30:00,391.6,392.0,391.1,391.25,100749
2025-07-28 05:35:00,391.15,391.35,390.2,390.2,190234
2025-07-28 05:40:00,390.25,391.1,390.25,390.95,152707
2025-07-28 05:45:00,390.95,391.3,390.7,390.85,109055
2025-07-28 05:50:00,390.8,391.25,390.6,390.8,82459
2025-07-28 05:55:00,390.75,390.75,390.2,390.4,107478
2025-07-28 06:00:00,390.4,390.45,390.1,390.1,84909
2025-07-28 06:05:00,390.1,390.25,389.1,389.15,363261
2025-07-28 06:10:00,389.2,389.7,388.8,389.0,215324
2025-07-28 06:15:00,388.85,389.4,388.15,389.15,200127
2025-07-28 06:20:00,389.35,389.35,388.0,388.35,207733
2025-07-28 06:25:00,388.3,388.35,388.0,388.3,114223
2025-07-28 06:30:00,388.2,388.4,387.4,387.65,201099
2025-07-28 06:35:00,387.55,387.95,387.5,387.6,107134
2025-07-28 06:40:00,387.6,387.7,387.05,387.2,157489
2025-07-28 06:45:00,387.2,387.4,386.5,386.7,175034
2025-07-28 06:50:00,386.75,386.9,385.8,386.0,211690
2025-07-28 06:55:00,386.1,387.5,385.85,387.2,218230
2025-07-28 07:00:00,387.2,387.6,386.75,387.4,154388
2025-07-28 07:05:00,387.4,387.7,386.6,386.6,163223
2025-07-28 07:10:00,386.7,386.85,386.1,386.25,123888
2025-07-28 07:15:00,386.3,386.3,384.25,384.4,609318
2025-07-28 07:20:00,384.4,384.75,383.6,384.75,462585
2025-07-28 07:25:00,384.75,385.55,384.55,385.1,193632
2025-07-28 07:30:00,385.0,385.2,384.4,384.65,140838
2025-07-28 07:35:00,384.65,385.35,384.5,384.7,104048
2025-07-28 07:40:00,384.75,384.85,384.35,384.4,103423
2025-07-28 07:45:00,384.5,384.9,384.0,384.05,157681
2025-07-28 07:50:00,384.0,384.35,383.5,383.75,169511
2025-07-28 07:55:00,383.75,384.2,383.7,383.9,116935
2025-07-28 08:00:00,383.9,384.4,383.7,384.0,114271
2025-07-28 08:05:00,383.85,384.2,383.35,383.55,122625
2025-07-28 08:10:00,383.55,384.0,383.4,383.5,110981
2025-07-28 08:15:00,383.5,384.1,383.3,384.1,102940
2025-07-28 08:20:00,383.95,385.2,383.6,385.0,154609
2025-07-28 08:25:00,385.05,385.3,384.7,384.75,149160
2025-07-28 08:30:00,384.85,384.85,384.3,384.55,105240
2025-07-28 08:35:00,384.55,384.9,383.7,384.5,165890
2025-07-28 08:40:00,384.55,384.6,383.8,384.0,184274
2025-07-28 08:45:00,384.05,384.6,384.0,384.3,98426
2025-07-28 08:50:00,384.3,385.2,384.25,385.2,223734
2025-07-28 08:55:00,385.15,385.6,384.95,385.3,268927
2025-07-28 09:00:00,385.3,385.7,384.9,385.15,135371
2025-07-28 09:05:00,385.1,386.35,385.1,386.35,288511
2025-07-28 09:10:00,386.25,387.9,386.05,387.85,344092
2025-07-28 09:15:00,387.85,388.5,386.85,386.9,419000
2025-07-28 09:20:00,386.9,387.4,386.1,386.1,207504
2025-07-28 09:25:00,386.1,386.65,386.05,386.2,132579
2025-07-28 09:30:00,386.45,390.2,385.15,388.1,2008105
2025-07-28 09:35:00,388.25,391.15,387.0,389.8,1936770
2025-07-28 09:40:00,389.8,390.85,388.7,389.95,988579
2025-07-28 09:45:00,390.0,390.15,389.0,389.2,811937
2025-07-28 09:50:00,389.25,391.2,389.1,389.8,719209
2025-07-28 09:55:00,389.75,391.0,389.7,391.0,628943
2025-07-29 03:45:00,390.05,390.05,378.6,380.15,3383888
2025-07-29 03:50:00,380.25,385.7,379.7,385.4,1838530
2025-07-29 03:55:00,385.5,387.4,384.6,384.85,1311903
2025-07-29 04:00:00,384.7,385.9,383.65,385.65,852469
2025-07-29 04:05:00,385.6,386.1,384.9,385.7,690074
2025-07-29 04:10:00,385.75,386.4,385.0,385.05,323719
2025-07-29 04:15:00,385.3,386.3,385.0,386.15,282912
2025-07-29 04:20:00,386.25,387.4,385.65,387.4,282019
2025-07-29 04:25:00,387.4,387.5,386.6,386.75,212140
2025-07-29 04:30:00,386.75,387.15,386.55,386.75,168483
2025-07-29 04:35:00,386.65,386.8,385.2,385.35,230555
2025-07-29 04:40:00,385.3,385.6,383.6,383.9,440773
2025-07-29 04:45:00,383.85,384.5,383.1,383.55,384969
2025-07-29 04:50:00,383.85,383.95,382.0,382.0,331602
2025-07-29 04:55:00,382.05,382.4,380.5,380.55,430582
2025-07-29 05:00:00,380.75,382.1,380.2,381.5,356474
2025-07-29 05:05:00,381.5,381.9,381.25,381.4,142952
2025-07-29 05:10:00,381.3,381.95,381.05,381.95,203058
2025-07-29 05:15:00,381.9,382.0,380.25,380.8,415321
2025-07-29 05:20:00,380.9,381.8,380.9,381.55,124752
2025-07-29 05:25:00,381.5,381.75,380.85,381.55,129180
2025-07-29 05:30:00,381.7,382.0,381.0,381.5,227074
2025-07-29 05:35:00,381.55,381.65,381.0,381.25,140728
2025-07-29 05:40:00,381.35,381.65,381.0,381.4,181985
2025-07-29 05:45:00,381.5,382.55,381.4,382.3,209348
2025-07-29 05:50:00,382.3,382.35,381.3,381.9,165437
2025-07-29 05:55:00,381.95,382.45,381.7,382.0,161115
2025-07-29 06:00:00,382.1,382.35,381.9,382.0,78279
2025-07-29 06:05:00,382.0,382.15,381.8,381.9,88598
2025-07-29 06:10:00,381.8,381.95,381.35,381.6,79152
2025-07-29 06:15:00,381.6,381.85,381.2,381.4,133707
2025-07-29 06:20:00,381.35,382.1,381.2,381.85,89432
2025-07-29 06:25:00,381.85,381.85,381.25,381.5,89128
2025-07-29 06:30:00,381.5,381.55,381.05,381.1,100975
2025-07-29 06:35:00,381.15,383.5,381.0,383.1,320225
2025-07-29 06:40:00,383.15,383.95,383.0,383.15,286198
2025-07-29 06:45:00,383.2,385.0,383.05,384.75,377728
2025-07-29 06:50:00,384.85,385.0,383.5,383.85,217407
2025-07-29 06:55:00,383.8,384.75,383.4,384.7,184208
2025-07-29 07:00:00,384.65,385.45,384.2,385.0,530590
2025-07-29 07:05:00,385.0,385.25,385.0,385.1,191484
2025-07-29 07:10:00,385.1,385.7,385.0,385.6,564073
2025-07-29 07:15:00,385.6,386.4,385.5,386.2,259865
2025-07-29 07:20:00,386.2,388.5,386.2,388.15,393374
2025-07-29 07:25:00,388.25,389.95,387.6,387.7,528184
2025-07-29 07:30:00,387.7,388.15,386.7,387.3,260174
2025-07-29 07:35:00,387.45,390.75,387.3,389.2,526605
2025-07-29 07:40:00,389.25,389.7,388.4,388.8,146719
2025-07-29 07:45:00,388.9,389.0,388.05,388.3,150832
2025-07-29 07:50:00,388.4,388.8,388.15,388.2,105428
2025-07-29 07:55:00,388.15,388.95,388.0,388.3,130730
2025-07-29 08:00:00,388.25,389.75,388.25,389.55,160676
2025-07-29 08:05:00,389.55,389.7,389.0,389.5,166043
2025-07-29 08:10:00,389.6,389.7,388.95,389.25,132357
2025-07-29 08:15:00,389.35,389.95,389.1,389.5,149921
2025-07-29 08:20:00,389.55,390.25,389.2,389.65,184271
2025-07-29 08:25:00,389.8,390.0,388.6,388.85,178433
2025-07-29 08:30:00,388.85,389.4,388.85,389.0,126079
2025-07-29 08:35:00,389.15,389.2,388.55,388.75,143540
2025-07-29 08:40:00,388.75,388.95,388.4,388.5,123355
2025-07-29 08:45:00,388.5,389.35,388.5,389.1,140998
2025-07-29 08:50:00,389.1,389.35,388.85,389.05,110123
2025-07-29 08:55:00,389.05,389.3,388.6,388.9,101813
2025-07-29 09:00:00,389.0,389.7,388.9,389.4,155988
2025-07-29 09:05:00,389.3,389.4,388.15,388.5,185989
2025-07-29 09:10:00,388.45,388.6,387.4,387.95,264203
2025-07-29 09:15:00,388.0,388.0,387.35,387.4,183263
2025-07-29 09:20:00,387.4,388.05,387.35,387.7,163537
2025-07-29 09:25:00,387.7,388.15,387.0,387.2,264178
2025-07-29 09:30:00,387.2,387.65,386.2,387.6,502215
2025-07-29 09:35:00,387.7,387.7,387.15,387.3,280605
2025-07-29 09:40:00,387.2,387.85,386.95,387.85,431856
2025-07-29 09:45:00,387.85,388.95,387.75,388.85,709201
2025-07-29 09:50:00,388.85,389.8,388.8,389.55,434068
2025-07-29 09:55:00,389.6,390.0,389.5,390.0,385600
2025-07-30 03:45:00,390.95,392.4,390.25,391.95,938236
2025-07-30 03:50:00,391.95,392.0,388.7,388.85,427505
2025-07-30 03:55:00,388.7,390.5,388.25,389.85,565805
2025-07-30 04:00:00,389.8,390.65,388.75,389.35,241907
2025-07-30 04:05:00,389.3,389.85,389.2,389.4,140238
2025-07-30 04:10:00,389.35,390.0,389.2,389.95,80837
2025-07-30 04:15:00,389.95,390.0,387.5,387.6,223776
2025-07-30 04:20:00,387.55,388.35,387.2,387.25,144709
2025-07-30 04:25:00,387.25,388.35,387.05,387.1,182220
2025-07-30 04:30:00,387.15,387.3,386.7,386.95,127916
2025-07-30 04:35:00,386.8,387.25,386.1,386.45,208155
2025-07-30 04:40:00,386.6,386.75,386.05,386.65,89722
2025-07-30 04:45:00,386.7,387.35,386.4,387.3,82096
2025-07-30 04:50:00,387.35,387.55,386.45,386.7,110308
2025-07-30 04:55:00,386.7,386.85,385.8,385.95,169637
2025-07-30 05:00:00,385.85,386.5,385.55,386.4,76929
2025-07-30 05:05:00,386.4,386.7,386.0,386.05,71534
2025-07-30 05:10:00,386.0,386.4,385.7,386.3,111043
2025-07-30 05:15:00,386.15,386.6,385.8,386.3,105756
2025-07-30 05:20:00,386.4,386.75,386.25,386.7,69525
2025-07-30 05:25:00,386.55,386.75,386.55,386.65,41483
2025-07-30 05:30:00,386.65,387.25,386.6,386.9,104306
2025-07-30 05:35:00,386.9,387.15,386.8,387.1,60668
2025-07-30 05:40:00,387.1,387.9,387.1,387.6,168425
2025-07-30 05:45:00,387.8,388.1,387.6,387.9,106333
2025-07-30 05:50:00,387.85,388.3,387.8,387.95,100154
2025-07-30 05:55:00,388.0,388.2,387.55,388.05,93133
2025-07-30 06:00:00,387.95,388.2,387.7,388.15,59986
2025-07-30 06:05:00,388.2,389.2,388.0,388.75,140696
2025-07-30 06:10:00,388.7,388.95,388.1,388.65,145876
2025-07-30 06:15:00,388.6,388.85,387.7,387.7,105296
2025-07-30 06:20:00,387.7,388.25,387.7,388.25,53079
2025-07-30 06:25:00,388.2,388.25,388.0,388.05,35270
2025-07-30 06:30:00,388.0,388.15,387.85,388.15,36666
2025-07-30 06:35:00,388.1,388.3,387.85,388.1,45716
2025-07-30 06:40:00,387.9,388.1,387.4,387.7,80891
2025-07-30 06:45:00,387.7,388.85,387.6,388.6,1477513
2025-07-30 06:50:00,388.5,388.7,388.3,388.6,49739
2025-07-30 06:55:00,388.6,388.65,388.1,388.15,65118
2025-07-30 07:00:00,388.1,388.25,387.55,387.65,118756
2025-07-30 07:05:00,387.7,388.0,387.6,387.9,44995
2025-07-30 07:10:00,387.9,388.0,387.25,387.25,98113
2025-07-30 07:15:00,387.45,387.6,387.25,387.5,48551
2025-07-30 07:20:00,387.6,387.75,387.45,387.7,40266
2025-07-30 07:25:00,387.7,387.85,387.55,387.7,40717
2025-07-30 07:30:00,387.55,387.7,387.35,387.65,48528
2025-07-30 07:35:00,387.6,387.8,387.4,387.6,49482
2025-07-30 07:40:00,387.6,387.6,386.6,387.2,120488
2025-07-30 07:45:00,387.1,387.2,386.85,387.05,60372
2025-07-30 07:50:00,387.05,387.4,386.8,387.25,88858
2025-07-30 07:55:00,387.25,387.55,387.0,387.15,57580
2025-07-30 08:00:00,387.15,387.4,387.0,387.05,42987
2025-07-30 08:05:00,386.95,387.45,386.9,387.4,40597
2025-07-30 08:10:00,387.4,387.45,386.9,387.2,113971
2025-07-30 08:15:00,387.2,387.2,386.5,386.65,99116
2025-07-30 08:20:00,386.65,386.8,386.5,386.65,61130
2025-07-30 08:25:00,386.65,386.8,386.3,386.45,69213
2025-07-30 08:30:00,386.45,386.8,386.35,386.75,66206
2025-07-30 08:35:00,386.75,387.8,386.65,387.5,244563
2025-07-30 08:40:00,387.45,387.85,387.25,387.55,105822
2025-07-30 08:45:00,387.5,387.5,386.9,387.05,63599
2025-07-30 08:50:00,386.9,387.2,386.9,387.15,40700
2025-07-30 08:55:00,387.05,387.3,386.85,387.3,67747
2025-07-30 09:00:00,387.3,387.4,386.85,387.15,123361
2025-07-30 09:05:00,387.15,387.35,387.0,387.1,56130
2025-07-30 09:10:00,387.2,387.2,386.7,386.8,51086
2025-07-30 09:15:00,386.8,387.0,386.7,386.9,66028
2025-07-30 09:20:00,386.95,387.0,386.65,386.7,47221
2025-07-30 09:25:00,386.7,386.9,386.55,386.65,65411
2025-07-30 09:30:00,386.7,387.35,386.5,387.3,275352
2025-07-30 09:35:00,387.25,387.35,387.15,387.25,174956
2025-07-30 09:40:00,387.25,387.3,386.65,386.8,250657
2025-07-30 09:45:00,386.75,386.9,386.1,386.8,463336
2025-07-30 09:50:00,386.85,386.95,385.6,385.95,409124
2025-07-30 09:55:00,385.9,386.0,385.0,385.65,373757
2025-07-31 03:45:00,379.0,383.35,378.8,383.0,1115121
2025-07-31 03:50:00,382.9,384.6,382.7,383.7,358480
2025-07-31 03:55:00,383.7,385.45,383.55,385.05,287926
2025-07-31 04:00:00,385.2,385.45,384.05,385.45,248931
2025-07-31 04:05:00,385.45,385.45,384.2,384.6,149308
2025-07-31 04:10:00,384.55,384.9,384.25,384.8,132194
2025-07-31 04:15:00,384.65,384.75,384.05,384.2,120780
2025-07-31 04:20:00,384.2,384.8,384.1,384.6,56824
2025-07-31 04:25:00,384.6,385.0,383.85,383.85,93221
2025-07-31 04:30:00,383.85,383.85,382.25,383.25,223032
2025-07-31 04:35:00,383.25,383.35,382.6,382.75,101955
2025-07-31 04:40:00,382.75,383.0,382.5,382.95,51421
2025-07-31 04:45:00,382.95,382.95,382.55,382.7,49409
2025-07-31 04:50:00,382.7,383.0,382.4,382.95,77877
2025-07-31 04:55:00,382.85,382.95,382.4,382.55,46105
2025-07-31 05:00:00,382.45,383.0,382.4,382.9,63272
2025-07-31 05:05:00,382.95,383.7,382.9,383.6,92706
2025-07-31 05:10:00,383.45,383.65,382.4,382.5,92587
2025-07-31 05:15:00,382.55,383.6,382.5,383.4,62431
2025-07-31 05:20:00,383.55,384.5,383.35,384.35,130261
2025-07-31 05:25:00,384.35,384.7,383.6,384.5,143539
2025-07-31 05:30:00,384.5,385.4,384.5,384.7,183377
2025-07-31 05:35:00,384.8,385.0,384.4,384.6,64122
2025-07-31 05:40:00,384.6,385.1,384.3,384.6,93911
2025-07-31 05:45:00,384.5,384.8,384.4,384.8,29632
2025-07-31 05:50:00,384.75,385.25,384.5,385.25,55922
2025-07-31 05:55:00,385.3,385.5,384.7,384.9,60062
2025-07-31 06:00:00,384.9,385.2,384.65,384.85,45663
2025-07-31 06:05:00,384.8,384.95,384.45,384.75,52317
2025-07-31 06:10:00,384.75,385.2,384.7,385.0,102136
2025-07-31 06:15:00,385.05,385.2,384.5,384.8,90841
2025-07-31 06:20:00,384.8,384.95,384.1,384.2,60078
2025-07-31 06:25:00,384.25,384.35,383.9,384.1,69372
2025-07-31 06:30:00,384.1,384.1,383.6,383.9,44859
2025-07-31 06:35:00,383.85,383.95,383.6,383.7,45820
2025-07-31 06:40:00,383.65,384.3,383.65,384.2,60571
2025-07-31 06:45:00,384.3,384.8,384.15,384.75,36223
2025-07-31 06:50:00,384.75,385.5,384.6,385.35,108771
2025-07-31 06:55:00,385.45,385.45,385.0,385.15,33450
2025-07-31 07:00:00,385.2,385.8,385.05,385.75,93423
2025-07-31 07:05:00,385.8,386.45,385.7,386.4,111472
2025-07-31 07:10:00,386.4,386.5,385.85,386.1,100460
2025-07-31 07:15:00,386.1,386.45,385.85,386.45,79222
2025-07-31 07:20:00,386.45,386.75,386.25,386.45,91570
2025-07-31 07:25:00,386.45,386.55,386.05,386.55,83768
2025-07-31 07:30:00,386.55,387.0,386.4,386.9,100376
2025-07-31 07:35:00,386.9,387.85,386.75,387.8,140952
2025-07-31 07:40:00,387.8,388.25,387.45,387.55,174359
2025-07-31 07:45:00,387.55,387.8,387.25,387.5,99025
2025-07-31 07:50:00,387.45,387.5,386.55,386.65,76362
2025-07-31 07:55:00,386.65,387.15,386.45,387.0,73636
2025-07-31 08:00:00,387.05,387.2,386.7,386.8,59380
2025-07-31 08:05:00,386.85,387.0,386.6,386.9,77413
2025-07-31 08:10:00,387.0,387.0,386.15,386.3,89870
2025-07-31 08:15:00,386.2,386.65,386.1,386.4,88405
2025-07-31 08:20:00,386.45,386.45,385.75,385.85,67521
2025-07-31 08:25:00,385.85,385.9,385.25,385.4,70114
2025-07-31 08:30:00,385.4,385.85,385.15,385.7,86565
2025-07-31 08:35:00,385.7,386.35,385.6,385.9,99862
2025-07-31 08:40:00,385.9,386.25,385.35,385.5,74066
2025-07-31 08:45:00,385.35,385.55,385.05,385.25,71557
2025-07-31 08:50:00,385.3,385.35,384.8,385.05,118641
2025-07-31 08:55:00,385.05,385.05,384.3,384.35,68623
2025-07-31 09:00:00,384.4,384.65,383.55,383.95,133602
2025-07-31 09:05:00,383.95,384.45,383.8,384.45,81076
2025-07-31 09:10:00,384.45,384.45,383.75,384.15,111011
2025-07-31 09:15:00,384.1,384.15,383.9,383.95,64106
2025-07-31 09:20:00,383.9,384.25,383.6,383.85,136874
2025-07-31 09:25:00,383.8,384.1,383.8,383.95,65005
2025-07-31 09:30:00,383.95,383.95,383.2,383.4,255572
2025-07-31 09:35:00,383.45,383.45,382.9,383.0,325473
2025-07-31 09:40:00,382.9,383.3,382.75,382.9,313590
2025-07-31 09:45:00,383.05,383.2,382.6,383.1,385160
2025-07-31 09:50:00,383.1,383.3,382.85,383.1,372544
2025-07-31 09:55:00,383.25,383.3,382.4,383.0,320421
2025-08-01 03:45:00,383.1,383.5,381.05,382.2,488906
2025-08-01 03:50:00,382.15,382.15,380.5,380.6,310542
2025-08-01 03:55:00,380.6,381.0,379.6,380.25,344450
2025-08-01 04:00:00,380.25,381.45,379.65,381.15,204348
2025-08-01 04:05:00,381.15,381.35,380.1,380.2,140121
2025-08-01 04:10:00,380.3,381.45,380.15,380.85,94285
2025-08-01 04:15:00,381.0,381.05,380.4,380.65,102945
2025-08-01 04:20:00,380.8,381.25,380.5,381.0,69629
2025-08-01 04:25:00,380.9,381.05,380.2,380.45,94595
2025-08-01 04:30:00,380.6,380.75,379.8,380.75,155310
2025-08-01 04:35:00,380.5,380.75,379.65,380.25,119942
2025-08-01 04:40:00,380.05,381.1,379.75,381.1,63168
2025-08-01 04:45:00,381.2,381.2,380.5,381.15,79622
2025-08-01 04:50:00,381.2,381.25,380.7,381.0,77455
2025-08-01 04:55:00,380.95,381.3,380.8,381.25,63364
2025-08-01 05:00:00,381.15,381.8,381.15,381.65,89214
2025-08-01 05:05:00,381.8,381.9,381.5,381.65,71050
2025-08-01 05:10:00,381.6,381.7,381.25,381.45,47745
2025-08-01 05:15:00,381.5,381.95,381.2,381.7,54691
2025-08-01 05:20:00,381.65,381.75,381.4,381.45,32159
2025-08-01 05:25:00,381.4,381.5,381.15,381.35,38175
2025-08-01 05:30:00,381.35,381.9,381.35,381.8,53554
2025-08-01 05:35:00,381.8,381.85,380.75,380.9,77444
2025-08-01 05:40:00,381.0,381.1,380.4,380.55,45599
2025-08-01 05:45:00,380.45,381.45,380.45,381.05,93623
2025-08-01 05:50:00,381.05,381.4,380.85,381.1,40264
2025-08-01 05:55:00,381.15,381.15,380.1,380.6,315522
2025-08-01 06:00:00,380.7,380.7,379.85,380.05,158094
2025-08-01 06:05:00,380.05,380.45,379.85,379.95,196236
2025-08-01 06:10:00,380.0,380.1,379.0,379.15,255568
2025-08-01 06:15:00,379.15,379.65,379.05,379.45,65377
2025-08-01 06:20:00,379.55,380.0,379.35,379.85,54642
2025-08-01 06:25:00,379.75,379.85,379.45,379.65,41940
2025-08-01 06:30:00,379.5,379.8,379.5,379.75,27438
2025-08-01 06:35:00,379.65,379.85,379.55,379.75,33013
2025-08-01 06:40:00,379.75,379.75,379.1,379.3,57901
2025-08-01 06:45:00,379.15,379.25,378.2,378.5,261508
2025-08-01 06:50:00,378.5,380.0,378.45,379.95,113226
2025-08-01 06:55:00,379.95,380.3,379.8,380.1,101456
2025-08-01 07:00:00,380.15,381.5,380.0,380.95,146234
2025-08-01 07:05:00,380.95,380.95,380.45,380.55,29373
2025-08-01 07:10:00,380.55,380.65,380.05,380.35,67219
2025-08-01 07:15:00,380.35,380.8,380.0,380.8,91693
2025-08-01 07:20:00,380.8,381.15,380.65,381.15,43175
2025-08-01 07:25:00,381.1,381.25,380.95,381.05,33972
2025-08-01 07:30:00,381.0,381.15,380.65,380.9,61619
2025-08-01 07:35:00,380.9,381.5,380.8,381.3,73690
2025-08-01 07:40:00,381.3,381.6,380.95,381.4,118046
2025-08-01 07:45:00,381.4,381.5,381.2,381.3,55711
2025-08-01 07:50:00,381.4,381.45,381.1,381.3,27677
2025-08-01 07:55:00,381.35,381.5,381.25,381.5,53520
2025-08-01 08:00:00,381.5,381.5,381.1,381.25,46576
2025-08-01 08:05:00,381.15,381.3,380.35,380.65,69505
2025-08-01 08:10:00,380.7,381.0,380.5,380.9,33871
2025-08-01 08:15:00,380.95,381.25,380.85,381.15,28213
2025-08-01 08:20:00,381.1,381.15,380.85,381.0,24554
2025-08-01 08:25:00,380.9,381.0,380.55,380.85,60287
2025-08-01 08:30:00,380.85,380.95,380.55,380.85,56723
2025-08-01 08:35:00,380.85,380.95,380.55,380.7,42519
2025-08-01 08:40:00,380.7,381.05,380.55,380.95,65425
2025-08-01 08:45:00,380.85,381.0,380.4,380.45,50515
2025-08-01 08:50:00,380.4,380.45,379.95,380.05,126933
2025-08-01 08:55:00,380.1,380.1,379.45,379.9,61668
2025-08-01 09:00:00,379.9,380.3,379.65,380.15,83848
2025-08-01 09:05:00,380.25,380.3,378.9,379.35,130653
2025-08-01 09:10:00,379.3,379.45,378.45,378.8,106698
2025-08-01 09:15:00,378.8,379.5,378.55,379.35,52935
2025-08-01 09:20:00,379.4,379.45,378.35,378.4,71571
2025-08-01 09:25:00,378.3,378.45,378.0,378.1,158183
2025-08-01 09:30:00,378.05,378.6,378.0,378.05,218101
2025-08-01 09:35:00,378.0,378.05,377.25,377.35,226776
2025-08-01 09:40:00,377.5,377.65,376.75,376.95,356950
2025-08-01 09:45:00,376.9,377.15,376.2,376.8,494115
2025-08-01 09:50:00,376.85,377.4,376.8,377.35,339195
2025-08-01 09:55:00,377.2,377.5,376.8,377.25,257621
2025-08-04 03:45:00,379.0,384.25,376.45,383.8,872510
2025-08-04 03:50:00,384.0,384.35,381.6,383.1,339815
2025-08-04 03:55:00,383.15,384.5,382.75,383.95,245353
2025-08-04 04:00:00,384.2,385.0,383.3,383.75,253237
2025-08-04 04:05:00,383.6,384.2,383.1,383.5,173280
2025-08-04 04:10:00,383.45,384.35,382.8,382.9,160309
2025-08-04 04:15:00,382.95,383.4,382.0,383.4,179549
2025-08-04 04:20:00,383.4,384.05,383.1,383.7,97335
2025-08-04 04:25:00,383.7,384.15,383.5,383.8,75257
2025-08-04 04:30:00,383.8,384.8,383.55,384.8,196340
2025-08-04 04:35:00,384.75,385.9,384.6,385.6,395129
2025-08-04 04:40:00,385.7,385.8,384.8,385.3,120507
2025-08-04 04:45:00,385.25,385.95,385.25,385.55,142733
2025-08-04 04:50:00,385.7,386.35,385.55,385.9,171003
2025-08-04 04:55:00,385.9,385.9,384.8,384.95,99555
2025-08-04 05:00:00,385.05,385.4,384.85,384.95,61493
2025-08-04 05:05:00,384.85,385.2,384.5,385.0,78503
2025-08-04 05:10:00,385.1,385.2,384.75,384.8,54413
2025-08-04 05:15:00,384.8,384.85,384.1,384.2,107774
2025-08-04 05:20:00,384.35,384.7,383.95,384.25,107081
2025-08-04 05:25:00,384.25,384.35,383.4,383.55,74784
2025-08-04 05:30:00,383.45,384.7,383.4,384.55,71854
2025-08-04 05:35:00,384.6,385.15,384.3,384.75,93736
2025-08-04 05:40:00,384.75,385.4,384.65,385.35,120704
2025-08-04 05:45:00,385.35,385.9,385.2,385.7,134699
2025-08-04 05:50:00,385.85,386.2,385.6,386.2,148323
2025-08-04 05:55:00,386.1,386.5,385.7,385.9,124592
2025-08-04 06:00:00,385.9,386.5,385.8,386.0,123920
2025-08-04 06:05:00,386.0,386.25,385.35,385.7,147038
2025-08-04 06:10:00,385.7,386.9,385.7,386.7,144032
2025-08-04 06:15:00,386.75,387.85,386.55,387.85,320220
2025-08-04 06:20:00,387.75,388.35,387.05,387.55,298036
2025-08-04 06:25:00,387.5,388.25,387.35,388.05,139870
2025-08-04 06:30:00,388.05,388.2,387.55,387.95,128482
2025-08-04 06:35:00,387.95,388.2,387.6,388.2,136071
2025-08-04 06:40:00,388.1,388.3,387.65,388.1,133417
2025-08-04 06:45:00,388.0,388.3,387.85,388.3,126913
2025-08-04 06:50:00,388.3,388.9,388.1,388.55,230915
2025-08-04 06:55:00,388.6,388.95,388.4,388.9,215062
2025-08-04 07:00:00,388.9,388.9,387.6,387.65,237247
2025-08-04 07:05:00,387.65,387.9,387.15,387.85,169658
2025-08-04 07:10:00,387.85,387.85,387.0,387.05,148542
2025-08-04 07:15:00,387.05,387.45,387.0,387.2,143415
2025-08-04 07:20:00,387.2,387.25,387.0,387.05,156195
2025-08-04 07:25:00,387.05,387.2,386.7,386.85,146925
2025-08-04 07:30:00,387.0,387.7,386.85,387.45,145586
2025-08-04 07:35:00,387.5,387.85,387.4,387.85,89004
2025-08-04 07:40:00,387.85,387.95,387.0,387.3,117848
2025-08-04 07:45:00,387.3,387.6,386.95,387.55,94419
2025-08-04 07:50:00,387.55,387.95,387.3,387.85,83218
2025-08-04 07:55:00,387.7,387.95,387.1,387.4,120160
2025-08-04 08:00:00,387.4,388.0,387.3,387.9,97121
2025-08-04 08:05:00,387.85,388.0,387.5,387.9,90923
2025-08-04 08:10:00,387.9,388.2,387.7,388.2,86277
2025-08-04 08:15:00,388.15,388.7,388.05,388.65,132761
2025-08-04 08:20:00,388.6,388.8,388.5,388.65,104085
2025-08-04 08:25:00,388.6,388.8,388.5,388.8,84678
2025-08-04 08:30:00,388.65,388.85,388.0,388.35,125699
2025-08-04 08:35:00,388.2,388.8,388.2,388.8,111992
2025-08-04 08:40:00,388.75,389.25,388.7,389.25,178079
2025-08-04 08:45:00,389.15,389.65,388.75,388.95,251820
2025-08-04 08:50:00,388.8,389.35,388.8,389.0,106324
2025-08-04 08:55:00,389.0,389.1,388.75,389.05,88950
2025-08-04 09:00:00,388.9,389.55,388.9,389.5,122465
2025-08-04 09:05:00,389.5,389.65,389.0,389.15,128364
2025-08-04 09:10:00,389.0,389.3,388.6,388.6,111119
2025-08-04 09:15:00,388.7,389.25,388.2,389.25,140926
2025-08-04 09:20:00,389.2,389.45,389.0,389.3,114000
2025-08-04 09:25:00,389.25,389.4,389.0,389.1,115787
2025-08-04 09:30:00,389.1,389.3,388.6,389.2,347343
2025-08-04 09:35:00,389.3,389.45,389.2,389.45,246523
2025-08-04 09:40:00,389.5,389.5,389.2,389.4,407585
2025-08-04 09:45:00,389.4,389.75,389.05,389.45,542939
2025-08-04 09:50:00,389.45,389.7,389.35,389.45,430297
2025-08-04 09:55:00,389.4,390.25,389.4,389.9,788876
2025-08-05 03:45:00,390.0,390.25,387.15,387.3,888340
2025-08-05 03:50:00,387.15,388.05,386.7,386.75,441324
2025-08-05 03:55:00,386.7,386.75,385.6,386.35,389523
2025-08-05 04:00:00,386.45,386.45,385.3,386.15,278692
2025-08-05 04:05:00,386.1,386.65,384.7,385.0,333847
2025-08-05 04:10:00,384.8,385.25,384.4,384.65,227965
2025-08-05 04:15:00,384.65,384.65,384.0,384.05,211881
2025-08-05 04:20:00,384.0,384.65,383.35,384.55,285617
2025-08-05 04:25:00,384.55,384.85,384.2,384.4,184858
2025-08-05 04:30:00,384.4,384.8,384.0,384.7,168640
2025-08-05 04:35:00,384.65,385.4,384.4,385.4,172997
2025-08-05 04:40:00,385.35,385.7,384.65,385.25,210369
2025-08-05 04:45:00,385.35,385.4,384.65,384.9,138891
2025-08-05 04:50:00,385.0,385.15,384.65,384.95,113626
2025-08-05 04:55:00,384.95,384.95,384.3,384.85,193445
2025-08-05 05:00:00,384.8,385.4,384.25,385.35,215677
2025-08-05 05:05:00,385.45,385.55,384.95,385.35,255457
2025-08-05 05:10:00,385.4,385.6,384.85,384.95,161426
2025-08-05 05:15:00,384.9,384.95,384.4,384.85,127267
2025-08-05 05:20:00,384.8,385.6,384.8,385.15,145516
2025-08-05 05:25:00,385.2,385.2,384.65,384.95,82956
2025-08-05 05:30:00,385.0,385.0,384.75,384.95,86910
2025-08-05 05:35:00,384.9,385.0,384.6,384.7,86879
2025-08-05 05:40:00,384.75,385.7,384.6,385.5,151775
2025-08-05 05:45:00,385.5,385.7,385.15,385.55,137194
2025-08-05 05:50:00,385.7,385.75,385.3,385.5,102598
2025-08-05 05:55:00,385.5,385.6,385.1,385.1,106218
2025-08-05 06:00:00,385.15,385.25,384.75,384.75,107421
2025-08-05 06:05:00,384.75,384.9,384.65,384.75,95069
2025-08-05 06:10:00,384.75,385.25,384.7,385.05,101089
2025-08-05 06:15:00,385.15,385.15,384.65,384.9,64137
2025-08-05 06:20:00,384.95,385.1,384.75,384.75,77972
2025-08-05 06:25:00,384.75,384.9,384.55,384.55,104629
2025-08-05 06:30:00,384.65,384.85,384.5,384.5,88047
2025-08-05 06:35:00,384.5,384.8,384.25,384.25,109781
2025-08-05 06:40:00,384.25,384.9,384.1,384.75,104977
2025-08-05 06:45:00,384.85,385.25,384.7,385.15,94175
2025-08-05 06:50:00,385.0,385.3,384.75,384.95,101104
2025-08-05 06:55:00,384.85,385.15,384.6,385.0,78549
2025-08-05 07:00:00,385.0,385.65,384.8,385.5,136987
2025-08-05 07:05:00,385.55,385.75,385.0,385.0,111092
2025-08-05 07:10:00,384.95,385.15,384.8,384.9,55887
2025-08-05 07:15:00,384.8,384.9,384.55,384.65,68008
2025-08-05 07:20:00,384.55,384.65,384.5,384.65,55547
2025-08-05 07:25:00,384.65,384.8,384.5,384.7,58506
2025-08-05 07:30:00,384.7,384.7,383.85,384.25,168868
2025-08-05 07:35:00,384.25,385.5,384.15,385.1,131282
2025-08-05 07:40:00,385.2,385.2,384.7,385.2,68243
2025-08-05 07:45:00,385.2,385.2,384.85,385.1,54249
2025-08-05 07:50:00,385.1,385.1,384.25,384.85,97576
2025-08-05 07:55:00,384.95,385.7,384.75,385.55,135492
2025-08-05 08:00:00,385.55,386.8,385.4,386.6,277040
2025-08-05 08:05:00,386.6,387.0,386.2,386.85,204468
2025-08-05 08:10:00,386.85,386.9,386.1,386.3,103957
2025-08-05 08:15:00,386.3,386.3,385.85,386.0,75693
2025-08-05 08:20:00,385.95,388.0,385.8,388.0,300931
2025-08-05 08:25:00,387.7,388.85,387.55,387.8,519441
2025-08-05 08:30:00,387.85,388.7,387.1,387.6,200568
2025-08-05 08:35:00,387.6,387.6,386.15,386.6,165063
2025-08-05 08:40:00,386.5,387.05,386.3,386.85,91538
2025-08-05 08:45:00,386.9,388.4,386.55,388.3,284798
2025-08-05 08:50:00,388.15,388.6,386.8,386.9,177449
2025-08-05 08:55:00,386.85,387.15,386.6,386.85,97398
2025-08-05 09:00:00,386.85,387.1,386.15,386.55,175877
2025-08-05 09:05:00,386.65,386.75,386.35,386.7,104291
2025-08-05 09:10:00,386.75,386.85,386.35,386.45,87688
2025-08-05 09:15:00,386.45,386.8,385.8,386.35,164756
2025-08-05 09:20:00,386.3,386.55,386.0,386.05,90957
2025-08-05 09:25:00,386.05,386.2,385.8,386.2,123612
2025-08-05 09:30:00,386.2,386.45,385.5,386.25,266674
2025-08-05 09:35:00,386.3,386.9,386.2,386.7,249385
2025-08-05 09:40:00,386.6,387.15,386.6,387.05,366844
2025-08-05 09:45:00,387.05,387.2,386.55,387.0,483111
2025-08-05 09:50:00,387.0,387.0,386.35,386.7,396819
2025-08-05 09:55:00,386.55,386.75,386.45,386.6,302120
2025-08-06 03:45:00,392.0,393.5,389.7,390.3,2358861
2025-08-06 03:50:00,390.15,391.6,389.5,389.55,875589
2025-08-06 03:55:00,389.55,390.65,388.15,388.85,815854
2025-08-06 04:00:00,388.9,389.9,388.1,389.65,360832
2025-08-06 04:05:00,389.65,389.65,388.25,388.35,201420
2025-08-06 04:10:00,388.45,388.95,388.0,388.0,212588
2025-08-06 04:15:00,388.05,388.15,387.55,387.85,285179
2025-08-06 04:20:00,387.85,388.7,387.3,388.5,251183
2025-08-06 04:25:00,388.55,388.55,387.85,388.0,165531
2025-08-06 04:30:00,388.0,388.45,387.35,387.65,234344
2025-08-06 04:35:00,387.65,388.0,387.1,388.0,181186
2025-08-06 04:40:00,388.0,388.0,387.1,387.85,137178
2025-08-06 04:45:00,387.85,388.9,387.6,388.85,158441
2025-08-06 04:50:00,388.75,389.3,388.7,389.2,199149
2025-08-06 04:55:00,389.25,390.0,388.9,389.5,284150
2025-08-06 05:00:00,389.65,389.65,388.7,389.3,172708
2025-08-06 05:05:00,389.3,389.35,388.3,388.7,203748
2025-08-06 05:10:00,388.7,388.9,388.4,388.5,85175
2025-08-06 05:15:00,388.4,388.85,388.1,388.3,182527
2025-08-06 05:20:00,388.3,388.5,387.9,388.25,210764
2025-08-06 05:25:00,388.25,388.6,387.9,388.0,87862
2025-08-06 05:30:00,388.05,388.4,387.8,388.35,131135
2025-08-06 05:35:00,388.35,388.4,387.9,388.0,87169
2025-08-06 05:40:00,388.0,388.15,387.3,388.05,164821
2025-08-06 05:45:00,387.9,388.05,387.15,387.45,117279
2025-08-06 05:50:00,387.3,387.75,387.1,387.2,91454
2025-08-06 05:55:00,387.2,388.25,387.1,388.0,119976
2025-08-06 06:00:00,388.0,388.0,387.3,387.55,108720
2025-08-06 06:05:00,387.55,387.95,387.1,387.7,96488
2025-08-06 06:10:00,387.65,387.8,387.25,387.5,100021
2025-08-06 06:15:00,387.5,388.1,387.35,388.1,93046
2025-08-06 06:20:00,388.1,388.8,388.0,388.7,130408
2025-08-06 06:25:00,388.7,388.75,387.5,388.1,151154
2025-08-06 06:30:00,388.1,388.6,387.8,388.5,109786
2025-08-06 06:35:00,388.5,388.8,388.15,388.3,143487
2025-08-06 06:40:00,388.2,388.8,388.1,388.65,107050
2025-08-06 06:45:00,388.8,389.45,388.5,389.25,190213
2025-08-06 06:50:00,389.2,389.9,389.05,389.15,230056
2025-08-06 06:55:00,389.15,389.2,388.45,389.0,189119
2025-08-06 07:00:00,389.0,389.8,388.9,389.65,135923
2025-08-06 07:05:00,389.65,389.8,389.25,389.45,144140
2025-08-06 07:10:00,389.45,389.7,389.1,389.65,123638
2025-08-06 07:15:00,389.6,390.8,389.6,390.6,264308
2025-08-06 07:20:00,390.5,391.35,390.0,390.8,321847
2025-08-06 07:25:00,390.85,390.85,390.3,390.7,96805
2025-08-06 07:30:00,390.7,391.15,390.6,391.1,124930
2025-08-06 07:35:00,391.05,391.2,390.5,390.6,121924
2025-08-06 07:40:00,390.6,390.75,390.2,390.45,118704
2025-08-06 07:45:00,390.45,390.55,390.2,390.25,91998
2025-08-06 07:50:00,390.3,390.55,390.1,390.1,81934
2025-08-06 07:55:00,390.2,391.5,390.05,391.5,176149
2025-08-06 08:00:00,391.5,391.8,391.0,391.15,177365
2025-08-06 08:05:00,391.2,391.9,391.2,391.7,159944
2025-08-06 08:10:00,391.7,391.7,390.4,390.95,155932
2025-08-06 08:15:00,391.0,391.2,390.5,390.6,84599
2025-08-06 08:20:00,390.6,390.75,390.3,390.45,87823
2025-08-06 08:25:00,390.45,390.95,390.25,390.55,75888
2025-08-06 08:30:00,390.65,390.75,390.3,390.3,83919
2025-08-06 08:35:00,390.3,390.75,390.25,390.6,98966
2025-08-06 08:40:00,390.6,390.6,389.7,389.8,129166
2025-08-06 08:45:00,389.75,390.0,389.5,389.95,136503
2025-08-06 08:50:00,389.95,390.15,389.9,389.95,83526
2025-08-06 08:55:00,389.95,390.05,389.0,389.0,161291
2025-08-06 09:00:00,389.05,389.05,388.65,388.8,122475
2025-08-06 09:05:00,388.8,388.9,388.1,388.7,174456
2025-08-06 09:10:00,388.7,388.8,388.3,388.6,109771
2025-08-06 09:15:00,388.6,388.85,388.5,388.75,126129
2025-08-06 09:20:00,388.7,389.05,388.55,388.9,144732
2025-08-06 09:25:00,389.0,389.65,388.8,388.8,274314
2025-08-06 09:30:00,388.8,389.85,388.5,389.55,468301
2025-08-06 09:35:00,389.6,390.1,389.55,389.65,430510
2025-08-06 09:40:00,389.7,390.0,389.7,390.0,382176
2025-08-06 09:45:00,390.0,390.0,389.2,389.6,497042
2025-08-06 09:50:00,389.7,390.0,389.6,390.0,503453
2025-08-06 09:55:00,390.0,390.0,389.0,389.0,348966
2025-08-07 03:45:00,386.0,389.65,385.6,389.1,751790
2025-08-07 03:50:00,389.05,390.3,388.6,388.65,445836
2025-08-07 03:55:00,389.0,389.1,388.35,388.65,224205
2025-08-07 04:00:00,388.7,389.85,388.4,389.2,155910
2025-08-07 04:05:00,389.3,389.5,388.7,389.25,117968
2025-08-07 04:10:00,389.4,389.8,388.5,388.65,132924
2025-08-07 04:15:00,388.7,389.35,388.65,388.9,77789
2025-08-07 04:20:00,388.8,389.0,388.65,388.65,77064
2025-08-07 04:25:00,388.7,388.7,387.8,388.3,180625
2025-08-07 04:30:00,388.1,388.95,388.05,388.5,84574
2025-08-07 04:35:00,388.55,388.7,388.2,388.35,108365
2025-08-07 04:40:00,388.35,388.7,388.15,388.5,67653
2025-08-07 04:45:00,388.6,389.35,388.2,389.15,102437
2025-08-07 04:50:00,389.15,389.15,388.55,389.0,53915
2025-08-07 04:55:00,388.95,389.1,388.3,388.4,61750
2025-08-07 05:00:00,388.15,388.5,387.6,388.5,256459
2025-08-07 05:05:00,388.45,388.6,388.0,388.15,68985
2025-08-07 05:10:00,388.2,388.25,387.55,388.1,323120
2025-08-07 05:15:00,388.2,388.3,387.4,388.0,168959
2025-08-07 05:20:00,387.95,388.3,387.75,388.0,77770
2025-08-07 05:25:00,388.0,388.4,387.9,388.05,62787
2025-08-07 05:30:00,388.0,388.05,386.85,387.15,204196
2025-08-07 05:35:00,387.1,387.3,386.65,387.15,110183
2025-08-07 05:40:00,387.25,387.4,387.05,387.1,46807
2025-08-07 05:45:00,387.25,387.85,387.0,387.45,81049
2025-08-07 05:50:00,387.6,387.6,386.8,386.8,77890
2025-08-07 05:55:00,386.8,387.0,386.55,386.8,113585
2025-08-07 06:00:00,386.75,386.75,386.1,386.3,84176
2025-08-07 06:05:00,386.3,386.6,385.6,386.4,157857
2025-08-07 06:10:00,386.45,386.8,385.7,386.05,127801
2025-08-07 06:15:00,386.1,386.25,385.7,385.8,119360
2025-08-07 06:20:00,385.7,385.95,385.25,385.8,118428
2025-08-07 06:25:00,385.85,385.9,385.5,385.6,99274
2025-08-07 06:30:00,385.7,385.85,385.45,385.75,75215
2025-08-07 06:35:00,385.85,385.85,384.6,385.35,270872
2025-08-07 06:40:00,385.25,386.2,385.15,386.0,99045
2025-08-07 06:45:00,386.15,386.5,385.75,385.75,114850
2025-08-07 06:50:00,385.9,385.9,385.5,385.55,60213
2025-08-07 06:55:00,385.5,385.75,385.25,385.25,68630
2025-08-07 07:00:00,385.35,385.4,384.7,384.8,99350
2025-08-07 07:05:00,384.7,385.1,384.6,384.9,102129
2025-08-07 07:10:00,385.0,385.3,384.4,384.45,241544
2025-08-07 07:15:00,384.5,385.2,384.45,385.05,112817
2025-08-07 07:20:00,385.1,385.3,384.7,384.9,101344
2025-08-07 07:25:00,384.9,385.55,384.55,385.45,116831
2025-08-07 07:30:00,385.55,385.65,384.65,384.9,89075
2025-08-07 07:35:00,384.85,385.15,384.4,384.55,96857
2025-08-07 07:40:00,384.65,384.75,384.1,384.35,128540
2025-08-07 07:45:00,384.65,384.65,384.0,384.5,127387
2025-08-07 07:50:00,384.6,384.6,383.5,383.55,147897
2025-08-07 07:55:00,383.5,384.1,383.5,383.65,106750
2025-08-07 08:00:00,383.65,384.25,383.6,383.85,104301
2025-08-07 08:05:00,383.9,383.95,383.5,383.9,81999
2025-08-07 08:10:00,383.95,385.2,383.8,384.95,206771
2025-08-07 08:15:00,385.1,385.15,384.8,385.15,135370
2025-08-07 08:20:00,385.15,385.15,384.5,384.75,130195
2025-08-07 08:25:00,384.7,385.0,384.5,384.75,72873
2025-08-07 08:30:00,384.7,385.0,384.7,385.0,52253
2025-08-07 08:35:00,384.95,385.45,384.95,385.3,121290
2025-08-07 08:40:00,385.35,385.75,385.0,385.15,114622
2025-08-07 08:45:00,385.1,386.2,385.1,385.95,129255
2025-08-07 08:50:00,385.9,386.4,385.15,385.25,278278
2025-08-07 08:55:00,385.2,385.75,385.0,385.7,148203
2025-08-07 09:00:00,385.7,386.3,385.7,386.25,97352
2025-08-07 09:05:00,386.1,386.3,385.8,386.05,202702
2025-08-07 09:10:00,386.05,386.6,385.9,386.5,250223
2025-08-07 09:15:00,386.45,386.85,386.05,386.55,234142
2025-08-07 09:20:00,386.55,386.9,386.5,386.8,162657
2025-08-07 09:25:00,386.8,387.15,386.35,387.05,194235
2025-08-07 09:30:00,387.15,387.6,387.0,387.5,397529
2025-08-07 09:35:00,387.45,388.0,387.3,387.5,280442
2025-08-07 09:40:00,387.5,387.75,387.3,387.6,191504
2025-08-07 09:45:00,387.65,388.15,387.4,387.8,289541
2025-08-07 09:50:00,387.75,388.75,387.75,388.45,274032
2025-08-07 09:55:00,388.4,388.65,387.9,388.25,259565
2025-08-08 03:45:00,385.3,387.4,385.3,386.05,376704
2025-08-08 03:50:00,386.3,386.65,385.1,385.4,234983
2025-08-08 03:55:00,385.4,385.4,384.05,384.15,247672
2025-08-08 04:00:00,384.1,384.5,383.75,384.1,163636
2025-08-08 04:05:00,384.1,385.35,384.0,385.05,105618
2025-08-08 04:10:00,385.2,385.35,384.8,385.05,62480
2025-08-08 04:15:00,385.05,385.3,384.75,384.9,79511
2025-08-08 04:20:00,384.85,385.2,384.6,385.0,57992
2025-08-08 04:25:00,384.95,385.3,384.65,385.05,50099
2025-08-08 04:30:00,385.05,385.1,384.3,384.55,53681
2025-08-08 04:35:00,384.5,385.0,384.3,384.8,61950
2025-08-08 04:40:00,384.8,385.1,384.65,384.7,33710
2025-08-08 04:45:00,384.8,386.0,384.55,385.9,112809
2025-08-08 04:50:00,385.9,386.0,385.55,385.65,39737
2025-08-08 04:55:00,385.8,386.0,385.5,385.7,47668
2025-08-08 05:00:00,385.7,385.7,384.95,385.15,109732
2025-08-08 05:05:00,385.2,385.3,384.0,384.05,152072
2025-08-08 05:10:00,384.0,384.4,383.6,383.95,159377
2025-08-08 05:15:00,383.95,384.4,383.85,384.25,64182
2025-08-08 05:20:00,384.3,384.55,384.05,384.25,67397
2025-08-08 05:25:00,384.2,384.45,384.0,384.15,72537
2025-08-08 05:30:00,384.1,385.0,384.1,384.75,50091
2025-08-08 05:35:00,384.65,385.35,384.45,385.2,41578
2025-08-08 05:40:00,385.1,385.6,384.95,385.5,49643
2025-08-08 05:45:00,385.55,385.9,385.4,385.9,63764
2025-08-08 05:50:00,385.9,386.35,385.55,385.65,174986
2025-08-08 05:55:00,385.6,385.75,385.2,385.25,45284
2025-08-08 06:00:00,385.2,385.45,385.0,385.4,67600
2025-08-08 06:05:00,385.4,385.6,384.9,384.9,42469
2025-08-08 06:10:00,385.0,385.1,384.65,384.9,25652
2025-08-08 06:15:00,384.95,385.1,384.8,385.1,20588
2025-08-08 06:20:00,385.0,385.4,385.0,385.2,18778
2025-08-08 06:25:00,385.1,385.3,384.45,384.8,54787
2025-08-08 06:30:00,384.8,384.85,384.5,384.8,31861
2025-08-08 06:35:00,384.8,385.15,384.6,385.0,29951
2025-08-08 06:40:00,385.0,385.15,384.85,384.95,66532
2025-08-08 06:45:00,384.9,384.95,384.6,384.7,48437
2025-08-08 06:50:00,384.7,384.8,384.25,384.35,80459
2025-08-08 06:55:00,384.35,385.0,384.35,384.8,64466
2025-08-08 07:00:00,384.75,384.8,384.6,384.65,46242
2025-08-08 07:05:00,384.6,384.75,384.2,384.3,85539
2025-08-08 07:10:00,384.25,384.7,384.25,384.6,35984
2025-08-08 07:15:00,384.65,385.35,384.6,385.35,53100
2025-08-08 07:20:00,385.35,385.75,385.2,385.7,63906
2025-08-08 07:25:00,385.6,385.95,385.55,385.55,30873
2025-08-08 07:30:00,385.65,386.3,385.2,386.15,113266
2025-08-08 07:35:00,386.15,386.5,386.0,386.3,84919
2025-08-08 07:40:00,386.3,386.45,386.0,386.05,48814
2025-08-08 07:45:00,386.0,386.35,386.0,386.15,46398
2025-08-08 07:50:00,386.2,386.35,386.0,386.15,50115
2025-08-08 07:55:00,386.15,386.3,385.35,385.75,70885
2025-08-08 08:00:00,385.75,386.3,385.5,386.1,48827
2025-08-08 08:05:00,385.95,386.2,385.6,386.0,46646
2025-08-08 08:10:00,385.95,386.3,385.65,386.2,35984
2025-08-08 08:15:00,386.25,386.45,385.7,386.0,153698
2025-08-08 08:20:00,386.05,386.3,385.7,386.0,42568
2025-08-08 08:25:00,386.05,386.2,385.8,386.15,52963
2025-08-08 08:30:00,386.15,387.0,386.05,386.4,153022
2025-08-08 08:35:00,386.45,386.55,386.2,386.4,55076
2025-08-08 08:40:00,386.4,386.45,385.45,386.0,102894
2025-08-08 08:45:00,385.9,386.5,385.7,386.2,82016
2025-08-08 08:50:00,386.25,386.45,385.75,385.8,65865
2025-08-08 08:55:00,385.9,385.95,384.75,385.0,145163
2025-08-08 09:00:00,385.0,385.65,384.85,385.6,83206
2025-08-08 09:05:00,385.6,386.0,385.4,385.8,56235
2025-08-08 09:10:00,385.85,386.85,385.75,386.8,179318
2025-08-08 09:15:00,386.8,386.9,386.05,386.2,164494
2025-08-08 09:20:00,386.15,386.25,385.8,385.95,126873
2025-08-08 09:25:00,385.85,386.0,385.3,385.6,145690
2025-08-08 09:30:00,385.5,385.6,384.75,384.95,193990
2025-08-08 09:35:00,385.0,385.3,384.5,384.8,165902
2025-08-08 09:40:00,385.0,385.0,384.4,384.65,251269
2025-08-08 09:45:00,384.5,384.7,384.05,384.15,303787
2025-08-08 09:50:00,384.2,384.7,384.0,384.6,202731
2025-08-08 09:55:00,384.55,384.7,384.05,384.4,216219
2025-08-11 03:45:00,384.0,384.9,381.55,383.95,367888
2025-08-11 03:50:00,384.0,384.85,383.75,384.15,127533
2025-08-11 03:55:00,384.25,385.2,383.75,384.6,213382
2025-08-11 04:00:00,384.6,384.95,383.5,384.85,110754
2025-08-11 04:05:00,384.95,384.95,384.25,384.25,80276
2025-08-11 04:10:00,384.25,384.8,384.0,384.25,82740
2025-08-11 04:15:00,384.2,384.25,383.0,383.15,161125
2025-08-11 04:20:00,383.1,383.75,382.5,383.55,85282
2025-08-11 04:25:00,383.4,383.5,382.95,383.4,43596
2025-08-11 04:30:00,383.4,383.45,382.9,383.05,58632
2025-08-11 04:35:00,383.15,383.2,382.1,382.55,99965
2025-08-11 04:40:00,382.5,383.3,382.2,383.2,94486
2025-08-11 04:45:00,383.3,383.95,383.0,383.8,66617
2025-08-11 04:50:00,383.85,385.85,383.6,385.7,278467
2025-08-11 04:55:00,385.7,386.3,384.75,385.45,186027
2025-08-11 05:00:00,385.5,386.25,385.4,386.1,154144
2025-08-11 05:05:00,386.2,387.2,386.15,387.2,233996
2025-08-11 05:10:00,387.2,388.3,386.65,387.9,328027
2025-08-11 05:15:00,387.9,388.4,386.65,386.65,274913
2025-08-11 05:20:00,386.7,386.95,386.15,386.4,125591
2025-08-11 05:25:00,386.4,386.5,385.85,386.15,123453
2025-08-11 05:30:00,386.2,386.95,386.2,386.7,67896
2025-08-11 05:35:00,386.55,387.2,386.3,387.15,188061
2025-08-11 05:40:00,387.2,387.3,386.1,386.55,102066
2025-08-11 05:45:00,386.45,386.6,386.2,386.25,57530
2025-08-11 05:50:00,386.25,386.5,386.0,386.3,45574
2025-08-11 05:55:00,386.3,386.4,386.05,386.1,44496
2025-08-11 06:00:00,386.1,386.2,384.5,384.55,459203
2025-08-11 06:05:00,384.55,384.55,384.0,384.05,122828
2025-08-11 06:10:00,384.1,384.35,383.75,383.85,69821
2025-08-11 06:15:00,383.8,384.0,383.25,383.5,73235
2025-08-11 06:20:00,383.55,383.7,382.6,382.85,187148
2025-08-11 06:25:00,382.8,383.05,382.8,382.95,101484
2025-08-11 06:30:00,383.0,383.65,382.9,383.5,92250
2025-08-11 06:35:00,383.55,383.8,383.0,383.3,64034
2025-08-11 06:40:00,383.2,384.0,383.15,383.95,46241
2025-08-11 06:45:00,383.85,384.25,383.45,383.55,103116
2025-08-11 06:50:00,383.6,383.9,383.35,383.9,37760
2025-08-11 06:55:00,383.85,383.9,383.5,383.65,33786
2025-08-11 07:00:00,383.6,383.65,382.25,382.6,185246
2025-08-11 07:05:00,382.6,383.0,382.5,383.0,48514
2025-08-11 07:10:00,382.95,383.15,381.85,382.35,311574
2025-08-11 07:15:00,382.4,382.4,382.0,382.15,154381
2025-08-11 07:20:00,382.15,382.7,382.0,382.65,77566
2025-08-11 07:25:00,382.65,382.8,382.05,382.55,87232
2025-08-11 07:30:00,382.85,383.2,382.1,382.1,295457
2025-08-11 07:35:00,382.2,383.5,382.1,383.45,117206
2025-08-11 07:40:00,383.5,383.65,383.1,383.2,72666
2025-08-11 07:45:00,383.25,383.35,382.9,383.15,43926
2025-08-11 07:50:00,383.15,383.35,382.6,382.8,49593
2025-08-11 07:55:00,382.8,383.4,382.7,383.05,45584
2025-08-11 08:00:00,383.15,383.45,382.9,383.0,65684
2025-08-11 08:05:00,382.95,383.0,382.7,383.0,36019
2025-08-11 08:10:00,382.95,383.0,382.7,382.9,36768
2025-08-11 08:15:00,382.95,383.0,382.75,382.95,43569
2025-08-11 08:20:00,383.0,383.75,382.95,383.7,149707
2025-08-11 08:25:00,383.8,384.3,383.5,384.0,116839
2025-08-11 08:30:00,384.0,384.3,383.9,384.15,56847
2025-08-11 08:35:00,384.2,384.3,384.05,384.2,52967
2025-08-11 08:40:00,384.2,384.2,383.4,383.8,58010
2025-08-11 08:45:00,383.8,383.95,383.5,383.7,39883
2025-08-11 08:50:00,383.7,383.7,383.05,383.15,84671
2025-08-11 08:55:00,383.2,383.4,383.05,383.4,45143
2025-08-11 09:00:00,383.5,384.15,383.35,384.05,81031
2025-08-11 09:05:00,384.1,384.3,384.0,384.15,87764
2025-08-11 09:10:00,384.25,384.4,383.85,384.0,142254
2025-08-11 09:15:00,384.0,384.4,383.95,384.3,63270
2025-08-11 09:20:00,384.3,384.4,384.2,384.3,61271
2025-08-11 09:25:00,384.3,384.7,384.1,384.7,81543
2025-08-11 09:30:00,384.7,384.85,384.15,384.3,116873
2025-08-11 09:35:00,384.3,384.4,384.15,384.2,90550
2025-08-11 09:40:00,384.15,384.25,383.55,383.7,149415
2025-08-11 09:45:00,383.7,383.9,383.45,383.85,204095
2025-08-11 09:50:00,383.85,383.95,383.55,383.75,193601
2025-08-11 09:55:00,383.75,383.8,383.45,383.7,162492
2025-08-12 03:45:00,384.0,385.35,380.1,380.2,749342
2025-08-12 03:50:00,380.15,381.9,379.55,381.9,382427
2025-08-12 03:55:00,381.75,382.35,381.45,382.1,184466
2025-08-12 04:00:00,382.2,382.3,380.75,380.95,201362
2025-08-12 04:05:00,380.9,380.95,379.7,379.95,321655
2025-08-12 04:10:00,379.95,380.9,379.6,380.65,155508
2025-08-12 04:15:00,380.65,380.95,380.5,380.9,74885
2025-08-12 04:20:00,380.95,382.45,380.8,382.45,203321
2025-08-12 04:25:00,382.5,383.4,382.35,383.05,186888
2025-08-12 04:30:00,383.1,383.8,382.8,383.05,179708
2025-08-12 04:35:00,383.15,383.2,382.6,382.9,88577
2025-08-12 04:40:00,382.9,382.95,382.25,382.35,65997
2025-08-12 04:45:00,382.45,382.8,382.0,382.1,75227
2025-08-12 04:50:00,382.0,382.55,381.9,382.25,92963
2025-08-12 04:55:00,382.25,382.4,381.3,381.65,87197
2025-08-12 05:00:00,381.65,381.65,380.8,381.6,121531
2025-08-12 05:05:00,381.65,382.5,381.5,382.1,77004
2025-08-12 05:10:00,382.1,382.3,381.95,382.05,40272
2025-08-12 05:15:00,382.05,382.05,381.4,381.4,75144
2025-08-12 05:20:00,381.4,381.6,381.0,381.1,43676
2025-08-12 05:25:00,381.1,381.65,381.1,381.3,51767
2025-08-12 05:30:00,381.4,381.4,381.0,381.2,43595
2025-08-12 05:35:00,381.1,381.4,380.95,381.0,80498
2025-08-12 05:40:00,381.2,381.45,381.0,381.15,45776
2025-08-12 05:45:00,381.1,381.75,381.05,381.45,44571
2025-08-12 05:50:00,381.5,381.6,381.05,381.1,38984
2025-08-12 05:55:00,381.2,381.25,380.55,380.7,118825
2025-08-12 06:00:00,380.65,381.0,380.55,380.55,51198
2025-08-12 06:05:00,380.6,380.7,380.35,380.5,83980
2025-08-12 06:10:00,380.5,380.9,380.5,380.8,44226
2025-08-12 06:15:00,380.7,380.8,380.1,380.2,55886
2025-08-12 06:20:00,380.2,380.85,380.1,380.55,63424
2025-08-12 06:25:00,380.7,381.2,380.6,381.05,57363
2025-08-12 06:30:00,381.1,381.35,381.0,381.15,54140
2025-08-12 06:35:00,381.15,381.4,380.9,381.15,92189
2025-08-12 06:40:00,381.2,381.4,381.05,381.25,37305
2025-08-12 06:45:00,381.3,381.65,381.2,381.55,75537
2025-08-12 06:50:00,381.6,382.0,381.5,382.0,80372
2025-08-12 06:55:00,382.0,382.0,381.5,381.8,61011
2025-08-12 07:00:00,381.85,381.95,381.55,381.55,44047
2025-08-12 07:05:00,381.7,382.1,381.55,381.85,90572
2025-08-12 07:10:00,381.85,381.95,381.55,381.55,48605
2025-08-12 07:15:00,381.7,381.7,381.1,381.15,60936
2025-08-12 07:20:00,381.2,381.55,381.0,381.0,73024
2025-08-12 07:25:00,381.0,381.5,381.0,381.15,77442
2025-08-12 07:30:00,381.15,381.5,381.0,381.35,31349
2025-08-12 07:35:00,381.4,381.75,381.0,381.65,100355
2025-08-12 07:40:00,381.75,381.75,381.2,381.45,41670
2025-08-12 07:45:00,381.45,381.45,381.0,381.0,36229
2025-08-12 07:50:00,381.0,381.3,381.0,381.05,42193
2025-08-12 07:55:00,381.15,381.15,380.5,380.9,74633
2025-08-12 08:00:00,380.9,380.95,380.55,380.7,89556
2025-08-12 08:05:00,380.7,381.0,380.55,380.9,29763
2025-08-12 08:10:00,380.9,381.0,380.65,380.85,60294
2025-08-12 08:15:00,380.85,381.5,380.75,381.3,59173
2025-08-12 08:20:00,381.3,381.45,381.2,381.4,32432
2025-08-12 08:25:00,381.25,381.95,381.15,381.9,82559
2025-08-12 08:30:00,381.9,382.0,381.5,381.55,68055
2025-08-12 08:35:00,381.55,381.55,381.0,381.15,128168
2025-08-12 08:40:00,381.15,381.3,380.9,381.1,59333
2025-08-12 08:45:00,381.05,381.2,380.7,381.15,58217
2025-08-12 08:50:00,381.15,384.65,381.05,383.65,608213
2025-08-12 08:55:00,383.6,384.2,382.65,383.85,216914
2025-08-12 09:00:00,383.65,383.75,381.8,381.85,135977
2025-08-12 09:05:00,381.95,382.85,381.8,382.65,107895
2025-08-12 09:10:00,382.65,382.95,381.7,381.7,169467
2025-08-12 09:15:00,381.8,381.8,380.9,381.15,184398
2025-08-12 09:20:00,381.05,381.3,380.75,381.0,149917
2025-08-12 09:25:00,381.05,381.5,380.75,380.85,102528
2025-08-12 09:30:00,380.85,380.9,380.25,380.3,293968
2025-08-12 09:35:00,380.25,380.65,380.2,380.5,176331
2025-08-12 09:40:00,380.5,380.55,380.0,380.1,348135
2025-08-12 09:45:00,380.1,380.5,380.0,380.45,305768
2025-08-12 09:50:00,380.45,380.75,380.25,380.65,325561
2025-08-12 09:55:00,380.65,380.8,380.0,380.25,224762
2025-08-13 03:45:00,382.2,387.0,382.1,386.5,742011
2025-08-13 03:50:00,386.5,387.15,385.45,385.7,543420
2025-08-13 03:55:00,385.75,386.3,385.7,386.05,228717
2025-08-13 04:00:00,385.95,386.2,385.45,385.75,126717
2025-08-13 04:05:00,385.65,385.8,385.35,385.55,100736
2025-08-13 04:10:00,385.55,385.9,385.5,385.7,88103
2025-08-13 04:15:00,385.7,386.15,385.5,386.0,105320
2025-08-13 04:20:00,386.0,386.05,385.2,385.3,80976
2025-08-13 04:25:00,385.3,385.7,385.1,385.35,81156
2025-08-13 04:30:00,385.35,385.65,385.25,385.35,68040
2025-08-13 04:35:00,385.45,386.3,385.35,386.3,75144
2025-08-13 04:40:00,386.2,386.5,385.95,386.2,107026
2025-08-13 04:45:00,386.3,386.5,385.7,385.8,81558
2025-08-13 04:50:00,385.8,385.8,385.3,385.7,68420
2025-08-13 04:55:00,385.8,386.25,385.5,385.85,146524
2025-08-13 05:00:00,385.85,385.95,385.3,385.4,91904
2025-08-13 05:05:00,385.5,385.7,385.2,385.35,96098
2025-08-13 05:10:00,385.3,385.45,385.2,385.4,48957
2025-08-13 05:15:00,385.45,385.45,384.75,385.0,106602
2025-08-13 05:20:00,385.1,386.1,385.05,385.65,88437
2025-08-13 05:25:00,385.6,386.0,384.9,385.0,180004
2025-08-13 05:30:00,385.0,385.15,384.85,385.15,113122
2025-08-13 05:35:00,385.15,385.65,385.05,385.45,31178
2025-08-13 05:40:00,385.45,386.1,385.4,385.75,147328
2025-08-13 05:45:00,385.85,386.4,385.4,385.75,280690
2025-08-13 05:50:00,385.8,385.9,384.85,384.9,101691
2025-08-13 05:55:00,384.95,385.0,384.55,384.85,59205
2025-08-13 06:00:00,384.75,385.0,384.7,384.9,34844
2025-08-13 06:05:00,384.95,385.0,384.85,384.95,32547
2025-08-13 06:10:00,384.9,385.0,384.4,384.6,71942
2025-08-13 06:15:00,384.5,384.9,384.45,384.7,25554
2025-08-13 06:20:00,384.7,384.75,384.4,384.5,44201
2025-08-13 06:25:00,384.6,384.65,384.0,384.15,250518
2025-08-13 06:30:00,384.1,384.55,383.65,384.55,381942
2025-08-13 06:35:00,384.55,384.95,384.4,384.8,65301
2025-08-13 06:40:00,384.9,385.0,384.65,384.85,25081
2025-08-13 06:45:00,384.9,385.0,384.8,385.0,42951
2025-08-13 06:50:00,384.9,385.5,384.9,385.05,100016
2025-08-13 06:55:00,385.05,385.05,384.8,384.95,22808
2025-08-13 07:00:00,384.85,385.35,384.85,385.2,58009
2025-08-13 07:05:00,385.2,385.25,385.0,385.05,46272
2025-08-13 07:10:00,385.15,385.2,384.9,385.0,32504
2025-08-13 07:15:00,385.0,385.2,384.9,384.9,50047
2025-08-13 07:20:00,384.9,385.0,384.8,385.0,30916
2025-08-13 07:25:00,385.0,385.1,384.9,385.1,55179
2025-08-13 07:30:00,385.1,385.15,384.95,385.15,194182
2025-08-13 07:35:00,385.15,386.15,385.05,386.0,151570
2025-08-13 07:40:00,386.0,386.0,385.1,385.65,93933
2025-08-13 07:45:00,385.75,386.05,385.6,385.8,47092
2025-08-13 07:50:00,385.8,385.85,385.65,385.85,27239
2025-08-13 07:55:00,385.85,386.45,385.8,386.35,93705
2025-08-13 08:00:00,386.3,386.45,385.7,386.1,82795
2025-08-13 08:05:00,386.25,386.4,386.1,386.3,44905
2025-08-13 08:10:00,386.3,387.75,386.1,387.25,338137
2025-08-13 08:15:00,387.25,387.8,387.05,387.35,229124
2025-08-13 08:20:00,387.4,388.7,387.05,388.35,268174
2025-08-13 08:25:00,388.25,389.5,388.2,389.2,410147
2025-08-13 08:30:00,389.35,389.9,388.95,389.75,300061
2025-08-13 08:35:00,389.8,389.85,388.8,389.0,223289
2025-08-13 08:40:00,389.05,389.3,388.8,389.25,152847
2025-08-13 08:45:00,389.25,389.25,389.0,389.1,114476
2025-08-13 08:50:00,389.1,389.15,388.25,388.35,175886
2025-08-13 08:55:00,388.4,388.7,387.4,388.0,262727
2025-08-13 09:00:00,388.0,388.75,387.95,388.5,94367
2025-08-13 09:05:00,388.5,388.55,388.1,388.4,64807
2025-08-13 09:10:00,388.3,388.45,387.9,388.35,138343
2025-08-13 09:15:00,388.25,388.35,387.75,387.9,80152
2025-08-13 09:20:00,388.0,388.15,387.85,388.15,73005
2025-08-13 09:25:00,388.15,388.5,388.15,388.45,82670
2025-08-13 09:30:00,388.45,388.65,388.2,388.55,234412
2025-08-13 09:35:00,388.55,388.9,388.45,388.75,263060
2025-08-13 09:40:00,388.75,389.1,388.45,389.1,401158
2025-08-13 09:45:00,389.05,389.2,388.95,389.15,318822
2025-08-13 09:50:00,389.05,389.2,388.95,389.1,346057
2025-08-13 09:55:00,389.05,389.15,388.4,388.85,256019
2025-08-14 03:45:00,387.85,388.0,383.9,384.35,664146
2025-08-14 03:50:00,384.2,385.35,384.1,384.95,219327
2025-08-14 03:55:00,384.95,384.95,384.2,384.4,146723
2025-08-14 04:00:00,384.35,384.35,383.9,383.95,190237
2025-08-14 04:05:00,384.0,384.5,383.95,384.15,94139
2025-08-14 04:10:00,384.2,384.6,384.0,384.3,89404
2025-08-14 04:15:00,384.3,384.7,384.0,384.4,127438
2025-08-14 04:20:00,384.4,384.4,383.65,383.8,150729
2025-08-14 04:25:00,383.9,384.05,383.25,383.4,134699
2025-08-14 04:30:00,383.4,383.45,382.8,383.0,198043
2025-08-14 04:35:00,382.95,383.55,382.9,383.3,167864
2025-08-14 04:40:00,383.3,383.95,383.15,383.25,107030
2025-08-14 04:45:00,383.2,383.35,382.95,383.3,112669
2025-08-14 04:50:00,383.3,383.5,383.15,383.5,48076
2025-08-14 04:55:00,383.4,383.95,383.4,383.75,53845
2025-08-14 05:00:00,383.75,384.0,383.6,384.0,42159
2025-08-14 05:05:00,384.0,384.0,383.7,383.9,47853
2025-08-14 05:10:00,383.85,383.9,383.5,383.75,53418
2025-08-14 05:15:00,383.65,383.75,383.3,383.7,56842
2025-08-14 05:20:00,383.7,383.7,383.4,383.5,23947
2025-08-14 05:25:00,383.6,383.75,383.25,383.65,46534
2025-08-14 05:30:00,383.65,383.95,383.55,383.65,44192
2025-08-14 05:35:00,383.65,383.7,383.3,383.45,32500
2025-08-14 05:40:00,383.45,383.45,382.95,383.15,125790
2025-08-14 05:45:00,383.15,383.25,383.0,383.25,30122
2025-08-14 05:50:00,383.2,383.3,382.6,382.8,113912
2025-08-14 05:55:00,382.8,383.0,382.55,382.95,90484
2025-08-14 06:00:00,382.95,383.3,382.85,383.05,38581
2025-08-14 06:05:00,383.05,383.5,382.9,383.35,55933
2025-08-14 06:10:00,383.35,383.4,383.0,383.1,32732
2025-08-14 06:15:00,383.1,383.2,383.0,383.05,18987
2025-08-14 06:20:00,383.15,383.15,382.95,383.15,26290
2025-08-14 06:25:00,383.1,383.35,382.9,383.1,49304
2025-08-14 06:30:00,383.0,383.3,382.8,383.25,63182
2025-08-14 06:35:00,383.2,383.3,383.1,383.3,31224
2025-08-14 06:40:00,383.3,383.65,383.25,383.45,168581
2025-08-14 06:45:00,383.45,383.5,383.35,383.5,23415
2025-08-14 06:50:00,383.45,383.7,383.45,383.7,30349
2025-08-14 06:55:00,383.7,384.0,383.15,383.5,185036
2025-08-14 07:00:00,383.5,383.7,383.5,383.6,21083
2025-08-14 07:05:00,383.6,383.7,383.5,383.55,26935
2025-08-14 07:10:00,383.55,383.6,383.4,383.4,26737
2025-08-14 07:15:00,383.55,383.9,383.25,383.9,55147
2025-08-14 07:20:00,383.8,384.25,383.8,384.25,107167
2025-08-14 07:25:00,384.25,384.6,384.2,384.5,82914
2025-08-14 07:30:00,384.5,384.9,384.35,384.6,112390
2025-08-14 07:35:00,384.5,385.1,384.3,385.0,162779
2025-08-14 07:40:00,385.05,385.7,384.9,385.5,165128
2025-08-14 07:45:00,385.5,386.05,385.05,385.45,164624
2025-08-14 07:50:00,385.4,385.4,384.55,384.6,83807
2025-08-14 07:55:00,384.6,384.9,384.25,384.6,82310
2025-08-14 08:00:00,384.55,384.8,384.4,384.6,58034
2025-08-14 08:05:00,384.6,385.15,384.6,385.1,60869
2025-08-14 08:10:00,385.05,385.45,385.05,385.3,58288
2025-08-14 08:15:00,385.25,385.4,384.9,384.95,66639
2025-08-14 08:20:00,384.9,385.1,384.8,384.8,64206
2025-08-14 08:25:00,384.9,385.1,384.8,384.8,41600
2025-08-14 08:30:00,384.8,385.0,384.8,384.85,49083
2025-08-14 08:35:00,384.8,385.0,384.65,384.8,57810
2025-08-14 08:40:00,384.85,384.95,384.75,384.9,43565
2025-08-14 08:45:00,384.85,385.4,384.85,384.9,158221
2025-08-14 08:50:00,384.9,384.95,384.8,384.9,73012
2025-08-14 08:55:00,384.9,384.9,384.55,384.8,126016
2025-08-14 09:00:00,384.8,384.85,384.5,384.8,106504
2025-08-14 09:05:00,384.8,384.95,384.25,384.9,122963
2025-08-14 09:10:00,384.9,385.0,384.6,384.95,76300
2025-08-14 09:15:00,384.95,385.45,384.7,384.95,199121
2025-08-14 09:20:00,384.85,385.3,384.8,385.2,132658
2025-08-14 09:25:00,385.25,385.35,385.0,385.35,99894
2025-08-14 09:30:00,385.35,385.35,385.05,385.25,158480
2025-08-14 09:35:00,385.2,385.3,385.0,385.2,215199
2025-08-14 09:40:00,385.1,385.25,385.0,385.05,251779
2025-08-14 09:45:00,385.05,385.1,384.45,384.65,314801
2025-08-14 09:50:00,384.65,384.9,384.3,384.75,248769
2025-08-14 09:55:00,384.85,385.05,384.65,384.9,232029
2025-08-18 03:45:00,388.0,389.75,385.75,386.1,960738
2025-08-18 03:50:00,386.15,386.95,386.1,386.65,213989
2025-08-18 03:55:00,386.65,386.9,385.8,385.95,164228
2025-08-18 04:00:00,386.05,386.3,385.5,385.55,152065
2025-08-18 04:05:00,385.5,385.7,384.65,385.05,372492
2025-08-18 04:10:00,385.0,385.65,384.9,385.65,360867
2025-08-18 04:15:00,385.65,387.45,385.45,387.35,375989
2025-08-18 04:20:00,387.3,388.2,387.1,387.15,241908
2025-08-18 04:25:00,387.15,387.15,386.35,386.35,95494
2025-08-18 04:30:00,386.3,386.9,386.25,386.65,92251
2025-08-18 04:35:00,386.55,386.95,386.5,386.55,66070
2025-08-18 04:40:00,386.5,386.8,386.4,386.7,54614
2025-08-18 04:45:00,386.55,386.9,386.55,386.65,91136
2025-08-18 04:50:00,386.55,386.75,386.35,386.7,58920
2025-08-18 04:55:00,386.6,386.65,386.3,386.35,39448
2025-08-18 05:00:00,386.35,386.7,386.05,386.3,151169
2025-08-18 05:05:00,386.3,386.4,386.05,386.4,32955
2025-08-18 05:10:00,386.35,386.65,386.1,386.3,66429
2025-08-18 05:15:00,386.3,386.3,385.6,385.6,122012
2025-08-18 05:20:00,385.6,385.75,385.1,385.1,87815
2025-08-18 05:25:00,385.1,385.2,384.9,385.0,218879
2025-08-18 05:30:00,385.0,385.25,384.85,385.0,128408
2025-08-18 05:35:00,385.0,385.5,384.95,385.15,132352
2025-08-18 05:40:00,385.3,385.4,385.15,385.3,49839
2025-08-18 05:45:00,385.2,385.5,385.2,385.35,54242
2025-08-18 05:50:00,385.45,385.6,384.95,385.1,310156
2025-08-18 05:55:00,385.1,385.25,384.75,384.9,85234
2025-08-18 06:00:00,384.95,385.0,384.5,384.55,72448
2025-08-18 06:05:00,384.5,384.6,384.35,384.55,76731
2025-08-18 06:10:00,384.6,384.8,384.4,384.5,40484
2025-08-18 06:15:00,384.45,384.65,384.0,384.3,288032
2025-08-18 06:20:00,384.35,384.35,383.8,383.85,57663
2025-08-18 06:25:00,383.95,384.0,383.3,383.5,87359
2025-08-18 06:30:00,383.5,383.5,382.8,383.15,129162
2025-08-18 06:35:00,383.0,383.15,382.3,382.45,69306
2025-08-18 06:40:00,382.45,382.7,382.1,382.25,82653
2025-08-18 06:45:00,382.2,382.5,381.1,382.3,221045
2025-08-18 06:50:00,382.3,382.45,381.9,382.35,70240
2025-08-18 06:55:00,382.4,382.45,382.05,382.45,57037
2025-08-18 07:00:00,382.45,382.45,381.6,381.7,59602
2025-08-18 07:05:00,381.6,381.75,381.15,381.45,79635
2025-08-18 07:10:00,381.45,381.65,381.2,381.45,83266
2025-08-18 07:15:00,381.45,381.5,381.25,381.5,62016
2025-08-18 07:20:00,381.35,381.95,381.3,381.9,64215
2025-08-18 07:25:00,381.9,382.3,381.8,382.1,95171
2025-08-18 07:30:00,382.1,382.2,381.9,382.15,45324
2025-08-18 07:35:00,382.2,382.55,382.1,382.55,144088
2025-08-18 07:40:00,382.5,382.8,382.4,382.45,104191
2025-08-18 07:45:00,382.45,382.5,382.3,382.45,35143
2025-08-18 07:50:00,382.45,383.1,382.35,382.65,70302
2025-08-18 07:55:00,382.65,382.65,382.4,382.5,41038
2025-08-18 08:00:00,382.45,382.55,382.2,382.35,35222
2025-08-18 08:05:00,382.35,382.95,382.15,382.95,68232
2025-08-18 08:10:00,383.1,383.4,382.95,383.3,71756
2025-08-18 08:15:00,383.15,383.3,383.1,383.25,53236
2025-08-18 08:20:00,383.25,383.55,383.2,383.4,89085
2025-08-18 08:25:00,383.4,383.5,383.05,383.15,80616
2025-08-18 08:30:00,383.2,383.65,382.8,383.45,204643
2025-08-18 08:35:00,383.5,383.85,382.95,383.0,320726
2025-08-18 08:40:00,383.0,383.3,382.65,382.85,119747
2025-08-18 08:45:00,382.85,383.15,382.8,382.85,98923
2025-08-18 08:50:00,382.9,383.0,382.65,382.8,68318
2025-08-18 08:55:00,382.9,382.95,382.65,382.8,56156
2025-08-18 09:00:00,382.65,382.95,382.4,382.45,110962
2025-08-18 09:05:00,382.4,382.55,382.2,382.25,92804
2025-08-18 09:10:00,382.35,382.5,381.9,382.0,122714
2025-08-18 09:15:00,381.95,382.05,381.7,381.95,143299
2025-08-18 09:20:00,381.95,382.15,381.75,381.9,94037
2025-08-18 09:25:00,381.9,382.35,381.8,382.15,215942
2025-08-18 09:30:00,382.25,383.3,381.5,383.15,619044
2025-08-18 09:35:00,383.25,383.25,382.65,382.75,395635
2025-08-18 09:40:00,382.85,382.9,382.25,382.4,311477
2025-08-18 09:45:00,382.35,383.1,382.0,382.2,630630
2025-08-18 09:50:00,382.2,382.55,382.0,382.45,462742
2025-08-18 09:55:00,382.45,382.75,382.35,382.7,380119
2025-08-19 03:45:00,382.5,383.7,377.75,378.35,1058126
2025-08-19 03:50:00,378.35,378.75,377.5,378.7,548797
2025-08-19 03:55:00,378.7,379.8,378.6,379.0,414151
2025-08-19 04:00:00,379.1,379.15,377.7,378.0,346295
2025-08-19 04:05:00,377.95,378.25,377.55,378.0,268519
2025-08-19 04:10:00,378.0,378.45,377.95,378.0,126202
2025-08-19 04:15:00,378.0,378.9,377.5,378.75,246066
2025-08-19 04:20:00,378.8,379.4,378.7,379.05,158069
2025-08-19 04:25:00,379.1,379.1,378.5,378.85,86428
2025-08-19 04:30:00,378.85,378.9,378.55,378.55,93872
2025-08-19 04:35:00,378.6,378.75,378.2,378.25,129275
2025-08-19 04:40:00,378.3,378.7,378.25,378.65,85657
2025-08-19 04:45:00,378.75,378.9,378.25,378.35,134627
2025-08-19 04:50:00,378.4,378.4,378.0,378.1,144220
2025-08-19 04:55:00,378.25,378.25,377.8,377.95,133597
2025-08-19 05:00:00,378.0,378.25,377.8,378.05,88153
2025-08-19 05:05:00,378.0,378.2,377.65,377.8,117707
2025-08-19 05:10:00,377.8,378.0,377.7,377.9,81492
2025-08-19 05:15:00,377.95,378.3,377.8,378.0,89916
2025-08-19 05:20:00,377.95,378.15,377.75,378.05,81021
2025-08-19 05:25:00,378.05,378.5,378.0,378.5,60124
2025-08-19 05:30:00,378.5,378.9,378.35,378.7,88710
2025-08-19 05:35:00,378.6,379.15,378.6,379.15,151359
2025-08-19 05:40:00,379.15,379.45,379.0,379.25,121293
2025-08-19 05:45:00,379.2,379.6,379.1,379.1,105971
2025-08-19 05:50:00,379.15,379.15,378.6,378.85,82039
2025-08-19 05:55:00,378.85,379.1,378.65,379.05,46329
2025-08-19 06:00:00,379.05,379.4,379.0,379.1,73184
2025-08-19 06:05:00,379.1,379.3,379.0,379.2,53624
2025-08-19 06:10:00,379.2,379.35,379.1,379.15,50356
2025-08-19 06:15:00,379.15,379.7,379.0,379.5,86782
2025-08-19 06:20:00,379.7,379.7,379.0,379.1,61474
2025-08-19 06:25:00,379.1,379.4,379.05,379.4,51875
2025-08-19 06:30:00,379.4,379.65,379.1,379.55,110099
2025-08-19 06:35:00,379.4,380.25,379.35,380.15,139986
2025-08-19 06:40:00,380.2,380.3,380.0,380.25,125144
2025-08-19 06:45:00,380.3,380.4,380.0,380.15,48830
2025-08-19 06:50:00,380.2,380.6,380.0,380.6,96299
2025-08-19 06:55:00,380.6,380.8,380.5,380.6,81074
2025-08-19 07:00:00,380.65,381.15,380.35,380.45,118628
2025-08-19 07:05:00,380.45,380.75,380.25,380.35,62633
2025-08-19 07:10:00,380.4,380.5,380.0,380.15,110250
2025-08-19 07:15:00,380.15,380.2,379.9,380.15,73124
2025-08-19 07:20:00,380.15,380.15,379.45,380.0,326657
2025-08-19 07:25:00,380.0,380.1,379.65,380.1,154197
2025-08-19 07:30:00,380.1,380.1,379.45,379.75,103625
2025-08-19 07:35:00,379.6,380.15,379.55,379.85,141598
2025-08-19 07:40:00,379.85,379.95,379.55,379.75,57150
2025-08-19 07:45:00,379.75,379.95,379.55,379.9,69880
2025-08-19 07:50:00,379.8,379.9,379.5,379.7,51082
2025-08-19 07:55:00,379.6,379.7,379.3,379.7,68518
2025-08-19 08:00:00,379.7,379.9,379.2,379.35,72949
2025-08-19 08:05:00,379.35,379.45,379.1,379.4,135251
2025-08-19 08:10:00,379.4,379.45,379.1,379.45,87161
2025-08-19 08:15:00,379.45,379.45,379.2,379.3,65519
2025-08-19 08:20:00,379.3,379.3,378.55,378.65,140732
2025-08-19 08:25:00,378.75,378.9,378.0,378.35,268452
2025-08-19 08:30:00,378.35,378.65,378.2,378.6,68337
2025-08-19 08:35:00,378.6,378.7,378.2,378.7,86252
2025-08-19 08:40:00,378.7,378.7,378.35,378.4,85146
2025-08-19 08:45:00,378.4,379.0,378.15,378.95,120315
2025-08-19 08:50:00,378.95,379.1,378.8,379.05,67336
2025-08-19 08:55:00,379.05,379.65,378.9,379.5,118839
2025-08-19 09:00:00,379.5,380.0,379.35,379.9,178926
2025-08-19 09:05:00,379.95,380.45,379.75,380.3,147266
2025-08-19 09:10:00,380.3,380.4,380.0,380.05,94263
2025-08-19 09:15:00,380.0,380.25,379.75,380.1,159651
2025-08-19 09:20:00,380.2,380.25,379.65,379.95,96333
2025-08-19 09:25:00,380.0,380.15,379.9,380.1,78940
2025-08-19 09:30:00,380.0,380.1,379.7,379.8,166325
2025-08-19 09:35:00,379.8,379.85,379.6,379.65,194446
2025-08-19 09:40:00,379.65,380.1,379.65,379.95,266301
2025-08-19 09:45:00,380.0,380.1,379.8,380.05,346918
2025-08-19 09:50:00,380.05,380.15,380.0,380.1,270734
2025-08-19 09:55:00,380.1,380.75,380.1,380.6,386804
2025-08-20 03:45:00,383.9,384.3,377.8,379.05,2068480
2025-08-20 03:50:00,378.95,379.6,376.25,377.35,1109734
2025-08-20 03:55:00,377.25,378.5,376.7,377.75,443845
2025-08-20 04:00:00,377.75,377.75,375.45,376.4,864124
2025-08-20 04:05:00,376.25,377.2,376.1,376.7,251206
2025-08-20 04:10:00,376.7,376.9,376.25,376.7,245742
2025-08-20 04:15:00,376.65,377.1,376.05,377.0,187951
2025-08-20 04:20:00,377.05,377.25,376.05,376.2,266872
2025-08-20 04:25:00,376.2,376.6,375.6,376.6,269790
2025-08-20 04:30:00,376.55,376.65,375.65,376.45,203548
2025-08-20 04:35:00,376.45,376.55,376.25,376.25,82737
2025-08-20 04:40:00,376.25,376.45,376.0,376.4,125802
2025-08-20 04:45:00,376.35,376.75,376.0,376.5,133723
2025-08-20 04:50:00,376.5,376.55,375.8,376.1,190329
2025-08-20 04:55:00,376.1,376.1,375.45,375.8,300222
2025-08-20 05:00:00,375.9,375.9,374.5,374.9,587568
2025-08-20 05:05:00,374.75,375.45,374.4,374.5,309895
2025-08-20 05:10:00,374.5,374.5,373.6,374.05,458416
2025-08-20 05:15:00,374.0,375.1,374.0,375.05,169812
2025-08-20 05:20:00,375.05,375.45,375.0,375.35,122755
2025-08-20 05:25:00,375.35,375.45,374.8,374.9,98333
2025-08-20 05:30:00,374.9,375.0,374.7,374.95,58621
2025-08-20 05:35:00,374.95,375.0,374.8,375.0,56854
2025-08-20 05:40:00,375.0,375.35,374.9,375.15,280564
2025-08-20 05:45:00,375.15,375.2,374.85,375.0,92728
2025-08-20 05:50:00,374.95,375.0,374.5,374.6,126959
2025-08-20 05:55:00,374.6,374.8,374.5,374.8,58772
2025-08-20 06:00:00,374.8,375.0,374.75,374.9,89892
2025-08-20 06:05:00,374.95,374.95,374.0,374.25,219844
2025-08-20 06:10:00,374.25,374.4,373.85,374.15,278429
2025-08-20 06:15:00,374.1,374.35,374.05,374.15,81737
2025-08-20 06:20:00,374.15,374.15,373.95,374.15,244419
2025-08-20 06:25:00,374.2,374.55,373.8,373.8,309692
2025-08-20 06:30:00,373.9,374.25,373.7,373.85,103459
2025-08-20 06:35:00,373.95,374.0,373.75,374.0,85650
2025-08-20 06:40:00,373.9,374.25,373.9,374.0,166275
2025-08-20 06:45:00,374.0,374.65,373.9,374.55,252101
2025-08-20 06:50:00,374.55,374.7,373.95,374.0,149869
2025-08-20 06:55:00,374.0,374.1,373.85,373.95,171802
2025-08-20 07:00:00,374.0,374.05,373.9,374.0,83836
2025-08-20 07:05:00,374.0,374.2,373.9,374.0,96598
2025-08-20 07:10:00,374.0,374.7,373.95,374.3,466747
2025-08-20 07:15:00,374.3,374.9,374.2,374.65,202105
2025-08-20 07:20:00,374.65,374.7,374.0,374.6,302062
2025-08-20 07:25:00,374.65,374.9,374.4,374.75,203488
2025-08-20 07:30:00,374.75,374.8,374.1,374.25,111681
2025-08-20 07:35:00,374.25,374.4,373.95,374.0,133372
2025-08-20 07:40:00,373.95,374.3,373.95,374.1,95413
2025-08-20 07:45:00,374.05,374.35,374.0,374.0,111544
2025-08-20 07:50:00,374.0,374.3,373.8,374.0,121438
2025-08-20 07:55:00,373.9,374.0,373.75,373.85,79948
2025-08-20 08:00:00,373.75,374.25,373.75,374.2,75078
2025-08-20 08:05:00,374.2,374.25,374.05,374.1,50836
2025-08-20 08:10:00,374.05,374.25,374.0,374.05,48841
2025-08-20 08:15:00,374.0,374.35,373.85,373.9,132709
2025-08-20 08:20:00,373.95,374.1,373.25,373.6,292899
2025-08-20 08:25:00,373.55,373.7,373.4,373.55,124517
2025-08-20 08:30:00,373.55,373.65,373.4,373.6,87544
2025-08-20 08:35:00,373.6,373.6,373.4,373.55,94117
2025-08-20 08:40:00,373.4,373.75,373.3,373.5,144180
2025-08-20 08:45:00,373.5,373.6,373.1,373.6,270130
2025-08-20 08:50:00,373.5,373.65,373.35,373.45,99283
2025-08-20 08:55:00,373.45,373.55,373.1,373.25,161147
2025-08-20 09:00:00,373.25,373.25,372.5,372.65,397320
2025-08-20 09:05:00,372.6,373.0,372.5,372.7,269971
2025-08-20 09:10:00,372.65,372.75,372.3,372.45,202025
2025-08-20 09:15:00,372.5,372.75,372.2,372.65,262683
2025-08-20 09:20:00,372.65,372.75,372.3,372.5,164105
2025-08-20 09:25:00,372.5,372.65,372.0,372.25,282107
2025-08-20 09:30:00,372.25,372.4,371.6,371.6,463250
2025-08-20 09:35:00,371.75,372.0,371.3,371.85,775966
2025-08-20 09:40:00,371.85,372.3,371.8,372.25,607353
2025-08-20 09:45:00,372.25,372.5,371.5,371.65,829419
2025-08-20 09:50:00,371.7,371.8,371.1,371.8,622207
2025-08-20 09:55:00,371.8,371.95,371.5,371.8,491190
2025-08-21 03:45:00,373.0,373.5,372.0,373.25,635337
2025-08-21 03:50:00,373.1,373.7,371.5,372.65,331024
2025-08-21 03:55:00,372.65,372.95,372.15,372.95,141063
2025-08-21 04:00:00,372.9,374.25,372.85,373.9,275783
2025-08-21 04:05:00,373.95,374.0,373.45,373.7,178054
2025-08-21 04:10:00,373.65,374.6,373.6,374.15,173815
2025-08-21 04:15:00,374.2,376.3,374.1,376.05,641157
2025-08-21 04:20:00,376.0,376.2,375.35,375.45,210692
2025-08-21 04:25:00,375.4,376.5,375.0,376.25,264418
2025-08-21 04:30:00,376.25,377.15,376.0,376.7,389441
2025-08-21 04:35:00,376.8,376.95,375.9,375.9,152771
2025-08-21 04:40:00,376.0,376.05,375.45,375.6,156980
2025-08-21 04:45:00,375.65,376.25,375.65,375.9,111313
2025-08-21 04:50:00,375.9,376.5,375.9,376.35,63399
2025-08-21 04:55:00,376.45,376.6,376.2,376.6,78671
2025-08-21 05:00:00,376.6,377.35,376.55,376.75,220127
2025-08-21 05:05:00,376.6,376.85,376.3,376.4,60180
2025-08-21 05:10:00,376.3,376.75,376.15,376.6,48298
2025-08-21 05:15:00,376.65,377.0,376.35,376.8,113121
2025-08-21 05:20:00,376.9,376.9,376.35,376.65,68412
2025-08-21 05:25:00,376.6,377.4,376.6,377.2,185991
2025-08-21 05:30:00,377.2,377.2,376.0,376.2,344609
2025-08-21 05:35:00,376.3,376.5,375.7,376.0,105445
2025-08-21 05:40:00,375.95,376.0,375.35,375.45,127261
2025-08-21 05:45:00,375.55,375.6,375.0,375.6,339481
2025-08-21 05:50:00,375.65,376.2,375.65,376.1,100319
2025-08-21 05:55:00,376.1,376.1,375.45,375.5,90209
2025-08-21 06:00:00,375.5,375.65,375.15,375.5,85954
2025-08-21 06:05:00,375.45,375.5,375.2,375.4,100208
2025-08-21 06:10:00,375.35,375.55,375.3,375.5,103550
2025-08-21 06:15:00,375.45,375.55,375.4,375.5,79363
2025-08-21 06:20:00,375.45,375.5,374.85,374.9,258771
2025-08-21 06:25:00,374.85,375.0,374.65,374.7,98674
2025-08-21 06:30:00,374.85,375.95,374.6,375.8,593235
2025-08-21 06:35:00,375.75,375.95,375.3,375.35,102793
2025-08-21 06:40:00,375.3,375.3,375.0,375.05,65210
2025-08-21 06:45:00,375.1,375.1,374.75,375.05,116708
2025-08-21 06:50:00,375.05,375.15,374.9,375.0,54327
2025-08-21 06:55:00,375.0,375.1,374.55,374.9,349890
2025-08-21 07:00:00,374.95,375.5,374.65,375.45,101529
2025-08-21 07:05:00,375.4,375.85,375.4,375.8,63392
2025-08-21 07:10:00,375.65,375.9,375.6,375.85,41685
2025-08-21 07:15:00,375.8,375.85,375.6,375.75,44925
2025-08-21 07:20:00,375.75,375.75,375.1,375.45,239322
2025-08-21 07:25:00,375.45,375.45,375.3,375.45,201241
2025-08-21 07:30:00,375.4,375.5,375.35,375.5,37341
2025-08-21 07:35:00,375.5,376.7,375.35,376.5,456767
2025-08-21 07:40:00,376.5,376.6,375.95,376.15,70117
2025-08-21 07:45:00,376.15,376.3,375.95,376.15,57357
2025-08-21 07:50:00,376.15,376.3,375.85,376.05,56093
2025-08-21 07:55:00,376.0,376.15,375.65,375.75,55694
2025-08-21 08:00:00,375.7,376.0,375.4,375.85,79548
2025-08-21 08:05:00,375.9,375.9,375.25,375.35,68524
2025-08-21 08:10:00,375.4,375.7,375.15,375.55,88763
2025-08-21 08:15:00,375.55,375.75,375.3,375.55,72646
2025-08-21 08:20:00,375.55,375.8,375.45,375.6,53762
2025-08-21 08:25:00,375.45,375.85,375.45,375.75,59553
2025-08-21 08:30:00,375.85,375.9,375.35,375.5,66465
2025-08-21 08:35:00,375.55,375.6,375.2,375.3,64682
2025-08-21 08:40:00,375.3,375.4,375.15,375.3,83842
2025-08-21 08:45:00,375.3,375.8,375.2,375.5,133400
2025-08-21 08:50:00,375.65,375.65,375.3,375.5,99970
2025-08-21 08:55:00,375.55,375.8,375.2,375.4,125524
2025-08-21 09:00:00,375.4,375.45,375.0,375.1,93958
2025-08-21 09:05:00,375.0,375.3,374.75,374.8,140532
2025-08-21 09:10:00,374.8,375.15,374.55,374.7,185595
2025-08-21 09:15:00,374.55,374.8,374.35,374.5,151542
2025-08-21 09:20:00,374.5,374.85,374.4,374.6,135158
2025-08-21 09:25:00,374.65,374.85,374.35,374.55,158222
2025-08-21 09:30:00,374.65,374.75,374.1,374.25,242539
2025-08-21 09:35:00,374.25,374.35,373.8,374.05,306030
2025-08-21 09:40:00,374.15,374.4,373.95,374.3,318131
2025-08-21 09:45:00,374.25,374.45,374.05,374.4,326354
2025-08-21 09:50:00,374.2,374.65,374.1,374.15,295734
2025-08-21 09:55:00,374.2,374.25,374.0,374.25,282132
2025-08-22 03:45:00,373.8,377.2,373.6,376.8,897152
2025-08-22 03:50:00,376.8,377.4,376.65,377.2,344412
2025-08-22 03:55:00,377.2,377.85,376.45,377.65,410121
2025-08-22 04:00:00,377.7,378.0,376.7,377.4,403848
2025-08-22 04:05:00,377.4,378.3,377.2,378.25,530387
2025-08-22 04:10:00,378.25,378.8,378.0,378.7,413921
2025-08-22 04:15:00,378.75,379.5,378.6,379.35,512922
2025-08-22 04:20:00,379.35,379.7,378.6,378.85,379268
2025-08-22 04:25:00,378.8,379.25,378.3,379.15,251043
2025-08-22 04:30:00,379.15,379.3,378.5,378.8,178661
2025-08-22 04:35:00,378.85,378.9,378.55,378.9,123201
2025-08-22 04:40:00,378.85,379.8,378.8,379.5,278901
2025-08-22 04:45:00,379.55,379.95,379.05,379.25,349065
2025-08-22 04:50:00,379.35,379.75,378.75,378.9,189215
2025-08-22 04:55:00,378.8,379.3,378.3,379.2,210258
2025-08-22 05:00:00,379.2,379.2,378.85,378.9,146363
2025-08-22 05:05:00,379.0,379.15,377.8,377.95,324841
2025-08-22 05:10:00,377.9,378.0,377.9,377.95,110094
2025-08-22 05:15:00,378.0,378.0,377.25,377.65,215974
2025-08-22 05:20:00,377.65,377.85,377.2,377.3,135246
2025-08-22 05:25:00,377.15,377.5,377.0,377.4,233324
2025-08-22 05:30:00,377.5,377.75,377.25,377.7,104734
2025-08-22 05:35:00,377.7,378.0,377.7,377.8,151783
2025-08-22 05:40:00,377.8,377.9,377.35,377.45,58569
2025-08-22 05:45:00,377.4,377.5,377.35,377.45,119251
2025-08-22 05:50:00,377.4,378.15,377.35,378.0,122617
2025-08-22 05:55:00,378.0,378.4,377.95,378.3,103945
2025-08-22 06:00:00,378.25,378.95,378.15,378.9,136695
2025-08-22 06:05:00,378.8,379.0,378.55,379.0,138775
2025-08-22 06:10:00,379.0,379.0,378.9,378.95,60277
2025-08-22 06:15:00,378.9,379.3,378.85,379.1,173527
2025-08-22 06:20:00,379.05,379.1,378.7,379.0,73776
2025-08-22 06:25:00,378.95,379.0,378.4,379.0,145452
2025-08-22 06:30:00,378.95,379.3,378.9,379.15,251018
2025-08-22 06:35:00,379.25,379.3,378.6,378.75,68787
2025-08-22 06:40:00,378.75,378.95,378.7,378.7,86347
2025-08-22 06:45:00,378.7,378.75,377.8,377.9,264392
2025-08-22 06:50:00,377.9,378.5,377.85,378.25,90383
2025-08-22 06:55:00,378.35,378.35,377.75,377.9,210234
2025-08-22 07:00:00,377.9,378.2,377.5,378.15,180609
2025-08-22 07:05:00,378.1,378.15,378.0,378.1,51779
2025-08-22 07:10:00,378.05,378.1,378.05,378.1,51473
2025-08-22 07:15:00,378.1,378.2,378.05,378.2,65496
2025-08-22 07:20:00,378.2,378.5,378.15,378.35,98054
2025-08-22 07:25:00,378.35,378.5,377.65,377.75,93804
2025-08-22 07:30:00,377.7,377.8,377.55,377.65,83979
2025-08-22 07:35:00,377.65,377.9,377.2,377.45,412280
2025-08-22 07:40:00,377.45,377.65,377.3,377.55,65963
2025-08-22 07:45:00,377.5,378.0,377.5,377.75,103700
2025-08-22 07:50:00,377.7,377.7,376.95,377.6,293173
2025-08-22 07:55:00,377.55,377.8,377.55,377.7,75783
2025-08-22 08:00:00,377.7,377.75,376.95,377.0,333563
2025-08-22 08:05:00,377.1,377.6,377.0,377.5,66469
2025-08-22 08:10:00,377.5,377.55,376.95,377.05,97538
2025-08-22 08:15:00,376.95,377.0,376.7,376.8,82469
2025-08-22 08:20:00,376.75,377.0,376.75,377.0,75534
2025-08-22 08:25:00,376.95,377.0,376.4,376.45,137246
2025-08-22 08:30:00,376.4,376.45,376.1,376.25,136246
2025-08-22 08:35:00,376.25,376.5,376.15,376.5,111123
2025-08-22 08:40:00,376.5,376.5,376.0,376.05,117993
2025-08-22 08:45:00,376.05,376.05,375.7,375.8,127935
2025-08-22 08:50:00,375.75,376.5,375.7,376.25,114236
2025-08-22 08:55:00,376.2,376.4,375.8,376.15,129695
2025-08-22 09:00:00,376.2,376.2,375.3,375.5,537606
2025-08-22 09:05:00,375.4,375.6,375.3,375.6,218027
2025-08-22 09:10:00,375.6,375.95,375.4,375.85,103261
2025-08-22 09:15:00,375.85,375.9,375.65,375.75,84704
2025-08-22 09:20:00,375.75,375.95,375.7,375.9,102466
2025-08-22 09:25:00,375.9,376.25,375.85,376.05,166686
2025-08-22 09:30:00,376.05,376.05,375.05,375.05,262629
2025-08-22 09:35:00,375.2,375.3,374.7,374.75,309091
2025-08-22 09:40:00,374.8,374.9,374.6,374.7,287732
2025-08-22 09:45:00,374.75,375.0,374.3,374.95,444675
2025-08-22 09:50:00,374.9,374.95,374.5,374.6,248117
2025-08-22 09:55:00,374.55,375.5,374.5,375.5,373415
2025-08-25 03:45:00,377.85,380.05,375.65,375.9,617290
2025-08-25 03:50:00,375.85,376.0,374.5,375.1,322188
2025-08-25 03:55:00,375.25,375.25,373.2,374.65,325109
2025-08-25 04:00:00,374.7,374.9,373.9,374.85,266544
2025-08-25 04:05:00,374.9,375.35,374.7,375.25,123945
2025-08-25 04:10:00,375.25,375.25,374.7,374.8,72180
2025-08-25 04:15:00,374.75,374.8,373.85,374.15,147955
2025-08-25 04:20:00,374.25,374.6,373.7,374.6,134540
2025-08-25 04:25:00,374.55,374.75,373.55,373.8,162172
2025-08-25 04:30:00,373.9,373.95,373.5,373.65,117725
2025-08-25 04:35:00,373.5,373.55,373.0,373.35,183071
2025-08-25 04:40:00,373.35,373.35,372.7,373.15,172941
2025-08-25 04:45:00,373.15,373.6,372.35,373.6,243479
2025-08-25 04:50:00,373.55,373.95,373.4,373.95,102535
2025-08-25 04:55:00,373.9,374.0,373.55,373.7,62113
2025-08-25 05:00:00,373.65,374.2,373.55,373.8,99767
2025-08-25 05:05:00,373.8,373.95,373.7,373.8,58861
2025-08-25 05:10:00,373.75,373.85,373.5,373.55,43501
2025-08-25 05:15:00,373.5,373.6,373.2,373.35,60500
2025-08-25 05:20:00,373.4,373.65,373.35,373.6,88739
2025-08-25 05:25:00,373.65,373.7,373.5,373.6,64698
2025-08-25 05:30:00,373.55,373.7,373.45,373.65,117435
2025-08-25 05:35:00,373.65,373.7,373.4,373.5,71495
2025-08-25 05:40:00,373.4,373.55,373.25,373.5,49715
2025-08-25 05:45:00,373.45,373.5,373.3,373.45,40170
2025-08-25 05:50:00,373.45,373.45,373.35,373.35,60655
2025-08-25 05:55:00,373.4,373.45,373.25,373.4,71247
2025-08-25 06:00:00,373.45,373.7,373.35,373.6,91732
2025-08-25 06:05:00,373.65,373.7,373.05,373.25,43491
2025-08-25 06:10:00,373.25,373.5,373.2,373.45,42230
2025-08-25 06:15:00,373.45,373.65,372.85,373.0,129739
2025-08-25 06:20:00,372.95,373.2,372.8,372.95,92518
2025-08-25 06:25:00,372.95,373.0,372.85,372.95,55891
2025-08-25 06:30:00,373.0,373.0,372.8,372.9,64869
2025-08-25 06:35:00,372.85,373.0,372.55,372.65,101592
2025-08-25 06:40:00,372.65,372.85,372.55,372.85,67394
2025-08-25 06:45:00,372.8,373.0,372.7,372.95,56142
2025-08-25 06:50:00,373.0,373.0,372.8,373.0,50055
2025-08-25 06:55:00,372.95,373.0,372.8,372.9,64291
2025-08-25 07:00:00,372.85,372.9,372.5,372.6,278201
2025-08-25 07:05:00,372.6,373.0,372.55,372.8,87344
2025-08-25 07:10:00,372.8,372.95,372.6,372.95,39960
2025-08-25 07:15:00,372.95,373.0,372.8,372.9,55094
2025-08-25 07:20:00,372.85,373.0,372.85,372.95,26934
2025-08-25 07:25:00,373.0,373.0,372.85,372.9,36753
2025-08-25 07:30:00,372.9,373.0,372.85,372.9,46803
2025-08-25 07:35:00,373.0,373.0,372.8,373.0,37552
2025-08-25 07:40:00,373.0,373.0,372.9,372.95,45540
2025-08-25 07:45:00,372.95,373.35,372.9,373.0,71990
2025-08-25 07:50:00,372.95,373.0,372.65,373.0,60299
2025-08-25 07:55:00,372.9,373.0,372.8,372.95,34481
2025-08-25 08:00:00,372.9,373.0,372.8,372.9,45720
2025-08-25 08:05:00,372.95,373.0,372.65,372.75,58724
2025-08-25 08:10:00,372.75,372.95,372.6,372.7,53117
2025-08-25 08:15:00,372.65,372.85,372.65,372.85,38733
2025-08-25 08:20:00,372.85,372.9,372.8,372.9,50649
2025-08-25 08:25:00,372.9,373.0,372.8,373.0,51505
2025-08-25 08:30:00,373.0,373.0,372.85,372.95,49437
2025-08-25 08:35:00,372.95,372.95,372.7,372.9,57374
2025-08-25 08:40:00,372.85,373.0,372.7,372.95,63744
2025-08-25 08:45:00,372.9,373.0,372.85,372.9,98198
2025-08-25 08:50:00,372.95,372.95,372.25,372.3,107302
2025-08-25 08:55:00,372.3,373.0,372.05,372.55,364347
2025-08-25 09:00:00,372.55,372.55,372.05,372.2,100206
2025-08-25 09:05:00,372.2,372.5,371.75,372.4,177827
2025-08-25 09:10:00,372.5,372.65,372.3,372.45,73999
2025-08-25 09:15:00,372.45,372.5,372.1,372.2,64675
2025-08-25 09:20:00,372.2,372.25,372.1,372.2,79308
2025-08-25 09:25:00,372.15,372.25,372.05,372.1,86375
2025-08-25 09:30:00,372.15,372.15,371.5,371.65,128805
2025-08-25 09:35:00,371.7,372.0,371.6,371.8,147048
2025-08-25 09:40:00,371.8,372.35,371.8,372.2,285001
2025-08-25 09:45:00,372.2,372.2,371.9,372.1,398033
2025-08-25 09:50:00,372.1,372.5,372.05,372.5,216324
2025-08-25 09:55:00,372.45,372.5,372.1,372.3,215282
2025-08-26 03:45:00,372.0,372.05,368.15,368.65,808387
2025-08-26 03:50:00,368.55,368.9,367.05,367.6,566486
2025-08-26 03:55:00,367.55,368.5,367.55,368.45,329194
2025-08-26 04:00:00,368.45,368.65,368.0,368.55,271122
2025-08-26 04:05:00,368.45,368.45,366.35,366.75,368563
2025-08-26 04:10:00,366.55,367.5,366.5,366.5,196869
2025-08-26 04:15:00,366.55,367.5,366.15,367.45,186644
2025-08-26 04:20:00,367.4,367.65,366.65,366.9,149327
2025-08-26 04:25:00,366.9,367.8,366.8,367.5,163186
2025-08-26 04:30:00,367.5,367.85,367.05,367.8,117604
2025-08-26 04:35:00,367.8,368.1,367.65,368.0,149880
2025-08-26 04:40:00,368.0,368.15,367.7,367.8,118591
2025-08-26 04:45:00,367.85,367.85,367.2,367.85,160835
2025-08-26 04:50:00,367.8,368.25,367.45,368.0,139426
2025-08-26 04:55:00,368.0,368.25,367.9,368.1,92439
2025-08-26 05:00:00,368.1,368.15,367.75,367.8,111051
2025-08-26 05:05:00,367.8,368.05,367.25,367.65,111557
2025-08-26 05:10:00,367.7,367.95,367.35,367.4,141916
2025-08-26 05:15:00,367.5,367.5,366.4,366.5,216555
2025-08-26 05:20:00,366.5,366.6,366.1,366.2,153208
2025-08-26 05:25:00,366.05,366.85,366.05,366.8,126467
2025-08-26 05:30:00,366.75,367.25,366.75,367.05,302818
2025-08-26 05:35:00,367.15,367.15,366.2,366.3,126816
2025-08-26 05:40:00,366.25,366.6,366.25,366.35,120329
2025-08-26 05:45:00,366.35,366.7,366.2,366.3,123270
2025-08-26 05:50:00,366.35,366.85,366.35,366.6,157152
2025-08-26 05:55:00,366.6,367.5,366.55,367.15,177167
2025-08-26 06:00:00,367.2,367.35,366.85,366.85,109681
2025-08-26 06:05:00,366.9,367.25,366.5,366.75,150877
2025-08-26 06:10:00,366.8,366.95,366.6,366.85,103386
2025-08-26 06:15:00,366.9,367.25,366.85,366.95,103752
2025-08-26 06:20:00,366.95,367.15,366.55,366.85,105383
2025-08-26 06:25:00,366.8,366.9,366.65,366.65,99207
2025-08-26 06:30:00,366.7,366.95,366.3,366.3,136988
2025-08-26 06:35:00,366.35,366.7,366.2,366.25,119093
2025-08-26 06:40:00,366.25,366.35,366.15,366.15,104954
2025-08-26 06:45:00,366.2,366.45,366.15,366.35,145462
2025-08-26 06:50:00,366.35,366.35,366.0,366.0,147286
2025-08-26 06:55:00,366.0,366.0,365.55,365.7,262764
2025-08-26 07:00:00,365.7,365.9,365.2,365.4,299875
2025-08-26 07:05:00,365.45,365.55,365.25,365.4,98121
2025-08-26 07:10:00,365.35,365.5,365.1,365.35,169962
2025-08-26 07:15:00,365.4,365.65,365.25,365.25,97787
2025-08-26 07:20:00,365.35,365.8,365.25,365.75,113519
2025-08-26 07:25:00,365.7,366.4,365.6,366.25,158698
2025-08-26 07:30:00,366.2,366.65,366.15,366.15,141633
2025-08-26 07:35:00,366.2,366.8,366.1,366.75,128996
2025-08-26 07:40:00,366.7,366.95,366.4,366.6,108527
2025-08-26 07:45:00,366.55,366.7,366.2,366.45,113527
2025-08-26 07:50:00,366.45,366.55,366.0,366.15,106490
2025-08-26 07:55:00,366.2,366.6,366.15,366.35,110236
2025-08-26 08:00:00,366.35,366.7,366.3,366.55,89301
2025-08-26 08:05:00,366.55,366.65,366.0,366.0,81630
2025-08-26 08:10:00,366.1,366.5,366.05,366.35,103821
2025-08-26 08:15:00,366.35,366.5,366.1,366.3,99901
2025-08-26 08:20:00,366.25,366.4,366.05,366.05,93075
2025-08-26 08:25:00,366.1,366.1,366.0,366.05,106536
2025-08-26 08:30:00,366.05,366.35,365.9,366.2,109355
2025-08-26 08:35:00,366.1,366.2,365.85,366.05,99545
2025-08-26 08:40:00,366.1,366.1,365.35,365.4,183610
2025-08-26 08:45:00,365.45,365.45,365.1,365.2,105349
2025-08-26 08:50:00,365.25,365.45,365.05,365.15,169949
2025-08-26 08:55:00,365.15,365.55,364.55,365.4,407741
2025-08-26 09:00:00,365.45,365.6,364.7,364.95,306684
2025-08-26 09:05:00,364.95,365.4,364.9,365.35,190386
2025-08-26 09:10:00,365.4,365.4,364.7,364.85,174453
2025-08-26 09:15:00,364.8,365.0,364.7,364.95,166694
2025-08-26 09:20:00,365.0,365.05,364.25,364.75,244086
2025-08-26 09:25:00,364.7,364.85,364.6,364.7,204499
2025-08-26 09:30:00,364.7,365.3,364.7,365.15,610186
2025-08-26 09:35:00,365.2,365.5,365.15,365.45,613730
2025-08-26 09:40:00,365.4,365.95,365.25,365.95,716323
2025-08-26 09:45:00,365.9,366.4,365.85,366.3,713468
2025-08-26 09:50:00,366.25,366.85,366.25,366.7,714738
2025-08-26 09:55:00,366.7,367.25,366.7,367.0,475818
2025-08-28 03:45:00,364.05,365.25,363.3,363.7,611992
2025-08-28 03:50:00,363.6,363.6,362.5,362.55,347640
2025-08-28 03:55:00,362.55,362.9,361.2,361.35,397977
2025-08-28 04:00:00,361.35,362.2,361.25,361.85,200074
2025-08-28 04:05:00,361.95,362.75,361.6,362.7,219497
2025-08-28 04:10:00,362.65,363.25,362.65,363.1,206652
2025-08-28 04:15:00,363.15,363.3,362.4,362.95,143826
2025-08-28 04:20:00,362.95,363.8,362.8,363.45,155927
2025-08-28 04:25:00,363.4,363.95,362.6,363.85,108078
2025-08-28 04:30:00,363.9,364.4,363.85,364.25,187294
2025-08-28 04:35:00,364.25,364.55,363.45,363.55,142969
2025-08-28 04:40:00,363.5,364.2,363.25,364.2,92069
2025-08-28 04:45:00,364.2,364.55,364.05,364.25,114683
2025-08-28 04:50:00,364.25,364.75,364.05,364.75,87596
2025-08-28 04:55:00,364.75,366.4,364.7,366.2,250530
2025-08-28 05:00:00,366.2,366.65,365.55,366.55,208433
2025-08-28 05:05:00,366.5,366.65,365.85,366.0,116701
2025-08-28 05:10:00,366.0,366.0,365.5,365.7,77507
2025-08-28 05:15:00,365.7,366.25,365.55,366.25,91529
2025-08-28 05:20:00,366.15,366.5,366.05,366.45,100822
2025-08-28 05:25:00,366.45,367.75,366.45,367.25,149867
2025-08-28 05:30:00,367.2,367.45,366.6,366.85,118841
2025-08-28 05:35:00,366.85,367.35,366.7,367.2,105766
2025-08-28 05:40:00,367.45,367.75,367.15,367.4,166617
2025-08-28 05:45:00,367.4,367.5,366.85,367.25,73906
2025-08-28 05:50:00,367.25,367.5,367.05,367.5,73298
2025-08-28 05:55:00,367.45,367.5,367.05,367.35,116065
2025-08-28 06:00:00,367.35,367.5,366.8,367.2,91489
2025-08-28 06:05:00,367.25,367.25,366.85,367.2,72887
2025-08-28 06:10:00,367.25,367.5,367.1,367.4,61610
2025-08-28 06:15:00,367.25,367.5,367.05,367.45,81672
2025-08-28 06:20:00,367.45,367.5,366.6,366.6,72081
2025-08-28 06:25:00,366.6,366.9,366.5,366.8,59526
2025-08-28 06:30:00,366.85,367.0,366.75,367.0,55607
2025-08-28 06:35:00,367.0,367.3,366.65,367.2,57982
2025-08-28 06:40:00,367.2,367.35,366.75,366.95,55239
2025-08-28 06:45:00,366.95,366.95,366.4,366.55,58064
2025-08-28 06:50:00,366.35,366.6,366.1,366.25,69667
2025-08-28 06:55:00,366.3,366.55,366.05,366.4,60121
2025-08-28 07:00:00,366.4,366.75,366.3,366.45,61718
2025-08-28 07:05:00,366.5,366.75,365.9,366.0,93026
2025-08-28 07:10:00,365.95,366.25,365.85,366.0,94461
2025-08-28 07:15:00,366.1,366.45,365.9,366.3,106275
2025-08-28 07:20:00,366.35,366.5,366.15,366.4,47148
2025-08-28 07:25:00,366.35,366.6,365.8,365.95,158532
2025-08-28 07:30:00,365.95,366.1,365.5,365.9,198663
2025-08-28 07:35:00,365.9,365.9,365.2,365.35,99434
2025-08-28 07:40:00,365.4,365.8,365.3,365.5,170677
2025-08-28 07:45:00,365.5,365.6,365.1,365.3,53321
2025-08-28 07:50:00,365.3,365.3,364.8,365.2,83573
2025-08-28 07:55:00,365.2,365.35,365.05,365.1,64980
2025-08-28 08:00:00,365.1,365.1,364.55,364.8,74802
2025-08-28 08:05:00,364.7,365.1,364.5,364.8,99733
2025-08-28 08:10:00,364.8,364.95,364.1,364.5,136478
2025-08-28 08:15:00,364.5,365.05,364.2,364.8,185617
2025-08-28 08:20:00,364.8,364.85,364.3,364.65,141264
2025-08-28 08:25:00,364.6,364.95,364.5,364.95,85091
2025-08-28 08:30:00,364.9,365.55,364.9,365.25,160963
2025-08-28 08:35:00,365.15,365.6,365.0,365.55,110835
2025-08-28 08:40:00,365.55,366.15,365.55,366.1,111400
2025-08-28 08:45:00,366.05,366.2,365.75,365.95,102510
2025-08-28 08:50:00,365.95,366.35,365.75,366.15,97491
2025-08-28 08:55:00,366.15,366.3,365.55,366.25,360091
2025-08-28 09:00:00,366.2,366.25,364.7,365.05,375156
2025-08-28 09:05:00,365.05,365.4,365.0,365.15,287286
2025-08-28 09:10:00,365.15,365.3,364.65,364.85,292702
2025-08-28 09:15:00,364.75,364.8,364.1,364.55,190335
2025-08-28 09:20:00,364.55,365.05,364.4,364.85,324346
2025-08-28 09:25:00,364.85,364.95,364.5,364.85,216206
2025-08-28 09:30:00,364.85,365.05,364.4,364.55,413115
2025-08-28 09:35:00,364.5,364.6,364.15,364.25,368788
2025-08-28 09:40:00,364.25,364.25,363.6,363.65,317968
2025-08-28 09:45:00,363.65,363.75,363.35,363.35,377536
2025-08-28 09:50:00,363.4,363.5,363.0,363.5,394208
2025-08-28 09:55:00,363.5,363.55,363.0,363.3,294028
2025-08-29 03:45:00,362.3,365.0,361.6,364.35,412379
2025-08-29 03:50:00,364.35,365.6,364.2,365.35,241328
2025-08-29 03:55:00,365.3,366.5,365.25,366.05,605962
2025-08-29 04:00:00,366.15,366.2,365.5,365.95,229283
2025-08-29 04:05:00,365.85,367.05,365.75,366.75,505344
2025-08-29 04:10:00,366.65,368.2,366.65,367.0,388847
2025-08-29 04:15:00,367.2,368.15,366.9,367.5,834563
2025-08-29 04:20:00,367.4,367.8,366.75,367.2,166457
2025-08-29 04:25:00,367.1,367.85,366.9,367.55,139907
2025-08-29 04:30:00,367.45,367.7,366.5,367.0,197598
2025-08-29 04:35:00,367.0,367.25,366.6,367.15,141872
2025-08-29 04:40:00,367.0,367.2,366.7,366.8,62306
2025-08-29 04:45:00,366.95,367.15,366.75,367.05,87228
2025-08-29 04:50:00,366.95,367.65,366.85,367.35,121669
2025-08-29 04:55:00,367.4,367.6,366.8,367.1,73976
2025-08-29 05:00:00,367.0,367.4,367.0,367.0,51598
2025-08-29 05:05:00,367.1,368.15,367.0,367.85,186336
2025-08-29 05:10:00,367.85,368.5,367.55,367.95,128284
2025-08-29 05:15:00,368.1,368.2,367.4,368.1,86773
2025-08-29 05:20:00,368.05,368.2,367.8,367.95,62069
2025-08-29 05:25:00,367.9,368.0,367.55,367.6,52279
2025-08-29 05:30:00,367.7,368.2,367.6,367.8,64423
2025-08-29 05:35:00,367.8,369.0,367.6,369.0,165635
2025-08-29 05:40:00,369.0,370.0,368.75,369.95,419468
2025-08-29 05:45:00,369.95,370.5,369.65,369.8,299438
2025-08-29 05:50:00,369.8,370.4,369.3,370.25,119799
2025-08-29 05:55:00,370.25,370.85,370.1,370.3,158737
2025-08-29 06:00:00,370.15,370.85,370.1,370.8,170314
2025-08-29 06:05:00,370.85,371.0,370.1,370.4,240124
2025-08-29 06:10:00,370.35,370.4,370.15,370.3,49881
2025-08-29 06:15:00,370.3,370.35,369.85,369.9,95500
2025-08-29 06:20:00,369.85,370.0,369.6,369.7,75160
2025-08-29 06:25:00,369.55,370.0,369.5,369.55,108312
2025-08-29 06:30:00,369.65,369.9,369.5,369.7,52729
2025-08-29 06:35:00,369.8,370.25,369.65,370.15,76333
2025-08-29 06:40:00,370.1,370.4,369.95,370.3,47160
2025-08-29 06:45:00,370.35,370.5,370.2,370.4,58850
2025-08-29 06:50:00,370.35,370.4,369.55,369.85,86898
2025-08-29 06:55:00,369.75,369.85,369.1,369.3,71184
2025-08-29 07:00:00,369.3,369.4,368.55,368.75,136106
2025-08-29 07:05:00,368.8,369.3,368.65,368.9,44458
2025-08-29 07:10:00,368.9,369.5,368.85,369.05,45504
2025-08-29 07:15:00,369.05,369.5,368.6,369.5,130023
2025-08-29 07:20:00,369.5,369.55,369.0,369.05,31541
2025-08-29 07:25:00,369.0,369.1,368.3,368.45,70417
2025-08-29 07:30:00,368.5,368.5,368.1,368.2,74071
2025-08-29 07:35:00,368.35,368.9,368.2,368.5,59910
2025-08-29 07:40:00,368.5,369.15,368.35,368.95,158193
2025-08-29 07:45:00,368.95,369.5,368.85,369.5,166172
2025-08-29 07:50:00,369.5,369.95,368.9,369.35,72285
2025-08-29 07:55:00,369.35,369.5,369.0,369.5,31560
2025-08-29 08:00:00,369.5,369.95,369.45,369.85,80224
2025-08-29 08:05:00,369.9,370.0,369.75,370.0,48805
2025-08-29 08:10:00,369.95,370.1,369.8,369.95,33263
2025-08-29 08:15:00,369.85,370.0,369.5,369.75,48531
2025-08-29 08:20:00,369.75,370.05,369.5,369.6,87569
2025-08-29 08:25:00,369.6,369.7,369.05,369.15,100018
2025-08-29 08:30:00,369.3,369.35,369.0,369.2,37690
2025-08-29 08:35:00,369.2,369.8,368.95,369.75,79965
2025-08-29 08:40:00,369.7,370.0,369.4,369.75,85977
2025-08-29 08:45:00,369.75,369.85,369.5,369.75,40562
2025-08-29 08:50:00,369.7,370.0,369.5,369.75,70671
2025-08-29 08:55:00,369.75,369.95,369.35,369.7,92833
2025-08-29 09:00:00,369.7,370.4,369.5,370.3,177610
2025-08-29 09:05:00,370.3,370.8,370.0,370.0,141945
2025-08-29 09:10:00,370.1,370.15,369.85,370.1,161667
2025-08-29 09:15:00,370.1,370.35,370.0,370.25,63122
2025-08-29 09:20:00,370.25,370.35,369.65,370.15,182180
2025-08-29 09:25:00,370.15,370.75,370.0,370.65,130620
2025-08-29 09:30:00,370.65,370.7,370.0,370.1,334187
2025-08-29 09:35:00,370.0,370.15,369.15,369.3,581711
2025-08-29 09:40:00,369.25,369.3,368.55,368.95,587385
2025-08-29 09:45:00,369.0,369.4,368.55,369.15,555387
2025-08-29 09:50:00,369.15,369.65,368.9,369.4,458385
2025-08-29 09:55:00,369.45,369.65,368.9,369.4,393759
2025-09-01 03:45:00,369.95,372.0,368.65,368.9,542811
2025-09-01 03:50:00,368.95,369.0,368.15,368.25,244069
2025-09-01 03:55:00,368.3,368.6,367.55,368.6,298489
2025-09-01 04:00:00,368.6,369.4,368.5,369.35,164408
2025-09-01 04:05:00,369.15,370.6,369.15,370.05,219607
2025-09-01 04:10:00,370.1,371.35,370.05,371.15,224164
2025-09-01 04:15:00,371.15,372.85,371.05,372.3,344956
2025-09-01 04:20:00,372.3,372.5,371.75,371.85,138900
2025-09-01 04:25:00,371.85,371.95,371.5,371.8,88847
2025-09-01 04:30:00,371.8,372.4,371.45,371.55,132588
2025-09-01 04:35:00,371.5,371.75,371.25,371.55,53291
2025-09-01 04:40:00,371.4,371.9,371.3,371.55,50688
2025-09-01 04:45:00,371.55,371.8,371.15,371.15,69949
2025-09-01 04:50:00,371.35,371.75,371.0,371.75,74745
2025-09-01 04:55:00,371.75,372.2,371.5,371.9,57642
2025-09-01 05:00:00,371.95,372.0,371.45,371.85,32583
2025-09-01 05:05:00,371.85,371.9,371.3,371.5,44535
2025-09-01 05:10:00,371.5,371.9,371.3,371.9,77920
2025-09-01 05:15:00,371.85,372.2,371.5,371.8,72853
2025-09-01 05:20:00,371.65,371.9,371.4,371.65,58529
2025-09-01 05:25:00,371.8,372.4,371.5,372.25,140534
2025-09-01 05:30:00,372.35,372.5,372.2,372.3,59317
2025-09-01 05:35:00,372.45,372.45,372.15,372.35,43893
2025-09-01 05:40:00,372.4,372.7,372.15,372.65,110910
2025-09-01 05:45:00,372.65,372.9,372.15,372.5,82285
2025-09-01 05:50:00,372.55,372.6,372.25,372.6,35464
2025-09-01 05:55:00,372.6,372.8,372.35,372.5,72594
2025-09-01 06:00:00,372.5,372.65,372.3,372.45,40954
2025-09-01 06:05:00,372.55,372.55,372.25,372.4,38833
2025-09-01 06:10:00,372.4,372.65,372.15,372.3,41572
2025-09-01 06:15:00,372.35,372.45,371.75,372.2,105717
2025-09-01 06:20:00,372.3,372.5,372.15,372.4,42582
2025-09-01 06:25:00,372.45,372.7,372.25,372.5,52763
2025-09-01 06:30:00,372.55,373.35,372.35,373.35,143362
2025-09-01 06:35:00,373.3,373.8,373.25,373.6,209583
2025-09-01 06:40:00,373.55,373.8,373.55,373.75,102727
2025-09-01 06:45:00,373.8,374.2,373.65,373.95,108057
2025-09-01 06:50:00,374.0,374.1,373.6,374.1,66492
2025-09-01 06:55:00,374.15,374.4,373.7,374.35,181511
2025-09-01 07:00:00,374.35,374.4,374.05,374.35,62057
2025-09-01 07:05:00,374.4,374.8,374.05,374.65,150189
2025-09-01 07:10:00,374.65,374.85,374.1,374.3,147212
2025-09-01 07:15:00,374.3,374.45,373.8,374.2,206291
2025-09-01 07:20:00,374.25,374.3,374.0,374.25,40920
2025-09-01 07:25:00,374.25,374.4,374.2,374.25,31599
2025-09-01 07:30:00,374.2,374.5,374.2,374.45,32071
2025-09-01 07:35:00,374.45,375.0,374.3,374.95,113002
2025-09-01 07:40:00,374.95,375.25,374.6,374.8,155895
2025-09-01 07:45:00,374.8,374.9,374.4,374.6,56819
2025-09-01 07:50:00,374.6,374.75,374.35,374.45,49193
2025-09-01 07:55:00,374.45,374.55,374.2,374.5,55431
2025-09-01 08:00:00,374.4,374.6,374.25,374.25,35429
2025-09-01 08:05:00,374.25,374.35,373.0,373.25,231192
2025-09-01 08:10:00,373.25,373.45,372.75,372.85,108403
2025-09-01 08:15:00,372.95,373.0,372.6,372.7,60014
2025-09-01 08:20:00,372.7,372.95,372.55,372.65,124085
2025-09-01 08:25:00,372.7,373.0,372.65,373.0,41275
2025-09-01 08:30:00,373.0,373.4,372.9,373.15,55101
2025-09-01 08:35:00,373.15,373.35,372.8,373.25,81800
2025-09-01 08:40:00,373.3,373.5,372.75,373.25,91860
2025-09-01 08:45:00,373.25,373.35,373.0,373.0,48463
2025-09-01 08:50:00,373.0,373.6,372.95,373.5,57111
2025-09-01 08:55:00,373.6,374.25,373.15,374.0,245543
2025-09-01 09:00:00,374.15,374.4,373.85,374.15,286974
2025-09-01 09:05:00,374.3,374.35,373.6,374.15,121752
2025-09-01 09:10:00,374.25,374.4,373.7,373.95,69838
2025-09-01 09:15:00,373.95,374.2,373.9,373.95,89414
2025-09-01 09:20:00,373.95,374.05,373.6,373.7,81854
2025-09-01 09:25:00,373.65,374.0,373.5,373.85,108981
2025-09-01 09:30:00,373.8,374.1,373.6,373.95,175599
2025-09-01 09:35:00,373.95,373.95,373.65,373.8,109202
2025-09-01 09:40:00,373.7,374.0,373.65,373.95,189303
2025-09-01 09:45:00,373.9,373.95,373.7,373.95,231268
2025-09-01 09:50:00,373.95,374.05,373.75,374.0,232014
2025-09-01 09:55:00,374.0,374.25,373.9,374.0,165788
2025-09-02 03:45:00,377.3,377.35,375.1,375.4,1168687
2025-09-02 03:50:00,375.4,375.75,374.2,374.55,557195
2025-09-02 03:55:00,374.55,375.3,373.75,374.4,431188
2025-09-02 04:00:00,374.3,375.25,374.1,375.2,414978
2025-09-02 04:05:00,375.2,375.75,375.0,375.55,325398
2025-09-02 04:10:00,375.6,375.6,375.1,375.2,201954
2025-09-02 04:15:00,375.3,375.8,375.0,375.75,136275
2025-09-02 04:20:00,375.65,375.95,375.5,375.9,139122
2025-09-02 04:25:00,375.75,375.9,375.35,375.8,158619
2025-09-02 04:30:00,375.65,375.9,375.6,375.7,73313
2025-09-02 04:35:00,375.85,375.9,375.15,375.3,190531
2025-09-02 04:40:00,375.2,375.4,375.0,375.2,84793
2025-09-02 04:45:00,375.1,375.7,375.05,375.7,97715
2025-09-02 04:50:00,375.75,376.35,375.25,376.35,183001
2025-09-02 04:55:00,376.25,376.7,376.1,376.5,148201
2025-09-02 05:00:00,376.5,376.9,376.15,376.25,151957
2025-09-02 05:05:00,376.15,376.5,376.0,376.4,70807
2025-09-02 05:10:00,376.3,376.6,376.05,376.2,128643
2025-09-02 05:15:00,376.2,376.35,376.0,376.2,46083
2025-09-02 05:20:00,376.3,376.5,376.05,376.35,38571
2025-09-02 05:25:00,376.35,376.4,376.15,376.3,34022
2025-09-02 05:30:00,376.15,376.3,376.05,376.1,51107
2025-09-02 05:35:00,376.1,376.25,376.0,376.15,65224
2025-09-02 05:40:00,376.15,376.75,376.15,376.3,287943
2025-09-02 05:45:00,376.4,376.95,376.2,376.6,84118
2025-09-02 05:50:00,376.55,376.65,376.1,376.45,55361
2025-09-02 05:55:00,376.35,376.65,376.35,376.6,48607
2025-09-02 06:00:00,376.65,376.8,376.5,376.8,42705
2025-09-02 06:05:00,376.65,377.0,376.45,376.7,101096
2025-09-02 06:10:00,376.6,376.7,376.4,376.65,34477
2025-09-02 06:15:00,376.65,376.65,376.1,376.35,98008
2025-09-02 06:20:00,376.35,376.5,376.15,376.25,32875
2025-09-02 06:25:00,376.25,376.45,376.05,376.2,37824
2025-09-02 06:30:00,376.2,376.5,376.0,376.2,34784
2025-09-02 06:35:00,376.2,376.25,376.05,376.15,24826
2025-09-02 06:40:00,376.1,376.8,375.8,376.75,109856
2025-09-02 06:45:00,376.75,377.5,376.1,376.25,322443
2025-09-02 06:50:00,376.3,376.7,376.2,376.65,65869
2025-09-02 06:55:00,376.7,377.3,376.55,377.25,253726
2025-09-02 07:00:00,377.1,378.6,376.95,378.2,511623
2025-09-02 07:05:00,378.3,378.7,377.8,378.4,217149
2025-09-02 07:10:00,378.4,378.55,377.6,377.7,115063
2025-09-02 07:15:00,377.7,377.9,377.2,377.35,105833
2025-09-02 07:20:00,377.3,377.45,376.95,377.2,87882
2025-09-02 07:25:00,377.2,377.65,377.0,377.55,42336
2025-09-02 07:30:00,377.6,377.85,377.25,377.75,46373
2025-09-02 07:35:00,377.7,377.8,377.4,377.55,44899
2025-09-02 07:40:00,377.55,378.4,377.3,378.3,133834
2025-09-02 07:45:00,378.25,378.3,377.35,377.5,78008
2025-09-02 07:50:00,377.45,377.5,377.0,377.0,95094
2025-09-02 07:55:00,377.0,377.25,376.8,377.1,117685
2025-09-02 08:00:00,377.1,377.95,376.85,377.65,115880
2025-09-02 08:05:00,377.7,378.95,377.5,378.8,261798
2025-09-02 08:10:00,378.8,378.85,377.4,377.9,260346
2025-09-02 08:15:00,377.9,377.9,377.3,377.85,99896
2025-09-02 08:20:00,377.85,378.0,377.05,377.3,108544
2025-09-02 08:25:00,377.3,377.3,376.3,376.55,161300
2025-09-02 08:30:00,376.6,376.65,376.0,376.25,242982
2025-09-02 08:35:00,376.15,376.75,375.8,376.55,143733
2025-09-02 08:40:00,376.6,377.2,376.35,376.5,115839
2025-09-02 08:45:00,376.4,376.85,376.1,376.4,78928
2025-09-02 08:50:00,376.4,377.1,376.1,376.25,155201
2025-09-02 08:55:00,376.3,376.3,375.5,375.95,181292
2025-09-02 09:00:00,375.85,376.45,375.6,376.15,93080
2025-09-02 09:05:00,376.05,376.95,376.05,376.5,149909
2025-09-02 09:10:00,376.5,376.7,376.2,376.45,83267
2025-09-02 09:15:00,376.3,376.7,376.15,376.3,68618
2025-09-02 09:20:00,376.35,376.5,375.8,376.0,115943
2025-09-02 09:25:00,376.0,376.4,375.9,376.25,81562
2025-09-02 09:30:00,376.25,376.7,376.0,376.3,202749
2025-09-02 09:35:00,376.3,376.7,376.1,376.65,233629
2025-09-02 09:40:00,376.5,376.95,376.35,376.9,273487
2025-09-02 09:45:00,376.85,376.95,376.2,376.55,326056
2025-09-02 09:50:00,376.55,376.8,376.25,376.65,232156
2025-09-02 09:55:00,376.65,377.25,376.55,377.1,244185
2025-09-03 03:45:00,377.75,378.75,377.1,378.45,774867
2025-09-03 03:50:00,378.5,380.35,378.05,380.25,712989
2025-09-03 03:55:00,380.25,381.2,380.0,380.95,544371
2025-09-03 04:00:00,380.95,380.95,379.05,379.3,325789
2025-09-03 04:05:00,379.3,380.6,378.65,378.95,405510
2025-09-03 04:10:00,379.1,379.85,378.95,379.65,106541
2025-09-03 04:15:00,379.7,380.3,379.65,379.85,123248
2025-09-03 04:20:00,379.85,380.55,379.85,380.5,118154
2025-09-03 04:25:00,380.45,380.6,380.0,380.3,166303
2025-09-03 04:30:00,380.3,380.3,379.8,380.2,87936
2025-09-03 04:35:00,380.05,380.2,379.75,379.95,68521
2025-09-03 04:40:00,379.95,380.45,379.75,380.2,109211
2025-09-03 04:45:00,380.2,380.25,379.75,379.85,53632
2025-09-03 04:50:00,379.85,380.0,379.7,379.75,74659
2025-09-03 04:55:00,379.75,380.3,379.5,380.0,105993
2025-09-03 05:00:00,379.95,380.05,379.55,379.85,41550
2025-09-03 05:05:00,379.8,379.85,378.8,379.0,123145
2025-09-03 05:10:00,379.0,379.4,378.75,378.85,120659
2025-09-03 05:15:00,378.85,378.85,378.5,378.6,79506
2025-09-03 05:20:00,378.65,378.95,378.4,378.6,222883
2025-09-03 05:25:00,378.7,379.05,378.1,378.85,362204
2025-09-03 05:30:00,378.8,379.15,378.7,379.1,278952
2025-09-03 05:35:00,379.0,379.05,378.0,378.8,318657
2025-09-03 05:40:00,378.8,379.0,378.7,378.7,41448
2025-09-03 05:45:00,378.8,378.8,377.75,377.9,182286
2025-09-03 05:50:00,377.9,378.5,377.3,377.45,190440
2025-09-03 05:55:00,377.45,377.7,377.3,377.5,87014
2025-09-03 06:00:00,377.5,377.55,377.4,377.5,97839
2025-09-03 06:05:00,377.5,377.5,377.4,377.5,83381
2025-09-03 06:10:00,377.45,377.55,377.45,377.45,49888
2025-09-03 06:15:00,377.5,378.15,377.45,378.05,63906
2025-09-03 06:20:00,378.0,378.05,377.15,377.45,117176
2025-09-03 06:25:00,377.45,377.65,377.35,377.6,52108
2025-09-03 06:30:00,377.6,377.65,377.25,377.3,58695
2025-09-03 06:35:00,377.3,377.5,377.25,377.5,42676
2025-09-03 06:40:00,377.5,377.8,377.4,377.75,83661
2025-09-03 06:45:00,377.8,378.2,377.75,378.05,51200
2025-09-03 06:50:00,378.15,378.4,378.05,378.3,42076
2025-09-03 06:55:00,378.3,378.3,377.5,377.7,130195
2025-09-03 07:00:00,377.7,377.7,377.6,377.7,35844
2025-09-03 07:05:00,377.6,377.8,377.55,377.7,47854
2025-09-03 07:10:00,377.8,377.8,377.4,377.5,47094
2025-09-03 07:15:00,377.5,378.0,377.4,377.65,71188
2025-09-03 07:20:00,377.7,377.7,377.3,377.55,53690
2025-09-03 07:25:00,377.5,377.6,377.4,377.6,87023
2025-09-03 07:30:00,377.6,377.65,377.45,377.65,21478
2025-09-03 07:35:00,377.65,377.7,377.5,377.65,31281
2025-09-03 07:40:00,377.65,377.7,377.45,377.45,35301
2025-09-03 07:45:00,377.55,377.7,377.4,377.65,33046
2025-09-03 07:50:00,377.65,377.7,377.5,377.7,25860
2025-09-03 07:55:00,377.7,377.7,377.5,377.65,29090
2025-09-03 08:00:00,377.65,377.7,377.5,377.55,42536
2025-09-03 08:05:00,377.6,377.8,377.45,377.65,128251
2025-09-03 08:10:00,377.65,378.0,377.5,378.0,106044
2025-09-03 08:15:00,377.9,378.45,377.85,378.45,59970
2025-09-03 08:20:00,378.45,378.5,378.2,378.3,62561
2025-09-03 08:25:00,378.4,378.4,377.85,378.2,151227
2025-09-03 08:30:00,378.1,378.2,377.5,377.85,216187
2025-09-03 08:35:00,377.9,378.15,377.7,378.1,81767
2025-09-03 08:40:00,378.15,378.45,378.0,378.2,48585
2025-09-03 08:45:00,378.2,378.3,378.05,378.2,43377
2025-09-03 08:50:00,378.2,378.3,378.0,378.3,49025
2025-09-03 08:55:00,378.15,378.3,378.05,378.2,45651
2025-09-03 09:00:00,378.2,378.25,377.75,377.9,102206
2025-09-03 09:05:00,377.9,378.2,377.8,377.9,47576
2025-09-03 09:10:00,377.9,378.05,377.6,377.85,59776
2025-09-03 09:15:00,377.9,378.3,377.85,378.2,75325
2025-09-03 09:20:00,378.2,378.8,378.1,378.75,126840
2025-09-03 09:25:00,378.75,378.75,378.45,378.45,80660
2025-09-03 09:30:00,378.6,378.75,378.45,378.65,119574
2025-09-03 09:35:00,378.65,378.75,378.5,378.75,145780
2025-09-03 09:40:00,378.75,378.95,378.65,378.85,164492
2025-09-03 09:45:00,378.8,378.85,378.4,378.8,263358
2025-09-03 09:50:00,378.85,379.0,378.6,378.8,230823
2025-09-03 09:55:00,378.8,379.0,378.4,379.0,242072
2025-09-04 03:45:00,381.5,381.5,378.0,379.05,673480
2025-09-04 03:50:00,379.05,379.9,378.8,379.6,197060
2025-09-04 03:55:00,379.55,379.6,378.9,379.3,122973
2025-09-04 04:00:00,379.35,379.8,379.1,379.8,146753
2025-09-04 04:05:00,379.8,379.9,379.3,379.55,81521
2025-09-04 04:10:00,379.55,379.7,378.9,379.25,95216
2025-09-04 04:15:00,379.4,380.65,379.3,380.4,205749
2025-09-04 04:20:00,380.35,380.7,380.0,380.65,98747
2025-09-04 04:25:00,380.65,380.65,380.1,380.3,85284
2025-09-04 04:30:00,380.25,380.3,380.0,380.1,67459
2025-09-04 04:35:00,380.05,380.1,379.45,379.5,165183
2025-09-04 04:40:00,379.45,379.7,379.05,379.1,71923
2025-09-04 04:45:00,379.15,379.15,378.55,379.0,129638
2025-09-04 04:50:00,379.0,379.15,378.8,379.05,53834
2025-09-04 04:55:00,379.1,379.15,378.4,378.5,136020
2025-09-04 05:00:00,378.5,378.65,378.2,378.35,72846
2025-09-04 05:05:00,378.35,378.45,377.8,378.1,119660
2025-09-04 05:10:00,378.05,378.05,377.4,377.65,108234
2025-09-04 05:15:00,377.65,378.5,377.55,378.45,103212
2025-09-04 05:20:00,378.45,378.45,377.85,377.95,46352
2025-09-04 05:25:00,377.95,378.0,377.05,377.2,99270
2025-09-04 05:30:00,377.2,377.4,375.75,376.0,514012
2025-09-04 05:35:00,375.85,376.6,375.75,375.85,166440
2025-09-04 05:40:00,375.75,376.05,375.7,375.85,60206
2025-09-04 05:45:00,375.95,376.1,375.25,375.5,114876
2025-09-04 05:50:00,375.55,375.55,375.0,375.1,99222
2025-09-04 05:55:00,375.1,375.65,375.05,375.4,81191
2025-09-04 06:00:00,375.4,375.5,375.2,375.3,53844
2025-09-04 06:05:00,375.25,375.3,374.75,375.1,92257
2025-09-04 06:10:00,375.0,375.1,374.8,375.05,114891
2025-09-04 06:15:00,375.05,375.3,374.95,375.1,53945
2025-09-04 06:20:00,375.1,375.35,375.0,375.2,37991
2025-09-04 06:25:00,375.2,375.55,375.2,375.5,39329
2025-09-04 06:30:00,375.35,375.8,375.35,375.75,35855
2025-09-04 06:35:00,375.75,376.0,375.15,375.3,202169
2025-09-04 06:40:00,375.3,375.4,374.9,374.9,54071
2025-09-04 06:45:00,374.9,375.05,374.2,374.4,105618
2025-09-04 06:50:00,374.35,374.45,373.65,374.0,130502
2025-09-04 06:55:00,373.95,374.6,373.8,374.35,83976
2025-09-04 07:00:00,374.5,375.0,374.3,374.8,61104
2025-09-04 07:05:00,374.8,375.0,374.75,374.85,36592
2025-09-04 07:10:00,374.8,374.9,374.5,374.8,66773
2025-09-04 07:15:00,374.8,375.1,374.7,374.95,59852
2025-09-04 07:20:00,374.95,374.95,374.55,374.7,87885
2025-09-04 07:25:00,374.85,374.9,374.4,374.65,75747
2025-09-04 07:30:00,374.65,374.65,374.1,374.35,57748
2025-09-04 07:35:00,374.35,374.6,374.25,374.35,148217
2025-09-04 07:40:00,374.45,374.45,374.0,374.2,70456
2025-09-04 07:45:00,374.2,374.3,373.15,373.25,313527
2025-09-04 07:50:00,373.15,374.05,373.0,373.85,324607
2025-09-04 07:55:00,373.85,373.9,373.35,373.55,80586
2025-09-04 08:00:00,373.4,373.8,373.25,373.55,180492
2025-09-04 08:05:00,373.4,373.6,373.15,373.3,72104
2025-09-04 08:10:00,373.3,373.3,372.9,373.1,184054
2025-09-04 08:15:00,373.1,373.3,373.0,373.05,51465
2025-09-04 08:20:00,373.0,373.1,372.4,372.85,113967
2025-09-04 08:25:00,372.85,373.1,372.65,372.8,73198
2025-09-04 08:30:00,372.8,373.2,372.65,373.15,81830
2025-09-04 08:35:00,373.2,373.2,372.65,372.9,61485
2025-09-04 08:40:00,372.8,372.95,372.55,372.7,49625
2025-09-04 08:45:00,372.7,372.85,372.2,372.55,96497
2025-09-04 08:50:00,372.5,372.6,372.05,372.25,150132
2025-09-04 08:55:00,372.25,372.35,372.05,372.2,62102
2025-09-04 09:00:00,372.2,373.35,372.1,373.1,135494
2025-09-04 09:05:00,373.05,373.25,372.7,372.75,60794
2025-09-04 09:10:00,372.75,373.65,372.75,373.5,129143
2025-09-04 09:15:00,373.55,373.55,372.95,373.05,59380
2025-09-04 09:20:00,373.0,373.3,372.55,372.65,171291
2025-09-04 09:25:00,372.7,373.2,372.6,372.9,91726
2025-09-04 09:30:00,373.0,373.2,372.5,372.6,132421
2025-09-04 09:35:00,372.55,372.65,372.4,372.45,161782
2025-09-04 09:40:00,372.45,372.55,372.2,372.25,216587
2025-09-04 09:45:00,372.3,372.5,372.0,372.35,325767
2025-09-04 09:50:00,372.35,373.0,372.35,372.9,189613
2025-09-04 09:55:00,373.0,373.0,372.8,373.0,127908
2025-09-05 03:45:00,374.0,375.4,373.45,375.4,243643
2025-09-05 03:50:00,375.4,375.5,374.1,374.6,194172
2025-09-05 03:55:00,374.75,374.85,374.25,374.35,88216
2025-09-05 04:00:00,374.35,374.65,374.3,374.5,49208
2025-09-05 04:05:00,374.4,374.55,373.05,373.3,171367
2025-09-05 04:10:00,373.25,373.3,372.55,372.7,102009
2025-09-05 04:15:00,372.6,373.45,372.6,373.1,79012
2025-09-05 04:20:00,373.15,373.25,372.65,372.85,58533
2025-09-05 04:25:00,372.9,372.95,371.95,372.8,154041
2025-09-05 04:30:00,372.85,373.15,372.45,372.45,75205
2025-09-05 04:35:00,372.45,372.45,371.6,371.85,99405
2025-09-05 04:40:00,371.7,371.85,370.65,370.8,144069
2025-09-05 04:45:00,370.8,370.85,370.1,370.25,106190
2025-09-05 04:50:00,370.35,371.4,370.2,371.35,87311
2025-09-05 04:55:00,371.4,372.2,371.2,371.55,1069100
2025-09-05 05:00:00,371.5,371.65,371.0,371.15,59609
2025-09-05 05:05:00,371.15,371.45,371.0,371.45,43491
2025-09-05 05:10:00,371.45,371.45,371.1,371.15,45380
2025-09-05 05:15:00,371.25,371.25,370.85,370.85,106087
2025-09-05 05:20:00,370.85,370.95,370.55,370.65,35540
2025-09-05 05:25:00,370.65,370.9,370.5,370.8,48738
2025-09-05 05:30:00,370.8,371.0,370.7,371.0,54297
2025-09-05 05:35:00,371.0,371.35,370.95,371.05,31091
2025-09-05 05:40:00,371.05,371.4,370.9,371.25,48802
2025-09-05 05:45:00,371.3,371.35,370.75,371.2,49413
2025-09-05 05:50:00,371.25,371.4,370.9,371.0,31370
2025-09-05 05:55:00,371.0,371.3,370.9,371.2,31502
2025-09-05 06:00:00,371.3,371.4,371.0,371.0,39634
2025-09-05 06:05:00,371.0,371.05,370.65,370.9,32037
2025-09-05 06:10:00,370.9,370.95,370.3,370.3,88327
2025-09-05 06:15:00,370.3,370.35,369.6,369.65,132558
2025-09-05 06:20:00,369.6,370.0,369.55,369.85,75454
2025-09-05 06:25:00,369.85,369.85,369.5,369.5,30649
2025-09-05 06:30:00,369.6,369.7,369.0,369.45,135772
2025-09-05 06:35:00,369.45,369.6,369.1,369.35,50171
2025-09-05 06:40:00,369.35,369.35,368.75,368.8,61139
2025-09-05 06:45:00,368.75,368.95,368.5,368.55,82679
2025-09-05 06:50:00,368.5,368.95,368.5,368.9,48408
2025-09-05 06:55:00,368.75,369.0,368.75,368.9,18094
2025-09-05 07:00:00,369.0,369.15,368.6,368.6,42809
2025-09-05 07:05:00,368.6,368.85,368.55,368.85,29124
2025-09-05 07:10:00,368.85,368.9,368.7,368.85,22439
2025-09-05 07:15:00,368.85,368.95,368.6,368.6,33459
2025-09-05 07:20:00,368.7,368.85,368.55,368.85,51616
2025-09-05 07:25:00,368.8,369.1,368.75,368.95,55196
2025-09-05 07:30:00,368.95,369.25,368.75,368.8,44495
2025-09-05 07:35:00,368.8,369.6,368.8,369.6,54974
2025-09-05 07:40:00,369.6,369.85,369.5,369.85,45037
2025-09-05 07:45:00,369.85,370.4,369.8,370.35,71733
2025-09-05 07:50:00,370.3,370.5,370.0,370.1,48260
2025-09-05 07:55:00,370.1,370.5,370.0,370.5,41898
2025-09-05 08:00:00,370.4,370.95,370.3,370.9,76655
2025-09-05 08:05:00,370.9,371.0,370.35,370.8,64219
2025-09-05 08:10:00,370.85,371.15,370.75,371.1,157185
2025-09-05 08:15:00,371.15,371.8,371.15,371.45,117878
2025-09-05 08:20:00,371.55,371.9,371.05,371.9,101640
2025-09-05 08:25:00,371.9,372.3,371.75,371.85,167635
2025-09-05 08:30:00,371.85,372.45,371.85,372.15,106253
2025-09-05 08:35:00,372.15,372.3,371.3,371.3,70147
2025-09-05 08:40:00,371.35,371.6,371.0,371.4,55148
2025-09-05 08:45:00,371.4,371.55,371.3,371.4,43070
2025-09-05 08:50:00,371.35,371.65,371.3,371.4,38011
2025-09-05 08:55:00,371.35,371.45,371.15,371.4,40960
2025-09-05 09:00:00,371.4,371.5,371.2,371.2,28998
2025-09-05 09:05:00,371.2,371.25,370.9,370.95,595764
2025-09-05 09:10:00,370.95,371.15,370.75,370.75,53098
2025-09-05 09:15:00,370.8,370.95,370.6,370.75,40199
2025-09-05 09:20:00,370.75,371.1,370.5,370.55,47379
2025-09-05 09:25:00,370.5,370.75,370.5,370.7,52639
2025-09-05 09:30:00,370.7,370.7,370.1,370.25,120648
2025-09-05 09:35:00,370.3,370.8,370.2,370.7,136982
2025-09-05 09:40:00,370.7,371.2,370.65,370.75,171931
2025-09-05 09:45:00,370.9,371.0,370.65,370.95,112995
2025-09-05 09:50:00,370.9,371.35,370.85,371.25,172210
2025-09-05 09:55:00,371.25,371.8,371.15,371.75,108945
2025-09-08 03:45:00,371.65,373.65,371.55,371.85,302577
2025-09-08 03:50:00,372.0,372.25,371.0,371.25,199674
2025-09-08 03:55:00,371.4,371.5,370.85,371.3,123924
2025-09-08 04:00:00,371.3,372.5,371.2,372.25,169035
2025-09-08 04:05:00,372.25,372.85,372.2,372.35,114730
2025-09-08 04:10:00,372.35,372.9,372.2,372.9,87539
2025-09-08 04:15:00,372.9,373.2,372.4,372.7,93686
2025-09-08 04:20:00,372.8,372.85,372.0,372.3,68475
2025-09-08 04:25:00,372.7,372.85,372.1,372.3,124211
2025-09-08 04:30:00,372.4,372.9,372.4,372.65,45553
2025-09-08 04:35:00,372.65,373.25,372.65,372.85,69843
2025-09-08 04:40:00,372.85,373.15,372.85,373.0,46429
2025-09-08 04:45:00,372.9,373.45,372.7,373.25,52638
2025-09-08 04:50:00,373.25,373.4,372.85,373.1,95741
2025-09-08 04:55:00,373.1,373.3,372.7,372.8,36871
2025-09-08 05:00:00,372.8,372.8,372.35,372.5,49824
2025-09-08 05:05:00,372.55,372.8,372.3,372.75,48476
2025-09-08 05:10:00,372.8,372.9,372.45,372.45,42191
2025-09-08 05:15:00,372.45,372.7,371.8,372.05,152589
2025-09-08 05:20:00,372.05,372.2,371.4,371.4,82097
2025-09-08 05:25:00,371.4,371.5,371.1,371.2,42494
2025-09-08 05:30:00,371.2,371.75,371.15,371.55,39999
2025-09-08 05:35:00,371.6,372.05,371.45,372.05,36426
2025-09-08 05:40:00,372.05,372.4,372.0,372.2,32481
2025-09-08 05:45:00,372.2,372.45,372.1,372.4,48870
2025-09-08 05:50:00,372.4,372.45,372.2,372.25,27810
2025-09-08 05:55:00,372.2,373.4,372.1,373.4,82885
2025-09-08 06:00:00,373.35,373.55,373.0,373.35,74245
2025-09-08 06:05:00,373.3,373.35,372.6,372.7,47643
2025-09-08 06:10:00,372.65,372.9,372.6,372.7,68760
2025-09-08 06:15:00,372.65,373.1,372.35,372.8,82170
2025-09-08 06:20:00,372.8,372.9,372.55,372.7,61470
2025-09-08 06:25:00,372.65,372.75,372.25,372.4,80543
2025-09-08 06:30:00,372.35,372.7,372.25,372.6,57536
2025-09-08 06:35:00,372.7,372.75,372.3,372.35,59757
2025-09-08 06:40:00,372.35,372.55,372.25,372.3,80961
2025-09-08 06:45:00,372.35,372.45,372.2,372.3,79031
2025-09-08 06:50:00,372.2,372.4,372.05,372.1,71099
2025-09-08 06:55:00,372.05,372.35,371.85,372.35,99493
2025-09-08 07:00:00,372.25,372.75,372.05,372.65,77994
2025-09-08 07:05:00,372.65,374.0,372.6,373.85,249765
2025-09-08 07:10:00,373.8,374.2,373.25,373.25,78671
2025-09-08 07:15:00,373.25,373.95,373.25,373.65,57905
2025-09-08 07:20:00,373.6,374.0,373.55,374.0,64157
2025-09-08 07:25:00,374.0,374.0,373.75,373.9,54317
2025-09-08 07:30:00,373.8,374.2,373.8,374.2,65086
2025-09-08 07:35:00,374.05,374.4,374.05,374.3,80125
2025-09-08 07:40:00,374.35,374.5,374.0,374.4,89038
2025-09-08 07:45:00,374.3,374.45,374.0,374.1,55380
2025-09-08 07:50:00,374.1,374.4,373.85,374.25,74338
2025-09-08 07:55:00,374.1,374.25,373.9,374.25,74675
2025-09-08 08:00:00,374.15,374.45,373.9,374.2,65707
2025-09-08 08:05:00,374.2,374.2,373.7,373.8,50997
2025-09-08 08:10:00,373.7,373.9,373.0,373.0,92823
2025-09-08 08:15:00,373.1,373.1,372.6,373.0,73757
2025-09-08 08:20:00,372.85,373.0,372.65,372.7,47190
2025-09-08 08:25:00,372.65,372.9,372.5,372.5,71576
2025-09-08 08:30:00,372.55,372.75,372.2,372.2,40044
2025-09-08 08:35:00,372.2,372.75,372.2,372.75,37854
2025-09-08 08:40:00,372.8,372.85,372.4,372.8,63237
2025-09-08 08:45:00,372.85,372.9,372.75,372.9,27276
2025-09-08 08:50:00,372.9,372.9,372.7,372.75,51967
2025-09-08 08:55:00,372.7,372.95,372.65,372.95,39793
2025-09-08 09:00:00,372.95,373.95,372.95,373.7,106857
2025-09-08 09:05:00,373.7,373.85,373.5,373.7,63488
2025-09-08 09:10:00,373.6,373.65,373.2,373.2,26441
2025-09-08 09:15:00,373.2,373.45,372.35,372.55,187995
2025-09-08 09:20:00,372.4,373.0,372.4,373.0,62342
2025-09-08 09:25:00,373.0,373.0,372.65,372.8,61615
2025-09-08 09:30:00,372.8,372.8,371.6,371.85,282070
2025-09-08 09:35:00,371.9,372.05,371.6,371.9,203516
2025-09-08 09:40:00,371.8,371.9,371.45,371.65,179625
2025-09-08 09:45:00,371.5,372.15,371.4,372.0,397433
2025-09-08 09:50:00,371.9,372.1,371.85,372.05,306163
2025-09-08 09:55:00,372.0,372.3,372.0,372.2,155337
2025-09-09 03:45:00,371.9,374.0,371.2,371.6,337001
2025-09-09 03:50:00,371.5,372.0,371.0,371.2,174439
2025-09-09 03:55:00,371.15,371.25,370.5,371.15,149961
2025-09-09 04:00:00,371.15,371.4,370.65,370.85,106323
2025-09-09 04:05:00,370.85,370.95,370.6,370.9,78116
2025-09-09 04:10:00,370.9,371.9,370.65,371.75,135330
2025-09-09 04:15:00,371.8,372.05,371.5,372.05,89899
2025-09-09 04:20:00,372.0,373.0,372.0,372.8,226031
2025-09-09 04:25:00,372.8,373.0,372.2,372.95,127853
2025-09-09 04:30:00,372.95,372.95,372.3,372.55,55221
2025-09-09 04:35:00,372.55,372.75,372.1,372.35,60116
2025-09-09 04:40:00,372.35,372.5,372.1,372.35,39245
2025-09-09 04:45:00,372.3,372.35,372.0,372.1,41559
2025-09-09 04:50:00,372.05,372.05,371.6,371.7,56409
2025-09-09 04:55:00,371.8,371.8,371.25,371.6,57575
2025-09-09 05:00:00,371.6,371.6,371.35,371.5,42238
2025-09-09 05:05:00,371.45,372.25,371.45,372.05,53513
2025-09-09 05:10:00,371.85,372.2,371.85,372.0,49905
2025-09-09 05:15:00,372.05,372.05,371.7,372.0,30200
2025-09-09 05:20:00,371.85,372.1,371.45,371.65,142798
2025-09-09 05:25:00,371.65,371.7,371.35,371.7,113398
2025-09-09 05:30:00,371.7,371.95,371.3,371.35,282587
2025-09-09 05:35:00,371.35,371.35,370.8,370.85,209769
2025-09-09 05:40:00,370.8,371.0,370.8,370.95,57856
2025-09-09 05:45:00,370.85,371.65,370.85,371.5,93796
2025-09-09 05:50:00,371.55,372.0,371.4,371.6,103649
2025-09-09 05:55:00,371.6,371.6,370.9,370.9,344676
2025-09-09 06:00:00,370.95,371.5,370.6,371.15,479065
2025-09-09 06:05:00,371.2,371.3,370.8,370.9,281465
2025-09-09 06:10:00,370.85,370.9,370.65,370.85,36676
2025-09-09 06:15:00,370.8,370.95,370.7,370.75,59521
2025-09-09 06:20:00,370.75,370.75,370.4,370.5,75236
2025-09-09 06:25:00,370.5,370.8,370.45,370.7,44895
2025-09-09 06:30:00,370.75,370.75,370.2,370.2,85344
2025-09-09 06:35:00,370.25,370.4,369.9,370.35,235650
2025-09-09 06:40:00,370.3,371.15,370.3,371.1,68015
2025-09-09 06:45:00,371.15,371.3,371.0,371.2,42878
2025-09-09 06:50:00,371.3,371.6,371.2,371.45,54545
2025-09-09 06:55:00,371.5,371.7,371.1,371.25,41142
2025-09-09 07:00:00,371.3,371.35,371.05,371.1,34610
2025-09-09 07:05:00,371.15,371.45,371.05,371.4,37725
2025-09-09 07:10:00,371.4,371.45,371.1,371.3,35821
2025-09-09 07:15:00,371.25,371.6,371.25,371.6,29364
2025-09-09 07:20:00,371.55,371.65,371.3,371.35,36455
2025-09-09 07:25:00,371.4,371.4,371.05,371.35,39908
2025-09-09 07:30:00,371.3,371.4,370.85,371.1,66104
2025-09-09 07:35:00,371.0,371.25,370.95,371.2,49261
2025-09-09 07:40:00,371.15,371.2,370.85,371.05,30890
2025-09-09 07:45:00,371.05,371.15,370.85,371.0,37200
2025-09-09 07:50:00,371.05,371.25,371.0,371.15,48996
2025-09-09 07:55:00,371.2,371.2,371.0,371.05,28576
2025-09-09 08:00:00,371.1,371.5,371.05,371.35,46906
2025-09-09 08:05:00,371.5,371.5,371.3,371.35,27870
2025-09-09 08:10:00,371.35,371.45,371.1,371.1,30988
2025-09-09 08:15:00,371.15,371.2,371.0,371.0,27744
2025-09-09 08:20:00,371.05,371.1,371.0,371.05,31442
2025-09-09 08:25:00,371.05,371.1,371.0,371.05,32001
2025-09-09 08:30:00,371.1,371.25,370.85,371.25,94477
2025-09-09 08:35:00,371.15,371.4,371.15,371.4,53570
2025-09-09 08:40:00,371.4,371.5,371.35,371.5,42986
2025-09-09 08:45:00,371.5,371.5,371.2,371.25,40419
2025-09-09 08:50:00,371.2,371.25,371.0,371.05,41814
2025-09-09 08:55:00,371.0,371.5,370.9,371.35,92641
2025-09-09 09:00:00,371.35,371.5,371.3,371.5,52300
2025-09-09 09:05:00,371.4,371.45,370.85,371.15,108743
2025-09-09 09:10:00,371.15,371.25,370.9,371.05,79730
2025-09-09 09:15:00,371.0,371.2,370.9,371.05,67276
2025-09-09 09:20:00,371.05,371.15,370.95,371.15,82471
2025-09-09 09:25:00,371.15,371.45,370.95,371.05,81745
2025-09-09 09:30:00,371.05,371.3,371.05,371.15,537329
2025-09-09 09:35:00,371.15,371.5,371.0,371.45,723553
2025-09-09 09:40:00,371.4,372.0,371.4,371.9,700836
2025-09-09 09:45:00,371.9,372.35,371.85,372.25,1041951
2025-09-09 09:50:00,372.25,372.65,372.25,372.6,721983
2025-09-09 09:55:00,372.6,373.95,372.55,373.05,596291
2025-09-10 03:45:00,373.7,377.55,373.05,377.45,693116
2025-09-10 03:50:00,377.55,377.85,376.6,377.2,329062
2025-09-10 03:55:00,377.4,377.4,376.3,376.65,152865
2025-09-10 04:00:00,376.7,376.85,376.1,376.4,72759
2025-09-10 04:05:00,376.45,377.5,376.2,377.35,119877
2025-09-10 04:10:00,377.4,377.5,377.1,377.4,192816
2025-09-10 04:15:00,377.4,378.0,377.4,378.0,199947
2025-09-10 04:20:00,378.0,378.5,377.7,377.9,229761
2025-09-10 04:25:00,377.9,378.4,377.75,378.4,135589
2025-09-10 04:30:00,378.35,379.0,378.15,378.95,316974
2025-09-10 04:35:00,378.95,379.2,378.2,378.2,176346
2025-09-10 04:40:00,378.25,379.0,378.2,378.95,90680
2025-09-10 04:45:00,378.9,379.0,378.75,378.9,110968
2025-09-10 04:50:00,378.9,379.55,378.85,379.5,349698
2025-09-10 04:55:00,379.25,379.65,379.25,379.6,94448
2025-09-10 05:00:00,379.5,380.45,379.25,380.0,462502
2025-09-10 05:05:00,379.95,380.4,379.75,379.8,292994
2025-09-10 05:10:00,379.75,380.25,379.45,379.85,424404
2025-09-10 05:15:00,380.0,380.35,379.8,380.35,415019
2025-09-10 05:20:00,380.25,381.3,380.25,380.75,571448
2025-09-10 05:25:00,380.7,381.0,380.35,380.5,148136
2025-09-10 05:30:00,380.4,380.7,380.2,380.45,312881
2025-09-10 05:35:00,380.35,381.1,380.35,380.85,578246
2025-09-10 05:40:00,380.95,381.2,380.85,381.05,166172
2025-09-10 05:45:00,381.05,381.45,380.85,381.15,304184
2025-09-10 05:50:00,381.0,381.6,380.35,381.5,455891
2025-09-10 05:55:00,381.6,381.6,380.6,380.95,322903
2025-09-10 06:00:00,380.8,381.0,380.4,380.9,103867
2025-09-10 06:05:00,380.9,381.0,380.75,380.9,189395
2025-09-10 06:10:00,380.9,381.0,380.8,380.95,202853
2025-09-10 06:15:00,380.9,381.4,380.75,381.3,284535
2025-09-10 06:20:00,381.35,381.95,381.2,381.55,307569
2025-09-10 06:25:00,381.75,383.25,381.55,382.85,765531
2025-09-10 06:30:00,382.95,383.2,382.8,383.15,239116
2025-09-10 06:35:00,383.0,383.95,383.0,383.9,443296
2025-09-10 06:40:00,383.95,384.6,383.9,384.2,544363
2025-09-10 06:45:00,384.25,384.65,384.25,384.55,259380
2025-09-10 06:50:00,384.6,384.75,384.5,384.7,283158
2025-09-10 06:55:00,384.75,385.0,384.65,384.95,310737
2025-09-10 07:00:00,385.0,385.45,384.75,385.35,458755
2025-09-10 07:05:00,385.35,385.45,384.85,385.05,334305
2025-09-10 07:10:00,385.1,385.3,384.9,385.3,255977
2025-09-10 07:15:00,385.35,386.3,385.25,385.75,545585
2025-09-10 07:20:00,385.8,386.15,385.4,386.0,379159
2025-09-10 07:25:00,386.05,386.2,385.85,385.95,416195
2025-09-10 07:30:00,386.0,386.1,385.85,386.0,190837
2025-09-10 07:35:00,386.0,386.35,385.95,386.35,286829
2025-09-10 07:40:00,386.4,386.8,386.05,386.1,375576
2025-09-10 07:45:00,386.15,386.2,384.75,385.05,492842
2025-09-10 07:50:00,385.15,385.55,385.0,385.15,245827
2025-09-10 07:55:00,385.2,385.9,385.0,385.8,206351
2025-09-10 08:00:00,385.9,386.2,385.7,385.9,211645
2025-09-10 08:05:00,385.95,386.15,385.85,386.15,146693
2025-09-10 08:10:00,386.15,386.15,385.85,385.9,89575
2025-09-10 08:15:00,385.95,385.95,385.25,385.75,226202
2025-09-10 08:20:00,385.75,385.75,385.5,385.6,75986
2025-09-10 08:25:00,385.7,386.0,385.6,385.85,84584
2025-09-10 08:30:00,385.9,386.0,385.8,385.9,142849
2025-09-10 08:35:00,385.95,386.5,385.9,386.1,287099
2025-09-10 08:40:00,386.25,386.45,386.05,386.35,182143
2025-09-10 08:45:00,386.4,386.75,386.0,386.0,227839
2025-09-10 08:50:00,386.05,386.05,385.45,385.85,213334
2025-09-10 08:55:00,385.8,386.0,385.5,385.8,109102
2025-09-10 09:00:00,385.95,386.4,385.7,385.85,159518
2025-09-10 09:05:00,385.95,386.2,385.65,386.15,148665
2025-09-10 09:10:00,386.2,386.2,385.75,385.75,220908
2025-09-10 09:15:00,385.8,386.7,385.8,386.25,194467
2025-09-10 09:20:00,386.25,386.55,386.25,386.5,120724
2025-09-10 09:25:00,386.55,386.7,386.4,386.7,210757
2025-09-10 09:30:00,386.7,387.5,386.5,387.5,546301
2025-09-10 09:35:00,387.5,388.0,387.35,388.0,589465
2025-09-10 09:40:00,387.95,388.35,387.7,388.05,826567
2025-09-10 09:45:00,388.1,388.8,388.0,388.7,899615
2025-09-10 09:50:00,388.65,388.65,387.95,388.25,714139
2025-09-10 09:55:00,388.25,389.0,387.8,389.0,693785
2025-09-11 03:45:00,389.6,390.0,387.4,389.95,1446864
2025-09-11 03:50:00,390.0,392.15,389.9,392.1,1596029
2025-09-11 03:55:00,392.1,392.5,389.35,389.6,1137786
2025-09-11 04:00:00,389.5,390.0,388.35,388.8,830823
2025-09-11 04:05:00,388.8,389.9,388.1,389.45,425886
2025-09-11 04:10:00,389.4,389.45,388.85,389.0,206008
2025-09-11 04:15:00,389.1,389.5,388.85,389.4,190853
2025-09-11 04:20:00,389.4,390.0,389.1,389.15,170127
2025-09-11 04:25:00,389.15,389.15,388.5,388.6,212857
2025-09-11 04:30:00,388.55,388.6,387.25,388.15,416490
2025-09-11 04:35:00,388.25,388.5,387.75,388.05,172915
2025-09-11 04:40:00,388.05,388.6,387.85,388.6,147286
2025-09-11 04:45:00,388.6,389.5,388.5,389.4,155794
2025-09-11 04:50:00,389.4,389.6,389.15,389.4,116987
2025-09-11 04:55:00,389.5,389.55,389.35,389.5,118251
2025-09-11 05:00:00,389.45,390.3,389.4,389.75,196372
2025-09-11 05:05:00,389.75,390.45,389.5,390.1,361090
2025-09-11 05:10:00,390.05,390.3,388.6,388.6,432658
2025-09-11 05:15:00,388.6,389.0,388.5,388.8,107612
2025-09-11 05:20:00,388.9,389.65,388.75,388.95,236354
2025-09-11 05:25:00,388.95,389.45,388.8,388.9,334008
2025-09-11 05:30:00,388.95,389.0,388.65,388.95,132237
2025-09-11 05:35:00,388.95,389.2,388.8,389.2,175093
2025-09-11 05:40:00,389.2,389.7,389.1,389.7,150085
2025-09-11 05:45:00,389.6,390.0,389.25,389.4,98944
2025-09-11 05:50:00,389.4,389.45,388.8,389.0,160068
2025-09-11 05:55:00,389.0,389.0,388.8,388.9,116132
2025-09-11 06:00:00,388.9,389.0,388.8,388.9,85181
2025-09-11 06:05:00,388.9,389.0,388.55,388.8,240244
2025-09-11 06:10:00,388.8,388.85,388.0,388.3,174995
2025-09-11 06:15:00,388.2,388.5,388.2,388.5,198226
2025-09-11 06:20:00,388.5,388.5,387.2,387.65,253400
2025-09-11 06:25:00,387.65,387.95,387.5,387.85,80692
2025-09-11 06:30:00,387.8,388.15,387.65,388.0,63908
2025-09-11 06:35:00,387.85,388.0,387.65,387.75,108166
2025-09-11 06:40:00,387.75,387.75,387.25,387.7,100730
2025-09-11 06:45:00,387.7,388.5,387.65,388.35,119962
2025-09-11 06:50:00,388.3,388.5,388.25,388.5,65995
2025-09-11 06:55:00,388.5,388.7,388.2,388.25,110057
2025-09-11 07:00:00,388.25,388.4,388.0,388.15,89801
2025-09-11 07:05:00,388.05,388.1,387.35,387.6,216523
2025-09-11 07:10:00,387.5,387.8,386.6,386.8,220355
2025-09-11 07:15:00,386.65,387.0,386.35,386.6,176723
2025-09-11 07:20:00,386.55,386.85,386.25,386.65,170965
2025-09-11 07:25:00,386.6,386.7,386.3,386.6,101655
2025-09-11 07:30:00,386.6,386.85,386.3,386.75,78173
2025-09-11 07:35:00,386.65,387.05,386.6,386.8,121681
2025-09-11 07:40:00,386.8,387.0,386.6,386.7,170641
2025-09-11 07:45:00,386.65,386.95,386.65,386.8,95372
2025-09-11 07:50:00,386.75,386.95,386.7,386.8,68741
2025-09-11 07:55:00,386.9,386.95,386.65,386.8,164919
2025-09-11 08:00:00,386.75,387.0,386.75,387.0,138821
2025-09-11 08:05:00,386.95,387.0,386.0,386.2,259751
2025-09-11 08:10:00,386.2,386.45,386.0,386.3,92064
2025-09-11 08:15:00,386.3,386.7,386.1,386.45,89606
2025-09-11 08:20:00,386.35,386.7,385.85,386.05,128481
2025-09-11 08:25:00,385.9,386.0,385.6,385.75,131939
2025-09-11 08:30:00,385.7,385.95,385.4,385.9,142123
2025-09-11 08:35:00,385.85,386.5,385.8,386.4,359498
2025-09-11 08:40:00,386.25,386.4,386.0,386.3,89109
2025-09-11 08:45:00,386.2,386.35,385.85,386.0,102833
2025-09-11 08:50:00,385.9,386.0,385.85,386.0,168435
2025-09-11 08:55:00,386.0,386.35,385.95,386.25,284857
2025-09-11 09:00:00,386.25,386.3,385.55,385.6,195347
2025-09-11 09:05:00,385.6,386.0,385.45,386.0,196119
2025-09-11 09:10:00,386.0,386.0,385.35,385.5,131577
2025-09-11 09:15:00,385.5,386.0,385.4,385.6,167684
2025-09-11 09:20:00,385.55,386.0,385.55,385.9,192637
2025-09-11 09:25:00,385.8,385.85,385.4,385.5,196106
2025-09-11 09:30:00,385.55,385.75,385.5,385.5,177488
2025-09-11 09:35:00,385.5,385.9,384.05,384.65,1156258
2025-09-11 09:40:00,384.6,385.0,384.4,384.95,407000
2025-09-11 09:45:00,384.9,385.55,384.85,385.45,485469
2025-09-11 09:50:00,385.5,385.5,385.15,385.3,327842
2025-09-11 09:55:00,385.3,386.0,385.25,386.0,294469
2025-09-12 03:45:00,386.0,387.3,385.7,386.15,414249
2025-09-12 03:50:00,386.3,386.65,385.75,386.35,182592
2025-09-12 03:55:00,386.35,386.35,385.7,386.25,136526
2025-09-12 04:00:00,386.2,386.3,385.3,385.7,136685
2025-09-12 04:05:00,385.6,386.5,385.45,386.45,106221
2025-09-12 04:10:00,386.5,387.25,386.45,387.05,122179
2025-09-12 04:15:00,387.0,388.7,387.0,388.65,211543
2025-09-12 04:20:00,388.65,389.9,388.55,389.5,528341
2025-09-12 04:25:00,389.45,389.6,388.35,388.4,262603
2025-09-12 04:30:00,388.5,390.0,388.35,389.6,324884
2025-09-12 04:35:00,389.6,390.55,389.4,390.3,271320
2025-09-12 04:40:00,390.3,391.4,389.8,391.1,390672
2025-09-12 04:45:00,391.0,393.0,391.0,392.85,747697
2025-09-12 04:50:00,392.8,394.65,392.65,394.6,866416
2025-09-12 04:55:00,394.7,394.95,392.7,393.7,758968
2025-09-12 05:00:00,393.65,394.3,393.0,393.2,363286
2025-09-12 05:05:00,393.15,394.3,393.1,394.3,363056
2025-09-12 05:10:00,394.3,395.0,393.85,394.65,624729
2025-09-12 05:15:00,394.55,395.85,394.05,395.6,629480
2025-09-12 05:20:00,395.65,396.15,395.0,395.0,617623
2025-09-12 05:25:00,395.0,395.45,393.8,394.05,315524
2025-09-12 05:30:00,394.0,394.2,393.5,394.05,321593
2025-09-12 05:35:00,394.05,394.4,393.85,394.3,172494
2025-09-12 05:40:00,394.3,394.9,393.9,394.05,410652
2025-09-12 05:45:00,394.0,395.0,393.95,394.85,244978
2025-09-12 05:50:00,394.85,394.95,394.35,394.45,332136
2025-09-12 05:55:00,394.35,395.95,394.35,395.9,425502
2025-09-12 06:00:00,395.8,396.0,395.1,395.4,215248
2025-09-12 06:05:00,395.35,395.8,395.3,395.5,442456
2025-09-12 06:10:00,395.5,395.6,394.9,395.5,278737
2025-09-12 06:15:00,395.5,395.65,395.1,395.15,226362
2025-09-12 06:20:00,395.1,396.6,395.0,396.55,996171
2025-09-12 06:25:00,396.4,398.0,396.35,397.8,713385
2025-09-12 06:30:00,397.8,398.0,397.2,397.4,385328
2025-09-12 06:35:00,397.4,397.75,397.15,397.7,267813
2025-09-12 06:40:00,397.55,397.8,397.3,397.7,358674
2025-09-12 06:45:00,397.65,397.95,397.5,397.9,285691
2025-09-12 06:50:00,397.85,398.0,396.7,396.85,464671
2025-09-12 06:55:00,396.85,397.45,396.7,397.2,311042
2025-09-12 07:00:00,397.1,397.75,396.65,397.55,295463
2025-09-12 07:05:00,397.7,397.75,397.4,397.75,234729
2025-09-12 07:10:00,397.75,397.9,397.5,397.8,304727
2025-09-12 07:15:00,397.9,397.9,397.2,397.25,253066
2025-09-12 07:20:00,397.3,397.5,396.75,396.75,272744
2025-09-12 07:25:00,396.9,397.3,396.7,397.15,161745
2025-09-12 07:30:00,397.15,397.25,396.65,396.9,194103
2025-09-12 07:35:00,396.9,396.95,396.2,396.3,212929
2025-09-12 07:40:00,396.3,396.65,396.2,396.35,160557
2025-09-12 07:45:00,396.3,397.2,396.3,397.15,169757
2025-09-12 07:50:00,397.15,397.2,396.7,396.95,125677
2025-09-12 07:55:00,396.85,397.0,396.7,396.95,138096
2025-09-12 08:00:00,396.75,397.0,396.75,396.9,126637
2025-09-12 08:05:00,396.9,397.7,396.85,397.3,200180
2025-09-12 08:10:00,397.3,397.45,397.15,397.35,115182
2025-09-12 08:15:00,397.3,397.4,396.9,397.0,126605
2025-09-12 08:20:00,396.9,397.5,396.85,397.45,167912
2025-09-12 08:25:00,397.4,397.8,397.3,397.7,190417
2025-09-12 08:30:00,397.8,398.0,397.6,397.85,256574
2025-09-12 08:35:00,397.85,398.0,397.65,398.0,315721
2025-09-12 08:40:00,397.95,399.0,397.85,398.6,658297
2025-09-12 08:45:00,398.6,398.8,398.1,398.8,238621
2025-09-12 08:50:00,398.8,399.35,398.6,399.25,467651
2025-09-12 08:55:00,399.15,399.35,398.9,398.9,313405
2025-09-12 09:00:00,398.9,399.0,398.7,398.95,230122
2025-09-12 09:05:00,398.95,399.1,398.2,399.1,539988
2025-09-12 09:10:00,399.1,399.35,399.0,399.35,272618
2025-09-12 09:15:00,399.35,399.6,399.1,399.4,441514
2025-09-12 09:20:00,399.3,399.5,399.0,399.0,276862
2025-09-12 09:25:00,399.1,399.5,399.0,399.1,282888
2025-09-12 09:30:00,399.05,399.35,398.9,399.15,364121
2025-09-12 09:35:00,399.05,399.15,398.7,398.8,307822
2025-09-12 09:40:00,398.9,399.55,398.7,399.45,630352
2025-09-12 09:45:00,399.5,399.65,399.25,399.6,884278
2025-09-12 09:50:00,399.5,399.85,399.15,399.3,681043
2025-09-12 09:55:00,399.3,399.45,399.05,399.45,500663
2025-09-15 03:45:00,400.0,403.1,399.85,401.05,2120889
2025-09-15 03:50:00,401.05,401.95,399.65,400.15,831943
2025-09-15 03:55:00,400.4,401.15,399.8,400.65,576201
2025-09-15 04:00:00,400.8,400.8,399.3,399.55,445986
2025-09-15 04:05:00,399.6,400.0,399.0,399.15,354534
2025-09-15 04:10:00,399.2,399.3,398.15,398.9,349597
2025-09-15 04:15:00,398.75,398.9,397.65,398.1,433115
2025-09-15 04:20:00,398.3,399.3,397.85,399.15,189027
2025-09-15 04:25:00,399.1,399.15,397.35,397.5,354853
2025-09-15 04:30:00,397.4,398.25,397.35,397.6,197392
2025-09-15 04:35:00,397.7,397.7,397.15,397.25,286730
2025-09-15 04:40:00,397.3,397.65,396.85,397.35,194998
2025-09-15 04:45:00,397.35,399.65,397.3,399.1,231924
2025-09-15 04:50:00,399.1,399.7,399.0,399.55,170499
2025-09-15 04:55:00,399.6,400.5,399.35,400.25,421149
2025-09-15 05:00:00,400.25,400.45,399.8,400.0,168591
2025-09-15 05:05:00,400.05,400.3,399.8,400.05,148688
2025-09-15 05:10:00,400.15,400.2,399.85,400.0,96249
2025-09-15 05:15:00,400.05,400.15,399.45,399.55,136860
2025-09-15 05:20:00,399.55,400.0,399.5,399.7,114649
2025-09-15 05:25:00,399.75,399.8,398.85,399.0,254376
2025-09-15 05:30:00,398.9,399.05,398.85,398.95,79019
2025-09-15 05:35:00,398.95,399.15,398.6,398.6,249900
2025-09-15 05:40:00,398.6,398.8,397.85,398.1,206258
2025-09-15 05:45:00,398.1,398.4,397.8,398.25,104429
2025-09-15 05:50:00,398.35,398.5,397.85,398.15,103369
2025-09-15 05:55:00,398.05,398.4,397.85,397.85,102982
2025-09-15 06:00:00,397.9,398.25,397.8,398.0,154887
2025-09-15 06:05:00,398.0,398.25,397.7,397.85,157241
2025-09-15 06:10:00,397.85,397.95,397.65,397.8,61514
2025-09-15 06:15:00,397.9,398.0,397.75,397.8,171590
2025-09-15 06:20:00,397.95,398.0,397.75,397.9,59794
2025-09-15 06:25:00,397.85,398.5,397.85,398.4,118002
2025-09-15 06:30:00,398.4,398.95,398.1,398.1,171051
2025-09-15 06:35:00,398.25,398.25,397.35,397.4,202397
2025-09-15 06:40:00,397.35,397.9,397.2,397.65,210206
2025-09-15 06:45:00,397.75,397.9,397.55,397.65,93688
2025-09-15 06:50:00,397.6,397.8,397.05,397.05,107835
2025-09-15 06:55:00,397.15,397.3,397.0,397.2,88102
2025-09-15 07:00:00,397.15,397.4,397.1,397.25,81051
2025-09-15 07:05:00,397.25,397.45,397.1,397.25,71742
2025-09-15 07:10:00,397.2,397.5,397.2,397.25,111472
2025-09-15 07:15:00,397.2,397.55,397.15,397.25,70955
2025-09-15 07:20:00,397.2,397.4,396.9,396.95,204557
2025-09-15 07:25:00,396.9,397.4,396.9,397.0,136793
2025-09-15 07:30:00,397.0,397.15,396.7,396.85,140088
2025-09-15 07:35:00,396.8,396.95,396.6,396.7,98789
2025-09-15 07:40:00,396.7,396.9,396.6,396.7,67460
2025-09-15 07:45:00,396.7,397.0,396.65,396.95,72449
2025-09-15 07:50:00,396.9,397.0,396.8,397.0,75657
2025-09-15 07:55:00,396.85,397.0,396.65,396.9,79772
2025-09-15 08:00:00,396.8,397.0,396.25,396.4,250832
2025-09-15 08:05:00,396.5,397.05,396.45,396.75,135384
2025-09-15 08:10:00,396.6,396.85,395.75,396.35,353741
2025-09-15 08:15:00,396.3,396.6,395.75,395.75,252784
2025-09-15 08:20:00,396.0,396.25,395.8,396.1,111760
2025-09-15 08:25:00,396.1,396.25,395.7,395.8,133194
2025-09-15 08:30:00,395.75,396.0,395.75,395.95,68739
2025-09-15 08:35:00,395.85,396.0,395.8,396.0,89546
2025-09-15 08:40:00,395.95,396.0,395.9,395.95,78173
2025-09-15 08:45:00,395.9,396.0,395.85,395.9,136103
2025-09-15 08:50:00,395.95,397.5,395.9,397.2,464599
2025-09-15 08:55:00,397.15,398.05,396.9,398.0,401218
2025-09-15 09:00:00,398.0,398.25,397.85,398.25,176646
2025-09-15 09:05:00,398.2,398.5,397.85,398.2,424670
2025-09-15 09:10:00,398.05,399.0,398.0,398.9,380507
2025-09-15 09:15:00,398.9,398.95,398.25,398.6,305713
2025-09-15 09:20:00,398.5,398.6,398.0,398.35,222836
2025-09-15 09:25:00,398.25,398.4,397.65,398.35,435673
2025-09-15 09:30:00,398.35,398.75,398.25,398.5,354504
2025-09-15 09:35:00,398.5,399.35,398.4,398.45,647568
2025-09-15 09:40:00,398.45,398.85,398.3,398.35,277812
2025-09-15 09:45:00,398.35,398.4,397.65,397.8,432749
2025-09-15 09:50:00,397.85,398.3,397.75,398.25,289250
2025-09-15 09:55:00,398.3,398.5,398.0,398.3,321387
2025-09-16 03:45:00,398.45,399.05,396.2,398.2,407298
2025-09-16 03:50:00,398.2,401.0,398.1,400.45,543929
2025-09-16 03:55:00,400.45,400.45,398.8,399.3,260118
2025-09-16 04:00:00,399.4,399.95,399.25,399.55,180193
2025-09-16 04:05:00,399.45,400.0,399.35,400.0,141289
2025-09-16 04:10:00,399.95,400.15,399.55,400.15,167451
2025-09-16 04:15:00,400.15,401.3,400.05,401.2,427720
2025-09-16 04:20:00,401.15,401.8,400.6,400.7,306291
2025-09-16 04:25:00,400.7,401.05,400.55,401.0,163778
2025-09-16 04:30:00,401.0,401.0,400.1,400.5,157728
2025-09-16 04:35:00,400.5,400.95,400.35,400.7,95886
2025-09-16 04:40:00,400.7,400.95,400.3,400.75,160093
2025-09-16 04:45:00,400.75,400.9,400.4,400.6,83576
2025-09-16 04:50:00,400.6,400.8,400.4,400.55,77772
2025-09-16 04:55:00,400.55,400.6,400.15,400.25,54377
2025-09-16 05:00:00,400.25,400.35,400.05,400.1,65209
2025-09-16 05:05:00,400.1,400.3,399.65,399.8,200101
2025-09-16 05:10:00,399.8,400.0,399.4,399.4,100151
2025-09-16 05:15:00,399.4,399.65,399.1,399.5,88646
2025-09-16 05:20:00,399.55,400.5,399.2,400.1,152093
2025-09-16 05:25:00,400.2,400.25,400.0,400.15,42685
2025-09-16 05:30:00,400.15,400.2,399.4,399.45,206655
2025-09-16 05:35:00,399.45,400.0,399.25,399.95,96491
2025-09-16 05:40:00,399.95,400.45,399.75,400.35,147212
2025-09-16 05:45:00,400.4,400.8,400.25,400.65,147934
2025-09-16 05:50:00,400.7,401.5,400.5,401.5,225279
2025-09-16 05:55:00,401.45,401.6,401.1,401.6,160098
2025-09-16 06:00:00,401.55,401.75,400.55,401.0,434823
2025-09-16 06:05:00,401.1,401.5,401.0,401.25,203817
2025-09-16 06:10:00,401.15,401.7,401.0,401.7,160780
2025-09-16 06:15:00,401.5,402.25,401.35,402.15,435739
2025-09-16 06:20:00,402.2,402.25,401.75,401.8,165463
2025-09-16 06:25:00,401.9,401.95,401.1,401.55,153614
2025-09-16 06:30:00,401.35,401.55,401.0,401.25,88259
2025-09-16 06:35:00,401.25,401.35,400.6,401.15,141630
2025-09-16 06:40:00,401.35,401.85,401.1,401.15,140948
2025-09-16 06:45:00,401.15,401.45,401.0,401.25,101286
2025-09-16 06:50:00,401.45,401.65,401.25,401.55,58099
2025-09-16 06:55:00,401.4,401.55,401.1,401.35,51478
2025-09-16 07:00:00,401.2,401.5,401.1,401.35,56565
2025-09-16 07:05:00,401.2,401.5,401.1,401.25,51842
2025-09-16 07:10:00,401.35,401.35,401.0,401.35,59745
2025-09-16 07:15:00,401.15,401.35,401.05,401.25,63238
2025-09-16 07:20:00,401.25,401.3,401.0,401.25,61712
2025-09-16 07:25:00,401.25,401.25,401.0,401.2,60060
2025-09-16 07:30:00,401.05,401.3,401.0,401.2,71032
2025-09-16 07:35:00,401.2,401.3,400.95,401.3,79495
2025-09-16 07:40:00,401.3,401.5,401.1,401.35,88935
2025-09-16 07:45:00,401.35,401.4,401.05,401.4,66865
2025-09-16 07:50:00,401.25,401.45,401.05,401.4,50530
2025-09-16 07:55:00,401.35,401.35,401.0,401.15,60488
2025-09-16 08:00:00,401.2,401.2,401.0,401.1,50615
2025-09-16 08:05:00,401.1,401.15,400.95,401.15,62221
2025-09-16 08:10:00,401.15,401.2,400.75,401.05,70510
2025-09-16 08:15:00,401.05,401.2,401.0,401.1,92508
2025-09-16 08:20:00,401.1,401.8,400.85,401.7,182704
2025-09-16 08:25:00,401.6,402.0,401.5,401.95,119024
2025-09-16 08:30:00,401.95,402.15,401.6,402.1,175264
2025-09-16 08:35:00,402.0,402.35,401.5,401.6,235801
2025-09-16 08:40:00,401.6,401.9,401.25,401.85,79197
2025-09-16 08:45:00,401.85,401.9,401.65,401.85,57106
2025-09-16 08:50:00,401.85,402.0,401.7,401.8,110582
2025-09-16 08:55:00,401.7,401.85,401.35,401.8,79227
2025-09-16 09:00:00,401.75,401.85,401.45,401.65,86502
2025-09-16 09:05:00,401.55,402.0,401.5,401.95,137346
2025-09-16 09:10:00,402.0,402.0,401.7,401.7,113524
2025-09-16 09:15:00,401.9,401.95,401.6,401.9,97927
2025-09-16 09:20:00,401.9,401.9,401.45,401.9,120993
2025-09-16 09:25:00,401.75,402.0,401.7,401.95,106513
2025-09-16 09:30:00,401.9,402.9,401.9,402.8,436455
2025-09-16 09:35:00,402.75,402.9,402.75,402.9,279321
2025-09-16 09:40:00,402.85,403.0,402.85,402.9,387395
2025-09-16 09:45:00,402.95,403.25,402.85,403.2,534279
2025-09-16 09:50:00,403.25,403.3,402.95,403.05,594622
2025-09-16 09:55:00,403.1,403.3,402.6,403.0,485445
2025-09-17 03:45:00,405.5,408.9,405.0,408.65,2481240
2025-09-17 03:50:00,408.5,409.6,408.1,408.25,1269074
2025-09-17 03:55:00,408.15,409.5,408.15,409.3,745477
2025-09-17 04:00:00,409.3,412.65,409.3,411.85,1837956
2025-09-17 04:05:00,411.65,412.9,410.8,412.9,1366803
2025-09-17 04:10:00,412.9,413.5,412.2,412.5,1110101
2025-09-17 04:15:00,412.5,415.4,412.25,415.1,1707459
2025-09-17 04:20:00,415.05,416.65,414.5,414.75,1738405
2025-09-17 04:25:00,414.6,414.85,413.0,413.4,1120377
2025-09-17 04:30:00,413.4,414.45,413.2,413.2,589384
2025-09-17 04:35:00,413.2,413.3,412.1,412.55,733092
2025-09-17 04:40:00,412.35,412.65,411.75,412.65,451075
2025-09-17 04:45:00,412.7,413.05,412.05,412.5,468552
2025-09-17 04:50:00,412.5,413.4,411.8,412.25,598374
2025-09-17 04:55:00,412.25,413.35,412.0,412.9,346782
2025-09-17 05:00:00,412.9,412.95,411.35,412.05,552896
2025-09-17 05:05:00,412.1,412.2,411.45,411.85,255209
2025-09-17 05:10:00,411.9,411.9,410.75,411.15,620841
2025-09-17 05:15:00,411.15,411.9,411.05,411.45,243100
2025-09-17 05:20:00,411.55,412.8,411.3,412.1,352860
2025-09-17 05:25:00,412.1,412.75,411.75,411.9,279056
2025-09-17 05:30:00,411.8,412.0,411.5,411.85,261044
2025-09-17 05:35:00,411.95,412.0,411.55,411.6,136919
2025-09-17 05:40:00,411.6,411.7,411.1,411.1,160867
2025-09-17 05:45:00,411.2,411.5,411.1,411.2,137116
2025-09-17 05:50:00,411.25,411.7,411.25,411.45,114208
2025-09-17 05:55:00,411.5,411.65,411.4,411.4,144002
2025-09-17 06:00:00,411.5,411.5,411.35,411.5,139208
2025-09-17 06:05:00,411.5,411.5,411.2,411.25,156419
2025-09-17 06:10:00,411.35,411.5,411.2,411.5,169152
2025-09-17 06:15:00,411.4,412.25,411.35,411.8,272183
2025-09-17 06:20:00,412.0,412.25,411.6,412.15,256664
2025-09-17 06:25:00,412.25,412.6,412.05,412.3,230952
2025-09-17 06:30:00,412.3,412.45,411.25,411.45,319323
2025-09-17 06:35:00,411.35,411.9,411.3,411.65,152502
2025-09-17 06:40:00,411.8,412.0,411.5,411.55,180811
2025-09-17 06:45:00,411.7,411.7,411.35,411.55,139520
2025-09-17 06:50:00,411.5,411.75,411.45,411.7,97644
2025-09-17 06:55:00,411.5,412.2,411.5,412.05,151352
2025-09-17 07:00:00,412.15,412.2,411.6,411.6,217696
2025-09-17 07:05:00,411.7,411.95,411.3,411.85,164182
2025-09-17 07:10:00,411.85,411.9,411.4,411.4,142628
2025-09-17 07:15:00,411.5,411.85,411.4,411.6,100681
2025-09-17 07:20:00,411.55,411.75,411.25,411.3,138370
2025-09-17 07:25:00,411.3,411.55,411.2,411.35,109763
2025-09-17 07:30:00,411.3,411.6,411.25,411.5,111020
2025-09-17 07:35:00,411.35,411.85,411.3,411.4,174000
2025-09-17 07:40:00,411.35,411.65,410.8,410.95,287256
2025-09-17 07:45:00,410.95,411.2,410.8,411.2,178819
2025-09-17 07:50:00,411.1,411.25,410.7,410.85,213785
2025-09-17 07:55:00,410.85,410.9,410.15,410.65,233124
2025-09-17 08:00:00,410.65,411.1,410.55,410.6,452204
2025-09-17 08:05:00,410.7,411.0,410.55,410.55,104901
2025-09-17 08:10:00,410.65,410.8,410.2,410.35,139148
2025-09-17 08:15:00,410.35,410.85,410.2,410.3,132258
2025-09-17 08:20:00,410.45,410.5,409.75,410.0,330468
2025-09-17 08:25:00,410.0,410.5,409.85,410.35,391407
2025-09-17 08:30:00,410.5,410.75,410.1,410.35,188133
2025-09-17 08:35:00,410.4,410.5,409.85,410.45,179534
2025-09-17 08:40:00,410.4,411.3,410.4,411.15,289776
2025-09-17 08:45:00,411.1,411.35,411.0,411.25,174184
2025-09-17 08:50:00,411.2,411.75,411.2,411.55,232058
2025-09-17 08:55:00,411.45,411.7,410.95,411.4,261659
2025-09-17 09:00:00,411.5,411.6,411.0,411.4,191471
2025-09-17 09:05:00,411.35,411.35,410.95,410.95,243882
2025-09-17 09:10:00,411.05,411.75,410.95,411.65,277690
2025-09-17 09:15:00,411.7,411.95,411.55,411.65,229398
2025-09-17 09:20:00,411.65,412.0,411.5,411.9,263254
2025-09-17 09:25:00,411.95,412.0,411.75,411.9,183391
2025-09-17 09:30:00,411.9,412.8,411.9,412.75,430755
2025-09-17 09:35:00,412.7,412.75,412.5,412.65,326059
2025-09-17 09:40:00,412.7,412.75,411.65,411.65,457280
2025-09-17 09:45:00,411.8,412.0,411.3,411.95,644262
2025-09-17 09:50:00,411.95,412.4,411.55,412.3,566364
2025-09-17 09:55:00,412.35,412.7,411.55,411.8,511572
2025-09-18 03:45:00,415.0,415.0,410.7,410.9,1077699
2025-09-18 03:50:00,410.9,412.55,410.2,412.2,438942
2025-09-18 03:55:00,412.05,412.9,411.3,411.7,301208
2025-09-18 04:00:00,411.65,411.95,410.75,411.4,202433
2025-09-18 04:05:00,411.35,411.5,410.9,410.95,152359
2025-09-18 04:10:00,411.1,411.75,410.7,410.75,129292
2025-09-18 04:15:00,410.8,411.45,410.5,411.15,159880
2025-09-18 04:20:00,411.15,411.25,410.1,410.25,167769
2025-09-18 04:25:00,410.3,411.1,410.0,410.75,150963
2025-09-18 04:30:00,410.6,410.85,410.45,410.8,97252
2025-09-18 04:35:00,410.8,410.85,410.5,410.55,73223
2025-09-18 04:40:00,410.45,410.5,409.25,409.4,273215
2025-09-18 04:45:00,409.4,409.4,408.85,409.2,188156
2025-09-18 04:50:00,409.2,409.4,408.6,409.0,144095
2025-09-18 04:55:00,408.85,409.2,408.7,408.95,84435
2025-09-18 05:00:00,409.15,409.5,409.0,409.4,97573
2025-09-18 05:05:00,409.3,409.4,409.1,409.2,59322
2025-09-18 05:10:00,409.2,410.4,409.2,409.9,171572
2025-09-18 05:15:00,409.9,410.1,409.75,409.95,100059
2025-09-18 05:20:00,410.0,410.6,409.85,409.9,147748
2025-09-18 05:25:00,409.95,410.0,409.05,409.15,101268
2025-09-18 05:30:00,409.2,409.8,409.0,409.25,257306
2025-09-18 05:35:00,409.15,409.5,409.0,409.2,91047
2025-09-18 05:40:00,409.2,409.5,408.7,409.35,181706
2025-09-18 05:45:00,409.35,410.3,409.2,410.0,122243
2025-09-18 05:50:00,409.95,411.2,409.95,411.15,192099
2025-09-18 05:55:00,411.05,411.8,411.05,411.5,244172
2025-09-18 06:00:00,411.6,411.8,410.4,410.4,261268
2025-09-18 06:05:00,410.35,411.4,410.35,411.25,167701
2025-09-18 06:10:00,411.25,411.5,410.6,410.6,94359
2025-09-18 06:15:00,410.6,410.65,409.55,409.65,142163
2025-09-18 06:20:00,409.65,409.8,409.5,409.7,64316
2025-09-18 06:25:00,409.65,409.9,409.6,409.75,51990
2025-09-18 06:30:00,409.7,409.8,409.2,409.3,126206
2025-09-18 06:35:00,409.3,409.5,409.05,409.1,136323
2025-09-18 06:40:00,409.15,409.65,409.0,409.4,101124
2025-09-18 06:45:00,409.55,409.6,409.05,409.55,105344
2025-09-18 06:50:00,409.55,409.65,409.05,409.3,106175
2025-09-18 06:55:00,409.25,409.8,409.1,409.15,214828
2025-09-18 07:00:00,409.05,409.55,409.0,409.3,146816
2025-09-18 07:05:00,409.3,409.65,408.85,409.2,297919
2025-09-18 07:10:00,409.35,409.35,408.2,408.9,235502
2025-09-18 07:15:00,408.75,409.3,408.6,409.0,105039
2025-09-18 07:20:00,408.95,409.05,408.5,408.75,70816
2025-09-18 07:25:00,408.65,409.2,408.2,408.85,143346
2025-09-18 07:30:00,408.9,409.0,408.4,408.8,111553
2025-09-18 07:35:00,408.75,409.35,408.55,409.25,120130
2025-09-18 07:40:00,409.25,409.25,408.45,408.45,74226
2025-09-18 07:45:00,408.55,408.9,408.4,408.7,82719
2025-09-18 07:50:00,408.75,409.0,408.7,408.7,82847
2025-09-18 07:55:00,408.8,409.15,408.7,409.0,87329
2025-09-18 08:00:00,408.9,409.3,408.65,408.9,70156
2025-09-18 08:05:00,408.7,409.0,408.7,408.85,49606
2025-09-18 08:10:00,408.85,409.0,408.7,408.7,66933
2025-09-18 08:15:00,408.8,408.95,408.6,408.85,60646
2025-09-18 08:20:00,408.85,409.2,408.5,408.7,111008
2025-09-18 08:25:00,408.7,408.75,408.5,408.65,55832
2025-09-18 08:30:00,408.65,409.35,408.6,409.1,77767
2025-09-18 08:35:00,409.1,409.25,408.7,409.0,77207
2025-09-18 08:40:00,408.85,410.15,408.85,410.0,225388
2025-09-18 08:45:00,410.0,410.2,409.4,409.5,104360
2025-09-18 08:50:00,409.5,410.1,409.35,409.4,132739
2025-09-18 08:55:00,409.4,409.9,409.2,409.6,121021
2025-09-18 09:00:00,409.55,409.95,409.4,409.5,107475
2025-09-18 09:05:00,409.5,409.55,408.9,408.95,200598
2025-09-18 09:10:00,408.95,409.45,408.95,409.4,119810
2025-09-18 09:15:00,409.3,409.9,409.25,409.85,129914
2025-09-18 09:20:00,409.9,409.9,409.3,409.75,90395
2025-09-18 09:25:00,409.8,409.9,409.5,409.9,101398
2025-09-18 09:30:00,409.85,409.95,409.7,409.7,167636
2025-09-18 09:35:00,409.75,409.85,409.7,409.8,185697
2025-09-18 09:40:00,409.8,409.85,409.65,409.65,226511
2025-09-18 09:45:00,409.65,410.05,409.4,410.0,410974
2025-09-18 09:50:00,410.05,410.15,409.9,410.1,252986
2025-09-18 09:55:00,410.05,410.6,410.05,410.3,313227
2025-09-19 03:45:00,409.0,410.2,408.25,409.45,492215
2025-09-19 03:50:00,409.5,413.0,409.5,412.45,655397
2025-09-19 03:55:00,412.45,413.45,411.7,413.0,473195
2025-09-19 04:00:00,413.0,413.2,412.0,412.25,222075
2025-09-19 04:05:00,412.4,413.1,412.0,412.15,205364
2025-09-19 04:10:00,412.0,412.25,411.5,412.0,135853
2025-09-19 04:15:00,412.0,412.0,411.2,411.4,89347
2025-09-19 04:20:00,411.55,411.65,411.05,411.05,60121
2025-09-19 04:25:00,411.05,411.2,410.65,410.85,70594
2025-09-19 04:30:00,410.75,412.3,410.7,412.3,153110
2025-09-19 04:35:00,412.15,413.1,411.8,411.85,195600
2025-09-19 04:40:00,412.05,412.05,411.2,411.3,69697
2025-09-19 04:45:00,411.3,411.8,411.1,411.8,54639
2025-09-19 04:50:00,411.7,412.3,411.6,412.05,75837
2025-09-19 04:55:00,412.05,412.45,412.05,412.15,40475
2025-09-19 05:00:00,412.15,412.45,411.6,411.6,235556
2025-09-19 05:05:00,411.6,412.0,411.5,411.7,75041
2025-09-19 05:10:00,411.55,411.9,411.4,411.7,23077
2025-09-19 05:15:00,411.7,411.8,411.35,411.65,55666
2025-09-19 05:20:00,411.5,411.6,411.2,411.35,43213
2025-09-19 05:25:00,411.25,411.5,411.05,411.4,39550
2025-09-19 05:30:00,411.35,411.5,410.9,411.0,90670
2025-09-19 05:35:00,410.95,411.45,410.8,411.0,237357
2025-09-19 05:40:00,410.9,411.3,410.9,411.1,39432
2025-09-19 05:45:00,411.0,411.25,411.0,411.15,39225
2025-09-19 05:50:00,411.05,411.45,410.9,411.15,70986
2025-09-19 05:55:00,411.1,411.4,411.1,411.4,31054
2025-09-19 06:00:00,411.3,411.9,411.2,411.75,195577
2025-09-19 06:05:00,411.7,411.7,410.85,410.95,275487
2025-09-19 06:10:00,411.0,411.6,410.9,411.15,264466
2025-09-19 06:15:00,411.15,411.3,410.5,410.5,56674
2025-09-19 06:20:00,410.5,410.95,410.4,410.95,60085
2025-09-19 06:25:00,410.95,411.2,410.4,411.1,54523
2025-09-19 06:30:00,411.1,411.1,410.7,411.0,26476
2025-09-19 06:35:00,411.0,411.15,410.75,411.05,75828
2025-09-19 06:40:00,411.0,411.2,410.85,411.0,87341
2025-09-19 06:45:00,411.0,411.1,410.55,410.6,45167
2025-09-19 06:50:00,410.6,410.7,410.45,410.55,66158
2025-09-19 06:55:00,410.5,410.65,410.3,410.35,56538
2025-09-19 07:00:00,410.35,410.5,410.05,410.15,71317
2025-09-19 07:05:00,410.05,410.2,409.75,409.85,121599
2025-09-19 07:10:00,409.85,410.15,409.8,409.85,72847
2025-09-19 07:15:00,409.9,409.95,409.7,409.8,84144
2025-09-19 07:20:00,409.8,410.5,409.75,410.0,114663
2025-09-19 07:25:00,410.0,410.15,409.75,410.0,167751
2025-09-19 07:30:00,409.95,410.55,409.95,410.55,176099
2025-09-19 07:35:00,410.45,410.55,410.25,410.3,68954
2025-09-19 07:40:00,410.3,410.65,410.25,410.5,102027
2025-09-19 07:45:00,410.5,410.6,410.25,410.5,78410
2025-09-19 07:50:00,410.5,410.65,410.35,410.6,73211
2025-09-19 07:55:00,410.65,410.65,410.3,410.5,70758
2025-09-19 08:00:00,410.4,410.6,410.1,410.25,64798
2025-09-19 08:05:00,410.25,410.55,410.05,410.3,95207
2025-09-19 08:10:00,410.3,410.55,410.2,410.45,58955
2025-09-19 08:15:00,410.45,410.75,410.3,410.7,80624
2025-09-19 08:20:00,410.7,411.1,410.55,411.05,106253
2025-09-19 08:25:00,411.0,411.05,410.65,410.7,73429
2025-09-19 08:30:00,410.8,411.1,410.6,411.05,98756
2025-09-19 08:35:00,411.0,411.05,410.0,410.05,116786
2025-09-19 08:40:00,410.05,410.5,410.0,410.45,64965
2025-09-19 08:45:00,410.4,410.55,409.75,409.8,183970
2025-09-19 08:50:00,409.8,409.8,409.4,409.65,147005
2025-09-19 08:55:00,409.7,410.0,409.6,409.7,89228
2025-09-19 09:00:00,409.75,410.0,409.5,409.6,115160
2025-09-19 09:05:00,409.65,410.15,409.6,410.05,100216
2025-09-19 09:10:00,410.1,410.35,410.0,410.25,105444
2025-09-19 09:15:00,410.3,410.4,410.15,410.2,78716
2025-09-19 09:20:00,410.25,410.45,410.1,410.35,127219
2025-09-19 09:25:00,410.4,410.45,409.9,409.9,140846
2025-09-19 09:30:00,409.95,410.15,408.7,408.75,1706965
2025-09-19 09:35:00,408.7,409.3,408.6,408.8,1152828
2025-09-19 09:40:00,408.75,408.8,408.55,408.55,995887
2025-09-19 09:45:00,408.6,409.2,408.5,408.95,1506648
2025-09-19 09:50:00,408.95,409.0,408.7,408.8,1423594
2025-09-19 09:55:00,408.8,409.75,408.7,409.2,1072576
2025-09-22 03:45:00,409.8,411.4,408.0,411.05,612272
2025-09-22 03:50:00,410.9,410.95,409.55,409.7,494802
2025-09-22 03:55:00,409.75,410.25,407.05,407.5,470188
2025-09-22 04:00:00,407.6,407.6,406.1,406.85,471909
2025-09-22 04:05:00,406.75,407.9,406.4,406.6,259640
2025-09-22 04:10:00,406.6,406.7,406.05,406.25,296914
2025-09-22 04:15:00,406.2,407.15,406.1,407.05,259771
2025-09-22 04:20:00,407.05,407.05,405.8,406.55,298352
2025-09-22 04:25:00,406.6,407.1,406.0,406.8,291252
2025-09-22 04:30:00,406.75,406.9,406.1,406.2,74281
2025-09-22 04:35:00,406.2,406.4,405.55,405.7,159582
2025-09-22 04:40:00,405.7,406.1,405.35,405.7,147686
2025-09-22 04:45:00,405.7,407.0,405.7,407.0,138036
2025-09-22 04:50:00,406.95,408.2,406.7,407.75,222085
2025-09-22 04:55:00,407.75,408.05,407.15,407.7,182718
2025-09-22 05:00:00,407.55,408.0,407.45,407.65,91245
2025-09-22 05:05:00,407.65,407.75,407.1,407.45,94104
2025-09-22 05:10:00,407.45,408.0,406.4,406.85,443062
2025-09-22 05:15:00,407.0,407.65,406.9,407.25,173039
2025-09-22 05:20:00,407.2,407.85,407.0,407.1,258923
2025-09-22 05:25:00,407.1,407.35,406.1,406.15,153521
2025-09-22 05:30:00,406.25,406.5,406.1,406.3,76396
2025-09-22 05:35:00,406.25,406.6,406.2,406.4,37373
2025-09-22 05:40:00,406.3,406.4,406.1,406.3,52017
2025-09-22 05:45:00,406.3,406.95,406.15,406.35,70916
2025-09-22 05:50:00,406.3,406.6,406.2,406.4,59912
2025-09-22 05:55:00,406.4,406.5,406.2,406.25,29321
2025-09-22 06:00:00,406.3,406.75,406.1,406.6,56013
2025-09-22 06:05:00,406.6,407.2,406.35,407.2,56144
2025-09-22 06:10:00,407.1,407.4,407.0,407.15,50382
2025-09-22 06:15:00,407.15,407.35,407.0,407.05,42559
2025-09-22 06:20:00,407.05,407.35,407.0,407.05,41187
2025-09-22 06:25:00,407.15,407.15,406.5,406.6,54584
2025-09-22 06:30:00,406.6,407.0,406.35,406.9,44652
2025-09-22 06:35:00,406.9,406.9,406.1,406.15,91447
2025-09-22 06:40:00,406.15,406.35,405.8,405.8,177893
2025-09-22 06:45:00,405.85,405.9,405.7,405.7,115813
2025-09-22 06:50:00,405.7,406.2,405.65,405.85,100817
2025-09-22 06:55:00,405.85,405.85,405.55,405.55,92502
2025-09-22 07:00:00,405.75,406.4,405.6,406.4,72324
2025-09-22 07:05:00,406.35,406.45,406.05,406.25,129869
2025-09-22 07:10:00,406.4,406.55,406.05,406.05,65190
2025-09-22 07:15:00,406.25,406.95,406.0,406.95,70868
2025-09-22 07:20:00,406.95,407.15,406.5,407.0,138090
2025-09-22 07:25:00,407.0,407.0,406.65,406.85,75979
2025-09-22 07:30:00,406.85,407.2,406.8,406.9,81727
2025-09-22 07:35:00,407.0,407.1,406.75,406.85,64345
2025-09-22 07:40:00,407.0,407.4,406.85,407.2,65136
2025-09-22 07:45:00,407.2,407.25,407.1,407.2,29284
2025-09-22 07:50:00,407.15,407.2,406.9,407.1,41367
2025-09-22 07:55:00,406.95,407.5,406.8,407.4,75990
2025-09-22 08:00:00,407.45,407.5,406.85,407.05,55403
2025-09-22 08:05:00,407.05,407.2,406.7,406.8,75354
2025-09-22 08:10:00,406.8,406.95,406.55,406.7,74686
2025-09-22 08:15:00,406.7,406.9,406.4,406.7,111062
2025-09-22 08:20:00,406.7,407.0,406.55,406.8,77562
2025-09-22 08:25:00,406.6,407.0,406.25,406.3,105467
2025-09-22 08:30:00,406.4,406.65,406.25,406.35,67700
2025-09-22 08:35:00,406.3,407.3,406.15,406.95,132978
2025-09-22 08:40:00,406.95,407.0,406.45,406.85,63061
2025-09-22 08:45:00,406.9,407.0,406.55,406.65,65453
2025-09-22 08:50:00,406.65,406.95,406.45,406.7,76132
2025-09-22 08:55:00,406.55,406.75,406.2,406.25,97499
2025-09-22 09:00:00,406.4,406.5,406.05,406.05,84170
2025-09-22 09:05:00,406.1,406.25,405.6,405.7,208387
2025-09-22 09:10:00,405.8,407.2,405.6,406.65,267528
2025-09-22 09:15:00,406.65,406.9,405.8,406.7,181607
2025-09-22 09:20:00,406.5,406.8,406.35,406.75,71367
2025-09-22 09:25:00,406.75,406.75,405.9,406.25,107699
2025-09-22 09:30:00,406.3,406.7,406.3,406.6,103978
2025-09-22 09:35:00,406.65,406.95,406.25,406.4,128827
2025-09-22 09:40:00,406.6,406.8,406.15,406.5,232029
2025-09-22 09:45:00,406.4,406.55,406.0,406.35,250079
2025-09-22 09:50:00,406.35,406.7,406.35,406.55,239089
2025-09-22 09:55:00,406.55,406.55,406.05,406.4,246042
2025-09-23 03:45:00,406.4,407.7,405.05,406.65,634578
2025-09-23 03:50:00,406.25,406.45,404.75,404.85,417324
2025-09-23 03:55:00,404.85,405.05,404.0,404.05,391969
2025-09-23 04:00:00,404.15,405.0,403.6,404.25,222660
2025-09-23 04:05:00,404.45,405.8,404.45,405.55,232372
2025-09-23 04:10:00,405.5,405.5,404.05,404.25,155934
2025-09-23 04:15:00,404.15,404.25,403.05,403.1,243075
2025-09-23 04:20:00,403.2,403.7,402.3,403.2,275013
2025-09-23 04:25:00,403.2,403.4,402.7,403.05,167953
2025-09-23 04:30:00,403.05,403.7,402.85,403.5,127067
2025-09-23 04:35:00,403.75,405.0,403.3,404.7,310929
2025-09-23 04:40:00,404.85,405.6,404.45,405.4,282896
2025-09-23 04:45:00,405.45,406.4,405.35,406.4,217433
2025-09-23 04:50:00,406.45,406.45,405.6,405.7,71368
2025-09-23 04:55:00,405.7,406.15,405.55,405.85,121397
2025-09-23 05:00:00,405.95,406.1,405.4,405.45,69468
2025-09-23 05:05:00,405.2,405.7,404.7,405.65,87876
2025-09-23 05:10:00,405.65,405.7,405.15,405.4,37334
2025-09-23 05:15:00,405.45,405.6,404.7,404.7,58346
2025-09-23 05:20:00,404.85,404.9,404.05,404.9,254134
2025-09-23 05:25:00,404.9,405.1,404.25,404.25,262690
2025-09-23 05:30:00,404.3,404.9,404.1,404.65,73472
2025-09-23 05:35:00,404.65,404.9,404.25,404.85,59923
2025-09-23 05:40:00,404.85,404.9,403.7,403.8,99756
2025-09-23 05:45:00,403.85,404.0,403.55,404.0,108303
2025-09-23 05:50:00,404.0,404.2,403.85,404.15,56134
2025-09-23 05:55:00,404.15,404.2,403.75,403.85,59533
2025-09-23 06:00:00,403.9,404.0,403.45,403.55,69754
2025-09-23 06:05:00,403.6,403.65,403.1,403.2,154728
2025-09-23 06:10:00,403.2,404.35,403.15,404.3,115715
2025-09-23 06:15:00,404.3,404.4,404.05,404.05,50143
2025-09-23 06:20:00,404.05,404.25,403.55,403.75,117765
2025-09-23 06:25:00,403.75,404.2,403.45,403.5,168386
2025-09-23 06:30:00,403.5,404.0,403.35,403.6,183517
2025-09-23 06:35:00,403.5,404.2,403.5,403.8,179313
2025-09-23 06:40:00,403.75,403.8,403.35,403.45,139521
2025-09-23 06:45:00,403.5,403.75,403.3,403.4,191352
2025-09-23 06:50:00,403.4,403.5,403.05,403.25,196302
2025-09-23 06:55:00,403.3,403.9,403.2,403.9,98261
2025-09-23 07:00:00,403.9,404.35,403.6,404.35,125844
2025-09-23 07:05:00,404.35,404.8,404.2,404.4,165620
2025-09-23 07:10:00,404.4,404.55,404.0,404.1,107077
2025-09-23 07:15:00,404.0,404.0,403.3,403.45,119904
2025-09-23 07:20:00,403.45,403.6,403.15,403.6,94557
2025-09-23 07:25:00,403.6,403.6,403.1,403.45,136729
2025-09-23 07:30:00,403.45,404.2,403.35,404.05,70330
2025-09-23 07:35:00,404.1,404.6,403.85,404.05,61387
2025-09-23 07:40:00,404.0,404.4,403.7,404.4,74227
2025-09-23 07:45:00,404.4,404.55,404.25,404.3,57216
2025-09-23 07:50:00,404.3,404.4,404.0,404.05,49028
2025-09-23 07:55:00,404.05,404.3,403.7,404.05,69854
2025-09-23 08:00:00,404.2,404.7,404.0,404.25,74788
2025-09-23 08:05:00,404.3,404.45,403.65,403.95,85360
2025-09-23 08:10:00,403.95,404.1,403.6,403.7,62892
2025-09-23 08:15:00,403.65,404.2,403.65,404.0,67385
2025-09-23 08:20:00,404.0,404.45,403.9,404.05,34060
2025-09-23 08:25:00,404.1,404.25,403.8,403.95,46164
2025-09-23 08:30:00,404.0,404.45,403.85,404.4,49478
2025-09-23 08:35:00,404.4,404.85,404.2,404.85,153319
2025-09-23 08:40:00,404.8,404.95,403.7,403.85,112954
2025-09-23 08:45:00,403.9,404.2,403.3,403.85,144948
2025-09-23 08:50:00,404.0,404.65,403.5,404.5,92820
2025-09-23 08:55:00,404.6,404.6,404.1,404.35,169456
2025-09-23 09:00:00,404.4,404.65,404.05,404.4,131151
2025-09-23 09:05:00,404.4,404.9,404.0,404.4,114830
2025-09-23 09:10:00,404.4,404.8,404.15,404.7,68756
2025-09-23 09:15:00,404.7,404.85,403.8,404.05,142440
2025-09-23 09:20:00,404.1,404.75,403.95,404.75,140671
2025-09-23 09:25:00,404.7,405.2,404.55,405.0,294897
2025-09-23 09:30:00,405.05,405.35,404.35,404.35,389792
2025-09-23 09:35:00,404.5,404.5,403.95,404.15,218388
2025-09-23 09:40:00,404.0,404.85,403.7,404.4,515363
2025-09-23 09:45:00,404.6,405.1,404.05,404.5,419553
2025-09-23 09:50:00,404.55,404.8,404.35,404.5,264143
2025-09-23 09:55:00,404.55,404.75,404.2,404.45,216361
2025-09-24 03:45:00,404.45,404.95,403.15,403.15,408159
2025-09-24 03:50:00,403.25,403.7,402.45,403.25,339049
2025-09-24 03:55:00,403.25,403.55,402.6,403.0,155086
2025-09-24 04:00:00,403.0,403.55,402.55,403.2,181686
2025-09-24 04:05:00,403.05,403.2,402.65,402.85,87475
2025-09-24 04:10:00,402.8,402.85,401.45,401.7,196619
2025-09-24 04:15:00,401.65,402.95,401.05,402.45,171604
2025-09-24 04:20:00,402.45,402.85,401.5,401.5,223992
2025-09-24 04:25:00,401.55,402.0,401.35,401.65,164832
2025-09-24 04:30:00,401.65,402.2,401.35,402.0,107347
2025-09-24 04:35:00,402.0,402.8,402.0,402.5,222192
2025-09-24 04:40:00,402.45,402.7,402.0,402.35,66920
2025-09-24 04:45:00,402.4,403.3,402.1,403.05,173726
2025-09-24 04:50:00,403.0,403.2,402.0,402.15,139922
2025-09-24 04:55:00,402.0,402.35,401.3,401.6,183400
2025-09-24 05:00:00,401.5,401.65,401.2,401.5,71205
2025-09-24 05:05:00,401.4,401.7,400.45,401.0,389741
2025-09-24 05:10:00,401.0,401.35,400.9,401.15,52121
2025-09-24 05:15:00,401.15,401.15,400.0,400.05,154270
2025-09-24 05:20:00,399.8,400.0,399.1,399.2,186570
2025-09-24 05:25:00,399.1,399.6,399.0,399.25,102410
2025-09-24 05:30:00,399.25,399.25,398.25,398.3,139322
2025-09-24 05:35:00,398.4,398.4,397.1,397.25,177742
2025-09-24 05:40:00,397.2,397.85,397.15,397.35,123700
2025-09-24 05:45:00,397.3,397.5,397.0,397.3,104855
2025-09-24 05:50:00,397.3,397.3,396.55,396.75,124897
2025-09-24 05:55:00,396.75,397.0,396.5,396.7,106624
2025-09-24 06:00:00,396.65,397.0,396.35,396.5,149089
2025-09-24 06:05:00,396.55,397.5,396.5,396.65,137568
2025-09-24 06:10:00,396.65,397.0,396.2,396.3,87210
2025-09-24 06:15:00,396.5,397.25,396.35,396.9,85354
2025-09-24 06:20:00,397.05,397.2,396.85,397.05,67534
2025-09-24 06:25:00,397.05,397.6,396.9,397.5,51622
2025-09-24 06:30:00,397.6,397.95,397.4,397.4,69564
2025-09-24 06:35:00,397.4,397.9,397.1,397.8,65690
2025-09-24 06:40:00,397.9,398.6,397.75,398.45,93162
2025-09-24 06:45:00,398.25,398.5,397.8,397.95,45309
2025-09-24 06:50:00,398.1,398.1,397.8,398.0,70030
2025-09-24 06:55:00,398.1,398.2,397.8,397.9,53258
2025-09-24 07:00:00,397.95,398.7,397.85,398.45,187508
2025-09-24 07:05:00,398.5,398.8,398.35,398.7,44848
2025-09-24 07:10:00,398.75,398.75,398.35,398.5,35255
2025-09-24 07:15:00,398.5,398.5,397.3,397.75,729257
2025-09-24 07:20:00,397.75,397.75,397.0,397.25,89335
2025-09-24 07:25:00,397.25,397.65,397.2,397.5,75686
2025-09-24 07:30:00,397.5,398.0,397.45,397.75,88341
2025-09-24 07:35:00,397.9,398.4,397.6,397.9,162246
2025-09-24 07:40:00,397.85,398.35,397.75,398.35,83333
2025-09-24 07:45:00,398.25,399.0,398.25,398.7,121421
2025-09-24 07:50:00,398.7,398.7,398.3,398.45,54954
2025-09-24 07:55:00,398.45,398.7,398.25,398.65,66109
2025-09-24 08:00:00,398.65,398.75,398.0,398.0,85770
2025-09-24 08:05:00,398.1,398.45,397.85,397.9,98246
2025-09-24 08:10:00,397.9,398.35,397.75,397.75,83830
2025-09-24 08:15:00,397.8,397.95,397.25,397.35,111909
2025-09-24 08:20:00,397.35,397.95,397.2,397.55,75451
2025-09-24 08:25:00,397.8,397.85,397.1,397.4,87136
2025-09-24 08:30:00,397.35,397.95,397.25,397.65,59835
2025-09-24 08:35:00,397.7,397.9,397.45,397.6,42775
2025-09-24 08:40:00,397.75,397.85,397.25,397.4,168947
2025-09-24 08:45:00,397.4,397.75,397.2,397.6,70981
2025-09-24 08:50:00,397.6,397.65,397.25,397.25,72455
2025-09-24 08:55:00,397.25,397.35,396.65,396.7,161213
2025-09-24 09:00:00,396.7,397.1,396.7,397.05,79737
2025-09-24 09:05:00,397.1,397.75,397.05,397.05,199039
2025-09-24 09:10:00,397.05,397.5,396.2,396.65,287624
2025-09-24 09:15:00,396.65,396.75,396.2,396.35,88393
2025-09-24 09:20:00,396.35,396.8,396.3,396.6,85577
2025-09-24 09:25:00,396.4,396.6,395.5,395.5,171689
2025-09-24 09:30:00,395.5,395.8,395.0,395.75,364523
2025-09-24 09:35:00,395.6,396.35,395.6,396.05,195355
2025-09-24 09:40:00,396.0,396.05,395.5,395.7,158712
2025-09-24 09:45:00,395.6,395.7,395.2,395.25,289273
2025-09-24 09:50:00,395.25,395.55,395.25,395.45,232768
2025-09-24 09:55:00,395.4,395.7,395.05,395.7,288431
2025-09-25 03:45:00,395.45,398.45,392.45,398.35,568313
2025-09-25 03:50:00,398.45,400.7,398.2,400.15,683558
2025-09-25 03:55:00,400.25,400.9,399.55,399.85,356005
2025-09-25 04:00:00,399.8,402.75,399.5,402.5,692362
2025-09-25 04:05:00,402.5,403.0,401.75,402.85,487432
2025-09-25 04:10:00,402.9,403.3,402.1,402.35,361732
2025-09-25 04:15:00,402.35,402.75,401.25,402.6,505319
2025-09-25 04:20:00,402.75,403.7,402.05,403.5,415593
2025-09-25 04:25:00,403.4,403.75,403.1,403.3,272806
2025-09-25 04:30:00,403.3,403.5,402.6,403.2,160014
2025-09-25 04:35:00,403.2,403.25,402.6,403.05,110666
2025-09-25 04:40:00,403.05,403.25,402.7,402.8,114036
2025-09-25 04:45:00,402.8,404.6,402.8,404.5,410008
2025-09-25 04:50:00,404.55,405.35,404.5,405.15,524747
2025-09-25 04:55:00,405.0,405.15,404.25,404.65,178899
2025-09-25 05:00:00,404.7,404.9,404.1,404.1,162224
2025-09-25 05:05:00,404.2,404.2,403.2,403.4,250891
2025-09-25 05:10:00,403.45,403.45,402.25,402.7,551671
2025-09-25 05:15:00,402.7,403.5,402.1,403.5,327706
2025-09-25 05:20:00,403.5,404.35,403.4,404.0,199690
2025-09-25 05:25:00,404.0,404.5,403.85,404.45,152660
2025-09-25 05:30:00,404.4,405.0,404.4,404.95,201272
2025-09-25 05:35:00,405.0,405.65,404.9,405.05,422692
2025-09-25 05:40:00,405.05,405.4,404.9,405.15,164009
2025-09-25 05:45:00,405.05,405.25,404.7,405.25,171228
2025-09-25 05:50:00,405.25,405.8,405.15,405.65,174500
2025-09-25 05:55:00,405.7,405.95,404.9,405.7,346499
2025-09-25 06:00:00,405.7,405.95,405.1,405.3,269561
2025-09-25 06:05:00,405.3,406.45,405.05,405.85,464428
2025-09-25 06:10:00,405.85,406.0,405.25,405.65,267339
2025-09-25 06:15:00,405.6,406.0,405.5,406.0,143913
2025-09-25 06:20:00,406.0,406.0,405.0,405.6,214822
2025-09-25 06:25:00,405.6,405.7,405.1,405.35,150758
2025-09-25 06:30:00,405.35,405.4,404.85,405.1,156209
2025-09-25 06:35:00,405.05,405.05,404.6,404.95,257769
2025-09-25 06:40:00,404.9,405.45,404.75,405.25,176571
2025-09-25 06:45:00,405.25,405.5,403.9,405.0,887823
2025-09-25 06:50:00,405.0,405.1,404.25,404.6,106088
2025-09-25 06:55:00,404.5,404.95,404.15,404.85,151984
2025-09-25 07:00:00,404.9,405.0,404.35,404.95,160726
2025-09-25 07:05:00,404.95,405.7,404.9,405.7,144005
2025-09-25 07:10:00,405.7,405.7,404.8,405.0,362883
2025-09-25 07:15:00,405.0,405.2,404.75,405.0,183177
2025-09-25 07:20:00,405.0,405.0,404.85,404.9,102324
2025-09-25 07:25:00,404.95,404.95,404.55,404.9,140426
2025-09-25 07:30:00,404.9,405.25,404.7,405.05,293482
2025-09-25 07:35:00,405.0,405.65,405.0,405.6,362916
2025-09-25 07:40:00,405.6,405.7,405.0,405.2,256662
2025-09-25 07:45:00,405.2,405.3,404.8,405.15,210617
2025-09-25 07:50:00,405.15,405.45,404.75,405.05,642834
2025-09-25 07:55:00,405.2,405.35,405.0,405.25,286880
2025-09-25 08:00:00,405.3,405.5,405.0,405.05,117648
2025-09-25 08:05:00,405.05,405.4,404.9,405.3,166482
2025-09-25 08:10:00,405.35,405.55,405.15,405.55,166625
2025-09-25 08:15:00,405.55,406.0,405.45,405.95,356758
2025-09-25 08:20:00,405.95,405.95,404.8,404.8,236586
2025-09-25 08:25:00,404.95,405.15,404.75,404.95,273295
2025-09-25 08:30:00,404.95,405.0,404.25,404.4,299362
2025-09-25 08:35:00,404.4,405.0,404.25,404.5,494152
2025-09-25 08:40:00,404.6,404.75,404.2,404.55,343249
2025-09-25 08:45:00,404.65,404.8,404.2,404.2,331412
2025-09-25 08:50:00,404.2,404.45,403.95,404.15,449302
2025-09-25 08:55:00,404.05,405.5,404.0,405.0,514370
2025-09-25 09:00:00,404.95,405.3,404.8,405.25,242415
2025-09-25 09:05:00,405.3,405.3,404.25,404.7,310940
2025-09-25 09:10:00,404.75,404.75,404.3,404.55,171037
2025-09-25 09:15:00,404.4,405.1,404.35,404.85,173865
2025-09-25 09:20:00,405.05,405.2,404.35,405.0,318207
2025-09-25 09:25:00,405.1,405.1,404.5,404.65,257545
2025-09-25 09:30:00,404.7,404.75,403.4,403.4,558401
2025-09-25 09:35:00,403.4,403.55,402.4,402.55,595311
2025-09-25 09:40:00,402.5,403.15,402.35,402.6,600881
2025-09-25 09:45:00,402.6,403.45,402.55,403.3,599870
2025-09-25 09:50:00,403.3,403.35,402.95,403.15,499566
2025-09-25 09:55:00,403.2,403.8,402.9,403.65,362860
2025-09-26 03:45:00,403.65,405.9,403.3,403.4,947007
2025-09-26 03:50:00,403.6,403.6,401.4,402.4,543606
2025-09-26 03:55:00,402.25,402.65,401.65,402.2,230793
2025-09-26 04:00:00,402.0,402.25,400.25,400.95,373098
2025-09-26 04:05:00,400.95,401.5,400.5,401.25,228075
2025-09-26 04:10:00,401.25,402.95,401.25,402.7,229258
2025-09-26 04:15:00,402.75,403.7,402.15,403.4,277348
2025-09-26 04:20:00,403.4,404.5,402.9,404.35,344094
2025-09-26 04:25:00,404.35,405.9,404.3,405.7,422588
2025-09-26 04:30:00,405.7,406.15,404.15,404.7,439590
2025-09-26 04:35:00,404.75,404.75,403.55,403.6,145104
2025-09-26 04:40:00,403.65,403.75,403.3,403.4,100915
2025-09-26 04:45:00,403.55,404.3,403.35,403.35,108769
2025-09-26 04:50:00,403.45,403.5,402.9,402.9,89339
2025-09-26 04:55:00,403.0,403.75,402.3,402.3,154265
2025-09-26 05:00:00,402.45,402.85,402.2,402.4,97144
2025-09-26 05:05:00,402.45,402.95,402.25,402.8,51645
2025-09-26 05:10:00,402.8,403.35,402.65,403.35,130333
2025-09-26 05:15:00,403.15,403.3,402.4,402.85,85036
2025-09-26 05:20:00,402.95,403.2,402.5,402.6,72418
2025-09-26 05:25:00,402.5,402.6,401.55,401.7,168629
2025-09-26 05:30:00,401.7,402.0,401.45,401.8,74115
2025-09-26 05:35:00,401.7,402.0,401.45,402.0,178467
2025-09-26 05:40:00,402.0,402.15,401.25,401.4,73095
2025-09-26 05:45:00,401.35,401.4,400.9,401.05,110034
2025-09-26 05:50:00,401.05,401.05,400.75,400.95,75489
2025-09-26 05:55:00,400.95,401.0,400.65,400.65,68956
2025-09-26 06:00:00,400.8,400.95,400.6,400.8,46545
2025-09-26 06:05:00,400.75,401.0,400.3,400.3,83120
2025-09-26 06:10:00,400.4,400.5,399.5,399.6,201818
2025-09-26 06:15:00,399.6,400.25,399.55,399.85,119607
2025-09-26 06:20:00,399.95,400.8,399.9,400.55,133365
2025-09-26 06:25:00,400.7,401.05,400.55,400.9,70829
2025-09-26 06:30:00,400.95,400.95,399.75,400.0,216907
2025-09-26 06:35:00,400.05,400.3,399.85,400.0,56866
2025-09-26 06:40:00,399.95,400.2,399.85,400.05,45532
2025-09-26 06:45:00,399.95,400.45,399.95,400.0,77954
2025-09-26 06:50:00,399.95,400.4,399.9,400.05,152220
2025-09-26 06:55:00,400.05,400.6,399.95,400.15,125227
2025-09-26 07:00:00,400.05,400.15,399.6,399.8,53632
2025-09-26 07:05:00,399.9,400.45,399.85,400.3,32951
2025-09-26 07:10:00,400.3,400.7,400.25,400.45,48500
2025-09-26 07:15:00,400.35,400.65,400.15,400.6,57040
2025-09-26 07:20:00,400.55,401.0,400.55,400.95,46598
2025-09-26 07:25:00,401.05,401.35,400.35,400.45,89888
2025-09-26 07:30:00,400.55,400.7,400.3,400.6,65320
2025-09-26 07:35:00,400.5,400.65,400.0,400.0,66812
2025-09-26 07:40:00,400.05,400.3,399.85,399.95,58268
2025-09-26 07:45:00,400.0,400.0,399.0,399.1,128285
2025-09-26 07:50:00,399.2,399.2,398.25,398.75,173151
2025-09-26 07:55:00,398.65,398.65,398.0,398.05,97075
2025-09-26 08:00:00,398.1,398.1,397.15,397.5,194050
2025-09-26 08:05:00,397.45,397.95,397.1,397.6,103470
2025-09-26 08:10:00,397.55,397.85,397.25,397.85,62499
2025-09-26 08:15:00,397.7,398.45,397.65,397.75,73859
2025-09-26 08:20:00,397.6,397.65,396.5,396.75,108574
2025-09-26 08:25:00,396.75,397.4,396.45,396.8,112149
2025-09-26 08:30:00,396.75,396.85,395.35,395.35,132328
2025-09-26 08:35:00,395.35,395.95,395.2,395.85,125272
2025-09-26 08:40:00,395.8,396.5,395.8,395.85,84499
2025-09-26 08:45:00,395.9,395.9,395.1,395.5,86546
2025-09-26 08:50:00,395.45,395.5,394.65,394.65,142835
2025-09-26 08:55:00,394.8,395.4,394.4,395.1,130396
2025-09-26 09:00:00,395.0,395.6,395.0,395.5,128242
2025-09-26 09:05:00,395.45,396.6,395.4,396.45,161619
2025-09-26 09:10:00,396.45,397.4,396.2,396.8,155518
2025-09-26 09:15:00,396.75,396.95,396.1,396.7,117980
2025-09-26 09:20:00,396.8,397.0,395.6,395.6,150010
2025-09-26 09:25:00,395.75,396.3,395.7,396.15,106408
2025-09-26 09:30:00,395.7,396.35,395.45,396.1,199499
2025-09-26 09:35:00,396.05,396.15,395.6,395.75,152996
2025-09-26 09:40:00,395.75,396.0,395.45,395.65,259387
2025-09-26 09:45:00,395.8,396.05,395.6,396.05,279362
2025-09-26 09:50:00,396.05,396.25,395.7,396.1,308812
2025-09-26 09:55:00,395.95,396.45,395.9,396.35,237923
2025-09-29 03:45:00,401.0,403.5,400.6,402.85,1757956
2025-09-29 03:50:00,402.85,404.4,402.3,404.4,768910
2025-09-29 03:55:00,404.35,405.4,404.15,405.3,980878
2025-09-29 04:00:00,405.3,405.75,404.45,405.2,462008
2025-09-29 04:05:00,405.2,405.4,403.75,404.6,383208
2025-09-29 04:10:00,404.7,404.9,403.7,404.25,198851
2025-09-29 04:15:00,404.15,405.3,404.15,405.2,298543
2025-09-29 04:20:00,405.2,406.15,405.2,406.15,534129
2025-09-29 04:25:00,406.15,407.2,405.4,405.5,636708
2025-09-29 04:30:00,405.6,406.55,405.6,406.05,306619
2025-09-29 04:35:00,406.05,406.5,405.8,406.15,321056
2025-09-29 04:40:00,406.15,406.3,405.8,405.9,275084
2025-09-29 04:45:00,406.0,406.8,405.85,406.75,239955
2025-09-29 04:50:00,406.7,407.25,406.6,406.85,359779
2025-09-29 04:55:00,406.85,407.85,406.5,407.1,600347
2025-09-29 05:00:00,407.05,407.15,406.5,406.9,234412
2025-09-29 05:05:00,406.85,407.85,406.5,407.75,548892
2025-09-29 05:10:00,407.65,407.75,407.3,407.6,333476
2025-09-29 05:15:00,407.55,408.15,407.05,407.2,495062
2025-09-29 05:20:00,407.25,407.5,406.45,406.45,573656
2025-09-29 05:25:00,406.55,406.6,405.0,405.2,604041
2025-09-29 05:30:00,405.2,405.95,404.8,405.9,222579
2025-09-29 05:35:00,405.85,405.9,404.8,404.95,246026
2025-09-29 05:40:00,404.8,404.95,404.25,404.7,201168
2025-09-29 05:45:00,404.7,405.0,404.5,405.0,109779
2025-09-29 05:50:00,405.0,405.6,404.65,405.0,253917
2025-09-29 05:55:00,405.0,405.05,404.8,405.0,151594
2025-09-29 06:00:00,405.0,405.05,403.65,403.9,248789
2025-09-29 06:05:00,404.0,404.0,402.9,403.3,603688
2025-09-29 06:10:00,403.35,404.1,403.1,403.65,339289
2025-09-29 06:15:00,403.75,403.8,403.0,403.2,133909
2025-09-29 06:20:00,403.15,403.8,403.05,403.3,147308
2025-09-29 06:25:00,403.3,403.7,403.05,403.25,70740
2025-09-29 06:30:00,403.25,403.35,402.4,402.75,196085
2025-09-29 06:35:00,402.8,403.0,402.6,402.6,99233
2025-09-29 06:40:00,402.65,403.0,402.4,402.5,102004
2025-09-29 06:45:00,402.6,402.9,402.35,402.65,120408
2025-09-29 06:50:00,402.7,403.3,402.6,403.0,84007
2025-09-29 06:55:00,403.0,403.35,402.8,403.2,59536
2025-09-29 07:00:00,403.3,403.45,402.35,402.55,180193
2025-09-29 07:05:00,402.6,402.65,401.7,401.75,164226
2025-09-29 07:10:00,401.75,401.95,401.5,401.85,124148
2025-09-29 07:15:00,401.8,402.0,401.3,401.45,119506
2025-09-29 07:20:00,401.45,401.9,401.35,401.6,83918
2025-09-29 07:25:00,401.65,402.5,401.55,402.15,114204
2025-09-29 07:30:00,402.15,402.95,401.8,402.9,152342
2025-09-29 07:35:00,402.9,402.9,401.7,402.05,106446
2025-09-29 07:40:00,402.2,402.65,401.8,402.5,87123
2025-09-29 07:45:00,402.5,402.65,402.0,402.4,101407
2025-09-29 07:50:00,402.35,402.95,402.35,402.9,94371
2025-09-29 07:55:00,402.95,403.0,402.4,403.0,103913
2025-09-29 08:00:00,402.95,403.75,402.95,403.6,110309
2025-09-29 08:05:00,403.6,403.6,403.0,403.55,107993
2025-09-29 08:10:00,403.5,403.5,402.75,402.95,109249
2025-09-29 08:15:00,402.75,403.2,402.45,402.55,135206
2025-09-29 08:20:00,402.55,403.25,402.5,402.9,105093
2025-09-29 08:25:00,403.05,403.65,402.8,403.25,163270
2025-09-29 08:30:00,403.35,403.5,403.0,403.0,149167
2025-09-29 08:35:00,403.0,403.25,402.7,402.85,144900
2025-09-29 08:40:00,402.85,403.05,402.6,402.6,126258
2025-09-29 08:45:00,402.7,402.8,402.3,402.7,119831
2025-09-29 08:50:00,402.55,402.85,402.45,402.5,131990
2025-09-29 08:55:00,402.5,402.6,401.75,402.05,196754
2025-09-29 09:00:00,401.9,402.0,401.05,401.5,193457
2025-09-29 09:05:00,401.45,402.15,401.45,402.05,207246
2025-09-29 09:10:00,402.05,402.15,400.8,401.0,248742
2025-09-29 09:15:00,400.9,401.0,400.15,400.15,208285
2025-09-29 09:20:00,400.3,400.7,400.1,400.55,188239
2025-09-29 09:25:00,400.55,400.95,400.35,400.65,155258
2025-09-29 09:30:00,400.65,400.65,399.1,399.2,854130
2025-09-29 09:35:00,399.2,400.0,399.05,399.55,832716
2025-09-29 09:40:00,399.55,400.45,399.45,400.1,877848
2025-09-29 09:45:00,400.15,400.2,399.6,399.9,1000604
2025-09-29 09:50:00,399.9,400.5,399.7,400.4,785759
2025-09-29 09:55:00,400.4,401.3,400.4,401.0,498721
2025-09-30 03:45:00,405.0,406.0,403.0,403.5,1690550
2025-09-30 03:50:00,403.5,404.4,403.25,403.45,506919
2025-09-30 03:55:00,403.45,403.6,402.95,403.0,342093
2025-09-30 04:00:00,403.05,403.25,402.1,402.7,364723
2025-09-30 04:05:00,402.7,403.0,402.2,402.3,212972
2025-09-30 04:10:00,402.3,403.25,401.85,403.05,260435
2025-09-30 04:15:00,403.2,405.5,402.9,405.4,683132
2025-09-30 04:20:00,405.4,405.8,404.8,405.8,359946
2025-09-30 04:25:00,405.75,406.4,405.15,405.4,517860
2025-09-30 04:30:00,405.35,406.3,405.35,406.3,281801
2025-09-30 04:35:00,406.2,406.25,404.8,404.85,278361
2025-09-30 04:40:00,404.85,405.5,404.7,404.9,243559
2025-09-30 04:45:00,404.9,405.4,404.9,404.95,117568
2025-09-30 04:50:00,405.0,405.0,404.35,404.85,416593
2025-09-30 04:55:00,404.85,404.85,404.05,404.25,131859
2025-09-30 05:00:00,404.35,404.8,404.25,404.6,75280
2025-09-30 05:05:00,404.6,404.6,403.95,404.05,110978
2025-09-30 05:10:00,404.0,404.5,403.8,404.3,137091
2025-09-30 05:15:00,404.3,404.45,404.2,404.4,97349
2025-09-30 05:20:00,404.4,404.45,404.05,404.35,106473
2025-09-30 05:25:00,404.35,404.45,404.2,404.3,63213
2025-09-30 05:30:00,404.4,404.7,404.2,404.25,111788
2025-09-30 05:35:00,404.2,405.25,404.2,405.2,123917
2025-09-30 05:40:00,405.25,405.3,404.75,405.0,85763
2025-09-30 05:45:00,404.95,405.2,404.4,404.45,97932
2025-09-30 05:50:00,404.45,404.95,404.0,404.35,94206
2025-09-30 05:55:00,404.25,404.35,403.85,404.15,111067
2025-09-30 06:00:00,404.15,404.35,404.0,404.0,65303
2025-09-30 06:05:00,404.0,404.3,403.9,404.0,57631
2025-09-30 06:10:00,404.0,404.2,403.6,404.15,133022
2025-09-30 06:15:00,404.15,404.4,403.95,404.25,56834
2025-09-30 06:20:00,404.15,404.45,404.05,404.3,113185
2025-09-30 06:25:00,404.35,404.65,404.15,404.3,82357
2025-09-30 06:30:00,404.3,404.65,403.85,404.6,143623
2025-09-30 06:35:00,404.65,404.95,404.2,404.4,84998
2025-09-30 06:40:00,404.35,404.6,404.3,404.4,61705
2025-09-30 06:45:00,404.55,405.0,404.45,405.0,120984
2025-09-30 06:50:00,404.95,405.1,404.75,404.9,81359
2025-09-30 06:55:00,404.9,405.0,404.65,404.85,77838
2025-09-30 07:00:00,404.7,404.95,404.65,404.85,63546
2025-09-30 07:05:00,404.9,404.95,404.65,404.8,60239
2025-09-30 07:10:00,404.8,404.9,404.65,404.85,73455
2025-09-30 07:15:00,404.85,404.9,404.4,404.5,71372
2025-09-30 07:20:00,404.6,404.9,404.5,404.65,74996
2025-09-30 07:25:00,404.65,404.85,404.5,404.7,56959
2025-09-30 07:30:00,404.5,404.7,404.25,404.5,71158
2025-09-30 07:35:00,404.35,404.6,404.3,404.6,64710
2025-09-30 07:40:00,404.5,404.65,404.3,404.55,57584
2025-09-30 07:45:00,404.55,404.75,404.3,404.5,75147
2025-09-30 07:50:00,404.5,404.7,404.2,404.25,55488
2025-09-30 07:55:00,404.25,404.4,404.1,404.15,80784
2025-09-30 08:00:00,404.15,404.45,404.05,404.1,79936
2025-09-30 08:05:00,404.05,404.4,404.0,404.35,93071
2025-09-30 08:10:00,404.2,404.35,403.5,403.7,129082
2025-09-30 08:15:00,403.7,404.0,403.55,403.9,99724
2025-09-30 08:20:00,403.95,403.95,403.55,403.6,64547
2025-09-30 08:25:00,403.55,403.8,403.45,403.5,61312
2025-09-30 08:30:00,403.5,403.7,403.25,403.4,80566
2025-09-30 08:35:00,403.55,403.65,403.2,403.4,102485
2025-09-30 08:40:00,403.4,403.6,402.7,403.05,230951
2025-09-30 08:45:00,403.05,403.25,402.9,402.95,94125
2025-09-30 08:50:00,402.95,403.35,402.6,403.15,138917
2025-09-30 08:55:00,403.2,403.2,402.7,402.85,94784
2025-09-30 09:00:00,402.85,403.45,402.8,403.3,136945
2025-09-30 09:05:00,403.35,404.1,403.25,403.95,322566
2025-09-30 09:10:00,403.95,404.3,403.85,404.3,230989
2025-09-30 09:15:00,404.3,404.6,403.95,404.35,223136
2025-09-30 09:20:00,404.35,404.9,404.25,404.9,132268
2025-09-30 09:25:00,404.8,405.85,404.8,405.85,256981
2025-09-30 09:30:00,405.7,405.75,404.35,404.45,425092
2025-09-30 09:35:00,404.45,404.45,403.6,404.2,442747
2025-09-30 09:40:00,403.95,404.1,403.7,403.95,363698
2025-09-30 09:45:00,403.85,403.95,403.35,403.6,571659
2025-09-30 09:50:00,403.55,403.85,403.55,403.85,440027
2025-09-30 09:55:00,403.8,404.0,403.25,403.8,351596
2025-10-01 03:45:00,402.0,403.75,399.35,403.65,607481
2025-10-01 03:50:00,403.6,403.65,402.1,402.95,245106
2025-10-01 03:55:00,402.9,403.3,402.3,403.2,163311
2025-10-01 04:00:00,403.25,403.5,402.3,402.3,172510
2025-10-01 04:05:00,402.2,403.25,402.2,403.25,130109
2025-10-01 04:10:00,403.2,405.35,403.1,404.6,319798
2025-10-01 04:15:00,404.55,406.9,404.3,406.85,445991
2025-10-01 04:20:00,407.25,407.6,406.0,406.5,293979
2025-10-01 04:25:00,406.5,406.95,405.6,406.0,269020
2025-10-01 04:30:00,406.15,406.65,405.1,405.15,166798
2025-10-01 04:35:00,405.25,406.0,404.75,405.75,143439
2025-10-01 04:40:00,405.75,406.2,405.1,406.05,71404
2025-10-01 04:45:00,406.1,408.2,405.7,408.0,411949
2025-10-01 04:50:00,408.0,408.7,407.2,407.75,384095
2025-10-01 04:55:00,407.65,408.4,407.55,408.4,314380
2025-10-01 05:00:00,408.4,409.0,407.5,407.6,351709
2025-10-01 05:05:00,407.6,408.55,407.4,407.6,137122
2025-10-01 05:10:00,407.6,407.8,406.8,406.9,119767
2025-10-01 05:15:00,406.8,406.95,406.0,406.5,164954
2025-10-01 05:20:00,406.5,406.5,405.95,406.3,108680
2025-10-01 05:25:00,406.3,406.35,405.2,405.3,105127
2025-10-01 05:30:00,405.15,406.4,405.05,406.1,127190
2025-10-01 05:35:00,406.2,406.2,405.75,406.1,70632
2025-10-01 05:40:00,406.0,406.45,405.8,405.95,88094
2025-10-01 05:45:00,406.1,406.5,406.1,406.4,48857
2025-10-01 05:50:00,406.3,406.5,406.0,406.1,40248
2025-10-01 05:55:00,405.95,406.4,405.9,406.0,31736
2025-10-01 06:00:00,406.2,406.65,406.1,406.6,42968
2025-10-01 06:05:00,406.5,406.9,406.25,406.25,54739
2025-10-01 06:10:00,406.25,406.35,405.8,405.8,63894
2025-10-01 06:15:00,405.85,406.3,405.75,406.15,46959
2025-10-01 06:20:00,406.2,406.7,406.05,406.45,33463
2025-10-01 06:25:00,406.4,407.15,406.25,407.0,95861
2025-10-01 06:30:00,407.0,407.95,406.95,407.95,127009
2025-10-01 06:35:00,407.95,407.95,407.15,407.3,80060
2025-10-01 06:40:00,407.25,407.6,407.1,407.3,47133
2025-10-01 06:45:00,407.3,407.55,407.0,407.2,56195
2025-10-01 06:50:00,407.2,407.2,406.65,406.9,77773
2025-10-01 06:55:00,406.85,407.0,406.4,406.75,74040
2025-10-01 07:00:00,406.85,407.7,406.65,407.1,115045
2025-10-01 07:05:00,406.9,407.0,406.2,406.8,46804
2025-10-01 07:10:00,406.7,406.8,406.35,406.35,38591
2025-10-01 07:15:00,406.4,406.75,406.25,406.75,46663
2025-10-01 07:20:00,406.75,406.8,406.4,406.8,48345
2025-10-01 07:25:00,406.65,407.0,406.6,406.8,43718
2025-10-01 07:30:00,406.8,407.25,406.7,406.9,59811
2025-10-01 07:35:00,406.9,407.1,406.75,407.1,39582
2025-10-01 07:40:00,407.1,407.2,406.8,407.1,42212
2025-10-01 07:45:00,407.1,407.2,406.7,407.1,64328
2025-10-01 07:50:00,407.1,407.1,406.5,406.65,70853
2025-10-01 07:55:00,406.65,407.0,406.4,406.65,78257
2025-10-01 08:00:00,406.65,406.75,406.3,406.6,66529
2025-10-01 08:05:00,406.6,406.9,406.4,406.7,64672
2025-10-01 08:10:00,406.7,406.85,406.5,406.55,54872
2025-10-01 08:15:00,406.65,406.9,406.5,406.55,78093
2025-10-01 08:20:00,406.55,406.9,406.5,406.75,101688
2025-10-01 08:25:00,406.8,407.0,406.7,407.0,78138
2025-10-01 08:30:00,407.0,407.9,405.75,406.2,1836779
2025-10-01 08:35:00,406.2,406.35,404.75,405.2,344196
2025-10-01 08:40:00,405.2,405.55,405.0,405.25,171299
2025-10-01 08:45:00,405.35,405.85,404.75,405.85,180984
2025-10-01 08:50:00,405.8,406.25,405.6,406.1,116529
2025-10-01 08:55:00,405.9,406.45,405.7,406.15,106769
2025-10-01 09:00:00,406.35,406.4,405.7,405.95,115188
2025-10-01 09:05:00,405.95,406.2,405.85,406.1,144802
2025-10-01 09:10:00,406.1,406.8,405.85,406.55,278518
2025-10-01 09:15:00,406.7,406.95,406.5,406.8,135197
2025-10-01 09:20:00,406.8,406.85,406.15,406.25,142025
2025-10-01 09:25:00,406.2,406.4,405.85,406.25,180815
2025-10-01 09:30:00,406.25,406.55,406.2,406.4,220006
2025-10-01 09:35:00,406.5,406.55,406.05,406.3,221549
2025-10-01 09:40:00,406.35,406.4,405.95,406.2,338987
2025-10-01 09:45:00,406.25,406.55,405.95,406.4,355165
2025-10-01 09:50:00,406.5,406.8,406.2,406.65,330123
2025-10-01 09:55:00,406.7,407.25,406.7,407.05,455363
2025-10-03 03:45:00,406.8,410.4,405.1,410.05,1000488
2025-10-03 03:50:00,410.1,411.25,409.45,411.1,562142
2025-10-03 03:55:00,411.25,411.7,410.2,411.7,590041
2025-10-03 04:00:00,411.7,412.5,410.3,411.2,646398
2025-10-03 04:05:00,411.2,412.8,411.2,412.55,420772
2025-10-03 04:10:00,412.55,413.7,412.5,413.7,782416
2025-10-03 04:15:00,413.7,413.8,412.55,413.0,325845
2025-10-03 04:20:00,412.95,413.55,412.5,412.7,312299
2025-10-03 04:25:00,412.65,413.8,412.55,413.3,311108
2025-10-03 04:30:00,413.35,413.6,412.5,412.7,251862
2025-10-03 04:35:00,412.7,412.9,412.0,412.15,258198
2025-10-03 04:40:00,412.1,412.25,411.9,412.0,146625
2025-10-03 04:45:00,412.0,413.15,412.0,412.8,179295
2025-10-03 04:50:00,412.9,413.2,412.55,413.05,155022
2025-10-03 04:55:00,413.0,413.25,412.6,412.9,133174
2025-10-03 05:00:00,412.9,412.95,412.0,412.1,198390
2025-10-03 05:05:00,412.1,413.0,412.05,412.95,117920
2025-10-03 05:10:00,412.95,412.95,412.1,412.4,122507
2025-10-03 05:15:00,412.35,412.35,411.45,411.55,356106
2025-10-03 05:20:00,411.5,411.6,410.4,410.75,434369
2025-10-03 05:25:00,410.75,411.2,410.3,410.45,440210
2025-10-03 05:30:00,410.45,410.8,409.9,410.0,240794
2025-10-03 05:35:00,409.9,410.3,409.75,410.15,144613
2025-10-03 05:40:00,410.0,410.2,409.8,410.1,107018
2025-10-03 05:45:00,410.05,410.35,409.55,409.65,285821
2025-10-03 05:50:00,409.8,409.95,409.6,409.95,73140
2025-10-03 05:55:00,409.9,410.85,409.8,410.2,229202
2025-10-03 06:00:00,410.2,411.65,410.05,411.5,179391
2025-10-03 06:05:00,411.6,412.35,411.5,412.0,268846
2025-10-03 06:10:00,411.85,412.4,411.85,412.05,129140
2025-10-03 06:15:00,412.2,412.25,411.65,412.0,128466
2025-10-03 06:20:00,411.9,412.35,411.9,412.35,112232
2025-10-03 06:25:00,412.25,412.35,411.9,412.3,124864
2025-10-03 06:30:00,412.25,412.5,412.1,412.4,116302
2025-10-03 06:35:00,412.4,412.55,412.0,412.2,171409
2025-10-03 06:40:00,412.05,412.35,411.7,411.9,143151
2025-10-03 06:45:00,411.85,412.1,411.75,412.0,95634
2025-10-03 06:50:00,412.05,412.25,411.8,411.85,121152
2025-10-03 06:55:00,411.85,412.0,411.5,411.7,157403
2025-10-03 07:00:00,411.7,411.7,410.95,411.0,118626
2025-10-03 07:05:00,411.0,411.0,410.8,411.0,87651
2025-10-03 07:10:00,410.9,411.2,410.5,410.8,110606
2025-10-03 07:15:00,410.85,411.0,410.5,410.95,90764
2025-10-03 07:20:00,410.95,411.0,410.7,410.85,86074
2025-10-03 07:25:00,410.9,410.9,410.6,410.75,92076
2025-10-03 07:30:00,410.75,410.75,410.35,410.4,69122
2025-10-03 07:35:00,410.35,410.7,410.3,410.7,87284
2025-10-03 07:40:00,410.7,410.85,410.6,410.65,66420
2025-10-03 07:45:00,410.65,410.8,410.35,410.8,79170
2025-10-03 07:50:00,410.8,411.0,410.7,410.8,90189
2025-10-03 07:55:00,410.8,410.95,410.45,410.45,67579
2025-10-03 08:00:00,410.5,410.9,410.45,410.65,75319
2025-10-03 08:05:00,410.6,410.8,410.3,410.55,77846
2025-10-03 08:10:00,410.55,410.8,410.35,410.75,76459
2025-10-03 08:15:00,410.65,411.0,410.55,410.8,91019
2025-10-03 08:20:00,410.8,411.15,410.7,411.15,71824
2025-10-03 08:25:00,411.2,411.9,411.1,411.5,135217
2025-10-03 08:30:00,411.65,411.8,411.45,411.75,82898
2025-10-03 08:35:00,411.75,411.8,411.3,411.4,102660
2025-10-03 08:40:00,411.3,411.6,411.0,411.3,86944
2025-10-03 08:45:00,411.2,411.35,411.05,411.15,76447
2025-10-03 08:50:00,411.2,411.25,410.8,411.1,101986
2025-10-03 08:55:00,411.1,411.25,410.9,411.15,100217
2025-10-03 09:00:00,411.1,411.75,411.0,411.5,160737
2025-10-03 09:05:00,411.55,411.75,411.35,411.6,111111
2025-10-03 09:10:00,411.5,411.9,411.5,411.9,111899
2025-10-03 09:15:00,411.85,411.9,411.6,411.75,97915
2025-10-03 09:20:00,411.75,412.0,411.6,411.95,134411
2025-10-03 09:25:00,411.9,412.0,411.6,411.9,127650
2025-10-03 09:30:00,411.85,412.35,411.75,412.3,315410
2025-10-03 09:35:00,412.3,412.6,412.3,412.6,308122
2025-10-03 09:40:00,412.6,413.1,412.5,412.9,624652
2025-10-03 09:45:00,412.95,412.95,412.65,412.9,408629
2025-10-03 09:50:00,412.9,413.0,412.6,412.8,432363
2025-10-03 09:55:00,412.85,413.0,412.15,412.65,457293
2025-10-06 03:45:00,412.7,413.4,409.2,411.4,671120
2025-10-06 03:50:00,411.5,414.15,411.25,413.1,503321
2025-10-06 03:55:00,413.05,413.4,412.5,412.8,267095
2025-10-06 04:00:00,412.7,412.7,410.1,411.55,334602
2025-10-06 04:05:00,411.5,411.6,410.6,411.1,130447
2025-10-06 04:10:00,411.05,411.6,410.65,411.45,148192
2025-10-06 04:15:00,411.45,411.6,410.5,411.15,144225
2025-10-06 04:20:00,411.1,411.15,410.65,410.65,83910
2025-10-06 04:25:00,410.65,411.45,410.5,411.1,90331
2025-10-06 04:30:00,411.0,411.35,410.55,410.7,110336
2025-10-06 04:35:00,410.75,411.25,410.5,411.05,90576
2025-10-06 04:40:00,411.05,411.4,410.7,411.3,70764
2025-10-06 04:45:00,411.1,411.3,410.1,410.45,114333
2025-10-06 04:50:00,410.35,410.6,410.15,410.15,88389
2025-10-06 04:55:00,410.25,410.6,409.2,409.35,270190
2025-10-06 05:00:00,409.35,409.65,409.2,409.2,149356
2025-10-06 05:05:00,409.2,409.3,408.5,408.5,231294
2025-10-06 05:10:00,408.5,408.8,407.55,407.6,286782
2025-10-06 05:15:00,407.6,408.5,407.5,408.05,195130
2025-10-06 05:20:00,408.05,408.2,407.65,408.0,154968
2025-10-06 05:25:00,407.95,408.0,407.65,407.7,116826
2025-10-06 05:30:00,407.8,408.35,407.7,407.95,142784
2025-10-06 05:35:00,407.9,408.15,407.6,407.7,87422
2025-10-06 05:40:00,407.6,408.35,407.55,408.0,187286
2025-10-06 05:45:00,408.05,408.05,407.5,407.65,74483
2025-10-06 05:50:00,407.65,408.2,407.55,407.9,82719
2025-10-06 05:55:00,407.8,408.9,407.75,408.9,142628
2025-10-06 06:00:00,408.9,409.6,408.8,409.35,124339
2025-10-06 06:05:00,409.35,409.6,408.9,409.6,128486
2025-10-06 06:10:00,409.55,409.8,408.15,408.25,189418
2025-10-06 06:15:00,408.25,408.45,408.05,408.05,133629
2025-10-06 06:20:00,408.1,408.25,407.85,407.9,124590
2025-10-06 06:25:00,408.0,408.3,407.8,408.0,103243
2025-10-06 06:30:00,408.0,408.3,407.9,407.9,108575
2025-10-06 06:35:00,407.9,408.1,407.8,408.0,57912
2025-10-06 06:40:00,408.0,408.6,407.95,408.6,64695
2025-10-06 06:45:00,408.55,409.6,408.45,409.4,108022
2025-10-06 06:50:00,409.4,410.4,409.25,410.1,575704
2025-10-06 06:55:00,410.0,410.4,410.0,410.05,103188
2025-10-06 07:00:00,410.0,410.2,409.55,409.8,143749
2025-10-06 07:05:00,409.95,410.2,409.75,410.0,166352
2025-10-06 07:10:00,410.0,410.1,409.45,410.05,256572
2025-10-06 07:15:00,410.05,410.4,409.3,409.85,254415
2025-10-06 07:20:00,409.85,410.25,409.8,410.0,125150
2025-10-06 07:25:00,410.05,410.25,410.0,410.0,112421
2025-10-06 07:30:00,410.0,410.9,410.0,410.7,145889
2025-10-06 07:35:00,410.65,411.95,410.35,411.8,362680
2025-10-06 07:40:00,411.8,412.05,411.65,412.05,245222
2025-10-06 07:45:00,412.05,412.45,411.65,412.1,176933
2025-10-06 07:50:00,412.0,413.1,411.75,412.85,307092
2025-10-06 07:55:00,412.7,413.0,412.3,413.0,176489
2025-10-06 08:00:00,413.0,414.0,412.9,413.95,379880
2025-10-06 08:05:00,413.95,414.9,413.8,414.1,502490
2025-10-06 08:10:00,414.3,414.6,413.65,413.95,235850
2025-10-06 08:15:00,413.95,414.1,413.1,413.35,283711
2025-10-06 08:20:00,413.5,413.75,412.35,413.45,256708
2025-10-06 08:25:00,413.5,413.75,413.25,413.55,145397
2025-10-06 08:30:00,413.6,413.8,412.85,412.95,156175
2025-10-06 08:35:00,413.0,413.4,412.85,413.2,144682
2025-10-06 08:40:00,413.2,413.5,413.05,413.05,138252
2025-10-06 08:45:00,413.2,413.4,412.3,412.9,177767
2025-10-06 08:50:00,412.95,413.5,412.85,413.4,145536
2025-10-06 08:55:00,413.4,413.85,413.25,413.3,187667
2025-10-06 09:00:00,413.3,414.3,413.2,414.15,253013
2025-10-06 09:05:00,414.2,414.5,414.05,414.2,211508
2025-10-06 09:10:00,414.3,414.4,413.85,413.9,201195
2025-10-06 09:15:00,413.95,414.1,413.55,413.65,191197
2025-10-06 09:20:00,413.55,414.15,413.5,413.7,234876
2025-10-06 09:25:00,413.65,414.3,413.65,414.1,186596
2025-10-06 09:30:00,414.25,414.25,412.9,413.0,277573
2025-10-06 09:35:00,412.95,413.25,412.9,413.05,198651
2025-10-06 09:40:00,413.25,413.4,413.0,413.0,170313
2025-10-06 09:45:00,413.1,413.45,413.0,413.3,215868
2025-10-06 09:50:00,413.35,413.5,413.15,413.3,214164
2025-10-06 09:55:00,413.3,413.35,413.05,413.05,236859
2025-10-07 03:45:00,413.25,415.55,412.3,413.65,536982
2025-10-07 03:50:00,413.6,414.6,413.2,414.5,252231
2025-10-07 03:55:00,414.45,414.7,413.75,414.2,147851
2025-10-07 04:00:00,414.25,414.45,413.65,414.15,132227
2025-10-07 04:05:00,413.95,414.3,413.55,413.85,78677
2025-10-07 04:10:00,413.85,414.15,412.6,412.65,138109
2025-10-07 04:15:00,412.65,412.75,412.3,412.35,160000
2025-10-07 04:20:00,412.35,413.75,412.3,413.75,84062
2025-10-07 04:25:00,413.75,414.0,413.4,413.4,61305
2025-10-07 04:30:00,413.45,413.45,411.55,411.65,259244
2025-10-07 04:35:00,411.6,412.0,411.5,411.75,165175
2025-10-07 04:40:00,411.75,412.0,411.05,411.8,154980
2025-10-07 04:45:00,411.8,412.0,411.35,411.95,75040
2025-10-07 04:50:00,412.0,412.25,411.85,412.05,65152
2025-10-07 04:55:00,412.0,412.6,411.95,412.5,58509
2025-10-07 05:00:00,412.5,413.0,412.5,412.8,81293
2025-10-07 05:05:00,412.8,412.9,411.9,412.2,212430
2025-10-07 05:10:00,412.2,412.75,412.1,412.6,142226
2025-10-07 05:15:00,412.6,412.65,411.85,412.3,441904
2025-10-07 05:20:00,412.45,412.65,411.85,411.95,265757
2025-10-07 05:25:00,411.95,412.0,411.4,411.7,144429
2025-10-07 05:30:00,411.7,411.85,411.5,411.6,155279
2025-10-07 05:35:00,411.7,411.95,411.5,411.8,50300
2025-10-07 05:40:00,411.75,411.75,411.1,411.7,98273
2025-10-07 05:45:00,411.7,411.8,411.35,411.6,39580
2025-10-07 05:50:00,411.55,411.6,410.2,410.6,265823
2025-10-07 05:55:00,410.6,411.4,410.6,411.1,102330
2025-10-07 06:00:00,411.15,411.4,410.8,411.2,111912
2025-10-07 06:05:00,411.2,411.7,411.0,411.65,199514
2025-10-07 06:10:00,411.65,412.0,411.5,412.0,241773
2025-10-07 06:15:00,412.0,412.3,411.95,412.25,115109
2025-10-07 06:20:00,412.3,412.3,411.5,411.5,227637
2025-10-07 06:25:00,411.65,411.7,410.9,410.9,144492
2025-10-07 06:30:00,411.0,411.2,410.6,411.1,194636
2025-10-07 06:35:00,411.2,411.5,410.75,411.1,71717
2025-10-07 06:40:00,411.05,411.3,410.55,410.7,134266
2025-10-07 06:45:00,410.7,410.8,409.7,410.05,289138
2025-10-07 06:50:00,410.05,410.1,409.6,409.85,67087
2025-10-07 06:55:00,409.85,410.2,409.7,409.95,200294
2025-10-07 07:00:00,409.9,410.2,409.85,410.05,48135
2025-10-07 07:05:00,410.0,410.15,409.8,410.0,54098
2025-10-07 07:10:00,410.0,410.1,409.75,409.8,57290
2025-10-07 07:15:00,409.8,409.95,409.55,409.65,53075
2025-10-07 07:20:00,409.65,409.8,409.1,409.55,158913
2025-10-07 07:25:00,409.6,410.2,409.55,410.05,74680
2025-10-07 07:30:00,410.0,410.7,409.7,410.6,116647
2025-10-07 07:35:00,410.6,411.05,410.4,410.95,103971
2025-10-07 07:40:00,411.05,411.4,410.95,411.2,103322
2025-10-07 07:45:00,411.2,411.4,410.8,410.9,96450
2025-10-07 07:50:00,410.85,411.35,410.8,411.2,103080
2025-10-07 07:55:00,411.2,411.35,411.05,411.3,86328
2025-10-07 08:00:00,411.3,411.35,410.85,410.9,97887
2025-10-07 08:05:00,410.9,411.7,410.85,411.3,171504
2025-10-07 08:10:00,411.35,411.5,411.2,411.25,91815
2025-10-07 08:15:00,411.3,411.55,411.15,411.25,74852
2025-10-07 08:20:00,411.25,411.6,411.1,411.15,81921
2025-10-07 08:25:00,411.15,411.5,411.05,411.3,76603
2025-10-07 08:30:00,411.3,411.55,411.1,411.1,82839
2025-10-07 08:35:00,411.1,411.45,411.1,411.4,86222
2025-10-07 08:40:00,411.4,411.7,411.2,411.55,99160
2025-10-07 08:45:00,411.55,411.7,411.0,411.05,152174
2025-10-07 08:50:00,411.15,411.15,410.55,410.65,123660
2025-10-07 08:55:00,410.65,410.9,409.9,409.95,191234
2025-10-07 09:00:00,409.95,410.5,409.9,410.1,115878
2025-10-07 09:05:00,410.1,410.45,409.85,410.05,142721
2025-10-07 09:10:00,410.1,410.4,409.6,409.75,200667
2025-10-07 09:15:00,409.75,410.45,409.65,410.4,130303
2025-10-07 09:20:00,410.45,410.55,409.9,409.9,146988
2025-10-07 09:25:00,410.0,410.25,409.75,409.95,146447
2025-10-07 09:30:00,410.15,410.45,409.7,410.0,344089
2025-10-07 09:35:00,410.0,410.3,409.7,410.2,303629
2025-10-07 09:40:00,410.25,410.4,409.75,409.95,315139
2025-10-07 09:45:00,409.85,410.65,409.8,410.55,472647
2025-10-07 09:50:00,410.45,411.2,410.45,410.6,463486
2025-10-07 09:55:00,410.8,411.2,410.6,410.7,338760
2025-10-08 03:45:00,410.4,412.0,408.8,409.45,398954
2025-10-08 03:50:00,409.5,410.5,407.8,410.3,333515
2025-10-08 03:55:00,410.3,411.0,410.05,410.35,175168
2025-10-08 04:00:00,410.35,410.35,409.1,409.15,148656
2025-10-08 04:05:00,409.15,409.85,409.05,409.7,85894
2025-10-08 04:10:00,409.7,409.7,409.25,409.25,36106
2025-10-08 04:15:00,409.3,409.3,408.4,408.45,153541
2025-10-08 04:20:00,408.45,408.5,407.8,408.0,178432
2025-10-08 04:25:00,407.95,408.9,407.95,408.8,109126
2025-10-08 04:30:00,408.8,408.8,408.25,408.5,63175
2025-10-08 04:35:00,408.5,409.0,408.25,408.9,62938
2025-10-08 04:40:00,408.9,409.0,408.4,408.8,47066
2025-10-08 04:45:00,408.8,409.0,408.4,408.4,63493
2025-10-08 04:50:00,408.4,408.4,406.8,407.15,212914
2025-10-08 04:55:00,407.2,407.8,407.05,407.15,128786
2025-10-08 05:00:00,407.1,407.15,406.3,406.6,99669
2025-10-08 05:05:00,406.6,406.85,406.2,406.7,69257
2025-10-08 05:10:00,406.7,407.4,406.7,407.2,52222
2025-10-08 05:15:00,407.2,407.25,406.35,406.75,85759
2025-10-08 05:20:00,406.8,407.0,406.2,406.25,46355
2025-10-08 05:25:00,406.2,406.2,405.2,405.8,161075
2025-10-08 05:30:00,405.75,405.9,404.05,404.15,228245
2025-10-08 05:35:00,404.2,404.5,403.8,403.9,129284
2025-10-08 05:40:00,404.0,404.25,403.75,403.95,82002
2025-10-08 05:45:00,403.8,404.15,403.2,403.4,111235
2025-10-08 05:50:00,403.5,404.2,403.15,404.0,88771
2025-10-08 05:55:00,404.0,404.6,403.9,404.1,107222
2025-10-08 06:00:00,404.1,404.15,403.5,403.85,90490
2025-10-08 06:05:00,403.85,404.05,403.75,403.8,48288
2025-10-08 06:10:00,403.85,404.45,403.8,404.2,63071
2025-10-08 06:15:00,404.2,404.65,404.0,404.4,81257
2025-10-08 06:20:00,404.2,405.0,404.05,405.0,128208
2025-10-08 06:25:00,404.65,404.7,404.0,404.25,78027
2025-10-08 06:30:00,404.25,404.6,403.85,404.15,77817
2025-10-08 06:35:00,404.25,404.3,403.8,403.95,46835
2025-10-08 06:40:00,404.0,404.2,403.7,404.05,45193
2025-10-08 06:45:00,404.05,404.15,403.8,403.85,37049
2025-10-08 06:50:00,403.9,404.0,403.15,403.15,118812
2025-10-08 06:55:00,403.15,403.9,403.15,403.65,44561
2025-10-08 07:00:00,403.65,404.0,403.55,403.8,33872
2025-10-08 07:05:00,403.7,404.3,403.7,403.8,66680
2025-10-08 07:10:00,403.9,404.1,403.6,404.05,98154
2025-10-08 07:15:00,403.8,404.15,403.7,404.0,103730
2025-10-08 07:20:00,403.9,404.7,403.85,404.65,168005
2025-10-08 07:25:00,404.65,405.3,404.35,405.3,111927
2025-10-08 07:30:00,405.25,405.45,404.6,405.05,98182
2025-10-08 07:35:00,405.1,405.55,404.55,405.5,123223
2025-10-08 07:40:00,405.5,406.35,405.25,406.15,121875
2025-10-08 07:45:00,406.1,406.15,405.4,405.85,134514
2025-10-08 07:50:00,405.85,406.5,405.65,406.1,128899
2025-10-08 07:55:00,406.1,406.65,406.0,406.05,81337
2025-10-08 08:00:00,406.05,406.85,405.7,406.7,105954
2025-10-08 08:05:00,406.6,407.0,406.55,406.65,95967
2025-10-08 08:10:00,406.6,406.95,405.7,405.9,110611
2025-10-08 08:15:00,405.9,406.15,405.8,405.9,55342
2025-10-08 08:20:00,405.9,406.15,405.55,405.85,74497
2025-10-08 08:25:00,405.9,406.2,405.6,406.0,77837
2025-10-08 08:30:00,406.2,406.2,405.4,405.45,82170
2025-10-08 08:35:00,405.4,405.7,404.4,404.4,161901
2025-10-08 08:40:00,404.4,404.85,404.25,404.35,128130
2025-10-08 08:45:00,404.4,404.7,404.3,404.35,63118
2025-10-08 08:50:00,404.4,404.5,404.0,404.25,92126
2025-10-08 08:55:00,404.25,404.3,403.75,403.8,95547
2025-10-08 09:00:00,403.8,404.5,403.7,404.2,90138
2025-10-08 09:05:00,404.3,404.75,404.1,404.4,71031
2025-10-08 09:10:00,404.4,404.6,404.0,404.0,77289
2025-10-08 09:15:00,404.0,404.5,404.0,404.0,64852
2025-10-08 09:20:00,404.0,404.9,403.55,404.85,140154
2025-10-08 09:25:00,404.85,404.85,403.85,403.95,204487
2025-10-08 09:30:00,404.0,404.3,403.6,403.9,153852
2025-10-08 09:35:00,404.0,404.0,403.5,403.7,168628
2025-10-08 09:40:00,403.7,403.75,403.1,403.3,212858
2025-10-08 09:45:00,403.2,403.75,403.1,403.6,278663
2025-10-08 09:50:00,403.6,404.0,403.55,403.7,241653
2025-10-08 09:55:00,403.95,404.0,403.25,403.7,204548
2025-10-09 03:45:00,403.7,405.8,403.65,404.75,465495
2025-10-09 03:50:00,404.75,406.0,404.45,405.6,226373
2025-10-09 03:55:00,405.65,406.4,404.6,404.8,235884
2025-10-09 04:00:00,404.9,405.3,403.2,403.45,171973
2025-10-09 04:05:00,403.6,404.4,403.05,404.15,108430
2025-10-09 04:10:00,404.3,404.3,403.3,403.45,64208
2025-10-09 04:15:00,403.45,404.15,403.0,403.6,77279
2025-10-09 04:20:00,403.6,403.9,403.3,403.8,46586
2025-10-09 04:25:00,403.65,405.0,403.35,404.7,126819
2025-10-09 04:30:00,404.8,406.6,404.55,405.9,302195
2025-10-09 04:35:00,406.05,406.05,405.0,405.2,126013
2025-10-09 04:40:00,405.05,405.4,404.8,405.3,86708
2025-10-09 04:45:00,405.3,406.35,405.05,406.2,95526
2025-10-09 04:50:00,406.2,406.5,405.8,406.45,95789
2025-10-09 04:55:00,406.4,407.35,406.3,406.4,120729
2025-10-09 05:00:00,406.45,406.45,405.75,405.9,57487
2025-10-09 05:05:00,405.9,406.75,405.9,406.7,54135
2025-10-09 05:10:00,406.5,406.7,406.5,406.6,31172
2025-10-09 05:15:00,406.5,406.65,406.25,406.5,72200
2025-10-09 05:20:00,406.5,406.55,405.9,406.1,58954
2025-10-09 05:25:00,406.1,406.45,405.9,406.2,43826
2025-10-09 05:30:00,406.35,406.85,406.15,406.3,51005
2025-10-09 05:35:00,406.3,406.95,405.55,406.85,200936
2025-10-09 05:40:00,406.85,407.2,405.9,406.3,340294
2025-10-09 05:45:00,406.2,406.35,405.35,405.4,249198
2025-10-09 05:50:00,405.6,406.15,405.1,405.65,165489
2025-10-09 05:55:00,405.65,406.15,405.5,405.8,45902
2025-10-09 06:00:00,405.8,406.5,405.75,406.35,48445
2025-10-09 06:05:00,406.5,406.95,406.35,406.65,45113
2025-10-09 06:10:00,406.65,407.5,406.6,407.4,107946
2025-10-09 06:15:00,407.5,407.9,407.4,407.75,100310
2025-10-09 06:20:00,407.75,407.85,407.1,407.5,92340
2025-10-09 06:25:00,407.45,407.6,406.4,406.4,39191
2025-10-09 06:30:00,406.45,406.8,406.4,406.6,33029
2025-10-09 06:35:00,406.6,406.65,406.1,406.25,31140
2025-10-09 06:40:00,406.25,406.75,406.25,406.7,17772
2025-10-09 06:45:00,406.7,407.85,406.7,407.7,70950
2025-10-09 06:50:00,407.7,408.0,407.5,407.8,81829
2025-10-09 06:55:00,407.75,407.8,407.0,407.2,31042
2025-10-09 07:00:00,407.2,407.4,406.75,406.9,38099
2025-10-09 07:05:00,406.8,406.95,406.45,406.7,23102
2025-10-09 07:10:00,406.7,406.7,406.3,406.5,31148
2025-10-09 07:15:00,406.5,406.95,406.4,406.95,44712
2025-10-09 07:20:00,407.0,407.7,406.8,406.85,89437
2025-10-09 07:25:00,407.0,407.15,406.5,406.6,52639
2025-10-09 07:30:00,406.5,406.9,406.25,406.8,45965
2025-10-09 07:35:00,406.8,407.2,406.6,406.85,65506
2025-10-09 07:40:00,406.8,407.1,406.6,406.9,50501
2025-10-09 07:45:00,406.85,407.1,406.7,407.05,41600
2025-10-09 07:50:00,407.1,407.15,406.55,406.9,43688
2025-10-09 07:55:00,406.75,407.25,406.75,407.25,63237
2025-10-09 08:00:00,407.2,407.65,407.0,407.4,71690
2025-10-09 08:05:00,407.4,407.7,407.1,407.55,87543
2025-10-09 08:10:00,407.55,407.65,407.0,407.55,63282
2025-10-09 08:15:00,407.55,407.9,407.45,407.65,73090
2025-10-09 08:20:00,407.6,408.4,407.4,408.4,133423
2025-10-09 08:25:00,408.3,408.7,407.9,408.0,123279
2025-10-09 08:30:00,408.05,408.2,407.8,407.9,74187
2025-10-09 08:35:00,408.05,408.05,407.55,407.7,60996
2025-10-09 08:40:00,407.85,407.9,407.2,407.2,145462
2025-10-09 08:45:00,407.25,407.55,406.7,406.8,149131
2025-10-09 08:50:00,406.95,407.3,406.6,406.95,117963
2025-10-09 08:55:00,406.95,407.2,406.5,406.9,130733
2025-10-09 09:00:00,406.9,407.45,406.7,406.9,116448
2025-10-09 09:05:00,407.05,407.45,406.7,407.0,169529
2025-10-09 09:10:00,407.15,407.5,406.75,407.5,138845
2025-10-09 09:15:00,407.35,408.35,407.35,407.4,194892
2025-10-09 09:20:00,407.45,407.95,407.3,407.7,126141
2025-10-09 09:25:00,407.8,408.15,407.7,408.1,106266
2025-10-09 09:30:00,408.1,408.9,408.1,408.55,226560
2025-10-09 09:35:00,408.6,409.7,408.5,409.4,356137
2025-10-09 09:40:00,409.4,409.45,408.85,408.9,367069
2025-10-09 09:45:00,408.95,410.0,408.8,410.0,303173
2025-10-09 09:50:00,409.95,410.0,409.5,409.7,290307
2025-10-09 09:55:00,409.8,410.0,409.6,409.9,357542
2025-10-10 03:45:00,409.0,410.9,408.35,409.65,467031
2025-10-10 03:50:00,409.2,410.95,408.8,410.4,286038
2025-10-10 03:55:00,410.4,410.7,409.95,410.4,159334
2025-10-10 04:00:00,410.45,411.85,410.3,411.7,337529
2025-10-10 04:05:00,411.75,411.9,411.4,411.7,187018
2025-10-10 04:10:00,411.7,412.9,411.4,412.85,427980
2025-10-10 04:15:00,412.85,413.25,412.7,413.2,365952
2025-10-10 04:20:00,413.2,414.45,412.95,414.05,499066
2025-10-10 04:25:00,414.05,414.8,413.6,414.6,472948
2025-10-10 04:30:00,414.75,414.8,413.3,414.0,224472
2025-10-10 04:35:00,414.0,414.5,413.3,413.55,169995
2025-10-10 04:40:00,413.55,414.15,413.45,414.0,182664
2025-10-10 04:45:00,413.8,414.1,413.6,413.8,108903
2025-10-10 04:50:00,413.9,413.9,413.15,413.35,141243
2025-10-10 04:55:00,413.35,414.1,412.95,414.0,192127
2025-10-10 05:00:00,414.1,414.8,413.95,414.65,279850
2025-10-10 05:05:00,414.7,414.8,414.15,414.3,132659
2025-10-10 05:10:00,414.35,414.95,414.2,414.6,249647
2025-10-10 05:15:00,414.7,415.0,414.55,414.8,197946
2025-10-10 05:20:00,414.8,414.9,414.2,414.7,107107
2025-10-10 05:25:00,414.7,414.9,414.55,414.9,99263
2025-10-10 05:30:00,414.9,415.4,414.5,415.3,461539
2025-10-10 05:35:00,415.3,415.4,414.9,415.05,97845
2025-10-10 05:40:00,415.1,415.25,414.55,414.75,155426
2025-10-10 05:45:00,414.75,415.2,414.5,415.0,127583
2025-10-10 05:50:00,415.0,415.1,414.55,414.7,86265
2025-10-10 05:55:00,414.85,414.9,414.5,414.8,88487
2025-10-10 06:00:00,414.85,414.9,414.35,414.5,100281
2025-10-10 06:05:00,414.4,415.2,414.35,414.75,196534
2025-10-10 06:10:00,414.7,415.1,414.7,414.75,148535
2025-10-10 06:15:00,414.85,415.0,414.55,414.85,79588
2025-10-10 06:20:00,414.85,414.85,414.1,414.15,109300
2025-10-10 06:25:00,414.15,414.2,413.0,413.1,234422
2025-10-10 06:30:00,413.1,414.3,413.05,414.1,442948
2025-10-10 06:35:00,414.1,414.15,413.5,414.0,540402
2025-10-10 06:40:00,413.9,414.35,413.8,414.3,88633
2025-10-10 06:45:00,414.25,414.35,414.0,414.1,44594
2025-10-10 06:50:00,414.15,414.5,414.0,414.4,154421
2025-10-10 06:55:00,414.3,414.45,414.0,414.0,35159
2025-10-10 07:00:00,414.0,414.15,414.0,414.0,59163
2025-10-10 07:05:00,414.05,414.05,413.9,414.05,50248
2025-10-10 07:10:00,414.05,414.4,413.95,414.15,51793
2025-10-10 07:15:00,414.1,414.35,414.0,414.1,63069
2025-10-10 07:20:00,414.1,414.4,414.0,414.1,439926
2025-10-10 07:25:00,414.15,415.05,414.05,415.05,298918
2025-10-10 07:30:00,415.0,415.5,414.95,415.25,286380
2025-10-10 07:35:00,415.3,415.3,414.45,414.7,128566
2025-10-10 07:40:00,414.9,415.2,414.6,414.7,85315
2025-10-10 07:45:00,414.7,415.2,414.65,414.9,138603
2025-10-10 07:50:00,414.8,414.95,414.25,414.7,110362
2025-10-10 07:55:00,414.7,414.7,413.75,414.25,188266
2025-10-10 08:00:00,414.25,414.45,413.8,414.25,91445
2025-10-10 08:05:00,414.25,414.45,413.85,414.35,63620
2025-10-10 08:10:00,414.3,414.4,413.7,414.15,113634
2025-10-10 08:15:00,414.15,414.7,414.0,414.65,85839
2025-10-10 08:20:00,414.55,414.7,414.0,414.2,102149
2025-10-10 08:25:00,414.3,414.4,413.85,413.85,71546
2025-10-10 08:30:00,413.9,414.1,413.7,413.9,67158
2025-10-10 08:35:00,413.9,413.9,413.55,413.8,52921
2025-10-10 08:40:00,413.75,413.85,413.6,413.7,52060
2025-10-10 08:45:00,413.6,414.15,413.5,414.15,158963
2025-10-10 08:50:00,414.15,414.7,414.0,414.4,131797
2025-10-10 08:55:00,414.4,414.55,413.6,413.7,61726
2025-10-10 09:00:00,413.65,414.05,413.5,413.9,72873
2025-10-10 09:05:00,413.85,414.2,413.75,414.0,65377
2025-10-10 09:10:00,414.0,414.1,413.7,413.8,51730
2025-10-10 09:15:00,413.8,413.9,413.25,413.85,151634
2025-10-10 09:20:00,413.8,414.35,413.5,414.1,146902
2025-10-10 09:25:00,413.9,414.15,413.75,414.15,77067
2025-10-10 09:30:00,414.1,414.15,413.65,413.75,139599
2025-10-10 09:35:00,413.7,413.95,413.6,413.65,186239
2025-10-10 09:40:00,413.75,413.95,413.5,413.7,233065
2025-10-10 09:45:00,413.8,414.0,413.6,413.75,374793
2025-10-10 09:50:00,413.75,413.8,412.65,412.85,478831
2025-10-10 09:55:00,412.75,413.3,412.15,412.15,364500
2025-10-13 03:45:00,412.95,413.0,406.35,409.3,909702
2025-10-13 03:50:00,409.4,411.0,408.8,410.4,400203
2025-10-13 03:55:00,410.5,410.5,409.35,409.6,207230
2025-10-13 04:00:00,409.5,409.65,407.85,408.45,311391
2025-10-13 04:05:00,408.4,409.15,408.0,409.0,118681
2025-10-13 04:10:00,408.95,409.55,408.8,409.55,102929
2025-10-13 04:15:00,409.6,410.0,409.1,409.9,99310
2025-10-13 04:20:00,409.9,410.0,408.75,408.95,110407
2025-10-13 04:25:00,409.15,409.8,409.0,409.35,65520
2025-10-13 04:30:00,409.35,409.4,408.65,409.3,86952
2025-10-13 04:35:00,409.3,409.45,408.6,408.8,64482
2025-10-13 04:40:00,408.65,409.2,408.6,409.0,34450
2025-10-13 04:45:00,409.0,409.05,408.6,408.65,46631
2025-10-13 04:50:00,408.65,408.65,408.3,408.3,108533
2025-10-13 04:55:00,408.3,409.3,408.05,409.2,87463
2025-10-13 05:00:00,409.2,409.5,408.6,408.7,51417
2025-10-13 05:05:00,408.7,409.15,408.7,408.7,30024
2025-10-13 05:10:00,408.75,409.1,408.55,408.8,75443
2025-10-13 05:15:00,408.85,409.75,408.6,409.7,134959
2025-10-13 05:20:00,409.65,409.75,408.55,408.7,53790
2025-10-13 05:25:00,408.7,408.8,408.3,408.7,77009
2025-10-13 05:30:00,408.6,409.0,408.55,408.9,50184
2025-10-13 05:35:00,408.9,409.05,408.65,409.0,33730
2025-10-13 05:40:00,408.85,409.4,408.85,409.05,59504
2025-10-13 05:45:00,409.05,409.45,408.8,408.8,28802
2025-10-13 05:50:00,408.9,408.9,408.25,408.4,42733
2025-10-13 05:55:00,408.25,408.7,408.25,408.65,33278
2025-10-13 06:00:00,408.6,408.95,408.55,408.85,21311
2025-10-13 06:05:00,408.85,408.95,408.5,408.9,33827
2025-10-13 06:10:00,408.9,408.95,408.55,408.8,34919
2025-10-13 06:15:00,408.65,409.15,408.55,409.05,34556
2025-10-13 06:20:00,409.05,409.2,408.9,409.15,33091
2025-10-13 06:25:00,409.15,409.35,408.9,409.35,41036
2025-10-13 06:30:00,409.35,409.6,409.0,409.0,44380
2025-10-13 06:35:00,409.2,409.3,408.85,409.0,20731
2025-10-13 06:40:00,408.8,409.7,408.8,409.7,54250
2025-10-13 06:45:00,409.7,409.95,409.45,409.9,79070
2025-10-13 06:50:00,409.95,409.95,409.25,409.4,66602
2025-10-13 06:55:00,409.4,409.9,409.15,409.75,49665
2025-10-13 07:00:00,409.85,409.9,409.25,409.35,35080
2025-10-13 07:05:00,409.4,409.5,409.2,409.25,20848
2025-10-13 07:10:00,409.4,410.0,409.25,409.9,171241
2025-10-13 07:15:00,410.0,410.0,409.7,409.8,34758
2025-10-13 07:20:00,409.7,409.75,409.0,409.1,75643
2025-10-13 07:25:00,409.1,409.1,408.35,408.65,153797
2025-10-13 07:30:00,408.65,408.7,408.0,408.0,161000
2025-10-13 07:35:00,408.05,409.1,408.0,408.7,79715
2025-10-13 07:40:00,408.65,408.95,408.55,408.9,49302
2025-10-13 07:45:00,408.75,409.05,408.7,409.05,53033
2025-10-13 07:50:00,408.85,409.05,408.5,408.5,44803
2025-10-13 07:55:00,408.5,408.65,408.3,408.3,42644
2025-10-13 08:00:00,408.4,409.25,408.25,409.05,84890
2025-10-13 08:05:00,409.1,409.25,408.9,409.25,61993
2025-10-13 08:10:00,409.25,409.65,409.15,409.45,139414
2025-10-13 08:15:00,409.4,410.65,409.4,410.15,260672
2025-10-13 08:20:00,410.15,410.35,409.5,409.7,80870
2025-10-13 08:25:00,409.7,409.8,409.25,409.45,57894
2025-10-13 08:30:00,409.6,409.8,409.25,409.5,77241
2025-10-13 08:35:00,409.5,409.95,409.5,409.85,62967
2025-10-13 08:40:00,409.65,409.85,409.2,409.25,67552
2025-10-13 08:45:00,409.4,409.7,409.3,409.45,66266
2025-10-13 08:50:00,409.55,409.7,409.2,409.55,96558
2025-10-13 08:55:00,409.55,410.1,409.55,409.65,157312
2025-10-13 09:00:00,409.75,409.9,409.4,409.45,72231
2025-10-13 09:05:00,409.55,409.8,409.2,409.2,76531
2025-10-13 09:10:00,409.2,409.35,409.0,409.25,157016
2025-10-13 09:15:00,409.25,409.45,409.0,409.4,97323
2025-10-13 09:20:00,409.35,409.55,409.2,409.35,104210
2025-10-13 09:25:00,409.25,409.45,409.1,409.1,104803
2025-10-13 09:30:00,409.2,409.35,409.0,409.2,140515
2025-10-13 09:35:00,409.05,409.7,409.05,409.5,179077
2025-10-13 09:40:00,409.5,409.65,409.15,409.25,166400
2025-10-13 09:45:00,409.25,409.5,409.15,409.45,231288
2025-10-13 09:50:00,409.4,409.65,409.35,409.5,205499
2025-10-13 09:55:00,409.6,409.8,409.35,409.65,170657
2025-10-14 03:45:00,410.0,411.8,409.8,411.4,326712
2025-10-14 03:50:00,411.3,412.8,411.1,412.6,310868
2025-10-14 03:55:00,412.6,414.15,412.35,413.15,432807
2025-10-14 04:00:00,413.05,413.55,412.2,412.35,194020
2025-10-14 04:05:00,412.2,412.85,412.15,412.25,140786
2025-10-14 04:10:00,412.15,412.95,412.1,412.15,98454
2025-10-14 04:15:00,412.2,412.5,411.8,412.45,134339
2025-10-14 04:20:00,412.45,412.75,411.95,411.95,71276
2025-10-14 04:25:00,411.95,412.0,410.75,410.9,158168
2025-10-14 04:30:00,411.0,412.3,410.8,411.2,112386
2025-10-14 04:35:00,411.3,411.3,410.8,410.95,86544
2025-10-14 04:40:00,411.0,411.4,410.9,411.05,66699
2025-10-14 04:45:00,411.1,411.1,409.6,409.8,155414
2025-10-14 04:50:00,409.75,410.1,409.4,410.1,152001
2025-10-14 04:55:00,410.05,410.3,409.4,409.4,101940
2025-10-14 05:00:00,409.4,409.8,408.65,409.8,116039
2025-10-14 05:05:00,409.75,409.8,409.4,409.4,54248
2025-10-14 05:10:00,409.5,409.85,409.2,409.35,43149
2025-10-14 05:15:00,409.4,409.9,409.25,409.25,46060
2025-10-14 05:20:00,409.25,409.25,408.75,408.9,69863
2025-10-14 05:25:00,409.0,409.05,408.6,408.6,62850
2025-10-14 05:30:00,408.65,408.65,407.65,408.0,124816
2025-10-14 05:35:00,408.0,408.0,406.0,406.4,270096
2025-10-14 05:40:00,406.45,407.25,406.4,407.2,105830
2025-10-14 05:45:00,407.25,407.25,405.7,405.7,163920
2025-10-14 05:50:00,405.8,406.6,405.5,405.85,120990
2025-10-14 05:55:00,405.85,406.2,405.65,406.0,71257
2025-10-14 06:00:00,406.0,406.2,405.6,406.15,62960
2025-10-14 06:05:00,406.15,406.35,406.0,406.2,84149
2025-10-14 06:10:00,406.2,406.25,405.75,405.85,89931
2025-10-14 06:15:00,405.8,406.15,405.3,405.9,156303
2025-10-14 06:20:00,405.85,406.0,405.6,405.65,28366
2025-10-14 06:25:00,405.85,406.0,405.65,405.9,42682
2025-10-14 06:30:00,405.9,406.0,405.35,405.45,77637
2025-10-14 06:35:00,405.35,405.4,404.0,404.05,222273
2025-10-14 06:40:00,404.15,404.35,403.7,404.3,146211
2025-10-14 06:45:00,404.35,405.0,404.1,404.8,73675
2025-10-14 06:50:00,404.85,404.9,404.1,404.75,78352
2025-10-14 06:55:00,404.75,404.75,403.75,403.8,60697
2025-10-14 07:00:00,403.75,404.2,403.7,404.05,64815
2025-10-14 07:05:00,404.05,404.3,403.45,403.45,106573
2025-10-14 07:10:00,403.45,403.9,403.25,403.5,69903
2025-10-14 07:15:00,403.5,404.0,403.3,403.5,50265
2025-10-14 07:20:00,403.7,403.9,403.45,403.8,43505
2025-10-14 07:25:00,403.8,404.25,403.65,403.95,58513
2025-10-14 07:30:00,403.95,404.15,403.5,403.7,61562
2025-10-14 07:35:00,403.7,404.05,401.65,402.0,265765
2025-10-14 07:40:00,402.0,402.8,401.6,402.8,160133
2025-10-14 07:45:00,402.8,402.95,402.0,402.15,82753
2025-10-14 07:50:00,402.15,402.6,402.0,402.55,127272
2025-10-14 07:55:00,402.55,403.2,402.4,403.2,71124
2025-10-14 08:00:00,403.05,403.7,402.95,403.65,111034
2025-10-14 08:05:00,403.65,403.7,403.1,403.3,79737
2025-10-14 08:10:00,403.35,403.35,402.5,402.6,78806
2025-10-14 08:15:00,402.6,402.95,402.2,402.5,150009
2025-10-14 08:20:00,402.5,402.6,402.3,402.4,73826
2025-10-14 08:25:00,402.4,402.8,402.3,402.65,82805
2025-10-14 08:30:00,402.65,402.8,402.25,402.6,124580
2025-10-14 08:35:00,402.6,402.8,402.35,402.4,86218
2025-10-14 08:40:00,402.4,402.75,401.8,402.2,201213
2025-10-14 08:45:00,402.2,402.35,401.7,401.95,154374
2025-10-14 08:50:00,401.95,402.9,401.6,402.85,168408
2025-10-14 08:55:00,402.85,403.3,402.7,402.9,231103
2025-10-14 09:00:00,402.9,403.85,402.75,403.7,168797
2025-10-14 09:05:00,403.7,404.25,403.45,403.85,244566
2025-10-14 09:10:00,403.85,404.3,403.45,403.55,212824
2025-10-14 09:15:00,403.55,403.9,403.0,403.35,211278
2025-10-14 09:20:00,403.4,403.5,403.05,403.45,142767
2025-10-14 09:25:00,403.45,403.75,403.15,403.55,163082
2025-10-14 09:30:00,403.6,403.6,402.5,402.6,261204
2025-10-14 09:35:00,402.6,403.15,402.3,402.55,513536
2025-10-14 09:40:00,402.45,402.5,401.75,402.2,365486
2025-10-14 09:45:00,402.15,402.65,402.1,402.35,369628
2025-10-14 09:50:00,402.25,402.35,401.7,401.9,280048
2025-10-14 09:55:00,401.8,402.15,401.6,402.15,198819
2025-10-15 03:45:00,403.0,405.9,403.0,405.3,484702
2025-10-15 03:50:00,405.3,405.65,404.9,405.4,188325
2025-10-15 03:55:00,405.35,405.9,405.3,405.75,91813
2025-10-15 04:00:00,405.75,406.4,405.5,405.7,105874
2025-10-15 04:05:00,405.65,405.75,404.7,405.1,121786
2025-10-15 04:10:00,405.1,405.5,405.05,405.45,55567
2025-10-15 04:15:00,405.5,405.8,405.15,405.35,50774
2025-10-15 04:20:00,405.35,405.65,405.1,405.4,75023
2025-10-15 04:25:00,405.6,406.35,405.45,406.0,202828
2025-10-15 04:30:00,406.0,406.4,405.8,405.85,75035
2025-10-15 04:35:00,405.85,406.0,405.65,405.7,28005
2025-10-15 04:40:00,405.7,406.5,405.6,406.45,79874
2025-10-15 04:45:00,406.45,406.8,406.05,406.15,70735
2025-10-15 04:50:00,406.25,407.0,406.2,406.75,88246
2025-10-15 04:55:00,406.75,407.4,406.6,407.2,126893
2025-10-15 05:00:00,407.1,407.75,407.1,407.35,108118
2025-10-15 05:05:00,407.25,407.85,407.25,407.65,106651
2025-10-15 05:10:00,407.5,408.2,407.05,407.8,623211
2025-10-15 05:15:00,407.8,408.25,407.0,407.2,242636
2025-10-15 05:20:00,407.05,407.6,406.75,407.45,302680
2025-10-15 05:25:00,407.65,407.8,406.9,407.3,282525
2025-10-15 05:30:00,407.35,407.65,406.85,406.85,113747
2025-10-15 05:35:00,406.9,406.9,406.35,406.4,104706
2025-10-15 05:40:00,406.6,407.0,406.4,406.8,63125
2025-10-15 05:45:00,406.8,407.05,406.55,406.7,70508
2025-10-15 05:50:00,406.7,407.2,406.55,407.1,80038
2025-10-15 05:55:00,407.15,407.85,407.05,407.8,90590
2025-10-15 06:00:00,407.8,408.1,407.45,407.6,115330
2025-10-15 06:05:00,407.7,407.75,407.4,407.7,89582
2025-10-15 06:10:00,407.7,408.6,407.55,408.0,189459
2025-10-15 06:15:00,408.15,408.35,408.0,408.2,71080
2025-10-15 06:20:00,408.2,408.5,408.0,408.25,50925
2025-10-15 06:25:00,408.1,408.3,407.95,408.05,88561
2025-10-15 06:30:00,408.05,408.25,407.85,408.0,87289
2025-10-15 06:35:00,407.95,408.4,407.85,408.35,60889
2025-10-15 06:40:00,408.15,408.35,407.95,408.0,51007
2025-10-15 06:45:00,408.1,408.4,407.95,408.25,64401
2025-10-15 06:50:00,408.1,408.5,408.1,408.4,71386
2025-10-15 06:55:00,408.4,410.25,408.25,409.55,425575
2025-10-15 07:00:00,409.55,409.75,408.65,408.9,111911
2025-10-15 07:05:00,408.85,409.15,408.55,408.95,106771
2025-10-15 07:10:00,408.9,409.1,408.75,409.0,59504
2025-10-15 07:15:00,408.95,409.3,408.4,408.5,82130
2025-10-15 07:20:00,408.55,409.0,408.2,408.9,120068
2025-10-15 07:25:00,408.9,409.2,408.75,408.9,75602
2025-10-15 07:30:00,408.75,409.35,408.6,409.1,73119
2025-10-15 07:35:00,409.1,409.45,408.75,409.45,85527
2025-10-15 07:40:00,409.45,410.2,409.3,409.4,165910
2025-10-15 07:45:00,409.45,409.7,409.25,409.5,152466
2025-10-15 07:50:00,409.5,409.75,409.5,409.6,83893
2025-10-15 07:55:00,409.6,409.75,409.5,409.6,62959
2025-10-15 08:00:00,409.55,409.8,409.5,409.6,88241
2025-10-15 08:05:00,409.7,410.1,409.55,410.1,141146
2025-10-15 08:10:00,410.0,410.1,409.5,409.6,123290
2025-10-15 08:15:00,409.7,410.0,409.3,409.5,113872
2025-10-15 08:20:00,409.6,409.7,408.7,408.7,299020
2025-10-15 08:25:00,408.85,409.0,408.25,408.3,131537
2025-10-15 08:30:00,408.5,408.9,408.05,408.05,102296
2025-10-15 08:35:00,408.25,408.75,408.0,408.3,102414
2025-10-15 08:40:00,408.35,408.8,408.3,408.5,84113
2025-10-15 08:45:00,408.7,408.95,408.35,408.9,82901
2025-10-15 08:50:00,408.9,409.1,408.3,408.3,95994
2025-10-15 08:55:00,408.3,408.6,408.15,408.3,133380
2025-10-15 09:00:00,408.3,409.75,408.15,409.05,293919
2025-10-15 09:05:00,409.05,409.8,408.8,409.05,276833
2025-10-15 09:10:00,409.1,409.3,408.8,408.85,154605
2025-10-15 09:15:00,409.0,409.2,408.6,409.1,217461
2025-10-15 09:20:00,409.1,409.1,408.4,408.8,269207
2025-10-15 09:25:00,408.9,409.05,408.65,408.8,114699
2025-10-15 09:30:00,408.8,408.9,407.75,407.95,248702
2025-10-15 09:35:00,407.9,408.45,407.85,408.3,133176
2025-10-15 09:40:00,408.2,408.25,407.8,408.0,319720
2025-10-15 09:45:00,407.9,408.25,407.65,408.2,289409
2025-10-15 09:50:00,408.25,408.45,408.05,408.1,197450
2025-10-15 09:55:00,408.1,408.45,408.05,408.3,232008
2025-10-16 03:45:00,409.1,411.4,409.05,410.45,589712
2025-10-16 03:50:00,410.85,411.8,410.8,411.65,388383
2025-10-16 03:55:00,411.55,411.8,410.15,410.95,552245
2025-10-16 04:00:00,410.95,412.35,410.9,411.6,444349
2025-10-16 04:05:00,411.65,411.75,411.0,411.15,308450
2025-10-16 04:10:00,411.2,411.5,410.85,411.25,214741
2025-10-16 04:15:00,411.4,411.9,411.1,411.85,143329
2025-10-16 04:20:00,411.85,412.0,410.65,410.85,187617
2025-10-16 04:25:00,410.85,411.4,410.55,411.35,81601
2025-10-16 04:30:00,411.35,412.3,411.35,412.25,239156
2025-10-16 04:35:00,412.3,412.7,411.95,412.6,225656
2025-10-16 04:40:00,412.4,412.5,411.45,411.8,99669
2025-10-16 04:45:00,411.95,412.3,411.85,412.2,58886
2025-10-16 04:50:00,412.1,412.2,411.4,411.75,84893
2025-10-16 04:55:00,411.75,411.9,411.4,411.6,54541
2025-10-16 05:00:00,411.6,412.0,411.55,411.85,53253
2025-10-16 05:05:00,411.95,412.1,411.4,411.85,71266
2025-10-16 05:10:00,411.75,412.0,411.65,412.0,54874
2025-10-16 05:15:00,411.95,412.0,411.45,411.7,82712
2025-10-16 05:20:00,411.65,412.4,411.2,412.15,95774
2025-10-16 05:25:00,412.15,412.7,412.05,412.45,114554
2025-10-16 05:30:00,412.4,412.5,411.6,412.2,73683
2025-10-16 05:35:00,412.1,412.35,411.95,412.15,70324
2025-10-16 05:40:00,412.2,412.45,412.1,412.25,87379
2025-10-16 05:45:00,412.2,412.3,411.7,411.95,146256
2025-10-16 05:50:00,411.9,412.0,411.7,412.0,49932
2025-10-16 05:55:00,411.8,412.25,411.75,412.25,131451
2025-10-16 06:00:00,412.25,412.5,412.0,412.5,140333
2025-10-16 06:05:00,412.35,412.5,411.85,411.95,76227
2025-10-16 06:10:00,411.9,412.0,411.9,411.95,54242
2025-10-16 06:15:00,411.95,412.0,411.25,411.3,105512
2025-10-16 06:20:00,411.25,411.6,411.2,411.5,76541
2025-10-16 06:25:00,411.4,411.6,411.3,411.55,39052
2025-10-16 06:30:00,411.35,411.6,410.7,410.9,111047
2025-10-16 06:35:00,410.9,411.3,410.7,410.95,222499
2025-10-16 06:40:00,410.95,411.6,410.8,411.4,55992
2025-10-16 06:45:00,411.6,411.8,410.8,411.0,195343
2025-10-16 06:50:00,411.0,411.2,410.85,411.0,105327
2025-10-16 06:55:00,410.9,411.5,410.9,411.35,54175
2025-10-16 07:00:00,411.3,411.65,411.2,411.65,59574
2025-10-16 07:05:00,411.55,411.65,410.85,411.0,126865
2025-10-16 07:10:00,411.0,411.0,410.8,410.9,74746
2025-10-16 07:15:00,410.9,411.0,410.2,410.2,157508
2025-10-16 07:20:00,410.1,410.4,410.0,410.25,253738
2025-10-16 07:25:00,410.25,410.6,410.0,410.15,172071
2025-10-16 07:30:00,410.1,410.8,410.05,410.7,103592
2025-10-16 07:35:00,410.75,411.45,410.5,411.15,191534
2025-10-16 07:40:00,411.15,411.35,410.7,411.0,116012
2025-10-16 07:45:00,411.25,411.5,411.0,411.15,126774
2025-10-16 07:50:00,411.3,411.4,411.1,411.15,115257
2025-10-16 07:55:00,411.3,411.65,411.1,411.55,116101
2025-10-16 08:00:00,411.55,412.2,411.3,412.05,189449
2025-10-16 08:05:00,412.1,412.1,411.65,411.95,126142
2025-10-16 08:10:00,411.75,412.0,411.6,412.0,101997
2025-10-16 08:15:00,412.0,412.0,411.6,411.8,122603
2025-10-16 08:20:00,411.9,412.0,411.6,411.85,104649
2025-10-16 08:25:00,411.85,412.2,411.65,412.2,157794
2025-10-16 08:30:00,412.2,412.4,412.0,412.05,88630
2025-10-16 08:35:00,412.2,412.4,412.0,412.3,91914
2025-10-16 08:40:00,412.1,412.4,411.6,411.9,171167
2025-10-16 08:45:00,411.8,412.1,411.6,411.75,110197
2025-10-16 08:50:00,411.75,412.2,411.65,412.2,152443
2025-10-16 08:55:00,412.15,412.25,411.9,412.0,114153
2025-10-16 09:00:00,412.05,412.3,411.95,412.3,142607
2025-10-16 09:05:00,412.25,412.6,412.05,412.2,171718
2025-10-16 09:10:00,412.2,412.7,412.0,412.65,156174
2025-10-16 09:15:00,412.65,412.7,412.0,412.05,112796
2025-10-16 09:20:00,412.05,412.2,411.8,412.1,134286
2025-10-16 09:25:00,411.95,412.3,411.9,412.0,81863
2025-10-16 09:30:00,412.0,412.35,411.95,412.15,166549
2025-10-16 09:35:00,412.15,412.15,411.65,411.65,140095
2025-10-16 09:40:00,411.75,411.95,411.45,411.75,251513
2025-10-16 09:45:00,411.6,412.0,411.45,411.85,302066
2025-10-16 09:50:00,411.8,411.9,411.5,411.75,291711
2025-10-16 09:55:00,411.7,412.0,411.55,412.0,352489
2025-10-17 03:45:00,410.35,412.5,409.65,410.25,365789
2025-10-17 03:50:00,410.4,411.75,410.05,411.3,181556
2025-10-17 03:55:00,411.15,413.35,411.05,413.3,286959
2025-10-17 04:00:00,413.3,414.8,413.0,414.35,727282
2025-10-17 04:05:00,414.3,416.35,414.1,415.95,806648
2025-10-17 04:10:00,416.05,417.5,415.8,417.4,793402
2025-10-17 04:15:00,417.45,417.95,416.35,416.5,711341
2025-10-17 04:20:00,416.5,417.15,415.75,416.5,410188
2025-10-17 04:25:00,416.5,417.2,416.45,417.0,296169
2025-10-17 04:30:00,417.0,418.0,416.7,417.8,492657
2025-10-17 04:35:00,417.8,418.9,417.8,418.45,669000
2025-10-17 04:40:00,418.45,418.95,418.1,418.85,375038
2025-10-17 04:45:00,418.95,419.3,418.75,418.9,482286
2025-10-17 04:50:00,418.8,419.25,418.5,419.0,379134
2025-10-17 04:55:00,419.1,419.1,418.1,418.3,247753
2025-10-17 05:00:00,418.3,418.5,417.55,418.25,377322
2025-10-17 05:05:00,418.3,418.65,417.85,418.1,226309
2025-10-17 05:10:00,417.9,418.5,417.5,418.25,249906
2025-10-17 05:15:00,418.25,418.5,418.05,418.1,149042
2025-10-17 05:20:00,418.1,418.3,417.8,418.0,226020
2025-10-17 05:25:00,418.0,418.2,417.65,418.05,179054
2025-10-17 05:30:00,418.0,418.5,417.95,418.3,161066
2025-10-17 05:35:00,418.35,418.5,418.0,418.25,161974
2025-10-17 05:40:00,418.05,418.25,417.7,417.8,116167
2025-10-17 05:45:00,417.8,418.0,417.7,417.7,92635
2025-10-17 05:50:00,417.7,418.45,417.5,418.0,352207
2025-10-17 05:55:00,418.0,418.95,417.85,418.65,457569
2025-10-17 06:00:00,418.65,419.8,418.35,419.3,710115
2025-10-17 06:05:00,419.25,420.0,419.25,419.5,344147
2025-10-17 06:10:00,419.5,419.6,418.8,418.9,260221
2025-10-17 06:15:00,418.9,419.0,418.4,418.85,155815
2025-10-17 06:20:00,418.85,419.0,418.3,418.55,140727
2025-10-17 06:25:00,418.6,418.65,418.05,418.3,118210
2025-10-17 06:30:00,418.4,418.5,417.85,417.85,196463
2025-10-17 06:35:00,418.0,418.35,417.5,417.85,282956
2025-10-17 06:40:00,417.9,418.3,417.7,417.85,143403
2025-10-17 06:45:00,417.75,418.4,417.7,417.95,95361
2025-10-17 06:50:00,417.95,417.95,417.5,417.9,122312
2025-10-17 06:55:00,417.75,418.0,417.65,417.85,86189
2025-10-17 07:00:00,417.85,418.3,417.8,418.05,81758
2025-10-17 07:05:00,418.1,418.2,417.75,417.85,65188
2025-10-17 07:10:00,417.75,418.0,417.6,417.75,105186
2025-10-17 07:15:00,417.75,418.0,417.55,417.65,79139
2025-10-17 07:20:00,417.6,417.7,414.8,415.0,620144
2025-10-17 07:25:00,414.95,415.1,414.6,414.95,216078
2025-10-17 07:30:00,414.85,415.75,414.45,414.45,288475
2025-10-17 07:35:00,414.45,414.7,413.3,413.85,255751
2025-10-17 07:40:00,413.9,414.4,413.65,414.2,179511
2025-10-17 07:45:00,414.3,414.65,414.0,414.3,112230
2025-10-17 07:50:00,414.2,414.9,414.15,414.55,139957
2025-10-17 07:55:00,414.55,414.65,413.95,414.05,183135
2025-10-17 08:00:00,414.1,414.15,412.6,412.6,203246
2025-10-17 08:05:00,412.7,412.85,410.75,411.3,309152
2025-10-17 08:10:00,411.4,412.4,411.1,412.2,270072
2025-10-17 08:15:00,412.35,412.6,411.8,411.8,193452
2025-10-17 08:20:00,412.15,412.5,411.2,412.05,220065
2025-10-17 08:25:00,412.15,413.6,411.9,413.5,150472
2025-10-17 08:30:00,413.6,413.7,412.5,412.8,145337
2025-10-17 08:35:00,412.9,413.3,412.6,413.1,362283
2025-10-17 08:40:00,413.1,413.3,412.85,413.0,117518
2025-10-17 08:45:00,413.0,413.5,412.55,413.35,120895
2025-10-17 08:50:00,413.4,413.6,412.9,413.2,114285
2025-10-17 08:55:00,413.2,413.6,413.05,413.45,61411
2025-10-17 09:00:00,413.45,414.35,413.1,414.1,114187
2025-10-17 09:05:00,414.25,414.4,413.85,414.0,123074
2025-10-17 09:10:00,414.05,414.35,413.95,414.2,93464
2025-10-17 09:15:00,414.2,414.25,413.5,413.55,141399
2025-10-17 09:20:00,413.55,413.85,412.75,413.85,167063
2025-10-17 09:25:00,413.85,414.0,413.5,413.6,98175
2025-10-17 09:30:00,413.75,413.8,413.05,413.45,153628
2025-10-17 09:35:00,413.4,413.6,413.15,413.35,140787
2025-10-17 09:40:00,413.15,413.25,412.55,413.0,214346
2025-10-17 09:45:00,413.0,413.0,412.3,412.5,417303
2025-10-17 09:50:00,412.6,412.75,412.25,412.75,346369
2025-10-17 09:55:00,412.75,413.0,412.0,412.9,283433
2025-10-20 03:45:00,416.5,417.0,414.35,415.9,867038
2025-10-20 03:50:00,415.85,416.9,414.3,414.3,305968
2025-10-20 03:55:00,414.3,415.4,414.0,415.3,194572
2025-10-20 04:00:00,415.35,415.9,415.1,415.7,192041
2025-10-20 04:05:00,415.7,415.7,414.6,414.8,124327
2025-10-20 04:10:00,414.8,415.05,414.35,414.7,140270
2025-10-20 04:15:00,414.7,415.65,414.5,415.6,104549
2025-10-20 04:20:00,415.65,415.65,414.5,414.8,81323
2025-10-20 04:25:00,414.8,415.0,414.45,414.75,59335
2025-10-20 04:30:00,414.7,415.0,414.5,414.8,58443
2025-10-20 04:35:00,414.8,415.4,414.5,414.6,87008
2025-10-20 04:40:00,414.6,414.7,413.7,414.45,142129
2025-10-20 04:45:00,414.35,414.5,414.2,414.35,43207
2025-10-20 04:50:00,414.35,415.0,414.35,414.9,72991
2025-10-20 04:55:00,414.75,414.8,414.45,414.6,38059
2025-10-20 05:00:00,414.6,415.0,414.35,415.0,42211
2025-10-20 05:05:00,415.0,415.35,414.95,415.3,38736
2025-10-20 05:10:00,415.25,415.5,415.0,415.1,46685
2025-10-20 05:15:00,415.1,415.85,415.0,415.75,111551
2025-10-20 05:20:00,415.8,415.9,415.2,415.2,56005
2025-10-20 05:25:00,415.2,415.3,414.1,414.7,89672
2025-10-20 05:30:00,414.6,415.0,414.5,414.8,56779
2025-10-20 05:35:00,414.8,414.9,414.6,414.8,41103
2025-10-20 05:40:00,414.75,414.95,414.0,414.1,300924
2025-10-20 05:45:00,414.05,414.1,413.0,413.35,184644
2025-10-20 05:50:00,413.35,413.45,412.85,413.35,149624
2025-10-20 05:55:00,413.4,414.7,412.5,414.7,627317
2025-10-20 06:00:00,414.7,414.8,414.3,414.8,147474
2025-10-20 06:05:00,414.8,415.15,414.4,414.6,190458
2025-10-20 06:10:00,414.75,414.9,413.95,414.7,253654
2025-10-20 06:15:00,414.75,415.3,414.5,415.15,107455
2025-10-20 06:20:00,415.2,415.75,415.0,415.05,107347
2025-10-20 06:25:00,415.0,415.15,415.0,415.15,32986
2025-10-20 06:30:00,415.2,415.5,415.05,415.4,57495
2025-10-20 06:35:00,415.5,415.85,415.4,415.8,54948
2025-10-20 06:40:00,415.8,415.85,415.65,415.8,47742
2025-10-20 06:45:00,415.8,416.4,415.7,415.85,169545
2025-10-20 06:50:00,415.9,416.35,415.7,416.15,62475
2025-10-20 06:55:00,416.15,416.3,416.1,416.2,89897
2025-10-20 07:00:00,416.25,416.85,416.2,416.4,139729
2025-10-20 07:05:00,416.4,416.5,416.1,416.35,42846
2025-10-20 07:10:00,416.4,416.8,416.15,416.5,52544
2025-10-20 07:15:00,416.5,416.6,416.3,416.45,46393
2025-10-20 07:20:00,416.6,416.8,416.2,416.35,60750
2025-10-20 07:25:00,416.45,416.45,416.0,416.3,69225
2025-10-20 07:30:00,416.45,417.0,416.2,416.9,126765
2025-10-20 07:35:00,416.95,417.5,416.8,417.4,175920
2025-10-20 07:40:00,417.4,417.5,416.85,417.1,114452
2025-10-20 07:45:00,417.1,417.2,416.75,416.85,95396
2025-10-20 07:50:00,416.85,416.95,416.5,416.65,74668
2025-10-20 07:55:00,416.65,417.55,416.35,417.35,379301
2025-10-20 08:00:00,417.4,417.45,416.85,416.85,73434
2025-10-20 08:05:00,416.95,417.1,416.55,416.65,73913
2025-10-20 08:10:00,416.65,416.95,416.5,416.55,57655
2025-10-20 08:15:00,416.65,416.9,416.2,416.3,76317
2025-10-20 08:20:00,416.4,416.65,416.0,416.55,150535
2025-10-20 08:25:00,416.4,416.6,416.2,416.2,57451
2025-10-20 08:30:00,416.3,416.5,416.05,416.2,71917
2025-10-20 08:35:00,416.2,416.25,415.85,416.2,87302
2025-10-20 08:40:00,416.05,416.3,415.85,416.05,78867
2025-10-20 08:45:00,416.0,416.75,416.0,416.2,146415
2025-10-20 08:50:00,416.25,416.4,416.05,416.1,73673
2025-10-20 08:55:00,416.1,416.25,416.0,416.0,92075
2025-10-20 09:00:00,416.0,416.35,416.0,416.3,153255
2025-10-20 09:05:00,416.25,416.35,416.05,416.15,82935
2025-10-20 09:10:00,416.25,416.3,416.0,416.1,103762
2025-10-20 09:15:00,416.1,416.3,416.0,416.2,114852
2025-10-20 09:20:00,416.2,416.5,416.0,416.3,102042
2025-10-20 09:25:00,416.3,416.5,416.05,416.3,84592
2025-10-20 09:30:00,416.25,416.3,416.05,416.25,209967
2025-10-20 09:35:00,416.2,416.4,416.0,416.35,260734
2025-10-20 09:40:00,416.3,416.45,416.05,416.35,285214
2025-10-20 09:45:00,416.3,417.0,416.3,416.6,464985
2025-10-20 09:50:00,416.7,416.9,416.35,416.7,328934
2025-10-20 09:55:00,416.7,416.9,416.5,416.5,289193
2025-10-21 08:15:00,418.15,418.75,417.25,417.45,502613
2025-10-21 08:20:00,417.45,418.0,416.6,417.75,272009
2025-10-21 08:25:00,417.95,418.0,417.3,417.95,204991
2025-10-21 08:30:00,418.0,418.5,417.85,418.2,205260
2025-10-21 08:35:00,418.25,419.15,418.05,418.5,587537
2025-10-21 08:40:00,418.55,418.85,418.4,418.45,142522
2025-10-21 08:45:00,418.6,418.7,418.1,418.35,161438
2025-10-21 08:50:00,418.35,418.45,417.6,417.7,194289
2025-10-21 08:55:00,417.65,418.0,417.6,417.9,109151
2025-10-21 09:00:00,417.9,418.0,417.0,417.2,160809
2025-10-21 09:05:00,417.3,417.45,417.0,417.1,181505
2025-10-21 09:10:00,417.1,417.2,416.75,417.0,139927
2025-10-21 09:15:00,417.0,417.0,417.0,417.0,0
2025-10-23 03:45:00,421.5,421.7,418.3,419.8,2114862
2025-10-23 03:50:00,419.8,420.8,418.65,420.6,823639
2025-10-23 03:55:00,420.75,422.25,420.55,422.2,1020070
2025-10-23 04:00:00,422.2,422.5,421.3,421.65,785559
2025-10-23 04:05:00,421.65,422.0,420.6,420.65,614438
2025-10-23 04:10:00,420.7,420.9,420.6,420.8,292709
2025-10-23 04:15:00,420.8,421.35,420.7,420.75,254905
2025-10-23 04:20:00,420.7,420.75,420.15,420.6,328844
2025-10-23 04:25:00,420.5,420.7,419.85,419.95,395803
2025-10-23 04:30:00,420.1,420.6,419.7,420.25,338505
2025-10-23 04:35:00,420.25,421.5,420.25,420.3,316560
2025-10-23 04:40:00,420.35,420.6,419.9,419.9,155338
2025-10-23 04:45:00,419.95,420.15,419.85,419.9,171203
2025-10-23 04:50:00,419.95,420.15,419.25,419.4,363696
2025-10-23 04:55:00,419.5,419.9,419.35,419.4,186234
2025-10-23 05:00:00,419.5,419.9,419.3,419.75,198663
2025-10-23 05:05:00,419.8,420.3,419.7,420.2,205671
2025-10-23 05:10:00,420.15,421.25,420.1,420.6,268488
2025-10-23 05:15:00,420.6,420.7,420.3,420.35,115879
2025-10-23 05:20:00,420.35,420.75,420.3,420.75,97604
2025-10-23 05:25:00,420.7,420.75,420.4,420.4,97395
2025-10-23 05:30:00,420.55,420.6,420.2,420.2,135626
2025-10-23 05:35:00,420.2,420.5,419.9,420.35,195385
2025-10-23 05:40:00,420.45,420.9,420.35,420.9,104913
2025-10-23 05:45:00,420.9,421.8,420.7,421.55,297882
2025-10-23 05:50:00,421.6,421.65,420.7,420.75,129947
2025-10-23 05:55:00,420.7,420.8,420.5,420.7,76692
2025-10-23 06:00:00,420.7,420.9,420.4,420.9,130687
2025-10-23 06:05:00,420.9,421.0,420.5,420.6,218598
2025-10-23 06:10:00,420.7,421.0,420.2,420.65,429809
2025-10-23 06:15:00,420.65,420.8,420.5,420.75,76001
2025-10-23 06:20:00,420.75,421.25,420.7,421.2,115928
2025-10-23 06:25:00,421.25,421.5,421.1,421.45,156020
2025-10-23 06:30:00,421.5,421.5,421.0,421.4,101945
2025-10-23 06:35:00,421.35,421.45,421.25,421.35,95512
2025-10-23 06:40:00,421.35,421.45,421.15,421.2,100037
2025-10-23 06:45:00,421.2,421.45,421.1,421.2,158722
2025-10-23 06:50:00,421.2,421.4,421.15,421.3,149249
2025-10-23 06:55:00,421.25,421.5,421.25,421.5,139205
2025-10-23 07:00:00,421.5,421.65,421.15,421.2,175136
2025-10-23 07:05:00,421.3,421.4,421.15,421.2,88362
2025-10-23 07:10:00,421.2,421.8,421.2,421.8,144573
2025-10-23 07:15:00,421.8,421.85,421.35,421.4,145193
2025-10-23 07:20:00,421.4,421.5,421.2,421.35,149880
2025-10-23 07:25:00,421.35,421.5,421.0,421.1,133417
2025-10-23 07:30:00,421.0,421.1,420.5,420.55,134188
2025-10-23 07:35:00,420.6,420.75,420.45,420.55,124858
2025-10-23 07:40:00,420.55,421.0,420.45,420.8,120002
2025-10-23 07:45:00,420.7,420.8,420.45,420.7,149776
2025-10-23 07:50:00,420.65,420.8,420.5,420.6,144340
2025-10-23 07:55:00,420.6,420.7,420.2,420.3,202098
2025-10-23 08:00:00,420.2,420.5,419.7,420.0,331493
2025-10-23 08:05:00,420.0,420.3,419.9,420.2,155143
2025-10-23 08:10:00,420.15,420.35,420.1,420.35,108799
2025-10-23 08:15:00,420.4,420.45,420.3,420.45,89771
2025-10-23 08:20:00,420.4,420.45,419.95,420.3,239984
2025-10-23 08:25:00,420.15,420.35,419.85,419.9,173250
2025-10-23 08:30:00,419.9,420.3,419.5,420.15,206801
2025-10-23 08:35:00,420.25,420.25,419.9,419.95,165184
2025-10-23 08:40:00,419.9,420.05,419.65,419.95,383150
2025-10-23 08:45:00,420.0,420.25,419.8,420.2,278271
2025-10-23 08:50:00,420.2,420.2,419.6,419.65,283280
2025-10-23 08:55:00,419.6,419.8,419.05,419.15,248625
2025-10-23 09:00:00,419.15,419.4,418.85,419.25,318099
2025-10-23 09:05:00,419.2,419.5,419.15,419.4,151849
2025-10-23 09:10:00,419.35,420.0,419.35,419.95,225286
2025-10-23 09:15:00,419.9,420.05,419.85,419.9,169341
2025-10-23 09:20:00,419.9,420.05,419.8,419.9,171611
2025-10-23 09:25:00,419.85,420.05,419.7,419.8,270145
2025-10-23 09:30:00,419.85,419.95,419.2,419.2,594878
2025-10-23 09:35:00,419.25,419.25,418.15,418.45,791503
2025-10-23 09:40:00,418.55,418.55,418.05,418.45,589460
2025-10-23 09:45:00,418.35,418.6,418.2,418.5,701851
2025-10-23 09:50:00,418.5,418.85,418.5,418.6,683062
2025-10-23 09:55:00,418.55,419.0,418.0,418.4,481279
2025-10-24 03:45:00,422.0,423.25,420.8,421.4,1691027
2025-10-24 03:50:00,421.15,422.5,420.6,422.2,562594
2025-10-24 03:55:00,422.2,423.0,422.0,422.6,348681
2025-10-24 04:00:00,422.6,422.8,421.1,421.7,460347
2025-10-24 04:05:00,422.0,422.25,421.65,422.05,191390
2025-10-24 04:10:00,422.0,422.15,421.5,421.7,143351
2025-10-24 04:15:00,421.75,421.9,421.6,421.8,71638
2025-10-24 04:20:00,421.8,421.8,421.2,421.3,115399
2025-10-24 04:25:00,421.4,422.2,421.25,422.0,175654
2025-10-24 04:30:00,422.15,423.1,422.0,422.85,423167
2025-10-24 04:35:00,422.85,422.85,421.85,422.0,187281
2025-10-24 04:40:00,421.9,422.1,421.55,422.1,115740
2025-10-24 04:45:00,421.9,422.05,421.1,421.15,332289
2025-10-24 04:50:00,421.2,421.2,420.65,420.65,218641
2025-10-24 04:55:00,420.65,420.75,419.9,420.0,322815
2025-10-24 05:00:00,420.0,420.65,419.9,420.6,142399
2025-10-24 05:05:00,420.6,420.6,420.25,420.45,128687
2025-10-24 05:10:00,420.4,420.7,420.15,420.35,228590
2025-10-24 05:15:00,420.2,420.9,419.9,420.8,361051
2025-10-24 05:20:00,420.7,421.1,420.3,420.65,703196
2025-10-24 05:25:00,420.8,420.85,420.4,420.65,184154
2025-10-24 05:30:00,420.65,420.7,420.3,420.4,53423
2025-10-24 05:35:00,420.4,421.0,420.2,420.9,157801
2025-10-24 05:40:00,420.8,421.45,420.8,421.45,102527
2025-10-24 05:45:00,421.45,421.45,421.0,421.2,55789
2025-10-24 05:50:00,421.25,421.5,421.15,421.4,52979
2025-10-24 05:55:00,421.45,422.8,421.3,422.0,308619
2025-10-24 06:00:00,422.05,422.2,421.0,422.0,183310
2025-10-24 06:05:00,422.0,423.5,421.95,423.1,486087
2025-10-24 06:10:00,423.05,423.7,422.85,423.2,325075
2025-10-24 06:15:00,423.05,423.4,422.4,422.5,165692
2025-10-24 06:20:00,422.5,422.8,422.35,422.5,78025
2025-10-24 06:25:00,422.5,422.55,422.05,422.15,56324
2025-10-24 06:30:00,422.2,422.45,422.1,422.4,96670
2025-10-24 06:35:00,422.3,422.45,421.95,422.05,152570
2025-10-24 06:40:00,422.0,422.35,421.95,422.0,65285
2025-10-24 06:45:00,422.0,422.2,421.9,422.2,109859
2025-10-24 06:50:00,422.15,422.4,422.05,422.4,107073
2025-10-24 06:55:00,422.3,422.35,421.85,422.0,129605
2025-10-24 07:00:00,422.05,422.05,421.2,421.4,139282
2025-10-24 07:05:00,421.4,421.55,420.8,420.9,111546
2025-10-24 07:10:00,420.9,421.05,420.5,420.95,84231
2025-10-24 07:15:00,420.95,421.6,420.95,421.45,86961
2025-10-24 07:20:00,421.35,421.55,421.05,421.2,78911
2025-10-24 07:25:00,421.3,421.45,420.9,421.4,106627
2025-10-24 07:30:00,421.4,421.45,421.15,421.45,60939
2025-10-24 07:35:00,421.4,421.6,421.1,421.4,75546
2025-10-24 07:40:00,421.4,421.6,421.1,421.6,90614
2025-10-24 07:45:00,421.6,421.7,421.15,421.35,73970
2025-10-24 07:50:00,421.35,421.5,421.1,421.3,60843
2025-10-24 07:55:00,421.15,421.45,420.8,420.9,223499
2025-10-24 08:00:00,420.8,421.15,420.5,421.05,392524
2025-10-24 08:05:00,420.9,421.15,420.75,421.05,451131
2025-10-24 08:10:00,421.05,421.05,420.65,420.85,355385
2025-10-24 08:15:00,420.85,421.15,420.6,421.1,233930
2025-10-24 08:20:00,421.1,421.1,420.8,420.95,121475
2025-10-24 08:25:00,421.05,421.05,420.65,421.0,157573
2025-10-24 08:30:00,421.05,421.1,420.85,420.9,242575
2025-10-24 08:35:00,420.95,421.6,420.8,421.2,100641
2025-10-24 08:40:00,421.4,421.5,420.95,420.95,53079
2025-10-24 08:45:00,420.95,421.2,420.9,421.0,63063
2025-10-24 08:50:00,421.0,421.15,420.8,421.1,137583
2025-10-24 08:55:00,421.0,421.6,421.0,421.45,427262
2025-10-24 09:00:00,421.3,421.55,421.2,421.3,89044
2025-10-24 09:05:00,421.3,421.5,421.25,421.25,82426
2025-10-24 09:10:00,421.3,421.35,421.25,421.35,161861
2025-10-24 09:15:00,421.25,421.6,421.25,421.4,192011
2025-10-24 09:20:00,421.35,421.4,421.25,421.3,195687
2025-10-24 09:25:00,421.3,421.35,420.5,421.15,356446
2025-10-24 09:30:00,421.2,421.5,421.1,421.45,297121
2025-10-24 09:35:00,421.45,421.9,421.4,421.9,340931
2025-10-24 09:40:00,421.8,422.05,421.75,422.0,564260
2025-10-24 09:45:00,422.05,422.05,421.65,422.05,734196
2025-10-24 09:50:00,422.0,422.55,421.95,422.3,762023
2025-10-24 09:55:00,422.45,422.65,422.0,422.4,1007170
2025-10-27 03:45:00,425.0,425.0,420.05,420.8,923318
2025-10-27 03:50:00,421.05,421.05,416.65,418.35,858180
2025-10-27 03:55:00,418.3,418.8,417.3,417.8,424765
2025-10-27 04:00:00,417.8,418.7,417.15,418.35,314926
2025-10-27 04:05:00,418.45,418.8,418.0,418.4,225339
2025-10-27 04:10:00,418.45,418.65,417.5,417.5,182009
2025-10-27 04:15:00,417.55,418.45,417.55,418.25,118103
2025-10-27 04:20:00,418.25,418.6,418.1,418.55,83608
2025-10-27 04:25:00,418.6,418.7,418.2,418.35,117957
2025-10-27 04:30:00,418.35,418.4,418.0,418.25,66620
2025-10-27 04:35:00,418.05,418.3,417.75,417.9,131263
2025-10-27 04:40:00,418.0,418.8,418.0,418.5,145055
2025-10-27 04:45:00,418.45,418.45,417.5,417.55,130498
2025-10-27 04:50:00,417.6,417.85,417.3,417.55,217994
2025-10-27 04:55:00,417.5,418.4,417.1,417.9,206730
2025-10-27 05:00:00,417.9,418.5,417.3,418.4,85887
2025-10-27 05:05:00,418.45,418.45,417.7,417.9,66876
2025-10-27 05:10:00,417.9,418.15,417.6,418.0,100133
2025-10-27 05:15:00,418.0,418.1,417.6,417.85,77726
2025-10-27 05:20:00,417.75,417.9,417.3,417.4,98129
2025-10-27 05:25:00,417.45,418.0,417.2,417.8,79624
2025-10-27 05:30:00,417.85,418.0,417.4,417.7,50486
2025-10-27 05:35:00,417.75,417.8,417.25,417.5,88597
2025-10-27 05:40:00,417.55,417.65,417.35,417.6,54363
2025-10-27 05:45:00,417.6,417.65,417.3,417.4,85001
2025-10-27 05:50:00,417.45,417.5,417.1,417.15,79755
2025-10-27 05:55:00,417.15,417.7,416.8,417.3,188940
2025-10-27 06:00:00,417.2,417.7,417.05,417.4,81086
2025-10-27 06:05:00,417.2,417.65,417.0,417.35,77213
2025-10-27 06:10:00,417.4,417.6,416.45,416.6,279982
2025-10-27 06:15:00,416.65,416.75,416.0,416.5,231564
2025-10-27 06:20:00,416.45,416.6,416.3,416.4,66924
2025-10-27 06:25:00,416.45,417.2,416.4,417.2,87463
2025-10-27 06:30:00,417.15,417.25,416.75,416.9,73430
2025-10-27 06:35:00,416.9,417.0,416.5,416.7,66899
2025-10-27 06:40:00,416.65,416.7,416.45,416.5,88686
2025-10-27 06:45:00,416.65,416.7,416.05,416.2,187846
2025-10-27 06:50:00,416.15,416.3,415.55,415.55,201482
2025-10-27 06:55:00,415.55,416.0,415.55,415.6,127783
2025-10-27 07:00:00,415.65,415.9,415.3,415.55,183426
2025-10-27 07:05:00,415.55,415.9,415.3,415.7,81196
2025-10-27 07:10:00,415.7,415.75,415.35,415.55,106520
2025-10-27 07:15:00,415.6,415.95,415.25,415.3,94331
2025-10-27 07:20:00,415.3,415.8,415.15,415.75,59343
2025-10-27 07:25:00,415.8,416.0,415.75,415.9,64687
2025-10-27 07:30:00,415.9,416.5,415.9,416.25,107802
2025-10-27 07:35:00,416.3,416.3,415.55,415.7,79716
2025-10-27 07:40:00,415.7,415.7,415.3,415.3,87641
2025-10-27 07:45:00,415.35,415.4,414.6,414.95,280988
2025-10-27 07:50:00,415.15,415.3,414.75,415.0,76067
2025-10-27 07:55:00,415.0,415.5,414.95,415.5,106190
2025-10-27 08:00:00,415.3,415.45,415.0,415.15,64486
2025-10-27 08:05:00,415.05,415.65,415.0,415.6,80437
2025-10-27 08:10:00,415.55,415.7,415.45,415.65,61492
2025-10-27 08:15:00,415.45,415.7,415.25,415.35,65325
2025-10-27 08:20:00,415.35,415.7,415.3,415.55,55977
2025-10-27 08:25:00,415.55,415.65,415.25,415.35,56500
2025-10-27 08:30:00,415.45,415.65,415.25,415.55,56855
2025-10-27 08:35:00,415.6,415.65,415.3,415.45,92352
2025-10-27 08:40:00,415.45,415.5,415.2,415.3,63659
2025-10-27 08:45:00,415.25,415.95,415.15,415.85,147506
2025-10-27 08:50:00,415.9,416.2,415.55,416.15,109332
2025-10-27 08:55:00,416.2,416.2,415.95,416.2,89281
2025-10-27 09:00:00,416.05,416.5,416.05,416.3,84247
2025-10-27 09:05:00,416.3,416.4,416.0,416.15,64105
2025-10-27 09:10:00,416.1,416.15,415.75,416.0,119504
2025-10-27 09:15:00,416.0,416.2,415.55,415.6,171921
2025-10-27 09:20:00,415.55,415.6,415.2,415.25,116279
2025-10-27 09:25:00,415.2,415.55,415.2,415.3,146706
2025-10-27 09:30:00,415.35,415.6,414.75,414.85,311298
2025-10-27 09:35:00,414.9,415.65,414.75,415.35,409371
2025-10-27 09:40:00,415.4,415.6,415.1,415.35,330602
2025-10-27 09:45:00,415.35,415.45,414.9,415.15,465192
2025-10-27 09:50:00,415.15,415.3,415.0,415.0,372586
2025-10-27 09:55:00,415.0,415.3,415.0,415.2,370412
2025-10-28 03:45:00,416.8,416.8,414.75,415.45,576704
2025-10-28 03:50:00,415.45,415.45,413.2,414.7,476830
2025-10-28 03:55:00,414.7,414.9,413.95,414.35,199117
2025-10-28 04:00:00,414.3,415.25,414.0,414.75,296582
2025-10-28 04:05:00,414.75,415.0,414.55,414.65,149923
2025-10-28 04:10:00,414.65,414.75,414.1,414.25,154424
2025-10-28 04:15:00,414.3,414.3,413.4,413.5,148797
2025-10-28 04:20:00,413.45,413.45,412.6,412.75,189772
2025-10-28 04:25:00,412.8,413.75,412.6,413.45,126565
2025-10-28 04:30:00,413.45,413.45,412.7,412.7,99970
2025-10-28 04:35:00,412.8,412.9,412.1,412.15,179435
2025-10-28 04:40:00,412.1,412.55,412.0,412.5,92302
2025-10-28 04:45:00,412.5,412.5,412.05,412.25,87283
2025-10-28 04:50:00,412.2,412.75,412.05,412.35,84236
2025-10-28 04:55:00,412.35,412.55,412.1,412.5,53441
2025-10-28 05:00:00,412.35,412.95,412.25,412.9,81776
2025-10-28 05:05:00,412.85,413.0,412.4,412.5,106516
2025-10-28 05:10:00,412.65,412.65,412.2,412.45,59607
2025-10-28 05:15:00,412.5,413.1,412.35,412.5,108210
2025-10-28 05:20:00,412.5,412.55,412.1,412.1,58354
2025-10-28 05:25:00,412.15,412.15,411.6,411.65,237813
2025-10-28 05:30:00,411.7,412.25,411.6,412.05,67344
2025-10-28 05:35:00,412.0,412.4,411.9,412.4,108132
2025-10-28 05:40:00,412.4,413.15,412.3,412.9,80223
2025-10-28 05:45:00,412.75,413.4,412.55,413.15,130998
2025-10-28 05:50:00,413.15,413.35,413.0,413.35,63178
2025-10-28 05:55:00,413.3,414.0,413.3,413.8,107139
2025-10-28 06:00:00,413.85,414.75,413.85,414.35,215202
2025-10-28 06:05:00,414.35,415.1,414.3,415.05,160644
2025-10-28 06:10:00,415.05,415.85,414.55,414.7,176458
2025-10-28 06:15:00,414.7,415.0,414.5,415.0,71027
2025-10-28 06:20:00,415.0,415.35,414.65,414.7,68257
2025-10-28 06:25:00,414.85,414.85,414.0,414.0,87612
2025-10-28 06:30:00,414.1,414.25,413.8,414.2,86380
2025-10-28 06:35:00,414.15,414.2,413.45,413.65,72112
2025-10-28 06:40:00,413.6,413.65,413.2,413.25,55679
2025-10-28 06:45:00,413.25,413.85,413.15,413.35,98362
2025-10-28 06:50:00,413.45,413.8,413.3,413.7,106884
2025-10-28 06:55:00,413.75,413.9,413.25,413.55,67437
2025-10-28 07:00:00,413.5,413.8,413.15,413.55,132049
2025-10-28 07:05:00,413.5,414.15,413.45,413.8,126468
2025-10-28 07:10:00,413.8,414.35,413.7,414.25,114554
2025-10-28 07:15:00,414.3,414.5,414.0,414.05,92761
2025-10-28 07:20:00,414.05,414.7,414.0,414.45,90174
2025-10-28 07:25:00,414.4,414.45,414.0,414.1,79826
2025-10-28 07:30:00,414.05,414.4,413.5,413.5,101121
2025-10-28 07:35:00,413.5,413.8,413.45,413.7,63071
2025-10-28 07:40:00,413.7,413.9,413.45,413.5,61604
2025-10-28 07:45:00,413.45,413.5,413.0,413.1,76112
2025-10-28 07:50:00,413.1,414.15,413.05,414.1,217242
2025-10-28 07:55:00,414.15,414.35,414.0,414.05,67694
2025-10-28 08:00:00,414.05,414.3,414.0,414.1,74820
2025-10-28 08:05:00,414.1,414.1,414.0,414.05,80682
2025-10-28 08:10:00,414.05,414.05,413.0,413.0,151628
2025-10-28 08:15:00,413.1,413.15,412.55,412.8,129698
2025-10-28 08:20:00,412.9,413.1,412.55,413.0,85230
2025-10-28 08:25:00,413.05,413.15,412.7,412.85,144011
2025-10-28 08:30:00,412.9,412.95,412.5,412.5,63950
2025-10-28 08:35:00,412.55,412.75,412.1,412.5,125995
2025-10-28 08:40:00,412.5,413.1,412.2,412.95,136394
2025-10-28 08:45:00,412.95,413.25,412.65,412.7,104060
2025-10-28 08:50:00,412.6,413.35,412.4,412.8,129373
2025-10-28 08:55:00,412.75,413.15,412.4,412.85,162553
2025-10-28 09:00:00,412.8,412.9,412.1,412.55,140225
2025-10-28 09:05:00,412.6,412.65,411.7,411.85,215657
2025-10-28 09:10:00,411.85,412.0,411.3,411.6,115430
2025-10-28 09:15:00,411.7,412.0,411.1,411.25,167190
2025-10-28 09:20:00,411.15,411.6,410.85,411.5,203886
2025-10-28 09:25:00,411.5,412.2,411.5,411.9,223938
2025-10-28 09:30:00,411.95,414.05,411.95,414.05,459822
2025-10-28 09:35:00,414.0,414.5,413.65,413.8,512017
2025-10-28 09:40:00,413.8,414.2,413.05,413.5,460481
2025-10-28 09:45:00,413.5,413.85,413.2,413.4,597711
2025-10-28 09:50:00,413.25,413.75,413.1,413.1,616426
2025-10-28 09:55:00,413.3,413.95,413.0,413.85,438356
2025-10-29 03:45:00,413.55,414.9,411.8,412.9,416828
2025-10-29 03:50:00,412.8,413.3,412.45,412.85,134235
2025-10-29 03:55:00,412.85,414.35,412.6,414.25,167315
2025-10-29 04:00:00,414.15,414.25,412.2,412.35,140238
2025-10-29 04:05:00,412.3,412.4,410.5,410.5,394590
2025-10-29 04:10:00,410.7,410.85,409.0,410.3,464471
2025-10-29 04:15:00,410.4,411.05,410.35,410.6,120481
2025-10-29 04:20:00,410.65,411.25,410.6,410.9,98296
2025-10-29 04:25:00,410.8,411.25,410.75,410.75,71656
2025-10-29 04:30:00,410.8,411.3,410.8,410.95,107402
2025-10-29 04:35:00,411.0,411.0,410.8,410.8,51510
2025-10-29 04:40:00,410.85,411.1,410.75,411.0,63255
2025-10-29 04:45:00,411.1,411.2,410.65,410.65,68489
2025-10-29 04:50:00,410.65,411.1,410.65,411.05,65199
2025-10-29 04:55:00,411.1,411.5,411.1,411.4,79445
2025-10-29 05:00:00,411.3,411.65,411.15,411.4,93877
2025-10-29 05:05:00,411.35,411.5,411.25,411.25,36037
2025-10-29 05:10:00,411.25,411.85,411.15,411.8,76971
2025-10-29 05:15:00,411.85,411.9,411.5,411.5,77062
2025-10-29 05:20:00,411.6,411.6,410.75,411.1,124276
2025-10-29 05:25:00,411.05,411.3,411.0,411.1,43378
2025-10-29 05:30:00,411.15,411.25,411.0,411.2,42319
2025-10-29 05:35:00,411.15,411.5,411.15,411.4,35908
2025-10-29 05:40:00,411.4,411.6,410.75,410.85,82646
2025-10-29 05:45:00,410.8,411.0,409.6,409.95,258409
2025-10-29 05:50:00,409.85,410.15,409.5,409.75,137460
2025-10-29 05:55:00,409.75,410.0,409.7,409.95,68304
2025-10-29 06:00:00,409.95,409.95,409.5,409.55,109667
2025-10-29 06:05:00,409.6,409.7,409.5,409.6,60100
2025-10-29 06:10:00,409.6,409.85,409.5,409.65,122817
2025-10-29 06:15:00,409.55,409.6,408.5,408.6,316459
2025-10-29 06:20:00,408.6,408.9,408.1,408.25,167431
2025-10-29 06:25:00,408.2,408.75,408.1,408.75,143203
2025-10-29 06:30:00,408.7,409.0,408.5,408.85,150121
2025-10-29 06:35:00,408.95,409.0,408.2,408.45,187215
2025-10-29 06:40:00,408.45,408.75,408.2,408.6,136492
2025-10-29 06:45:00,408.65,409.0,408.45,409.0,160853
2025-10-29 06:50:00,409.0,409.0,408.55,408.7,135271
2025-10-29 06:55:00,408.75,409.15,408.0,408.1,325603
2025-10-29 07:00:00,408.05,408.4,407.6,407.9,272526
2025-10-29 07:05:00,407.8,408.0,407.35,407.9,206136
2025-10-29 07:10:00,407.9,408.3,407.8,408.2,91688
2025-10-29 07:15:00,408.15,408.3,407.7,407.95,158324
2025-10-29 07:20:00,408.0,408.0,407.25,407.4,181909
2025-10-29 07:25:00,407.5,407.65,407.4,407.55,98042
2025-10-29 07:30:00,407.5,408.0,407.5,407.9,90863
2025-10-29 07:35:00,408.0,408.6,407.75,408.5,226514
2025-10-29 07:40:00,408.5,408.95,408.3,408.95,151827
2025-10-29 07:45:00,408.95,409.45,408.85,409.45,183361
2025-10-29 07:50:00,409.4,409.45,409.0,409.25,80256
2025-10-29 07:55:00,409.25,409.8,409.1,409.8,151264
2025-10-29 08:00:00,409.8,409.8,409.4,409.5,78257
2025-10-29 08:05:00,409.5,409.5,409.05,409.15,67301
2025-10-29 08:10:00,409.2,409.35,409.0,409.05,88176
2025-10-29 08:15:00,409.0,409.1,408.8,408.95,122017
2025-10-29 08:20:00,408.85,409.3,408.85,409.05,65991
2025-10-29 08:25:00,409.1,409.35,409.0,409.2,74981
2025-10-29 08:30:00,409.15,409.25,408.7,408.85,150109
2025-10-29 08:35:00,408.85,409.2,408.55,408.85,174171
2025-10-29 08:40:00,408.8,409.15,408.8,409.1,67019
2025-10-29 08:45:00,409.1,409.9,409.0,409.8,177509
2025-10-29 08:50:00,409.85,409.85,409.05,409.1,53667
2025-10-29 08:55:00,409.1,409.4,409.1,409.35,71428
2025-10-29 09:00:00,409.2,409.6,409.2,409.25,103711
2025-10-29 09:05:00,409.2,409.3,408.55,408.7,262566
2025-10-29 09:10:00,408.7,409.3,408.7,409.1,194622
2025-10-29 09:15:00,409.2,409.2,408.15,408.35,269096
2025-10-29 09:20:00,408.35,408.7,408.05,408.2,160461
2025-10-29 09:25:00,408.25,408.4,407.8,407.85,238710
2025-10-29 09:30:00,407.9,407.95,407.5,407.5,373587
2025-10-29 09:35:00,407.5,407.6,406.85,407.05,1094096
2025-10-29 09:40:00,407.1,407.2,406.9,407.0,407573
2025-10-29 09:45:00,406.95,407.4,406.95,407.15,1233678
2025-10-29 09:50:00,407.05,407.5,406.9,407.15,960169
2025-10-29 09:55:00,407.1,407.6,407.0,407.6,537638
2025-10-30 03:45:00,407.8,408.5,405.85,407.4,887912
2025-10-30 03:50:00,407.2,407.75,406.05,407.45,319910
2025-10-30 03:55:00,407.35,407.35,406.6,407.25,138975
2025-10-30 04:00:00,407.15,407.5,405.7,405.85,275178
2025-10-30 04:05:00,405.85,406.4,405.6,406.0,163104
2025-10-30 04:10:00,405.9,406.6,405.6,406.6,104212
2025-10-30 04:15:00,406.6,406.9,405.0,405.05,373731
2025-10-30 04:20:00,405.05,406.2,404.7,405.1,138749
2025-10-30 04:25:00,405.05,405.15,404.3,404.95,198052
2025-10-30 04:30:00,405.1,405.45,404.75,405.4,107206
2025-10-30 04:35:00,405.5,405.8,405.05,405.6,108139
2025-10-30 04:40:00,405.6,406.3,405.5,406.25,92599
2025-10-30 04:45:00,406.2,406.3,405.2,405.45,80979
2025-10-30 04:50:00,405.35,405.95,405.35,405.95,29890
2025-10-30 04:55:00,405.95,405.95,405.35,405.45,52493
2025-10-30 05:00:00,405.45,405.8,405.3,405.45,56588
2025-10-30 05:05:00,405.45,405.9,405.3,405.75,46755
2025-10-30 05:10:00,405.85,406.4,405.65,406.4,84375
2025-10-30 05:15:00,406.4,407.15,406.2,407.05,139732
2025-10-30 05:20:00,407.05,407.9,407.0,407.5,158014
2025-10-30 05:25:00,407.5,407.9,407.25,407.6,118569
2025-10-30 05:30:00,407.65,408.2,407.4,408.0,132503
2025-10-30 05:35:00,408.0,409.35,408.0,409.2,239197
2025-10-30 05:40:00,409.1,410.0,409.1,409.7,244374
2025-10-30 05:45:00,409.7,410.2,409.55,410.0,257527
2025-10-30 05:50:00,410.0,410.4,409.5,409.95,256054
2025-10-30 05:55:00,409.85,410.25,409.7,410.15,141730
2025-10-30 06:00:00,410.15,410.65,409.95,410.35,208699
2025-10-30 06:05:00,410.4,410.4,410.0,410.1,92287
2025-10-30 06:10:00,410.15,410.2,409.7,409.8,74435
2025-10-30 06:15:00,409.7,409.8,409.15,409.25,105658
2025-10-30 06:20:00,409.25,409.8,409.05,409.1,74532
2025-10-30 06:25:00,409.15,409.65,408.95,409.4,147241
2025-10-30 06:30:00,409.45,410.1,409.25,409.9,186525
2025-10-30 06:35:00,409.95,410.2,409.8,409.95,100862
2025-10-30 06:40:00,409.95,410.0,409.4,409.75,90058
2025-10-30 06:45:00,409.75,409.8,409.1,409.1,51615
2025-10-30 06:50:00,409.05,409.15,408.6,408.7,138208
2025-10-30 06:55:00,408.75,409.0,408.1,408.3,119734
2025-10-30 07:00:00,408.3,409.7,408.3,409.3,199120
2025-10-30 07:05:00,409.35,409.45,408.9,409.15,79782
2025-10-30 07:10:00,409.15,409.2,408.35,408.65,153188
2025-10-30 07:15:00,408.55,409.05,408.55,408.9,49532
2025-10-30 07:20:00,408.9,409.15,408.85,409.1,70910
2025-10-30 07:25:00,409.05,409.1,408.5,408.65,82715
2025-10-30 07:30:00,408.6,408.7,408.3,408.35,48477
2025-10-30 07:35:00,408.3,408.8,408.25,408.3,48667
2025-10-30 07:40:00,408.35,409.0,408.3,408.95,58251
2025-10-30 07:45:00,408.75,409.0,408.6,408.85,64631
2025-10-30 07:50:00,408.8,409.1,408.65,408.85,46302
2025-10-30 07:55:00,408.85,408.9,408.3,408.6,50836
2025-10-30 08:00:00,408.45,408.85,408.2,408.25,104850
2025-10-30 08:05:00,408.2,408.35,408.0,408.2,113895
2025-10-30 08:10:00,408.0,408.7,408.0,408.6,70683
2025-10-30 08:15:00,408.55,408.95,408.35,408.5,71297
2025-10-30 08:20:00,408.5,409.0,408.35,408.85,61774
2025-10-30 08:25:00,408.75,409.35,408.7,409.35,100474
2025-10-30 08:30:00,409.35,409.45,409.0,409.2,73486
2025-10-30 08:35:00,409.05,409.5,409.05,409.5,78828
2025-10-30 08:40:00,409.45,409.5,409.1,409.3,77841
2025-10-30 08:45:00,409.15,409.7,409.0,409.65,120661
2025-10-30 08:50:00,409.6,410.15,409.5,410.1,180272
2025-10-30 08:55:00,410.05,410.1,409.5,409.75,81892
2025-10-30 09:00:00,409.7,410.5,409.65,409.8,183112
2025-10-30 09:05:00,409.8,410.15,409.75,409.95,74806
2025-10-30 09:10:00,409.8,410.5,409.7,410.4,134870
2025-10-30 09:15:00,410.35,410.6,409.75,409.9,178184
2025-10-30 09:20:00,409.95,410.0,409.6,409.7,130361
2025-10-30 09:25:00,409.8,410.0,409.7,409.9,158825
2025-10-30 09:30:00,409.85,409.95,409.1,409.4,297268
2025-10-30 09:35:00,409.5,409.9,409.4,409.7,208167
2025-10-30 09:40:00,409.75,409.8,409.65,409.7,255770
2025-10-30 09:45:00,409.75,410.1,409.65,410.05,381544
2025-10-30 09:50:00,410.0,410.3,410.0,410.2,378656
2025-10-30 09:55:00,410.2,410.4,410.0,410.2,288038
2025-10-31 03:45:00,413.8,414.55,411.9,414.0,1996155
2025-10-31 03:50:00,414.1,414.85,412.5,412.7,880864
2025-10-31 03:55:00,412.6,413.5,412.6,413.4,321980
2025-10-31 04:00:00,413.3,414.0,413.0,413.85,225720
2025-10-31 04:05:00,413.85,413.85,413.05,413.2,147769
2025-10-31 04:10:00,413.2,413.5,413.0,413.1,197187
2025-10-31 04:15:00,413.05,413.45,413.0,413.3,129613
2025-10-31 04:20:00,413.3,414.45,413.3,414.45,280201
2025-10-31 04:25:00,414.4,415.0,414.25,414.35,448698
2025-10-31 04:30:00,414.45,414.8,413.5,413.65,190280
2025-10-31 04:35:00,413.5,414.1,413.4,413.8,160451
2025-10-31 04:40:00,413.8,414.15,413.5,414.0,168832
2025-10-31 04:45:00,413.95,414.45,413.9,414.4,106900
2025-10-31 04:50:00,414.4,414.4,413.55,413.7,77672
2025-10-31 04:55:00,413.7,413.9,413.5,413.8,68108
2025-10-31 05:00:00,413.8,413.85,413.2,413.4,83326
2025-10-31 05:05:00,413.35,413.35,412.75,413.05,125361
2025-10-31 05:10:00,413.05,413.8,412.75,413.4,69970
2025-10-31 05:15:00,413.55,414.2,413.4,414.0,122430
2025-10-31 05:20:00,414.0,414.0,413.2,413.2,37698
2025-10-31 05:25:00,413.3,413.3,412.4,412.5,180579
2025-10-31 05:30:00,412.4,412.5,411.65,412.5,296478
2025-10-31 05:35:00,412.45,412.55,412.0,412.05,81033
2025-10-31 05:40:00,412.1,412.15,411.0,411.4,175868
2025-10-31 05:45:00,411.45,411.65,411.3,411.65,82819
2025-10-31 05:50:00,411.45,411.65,411.05,411.3,104531
2025-10-31 05:55:00,411.3,411.7,411.1,411.6,59236
2025-10-31 06:00:00,411.55,411.9,411.5,411.9,51735
2025-10-31 06:05:00,411.85,411.95,411.3,411.45,95721
2025-10-31 06:10:00,411.45,411.5,410.75,411.35,263579
2025-10-31 06:15:00,411.2,411.55,410.6,410.65,80614
2025-10-31 06:20:00,410.6,410.9,410.3,410.7,125184
2025-10-31 06:25:00,410.55,410.7,409.3,409.45,339973
2025-10-31 06:30:00,409.45,409.8,408.85,409.4,314143
2025-10-31 06:35:00,409.35,409.55,408.95,409.05,156893
2025-10-31 06:40:00,409.05,409.3,408.15,409.1,124844
2025-10-31 06:45:00,409.1,409.65,409.05,409.65,88646
2025-10-31 06:50:00,409.65,409.65,409.0,409.15,55187
2025-10-31 06:55:00,409.15,409.5,409.0,409.4,52131
2025-10-31 07:00:00,409.45,409.65,409.25,409.55,50557
2025-10-31 07:05:00,409.55,409.9,409.1,409.25,173966
2025-10-31 07:10:00,409.25,410.4,409.1,410.3,196563
2025-10-31 07:15:00,410.3,410.3,409.65,409.7,78609
2025-10-31 07:20:00,409.7,409.75,409.15,409.25,128485
2025-10-31 07:25:00,409.25,409.8,409.1,409.8,45545
2025-10-31 07:30:00,409.8,418.25,409.8,417.45,3763868
2025-10-31 07:35:00,417.6,421.55,416.45,419.0,3393086
2025-10-31 07:40:00,419.1,420.75,417.15,420.5,1425512
2025-10-31 07:45:00,420.5,423.5,420.5,421.1,2715454
2025-10-31 07:50:00,420.8,422.5,420.7,422.05,1340390
2025-10-31 07:55:00,422.05,423.35,421.4,421.85,1119677
2025-10-31 08:00:00,421.9,422.5,420.85,421.75,1003873
2025-10-31 08:05:00,421.7,422.0,420.95,421.4,655315
2025-10-31 08:10:00,421.4,421.4,419.75,420.0,951276
2025-10-31 08:15:00,419.85,420.9,419.4,420.1,683377
2025-10-31 08:20:00,420.1,421.85,420.1,421.25,576479
2025-10-31 08:25:00,421.25,423.0,421.15,422.9,948025
2025-10-31 08:30:00,422.75,426.0,422.55,425.2,2880118
2025-10-31 08:35:00,425.1,426.3,424.55,426.0,1456798
2025-10-31 08:40:00,426.2,426.2,424.5,424.7,844557
2025-10-31 08:45:00,424.7,425.5,423.8,424.2,894600
2025-10-31 08:50:00,424.05,424.25,421.15,421.55,1360099
2025-10-31 08:55:00,421.5,423.55,421.5,423.25,600615
2025-10-31 09:00:00,423.3,424.95,423.05,423.65,801658
2025-10-31 09:05:00,423.7,425.95,423.6,425.9,845612
2025-10-31 09:10:00,425.85,426.7,425.45,426.45,1694735
2025-10-31 09:15:00,426.45,427.25,425.95,426.25,1496379
2025-10-31 09:20:00,426.2,426.65,425.55,426.1,865373
2025-10-31 09:25:00,426.05,426.65,425.65,426.2,895130
2025-10-31 09:30:00,426.2,427.25,425.8,427.0,1253961
2025-10-31 09:35:00,426.9,427.0,426.2,426.65,955656
2025-10-31 09:40:00,426.6,426.65,425.9,426.1,1359801
2025-10-31 09:45:00,426.1,426.95,425.65,425.95,2709078
2025-10-31 09:50:00,425.95,426.0,424.85,425.8,1309398
2025-10-31 09:55:00,425.8,426.4,425.55,426.4,1093048
2025-11-03 03:45:00,428.0,431.0,418.1,421.9,3781664
2025-11-03 03:50:00,421.95,423.45,418.35,418.85,1907873
2025-11-03 03:55:00,419.1,419.25,416.4,417.7,1947941
2025-11-03 04:00:00,417.65,419.1,416.5,419.1,1088000
2025-11-03 04:05:00,418.8,420.35,418.25,419.85,724179
2025-11-03 04:10:00,419.95,421.0,419.15,420.1,713138
2025-11-03 04:15:00,420.05,421.7,419.5,421.15,479793
2025-11-03 04:20:00,421.1,422.65,421.0,422.25,714901
2025-11-03 04:25:00,422.35,422.35,420.9,421.85,416850
2025-11-03 04:30:00,421.85,421.85,420.75,421.7,246856
2025-11-03 04:35:00,421.7,421.85,420.9,421.45,257346
2025-11-03 04:40:00,421.5,421.7,419.65,419.7,251011
2025-11-03 04:45:00,419.95,420.55,419.05,420.3,333381
2025-11-03 04:50:00,420.25,420.85,420.25,420.65,101714
2025-11-03 04:55:00,420.65,421.0,419.35,419.85,450146
2025-11-03 05:00:00,419.85,420.4,419.35,420.2,187609
2025-11-03 05:05:00,420.1,420.6,419.85,420.45,130027
2025-11-03 05:10:00,420.35,422.1,420.35,422.1,240864
2025-11-03 05:15:00,422.0,422.7,422.0,422.4,260161
2025-11-03 05:20:00,422.4,422.7,421.9,422.3,189757
2025-11-03 05:25:00,422.15,422.5,421.7,422.45,139179
2025-11-03 05:30:00,422.3,422.45,420.9,421.15,154110
2025-11-03 05:35:00,421.2,421.2,420.25,420.95,148208
2025-11-03 05:40:00,420.85,421.2,420.6,421.15,101650
2025-11-03 05:45:00,421.05,421.1,420.7,420.95,89958
2025-11-03 05:50:00,420.95,421.3,420.8,421.2,100943
2025-11-03 05:55:00,421.15,421.3,420.5,421.3,114537
2025-11-03 06:00:00,421.35,421.75,420.9,421.65,187837
2025-11-03 06:05:00,421.6,421.6,420.9,421.2,131177
2025-11-03 06:10:00,421.3,421.4,420.9,421.0,128233
2025-11-03 06:15:00,421.05,421.2,420.5,421.05,143860
2025-11-03 06:20:00,421.15,422.7,420.85,422.35,689610
2025-11-03 06:25:00,422.35,422.7,422.1,422.7,269423
2025-11-03 06:30:00,422.65,422.7,422.5,422.7,197998
2025-11-03 06:35:00,422.65,422.8,422.5,422.6,176181
2025-11-03 06:40:00,422.5,423.0,422.3,422.55,298960
2025-11-03 06:45:00,422.55,422.8,422.5,422.7,141511
2025-11-03 06:50:00,422.7,422.9,422.5,422.6,168614
2025-11-03 06:55:00,422.55,422.65,421.8,422.05,481976
2025-11-03 07:00:00,422.0,422.05,421.5,421.6,229759
2025-11-03 07:05:00,421.55,421.85,421.45,421.55,178525
2025-11-03 07:10:00,421.6,421.8,421.0,421.6,261285
2025-11-03 07:15:00,421.6,421.7,421.3,421.5,166022
2025-11-03 07:20:00,421.5,421.5,421.0,421.2,158474
2025-11-03 07:25:00,421.3,421.5,421.1,421.4,108690
2025-11-03 07:30:00,421.4,421.8,421.35,421.5,124380
2025-11-03 07:35:00,421.55,422.15,421.35,421.8,163731
2025-11-03 07:40:00,421.8,421.85,421.45,421.45,134250
2025-11-03 07:45:00,421.55,421.8,421.4,421.6,167487
2025-11-03 07:50:00,421.6,421.65,421.0,421.25,168897
2025-11-03 07:55:00,421.25,421.5,421.0,421.45,144301
2025-11-03 08:00:00,421.5,421.65,421.15,421.15,137598
2025-11-03 08:05:00,421.2,421.3,420.8,421.0,176818
2025-11-03 08:10:00,420.85,421.15,420.85,421.15,141721
2025-11-03 08:15:00,421.15,421.2,420.9,421.15,134528
2025-11-03 08:20:00,421.15,421.7,421.1,421.65,144452
2025-11-03 08:25:00,421.75,421.95,421.6,421.95,134729
2025-11-03 08:30:00,421.95,422.3,421.8,421.9,192476
2025-11-03 08:35:00,421.9,421.9,421.6,421.85,125088
2025-11-03 08:40:00,421.85,421.9,421.5,421.8,129636
2025-11-03 08:45:00,421.7,422.25,421.7,421.9,274299
2025-11-03 08:50:00,421.75,422.2,421.65,422.15,154559
2025-11-03 08:55:00,422.1,422.45,421.85,422.2,207056
2025-11-03 09:00:00,422.25,422.4,422.0,422.15,181727
2025-11-03 09:05:00,422.2,422.7,422.1,422.55,274643
2025-11-03 09:10:00,422.55,422.6,422.0,422.25,157811
2025-11-03 09:15:00,422.3,422.55,422.0,422.1,249565
2025-11-03 09:20:00,422.15,422.5,422.05,422.35,327044
2025-11-03 09:25:00,422.3,422.35,421.75,421.8,253314
2025-11-03 09:30:00,421.9,422.3,421.85,422.0,335591
2025-11-03 09:35:00,422.0,422.5,422.0,422.45,330642
2025-11-03 09:40:00,422.5,422.55,422.0,422.2,447075
2025-11-03 09:45:00,422.1,422.5,421.9,422.35,705299
2025-11-03 09:50:00,422.3,422.55,422.3,422.5,811411
2025-11-03 09:55:00,422.4,422.5,422.0,422.2,495726
2025-11-04 03:45:00,420.0,422.4,419.35,420.25,563969
2025-11-04 03:50:00,420.25,420.55,418.65,419.4,559044
2025-11-04 03:55:00,419.35,420.0,418.8,420.0,247103
2025-11-04 04:00:00,419.85,420.5,419.65,420.3,212133
2025-11-04 04:05:00,420.15,420.45,419.55,419.95,201169
2025-11-04 04:10:00,419.8,420.7,419.8,420.65,197653
2025-11-04 04:15:00,420.65,422.0,420.15,421.9,298094
2025-11-04 04:20:00,421.9,422.0,420.55,420.7,214652
2025-11-04 04:25:00,420.75,420.8,420.0,420.0,142081
2025-11-04 04:30:00,420.05,420.5,420.0,420.25,95276
2025-11-04 04:35:00,420.3,420.3,419.25,419.35,199181
2025-11-04 04:40:00,419.3,419.45,418.5,418.6,284581
2025-11-04 04:45:00,418.6,419.05,418.2,418.8,237178
2025-11-04 04:50:00,418.7,419.25,418.2,418.25,186984
2025-11-04 04:55:00,418.2,418.9,418.1,418.7,162343
2025-11-04 05:00:00,418.7,419.2,418.6,418.85,117988
2025-11-04 05:05:00,418.8,418.95,418.65,418.85,70808
2025-11-04 05:10:00,418.7,418.95,418.55,418.8,93330
2025-11-04 05:15:00,418.7,418.8,417.5,417.7,314805
2025-11-04 05:20:00,417.7,418.1,417.25,417.4,157134
2025-11-04 05:25:00,417.4,417.65,417.3,417.55,92830
2025-11-04 05:30:00,417.5,417.85,417.5,417.65,119572
2025-11-04 05:35:00,417.65,417.65,417.5,417.55,70705
2025-11-04 05:40:00,417.5,417.85,417.35,417.7,116133
2025-11-04 05:45:00,417.55,417.7,416.75,417.35,330085
2025-11-04 05:50:00,417.3,417.45,417.0,417.05,157171
2025-11-04 05:55:00,417.0,417.15,416.8,416.95,94811
2025-11-04 06:00:00,417.0,417.2,416.85,416.95,80057
2025-11-04 06:05:00,416.95,417.4,416.85,417.05,83979
2025-11-04 06:10:00,417.05,417.25,416.9,417.15,97570
2025-11-04 06:15:00,417.05,417.3,417.0,417.1,79342
2025-11-04 06:20:00,417.05,417.15,416.6,416.85,108360
2025-11-04 06:25:00,416.85,417.1,416.75,417.1,74701
2025-11-04 06:30:00,417.0,417.2,416.8,417.05,83330
2025-11-04 06:35:00,417.15,417.3,417.0,417.1,70767
2025-11-04 06:40:00,417.15,417.15,417.0,417.05,51875
2025-11-04 06:45:00,417.05,417.85,417.0,417.85,91852
2025-11-04 06:50:00,417.8,417.85,417.1,417.15,78580
2025-11-04 06:55:00,417.1,417.15,417.0,417.05,65014
2025-11-04 07:00:00,417.05,417.2,416.95,417.2,82147
2025-11-04 07:05:00,417.2,417.6,417.1,417.25,85292
2025-11-04 07:10:00,417.25,417.35,417.0,417.15,82822
2025-11-04 07:15:00,417.3,417.3,417.0,417.1,72160
2025-11-04 07:20:00,417.1,417.3,417.0,417.05,88221
2025-11-04 07:25:00,417.0,417.05,416.75,416.85,102120
2025-11-04 07:30:00,416.8,417.3,416.75,416.9,91899
2025-11-04 07:35:00,416.9,417.15,416.7,417.0,92771
2025-11-04 07:40:00,417.0,417.4,416.9,417.25,90497
2025-11-04 07:45:00,417.25,417.35,416.6,416.65,119564
2025-11-04 07:50:00,416.7,416.7,416.2,416.3,150309
2025-11-04 07:55:00,416.3,416.35,416.2,416.3,95064
2025-11-04 08:00:00,416.25,416.75,416.1,416.15,92512
2025-11-04 08:05:00,416.15,416.6,416.0,416.45,137780
2025-11-04 08:10:00,416.45,416.55,416.2,416.35,79993
2025-11-04 08:15:00,416.25,416.35,415.8,415.9,152840
2025-11-04 08:20:00,415.9,415.95,415.6,415.8,99636
2025-11-04 08:25:00,415.85,416.0,415.55,415.75,101192
2025-11-04 08:30:00,415.7,415.75,415.5,415.55,118123
2025-11-04 08:35:00,415.55,415.9,415.45,415.75,101823
2025-11-04 08:40:00,415.75,415.8,415.15,415.6,179065
2025-11-04 08:45:00,415.6,415.75,415.25,415.4,124817
2025-11-04 08:50:00,415.25,415.8,415.1,415.45,180627
2025-11-04 08:55:00,415.45,415.55,415.2,415.5,88562
2025-11-04 09:00:00,415.5,415.6,415.3,415.45,83433
2025-11-04 09:05:00,415.6,416.15,415.45,415.9,143199
2025-11-04 09:10:00,415.9,416.25,415.7,416.05,120872
2025-11-04 09:15:00,416.05,416.05,415.5,415.55,155576
2025-11-04 09:20:00,415.65,415.7,415.15,415.2,175815
2025-11-04 09:25:00,415.2,415.55,415.15,415.35,136240
2025-11-04 09:30:00,415.35,415.5,415.0,415.15,453547
2025-11-04 09:35:00,415.15,415.8,415.05,415.1,504605
2025-11-04 09:40:00,415.1,415.3,415.05,415.3,381757
2025-11-04 09:45:00,415.3,415.3,414.65,414.85,583168
2025-11-04 09:50:00,414.9,415.0,414.5,414.7,399023
2025-11-04 09:55:00,414.65,416.05,414.6,415.75,437959
2025-11-06 03:45:00,411.0,415.0,411.0,414.55,943117
2025-11-06 03:50:00,414.25,414.6,413.1,414.0,309121
2025-11-06 03:55:00,414.1,414.15,413.1,413.85,255586
2025-11-06 04:00:00,413.85,413.95,411.5,412.3,272727
2025-11-06 04:05:00,412.15,412.8,411.1,412.75,201814
2025-11-06 04:10:00,412.8,413.75,412.6,413.7,156360
2025-11-06 04:15:00,413.7,413.7,412.8,412.95,116377
2025-11-06 04:20:00,413.0,414.15,412.9,414.05,185160
2025-11-06 04:25:00,414.05,414.15,412.8,412.95,154914
2025-11-06 04:30:00,413.0,414.1,412.85,413.95,85398
2025-11-06 04:35:00,413.95,413.95,413.4,413.45,68212
2025-11-06 04:40:00,413.45,413.55,412.1,412.1,192480
2025-11-06 04:45:00,412.2,412.25,411.3,411.7,364522
2025-11-06 04:50:00,411.7,412.4,411.65,412.2,69245
2025-11-06 04:55:00,412.3,412.55,411.7,411.95,114377
2025-11-06 05:00:00,411.8,412.2,411.5,411.7,78424
2025-11-06 05:05:00,411.6,412.3,410.65,411.3,288078
2025-11-06 05:10:00,411.4,411.45,410.6,411.2,91730
2025-11-06 05:15:00,411.15,411.7,411.1,411.2,89336
2025-11-06 05:20:00,411.25,411.8,411.15,411.7,78552
2025-11-06 05:25:00,411.7,411.9,411.0,411.55,99926
2025-11-06 05:30:00,411.5,412.25,411.4,411.7,83690
2025-11-06 05:35:00,411.65,412.05,411.15,411.15,82180
2025-11-06 05:40:00,411.15,411.3,411.0,411.15,84890
2025-11-06 05:45:00,411.05,411.15,409.6,409.8,266290
2025-11-06 05:50:00,409.7,409.85,408.45,408.8,339419
2025-11-06 05:55:00,408.85,408.9,407.95,408.45,313763
2025-11-06 06:00:00,408.5,408.55,407.45,407.7,208149
2025-11-06 06:05:00,407.75,408.2,407.5,408.0,206559
2025-11-06 06:10:00,408.15,408.95,408.0,408.4,336281
2025-11-06 06:15:00,408.45,409.2,408.15,408.9,256432
2025-11-06 06:20:00,408.9,409.1,408.4,408.45,114732
2025-11-06 06:25:00,408.5,408.8,408.35,408.5,105391
2025-11-06 06:30:00,408.5,408.6,407.6,407.85,128998
2025-11-06 06:35:00,407.8,408.35,407.7,407.7,82913
2025-11-06 06:40:00,407.7,408.0,407.5,407.8,68626
2025-11-06 06:45:00,407.85,408.35,407.75,408.15,58479
2025-11-06 06:50:00,408.1,408.85,408.0,408.85,67317
2025-11-06 06:55:00,408.85,409.2,408.6,408.7,79210
2025-11-06 07:00:00,408.6,409.7,408.6,409.55,67686
2025-11-06 07:05:00,409.6,409.7,409.05,409.05,98653
2025-11-06 07:10:00,409.1,409.7,409.05,409.6,100330
2025-11-06 07:15:00,409.65,410.15,409.5,410.15,100577
2025-11-06 07:20:00,410.15,410.7,409.9,410.65,99834
2025-11-06 07:25:00,410.65,410.95,410.35,410.55,78828
2025-11-06 07:30:00,410.6,410.9,410.3,410.85,71424
2025-11-06 07:35:00,410.8,410.9,410.3,410.45,133070
2025-11-06 07:40:00,410.45,410.6,410.1,410.6,87919
2025-11-06 07:45:00,410.6,410.9,410.5,410.6,67474
2025-11-06 07:50:00,410.6,411.0,410.55,410.85,70241
2025-11-06 07:55:00,410.85,411.0,410.7,411.0,61934
2025-11-06 08:00:00,410.95,411.0,410.5,410.75,94764
2025-11-06 08:05:00,410.75,411.4,410.7,411.0,115203
2025-11-06 08:10:00,411.0,411.3,410.9,411.05,64947
2025-11-06 08:15:00,411.1,411.2,410.35,410.5,120776
2025-11-06 08:20:00,410.45,410.5,410.0,410.2,110979
2025-11-06 08:25:00,410.2,410.5,410.1,410.45,65652
2025-11-06 08:30:00,410.45,410.65,410.2,410.5,86731
2025-11-06 08:35:00,410.35,410.5,409.85,410.1,115923
2025-11-06 08:40:00,410.15,410.6,410.1,410.35,95520
2025-11-06 08:45:00,410.4,410.55,409.95,410.2,109857
2025-11-06 08:50:00,410.15,410.55,410.0,410.2,97025
2025-11-06 08:55:00,410.2,410.25,409.65,410.1,111315
2025-11-06 09:00:00,410.1,410.5,410.0,410.5,95464
2025-11-06 09:05:00,410.45,410.9,410.4,410.7,79607
2025-11-06 09:10:00,410.85,411.05,410.4,410.95,108211
2025-11-06 09:15:00,410.9,411.0,410.3,410.5,129870
2025-11-06 09:20:00,410.45,410.95,410.35,410.4,93645
2025-11-06 09:25:00,410.45,410.95,410.2,410.5,184371
2025-11-06 09:30:00,410.4,410.5,408.8,408.8,391303
2025-11-06 09:35:00,408.85,408.9,408.35,408.45,299554
2025-11-06 09:40:00,408.35,408.75,408.15,408.5,386963
2025-11-06 09:45:00,408.4,409.05,408.25,409.0,433988
2025-11-06 09:50:00,408.95,409.1,408.05,408.35,414900
2025-11-06 09:55:00,408.35,409.05,408.1,408.8,407747
2025-11-07 03:45:00,408.0,408.55,405.3,408.2,703512
2025-11-07 03:50:00,408.2,408.2,406.85,407.35,326401
2025-11-07 03:55:00,407.3,407.75,407.05,407.7,274125
2025-11-07 04:00:00,407.8,407.95,407.1,407.2,183884
2025-11-07 04:05:00,407.2,407.2,405.5,406.65,300199
2025-11-07 04:10:00,406.7,407.2,406.5,407.0,151505
2025-11-07 04:15:00,407.15,408.35,406.75,408.2,117316
2025-11-07 04:20:00,408.2,409.2,407.25,407.6,248266
2025-11-07 04:25:00,407.6,407.6,406.05,406.45,180890
2025-11-07 04:30:00,406.5,407.4,406.15,406.95,117967
2025-11-07 04:35:00,406.95,407.4,406.7,407.0,77267
2025-11-07 04:40:00,407.0,407.8,406.95,407.65,85529
2025-11-07 04:45:00,407.6,408.0,407.35,407.6,92721
2025-11-07 04:50:00,407.6,408.45,407.6,408.45,94040
2025-11-07 04:55:00,408.35,409.4,408.25,409.1,275092
2025-11-07 05:00:00,409.25,410.4,409.1,410.3,267422
2025-11-07 05:05:00,410.3,410.65,410.05,410.65,143154
2025-11-07 05:10:00,410.65,410.85,410.3,410.55,147369
2025-11-07 05:15:00,410.5,410.7,410.15,410.4,79007
2025-11-07 05:20:00,410.35,410.4,409.8,409.9,116637
2025-11-07 05:25:00,409.85,410.6,409.55,410.4,107535
2025-11-07 05:30:00,410.4,410.5,410.0,410.15,72654
2025-11-07 05:35:00,410.15,410.4,409.8,410.35,83361
2025-11-07 05:40:00,410.3,411.35,410.2,411.35,108248
2025-11-07 05:45:00,411.3,412.2,411.1,412.1,214193
2025-11-07 05:50:00,412.1,412.5,412.0,412.5,188817
2025-11-07 05:55:00,412.5,412.5,412.1,412.3,72303
2025-11-07 06:00:00,412.3,413.4,412.25,413.0,175092
2025-11-07 06:05:00,413.05,413.45,412.65,413.05,97851
2025-11-07 06:10:00,413.05,413.15,412.45,412.8,83738
2025-11-07 06:15:00,412.8,413.2,412.5,412.6,84784
2025-11-07 06:20:00,412.5,412.55,412.25,412.5,51127
2025-11-07 06:25:00,412.4,412.65,412.0,412.05,88115
2025-11-07 06:30:00,412.0,412.7,411.8,412.6,60006
2025-11-07 06:35:00,412.5,412.6,411.3,411.5,74529
2025-11-07 06:40:00,411.65,411.65,411.05,411.25,47673
2025-11-07 06:45:00,411.3,411.3,410.95,411.2,57052
2025-11-07 06:50:00,411.1,411.25,410.85,411.0,47073
2025-11-07 06:55:00,411.0,411.45,410.85,411.15,66233
2025-11-07 07:00:00,411.2,411.7,411.2,411.4,63792
2025-11-07 07:05:00,411.5,411.95,411.15,411.9,47315
2025-11-07 07:10:00,411.8,412.35,411.7,412.25,90149
2025-11-07 07:15:00,412.15,412.45,411.85,412.35,93669
2025-11-07 07:20:00,412.45,412.65,412.35,412.65,61522
2025-11-07 07:25:00,412.7,412.7,412.15,412.15,47610
2025-11-07 07:30:00,412.2,412.9,412.2,412.9,52731
2025-11-07 07:35:00,412.85,412.9,412.35,412.6,57013
2025-11-07 07:40:00,412.6,413.35,412.5,413.35,95519
2025-11-07 07:45:00,413.5,414.4,413.3,414.1,195348
2025-11-07 07:50:00,414.2,414.4,413.6,413.6,108455
2025-11-07 07:55:00,413.6,414.5,413.6,414.45,86656
2025-11-07 08:00:00,414.35,414.75,414.2,414.5,143880
2025-11-07 08:05:00,414.55,414.6,414.2,414.5,67704
2025-11-07 08:10:00,414.4,414.8,414.25,414.8,56177
2025-11-07 08:15:00,414.75,415.0,414.5,414.75,118650
2025-11-07 08:20:00,414.75,414.95,414.3,414.8,76334
2025-11-07 08:25:00,414.9,414.9,413.75,413.85,91794
2025-11-07 08:30:00,413.9,414.2,413.65,413.65,74775
2025-11-07 08:35:00,413.75,413.95,413.5,413.85,100061
2025-11-07 08:40:00,413.9,414.0,413.5,413.65,95464
2025-11-07 08:45:00,413.6,413.85,413.2,413.85,57694
2025-11-07 08:50:00,413.85,414.75,413.8,414.75,68676
2025-11-07 08:55:00,414.75,415.5,414.7,415.5,184910
2025-11-07 09:00:00,415.5,416.0,415.2,415.5,242159
2025-11-07 09:05:00,415.4,415.7,415.3,415.35,116700
2025-11-07 09:10:00,415.3,415.35,414.75,415.0,119203
2025-11-07 09:15:00,415.0,415.0,414.1,414.3,120704
2025-11-07 09:20:00,414.3,414.35,414.1,414.25,68004
2025-11-07 09:25:00,414.2,414.5,414.2,414.4,61914
2025-11-07 09:30:00,414.4,414.4,413.75,413.85,216957
2025-11-07 09:35:00,413.9,414.15,413.85,414.15,151520
2025-11-07 09:40:00,414.05,414.05,413.65,413.85,224693
2025-11-07 09:45:00,413.9,414.7,413.85,414.5,304444
2025-11-07 09:50:00,414.5,414.6,414.15,414.4,280200
2025-11-07 09:55:00,414.35,414.55,414.0,414.3,256171
2025-11-10 03:45:00,415.95,419.8,415.35,419.75,831674
2025-11-10 03:50:00,419.6,420.4,417.8,418.2,584582
2025-11-10 03:55:00,418.1,418.15,416.45,417.3,289654
2025-11-10 04:00:00,417.4,419.35,417.4,418.9,250237
2025-11-10 04:05:00,418.95,419.7,418.75,419.55,235487
2025-11-10 04:10:00,419.4,419.65,417.35,417.6,236030
2025-11-10 04:15:00,417.6,418.5,417.5,417.85,112475
2025-11-10 04:20:00,417.85,418.5,417.85,418.05,72041
2025-11-10 04:25:00,418.15,418.2,417.6,417.85,64829
2025-11-10 04:30:00,417.6,418.45,417.55,418.1,71725
2025-11-10 04:35:00,418.1,418.45,417.9,418.1,51273
2025-11-10 04:40:00,418.1,418.4,417.6,418.0,72633
2025-11-10 04:45:00,418.05,418.05,417.2,417.4,68023
2025-11-10 04:50:00,417.55,417.8,417.0,417.2,92872
2025-11-10 04:55:00,417.15,417.8,417.0,417.35,57159
2025-11-10 05:00:00,417.6,417.85,416.2,416.3,138185
2025-11-10 05:05:00,416.4,416.5,414.6,414.75,240076
2025-11-10 05:10:00,414.75,415.75,414.6,415.45,155214
2025-11-10 05:15:00,415.45,415.5,414.75,415.0,71464
2025-11-10 05:20:00,414.8,415.0,414.35,414.4,102736
2025-11-10 05:25:00,414.35,415.75,414.3,415.2,168462
2025-11-10 05:30:00,415.2,415.75,414.8,415.0,180619
2025-11-10 05:35:00,414.85,416.3,414.85,415.45,491788
2025-11-10 05:40:00,415.5,415.85,415.0,415.2,62881
2025-11-10 05:45:00,415.2,415.4,415.05,415.15,69892
2025-11-10 05:50:00,415.15,415.35,414.9,414.9,58887
2025-11-10 05:55:00,414.9,415.1,414.65,414.9,59367
2025-11-10 06:00:00,414.95,415.0,414.65,414.65,35268
2025-11-10 06:05:00,414.75,415.15,414.5,414.5,61707
2025-11-10 06:10:00,414.6,414.9,414.5,414.7,41052
2025-11-10 06:15:00,414.7,415.15,414.65,415.1,70019
2025-11-10 06:20:00,415.1,415.4,414.9,415.0,40832
2025-11-10 06:25:00,415.15,415.25,414.5,414.8,70026
2025-11-10 06:30:00,414.8,414.9,414.6,414.6,31262
2025-11-10 06:35:00,414.65,414.65,414.0,414.25,83889
2025-11-10 06:40:00,414.25,414.55,414.1,414.5,29165
2025-11-10 06:45:00,414.5,414.7,414.25,414.4,71414
2025-11-10 06:50:00,414.5,414.8,414.35,414.65,43819
2025-11-10 06:55:00,414.75,414.95,414.6,414.95,33514
2025-11-10 07:00:00,414.9,415.1,414.8,415.0,44163
2025-11-10 07:05:00,415.05,415.1,414.75,415.0,21797
2025-11-10 07:10:00,414.9,415.2,414.7,415.2,44231
2025-11-10 07:15:00,415.2,415.25,414.65,414.8,41524
2025-11-10 07:20:00,414.8,414.85,414.6,414.65,21896
2025-11-10 07:25:00,414.6,415.4,414.4,415.35,87188
2025-11-10 07:30:00,415.35,415.9,415.35,415.7,91486
2025-11-10 07:35:00,415.6,415.8,415.2,415.75,55584
2025-11-10 07:40:00,415.8,416.2,415.65,416.15,100457
2025-11-10 07:45:00,416.15,416.5,416.0,416.3,82338
2025-11-10 07:50:00,416.3,416.3,416.05,416.25,48263
2025-11-10 07:55:00,416.3,416.6,416.15,416.4,60291
2025-11-10 08:00:00,416.35,416.75,416.25,416.5,52019
2025-11-10 08:05:00,416.6,417.4,416.3,417.2,141887
2025-11-10 08:10:00,417.35,417.4,416.35,416.5,89178
2025-11-10 08:15:00,416.4,416.75,415.9,416.75,154668
2025-11-10 08:20:00,416.6,416.7,416.05,416.35,59389
2025-11-10 08:25:00,416.35,416.4,416.0,416.3,52561
2025-11-10 08:30:00,416.1,416.8,416.1,416.8,67492
2025-11-10 08:35:00,416.7,416.9,416.4,416.8,79911
2025-11-10 08:40:00,416.8,416.8,416.35,416.75,49445
2025-11-10 08:45:00,416.7,417.0,416.65,417.0,59813
2025-11-10 08:50:00,416.8,417.35,416.7,417.3,133181
2025-11-10 08:55:00,417.25,417.3,416.5,416.5,82834
2025-11-10 09:00:00,416.5,416.55,415.3,415.6,227758
2025-11-10 09:05:00,415.7,417.1,415.5,416.95,207129
2025-11-10 09:10:00,417.1,417.85,416.45,416.65,238106
2025-11-10 09:15:00,416.55,416.85,416.5,416.65,95646
2025-11-10 09:20:00,416.65,417.1,416.3,416.75,94868
2025-11-10 09:25:00,416.7,416.75,416.5,416.7,60956
2025-11-10 09:30:00,416.7,417.05,416.65,417.0,114767
2025-11-10 09:35:00,416.95,417.1,416.8,417.05,134311
2025-11-10 09:40:00,417.15,417.15,416.7,417.0,149050
2025-11-10 09:45:00,416.95,416.95,416.55,416.85,190412
2025-11-10 09:50:00,416.75,416.85,416.5,416.8,265185
2025-11-10 09:55:00,416.75,416.9,416.6,416.9,213538
2025-11-11 03:45:00,417.15,422.5,417.15,419.0,1715238
2025-11-11 03:50:00,418.95,422.3,418.65,422.1,797497
2025-11-11 03:55:00,422.2,422.5,421.25,422.0,595660
2025-11-11 04:00:00,421.95,423.5,421.85,422.7,1057451
2025-11-11 04:05:00,422.65,423.35,422.55,423.1,703490
2025-11-11 04:10:00,423.1,423.6,421.8,422.4,593661
2025-11-11 04:15:00,422.35,423.0,422.05,422.2,309064
2025-11-11 04:20:00,422.3,423.9,422.3,422.8,447094
2025-11-11 04:25:00,422.95,422.95,422.55,422.6,194949
2025-11-11 04:30:00,422.6,422.8,422.15,422.75,179185
2025-11-11 04:35:00,422.65,425.5,422.65,425.35,1601097
2025-11-11 04:40:00,425.25,425.5,424.3,424.3,509001
2025-11-11 04:45:00,424.3,424.7,424.0,424.05,310847
2025-11-11 04:50:00,424.05,424.3,423.8,424.0,253348
2025-11-11 04:55:00,424.0,424.1,423.2,423.2,210999
2025-11-11 05:00:00,423.2,423.5,422.1,422.1,390238
2025-11-11 05:05:00,422.25,422.25,421.2,421.7,337792
2025-11-11 05:10:00,421.8,422.0,421.5,421.95,213574
2025-11-11 05:15:00,421.9,422.4,421.65,422.0,347659
2025-11-11 05:20:00,421.85,423.5,421.8,423.3,462927
2025-11-11 05:25:00,423.1,424.0,423.0,423.75,256148
2025-11-11 05:30:00,423.8,424.25,423.5,423.6,225374
2025-11-11 05:35:00,423.7,423.7,423.25,423.4,100441
2025-11-11 05:40:00,423.4,423.5,422.75,422.75,134102
2025-11-11 05:45:00,422.75,423.0,422.5,423.0,117869
2025-11-11 05:50:00,423.0,423.0,422.3,422.6,127363
2025-11-11 05:55:00,422.6,422.75,422.5,422.75,74006
2025-11-11 06:00:00,422.75,423.25,422.7,423.1,114778
2025-11-11 06:05:00,423.25,423.7,422.95,423.6,158664
2025-11-11 06:10:00,423.55,424.2,423.5,423.5,287253
2025-11-11 06:15:00,423.65,424.2,423.5,424.15,104835
2025-11-11 06:20:00,424.15,425.0,424.1,424.55,280128
2025-11-11 06:25:00,424.6,425.75,424.5,425.55,630801
2025-11-11 06:30:00,425.65,426.0,425.3,426.0,682009
2025-11-11 06:35:00,426.0,426.35,425.25,425.25,370433
2025-11-11 06:40:00,425.35,425.75,425.1,425.65,196000
2025-11-11 06:45:00,425.65,426.35,425.65,426.1,268237
2025-11-11 06:50:00,426.05,426.2,425.5,426.0,144654
2025-11-11 06:55:00,426.0,426.0,425.75,425.85,99291
2025-11-11 07:00:00,425.85,426.2,425.8,426.1,192919
2025-11-11 07:05:00,426.1,426.2,425.65,425.8,172037
2025-11-11 07:10:00,425.8,425.8,425.25,425.3,153458
2025-11-11 07:15:00,425.3,425.6,425.2,425.5,114113
2025-11-11 07:20:00,425.6,425.9,425.5,425.5,125219
2025-11-11 07:25:00,425.6,425.6,425.3,425.5,86303
2025-11-11 07:30:00,425.5,425.9,425.4,425.7,141448
2025-11-11 07:35:00,425.8,425.8,424.9,424.9,204997
2025-11-11 07:40:00,425.0,425.5,424.75,425.45,114211
2025-11-11 07:45:00,425.45,425.6,425.35,425.55,80037
2025-11-11 07:50:00,425.45,425.75,425.2,425.3,114236
2025-11-11 07:55:00,425.35,425.75,425.25,425.5,145056
2025-11-11 08:00:00,425.4,425.75,425.4,425.6,73215
2025-11-11 08:05:00,425.75,426.7,425.6,426.65,565449
2025-11-11 08:10:00,426.6,426.8,426.5,426.5,283631
2025-11-11 08:15:00,426.6,426.8,426.3,426.6,169463
2025-11-11 08:20:00,426.6,426.65,426.4,426.5,101967
2025-11-11 08:25:00,426.5,426.5,425.4,425.55,215784
2025-11-11 08:30:00,425.55,426.9,425.55,426.4,393506
2025-11-11 08:35:00,426.5,426.95,426.4,426.95,220729
2025-11-11 08:40:00,426.9,427.5,426.8,427.15,444141
2025-11-11 08:45:00,427.2,427.5,427.1,427.4,215010
2025-11-11 08:50:00,427.35,427.4,426.75,426.9,238138
2025-11-11 08:55:00,427.0,427.4,426.7,426.9,173226
2025-11-11 09:00:00,426.9,427.0,426.65,426.75,151670
2025-11-11 09:05:00,426.75,427.0,426.2,426.25,241131
2025-11-11 09:10:00,426.25,426.95,426.2,426.9,179722
2025-11-11 09:15:00,426.85,427.25,426.8,427.1,223788
2025-11-11 09:20:00,427.2,427.65,427.1,427.5,351533
2025-11-11 09:25:00,427.5,427.6,427.35,427.45,240883
2025-11-11 09:30:00,427.45,427.9,427.4,427.85,477450
2025-11-11 09:35:00,427.75,427.85,427.05,427.6,485685
2025-11-11 09:40:00,427.4,427.55,427.1,427.45,495427
2025-11-11 09:45:00,427.5,427.7,427.1,427.3,654472
2025-11-11 09:50:00,427.35,427.4,426.5,426.55,521146
2025-11-11 09:55:00,426.55,427.0,426.35,426.8,455673
2025-11-12 03:45:00,428.15,429.4,426.1,426.6,987252
2025-11-12 03:50:00,426.7,426.7,425.35,425.8,373984
2025-11-12 03:55:00,425.85,425.85,424.65,424.8,502543
2025-11-12 04:00:00,424.8,426.0,424.2,425.85,430719
2025-11-12 04:05:00,425.85,426.2,425.2,425.95,292783
2025-11-12 04:10:00,425.95,426.2,425.65,426.0,210203
2025-11-12 04:15:00,426.2,427.9,426.15,427.6,317720
2025-11-12 04:20:00,427.7,428.0,427.55,427.6,187072
2025-11-12 04:25:00,427.6,428.45,427.35,428.15,226170
2025-11-12 04:30:00,428.15,428.35,426.5,426.7,204622
2025-11-12 04:35:00,426.6,426.8,426.25,426.45,177885
2025-11-12 04:40:00,426.5,427.7,426.5,427.55,192993
2025-11-12 04:45:00,427.5,427.65,426.7,426.75,128244
2025-11-12 04:50:00,426.8,427.1,425.8,426.0,260689
2025-11-12 04:55:00,426.0,426.75,425.95,426.6,149231
2025-11-12 05:00:00,426.7,427.0,426.3,426.55,142538
2025-11-12 05:05:00,426.55,427.4,426.35,426.65,179781
2025-11-12 05:10:00,426.5,426.65,426.05,426.05,167513
2025-11-12 05:15:00,425.9,426.0,425.25,425.95,161206
2025-11-12 05:20:00,426.0,426.1,425.9,425.95,127096
2025-11-12 05:25:00,425.9,425.95,425.0,425.0,287977
2025-11-12 05:30:00,425.0,425.0,423.7,424.5,370256
2025-11-12 05:35:00,424.45,424.6,423.65,424.45,227215
2025-11-12 05:40:00,424.4,424.6,424.05,424.2,261243
2025-11-12 05:45:00,424.2,424.8,424.15,424.6,114441
2025-11-12 05:50:00,424.55,424.7,424.2,424.65,97875
2025-11-12 05:55:00,424.6,424.8,423.85,424.0,272952
2025-11-12 06:00:00,424.0,424.0,423.5,423.95,116063
2025-11-12 06:05:00,424.0,424.25,423.8,424.25,99362
2025-11-12 06:10:00,424.1,424.8,424.05,424.2,124422
2025-11-12 06:15:00,424.1,424.2,423.7,424.05,88977
2025-11-12 06:20:00,424.1,424.35,423.25,423.7,177965
2025-11-12 06:25:00,423.6,424.0,423.6,423.8,80882
2025-11-12 06:30:00,423.8,423.85,423.3,423.5,117987
2025-11-12 06:35:00,423.5,423.7,423.35,423.65,80810
2025-11-12 06:40:00,423.7,423.8,423.4,423.4,93184
2025-11-12 06:45:00,423.45,423.45,422.8,422.8,251939
2025-11-12 06:50:00,422.8,423.85,422.8,423.45,177654
2025-11-12 06:55:00,423.45,424.2,423.35,424.2,167676
2025-11-12 07:00:00,424.1,424.4,424.05,424.15,90987
2025-11-12 07:05:00,424.15,424.65,423.85,424.5,180502
2025-11-12 07:10:00,424.4,424.5,423.9,424.35,162215
2025-11-12 07:15:00,424.35,424.6,423.95,423.95,109090
2025-11-12 07:20:00,424.0,424.15,423.55,423.9,101524
2025-11-12 07:25:00,423.9,424.9,423.9,424.65,171595
2025-11-12 07:30:00,424.6,424.7,424.3,424.6,68781
2025-11-12 07:35:00,424.65,424.7,423.7,423.75,211211
2025-11-12 07:40:00,423.8,424.0,423.7,424.0,67878
2025-11-12 07:45:00,423.9,424.0,423.8,424.0,73520
2025-11-12 07:50:00,424.0,424.65,423.95,424.6,123567
2025-11-12 07:55:00,424.65,424.8,424.6,424.8,147041
2025-11-12 08:00:00,424.8,424.8,424.2,424.5,75567
2025-11-12 08:05:00,424.4,424.85,424.2,424.85,172639
2025-11-12 08:10:00,424.85,425.0,424.3,424.4,124068
2025-11-12 08:15:00,424.4,424.85,424.2,424.7,87335
2025-11-12 08:20:00,424.6,424.7,424.25,424.3,51979
2025-11-12 08:25:00,424.25,424.45,424.0,424.4,84635
2025-11-12 08:30:00,424.3,424.5,424.25,424.4,94578
2025-11-12 08:35:00,424.4,424.45,424.2,424.35,110047
2025-11-12 08:40:00,424.35,424.7,424.2,424.5,124578
2025-11-12 08:45:00,424.5,424.8,424.4,424.6,83926
2025-11-12 08:50:00,424.6,424.85,424.55,424.6,89314
2025-11-12 08:55:00,424.65,424.65,421.8,422.25,491860
2025-11-12 09:00:00,422.0,423.75,422.0,423.7,222540
2025-11-12 09:05:00,423.7,423.7,422.5,423.15,164561
2025-11-12 09:10:00,423.2,423.2,422.0,422.55,217867
2025-11-12 09:15:00,422.65,423.05,421.9,423.0,267871
2025-11-12 09:20:00,423.05,423.95,423.05,423.8,213155
2025-11-12 09:25:00,423.85,424.15,423.5,423.95,186531
2025-11-12 09:30:00,423.95,425.3,423.9,425.15,399823
2025-11-12 09:35:00,425.1,425.8,425.1,425.2,399780
2025-11-12 09:40:00,425.25,425.45,424.65,424.7,321472
2025-11-12 09:45:00,424.7,425.0,424.6,425.0,289984
2025-11-12 09:50:00,424.95,425.0,423.9,424.05,406308
2025-11-12 09:55:00,424.05,424.6,423.1,423.4,333167
2025-11-13 03:45:00,423.15,423.8,420.35,421.55,468464
2025-11-13 03:50:00,421.5,422.55,421.0,422.55,281164
2025-11-13 03:55:00,422.75,424.9,422.75,424.5,301317
2025-11-13 04:00:00,424.5,424.6,422.8,423.1,124461
2025-11-13 04:05:00,423.15,423.25,422.6,422.7,59139
2025-11-13 04:10:00,422.7,423.85,422.6,423.6,82577
2025-11-13 04:15:00,423.6,423.95,423.0,423.5,95810
2025-11-13 04:20:00,423.5,423.6,423.0,423.05,41580
2025-11-13 04:25:00,423.05,423.1,422.6,422.9,49449
2025-11-13 04:30:00,422.95,423.05,422.85,422.85,26486
2025-11-13 04:35:00,422.9,422.95,422.35,422.45,45539
2025-11-13 04:40:00,422.45,422.6,422.0,422.15,101800
2025-11-13 04:45:00,422.15,422.5,422.05,422.4,43903
2025-11-13 04:50:00,422.5,423.2,422.3,422.95,86695
2025-11-13 04:55:00,422.95,423.25,422.7,423.2,34481
2025-11-13 05:00:00,423.2,423.8,423.05,423.7,70230
2025-11-13 05:05:00,423.7,423.8,423.2,423.2,41543
2025-11-13 05:10:00,423.25,423.25,423.0,423.1,44823
2025-11-13 05:15:00,423.15,423.25,423.0,423.2,29810
2025-11-13 05:20:00,423.25,423.3,422.5,422.85,88184
2025-11-13 05:25:00,422.85,423.2,422.85,423.1,163879
2025-11-13 05:30:00,423.2,424.4,423.1,424.3,170143
2025-11-13 05:35:00,424.15,425.2,424.15,424.4,221108
2025-11-13 05:40:00,424.5,424.5,422.6,422.75,282855
2025-11-13 05:45:00,422.6,422.75,422.0,422.05,142266
2025-11-13 05:50:00,422.1,422.4,421.65,421.85,169896
2025-11-13 05:55:00,421.8,422.15,421.5,421.55,150250
2025-11-13 06:00:00,421.6,422.2,421.5,421.9,80523
2025-11-13 06:05:00,421.9,422.35,421.85,422.0,88309
2025-11-13 06:10:00,422.0,422.0,421.6,421.7,42486
2025-11-13 06:15:00,421.8,422.25,421.65,422.15,145851
2025-11-13 06:20:00,422.15,422.3,421.95,422.05,51037
2025-11-13 06:25:00,422.1,422.5,422.0,422.35,98255
2025-11-13 06:30:00,422.2,422.5,422.2,422.3,47863
2025-11-13 06:35:00,422.35,422.9,422.25,422.7,216385
2025-11-13 06:40:00,422.75,422.8,422.1,422.35,46325
2025-11-13 06:45:00,422.35,422.7,422.0,422.05,50013
2025-11-13 06:50:00,422.1,422.2,421.7,421.95,80238
2025-11-13 06:55:00,421.9,422.3,421.85,422.2,32602
2025-11-13 07:00:00,422.35,422.65,421.75,421.75,57253
2025-11-13 07:05:00,421.75,421.85,421.3,421.55,79803
2025-11-13 07:10:00,421.55,421.7,420.85,420.9,135015
2025-11-13 07:15:00,420.85,421.05,420.65,421.0,59792
2025-11-13 07:20:00,420.9,421.2,419.9,419.95,347892
2025-11-13 07:25:00,419.9,420.75,419.75,420.65,74316
2025-11-13 07:30:00,420.65,421.65,420.55,421.5,78198
2025-11-13 07:35:00,421.5,421.55,420.9,420.95,58868
2025-11-13 07:40:00,421.0,421.0,420.6,421.0,57114
2025-11-13 07:45:00,421.0,421.0,420.65,421.0,71099
2025-11-13 07:50:00,420.85,421.55,420.8,421.35,75532
2025-11-13 07:55:00,421.4,421.75,421.05,421.3,135926
2025-11-13 08:00:00,421.45,421.55,421.0,421.15,134185
2025-11-13 08:05:00,421.3,421.75,421.1,421.4,68859
2025-11-13 08:10:00,421.25,422.0,421.0,422.0,69479
2025-11-13 08:15:00,421.95,422.15,421.2,421.5,76150
2025-11-13 08:20:00,421.5,421.5,421.0,421.25,57226
2025-11-13 08:25:00,421.2,421.45,420.5,420.55,83989
2025-11-13 08:30:00,420.5,420.65,420.2,420.4,152265
2025-11-13 08:35:00,420.25,420.6,419.4,419.5,251033
2025-11-13 08:40:00,419.7,420.0,419.25,420.0,111148
2025-11-13 08:45:00,420.0,420.75,419.95,420.55,222852
2025-11-13 08:50:00,420.6,420.95,420.3,420.5,157111
2025-11-13 08:55:00,420.7,420.85,420.5,420.75,57069
2025-11-13 09:00:00,420.8,421.0,420.6,420.6,125718
2025-11-13 09:05:00,420.6,420.8,420.5,420.5,51019
2025-11-13 09:10:00,420.5,420.9,420.35,420.5,160226
2025-11-13 09:15:00,420.65,420.7,419.6,419.65,182067
2025-11-13 09:20:00,419.8,419.8,419.1,419.35,126262
2025-11-13 09:25:00,419.4,419.8,419.25,419.4,177654
2025-11-13 09:30:00,419.5,419.8,419.0,419.7,118777
2025-11-13 09:35:00,419.8,419.85,419.25,419.25,132964
2025-11-13 09:40:00,419.3,419.9,419.25,419.65,182204
2025-11-13 09:45:00,419.7,420.6,419.6,420.05,217854
2025-11-13 09:50:00,420.05,420.5,419.55,419.65,267059
2025-11-13 09:55:00,419.8,420.2,419.7,420.2,197477
2025-11-14 03:45:00,418.8,422.95,418.7,422.15,375259
2025-11-14 03:50:00,422.1,423.0,421.55,422.9,168343
2025-11-14 03:55:00,422.8,422.95,422.3,422.85,131144
2025-11-14 04:00:00,422.8,423.45,421.9,423.25,194752
2025-11-14 04:05:00,423.15,423.45,422.4,422.4,109282
2025-11-14 04:10:00,422.4,422.4,421.9,421.95,69304
2025-11-14 04:15:00,421.9,422.4,421.65,422.2,59486
2025-11-14 04:20:00,422.2,422.25,420.2,420.3,145168
2025-11-14 04:25:00,420.25,421.25,420.2,420.8,61191
2025-11-14 04:30:00,420.75,421.0,420.2,420.3,58759
2025-11-14 04:35:00,420.3,421.8,420.3,421.6,67303
2025-11-14 04:40:00,421.6,422.4,421.5,421.85,63858
2025-11-14 04:45:00,421.9,423.2,421.9,422.85,124428
2025-11-14 04:50:00,422.8,423.0,422.0,422.05,55878
2025-11-14 04:55:00,422.1,422.2,421.05,421.35,63788
2025-11-14 05:00:00,421.45,421.55,420.55,420.55,49250
2025-11-14 05:05:00,420.7,421.0,420.1,420.45,116929
2025-11-14 05:10:00,420.45,420.5,420.0,420.5,148876
2025-11-14 05:15:00,420.5,420.5,420.1,420.35,78967
2025-11-14 05:20:00,420.35,421.4,420.3,421.4,146206
2025-11-14 05:25:00,421.4,422.0,421.25,421.85,66841
2025-11-14 05:30:00,421.95,422.4,421.55,421.75,146537
2025-11-14 05:35:00,421.9,422.9,421.75,422.6,205751
2025-11-14 05:40:00,422.6,423.75,422.6,423.7,193299
2025-11-14 05:45:00,423.75,423.95,422.5,422.7,326016
2025-11-14 05:50:00,422.6,423.15,422.45,423.0,75405
2025-11-14 05:55:00,422.95,423.35,422.55,422.95,87521
2025-11-14 06:00:00,422.95,423.2,422.6,422.9,44141
2025-11-14 06:05:00,422.75,422.95,422.45,422.45,182826
2025-11-14 06:10:00,422.5,423.35,422.1,422.6,151285
2025-11-14 06:15:00,422.6,422.9,422.0,422.2,104536
2025-11-14 06:20:00,422.1,422.8,422.1,422.25,121061
2025-11-14 06:25:00,422.25,422.4,421.15,421.5,306949
2025-11-14 06:30:00,421.55,422.3,421.5,422.05,48027
2025-11-14 06:35:00,422.0,423.0,421.95,422.95,67001
2025-11-14 06:40:00,422.9,423.05,422.4,422.85,82857
2025-11-14 06:45:00,422.85,423.05,422.7,423.0,54902
2025-11-14 06:50:00,422.9,423.05,422.55,422.85,46867
2025-11-14 06:55:00,423.0,423.05,422.5,422.5,61851
2025-11-14 07:00:00,422.65,423.7,422.2,422.6,342194
2025-11-14 07:05:00,422.6,423.8,422.5,423.75,177364
2025-11-14 07:10:00,423.75,425.0,423.7,424.15,420584
2025-11-14 07:15:00,424.15,425.0,423.75,424.85,230109
2025-11-14 07:20:00,424.7,424.95,424.3,424.7,105608
2025-11-14 07:25:00,424.7,424.8,424.1,424.15,96275
2025-11-14 07:30:00,424.25,424.35,423.35,423.6,168260
2025-11-14 07:35:00,423.6,423.95,423.25,423.5,106030
2025-11-14 07:40:00,423.5,424.0,423.35,423.85,150382
2025-11-14 07:45:00,424.0,424.1,423.75,423.85,56656
2025-11-14 07:50:00,423.75,424.0,423.5,423.9,64680
2025-11-14 07:55:00,423.9,424.0,423.75,424.0,56251
2025-11-14 08:00:00,423.95,424.0,423.75,423.85,67424
2025-11-14 08:05:00,424.0,424.1,423.2,423.4,90666
2025-11-14 08:10:00,423.2,423.65,423.15,423.15,61526
2025-11-14 08:15:00,423.3,423.7,422.6,423.6,103531
2025-11-14 08:20:00,423.55,423.6,422.6,422.7,81199
2025-11-14 08:25:00,422.75,423.4,422.7,423.3,63778
2025-11-14 08:30:00,423.4,423.5,422.85,423.0,62740
2025-11-14 08:35:00,422.95,423.2,422.7,422.8,73102
2025-11-14 08:40:00,422.85,423.2,422.55,423.0,66211
2025-11-14 08:45:00,423.05,423.05,422.6,422.85,67673
2025-11-14 08:50:00,422.7,422.9,422.3,422.5,88148
2025-11-14 08:55:00,422.5,423.0,422.25,422.85,85085
2025-11-14 09:00:00,422.85,423.05,422.5,422.85,83533
2025-11-14 09:05:00,422.8,423.0,422.7,422.95,54428
2025-11-14 09:10:00,422.9,423.0,422.65,422.85,60438
2025-11-14 09:15:00,422.9,422.9,422.5,422.65,67184
2025-11-14 09:20:00,422.8,422.8,422.0,422.5,186922
2025-11-14 09:25:00,422.6,423.3,422.5,423.15,321928
2025-11-14 09:30:00,423.4,425.75,423.4,425.75,950566
2025-11-14 09:35:00,425.8,427.25,425.6,427.05,958661
2025-11-14 09:40:00,427.2,428.2,426.4,428.15,1731341
2025-11-14 09:45:00,428.15,428.7,427.95,428.05,1124117
2025-11-14 09:50:00,428.05,428.1,427.6,427.75,536633
2025-11-14 09:55:00,427.85,428.0,426.0,426.6,1042831
2025-11-17 03:45:00,427.95,427.95,425.2,425.95,729856
2025-11-17 03:50:00,426.0,427.5,426.0,426.8,333306
2025-11-17 03:55:00,427.0,429.5,426.9,428.4,501700
2025-11-17 04:00:00,428.35,429.0,428.05,428.7,533680
2025-11-17 04:05:00,428.7,429.0,427.6,427.8,286577
2025-11-17 04:10:00,427.8,428.3,427.3,427.8,174453
2025-11-17 04:15:00,427.65,428.25,425.95,426.5,259730
2025-11-17 04:20:00,426.55,427.3,426.5,426.6,159653
2025-11-17 04:25:00,426.6,426.85,426.0,426.0,125421
2025-11-17 04:30:00,426.0,426.45,425.6,425.95,171291
2025-11-17 04:35:00,425.95,426.45,425.75,425.85,125364
2025-11-17 04:40:00,425.85,426.1,425.0,425.4,251421
2025-11-17 04:45:00,425.4,425.6,425.1,425.4,123714
2025-11-17 04:50:00,425.4,425.75,424.4,424.4,244196
2025-11-17 04:55:00,424.3,424.4,423.45,424.2,320870
2025-11-17 05:00:00,424.2,425.3,424.1,425.05,184316
2025-11-17 05:05:00,425.05,425.2,424.15,424.5,150300
2025-11-17 05:10:00,424.5,424.65,423.75,423.9,445067
2025-11-17 05:15:00,424.0,425.2,423.85,425.1,248495
2025-11-17 05:20:00,424.85,425.15,423.8,423.8,187184
2025-11-17 05:25:00,423.85,424.3,423.75,424.15,257167
2025-11-17 05:30:00,424.15,424.25,423.8,423.8,104629
2025-11-17 05:35:00,423.75,423.9,423.65,423.85,87516
2025-11-17 05:40:00,423.85,423.9,423.5,423.7,66222
2025-11-17 05:45:00,423.65,423.85,423.25,423.4,164374
2025-11-17 05:50:00,423.3,423.8,423.15,423.65,153220
2025-11-17 05:55:00,423.6,423.6,422.4,422.6,358518
2025-11-17 06:00:00,422.7,422.9,422.5,422.75,70571
2025-11-17 06:05:00,422.65,423.0,422.65,422.9,107563
2025-11-17 06:10:00,422.85,423.3,422.85,423.15,115651
2025-11-17 06:15:00,423.15,423.2,422.75,423.0,96035
2025-11-17 06:20:00,422.9,423.0,422.65,422.7,100884
2025-11-17 06:25:00,422.7,423.0,422.7,422.9,63289
2025-11-17 06:30:00,423.0,423.25,422.9,422.9,138714
2025-11-17 06:35:00,423.0,423.5,422.75,423.4,183594
2025-11-17 06:40:00,423.4,423.45,422.8,422.9,98103
2025-11-17 06:45:00,422.95,423.8,422.85,423.0,175547
2025-11-17 06:50:00,423.0,423.2,422.85,423.1,53125
2025-11-17 06:55:00,423.1,423.5,422.95,423.4,59030
2025-11-17 07:00:00,423.5,423.8,422.9,423.0,136085
2025-11-17 07:05:00,422.9,423.45,422.9,423.35,138901
2025-11-17 07:10:00,423.35,423.7,423.2,423.4,70984
2025-11-17 07:15:00,423.4,424.45,423.4,424.0,179364
2025-11-17 07:20:00,424.1,425.0,424.0,424.75,154494
2025-11-17 07:25:00,424.8,424.85,424.35,424.45,74264
2025-11-17 07:30:00,424.5,424.5,423.85,423.85,210990
2025-11-17 07:35:00,424.0,424.0,423.5,423.6,72969
2025-11-17 07:40:00,423.65,424.0,423.6,423.85,54549
2025-11-17 07:45:00,423.9,424.4,423.7,424.25,102814
2025-11-17 07:50:00,424.3,424.35,423.5,423.5,84475
2025-11-17 07:55:00,423.5,423.65,423.3,423.6,126648
2025-11-17 08:00:00,423.55,424.1,423.5,424.05,62035
2025-11-17 08:05:00,424.0,424.35,423.75,424.25,129796
2025-11-17 08:10:00,424.3,424.3,424.05,424.2,63460
2025-11-17 08:15:00,424.2,424.35,424.0,424.3,61971
2025-11-17 08:20:00,424.35,424.35,423.8,424.15,78758
2025-11-17 08:25:00,424.2,424.7,424.2,424.55,79686
2025-11-17 08:30:00,424.55,424.9,424.35,424.85,126625
2025-11-17 08:35:00,424.85,425.0,424.15,424.45,124468
2025-11-17 08:40:00,424.45,425.0,424.35,425.0,76716
2025-11-17 08:45:00,425.0,425.0,424.35,424.4,89437
2025-11-17 08:50:00,424.4,425.0,424.3,424.75,156972
2025-11-17 08:55:00,424.8,424.95,424.5,424.65,73220
2025-11-17 09:00:00,424.7,424.85,424.25,424.3,57356
2025-11-17 09:05:00,424.25,424.75,424.25,424.5,71044
2025-11-17 09:10:00,424.6,424.7,424.05,424.1,115402
2025-11-17 09:15:00,424.05,424.35,423.85,423.95,227628
2025-11-17 09:20:00,423.95,424.3,423.7,424.3,76380
2025-11-17 09:25:00,424.3,424.45,424.0,424.3,106822
2025-11-17 09:30:00,424.35,424.65,424.25,424.6,215750
2025-11-17 09:35:00,424.6,424.9,424.45,424.9,218672
2025-11-17 09:40:00,424.85,424.9,424.25,424.3,199942
2025-11-17 09:45:00,424.35,424.65,424.1,424.55,413724
2025-11-17 09:50:00,424.65,424.7,424.25,424.7,376106
2025-11-17 09:55:00,424.65,425.0,424.4,424.9,297290
2025-11-18 03:45:00,424.55,426.85,424.3,426.3,556528
2025-11-18 03:50:00,426.3,427.5,426.2,426.5,523793
2025-11-18 03:55:00,426.45,427.0,426.25,426.25,165784
2025-11-18 04:00:00,426.3,427.1,425.65,427.05,288991
2025-11-18 04:05:00,427.0,427.9,427.0,427.15,278494
2025-11-18 04:10:00,427.2,428.7,427.0,428.3,448675
2025-11-18 04:15:00,428.25,429.45,427.55,428.8,587484
2025-11-18 04:20:00,428.75,428.75,427.75,428.0,225049
2025-11-18 04:25:00,428.1,428.2,427.2,427.2,197307
2025-11-18 04:30:00,427.15,427.75,426.95,427.7,132745
2025-11-18 04:35:00,427.7,427.7,427.05,427.45,63725
2025-11-18 04:40:00,427.4,427.45,426.75,426.95,162187
2025-11-18 04:45:00,426.9,427.2,426.8,426.95,91771
2025-11-18 04:50:00,426.95,427.3,426.7,427.2,121502
2025-11-18 04:55:00,427.2,427.3,426.6,426.6,180755
2025-11-18 05:00:00,426.55,426.95,426.0,426.1,198731
2025-11-18 05:05:00,426.1,426.5,425.5,425.55,191775
2025-11-18 05:10:00,425.65,425.95,425.5,425.65,122056
2025-11-18 05:15:00,425.6,425.95,425.5,425.65,91401
2025-11-18 05:20:00,425.7,426.0,425.6,425.8,81463
2025-11-18 05:25:00,425.75,426.15,425.4,425.7,265029
2025-11-18 05:30:00,425.8,425.85,424.2,424.25,388108
2025-11-18 05:35:00,424.25,424.25,423.2,423.6,246142
2025-11-18 05:40:00,423.6,424.0,423.4,423.5,136549
2025-11-18 05:45:00,423.5,423.5,423.0,423.1,294391
2025-11-18 05:50:00,423.1,423.2,422.7,422.9,139960
2025-11-18 05:55:00,422.9,422.95,422.55,422.6,97915
2025-11-18 06:00:00,422.6,423.2,422.25,423.0,134968
2025-11-18 06:05:00,423.0,423.1,422.45,422.55,83914
2025-11-18 06:10:00,422.5,422.95,422.1,422.95,128751
2025-11-18 06:15:00,422.95,423.8,422.6,423.6,145733
2025-11-18 06:20:00,423.6,424.25,423.5,423.7,142912
2025-11-18 06:25:00,423.65,424.15,423.55,423.8,108318
2025-11-18 06:30:00,423.85,424.15,423.4,423.4,165392
2025-11-18 06:35:00,423.4,423.45,422.8,422.85,169938
2025-11-18 06:40:00,422.85,423.0,422.75,422.95,128187
2025-11-18 06:45:00,422.95,423.0,422.6,422.6,74270
2025-11-18 06:50:00,422.65,422.65,422.45,422.45,73606
2025-11-18 06:55:00,422.5,422.55,422.25,422.55,184720
2025-11-18 07:00:00,422.55,423.0,422.5,422.8,101724
2025-11-18 07:05:00,422.75,423.35,422.5,423.0,69585
2025-11-18 07:10:00,423.0,423.05,422.7,422.75,24497
2025-11-18 07:15:00,422.8,422.8,422.5,422.65,27358
2025-11-18 07:20:00,422.6,422.65,422.35,422.6,151467
2025-11-18 07:25:00,422.65,423.2,422.65,423.05,60820
2025-11-18 07:30:00,423.05,423.45,422.9,423.1,54288
2025-11-18 07:35:00,423.05,423.1,422.9,423.0,34067
2025-11-18 07:40:00,423.0,423.0,422.5,422.55,52584
2025-11-18 07:45:00,422.6,422.7,422.5,422.7,102696
2025-11-18 07:50:00,422.7,422.8,422.5,422.55,56263
2025-11-18 07:55:00,422.5,422.55,422.4,422.45,67534
2025-11-18 08:00:00,422.45,422.55,422.35,422.55,81060
2025-11-18 08:05:00,422.5,423.0,422.5,422.95,111070
2025-11-18 08:10:00,423.0,423.0,422.65,422.9,168792
2025-11-18 08:15:00,422.9,422.9,422.6,422.65,63818
2025-11-18 08:20:00,422.65,422.75,422.55,422.7,79577
2025-11-18 08:25:00,422.7,422.8,422.6,422.7,80285
2025-11-18 08:30:00,422.65,423.0,422.6,422.75,101687
2025-11-18 08:35:00,422.8,423.0,422.75,422.85,150737
2025-11-18 08:40:00,422.95,423.65,422.85,423.2,355077
2025-11-18 08:45:00,423.2,423.55,422.75,422.75,219866
2025-11-18 08:50:00,422.9,423.0,422.7,423.0,143322
2025-11-18 08:55:00,422.85,423.0,422.5,422.6,147607
2025-11-18 09:00:00,422.55,422.65,422.3,422.4,127479
2025-11-18 09:05:00,422.4,422.4,422.15,422.2,105531
2025-11-18 09:10:00,422.15,422.35,422.1,422.15,142997
2025-11-18 09:15:00,422.1,422.15,421.5,421.75,254979
2025-11-18 09:20:00,421.8,422.25,421.6,422.1,110385
2025-11-18 09:25:00,422.1,422.15,421.75,421.95,162421
2025-11-18 09:30:00,422.25,422.25,420.65,420.95,341504
2025-11-18 09:35:00,420.8,421.15,420.5,420.65,257267
2025-11-18 09:40:00,420.65,421.1,420.3,420.65,358995
2025-11-18 09:45:00,420.55,420.75,420.3,420.55,323167
2025-11-18 09:50:00,420.45,421.15,420.45,421.1,420587
2025-11-18 09:55:00,421.1,421.7,420.9,421.6,372561
2025-11-19 03:45:00,420.0,420.8,415.05,416.25,1128207
2025-11-19 03:50:00,416.05,421.6,416.05,421.4,643975
2025-11-19 03:55:00,421.3,421.4,419.4,419.4,177179
2025-11-19 04:00:00,419.4,419.85,418.55,418.55,197995
2025-11-19 04:05:00,418.55,419.3,418.1,418.95,120835
2025-11-19 04:10:00,419.0,419.05,418.2,418.4,85703
2025-11-19 04:15:00,418.45,418.75,417.95,418.35,272213
2025-11-19 04:20:00,418.2,418.45,417.75,418.4,98406
2025-11-19 04:25:00,418.35,418.4,417.65,417.9,71662
2025-11-19 04:30:00,417.95,418.5,417.65,418.3,107472
2025-11-19 04:35:00,418.35,418.6,418.0,418.1,59686
2025-11-19 04:40:00,418.1,418.55,417.85,418.5,104684
2025-11-19 04:45:00,418.55,419.0,418.3,418.95,96865
2025-11-19 04:50:00,418.9,418.95,418.05,418.05,47604
2025-11-19 04:55:00,418.05,418.35,417.6,417.65,76571
2025-11-19 05:00:00,417.7,419.6,417.65,419.4,182949
2025-11-19 05:05:00,419.4,419.45,418.5,418.55,90541
2025-11-19 05:10:00,418.5,418.8,418.4,418.6,64491
2025-11-19 05:15:00,418.65,418.65,418.15,418.4,84672
2025-11-19 05:20:00,418.45,419.5,418.45,419.45,66197
2025-11-19 05:25:00,419.4,419.5,418.55,418.6,58510
2025-11-19 05:30:00,418.55,418.65,418.5,418.55,32753
2025-11-19 05:35:00,418.6,419.1,418.4,418.5,46151
2025-11-19 05:40:00,418.55,418.55,418.15,418.25,42876
2025-11-19 05:45:00,418.3,418.85,418.05,418.55,67086
2025-11-19 05:50:00,418.6,418.85,418.5,418.5,25035
2025-11-19 05:55:00,418.55,418.85,418.45,418.55,32698
2025-11-19 06:00:00,418.6,418.75,418.45,418.7,39049
2025-11-19 06:05:00,418.7,418.95,418.65,418.75,60269
2025-11-19 06:10:00,418.85,419.05,418.45,418.45,37273
2025-11-19 06:15:00,418.55,418.65,418.45,418.6,22227
2025-11-19 06:20:00,418.65,418.95,418.55,418.85,37239
2025-11-19 06:25:00,418.85,418.9,418.5,418.55,28714
2025-11-19 06:30:00,418.6,419.95,418.55,419.75,102551
2025-11-19 06:35:00,419.8,419.85,419.15,419.2,41797
2025-11-19 06:40:00,419.25,419.8,419.25,419.7,56235
2025-11-19 06:45:00,419.75,420.0,419.35,419.35,68590
2025-11-19 06:50:00,419.35,420.45,419.2,420.3,87483
2025-11-19 06:55:00,420.35,420.6,419.8,420.4,89757
2025-11-19 07:00:00,420.45,421.3,420.45,421.05,94376
2025-11-19 07:05:00,421.05,421.1,420.8,421.0,65379
2025-11-19 07:10:00,420.95,421.25,420.9,420.95,71640
2025-11-19 07:15:00,420.9,422.3,420.9,421.4,141610
2025-11-19 07:20:00,421.35,421.45,421.0,421.05,46785
2025-11-19 07:25:00,421.0,421.4,421.0,421.05,43223
2025-11-19 07:30:00,421.05,421.4,421.0,421.25,33089
2025-11-19 07:35:00,421.3,421.4,421.05,421.25,48547
2025-11-19 07:40:00,421.15,421.3,421.0,421.1,50856
2025-11-19 07:45:00,421.1,421.1,420.7,420.9,146265
2025-11-19 07:50:00,420.95,421.3,420.9,421.1,48042
2025-11-19 07:55:00,421.0,421.1,420.5,420.95,71364
2025-11-19 08:00:00,421.0,421.1,420.65,420.75,33213
2025-11-19 08:05:00,420.75,420.8,420.5,420.6,33927
2025-11-19 08:10:00,420.6,421.1,420.5,421.0,86564
2025-11-19 08:15:00,421.0,421.0,420.35,420.9,88244
2025-11-19 08:20:00,420.9,421.3,420.8,421.25,44107
2025-11-19 08:25:00,421.25,421.55,421.0,421.1,119558
2025-11-19 08:30:00,421.15,421.4,420.8,421.35,147261
2025-11-19 08:35:00,421.3,421.4,421.0,421.05,28831
2025-11-19 08:40:00,421.05,421.4,421.0,421.3,33071
2025-11-19 08:45:00,421.25,421.4,421.1,421.1,34255
2025-11-19 08:50:00,421.25,421.25,421.0,421.1,46725
2025-11-19 08:55:00,421.1,421.55,421.0,421.35,53442
2025-11-19 09:00:00,421.45,421.8,421.35,421.5,64546
2025-11-19 09:05:00,421.55,421.7,421.2,421.55,61113
2025-11-19 09:10:00,421.7,422.35,421.65,422.1,229611
2025-11-19 09:15:00,422.1,422.9,422.0,422.65,176454
2025-11-19 09:20:00,422.7,422.75,422.5,422.7,80435
2025-11-19 09:25:00,422.7,422.7,422.2,422.5,88750
2025-11-19 09:30:00,422.55,423.05,422.5,422.55,393870
2025-11-19 09:35:00,422.55,423.1,422.25,422.6,252196
2025-11-19 09:40:00,422.65,423.5,422.6,423.4,266039
2025-11-19 09:45:00,423.4,423.45,422.95,423.15,340326
2025-11-19 09:50:00,423.15,423.6,423.0,423.25,459428
2025-11-19 09:55:00,423.35,424.25,423.0,423.25,796666
2025-11-20 03:45:00,425.0,425.2,423.5,424.2,627779
2025-11-20 03:50:00,424.1,425.1,424.05,424.9,232969
2025-11-20 03:55:00,425.05,425.5,424.85,425.2,193949
2025-11-20 04:00:00,425.2,425.4,425.05,425.1,192175
2025-11-20 04:05:00,425.05,425.8,425.0,425.7,215613
2025-11-20 04:10:00,425.7,425.95,424.65,424.8,231016
2025-11-20 04:15:00,424.8,425.05,424.4,425.0,188930
2025-11-20 04:20:00,424.9,425.3,424.65,424.8,99854
2025-11-20 04:25:00,424.8,424.95,424.55,424.7,112411
2025-11-20 04:30:00,424.7,425.75,424.7,425.4,144893
2025-11-20 04:35:00,425.6,425.95,425.2,425.95,110179
2025-11-20 04:40:00,425.95,426.5,425.0,425.05,198207
2025-11-20 04:45:00,425.05,426.2,425.05,425.7,93782
2025-11-20 04:50:00,425.85,425.95,425.6,425.95,54119
2025-11-20 04:55:00,425.95,427.0,425.8,426.75,205946
2025-11-20 05:00:00,426.75,427.2,426.6,427.0,268342
2025-11-20 05:05:00,427.0,427.0,426.2,426.4,101112
2025-11-20 05:10:00,426.4,426.4,425.15,425.6,276842
2025-11-20 05:15:00,425.6,425.8,425.0,425.4,225721
2025-11-20 05:20:00,425.15,425.45,424.85,424.95,124353
2025-11-20 05:25:00,424.95,425.5,424.8,425.2,140676
2025-11-20 05:30:00,425.2,425.95,424.95,425.8,242537
2025-11-20 05:35:00,425.8,425.9,424.6,425.6,268630
2025-11-20 05:40:00,425.6,425.65,424.95,425.15,203276
2025-11-20 05:45:00,425.15,425.3,424.9,425.05,137650
2025-11-20 05:50:00,425.2,425.6,425.0,425.0,304526
2025-11-20 05:55:00,425.15,425.35,424.8,425.35,36177
2025-11-20 06:00:00,425.25,425.8,425.0,425.75,56315
2025-11-20 06:05:00,425.75,426.25,425.2,425.9,131798
2025-11-20 06:10:00,425.85,426.5,425.55,426.5,156643
2025-11-20 06:15:00,426.5,426.6,425.65,425.8,255350
2025-11-20 06:20:00,425.8,426.5,425.7,426.2,58123
2025-11-20 06:25:00,426.2,426.35,426.0,426.15,43843
2025-11-20 06:30:00,426.15,426.35,425.55,425.55,53109
2025-11-20 06:35:00,425.55,425.7,425.25,425.5,51383
2025-11-20 06:40:00,425.7,426.5,425.55,426.5,67632
2025-11-20 06:45:00,426.5,426.65,426.1,426.2,87347
2025-11-20 06:50:00,426.25,426.3,425.9,426.05,58464
2025-11-20 06:55:00,426.1,426.3,425.7,425.85,80236
2025-11-20 07:00:00,425.85,425.85,425.3,425.45,107084
2025-11-20 07:05:00,425.45,425.5,425.0,425.25,101519
2025-11-20 07:10:00,425.25,425.45,425.05,425.3,65016
2025-11-20 07:15:00,425.2,425.6,425.1,425.45,46460
2025-11-20 07:20:00,425.45,425.65,425.3,425.35,33310
2025-11-20 07:25:00,425.35,425.55,425.1,425.2,60709
2025-11-20 07:30:00,425.2,425.2,425.0,425.1,64780
2025-11-20 07:35:00,425.1,425.15,424.8,425.1,92996
2025-11-20 07:40:00,425.1,425.25,424.95,425.0,31830
2025-11-20 07:45:00,425.0,425.0,424.6,424.6,46663
2025-11-20 07:50:00,424.7,425.15,424.5,424.75,122422
2025-11-20 07:55:00,424.8,425.35,424.65,425.2,30264
2025-11-20 08:00:00,425.2,425.35,424.95,425.35,36652
2025-11-20 08:05:00,425.35,425.8,425.25,425.65,54338
2025-11-20 08:10:00,425.75,425.8,425.5,425.75,45940
2025-11-20 08:15:00,425.75,425.75,425.25,425.5,69503
2025-11-20 08:20:00,425.5,425.8,425.45,425.7,34404
2025-11-20 08:25:00,425.7,425.7,425.25,425.5,42593
2025-11-20 08:30:00,425.5,425.5,425.15,425.45,29719
2025-11-20 08:35:00,425.45,425.6,425.25,425.5,69076
2025-11-20 08:40:00,425.6,425.7,425.15,425.25,69237
2025-11-20 08:45:00,425.25,425.6,425.15,425.4,98534
2025-11-20 08:50:00,425.4,425.4,425.1,425.1,34181
2025-11-20 08:55:00,425.15,425.35,424.65,424.8,151829
2025-11-20 09:00:00,424.8,425.1,424.7,424.75,78931
2025-11-20 09:05:00,424.8,425.25,424.65,424.95,63467
2025-11-20 09:10:00,425.0,425.1,424.2,424.2,187889
2025-11-20 09:15:00,424.25,424.25,423.15,423.55,231762
2025-11-20 09:20:00,423.55,423.65,423.15,423.4,117843
2025-11-20 09:25:00,423.45,424.15,423.35,423.95,169552
2025-11-20 09:30:00,423.8,423.9,422.2,422.55,193872
2025-11-20 09:35:00,422.55,423.25,422.35,423.1,155604
2025-11-20 09:40:00,423.05,423.25,422.7,423.0,271768
2025-11-20 09:45:00,422.95,423.5,422.9,423.1,437774
2025-11-20 09:50:00,423.1,423.25,422.7,423.1,431859
2025-11-20 09:55:00,423.15,423.65,422.95,423.5,194652
2025-11-21 03:45:00,421.5,421.95,419.5,421.25,498915
2025-11-21 03:50:00,421.05,421.95,421.0,421.95,134582
2025-11-21 03:55:00,422.2,423.35,421.25,421.55,163793
2025-11-21 04:00:00,421.35,422.25,421.0,421.3,154000
2025-11-21 04:05:00,421.45,421.65,420.95,421.1,98792
2025-11-21 04:10:00,420.9,421.25,420.8,421.05,123169
2025-11-21 04:15:00,420.9,421.05,420.05,420.6,129679
2025-11-21 04:20:00,420.6,420.9,420.1,420.1,116611
2025-11-21 04:25:00,420.1,420.3,419.35,420.1,164348
2025-11-21 04:30:00,420.1,420.35,419.65,420.25,65479
2025-11-21 04:35:00,420.15,420.25,419.55,419.8,79091
2025-11-21 04:40:00,419.75,420.95,419.2,420.65,98061
2025-11-21 04:45:00,420.65,420.9,419.85,419.95,56212
2025-11-21 04:50:00,419.75,420.0,419.55,419.8,30973
2025-11-21 04:55:00,419.8,420.2,419.7,420.1,59333
2025-11-21 05:00:00,420.1,420.45,419.65,419.95,53444
2025-11-21 05:05:00,419.95,420.7,419.05,419.65,243511
2025-11-21 05:10:00,419.65,420.45,418.7,418.7,240115
2025-11-21 05:15:00,418.85,418.95,417.65,417.95,193757
2025-11-21 05:20:00,417.95,418.5,417.2,418.35,142840
2025-11-21 05:25:00,418.5,419.4,418.1,419.25,67148
2025-11-21 05:30:00,419.25,419.4,418.65,418.8,57398
2025-11-21 05:35:00,418.7,419.0,418.2,418.8,41639
2025-11-21 05:40:00,418.9,419.15,418.35,419.0,32582
2025-11-21 05:45:00,419.1,419.5,418.8,419.1,55816
2025-11-21 05:50:00,418.9,419.0,418.25,418.5,238411
2025-11-21 05:55:00,418.5,418.7,418.25,418.7,31352
2025-11-21 06:00:00,418.65,418.65,418.1,418.3,33059
2025-11-21 06:05:00,418.25,418.3,417.8,417.85,76524
2025-11-21 06:10:00,417.85,418.2,417.8,418.0,45774
2025-11-21 06:15:00,418.0,418.5,417.8,418.2,88192
2025-11-21 06:20:00,418.1,418.65,417.9,418.4,92515
2025-11-21 06:25:00,418.4,418.4,417.9,418.25,37067
2025-11-21 06:30:00,418.2,418.65,417.85,418.4,44955
2025-11-21 06:35:00,418.4,418.55,417.8,417.85,44618
2025-11-21 06:40:00,418.05,418.25,417.8,418.05,35891
2025-11-21 06:45:00,418.2,418.2,417.8,417.8,49670
2025-11-21 06:50:00,417.9,418.45,417.7,418.35,82024
2025-11-21 06:55:00,418.45,418.5,418.05,418.35,70261
2025-11-21 07:00:00,418.5,418.65,418.0,418.0,52109
2025-11-21 07:05:00,418.05,418.15,417.0,417.1,274911
2025-11-21 07:10:00,417.1,418.0,417.0,418.0,171185
2025-11-21 07:15:00,418.0,418.05,417.5,417.75,128736
2025-11-21 07:20:00,417.75,418.5,417.65,418.2,75357
2025-11-21 07:25:00,418.2,418.5,417.8,417.8,146146
2025-11-21 07:30:00,417.8,418.0,417.5,417.7,169898
2025-11-21 07:35:00,417.7,417.95,417.3,417.35,47250
2025-11-21 07:40:00,417.35,417.45,416.55,416.8,131675
2025-11-21 07:45:00,416.8,416.95,416.2,416.35,110456
2025-11-21 07:50:00,416.35,416.9,416.2,416.4,74447
2025-11-21 07:55:00,416.5,416.75,416.25,416.65,49600
2025-11-21 08:00:00,416.75,417.1,416.4,417.1,70780
2025-11-21 08:05:00,417.0,417.55,416.7,416.75,188659
2025-11-21 08:10:00,416.85,416.9,416.45,416.75,70185
2025-11-21 08:15:00,416.75,416.85,416.35,416.65,62084
2025-11-21 08:20:00,416.8,417.1,416.55,416.75,84426
2025-11-21 08:25:00,416.75,417.15,416.6,417.15,85759
2025-11-21 08:30:00,417.15,417.15,416.8,416.8,100338
2025-11-21 08:35:00,416.85,417.2,416.75,417.0,62430
2025-11-21 08:40:00,417.25,417.85,417.1,417.55,79614
2025-11-21 08:45:00,417.7,417.85,417.0,417.15,106433
2025-11-21 08:50:00,417.2,417.7,417.05,417.45,65340
2025-11-21 08:55:00,417.5,417.9,417.2,417.6,62036
2025-11-21 09:00:00,417.65,417.85,417.5,417.5,85109
2025-11-21 09:05:00,417.6,417.9,417.55,417.75,92121
2025-11-21 09:10:00,417.7,417.85,417.3,417.35,70230
2025-11-21 09:15:00,417.4,417.7,416.5,416.55,82497
2025-11-21 09:20:00,416.55,416.85,416.4,416.85,113402
2025-11-21 09:25:00,416.85,416.85,416.25,416.25,95008
2025-11-21 09:30:00,416.25,416.7,416.25,416.4,143264
2025-11-21 09:35:00,416.5,416.5,416.0,416.15,216636
2025-11-21 09:40:00,416.35,416.35,415.5,415.8,180670
2025-11-21 09:45:00,415.75,416.65,415.7,416.5,273883
2025-11-21 09:50:00,416.55,416.9,416.15,416.5,214473
2025-11-21 09:55:00,416.6,417.2,416.45,417.2,222361
2025-11-24 03:45:00,414.0,415.35,410.6,410.6,1117901
2025-11-24 03:50:00,410.65,412.5,410.1,410.4,618023
2025-11-24 03:55:00,410.45,412.3,409.6,412.15,455874
2025-11-24 04:00:00,412.15,412.5,411.05,411.15,192165
2025-11-24 04:05:00,411.15,411.65,410.85,411.2,215517
2025-11-24 04:10:00,411.35,411.5,410.9,410.9,194229
2025-11-24 04:15:00,410.9,411.1,410.0,410.8,314265
2025-11-24 04:20:00,410.85,410.95,410.5,410.6,121356
2025-11-24 04:25:00,410.6,410.8,409.2,409.35,431532
2025-11-24 04:30:00,409.3,411.1,409.3,411.0,261954
2025-11-24 04:35:00,411.1,411.8,410.5,410.7,178167
2025-11-24 04:40:00,410.65,410.8,410.1,410.75,159955
2025-11-24 04:45:00,410.75,410.75,409.05,409.85,395763
2025-11-24 04:50:00,409.85,410.1,409.7,409.95,96566
2025-11-24 04:55:00,409.95,410.0,409.1,409.95,189477
2025-11-24 05:00:00,409.95,410.15,409.5,409.65,93177
2025-11-24 05:05:00,409.55,409.65,409.15,409.3,268840
2025-11-24 05:10:00,409.3,409.35,409.05,409.1,191055
2025-11-24 05:15:00,409.1,409.4,409.0,409.2,172429
2025-11-24 05:20:00,409.35,409.75,409.0,409.05,182775
2025-11-24 05:25:00,409.1,409.25,408.05,408.05,285456
2025-11-24 05:30:00,408.1,408.25,408.0,408.15,186721
2025-11-24 05:35:00,408.2,408.3,407.6,408.0,206179
2025-11-24 05:40:00,408.1,408.2,407.6,408.05,88520
2025-11-24 05:45:00,408.1,408.25,407.5,407.6,94531
2025-11-24 05:50:00,407.6,407.75,407.3,407.45,102612
2025-11-24 05:55:00,407.5,407.65,407.2,407.25,131832
2025-11-24 06:00:00,407.3,407.95,407.25,407.5,235031
2025-11-24 06:05:00,407.5,408.4,407.5,408.0,99045
2025-11-24 06:10:00,408.1,408.25,407.6,407.95,99200
2025-11-24 06:15:00,408.05,408.15,407.65,407.8,120165
2025-11-24 06:20:00,407.9,407.9,407.1,407.2,108336
2025-11-24 06:25:00,407.1,407.9,407.1,407.8,100635
2025-11-24 06:30:00,407.65,408.1,407.65,407.8,123898
2025-11-24 06:35:00,407.8,408.0,407.1,407.25,156409
2025-11-24 06:40:00,407.3,407.5,407.15,407.45,63483
2025-11-24 06:45:00,407.35,407.6,407.3,407.6,37245
2025-11-24 06:50:00,407.4,407.65,407.3,407.4,62896
2025-11-24 06:55:00,407.4,407.75,407.3,407.6,48876
2025-11-24 07:00:00,407.55,407.7,406.6,407.5,396746
2025-11-24 07:05:00,407.6,407.8,407.35,407.65,64981
2025-11-24 07:10:00,407.65,407.8,407.5,407.75,50954
2025-11-24 07:15:00,407.75,407.85,407.5,407.65,61695
2025-11-24 07:20:00,407.65,407.9,407.15,407.15,61428
2025-11-24 07:25:00,407.2,407.3,407.0,407.2,60065
2025-11-24 07:30:00,407.3,407.6,407.15,407.5,59900
2025-11-24 07:35:00,407.4,408.05,407.2,407.65,102482
2025-11-24 07:40:00,407.7,407.9,407.45,407.45,48406
2025-11-24 07:45:00,407.45,407.75,407.25,407.7,49155
2025-11-24 07:50:00,407.55,407.8,407.5,407.55,53087
2025-11-24 07:55:00,407.7,407.95,407.5,407.9,107496
2025-11-24 08:00:00,407.9,407.9,407.65,407.8,86340
2025-11-24 08:05:00,407.8,408.35,407.7,408.2,110960
2025-11-24 08:10:00,408.2,408.35,407.8,408.0,78141
2025-11-24 08:15:00,407.95,408.3,407.95,408.3,63839
2025-11-24 08:20:00,408.3,408.75,408.2,408.55,137952
2025-11-24 08:25:00,408.55,409.0,408.2,408.25,141183
2025-11-24 08:30:00,408.3,408.3,407.5,407.95,178192
2025-11-24 08:35:00,407.95,408.1,407.8,407.9,82039
2025-11-24 08:40:00,407.95,408.05,407.5,407.7,117751
2025-11-24 08:45:00,407.55,407.7,407.1,407.5,175175
2025-11-24 08:50:00,407.55,407.65,407.0,407.2,149502
2025-11-24 08:55:00,407.1,407.4,406.65,406.8,172031
2025-11-24 09:00:00,406.65,407.15,406.5,406.8,127429
2025-11-24 09:05:00,406.75,406.9,406.55,406.7,96737
2025-11-24 09:10:00,406.75,407.1,406.6,406.8,117441
2025-11-24 09:15:00,407.0,407.15,405.6,405.7,476202
2025-11-24 09:20:00,405.75,405.85,404.7,404.9,518493
2025-11-24 09:25:00,404.9,404.95,403.8,404.2,404013
2025-11-24 09:30:00,404.35,405.05,403.3,403.5,1852482
2025-11-24 09:35:00,403.55,404.15,403.45,404.05,1398660
2025-11-24 09:40:00,404.3,404.3,403.75,403.85,1936871
2025-11-24 09:45:00,403.85,404.15,403.35,403.6,2052389
2025-11-24 09:50:00,403.6,403.65,403.5,403.65,1733368
2025-11-24 09:55:00,403.6,404.2,401.0,402.9,2062923
2025-11-25 03:45:00,406.5,408.65,406.0,407.8,1227706
2025-11-25 03:50:00,407.75,407.95,406.65,407.9,383513
2025-11-25 03:55:00,407.55,408.4,407.4,407.65,380816
2025-11-25 04:00:00,407.65,407.95,407.05,407.35,196970
2025-11-25 04:05:00,407.5,407.5,406.55,406.95,210784
2025-11-25 04:10:00,406.95,407.05,406.25,406.7,228581
2025-11-25 04:15:00,406.8,407.55,406.45,407.0,207837
2025-11-25 04:20:00,407.1,407.1,406.6,406.6,81914
2025-11-25 04:25:00,406.6,408.05,406.6,408.0,161573
2025-11-25 04:30:00,407.9,408.8,407.9,408.25,257440
2025-11-25 04:35:00,408.2,408.4,407.7,408.4,109700
2025-11-25 04:40:00,408.3,408.75,408.15,408.3,119323
2025-11-25 04:45:00,408.3,409.65,408.0,409.4,338782
2025-11-25 04:50:00,409.5,410.0,409.25,409.95,302969
2025-11-25 04:55:00,409.9,410.3,409.6,409.8,272180
2025-11-25 05:00:00,409.85,410.2,409.8,410.1,127988
2025-11-25 05:05:00,410.2,410.65,409.8,410.0,354906
2025-11-25 05:10:00,410.0,410.15,409.75,409.8,81101
2025-11-25 05:15:00,409.8,410.55,409.8,410.3,217683
2025-11-25 05:20:00,410.2,410.45,409.8,409.85,104618
2025-11-25 05:25:00,409.95,409.95,409.15,409.25,124589
2025-11-25 05:30:00,409.15,409.5,409.0,409.4,124738
2025-11-25 05:35:00,409.5,409.65,409.3,409.5,90540
2025-11-25 05:40:00,409.5,409.95,409.3,409.8,152341
2025-11-25 05:45:00,409.8,409.9,409.55,409.9,57833
2025-11-25 05:50:00,409.9,409.9,409.0,409.65,89590
2025-11-25 05:55:00,409.65,409.95,409.45,409.95,65323
2025-11-25 06:00:00,409.9,410.0,409.65,409.9,107906
2025-11-25 06:05:00,410.0,410.1,409.6,409.85,147653
2025-11-25 06:10:00,409.8,410.0,409.4,409.5,57929
2025-11-25 06:15:00,409.45,409.75,409.45,409.75,47056
2025-11-25 06:20:00,409.8,410.15,409.7,410.15,70128
2025-11-25 06:25:00,410.1,410.25,409.95,410.2,55578
2025-11-25 06:30:00,410.1,410.2,410.0,410.2,61269
2025-11-25 06:35:00,410.15,410.8,410.1,410.8,304172
2025-11-25 06:40:00,410.8,411.0,410.65,410.95,153244
2025-11-25 06:45:00,410.95,411.4,410.8,410.95,204979
2025-11-25 06:50:00,410.9,410.95,410.6,410.85,71901
2025-11-25 06:55:00,410.85,411.4,410.65,411.2,98140
2025-11-25 07:00:00,411.1,411.3,411.0,411.25,73452
2025-11-25 07:05:00,411.15,411.35,411.1,411.25,65145
2025-11-25 07:10:00,411.1,411.35,411.05,411.25,69689
2025-11-25 07:15:00,411.2,411.4,411.2,411.35,74723
2025-11-25 07:20:00,411.4,411.4,411.0,411.1,75210
2025-11-25 07:25:00,411.05,411.4,410.8,411.4,115409
2025-11-25 07:30:00,411.4,411.4,410.4,410.9,110106
2025-11-25 07:35:00,411.0,411.25,410.85,411.0,61467
2025-11-25 07:40:00,411.0,411.35,410.95,411.25,66043
2025-11-25 07:45:00,411.35,411.4,410.85,410.85,59441
2025-11-25 07:50:00,410.95,410.95,410.55,410.8,71811
2025-11-25 07:55:00,410.7,411.25,410.7,411.15,65860
2025-11-25 08:00:00,411.15,411.2,410.8,410.95,66415
2025-11-25 08:05:00,411.0,411.0,410.75,410.9,57475
2025-11-25 08:10:00,410.9,411.1,410.7,410.85,214858
2025-11-25 08:15:00,410.9,411.3,410.8,411.25,63910
2025-11-25 08:20:00,411.3,411.3,410.9,411.25,72074
2025-11-25 08:25:00,411.25,411.3,411.0,411.3,48618
2025-11-25 08:30:00,411.2,411.9,411.2,411.9,136230
2025-11-25 08:35:00,411.9,412.3,411.7,412.3,218979
2025-11-25 08:40:00,412.25,412.4,411.8,412.05,135943
2025-11-25 08:45:00,412.0,412.35,411.5,411.8,232846
2025-11-25 08:50:00,411.8,411.95,411.4,411.5,159933
2025-11-25 08:55:00,411.5,411.6,411.0,411.05,167968
2025-11-25 09:00:00,411.0,411.25,410.45,411.05,213370
2025-11-25 09:05:00,410.95,411.05,410.5,410.55,95794
2025-11-25 09:10:00,410.75,410.85,410.4,410.8,167942
2025-11-25 09:15:00,410.8,410.85,410.3,410.55,151687
2025-11-25 09:20:00,410.65,410.7,410.2,410.25,184869
2025-11-25 09:25:00,410.25,410.55,410.05,410.05,158818
2025-11-25 09:30:00,410.1,410.35,409.45,409.65,622947
2025-11-25 09:35:00,409.7,410.5,409.65,410.35,468527
2025-11-25 09:40:00,410.3,410.45,410.05,410.05,396665
2025-11-25 09:45:00,410.15,410.7,410.0,410.65,519698
2025-11-25 09:50:00,410.6,410.9,410.55,410.65,572839
2025-11-25 09:55:00,410.6,410.75,409.8,410.1,486657
2025-11-26 03:45:00,410.25,410.4,408.5,409.5,419501
2025-11-26 03:50:00,409.55,410.5,409.5,410.5,190899
2025-11-26 03:55:00,410.5,411.4,410.5,411.15,212958
2025-11-26 04:00:00,411.15,411.55,410.85,411.4,175054
2025-11-26 04:05:00,411.25,411.55,410.6,410.7,153676
2025-11-26 04:10:00,410.55,410.85,410.45,410.85,64919
2025-11-26 04:15:00,410.75,411.75,410.75,411.7,150135
2025-11-26 04:20:00,411.7,411.95,411.65,411.8,114639
2025-11-26 04:25:00,411.85,411.9,411.4,411.6,90222
2025-11-26 04:30:00,411.6,412.3,411.5,412.3,131727
2025-11-26 04:35:00,412.3,412.8,412.2,412.5,137647
2025-11-26 04:40:00,412.5,412.5,411.7,411.85,72159
2025-11-26 04:45:00,411.85,412.35,411.8,412.35,67251
2025-11-26 04:50:00,412.25,412.8,412.05,412.5,98153
2025-11-26 04:55:00,412.35,412.5,412.0,412.1,42116
2025-11-26 05:00:00,412.05,412.4,412.0,412.35,54388
2025-11-26 05:05:00,412.25,412.6,412.05,412.6,47890
2025-11-26 05:10:00,412.55,412.6,412.25,412.55,53811
2025-11-26 05:15:00,412.6,413.65,412.5,412.9,193242
2025-11-26 05:20:00,412.85,413.35,412.7,413.05,62276
2025-11-26 05:25:00,413.1,413.2,412.75,412.85,55424
2025-11-26 05:30:00,412.8,412.9,412.75,412.8,32878
2025-11-26 05:35:00,412.75,412.8,412.3,412.4,67384
2025-11-26 05:40:00,412.35,412.5,411.8,411.9,95206
2025-11-26 05:45:00,411.85,412.6,411.85,412.45,89160
2025-11-26 05:50:00,412.45,412.9,412.25,412.8,51996
2025-11-26 05:55:00,412.8,412.95,412.5,412.5,58611
2025-11-26 06:00:00,412.6,413.45,412.25,413.4,108184
2025-11-26 06:05:00,413.35,413.5,413.2,413.35,95833
2025-11-26 06:10:00,413.4,414.45,413.2,413.35,198152
2025-11-26 06:15:00,413.3,414.2,413.15,414.1,61098
2025-11-26 06:20:00,414.15,414.45,413.8,413.8,75998
2025-11-26 06:25:00,413.9,413.9,413.8,413.85,35578
2025-11-26 06:30:00,413.9,413.9,413.55,413.6,35388
2025-11-26 06:35:00,413.6,414.2,413.55,414.05,54181
2025-11-26 06:40:00,414.1,414.7,414.05,414.65,84145
2025-11-26 06:45:00,414.6,414.6,414.05,414.4,68653
2025-11-26 06:50:00,414.35,414.75,414.1,414.7,88870
2025-11-26 06:55:00,414.65,414.8,414.25,414.55,102127
2025-11-26 07:00:00,414.45,414.7,414.4,414.55,59330
2025-11-26 07:05:00,414.55,414.9,414.0,414.5,244646
2025-11-26 07:10:00,414.5,414.7,414.1,414.65,60000
2025-11-26 07:15:00,414.65,414.9,414.6,414.6,82758
2025-11-26 07:20:00,414.65,414.75,414.6,414.65,82996
2025-11-26 07:25:00,414.65,414.7,414.05,414.7,83864
2025-11-26 07:30:00,414.7,415.3,414.55,415.15,190766
2025-11-26 07:35:00,415.15,415.45,415.15,415.4,59035
2025-11-26 07:40:00,415.3,415.75,415.05,415.35,126537
2025-11-26 07:45:00,415.35,415.5,415.0,415.0,52029
2025-11-26 07:50:00,415.05,415.2,414.55,414.6,129511
2025-11-26 07:55:00,414.5,414.8,414.25,414.55,63638
2025-11-26 08:00:00,414.55,415.2,414.5,415.2,61559
2025-11-26 08:05:00,415.2,415.5,414.85,415.5,86507
2025-11-26 08:10:00,415.55,415.8,415.45,415.75,65182
2025-11-26 08:15:00,415.8,416.45,415.65,416.3,218354
2025-11-26 08:20:00,416.35,416.5,416.05,416.05,86867
2025-11-26 08:25:00,416.1,416.3,415.75,415.85,82816
2025-11-26 08:30:00,415.85,416.4,415.8,415.85,169382
2025-11-26 08:35:00,415.85,415.95,415.4,415.8,84885
2025-11-26 08:40:00,415.85,415.95,415.3,415.5,81378
2025-11-26 08:45:00,415.4,416.0,415.3,415.7,106850
2025-11-26 08:50:00,415.75,416.0,415.55,415.6,68892
2025-11-26 08:55:00,415.6,415.95,415.3,415.35,119162
2025-11-26 09:00:00,415.4,415.75,415.25,415.5,74413
2025-11-26 09:05:00,415.65,415.7,415.0,415.05,81435
2025-11-26 09:10:00,415.1,415.4,415.0,415.05,125230
2025-11-26 09:15:00,415.1,415.3,414.9,415.0,194765
2025-11-26 09:20:00,415.0,415.05,414.4,414.9,149177
2025-11-26 09:25:00,414.9,414.95,414.45,414.9,146256
2025-11-26 09:30:00,414.85,415.75,414.85,415.75,141106
2025-11-26 09:35:00,415.75,415.75,415.55,415.75,129220
2025-11-26 09:40:00,415.75,415.75,415.1,415.2,218771
2025-11-26 09:45:00,415.35,415.55,415.05,415.45,163610
2025-11-26 09:50:00,415.5,415.55,414.7,415.0,229892
2025-11-26 09:55:00,415.1,415.35,414.85,415.25,172295
2025-11-27 03:45:00,415.3,417.3,414.65,416.85,344345
2025-11-27 03:50:00,416.85,416.9,416.0,416.3,136588
2025-11-27 03:55:00,416.1,416.45,415.45,416.25,131877
2025-11-27 04:00:00,416.4,417.0,416.15,416.6,97989
2025-11-27 04:05:00,416.65,416.65,415.15,415.3,85694
2025-11-27 04:10:00,415.45,415.6,414.7,414.8,123157
2025-11-27 04:15:00,414.8,415.85,414.4,415.85,114677
2025-11-27 04:20:00,415.85,416.9,415.75,415.9,124569
2025-11-27 04:25:00,415.8,416.35,415.4,415.6,90996
2025-11-27 04:30:00,415.5,416.5,415.5,416.3,73048
2025-11-27 04:35:00,416.4,416.5,416.05,416.1,30507
2025-11-27 04:40:00,416.1,416.1,415.2,415.4,64037
2025-11-27 04:45:00,415.2,416.05,415.15,416.0,50926
2025-11-27 04:50:00,415.9,416.75,415.7,415.75,51322
2025-11-27 04:55:00,415.75,416.0,415.5,415.95,35623
2025-11-27 05:00:00,416.0,416.3,415.85,416.3,44366
2025-11-27 05:05:00,416.3,416.4,416.05,416.35,27955
2025-11-27 05:10:00,416.25,416.4,416.0,416.05,29191
2025-11-27 05:15:00,416.0,416.35,415.85,416.35,39590
2025-11-27 05:20:00,416.15,416.35,415.6,415.7,19903
2025-11-27 05:25:00,415.5,415.75,415.45,415.6,33293
2025-11-27 05:30:00,415.65,415.85,415.5,415.55,24804
2025-11-27 05:35:00,415.55,415.65,415.5,415.5,17444
2025-11-27 05:40:00,415.55,415.65,415.3,415.5,32475
2025-11-27 05:45:00,415.5,415.6,415.25,415.4,32399
2025-11-27 05:50:00,415.35,415.4,415.05,415.15,40266
2025-11-27 05:55:00,415.2,415.45,415.05,415.05,37415
2025-11-27 06:00:00,415.1,415.15,414.6,414.75,93968
2025-11-27 06:05:00,414.75,415.45,414.65,415.3,40834
2025-11-27 06:10:00,415.45,415.45,415.05,415.25,23777
2025-11-27 06:15:00,415.25,415.55,414.65,414.65,55463
2025-11-27 06:20:00,414.8,414.85,414.55,414.65,47782
2025-11-27 06:25:00,414.6,414.95,414.6,414.9,42858
2025-11-27 06:30:00,414.95,415.35,414.8,414.85,33919
2025-11-27 06:35:00,414.9,414.9,414.45,414.45,63222
2025-11-27 06:40:00,414.5,414.75,414.4,414.5,21934
2025-11-27 06:45:00,414.55,414.6,414.35,414.45,27227
2025-11-27 06:50:00,414.55,414.65,414.0,414.05,56424
2025-11-27 06:55:00,414.2,414.35,413.7,414.1,55130
2025-11-27 07:00:00,414.2,414.4,413.8,413.9,26173
2025-11-27 07:05:00,413.9,414.15,413.8,414.0,34711
2025-11-27 07:10:00,414.0,414.5,413.95,414.45,25796
2025-11-27 07:15:00,414.45,414.75,414.2,414.35,30668
2025-11-27 07:20:00,414.35,414.35,413.8,413.85,40207
2025-11-27 07:25:00,413.8,414.0,413.6,413.75,39565
2025-11-27 07:30:00,413.7,413.75,413.15,413.3,63958
2025-11-27 07:35:00,413.3,413.55,413.2,413.3,42847
2025-11-27 07:40:00,413.3,413.3,412.35,412.45,91150
2025-11-27 07:45:00,412.4,412.75,412.1,412.55,65268
2025-11-27 07:50:00,412.6,412.6,412.2,412.2,36675
2025-11-27 07:55:00,412.25,412.5,412.0,412.5,52946
2025-11-27 08:00:00,412.5,413.55,412.1,413.15,137691
2025-11-27 08:05:00,413.2,413.2,412.7,412.8,36653
2025-11-27 08:10:00,412.8,412.9,412.5,412.7,34641
2025-11-27 08:15:00,412.7,413.3,412.5,413.05,46708
2025-11-27 08:20:00,413.1,413.7,413.0,413.7,51264
2025-11-27 08:25:00,413.65,413.7,413.2,413.6,50360
2025-11-27 08:30:00,413.6,413.8,413.05,413.1,47723
2025-11-27 08:35:00,413.15,413.45,412.85,413.3,40175
2025-11-27 08:40:00,413.35,413.8,413.2,413.4,53551
2025-11-27 08:45:00,413.45,413.5,413.0,413.0,31408
2025-11-27 08:50:00,413.0,413.65,412.95,413.25,128153
2025-11-27 08:55:00,413.3,413.6,413.15,413.3,40914
2025-11-27 09:00:00,413.35,413.35,412.75,413.15,96333
2025-11-27 09:05:00,413.1,413.3,413.1,413.1,33290
2025-11-27 09:10:00,413.15,413.25,412.85,413.15,78175
2025-11-27 09:15:00,413.2,413.25,412.75,412.9,33332
2025-11-27 09:20:00,412.9,412.9,412.25,412.25,64160
2025-11-27 09:25:00,412.4,412.95,412.2,412.75,116070
2025-11-27 09:30:00,412.65,413.2,412.55,412.95,99297
2025-11-27 09:35:00,413.0,413.2,412.55,413.2,138139
2025-11-27 09:40:00,413.15,413.2,412.9,412.9,129593
2025-11-27 09:45:00,412.95,413.25,412.75,413.0,271128
2025-11-27 09:50:00,413.0,413.4,412.95,413.25,195862
2025-11-27 09:55:00,413.3,413.4,413.0,413.35,187648
2025-11-28 03:45:00,414.0,414.9,413.35,413.7,266391
2025-11-28 03:50:00,413.65,413.7,413.0,413.3,149240
2025-11-28 03:55:00,413.1,413.6,412.8,412.9,83260
2025-11-28 04:00:00,412.85,414.85,412.85,414.55,131687
2025-11-28 04:05:00,414.7,414.7,413.8,413.95,81397
2025-11-28 04:10:00,413.95,415.25,413.95,414.4,128372
2025-11-28 04:15:00,414.4,414.45,413.8,414.1,54825
2025-11-28 04:20:00,414.0,414.15,413.6,413.8,56788
2025-11-28 04:25:00,413.65,413.8,412.2,412.7,76467
2025-11-28 04:30:00,412.6,413.15,412.5,413.0,45883
2025-11-28 04:35:00,413.0,413.05,412.7,412.9,23956
2025-11-28 04:40:00,412.95,414.0,412.9,413.7,91174
2025-11-28 04:45:00,413.6,413.95,413.1,413.9,58694
2025-11-28 04:50:00,413.8,413.95,413.35,413.7,28662
2025-11-28 04:55:00,413.7,413.95,413.5,413.9,46572
2025-11-28 05:00:00,413.9,414.25,413.65,414.1,53596
2025-11-28 05:05:00,414.0,414.15,413.5,414.1,34237
2025-11-28 05:10:00,414.0,414.15,413.75,413.95,16276
2025-11-28 05:15:00,414.0,414.0,413.5,413.65,21593
2025-11-28 05:20:00,413.5,414.35,413.5,414.25,34906
2025-11-28 05:25:00,414.1,414.75,414.1,414.6,60313
2025-11-28 05:30:00,414.6,414.65,414.25,414.4,23456
2025-11-28 05:35:00,414.45,414.45,414.1,414.25,30070
2025-11-28 05:40:00,414.15,414.6,414.15,414.55,21095
2025-11-28 05:45:00,414.5,414.55,414.1,414.1,22445
2025-11-28 05:50:00,414.2,414.3,412.6,412.65,75986
2025-11-28 05:55:00,412.65,413.0,412.5,412.55,63464
2025-11-28 06:00:00,412.55,412.6,412.1,412.3,64409
2025-11-28 06:05:00,412.3,412.55,412.05,412.1,66545
2025-11-28 06:10:00,412.05,412.45,411.7,412.1,113807
2025-11-28 06:15:00,412.1,412.65,411.95,412.55,52695
2025-11-28 06:20:00,412.45,412.7,412.2,412.5,42900
2025-11-28 06:25:00,412.5,412.8,412.3,412.45,45739
2025-11-28 06:30:00,412.65,412.9,412.4,412.6,49646
2025-11-28 06:35:00,412.6,412.95,412.5,412.65,46154
2025-11-28 06:40:00,412.65,412.65,412.0,412.2,58900
2025-11-28 06:45:00,412.2,412.45,411.5,411.55,95163
2025-11-28 06:50:00,411.55,411.55,411.0,411.15,83345
2025-11-28 06:55:00,411.15,411.15,410.5,410.5,77175
2025-11-28 07:00:00,410.5,410.65,410.05,410.5,96462
2025-11-28 07:05:00,410.5,410.5,410.0,410.05,68108
2025-11-28 07:10:00,410.05,410.5,410.0,410.3,51676
2025-11-28 07:15:00,410.3,410.5,409.0,409.05,213149
2025-11-28 07:20:00,409.0,409.15,408.65,408.8,104746
2025-11-28 07:25:00,408.8,409.85,408.75,409.85,78499
2025-11-28 07:30:00,409.7,410.0,409.6,409.95,63424
2025-11-28 07:35:00,409.9,409.95,409.35,409.7,58328
2025-11-28 07:40:00,409.7,409.8,409.4,409.75,46194
2025-11-28 07:45:00,409.75,409.8,409.6,409.7,47951
2025-11-28 07:50:00,409.6,410.0,409.5,409.9,102509
2025-11-28 07:55:00,409.85,409.95,409.6,409.85,54989
2025-11-28 08:00:00,409.85,410.8,409.65,410.75,86448
2025-11-28 08:05:00,410.75,410.75,410.0,410.0,108645
2025-11-28 08:10:00,410.0,410.0,409.6,409.8,56524
2025-11-28 08:15:00,409.75,409.95,409.65,409.9,68416
2025-11-28 08:20:00,409.9,409.95,409.7,409.8,42410
2025-11-28 08:25:00,409.8,410.2,409.75,409.95,57219
2025-11-28 08:30:00,409.95,410.1,409.75,409.8,51847
2025-11-28 08:35:00,409.9,409.9,409.75,409.8,44068
2025-11-28 08:40:00,409.8,409.85,409.5,409.55,60709
2025-11-28 08:45:00,409.5,409.75,409.3,409.65,66975
2025-11-28 08:50:00,409.65,409.7,409.5,409.6,56759
2025-11-28 08:55:00,409.6,409.7,409.45,409.55,56519
2025-11-28 09:00:00,409.55,410.0,409.5,409.9,87005
2025-11-28 09:05:00,409.9,410.0,409.6,409.9,74603
2025-11-28 09:10:00,409.9,409.95,409.4,409.6,71495
2025-11-28 09:15:00,409.6,410.5,409.3,409.55,99648
2025-11-28 09:20:00,409.55,410.15,409.3,410.15,65817
2025-11-28 09:25:00,410.0,410.35,410.0,410.1,72791
2025-11-28 09:30:00,410.15,412.5,410.05,412.25,325074
2025-11-28 09:35:00,412.2,412.6,411.25,411.7,373519
2025-11-28 09:40:00,411.65,412.0,411.5,411.55,255090
2025-11-28 09:45:00,411.55,411.9,411.3,411.7,295541
2025-11-28 09:50:00,411.7,412.3,411.6,412.0,323823
2025-11-28 09:55:00,412.1,412.35,411.45,411.55,293870
2025-12-01 03:45:00,415.9,417.2,414.0,416.7,747094
2025-12-01 03:50:00,416.5,416.95,415.9,416.0,189721
2025-12-01 03:55:00,416.05,416.1,415.0,415.55,194178
2025-12-01 04:00:00,415.55,416.4,415.3,416.2,157165
2025-12-01 04:05:00,416.2,416.9,415.75,416.5,181670
2025-12-01 04:10:00,416.5,416.5,415.15,415.45,72845
2025-12-01 04:15:00,415.55,416.15,415.3,416.15,94177
2025-12-01 04:20:00,416.0,416.15,415.1,415.35,69736
2025-12-01 04:25:00,415.25,415.35,414.85,414.9,101000
2025-12-01 04:30:00,415.0,415.6,414.75,415.05,63816
2025-12-01 04:35:00,415.1,415.5,415.0,415.3,40300
2025-12-01 04:40:00,415.15,415.45,415.05,415.15,45221
2025-12-01 04:45:00,415.15,415.5,415.05,415.25,47212
2025-12-01 04:50:00,415.3,415.3,414.8,415.0,54710
2025-12-01 04:55:00,415.0,415.1,414.8,415.1,41512
2025-12-01 05:00:00,415.1,416.0,414.9,415.5,107878
2025-12-01 05:05:00,415.55,415.7,415.05,415.25,37979
2025-12-01 05:10:00,415.25,415.65,415.05,415.4,49851
2025-12-01 05:15:00,415.5,415.55,415.05,415.3,61079
2025-12-01 05:20:00,415.25,415.3,414.6,414.6,41075
2025-12-01 05:25:00,414.75,414.95,414.55,414.9,54776
2025-12-01 05:30:00,414.9,415.25,414.5,414.9,46926
2025-12-01 05:35:00,414.9,414.9,414.35,414.5,80453
2025-12-01 05:40:00,414.65,414.8,414.25,414.6,111521
2025-12-01 05:45:00,414.55,415.0,414.4,414.95,33918
2025-12-01 05:50:00,415.0,415.3,414.8,415.3,28772
2025-12-01 05:55:00,415.3,415.45,415.0,415.2,35740
2025-12-01 06:00:00,415.15,415.45,415.0,415.4,26066
2025-12-01 06:05:00,415.35,415.4,415.1,415.15,30550
2025-12-01 06:10:00,415.1,415.3,414.1,414.45,115440
2025-12-01 06:15:00,414.45,414.6,413.55,414.05,136571
2025-12-01 06:20:00,414.2,414.2,413.5,413.95,53921
2025-12-01 06:25:00,413.9,414.1,413.65,413.8,54285
2025-12-01 06:30:00,413.8,413.95,413.55,413.7,60689
2025-12-01 06:35:00,413.7,414.2,413.55,413.85,58581
2025-12-01 06:40:00,413.9,414.05,413.5,414.0,99083
2025-12-01 06:45:00,414.0,414.1,413.5,413.9,64707
2025-12-01 06:50:00,413.8,414.6,413.6,414.45,75779
2025-12-01 06:55:00,414.6,414.95,414.4,414.75,48851
2025-12-01 07:00:00,414.65,414.85,414.15,414.75,69548
2025-12-01 07:05:00,414.75,415.25,414.5,415.2,121481
2025-12-01 07:10:00,415.25,415.25,414.4,414.85,70622
2025-12-01 07:15:00,414.85,415.25,414.55,415.25,41882
2025-12-01 07:20:00,415.2,415.25,414.9,415.15,48593
2025-12-01 07:25:00,415.1,415.45,414.95,415.25,44937
2025-12-01 07:30:00,415.35,415.4,415.0,415.3,38768
2025-12-01 07:35:00,415.3,415.8,415.2,415.5,76024
2025-12-01 07:40:00,415.5,415.6,415.25,415.35,34500
2025-12-01 07:45:00,415.4,415.6,415.3,415.6,39176
2025-12-01 07:50:00,415.6,415.7,415.3,415.5,43113
2025-12-01 07:55:00,415.5,415.5,415.15,415.35,29652
2025-12-01 08:00:00,415.3,415.35,414.8,415.2,178924
2025-12-01 08:05:00,415.25,415.55,415.1,415.5,47093
2025-12-01 08:10:00,415.5,415.55,415.15,415.3,45783
2025-12-01 08:15:00,415.2,415.5,415.05,415.45,51795
2025-12-01 08:20:00,415.45,415.5,414.85,415.4,115834
2025-12-01 08:25:00,415.35,416.25,415.3,416.2,153994
2025-12-01 08:30:00,416.2,418.2,416.0,418.05,564541
2025-12-01 08:35:00,418.0,418.3,417.7,417.85,323432
2025-12-01 08:40:00,417.85,418.0,417.2,417.95,159399
2025-12-01 08:45:00,417.95,418.7,417.85,418.6,217566
2025-12-01 08:50:00,418.6,419.2,418.5,418.9,363427
2025-12-01 08:55:00,418.9,418.95,417.6,418.15,263194
2025-12-01 09:00:00,418.15,418.25,417.75,418.2,156457
2025-12-01 09:05:00,418.05,418.4,417.85,417.85,181349
2025-12-01 09:10:00,417.85,418.15,417.8,418.05,151957
2025-12-01 09:15:00,418.0,418.05,417.45,417.8,195618
2025-12-01 09:20:00,417.8,417.85,416.85,417.1,331365
2025-12-01 09:25:00,417.1,417.1,416.45,416.7,260564
2025-12-01 09:30:00,416.7,417.5,416.7,417.25,257126
2025-12-01 09:35:00,417.25,417.4,417.1,417.4,181746
2025-12-01 09:40:00,417.4,417.7,417.35,417.55,258761
2025-12-01 09:45:00,417.6,417.6,417.05,417.2,282575
2025-12-01 09:50:00,417.2,417.25,417.0,417.2,268244
2025-12-01 09:55:00,417.2,417.35,417.0,417.0,281596
2025-12-02 03:45:00,418.05,418.5,415.65,417.05,470621
2025-12-02 03:50:00,417.1,418.65,416.85,417.45,419076
2025-12-02 03:55:00,417.45,417.8,417.15,417.45,194505
2025-12-02 04:00:00,417.4,417.5,416.55,416.7,138695
2025-12-02 04:05:00,416.7,417.0,416.4,416.85,91948
2025-12-02 04:10:00,416.85,416.9,416.05,416.2,103159
2025-12-02 04:15:00,416.1,416.9,416.1,416.5,74037
2025-12-02 04:20:00,416.55,416.65,416.0,416.2,93100
2025-12-02 04:25:00,416.3,416.65,416.15,416.3,59003
2025-12-02 04:30:00,416.3,416.5,415.8,415.85,78820
2025-12-02 04:35:00,416.0,416.05,415.25,415.25,100102
2025-12-02 04:40:00,415.45,415.5,415.1,415.1,82005
2025-12-02 04:45:00,415.1,415.5,414.9,415.2,186512
2025-12-02 04:50:00,415.2,415.5,415.1,415.4,43601
2025-12-02 04:55:00,415.4,415.55,415.35,415.55,41686
2025-12-02 05:00:00,415.5,415.65,415.2,415.3,58291
2025-12-02 05:05:00,415.2,415.25,414.45,414.8,271671
2025-12-02 05:10:00,414.8,415.3,414.8,414.95,103997
2025-12-02 05:15:00,415.0,415.05,414.7,415.0,159134
2025-12-02 05:20:00,415.0,415.5,413.8,413.9,190588
2025-12-02 05:25:00,413.9,413.9,413.25,413.7,124637
2025-12-02 05:30:00,413.7,414.0,413.5,413.95,88177
2025-12-02 05:35:00,414.0,414.7,413.9,413.9,248378
2025-12-02 05:40:00,413.7,413.7,413.0,413.2,87939
2025-12-02 05:45:00,413.15,413.45,413.05,413.45,59870
2025-12-02 05:50:00,413.45,413.45,413.05,413.25,42180
2025-12-02 05:55:00,413.25,413.25,412.5,412.55,331689
2025-12-02 06:00:00,412.5,412.65,411.75,412.15,243461
2025-12-02 06:05:00,412.15,412.6,412.0,412.35,91123
2025-12-02 06:10:00,412.4,412.8,412.05,412.45,44912
2025-12-02 06:15:00,412.45,412.5,412.2,412.5,35115
2025-12-02 06:20:00,412.5,412.7,412.25,412.5,57040
2025-12-02 06:25:00,412.55,412.6,412.05,412.55,47759
2025-12-02 06:30:00,412.5,412.75,412.3,412.6,68572
2025-12-02 06:35:00,412.6,412.9,412.5,412.55,44187
2025-12-02 06:40:00,412.5,412.55,412.05,412.1,42009
2025-12-02 06:45:00,412.15,412.15,411.35,411.9,164291
2025-12-02 06:50:00,411.9,412.2,411.75,412.05,38057
2025-12-02 06:55:00,412.05,412.25,411.9,412.25,35785
2025-12-02 07:00:00,412.25,412.5,412.05,412.3,55599
2025-12-02 07:05:00,412.35,412.55,412.2,412.4,37738
2025-12-02 07:10:00,412.3,412.5,412.0,412.0,42631
2025-12-02 07:15:00,412.1,412.35,411.95,412.1,60487
2025-12-02 07:20:00,412.2,412.3,412.0,412.0,41661
2025-12-02 07:25:00,412.05,412.75,411.9,412.75,95622
2025-12-02 07:30:00,412.7,412.8,411.55,411.7,1452514
2025-12-02 07:35:00,411.75,412.25,411.45,412.2,153565
2025-12-02 07:40:00,412.2,412.2,411.65,411.8,33099
2025-12-02 07:45:00,411.9,412.2,411.75,411.8,88603
2025-12-02 07:50:00,411.85,411.85,411.15,411.35,177032
2025-12-02 07:55:00,411.3,411.4,411.1,411.2,66331
2025-12-02 08:00:00,411.2,411.3,411.0,411.15,58464
2025-12-02 08:05:00,411.15,411.7,411.1,411.3,42740
2025-12-02 08:10:00,411.3,411.35,411.15,411.25,56766
2025-12-02 08:15:00,411.25,411.95,411.25,411.9,52924
2025-12-02 08:20:00,411.85,412.15,411.85,411.95,59416
2025-12-02 08:25:00,411.9,412.35,411.9,412.2,49868
2025-12-02 08:30:00,412.2,412.5,412.0,412.2,188573
2025-12-02 08:35:00,412.25,412.4,412.0,412.35,166271
2025-12-02 08:40:00,412.35,412.35,412.0,412.0,44296
2025-12-02 08:45:00,412.05,412.25,412.0,412.05,53862
2025-12-02 08:50:00,412.0,412.05,412.0,412.05,84644
2025-12-02 08:55:00,412.05,412.3,412.0,412.0,97501
2025-12-02 09:00:00,412.05,412.05,412.0,412.0,49700
2025-12-02 09:05:00,412.05,412.3,412.0,412.05,234654
2025-12-02 09:10:00,412.15,412.3,412.0,412.25,83658
2025-12-02 09:15:00,412.2,412.6,412.15,412.6,124481
2025-12-02 09:20:00,412.6,412.65,412.25,412.4,122204
2025-12-02 09:25:00,412.4,412.55,412.25,412.45,102018
2025-12-02 09:30:00,412.45,412.8,412.3,412.6,338331
2025-12-02 09:35:00,412.6,413.15,412.5,413.15,264678
2025-12-02 09:40:00,413.15,413.3,412.95,413.05,291658
2025-12-02 09:45:00,413.0,413.1,412.95,413.05,473150
2025-12-02 09:50:00,413.05,413.5,413.0,413.4,490242
2025-12-02 09:55:00,413.4,413.5,413.0,413.1,460862
2025-12-03 03:45:00,412.0,412.7,409.75,410.95,379896
2025-12-03 03:50:00,410.95,411.4,410.15,410.6,145619
2025-12-03 03:55:00,410.5,410.6,408.0,408.35,651682
2025-12-03 04:00:00,408.25,409.2,407.15,407.3,422654
2025-12-03 04:05:00,407.3,408.3,407.0,407.7,187132
2025-12-03 04:10:00,407.7,408.4,407.6,408.1,117430
2025-12-03 04:15:00,408.05,408.5,407.75,408.35,166473
2025-12-03 04:20:00,408.4,409.35,408.35,408.85,214941
2025-12-03 04:25:00,408.95,409.1,408.75,409.1,218478
2025-12-03 04:30:00,409.1,409.2,408.1,408.15,115597
2025-12-03 04:35:00,408.2,408.25,407.3,407.5,199234
2025-12-03 04:40:00,407.4,408.15,407.4,407.75,64180
2025-12-03 04:45:00,407.8,407.95,407.5,407.5,70242
2025-12-03 04:50:00,407.55,407.95,407.45,407.75,53543
2025-12-03 04:55:00,407.85,407.95,406.25,406.65,241658
2025-12-03 05:00:00,406.7,407.15,406.25,406.9,117249
2025-12-03 05:05:00,407.0,407.05,406.65,406.8,89394
2025-12-03 05:10:00,406.8,406.8,406.3,406.55,149139
2025-12-03 05:15:00,406.65,407.0,406.3,406.4,72496
2025-12-03 05:20:00,406.4,406.8,405.5,405.7,264156
2025-12-03 05:25:00,405.6,405.85,405.6,405.7,91905
2025-12-03 05:30:00,405.7,405.9,405.55,405.55,66001
2025-12-03 05:35:00,405.7,405.7,405.0,405.2,255787
2025-12-03 05:40:00,405.25,405.6,404.5,404.8,181940
2025-12-03 05:45:00,404.75,405.45,404.75,404.8,74204
2025-12-03 05:50:00,404.75,405.0,404.35,404.8,104261
2025-12-03 05:55:00,404.8,405.25,404.75,405.25,59545
2025-12-03 06:00:00,405.25,405.95,404.9,405.85,99606
2025-12-03 06:05:00,405.85,406.5,405.8,406.4,124804
2025-12-03 06:10:00,406.3,406.4,405.55,405.9,184324
2025-12-03 06:15:00,405.85,406.05,405.85,406.0,47200
2025-12-03 06:20:00,406.0,406.0,405.55,405.65,36679
2025-12-03 06:25:00,405.75,405.75,405.35,405.6,48253
2025-12-03 06:30:00,405.65,405.85,404.8,405.6,285012
2025-12-03 06:35:00,405.6,405.7,404.85,405.1,243960
2025-12-03 06:40:00,405.05,405.9,405.0,405.75,42382
2025-12-03 06:45:00,405.6,405.8,405.5,405.8,34790
2025-12-03 06:50:00,405.75,406.0,405.65,405.9,69029
2025-12-03 06:55:00,405.8,406.0,405.8,406.0,51504
2025-12-03 07:00:00,406.0,406.0,405.35,405.4,111990
2025-12-03 07:05:00,405.3,405.6,405.2,405.3,41572
2025-12-03 07:10:00,405.2,405.3,404.9,405.15,96183
2025-12-03 07:15:00,405.1,405.3,405.0,405.15,30047
2025-12-03 07:20:00,405.15,405.25,404.9,405.0,69913
2025-12-03 07:25:00,405.05,405.25,404.9,405.15,39488
2025-12-03 07:30:00,405.25,405.4,405.0,405.4,29195
2025-12-03 07:35:00,405.25,405.45,405.2,405.4,21896
2025-12-03 07:40:00,405.4,405.8,405.3,405.75,44564
2025-12-03 07:45:00,405.65,405.8,405.25,405.3,88207
2025-12-03 07:50:00,405.25,405.65,404.6,404.8,279005
2025-12-03 07:55:00,404.7,405.0,404.7,405.0,42932
2025-12-03 08:00:00,404.9,405.25,404.9,405.25,84175
2025-12-03 08:05:00,405.1,405.2,404.85,405.0,96482
2025-12-03 08:10:00,404.9,405.1,404.8,404.9,55689
2025-12-03 08:15:00,404.85,404.9,403.4,403.7,447005
2025-12-03 08:20:00,403.7,404.0,403.4,403.9,179362
2025-12-03 08:25:00,403.75,404.35,403.75,404.3,80841
2025-12-03 08:30:00,404.3,404.3,404.0,404.15,48943
2025-12-03 08:35:00,404.15,404.7,404.1,404.45,142281
2025-12-03 08:40:00,404.45,404.65,404.25,404.6,92342
2025-12-03 08:45:00,404.6,404.65,404.15,404.2,73988
2025-12-03 08:50:00,404.15,404.9,404.15,404.6,119765
2025-12-03 08:55:00,404.55,404.65,404.0,404.05,185115
2025-12-03 09:00:00,404.0,404.1,403.4,403.5,110613
2025-12-03 09:05:00,403.55,403.65,403.4,403.55,77307
2025-12-03 09:10:00,403.5,403.65,403.45,403.65,65697
2025-12-03 09:15:00,403.5,403.7,403.5,403.65,125311
2025-12-03 09:20:00,403.65,404.0,403.5,403.7,202095
2025-12-03 09:25:00,403.7,404.25,403.65,404.2,147956
2025-12-03 09:30:00,404.2,404.25,403.5,403.6,394549
2025-12-03 09:35:00,403.6,404.2,403.55,404.05,729886
2025-12-03 09:40:00,404.1,404.2,403.65,403.95,445177
2025-12-03 09:45:00,403.85,403.95,403.55,403.7,465582
2025-12-03 09:50:00,403.75,404.05,403.65,403.95,545417
2025-12-03 09:55:00,403.9,404.75,403.75,404.65,398858
2025-12-04 03:45:00,405.8,405.9,401.75,404.05,763289
2025-12-04 03:50:00,404.0,404.55,402.75,404.4,259753
2025-12-04 03:55:00,404.4,406.6,404.1,406.4,328144
2025-12-04 04:00:00,406.4,408.1,406.05,407.2,480114
2025-12-04 04:05:00,407.2,407.6,406.05,406.35,278936
2025-12-04 04:10:00,406.3,406.7,405.85,406.7,115780
2025-12-04 04:15:00,406.55,406.7,405.55,405.8,115238
2025-12-04 04:20:00,405.8,406.35,405.6,405.75,71652
2025-12-04 04:25:00,405.75,406.15,405.65,405.95,55818
2025-12-04 04:30:00,405.95,406.3,405.8,406.05,62650
2025-12-04 04:35:00,406.0,406.1,405.35,405.5,94984
2025-12-04 04:40:00,405.5,406.95,405.35,406.95,98627
2025-12-04 04:45:00,406.95,407.05,406.0,406.5,100655
2025-12-04 04:50:00,406.55,406.6,406.3,406.35,40386
2025-12-04 04:55:00,406.4,406.7,406.3,406.65,39527
2025-12-04 05:00:00,406.6,406.8,406.15,406.4,41587
2025-12-04 05:05:00,406.35,406.85,406.35,406.65,56286
2025-12-04 05:10:00,406.65,406.85,406.4,406.75,38332
2025-12-04 05:15:00,406.8,406.9,406.55,406.65,70531
2025-12-04 05:20:00,406.55,406.9,406.4,406.6,49161
2025-12-04 05:25:00,406.6,406.65,406.3,406.45,67429
2025-12-04 05:30:00,406.45,406.6,406.2,406.55,30575
2025-12-04 05:35:00,406.6,406.7,406.1,406.1,30922
2025-12-04 05:40:00,406.15,406.3,405.6,406.0,78248
2025-12-04 05:45:00,406.0,406.05,405.6,405.65,35943
2025-12-04 05:50:00,405.65,405.95,405.0,405.1,93154
2025-12-04 05:55:00,405.15,405.5,405.0,405.05,95671
2025-12-04 06:00:00,405.1,405.4,405.05,405.05,107722
2025-12-04 06:05:00,405.1,405.2,405.0,405.05,91706
2025-12-04 06:10:00,405.0,405.05,404.7,404.8,74062
2025-12-04 06:15:00,404.8,405.1,404.45,404.95,336368
2025-12-04 06:20:00,404.95,405.0,404.3,404.3,104973
2025-12-04 06:25:00,404.65,404.95,404.3,404.65,157395
2025-12-04 06:30:00,404.65,406.0,404.4,405.8,345242
2025-12-04 06:35:00,405.8,407.65,405.55,407.35,357618
2025-12-04 06:40:00,407.35,407.4,406.5,406.75,213394
2025-12-04 06:45:00,406.75,406.75,406.1,406.4,76737
2025-12-04 06:50:00,406.35,406.35,405.7,405.95,108203
2025-12-04 06:55:00,406.0,406.85,405.85,406.35,128632
2025-12-04 07:00:00,406.5,407.8,406.35,407.65,180220
2025-12-04 07:05:00,407.65,408.4,407.3,407.6,226778
2025-12-04 07:10:00,407.7,407.75,407.1,407.2,75488
2025-12-04 07:15:00,407.2,407.2,406.45,406.5,202003
2025-12-04 07:20:00,406.35,407.0,406.05,406.9,129170
2025-12-04 07:25:00,406.9,407.15,406.6,406.7,63182
2025-12-04 07:30:00,406.75,407.5,406.75,406.9,56666
2025-12-04 07:35:00,406.85,407.2,406.75,407.1,48165
2025-12-04 07:40:00,407.1,407.4,406.9,407.25,47657
2025-12-04 07:45:00,407.25,407.35,407.0,407.25,51217
2025-12-04 07:50:00,407.3,407.45,407.1,407.35,85509
2025-12-04 07:55:00,407.4,407.5,407.3,407.5,36081
2025-12-04 08:00:00,407.5,407.8,407.1,407.35,74263
2025-12-04 08:05:00,407.35,407.35,406.4,406.65,113202
2025-12-04 08:10:00,406.7,406.95,406.3,406.95,76269
2025-12-04 08:15:00,406.9,406.95,406.5,406.8,45775
2025-12-04 08:20:00,406.85,407.0,406.35,406.45,84081
2025-12-04 08:25:00,406.4,406.5,406.3,406.4,67156
2025-12-04 08:30:00,406.35,406.9,406.3,406.9,59117
2025-12-04 08:35:00,406.9,407.45,406.4,407.35,170505
2025-12-04 08:40:00,407.25,407.5,407.0,407.0,92995
2025-12-04 08:45:00,407.05,407.25,406.65,406.7,50336
2025-12-04 08:50:00,406.7,407.15,406.45,406.9,76303
2025-12-04 08:55:00,406.9,407.0,406.55,406.9,62567
2025-12-04 09:00:00,406.85,406.95,406.65,406.7,45256
2025-12-04 09:05:00,406.65,406.8,406.4,406.6,112247
2025-12-04 09:10:00,406.65,406.8,406.25,406.25,102127
2025-12-04 09:15:00,406.3,406.35,405.7,406.1,184739
2025-12-04 09:20:00,406.15,406.55,406.1,406.5,91996
2025-12-04 09:25:00,406.55,406.95,406.5,406.9,82261
2025-12-04 09:30:00,406.95,407.1,406.4,406.4,197025
2025-12-04 09:35:00,406.4,406.7,406.35,406.65,218890
2025-12-04 09:40:00,406.6,407.35,406.3,406.55,352846
2025-12-04 09:45:00,406.65,407.0,406.4,407.0,475600
2025-12-04 09:50:00,406.95,407.1,406.6,407.1,376279
2025-12-04 09:55:00,407.05,409.5,407.0,409.0,672516
2025-12-05 03:45:00,409.0,410.5,407.55,410.2,577108
2025-12-05 03:50:00,410.3,410.7,408.3,408.8,340711
2025-12-05 03:55:00,408.8,409.5,408.4,408.8,183324
2025-12-05 04:00:00,408.7,409.1,408.1,408.8,151375
2025-12-05 04:05:00,408.8,409.2,407.75,407.75,165369
2025-12-05 04:10:00,407.8,408.5,407.6,408.0,98058
2025-12-05 04:15:00,408.1,408.75,408.0,408.5,78826
2025-12-05 04:20:00,408.5,408.75,407.65,407.7,127230
2025-12-05 04:25:00,407.75,407.75,406.8,407.7,234885
2025-12-05 04:30:00,407.75,408.8,407.5,408.7,134761
2025-12-05 04:35:00,408.65,408.75,407.45,407.85,86615
2025-12-05 04:40:00,408.0,408.2,407.5,408.2,58395
2025-12-05 04:45:00,408.1,408.5,408.0,408.35,93968
2025-12-05 04:50:00,408.35,408.7,408.1,408.25,62825
2025-12-05 04:55:00,408.2,408.45,407.1,407.15,113277
2025-12-05 05:00:00,407.15,407.5,406.55,407.2,261091
2025-12-05 05:05:00,407.25,407.95,407.1,407.25,74103
2025-12-05 05:10:00,407.25,407.8,407.15,407.65,66391
2025-12-05 05:15:00,407.65,407.95,407.55,407.7,53755
2025-12-05 05:20:00,407.8,408.95,407.8,408.75,80088
2025-12-05 05:25:00,408.9,409.15,408.05,408.5,158347
2025-12-05 05:30:00,408.45,408.7,408.15,408.6,87063
2025-12-05 05:35:00,408.5,408.85,408.25,408.75,66509
2025-12-05 05:40:00,408.75,408.95,408.55,408.7,78323
2025-12-05 05:45:00,408.75,408.9,408.2,408.4,68938
2025-12-05 05:50:00,408.4,408.6,408.05,408.4,97901
2025-12-05 05:55:00,408.45,408.45,408.1,408.25,55276
2025-12-05 06:00:00,408.25,408.3,407.6,407.8,101661
2025-12-05 06:05:00,407.75,408.0,407.7,407.95,55293
2025-12-05 06:10:00,408.0,408.05,407.75,408.05,55548
2025-12-05 06:15:00,408.05,408.3,407.55,407.75,104205
2025-12-05 06:20:00,407.75,407.9,407.6,407.9,50012
2025-12-05 06:25:00,407.8,408.3,407.8,407.8,69323
2025-12-05 06:30:00,407.95,408.0,407.65,407.85,43405
2025-12-05 06:35:00,407.85,407.85,407.4,407.8,72966
2025-12-05 06:40:00,407.8,407.9,407.2,407.25,84702
2025-12-05 06:45:00,407.3,407.3,406.7,406.75,106459
2025-12-05 06:50:00,406.8,406.8,406.0,406.5,131460
2025-12-05 06:55:00,406.6,406.8,406.35,406.35,85738
2025-12-05 07:00:00,406.55,406.95,406.3,406.95,72168
2025-12-05 07:05:00,406.95,407.6,406.9,407.55,83320
2025-12-05 07:10:00,407.55,407.55,407.0,407.45,88100
2025-12-05 07:15:00,407.5,407.65,407.25,407.5,60887
2025-12-05 07:20:00,407.55,408.1,407.4,407.85,102600
2025-12-05 07:25:00,407.95,408.05,407.6,407.9,65800
2025-12-05 07:30:00,408.0,408.5,407.9,408.15,144029
2025-12-05 07:35:00,408.1,408.85,407.85,408.4,188319
2025-12-05 07:40:00,408.35,408.65,408.0,408.1,114902
2025-12-05 07:45:00,408.15,408.95,408.0,408.95,110776
2025-12-05 07:50:00,408.95,409.4,408.6,408.95,161008
2025-12-05 07:55:00,408.95,409.75,408.9,409.15,177892
2025-12-05 08:00:00,409.15,409.15,407.9,408.25,213065
2025-12-05 08:05:00,408.3,408.7,408.1,408.5,181021
2025-12-05 08:10:00,408.5,408.9,408.45,408.8,115519
2025-12-05 08:15:00,408.8,409.0,407.8,408.0,127398
2025-12-05 08:20:00,407.95,408.25,407.7,408.0,101295
2025-12-05 08:25:00,408.1,408.2,407.55,407.8,103041
2025-12-05 08:30:00,407.85,408.25,407.7,407.85,149155
2025-12-05 08:35:00,407.85,408.2,407.55,407.85,153408
2025-12-05 08:40:00,407.85,408.05,407.2,407.3,126839
2025-12-05 08:45:00,407.3,407.8,407.2,407.55,103084
2025-12-05 08:50:00,407.65,407.8,407.35,407.55,123249
2025-12-05 08:55:00,407.55,408.0,407.2,407.65,189833
2025-12-05 09:00:00,407.65,407.85,406.9,406.9,147122
2025-12-05 09:05:00,406.95,407.65,406.8,407.65,139797
2025-12-05 09:10:00,407.65,407.75,407.0,407.0,130795
2025-12-05 09:15:00,407.05,407.1,405.45,405.8,264935
2025-12-05 09:20:00,405.9,406.0,405.35,405.8,256034
2025-12-05 09:25:00,405.75,406.5,405.5,406.2,210525
2025-12-05 09:30:00,406.3,407.4,406.3,407.4,443238
2025-12-05 09:35:00,407.35,408.15,407.3,408.05,579423
2025-12-05 09:40:00,407.95,407.95,406.5,406.55,405921
2025-12-05 09:45:00,406.5,406.75,406.3,406.6,543140
2025-12-05 09:50:00,406.55,406.55,406.2,406.4,469837
2025-12-05 09:55:00,406.4,406.8,406.1,406.7,458780
2025-12-08 03:45:00,406.45,406.45,402.15,403.9,370969
2025-12-08 03:50:00,403.9,404.9,403.1,404.7,157892
2025-12-08 03:55:00,404.6,405.6,403.65,403.85,178193
2025-12-08 04:00:00,403.7,404.45,403.2,403.35,138056
2025-12-08 04:05:00,403.3,403.35,400.0,400.2,697257
2025-12-08 04:10:00,400.05,400.95,399.25,399.25,1096222
2025-12-08 04:15:00,399.35,399.8,398.35,398.65,500057
2025-12-08 04:20:00,398.65,398.8,395.6,396.8,694586
2025-12-08 04:25:00,396.8,397.5,395.9,396.45,327345
2025-12-08 04:30:00,396.35,396.95,395.7,396.25,351448
2025-12-08 04:35:00,396.25,397.9,396.1,397.5,197940
2025-12-08 04:40:00,397.3,398.5,397.0,398.5,210238
2025-12-08 04:45:00,397.9,397.9,395.5,395.75,453724
2025-12-08 04:50:00,395.65,395.9,394.5,394.65,478132
2025-12-08 04:55:00,394.7,394.9,393.15,394.8,862308
2025-12-08 05:00:00,394.8,394.95,393.75,394.95,819752
2025-12-08 05:05:00,394.95,394.95,392.9,393.0,818568
2025-12-08 05:10:00,393.0,394.5,392.95,393.95,315043
2025-12-08 05:15:00,393.95,395.1,393.7,393.95,312295
2025-12-08 05:20:00,393.95,394.8,393.85,394.0,728599
2025-12-08 05:25:00,394.05,394.2,393.4,393.6,357326
2025-12-08 05:30:00,393.45,393.6,392.55,392.75,254782
2025-12-08 05:35:00,392.8,393.25,392.3,392.5,411467
2025-12-08 05:40:00,392.5,393.5,392.4,393.1,235363
2025-12-08 05:45:00,393.05,393.15,392.5,392.6,215874
2025-12-08 05:50:00,392.55,393.1,392.2,392.85,164880
2025-12-08 05:55:00,392.85,392.85,392.5,392.7,125874
2025-12-08 06:00:00,392.7,393.05,392.5,392.9,121565
2025-12-08 06:05:00,392.85,393.8,392.7,393.7,163801
2025-12-08 06:10:00,393.7,393.95,393.2,393.45,137619
2025-12-08 06:15:00,393.4,393.45,393.0,393.45,90903
2025-12-08 06:20:00,393.35,393.45,392.6,392.65,136011
2025-12-08 06:25:00,392.8,393.2,392.3,393.0,255383
2025-12-08 06:30:00,392.9,393.05,392.3,392.3,104175
2025-12-08 06:35:00,392.4,392.7,392.25,392.5,99909
2025-12-08 06:40:00,392.45,392.5,391.65,391.95,310522
2025-12-08 06:45:00,391.95,392.4,391.7,391.85,119628
2025-12-08 06:50:00,391.9,392.05,391.8,391.85,208645
2025-12-08 06:55:00,391.85,391.9,391.0,391.5,187451
2025-12-08 07:00:00,391.35,391.6,391.15,391.25,127238
2025-12-08 07:05:00,391.25,391.75,391.1,391.3,98261
2025-12-08 07:10:00,391.3,392.3,391.1,392.05,311134
2025-12-08 07:15:00,392.05,392.2,391.75,392.05,85949
2025-12-08 07:20:00,392.0,392.5,391.9,392.35,162137
2025-12-08 07:25:00,392.4,392.55,391.5,391.65,338985
2025-12-08 07:30:00,391.65,391.7,390.3,390.65,338352
2025-12-08 07:35:00,390.45,390.9,390.05,390.25,274385
2025-12-08 07:40:00,390.25,390.6,390.05,390.25,135444
2025-12-08 07:45:00,390.25,390.35,389.7,389.75,416619
2025-12-08 07:50:00,389.7,389.75,387.8,388.2,488237
2025-12-08 07:55:00,388.2,388.75,388.0,388.5,258362
2025-12-08 08:00:00,388.5,388.5,388.0,388.35,163975
2025-12-08 08:05:00,388.2,388.4,388.1,388.15,123082
2025-12-08 08:10:00,388.15,388.6,388.15,388.5,154406
2025-12-08 08:15:00,388.4,388.55,388.0,388.2,212731
2025-12-08 08:20:00,388.2,388.2,387.1,387.3,295769
2025-12-08 08:25:00,387.3,388.25,386.45,387.45,418394
2025-12-08 08:30:00,387.6,388.2,387.05,387.7,263338
2025-12-08 08:35:00,387.65,387.7,387.0,387.3,175567
2025-12-08 08:40:00,387.25,387.5,386.8,386.8,243991
2025-12-08 08:45:00,386.8,387.1,385.9,387.0,455012
2025-12-08 08:50:00,387.05,387.1,386.4,386.5,148120
2025-12-08 08:55:00,386.6,386.6,385.95,386.2,249202
2025-12-08 09:00:00,386.3,386.65,385.5,385.5,284698
2025-12-08 09:05:00,385.55,385.6,385.0,385.35,370204
2025-12-08 09:10:00,385.3,385.8,385.05,385.75,224902
2025-12-08 09:15:00,385.85,385.95,385.45,385.95,215508
2025-12-08 09:20:00,385.9,387.2,385.8,386.6,490180
2025-12-08 09:25:00,386.6,386.65,385.3,385.75,357996
2025-12-08 09:30:00,385.95,387.0,385.8,386.15,416990
2025-12-08 09:35:00,386.1,386.55,386.1,386.25,853346
2025-12-08 09:40:00,386.15,387.05,386.1,386.9,865890
2025-12-08 09:45:00,386.85,386.95,386.0,386.1,841268
2025-12-08 09:50:00,386.2,386.6,385.65,385.95,597740
2025-12-08 09:55:00,385.95,387.0,385.7,386.9,674816
2025-12-09 03:45:00,385.05,385.85,381.8,383.25,1328405
2025-12-09 03:50:00,383.3,384.85,382.3,384.2,709544
2025-12-09 03:55:00,384.25,384.95,383.1,384.3,418418
2025-12-09 04:00:00,384.3,384.45,381.55,382.9,639231
2025-12-09 04:05:00,382.9,383.2,380.85,381.6,327066
2025-12-09 04:10:00,381.6,382.8,381.0,381.05,304308
2025-12-09 04:15:00,381.1,381.75,380.55,381.65,268866
2025-12-09 04:20:00,381.7,382.25,381.2,381.4,204842
2025-12-09 04:25:00,381.4,382.9,381.3,382.3,288286
2025-12-09 04:30:00,382.3,383.7,382.15,382.85,199562
2025-12-09 04:35:00,382.9,385.65,382.8,385.0,638638
2025-12-09 04:40:00,385.05,386.0,384.6,385.45,318681
2025-12-09 04:45:00,385.45,388.5,385.4,388.0,606429
2025-12-09 04:50:00,388.1,388.75,387.35,388.55,420343
2025-12-09 04:55:00,388.5,390.3,388.25,389.3,540705
2025-12-09 05:00:00,389.3,389.75,386.05,386.05,551770
2025-12-09 05:05:00,386.15,387.0,385.1,386.05,440930
2025-12-09 05:10:00,386.05,386.7,386.0,386.4,190390
2025-12-09 05:15:00,386.4,386.4,384.85,385.25,322599
2025-12-09 05:20:00,385.6,385.6,384.9,385.4,122718
2025-12-09 05:25:00,385.25,385.85,384.8,385.7,130319
2025-12-09 05:30:00,385.7,386.0,385.25,385.45,169311
2025-12-09 05:35:00,385.35,386.5,385.3,386.0,175904
2025-12-09 05:40:00,386.0,387.0,385.5,386.95,183840
2025-12-09 05:45:00,387.0,388.6,386.5,388.3,318656
2025-12-09 05:50:00,388.3,388.9,388.1,388.9,186563
2025-12-09 05:55:00,388.95,389.45,388.45,389.45,158855
2025-12-09 06:00:00,389.35,390.0,388.9,389.15,244824
2025-12-09 06:05:00,389.1,389.5,388.4,389.0,154576
2025-12-09 06:10:00,389.1,390.3,388.55,388.7,266463
2025-12-09 06:15:00,388.3,388.35,386.9,386.9,358529
2025-12-09 06:20:00,386.95,388.3,386.9,388.25,212964
2025-12-09 06:25:00,388.3,389.2,388.2,388.6,181638
2025-12-09 06:30:00,388.7,389.45,388.55,389.05,164740
2025-12-09 06:35:00,389.0,389.15,388.6,388.85,147160
2025-12-09 06:40:00,388.95,389.25,388.8,389.1,119546
2025-12-09 06:45:00,389.15,389.5,389.0,389.05,166466
2025-12-09 06:50:00,389.05,389.8,389.0,389.75,137518
2025-12-09 06:55:00,389.75,389.95,389.1,389.4,155043
2025-12-09 07:00:00,389.5,389.7,388.55,388.65,190680
2025-12-09 07:05:00,388.65,389.1,387.85,388.05,167802
2025-12-09 07:10:00,388.2,389.75,388.1,388.9,233465
2025-12-09 07:15:00,389.1,389.9,388.9,389.85,131917
2025-12-09 07:20:00,389.95,389.95,389.4,389.65,80580
2025-12-09 07:25:00,389.6,389.65,388.5,389.1,157708
2025-12-09 07:30:00,389.25,390.2,389.0,390.2,176448
2025-12-09 07:35:00,390.15,390.65,389.85,390.1,134106
2025-12-09 07:40:00,390.15,390.5,389.5,390.5,110938
2025-12-09 07:45:00,390.6,390.85,390.05,390.3,119423
2025-12-09 07:50:00,390.4,390.65,390.15,390.5,107799
2025-12-09 07:55:00,390.55,391.0,390.5,390.85,93170
2025-12-09 08:00:00,390.8,390.9,390.15,390.35,115517
2025-12-09 08:05:00,390.4,390.45,389.55,390.3,131290
2025-12-09 08:10:00,390.25,390.25,389.6,389.7,93341
2025-12-09 08:15:00,389.7,389.85,389.35,389.4,100389
2025-12-09 08:20:00,389.45,389.75,389.05,389.55,101358
2025-12-09 08:25:00,389.55,389.65,389.25,389.45,64004
2025-12-09 08:30:00,389.5,390.0,389.3,389.4,84771
2025-12-09 08:35:00,389.3,389.6,389.1,389.6,84999
2025-12-09 08:40:00,389.6,389.6,389.05,389.35,101146
2025-12-09 08:45:00,389.25,389.35,388.45,388.6,212758
2025-12-09 08:50:00,388.65,388.65,387.75,388.3,156230
2025-12-09 08:55:00,388.3,388.55,388.25,388.4,71382
2025-12-09 09:00:00,388.35,388.4,387.7,387.9,166390
2025-12-09 09:05:00,388.0,388.0,387.2,387.45,118961
2025-12-09 09:10:00,387.5,387.5,387.1,387.1,194956
2025-12-09 09:15:00,387.2,387.5,387.0,387.45,150767
2025-12-09 09:20:00,387.5,387.55,387.1,387.15,134463
2025-12-09 09:25:00,387.2,387.6,387.1,387.45,118598
2025-12-09 09:30:00,387.55,389.55,387.5,389.25,709995
2025-12-09 09:35:00,389.25,389.95,389.1,389.85,375679
2025-12-09 09:40:00,389.8,389.95,389.25,389.85,339081
2025-12-09 09:45:00,389.8,389.85,389.45,389.8,511412
2025-12-09 09:50:00,389.75,390.0,389.75,389.9,423325
2025-12-09 09:55:00,389.85,390.3,389.85,390.2,400339
2025-12-10 03:45:00,390.0,391.45,388.6,388.8,547111
2025-12-10 03:50:00,388.8,388.8,387.2,387.75,336086
2025-12-10 03:55:00,387.75,388.8,387.5,388.35,155671
2025-12-10 04:00:00,388.35,390.6,388.25,390.1,222097
2025-12-10 04:05:00,390.05,391.2,390.05,391.05,267358
2025-12-10 04:10:00,391.1,391.2,390.3,390.45,163219
2025-12-10 04:15:00,390.55,390.75,389.65,389.9,142845
2025-12-10 04:20:00,389.9,390.1,389.45,389.7,107262
2025-12-10 04:25:00,389.7,389.75,388.7,388.8,122298
2025-12-10 04:30:00,388.8,389.5,388.8,389.0,68951
2025-12-10 04:35:00,389.0,389.9,389.0,389.6,131966
2025-12-10 04:40:00,389.65,389.65,389.0,389.2,72390
2025-12-10 04:45:00,389.2,389.65,389.0,389.4,61940
2025-12-10 04:50:00,389.45,390.2,389.45,390.1,56993
2025-12-10 04:55:00,390.2,391.4,390.0,390.3,143000
2025-12-10 05:00:00,390.4,391.2,390.25,391.0,76898
2025-12-10 05:05:00,391.0,391.45,390.75,391.3,121328
2025-12-10 05:10:00,391.3,391.3,390.45,390.65,78988
2025-12-10 05:15:00,390.65,390.75,390.1,390.2,53021
2025-12-10 05:20:00,390.1,390.2,388.5,388.65,183737
2025-12-10 05:25:00,388.65,389.3,388.05,388.15,153673
2025-12-10 05:30:00,388.2,388.45,387.0,388.3,259597
2025-12-10 05:35:00,388.45,388.9,388.3,388.3,68877
2025-12-10 05:40:00,388.3,388.85,388.1,388.75,37933
2025-12-10 05:45:00,388.65,388.95,388.4,388.6,47316
2025-12-10 05:50:00,388.5,388.8,388.15,388.35,44852
2025-12-10 05:55:00,388.3,388.7,388.25,388.3,27900
2025-12-10 06:00:00,388.3,388.75,388.0,388.25,38456
2025-12-10 06:05:00,388.3,388.5,388.0,388.4,81901
2025-12-10 06:10:00,388.45,388.75,388.25,388.35,31839
2025-12-10 06:15:00,388.35,388.35,387.8,388.15,71676
2025-12-10 06:20:00,388.15,388.15,387.25,387.5,65342
2025-12-10 06:25:00,387.5,388.15,387.45,387.8,53127
2025-12-10 06:30:00,387.8,387.85,387.15,387.75,82316
2025-12-10 06:35:00,387.8,388.75,387.55,388.25,49726
2025-12-10 06:40:00,388.2,388.35,387.75,388.35,38413
2025-12-10 06:45:00,388.35,388.35,387.4,388.0,50059
2025-12-10 06:50:00,388.0,388.25,387.9,387.9,32900
2025-12-10 06:55:00,388.0,388.0,387.6,387.65,36425
2025-12-10 07:00:00,387.7,387.75,387.25,387.4,47008
2025-12-10 07:05:00,387.4,387.4,386.65,387.0,100022
2025-12-10 07:10:00,387.0,387.3,386.85,387.3,33967
2025-12-10 07:15:00,387.3,387.75,387.15,387.6,44537
2025-12-10 07:20:00,387.7,388.4,387.35,388.3,62853
2025-12-10 07:25:00,388.3,388.35,387.75,388.1,51872
2025-12-10 07:30:00,388.1,388.6,388.0,388.25,69441
2025-12-10 07:35:00,388.3,388.7,388.05,388.55,31991
2025-12-10 07:40:00,388.55,388.55,388.0,388.1,34349
2025-12-10 07:45:00,388.15,388.95,388.0,388.95,58812
2025-12-10 07:50:00,388.9,389.0,388.8,389.0,52060
2025-12-10 07:55:00,389.0,389.0,388.3,388.8,47009
2025-12-10 08:00:00,388.8,389.0,388.55,388.8,44530
2025-12-10 08:05:00,388.75,389.5,388.55,388.7,143280
2025-12-10 08:10:00,388.7,389.35,388.65,389.05,63055
2025-12-10 08:15:00,388.95,389.15,388.35,388.55,51912
2025-12-10 08:20:00,388.4,388.55,388.2,388.35,32388
2025-12-10 08:25:00,388.35,388.4,387.75,388.25,60290
2025-12-10 08:30:00,388.35,388.7,387.1,387.25,261034
2025-12-10 08:35:00,387.3,387.5,386.85,387.2,64717
2025-12-10 08:40:00,387.35,387.7,386.8,386.95,58010
2025-12-10 08:45:00,386.9,387.1,386.75,386.95,37971
2025-12-10 08:50:00,386.95,386.95,385.75,386.4,137675
2025-12-10 08:55:00,386.35,386.65,386.0,386.25,54469
2025-12-10 09:00:00,386.25,387.35,386.25,387.2,152438
2025-12-10 09:05:00,387.35,387.45,386.0,386.25,65576
2025-12-10 09:10:00,386.25,386.8,385.9,386.05,81217
2025-12-10 09:15:00,386.05,386.75,386.0,386.75,62644
2025-12-10 09:20:00,386.75,387.0,386.25,386.55,102363
2025-12-10 09:25:00,386.55,387.85,386.25,387.6,160466
2025-12-10 09:30:00,387.65,388.4,387.25,387.3,259717
2025-12-10 09:35:00,387.25,387.35,387.0,387.05,210133
2025-12-10 09:40:00,387.35,387.5,386.95,387.35,232307
2025-12-10 09:45:00,387.4,387.8,386.95,387.2,271703
2025-12-10 09:50:00,387.15,387.5,387.1,387.25,416052
2025-12-10 09:55:00,387.2,387.55,386.5,386.9,252463
2025-12-11 03:45:00,386.0,388.8,386.0,386.95,348128
2025-12-11 03:50:00,386.95,389.0,386.95,388.4,255375
2025-12-11 03:55:00,388.5,390.0,388.3,389.95,124553
2025-12-11 04:00:00,389.95,390.0,388.9,389.45,119608
2025-12-11 04:05:00,389.4,389.4,387.8,387.95,124185
2025-12-11 04:10:00,387.95,388.5,387.3,387.95,96842
2025-12-11 04:15:00,387.95,388.65,387.6,388.55,78533
2025-12-11 04:20:00,388.5,388.5,388.0,388.5,48541
2025-12-11 04:25:00,388.35,388.6,387.8,387.9,54273
2025-12-11 04:30:00,387.8,388.35,387.65,388.35,44139
2025-12-11 04:35:00,388.2,389.2,388.0,389.05,94772
2025-12-11 04:40:00,389.0,389.2,388.25,389.2,79119
2025-12-11 04:45:00,389.25,389.5,388.9,389.3,62390
2025-12-11 04:50:00,389.3,389.4,388.55,389.1,57679
2025-12-11 04:55:00,388.95,389.3,388.6,388.7,48077
2025-12-11 05:00:00,388.7,389.7,388.5,389.55,85307
2025-12-11 05:05:00,389.55,389.8,389.2,389.45,72975
2025-12-11 05:10:00,389.3,389.5,389.05,389.3,43375
2025-12-11 05:15:00,389.3,389.7,389.15,389.35,77259
2025-12-11 05:20:00,389.15,389.5,389.0,389.0,43355
2025-12-11 05:25:00,389.05,389.05,388.0,388.0,67635
2025-12-11 05:30:00,388.1,388.55,387.9,387.9,94941
2025-12-11 05:35:00,387.85,388.4,387.75,388.35,68221
2025-12-11 05:40:00,388.35,388.5,388.05,388.15,58313
2025-12-11 05:45:00,388.1,388.7,387.85,388.55,61608
2025-12-11 05:50:00,388.55,389.05,388.4,388.85,56851
2025-12-11 05:55:00,388.8,388.85,388.4,388.4,49586
2025-12-11 06:00:00,388.4,388.65,388.0,388.0,39607
2025-12-11 06:05:00,388.05,388.05,387.5,387.7,69949
2025-12-11 06:10:00,387.6,388.3,387.5,388.0,50603
2025-12-11 06:15:00,388.0,388.0,387.3,387.7,79904
2025-12-11 06:20:00,387.6,388.3,387.35,388.1,47532
2025-12-11 06:25:00,388.1,388.4,387.85,388.0,47918
2025-12-11 06:30:00,388.0,388.85,387.95,388.55,69001
2025-12-11 06:35:00,388.65,389.3,388.45,389.25,79382
2025-12-11 06:40:00,389.25,389.3,388.65,388.85,64625
2025-12-11 06:45:00,388.85,389.15,388.55,388.7,56896
2025-12-11 06:50:00,388.7,388.95,388.5,388.7,69209
2025-12-11 06:55:00,388.65,389.25,388.35,388.9,83948
2025-12-11 07:00:00,388.9,389.15,388.8,389.0,54382
2025-12-11 07:05:00,389.0,389.0,388.45,388.95,51596
2025-12-11 07:10:00,388.9,389.8,388.6,389.8,93212
2025-12-11 07:15:00,389.75,389.75,388.85,388.9,48156
2025-12-11 07:20:00,388.9,389.45,388.8,389.05,47717
2025-12-11 07:25:00,389.15,389.3,387.85,388.15,133986
2025-12-11 07:30:00,388.15,388.4,387.8,387.85,83569
2025-12-11 07:35:00,387.8,387.9,387.35,387.5,83673
2025-12-11 07:40:00,387.4,388.0,387.35,388.0,55535
2025-12-11 07:45:00,388.0,388.5,387.75,387.95,162626
2025-12-11 07:50:00,387.8,388.0,387.55,387.85,59433
2025-12-11 07:55:00,387.75,387.95,387.65,387.9,52977
2025-12-11 08:00:00,387.8,388.95,387.8,388.8,126983
2025-12-11 08:05:00,388.8,389.0,388.2,388.3,43550
2025-12-11 08:10:00,388.2,388.7,388.15,388.35,41993
2025-12-11 08:15:00,388.45,388.85,388.05,388.8,74258
2025-12-11 08:20:00,388.6,388.75,388.05,388.25,74512
2025-12-11 08:25:00,388.1,388.5,388.05,388.2,97697
2025-12-11 08:30:00,388.2,388.3,386.65,386.85,197630
2025-12-11 08:35:00,386.8,387.15,386.7,387.0,110244
2025-12-11 08:40:00,387.0,387.25,386.75,386.75,75088
2025-12-11 08:45:00,386.9,387.15,386.75,387.0,113987
2025-12-11 08:50:00,387.0,387.6,386.85,387.0,112466
2025-12-11 08:55:00,387.0,387.7,386.85,387.5,157488
2025-12-11 09:00:00,387.6,388.0,387.25,387.4,142582
2025-12-11 09:05:00,387.3,387.45,386.5,386.75,156632
2025-12-11 09:10:00,386.75,386.9,386.05,386.1,102546
2025-12-11 09:15:00,386.05,386.2,385.4,385.5,225952
2025-12-11 09:20:00,385.45,385.95,385.15,385.8,142531
2025-12-11 09:25:00,385.8,386.0,385.55,385.8,87216
2025-12-11 09:30:00,386.0,387.15,386.0,387.0,245968
2025-12-11 09:35:00,387.05,387.85,386.95,387.45,226026
2025-12-11 09:40:00,387.45,387.65,387.1,387.2,204191
2025-12-11 09:45:00,387.3,388.0,387.15,387.95,331204
2025-12-11 09:50:00,388.0,388.5,387.75,388.5,223270
2025-12-11 09:55:00,388.45,388.45,388.0,388.2,187944
2025-12-12 03:45:00,388.0,391.95,388.0,391.6,737360
2025-12-12 03:50:00,391.6,392.9,391.25,391.7,407367
2025-12-12 03:55:00,391.75,392.65,391.3,392.4,205635
2025-12-12 04:00:00,392.4,394.1,392.15,393.15,542052
2025-12-12 04:05:00,393.15,393.7,392.65,392.7,216299
2025-12-12 04:10:00,392.8,392.85,392.0,392.5,194604
2025-12-12 04:15:00,392.4,392.6,392.0,392.4,242920
2025-12-12 04:20:00,392.3,393.25,392.25,393.25,216413
2025-12-12 04:25:00,393.2,393.25,392.7,392.95,151805
2025-12-12 04:30:00,392.95,393.15,392.2,392.5,100818
2025-12-12 04:35:00,392.5,392.75,391.7,392.25,171956
2025-12-12 04:40:00,392.2,392.5,391.85,392.45,101481
2025-12-12 04:45:00,392.5,393.15,392.5,392.9,249391
2025-12-12 04:50:00,392.9,392.95,391.5,391.6,189039
2025-12-12 04:55:00,391.5,392.05,391.5,392.05,132784
2025-12-12 05:00:00,392.05,392.8,391.95,392.6,111109
2025-12-12 05:05:00,392.6,392.65,391.85,392.0,110856
2025-12-12 05:10:00,392.0,392.0,391.0,391.3,121931
2025-12-12 05:15:00,391.35,392.4,391.25,392.1,105280
2025-12-12 05:20:00,392.1,392.5,391.9,392.45,130101
2025-12-12 05:25:00,392.45,392.5,391.9,392.1,105134
2025-12-12 05:30:00,392.15,392.6,391.7,392.45,247944
2025-12-12 05:35:00,392.45,392.5,392.1,392.5,72661
2025-12-12 05:40:00,392.5,392.8,391.9,392.2,135406
2025-12-12 05:45:00,392.25,392.7,392.0,392.45,297371
2025-12-12 05:50:00,392.5,392.75,392.25,392.6,95873
2025-12-12 05:55:00,392.55,392.7,391.95,392.25,102862
2025-12-12 06:00:00,392.25,392.5,391.85,392.15,84331
2025-12-12 06:05:00,392.1,392.7,391.8,391.95,97599
2025-12-12 06:10:00,391.95,392.25,391.85,392.05,78785
2025-12-12 06:15:00,392.1,392.4,392.0,392.35,73522
2025-12-12 06:20:00,392.35,392.5,392.05,392.15,76562
2025-12-12 06:25:00,392.1,392.4,392.0,392.0,80012
2025-12-12 06:30:00,392.0,392.25,391.5,391.55,110591
2025-12-12 06:35:00,391.55,391.7,391.2,391.6,109248
2025-12-12 06:40:00,391.6,391.6,391.05,391.25,96209
2025-12-12 06:45:00,391.3,391.55,391.1,391.45,93275
2025-12-12 06:50:00,391.45,391.5,391.1,391.45,69396
2025-12-12 06:55:00,391.5,391.8,391.0,391.35,90695
2025-12-12 07:00:00,391.35,391.4,390.65,391.0,164149
2025-12-12 07:05:00,391.0,391.15,390.0,390.0,167058
2025-12-12 07:10:00,390.1,390.4,389.8,389.9,164825
2025-12-12 07:15:00,389.95,390.0,389.05,389.3,143017
2025-12-12 07:20:00,389.4,389.45,388.35,389.15,183088
2025-12-12 07:25:00,389.15,389.4,388.75,389.25,116667
2025-12-12 07:30:00,389.25,389.8,389.15,389.75,126826
2025-12-12 07:35:00,389.8,389.9,389.1,389.5,101641
2025-12-12 07:40:00,389.5,389.85,389.45,389.75,79435
2025-12-12 07:45:00,389.8,389.85,389.35,389.6,138834
2025-12-12 07:50:00,389.6,389.6,389.0,389.1,107860
2025-12-12 07:55:00,389.15,389.35,388.5,388.8,125965
2025-12-12 08:00:00,388.85,389.1,388.7,388.95,99892
2025-12-12 08:05:00,388.95,389.15,388.75,389.15,102055
2025-12-12 08:10:00,389.15,389.5,389.05,389.5,93334
2025-12-12 08:15:00,389.5,389.85,389.3,389.8,103136
2025-12-12 08:20:00,389.8,389.95,389.5,389.6,96477
2025-12-12 08:25:00,389.6,389.8,389.4,389.55,86541
2025-12-12 08:30:00,389.45,389.85,389.45,389.85,134790
2025-12-12 08:35:00,389.85,390.35,389.8,390.35,250333
2025-12-12 08:40:00,390.35,390.5,390.05,390.25,121048
2025-12-12 08:45:00,390.25,390.55,390.15,390.4,166148
2025-12-12 08:50:00,390.35,390.4,390.15,390.25,99179
2025-12-12 08:55:00,390.25,390.25,389.75,389.95,127394
2025-12-12 09:00:00,389.95,390.05,389.75,389.9,135069
2025-12-12 09:05:00,389.95,390.05,389.1,389.25,158937
2025-12-12 09:10:00,389.25,389.65,389.2,389.6,92966
2025-12-12 09:15:00,389.65,389.75,389.4,389.7,139628
2025-12-12 09:20:00,389.7,389.95,389.4,389.55,109683
2025-12-12 09:25:00,389.55,389.8,388.3,389.5,326499
2025-12-12 09:30:00,389.55,389.8,389.4,389.5,209734
2025-12-12 09:35:00,389.55,389.75,389.25,389.65,240856
2025-12-12 09:40:00,389.65,390.25,389.55,390.0,338117
2025-12-12 09:45:00,390.1,390.15,389.4,389.55,346374
2025-12-12 09:50:00,389.6,389.7,389.1,389.3,355401
2025-12-12 09:55:00,389.3,389.5,388.4,389.15,499298
2025-12-15 03:45:00,389.05,391.9,388.0,391.55,1218612
2025-12-15 03:50:00,391.45,392.4,391.0,391.15,622151
2025-12-15 03:55:00,391.15,391.5,389.85,389.85,273253
2025-12-15 04:00:00,389.85,390.9,389.5,390.5,159454
2025-12-15 04:05:00,390.4,391.4,390.3,391.1,218195
2025-12-15 04:10:00,391.1,391.3,390.4,390.6,133950
2025-12-15 04:15:00,390.6,391.1,390.3,390.95,128198
2025-12-15 04:20:00,390.95,391.9,390.8,391.4,192298
2025-12-15 04:25:00,391.45,391.95,391.0,391.8,140142
2025-12-15 04:30:00,391.75,392.2,391.6,391.75,189447
2025-12-15 04:35:00,391.7,391.75,390.15,390.2,322084
2025-12-15 04:40:00,390.2,390.5,389.8,390.3,207073
2025-12-15 04:45:00,390.4,391.0,390.05,391.0,103136
2025-12-15 04:50:00,391.0,391.25,390.85,391.2,67210
2025-12-15 04:55:00,391.15,391.2,390.7,390.85,63948
2025-12-15 05:00:00,390.8,391.0,390.35,390.5,91696
2025-12-15 05:05:00,390.5,390.5,390.05,390.1,65322
2025-12-15 05:10:00,390.1,390.3,390.0,390.05,69018
2025-12-15 05:15:00,390.15,390.6,390.05,390.55,39164
2025-12-15 05:20:00,390.6,390.65,390.35,390.5,34491
2025-12-15 05:25:00,390.5,390.75,390.35,390.5,49042
2025-12-15 05:30:00,390.45,391.2,390.25,391.05,141562
2025-12-15 05:35:00,391.1,391.25,390.9,391.05,78889
2025-12-15 05:40:00,391.05,391.4,391.0,391.05,62373
2025-12-15 05:45:00,391.05,391.35,391.0,391.25,56452
2025-12-15 05:50:00,391.2,391.3,391.0,391.3,43039
2025-12-15 05:55:00,391.35,391.8,391.0,391.35,202414
2025-12-15 06:00:00,391.35,391.35,390.6,390.75,52561
2025-12-15 06:05:00,390.7,391.1,390.7,390.75,37493
2025-12-15 06:10:00,390.75,390.9,390.4,390.5,49135
2025-12-15 06:15:00,390.45,390.95,390.4,390.9,40920
2025-12-15 06:20:00,390.9,391.3,390.85,390.95,71690
2025-12-15 06:25:00,390.95,391.35,390.5,391.1,103225
2025-12-15 06:30:00,391.1,391.35,391.0,391.05,40163
2025-12-15 06:35:00,391.1,391.15,391.0,391.1,66370
2025-12-15 06:40:00,391.1,391.15,390.85,390.9,43837
2025-12-15 06:45:00,390.95,391.2,390.85,390.85,41862
2025-12-15 06:50:00,390.9,391.0,390.7,390.95,43302
2025-12-15 06:55:00,390.95,391.0,390.6,390.75,35963
2025-12-15 07:00:00,390.85,390.85,390.4,390.45,56579
2025-12-15 07:05:00,390.55,390.8,390.25,390.55,49857
2025-12-15 07:10:00,390.55,390.6,390.4,390.55,41181
2025-12-15 07:15:00,390.5,390.55,390.2,390.4,49820
2025-12-15 07:20:00,390.4,390.5,390.25,390.45,23831
2025-12-15 07:25:00,390.45,390.55,390.05,390.2,46922
2025-12-15 07:30:00,390.2,390.55,390.15,390.5,30834
2025-12-15 07:35:00,390.5,390.5,390.0,390.4,91589
2025-12-15 07:40:00,390.45,390.6,390.0,390.45,80264
2025-12-15 07:45:00,390.4,390.5,390.2,390.2,56247
2025-12-15 07:50:00,390.25,390.4,390.0,390.1,56844
2025-12-15 07:55:00,390.05,390.55,390.05,390.4,119930
2025-12-15 08:00:00,390.35,390.7,390.3,390.65,34642
2025-12-15 08:05:00,390.65,391.0,390.6,390.95,91933
2025-12-15 08:10:00,390.95,391.0,390.15,390.15,59305
2025-12-15 08:15:00,390.3,390.6,390.15,390.55,37608
2025-12-15 08:20:00,390.55,390.7,390.2,390.4,73485
2025-12-15 08:25:00,390.4,390.4,390.15,390.15,34639
2025-12-15 08:30:00,390.2,390.4,390.1,390.35,48927
2025-12-15 08:35:00,390.35,390.45,389.8,389.8,97629
2025-12-15 08:40:00,389.8,389.95,389.5,389.9,155867
2025-12-15 08:45:00,389.85,390.05,389.8,390.0,46854
2025-12-15 08:50:00,390.05,390.45,390.0,390.2,52893
2025-12-15 08:55:00,390.25,390.3,390.0,390.15,45701
2025-12-15 09:00:00,390.1,390.3,390.0,390.3,67197
2025-12-15 09:05:00,390.3,390.65,390.25,390.55,56438
2025-12-15 09:10:00,390.65,390.8,390.4,390.65,114557
2025-12-15 09:15:00,390.7,390.9,390.5,390.6,162636
2025-12-15 09:20:00,390.65,390.85,390.5,390.8,119330
2025-12-15 09:25:00,390.8,390.8,390.5,390.65,73414
2025-12-15 09:30:00,390.65,390.9,390.6,390.7,166018
2025-12-15 09:35:00,390.75,391.0,390.55,391.0,145829
2025-12-15 09:40:00,391.0,391.1,390.8,390.8,189331
2025-12-15 09:45:00,390.75,390.8,390.35,390.7,251978
2025-12-15 09:50:00,390.65,390.95,390.4,390.5,220541
2025-12-15 09:55:00,390.5,390.85,390.45,390.75,230843
2025-12-16 03:45:00,390.75,391.2,387.65,388.55,533692
2025-12-16 03:50:00,388.55,389.25,388.4,388.7,191724
2025-12-16 03:55:00,388.7,388.7,387.0,387.05,261770
2025-12-16 04:00:00,387.1,387.3,386.4,387.0,208538
2025-12-16 04:05:00,387.05,387.05,386.1,386.35,142769
2025-12-16 04:10:00,386.35,387.25,386.3,386.7,103836
2025-12-16 04:15:00,386.7,387.8,386.4,387.35,144241
2025-12-16 04:20:00,387.35,387.65,387.0,387.55,68724
2025-12-16 04:25:00,387.55,387.55,386.0,386.1,150757
2025-12-16 04:30:00,386.1,386.15,385.1,385.45,207361
2025-12-16 04:35:00,385.45,385.7,385.2,385.3,95707
2025-12-16 04:40:00,385.3,385.35,385.0,385.25,111512
2025-12-16 04:45:00,385.25,385.9,384.75,385.85,244714
2025-12-16 04:50:00,385.85,386.0,385.6,385.75,69240
2025-12-16 04:55:00,385.85,386.0,385.5,386.0,53914
2025-12-16 05:00:00,386.0,386.4,385.95,386.0,77899
2025-12-16 05:05:00,386.0,386.15,385.4,385.6,71610
2025-12-16 05:10:00,385.75,386.6,385.6,386.4,71609
2025-12-16 05:15:00,386.25,386.6,386.1,386.35,46520
2025-12-16 05:20:00,386.35,386.55,386.2,386.4,54256
2025-12-16 05:25:00,386.35,386.55,386.1,386.45,37908
2025-12-16 05:30:00,386.45,386.5,386.15,386.25,35208
2025-12-16 05:35:00,386.2,386.45,385.7,385.7,51745
2025-12-16 05:40:00,385.7,386.2,385.5,386.0,62237
2025-12-16 05:45:00,386.05,386.05,385.5,385.6,62394
2025-12-16 05:50:00,385.65,386.25,385.5,386.05,45848
2025-12-16 05:55:00,386.05,386.05,385.75,385.9,31353
2025-12-16 06:00:00,385.95,386.05,385.5,385.55,53521
2025-12-16 06:05:00,385.5,385.55,385.15,385.35,92967
2025-12-16 06:10:00,385.35,385.9,385.2,385.75,35945
2025-12-16 06:15:00,385.8,385.9,385.5,385.7,33818
2025-12-16 06:20:00,385.7,385.8,385.45,385.75,42341
2025-12-16 06:25:00,385.8,385.8,385.25,385.4,52728
2025-12-16 06:30:00,385.4,385.45,385.25,385.3,48450
2025-12-16 06:35:00,385.3,385.9,385.25,385.7,33910
2025-12-16 06:40:00,385.75,386.5,385.7,386.25,53243
2025-12-16 06:45:00,386.25,386.25,385.55,385.95,50272
2025-12-16 06:50:00,385.95,386.25,385.75,386.05,48523
2025-12-16 06:55:00,386.05,387.2,386.0,386.95,243213
2025-12-16 07:00:00,386.9,387.2,386.8,387.0,124140
2025-12-16 07:05:00,387.05,387.05,386.85,387.05,355733
2025-12-16 07:10:00,387.05,387.25,386.8,386.9,260154
2025-12-16 07:15:00,387.05,387.2,386.4,387.1,132260
2025-12-16 07:20:00,387.1,387.45,387.0,387.25,84761
2025-12-16 07:25:00,387.15,387.45,387.1,387.25,38653
2025-12-16 07:30:00,387.25,387.25,387.0,387.2,30847
2025-12-16 07:35:00,387.2,387.7,387.05,387.55,68048
2025-12-16 07:40:00,387.5,387.65,387.5,387.6,42908
2025-12-16 07:45:00,387.6,387.75,387.0,387.15,64418
2025-12-16 07:50:00,387.15,387.2,387.0,387.05,52228
2025-12-16 07:55:00,387.05,387.1,387.0,387.05,54759
2025-12-16 08:00:00,387.1,387.3,387.0,387.3,35454
2025-12-16 08:05:00,387.3,387.55,387.15,387.5,45116
2025-12-16 08:10:00,387.5,388.4,387.35,388.1,145448
2025-12-16 08:15:00,388.1,388.35,387.95,388.2,74832
2025-12-16 08:20:00,388.1,388.2,388.0,388.05,51475
2025-12-16 08:25:00,388.0,388.1,387.15,387.35,126030
2025-12-16 08:30:00,387.35,387.95,387.2,387.85,64472
2025-12-16 08:35:00,387.8,387.85,387.75,387.8,118540
2025-12-16 08:40:00,387.75,387.8,387.0,387.1,119399
2025-12-16 08:45:00,387.2,387.4,387.0,387.0,64424
2025-12-16 08:50:00,387.05,387.05,386.4,386.4,203948
2025-12-16 08:55:00,386.45,386.85,386.3,386.5,58249
2025-12-16 09:00:00,386.5,386.65,386.15,386.5,65847
2025-12-16 09:05:00,386.6,387.2,386.3,387.1,70548
2025-12-16 09:10:00,387.05,387.55,387.05,387.25,72169
2025-12-16 09:15:00,387.35,387.9,387.2,387.9,88317
2025-12-16 09:20:00,387.85,388.2,387.8,388.15,238086
2025-12-16 09:25:00,388.15,388.6,388.05,388.4,169328
2025-12-16 09:30:00,388.45,389.0,388.2,388.45,313541
2025-12-16 09:35:00,388.45,388.65,388.0,388.1,303549
2025-12-16 09:40:00,388.25,388.55,387.8,388.0,284292
2025-12-16 09:45:00,388.0,388.1,387.25,387.3,199234
2025-12-16 09:50:00,387.25,387.95,387.25,387.85,194109
2025-12-16 09:55:00,387.85,387.85,386.5,387.0,215603
2025-12-17 03:45:00,388.0,388.3,385.7,385.95,343887
2025-12-17 03:50:00,385.95,387.5,385.85,387.45,150094
2025-12-17 03:55:00,387.5,387.7,387.05,387.2,71234
2025-12-17 04:00:00,387.2,387.55,386.4,387.55,99957
2025-12-17 04:05:00,387.55,388.1,387.5,388.0,74054
2025-12-17 04:10:00,388.1,388.3,387.45,387.8,85728
2025-12-17 04:15:00,387.85,388.4,387.55,387.85,68211
2025-12-17 04:20:00,387.85,387.85,386.8,387.2,79851
2025-12-17 04:25:00,387.2,387.5,386.85,387.2,52557
2025-12-17 04:30:00,387.25,387.25,386.1,386.4,62668
2025-12-17 04:35:00,386.15,386.65,386.0,386.25,64709
2025-12-17 04:40:00,386.25,386.4,385.7,386.1,92461
2025-12-17 04:45:00,386.2,387.0,385.75,386.9,93464
2025-12-17 04:50:00,386.9,386.9,386.2,386.3,39760
2025-12-17 04:55:00,386.25,386.35,385.4,385.6,125241
2025-12-17 05:00:00,385.5,386.0,385.25,385.7,47661
2025-12-17 05:05:00,385.7,385.75,385.4,385.5,50757
2025-12-17 05:10:00,385.5,385.9,385.4,385.85,33722
2025-12-17 05:15:00,385.85,386.6,385.7,386.5,91561
2025-12-17 05:20:00,386.45,386.6,385.85,386.0,45206
2025-12-17 05:25:00,386.0,386.05,385.25,385.45,92388
2025-12-17 05:30:00,385.4,386.2,385.4,385.95,47223
2025-12-17 05:35:00,385.9,386.5,385.85,386.2,212398
2025-12-17 05:40:00,386.2,386.4,386.0,386.0,30964
2025-12-17 05:45:00,386.0,386.5,386.0,386.15,48419
2025-12-17 05:50:00,386.2,386.35,385.85,386.2,45204
2025-12-17 05:55:00,386.35,386.35,385.9,386.15,30930
2025-12-17 06:00:00,386.2,386.2,385.9,386.05,27732
2025-12-17 06:05:00,386.05,386.2,386.0,386.15,21557
2025-12-17 06:10:00,386.2,386.4,386.15,386.35,38682
2025-12-17 06:15:00,386.25,386.6,386.2,386.4,50170
2025-12-17 06:20:00,386.5,386.55,386.2,386.25,37650
2025-12-17 06:25:00,386.3,386.55,386.1,386.25,32869
2025-12-17 06:30:00,386.15,386.5,386.1,386.2,25224
2025-12-17 06:35:00,386.2,386.3,386.0,386.05,33597
2025-12-17 06:40:00,386.1,386.25,386.0,386.1,30720
2025-12-17 06:45:00,386.15,386.15,385.85,385.85,23770
2025-12-17 06:50:00,386.0,386.0,385.55,385.65,43444
2025-12-17 06:55:00,385.65,385.8,385.5,385.55,36840
2025-12-17 07:00:00,385.6,385.7,385.3,385.5,144956
2025-12-17 07:05:00,385.55,385.7,385.15,385.4,72164
2025-12-17 07:10:00,385.4,385.45,385.0,385.2,184043
2025-12-17 07:15:00,385.25,385.45,385.1,385.35,46703
2025-12-17 07:20:00,385.35,385.5,385.2,385.25,34212
2025-12-17 07:25:00,385.25,385.5,385.15,385.45,42920
2025-12-17 07:30:00,385.5,385.9,385.3,385.8,114103
2025-12-17 07:35:00,385.9,386.0,385.8,385.85,61292
2025-12-17 07:40:00,385.85,386.2,385.8,386.0,195969
2025-12-17 07:45:00,386.05,386.05,385.9,385.95,29346
2025-12-17 07:50:00,386.0,386.15,385.95,386.1,38908
2025-12-17 07:55:00,386.1,386.15,385.95,386.0,72969
2025-12-17 08:00:00,386.1,386.1,385.95,385.95,53138
2025-12-17 08:05:00,386.05,386.05,385.95,385.95,45327
2025-12-17 08:10:00,386.05,386.05,385.95,386.0,34752
2025-12-17 08:15:00,385.95,386.05,385.5,385.55,64720
2025-12-17 08:20:00,385.55,386.0,385.5,385.85,48233
2025-12-17 08:25:00,385.9,385.9,385.7,385.85,29633
2025-12-17 08:30:00,385.8,385.9,385.55,385.55,37866
2025-12-17 08:35:00,385.65,385.9,385.55,385.85,65308
2025-12-17 08:40:00,385.8,386.2,385.8,386.15,70181
2025-12-17 08:45:00,386.2,386.5,385.9,386.35,145270
2025-12-17 08:50:00,386.4,386.5,386.0,386.2,96842
2025-12-17 08:55:00,386.15,386.2,385.8,385.9,80800
2025-12-17 09:00:00,385.85,385.9,385.8,385.85,27300
2025-12-17 09:05:00,385.8,385.95,385.05,385.25,194799
2025-12-17 09:10:00,385.25,385.55,385.2,385.35,75638
2025-12-17 09:15:00,385.45,385.9,385.25,385.5,69209
2025-12-17 09:20:00,385.6,385.9,385.4,385.5,77627
2025-12-17 09:25:00,385.5,385.85,385.45,385.85,69876
2025-12-17 09:30:00,385.95,386.15,385.55,385.75,354744
2025-12-17 09:35:00,385.65,386.0,385.65,385.9,151972
2025-12-17 09:40:00,385.85,385.9,385.45,385.5,251757
2025-12-17 09:45:00,385.45,385.5,385.25,385.4,293780
2025-12-17 09:50:00,385.35,385.5,385.2,385.45,306785
2025-12-17 09:55:00,385.45,385.8,385.3,385.35,198581
2025-12-18 03:45:00,384.05,385.4,383.05,383.45,311489
2025-12-18 03:50:00,383.05,384.0,382.75,383.7,157158
2025-12-18 03:55:00,383.65,384.45,383.35,383.55,107294
2025-12-18 04:00:00,383.5,383.8,382.65,382.9,105994
2025-12-18 04:05:00,382.8,382.9,382.1,382.3,108396
2025-12-18 04:10:00,382.2,382.35,381.1,381.2,153943
2025-12-18 04:15:00,381.1,381.75,381.0,381.25,92422
2025-12-18 04:20:00,381.25,381.5,381.15,381.25,85318
2025-12-18 04:25:00,381.25,381.65,381.25,381.5,94838
2025-12-18 04:30:00,381.5,381.95,381.15,381.4,73905
2025-12-18 04:35:00,381.55,381.8,381.15,381.3,73492
2025-12-18 04:40:00,381.45,382.3,381.1,382.15,85628
2025-12-18 04:45:00,382.1,382.85,381.75,382.8,85504
2025-12-18 04:50:00,382.95,383.5,382.45,383.2,136137
2025-12-18 04:55:00,383.2,383.2,381.85,381.85,107020
2025-12-18 05:00:00,381.85,382.55,381.5,382.55,96941
2025-12-18 05:05:00,382.65,382.7,382.05,382.25,50624
2025-12-18 05:10:00,382.25,382.65,381.9,382.2,66583
2025-12-18 05:15:00,382.2,382.65,382.2,382.3,43509
2025-12-18 05:20:00,382.3,382.45,381.65,381.95,71799
2025-12-18 05:25:00,381.95,382.0,381.65,381.85,40729
2025-12-18 05:30:00,381.85,382.25,381.65,381.8,57996
2025-12-18 05:35:00,381.8,382.0,381.7,381.8,35473
2025-12-18 05:40:00,381.8,381.95,381.5,381.6,38091
2025-12-18 05:45:00,381.55,381.6,380.45,381.0,217865
2025-12-18 05:50:00,381.0,382.45,381.0,382.15,92067
2025-12-18 05:55:00,382.3,383.0,382.0,382.85,116716
2025-12-18 06:00:00,382.95,383.35,382.7,382.8,131755
2025-12-18 06:05:00,382.75,382.9,382.35,382.6,65981
2025-12-18 06:10:00,382.6,382.7,382.3,382.4,34370
2025-12-18 06:15:00,382.35,382.7,382.1,382.45,36771
2025-12-18 06:20:00,382.55,383.4,382.4,383.15,113926
2025-12-18 06:25:00,383.2,383.35,382.95,383.15,58915
2025-12-18 06:30:00,383.15,383.9,383.0,383.45,109623
2025-12-18 06:35:00,383.45,383.45,383.0,383.2,52405
2025-12-18 06:40:00,383.2,383.8,383.05,383.65,47195
2025-12-18 06:45:00,383.6,383.75,383.1,383.3,44753
2025-12-18 06:50:00,383.3,383.75,383.15,383.55,49243
2025-12-18 06:55:00,383.55,384.0,383.25,383.85,68039
2025-12-18 07:00:00,383.85,384.8,383.75,384.7,123858
2025-12-18 07:05:00,384.7,385.9,384.7,385.7,217978
2025-12-18 07:10:00,385.7,386.8,385.65,385.8,214419
2025-12-18 07:15:00,385.9,386.15,385.45,385.65,76189
2025-12-18 07:20:00,385.65,385.65,384.4,384.85,186212
2025-12-18 07:25:00,384.95,385.0,384.25,384.5,200234
2025-12-18 07:30:00,384.5,384.9,384.3,384.7,64389
2025-12-18 07:35:00,384.7,384.85,384.3,384.5,52272
2025-12-18 07:40:00,384.5,384.85,384.4,384.55,52886
2025-12-18 07:45:00,384.55,384.9,384.5,384.75,37961
2025-12-18 07:50:00,384.75,384.75,384.05,384.3,100064
2025-12-18 07:55:00,384.45,384.75,384.1,384.55,117657
2025-12-18 08:00:00,384.55,384.8,384.0,384.25,110833
2025-12-18 08:05:00,384.2,384.85,384.1,384.75,59215
2025-12-18 08:10:00,384.75,384.95,384.5,384.75,43638
2025-12-18 08:15:00,384.7,384.8,384.1,384.3,163406
2025-12-18 08:20:00,384.25,384.65,384.05,384.45,52942
2025-12-18 08:25:00,384.25,384.4,383.75,383.8,60098
2025-12-18 08:30:00,383.75,383.85,383.0,383.2,181947
2025-12-18 08:35:00,383.3,383.3,382.5,383.0,90536
2025-12-18 08:40:00,382.85,382.95,382.5,382.65,36250
2025-12-18 08:45:00,382.6,382.65,382.05,382.15,56276
2025-12-18 08:50:00,382.1,382.3,382.0,382.0,99018
2025-12-18 08:55:00,382.05,382.1,381.85,382.0,41186
2025-12-18 09:00:00,381.95,383.25,381.85,382.6,177754
2025-12-18 09:05:00,382.6,382.85,381.75,381.85,61143
2025-12-18 09:10:00,381.85,382.25,381.65,381.75,63128
2025-12-18 09:15:00,381.7,382.25,381.7,381.9,36749
2025-12-18 09:20:00,381.95,382.15,381.45,381.8,164018
2025-12-18 09:25:00,381.8,382.35,381.6,381.85,62545
2025-12-18 09:30:00,382.4,384.0,382.15,383.7,220959
2025-12-18 09:35:00,383.7,384.0,383.45,383.75,170800
2025-12-18 09:40:00,383.85,384.1,383.6,383.75,129088
2025-12-18 09:45:00,383.75,383.9,383.25,383.25,173354
2025-12-18 09:50:00,383.25,383.45,383.05,383.3,123837
2025-12-18 09:55:00,383.4,383.4,382.85,383.05,122733
2025-12-19 03:45:00,383.5,386.95,383.5,386.2,311895
2025-12-19 03:50:00,386.1,387.7,386.0,387.5,377690
2025-12-19 03:55:00,387.6,389.8,387.4,389.6,361450
2025-12-19 04:00:00,389.6,390.1,389.05,390.1,359045
2025-12-19 04:05:00,390.1,390.4,389.55,389.8,191878
2025-12-19 04:10:00,389.8,389.8,389.05,389.15,124825
2025-12-19 04:15:00,389.15,390.65,389.15,390.2,178196
2025-12-19 04:20:00,390.1,390.9,390.05,390.4,199735
2025-12-19 04:25:00,390.4,390.65,390.05,390.4,74830
2025-12-19 04:30:00,390.4,390.5,390.05,390.35,108591
2025-12-19 04:35:00,390.4,390.45,389.65,390.1,121079
2025-12-19 04:40:00,390.2,390.45,389.55,389.65,84947
2025-12-19 04:45:00,389.65,390.05,389.15,389.75,187665
2025-12-19 04:50:00,389.9,389.9,389.3,389.8,57405
2025-12-19 04:55:00,389.7,390.5,389.65,390.4,88208
2025-12-19 05:00:00,390.45,390.45,389.85,390.15,33940
2025-12-19 05:05:00,390.2,390.25,389.5,389.9,46216
2025-12-19 05:10:00,389.85,391.35,389.85,391.2,192702
2025-12-19 05:15:00,391.2,391.4,390.3,390.5,118313
2025-12-19 05:20:00,390.6,390.9,390.4,390.65,52716
2025-12-19 05:25:00,390.7,390.75,389.95,390.15,77572
2025-12-19 05:30:00,390.15,390.5,390.1,390.3,62528
2025-12-19 05:35:00,390.5,390.5,390.05,390.4,56400
2025-12-19 05:40:00,390.35,390.7,390.25,390.5,84616
2025-12-19 05:45:00,390.6,390.8,390.4,390.55,37945
2025-12-19 05:50:00,390.65,391.2,389.8,389.9,123891
2025-12-19 05:55:00,389.85,389.9,388.65,388.8,151764
2025-12-19 06:00:00,388.9,389.15,388.75,389.05,81159
2025-12-19 06:05:00,389.15,389.35,388.85,388.9,51180
2025-12-19 06:10:00,388.85,388.95,388.05,388.25,123654
2025-12-19 06:15:00,388.2,388.65,387.9,388.6,138051
2025-12-19 06:20:00,388.65,389.0,388.45,388.85,66345
2025-12-19 06:25:00,388.95,389.0,388.45,388.5,48678
2025-12-19 06:30:00,388.6,389.35,388.45,389.3,63356
2025-12-19 06:35:00,389.3,389.7,389.2,389.6,67755
2025-12-19 06:40:00,389.6,389.85,389.45,389.6,56342
2025-12-19 06:45:00,389.6,389.65,389.05,389.05,36577
2025-12-19 06:50:00,389.1,389.45,388.95,389.15,34674
2025-12-19 06:55:00,389.15,389.25,389.1,389.15,23921
2025-12-19 07:00:00,389.2,389.75,389.1,389.7,72580
2025-12-19 07:05:00,389.75,390.0,389.55,389.8,40915
2025-12-19 07:10:00,389.85,390.1,389.55,389.7,70338
2025-12-19 07:15:00,389.55,389.7,389.3,389.3,25319
2025-12-19 07:20:00,389.4,389.5,389.25,389.35,17995
2025-12-19 07:25:00,389.35,389.55,389.15,389.3,41615
2025-12-19 07:30:00,389.4,389.45,389.1,389.1,25608
2025-12-19 07:35:00,389.2,389.35,389.0,389.15,24425
2025-12-19 07:40:00,389.15,389.95,389.05,389.95,109050
2025-12-19 07:45:00,389.85,390.4,389.85,390.3,177604
2025-12-19 07:50:00,390.45,390.8,390.25,390.7,115765
2025-12-19 07:55:00,390.65,391.4,390.45,391.05,633406
2025-12-19 08:00:00,391.05,391.5,391.05,391.45,163272
2025-12-19 08:05:00,391.5,391.5,391.15,391.25,130398
2025-12-19 08:10:00,391.35,391.9,391.25,391.4,143430
2025-12-19 08:15:00,391.4,391.95,391.3,391.75,94335
2025-12-19 08:20:00,391.75,391.85,391.5,391.5,73067
2025-12-19 08:25:00,391.55,391.6,391.4,391.55,77786
2025-12-19 08:30:00,391.7,391.9,391.5,391.6,78925
2025-12-19 08:35:00,391.6,391.8,391.55,391.7,68431
2025-12-19 08:40:00,391.6,391.7,391.35,391.4,81518
2025-12-19 08:45:00,391.45,391.75,391.4,391.6,62611
2025-12-19 08:50:00,391.7,391.9,391.6,391.8,79020
2025-12-19 08:55:00,391.9,391.95,391.6,391.65,83915
2025-12-19 09:00:00,391.7,392.25,391.6,392.15,179518
2025-12-19 09:05:00,392.2,392.35,391.8,392.25,126135
2025-12-19 09:10:00,392.25,392.25,391.9,392.15,81822
2025-12-19 09:15:00,392.15,392.7,392.0,392.45,222396
2025-12-19 09:20:00,392.5,392.5,391.8,391.9,105177
2025-12-19 09:25:00,391.9,392.3,391.9,392.1,86155
2025-12-19 09:30:00,392.25,392.25,391.2,391.75,619860
2025-12-19 09:35:00,391.75,393.3,391.75,393.1,755780
2025-12-19 09:40:00,393.15,393.35,392.9,392.95,546726
2025-12-19 09:45:00,393.0,393.3,392.9,393.15,508714
2025-12-19 09:50:00,393.15,393.5,393.0,393.25,624802
2025-12-19 09:55:00,393.25,393.4,392.95,393.35,538963
2025-12-22 03:45:00,393.0,396.8,392.9,396.4,784047
2025-12-22 03:50:00,396.35,398.25,395.8,396.0,640882
2025-12-22 03:55:00,395.95,397.0,395.8,396.2,176963
2025-12-22 04:00:00,396.2,396.6,395.75,396.05,144446
2025-12-22 04:05:00,396.05,396.15,395.1,395.25,125165
2025-12-22 04:10:00,395.25,395.55,395.0,395.4,124855
2025-12-22 04:15:00,395.5,395.65,394.65,394.95,124872
2025-12-22 04:20:00,394.9,395.35,394.9,395.05,83642
2025-12-22 04:25:00,395.05,395.25,394.8,395.2,44213
2025-12-22 04:30:00,395.2,395.4,395.0,395.15,60759
2025-12-22 04:35:00,395.15,395.4,394.7,394.95,85110
2025-12-22 04:40:00,394.95,394.95,394.35,394.8,78643
2025-12-22 04:45:00,394.8,395.0,394.15,394.3,95908
2025-12-22 04:50:00,394.4,395.45,394.0,395.35,201349
2025-12-22 04:55:00,395.35,395.35,395.0,395.35,59844
2025-12-22 05:00:00,395.35,396.15,395.3,395.85,150641
2025-12-22 05:05:00,395.9,395.9,395.15,395.4,60593
2025-12-22 05:10:00,395.5,395.6,395.3,395.45,37189
2025-12-22 05:15:00,395.4,395.45,395.0,395.3,48746
2025-12-22 05:20:00,395.1,395.3,394.6,394.75,85154
2025-12-22 05:25:00,394.65,396.1,394.65,395.6,228037
2025-12-22 05:30:00,395.6,395.8,395.05,395.2,84605
2025-12-22 05:35:00,395.3,395.5,394.8,395.25,59073
2025-12-22 05:40:00,395.3,395.7,395.0,395.55,41471
2025-12-22 05:45:00,395.65,395.8,394.9,394.95,54280
2025-12-22 05:50:00,395.1,395.1,394.65,394.7,46960
2025-12-22 05:55:00,394.7,395.3,394.65,395.2,38727
2025-12-22 06:00:00,395.2,395.8,395.05,395.75,43031
2025-12-22 06:05:00,395.7,395.85,395.5,395.5,25117
2025-12-22 06:10:00,395.5,395.7,395.4,395.7,41417
2025-12-22 06:15:00,395.7,395.7,395.5,395.6,24894
2025-12-22 06:20:00,395.7,395.7,395.4,395.5,31946
2025-12-22 06:25:00,395.45,395.7,395.25,395.6,42302
2025-12-22 06:30:00,395.5,395.7,395.4,395.65,29990
2025-12-22 06:35:00,395.65,396.0,395.5,396.0,63146
2025-12-22 06:40:00,396.0,396.8,395.9,396.6,184335
2025-12-22 06:45:00,396.7,396.85,396.1,396.3,91211
2025-12-22 06:50:00,396.35,396.75,396.05,396.6,61555
2025-12-22 06:55:00,396.7,396.75,396.2,396.3,43067
2025-12-22 07:00:00,396.35,396.5,396.05,396.15,57454
2025-12-22 07:05:00,396.25,396.25,395.7,395.8,63126
2025-12-22 07:10:00,395.95,396.2,395.8,396.0,63986
2025-12-22 07:15:00,396.1,396.1,395.65,395.75,87440
2025-12-22 07:20:00,395.75,396.25,395.75,396.1,30097
2025-12-22 07:25:00,396.15,396.5,395.9,396.1,47356
2025-12-22 07:30:00,396.15,396.6,396.0,396.5,47524
2025-12-22 07:35:00,396.45,396.55,396.2,396.35,26921
2025-12-22 07:40:00,396.4,396.5,396.1,396.35,28262
2025-12-22 07:45:00,396.2,396.4,396.0,396.05,34896
2025-12-22 07:50:00,396.25,396.3,396.0,396.15,28652
2025-12-22 07:55:00,396.15,396.8,396.05,396.65,68686
2025-12-22 08:00:00,396.65,396.7,396.5,396.5,31735
2025-12-22 08:05:00,396.55,396.6,396.0,396.3,59355
2025-12-22 08:10:00,396.3,396.6,396.2,396.35,40151
2025-12-22 08:15:00,396.35,397.05,396.35,396.45,208174
2025-12-22 08:20:00,396.45,396.65,396.35,396.35,37929
2025-12-22 08:25:00,396.45,396.55,396.35,396.45,29222
2025-12-22 08:30:00,396.45,396.75,396.35,396.45,32550
2025-12-22 08:35:00,396.45,396.75,396.35,396.35,66076
2025-12-22 08:40:00,396.4,396.8,396.35,396.75,100501
2025-12-22 08:45:00,396.6,396.95,396.6,396.8,96677
2025-12-22 08:50:00,396.85,397.1,396.8,397.0,77538
2025-12-22 08:55:00,397.05,397.3,397.0,397.25,64089
2025-12-22 09:00:00,397.3,397.35,397.2,397.25,69380
2025-12-22 09:05:00,397.25,397.5,396.75,397.0,221148
2025-12-22 09:10:00,397.05,397.5,397.0,397.3,160415
2025-12-22 09:15:00,397.25,397.3,397.0,397.05,60727
2025-12-22 09:20:00,397.1,397.3,397.0,397.15,84184
2025-12-22 09:25:00,397.1,398.6,397.05,398.25,409392
2025-12-22 09:30:00,398.3,398.75,398.15,398.35,263390
2025-12-22 09:35:00,398.3,399.0,398.3,398.8,410460
2025-12-22 09:40:00,398.8,399.15,398.7,399.05,397413
2025-12-22 09:45:00,399.05,399.25,398.75,399.05,485552
2025-12-22 09:50:00,399.05,399.2,398.8,399.15,435352
2025-12-22 09:55:00,399.15,399.3,398.25,398.9,372228
2025-12-23 03:45:00,399.0,399.95,395.75,399.35,717124
2025-12-23 03:50:00,399.45,400.6,398.75,399.0,302344
2025-12-23 03:55:00,399.0,400.45,398.8,400.4,254503
2025-12-23 04:00:00,400.4,400.45,399.05,399.2,135553
2025-12-23 04:05:00,399.2,399.7,398.7,398.85,113708
2025-12-23 04:10:00,398.85,399.0,398.05,398.15,114256
2025-12-23 04:15:00,398.3,399.45,397.7,399.25,132747
2025-12-23 04:20:00,399.25,400.9,399.15,400.7,187527
2025-12-23 04:25:00,400.7,402.5,400.7,401.65,400635
2025-12-23 04:30:00,401.6,402.0,401.0,401.15,105618
2025-12-23 04:35:00,401.25,401.35,400.55,400.75,130477
2025-12-23 04:40:00,400.75,400.95,400.5,400.5,64322
2025-12-23 04:45:00,400.6,401.0,400.35,400.5,40445
2025-12-23 04:50:00,400.4,400.8,400.2,400.35,63811
2025-12-23 04:55:00,400.3,400.9,400.3,400.5,49894
2025-12-23 05:00:00,400.6,400.75,400.3,400.3,40018
2025-12-23 05:05:00,400.4,400.4,399.6,400.3,89914
2025-12-23 05:10:00,400.3,400.9,400.0,400.6,37063
2025-12-23 05:15:00,400.7,401.1,400.6,401.0,65379
2025-12-23 05:20:00,401.1,401.5,400.0,400.0,177922
2025-12-23 05:25:00,400.0,400.35,399.9,399.95,42561
2025-12-23 05:30:00,400.0,400.25,399.6,399.85,57319
2025-12-23 05:35:00,400.0,400.3,399.75,400.0,34368
2025-12-23 05:40:00,400.0,400.3,399.8,400.15,54703
2025-12-23 05:45:00,400.3,400.7,400.05,400.4,44311
2025-12-23 05:50:00,400.4,400.8,400.2,400.6,39249
2025-12-23 05:55:00,400.55,400.6,400.15,400.3,32719
2025-12-23 06:00:00,400.45,400.5,400.0,400.45,63164
2025-12-23 06:05:00,400.5,400.9,400.1,400.75,58126
2025-12-23 06:10:00,400.7,401.25,400.55,401.0,75504
2025-12-23 06:15:00,401.0,401.35,400.7,400.75,65899
2025-12-23 06:20:00,400.85,401.3,400.75,401.3,57242
2025-12-23 06:25:00,401.3,401.6,401.2,401.5,71604
2025-12-23 06:30:00,401.6,401.65,401.2,401.45,60538
2025-12-23 06:35:00,401.35,401.5,401.15,401.3,47409
2025-12-23 06:40:00,401.3,401.7,401.3,401.55,66488
2025-12-23 06:45:00,401.55,401.7,401.3,401.55,56438
2025-12-23 06:50:00,401.5,401.7,401.3,401.5,59915
2025-12-23 06:55:00,401.35,401.7,401.35,401.5,49322
2025-12-23 07:00:00,401.55,401.55,401.25,401.3,45669
2025-12-23 07:05:00,401.3,401.3,400.8,401.1,73692
2025-12-23 07:10:00,401.15,401.15,400.7,400.95,61095
2025-12-23 07:15:00,401.0,401.5,400.8,401.35,43053
2025-12-23 07:20:00,401.35,401.5,401.0,401.4,44412
2025-12-23 07:25:00,401.4,401.5,401.0,401.1,57198
2025-12-23 07:30:00,401.1,401.6,401.0,401.35,58541
2025-12-23 07:35:00,401.4,401.65,401.15,401.55,41396
2025-12-23 07:40:00,401.55,401.7,401.45,401.45,69002
2025-12-23 07:45:00,401.55,401.7,401.35,401.6,43274
2025-12-23 07:50:00,401.6,401.75,401.4,401.55,49451
2025-12-23 07:55:00,401.75,401.95,401.65,401.85,76536
2025-12-23 08:00:00,401.9,402.0,401.75,401.8,71894
2025-12-23 08:05:00,401.8,402.0,401.7,401.95,58690
2025-12-23 08:10:00,402.0,402.0,401.7,401.85,57692
2025-12-23 08:15:00,401.95,401.95,401.7,401.7,41572
2025-12-23 08:20:00,401.75,401.85,401.5,401.6,56817
2025-12-23 08:25:00,401.55,401.9,401.55,401.7,52860
2025-12-23 08:30:00,401.75,401.8,401.55,401.55,89650
2025-12-23 08:35:00,401.55,401.65,401.0,401.0,73739
2025-12-23 08:40:00,401.1,401.45,401.0,401.35,70105
2025-12-23 08:45:00,401.4,402.0,401.35,401.6,145655
2025-12-23 08:50:00,401.7,401.8,401.35,401.35,52242
2025-12-23 08:55:00,401.45,401.75,401.2,401.2,50062
2025-12-23 09:00:00,401.25,401.3,400.25,400.35,97521
2025-12-23 09:05:00,400.35,400.4,400.05,400.1,63851
2025-12-23 09:10:00,400.1,400.2,399.5,399.5,186926
2025-12-23 09:15:00,399.4,400.25,399.25,400.15,121769
2025-12-23 09:20:00,400.25,400.25,399.75,399.95,168192
2025-12-23 09:25:00,400.15,400.2,399.65,400.15,80841
2025-12-23 09:30:00,400.5,400.8,399.45,399.5,209080
2025-12-23 09:35:00,399.45,399.85,399.2,399.3,219935
2025-12-23 09:40:00,399.25,399.65,399.2,399.5,146678
2025-12-23 09:45:00,399.5,399.6,399.05,399.2,248773
2025-12-23 09:50:00,399.05,399.35,399.0,399.05,164066
2025-12-23 09:55:00,399.05,399.4,398.7,399.15,247435
2025-12-24 03:45:00,399.0,401.25,397.6,400.75,384762
2025-12-24 03:50:00,400.8,402.0,400.65,401.6,201789
2025-12-24 03:55:00,401.45,402.0,401.2,401.8,143618
2025-12-24 04:00:00,401.9,401.9,400.75,400.75,78279
2025-12-24 04:05:00,400.8,401.25,400.5,401.25,89597
2025-12-24 04:10:00,401.3,401.6,401.0,401.0,64609
2025-12-24 04:15:00,401.2,401.75,400.75,401.05,73761
2025-12-24 04:20:00,401.15,401.75,401.05,401.5,56629
2025-12-24 04:25:00,401.6,401.65,401.1,401.65,53698
2025-12-24 04:30:00,401.7,401.9,401.25,401.35,147754
2025-12-24 04:35:00,401.25,401.65,401.05,401.3,108085
2025-12-24 04:40:00,401.3,401.9,401.1,401.1,92670
2025-12-24 04:45:00,401.15,401.75,400.55,400.55,73417
2025-12-24 04:50:00,400.65,400.95,400.4,400.7,54349
2025-12-24 04:55:00,400.75,401.7,400.6,401.65,57215
2025-12-24 05:00:00,401.6,401.85,401.15,401.75,46149
2025-12-24 05:05:00,401.8,401.8,400.85,401.05,63798
2025-12-24 05:10:00,401.05,401.45,400.8,401.0,41895
2025-12-24 05:15:00,401.0,401.5,400.85,401.0,87543
2025-12-24 05:20:00,401.0,401.9,400.95,401.7,80164
2025-12-24 05:25:00,401.7,402.2,401.2,401.35,186361
2025-12-24 05:30:00,401.4,401.8,401.25,401.35,58009
2025-12-24 05:35:00,401.4,401.8,401.25,401.5,56884
2025-12-24 05:40:00,401.45,401.65,401.15,401.65,47175
2025-12-24 05:45:00,401.65,401.95,401.55,401.85,50286
2025-12-24 05:50:00,401.85,401.95,401.55,401.75,64919
2025-12-24 05:55:00,401.8,402.4,401.6,402.35,132105
2025-12-24 06:00:00,402.4,403.65,402.3,403.3,349201
2025-12-24 06:05:00,403.2,403.5,403.0,403.35,100075
2025-12-24 06:10:00,403.35,403.5,402.2,402.2,150837
2025-12-24 06:15:00,402.25,402.75,402.0,402.05,128530
2025-12-24 06:20:00,402.2,402.45,402.05,402.35,75376
2025-12-24 06:25:00,402.3,402.85,402.3,402.4,92009
2025-12-24 06:30:00,402.45,402.7,402.2,402.45,78784
2025-12-24 06:35:00,402.45,402.55,401.8,401.9,124435
2025-12-24 06:40:00,401.9,402.5,401.85,402.25,58940
2025-12-24 06:45:00,402.25,402.5,402.05,402.4,63741
2025-12-24 06:50:00,402.3,402.75,402.25,402.35,66477
2025-12-24 06:55:00,402.35,402.5,402.25,402.5,66689
2025-12-24 07:00:00,402.45,402.55,402.15,402.35,66528
2025-12-24 07:05:00,402.25,402.65,402.2,402.55,113380
2025-12-24 07:10:00,402.5,402.8,402.45,402.6,62696
2025-12-24 07:15:00,402.5,402.75,402.45,402.5,87379
2025-12-24 07:20:00,402.5,402.6,402.35,402.4,93828
2025-12-24 07:25:00,402.35,402.6,402.25,402.3,71503
2025-12-24 07:30:00,402.35,402.5,402.2,402.3,85591
2025-12-24 07:35:00,402.4,402.4,401.7,401.9,97401
2025-12-24 07:40:00,401.95,402.1,401.8,401.85,62494
2025-12-24 07:45:00,401.85,402.0,401.7,401.85,104394
2025-12-24 07:50:00,401.85,402.0,401.75,401.85,100469
2025-12-24 07:55:00,401.8,401.9,401.3,401.5,99838
2025-12-24 08:00:00,401.55,401.7,401.0,401.35,130987
2025-12-24 08:05:00,401.2,401.45,401.0,401.05,92128
2025-12-24 08:10:00,401.05,401.15,399.9,400.15,437206
2025-12-24 08:15:00,400.25,400.85,399.95,400.75,138595
2025-12-24 08:20:00,400.8,400.95,400.45,400.8,164236
2025-12-24 08:25:00,400.9,401.1,400.2,400.5,102712
2025-12-24 08:30:00,400.5,400.55,400.05,400.3,95197
2025-12-24 08:35:00,400.2,400.8,400.2,400.75,135529
2025-12-24 08:40:00,400.8,400.85,400.0,400.55,80352
2025-12-24 08:45:00,400.5,401.0,400.4,400.75,72923
2025-12-24 08:50:00,400.75,400.8,400.3,400.5,65829
2025-12-24 08:55:00,400.5,400.65,399.85,400.0,159992
2025-12-24 09:00:00,400.05,400.3,399.95,400.1,67996
2025-12-24 09:05:00,400.1,400.2,399.5,399.75,101045
2025-12-24 09:10:00,399.65,400.05,399.5,400.0,70563
2025-12-24 09:15:00,400.0,400.1,399.8,399.95,81038
2025-12-24 09:20:00,400.0,400.0,399.8,399.95,100924
2025-12-24 09:25:00,399.9,400.5,399.9,400.3,124138
2025-12-24 09:30:00,400.5,400.9,399.9,400.05,110013
2025-12-24 09:35:00,400.0,400.2,399.95,400.0,147219
2025-12-24 09:40:00,400.0,400.25,399.9,400.25,142985
2025-12-24 09:45:00,400.25,400.25,399.75,400.15,179763
2025-12-24 09:50:00,400.15,400.15,399.5,399.55,115799
2025-12-24 09:55:00,399.6,400.0,399.35,399.55,132019
2025-12-26 03:45:00,403.0,407.5,402.45,406.5,1357131
2025-12-26 03:50:00,406.5,407.4,405.5,406.7,569709
2025-12-26 03:55:00,406.95,407.55,406.6,407.0,607142
2025-12-26 04:00:00,407.15,407.15,405.65,405.9,267295
2025-12-26 04:05:00,405.75,406.0,405.2,405.3,226059
2025-12-26 04:10:00,405.35,405.5,404.8,405.0,239286
2025-12-26 04:15:00,405.0,405.8,404.6,404.95,390065
2025-12-26 04:20:00,404.95,406.15,404.75,405.5,318703
2025-12-26 04:25:00,405.6,405.7,405.0,405.4,78313
2025-12-26 04:30:00,405.4,405.8,405.25,405.45,59753
2025-12-26 04:35:00,405.35,405.45,405.05,405.15,93750
2025-12-26 04:40:00,405.15,405.25,404.1,404.35,160917
2025-12-26 04:45:00,404.35,404.5,404.05,404.2,121556
2025-12-26 04:50:00,404.2,404.4,403.7,403.85,108837
2025-12-26 04:55:00,403.8,405.65,403.8,405.5,144456
2025-12-26 05:00:00,405.5,406.3,405.4,405.95,213264
2025-12-26 05:05:00,405.95,406.0,405.5,405.95,99192
2025-12-26 05:10:00,405.85,405.95,405.1,405.7,150097
2025-12-26 05:15:00,405.7,405.75,405.15,405.5,50817
2025-12-26 05:20:00,405.5,405.7,405.1,405.2,60455
2025-12-26 05:25:00,405.1,405.45,405.0,405.25,47965
2025-12-26 05:30:00,405.4,405.8,405.25,405.7,56569
2025-12-26 05:35:00,405.7,405.7,405.0,405.05,59921
2025-12-26 05:40:00,405.1,405.35,404.6,405.3,79453
2025-12-26 05:45:00,405.25,405.25,404.6,404.85,92495
2025-12-26 05:50:00,404.95,405.0,404.6,404.8,41849
2025-12-26 05:55:00,404.8,405.0,404.65,404.8,19473
2025-12-26 06:00:00,404.8,404.9,404.15,404.15,102883
2025-12-26 06:05:00,404.15,404.65,404.1,404.5,54188
2025-12-26 06:10:00,404.5,404.8,404.45,404.55,33679
2025-12-26 06:15:00,404.55,404.7,404.2,404.35,51925
2025-12-26 06:20:00,404.3,404.45,404.0,404.2,64794
2025-12-26 06:25:00,404.2,404.75,403.65,404.2,124119
2025-12-26 06:30:00,404.2,404.4,403.15,403.15,127952
2025-12-26 06:35:00,403.15,403.45,402.5,402.7,256415
2025-12-26 06:40:00,402.75,403.6,402.55,403.55,98090
2025-12-26 06:45:00,403.55,403.55,403.1,403.4,61957
2025-12-26 06:50:00,403.25,403.4,402.9,403.25,70254
2025-12-26 06:55:00,403.1,404.0,403.05,403.35,79561
2025-12-26 07:00:00,403.3,403.35,402.6,402.6,87773
2025-12-26 07:05:00,402.6,402.8,401.6,401.7,217187
2025-12-26 07:10:00,401.9,402.45,401.7,402.1,90229
2025-12-26 07:15:00,402.3,402.35,402.0,402.15,62915
2025-12-26 07:20:00,402.05,402.25,401.75,401.85,66807
2025-12-26 07:25:00,401.85,402.35,401.7,401.75,82066
2025-12-26 07:30:00,401.75,401.95,401.3,401.5,86886
2025-12-26 07:35:00,401.5,401.5,401.2,401.2,104683
2025-12-26 07:40:00,401.2,401.4,400.8,400.85,313611
2025-12-26 07:45:00,400.9,401.65,400.8,401.4,178672
2025-12-26 07:50:00,401.2,401.4,401.05,401.05,129568
2025-12-26 07:55:00,401.2,401.35,400.9,401.0,143737
2025-12-26 08:00:00,400.95,401.2,400.8,400.8,137115
2025-12-26 08:05:00,400.9,400.9,399.65,400.0,312760
2025-12-26 08:10:00,399.85,400.0,399.05,399.4,150875
2025-12-26 08:15:00,399.4,399.7,399.3,399.4,106809
2025-12-26 08:20:00,399.4,399.5,399.0,399.05,177846
2025-12-26 08:25:00,399.0,399.05,398.6,398.85,153953
2025-12-26 08:30:00,398.9,399.1,398.8,398.95,103536
2025-12-26 08:35:00,398.95,399.15,398.5,398.55,174275
2025-12-26 08:40:00,398.5,398.85,398.2,398.65,146903
2025-12-26 08:45:00,398.65,398.75,398.0,398.0,139330
2025-12-26 08:50:00,398.0,398.4,397.8,398.0,170476
2025-12-26 08:55:00,398.0,399.4,397.95,399.25,177276
2025-12-26 09:00:00,399.05,399.4,398.7,398.95,145528
2025-12-26 09:05:00,398.8,398.95,398.1,398.7,121361
2025-12-26 09:10:00,398.6,398.8,398.2,398.25,113327
2025-12-26 09:15:00,398.4,398.55,397.8,397.95,151586
2025-12-26 09:20:00,397.95,398.1,397.15,397.9,187540
2025-12-26 09:25:00,397.9,399.25,397.75,399.2,197207
2025-12-26 09:30:00,399.35,399.5,398.4,398.5,513577
2025-12-26 09:35:00,398.5,398.85,398.1,398.3,233837
2025-12-26 09:40:00,398.1,398.8,398.1,398.55,264809
2025-12-26 09:45:00,398.5,398.65,397.75,398.05,389147
2025-12-26 09:50:00,398.25,398.75,398.0,398.35,215054
2025-12-26 09:55:00,398.55,398.95,398.0,398.3,294663
2025-12-29 03:45:00,401.0,402.55,400.0,401.3,1051559
2025-12-29 03:50:00,401.35,401.9,401.0,401.55,310588
2025-12-29 03:55:00,401.55,402.05,401.0,401.3,240697
2025-12-29 04:00:00,401.2,402.8,401.2,402.65,343460
2025-12-29 04:05:00,402.65,403.45,402.1,402.35,286312
2025-12-29 04:10:00,402.4,402.45,400.85,401.15,439616
2025-12-29 04:15:00,401.1,401.4,400.9,401.15,160092
2025-12-29 04:20:00,401.15,402.3,400.95,401.9,695229
2025-12-29 04:25:00,401.9,402.0,401.1,401.4,125893
2025-12-29 04:30:00,401.35,402.8,401.1,401.8,700386
2025-12-29 04:35:00,401.7,401.8,401.05,401.15,111112
2025-12-29 04:40:00,401.2,401.25,401.0,401.1,78131
2025-12-29 04:45:00,401.1,401.1,400.0,400.15,249889
2025-12-29 04:50:00,400.1,400.15,399.3,399.5,239107
2025-12-29 04:55:00,399.7,400.0,399.5,399.95,106700
2025-12-29 05:00:00,399.85,400.0,399.4,399.85,96462
2025-12-29 05:05:00,399.85,400.2,399.75,400.1,58689
2025-12-29 05:10:00,400.2,400.2,399.35,399.5,90211
2025-12-29 05:15:00,399.55,399.85,399.1,399.75,81231
2025-12-29 05:20:00,399.85,400.0,399.5,399.9,94482
2025-12-29 05:25:00,399.9,399.95,399.7,399.9,93336
2025-12-29 05:30:00,399.8,399.95,399.6,399.75,96895
2025-12-29 05:35:00,399.85,399.9,399.3,399.45,88154
2025-12-29 05:40:00,399.6,399.8,399.0,399.25,179013
2025-12-29 05:45:00,399.4,399.4,398.95,399.0,71487
2025-12-29 05:50:00,399.1,399.15,398.8,398.9,103189
2025-12-29 05:55:00,398.85,398.9,398.55,398.65,85879
2025-12-29 06:00:00,398.6,398.8,398.25,398.25,81241
2025-12-29 06:05:00,398.4,398.4,397.9,397.95,132305
2025-12-29 06:10:00,398.05,398.3,397.8,397.9,100939
2025-12-29 06:15:00,398.0,399.25,397.85,399.0,135461
2025-12-29 06:20:00,399.15,399.4,398.5,399.1,127795
2025-12-29 06:25:00,399.1,399.15,398.65,398.75,73159
2025-12-29 06:30:00,398.9,399.0,398.4,398.4,82825
2025-12-29 06:35:00,398.6,398.8,398.35,398.5,65423
2025-12-29 06:40:00,398.55,398.7,398.15,398.2,77165
2025-12-29 06:45:00,398.35,398.35,398.0,398.15,84264
2025-12-29 06:50:00,398.05,398.25,397.5,397.8,108626
2025-12-29 06:55:00,397.8,398.1,397.55,397.75,109947
2025-12-29 07:00:00,398.0,398.0,397.0,397.05,141715
2025-12-29 07:05:00,397.1,397.5,396.75,397.25,115319
2025-12-29 07:10:00,397.3,397.3,396.8,396.85,83248
2025-12-29 07:15:00,396.95,397.15,396.6,396.95,164844
2025-12-29 07:20:00,397.0,397.35,396.8,397.3,87088
2025-12-29 07:25:00,397.3,397.55,396.95,397.3,92044
2025-12-29 07:30:00,397.4,397.65,397.15,397.65,72833
2025-12-29 07:35:00,397.6,397.95,397.25,397.3,109266
2025-12-29 07:40:00,397.45,397.5,397.05,397.05,93123
2025-12-29 07:45:00,397.05,397.45,397.05,397.35,101508
2025-12-29 07:50:00,397.45,397.65,397.2,397.45,67051
2025-12-29 07:55:00,397.45,397.45,397.05,397.25,117020
2025-12-29 08:00:00,397.35,398.1,397.25,398.05,167643
2025-12-29 08:05:00,398.1,398.1,396.15,396.35,201039
2025-12-29 08:10:00,396.35,396.8,396.3,396.7,87306
2025-12-29 08:15:00,396.7,399.2,396.55,398.4,218240
2025-12-29 08:20:00,398.4,399.75,397.95,399.5,312669
2025-12-29 08:25:00,399.5,399.65,399.0,399.15,197628
2025-12-29 08:30:00,399.15,399.25,396.8,397.55,380245
2025-12-29 08:35:00,397.75,397.75,396.65,396.9,253641
2025-12-29 08:40:00,397.0,397.0,396.1,396.3,238610
2025-12-29 08:45:00,396.2,396.25,393.3,394.3,565729
2025-12-29 08:50:00,394.2,395.0,394.1,394.55,236812
2025-12-29 08:55:00,394.5,395.2,394.05,394.1,266521
2025-12-29 09:00:00,394.1,394.9,394.0,394.85,145880
2025-12-29 09:05:00,394.9,394.95,394.3,394.3,104318
2025-12-29 09:10:00,394.4,394.45,393.7,393.75,208523
2025-12-29 09:15:00,393.85,393.9,392.5,392.85,246345
2025-12-29 09:20:00,392.85,393.45,392.5,392.65,159220
2025-12-29 09:25:00,392.6,393.45,392.5,393.2,371522
2025-12-29 09:30:00,393.25,394.0,392.75,393.0,323683
2025-12-29 09:35:00,393.0,393.6,392.75,393.2,509419
2025-12-29 09:40:00,393.15,393.6,393.05,393.55,245924
2025-12-29 09:45:00,393.5,393.65,392.8,393.05,534162
2025-12-29 09:50:00,393.15,394.1,393.15,393.55,342187
2025-12-29 09:55:00,393.6,393.7,392.45,393.55,591862
2025-12-30 03:45:00,395.8,396.8,394.3,395.9,1817613
2025-12-30 03:50:00,396.05,396.1,394.6,395.1,468068
2025-12-30 03:55:00,395.1,395.4,394.25,394.65,329310
2025-12-30 04:00:00,394.5,395.5,394.25,395.4,287551
2025-12-30 04:05:00,395.5,396.05,394.1,394.75,338397
2025-12-30 04:10:00,394.6,394.8,393.8,393.8,283834
2025-12-30 04:15:00,393.8,393.85,392.6,392.9,368111
2025-12-30 04:20:00,392.9,393.45,392.9,393.45,143968
2025-12-30 04:25:00,393.4,394.1,393.25,393.4,177680
2025-12-30 04:30:00,393.4,393.6,392.25,392.5,272930
2025-12-30 04:35:00,392.6,393.15,392.3,392.6,175781
2025-12-30 04:40:00,392.55,393.05,392.45,392.95,160106
2025-12-30 04:45:00,392.85,393.95,392.8,393.5,260018
2025-12-30 04:50:00,393.6,393.7,392.6,393.3,307352
2025-12-30 04:55:00,393.4,393.55,392.75,392.9,144757
2025-12-30 05:00:00,392.9,392.9,392.5,392.7,143639
2025-12-30 05:05:00,392.55,392.65,391.6,391.6,282734
2025-12-30 05:10:00,391.65,391.75,391.3,391.65,209071
2025-12-30 05:15:00,391.7,391.7,391.05,391.4,187786
2025-12-30 05:20:00,391.4,391.75,391.1,391.15,128229
2025-12-30 05:25:00,391.1,391.45,391.0,391.3,99139
2025-12-30 05:30:00,391.35,391.4,391.05,391.25,119433
2025-12-30 05:35:00,391.25,391.4,391.15,391.25,84524
2025-12-30 05:40:00,391.25,391.45,391.15,391.45,91918
2025-12-30 05:45:00,391.45,392.5,391.35,391.65,503644
2025-12-30 05:50:00,391.65,391.85,391.2,391.4,228179
2025-12-30 05:55:00,391.45,391.45,391.0,391.2,159801
2025-12-30 06:00:00,391.2,391.2,390.5,390.5,193450
2025-12-30 06:05:00,390.5,390.6,390.3,390.5,110346
2025-12-30 06:10:00,390.5,391.0,390.3,390.95,75024
2025-12-30 06:15:00,391.0,391.3,390.8,391.0,89929
2025-12-30 06:20:00,391.0,391.1,390.2,390.2,188132
2025-12-30 06:25:00,390.2,390.35,390.1,390.2,104332
2025-12-30 06:30:00,390.2,390.3,389.65,389.9,290945
2025-12-30 06:35:00,389.9,390.35,389.75,390.15,161036
2025-12-30 06:40:00,390.15,390.35,389.85,389.85,106928
2025-12-30 06:45:00,389.9,390.05,389.65,389.75,121973
2025-12-30 06:50:00,389.75,390.0,389.6,389.65,98876
2025-12-30 06:55:00,389.65,390.2,389.55,389.65,156069
2025-12-30 07:00:00,389.8,390.2,389.55,390.1,100057
2025-12-30 07:05:00,390.15,390.2,389.65,389.7,122944
2025-12-30 07:10:00,389.7,390.2,389.65,390.0,136876
2025-12-30 07:15:00,390.1,390.3,389.85,390.25,103517
2025-12-30 07:20:00,390.15,390.4,390.05,390.1,107725
2025-12-30 07:25:00,390.2,390.25,389.95,390.1,110854
2025-12-30 07:30:00,390.15,390.6,390.1,390.35,196440
2025-12-30 07:35:00,390.4,390.7,390.0,390.2,131215
2025-12-30 07:40:00,390.2,390.95,390.0,390.6,124164
2025-12-30 07:45:00,390.65,391.2,390.5,391.0,195754
2025-12-30 07:50:00,391.05,391.25,390.5,390.5,174377
2025-12-30 07:55:00,390.55,390.7,390.2,390.45,162243
2025-12-30 08:00:00,390.45,391.4,390.3,391.2,397229
2025-12-30 08:05:00,391.35,391.6,390.65,390.7,285651
2025-12-30 08:10:00,390.7,391.4,390.7,391.15,335873
2025-12-30 08:15:00,391.1,391.45,391.1,391.25,354628
2025-12-30 08:20:00,391.2,391.35,390.8,391.1,336609
2025-12-30 08:25:00,391.0,391.8,391.0,391.8,281620
2025-12-30 08:30:00,391.7,392.2,391.4,392.0,419444
2025-12-30 08:35:00,392.0,392.4,391.85,392.15,369649
2025-12-30 08:40:00,392.1,392.4,391.9,392.3,262662
2025-12-30 08:45:00,392.25,392.55,392.05,392.05,257594
2025-12-30 08:50:00,392.05,392.3,391.85,392.1,298777
2025-12-30 08:55:00,392.05,392.1,391.25,391.35,539013
2025-12-30 09:00:00,391.35,392.0,391.2,391.6,271443
2025-12-30 09:05:00,391.6,391.6,390.85,391.0,359995
2025-12-30 09:10:00,391.0,391.5,390.8,391.35,245238
2025-12-30 09:15:00,391.35,391.45,390.4,391.0,423791
2025-12-30 09:20:00,391.0,391.2,390.75,391.0,447435
2025-12-30 09:25:00,391.0,391.05,390.7,390.7,410394
2025-12-30 09:30:00,390.8,393.7,390.7,392.5,3991027
2025-12-30 09:35:00,392.25,393.0,391.85,392.9,3591178
2025-12-30 09:40:00,392.95,393.9,392.8,393.4,3768505
2025-12-30 09:45:00,393.45,393.75,393.1,393.4,3582718
2025-12-30 09:50:00,393.55,394.4,393.2,394.3,3221702
2025-12-30 09:55:00,394.4,397.0,394.15,395.95,2002170
2025-12-31 03:45:00,395.9,399.0,395.7,397.75,760574
2025-12-31 03:50:00,397.75,398.9,397.7,398.7,336692
2025-12-31 03:55:00,398.6,399.75,398.6,398.9,348142
2025-12-31 04:00:00,398.9,399.7,398.55,399.05,287756
2025-12-31 04:05:00,399.05,399.05,397.7,398.05,274236
2025-12-31 04:10:00,397.9,398.15,396.4,396.7,245204
2025-12-31 04:15:00,396.7,398.1,396.65,397.8,125831
2025-12-31 04:20:00,397.9,398.8,397.6,398.0,166192
2025-12-31 04:25:00,398.1,398.15,397.1,397.45,86324
2025-12-31 04:30:00,397.2,397.5,396.7,397.4,75602
2025-12-31 04:35:00,397.35,397.95,397.35,397.7,63476
2025-12-31 04:40:00,397.7,398.3,397.55,397.85,69617
2025-12-31 04:45:00,398.0,398.6,398.0,398.1,89912
2025-12-31 04:50:00,398.15,398.7,397.85,398.7,122522
2025-12-31 04:55:00,398.55,398.8,398.2,398.7,65670
2025-12-31 05:00:00,398.7,399.0,398.45,398.75,83946
2025-12-31 05:05:00,398.85,398.9,398.25,398.5,74740
2025-12-31 05:10:00,398.35,399.25,398.2,399.2,112491
2025-12-31 05:15:00,399.3,399.75,398.95,399.35,144503
2025-12-31 05:20:00,399.15,399.35,398.65,399.0,73493
2025-12-31 05:25:00,398.9,399.2,398.75,399.2,49918
2025-12-31 05:30:00,399.15,399.55,398.95,399.45,80785
2025-12-31 05:35:00,399.55,399.65,399.05,399.15,82069
2025-12-31 05:40:00,399.35,399.6,399.05,399.4,117644
2025-12-31 05:45:00,399.5,399.6,398.7,398.75,88692
2025-12-31 05:50:00,398.75,399.0,398.4,398.4,48168
2025-12-31 05:55:00,398.45,398.5,398.0,398.15,71685
2025-12-31 06:00:00,398.2,398.45,397.85,398.25,89408
2025-12-31 06:05:00,398.35,398.7,398.05,398.6,78334
2025-12-31 06:10:00,398.65,398.65,398.15,398.2,53624
2025-12-31 06:15:00,398.15,398.6,398.15,398.6,47578
2025-12-31 06:20:00,398.4,398.8,398.4,398.6,49514
2025-12-31 06:25:00,398.75,398.8,398.45,398.5,41238
2025-12-31 06:30:00,398.5,398.75,398.4,398.4,44575
2025-12-31 06:35:00,398.4,398.75,398.4,398.7,43755
2025-12-31 06:40:00,398.65,398.9,398.4,398.6,42750
2025-12-31 06:45:00,398.75,398.9,398.55,398.65,41602
2025-12-31 06:50:00,398.7,399.25,398.5,399.2,79573
2025-12-31 06:55:00,399.2,399.2,398.6,398.7,46387
2025-12-31 07:00:00,398.6,398.85,398.5,398.85,43156
2025-12-31 07:05:00,398.8,399.0,398.7,398.85,37095
2025-12-31 07:10:00,398.8,399.45,398.75,399.05,145332
2025-12-31 07:15:00,399.1,399.4,398.95,399.25,65926
2025-12-31 07:20:00,399.2,399.4,399.05,399.3,80996
2025-12-31 07:25:00,399.25,399.3,399.0,399.1,49497
2025-12-31 07:30:00,399.1,399.25,399.0,399.1,61708
2025-12-31 07:35:00,399.1,399.3,399.0,399.0,37224
2025-12-31 07:40:00,399.1,399.25,399.0,399.2,43076
2025-12-31 07:45:00,399.0,399.2,399.0,399.0,53976
2025-12-31 07:50:00,399.1,399.15,399.0,399.1,45943
2025-12-31 07:55:00,399.1,399.2,399.0,399.15,49089
2025-12-31 08:00:00,399.15,399.15,398.75,398.75,162248
2025-12-31 08:05:00,398.8,398.9,398.5,398.85,85567
2025-12-31 08:10:00,398.85,399.0,398.8,398.9,56792
2025-12-31 08:15:00,399.0,399.3,398.85,399.25,69994
2025-12-31 08:20:00,399.15,400.25,399.05,400.05,329599
2025-12-31 08:25:00,400.05,400.05,399.55,399.7,113609
2025-12-31 08:30:00,399.7,399.8,399.25,399.4,50165
2025-12-31 08:35:00,399.35,399.4,399.05,399.4,77095
2025-12-31 08:40:00,399.4,399.8,399.2,399.3,73835
2025-12-31 08:45:00,399.2,399.35,399.0,399.1,74459
2025-12-31 08:50:00,399.1,399.25,398.9,399.05,253901
2025-12-31 08:55:00,399.0,399.35,398.95,399.1,62537
2025-12-31 09:00:00,399.2,399.65,399.1,399.45,124603
2025-12-31 09:05:00,399.4,399.5,399.25,399.45,79427
2025-12-31 09:10:00,399.45,399.7,399.25,399.35,82080
2025-12-31 09:15:00,399.45,399.9,399.25,399.75,78929
2025-12-31 09:20:00,399.75,400.15,399.65,400.15,119464
2025-12-31 09:25:00,400.15,400.75,399.85,400.75,219950
2025-12-31 09:30:00,400.95,401.3,399.15,399.4,402942
2025-12-31 09:35:00,399.4,399.5,399.05,399.15,165742
2025-12-31 09:40:00,399.15,399.5,399.05,399.3,285331
2025-12-31 09:45:00,399.35,399.9,399.15,399.85,323680
2025-12-31 09:50:00,399.8,399.8,399.35,399.35,296532
2025-12-31 09:55:00,399.35,399.6,399.05,399.2,248070
2026-01-01 03:45:00,399.9,400.75,398.35,399.0,260879
2026-01-01 03:50:00,399.0,399.3,397.4,398.1,167396
2026-01-01 03:55:00,397.85,398.6,397.25,398.3,123852
2026-01-01 04:00:00,398.4,398.65,397.55,397.65,85446
2026-01-01 04:05:00,397.75,397.8,397.1,397.2,73210
2026-01-01 04:10:00,397.35,397.75,397.0,397.65,78237
2026-01-01 04:15:00,397.5,397.7,396.6,397.25,146767
2026-01-01 04:20:00,397.05,397.7,397.0,397.35,53806
2026-01-01 04:25:00,397.35,397.35,396.4,396.5,77993
2026-01-01 04:30:00,396.5,396.7,396.25,396.5,42215
2026-01-01 04:35:00,396.35,396.6,396.05,396.2,49422
2026-01-01 04:40:00,396.2,396.4,396.0,396.3,50248
2026-01-01 04:45:00,396.15,396.3,395.15,395.3,101070
2026-01-01 04:50:00,395.2,395.7,395.2,395.7,46117
2026-01-01 04:55:00,395.65,396.4,395.4,396.15,78357
2026-01-01 05:00:00,396.15,396.35,395.5,396.2,71284
2026-01-01 05:05:00,396.15,396.65,396.15,396.3,104852
2026-01-01 05:10:00,396.3,396.4,395.7,396.0,68228
2026-01-01 05:15:00,395.85,396.2,395.75,396.2,64139
2026-01-01 05:20:00,396.05,396.25,395.75,395.95,35463
2026-01-01 05:25:00,395.8,396.2,395.75,396.15,34830
2026-01-01 05:30:00,396.25,396.7,396.05,396.45,54457
2026-01-01 05:35:00,396.55,396.6,396.25,396.55,31276
2026-01-01 05:40:00,396.55,397.0,396.35,397.0,39200
2026-01-01 05:45:00,396.85,398.0,396.85,397.8,90013
2026-01-01 05:50:00,397.8,397.85,397.15,397.7,55942
2026-01-01 05:55:00,397.7,397.7,396.8,396.8,74071
2026-01-01 06:00:00,396.9,397.2,396.15,396.2,84594
2026-01-01 06:05:00,396.2,396.65,396.1,396.35,55315
2026-01-01 06:10:00,396.3,396.55,396.05,396.1,55095
2026-01-01 06:15:00,396.1,396.2,395.8,395.8,82221
2026-01-01 06:20:00,395.9,395.95,395.5,395.65,78617
2026-01-01 06:25:00,395.6,396.1,395.6,395.85,75960
2026-01-01 06:30:00,395.9,396.15,395.7,395.85,51885
2026-01-01 06:35:00,395.7,395.85,395.2,395.55,110191
2026-01-01 06:40:00,395.3,395.65,395.3,395.35,91806
2026-01-01 06:45:00,395.4,395.5,395.1,395.5,71756
2026-01-01 06:50:00,395.35,395.6,395.2,395.45,57006
2026-01-01 06:55:00,395.3,395.55,395.25,395.55,55070
2026-01-01 07:00:00,395.45,395.7,395.35,395.5,54245
2026-01-01 07:05:00,395.6,395.75,395.3,395.45,55061
2026-01-01 07:10:00,395.45,396.15,395.25,396.1,64368
2026-01-01 07:15:00,396.1,396.15,395.8,395.85,38430
2026-01-01 07:20:00,395.8,395.95,395.65,395.75,50946
2026-01-01 07:25:00,395.75,396.05,395.7,395.9,55167
2026-01-01 07:30:00,395.9,396.05,395.5,395.65,41608
2026-01-01 07:35:00,395.55,395.75,395.35,395.6,44439
2026-01-01 07:40:00,395.6,395.85,395.25,395.55,73443
2026-01-01 07:45:00,395.55,395.8,395.4,395.55,44415
2026-01-01 07:50:00,395.5,395.7,395.4,395.55,71598
2026-01-01 07:55:00,395.5,395.9,395.45,395.8,67691
2026-01-01 08:00:00,395.8,395.85,395.5,395.5,42731
2026-01-01 08:05:00,395.6,395.7,394.6,394.8,200058
2026-01-01 08:10:00,394.85,395.35,394.7,395.3,56701
2026-01-01 08:15:00,395.5,395.6,395.05,395.2,52157
2026-01-01 08:20:00,395.15,395.6,395.15,395.4,61575
2026-01-01 08:25:00,395.3,395.4,395.2,395.35,35435
2026-01-01 08:30:00,395.35,395.7,395.35,395.5,43717
2026-01-01 08:35:00,395.6,395.65,395.25,395.4,33232
2026-01-01 08:40:00,395.45,395.55,395.25,395.4,38495
2026-01-01 08:45:00,395.55,395.7,395.4,395.55,43745
2026-01-01 08:50:00,395.55,396.2,395.5,395.8,121988
2026-01-01 08:55:00,395.8,396.1,395.7,396.0,86779
2026-01-01 09:00:00,396.0,396.3,395.75,396.3,72615
2026-01-01 09:05:00,396.2,396.4,396.1,396.25,53717
2026-01-01 09:10:00,396.2,396.55,396.2,396.35,91550
2026-01-01 09:15:00,396.35,396.5,396.25,396.4,47425
2026-01-01 09:20:00,396.4,396.75,396.2,396.6,82124
2026-01-01 09:25:00,396.7,397.25,396.6,397.0,117413
2026-01-01 09:30:00,397.1,397.45,396.85,397.2,120091
2026-01-01 09:35:00,397.3,398.2,397.0,398.15,290713
2026-01-01 09:40:00,398.2,398.2,397.7,398.15,195695
2026-01-01 09:45:00,398.2,398.25,397.45,397.6,206521
2026-01-01 09:50:00,397.6,397.85,397.5,397.75,125868
2026-01-01 09:55:00,397.75,397.9,397.55,397.85,142676
2026-01-02 03:45:00,399.65,402.2,398.95,401.25,623319
2026-01-02 03:50:00,401.25,401.45,400.2,400.8,211298
2026-01-02 03:55:00,400.6,402.2,400.45,402.1,311675
2026-01-02 04:00:00,402.2,402.25,401.25,401.4,130975
2026-01-02 04:05:00,401.35,401.4,400.8,401.0,93906
2026-01-02 04:10:00,400.9,402.9,400.9,402.75,279975
2026-01-02 04:15:00,402.8,403.2,402.5,402.9,301350
2026-01-02 04:20:00,402.95,403.8,402.9,403.65,325411
2026-01-02 04:25:00,403.65,403.75,403.1,403.35,209823
2026-01-02 04:30:00,403.35,404.4,403.2,404.25,450070
2026-01-02 04:35:00,404.3,405.5,404.0,405.2,671913
2026-01-02 04:40:00,405.2,405.25,404.35,404.85,268915
2026-01-02 04:45:00,404.95,405.6,404.65,404.75,284203
2026-01-02 04:50:00,404.7,404.75,404.0,404.15,148459
2026-01-02 04:55:00,404.35,404.8,404.1,404.45,93733
2026-01-02 05:00:00,404.35,404.5,404.0,404.5,89016
2026-01-02 05:05:00,404.5,405.15,404.05,404.25,191507
2026-01-02 05:10:00,404.3,404.3,403.25,403.3,238756
2026-01-02 05:15:00,403.3,403.8,403.2,403.5,58274
2026-01-02 05:20:00,403.4,403.7,403.35,403.55,60145
2026-01-02 05:25:00,403.45,404.6,403.45,404.6,204981
2026-01-02 05:30:00,404.5,404.7,404.3,404.5,81525
2026-01-02 05:35:00,404.55,404.95,404.45,404.9,131993
2026-01-02 05:40:00,404.8,404.95,404.4,404.6,84093
2026-01-02 05:45:00,404.6,404.75,404.3,404.7,67000
2026-01-02 05:50:00,404.55,404.75,403.9,404.0,62412
2026-01-02 05:55:00,403.85,404.2,403.85,404.1,58416
2026-01-02 06:00:00,404.15,404.2,403.25,403.45,122663
2026-01-02 06:05:00,403.5,403.5,402.7,402.85,130756
2026-01-02 06:10:00,402.85,403.2,402.8,402.85,64029
2026-01-02 06:15:00,402.8,403.0,402.5,402.6,95158
2026-01-02 06:20:00,402.5,402.6,402.0,402.45,284434
2026-01-02 06:25:00,402.4,402.5,402.2,402.25,76041
2026-01-02 06:30:00,402.3,402.4,402.0,402.05,85398
2026-01-02 06:35:00,402.05,402.3,402.0,402.15,49377
2026-01-02 06:40:00,402.1,402.2,401.35,401.7,152626
2026-01-02 06:45:00,401.7,401.7,401.1,401.1,75043
2026-01-02 06:50:00,401.2,401.2,400.8,401.1,121404
2026-01-02 06:55:00,401.1,401.35,400.9,401.2,68669
2026-01-02 07:00:00,401.25,402.4,401.1,402.4,173886
2026-01-02 07:05:00,402.4,402.5,401.15,401.2,90506
2026-01-02 07:10:00,401.2,401.75,401.2,401.3,54572
2026-01-02 07:15:00,401.3,401.75,401.25,401.35,49323
2026-01-02 07:20:00,401.55,401.8,401.35,401.7,50158
2026-01-02 07:25:00,401.5,402.2,401.5,402.05,80807
2026-01-02 07:30:00,402.05,402.5,402.05,402.4,103070
2026-01-02 07:35:00,402.5,402.5,402.1,402.1,54181
2026-01-02 07:40:00,402.25,402.35,402.0,402.1,44599
2026-01-02 07:45:00,402.05,402.25,401.3,401.45,87334
2026-01-02 07:50:00,401.6,401.8,401.4,401.5,47693
2026-01-02 07:55:00,401.65,401.75,401.3,401.6,52129
2026-01-02 08:00:00,401.75,401.75,401.45,401.65,45602
2026-01-02 08:05:00,401.7,402.1,401.6,401.85,65271
2026-01-02 08:10:00,401.85,402.05,401.55,401.75,40658
2026-01-02 08:15:00,401.75,401.75,401.3,401.35,82219
2026-01-02 08:20:00,401.5,401.6,401.25,401.6,51875
2026-01-02 08:25:00,401.6,401.65,401.35,401.65,68873
2026-01-02 08:30:00,401.65,402.15,401.6,401.6,68538
2026-01-02 08:35:00,401.8,401.9,401.55,401.8,45139
2026-01-02 08:40:00,401.8,402.05,401.55,401.75,53790
2026-01-02 08:45:00,401.7,402.0,401.65,401.95,47044
2026-01-02 08:50:00,401.95,402.0,401.7,401.85,90385
2026-01-02 08:55:00,401.9,401.95,401.65,401.75,50560
2026-01-02 09:00:00,401.7,401.9,401.55,401.6,68107
2026-01-02 09:05:00,401.75,402.0,401.6,401.8,88515
2026-01-02 09:10:00,401.95,401.95,401.65,401.75,83132
2026-01-02 09:15:00,401.8,401.95,401.6,401.7,71470
2026-01-02 09:20:00,401.8,402.75,401.7,402.75,172535
2026-01-02 09:25:00,402.7,403.55,402.5,403.55,242609
2026-01-02 09:30:00,403.5,403.8,403.25,403.35,219211
2026-01-02 09:35:00,403.25,403.4,403.1,403.4,130880
2026-01-02 09:40:00,403.35,403.4,402.9,403.05,199780
2026-01-02 09:45:00,403.0,403.2,402.9,403.1,235827
2026-01-02 09:50:00,403.0,403.25,402.85,403.25,440844
2026-01-02 09:55:00,403.2,403.4,403.0,403.3,266779
2026-01-05 03:45:00,402.85,408.8,402.8,408.65,1125191
2026-01-05 03:50:00,408.55,409.7,408.1,408.7,948603
2026-01-05 03:55:00,408.7,410.2,408.6,409.55,760102
2026-01-05 04:00:00,409.55,410.9,409.0,410.15,666868
2026-01-05 04:05:00,410.2,411.2,409.1,411.15,750096
2026-01-05 04:10:00,411.2,415.0,411.0,414.95,1690253
2026-01-05 04:15:00,415.0,415.5,413.7,414.25,1172606
2026-01-05 04:20:00,414.25,414.8,413.0,413.25,586961
2026-01-05 04:25:00,413.3,414.95,413.2,414.45,442340
2026-01-05 04:30:00,414.5,415.4,414.35,415.0,689027
2026-01-05 04:35:00,415.0,416.0,414.85,415.3,811810
2026-01-05 04:40:00,415.3,415.8,414.85,415.65,719750
2026-01-05 04:45:00,415.75,417.3,415.55,417.2,1261976
2026-01-05 04:50:00,417.2,418.6,416.5,416.75,1111010
2026-01-05 04:55:00,416.85,417.4,416.0,416.15,426506
2026-01-05 05:00:00,416.2,416.25,414.8,414.85,451402
2026-01-05 05:05:00,414.85,415.8,414.85,415.3,232082
2026-01-05 05:10:00,415.3,415.45,415.0,415.2,167031
2026-01-05 05:15:00,415.2,416.0,413.5,414.0,799285
2026-01-05 05:20:00,414.15,414.6,414.0,414.2,251599
2026-01-05 05:25:00,414.3,414.4,413.25,413.35,278847
2026-01-05 05:30:00,413.35,414.5,413.3,414.2,254577
2026-01-05 05:35:00,414.2,414.2,413.5,413.9,188576
2026-01-05 05:40:00,413.8,414.5,413.55,413.6,176098
2026-01-05 05:45:00,413.7,413.7,412.95,413.0,294086
2026-01-05 05:50:00,413.15,413.45,412.4,412.5,306433
2026-01-05 05:55:00,412.5,413.25,412.2,412.85,263479
2026-01-05 06:00:00,412.85,413.45,412.65,413.2,196331
2026-01-05 06:05:00,413.2,414.35,413.05,414.2,194896
2026-01-05 06:10:00,414.2,414.95,414.1,414.75,183293
2026-01-05 06:15:00,414.7,414.85,414.2,414.65,143309
2026-01-05 06:20:00,414.75,415.65,414.6,415.35,316767
2026-01-05 06:25:00,415.25,416.3,415.15,415.75,356046
2026-01-05 06:30:00,415.75,416.3,415.1,415.45,195655
2026-01-05 06:35:00,415.6,415.6,415.15,415.15,101453
2026-01-05 06:40:00,415.2,415.6,415.15,415.5,126570
2026-01-05 06:45:00,415.6,416.45,415.45,415.9,241229
2026-01-05 06:50:00,415.9,416.0,415.35,415.45,83524
2026-01-05 06:55:00,415.6,415.8,415.25,415.45,91660
2026-01-05 07:00:00,415.45,415.95,415.05,415.3,176564
2026-01-05 07:05:00,415.3,415.5,415.15,415.3,98076
2026-01-05 07:10:00,415.4,415.5,415.15,415.4,72808
2026-01-05 07:15:00,415.45,415.7,415.25,415.6,101693
2026-01-05 07:20:00,415.55,416.65,415.55,416.5,378455
2026-01-05 07:25:00,416.5,416.7,416.0,416.1,183944
2026-01-05 07:30:00,416.1,416.45,416.1,416.3,85235
2026-01-05 07:35:00,416.35,416.4,415.7,415.85,109314
2026-01-05 07:40:00,415.85,416.2,415.35,415.4,129590
2026-01-05 07:45:00,415.45,415.5,414.6,414.6,204506
2026-01-05 07:50:00,414.7,415.3,414.6,415.3,121187
2026-01-05 07:55:00,415.2,415.4,414.5,414.5,123361
2026-01-05 08:00:00,414.6,414.6,414.0,414.0,159922
2026-01-05 08:05:00,414.15,414.2,413.65,413.85,133142
2026-01-05 08:10:00,413.9,414.55,413.8,414.35,143865
2026-01-05 08:15:00,414.5,414.5,413.45,413.45,203703
2026-01-05 08:20:00,413.5,413.75,413.05,413.35,128886
2026-01-05 08:25:00,413.25,413.4,413.05,413.25,95488
2026-01-05 08:30:00,413.25,413.3,412.75,412.85,206206
2026-01-05 08:35:00,412.95,413.0,412.2,412.75,227896
2026-01-05 08:40:00,412.7,413.3,412.7,413.1,129620
2026-01-05 08:45:00,413.0,413.65,412.95,413.45,125509
2026-01-05 08:50:00,413.45,414.0,413.0,413.95,99742
2026-01-05 08:55:00,413.95,414.1,413.5,413.6,225024
2026-01-05 09:00:00,413.6,414.45,413.5,414.0,145322
2026-01-05 09:05:00,413.85,414.1,413.5,413.55,87581
2026-01-05 09:10:00,413.6,414.4,413.55,414.25,194814
2026-01-05 09:15:00,414.25,414.35,413.85,414.0,92825
2026-01-05 09:20:00,414.0,414.4,413.8,414.05,204482
2026-01-05 09:25:00,414.1,414.85,414.0,414.85,178447
2026-01-05 09:30:00,414.85,415.1,414.7,414.8,314742
2026-01-05 09:35:00,414.8,414.8,414.05,414.25,281048
2026-01-05 09:40:00,414.25,414.25,413.7,413.8,338421
2026-01-05 09:45:00,413.75,413.85,413.4,413.55,405093
2026-01-05 09:50:00,413.55,413.55,413.1,413.3,549216
2026-01-05 09:55:00,413.35,413.65,413.2,413.35,454471
2026-01-06 03:45:00,414.7,415.7,413.25,414.0,682612
2026-01-06 03:50:00,414.0,414.45,413.05,414.45,261689
2026-01-06 03:55:00,414.4,415.0,413.75,413.9,155193
2026-01-06 04:00:00,413.9,414.85,413.75,414.65,144802
2026-01-06 04:05:00,414.7,415.45,413.95,414.1,163615
2026-01-06 04:10:00,414.15,414.15,412.6,413.1,292115
2026-01-06 04:15:00,413.05,413.8,413.0,413.65,90372
2026-01-06 04:20:00,413.65,413.65,412.95,413.0,125903
2026-01-06 04:25:00,412.9,413.5,412.85,413.2,135865
2026-01-06 04:30:00,413.2,414.3,413.2,414.15,143387
2026-01-06 04:35:00,414.15,414.5,413.85,414.4,83206
2026-01-06 04:40:00,414.4,414.85,414.15,414.6,195767
2026-01-06 04:45:00,414.6,414.6,413.6,413.6,158071
2026-01-06 04:50:00,413.3,413.65,412.65,412.8,176471
2026-01-06 04:55:00,412.8,413.5,412.75,412.85,129016
2026-01-06 05:00:00,412.85,413.0,412.5,412.9,130829
2026-01-06 05:05:00,412.8,413.0,412.05,412.2,112251
2026-01-06 05:10:00,412.1,412.5,411.8,411.85,140841
2026-01-06 05:15:00,411.8,412.2,411.5,411.9,141405
2026-01-06 05:20:00,411.9,412.7,411.8,412.7,93405
2026-01-06 05:25:00,412.7,412.85,412.2,412.6,77711
2026-01-06 05:30:00,412.4,412.95,412.3,412.7,60467
2026-01-06 05:35:00,412.65,413.5,412.6,413.4,97646
2026-01-06 05:40:00,413.4,413.7,413.1,413.2,92334
2026-01-06 05:45:00,413.2,413.3,412.6,412.65,70717
2026-01-06 05:50:00,412.8,412.8,411.65,412.3,126112
2026-01-06 05:55:00,412.25,412.95,412.15,412.7,87226
2026-01-06 06:00:00,412.75,413.5,412.6,413.45,75901
2026-01-06 06:05:00,413.5,413.8,413.05,413.25,80712
2026-01-06 06:10:00,413.3,414.0,413.0,413.95,119178
2026-01-06 06:15:00,413.8,414.15,413.3,414.0,111881
2026-01-06 06:20:00,414.1,414.35,413.85,414.2,152559
2026-01-06 06:25:00,414.05,414.25,413.6,413.8,63717
2026-01-06 06:30:00,413.8,413.95,413.5,413.9,63954
2026-01-06 06:35:00,413.9,413.9,412.75,412.9,96373
2026-01-06 06:40:00,412.95,413.4,412.8,413.15,56623
2026-01-06 06:45:00,413.15,413.25,412.5,412.8,80119
2026-01-06 06:50:00,412.9,413.0,412.2,412.55,103437
2026-01-06 06:55:00,412.6,413.15,412.4,412.9,61435
2026-01-06 07:00:00,412.9,412.95,412.6,412.8,37206
2026-01-06 07:05:00,412.8,412.85,412.6,412.7,37661
2026-01-06 07:10:00,412.75,413.5,412.75,412.85,59561
2026-01-06 07:15:00,412.9,413.3,412.7,413.2,40219
2026-01-06 07:20:00,413.2,413.45,413.0,413.25,52220
2026-01-06 07:25:00,413.35,413.5,413.3,413.5,51160
2026-01-06 07:30:00,413.35,413.7,413.25,413.55,56433
2026-01-06 07:35:00,413.55,413.65,413.3,413.5,50288
2026-01-06 07:40:00,413.4,413.6,412.85,413.0,100507
2026-01-06 07:45:00,413.0,413.3,412.75,413.05,45586
2026-01-06 07:50:00,413.05,413.25,412.95,413.0,35836
2026-01-06 07:55:00,413.1,413.15,412.65,413.0,63634
2026-01-06 08:00:00,413.0,413.05,412.55,412.95,51935
2026-01-06 08:05:00,412.95,413.0,412.6,413.0,60194
2026-01-06 08:10:00,413.0,413.15,412.75,413.0,37073
2026-01-06 08:15:00,413.0,413.3,412.75,413.05,66617
2026-01-06 08:20:00,413.05,413.4,412.65,412.7,154992
2026-01-06 08:25:00,412.75,412.8,411.8,411.9,184961
2026-01-06 08:30:00,411.95,412.15,411.55,411.95,110207
2026-01-06 08:35:00,412.0,412.45,411.95,412.1,87808
2026-01-06 08:40:00,412.15,412.15,411.0,411.05,214552
2026-01-06 08:45:00,411.2,411.45,410.4,410.6,135466
2026-01-06 08:50:00,410.6,411.05,410.2,410.85,176305
2026-01-06 08:55:00,410.85,411.4,410.75,411.3,83194
2026-01-06 09:00:00,411.3,411.35,410.95,411.15,52634
2026-01-06 09:05:00,411.1,411.55,410.8,411.3,90335
2026-01-06 09:10:00,411.3,411.75,411.25,411.65,84025
2026-01-06 09:15:00,411.55,412.0,411.25,412.0,74959
2026-01-06 09:20:00,412.0,412.2,411.75,412.0,88536
2026-01-06 09:25:00,412.15,412.8,412.0,412.75,172670
2026-01-06 09:30:00,412.85,413.5,412.65,413.25,350729
2026-01-06 09:35:00,413.2,413.5,413.1,413.3,320522
2026-01-06 09:40:00,413.3,413.5,413.15,413.3,253708
2026-01-06 09:45:00,413.3,413.35,412.5,412.7,372098
2026-01-06 09:50:00,412.8,413.45,412.75,413.2,390488
2026-01-06 09:55:00,413.05,413.4,412.5,412.8,379293
2026-01-07 03:45:00,413.1,414.8,410.45,412.2,531824
2026-01-07 03:50:00,412.3,413.5,411.75,412.9,263682
2026-01-07 03:55:00,412.9,412.95,412.1,412.5,123529
2026-01-07 04:00:00,412.5,412.75,412.05,412.4,86475
2026-01-07 04:05:00,412.3,412.35,411.7,411.9,89245
2026-01-07 04:10:00,412.05,412.15,411.0,411.05,109946
2026-01-07 04:15:00,411.15,411.35,410.1,410.15,181344
2026-01-07 04:20:00,410.15,410.5,409.55,409.95,172098
2026-01-07 04:25:00,410.0,411.35,409.95,411.25,100503
2026-01-07 04:30:00,411.2,411.5,411.05,411.35,47115
2026-01-07 04:35:00,411.35,411.45,410.6,411.45,189529
2026-01-07 04:40:00,411.45,412.35,411.3,412.15,146652
2026-01-07 04:45:00,412.25,412.6,412.05,412.2,83447
2026-01-07 04:50:00,412.05,412.45,412.05,412.15,53556
2026-01-07 04:55:00,412.2,412.5,412.05,412.1,80148
2026-01-07 05:00:00,412.15,412.4,411.65,412.15,62390
2026-01-07 05:05:00,412.05,412.05,411.7,412.0,60108
2026-01-07 05:10:00,412.0,412.4,412.0,412.35,58433
2026-01-07 05:15:00,412.35,413.2,412.15,413.05,106884
2026-01-07 05:20:00,413.05,414.9,413.05,414.35,223855
2026-01-07 05:25:00,414.45,414.7,414.0,414.2,114054
2026-01-07 05:30:00,414.25,414.45,414.0,414.35,68055
2026-01-07 05:35:00,414.4,415.0,414.25,414.65,139857
2026-01-07 05:40:00,414.55,415.25,414.0,414.35,254272
2026-01-07 05:45:00,414.45,414.6,414.05,414.35,59666
2026-01-07 05:50:00,414.45,414.55,413.0,413.55,159478
2026-01-07 05:55:00,413.65,413.8,413.0,413.1,45427
2026-01-07 06:00:00,413.1,413.65,413.05,413.55,48207
2026-01-07 06:05:00,413.6,413.85,413.1,413.5,46194
2026-01-07 06:10:00,413.35,413.7,413.2,413.6,58975
2026-01-07 06:15:00,413.45,413.6,413.25,413.6,39013
2026-01-07 06:20:00,413.6,414.1,413.45,413.65,72113
2026-01-07 06:25:00,413.55,413.95,413.45,413.5,51543
2026-01-07 06:30:00,413.55,413.75,413.25,413.6,40529
2026-01-07 06:35:00,413.6,413.95,413.45,413.9,38894
2026-01-07 06:40:00,413.9,414.25,413.6,414.2,60177
2026-01-07 06:45:00,414.2,414.25,413.4,413.5,47337
2026-01-07 06:50:00,413.35,413.9,413.35,413.8,32621
2026-01-07 06:55:00,413.8,414.15,413.45,413.8,73693
2026-01-07 07:00:00,413.65,414.2,413.55,413.95,65700
2026-01-07 07:05:00,413.95,413.95,413.5,413.7,40907
2026-01-07 07:10:00,413.8,413.85,412.85,412.9,104598
2026-01-07 07:15:00,413.0,413.0,412.6,412.7,53551
2026-01-07 07:20:00,412.8,413.0,412.65,413.0,34386
2026-01-07 07:25:00,413.05,413.3,412.9,413.1,49795
2026-01-07 07:30:00,413.25,413.45,412.9,413.2,98104
2026-01-07 07:35:00,413.3,413.3,412.85,412.95,39071
2026-01-07 07:40:00,413.0,413.2,412.85,413.0,35804
2026-01-07 07:45:00,413.2,413.25,413.0,413.05,37143
2026-01-07 07:50:00,413.15,413.55,412.7,413.4,66637
2026-01-07 07:55:00,413.55,413.55,412.8,412.9,109387
2026-01-07 08:00:00,413.05,413.2,412.85,413.15,32920
2026-01-07 08:05:00,413.15,413.6,412.85,413.35,53845
2026-01-07 08:10:00,413.35,413.4,412.8,412.95,36742
2026-01-07 08:15:00,413.0,413.4,412.75,413.25,63901
2026-01-07 08:20:00,413.25,413.7,413.2,413.3,45338
2026-01-07 08:25:00,413.45,413.75,413.25,413.55,52347
2026-01-07 08:30:00,413.55,413.9,413.1,413.75,72373
2026-01-07 08:35:00,413.8,413.9,413.55,413.7,53115
2026-01-07 08:40:00,413.7,413.85,413.5,413.65,47227
2026-01-07 08:45:00,413.6,413.6,413.2,413.5,40167
2026-01-07 08:50:00,413.5,413.5,412.85,413.1,83489
2026-01-07 08:55:00,413.1,413.3,412.9,413.2,57134
2026-01-07 09:00:00,413.05,413.5,412.85,413.2,67052
2026-01-07 09:05:00,413.2,413.5,413.05,413.45,62394
2026-01-07 09:10:00,413.45,414.45,413.15,414.15,205947
2026-01-07 09:15:00,414.2,414.4,414.0,414.1,69921
2026-01-07 09:20:00,414.15,415.0,414.1,414.8,252354
2026-01-07 09:25:00,414.75,415.5,414.6,415.45,294316
2026-01-07 09:30:00,415.5,415.75,415.05,415.15,278793
2026-01-07 09:35:00,415.2,415.5,415.0,415.45,221357
2026-01-07 09:40:00,415.3,416.25,415.3,416.05,355982
2026-01-07 09:45:00,416.25,416.25,415.7,415.75,271711
2026-01-07 09:50:00,415.75,415.8,415.55,415.8,238815
2026-01-07 09:55:00,415.8,415.85,415.2,415.55,282568
2026-01-08 03:45:00,415.7,422.95,415.7,420.6,1658872
2026-01-08 03:50:00,420.65,420.9,419.35,420.75,786673
2026-01-08 03:55:00,420.75,420.8,417.85,418.05,729294
2026-01-08 04:00:00,418.0,418.55,417.15,417.35,430384
2026-01-08 04:05:00,417.3,418.3,417.05,418.0,225509
2026-01-08 04:10:00,417.95,419.5,417.75,419.25,348486
2026-01-08 04:15:00,419.25,419.25,417.5,417.7,232935
2026-01-08 04:20:00,417.75,417.9,416.7,417.9,303406
2026-01-08 04:25:00,417.85,419.65,417.55,419.25,240958
2026-01-08 04:30:00,419.25,420.3,419.1,420.1,418177
2026-01-08 04:35:00,420.15,421.1,419.55,420.2,643456
2026-01-08 04:40:00,420.45,420.5,419.75,420.3,168304
2026-01-08 04:45:00,420.3,420.4,419.5,419.6,111408
2026-01-08 04:50:00,419.6,420.3,419.25,420.3,175508
2026-01-08 04:55:00,420.3,421.25,420.25,421.05,302649
2026-01-08 05:00:00,421.2,421.75,420.7,421.4,393875
2026-01-08 05:05:00,421.4,421.65,420.4,420.6,231600
2026-01-08 05:10:00,420.55,421.0,419.85,421.0,283876
2026-01-08 05:15:00,421.0,421.0,420.45,420.55,131410
2026-01-08 05:20:00,420.6,420.8,419.9,420.7,117784
2026-01-08 05:25:00,420.6,421.2,420.4,420.5,201576
2026-01-08 05:30:00,420.45,420.8,420.1,420.65,218737
2026-01-08 05:35:00,420.45,421.15,420.3,421.0,216798
2026-01-08 05:40:00,420.9,421.1,420.0,420.15,189191
2026-01-08 05:45:00,420.0,420.2,418.6,418.8,430750
2026-01-08 05:50:00,418.75,419.05,418.25,418.45,222516
2026-01-08 05:55:00,418.6,418.7,418.05,418.55,154026
2026-01-08 06:00:00,418.7,418.75,418.0,418.35,111496
2026-01-08 06:05:00,418.4,419.95,418.35,419.95,218135
2026-01-08 06:10:00,419.8,421.25,419.7,420.05,524354
2026-01-08 06:15:00,420.15,420.95,419.75,420.1,211363
2026-01-08 06:20:00,420.1,420.4,419.7,419.9,127042
2026-01-08 06:25:00,420.0,420.0,417.8,418.15,244803
2026-01-08 06:30:00,418.1,418.45,417.85,418.0,145079
2026-01-08 06:35:00,418.05,418.25,416.6,418.0,320395
2026-01-08 06:40:00,418.05,419.6,417.95,419.45,198503
2026-01-08 06:45:00,419.4,420.9,419.3,420.25,319791
2026-01-08 06:50:00,420.2,420.65,419.6,419.65,202211
2026-01-08 06:55:00,419.6,420.85,419.6,420.15,200604
2026-01-08 07:00:00,420.15,420.2,418.85,418.9,193143
2026-01-08 07:05:00,418.8,419.0,418.5,418.85,105331
2026-01-08 07:10:00,418.85,419.2,418.5,418.95,118448
2026-01-08 07:15:00,418.9,419.35,418.55,418.75,91108
2026-01-08 07:20:00,418.75,418.9,417.4,418.6,192936
2026-01-08 07:25:00,418.45,418.8,418.0,418.15,130052
2026-01-08 07:30:00,418.3,418.7,417.6,418.7,100721
2026-01-08 07:35:00,418.7,419.25,418.05,418.35,217726
2026-01-08 07:40:00,418.4,418.7,417.3,417.85,143699
2026-01-08 07:45:00,417.85,417.9,417.4,417.55,99307
2026-01-08 07:50:00,417.5,417.9,417.2,417.2,138623
2026-01-08 07:55:00,417.35,417.55,416.8,416.85,261527
2026-01-08 08:00:00,416.85,417.55,416.6,417.35,193578
2026-01-08 08:05:00,417.4,418.7,417.35,418.45,208657
2026-01-08 08:10:00,418.45,419.4,418.05,419.2,203027
2026-01-08 08:15:00,419.3,420.15,419.05,419.3,364797
2026-01-08 08:20:00,419.45,419.5,418.45,418.9,151956
2026-01-08 08:25:00,418.95,419.7,418.75,419.3,138105
2026-01-08 08:30:00,419.3,419.7,418.65,418.95,115059
2026-01-08 08:35:00,418.95,419.25,418.35,418.75,161551
2026-01-08 08:40:00,418.7,418.9,418.1,418.4,88460
2026-01-08 08:45:00,418.5,418.9,418.25,418.5,85142
2026-01-08 08:50:00,418.4,418.75,417.8,417.85,153623
2026-01-08 08:55:00,418.1,418.15,417.15,417.2,178827
2026-01-08 09:00:00,417.3,418.35,417.25,417.85,206930
2026-01-08 09:05:00,417.9,418.1,417.4,417.55,96032
2026-01-08 09:10:00,417.6,418.0,416.7,417.95,249998
2026-01-08 09:15:00,417.95,418.25,417.2,418.0,139201
2026-01-08 09:20:00,418.0,418.0,416.4,417.4,215857
2026-01-08 09:25:00,417.5,418.25,417.25,417.8,255389
2026-01-08 09:30:00,417.95,418.2,414.75,414.8,755481
2026-01-08 09:35:00,414.9,415.95,414.05,415.65,727968
2026-01-08 09:40:00,415.55,416.25,415.2,415.7,639191
2026-01-08 09:45:00,415.65,415.85,414.5,415.0,820271
2026-01-08 09:50:00,414.8,416.85,414.8,416.25,1289392
2026-01-08 09:55:00,416.3,416.45,415.35,415.65,556728
2026-01-09 03:45:00,417.0,424.55,417.0,424.3,2010839
2026-01-09 03:50:00,424.35,424.4,422.0,422.0,1193440
2026-01-09 03:55:00,422.1,422.3,419.6,419.8,730655
2026-01-09 04:00:00,419.8,421.3,419.25,419.9,522325
2026-01-09 04:05:00,419.85,419.95,418.35,418.4,453834
2026-01-09 04:10:00,418.45,419.5,417.5,419.5,503013
2026-01-09 04:15:00,419.4,420.85,418.7,420.65,395901
2026-01-09 04:20:00,420.6,421.3,419.2,421.1,324811
2026-01-09 04:25:00,421.25,422.4,421.15,421.9,394107
2026-01-09 04:30:00,421.9,423.15,421.4,421.7,462011
2026-01-09 04:35:00,421.65,421.9,420.8,421.8,165594
2026-01-09 04:40:00,421.85,422.4,420.55,420.65,260478
2026-01-09 04:45:00,420.65,421.6,420.5,421.5,146621
2026-01-09 04:50:00,421.5,423.2,421.45,422.7,427564
2026-01-09 04:55:00,422.8,424.0,422.7,423.7,471803
2026-01-09 05:00:00,423.55,423.9,422.6,422.85,329009
2026-01-09 05:05:00,422.8,423.25,421.65,422.8,210495
2026-01-09 05:10:00,422.85,423.45,422.6,422.85,223000
2026-01-09 05:15:00,422.95,424.0,422.8,423.65,573949
2026-01-09 05:20:00,423.6,423.75,421.65,421.9,202068
2026-01-09 05:25:00,422.0,422.0,421.2,421.95,195440
2026-01-09 05:30:00,421.95,421.95,420.25,420.35,268681
2026-01-09 05:35:00,420.4,421.2,420.25,420.9,132947
2026-01-09 05:40:00,421.0,421.4,420.0,420.05,174750
2026-01-09 05:45:00,420.05,420.2,419.55,420.0,174023
2026-01-09 05:50:00,420.0,420.45,419.4,419.5,199056
2026-01-09 05:55:00,419.5,420.2,419.1,420.2,163706
2026-01-09 06:00:00,420.2,420.7,419.25,419.25,168916
2026-01-09 06:05:00,419.35,419.4,418.0,418.6,346797
2026-01-09 06:10:00,418.65,419.2,418.25,418.7,151717
2026-01-09 06:15:00,418.8,419.3,418.55,419.2,88732
2026-01-09 06:20:00,419.2,419.5,418.85,419.4,244229
2026-01-09 06:25:00,419.35,419.9,419.35,419.7,74790
2026-01-09 06:30:00,419.65,419.95,419.25,419.9,165073
2026-01-09 06:35:00,419.9,420.5,419.9,420.05,159042
2026-01-09 06:40:00,419.95,420.1,419.5,419.5,97853
2026-01-09 06:45:00,419.7,420.75,419.65,420.3,95362
2026-01-09 06:50:00,420.35,420.4,419.65,419.75,96747
2026-01-09 06:55:00,419.8,420.0,418.5,418.8,192876
2026-01-09 07:00:00,418.75,419.7,418.75,419.35,112207
2026-01-09 07:05:00,419.4,419.4,418.2,418.7,331290
2026-01-09 07:10:00,418.7,419.0,417.65,419.0,342863
2026-01-09 07:15:00,418.85,419.2,418.4,418.45,79896
2026-01-09 07:20:00,418.55,419.35,418.45,418.95,137383
2026-01-09 07:25:00,419.0,420.1,418.85,419.8,370162
2026-01-09 07:30:00,419.85,420.3,419.55,419.9,91204
2026-01-09 07:35:00,419.85,420.0,419.05,419.05,167365
2026-01-09 07:40:00,419.1,419.65,419.05,419.2,143360
2026-01-09 07:45:00,419.25,419.75,419.1,419.55,130608
2026-01-09 07:50:00,419.6,420.4,419.6,419.9,116339
2026-01-09 07:55:00,420.0,420.6,419.75,420.4,136925
2026-01-09 08:00:00,420.4,420.6,419.35,419.4,84306
2026-01-09 08:05:00,419.5,420.45,419.5,420.0,103284
2026-01-09 08:10:00,420.05,420.1,418.65,418.85,163682
2026-01-09 08:15:00,418.85,419.0,417.25,418.55,479678
2026-01-09 08:20:00,418.5,418.9,417.8,418.55,120923
2026-01-09 08:25:00,418.4,419.2,418.1,419.2,151140
2026-01-09 08:30:00,419.2,419.85,419.05,419.4,190312
2026-01-09 08:35:00,419.4,419.4,418.65,419.15,113989
2026-01-09 08:40:00,419.15,419.55,418.3,418.45,221655
2026-01-09 08:45:00,418.45,419.0,418.25,418.9,197661
2026-01-09 08:50:00,418.9,419.0,418.45,418.7,135639
2026-01-09 08:55:00,418.85,419.35,418.5,418.6,152486
2026-01-09 09:00:00,418.6,419.25,418.35,419.1,245818
2026-01-09 09:05:00,419.05,419.4,418.15,418.5,188313
2026-01-09 09:10:00,418.35,420.0,418.1,419.6,308308
2026-01-09 09:15:00,419.65,420.4,419.45,420.4,312095
2026-01-09 09:20:00,420.35,420.5,419.75,420.3,209404
2026-01-09 09:25:00,420.25,420.9,420.15,420.8,273234
2026-01-09 09:30:00,420.95,421.25,419.55,419.8,492195
2026-01-09 09:35:00,419.75,420.4,419.75,420.05,393212
2026-01-09 09:40:00,420.1,420.45,419.3,419.65,375834
2026-01-09 09:45:00,419.65,419.65,418.7,419.0,549094
2026-01-09 09:50:00,419.1,419.7,419.05,419.35,338660
2026-01-09 09:55:00,419.4,419.4,415.85,417.95,1734060
2026-01-12 03:45:00,419.5,419.8,411.6,415.8,1115387
2026-01-12 03:50:00,415.65,416.45,413.05,413.1,518708
2026-01-12 03:55:00,413.1,413.55,410.6,410.7,453480
2026-01-12 04:00:00,410.8,412.95,410.7,412.7,361504
2026-01-12 04:05:00,412.5,413.75,411.5,413.2,355133
2026-01-12 04:10:00,413.25,415.25,412.6,413.55,412668
2026-01-12 04:15:00,413.6,414.95,412.75,414.95,141144
2026-01-12 04:20:00,415.2,415.95,414.9,415.65,216447
2026-01-12 04:25:00,415.8,416.2,413.8,414.95,237907
2026-01-12 04:30:00,414.8,415.8,414.35,415.75,142204
2026-01-12 04:35:00,415.8,416.95,415.65,416.55,195299
2026-01-12 04:40:00,416.65,416.8,415.55,415.55,114593
2026-01-12 04:45:00,415.55,416.7,415.05,416.65,109872
2026-01-12 04:50:00,416.5,418.5,416.4,417.45,249787
2026-01-12 04:55:00,417.6,419.4,417.15,418.5,203098
2026-01-12 05:00:00,418.5,418.85,417.35,417.8,128148
2026-01-12 05:05:00,417.7,418.0,416.95,417.0,110783
2026-01-12 05:10:00,417.0,417.4,416.2,416.45,111127
2026-01-12 05:15:00,416.35,416.45,415.2,416.3,83724
2026-01-12 05:20:00,416.4,416.8,415.05,415.5,89633
2026-01-12 05:25:00,415.3,415.45,415.0,415.0,124000
2026-01-12 05:30:00,415.1,415.55,415.0,415.2,65600
2026-01-12 05:35:00,415.2,415.2,414.2,414.2,99228
2026-01-12 05:40:00,414.25,414.7,413.15,413.15,198979
2026-01-12 05:45:00,413.2,413.2,412.5,412.6,145587
2026-01-12 05:50:00,412.7,412.7,411.8,411.9,174774
2026-01-12 05:55:00,412.0,412.6,411.55,411.6,133756
2026-01-12 06:00:00,411.6,411.9,411.0,411.0,196242
2026-01-12 06:05:00,411.1,411.65,410.9,411.1,265515
2026-01-12 06:10:00,411.1,411.35,410.6,410.85,145926
2026-01-12 06:15:00,410.85,412.0,410.6,411.4,137478
2026-01-12 06:20:00,411.5,411.65,411.05,411.65,100045
2026-01-12 06:25:00,411.5,412.2,411.35,411.65,132862
2026-01-12 06:30:00,411.7,412.35,411.5,411.55,130691
2026-01-12 06:35:00,411.55,412.7,411.5,412.15,118833
2026-01-12 06:40:00,412.1,413.9,412.0,413.85,181316
2026-01-12 06:45:00,413.9,414.5,413.05,413.95,235608
2026-01-12 06:50:00,413.95,415.0,413.95,414.05,222424
2026-01-12 06:55:00,414.15,415.0,413.7,414.55,154630
2026-01-12 07:00:00,414.55,415.9,414.55,415.45,230908
2026-01-12 07:05:00,415.45,415.95,414.55,414.55,126173
2026-01-12 07:10:00,414.75,416.2,414.55,415.6,122477
2026-01-12 07:15:00,415.65,416.1,414.7,414.85,152209
2026-01-12 07:20:00,414.75,415.4,414.75,415.35,95347
2026-01-12 07:25:00,415.35,415.5,414.6,414.8,107491
2026-01-12 07:30:00,414.8,414.8,413.45,414.4,189016
2026-01-12 07:35:00,414.4,415.05,414.1,414.95,98996
2026-01-12 07:40:00,414.9,415.4,414.75,415.3,83166
2026-01-12 07:45:00,415.3,415.65,415.15,415.35,103250
2026-01-12 07:50:00,415.4,415.4,414.7,415.25,104190
2026-01-12 07:55:00,415.25,415.8,414.9,415.65,235212
2026-01-12 08:00:00,415.65,416.9,415.5,416.9,394212
2026-01-12 08:05:00,416.85,417.5,415.9,416.55,192840
2026-01-12 08:10:00,416.7,417.25,416.5,416.55,181657
2026-01-12 08:15:00,416.5,417.75,416.5,417.2,171561
2026-01-12 08:20:00,417.25,417.45,416.5,417.15,112599
2026-01-12 08:25:00,417.15,417.15,416.15,416.65,106733
2026-01-12 08:30:00,416.7,417.2,416.5,416.9,131332
2026-01-12 08:35:00,416.9,417.2,416.7,417.0,79102
2026-01-12 08:40:00,416.95,417.2,416.4,416.8,192172
2026-01-12 08:45:00,416.75,417.15,416.2,416.2,100537
2026-01-12 08:50:00,416.15,417.1,416.05,416.9,107585
2026-01-12 08:55:00,416.9,417.3,416.35,417.2,140703
2026-01-12 09:00:00,417.2,417.25,416.05,416.4,166174
2026-01-12 09:05:00,416.4,417.25,415.4,417.2,195927
2026-01-12 09:10:00,417.2,417.95,416.75,417.9,193869
2026-01-12 09:15:00,417.9,417.95,417.3,417.85,115078
2026-01-12 09:20:00,417.95,418.3,417.8,417.9,350840
2026-01-12 09:25:00,417.9,418.85,417.75,418.55,362831
2026-01-12 09:30:00,418.55,418.55,417.4,417.8,275935
2026-01-12 09:35:00,417.8,418.15,417.4,417.75,198822
2026-01-12 09:40:00,417.75,417.8,417.4,417.5,130636
2026-01-12 09:45:00,417.5,417.6,417.25,417.45,242727
2026-01-12 09:50:00,417.45,417.95,417.35,417.85,167400
2026-01-12 09:55:00,417.95,418.05,417.6,417.6,261084
2026-01-13 03:45:00,419.75,421.7,419.15,421.6,637978
2026-01-13 03:50:00,421.4,422.35,420.8,421.3,402571
2026-01-13 03:55:00,421.55,421.9,419.6,419.7,247614
2026-01-13 04:00:00,419.8,420.0,418.5,418.75,266468
2026-01-13 04:05:00,418.75,419.5,418.0,418.15,210481
2026-01-13 04:10:00,418.05,418.05,417.05,417.75,132170
2026-01-13 04:15:00,417.95,419.7,417.8,418.5,181590
2026-01-13 04:20:00,418.5,419.15,417.95,418.2,100754
2026-01-13 04:25:00,418.3,418.3,417.05,417.2,115245
2026-01-13 04:30:00,417.3,419.0,416.65,418.95,189439
2026-01-13 04:35:00,418.8,419.3,418.4,419.0,81551
2026-01-13 04:40:00,419.0,419.0,417.55,417.55,76463
2026-01-13 04:45:00,417.6,417.95,417.2,417.5,79939
2026-01-13 04:50:00,417.5,419.25,417.4,418.1,109602
2026-01-13 04:55:00,418.15,419.4,418.05,419.3,115835
2026-01-13 05:00:00,419.3,419.8,419.15,419.6,175295
2026-01-13 05:05:00,419.55,419.75,418.75,419.15,107026
2026-01-13 05:10:00,419.2,419.2,417.95,418.6,133397
2026-01-13 05:15:00,418.5,419.0,418.05,418.65,82402
2026-01-13 05:20:00,418.8,419.2,418.1,418.1,92284
2026-01-13 05:25:00,418.1,418.25,417.4,417.5,106562
2026-01-13 05:30:00,417.55,418.0,417.1,417.8,138616
2026-01-13 05:35:00,417.8,418.4,417.6,418.15,90861
2026-01-13 05:40:00,418.0,418.4,417.55,417.85,81998
2026-01-13 05:45:00,418.0,418.45,417.65,418.4,90051
2026-01-13 05:50:00,418.4,418.7,418.15,418.65,70507
2026-01-13 05:55:00,418.55,419.0,418.35,418.65,92638
2026-01-13 06:00:00,418.55,418.55,417.85,418.3,76690
2026-01-13 06:05:00,418.15,418.35,417.7,418.0,83660
2026-01-13 06:10:00,418.1,418.2,417.4,417.55,110434
2026-01-13 06:15:00,417.65,418.0,417.3,417.7,139686
2026-01-13 06:20:00,417.9,417.95,416.35,416.8,187909
2026-01-13 06:25:00,416.75,417.7,416.15,416.75,143709
2026-01-13 06:30:00,416.7,417.0,416.25,416.85,91181
2026-01-13 06:35:00,416.85,417.1,414.45,414.65,700011
2026-01-13 06:40:00,414.7,414.9,412.95,413.0,265986
2026-01-13 06:45:00,413.0,413.95,412.65,413.7,129647
2026-01-13 06:50:00,413.65,413.7,412.3,412.4,162098
2026-01-13 06:55:00,412.5,413.8,412.4,413.65,102477
2026-01-13 07:00:00,413.65,413.75,412.55,412.7,214932
2026-01-13 07:05:00,412.7,413.25,412.6,412.8,366196
2026-01-13 07:10:00,412.65,412.75,411.0,411.6,427539
2026-01-13 07:15:00,411.5,411.65,410.1,410.2,327862
2026-01-13 07:20:00,410.4,411.8,410.1,411.35,151699
2026-01-13 07:25:00,411.4,411.6,410.85,411.1,86746
2026-01-13 07:30:00,411.15,411.45,410.8,411.35,86667
2026-01-13 07:35:00,411.35,411.8,411.1,411.4,100200
2026-01-13 07:40:00,411.4,412.2,411.3,412.0,99581
2026-01-13 07:45:00,412.2,412.5,411.8,412.35,108097
2026-01-13 07:50:00,412.45,413.2,412.1,413.0,80505
2026-01-13 07:55:00,413.0,413.0,412.05,412.05,106881
2026-01-13 08:00:00,412.2,412.35,411.6,412.15,82335
2026-01-13 08:05:00,412.15,412.65,412.05,412.2,73175
2026-01-13 08:10:00,412.2,412.45,411.55,412.0,119165
2026-01-13 08:15:00,412.1,412.15,411.5,411.75,115649
2026-01-13 08:20:00,411.75,412.2,411.7,411.85,74132
2026-01-13 08:25:00,411.85,411.85,411.4,411.5,84195
2026-01-13 08:30:00,411.5,411.5,410.9,411.15,159180
2026-01-13 08:35:00,411.25,411.45,411.1,411.35,76212
2026-01-13 08:40:00,411.35,411.4,410.45,411.0,152484
2026-01-13 08:45:00,410.95,411.3,410.55,411.1,81593
2026-01-13 08:50:00,411.1,411.15,409.7,409.9,283196
2026-01-13 08:55:00,409.85,410.6,409.85,410.1,167515
2026-01-13 09:00:00,410.1,411.45,409.4,410.75,203058
2026-01-13 09:05:00,410.75,411.5,410.5,411.25,137828
2026-01-13 09:10:00,411.25,412.15,411.1,411.9,202424
2026-01-13 09:15:00,411.85,412.5,411.7,412.1,198095
2026-01-13 09:20:00,412.05,413.2,412.05,413.05,217120
2026-01-13 09:25:00,413.05,413.5,412.2,413.0,252567
2026-01-13 09:30:00,413.15,414.45,412.95,414.2,527814
2026-01-13 09:35:00,414.2,414.55,413.65,414.05,322523
2026-01-13 09:40:00,414.1,414.4,413.4,413.5,261856
2026-01-13 09:45:00,413.6,413.75,413.1,413.35,327813
2026-01-13 09:50:00,413.3,413.75,413.2,413.5,358585
2026-01-13 09:55:00,413.5,413.5,412.8,413.35,307874
2026-01-14 03:45:00,411.0,415.0,411.0,414.3,396266
2026-01-14 03:50:00,414.55,416.2,414.25,415.55,433181
2026-01-14 03:55:00,415.6,416.75,415.2,416.5,352184
2026-01-14 04:00:00,416.5,416.7,415.85,416.05,177834
2026-01-14 04:05:00,416.1,416.5,415.95,416.05,159192
2026-01-14 04:10:00,416.15,416.5,415.9,416.0,175295
2026-01-14 04:15:00,416.0,416.25,414.55,415.2,222405
2026-01-14 04:20:00,415.2,416.95,415.1,416.95,455028
2026-01-14 04:25:00,416.9,417.4,416.3,416.5,263737
2026-01-14 04:30:00,416.7,417.3,416.3,416.4,333083
2026-01-14 04:35:00,416.5,417.2,416.3,417.1,159845
2026-01-14 04:40:00,417.2,418.0,417.0,417.95,370058
2026-01-14 04:45:00,417.95,418.15,416.65,417.35,393552
2026-01-14 04:50:00,417.35,417.65,416.7,417.4,144132
2026-01-14 04:55:00,417.4,418.5,417.3,418.45,259551
2026-01-14 05:00:00,418.4,418.7,417.9,418.35,184875
2026-01-14 05:05:00,418.35,418.8,417.65,418.4,176198
2026-01-14 05:10:00,418.4,419.5,418.0,418.15,321661
2026-01-14 05:15:00,418.2,419.2,418.0,419.2,178011
2026-01-14 05:20:00,419.2,419.75,419.0,419.75,292239
2026-01-14 05:25:00,419.75,420.8,419.2,420.8,560255
2026-01-14 05:30:00,420.8,420.8,419.4,419.9,265630
2026-01-14 05:35:00,419.9,420.0,419.3,419.95,135598
2026-01-14 05:40:00,420.0,420.4,419.7,420.05,161310
2026-01-14 05:45:00,420.1,420.75,419.75,419.95,194365
2026-01-14 05:50:00,419.95,420.3,419.65,419.9,134303
2026-01-14 05:55:00,419.9,420.65,419.85,420.35,224264
2026-01-14 06:00:00,420.4,420.65,419.3,419.8,152976
2026-01-14 06:05:00,419.65,419.95,419.4,419.95,132450
2026-01-14 06:10:00,419.95,420.2,419.65,419.85,121322
2026-01-14 06:15:00,419.9,420.4,419.5,420.15,130007
2026-01-14 06:20:00,420.25,420.25,419.8,419.95,74906
2026-01-14 06:25:00,420.0,420.25,419.85,419.9,106692
2026-01-14 06:30:00,419.9,420.2,419.7,419.9,84497
2026-01-14 06:35:00,419.85,419.95,419.05,419.05,121137
2026-01-14 06:40:00,419.1,419.35,418.6,418.7,148204
2026-01-14 06:45:00,418.7,419.0,418.25,418.85,131939
2026-01-14 06:50:00,418.9,419.15,418.7,419.15,105864
2026-01-14 06:55:00,419.15,419.15,418.6,418.9,92918
2026-01-14 07:00:00,419.05,420.0,419.0,419.75,151444
2026-01-14 07:05:00,419.65,420.1,419.1,420.0,168433
2026-01-14 07:10:00,420.1,420.75,419.95,420.05,210300
2026-01-14 07:15:00,420.1,420.55,420.0,420.1,144374
2026-01-14 07:20:00,420.15,420.45,419.65,419.75,102970
2026-01-14 07:25:00,419.65,419.95,419.5,419.9,103846
2026-01-14 07:30:00,419.9,420.35,419.65,419.8,119872
2026-01-14 07:35:00,419.8,420.25,419.8,420.05,89083
2026-01-14 07:40:00,420.1,420.5,419.9,420.4,133783
2026-01-14 07:45:00,420.35,420.8,420.0,420.0,175091
2026-01-14 07:50:00,420.1,420.15,419.5,419.7,142975
2026-01-14 07:55:00,419.7,419.95,419.25,419.8,122931
2026-01-14 08:00:00,419.8,420.0,418.7,418.85,150325
2026-01-14 08:05:00,418.75,419.2,418.5,418.55,166532
2026-01-14 08:10:00,418.65,419.05,418.45,418.7,118912
2026-01-14 08:15:00,418.65,418.85,418.35,418.5,120099
2026-01-14 08:20:00,418.55,419.0,418.25,418.25,124255
2026-01-14 08:25:00,418.25,418.35,417.75,418.05,153200
2026-01-14 08:30:00,418.0,418.7,417.9,418.1,117245
2026-01-14 08:35:00,418.1,418.85,418.0,418.45,105904
2026-01-14 08:40:00,418.45,419.05,418.4,418.95,111190
2026-01-14 08:45:00,418.95,419.4,418.55,418.6,198265
2026-01-14 08:50:00,418.55,418.7,417.8,417.8,194273
2026-01-14 08:55:00,417.85,418.4,417.55,417.7,181469
2026-01-14 09:00:00,417.8,418.55,417.65,418.5,127159
2026-01-14 09:05:00,418.5,418.9,417.85,418.75,236560
2026-01-14 09:10:00,418.75,419.1,418.55,418.95,147424
2026-01-14 09:15:00,418.95,419.8,418.95,419.4,226512
2026-01-14 09:20:00,419.45,419.8,419.4,419.6,136101
2026-01-14 09:25:00,419.95,420.15,419.1,419.55,309139
2026-01-14 09:30:00,419.65,419.65,418.65,418.95,439920
2026-01-14 09:35:00,418.9,419.0,418.75,419.0,313186
2026-01-14 09:40:00,419.0,419.0,417.75,417.8,685355
2026-01-14 09:45:00,417.85,417.95,416.8,417.0,1046670
2026-01-14 09:50:00,416.85,417.3,416.5,417.05,1171535
2026-01-14 09:55:00,417.15,417.9,417.0,417.55,837623
2026-01-16 03:45:00,416.55,417.25,413.5,416.3,846506
2026-01-16 03:50:00,416.15,416.8,415.2,415.85,327177
2026-01-16 03:55:00,415.85,416.05,414.35,414.6,274500
2026-01-16 04:00:00,414.55,414.6,413.45,413.65,331646
2026-01-16 04:05:00,413.6,415.35,413.2,415.1,269846
2026-01-16 04:10:00,415.1,415.1,414.15,414.65,209637
2026-01-16 04:15:00,414.75,414.95,414.25,414.95,142859
2026-01-16 04:20:00,414.95,415.5,414.8,415.3,208131
2026-01-16 04:25:00,415.2,415.35,413.75,413.85,214619
2026-01-16 04:30:00,413.75,414.15,413.55,413.7,228122
2026-01-16 04:35:00,413.65,414.3,413.6,413.7,175943
2026-01-16 04:40:00,413.65,414.8,413.6,414.5,388713
2026-01-16 04:45:00,414.5,415.45,414.45,414.75,187803
2026-01-16 04:50:00,414.75,415.25,414.6,415.0,181622
2026-01-16 04:55:00,414.95,415.55,414.95,415.45,268722
2026-01-16 05:00:00,415.4,415.45,413.9,414.0,262932
2026-01-16 05:05:00,414.0,415.9,413.85,414.5,212891
2026-01-16 05:10:00,414.6,414.8,414.45,414.7,137649
2026-01-16 05:15:00,414.7,415.0,414.3,414.85,143976
2026-01-16 05:20:00,414.85,414.95,413.3,413.3,269936
2026-01-16 05:25:00,413.3,413.75,412.6,412.65,300166
2026-01-16 05:30:00,412.65,413.1,412.4,412.6,199229
2026-01-16 05:35:00,412.5,413.6,412.5,412.65,213809
2026-01-16 05:40:00,412.65,412.65,412.0,412.15,186485
2026-01-16 05:45:00,412.15,412.95,412.1,412.85,148830
2026-01-16 05:50:00,412.85,412.9,412.2,412.4,164123
2026-01-16 05:55:00,412.4,412.75,412.4,412.5,98025
2026-01-16 06:00:00,412.6,413.1,412.2,412.3,149655
2026-01-16 06:05:00,412.35,412.35,411.8,412.3,229907
2026-01-16 06:10:00,412.35,412.6,412.05,412.05,93067
2026-01-16 06:15:00,412.05,412.25,411.65,411.9,211017
2026-01-16 06:20:00,411.8,412.3,411.35,411.95,181149
2026-01-16 06:25:00,411.95,412.1,411.4,411.55,143947
2026-01-16 06:30:00,411.55,411.95,411.3,411.75,144346
2026-01-16 06:35:00,411.8,412.1,411.75,411.85,152595
2026-01-16 06:40:00,411.9,411.9,411.25,411.65,155619
2026-01-16 06:45:00,411.7,411.7,411.35,411.45,127089
2026-01-16 06:50:00,411.5,411.65,411.4,411.55,124498
2026-01-16 06:55:00,411.55,411.55,410.25,410.4,328040
2026-01-16 07:00:00,410.55,411.1,410.2,411.05,138325
2026-01-16 07:05:00,411.05,411.1,410.5,410.75,115015
2026-01-16 07:10:00,410.7,410.9,410.25,410.45,170885
2026-01-16 07:15:00,410.4,410.6,409.9,410.05,360328
2026-01-16 07:20:00,410.3,411.05,410.0,411.05,165682
2026-01-16 07:25:00,411.05,411.15,410.85,411.15,116342
2026-01-16 07:30:00,411.15,411.15,410.05,410.05,118288
2026-01-16 07:35:00,410.1,410.1,409.75,409.95,177306
2026-01-16 07:40:00,409.95,409.95,409.15,409.45,206902
2026-01-16 07:45:00,409.45,409.65,408.5,408.55,259557
2026-01-16 07:50:00,408.55,408.7,407.6,407.6,203354
2026-01-16 07:55:00,407.6,407.85,407.0,407.65,204466
2026-01-16 08:00:00,407.65,408.35,407.35,407.8,205038
2026-01-16 08:05:00,407.8,407.9,407.2,407.4,168189
2026-01-16 08:10:00,407.4,407.65,406.6,406.8,381396
2026-01-16 08:15:00,406.85,407.6,406.7,407.25,164970
2026-01-16 08:20:00,407.25,407.3,406.6,406.75,165732
2026-01-16 08:25:00,406.7,407.15,406.55,406.55,132118
2026-01-16 08:30:00,406.6,406.95,406.35,406.65,221586
2026-01-16 08:35:00,406.65,407.35,406.35,406.65,138527
2026-01-16 08:40:00,406.65,407.55,406.55,407.3,136764
2026-01-16 08:45:00,407.1,407.6,407.1,407.55,128652
2026-01-16 08:50:00,407.55,410.95,407.0,410.6,395429
2026-01-16 08:55:00,410.6,411.8,408.9,410.4,850698
2026-01-16 09:00:00,410.5,411.4,408.0,408.0,466596
2026-01-16 09:05:00,408.0,410.3,407.5,410.2,301097
2026-01-16 09:10:00,410.1,410.3,409.35,409.9,300504
2026-01-16 09:15:00,409.9,410.95,409.65,410.45,367725
2026-01-16 09:20:00,410.4,410.85,410.0,410.7,262128
2026-01-16 09:25:00,410.65,411.2,410.3,411.1,330019
2026-01-16 09:30:00,411.05,411.05,410.3,410.95,423583
2026-01-16 09:35:00,411.0,411.15,410.5,410.7,306517
2026-01-16 09:40:00,410.75,410.75,409.5,409.7,426316
2026-01-16 09:45:00,409.75,409.95,409.1,409.55,553142
2026-01-16 09:50:00,409.55,410.7,409.5,410.55,475103
2026-01-16 09:55:00,410.55,410.8,410.15,410.6,545430
2026-01-19 03:45:00,410.0,414.2,407.7,414.15,598076
2026-01-19 03:50:00,414.05,414.9,413.5,414.25,411486
2026-01-19 03:55:00,414.25,414.25,412.45,412.8,226506
2026-01-19 04:00:00,412.75,413.9,412.0,413.45,206378
2026-01-19 04:05:00,413.3,413.7,412.85,413.15,82418
2026-01-19 04:10:00,413.0,414.0,412.8,413.9,125643
2026-01-19 04:15:00,413.7,413.8,412.2,412.7,157167
2026-01-19 04:20:00,412.7,413.8,411.85,412.9,118221
2026-01-19 04:25:00,412.9,413.9,412.7,413.55,83439
2026-01-19 04:30:00,413.55,413.65,412.85,413.2,94894
2026-01-19 04:35:00,413.2,413.85,412.65,413.85,103888
2026-01-19 04:40:00,413.85,414.0,412.7,412.9,194859
2026-01-19 04:45:00,412.9,413.3,412.65,412.9,57863
2026-01-19 04:50:00,412.95,413.55,412.75,413.4,56284
2026-01-19 04:55:00,413.45,413.95,412.9,413.8,163505
2026-01-19 05:00:00,413.8,413.8,412.85,413.05,57994
2026-01-19 05:05:00,413.05,414.0,412.9,413.45,100837
2026-01-19 05:10:00,413.55,414.35,413.25,414.1,69667
2026-01-19 05:15:00,414.1,414.25,413.55,413.8,82226
2026-01-19 05:20:00,413.6,413.95,413.6,413.9,25635
2026-01-19 05:25:00,413.8,414.1,413.7,413.95,51319
2026-01-19 05:30:00,414.1,414.8,413.95,414.65,88074
2026-01-19 05:35:00,414.5,414.6,413.65,413.9,32828
2026-01-19 05:40:00,413.95,414.05,413.45,413.6,49799
2026-01-19 05:45:00,413.6,413.7,412.85,412.85,80478
2026-01-19 05:50:00,412.85,412.9,411.7,411.9,181828
2026-01-19 05:55:00,411.9,412.45,411.5,412.3,129175
2026-01-19 06:00:00,412.15,412.2,411.2,411.9,84967
2026-01-19 06:05:00,411.9,412.6,411.7,412.4,62079
2026-01-19 06:10:00,412.4,412.9,411.95,412.5,99480
2026-01-19 06:15:00,412.5,412.65,411.55,411.85,55366
2026-01-19 06:20:00,411.9,411.9,410.95,411.25,96084
2026-01-19 06:25:00,411.4,411.5,410.95,410.95,56647
2026-01-19 06:30:00,410.95,411.55,410.55,411.25,75368
2026-01-19 06:35:00,411.35,411.4,410.8,411.0,46126
2026-01-19 06:40:00,410.95,411.45,410.85,411.4,58153
2026-01-19 06:45:00,411.45,412.0,411.3,411.8,68122
2026-01-19 06:50:00,411.9,412.15,411.35,411.6,75041
2026-01-19 06:55:00,411.6,411.7,411.3,411.45,45239
2026-01-19 07:00:00,411.55,411.8,411.25,411.6,70493
2026-01-19 07:05:00,411.6,411.6,410.65,410.9,74369
2026-01-19 07:10:00,410.9,412.6,410.8,411.8,136965
2026-01-19 07:15:00,411.7,412.0,411.25,411.6,46259
2026-01-19 07:20:00,411.45,411.8,411.3,411.75,38721
2026-01-19 07:25:00,411.65,412.4,411.55,412.4,57055
2026-01-19 07:30:00,412.4,412.4,411.7,412.0,64593
2026-01-19 07:35:00,412.0,412.2,411.8,412.05,33386
2026-01-19 07:40:00,412.05,412.15,411.65,412.1,83596
2026-01-19 07:45:00,412.1,412.25,411.7,412.0,42860
2026-01-19 07:50:00,412.0,412.25,412.0,412.15,38472
2026-01-19 07:55:00,412.1,412.25,411.75,411.75,34319
2026-01-19 08:00:00,411.9,412.7,411.8,412.7,115469
2026-01-19 08:05:00,412.7,412.9,412.5,412.75,58783
2026-01-19 08:10:00,412.75,413.0,412.7,412.8,56908
2026-01-19 08:15:00,412.9,412.9,412.2,412.75,75256
2026-01-19 08:20:00,412.75,413.35,412.45,412.8,123571
2026-01-19 08:25:00,412.8,413.0,412.5,412.7,65752
2026-01-19 08:30:00,412.7,413.3,412.7,413.15,68925
2026-01-19 08:35:00,413.05,413.75,413.05,413.2,74338
2026-01-19 08:40:00,413.35,413.45,412.65,412.75,86909
2026-01-19 08:45:00,412.8,413.5,412.7,413.45,67059
2026-01-19 08:50:00,413.45,413.6,412.75,413.05,86224
2026-01-19 08:55:00,412.85,413.1,412.5,412.6,91653
2026-01-19 09:00:00,412.6,413.0,412.5,412.8,52332
2026-01-19 09:05:00,412.8,413.1,412.5,413.0,75710
2026-01-19 09:10:00,413.0,413.65,413.0,413.55,193447
2026-01-19 09:15:00,413.6,413.8,413.3,413.55,77887
2026-01-19 09:20:00,413.55,414.2,413.4,413.85,171690
2026-01-19 09:25:00,413.95,414.8,413.75,414.05,171389
2026-01-19 09:30:00,414.1,414.3,413.3,413.45,148181
2026-01-19 09:35:00,413.45,413.45,413.1,413.2,82796
2026-01-19 09:40:00,413.2,413.2,412.7,412.7,113043
2026-01-19 09:45:00,412.75,412.8,412.5,412.55,175125
2026-01-19 09:50:00,412.55,412.7,412.1,412.5,296764
2026-01-19 09:55:00,412.5,412.7,412.5,412.7,245846
2026-01-20 03:45:00,413.9,415.4,413.25,415.05,1196383
2026-01-20 03:50:00,415.0,415.35,412.65,413.25,1305056
2026-01-20 03:55:00,413.45,413.8,412.5,412.55,1544398
2026-01-20 04:00:00,412.4,414.05,412.25,413.75,747626
2026-01-20 04:05:00,413.8,414.25,411.5,411.6,1052951
2026-01-20 04:10:00,411.5,412.35,411.0,411.65,875977
2026-01-20 04:15:00,411.65,412.45,410.5,410.8,638960
2026-01-20 04:20:00,410.8,411.55,408.3,408.45,675327
2026-01-20 04:25:00,408.3,409.6,407.65,408.45,405303
2026-01-20 04:30:00,408.45,411.35,407.8,411.35,395267
2026-01-20 04:35:00,411.3,412.0,411.0,411.45,295448
2026-01-20 04:40:00,411.7,412.3,411.6,411.9,353163
2026-01-20 04:45:00,411.9,413.0,411.25,412.3,475132
2026-01-20 04:50:00,412.3,413.0,411.8,412.4,394484
2026-01-20 04:55:00,412.35,413.4,412.2,412.5,349994
2026-01-20 05:00:00,412.5,412.95,412.1,412.7,381652
2026-01-20 05:05:00,412.9,414.4,412.65,414.35,237631
2026-01-20 05:10:00,414.3,414.55,413.75,413.75,269166
2026-01-20 05:15:00,413.85,414.45,413.75,414.3,106237
2026-01-20 05:20:00,414.3,414.75,413.95,413.95,227076
2026-01-20 05:25:00,414.0,414.35,413.8,414.05,160030
2026-01-20 05:30:00,414.1,414.2,413.4,413.4,364650
2026-01-20 05:35:00,413.5,413.6,413.0,413.0,307566
2026-01-20 05:40:00,413.05,413.15,412.6,412.65,313329
2026-01-20 05:45:00,412.65,412.9,411.9,411.9,716730
2026-01-20 05:50:00,411.95,412.8,411.9,412.8,248661
2026-01-20 05:55:00,412.8,412.95,412.25,412.7,213830
2026-01-20 06:00:00,412.8,413.3,412.6,413.15,71922
2026-01-20 06:05:00,413.2,413.55,413.15,413.2,147767
2026-01-20 06:10:00,413.25,413.35,412.8,412.95,288698
2026-01-20 06:15:00,413.0,413.1,412.7,412.75,56967
2026-01-20 06:20:00,412.9,413.3,412.6,413.1,152493
2026-01-20 06:25:00,413.25,413.55,413.05,413.05,288752
2026-01-20 06:30:00,413.1,413.1,412.4,412.4,290037
2026-01-20 06:35:00,412.45,412.45,411.0,411.2,431111
2026-01-20 06:40:00,411.3,411.9,411.0,411.7,136214
2026-01-20 06:45:00,411.85,412.3,410.65,410.95,709643
2026-01-20 06:50:00,410.9,411.9,410.65,411.7,207475
2026-01-20 06:55:00,411.8,412.1,411.1,411.8,179416
2026-01-20 07:00:00,411.8,412.3,411.3,411.35,197186
2026-01-20 07:05:00,411.55,411.55,410.4,411.0,180533
2026-01-20 07:10:00,411.05,411.15,410.5,410.7,650365
2026-01-20 07:15:00,410.75,411.6,410.6,411.3,152247
2026-01-20 07:20:00,411.25,411.9,411.2,411.65,65903
2026-01-20 07:25:00,411.65,412.2,411.35,411.95,148912
2026-01-20 07:30:00,411.75,412.05,411.55,411.75,344479
2026-01-20 07:35:00,411.75,412.2,411.35,411.6,97782
2026-01-20 07:40:00,411.55,412.2,411.4,411.8,73843
2026-01-20 07:45:00,411.95,412.1,411.55,411.9,197651
2026-01-20 07:50:00,412.05,412.65,411.75,412.5,80760
2026-01-20 07:55:00,412.55,412.6,411.95,411.95,214633
2026-01-20 08:00:00,412.1,412.35,411.0,411.3,812752
2026-01-20 08:05:00,411.3,411.5,411.0,411.4,63196
2026-01-20 08:10:00,411.25,411.5,410.5,411.0,764587
2026-01-20 08:15:00,410.85,411.2,410.6,410.85,74956
2026-01-20 08:20:00,410.95,411.25,410.0,410.05,665787
2026-01-20 08:25:00,410.3,410.6,410.0,410.45,148619
2026-01-20 08:30:00,410.25,411.1,409.05,410.7,724883
2026-01-20 08:35:00,410.65,410.65,409.3,410.0,566551
2026-01-20 08:40:00,410.0,410.25,409.25,409.5,270318
2026-01-20 08:45:00,409.45,410.25,409.3,409.85,364789
2026-01-20 08:50:00,409.85,410.45,409.55,409.95,237185
2026-01-20 08:55:00,409.95,411.05,409.8,410.8,386687
2026-01-20 09:00:00,410.9,411.7,410.7,411.7,260165
2026-01-20 09:05:00,411.65,412.2,411.4,411.8,654465
2026-01-20 09:10:00,411.9,412.1,411.2,411.2,889192
2026-01-20 09:15:00,411.2,412.65,411.05,412.45,495370
2026-01-20 09:20:00,412.4,412.45,411.65,411.85,235683
2026-01-20 09:25:00,411.85,413.3,411.75,412.75,810378
2026-01-20 09:30:00,412.9,412.95,411.1,411.2,1131077
2026-01-20 09:35:00,411.15,411.8,409.8,409.85,551180
2026-01-20 09:40:00,409.9,409.9,408.0,408.15,677463
2026-01-20 09:45:00,408.1,408.3,407.0,407.65,684096
2026-01-20 09:50:00,407.7,407.75,406.55,406.8,614208
2026-01-20 09:55:00,406.75,410.1,406.0,409.0,972940
2026-01-21 03:45:00,406.5,409.5,404.1,407.0,1139229
2026-01-21 03:50:00,407.0,407.1,404.55,405.1,761019
2026-01-21 03:55:00,405.05,405.55,402.3,402.3,566973
2026-01-21 04:00:00,402.3,405.8,402.25,405.7,559748
2026-01-21 04:05:00,405.65,405.65,402.65,402.8,481326
2026-01-21 04:10:00,402.8,404.05,402.5,402.5,375583
2026-01-21 04:15:00,402.35,403.45,400.6,403.1,639129
2026-01-21 04:20:00,403.35,404.3,402.25,402.85,481204
2026-01-21 04:25:00,402.65,404.0,402.0,402.6,319583
2026-01-21 04:30:00,402.75,403.4,401.75,402.3,282890
2026-01-21 04:35:00,402.2,403.5,402.2,402.8,172196
2026-01-21 04:40:00,402.75,405.0,402.5,404.25,311999
2026-01-21 04:45:00,404.2,404.4,403.15,403.85,214961
2026-01-21 04:50:00,403.75,404.35,402.75,403.35,251343
2026-01-21 04:55:00,403.4,403.95,402.2,402.55,153651
2026-01-21 05:00:00,402.7,403.0,402.15,402.5,153694
2026-01-21 05:05:00,402.65,402.8,401.25,401.25,321035
2026-01-21 05:10:00,401.4,401.6,400.4,400.6,255839
2026-01-21 05:15:00,400.6,400.75,398.5,398.8,505138
2026-01-21 05:20:00,398.9,399.25,397.1,397.6,414589
2026-01-21 05:25:00,397.75,398.95,397.0,398.65,311989
2026-01-21 05:30:00,398.6,400.8,398.6,400.6,264753
2026-01-21 05:35:00,400.8,400.8,399.4,400.0,210889
2026-01-21 05:40:00,400.05,401.0,399.65,400.05,206709
2026-01-21 05:45:00,400.1,400.4,399.2,400.1,234061
2026-01-21 05:50:00,400.2,400.2,399.0,399.35,123653
2026-01-21 05:55:00,399.3,400.0,398.7,399.5,126693
2026-01-21 06:00:00,399.5,400.0,399.1,399.1,103809
2026-01-21 06:05:00,399.1,399.8,398.8,399.0,107071
2026-01-21 06:10:00,399.2,399.8,398.9,399.65,93192
2026-01-21 06:15:00,399.6,401.25,399.5,400.15,220352
2026-01-21 06:20:00,400.2,400.7,399.75,400.35,105501
2026-01-21 06:25:00,400.45,400.95,400.0,400.55,85492
2026-01-21 06:30:00,400.55,401.8,400.25,401.7,138145
2026-01-21 06:35:00,401.75,402.5,401.55,402.35,176318
2026-01-21 06:40:00,402.4,403.05,402.0,402.9,219580
2026-01-21 06:45:00,403.0,403.45,402.25,402.6,268662
2026-01-21 06:50:00,402.7,404.2,402.6,404.1,304862
2026-01-21 06:55:00,404.1,404.15,402.35,402.9,137884
2026-01-21 07:00:00,402.85,404.0,402.7,403.65,163076
2026-01-21 07:05:00,403.65,404.7,403.65,404.5,203435
2026-01-21 07:10:00,404.55,405.0,404.1,404.3,155131
2026-01-21 07:15:00,404.35,405.8,404.3,405.65,230937
2026-01-21 07:20:00,405.7,406.15,405.45,405.8,143233
2026-01-21 07:25:00,405.8,406.1,404.65,405.55,163126
2026-01-21 07:30:00,405.55,406.4,405.25,406.3,198298
2026-01-21 07:35:00,406.3,407.5,406.0,407.05,233903
2026-01-21 07:40:00,407.0,407.05,405.7,406.1,270292
2026-01-21 07:45:00,406.35,406.85,405.7,406.3,103781
2026-01-21 07:50:00,406.25,406.4,405.5,405.6,75832
2026-01-21 07:55:00,405.7,405.7,404.9,405.0,140770
2026-01-21 08:00:00,405.05,405.05,403.65,403.85,107161
2026-01-21 08:05:00,403.85,404.8,403.6,403.75,132521
2026-01-21 08:10:00,403.75,403.85,402.45,402.65,131116
2026-01-21 08:15:00,402.65,402.7,401.9,402.0,87053
2026-01-21 08:20:00,402.05,402.2,401.35,401.85,135912
2026-01-21 08:25:00,401.75,401.8,400.85,401.15,146774
2026-01-21 08:30:00,401.15,401.5,400.2,400.4,167122
2026-01-21 08:35:00,400.4,400.85,400.15,400.4,114533
2026-01-21 08:40:00,400.45,400.6,399.85,400.4,187558
2026-01-21 08:45:00,400.5,402.55,400.45,401.3,250387
2026-01-21 08:50:00,401.45,401.55,400.6,401.0,146889
2026-01-21 08:55:00,400.9,401.25,400.5,401.2,127038
2026-01-21 09:00:00,401.2,402.1,400.95,401.95,176417
2026-01-21 09:05:00,402.0,402.7,401.7,402.65,175925
2026-01-21 09:10:00,402.65,403.15,402.3,402.9,236086
2026-01-21 09:15:00,403.0,403.6,402.7,402.85,396112
2026-01-21 09:20:00,402.9,403.2,402.55,403.05,159228
2026-01-21 09:25:00,403.05,403.4,402.35,402.6,246683
2026-01-21 09:30:00,402.55,403.2,402.35,403.05,325325
2026-01-21 09:35:00,403.2,403.35,402.35,402.55,296757
2026-01-21 09:40:00,402.55,402.6,402.0,402.35,367426
2026-01-21 09:45:00,402.35,402.8,402.2,402.8,293618
2026-01-21 09:50:00,402.8,402.8,402.5,402.8,344307
2026-01-21 09:55:00,402.8,403.7,402.65,403.2,421103
2026-01-22 03:45:00,406.0,408.9,406.0,407.6,602576
2026-01-22 03:50:00,407.65,410.2,407.55,410.0,494362
2026-01-22 03:55:00,410.05,410.95,409.2,410.95,307537
2026-01-22 04:00:00,411.0,412.25,410.65,411.3,382899
2026-01-22 04:05:00,411.3,412.4,410.8,411.5,241643
2026-01-22 04:10:00,411.6,411.8,411.05,411.55,134788
2026-01-22 04:15:00,411.5,412.6,411.4,412.5,387627
2026-01-22 04:20:00,412.5,412.6,412.0,412.1,155104
2026-01-22 04:25:00,412.2,412.2,411.35,411.55,152468
2026-01-22 04:30:00,411.45,411.75,409.75,411.5,238385
2026-01-22 04:35:00,411.6,412.0,411.25,411.6,102952
2026-01-22 04:40:00,411.6,412.45,411.35,412.25,198625
2026-01-22 04:45:00,412.3,412.95,411.7,411.9,342344
2026-01-22 04:50:00,411.95,413.0,411.65,412.95,240177
2026-01-22 04:55:00,412.95,413.0,411.35,411.45,224800
2026-01-22 05:00:00,411.4,412.65,411.0,412.45,287511
2026-01-22 05:05:00,412.45,413.4,412.2,412.45,278821
2026-01-22 05:10:00,412.45,412.8,412.1,412.1,177779
2026-01-22 05:15:00,412.15,412.9,412.1,412.55,160818
2026-01-22 05:20:00,412.55,413.25,412.3,413.15,222872
2026-01-22 05:25:00,413.0,413.15,411.35,411.45,203445
2026-01-22 05:30:00,411.55,412.6,411.3,412.25,152851
2026-01-22 05:35:00,412.3,412.5,410.55,411.5,258012
2026-01-22 05:40:00,411.4,412.0,411.3,411.8,201408
2026-01-22 05:45:00,411.75,412.0,411.45,411.65,154645
2026-01-22 05:50:00,411.65,412.4,411.4,411.95,168469
2026-01-22 05:55:00,411.9,412.5,411.7,412.1,147184
2026-01-22 06:00:00,412.3,412.5,411.95,412.2,122652
2026-01-22 06:05:00,412.1,412.5,411.4,411.5,145447
2026-01-22 06:10:00,411.5,411.85,411.0,411.25,146011
2026-01-22 06:15:00,411.25,411.95,410.7,411.95,186806
2026-01-22 06:20:00,411.95,412.9,411.9,412.1,217413
2026-01-22 06:25:00,412.1,412.25,411.65,411.75,160466
2026-01-22 06:30:00,411.75,412.2,411.6,412.15,130249
2026-01-22 06:35:00,412.1,412.75,412.1,412.55,158512
2026-01-22 06:40:00,412.5,412.9,412.35,412.8,123270
2026-01-22 06:45:00,412.9,413.35,412.6,413.25,290730
2026-01-22 06:50:00,413.25,414.0,412.9,413.2,339645
2026-01-22 06:55:00,413.15,414.2,413.15,413.95,232097
2026-01-22 07:00:00,413.95,415.4,413.75,415.25,423173
2026-01-22 07:05:00,415.15,415.3,414.35,415.0,360454
2026-01-22 07:10:00,414.9,415.25,414.5,415.15,284157
2026-01-22 07:15:00,415.15,415.5,414.95,415.2,185611
2026-01-22 07:20:00,415.2,415.4,415.0,415.05,171848
2026-01-22 07:25:00,415.05,415.1,414.5,414.7,206254
2026-01-22 07:30:00,414.7,415.2,414.6,415.0,160409
2026-01-22 07:35:00,415.05,415.25,414.75,415.0,160737
2026-01-22 07:40:00,415.0,415.05,414.55,414.65,151480
2026-01-22 07:45:00,414.65,414.7,413.9,414.45,276271
2026-01-22 07:50:00,414.45,414.75,413.9,414.7,197780
2026-01-22 07:55:00,414.7,414.85,413.55,413.95,251954
2026-01-22 08:00:00,413.95,414.5,413.55,414.5,189657
2026-01-22 08:05:00,414.5,415.0,414.0,414.1,233483
2026-01-22 08:10:00,414.15,414.9,414.0,414.9,141164
2026-01-22 08:15:00,414.8,415.15,414.35,415.15,178896
2026-01-22 08:20:00,415.1,415.9,415.0,415.9,253169
2026-01-22 08:25:00,415.85,416.0,415.35,415.65,221787
2026-01-22 08:30:00,415.65,415.8,414.8,414.95,169910
2026-01-22 08:35:00,414.85,415.45,414.7,415.25,263136
2026-01-22 08:40:00,415.2,415.35,414.5,414.65,193909
2026-01-22 08:45:00,414.65,415.15,414.45,415.0,230175
2026-01-22 08:50:00,414.95,415.5,414.9,415.25,195826
2026-01-22 08:55:00,415.25,415.6,415.1,415.5,175562
2026-01-22 09:00:00,415.55,416.2,415.3,416.05,331269
2026-01-22 09:05:00,416.15,416.65,415.85,416.3,428164
2026-01-22 09:10:00,416.3,416.8,415.85,416.2,269638
2026-01-22 09:15:00,416.2,416.5,415.8,416.0,235453
2026-01-22 09:20:00,415.85,416.3,415.4,415.6,235081
2026-01-22 09:25:00,415.7,416.2,415.55,416.05,222352
2026-01-22 09:30:00,416.2,416.2,415.05,415.45,463489
2026-01-22 09:35:00,415.45,417.2,415.35,417.15,577626
2026-01-22 09:40:00,417.15,417.7,417.05,417.45,733448
2026-01-22 09:45:00,417.45,418.0,417.35,417.9,818248
2026-01-22 09:50:00,417.75,418.2,417.7,418.05,700941
2026-01-22 09:55:00,418.2,418.3,417.8,417.8,546059
2026-01-23 03:45:00,419.0,419.0,414.0,416.3,778733
2026-01-23 03:50:00,416.3,417.2,415.8,416.75,230704
2026-01-23 03:55:00,416.65,417.8,416.3,417.35,210436
2026-01-23 04:00:00,417.35,417.4,415.75,416.4,180175
2026-01-23 04:05:00,416.4,416.45,415.8,416.2,138473
2026-01-23 04:10:00,416.2,417.0,415.7,415.8,125129
2026-01-23 04:15:00,415.7,416.85,415.25,416.6,125038
2026-01-23 04:20:00,416.8,417.4,416.55,416.8,116912
2026-01-23 04:25:00,416.7,417.4,416.5,416.9,110658
2026-01-23 04:30:00,416.9,417.05,416.35,416.95,49165
2026-01-23 04:35:00,417.25,418.0,417.05,417.35,198378
2026-01-23 04:40:00,417.35,417.65,416.9,416.9,92524
2026-01-23 04:45:00,416.95,417.35,416.5,416.65,92688
2026-01-23 04:50:00,416.65,417.0,415.5,415.55,137656
2026-01-23 04:55:00,415.55,416.4,415.55,416.0,70068
2026-01-23 05:00:00,415.9,417.15,415.9,416.45,99225
2026-01-23 05:05:00,416.45,416.5,415.7,415.85,82088
2026-01-23 05:10:00,415.85,416.2,415.7,416.1,80197
2026-01-23 05:15:00,416.1,416.35,415.25,415.55,112010
2026-01-23 05:20:00,415.55,415.9,415.45,415.8,57937
2026-01-23 05:25:00,415.85,416.05,415.45,416.05,52196
2026-01-23 05:30:00,416.1,416.1,415.2,415.25,78033
2026-01-23 05:35:00,415.2,415.65,415.0,415.4,136801
2026-01-23 05:40:00,415.4,416.0,415.2,415.7,140806
2026-01-23 05:45:00,415.75,415.85,415.25,415.45,71908
2026-01-23 05:50:00,415.3,415.4,414.9,414.9,149375
2026-01-23 05:55:00,415.0,415.4,414.9,415.25,76436
2026-01-23 06:00:00,415.25,415.35,414.6,414.85,65086
2026-01-23 06:05:00,414.65,415.0,414.05,414.3,102136
2026-01-23 06:10:00,414.15,414.7,413.65,414.45,164602
2026-01-23 06:15:00,414.4,414.5,413.75,413.95,85672
2026-01-23 06:20:00,413.9,414.75,413.7,414.55,92954
2026-01-23 06:25:00,414.45,414.9,414.4,414.8,59977
2026-01-23 06:30:00,414.8,415.0,414.1,414.4,214541
2026-01-23 06:35:00,414.35,414.35,413.25,413.5,101343
2026-01-23 06:40:00,413.5,413.6,412.55,413.3,229394
2026-01-23 06:45:00,413.25,413.45,412.8,413.35,227263
2026-01-23 06:50:00,413.35,413.35,412.55,412.9,79450
2026-01-23 06:55:00,412.85,412.85,412.1,412.25,178394
2026-01-23 07:00:00,412.25,412.4,412.0,412.15,100274
2026-01-23 07:05:00,412.15,412.3,412.0,412.05,62433
2026-01-23 07:10:00,412.05,413.2,412.0,412.95,104329
2026-01-23 07:15:00,412.85,413.55,412.8,413.0,81438
2026-01-23 07:20:00,413.0,413.2,412.15,413.15,86210
2026-01-23 07:25:00,413.0,413.05,411.3,411.5,184294
2026-01-23 07:30:00,411.35,411.85,410.65,411.55,164200
2026-01-23 07:35:00,411.55,411.7,410.9,411.2,101626
2026-01-23 07:40:00,411.1,411.35,410.75,411.15,102513
2026-01-23 07:45:00,411.35,411.35,410.0,410.4,155002
2026-01-23 07:50:00,410.25,410.4,409.1,409.25,198070
2026-01-23 07:55:00,409.4,410.1,409.4,409.55,108160
2026-01-23 08:00:00,409.6,409.65,408.5,408.8,189880
2026-01-23 08:05:00,408.9,409.2,408.6,408.7,87672
2026-01-23 08:10:00,408.95,409.4,408.7,408.9,106729
2026-01-23 08:15:00,408.85,409.15,408.5,408.7,98027
2026-01-23 08:20:00,408.75,409.85,408.65,409.55,185326
2026-01-23 08:25:00,409.6,409.7,408.8,409.1,82697
2026-01-23 08:30:00,409.15,410.4,409.15,410.2,127904
2026-01-23 08:35:00,410.2,410.55,409.55,410.3,98803
2026-01-23 08:40:00,410.5,410.65,409.8,410.0,94970
2026-01-23 08:45:00,410.1,410.8,409.8,410.55,118663
2026-01-23 08:50:00,410.5,410.75,409.85,410.0,124885
2026-01-23 08:55:00,410.1,410.8,409.5,410.55,123225
2026-01-23 09:00:00,410.65,410.8,409.75,410.6,121355
2026-01-23 09:05:00,410.6,411.15,409.8,410.55,141521
2026-01-23 09:10:00,410.45,410.9,410.0,410.0,97787
2026-01-23 09:15:00,410.35,410.45,409.5,409.5,129762
2026-01-23 09:20:00,409.5,410.3,409.1,410.3,136138
2026-01-23 09:25:00,410.3,410.95,410.3,410.75,186677
2026-01-23 09:30:00,410.75,410.8,409.2,409.2,223760
2026-01-23 09:35:00,409.2,409.25,408.7,408.75,231932
2026-01-23 09:40:00,408.9,409.05,408.65,408.7,224909
2026-01-23 09:45:00,408.8,410.7,408.65,410.45,420745
2026-01-23 09:50:00,410.4,411.6,410.4,411.2,1250570
2026-01-23 09:55:00,411.25,412.3,410.65,412.3,1164021
2026-01-27 03:45:00,416.45,419.25,413.6,414.95,2195019
2026-01-27 03:50:00,414.95,415.6,413.15,415.5,499714
2026-01-27 03:55:00,415.5,416.5,414.6,415.05,538133
2026-01-27 04:00:00,415.15,416.0,413.65,413.8,324331
2026-01-27 04:05:00,413.8,416.3,413.65,416.25,630780
2026-01-27 04:10:00,416.1,416.4,415.6,415.9,426312
2026-01-27 04:15:00,415.9,416.6,415.65,416.25,259637
2026-01-27 04:20:00,416.3,416.45,415.5,415.75,212757
2026-01-27 04:25:00,415.8,416.05,415.2,415.75,198610
2026-01-27 04:30:00,415.75,416.35,415.6,415.75,114888
2026-01-27 04:35:00,415.75,415.85,414.85,415.7,203396
2026-01-27 04:40:00,415.65,416.9,415.5,416.6,300972
2026-01-27 04:45:00,416.6,417.7,416.6,417.4,257676
2026-01-27 04:50:00,417.4,417.45,416.9,417.1,105734
2026-01-27 04:55:00,417.0,417.45,416.2,416.45,113832
2026-01-27 05:00:00,416.45,416.9,416.2,416.55,109447
2026-01-27 05:05:00,416.55,416.55,414.85,414.9,216294
2026-01-27 05:10:00,414.9,414.95,413.3,413.65,279964
2026-01-27 05:15:00,413.65,414.0,413.1,413.9,154932
2026-01-27 05:20:00,413.95,413.95,412.1,412.2,225009
2026-01-27 05:25:00,412.3,412.9,412.1,412.15,106559
2026-01-27 05:30:00,412.05,413.55,411.7,413.15,128537
2026-01-27 05:35:00,413.0,413.5,412.95,413.1,78496
2026-01-27 05:40:00,413.2,413.7,413.05,413.7,66084
2026-01-27 05:45:00,413.7,414.1,413.2,413.85,110323
2026-01-27 05:50:00,413.9,414.3,413.9,414.2,101661
2026-01-27 05:55:00,414.25,414.75,414.15,414.75,86247
2026-01-27 06:00:00,414.75,414.8,413.55,413.8,102450
2026-01-27 06:05:00,413.95,414.85,413.85,414.75,75448
2026-01-27 06:10:00,414.75,415.45,414.15,415.2,133327
2026-01-27 06:15:00,415.2,415.45,414.6,414.6,95087
2026-01-27 06:20:00,414.65,414.7,414.1,414.3,60242
2026-01-27 06:25:00,414.3,414.85,414.05,414.45,54382
2026-01-27 06:30:00,414.5,415.0,414.3,414.8,43924
2026-01-27 06:35:00,414.95,414.95,414.3,414.65,54752
2026-01-27 06:40:00,414.65,414.85,414.3,414.4,42964
2026-01-27 06:45:00,414.5,414.7,414.0,414.0,57553
2026-01-27 06:50:00,414.1,414.9,414.05,414.9,55502
2026-01-27 06:55:00,414.9,415.0,414.1,414.4,49888
2026-01-27 07:00:00,414.4,414.55,414.1,414.4,40183
2026-01-27 07:05:00,414.35,414.65,414.1,414.4,52416
2026-01-27 07:10:00,414.4,414.8,414.2,414.2,59217
2026-01-27 07:15:00,414.4,414.45,413.6,413.75,91337
2026-01-27 07:20:00,413.75,414.35,413.6,414.0,39531
2026-01-27 07:25:00,414.05,414.05,413.45,413.65,66535
2026-01-27 07:30:00,413.75,413.95,413.2,413.55,42759
2026-01-27 07:35:00,413.6,413.65,413.0,413.3,89328
2026-01-27 07:40:00,413.35,413.95,413.25,413.75,49651
2026-01-27 07:45:00,413.8,413.95,413.55,413.8,50230
2026-01-27 07:50:00,413.8,414.05,413.6,413.95,57193
2026-01-27 07:55:00,413.95,414.0,413.6,413.95,36578
2026-01-27 08:00:00,414.0,414.25,413.55,413.75,60029
2026-01-27 08:05:00,413.7,413.7,412.8,413.1,70256
2026-01-27 08:10:00,413.1,413.3,412.45,412.8,83524
2026-01-27 08:15:00,412.95,413.3,412.8,413.05,68842
2026-01-27 08:20:00,413.1,413.4,412.65,412.85,54317
2026-01-27 08:25:00,412.95,413.35,412.7,413.0,78701
2026-01-27 08:30:00,413.05,413.2,412.0,412.0,105690
2026-01-27 08:35:00,412.05,412.1,411.8,411.9,69053
2026-01-27 08:40:00,412.0,412.6,411.9,412.45,39279
2026-01-27 08:45:00,412.45,412.65,412.4,412.6,34679
2026-01-27 08:50:00,412.55,412.55,411.8,411.95,66815
2026-01-27 08:55:00,411.95,412.35,411.6,412.1,82010
2026-01-27 09:00:00,412.15,412.75,412.15,412.65,63266
2026-01-27 09:05:00,412.6,413.85,412.4,413.75,260890
2026-01-27 09:10:00,413.7,414.75,413.7,414.6,239444
2026-01-27 09:15:00,414.55,415.0,414.25,414.75,250573
2026-01-27 09:20:00,414.75,415.6,414.65,415.45,257656
2026-01-27 09:25:00,415.5,415.5,414.6,414.85,246567
2026-01-27 09:30:00,415.0,415.05,413.7,414.15,495727
2026-01-27 09:35:00,414.1,414.35,414.05,414.25,330737
2026-01-27 09:40:00,414.25,415.45,414.0,415.4,613034
2026-01-27 09:45:00,415.4,416.65,415.25,416.65,725173
2026-01-27 09:50:00,416.6,417.9,416.6,417.9,745618
2026-01-27 09:55:00,417.9,418.0,417.0,417.7,679217
2026-01-28 03:45:00,418.0,420.0,417.3,417.95,879546
2026-01-28 03:50:00,417.8,422.5,417.8,420.0,889836
2026-01-28 03:55:00,420.0,422.15,419.8,421.75,629972
2026-01-28 04:00:00,421.55,422.0,420.15,420.35,328725
2026-01-28 04:05:00,420.05,421.35,419.8,421.35,305255
2026-01-28 04:10:00,421.25,422.3,420.8,422.0,382331
2026-01-28 04:15:00,422.0,424.0,421.5,423.75,681071
2026-01-28 04:20:00,423.8,425.0,423.5,424.6,831800
2026-01-28 04:25:00,424.8,425.0,423.15,424.3,542897
2026-01-28 04:30:00,424.15,424.8,423.5,424.0,216358
2026-01-28 04:35:00,424.0,424.5,423.3,424.35,207666
2026-01-28 04:40:00,424.35,424.5,422.5,423.8,278214
2026-01-28 04:45:00,423.75,424.35,423.55,424.35,200660
2026-01-28 04:50:00,424.25,425.0,424.05,424.85,281067
2026-01-28 04:55:00,424.85,425.0,424.3,424.7,267452
2026-01-28 05:00:00,424.7,425.0,424.1,424.7,160891
2026-01-28 05:05:00,424.55,426.5,424.5,426.35,610328
2026-01-28 05:10:00,426.5,426.7,425.9,426.05,256651
2026-01-28 05:15:00,426.15,427.2,426.15,427.1,559637
2026-01-28 05:20:00,427.1,428.9,427.0,428.65,662329
2026-01-28 05:25:00,428.8,429.5,428.05,428.8,620702
2026-01-28 05:30:00,428.9,430.35,428.45,430.15,852188
2026-01-28 05:35:00,430.15,430.7,429.5,430.3,479114
2026-01-28 05:40:00,430.4,431.0,429.85,430.4,467362
2026-01-28 05:45:00,430.3,430.45,427.5,428.65,524796
2026-01-28 05:50:00,428.65,431.85,428.45,431.7,731710
2026-01-28 05:55:00,431.8,433.4,431.55,433.1,851682
2026-01-28 06:00:00,433.05,435.0,432.95,433.75,750539
2026-01-28 06:05:00,433.65,433.75,431.4,431.8,450954
2026-01-28 06:10:00,431.8,432.7,431.3,431.3,314988
2026-01-28 06:15:00,431.5,432.4,431.05,432.05,237805
2026-01-28 06:20:00,432.2,433.9,432.05,432.5,489706
2026-01-28 06:25:00,432.7,433.6,432.15,433.55,222780
2026-01-28 06:30:00,433.55,434.2,433.2,433.75,360823
2026-01-28 06:35:00,433.9,433.9,432.25,432.4,417449
2026-01-28 06:40:00,432.45,433.45,432.05,433.0,387838
2026-01-28 06:45:00,433.1,433.3,431.0,431.1,325028
2026-01-28 06:50:00,431.3,431.8,430.5,430.85,253108
2026-01-28 06:55:00,430.9,430.9,430.0,430.05,246896
2026-01-28 07:00:00,430.2,431.0,430.05,430.7,182914
2026-01-28 07:05:00,430.7,431.0,430.3,430.9,190100
2026-01-28 07:10:00,430.95,431.0,430.2,430.7,191240
2026-01-28 07:15:00,430.6,430.85,429.55,430.45,383505
2026-01-28 07:20:00,430.25,430.4,429.6,429.8,175927
2026-01-28 07:25:00,429.85,430.95,429.8,430.35,224249
2026-01-28 07:30:00,430.2,430.7,430.05,430.5,109486
2026-01-28 07:35:00,430.4,430.8,430.0,430.1,151183
2026-01-28 07:40:00,430.1,430.1,428.7,429.75,583469
2026-01-28 07:45:00,429.75,430.7,429.45,430.7,160453
2026-01-28 07:50:00,430.7,430.75,428.85,429.55,260998
2026-01-28 07:55:00,429.5,429.75,429.05,429.4,150470
2026-01-28 08:00:00,429.4,429.9,428.6,428.7,220675
2026-01-28 08:05:00,428.65,429.2,428.3,429.0,163665
2026-01-28 08:10:00,428.95,429.65,428.95,429.15,195790
2026-01-28 08:15:00,429.1,429.3,428.45,428.7,169113
2026-01-28 08:20:00,428.7,429.8,428.3,429.7,222449
2026-01-28 08:25:00,429.75,431.3,429.7,431.25,421774
2026-01-28 08:30:00,431.15,431.55,430.8,431.2,202296
2026-01-28 08:35:00,431.2,441.4,431.2,439.15,5470522
2026-01-28 08:40:00,438.9,443.0,435.35,442.3,3124877
2026-01-28 08:45:00,442.25,443.4,440.1,442.95,1817885
2026-01-28 08:50:00,443.1,445.75,442.7,444.3,2559761
2026-01-28 08:55:00,444.25,453.5,444.1,452.0,4242407
2026-01-28 09:00:00,451.95,454.6,450.45,451.2,3509070
2026-01-28 09:05:00,451.55,452.85,450.15,450.85,2990233
2026-01-28 09:10:00,450.75,455.8,450.1,454.5,3035133
2026-01-28 09:15:00,454.5,456.4,453.05,456.0,2412951
2026-01-28 09:20:00,456.15,457.5,455.9,457.5,4291461
2026-01-28 09:25:00,457.5,457.5,453.35,454.3,3705054
2026-01-28 09:30:00,454.75,456.2,453.95,454.9,2648838
2026-01-28 09:35:00,455.0,455.5,452.3,452.5,2159684
2026-01-28 09:40:00,452.5,453.65,451.0,451.9,1952992
2026-01-28 09:45:00,451.95,452.95,450.65,452.1,1947898
2026-01-28 09:50:00,452.1,452.65,450.65,451.95,2072226
2026-01-28 09:55:00,451.8,454.0,451.35,454.0,1326330
2026-01-29 03:45:00,454.25,455.95,447.75,453.95,3904643
2026-01-29 03:50:00,453.95,454.45,449.25,451.6,1711553
2026-01-29 03:55:00,451.6,452.95,449.0,449.05,1036076
2026-01-29 04:00:00,449.25,449.25,442.65,443.75,2077174
2026-01-29 04:05:00,443.55,444.05,438.25,439.85,2347703
2026-01-29 04:10:00,440.0,443.35,439.5,441.7,1377280
2026-01-29 04:15:00,441.9,443.4,441.15,442.75,902024
2026-01-29 04:20:00,442.85,442.9,441.55,441.85,522279
2026-01-29 04:25:00,441.7,445.3,441.7,444.55,771573
2026-01-29 04:30:00,444.7,444.8,443.3,443.8,430585
2026-01-29 04:35:00,443.95,444.15,442.0,442.15,376324
2026-01-29 04:40:00,442.0,444.4,441.8,444.2,542132
2026-01-29 04:45:00,444.2,444.2,441.5,441.65,453788
2026-01-29 04:50:00,441.65,443.6,440.6,443.45,458919
2026-01-29 04:55:00,443.4,446.4,442.9,446.0,679821
2026-01-29 05:00:00,445.9,447.45,445.45,446.4,706200
2026-01-29 05:05:00,446.25,446.8,445.35,446.1,469816
2026-01-29 05:10:00,446.35,446.65,445.25,445.85,261475
2026-01-29 05:15:00,445.85,446.3,445.0,445.2,305399
2026-01-29 05:20:00,445.1,448.0,444.9,447.3,468236
2026-01-29 05:25:00,447.35,448.2,444.45,444.8,521734
2026-01-29 05:30:00,444.8,446.5,444.6,446.2,354467
2026-01-29 05:35:00,446.2,446.3,445.2,445.8,204635
2026-01-29 05:40:00,445.8,446.4,445.55,446.3,182433
2026-01-29 05:45:00,446.35,446.55,445.5,446.25,215912
2026-01-29 05:50:00,446.25,447.0,445.85,446.4,224658
2026-01-29 05:55:00,446.2,446.5,444.6,444.85,317292
2026-01-29 06:00:00,444.8,445.4,444.1,444.9,360369
2026-01-29 06:05:00,444.9,445.5,442.75,443.2,386231
2026-01-29 06:10:00,443.2,444.2,442.9,444.05,418994
2026-01-29 06:15:00,444.1,444.1,442.3,442.3,238043
2026-01-29 06:20:00,442.35,442.85,440.15,440.95,554464
2026-01-29 06:25:00,440.8,441.5,440.5,440.7,277444
2026-01-29 06:30:00,440.8,441.25,440.1,440.7,271953
2026-01-29 06:35:00,440.7,442.0,440.4,441.9,387697
2026-01-29 06:40:00,441.9,442.8,441.05,442.7,247100
2026-01-29 06:45:00,442.7,443.0,442.35,442.8,329311
2026-01-29 06:50:00,442.65,443.5,442.15,443.15,344665
2026-01-29 06:55:00,443.0,443.4,441.2,441.65,309413
2026-01-29 07:00:00,441.65,442.25,441.5,441.9,149624
2026-01-29 07:05:00,441.9,441.9,441.0,441.2,280569
2026-01-29 07:10:00,441.2,441.25,439.9,440.2,1174296
2026-01-29 07:15:00,440.3,441.6,439.7,440.0,329421
2026-01-29 07:20:00,440.05,440.05,439.25,439.95,281884
2026-01-29 07:25:00,439.95,440.2,439.1,439.7,316305
2026-01-29 07:30:00,439.75,441.65,439.7,441.6,710801
2026-01-29 07:35:00,441.5,441.75,441.0,441.15,294480
2026-01-29 07:40:00,441.2,441.35,440.1,440.2,352979
2026-01-29 07:45:00,440.25,440.5,440.1,440.3,258474
2026-01-29 07:50:00,440.35,441.75,439.9,441.75,230270
2026-01-29 07:55:00,441.75,441.75,441.15,441.25,193335
2026-01-29 08:00:00,441.35,442.25,441.2,442.1,229997
2026-01-29 08:05:00,442.05,442.1,441.0,441.1,190131
2026-01-29 08:10:00,441.15,441.75,441.0,441.6,184143
2026-01-29 08:15:00,441.8,443.0,441.6,442.95,305857
2026-01-29 08:20:00,442.95,443.05,441.55,441.75,254239
2026-01-29 08:25:00,441.8,441.85,440.75,441.15,314421
2026-01-29 08:30:00,441.25,441.45,440.8,441.05,268180
2026-01-29 08:35:00,441.0,441.1,440.2,440.25,342675
2026-01-29 08:40:00,440.3,441.8,440.2,441.15,188924
2026-01-29 08:45:00,441.05,441.2,440.5,440.65,176281
2026-01-29 08:50:00,440.55,441.0,440.4,440.95,207539
2026-01-29 08:55:00,440.9,441.6,440.8,441.4,232987
2026-01-29 09:00:00,441.45,442.15,441.4,442.1,279728
2026-01-29 09:05:00,442.1,442.3,441.5,442.05,247218
2026-01-29 09:10:00,442.3,442.35,441.7,441.9,286593
2026-01-29 09:15:00,441.95,444.45,441.9,444.2,785185
2026-01-29 09:20:00,444.3,444.85,443.55,443.85,742678
2026-01-29 09:25:00,443.8,444.25,443.1,443.85,678567
2026-01-29 09:30:00,443.75,444.2,442.5,443.3,811131
2026-01-29 09:35:00,443.25,444.25,443.25,443.8,700135
2026-01-29 09:40:00,443.75,444.65,443.7,444.4,798340
2026-01-29 09:45:00,444.35,444.85,444.05,444.5,994178
2026-01-29 09:50:00,444.7,445.45,444.35,445.25,1200105
2026-01-29 09:55:00,445.4,445.75,445.0,445.5,1013298
2026-01-30 03:45:00,446.85,447.8,439.3,444.05,2244243
2026-01-30 03:50:00,443.95,444.5,440.7,441.8,729431
2026-01-30 03:55:00,441.6,444.5,441.45,443.0,464286
2026-01-30 04:00:00,443.0,444.95,442.6,444.8,400071
2026-01-30 04:05:00,445.0,445.95,444.4,444.9,638345
2026-01-30 04:10:00,444.9,445.5,443.8,445.5,463759
2026-01-30 04:15:00,445.5,446.4,444.25,444.4,571660
2026-01-30 04:20:00,444.5,447.0,443.4,446.8,496520
2026-01-30 04:25:00,446.75,446.95,444.65,445.5,399792
2026-01-30 04:30:00,445.5,447.8,444.8,446.9,593678
2026-01-30 04:35:00,447.0,448.65,446.2,447.9,769890
2026-01-30 04:40:00,448.0,449.25,446.3,446.55,871888
2026-01-30 04:45:00,446.8,447.0,445.6,445.85,468456
2026-01-30 04:50:00,445.65,446.2,445.05,445.55,259915
2026-01-30 04:55:00,445.55,445.7,444.15,444.3,413376
2026-01-30 05:00:00,444.2,446.15,444.2,446.1,292504
2026-01-30 05:05:00,446.15,447.6,445.8,447.45,322936
2026-01-30 05:10:00,447.6,447.8,446.1,446.45,308999
2026-01-30 05:15:00,446.5,447.05,446.15,446.6,201130
2026-01-30 05:20:00,446.65,447.0,446.3,446.8,119582
2026-01-30 05:25:00,446.8,447.35,446.45,447.15,232764
2026-01-30 05:30:00,447.3,448.5,447.15,447.75,380883
2026-01-30 05:35:00,447.95,448.8,447.7,448.55,497298
2026-01-30 05:40:00,448.5,448.8,447.1,447.25,1081566
2026-01-30 05:45:00,447.25,447.55,446.15,447.0,332118
2026-01-30 05:50:00,447.05,447.7,446.7,447.4,226444
2026-01-30 05:55:00,447.2,448.8,447.0,448.7,250637
2026-01-30 06:00:00,448.8,448.95,447.2,447.65,274039
2026-01-30 06:05:00,447.65,448.4,446.7,448.25,231710
2026-01-30 06:10:00,448.25,448.7,447.9,448.25,175626
2026-01-30 06:15:00,448.25,450.7,448.15,450.45,932823
2026-01-30 06:20:00,450.45,450.9,449.25,450.3,774855
2026-01-30 06:25:00,450.75,450.95,450.1,450.4,579722
2026-01-30 06:30:00,450.4,450.6,449.2,450.5,499812
2026-01-30 06:35:00,450.45,451.8,450.35,451.8,759988
2026-01-30 06:40:00,451.75,451.95,449.2,449.55,602837
2026-01-30 06:45:00,449.65,450.0,447.5,447.55,624576
2026-01-30 06:50:00,447.75,449.0,447.4,448.9,340891
2026-01-30 06:55:00,448.9,449.95,448.9,449.35,347813
2026-01-30 07:00:00,449.35,449.8,448.6,448.8,224370
2026-01-30 07:05:00,448.8,449.25,447.0,447.3,368437
2026-01-30 07:10:00,447.35,449.2,447.0,448.5,358304
2026-01-30 07:15:00,448.55,449.0,448.0,448.25,222577
2026-01-30 07:20:00,448.25,448.9,448.0,448.7,230121
2026-01-30 07:25:00,448.7,449.35,448.0,449.05,162312
2026-01-30 07:30:00,449.05,449.25,448.0,448.5,246123
2026-01-30 07:35:00,448.55,448.55,447.5,447.5,259511
2026-01-30 07:40:00,447.5,447.8,446.65,447.2,402722
2026-01-30 07:45:00,447.15,447.2,446.0,446.5,300729
2026-01-30 07:50:00,446.6,446.85,446.2,446.5,313079
2026-01-30 07:55:00,446.35,446.95,445.8,446.0,267440
2026-01-30 08:00:00,446.0,447.55,446.0,447.4,215496
2026-01-30 08:05:00,447.45,448.0,447.4,447.65,169709
2026-01-30 08:10:00,447.9,448.9,447.6,448.45,276067
2026-01-30 08:15:00,448.5,448.7,447.8,448.7,155718
2026-01-30 08:20:00,448.6,449.45,448.6,449.15,275821
2026-01-30 08:25:00,449.3,449.8,449.15,449.7,251157
2026-01-30 08:30:00,449.75,450.0,448.75,449.2,331806
2026-01-30 08:35:00,449.2,449.5,448.8,449.3,211184
2026-01-30 08:40:00,449.35,449.4,448.6,448.95,271606
2026-01-30 08:45:00,449.0,449.55,448.5,448.9,354411
2026-01-30 08:50:00,449.0,449.35,448.25,448.45,242940
2026-01-30 08:55:00,448.5,448.7,448.0,448.35,265763
2026-01-30 09:00:00,448.35,448.6,448.0,448.25,303597
2026-01-30 09:05:00,448.25,449.0,448.2,448.95,313339
2026-01-30 09:10:00,449.0,449.0,448.0,448.05,422240
2026-01-30 09:15:00,448.0,449.0,447.75,448.95,420549
2026-01-30 09:20:00,449.0,449.4,448.8,449.15,427494
2026-01-30 09:25:00,449.15,449.5,448.8,449.15,431479
2026-01-30 09:30:00,449.3,449.4,447.45,449.3,1230742
2026-01-30 09:35:00,449.35,450.2,449.0,449.9,1314815
2026-01-30 09:40:00,449.9,450.1,448.9,449.1,1126873
2026-01-30 09:45:00,449.1,449.9,448.45,448.7,1322089
2026-01-30 09:50:00,448.7,449.0,448.55,448.6,1271311
2026-01-30 09:55:00,448.6,449.3,448.45,449.25,1237456
2026-02-01 03:45:00,455.0,456.35,448.9,454.6,3023431
2026-02-01 03:50:00,454.5,458.65,453.8,458.25,2358931
2026-02-01 03:55:00,458.45,458.85,456.0,457.65,1814697
2026-02-01 04:00:00,457.5,458.5,455.55,456.2,1015511
2026-02-01 04:05:00,456.15,457.8,455.5,456.9,673499
2026-02-01 04:10:00,456.85,457.5,456.6,457.0,422874
2026-02-01 04:15:00,456.85,458.25,456.2,458.2,583491
2026-02-01 04:20:00,458.2,461.65,457.7,460.2,1830673
2026-02-01 04:25:00,460.0,460.2,455.25,457.05,1569887
2026-02-01 04:30:00,457.0,459.45,456.65,459.2,666534
2026-02-01 04:35:00,459.0,460.5,458.9,460.0,833668
2026-02-01 04:40:00,460.0,460.35,458.3,459.85,591518
2026-02-01 04:45:00,459.85,460.3,457.0,457.85,762325
2026-02-01 04:50:00,457.8,460.0,457.55,459.6,737845
2026-02-01 04:55:00,459.5,459.8,458.7,459.0,371342
2026-02-01 05:00:00,459.15,459.5,458.45,459.0,362225
2026-02-01 05:05:00,458.95,459.2,457.6,457.7,420374
2026-02-01 05:10:00,457.9,458.7,457.7,458.5,353797
2026-02-01 05:15:00,458.45,459.0,457.5,457.6,420895
2026-02-01 05:20:00,457.55,458.6,457.5,458.3,296528
2026-02-01 05:25:00,458.3,459.65,458.25,459.3,326514
2026-02-01 05:30:00,459.3,459.5,458.8,459.1,394299
2026-02-01 05:35:00,459.05,459.5,459.0,459.0,341391
2026-02-01 05:40:00,459.0,459.3,435.25,449.25,4985069
2026-02-01 05:45:00,449.0,451.0,444.2,449.0,2564557
2026-02-01 05:50:00,448.45,451.3,443.35,448.6,1617654
2026-02-01 05:55:00,448.65,449.3,446.25,449.3,738783
2026-02-01 06:00:00,449.35,451.9,447.0,449.55,982908
2026-02-01 06:05:00,449.4,452.0,448.25,448.45,734662
2026-02-01 06:10:00,448.45,449.3,441.8,444.7,1477323
2026-02-01 06:15:00,445.0,445.95,443.05,444.5,631209
2026-02-01 06:20:00,444.7,446.15,443.0,443.65,568036
2026-02-01 06:25:00,443.65,444.4,436.4,438.25,2118785
2026-02-01 06:30:00,438.3,439.6,431.4,435.05,2790374
2026-02-01 06:35:00,435.7,440.75,433.5,440.45,1466528
2026-02-01 06:40:00,440.45,442.35,433.4,435.25,1316844
2026-02-01 06:45:00,435.25,439.5,431.2,431.25,1100698
2026-02-01 06:50:00,431.55,432.0,425.5,425.6,1825775
2026-02-01 06:55:00,425.55,428.25,408.0,408.15,5200557
2026-02-01 07:00:00,408.3,418.25,404.1,416.5,6202401
2026-02-01 07:05:00,416.5,422.65,405.9,421.75,4966207
2026-02-01 07:10:00,421.55,432.5,415.85,431.8,5130300
2026-02-01 07:15:00,431.65,434.3,427.55,429.15,3221972
2026-02-01 07:20:00,429.0,435.8,427.0,432.8,2674188
2026-02-01 07:25:00,432.85,436.75,432.45,434.45,1638489
2026-02-01 07:30:00,434.5,438.0,430.0,436.8,1992357
2026-02-01 07:35:00,436.9,440.7,434.65,440.65,1998741
2026-02-01 07:40:00,440.6,441.5,436.7,439.95,1133519
2026-02-01 07:45:00,439.8,439.8,435.2,437.35,1172009
2026-02-01 07:50:00,437.35,438.0,435.1,437.3,715196
2026-02-01 07:55:00,437.3,437.8,431.4,432.6,1107206
2026-02-01 08:00:00,432.35,434.1,428.1,432.15,1515192
2026-02-01 08:05:00,432.3,432.45,428.2,431.2,557960
2026-02-01 08:10:00,431.2,434.25,431.1,433.5,661889
2026-02-01 08:15:00,433.6,433.8,431.35,432.35,481095
2026-02-01 08:20:00,432.45,433.5,426.85,428.0,890357
2026-02-01 08:25:00,427.9,431.4,427.85,430.4,471393
2026-02-01 08:30:00,430.4,432.6,429.05,429.4,575290
2026-02-01 08:35:00,429.45,429.6,424.55,427.65,1059514
2026-02-01 08:40:00,427.85,428.3,425.6,426.5,584014
2026-02-01 08:45:00,426.75,430.7,425.15,430.7,659411
2026-02-01 08:50:00,430.65,430.85,428.4,428.6,532735
2026-02-01 08:55:00,428.6,430.9,428.5,429.3,377378
2026-02-01 09:00:00,429.3,432.0,429.0,431.55,563381
2026-02-01 09:05:00,431.6,432.0,429.8,430.0,383355
2026-02-01 09:10:00,430.05,431.65,429.75,431.0,292360
2026-02-01 09:15:00,431.0,433.0,430.15,431.6,863022
2026-02-01 09:20:00,431.6,431.7,429.2,430.9,743290
2026-02-01 09:25:00,430.85,432.0,429.9,430.35,734281
2026-02-01 09:30:00,430.4,431.0,428.65,429.7,884334
2026-02-01 09:35:00,429.7,429.9,426.0,426.3,1017365
2026-02-01 09:40:00,426.3,427.75,425.2,426.05,1107403
2026-02-01 09:45:00,426.05,426.6,422.7,423.7,1386771
2026-02-01 09:50:00,423.7,424.8,422.25,423.15,1315125
2026-02-01 09:55:00,423.05,423.05,420.55,421.95,1382407
2026-02-02 03:45:00,432.0,438.7,429.0,435.05,3225887
2026-02-02 03:50:00,435.1,435.9,432.3,434.45,1911704
2026-02-02 03:55:00,434.6,435.2,428.9,430.65,1769248
2026-02-02 04:00:00,430.65,431.95,427.05,427.25,1316732
2026-02-02 04:05:00,427.2,429.7,425.1,429.55,1292335
2026-02-02 04:10:00,429.3,429.5,427.0,427.6,750442
2026-02-02 04:15:00,427.75,428.25,425.25,426.25,780038
2026-02-02 04:20:00,426.5,429.7,425.9,428.85,750305
2026-02-02 04:25:00,428.85,428.85,423.15,423.4,966978
2026-02-02 04:30:00,423.2,425.3,422.65,424.65,691653
2026-02-02 04:35:00,424.85,426.55,424.0,425.5,507726
2026-02-02 04:40:00,425.65,426.5,425.0,425.8,359372
2026-02-02 04:45:00,425.7,427.8,424.7,427.0,484862
2026-02-02 04:50:00,427.0,427.35,424.75,425.7,237670
2026-02-02 04:55:00,425.65,426.5,424.65,424.65,345090
2026-02-02 05:00:00,424.25,426.4,423.65,426.25,492378
2026-02-02 05:05:00,426.05,427.5,425.75,426.35,355605
2026-02-02 05:10:00,426.3,427.2,426.1,426.45,216303
2026-02-02 05:15:00,426.45,426.6,425.45,425.75,218253
2026-02-02 05:20:00,425.75,426.8,423.5,423.6,415805
2026-02-02 05:25:00,423.7,424.0,422.55,423.55,483301
2026-02-02 05:30:00,423.55,423.55,421.65,423.15,540944
2026-02-02 05:35:00,423.2,423.2,420.25,421.15,603204
2026-02-02 05:40:00,421.0,422.65,420.9,422.25,323479
2026-02-02 05:45:00,422.15,424.0,422.0,423.25,281478
2026-02-02 05:50:00,423.25,423.45,421.8,422.0,181925
2026-02-02 05:55:00,422.05,423.9,421.6,423.75,202611
2026-02-02 06:00:00,423.55,427.45,423.4,427.45,597618
2026-02-02 06:05:00,427.25,428.25,426.35,428.05,488409
2026-02-02 06:10:00,428.1,429.45,427.3,428.9,496034
2026-02-02 06:15:00,428.85,429.1,427.75,428.3,360671
2026-02-02 06:20:00,428.3,429.45,428.0,428.95,445334
2026-02-02 06:25:00,429.0,429.75,428.5,429.75,350115
2026-02-02 06:30:00,429.75,430.0,428.2,428.4,456345
2026-02-02 06:35:00,428.45,428.9,428.2,428.65,260531
2026-02-02 06:40:00,428.7,429.65,428.1,429.55,340395
2026-02-02 06:45:00,429.45,431.9,429.3,430.35,717480
2026-02-02 06:50:00,430.45,430.75,429.85,430.25,271031
2026-02-02 06:55:00,430.25,430.35,429.25,429.5,216763
2026-02-02 07:00:00,429.45,429.65,428.45,428.8,293908
2026-02-02 07:05:00,428.8,429.5,427.8,429.5,396419
2026-02-02 07:10:00,429.5,430.5,429.4,429.9,300708
2026-02-02 07:15:00,430.1,431.3,429.85,431.15,310407
2026-02-02 07:20:00,431.15,431.2,429.0,429.05,359362
2026-02-02 07:25:00,429.0,430.65,429.0,430.15,195291
2026-02-02 07:30:00,430.15,431.9,429.9,431.8,348546
2026-02-02 07:35:00,431.75,431.8,430.4,430.95,344043
2026-02-02 07:40:00,431.15,431.4,429.6,429.9,454120
2026-02-02 07:45:00,429.85,430.75,428.25,428.3,404843
2026-02-02 07:50:00,428.25,429.0,427.25,428.75,553689
2026-02-02 07:55:00,428.7,430.4,428.25,430.05,361717
2026-02-02 08:00:00,430.05,430.05,428.1,429.45,366227
2026-02-02 08:05:00,429.45,429.7,428.6,429.5,269068
2026-02-02 08:10:00,429.45,431.35,429.45,431.0,374512
2026-02-02 08:15:00,431.0,431.35,429.5,430.4,297949
2026-02-02 08:20:00,430.2,431.5,429.8,431.1,288004
2026-02-02 08:25:00,431.1,431.45,431.0,431.15,391125
2026-02-02 08:30:00,431.15,431.75,431.0,431.75,260917
2026-02-02 08:35:00,431.75,432.8,431.0,431.35,931981
2026-02-02 08:40:00,431.3,432.7,431.1,432.6,293053
2026-02-02 08:45:00,432.6,432.9,431.75,431.9,277909
2026-02-02 08:50:00,431.9,432.6,431.5,432.3,288145
2026-02-02 08:55:00,432.3,433.4,431.6,433.3,423845
2026-02-02 09:00:00,433.3,433.95,432.95,433.3,489852
2026-02-02 09:05:00,433.3,433.85,433.05,433.5,245171
2026-02-02 09:10:00,433.6,433.85,433.05,433.85,283226
2026-02-02 09:15:00,433.8,434.4,433.3,434.2,358978
2026-02-02 09:20:00,434.25,434.9,434.05,434.55,349919
2026-02-02 09:25:00,434.45,435.0,434.1,434.75,419421
2026-02-02 09:30:00,434.75,436.9,434.7,436.55,1122914
2026-02-02 09:35:00,436.55,437.9,436.3,437.7,941772
2026-02-02 09:40:00,437.65,440.95,437.5,440.3,1697622
2026-02-02 09:45:00,440.25,441.35,439.6,440.2,1399371
2026-02-02 09:50:00,440.15,441.1,440.05,440.65,1304697
2026-02-02 09:55:00,440.6,441.0,440.1,440.8,1192934
2026-02-03 03:45:00,460.0,460.0,447.05,448.25,2726603
2026-02-03 03:50:00,448.15,450.0,443.85,445.0,1500127
2026-02-03 03:55:00,444.95,446.55,443.55,445.65,1221490
2026-02-03 04:00:00,445.65,447.4,444.55,445.0,922598
2026-02-03 04:05:00,444.75,445.5,444.15,444.7,463996
2026-02-03 04:10:00,444.45,444.75,442.2,442.2,642039
2026-02-03 04:15:00,441.35,442.15,439.45,440.4,1445113
2026-02-03 04:20:00,440.25,441.8,439.45,440.6,433936
2026-02-03 04:25:00,440.8,440.8,435.25,435.6,954811
2026-02-03 04:30:00,435.75,438.3,435.55,437.3,535826
2026-02-03 04:35:00,437.45,437.65,435.75,437.25,510706
2026-02-03 04:40:00,437.2,438.0,436.65,437.35,383655
2026-02-03 04:45:00,437.45,440.35,437.2,439.0,504398
2026-02-03 04:50:00,439.2,440.25,438.65,439.85,406194
2026-02-03 04:55:00,439.95,440.55,439.6,440.0,247719
2026-02-03 05:00:00,440.25,440.4,438.85,439.5,225074
2026-02-03 05:05:00,439.6,439.95,439.05,439.5,190094
2026-02-03 05:10:00,439.45,439.5,438.25,438.95,275762
2026-02-03 05:15:00,439.2,439.4,438.05,439.0,159267
2026-02-03 05:20:00,439.0,439.3,438.15,439.1,222344
2026-02-03 05:25:00,439.05,439.7,438.85,439.55,205736
2026-02-03 05:30:00,439.6,440.0,439.3,439.35,141050
2026-02-03 05:35:00,439.4,440.0,439.25,439.9,179652
2026-02-03 05:40:00,439.9,439.95,439.2,439.95,77265
2026-02-03 05:45:00,439.9,440.8,439.9,440.4,196237
2026-02-03 05:50:00,440.4,440.4,439.15,439.65,438135
2026-02-03 05:55:00,439.7,439.7,438.5,439.4,271700
2026-02-03 06:00:00,439.35,441.35,439.0,441.3,197221
2026-02-03 06:05:00,441.2,441.8,440.25,441.6,236212
2026-02-03 06:10:00,441.55,441.75,441.0,441.0,227095
2026-02-03 06:15:00,441.05,442.75,441.0,441.15,343756
2026-02-03 06:20:00,441.15,441.15,440.1,440.65,120617
2026-02-03 06:25:00,440.6,441.8,440.6,441.8,140153
2026-02-03 06:30:00,441.8,441.8,441.1,441.15,113470
2026-02-03 06:35:00,441.15,441.2,440.0,440.2,170436
2026-02-03 06:40:00,440.2,440.4,438.7,438.75,235637
2026-02-03 06:45:00,438.75,440.0,438.0,439.6,236609
2026-02-03 06:50:00,439.3,439.95,439.3,439.65,98306
2026-02-03 06:55:00,439.75,439.95,439.45,439.65,95781
2026-02-03 07:00:00,439.5,439.7,439.0,439.0,103552
2026-02-03 07:05:00,439.1,439.3,438.15,438.95,196600
2026-02-03 07:10:00,439.0,439.35,438.95,439.05,122503
2026-02-03 07:15:00,438.95,439.65,438.85,439.4,120837
2026-02-03 07:20:00,439.4,439.6,439.0,439.1,98392
2026-02-03 07:25:00,439.1,439.4,438.6,439.25,128844
2026-02-03 07:30:00,439.3,439.5,438.65,439.4,108546
2026-02-03 07:35:00,439.25,440.15,439.15,439.3,148232
2026-02-03 07:40:00,439.3,439.95,439.25,439.9,89006
2026-02-03 07:45:00,439.8,440.8,439.8,440.45,110956
2026-02-03 07:50:00,440.45,440.45,439.5,440.15,108528
2026-02-03 07:55:00,440.15,440.25,439.05,439.1,103144
2026-02-03 08:00:00,439.15,440.1,439.1,439.75,84522
2026-02-03 08:05:00,439.7,440.05,438.55,440.0,205924
2026-02-03 08:10:00,440.0,440.5,439.8,440.3,129134
2026-02-03 08:15:00,440.4,441.5,440.05,441.2,219347
2026-02-03 08:20:00,441.2,441.7,440.7,441.5,211461
2026-02-03 08:25:00,441.35,441.95,440.75,441.0,224040
2026-02-03 08:30:00,440.95,441.4,440.5,441.25,138162
2026-02-03 08:35:00,441.1,441.2,440.5,441.2,131434
2026-02-03 08:40:00,441.2,441.7,441.0,441.6,114433
2026-02-03 08:45:00,441.55,441.7,440.5,440.6,124192
2026-02-03 08:50:00,440.6,441.0,440.5,441.0,120482
2026-02-03 08:55:00,441.05,441.05,440.3,440.8,110316
2026-02-03 09:00:00,440.6,441.1,440.05,440.55,164649
2026-02-03 09:05:00,440.7,441.85,440.55,441.35,237563
2026-02-03 09:10:00,441.3,441.35,440.15,440.35,238359
2026-02-03 09:15:00,440.45,440.8,440.15,440.5,160495
2026-02-03 09:20:00,440.35,440.8,440.0,440.35,226109
2026-02-03 09:25:00,440.35,440.4,439.45,440.25,276099
2026-02-03 09:30:00,440.25,440.45,438.95,439.25,520852
2026-02-03 09:35:00,439.25,439.45,438.7,439.0,478783
2026-02-03 09:40:00,438.9,440.0,438.85,439.3,613159
2026-02-03 09:45:00,439.35,439.5,438.45,439.2,730054
2026-02-03 09:50:00,439.4,439.4,438.0,438.5,848975
2026-02-03 09:55:00,438.5,438.65,437.85,438.4,639984
2026-02-04 03:45:00,436.8,441.25,433.8,441.05,896769
2026-02-04 03:50:00,441.05,443.4,440.85,441.55,483340
2026-02-04 03:55:00,441.7,442.0,439.55,439.95,271095
2026-02-04 04:00:00,440.0,442.0,439.6,440.8,234348
2026-02-04 04:05:00,440.6,441.3,440.1,440.65,161056
2026-02-04 04:10:00,440.6,442.25,440.5,441.7,189915
2026-02-04 04:15:00,441.85,442.1,440.45,441.0,156517
2026-02-04 04:20:00,440.95,441.1,437.9,438.9,354053
2026-02-04 04:25:00,438.95,440.2,438.95,440.1,171288
2026-02-04 04:30:00,440.15,440.65,439.55,440.4,120688
2026-02-04 04:35:00,440.4,440.95,440.2,440.8,86181
2026-02-04 04:40:00,441.15,441.5,440.85,441.3,219210
2026-02-04 04:45:00,441.3,441.4,440.2,440.4,89467
2026-02-04 04:50:00,440.4,440.8,439.5,440.0,121347
2026-02-04 04:55:00,439.95,440.5,439.8,440.5,82089
2026-02-04 05:00:00,440.5,440.9,439.8,440.0,175381
2026-02-04 05:05:00,439.8,440.85,439.8,440.4,157966
2026-02-04 05:10:00,440.35,440.8,440.1,440.25,97333
2026-02-04 05:15:00,440.25,440.35,439.8,440.05,182225
2026-02-04 05:20:00,440.15,440.25,439.1,439.3,110586
2026-02-04 05:25:00,439.2,439.5,438.8,439.2,84691
2026-02-04 05:30:00,439.15,440.2,439.15,439.85,82227
2026-02-04 05:35:00,439.9,440.85,439.9,440.2,131179
2026-02-04 05:40:00,440.1,440.3,439.5,439.95,53481
2026-02-04 05:45:00,439.8,440.2,439.8,440.0,85181
2026-02-04 05:50:00,439.95,440.5,439.2,439.2,54481
2026-02-04 05:55:00,439.1,439.7,438.9,439.2,69408
2026-02-04 06:00:00,439.1,439.3,438.75,439.15,206392
2026-02-04 06:05:00,439.15,439.35,438.55,438.7,74155
2026-02-04 06:10:00,438.7,439.7,438.7,439.6,68852
2026-02-04 06:15:00,439.5,440.3,438.3,438.75,146080
2026-02-04 06:20:00,438.75,439.55,438.55,439.55,68749
2026-02-04 06:25:00,439.35,440.45,439.2,440.45,127626
2026-02-04 06:30:00,440.45,440.8,438.6,438.95,149481
2026-02-04 06:35:00,438.95,439.35,438.8,439.25,61485
2026-02-04 06:40:00,439.25,440.1,439.2,440.1,85845
2026-02-04 06:45:00,440.15,440.15,439.3,439.55,94995
2026-02-04 06:50:00,439.45,439.7,438.5,438.7,130572
2026-02-04 06:55:00,438.7,439.0,438.5,438.65,93059
2026-02-04 07:00:00,438.6,438.65,437.55,437.7,203896
2026-02-04 07:05:00,437.8,437.8,436.75,437.35,181057
2026-02-04 07:10:00,437.3,438.25,437.15,437.6,148448
2026-02-04 07:15:00,437.6,437.95,437.3,437.4,98365
2026-02-04 07:20:00,437.45,437.75,437.2,437.5,75400
2026-02-04 07:25:00,437.5,437.6,436.8,436.8,87017
2026-02-04 07:30:00,436.8,437.5,436.4,437.2,322632
2026-02-04 07:35:00,437.2,437.45,436.65,437.2,329012
2026-02-04 07:40:00,437.2,437.5,437.0,437.2,93006
2026-02-04 07:45:00,437.35,437.6,436.2,436.55,100533
2026-02-04 07:50:00,436.55,437.55,436.35,437.5,106832
2026-02-04 07:55:00,437.55,438.0,437.3,437.85,118939
2026-02-04 08:00:00,437.85,438.2,437.55,437.95,118683
2026-02-04 08:05:00,437.8,438.35,437.8,438.3,142559
2026-02-04 08:10:00,438.3,438.5,437.9,438.4,115914
2026-02-04 08:15:00,438.35,438.5,437.4,437.45,107742
2026-02-04 08:20:00,437.5,438.05,437.25,438.05,103628
2026-02-04 08:25:00,438.05,438.15,437.75,438.1,97498
2026-02-04 08:30:00,438.1,438.3,437.85,438.05,79423
2026-02-04 08:35:00,438.15,438.2,437.6,437.95,85536
2026-02-04 08:40:00,437.85,438.3,437.7,437.75,141302
2026-02-04 08:45:00,437.7,438.75,437.6,438.55,209305
2026-02-04 08:50:00,438.6,438.9,438.5,438.6,114278
2026-02-04 08:55:00,438.6,438.65,437.9,438.4,115882
2026-02-04 09:00:00,438.4,439.0,438.3,438.7,164665
2026-02-04 09:05:00,438.85,439.0,438.4,438.85,122060
2026-02-04 09:10:00,438.85,439.65,438.7,439.4,235910
2026-02-04 09:15:00,439.4,439.45,438.7,439.0,161000
2026-02-04 09:20:00,439.0,439.7,439.0,439.4,156119
2026-02-04 09:25:00,439.4,439.7,438.9,439.0,161186
2026-02-04 09:30:00,439.1,439.75,439.1,439.35,234800
2026-02-04 09:35:00,439.4,439.55,439.0,439.35,246551
2026-02-04 09:40:00,439.35,439.35,438.7,439.15,337293
2026-02-04 09:45:00,439.2,439.85,439.0,439.25,340774
2026-02-04 09:50:00,439.45,439.45,438.75,439.0,354695
2026-02-04 09:55:00,438.95,439.1,438.75,439.0,299283
2026-02-05 03:45:00,439.0,439.0,435.3,435.6,519333
2026-02-05 03:50:00,435.55,435.9,432.1,432.2,564385
2026-02-05 03:55:00,432.3,433.15,430.25,433.15,534775
2026-02-05 04:00:00,433.15,434.5,432.2,432.5,333416
2026-02-05 04:05:00,432.55,433.4,432.5,432.8,178462
2026-02-05 04:10:00,432.75,432.9,431.0,431.0,199293
2026-02-05 04:15:00,431.05,431.7,430.75,430.85,229837
2026-02-05 04:20:00,430.8,430.95,428.85,429.35,567467
2026-02-05 04:25:00,429.2,430.95,428.15,430.9,316455
2026-02-05 04:30:00,430.95,431.15,429.55,430.65,249133
2026-02-05 04:35:00,430.65,431.6,430.3,431.35,197822
2026-02-05 04:40:00,431.3,432.95,431.25,432.55,179045
2026-02-05 04:45:00,432.7,432.8,431.5,431.8,146404
2026-02-05 04:50:00,431.75,432.5,431.2,432.45,94133
2026-02-05 04:55:00,432.4,433.6,432.35,432.55,203850
2026-02-05 05:00:00,432.65,432.7,431.25,431.75,128818
2026-02-05 05:05:00,431.7,432.55,431.7,432.2,88983
2026-02-05 05:10:00,432.2,433.25,432.2,432.85,81415
2026-02-05 05:15:00,432.9,433.85,432.7,433.8,245955
2026-02-05 05:20:00,433.75,433.95,432.95,433.45,95401
2026-02-05 05:25:00,433.45,434.2,433.35,433.9,151337
2026-02-05 05:30:00,433.95,434.35,433.55,434.2,130964
2026-02-05 05:35:00,434.35,434.35,432.3,432.8,468534
2026-02-05 05:40:00,432.65,433.5,431.8,433.4,154844
2026-02-05 05:45:00,433.3,433.85,433.3,433.45,101743
2026-02-05 05:50:00,433.55,433.6,432.1,432.3,98578
2026-02-05 05:55:00,432.15,433.0,432.1,432.45,73210
2026-02-05 06:00:00,432.35,433.0,432.25,432.6,56730
2026-02-05 06:05:00,432.75,433.35,432.6,433.05,48604
2026-02-05 06:10:00,433.15,433.65,432.75,432.95,72890
2026-02-05 06:15:00,433.15,433.5,432.7,432.95,69343
2026-02-05 06:20:00,432.95,433.05,432.3,432.45,80362
2026-02-05 06:25:00,432.45,432.75,431.5,432.5,163063
2026-02-05 06:30:00,432.35,432.4,431.5,432.3,126301
2026-02-05 06:35:00,432.4,433.1,432.25,432.95,101385
2026-02-05 06:40:00,432.9,433.25,431.7,431.85,170744
2026-02-05 06:45:00,431.7,432.0,431.0,431.35,133722
2026-02-05 06:50:00,431.35,431.5,430.05,430.35,441188
2026-02-05 06:55:00,430.35,430.5,429.8,429.9,225714
2026-02-05 07:00:00,430.0,430.55,429.8,430.2,178657
2026-02-05 07:05:00,430.35,431.25,430.2,431.05,73764
2026-02-05 07:10:00,431.2,431.8,430.9,431.25,102038
2026-02-05 07:15:00,431.4,431.6,431.0,431.15,72750
2026-02-05 07:20:00,431.0,431.45,430.9,431.1,62012
2026-02-05 07:25:00,431.2,431.95,431.0,431.8,82997
2026-02-05 07:30:00,431.65,431.95,431.6,431.85,66816
2026-02-05 07:35:00,431.8,432.3,431.25,431.6,88751
2026-02-05 07:40:00,431.4,431.95,431.3,431.9,88423
2026-02-05 07:45:00,431.9,432.3,431.7,432.05,74765
2026-02-05 07:50:00,432.15,432.3,431.8,431.9,104540
2026-02-05 07:55:00,431.85,431.85,431.1,431.15,116537
2026-02-05 08:00:00,431.1,431.55,431.0,431.5,78842
2026-02-05 08:05:00,431.4,432.15,431.15,432.1,100050
2026-02-05 08:10:00,432.0,432.35,431.8,432.25,68193
2026-02-05 08:15:00,432.1,432.85,432.05,432.5,121722
2026-02-05 08:20:00,432.6,432.7,432.0,432.05,137881
2026-02-05 08:25:00,432.05,432.5,432.0,432.25,87232
2026-02-05 08:30:00,432.35,432.5,432.0,432.1,97072
2026-02-05 08:35:00,432.1,432.3,431.25,431.6,150398
2026-02-05 08:40:00,431.5,432.0,431.0,431.75,187839
2026-02-05 08:45:00,431.75,431.8,431.3,431.65,142071
2026-02-05 08:50:00,431.65,431.95,431.5,431.5,78583
2026-02-05 08:55:00,431.7,431.95,431.4,431.7,89619
2026-02-05 09:00:00,431.9,431.9,431.1,431.65,318605
2026-02-05 09:05:00,431.65,432.4,431.2,432.1,244373
2026-02-05 09:10:00,432.2,433.0,431.9,432.5,233451
2026-02-05 09:15:00,432.5,432.7,432.0,432.45,216088
2026-02-05 09:20:00,432.6,432.9,432.35,432.7,206585
2026-02-05 09:25:00,432.65,433.55,432.65,433.2,276479
2026-02-05 09:30:00,433.2,433.6,432.95,433.3,296914
2026-02-05 09:35:00,433.3,433.75,433.0,433.15,301913
2026-02-05 09:40:00,433.15,433.3,432.85,433.0,304242
2026-02-05 09:45:00,433.15,433.35,432.5,432.75,419959
2026-02-05 09:50:00,432.85,433.1,432.35,432.65,523420
2026-02-05 09:55:00,432.75,432.95,431.85,432.5,475312
2026-02-06 03:45:00,433.0,433.4,428.25,429.5,504143
2026-02-06 03:50:00,429.3,429.6,427.5,427.75,288731
2026-02-06 03:55:00,427.75,427.75,426.6,427.1,282288
2026-02-06 04:00:00,427.0,428.55,426.85,428.3,216333
2026-02-06 04:05:00,428.35,428.55,425.75,426.4,289799
2026-02-06 04:10:00,426.3,426.7,425.55,426.45,178608
2026-02-06 04:15:00,426.45,429.4,426.25,429.3,328940
2026-02-06 04:20:00,429.45,429.45,427.95,428.05,183343
2026-02-06 04:25:00,428.05,428.5,427.55,428.35,262870
2026-02-06 04:30:00,428.3,428.65,427.75,428.2,146422
2026-02-06 04:35:00,428.25,428.7,427.5,427.7,163440
2026-02-06 04:40:00,427.75,427.85,426.8,427.4,179199
2026-02-06 04:45:00,427.3,428.2,426.95,427.75,87543
2026-02-06 04:50:00,427.55,428.1,427.35,427.45,83166
2026-02-06 04:55:00,427.4,427.7,426.45,426.6,107606
2026-02-06 05:00:00,426.65,426.65,426.0,426.45,107133
2026-02-06 05:05:00,426.4,427.05,426.2,426.5,75419
2026-02-06 05:10:00,426.6,427.4,426.5,426.95,73174
2026-02-06 05:15:00,426.95,426.95,426.0,426.25,103762
2026-02-06 05:20:00,426.15,426.85,426.0,426.45,60640
2026-02-06 05:25:00,426.35,426.95,426.25,426.8,96185
2026-02-06 05:30:00,426.85,428.2,426.7,428.0,136897
2026-02-06 05:35:00,427.9,429.75,427.8,429.7,267208
2026-02-06 05:40:00,429.6,430.4,429.35,429.85,216419
2026-02-06 05:45:00,429.95,430.8,429.75,430.5,185036
2026-02-06 05:50:00,430.3,432.2,430.25,431.0,247645
2026-02-06 05:55:00,431.0,431.45,430.75,431.45,106212
2026-02-06 06:00:00,431.4,431.85,431.1,431.8,70064
2026-02-06 06:05:00,431.8,432.85,431.6,432.8,129213
2026-02-06 06:10:00,432.65,432.75,431.3,431.35,115801
2026-02-06 06:15:00,431.35,431.95,431.15,431.9,62237
2026-02-06 06:20:00,431.9,431.9,431.25,431.5,51891
2026-02-06 06:25:00,431.4,431.6,430.75,431.3,104824
2026-02-06 06:30:00,431.3,431.75,430.25,430.5,59301
2026-02-06 06:35:00,430.7,430.7,429.3,429.55,118726
2026-02-06 06:40:00,429.5,430.35,429.35,430.15,75829
2026-02-06 06:45:00,430.3,430.3,429.6,429.6,81049
2026-02-06 06:50:00,429.6,429.7,428.1,428.15,155817
2026-02-06 06:55:00,428.15,428.5,427.8,428.25,115692
2026-02-06 07:00:00,428.25,428.25,427.6,427.9,79565
2026-02-06 07:05:00,427.85,428.45,427.8,428.0,91766
2026-02-06 07:10:00,428.0,428.2,427.7,427.85,45324
2026-02-06 07:15:00,427.8,428.0,427.4,427.5,80809
2026-02-06 07:20:00,427.5,427.9,426.5,426.5,144113
2026-02-06 07:25:00,426.6,427.3,426.5,427.1,96410
2026-02-06 07:30:00,427.2,427.25,426.5,427.2,78986
2026-02-06 07:35:00,427.2,427.25,426.7,427.15,65005
2026-02-06 07:40:00,426.95,427.7,426.85,427.7,56327
2026-02-06 07:45:00,427.7,427.7,426.9,427.2,75159
2026-02-06 07:50:00,427.05,427.2,426.7,426.95,65177
2026-02-06 07:55:00,426.95,427.0,426.7,426.7,49949
2026-02-06 08:00:00,426.85,426.95,426.0,426.15,127071
2026-02-06 08:05:00,426.15,426.9,426.15,426.8,60750
2026-02-06 08:10:00,426.9,427.1,426.6,426.95,53462
2026-02-06 08:15:00,426.95,427.0,426.6,427.0,68608
2026-02-06 08:20:00,427.0,427.95,426.8,427.8,73092
2026-02-06 08:25:00,427.9,428.0,427.25,427.6,117358
2026-02-06 08:30:00,427.7,428.35,427.6,428.0,116191
2026-02-06 08:35:00,428.0,428.25,427.6,428.15,75436
2026-02-06 08:40:00,428.2,428.2,427.5,427.9,75654
2026-02-06 08:45:00,428.0,428.3,427.6,428.1,76750
2026-02-06 08:50:00,428.0,428.7,427.5,427.75,83016
2026-02-06 08:55:00,427.55,428.0,427.2,427.6,86126
2026-02-06 09:00:00,427.6,428.0,427.0,427.95,127132
2026-02-06 09:05:00,427.95,428.6,427.9,428.5,153378
2026-02-06 09:10:00,428.5,429.1,428.45,428.95,204685
2026-02-06 09:15:00,428.9,429.4,428.65,428.95,170017
2026-02-06 09:20:00,428.9,429.2,428.6,429.2,163266
2026-02-06 09:25:00,429.15,430.0,429.15,429.95,210829
2026-02-06 09:30:00,430.0,430.35,429.15,429.4,278754
2026-02-06 09:35:00,429.4,429.9,429.2,429.35,249072
2026-02-06 09:40:00,429.25,429.7,429.2,429.35,313166
2026-02-06 09:45:00,429.3,429.55,428.9,429.4,304094
2026-02-06 09:50:00,429.45,430.0,429.2,429.8,409906
2026-02-06 09:55:00,429.7,430.45,429.6,430.0,325860
2026-02-09 03:45:00,432.0,432.95,429.5,431.8,720753
2026-02-09 03:50:00,431.8,432.9,431.55,432.85,415470
2026-02-09 03:55:00,432.85,433.35,432.55,433.0,344228
2026-02-09 04:00:00,432.95,435.6,432.95,433.75,472871
2026-02-09 04:05:00,433.95,434.5,433.55,433.6,169587
2026-02-09 04:10:00,433.6,434.9,433.45,434.65,174776
2026-02-09 04:15:00,434.55,435.35,434.55,435.25,230175
2026-02-09 04:20:00,435.2,435.6,434.85,435.4,193093
2026-02-09 04:25:00,435.35,435.45,433.8,433.85,244674
2026-02-09 04:30:00,434.0,435.5,433.6,435.4,169655
2026-02-09 04:35:00,435.4,436.4,435.2,435.8,240787
2026-02-09 04:40:00,435.8,435.95,435.25,435.55,114921
2026-02-09 04:45:00,435.55,436.45,435.4,436.4,121036
2026-02-09 04:50:00,436.35,437.65,436.2,437.65,304072
2026-02-09 04:55:00,437.65,437.8,437.25,437.55,220622
2026-02-09 05:00:00,437.65,437.65,437.25,437.45,132229
2026-02-09 05:05:00,437.45,437.8,437.15,437.75,160659
2026-02-09 05:10:00,437.7,437.85,437.45,437.7,106107
2026-02-09 05:15:00,437.75,438.25,437.5,437.5,254139
2026-02-09 05:20:00,437.5,438.2,437.4,438.2,111887
2026-02-09 05:25:00,438.15,438.75,438.0,438.7,132636
2026-02-09 05:30:00,438.75,439.4,438.55,439.25,227053
2026-02-09 05:35:00,439.25,439.3,438.4,438.85,163130
2026-02-09 05:40:00,438.75,439.1,438.45,439.1,137187
2026-02-09 05:45:00,439.1,439.3,438.95,439.0,144717
2026-02-09 05:50:00,438.95,439.2,438.8,438.9,86366
2026-02-09 05:55:00,438.9,438.9,438.6,438.65,82616
2026-02-09 06:00:00,438.65,438.8,438.2,438.5,151979
2026-02-09 06:05:00,438.5,438.9,438.4,438.9,81380
2026-02-09 06:10:00,438.9,439.4,438.8,438.9,132185
2026-02-09 06:15:00,438.9,438.9,437.95,438.6,168645
2026-02-09 06:20:00,438.65,438.75,437.25,437.3,162674
2026-02-09 06:25:00,437.35,437.5,437.15,437.35,98713
2026-02-09 06:30:00,437.3,439.0,437.15,438.9,145001
2026-02-09 06:35:00,438.9,439.1,438.05,438.15,202192
2026-02-09 06:40:00,438.15,438.9,438.05,438.85,92023
2026-02-09 06:45:00,438.85,438.9,438.25,438.3,66636
2026-02-09 06:50:00,438.3,438.6,438.1,438.35,70342
2026-02-09 06:55:00,438.3,438.85,438.2,438.4,107452
2026-02-09 07:00:00,438.35,438.4,437.35,437.5,107923
2026-02-09 07:05:00,437.5,438.0,437.4,437.75,60074
2026-02-09 07:10:00,437.6,437.75,437.5,437.65,51790
2026-02-09 07:15:00,437.6,437.95,437.6,437.7,65334
2026-02-09 07:20:00,437.8,438.0,437.6,437.6,75615
2026-02-09 07:25:00,437.65,437.9,437.35,437.9,80395
2026-02-09 07:30:00,437.95,438.3,437.75,438.2,56939
2026-02-09 07:35:00,438.3,438.5,438.15,438.5,81789
2026-02-09 07:40:00,438.5,439.0,438.45,438.45,170806
2026-02-09 07:45:00,438.45,438.95,438.45,438.65,85672
2026-02-09 07:50:00,438.65,438.75,438.4,438.55,51099
2026-02-09 07:55:00,438.55,438.7,438.3,438.45,52965
2026-02-09 08:00:00,438.4,438.5,438.15,438.3,78726
2026-02-09 08:05:00,438.3,438.7,438.15,438.6,84303
2026-02-09 08:10:00,438.6,438.85,438.45,438.5,82139
2026-02-09 08:15:00,438.6,438.9,438.4,438.65,53911
2026-02-09 08:20:00,438.7,438.75,438.5,438.6,55580
2026-02-09 08:25:00,438.75,439.0,438.6,438.65,181933
2026-02-09 08:30:00,438.6,438.95,438.55,438.75,68405
2026-02-09 08:35:00,438.75,439.0,438.55,438.9,83931
2026-02-09 08:40:00,438.9,439.0,438.35,438.85,99517
2026-02-09 08:45:00,438.85,438.85,438.6,438.8,69793
2026-02-09 08:50:00,438.8,439.3,438.75,439.25,102844
2026-02-09 08:55:00,439.3,439.6,439.1,439.15,145787
2026-02-09 09:00:00,439.15,439.4,438.5,438.75,164516
2026-02-09 09:05:00,438.8,438.85,438.4,438.4,83072
2026-02-09 09:10:00,438.5,438.85,435.85,437.55,387363
2026-02-09 09:15:00,437.55,438.5,437.5,438.3,123134
2026-02-09 09:20:00,438.5,438.7,437.95,438.35,125294
2026-02-09 09:25:00,438.35,438.6,438.1,438.45,147961
2026-02-09 09:30:00,438.55,438.75,437.8,437.95,240738
2026-02-09 09:35:00,437.9,438.0,437.7,437.9,236813
2026-02-09 09:40:00,437.8,438.0,437.6,437.75,165585
2026-02-09 09:45:00,437.7,438.0,437.35,437.45,233644
2026-02-09 09:50:00,437.45,437.6,436.3,436.75,407491
2026-02-09 09:55:00,436.75,437.95,436.2,437.0,369224
2026-02-10 03:45:00,438.0,440.75,435.15,440.15,701858
2026-02-10 03:50:00,440.0,441.3,438.8,439.65,633240
2026-02-10 03:55:00,439.6,439.6,438.5,438.9,266033
2026-02-10 04:00:00,438.95,440.25,438.95,439.75,204784
2026-02-10 04:05:00,439.75,439.9,438.7,438.75,161915
2026-02-10 04:10:00,438.8,440.25,438.75,440.0,213474
2026-02-10 04:15:00,440.0,440.85,439.85,440.75,232314
2026-02-10 04:20:00,440.6,440.6,439.55,439.6,131055
2026-02-10 04:25:00,439.65,439.65,439.2,439.35,88371
2026-02-10 04:30:00,439.35,439.5,438.75,438.9,140915
2026-02-10 04:35:00,438.8,438.95,437.65,437.75,252360
2026-02-10 04:40:00,437.85,438.65,437.25,438.4,145600
2026-02-10 04:45:00,438.3,438.65,437.25,437.55,155240
2026-02-10 04:50:00,437.55,437.55,437.0,437.35,98392
2026-02-10 04:55:00,437.35,438.2,437.25,438.1,77875
2026-02-10 05:00:00,438.2,438.45,437.8,438.25,126104
2026-02-10 05:05:00,438.35,438.4,437.7,437.8,75070
2026-02-10 05:10:00,437.85,437.85,437.0,437.1,94818
2026-02-10 05:15:00,437.15,437.15,436.2,436.25,197211
2026-02-10 05:20:00,436.4,436.7,436.1,436.2,74503
2026-02-10 05:25:00,436.1,436.6,434.75,435.1,277972
2026-02-10 05:30:00,435.1,435.7,434.75,435.6,113989
2026-02-10 05:35:00,435.55,436.0,435.5,435.75,101072
2026-02-10 05:40:00,435.85,435.85,435.2,435.6,67232
2026-02-10 05:45:00,435.45,435.9,435.45,435.9,53859
2026-02-10 05:50:00,435.8,436.0,435.75,435.95,56075
2026-02-10 05:55:00,435.9,435.95,435.25,435.4,88218
2026-02-10 06:00:00,435.35,436.75,435.05,436.5,186391
2026-02-10 06:05:00,436.45,437.0,436.35,436.9,113065
2026-02-10 06:10:00,436.9,436.9,436.0,436.25,121069
2026-02-10 06:15:00,436.1,437.3,436.1,437.3,136154
2026-02-10 06:20:00,437.3,437.5,437.0,437.5,96346
2026-02-10 06:25:00,437.5,437.6,436.85,437.0,76302
2026-02-10 06:30:00,437.0,437.1,436.65,437.1,61716
2026-02-10 06:35:00,437.05,437.1,436.15,436.75,202190
2026-02-10 06:40:00,436.6,436.8,436.5,436.75,50249
2026-02-10 06:45:00,436.75,436.8,436.6,436.65,49149
2026-02-10 06:50:00,436.75,436.8,436.6,436.65,45279
2026-02-10 06:55:00,436.65,436.8,436.35,436.5,54914
2026-02-10 07:00:00,436.5,437.35,436.35,436.65,99218
2026-02-10 07:05:00,436.6,436.75,436.35,436.4,43546
2026-02-10 07:10:00,436.35,436.65,436.3,436.5,60132
2026-02-10 07:15:00,436.6,437.2,436.4,437.0,69958
2026-02-10 07:20:00,437.0,437.05,436.75,436.85,43308
2026-02-10 07:25:00,436.85,437.0,436.7,436.9,39641
2026-02-10 07:30:00,436.85,436.9,436.4,436.5,50331
2026-02-10 07:35:00,436.45,437.6,436.4,437.4,114358
2026-02-10 07:40:00,437.35,437.5,436.5,436.5,71370
2026-02-10 07:45:00,436.5,436.75,435.8,435.85,71299
2026-02-10 07:50:00,435.85,435.85,435.1,435.2,73560
2026-02-10 07:55:00,435.25,435.8,435.25,435.35,91998
2026-02-10 08:00:00,435.3,435.35,433.55,434.2,277669
2026-02-10 08:05:00,434.05,434.35,433.8,434.35,82911
2026-02-10 08:10:00,434.35,434.7,434.25,434.65,71581
2026-02-10 08:15:00,434.55,435.3,434.5,435.15,77992
2026-02-10 08:20:00,435.1,436.15,435.1,436.05,134017
2026-02-10 08:25:00,436.05,436.05,435.1,435.15,127512
2026-02-10 08:30:00,435.1,435.15,434.5,434.8,83238
2026-02-10 08:35:00,434.9,435.35,434.8,435.0,67690
2026-02-10 08:40:00,435.1,435.15,434.7,434.9,52874
2026-02-10 08:45:00,434.85,435.85,434.85,435.85,105418
2026-02-10 08:50:00,435.8,435.85,435.4,435.6,87059
2026-02-10 08:55:00,435.6,435.65,435.35,435.5,61819
2026-02-10 09:00:00,435.55,435.75,435.3,435.5,79738
2026-02-10 09:05:00,435.55,436.75,435.4,436.6,211892
2026-02-10 09:10:00,436.6,436.85,436.25,436.4,151709
2026-02-10 09:15:00,436.45,437.15,436.4,437.1,193979
2026-02-10 09:20:00,437.0,437.5,436.95,437.3,186769
2026-02-10 09:25:00,437.25,437.65,437.25,437.55,156373
2026-02-10 09:30:00,437.65,438.25,437.65,438.0,366627
2026-02-10 09:35:00,438.05,438.05,437.7,437.85,253766
2026-02-10 09:40:00,437.85,437.85,436.85,436.95,243081
2026-02-10 09:45:00,436.95,437.15,436.8,436.9,282154
2026-02-10 09:50:00,436.9,437.3,436.9,437.2,337380
2026-02-10 09:55:00,437.2,437.25,436.05,436.25,290898
2026-02-11 03:45:00,438.7,438.7,434.35,436.4,540111
2026-02-11 03:50:00,436.3,436.55,435.6,436.0,182010
2026-02-11 03:55:00,435.95,436.3,435.5,435.75,147966
2026-02-11 04:00:00,435.75,436.0,435.0,435.15,172935
2026-02-11 04:05:00,435.1,436.45,435.05,436.2,162642
2026-02-11 04:10:00,436.25,436.25,435.4,435.95,85433
2026-02-11 04:15:00,435.95,436.4,435.7,435.9,105673
2026-02-11 04:20:00,435.85,435.85,434.6,435.85,186129
2026-02-11 04:25:00,435.85,436.5,435.75,436.2,81745
2026-02-11 04:30:00,436.2,436.4,435.6,435.8,93513
2026-02-11 04:35:00,435.8,436.7,435.7,436.6,85305
2026-02-11 04:40:00,436.6,437.15,436.25,436.95,163891
2026-02-11 04:45:00,436.95,436.95,436.4,436.95,56786
2026-02-11 04:50:00,436.95,437.1,436.8,437.1,69450
2026-02-11 04:55:00,437.15,437.25,436.75,437.15,64574
2026-02-11 05:00:00,437.2,437.25,436.8,437.1,64274
2026-02-11 05:05:00,437.1,437.2,437.0,437.1,33834
2026-02-11 05:10:00,437.05,437.1,436.5,436.9,48098
2026-02-11 05:15:00,436.9,437.95,436.8,437.75,85967
2026-02-11 05:20:00,437.85,438.0,437.1,437.15,103118
2026-02-11 05:25:00,437.15,437.5,436.85,437.0,54059
2026-02-11 05:30:00,437.0,437.35,436.8,437.1,55098
2026-02-11 05:35:00,437.25,437.5,436.8,437.25,78394
2026-02-11 05:40:00,437.25,437.95,437.1,437.75,63112
2026-02-11 05:45:00,437.9,438.5,437.8,438.1,128373
2026-02-11 05:50:00,438.1,438.1,437.5,437.9,41852
2026-02-11 05:55:00,437.9,437.95,437.5,437.65,70731
2026-02-11 06:00:00,437.65,438.25,437.5,438.1,51564
2026-02-11 06:05:00,438.1,438.2,437.5,437.95,59343
2026-02-11 06:10:00,437.95,438.0,436.9,436.9,60568
2026-02-11 06:15:00,436.95,437.0,436.0,436.35,98200
2026-02-11 06:20:00,436.5,436.5,436.0,436.15,56333
2026-02-11 06:25:00,436.2,436.55,435.85,436.0,74989
2026-02-11 06:30:00,436.0,436.5,435.2,435.2,131043
2026-02-11 06:35:00,435.3,435.55,435.05,435.25,82293
2026-02-11 06:40:00,435.3,435.95,435.3,435.75,76911
2026-02-11 06:45:00,435.75,435.75,435.2,435.3,61397
2026-02-11 06:50:00,435.25,435.45,435.25,435.25,54328
2026-02-11 06:55:00,435.4,435.5,435.05,435.2,61728
2026-02-11 07:00:00,435.25,435.4,434.7,434.7,119931
2026-02-11 07:05:00,434.8,435.05,434.6,435.0,66115
2026-02-11 07:10:00,434.95,435.3,434.6,435.0,95308
2026-02-11 07:15:00,435.0,435.5,434.7,435.5,70158
2026-02-11 07:20:00,435.5,435.65,435.05,435.3,64263
2026-02-11 07:25:00,435.5,435.75,435.2,435.55,62387
2026-02-11 07:30:00,435.7,435.75,435.1,435.3,83172
2026-02-11 07:35:00,435.2,435.35,435.0,435.05,58042
2026-02-11 07:40:00,435.25,435.3,434.85,435.05,71350
2026-02-11 07:45:00,435.1,435.75,435.0,435.15,63268
2026-02-11 07:50:00,435.2,435.7,435.0,435.45,66286
2026-02-11 07:55:00,435.6,435.75,435.25,435.65,46237
2026-02-11 08:00:00,435.7,435.85,435.5,435.8,52631
2026-02-11 08:05:00,435.8,435.8,435.35,435.5,59136
2026-02-11 08:10:00,435.45,435.9,435.4,435.5,51830
2026-02-11 08:15:00,435.3,435.7,435.2,435.55,56012
2026-02-11 08:20:00,435.65,435.65,435.2,435.45,80596
2026-02-11 08:25:00,435.6,435.75,435.45,435.5,43369
2026-02-11 08:30:00,435.5,435.65,434.95,435.2,72249
2026-02-11 08:35:00,435.2,435.7,435.1,435.5,51845
2026-02-11 08:40:00,435.55,436.3,435.5,436.25,108560
2026-02-11 08:45:00,436.2,436.3,435.9,436.05,55719
2026-02-11 08:50:00,436.05,436.25,435.15,435.55,60816
2026-02-11 08:55:00,435.55,435.95,435.45,435.45,57563
2026-02-11 09:00:00,435.5,436.0,435.4,436.0,48224
2026-02-11 09:05:00,436.0,436.0,435.7,435.7,54073
2026-02-11 09:10:00,435.7,436.8,435.7,436.7,169373
2026-02-11 09:15:00,436.8,437.1,436.25,436.7,185430
2026-02-11 09:20:00,436.7,437.4,436.6,437.1,194532
2026-02-11 09:25:00,437.1,437.25,436.85,436.9,206852
2026-02-11 09:30:00,437.3,438.1,437.3,438.0,441273
2026-02-11 09:35:00,437.95,438.35,437.6,437.6,390830
2026-02-11 09:40:00,437.55,437.7,437.25,437.45,231058
2026-02-11 09:45:00,437.5,437.8,437.3,437.45,261342
2026-02-11 09:50:00,437.45,437.45,436.9,437.0,295176
2026-02-11 09:55:00,437.0,437.25,436.2,436.55,247311
2026-02-12 03:45:00,437.0,437.75,434.6,437.55,449893
2026-02-12 03:50:00,437.6,438.75,437.35,437.6,320237
2026-02-12 03:55:00,437.7,438.4,437.55,438.0,165735
2026-02-12 04:00:00,437.9,439.5,437.85,439.15,193868
2026-02-12 04:05:00,439.15,440.7,439.0,440.0,312651
2026-02-12 04:10:00,439.9,441.6,439.3,441.4,525473
2026-02-12 04:15:00,441.45,441.9,440.7,441.9,591855
2026-02-12 04:20:00,442.0,442.8,441.4,441.5,720471
2026-02-12 04:25:00,441.5,442.9,441.4,442.3,460623
2026-02-12 04:30:00,442.4,442.5,441.0,441.0,207357
2026-02-12 04:35:00,441.1,441.6,441.0,441.4,157346
2026-02-12 04:40:00,441.15,441.8,440.5,441.75,134120
2026-02-12 04:45:00,441.8,441.8,441.25,441.55,80646
2026-02-12 04:50:00,441.5,442.0,441.3,442.0,111558
2026-02-12 04:55:00,442.0,442.45,441.55,442.2,272805
2026-02-12 05:00:00,442.35,442.4,441.25,441.5,123482
2026-02-12 05:05:00,441.5,441.9,440.65,440.85,113190
2026-02-12 05:10:00,441.15,441.65,440.95,441.5,62534
2026-02-12 05:15:00,441.5,441.75,440.8,441.15,84188
2026-02-12 05:20:00,441.15,441.5,441.15,441.5,59724
2026-02-12 05:25:00,441.5,442.0,440.65,441.25,262095
2026-02-12 05:30:00,441.25,442.0,441.05,441.9,70599
2026-02-12 05:35:00,441.9,442.75,441.8,442.6,175738
2026-02-12 05:40:00,442.45,443.0,441.75,441.75,387379
2026-02-12 05:45:00,441.7,442.0,441.45,441.9,97779
2026-02-12 05:50:00,441.9,442.5,441.6,442.25,95625
2026-02-12 05:55:00,442.4,442.55,442.2,442.25,88390
2026-02-12 06:00:00,442.25,442.4,441.75,442.2,115369
2026-02-12 06:05:00,442.2,442.35,441.35,441.9,217926
2026-02-12 06:10:00,441.75,441.9,441.1,441.3,232074
2026-02-12 06:15:00,441.4,441.8,441.2,441.4,80269
2026-02-12 06:20:00,441.4,441.4,440.0,440.0,238633
2026-02-12 06:25:00,440.05,440.75,439.9,440.25,161834
2026-02-12 06:30:00,440.3,440.5,439.7,439.85,105585
2026-02-12 06:35:00,439.7,440.1,439.4,440.05,132294
2026-02-12 06:40:00,440.2,440.55,440.1,440.45,66343
2026-02-12 06:45:00,440.45,440.5,440.1,440.3,47935
2026-02-12 06:50:00,440.35,440.9,440.2,440.6,70514
2026-02-12 06:55:00,440.65,441.0,440.35,440.6,56041
2026-02-12 07:00:00,440.6,440.6,440.3,440.3,45988
2026-02-12 07:05:00,440.45,440.45,439.9,440.05,62858
2026-02-12 07:10:00,440.05,440.45,440.0,440.25,46739
2026-02-12 07:15:00,440.25,440.5,439.55,439.75,139184
2026-02-12 07:20:00,439.8,440.25,439.7,440.05,57813
2026-02-12 07:25:00,440.05,440.4,439.9,440.35,81736
2026-02-12 07:30:00,440.35,440.9,439.6,439.9,145174
2026-02-12 07:35:00,439.75,440.15,439.25,439.25,249953
2026-02-12 07:40:00,439.2,439.35,438.8,439.1,158177
2026-02-12 07:45:00,439.2,441.75,438.4,440.1,279803
2026-02-12 07:50:00,439.9,440.9,439.35,440.55,112137
2026-02-12 07:55:00,440.35,440.6,439.6,439.75,152568
2026-02-12 08:00:00,439.8,440.6,439.65,440.6,139931
2026-02-12 08:05:00,440.6,442.4,440.45,442.2,211014
2026-02-12 08:10:00,442.2,442.6,440.5,440.7,172253
2026-02-12 08:15:00,440.9,441.0,440.25,440.3,101741
2026-02-12 08:20:00,440.4,440.85,440.05,440.85,142694
2026-02-12 08:25:00,440.75,440.95,440.35,440.35,59214
2026-02-12 08:30:00,440.55,441.5,440.35,441.3,150632
2026-02-12 08:35:00,441.35,441.6,440.7,441.4,134502
2026-02-12 08:40:00,441.5,442.9,441.4,442.35,250439
2026-02-12 08:45:00,442.45,442.5,441.6,441.9,91141
2026-02-12 08:50:00,441.85,443.25,441.7,443.2,380030
2026-02-12 08:55:00,443.2,444.95,443.15,444.1,767793
2026-02-12 09:00:00,443.85,444.0,442.45,442.75,393537
2026-02-12 09:05:00,442.85,443.2,441.8,442.95,312400
2026-02-12 09:10:00,443.0,443.5,442.35,442.45,208805
2026-02-12 09:15:00,442.45,442.65,441.1,442.0,333528
2026-02-12 09:20:00,441.95,443.5,441.8,443.1,240003
2026-02-12 09:25:00,443.1,443.6,443.0,443.25,213522
2026-02-12 09:30:00,443.65,444.35,443.5,444.2,450637
2026-02-12 09:35:00,444.1,444.35,443.5,443.85,390417
2026-02-12 09:40:00,443.8,443.9,443.5,443.7,256163
2026-02-12 09:45:00,443.65,443.95,443.5,443.8,314882
2026-02-12 09:50:00,443.85,444.2,443.7,443.85,537714
2026-02-12 09:55:00,443.85,444.25,443.75,443.8,451285
2026-02-13 03:45:00,443.9,444.9,440.05,442.25,880852
2026-02-13 03:50:00,442.3,442.7,440.8,442.45,388571
2026-02-13 03:55:00,442.7,443.7,442.0,443.5,328369
2026-02-13 04:00:00,443.5,443.5,441.2,441.3,501408
2026-02-13 04:05:00,441.25,441.7,440.5,441.0,317546
2026-02-13 04:10:00,441.1,442.65,440.5,442.5,228400
2026-02-13 04:15:00,442.5,444.35,442.4,442.9,413826
2026-02-13 04:20:00,442.9,444.0,442.9,443.05,246990
2026-02-13 04:25:00,443.05,443.25,441.7,442.1,160303
2026-02-13 04:30:00,442.1,442.35,441.4,441.65,142916
2026-02-13 04:35:00,441.7,442.45,441.2,441.55,142919
2026-02-13 04:40:00,441.65,442.2,441.5,441.65,103991
2026-02-13 04:45:00,441.65,441.9,441.2,441.4,88366
2026-02-13 04:50:00,441.4,442.65,441.4,442.55,84608
2026-02-13 04:55:00,442.6,443.9,442.55,443.35,227972
2026-02-13 05:00:00,443.35,445.95,443.15,445.65,528206
2026-02-13 05:05:00,445.75,446.2,444.8,445.2,394381
2026-02-13 05:10:00,445.35,445.35,443.95,444.0,194447
2026-02-13 05:15:00,444.15,444.4,443.3,443.35,264579
2026-02-13 05:20:00,443.35,444.0,443.0,443.65,126329
2026-02-13 05:25:00,443.65,444.5,443.5,444.05,104366
2026-02-13 05:30:00,444.1,444.1,442.8,443.0,146857
2026-02-13 05:35:00,442.9,442.95,441.85,442.55,229108
2026-02-13 05:40:00,442.65,443.2,442.6,442.8,99422
2026-02-13 05:45:00,442.7,442.8,442.05,442.75,101520
2026-02-13 05:50:00,442.8,443.05,442.3,442.5,89245
2026-02-13 05:55:00,442.5,442.9,442.35,442.75,74875
2026-02-13 06:00:00,442.9,442.95,442.0,442.0,151249
2026-02-13 06:05:00,442.0,442.4,441.65,442.05,92345
2026-02-13 06:10:00,442.05,442.3,441.55,442.3,107475
2026-02-13 06:15:00,442.2,442.7,442.05,442.25,98059
2026-02-13 06:20:00,442.25,442.75,442.2,442.5,90782
2026-02-13 06:25:00,442.6,443.35,442.5,443.15,87942
2026-02-13 06:30:00,443.3,443.35,442.25,442.55,78459
2026-02-13 06:35:00,442.6,442.85,442.4,442.5,60444
2026-02-13 06:40:00,442.3,442.8,442.15,442.6,89920
2026-02-13 06:45:00,442.6,442.6,441.85,442.2,86378
2026-02-13 06:50:00,442.4,442.6,442.1,442.45,58615
2026-02-13 06:55:00,442.45,443.0,442.3,442.35,90814
2026-02-13 07:00:00,442.4,443.0,442.2,442.95,94506
2026-02-13 07:05:00,442.95,442.95,441.8,442.0,190936
2026-02-13 07:10:00,442.0,442.65,441.85,442.2,73709
2026-02-13 07:15:00,442.25,442.7,441.8,441.9,69258
2026-02-13 07:20:00,441.95,442.1,441.6,441.75,59753
2026-02-13 07:25:00,441.85,441.9,441.6,441.6,57716
2026-02-13 07:30:00,441.75,441.9,439.3,439.65,410964
2026-02-13 07:35:00,439.55,440.6,439.0,440.45,138979
2026-02-13 07:40:00,440.45,441.65,440.2,441.4,74812
2026-02-13 07:45:00,441.4,441.8,441.2,441.55,93480
2026-02-13 07:50:00,441.65,441.65,440.6,440.85,77061
2026-02-13 07:55:00,441.0,441.15,440.5,440.9,95829
2026-02-13 08:00:00,440.95,441.1,440.6,440.85,69823
2026-02-13 08:05:00,440.9,441.25,440.8,441.05,55037
2026-02-13 08:10:00,441.0,441.4,441.0,441.1,51214
2026-02-13 08:15:00,441.1,441.15,440.25,440.3,92349
2026-02-13 08:20:00,440.4,440.5,439.8,440.2,157866
2026-02-13 08:25:00,440.1,440.55,440.0,440.15,83867
2026-02-13 08:30:00,440.15,440.9,439.95,440.65,96656
2026-02-13 08:35:00,440.7,441.0,439.8,440.05,125329
2026-02-13 08:40:00,440.05,440.45,439.35,440.45,114618
2026-02-13 08:45:00,440.3,440.65,440.05,440.1,99712
2026-02-13 08:50:00,440.25,440.6,440.0,440.35,134883
2026-02-13 08:55:00,440.35,440.75,440.2,440.5,100824
2026-02-13 09:00:00,440.35,440.9,440.25,440.4,78047
2026-02-13 09:05:00,440.5,440.9,440.2,440.2,145429
2026-02-13 09:10:00,440.2,440.5,440.0,440.0,129093
2026-02-13 09:15:00,440.1,440.25,438.05,438.4,371237
2026-02-13 09:20:00,438.45,439.0,438.2,438.6,168164
2026-02-13 09:25:00,438.8,439.25,438.4,438.5,197026
2026-02-13 09:30:00,438.6,438.65,436.5,437.25,567482
2026-02-13 09:35:00,437.25,437.25,435.4,435.7,336879
2026-02-13 09:40:00,435.8,436.25,435.6,435.65,336223
2026-02-13 09:45:00,435.6,435.8,435.1,435.7,357847
2026-02-13 09:50:00,435.7,435.7,433.8,434.15,477955
2026-02-13 09:55:00,434.15,435.0,432.8,435.0,488900
2026-02-16 03:45:00,433.05,433.9,429.1,432.7,530246
2026-02-16 03:50:00,432.75,435.0,432.4,434.5,293497
2026-02-16 03:55:00,434.5,435.35,433.6,434.5,277589
2026-02-16 04:00:00,434.6,436.6,434.55,436.15,184982
2026-02-16 04:05:00,436.1,436.15,434.3,434.6,149578
2026-02-16 04:10:00,434.6,435.05,433.65,433.65,119702
2026-02-16 04:15:00,433.75,434.1,433.0,433.65,118690
2026-02-16 04:20:00,433.65,433.7,432.1,432.4,196481
2026-02-16 04:25:00,432.4,434.4,432.2,434.35,142587
2026-02-16 04:30:00,434.3,435.4,434.3,435.35,162470
2026-02-16 04:35:00,435.4,435.8,435.05,435.1,91956
2026-02-16 04:40:00,435.25,435.5,434.7,435.3,77620
2026-02-16 04:45:00,435.35,435.7,434.5,434.55,60842
2026-02-16 04:50:00,434.45,435.1,434.3,434.6,35132
2026-02-16 04:55:00,434.5,434.7,434.05,434.4,39050
2026-02-16 05:00:00,434.4,434.85,434.25,434.35,25292
2026-02-16 05:05:00,434.35,434.95,434.3,434.9,38139
2026-02-16 05:10:00,434.9,434.9,433.6,434.15,319114
2026-02-16 05:15:00,434.15,434.35,433.05,433.35,246328
2026-02-16 05:20:00,433.35,433.85,433.0,433.35,53221
2026-02-16 05:25:00,433.35,433.7,433.1,433.35,18145
2026-02-16 05:30:00,433.55,433.95,432.8,433.85,62332
2026-02-16 05:35:00,433.85,433.95,433.3,433.3,23689
2026-02-16 05:40:00,433.35,433.85,433.3,433.75,32310
2026-02-16 05:45:00,433.75,433.9,433.5,433.8,38007
2026-02-16 05:50:00,433.85,434.5,433.8,434.5,44411
2026-02-16 05:55:00,434.5,434.75,434.0,434.3,37697
2026-02-16 06:00:00,434.3,434.4,434.0,434.0,16413
2026-02-16 06:05:00,434.15,435.2,433.85,434.9,75603
2026-02-16 06:10:00,434.85,435.0,434.0,434.15,40368
2026-02-16 06:15:00,434.2,434.5,433.7,433.8,69729
2026-02-16 06:20:00,433.8,434.2,433.6,433.75,51093
2026-02-16 06:25:00,433.75,434.5,433.6,434.25,40691
2026-02-16 06:30:00,434.45,434.75,433.6,434.35,70100
2026-02-16 06:35:00,434.45,434.55,433.95,434.05,40307
2026-02-16 06:40:00,434.05,435.2,433.95,435.15,113915
2026-02-16 06:45:00,435.2,436.0,434.75,436.0,136477
2026-02-16 06:50:00,436.0,436.5,435.25,435.55,93510
2026-02-16 06:55:00,435.7,435.7,435.3,435.5,43943
2026-02-16 07:00:00,435.5,436.8,435.45,436.75,130825
2026-02-16 07:05:00,436.7,436.95,435.95,436.2,106849
2026-02-16 07:10:00,436.0,436.2,435.45,435.65,120386
2026-02-16 07:15:00,435.7,436.25,435.2,435.35,196715
2026-02-16 07:20:00,435.5,435.9,435.3,435.85,48942
2026-02-16 07:25:00,435.85,435.95,435.1,435.5,53617
2026-02-16 07:30:00,435.4,436.4,435.1,435.3,86119
2026-02-16 07:35:00,435.3,435.4,435.0,435.0,46104
2026-02-16 07:40:00,435.15,435.35,434.85,434.85,64153
2026-02-16 07:45:00,434.75,435.3,434.75,435.0,47211
2026-02-16 07:50:00,435.0,435.25,434.75,434.9,55960
2026-02-16 07:55:00,435.0,435.4,434.85,435.25,38385
2026-02-16 08:00:00,435.25,435.3,434.7,434.75,81268
2026-02-16 08:05:00,434.85,435.5,434.75,435.45,47971
2026-02-16 08:10:00,435.45,435.95,435.2,435.6,72876
2026-02-16 08:15:00,435.5,435.7,435.4,435.55,38838
2026-02-16 08:20:00,435.7,435.8,435.4,435.5,45912
2026-02-16 08:25:00,435.65,436.0,435.25,435.9,89765
2026-02-16 08:30:00,436.0,436.25,435.75,435.8,75423
2026-02-16 08:35:00,436.0,436.0,435.25,435.25,45445
2026-02-16 08:40:00,435.3,436.1,435.25,435.85,52801
2026-02-16 08:45:00,436.05,436.05,435.6,435.7,37743
2026-02-16 08:50:00,435.65,435.85,435.5,435.55,48268
2026-02-16 08:55:00,435.55,435.7,435.45,435.55,57925
2026-02-16 09:00:00,435.55,436.7,435.55,436.55,129042
2026-02-16 09:05:00,436.55,437.75,436.5,437.5,224144
2026-02-16 09:10:00,437.45,437.75,436.7,437.35,134017
2026-02-16 09:15:00,437.5,437.5,437.0,437.35,74410
2026-02-16 09:20:00,437.35,437.5,437.2,437.4,69141
2026-02-16 09:25:00,437.35,438.45,437.35,437.85,205300
2026-02-16 09:30:00,437.95,438.5,437.7,437.95,161914
2026-02-16 09:35:00,437.9,438.35,437.7,438.3,182683
2026-02-16 09:40:00,438.3,438.6,437.5,438.15,254141
2026-02-16 09:45:00,438.15,438.15,437.5,437.9,268595
2026-02-16 09:50:00,437.85,438.4,437.75,438.3,268672
2026-02-16 09:55:00,438.2,438.5,437.85,437.85,223484
2026-02-17 03:45:00,442.0,443.65,440.3,442.7,1368650
2026-02-17 03:50:00,442.5,444.35,441.8,443.35,856693
2026-02-17 03:55:00,443.2,444.6,442.0,443.7,899762
2026-02-17 04:00:00,443.7,445.35,443.6,443.85,843028
2026-02-17 04:05:00,443.95,444.6,442.2,444.25,681117
2026-02-17 04:10:00,444.25,444.4,443.25,444.4,375328
2026-02-17 04:15:00,444.4,444.4,443.25,443.7,146733
2026-02-17 04:20:00,443.6,443.75,443.15,443.5,117174
2026-02-17 04:25:00,443.5,443.5,442.5,442.8,246448
2026-02-17 04:30:00,442.65,443.2,442.4,442.9,102882
2026-02-17 04:35:00,442.95,443.9,442.6,443.45,158948
2026-02-17 04:40:00,443.45,443.55,443.0,443.0,64960
2026-02-17 04:45:00,443.05,443.1,442.0,442.6,159865
2026-02-17 04:50:00,442.45,443.05,442.3,442.4,80303
2026-02-17 04:55:00,442.3,444.3,442.3,444.15,277507
2026-02-17 05:00:00,444.0,444.3,443.5,443.85,134599
2026-02-17 05:05:00,443.85,444.5,443.65,443.8,165046
2026-02-17 05:10:00,443.85,444.25,442.75,442.8,153782
2026-02-17 05:15:00,442.95,443.25,442.3,442.95,100346
2026-02-17 05:20:00,442.95,443.5,442.6,443.0,70739
2026-02-17 05:25:00,443.1,443.95,443.0,443.9,77377
2026-02-17 05:30:00,443.9,444.0,443.05,443.8,62243
2026-02-17 05:35:00,443.7,443.9,443.35,443.55,54399
2026-02-17 05:40:00,443.55,443.65,443.3,443.5,55332
2026-02-17 05:45:00,443.4,443.8,443.05,443.4,74118
2026-02-17 05:50:00,443.55,444.0,443.35,443.9,64637
2026-02-17 05:55:00,443.9,444.2,443.25,443.4,133429
2026-02-17 06:00:00,443.4,443.75,442.9,443.15,86228
2026-02-17 06:05:00,443.1,443.6,443.1,443.5,62611
2026-02-17 06:10:00,443.3,443.6,443.0,443.1,72253
2026-02-17 06:15:00,443.2,443.25,442.65,442.65,59809
2026-02-17 06:20:00,442.8,442.95,442.5,442.75,61291
2026-02-17 06:25:00,442.75,443.3,442.6,442.9,88285
2026-02-17 06:30:00,442.8,443.5,442.75,442.9,102074
2026-02-17 06:35:00,442.9,443.2,442.75,443.05,48472
2026-02-17 06:40:00,443.05,443.45,442.95,443.0,72799
2026-02-17 06:45:00,443.1,443.6,443.0,443.55,90647
2026-02-17 06:50:00,443.55,444.0,443.3,443.7,87011
2026-02-17 06:55:00,443.7,444.0,443.45,444.0,77461
2026-02-17 07:00:00,443.85,444.8,443.8,444.35,336840
2026-02-17 07:05:00,444.15,444.45,443.9,444.3,110468
2026-02-17 07:10:00,444.15,444.75,443.7,444.3,131767
2026-02-17 07:15:00,444.25,444.7,444.25,444.7,100305
2026-02-17 07:20:00,444.7,444.9,444.4,444.6,141297
2026-02-17 07:25:00,444.55,444.65,444.0,444.1,106366
2026-02-17 07:30:00,444.1,445.25,444.1,445.0,369414
2026-02-17 07:35:00,445.05,448.15,444.55,448.1,1191528
2026-02-17 07:40:00,448.15,448.45,447.2,447.7,522144
2026-02-17 07:45:00,447.8,449.35,447.55,448.9,672871
2026-02-17 07:50:00,448.85,449.0,448.0,448.2,352189
2026-02-17 07:55:00,448.1,448.6,447.8,448.3,168340
2026-02-17 08:00:00,448.15,448.3,448.0,448.2,184504
2026-02-17 08:05:00,448.0,448.5,448.0,448.15,157811
2026-02-17 08:10:00,448.0,448.5,448.0,448.3,134948
2026-02-17 08:15:00,448.25,448.35,446.8,446.95,208470
2026-02-17 08:20:00,446.9,447.0,446.25,446.4,182046
2026-02-17 08:25:00,446.35,446.7,446.1,446.15,189545
2026-02-17 08:30:00,446.2,447.15,446.15,446.7,143578
2026-02-17 08:35:00,446.85,447.5,446.2,446.25,143767
2026-02-17 08:40:00,446.25,446.25,445.2,445.4,234921
2026-02-17 08:45:00,445.35,446.2,445.1,445.95,181385
2026-02-17 08:50:00,445.95,446.0,445.4,445.95,123829
2026-02-17 08:55:00,446.0,446.6,445.6,446.0,135396
2026-02-17 09:00:00,446.05,446.95,445.85,446.95,121762
2026-02-17 09:05:00,446.8,448.0,446.8,447.95,281235
2026-02-17 09:10:00,447.9,448.0,446.7,446.8,218887
2026-02-17 09:15:00,446.8,446.9,446.15,446.5,91560
2026-02-17 09:20:00,446.5,447.0,446.5,447.0,104501
2026-02-17 09:25:00,447.0,447.0,446.4,446.6,131910
2026-02-17 09:30:00,446.6,447.25,446.55,446.7,144906
2026-02-17 09:35:00,446.75,447.4,446.45,447.25,225704
2026-02-17 09:40:00,447.25,447.9,447.1,447.8,354616
2026-02-17 09:45:00,447.6,447.75,446.65,446.8,315680
2026-02-17 09:50:00,446.85,446.9,446.4,446.75,645841
2026-02-17 09:55:00,446.7,446.9,446.0,446.65,483020
2026-02-18 03:45:00,450.0,452.8,448.65,452.35,1840197
2026-02-18 03:50:00,452.35,453.25,451.05,452.5,1058500
2026-02-18 03:55:00,452.5,453.0,452.1,452.9,659973
2026-02-18 04:00:00,452.85,453.5,451.8,452.25,559496
2026-02-18 04:05:00,452.3,452.45,451.25,451.75,331900
2026-02-18 04:10:00,451.9,451.95,450.5,450.85,556420
2026-02-18 04:15:00,450.9,451.45,450.5,450.55,241404
2026-02-18 04:20:00,450.55,451.25,450.4,450.95,247337
2026-02-18 04:25:00,450.95,451.0,449.75,450.05,309232
2026-02-18 04:30:00,450.05,450.45,449.0,450.45,305851
2026-02-18 04:35:00,450.45,450.9,450.25,450.4,147267
2026-02-18 04:40:00,450.55,450.6,450.05,450.2,96766
2026-02-18 04:45:00,450.1,450.3,449.3,449.65,166968
2026-02-18 04:50:00,449.6,449.75,447.6,447.75,383527
2026-02-18 04:55:00,448.05,448.2,447.0,447.85,231544
2026-02-18 05:00:00,447.75,448.45,447.2,448.15,144933
2026-02-18 05:05:00,448.15,448.25,447.0,447.0,173233
2026-02-18 05:10:00,447.0,447.6,446.8,447.3,314160
2026-02-18 05:15:00,447.3,448.4,447.0,448.25,146854
2026-02-18 05:20:00,448.25,449.05,448.0,448.7,137668
2026-02-18 05:25:00,448.9,449.3,448.6,448.9,114197
2026-02-18 05:30:00,449.1,449.25,448.5,448.7,76647
2026-02-18 05:35:00,448.65,449.0,448.15,448.9,59622
2026-02-18 05:40:00,448.95,449.45,448.9,449.35,107533
2026-02-18 05:45:00,449.2,449.75,449.0,449.05,97850
2026-02-18 05:50:00,449.1,449.1,448.75,448.85,34059
2026-02-18 05:55:00,448.75,449.35,448.6,448.8,60215
2026-02-18 06:00:00,448.85,449.0,448.55,448.9,56457
2026-02-18 06:05:00,448.9,449.0,448.2,448.25,75714
2026-02-18 06:10:00,448.4,448.4,448.2,448.4,56480
2026-02-18 06:15:00,448.25,448.4,448.0,448.05,77612
2026-02-18 06:20:00,448.1,448.25,447.4,447.65,107049
2026-02-18 06:25:00,447.75,447.75,447.25,447.75,127082
2026-02-18 06:30:00,447.75,447.95,447.4,447.75,58971
2026-02-18 06:35:00,447.75,447.85,447.1,447.2,102934
2026-02-18 06:40:00,447.2,447.5,447.05,447.25,68097
2026-02-18 06:45:00,447.35,447.65,447.2,447.35,72566
2026-02-18 06:50:00,447.25,448.0,447.1,447.9,61193
2026-02-18 06:55:00,447.75,447.95,447.05,447.45,63802
2026-02-18 07:00:00,447.45,447.9,447.25,447.3,70523
2026-02-18 07:05:00,447.4,447.75,447.2,447.7,42941
2026-02-18 07:10:00,447.55,447.65,447.25,447.55,52292
2026-02-18 07:15:00,447.6,447.65,447.1,447.55,58554
2026-02-18 07:20:00,447.4,447.95,447.15,447.7,70240
2026-02-18 07:25:00,447.65,448.15,447.65,447.95,55434
2026-02-18 07:30:00,447.95,448.4,447.75,448.35,89160
2026-02-18 07:35:00,448.35,448.5,447.65,447.8,89969
2026-02-18 07:40:00,448.4,448.4,447.65,448.2,70867
2026-02-18 07:45:00,448.1,448.4,447.9,448.2,55132
2026-02-18 07:50:00,448.3,448.8,448.15,448.7,93836
2026-02-18 07:55:00,448.5,449.2,448.4,448.7,129875
2026-02-18 08:00:00,448.6,448.8,448.0,448.3,85879
2026-02-18 08:05:00,448.45,448.6,448.1,448.5,65320
2026-02-18 08:10:00,448.4,449.2,448.4,449.2,119798
2026-02-18 08:15:00,449.2,449.45,448.85,448.9,174769
2026-02-18 08:20:00,448.95,449.3,447.8,448.1,145943
2026-02-18 08:25:00,448.05,448.5,447.75,448.45,79709
2026-02-18 08:30:00,448.35,448.9,448.2,448.65,51266
2026-02-18 08:35:00,448.8,449.1,448.7,449.1,94557
2026-02-18 08:40:00,449.1,449.45,448.9,449.15,93507
2026-02-18 08:45:00,449.15,449.75,449.1,449.75,151765
2026-02-18 08:50:00,449.75,450.0,449.45,449.5,161239
2026-02-18 08:55:00,449.45,449.5,448.55,448.75,177894
2026-02-18 09:00:00,448.8,448.8,448.45,448.8,90760
2026-02-18 09:05:00,448.8,448.95,448.65,448.65,93260
2026-02-18 09:10:00,448.7,448.8,448.0,448.35,115930
2026-02-18 09:15:00,448.5,448.7,448.0,448.65,167847
2026-02-18 09:20:00,448.7,448.8,448.35,448.35,75912
2026-02-18 09:25:00,448.5,448.9,448.35,448.4,101431
2026-02-18 09:30:00,448.8,449.35,448.5,448.55,212118
2026-02-18 09:35:00,448.6,448.7,448.1,448.3,164384
2026-02-18 09:40:00,448.6,448.6,447.85,448.0,274778
2026-02-18 09:45:00,448.0,448.1,447.2,447.5,317239
2026-02-18 09:50:00,447.5,447.8,447.0,447.15,314359
2026-02-18 09:55:00,447.05,447.35,446.15,446.9,414180
2026-02-19 03:45:00,447.7,449.25,447.1,447.8,367826
2026-02-19 03:50:00,447.85,447.85,446.1,446.4,311263
2026-02-19 03:55:00,446.25,446.6,444.7,445.35,248179
2026-02-19 04:00:00,445.35,446.15,443.6,443.9,178090
2026-02-19 04:05:00,443.85,444.65,443.05,443.7,275829
2026-02-19 04:10:00,443.5,443.7,442.55,442.95,210545
2026-02-19 04:15:00,442.75,443.8,442.2,443.8,212306
2026-02-19 04:20:00,443.8,444.2,443.45,443.45,98267
2026-02-19 04:25:00,443.4,444.0,443.3,443.3,109922
2026-02-19 04:30:00,443.45,443.9,443.2,443.7,62384
2026-02-19 04:35:00,443.7,443.9,443.4,443.55,53586
2026-02-19 04:40:00,443.55,443.9,443.1,443.25,58032
2026-02-19 04:45:00,443.25,443.4,442.85,443.0,174194
2026-02-19 04:50:00,442.95,443.45,442.65,442.85,158688
2026-02-19 04:55:00,442.85,443.0,442.5,442.9,62329
2026-02-19 05:00:00,442.95,443.35,442.45,442.85,74357
2026-02-19 05:05:00,442.8,443.05,442.05,442.05,100391
2026-02-19 05:10:00,442.2,443.0,442.0,442.9,47483
2026-02-19 05:15:00,442.9,442.9,442.55,442.75,41765
2026-02-19 05:20:00,442.7,443.1,442.5,442.75,51618
2026-02-19 05:25:00,442.75,444.2,442.3,443.9,121982
2026-02-19 05:30:00,443.75,444.05,442.7,443.0,65875
2026-02-19 05:35:00,443.0,443.5,442.75,443.25,37248
2026-02-19 05:40:00,443.25,443.3,442.7,442.8,19070
2026-02-19 05:45:00,442.8,442.8,442.05,442.45,49114
2026-02-19 05:50:00,442.4,442.65,442.05,442.25,37992
2026-02-19 05:55:00,442.2,442.6,442.1,442.25,37757
2026-02-19 06:00:00,442.25,442.55,442.15,442.3,23634
2026-02-19 06:05:00,442.45,442.5,442.0,442.25,87122
2026-02-19 06:10:00,442.25,442.5,442.0,442.5,25501
2026-02-19 06:15:00,442.5,442.8,442.2,442.4,43723
2026-02-19 06:20:00,442.6,442.75,441.6,441.8,107680
2026-02-19 06:25:00,441.8,442.4,441.25,441.65,172358
2026-02-19 06:30:00,441.55,441.8,441.1,441.5,56221
2026-02-19 06:35:00,441.5,441.95,441.1,441.2,63509
2026-02-19 06:40:00,441.1,441.1,440.15,440.3,141633
2026-02-19 06:45:00,440.3,440.7,439.7,440.5,171049
2026-02-19 06:50:00,440.4,441.15,440.15,440.95,102644
2026-02-19 06:55:00,440.75,441.45,440.5,441.25,61814
2026-02-19 07:00:00,441.1,441.45,440.6,441.2,50833
2026-02-19 07:05:00,441.05,441.4,440.8,441.0,52936
2026-02-19 07:10:00,441.0,441.2,440.5,440.85,52987
2026-02-19 07:15:00,440.75,440.95,440.4,440.75,51787
2026-02-19 07:20:00,440.7,441.35,440.6,441.0,52628
2026-02-19 07:25:00,440.85,441.35,440.85,441.15,46323
2026-02-19 07:30:00,441.3,441.9,441.1,441.4,73187
2026-02-19 07:35:00,441.4,442.1,441.15,442.05,71242
2026-02-19 07:40:00,442.1,442.4,441.85,442.1,110839
2026-02-19 07:45:00,442.05,442.05,441.1,441.4,64001
2026-02-19 07:50:00,441.3,441.85,441.25,441.65,42794
2026-02-19 07:55:00,441.45,441.65,441.0,441.15,47552
2026-02-19 08:00:00,441.1,441.25,439.25,439.85,193814
2026-02-19 08:05:00,439.75,440.55,439.6,440.3,74540
2026-02-19 08:10:00,440.3,440.7,440.15,440.3,42064
2026-02-19 08:15:00,440.3,441.15,440.2,440.2,59774
2026-02-19 08:20:00,440.3,440.4,439.55,439.85,69041
2026-02-19 08:25:00,439.8,440.0,439.3,439.3,47964
2026-02-19 08:30:00,439.3,439.65,439.0,439.0,90709
2026-02-19 08:35:00,439.05,439.3,438.8,439.25,81610
2026-02-19 08:40:00,439.2,439.5,439.0,439.25,54137
2026-02-19 08:45:00,439.2,439.55,439.0,439.4,112890
2026-02-19 08:50:00,439.35,439.6,438.5,438.75,206947
2026-02-19 08:55:00,438.75,438.95,438.3,438.3,87415
2026-02-19 09:00:00,438.4,439.75,438.4,439.2,103162
2026-02-19 09:05:00,439.1,439.35,438.7,438.95,70480
2026-02-19 09:10:00,438.95,439.25,438.0,438.05,152597
2026-02-19 09:15:00,438.05,438.9,437.65,438.7,224468
2026-02-19 09:20:00,438.7,439.4,438.4,439.0,154887
2026-02-19 09:25:00,438.85,439.6,438.65,439.3,235431
2026-02-19 09:30:00,439.15,439.25,436.65,437.1,455817
2026-02-19 09:35:00,436.9,437.35,435.5,436.3,318197
2026-02-19 09:40:00,436.15,436.8,435.5,435.7,294849
2026-02-19 09:45:00,435.7,435.7,433.8,434.85,483916
2026-02-19 09:50:00,434.9,435.05,434.2,434.65,356552
2026-02-19 09:55:00,434.6,435.0,432.95,435.0,723425
2026-02-20 03:45:00,435.0,438.8,433.7,437.75,377735
2026-02-20 03:50:00,437.9,440.8,437.6,438.75,325346
2026-02-20 03:55:00,438.9,439.7,437.6,437.85,191250
2026-02-20 04:00:00,438.0,440.3,437.7,440.15,164351
2026-02-20 04:05:00,440.15,442.35,439.75,442.35,284725
2026-02-20 04:10:00,442.35,442.35,441.2,441.85,214590
2026-02-20 04:15:00,441.85,443.3,441.6,442.4,252689
2026-02-20 04:20:00,442.45,444.0,442.45,443.9,291817
2026-02-20 04:25:00,444.0,444.7,443.8,444.25,323759
2026-02-20 04:30:00,444.35,444.4,442.7,442.95,255727
2026-02-20 04:35:00,443.0,443.15,441.95,442.1,159266
2026-02-20 04:40:00,442.15,442.8,441.6,441.9,128803
2026-02-20 04:45:00,442.0,443.55,442.0,443.2,158910
2026-02-20 04:50:00,443.3,443.6,442.7,443.5,124580
2026-02-20 04:55:00,443.5,445.4,443.4,444.45,431183
2026-02-20 05:00:00,444.5,445.15,443.65,443.85,203134
2026-02-20 05:05:00,443.95,444.0,443.25,444.0,60114
2026-02-20 05:10:00,444.0,444.5,443.85,444.05,65109
2026-02-20 05:15:00,443.9,444.5,443.7,443.9,66451
2026-02-20 05:20:00,443.9,444.0,443.4,443.6,90997
2026-02-20 05:25:00,443.6,443.9,443.35,443.6,86637
2026-02-20 05:30:00,443.7,444.35,443.45,444.15,72584
2026-02-20 05:35:00,444.25,444.4,443.75,444.3,83437
2026-02-20 05:40:00,444.15,444.3,443.6,443.75,39206
2026-02-20 05:45:00,443.7,444.2,443.65,444.0,57163
2026-02-20 05:50:00,444.0,444.35,443.6,444.15,66608
2026-02-20 05:55:00,444.3,444.45,444.0,444.15,35343
2026-02-20 06:00:00,444.3,444.65,444.15,444.4,68167
2026-02-20 06:05:00,444.45,444.65,444.35,444.6,54341
2026-02-20 06:10:00,444.6,444.6,444.0,444.25,59259
2026-02-20 06:15:00,444.4,444.5,443.2,443.5,100388
2026-02-20 06:20:00,443.5,444.25,443.1,443.25,77909
2026-02-20 06:25:00,443.25,443.55,442.75,443.15,101440
2026-02-20 06:30:00,443.15,443.35,442.25,443.35,105489
2026-02-20 06:35:00,443.4,444.15,443.15,444.05,88179
2026-02-20 06:40:00,444.15,444.5,443.8,444.4,111709
2026-02-20 06:45:00,444.45,444.7,444.2,444.6,108071
2026-02-20 06:50:00,444.65,444.7,444.0,444.2,74659
2026-02-20 06:55:00,444.15,444.55,443.8,443.9,70780
2026-02-20 07:00:00,444.05,444.35,443.9,444.2,58131
2026-02-20 07:05:00,444.3,444.45,444.0,444.0,70184
2026-02-20 07:10:00,444.15,444.4,443.6,443.6,80180
2026-02-20 07:15:00,443.75,444.05,443.4,443.65,72362
2026-02-20 07:20:00,443.65,443.7,443.2,443.45,65060
2026-02-20 07:25:00,443.45,443.65,442.6,443.15,71103
2026-02-20 07:30:00,443.2,443.6,442.5,442.95,106651
2026-02-20 07:35:00,442.95,443.0,441.35,441.6,157274
2026-02-20 07:40:00,441.6,441.85,440.75,440.8,169899
2026-02-20 07:45:00,440.9,441.15,440.2,440.6,118680
2026-02-20 07:50:00,440.7,441.15,440.2,440.85,67217
2026-02-20 07:55:00,440.9,441.55,440.45,441.15,70021
2026-02-20 08:00:00,441.25,441.85,441.0,441.2,89930
2026-02-20 08:05:00,441.2,442.0,440.55,440.7,130940
2026-02-20 08:10:00,440.85,441.25,440.35,440.8,61301
2026-02-20 08:15:00,441.0,441.6,440.9,441.4,54844
2026-02-20 08:20:00,441.5,441.5,440.9,440.9,40877
2026-02-20 08:25:00,440.85,441.9,440.65,441.9,53458
2026-02-20 08:30:00,441.9,442.4,441.8,441.95,82210
2026-02-20 08:35:00,442.0,442.7,441.5,442.1,75822
2026-02-20 08:40:00,442.1,442.3,441.8,441.9,51315
2026-02-20 08:45:00,442.0,442.5,441.95,442.4,53040
2026-02-20 08:50:00,442.45,442.5,441.65,441.75,50147
2026-02-20 08:55:00,441.85,441.95,441.3,441.3,60955
2026-02-20 09:00:00,441.3,442.25,441.25,442.25,63049
2026-02-20 09:05:00,442.25,442.45,441.5,441.75,54475
2026-02-20 09:10:00,442.1,442.25,441.7,441.9,64035
2026-02-20 09:15:00,442.15,442.55,441.9,442.55,73614
2026-02-20 09:20:00,442.35,442.5,441.8,442.25,78693
2026-02-20 09:25:00,442.3,442.55,442.1,442.5,76557
2026-02-20 09:30:00,442.6,442.7,441.4,441.45,206805
2026-02-20 09:35:00,441.45,441.5,440.8,441.2,230649
2026-02-20 09:40:00,441.25,441.3,440.75,441.15,290966
2026-02-20 09:45:00,441.1,441.4,440.85,441.0,192605
2026-02-20 09:50:00,440.9,441.4,440.15,441.25,350090
2026-02-20 09:55:00,441.25,441.45,441.0,441.0,241175
2026-02-23 03:45:00,442.8,445.3,441.0,442.65,943672
2026-02-23 03:50:00,442.75,443.35,441.6,442.75,270446
2026-02-23 03:55:00,442.75,444.4,442.5,444.1,227720
2026-02-23 04:00:00,444.0,444.5,443.45,444.0,155890
2026-02-23 04:05:00,444.0,444.5,443.5,443.6,133787
2026-02-23 04:10:00,443.6,444.4,443.5,444.15,115904
2026-02-23 04:15:00,444.2,444.2,442.6,443.0,217326
2026-02-23 04:20:00,443.0,443.4,442.45,443.2,213521
2026-02-23 04:25:00,443.2,444.0,442.6,442.65,144998
2026-02-23 04:30:00,442.7,442.8,442.0,442.25,140400
2026-02-23 04:35:00,442.25,442.35,441.0,441.55,218546
2026-02-23 04:40:00,441.45,441.8,440.75,441.25,212015
2026-02-23 04:45:00,441.15,441.25,440.05,440.5,184512
2026-02-23 04:50:00,440.5,441.25,440.4,440.65,95129
2026-02-23 04:55:00,440.75,440.8,439.05,439.55,259623
2026-02-23 05:00:00,439.6,439.65,438.3,439.0,165951
2026-02-23 05:05:00,439.2,439.45,438.85,439.15,74375
2026-02-23 05:10:00,439.15,439.15,437.55,437.95,197258
2026-02-23 05:15:00,437.95,438.1,437.25,437.7,141440
2026-02-23 05:20:00,437.7,438.55,437.5,438.0,130907
2026-02-23 05:25:00,438.0,438.7,437.75,438.5,77187
2026-02-23 05:30:00,438.6,439.3,438.5,438.65,131993
2026-02-23 05:35:00,438.5,438.65,437.7,438.1,96104
2026-02-23 05:40:00,437.9,438.2,437.35,438.1,105873
2026-02-23 05:45:00,438.0,438.55,437.5,437.8,70329
2026-02-23 05:50:00,437.9,438.4,437.7,438.2,73688
2026-02-23 05:55:00,438.2,438.3,437.85,438.15,63126
2026-02-23 06:00:00,438.2,438.65,437.05,438.2,651382
2026-02-23 06:05:00,438.3,438.95,438.0,438.4,77250
2026-02-23 06:10:00,438.5,438.65,438.0,438.6,43353
2026-02-23 06:15:00,438.75,438.75,437.2,437.45,76830
2026-02-23 06:20:00,437.45,437.7,437.1,437.25,34828
2026-02-23 06:25:00,437.3,437.3,436.05,436.35,179464
2026-02-23 06:30:00,436.35,436.55,436.0,436.2,76071
2026-02-23 06:35:00,436.2,437.55,436.1,436.2,222531
2026-02-23 06:40:00,436.25,436.85,435.7,436.1,293664
2026-02-23 06:45:00,436.25,436.95,435.95,436.4,69456
2026-02-23 06:50:00,436.5,436.8,436.2,436.6,126577
2026-02-23 06:55:00,436.65,437.8,436.5,437.1,315400
2026-02-23 07:00:00,437.05,437.2,436.6,436.65,60419
2026-02-23 07:05:00,436.6,438.05,436.5,437.3,638996
2026-02-23 07:10:00,437.25,438.1,437.25,437.8,122454
2026-02-23 07:15:00,437.9,437.95,436.55,436.6,89262
2026-02-23 07:20:00,436.65,437.0,436.15,437.0,109700
2026-02-23 07:25:00,436.9,437.0,436.1,436.15,102806
2026-02-23 07:30:00,436.25,436.8,436.1,436.1,59549
2026-02-23 07:35:00,436.15,436.6,436.1,436.45,60450
2026-02-23 07:40:00,436.6,436.6,436.0,436.05,78903
2026-02-23 07:45:00,436.15,436.4,435.9,436.05,74202
2026-02-23 07:50:00,436.15,436.2,436.0,436.0,55972
2026-02-23 07:55:00,436.05,436.15,435.8,436.05,78204
2026-02-23 08:00:00,436.05,436.7,436.0,436.0,91142
2026-02-23 08:05:00,436.05,436.5,436.0,436.25,67920
2026-02-23 08:10:00,436.25,436.75,436.25,436.55,51751
2026-02-23 08:15:00,436.65,437.0,436.45,436.9,64720
2026-02-23 08:20:00,436.9,437.2,436.6,436.6,81200
2026-02-23 08:25:00,436.6,436.65,436.05,436.05,66213
2026-02-23 08:30:00,436.05,436.3,435.85,436.1,75730
2026-02-23 08:35:00,436.1,437.3,435.95,436.8,146863
2026-02-23 08:40:00,436.7,437.1,436.3,436.5,94167
2026-02-23 08:45:00,436.45,437.15,436.45,437.1,62797
2026-02-23 08:50:00,437.05,437.35,436.85,436.85,73614
2026-02-23 08:55:00,436.9,437.2,436.4,437.15,71245
2026-02-23 09:00:00,437.05,438.3,436.95,437.85,208517
2026-02-23 09:05:00,438.1,439.0,437.65,438.65,195810
2026-02-23 09:10:00,438.7,439.3,438.0,438.8,156126
2026-02-23 09:15:00,438.7,439.2,438.0,438.65,215260
2026-02-23 09:20:00,438.85,438.9,438.0,438.25,127682
2026-02-23 09:25:00,438.3,439.5,438.1,438.95,339278
2026-02-23 09:30:00,439.25,440.4,439.25,440.1,351809
2026-02-23 09:35:00,440.1,440.3,439.5,439.75,359002
2026-02-23 09:40:00,439.85,440.2,439.65,439.75,421534
2026-02-23 09:45:00,439.8,439.9,439.15,439.55,335044
2026-02-23 09:50:00,439.6,439.9,439.35,439.6,325456
2026-02-23 09:55:00,439.6,440.0,439.0,439.8,330447
2026-02-24 03:45:00,437.0,437.5,434.9,435.2,582661
2026-02-24 03:50:00,435.35,436.0,434.75,436.0,237201
2026-02-24 03:55:00,435.9,436.25,434.8,435.05,207182
2026-02-24 04:00:00,435.2,435.4,434.0,434.25,151598
2026-02-24 04:05:00,434.3,434.45,433.3,433.5,544046
2026-02-24 04:10:00,433.5,433.5,432.4,432.4,164355
2026-02-24 04:15:00,432.45,433.8,432.45,433.7,165959
2026-02-24 04:20:00,433.8,433.9,432.85,433.25,102993
2026-02-24 04:25:00,433.3,433.5,432.1,432.4,185149
2026-02-24 04:30:00,432.55,433.35,432.5,433.0,83314
2026-02-24 04:35:00,433.0,433.5,432.8,433.0,90462
2026-02-24 04:40:00,433.15,433.3,432.55,432.55,131206
2026-02-24 04:45:00,432.6,433.2,432.4,433.1,190338
2026-02-24 04:50:00,433.1,433.85,432.8,432.8,618820
2026-02-24 04:55:00,432.65,432.85,431.8,432.15,269090
2026-02-24 05:00:00,432.2,433.0,432.15,432.55,91223
2026-02-24 05:05:00,432.55,432.7,432.2,432.65,84134
2026-02-24 05:10:00,432.75,433.0,432.3,433.0,53162
2026-02-24 05:15:00,433.0,433.1,432.1,432.15,108968
2026-02-24 05:20:00,432.35,432.6,432.0,432.3,73116
2026-02-24 05:25:00,432.45,432.6,432.05,432.4,57416
2026-02-24 05:30:00,432.5,432.75,432.45,432.55,45383
2026-02-24 05:35:00,432.6,433.45,432.35,433.25,150819
2026-02-24 05:40:00,433.35,433.6,433.0,433.55,57926
2026-02-24 05:45:00,433.6,433.75,433.4,433.55,73356
2026-02-24 05:50:00,433.6,433.75,433.5,433.6,47535
2026-02-24 05:55:00,433.65,434.1,433.6,434.05,92621
2026-02-24 06:00:00,434.05,434.2,433.55,433.75,105059
2026-02-24 06:05:00,433.75,434.8,433.65,434.75,108308
2026-02-24 06:10:00,434.75,435.25,434.25,434.3,149193
2026-02-24 06:15:00,434.35,434.4,433.95,434.05,67678
2026-02-24 06:20:00,434.0,434.4,434.0,434.25,47043
2026-02-24 06:25:00,434.3,434.35,433.6,433.6,45781
2026-02-24 06:30:00,433.6,433.7,433.05,433.05,49227
2026-02-24 06:35:00,433.05,433.5,433.05,433.05,45180
2026-02-24 06:40:00,433.15,433.3,432.75,432.75,79257
2026-02-24 06:45:00,432.8,432.8,432.1,432.15,114659
2026-02-24 06:50:00,432.3,432.35,432.0,432.05,71967
2026-02-24 06:55:00,432.05,432.75,432.0,432.5,72019
2026-02-24 07:00:00,432.5,432.6,432.1,432.25,73728
2026-02-24 07:05:00,432.25,432.6,432.0,432.1,174922
2026-02-24 07:10:00,432.1,432.2,431.6,431.65,146787
2026-02-24 07:15:00,431.5,431.65,431.05,431.15,131023
2026-02-24 07:20:00,431.1,431.25,430.55,430.85,174891
2026-02-24 07:25:00,430.8,431.35,430.7,431.25,83044
2026-02-24 07:30:00,431.25,431.7,430.8,431.6,77485
2026-02-24 07:35:00,431.45,432.05,431.35,432.0,80197
2026-02-24 07:40:00,432.05,432.4,431.75,432.35,130694
2026-02-24 07:45:00,432.15,432.5,431.7,432.1,77480
2026-02-24 07:50:00,432.2,432.35,431.75,431.9,56821
2026-02-24 07:55:00,431.8,432.0,431.5,431.5,65377
2026-02-24 08:00:00,431.55,431.65,430.7,430.8,141239
2026-02-24 08:05:00,430.7,431.55,430.35,431.35,153861
2026-02-24 08:10:00,431.5,431.6,430.8,430.8,60390
2026-02-24 08:15:00,430.9,431.45,430.8,431.0,77710
2026-02-24 08:20:00,431.0,431.35,430.8,431.15,100072
2026-02-24 08:25:00,431.25,432.4,431.15,432.35,163996
2026-02-24 08:30:00,432.4,432.5,431.55,431.6,128513
2026-02-24 08:35:00,431.6,431.9,431.25,431.7,67560
2026-02-24 08:40:00,431.85,432.75,431.6,432.7,141421
2026-02-24 08:45:00,432.55,433.2,432.5,433.05,186920
2026-02-24 08:50:00,433.15,433.15,432.55,432.65,123988
2026-02-24 08:55:00,432.85,433.15,432.55,432.9,118715
2026-02-24 09:00:00,432.8,433.15,432.3,432.5,78642
2026-02-24 09:05:00,432.6,433.1,432.5,433.0,73471
2026-02-24 09:10:00,433.05,433.05,432.5,432.5,118477
2026-02-24 09:15:00,432.4,432.8,432.0,432.6,159460
2026-02-24 09:20:00,432.65,434.4,432.6,434.05,400366
2026-02-24 09:25:00,434.05,434.8,433.95,434.7,279105
2026-02-24 09:30:00,434.55,435.15,434.5,434.7,513440
2026-02-24 09:35:00,434.9,434.9,434.3,434.75,394198
2026-02-24 09:40:00,434.6,435.05,434.55,435.0,409309
2026-02-24 09:45:00,434.95,435.45,434.85,435.35,463512
2026-02-24 09:50:00,435.45,435.8,435.05,435.2,523300
2026-02-24 09:55:00,435.2,435.8,435.0,435.2,416880
2026-02-25 03:45:00,435.0,435.8,433.55,435.8,470114
2026-02-25 03:50:00,435.75,436.8,435.2,436.65,238018
2026-02-25 03:55:00,436.85,437.75,436.35,437.05,200725
2026-02-25 04:00:00,437.05,437.6,436.6,437.5,224292
2026-02-25 04:05:00,437.5,437.8,436.7,437.65,99977
2026-02-25 04:10:00,437.65,437.8,436.7,437.1,107441
2026-02-25 04:15:00,437.1,437.4,436.65,436.8,84852
2026-02-25 04:20:00,436.8,436.8,435.3,435.65,131202
2026-02-25 04:25:00,435.85,436.95,435.65,436.95,89099
2026-02-25 04:30:00,436.85,437.5,436.8,437.3,83113
2026-02-25 04:35:00,437.4,437.75,437.2,437.7,70854
2026-02-25 04:40:00,437.85,438.4,437.35,437.8,157104
2026-02-25 04:45:00,437.9,439.25,437.85,438.85,171884
2026-02-25 04:50:00,438.7,439.4,438.55,438.75,121293
2026-02-25 04:55:00,438.75,439.9,438.65,439.05,179488
2026-02-25 05:00:00,439.1,440.1,439.05,439.65,200820
2026-02-25 05:05:00,439.7,439.7,439.0,439.25,72382
2026-02-25 05:10:00,439.3,439.5,439.05,439.45,74594
2026-02-25 05:15:00,439.45,439.65,439.2,439.5,63214
2026-02-25 05:20:00,439.5,439.8,439.35,439.55,65093
2026-02-25 05:25:00,439.5,439.8,439.2,439.7,74641
2026-02-25 05:30:00,439.7,440.2,439.55,439.8,112901
2026-02-25 05:35:00,439.8,440.7,439.7,440.0,151981
2026-02-25 05:40:00,440.0,440.55,439.9,439.9,98883
2026-02-25 05:45:00,439.95,440.4,439.65,439.8,73098
2026-02-25 05:50:00,439.65,440.05,439.5,439.65,72212
2026-02-25 05:55:00,439.65,439.7,439.25,439.7,52588
2026-02-25 06:00:00,439.7,439.7,439.4,439.65,31457
2026-02-25 06:05:00,439.7,440.0,439.25,439.4,44282
2026-02-25 06:10:00,439.3,439.55,439.0,439.2,68105
2026-02-25 06:15:00,439.2,440.2,439.1,439.9,88122
2026-02-25 06:20:00,439.9,440.0,439.6,439.9,44746
2026-02-25 06:25:00,439.7,439.95,439.25,439.45,46476
2026-02-25 06:30:00,439.45,439.95,439.45,439.8,36265
2026-02-25 06:35:00,439.75,439.95,439.55,439.65,45854
2026-02-25 06:40:00,439.65,440.0,439.55,439.9,58965
2026-02-25 06:45:00,439.9,441.0,439.55,440.55,162964
2026-02-25 06:50:00,440.7,441.0,440.6,440.9,64108
2026-02-25 06:55:00,440.85,440.95,440.5,440.7,98097
2026-02-25 07:00:00,440.6,441.0,439.15,439.15,172630
2026-02-25 07:05:00,439.2,439.35,438.15,438.8,172183
2026-02-25 07:10:00,438.7,438.85,438.05,438.2,94230
2026-02-25 07:15:00,438.35,438.35,437.25,437.35,228535
2026-02-25 07:20:00,437.35,438.6,437.15,437.85,109564
2026-02-25 07:25:00,437.6,438.2,437.55,437.8,88450
2026-02-25 07:30:00,437.8,437.85,437.05,437.6,97121
2026-02-25 07:35:00,437.6,438.45,437.35,438.2,123309
2026-02-25 07:40:00,438.2,438.2,437.5,437.6,69782
2026-02-25 07:45:00,437.6,438.2,437.5,437.95,90321
2026-02-25 07:50:00,437.95,438.2,437.65,437.7,73129
2026-02-25 07:55:00,437.7,438.0,437.5,437.8,80584
2026-02-25 08:00:00,437.8,438.8,437.75,438.3,101787
2026-02-25 08:05:00,438.35,438.7,438.15,438.35,78904
2026-02-25 08:10:00,438.45,438.9,438.15,438.15,89459
2026-02-25 08:15:00,438.3,438.55,437.75,438.35,74429
2026-02-25 08:20:00,438.35,438.55,437.9,438.2,82153
2026-02-25 08:25:00,438.2,438.45,438.0,438.3,74971
2026-02-25 08:30:00,438.3,438.3,437.8,437.85,77741
2026-02-25 08:35:00,438.0,438.2,437.5,437.8,127239
2026-02-25 08:40:00,437.7,438.1,437.65,437.85,62980
2026-02-25 08:45:00,437.75,438.3,437.6,438.2,71116
2026-02-25 08:50:00,438.2,438.4,437.85,438.05,112611
2026-02-25 08:55:00,438.0,439.4,437.85,438.75,289572
2026-02-25 09:00:00,438.75,439.7,438.5,439.0,155989
2026-02-25 09:05:00,439.0,439.05,438.3,438.85,137850
2026-02-25 09:10:00,438.85,439.0,438.4,438.6,130486
2026-02-25 09:15:00,438.7,438.85,438.1,438.4,124978
2026-02-25 09:20:00,438.4,438.8,438.0,438.7,177143
2026-02-25 09:25:00,438.75,439.3,438.55,438.85,140785
2026-02-25 09:30:00,439.1,440.0,439.1,439.7,296906
2026-02-25 09:35:00,439.7,439.95,439.15,439.5,214182
2026-02-25 09:40:00,439.45,439.55,438.85,439.2,258844
2026-02-25 09:45:00,439.15,439.35,438.8,439.15,238891
2026-02-25 09:50:00,439.3,439.4,438.9,439.05,277000
2026-02-25 09:55:00,439.0,439.5,439.0,439.5,264906
2026-02-26 03:45:00,440.6,442.55,440.15,441.95,315377
2026-02-26 03:50:00,442.0,442.0,440.5,440.7,126789
2026-02-26 03:55:00,440.6,441.0,440.2,440.3,99207
2026-02-26 04:00:00,440.25,440.9,440.0,440.9,86342
2026-02-26 04:05:00,440.95,441.65,440.9,441.05,96898
2026-02-26 04:10:00,441.25,441.3,440.6,440.95,35359
2026-02-26 04:15:00,440.95,441.0,440.8,440.9,34873
2026-02-26 04:20:00,440.9,441.0,440.15,440.15,55125
2026-02-26 04:25:00,440.15,440.5,440.0,440.25,47604
2026-02-26 04:30:00,440.3,440.95,440.2,440.95,45260
2026-02-26 04:35:00,441.0,441.75,440.9,441.65,102598
2026-02-26 04:40:00,441.7,441.85,441.4,441.45,53377
2026-02-26 04:45:00,441.45,441.45,441.05,441.35,46971
2026-02-26 04:50:00,441.35,442.5,441.35,441.8,286095
2026-02-26 04:55:00,441.8,443.7,441.7,442.95,308341
2026-02-26 05:00:00,442.95,444.0,442.8,443.7,223192
2026-02-26 05:05:00,443.75,443.9,443.0,443.55,83795
2026-02-26 05:10:00,443.5,443.65,443.1,443.35,63651
2026-02-26 05:15:00,443.45,444.15,443.2,444.1,126728
2026-02-26 05:20:00,444.1,444.3,443.7,443.7,191075
2026-02-26 05:25:00,443.85,443.9,442.8,442.95,177542
2026-02-26 05:30:00,443.05,443.4,442.5,443.15,83506
2026-02-26 05:35:00,443.15,443.2,442.55,443.0,68259
2026-02-26 05:40:00,442.8,443.2,442.8,443.1,35167
2026-02-26 05:45:00,443.1,443.3,442.8,443.0,70344
2026-02-26 05:50:00,443.15,443.7,443.0,443.7,24729
2026-02-26 05:55:00,443.75,444.7,443.65,444.35,177392
2026-02-26 06:00:00,444.3,445.0,443.4,444.8,257398
2026-02-26 06:05:00,444.65,446.35,444.65,445.7,634774
2026-02-26 06:10:00,445.7,445.7,444.1,444.2,228102
2026-02-26 06:15:00,444.1,445.65,443.75,445.55,232163
2026-02-26 06:20:00,445.55,445.65,444.5,444.6,95227
2026-02-26 06:25:00,444.6,444.8,444.1,444.55,108969
2026-02-26 06:30:00,444.55,445.4,444.5,445.4,146236
2026-02-26 06:35:00,445.2,445.4,444.9,445.1,100849
2026-02-26 06:40:00,445.1,445.1,444.65,444.8,109210
2026-02-26 06:45:00,445.0,445.35,444.8,444.95,158525
2026-02-26 06:50:00,444.9,445.15,444.75,445.05,168573
2026-02-26 06:55:00,445.1,446.05,445.0,446.0,229855
2026-02-26 07:00:00,446.0,446.9,445.5,445.6,287371
2026-02-26 07:05:00,445.5,445.65,445.45,445.55,102025
2026-02-26 07:10:00,445.55,446.45,445.4,446.1,195032
2026-02-26 07:15:00,446.0,446.5,445.9,446.2,134615
2026-02-26 07:20:00,446.2,446.6,445.9,446.0,130876
2026-02-26 07:25:00,446.1,446.4,445.8,446.4,98840
2026-02-26 07:30:00,446.4,446.4,446.0,446.25,110818
2026-02-26 07:35:00,446.3,446.65,446.0,446.35,132995
2026-02-26 07:40:00,446.35,446.35,445.5,445.6,119305
2026-02-26 07:45:00,445.6,445.7,444.8,444.85,142297
2026-02-26 07:50:00,444.85,445.0,444.5,445.0,90835
2026-02-26 07:55:00,445.0,445.7,445.0,445.15,144143
2026-02-26 08:00:00,445.1,445.15,444.2,444.3,69468
2026-02-26 08:05:00,444.4,445.75,444.15,445.0,160052
2026-02-26 08:10:00,445.0,445.3,444.65,444.8,78072
2026-02-26 08:15:00,444.95,445.2,444.55,444.65,118814
2026-02-26 08:20:00,444.65,445.25,444.55,445.0,137774
2026-02-26 08:25:00,445.15,445.55,444.85,444.95,79242
2026-02-26 08:30:00,445.05,445.95,444.8,445.75,105068
2026-02-26 08:35:00,445.7,446.0,445.35,445.95,313728
2026-02-26 08:40:00,445.95,446.2,445.7,446.0,109846
2026-02-26 08:45:00,445.85,446.2,445.55,445.8,98732
2026-02-26 08:50:00,445.8,445.9,445.25,445.4,80129
2026-02-26 08:55:00,445.45,445.7,445.25,445.55,111232
2026-02-26 09:00:00,445.5,446.2,445.4,446.1,102856
2026-02-26 09:05:00,446.15,446.15,445.9,446.05,57138
2026-02-26 09:10:00,446.0,447.35,446.0,447.3,387807
2026-02-26 09:15:00,447.3,448.6,447.3,448.6,706887
2026-02-26 09:20:00,448.55,449.2,448.25,448.4,611689
2026-02-26 09:25:00,448.55,448.95,448.3,448.65,350952
2026-02-26 09:30:00,448.65,449.9,448.65,449.0,529870
2026-02-26 09:35:00,449.0,449.4,448.9,449.15,277340
2026-02-26 09:40:00,449.1,449.3,448.55,448.75,437922
2026-02-26 09:45:00,448.8,449.35,448.75,449.0,350963
2026-02-26 09:50:00,449.0,449.05,448.65,448.9,468688
2026-02-26 09:55:00,449.0,449.8,448.4,449.4,726643
2026-02-27 03:45:00,448.6,448.6,443.55,446.5,882133
2026-02-27 03:50:00,446.5,448.0,446.1,447.1,291541
2026-02-27 03:55:00,447.05,448.3,446.5,446.55,276830
2026-02-27 04:00:00,446.3,447.25,446.3,446.75,159994
2026-02-27 04:05:00,446.8,446.85,446.1,446.85,107167
2026-02-27 04:10:00,446.85,446.9,446.3,446.6,85616
2026-02-27 04:15:00,446.5,446.55,445.4,445.55,188028
2026-02-27 04:20:00,445.55,445.95,445.0,445.0,174348
2026-02-27 04:25:00,445.05,445.4,444.9,445.15,142727
2026-02-27 04:30:00,445.1,445.6,444.55,444.7,126897
2026-02-27 04:35:00,444.6,445.2,444.4,444.8,109138
2026-02-27 04:40:00,444.8,446.2,444.35,445.7,167527
2026-02-27 04:45:00,445.75,445.8,445.3,445.7,91828
2026-02-27 04:50:00,445.8,446.9,445.65,446.8,133897
2026-02-27 04:55:00,446.8,447.9,446.75,447.9,148376
2026-02-27 05:00:00,447.9,449.0,447.05,447.2,281894
2026-02-27 05:05:00,447.15,447.9,447.1,447.2,103785
2026-02-27 05:10:00,447.25,447.3,446.8,447.2,92558
2026-02-27 05:15:00,447.2,447.65,447.0,447.6,70522
2026-02-27 05:20:00,447.6,447.6,447.05,447.2,74885
2026-02-27 05:25:00,447.2,447.5,445.85,446.0,321750
2026-02-27 05:30:00,446.0,446.9,445.85,446.2,474227
2026-02-27 05:35:00,446.2,446.3,445.6,446.0,85920
2026-02-27 05:40:00,446.0,446.5,445.25,446.05,402647
2026-02-27 05:45:00,446.05,446.05,445.1,445.2,76618
2026-02-27 05:50:00,445.3,445.3,444.7,444.95,143362
2026-02-27 05:55:00,444.9,445.0,443.2,443.6,309198
2026-02-27 06:00:00,443.6,443.6,442.8,443.2,166285
2026-02-27 06:05:00,443.2,443.35,442.65,442.9,137226
2026-02-27 06:10:00,443.0,443.8,442.85,443.75,105565
2026-02-27 06:15:00,443.85,444.0,443.75,443.9,90727
2026-02-27 06:20:00,443.9,444.0,443.8,444.0,104060
2026-02-27 06:25:00,444.0,444.0,443.5,444.0,122185
2026-02-27 06:30:00,443.95,444.0,443.65,443.7,95201
2026-02-27 06:35:00,443.8,443.85,443.15,443.6,83505
2026-02-27 06:40:00,443.65,443.75,443.5,443.55,57794
2026-02-27 06:45:00,443.6,443.95,443.45,443.7,71924
2026-02-27 06:50:00,443.8,444.0,443.35,443.5,84444
2026-02-27 06:55:00,443.5,444.0,443.45,443.75,63270
2026-02-27 07:00:00,443.8,444.0,443.6,443.9,100013
2026-02-27 07:05:00,443.9,444.0,443.5,443.65,61682
2026-02-27 07:10:00,443.5,443.9,443.45,443.6,86532
2026-02-27 07:15:00,443.65,444.0,443.45,443.85,130189
2026-02-27 07:20:00,443.95,445.5,443.9,445.45,257539
2026-02-27 07:25:00,445.45,445.75,445.15,445.45,117934
2026-02-27 07:30:00,445.5,445.75,445.45,445.55,89400
2026-02-27 07:35:00,445.6,445.75,445.45,445.6,81724
2026-02-27 07:40:00,445.65,445.9,445.4,445.55,92359
2026-02-27 07:45:00,445.6,445.7,445.4,445.55,90420
2026-02-27 07:50:00,445.55,445.9,445.4,445.65,74870
2026-02-27 07:55:00,445.7,445.8,445.5,445.65,69457
2026-02-27 08:00:00,445.65,445.8,445.4,445.55,82846
2026-02-27 08:05:00,445.5,445.8,445.25,445.45,83219
2026-02-27 08:10:00,445.3,445.65,445.25,445.35,82785
2026-02-27 08:15:00,445.3,445.9,444.8,445.55,103320
2026-02-27 08:20:00,445.5,445.6,445.1,445.35,77509
2026-02-27 08:25:00,445.4,446.2,445.3,446.1,100863
2026-02-27 08:30:00,446.15,446.5,445.85,446.2,121045
2026-02-27 08:35:00,446.15,446.4,445.85,446.4,86828
2026-02-27 08:40:00,446.4,446.8,445.45,445.7,151125
2026-02-27 08:45:00,445.7,445.85,445.4,445.65,77149
2026-02-27 08:50:00,445.6,446.05,445.5,445.75,128715
2026-02-27 08:55:00,445.75,445.8,444.45,444.7,161697
2026-02-27 09:00:00,444.65,444.95,444.4,444.9,98458
2026-02-27 09:05:00,444.85,445.65,444.85,445.15,83289
2026-02-27 09:10:00,445.2,445.45,445.0,445.2,69537
2026-02-27 09:15:00,445.2,445.3,444.85,445.1,62568
2026-02-27 09:20:00,445.05,446.0,445.05,445.75,185290
2026-02-27 09:25:00,445.65,445.95,445.4,445.6,169028
2026-02-27 09:30:00,445.6,445.95,442.75,443.05,2044189
2026-02-27 09:35:00,443.0,444.6,442.5,444.45,1947409
2026-02-27 09:40:00,444.5,446.0,444.0,444.95,2199100
2026-02-27 09:45:00,444.95,445.75,444.85,445.35,2143558
2026-02-27 09:50:00,445.2,445.85,444.7,445.3,2471441
2026-02-27 09:55:00,445.3,445.45,441.7,443.0,1969328
2026-03-02 03:45:00,442.1,452.5,441.7,449.55,2526045
2026-03-02 03:50:00,449.55,452.9,448.5,452.4,1419529
2026-03-02 03:55:00,452.3,455.8,450.45,453.0,2064639
2026-03-02 04:00:00,453.2,454.4,451.1,453.6,982963
2026-03-02 04:05:00,453.8,454.4,452.5,453.85,720887
2026-03-02 04:10:00,453.85,454.9,453.0,454.15,624941
2026-03-02 04:15:00,454.3,455.8,454.05,455.25,956511
2026-03-02 04:20:00,455.35,456.7,453.15,453.65,1137994
2026-03-02 04:25:00,453.6,456.45,453.5,455.15,543460
2026-03-02 04:30:00,455.15,455.5,454.4,454.6,345397
2026-03-02 04:35:00,454.5,455.0,453.7,454.25,280787
2026-03-02 04:40:00,454.3,454.4,450.9,452.15,767926
2026-03-02 04:45:00,452.1,452.5,450.65,451.4,452219
2026-03-02 04:50:00,451.5,451.75,450.5,451.4,332949
2026-03-02 04:55:00,451.25,452.0,450.95,451.8,285195
2026-03-02 05:00:00,451.85,453.4,451.4,452.6,323839
2026-03-02 05:05:00,452.75,453.8,452.6,453.2,168893
2026-03-02 05:10:00,453.2,453.95,452.0,452.1,224571
2026-03-02 05:15:00,452.15,454.75,452.1,454.75,420163
2026-03-02 05:20:00,454.7,455.2,454.35,454.9,471641
2026-03-02 05:25:00,454.9,454.9,453.7,453.95,344915
2026-03-02 05:30:00,453.95,454.8,453.6,454.15,239673
2026-03-02 05:35:00,454.15,454.15,452.1,452.8,350235
2026-03-02 05:40:00,452.9,453.75,452.2,453.5,224591
2026-03-02 05:45:00,453.5,453.75,452.65,452.9,206856
2026-03-02 05:50:00,452.85,453.55,452.5,453.25,203254
2026-03-02 05:55:00,453.1,453.5,452.8,453.1,142478
2026-03-02 06:00:00,453.0,454.0,453.0,454.0,170055
2026-03-02 06:05:00,454.0,454.45,453.75,454.3,236349
2026-03-02 06:10:00,454.3,454.45,453.5,454.15,194294
2026-03-02 06:15:00,454.15,454.35,453.5,453.9,187009
2026-03-02 06:20:00,453.95,454.0,453.05,453.5,243953
2026-03-02 06:25:00,453.5,453.5,451.8,451.9,381578
2026-03-02 06:30:00,451.8,452.3,451.25,452.2,381134
2026-03-02 06:35:00,452.2,453.7,451.65,453.45,336499
2026-03-02 06:40:00,453.35,453.45,451.5,451.6,245481
2026-03-02 06:45:00,451.5,451.8,450.0,450.3,692997
2026-03-02 06:50:00,450.45,450.95,449.15,449.15,397755
2026-03-02 06:55:00,449.15,450.4,449.15,449.7,377729
2026-03-02 07:00:00,449.7,450.25,449.45,450.0,255800
2026-03-02 07:05:00,450.15,450.5,449.25,449.6,258066
2026-03-02 07:10:00,449.6,449.65,448.75,448.8,315003
2026-03-02 07:15:00,448.8,449.85,448.5,449.5,341415
2026-03-02 07:20:00,449.45,450.15,448.85,449.8,282462
2026-03-02 07:25:00,449.7,450.0,449.0,449.2,264031
2026-03-02 07:30:00,449.25,450.8,449.0,450.5,198329
2026-03-02 07:35:00,450.7,450.8,449.5,449.8,317272
2026-03-02 07:40:00,449.8,450.0,449.3,449.7,205347
2026-03-02 07:45:00,449.75,450.0,449.0,449.65,251646
2026-03-02 07:50:00,449.7,449.75,449.05,449.15,141024
2026-03-02 07:55:00,449.3,449.3,447.6,448.6,378293
2026-03-02 08:00:00,448.6,449.5,448.15,449.25,462651
2026-03-02 08:05:00,449.25,450.0,449.0,449.05,219843
2026-03-02 08:10:00,449.25,450.5,449.0,450.5,308707
2026-03-02 08:15:00,450.45,450.7,450.05,450.1,245684
2026-03-02 08:20:00,450.1,450.3,448.2,448.4,344194
2026-03-02 08:25:00,448.45,448.45,447.0,447.4,471348
2026-03-02 08:30:00,447.4,450.25,447.1,449.7,457478
2026-03-02 08:35:00,449.6,451.8,449.6,450.7,558182
2026-03-02 08:40:00,450.7,452.65,450.6,452.2,648129
2026-03-02 08:45:00,452.45,452.5,451.3,451.65,316400
2026-03-02 08:50:00,451.6,451.95,451.2,451.4,231263
2026-03-02 08:55:00,451.5,451.6,450.25,450.25,325189
2026-03-02 09:00:00,450.3,452.2,450.0,452.2,409898
2026-03-02 09:05:00,452.25,453.5,452.05,452.95,626894
2026-03-02 09:10:00,453.0,453.95,452.9,453.6,868811
2026-03-02 09:15:00,453.6,453.8,452.55,452.85,284128
2026-03-02 09:20:00,452.8,452.85,451.8,452.7,251598
2026-03-02 09:25:00,452.8,453.0,452.35,452.5,195525
2026-03-02 09:30:00,452.55,453.8,452.05,453.55,555619
2026-03-02 09:35:00,453.6,454.7,453.25,454.1,551959
2026-03-02 09:40:00,454.2,454.6,453.7,454.6,505799
2026-03-02 09:45:00,454.6,454.6,453.6,454.0,561762
2026-03-02 09:50:00,454.0,454.3,453.85,453.85,599668
2026-03-02 09:55:00,454.0,454.5,453.8,454.15,876145
2026-03-04 03:45:00,460.0,460.85,452.5,455.25,5966213
2026-03-04 03:50:00,455.1,455.65,450.55,451.7,2470949
2026-03-04 03:55:00,451.75,454.35,451.3,452.9,1003386
2026-03-04 04:00:00,452.9,454.5,451.8,452.3,842207
2026-03-04 04:05:00,452.4,453.4,452.0,452.4,531293
2026-03-04 04:10:00,452.4,455.7,452.15,454.9,870025
2026-03-04 04:15:00,455.0,455.9,453.85,454.0,635602
2026-03-04 04:20:00,454.0,454.1,452.75,453.4,413869
2026-03-04 04:25:00,453.4,453.65,452.55,452.75,319987
2026-03-04 04:30:00,452.75,454.75,452.2,454.2,628713
2026-03-04 04:35:00,454.3,456.2,454.15,456.2,625433
2026-03-04 04:40:00,456.2,457.1,454.8,455.45,711258
2026-03-04 04:45:00,455.5,455.5,454.15,454.9,457481
2026-03-04 04:50:00,454.9,456.6,454.9,456.6,474621
2026-03-04 04:55:00,456.6,456.6,455.4,455.5,273434
2026-03-04 05:00:00,455.65,456.45,455.0,455.3,247932
2026-03-04 05:05:00,455.3,455.3,454.5,454.95,212726
2026-03-04 05:10:00,455.0,455.05,454.3,454.8,178293
2026-03-04 05:15:00,454.85,455.8,453.35,453.6,378185
2026-03-04 05:20:00,453.65,454.65,452.85,454.25,376958
2026-03-04 05:25:00,454.25,454.8,453.85,454.25,154023
2026-03-04 05:30:00,454.1,454.5,453.75,453.85,170694
2026-03-04 05:35:00,453.85,454.55,453.55,454.0,201601
2026-03-04 05:40:00,453.95,454.0,453.25,453.35,253834
2026-03-04 05:45:00,453.4,453.4,452.3,452.85,335159
2026-03-04 05:50:00,452.85,452.85,450.15,451.25,663406
2026-03-04 05:55:00,451.25,451.8,451.0,451.25,194549
2026-03-04 06:00:00,451.2,451.25,449.1,449.4,426969
2026-03-04 06:05:00,449.45,450.7,449.2,450.35,215651
2026-03-04 06:10:00,450.45,451.65,450.3,450.95,154699
2026-03-04 06:15:00,450.95,451.4,450.5,450.9,139045
2026-03-04 06:20:00,450.9,452.0,450.75,451.1,152603
2026-03-04 06:25:00,451.1,451.95,451.0,451.55,105415
2026-03-04 06:30:00,451.75,452.6,451.55,451.75,159726
2026-03-04 06:35:00,451.75,451.75,450.15,450.3,131357
2026-03-04 06:40:00,450.3,451.45,450.25,450.6,200557
2026-03-04 06:45:00,450.5,451.0,448.2,448.7,262432
2026-03-04 06:50:00,448.7,448.95,448.0,448.2,217038
2026-03-04 06:55:00,448.2,448.5,446.7,447.3,545365
2026-03-04 07:00:00,447.25,447.6,446.6,447.25,246680
2026-03-04 07:05:00,447.4,447.45,446.5,446.75,164794
2026-03-04 07:10:00,446.75,447.15,446.0,447.0,235553
2026-03-04 07:15:00,447.05,447.6,446.45,446.55,155749
2026-03-04 07:20:00,446.55,446.75,445.9,446.05,389820
2026-03-04 07:25:00,446.05,446.95,445.95,446.5,185432
2026-03-04 07:30:00,446.55,447.8,446.25,446.9,182606
2026-03-04 07:35:00,447.0,447.8,447.0,447.8,135369
2026-03-04 07:40:00,447.9,448.0,447.2,447.95,150691
2026-03-04 07:45:00,448.0,448.0,446.55,447.0,166562
2026-03-04 07:50:00,447.1,448.4,446.6,447.95,349081
2026-03-04 07:55:00,447.95,448.45,447.0,447.15,238376
2026-03-04 08:00:00,447.2,447.6,447.05,447.05,94023
2026-03-04 08:05:00,447.05,447.35,446.7,446.95,176390
2026-03-04 08:10:00,447.05,447.2,446.6,446.8,122531
2026-03-04 08:15:00,447.0,447.2,446.45,447.0,350945
2026-03-04 08:20:00,446.95,447.1,445.1,445.25,296562
2026-03-04 08:25:00,445.3,445.85,444.5,445.6,300798
2026-03-04 08:30:00,445.65,446.25,445.6,445.8,110008
2026-03-04 08:35:00,445.85,447.7,445.5,447.5,411507
2026-03-04 08:40:00,447.55,448.4,447.2,448.4,249968
2026-03-04 08:45:00,448.75,449.45,448.35,449.1,355430
2026-03-04 08:50:00,449.1,449.2,446.8,447.0,498584
2026-03-04 08:55:00,446.95,447.15,446.5,446.55,201575
2026-03-04 09:00:00,446.5,447.2,446.0,446.8,133317
2026-03-04 09:05:00,446.8,447.0,446.05,446.85,216974
2026-03-04 09:10:00,446.85,447.75,446.75,447.5,343797
2026-03-04 09:15:00,447.5,448.4,446.55,448.1,222701
2026-03-04 09:20:00,448.2,448.85,447.5,448.1,352838
2026-03-04 09:25:00,448.0,448.4,447.35,448.05,208372
2026-03-04 09:30:00,448.1,448.45,447.3,447.55,767546
2026-03-04 09:35:00,447.6,447.9,446.6,446.8,911406
2026-03-04 09:40:00,446.8,447.15,446.5,446.8,865742
2026-03-04 09:45:00,446.8,447.5,446.5,446.9,560412
2026-03-04 09:50:00,446.8,447.3,446.0,446.15,871791
2026-03-04 09:55:00,446.1,446.25,445.05,446.0,872020
2026-03-05 03:45:00,448.8,451.65,445.85,449.9,1248578
2026-03-05 03:50:00,449.9,453.5,449.55,452.3,642525
2026-03-05 03:55:00,452.1,453.8,452.1,453.25,383065
2026-03-05 04:00:00,453.35,454.9,452.25,454.3,709883
2026-03-05 04:05:00,454.3,454.8,453.2,453.6,371136
2026-03-05 04:10:00,453.65,454.6,452.7,453.1,395833
2026-03-05 04:15:00,453.1,453.45,452.8,452.9,122780
2026-03-05 04:20:00,453.0,455.8,452.9,455.45,543328
2026-03-05 04:25:00,455.5,456.6,454.5,454.9,516988
2026-03-05 04:30:00,454.7,456.3,454.65,455.1,303260
2026-03-05 04:35:00,455.0,456.0,454.55,454.75,243414
2026-03-05 04:40:00,454.75,454.8,454.05,454.35,153251
2026-03-05 04:45:00,454.4,455.25,454.2,454.7,148727
2026-03-05 04:50:00,454.75,454.8,454.2,454.3,143299
2026-03-05 04:55:00,454.35,454.4,453.2,453.9,339940
2026-03-05 05:00:00,453.9,454.7,453.75,454.65,134540
2026-03-05 05:05:00,454.6,457.3,454.6,457.2,527462
2026-03-05 05:10:00,457.35,458.15,456.5,457.55,564147
2026-03-05 05:15:00,457.55,458.95,457.15,458.45,579802
2026-03-05 05:20:00,458.5,458.9,457.6,458.85,286288
2026-03-05 05:25:00,458.75,460.0,458.4,459.3,979556
2026-03-05 05:30:00,459.35,459.35,458.1,458.6,318909
2026-03-05 05:35:00,458.6,460.5,457.8,460.5,1614702
2026-03-05 05:40:00,460.45,460.75,459.2,460.0,395746
2026-03-05 05:45:00,460.05,464.3,460.0,464.0,1621784
2026-03-05 05:50:00,463.95,464.35,462.45,462.7,873425
2026-03-05 05:55:00,462.75,463.85,462.4,463.55,490779
2026-03-05 06:00:00,463.6,464.6,463.4,464.2,674143
2026-03-05 06:05:00,464.2,465.0,462.85,463.2,774170
2026-03-05 06:10:00,463.15,463.5,462.5,462.9,312062
2026-03-05 06:15:00,463.0,463.0,461.1,461.1,446936
2026-03-05 06:20:00,461.35,462.35,461.0,462.35,341153
2026-03-05 06:25:00,461.95,462.35,460.3,460.85,307561
2026-03-05 06:30:00,460.85,461.65,460.6,460.6,190888
2026-03-05 06:35:00,460.7,461.35,459.25,461.25,457221
2026-03-05 06:40:00,461.2,463.0,461.0,463.0,338420
2026-03-05 06:45:00,462.9,463.35,461.7,461.9,335005
2026-03-05 06:50:00,462.0,463.6,461.9,463.3,335865
2026-03-05 06:55:00,463.3,465.5,463.0,464.95,1102253
2026-03-05 07:00:00,464.95,467.0,464.5,465.8,887768
2026-03-05 07:05:00,465.9,467.4,465.45,467.35,680209
2026-03-05 07:10:00,467.1,467.3,466.3,466.95,449054
2026-03-05 07:15:00,467.0,467.3,466.3,466.65,481822
2026-03-05 07:20:00,466.7,467.5,466.45,467.3,514695
2026-03-05 07:25:00,467.2,467.9,466.0,467.8,619104
2026-03-05 07:30:00,467.8,467.8,465.65,466.15,454899
2026-03-05 07:35:00,466.25,467.5,466.15,466.75,364884
2026-03-05 07:40:00,466.8,467.2,466.15,466.45,246034
2026-03-05 07:45:00,466.5,466.7,465.35,465.9,370726
2026-03-05 07:50:00,466.0,466.2,465.1,465.6,308508
2026-03-05 07:55:00,465.6,467.0,465.3,466.85,240336
2026-03-05 08:00:00,466.8,467.2,466.35,466.85,273056
2026-03-05 08:05:00,466.95,467.2,466.15,466.9,248470
2026-03-05 08:10:00,466.75,467.5,466.7,467.3,282971
2026-03-05 08:15:00,467.4,467.5,466.95,466.95,211008
2026-03-05 08:20:00,466.7,467.25,466.5,466.8,222968
2026-03-05 08:25:00,466.8,467.1,465.75,466.0,339861
2026-03-05 08:30:00,465.85,466.2,465.55,465.95,299233
2026-03-05 08:35:00,466.15,466.15,464.6,464.7,450993
2026-03-05 08:40:00,464.85,464.9,464.2,464.7,494247
2026-03-05 08:45:00,464.75,466.0,463.9,464.0,422037
2026-03-05 08:50:00,464.1,466.25,463.8,465.95,400443
2026-03-05 08:55:00,465.9,466.5,465.6,465.9,257714
2026-03-05 09:00:00,465.9,466.1,465.35,465.85,213726
2026-03-05 09:05:00,465.6,466.5,465.6,466.45,318174
2026-03-05 09:10:00,466.45,467.2,465.0,465.0,531075
2026-03-05 09:15:00,465.0,465.75,464.05,465.3,473765
2026-03-05 09:20:00,465.3,466.15,465.0,465.05,540563
2026-03-05 09:25:00,465.0,465.15,459.4,460.7,1417089
2026-03-05 09:30:00,460.9,460.9,458.5,458.7,1255849
2026-03-05 09:35:00,458.8,459.8,458.15,459.65,732201
2026-03-05 09:40:00,460.1,460.65,458.5,459.4,651275
2026-03-05 09:45:00,459.55,461.15,459.35,460.2,735627
2026-03-05 09:50:00,460.25,461.5,460.2,461.45,651029
2026-03-05 09:55:00,461.5,462.0,460.95,462.0,654484
2026-03-06 03:45:00,462.0,466.45,460.35,463.35,1752530
2026-03-06 03:50:00,463.05,466.35,462.8,466.1,1230785
2026-03-06 03:55:00,466.3,469.7,465.9,468.65,1390947
2026-03-06 04:00:00,468.6,470.75,467.8,469.35,1060272
2026-03-06 04:05:00,469.35,469.6,467.85,468.4,464641
2026-03-06 04:10:00,468.4,470.75,468.4,470.45,802891
2026-03-06 04:15:00,470.4,472.5,470.0,471.35,1191021
2026-03-06 04:20:00,471.2,472.2,470.05,470.85,774505
2026-03-06 04:25:00,470.85,472.15,470.5,472.1,445769
2026-03-06 04:30:00,471.9,472.85,470.2,470.95,523202
2026-03-06 04:35:00,470.85,471.3,470.25,470.65,245191
2026-03-06 04:40:00,470.7,470.75,469.0,469.15,550477
2026-03-06 04:45:00,469.15,469.9,468.5,469.0,408862
2026-03-06 04:50:00,469.0,470.0,468.75,469.6,269271
2026-03-06 04:55:00,469.5,469.8,468.4,468.95,388566
2026-03-06 05:00:00,468.95,469.0,468.15,468.95,223803
2026-03-06 05:05:00,468.85,469.0,468.5,469.0,163211
2026-03-06 05:10:00,468.95,470.45,468.8,470.3,396235
2026-03-06 05:15:00,470.25,470.55,468.25,468.7,281760
2026-03-06 05:20:00,468.55,469.45,468.3,469.35,205301
2026-03-06 05:25:00,469.35,469.35,467.5,468.9,424562
2026-03-06 05:30:00,468.8,471.1,468.65,470.65,445149
2026-03-06 05:35:00,470.55,471.7,470.5,471.25,374106
2026-03-06 05:40:00,471.35,471.45,470.25,470.85,218751
2026-03-06 05:45:00,470.85,471.4,470.65,470.75,324086
2026-03-06 05:50:00,470.8,471.5,470.6,471.4,188920
2026-03-06 05:55:00,471.5,471.7,470.1,470.5,255113
2026-03-06 06:00:00,470.45,471.35,470.3,470.8,209323
2026-03-06 06:05:00,470.8,471.2,470.55,470.95,140822
2026-03-06 06:10:00,471.0,472.2,470.55,471.25,427476
2026-03-06 06:15:00,471.1,472.4,470.9,472.25,254988
2026-03-06 06:20:00,472.25,472.75,472.05,472.5,333236
2026-03-06 06:25:00,472.5,472.6,471.25,472.3,261351
2026-03-06 06:30:00,472.4,472.5,471.6,471.95,200107
2026-03-06 06:35:00,472.0,472.0,471.3,472.0,172641
2026-03-06 06:40:00,472.0,472.0,471.1,471.4,156821
2026-03-06 06:45:00,471.45,471.9,471.1,471.65,190738
2026-03-06 06:50:00,471.65,471.95,471.4,471.95,132612
2026-03-06 06:55:00,471.8,472.0,471.0,471.25,176925
2026-03-06 07:00:00,471.35,471.6,471.0,471.3,143426
2026-03-06 07:05:00,471.3,471.5,471.1,471.45,114139
2026-03-06 07:10:00,471.45,471.85,470.85,471.0,225721
2026-03-06 07:15:00,471.05,471.05,470.2,470.6,184268
2026-03-06 07:20:00,470.65,471.05,470.35,470.65,150375
2026-03-06 07:25:00,470.65,470.75,470.0,470.5,158453
2026-03-06 07:30:00,470.5,471.0,469.7,469.9,278801
2026-03-06 07:35:00,469.95,469.95,469.25,469.45,235863
2026-03-06 07:40:00,469.45,469.55,468.8,469.2,225913
2026-03-06 07:45:00,469.3,470.15,469.15,469.8,185966
2026-03-06 07:50:00,469.9,470.0,469.2,469.7,185209
2026-03-06 07:55:00,469.75,470.2,469.6,470.1,109586
2026-03-06 08:00:00,470.1,470.15,469.15,469.25,142185
2026-03-06 08:05:00,469.25,470.45,468.8,469.9,216124
2026-03-06 08:10:00,470.05,470.95,469.8,470.4,167243
2026-03-06 08:15:00,470.35,470.4,469.2,469.9,151562
2026-03-06 08:20:00,469.9,470.7,469.9,470.55,192301
2026-03-06 08:25:00,470.65,470.95,470.25,470.45,141537
2026-03-06 08:30:00,470.45,470.7,470.1,470.3,123887
2026-03-06 08:35:00,470.25,470.7,470.15,470.7,129598
2026-03-06 08:40:00,470.55,471.45,470.55,471.0,357251
2026-03-06 08:45:00,471.0,472.35,470.85,472.25,468354
2026-03-06 08:50:00,472.25,472.4,471.5,472.15,210413
2026-03-06 08:55:00,472.15,473.45,472.0,472.0,613209
2026-03-06 09:00:00,472.2,473.1,472.1,472.9,217472
2026-03-06 09:05:00,472.9,473.05,470.55,470.75,495779
2026-03-06 09:10:00,470.6,470.95,469.95,470.35,381218
2026-03-06 09:15:00,470.3,470.8,467.8,468.9,718204
2026-03-06 09:20:00,468.9,470.25,468.7,469.55,265748
2026-03-06 09:25:00,469.6,469.65,468.65,469.05,225870
2026-03-06 09:30:00,469.2,469.4,468.0,468.2,476241
2026-03-06 09:35:00,468.2,468.3,467.0,467.4,555950
2026-03-06 09:40:00,467.4,468.85,467.25,468.75,402728
2026-03-06 09:45:00,468.75,469.0,468.0,468.85,468954
2026-03-06 09:50:00,468.8,469.25,468.2,468.8,483859
2026-03-06 09:55:00,468.8,469.8,468.4,469.6,538635
2026-03-09 03:45:00,470.0,470.0,456.1,457.7,2364071
2026-03-09 03:50:00,457.95,458.85,452.65,454.0,1376929
2026-03-09 03:55:00,453.9,454.45,452.25,453.3,800367
2026-03-09 04:00:00,453.25,455.25,450.0,452.1,1196980
2026-03-09 04:05:00,452.3,454.55,451.2,454.2,555345
2026-03-09 04:10:00,454.0,455.3,452.55,453.35,738183
2026-03-09 04:15:00,453.4,454.4,451.55,452.0,603710
2026-03-09 04:20:00,451.95,454.2,451.7,453.55,454322
2026-03-09 04:25:00,453.55,454.5,452.85,454.35,353202
2026-03-09 04:30:00,454.3,454.8,451.75,452.85,429631
2026-03-09 04:35:00,452.85,454.8,452.7,454.5,269008
2026-03-09 04:40:00,454.55,455.35,453.6,454.55,283291
2026-03-09 04:45:00,454.55,454.6,452.25,453.05,295420
2026-03-09 04:50:00,453.05,453.9,452.75,453.3,164986
2026-03-09 04:55:00,453.3,454.0,452.75,453.2,166783
2026-03-09 05:00:00,453.15,453.25,451.15,451.45,320321
2026-03-09 05:05:00,451.25,451.75,450.4,450.8,421939
2026-03-09 05:10:00,450.95,451.65,450.6,450.9,200998
2026-03-09 05:15:00,450.95,451.0,450.2,450.35,214978
2026-03-09 05:20:00,450.3,453.25,450.2,453.15,295235
2026-03-09 05:25:00,453.15,454.75,453.1,453.55,374364
2026-03-09 05:30:00,453.7,454.75,453.0,454.75,172352
2026-03-09 05:35:00,454.6,454.9,453.7,454.05,123210
2026-03-09 05:40:00,454.05,454.1,452.45,453.3,181309
2026-03-09 05:45:00,453.3,454.2,452.6,453.9,102037
2026-03-09 05:50:00,453.85,454.8,453.85,454.15,191834
2026-03-09 05:55:00,454.15,455.1,454.1,455.0,229216
2026-03-09 06:00:00,455.0,455.0,453.25,454.2,130192
2026-03-09 06:05:00,454.2,454.9,454.1,454.9,84630
2026-03-09 06:10:00,454.9,455.8,454.75,455.2,286065
2026-03-09 06:15:00,455.3,455.3,454.1,454.85,146942
2026-03-09 06:20:00,454.7,455.5,454.65,455.0,95027
2026-03-09 06:25:00,455.1,455.1,454.1,454.2,112133
2026-03-09 06:30:00,454.3,454.3,452.8,453.05,229482
2026-03-09 06:35:00,453.1,453.25,452.0,452.05,138617
2026-03-09 06:40:00,452.1,453.05,451.75,452.8,213846
2026-03-09 06:45:00,452.9,452.95,452.15,452.65,106108
2026-03-09 06:50:00,452.6,452.95,452.1,452.95,137022
2026-03-09 06:55:00,453.0,453.0,452.6,452.8,88361
2026-03-09 07:00:00,452.8,453.2,452.3,452.3,91046
2026-03-09 07:05:00,452.25,453.15,452.1,452.9,71092
2026-03-09 07:10:00,453.05,453.25,452.8,453.0,61979
2026-03-09 07:15:00,453.2,453.4,452.35,452.5,117214
2026-03-09 07:20:00,452.55,453.4,452.5,453.2,93449
2026-03-09 07:25:00,453.25,453.7,453.1,453.65,101634
2026-03-09 07:30:00,453.65,453.7,452.9,453.25,87178
2026-03-09 07:35:00,453.35,453.9,453.0,453.55,107321
2026-03-09 07:40:00,453.65,453.85,452.95,453.25,81027
2026-03-09 07:45:00,453.25,454.75,453.25,454.3,212569
2026-03-09 07:50:00,454.4,454.8,453.6,453.8,88874
2026-03-09 07:55:00,453.65,454.5,453.0,453.0,199594
2026-03-09 08:00:00,453.05,454.4,452.8,454.3,89689
2026-03-09 08:05:00,454.25,454.25,453.55,454.05,92335
2026-03-09 08:10:00,454.2,454.8,454.0,454.25,95962
2026-03-09 08:15:00,454.25,454.3,453.4,453.5,76064
2026-03-09 08:20:00,453.55,454.0,453.3,453.6,69937
2026-03-09 08:25:00,453.65,454.35,453.5,453.75,91019
2026-03-09 08:30:00,453.85,454.2,453.0,453.1,187676
2026-03-09 08:35:00,453.15,453.7,453.0,453.5,89860
2026-03-09 08:40:00,453.45,453.85,453.1,453.2,59244
2026-03-09 08:45:00,453.35,453.6,452.9,452.95,65948
2026-03-09 08:50:00,452.85,453.5,452.4,453.3,171011
2026-03-09 08:55:00,453.35,453.9,453.2,453.55,128303
2026-03-09 09:00:00,453.65,453.95,453.3,453.4,111238
2026-03-09 09:05:00,453.4,453.95,453.2,453.85,96533
2026-03-09 09:10:00,453.75,455.8,453.6,455.3,493839
2026-03-09 09:15:00,455.5,457.45,455.3,456.3,521894
2026-03-09 09:20:00,456.35,457.4,456.3,457.15,316212
2026-03-09 09:25:00,457.6,458.6,457.4,458.25,402059
2026-03-09 09:30:00,458.3,459.15,457.3,458.85,455470
2026-03-09 09:35:00,458.95,459.5,457.55,457.85,368888
2026-03-09 09:40:00,457.85,458.45,456.15,456.2,422953
2026-03-09 09:45:00,456.35,457.35,456.1,456.95,512681
2026-03-09 09:50:00,457.0,457.05,456.0,457.05,513828
2026-03-09 09:55:00,457.05,457.2,456.1,456.15,372362
2026-03-10 03:45:00,465.0,465.8,458.3,459.2,1735738
2026-03-10 03:50:00,459.2,461.75,459.0,459.8,659643
2026-03-10 03:55:00,459.75,460.4,458.45,458.75,571815
2026-03-10 04:00:00,458.85,459.1,456.5,457.5,651813
2026-03-10 04:05:00,457.5,457.8,455.5,455.55,436839
2026-03-10 04:10:00,455.6,458.9,455.45,458.4,386986
2026-03-10 04:15:00,458.2,458.2,455.0,455.75,365390
2026-03-10 04:20:00,455.7,455.7,454.25,455.0,392607
2026-03-10 04:25:00,455.0,455.2,453.55,454.15,273186
2026-03-10 04:30:00,454.1,455.5,453.9,455.1,164380
2026-03-10 04:35:00,455.25,455.8,454.6,455.25,156887
2026-03-10 04:40:00,455.25,455.4,454.25,455.15,204196
2026-03-10 04:45:00,455.15,455.95,454.7,455.5,223779
2026-03-10 04:50:00,455.6,455.7,454.75,455.5,171487
2026-03-10 04:55:00,455.55,455.6,455.05,455.35,80665
2026-03-10 05:00:00,455.45,456.35,455.1,455.9,177480
2026-03-10 05:05:00,455.9,455.95,454.3,454.75,183763
2026-03-10 05:10:00,454.7,455.6,454.3,455.45,134695
2026-03-10 05:15:00,455.5,456.6,455.25,456.45,218950
2026-03-10 05:20:00,456.45,458.25,456.1,457.8,313171
2026-03-10 05:25:00,457.8,457.95,456.85,457.4,166579
2026-03-10 05:30:00,457.4,457.8,457.15,457.3,96063
2026-03-10 05:35:00,457.5,458.35,457.3,458.05,172909
2026-03-10 05:40:00,458.0,458.2,457.8,458.15,111670
2026-03-10 05:45:00,458.0,458.5,457.5,457.75,110011
2026-03-10 05:50:00,457.8,458.7,457.75,458.1,115307
2026-03-10 05:55:00,458.1,458.2,456.9,457.3,124597
2026-03-10 06:00:00,457.3,457.4,456.65,456.85,106464
2026-03-10 06:05:00,456.8,457.8,456.8,457.8,75204
2026-03-10 06:10:00,457.85,457.95,457.25,457.3,90379
2026-03-10 06:15:00,457.15,458.3,456.8,456.8,197178
2026-03-10 06:20:00,456.9,457.8,456.5,457.6,76332
2026-03-10 06:25:00,457.65,458.0,457.25,457.45,89580
2026-03-10 06:30:00,457.35,457.45,457.05,457.2,64260
2026-03-10 06:35:00,457.3,457.55,457.0,457.0,80265
2026-03-10 06:40:00,457.05,457.1,456.15,456.15,182905
2026-03-10 06:45:00,456.2,456.95,455.75,456.9,130289
2026-03-10 06:50:00,456.9,456.9,456.2,456.35,95112
2026-03-10 06:55:00,456.35,457.1,456.2,456.8,82056
2026-03-10 07:00:00,456.95,456.95,456.25,456.4,75861
2026-03-10 07:05:00,456.4,457.2,456.25,457.0,69130
2026-03-10 07:10:00,456.95,457.95,456.9,457.95,139942
2026-03-10 07:15:00,457.95,459.25,457.5,459.0,295491
2026-03-10 07:20:00,459.05,460.15,458.9,459.8,290600
2026-03-10 07:25:00,460.4,460.9,459.8,460.75,313537
2026-03-10 07:30:00,460.9,462.0,460.7,461.35,426972
2026-03-10 07:35:00,461.4,461.4,460.55,461.0,157660
2026-03-10 07:40:00,460.9,462.25,460.9,461.5,315182
2026-03-10 07:45:00,461.5,461.9,461.35,461.7,140321
2026-03-10 07:50:00,461.6,462.4,461.35,462.15,302667
2026-03-10 07:55:00,462.25,463.25,462.0,462.9,326500
2026-03-10 08:00:00,462.85,463.75,462.8,463.3,273829
2026-03-10 08:05:00,463.2,463.3,462.0,462.4,354988
2026-03-10 08:10:00,462.4,462.65,461.55,462.5,141455
2026-03-10 08:15:00,462.5,462.65,462.0,462.65,154962
2026-03-10 08:20:00,462.65,463.3,462.55,462.8,165903
2026-03-10 08:25:00,462.8,463.05,462.65,462.7,81726
2026-03-10 08:30:00,462.8,462.8,461.45,461.95,147026
2026-03-10 08:35:00,461.9,463.0,461.5,462.8,175691
2026-03-10 08:40:00,462.8,463.4,462.65,463.15,207097
2026-03-10 08:45:00,463.7,464.3,462.65,462.8,403526
2026-03-10 08:50:00,462.8,463.0,461.4,462.0,188114
2026-03-10 08:55:00,461.95,462.7,461.3,461.85,214019
2026-03-10 09:00:00,461.95,462.25,461.15,461.5,293631
2026-03-10 09:05:00,461.5,461.75,460.55,460.6,192963
2026-03-10 09:10:00,460.75,461.0,459.75,460.2,335276
2026-03-10 09:15:00,460.2,461.5,459.5,461.25,254728
2026-03-10 09:20:00,461.25,461.5,460.45,461.2,186792
2026-03-10 09:25:00,461.25,462.0,461.1,461.75,154631
2026-03-10 09:30:00,461.75,462.55,461.15,462.5,420668
2026-03-10 09:35:00,462.45,463.6,462.35,463.45,379884
2026-03-10 09:40:00,463.4,463.45,462.75,462.95,339691
2026-03-10 09:45:00,462.95,463.95,462.6,463.7,501417
2026-03-10 09:50:00,463.7,464.6,463.15,464.6,603731
2026-03-10 09:55:00,464.55,465.0,463.65,463.95,574033
2026-03-11 03:45:00,463.5,469.8,463.0,468.65,1471709
2026-03-11 03:50:00,468.5,468.65,466.8,466.9,422234
2026-03-11 03:55:00,466.75,467.4,464.15,464.25,549624
2026-03-11 04:00:00,464.2,464.8,463.6,464.8,311623
2026-03-11 04:05:00,464.7,464.85,464.2,464.2,262509
2026-03-11 04:10:00,464.0,465.5,463.85,465.3,350581
2026-03-11 04:15:00,465.3,465.6,464.8,464.8,140539
2026-03-11 04:20:00,464.9,465.15,464.25,464.45,142539
2026-03-11 04:25:00,464.4,465.4,464.4,464.95,93693
2026-03-11 04:30:00,465.0,465.9,464.7,465.55,125227
2026-03-11 04:35:00,465.55,465.55,463.1,463.1,310461
2026-03-11 04:40:00,463.25,463.5,462.65,463.25,221361
2026-03-11 04:45:00,463.3,463.8,463.15,463.65,71685
2026-03-11 04:50:00,463.65,464.0,463.05,464.0,89940
2026-03-11 04:55:00,463.95,464.0,463.35,463.6,71098
2026-03-11 05:00:00,463.65,464.2,463.5,463.7,95914
2026-03-11 05:05:00,463.8,463.85,462.15,462.35,163715
2026-03-11 05:10:00,462.35,462.5,461.75,462.2,159799
2026-03-11 05:15:00,462.2,462.35,461.8,462.35,70049
2026-03-11 05:20:00,462.35,462.95,462.05,462.7,58134
2026-03-11 05:25:00,462.8,463.35,462.4,463.25,70337
2026-03-11 05:30:00,463.2,463.25,462.5,462.7,55702
2026-03-11 05:35:00,462.85,462.85,461.15,461.25,141105
2026-03-11 05:40:00,461.2,461.4,461.0,461.15,84623
2026-03-11 05:45:00,461.3,461.3,460.85,461.0,95061
2026-03-11 05:50:00,461.1,461.15,460.2,460.25,93819
2026-03-11 05:55:00,460.3,461.0,460.1,460.7,85949
2026-03-11 06:00:00,460.55,460.75,459.7,460.4,190085
2026-03-11 06:05:00,460.5,461.05,460.0,460.65,75359
2026-03-11 06:10:00,460.5,461.0,460.45,460.8,51593
2026-03-11 06:15:00,460.95,460.95,460.15,460.3,44270
2026-03-11 06:20:00,460.4,460.5,460.05,460.35,80171
2026-03-11 06:25:00,460.3,460.8,460.05,460.8,41844
2026-03-11 06:30:00,460.75,462.0,460.5,462.0,144663
2026-03-11 06:35:00,462.0,462.0,461.4,461.55,54376
2026-03-11 06:40:00,461.6,461.9,461.05,461.55,51797
2026-03-11 06:45:00,461.5,462.0,461.3,461.95,44361
2026-03-11 06:50:00,462.0,462.3,461.8,462.15,48586
2026-03-11 06:55:00,462.1,462.1,461.75,462.0,36555
2026-03-11 07:00:00,461.95,462.25,461.5,461.55,58716
2026-03-11 07:05:00,461.65,461.8,460.7,460.75,86941
2026-03-11 07:10:00,460.7,461.1,460.5,460.85,65668
2026-03-11 07:15:00,460.9,461.15,460.15,460.5,79689
2026-03-11 07:20:00,460.5,460.5,460.05,460.05,54861
2026-03-11 07:25:00,460.05,460.3,459.6,459.8,132255
2026-03-11 07:30:00,459.9,460.35,454.8,456.1,2128941
2026-03-11 07:35:00,456.0,456.6,455.75,455.9,368348
2026-03-11 07:40:00,455.9,455.9,455.1,455.2,171000
2026-03-11 07:45:00,455.2,455.3,454.3,455.0,294612
2026-03-11 07:50:00,455.0,456.0,454.9,455.9,116225
2026-03-11 07:55:00,456.0,456.0,454.85,455.55,122248
2026-03-11 08:00:00,455.55,456.7,455.55,456.3,129211
2026-03-11 08:05:00,456.2,456.45,455.7,455.9,122355
2026-03-11 08:10:00,456.1,456.6,455.95,456.15,105176
2026-03-11 08:15:00,456.3,456.6,456.05,456.3,87700
2026-03-11 08:20:00,456.2,456.4,455.6,455.6,90144
2026-03-11 08:25:00,455.6,456.0,455.5,455.9,56708
2026-03-11 08:30:00,455.9,455.9,455.25,455.6,92590
2026-03-11 08:35:00,455.65,455.85,455.2,455.2,67176
2026-03-11 08:40:00,455.15,455.75,455.0,455.55,95211
2026-03-11 08:45:00,455.55,455.6,454.75,455.15,108543
2026-03-11 08:50:00,455.25,455.7,454.15,454.6,140569
2026-03-11 08:55:00,454.55,456.3,454.1,456.0,218551
2026-03-11 09:00:00,455.9,456.3,454.9,455.05,220072
2026-03-11 09:05:00,455.0,455.5,454.7,455.45,118924
2026-03-11 09:10:00,455.5,455.55,454.75,455.2,90917
2026-03-11 09:15:00,455.05,456.3,454.85,456.0,370393
2026-03-11 09:20:00,456.05,456.1,454.45,455.2,419066
2026-03-11 09:25:00,455.2,455.35,454.7,454.8,173253
2026-03-11 09:30:00,454.95,455.8,454.6,454.65,299467
2026-03-11 09:35:00,454.65,454.9,454.0,454.35,294686
2026-03-11 09:40:00,454.3,454.5,453.5,453.65,456460
2026-03-11 09:45:00,453.65,454.25,453.25,454.15,547415
2026-03-11 09:50:00,454.2,454.4,453.65,454.05,754779
2026-03-11 09:55:00,453.9,454.1,453.6,454.0,527627
2026-03-12 03:45:00,452.0,453.45,448.5,450.75,1276032
2026-03-12 03:50:00,450.95,451.25,448.5,450.0,415194
2026-03-12 03:55:00,450.05,451.15,449.25,450.45,399723
2026-03-12 04:00:00,450.3,451.5,449.1,451.15,274274
2026-03-12 04:05:00,451.05,452.35,450.35,450.5,369825
2026-03-12 04:10:00,450.45,452.4,450.35,451.35,125198
2026-03-12 04:15:00,451.45,452.45,450.9,452.45,151263
2026-03-12 04:20:00,452.45,452.9,452.1,452.9,136967
2026-03-12 04:25:00,452.9,454.0,452.05,453.5,169503
2026-03-12 04:30:00,453.5,453.85,452.75,453.3,115442
2026-03-12 04:35:00,453.35,453.8,453.0,453.55,158483
2026-03-12 04:40:00,453.65,454.5,451.75,452.0,300475
2026-03-12 04:45:00,451.85,452.05,451.05,451.6,142910
2026-03-12 04:50:00,451.85,451.85,451.0,451.4,131932
2026-03-12 04:55:00,451.3,453.15,451.3,452.8,160313
2026-03-12 05:00:00,452.8,453.6,451.8,453.2,192366
2026-03-12 05:05:00,453.2,453.8,452.7,453.2,128395
2026-03-12 05:10:00,453.1,453.3,452.2,452.45,72813
2026-03-12 05:15:00,452.45,452.8,451.5,451.55,74091
2026-03-12 05:20:00,451.65,452.4,451.3,451.5,121548
2026-03-12 05:25:00,451.55,452.45,451.3,452.4,72539
2026-03-12 05:30:00,452.4,452.8,452.2,452.75,118473
2026-03-12 05:35:00,452.75,452.9,451.8,452.0,111734
2026-03-12 05:40:00,452.05,452.6,452.0,452.1,67423
2026-03-12 05:45:00,452.1,452.5,450.65,451.15,218980
2026-03-12 05:50:00,451.2,451.25,449.5,450.4,345201
2026-03-12 05:55:00,450.4,451.4,450.05,450.8,121961
2026-03-12 06:00:00,450.7,451.8,450.1,451.6,81741
2026-03-12 06:05:00,451.65,452.3,451.2,452.2,172673
2026-03-12 06:10:00,452.05,453.0,452.0,452.5,148642
2026-03-12 06:15:00,452.5,452.7,452.0,452.2,80415
2026-03-12 06:20:00,452.3,453.45,452.1,453.4,236505
2026-03-12 06:25:00,453.4,454.9,453.35,454.6,182612
2026-03-12 06:30:00,454.6,455.0,452.2,452.4,246480
2026-03-12 06:35:00,452.4,452.4,451.25,451.6,117659
2026-03-12 06:40:00,451.8,452.55,451.2,452.4,117377
2026-03-12 06:45:00,452.55,452.85,452.0,452.25,108604
2026-03-12 06:50:00,452.25,453.1,452.2,452.3,77231
2026-03-12 06:55:00,452.45,452.9,451.2,451.4,116365
2026-03-12 07:00:00,451.5,451.7,451.0,451.15,105451
2026-03-12 07:05:00,451.25,451.35,450.3,450.3,164076
2026-03-12 07:10:00,450.3,450.75,450.0,450.65,82662
2026-03-12 07:15:00,450.65,450.95,450.1,450.3,62416
2026-03-12 07:20:00,450.3,450.7,450.05,450.2,53760
2026-03-12 07:25:00,450.3,450.55,450.1,450.15,65943
2026-03-12 07:30:00,450.4,450.8,450.1,450.1,71784
2026-03-12 07:35:00,450.3,450.3,449.0,449.5,232169
2026-03-12 07:40:00,449.55,450.15,449.3,450.0,61066
2026-03-12 07:45:00,450.05,450.35,449.65,449.95,116534
2026-03-12 07:50:00,449.8,450.4,449.35,450.4,65968
2026-03-12 07:55:00,450.4,451.0,450.2,450.7,87604
2026-03-12 08:00:00,450.95,452.1,450.5,451.5,198867
2026-03-12 08:05:00,451.6,452.8,451.5,452.8,134815
2026-03-12 08:10:00,452.9,453.2,452.1,452.2,134777
2026-03-12 08:15:00,452.35,453.35,452.0,453.05,129789
2026-03-12 08:20:00,453.1,453.25,452.65,453.15,155165
2026-03-12 08:25:00,453.0,453.35,452.55,452.8,178179
2026-03-12 08:30:00,452.8,453.7,452.55,452.95,102860
2026-03-12 08:35:00,453.1,453.8,452.45,452.45,86958
2026-03-12 08:40:00,452.5,453.4,452.0,453.05,218574
2026-03-12 08:45:00,453.05,453.5,452.6,453.0,110969
2026-03-12 08:50:00,453.2,453.45,452.7,452.7,79366
2026-03-12 08:55:00,452.85,453.55,452.6,452.7,100325
2026-03-12 09:00:00,452.8,453.4,452.6,453.35,100586
2026-03-12 09:05:00,453.35,453.75,452.85,452.85,211513
2026-03-12 09:10:00,452.9,452.95,451.75,451.8,173102
2026-03-12 09:15:00,451.55,452.25,451.1,451.4,172478
2026-03-12 09:20:00,451.45,451.5,450.1,451.1,168317
2026-03-12 09:25:00,451.25,452.25,450.8,452.1,226282
2026-03-12 09:30:00,452.2,452.8,451.95,452.8,460726
2026-03-12 09:35:00,452.8,453.3,452.35,453.25,361747
2026-03-12 09:40:00,453.3,454.45,453.05,454.4,459018
2026-03-12 09:45:00,454.35,454.5,453.9,454.3,347438
2026-03-12 09:50:00,454.3,454.6,453.75,453.9,519147
2026-03-12 09:55:00,453.95,454.15,453.45,453.9,350339
2026-03-13 03:45:00,451.9,452.4,449.0,450.15,660566
2026-03-13 03:50:00,450.15,450.15,445.8,445.95,461327
2026-03-13 03:55:00,445.9,447.35,445.5,447.2,299973
2026-03-13 04:00:00,447.25,448.3,446.5,446.55,258239
2026-03-13 04:05:00,446.55,446.55,445.1,445.85,238524
2026-03-13 04:10:00,445.9,446.05,444.2,444.45,353418
2026-03-13 04:15:00,444.4,445.2,443.6,443.75,284052
2026-03-13 04:20:00,443.75,443.95,442.8,442.8,239931
2026-03-13 04:25:00,442.95,443.6,442.1,442.35,264823
2026-03-13 04:30:00,442.4,442.95,441.6,442.05,235098
2026-03-13 04:35:00,442.1,442.45,440.25,440.4,264760
2026-03-13 04:40:00,440.45,440.9,439.45,440.9,460734
2026-03-13 04:45:00,441.0,441.15,437.7,437.9,448197
2026-03-13 04:50:00,437.9,439.5,437.7,438.3,246213
2026-03-13 04:55:00,438.35,440.9,438.1,440.75,303211
2026-03-13 05:00:00,440.75,441.0,439.4,439.5,138710
2026-03-13 05:05:00,439.65,440.1,439.15,439.75,74895
2026-03-13 05:10:00,439.7,440.0,438.75,439.9,102253
2026-03-13 05:15:00,439.85,440.2,438.35,439.9,182194
2026-03-13 05:20:00,439.9,441.75,439.85,440.8,191535
2026-03-13 05:25:00,441.0,441.0,439.65,440.6,132713
2026-03-13 05:30:00,440.65,440.65,439.4,439.7,113904
2026-03-13 05:35:00,439.75,439.95,438.85,439.0,92600
2026-03-13 05:40:00,439.0,439.75,438.95,439.2,65704
2026-03-13 05:45:00,439.15,439.25,437.95,438.55,209552
2026-03-13 05:50:00,438.5,439.0,438.35,438.65,68838
2026-03-13 05:55:00,438.65,439.9,438.65,439.8,63656
2026-03-13 06:00:00,439.85,441.25,439.4,440.95,198817
2026-03-13 06:05:00,440.85,442.0,440.85,441.9,186894
2026-03-13 06:10:00,441.85,442.0,441.25,441.95,115356
2026-03-13 06:15:00,441.9,441.9,441.0,441.3,99161
2026-03-13 06:20:00,441.3,442.0,440.8,441.25,112699
2026-03-13 06:25:00,441.25,441.3,439.85,440.4,215681
2026-03-13 06:30:00,440.4,440.7,439.9,440.0,135655
2026-03-13 06:35:00,440.0,440.05,439.15,439.85,185047
2026-03-13 06:40:00,439.85,440.1,439.0,440.0,147912
2026-03-13 06:45:00,440.0,440.2,439.1,439.1,128330
2026-03-13 06:50:00,439.15,439.15,438.2,438.45,215972
2026-03-13 06:55:00,438.45,439.1,438.15,438.75,146798
2026-03-13 07:00:00,438.75,438.8,437.2,437.25,251025
2026-03-13 07:05:00,437.4,437.5,436.5,436.7,253059
2026-03-13 07:10:00,436.9,437.0,435.2,435.5,256927
2026-03-13 07:15:00,435.45,436.9,435.15,436.75,318468
2026-03-13 07:20:00,436.85,437.15,436.05,436.7,206236
2026-03-13 07:25:00,436.7,437.2,436.1,436.55,167802
2026-03-13 07:30:00,436.55,436.9,435.7,435.85,200605
2026-03-13 07:35:00,435.85,436.45,435.35,435.5,179338
2026-03-13 07:40:00,435.45,437.05,435.3,436.3,180195
2026-03-13 07:45:00,436.35,436.95,436.1,436.2,158801
2026-03-13 07:50:00,436.2,436.85,435.85,435.85,157824
2026-03-13 07:55:00,436.1,436.95,435.8,436.85,167387
2026-03-13 08:00:00,436.85,436.95,435.8,436.1,272411
2026-03-13 08:05:00,436.1,436.15,435.1,435.35,174039
2026-03-13 08:10:00,435.35,436.2,435.1,435.95,150474
2026-03-13 08:15:00,435.95,436.1,435.0,435.0,297097
2026-03-13 08:20:00,435.0,435.45,433.65,434.65,473910
2026-03-13 08:25:00,434.7,435.15,434.5,434.75,141335
2026-03-13 08:30:00,434.95,436.35,434.75,435.85,167563
2026-03-13 08:35:00,435.95,436.6,435.55,436.3,257019
2026-03-13 08:40:00,436.3,437.7,436.0,437.55,342122
2026-03-13 08:45:00,437.55,438.2,436.65,438.2,320581
2026-03-13 08:50:00,438.2,438.85,437.75,438.05,289205
2026-03-13 08:55:00,438.2,438.85,438.1,438.2,211723
2026-03-13 09:00:00,438.2,439.35,438.1,438.4,313508
2026-03-13 09:05:00,438.45,438.9,438.1,438.15,212390
2026-03-13 09:10:00,438.1,438.65,437.7,438.6,276871
2026-03-13 09:15:00,438.7,439.6,438.15,438.85,471356
2026-03-13 09:20:00,438.9,440.0,438.25,438.45,458862
2026-03-13 09:25:00,438.5,439.25,438.0,439.05,441083
2026-03-13 09:30:00,439.1,439.85,438.6,439.2,651345
2026-03-13 09:35:00,439.35,439.7,438.2,439.7,640864
2026-03-13 09:40:00,439.75,440.45,439.25,440.2,571811
2026-03-13 09:45:00,440.2,440.2,439.25,439.5,474660
2026-03-13 09:50:00,439.5,440.2,438.75,439.1,611969
2026-03-13 09:55:00,439.1,439.25,438.1,439.0,401464
2026-03-16 03:45:00,431.9,437.8,430.2,431.1,886215
2026-03-16 03:50:00,431.2,431.4,427.25,427.5,570310
2026-03-16 03:55:00,427.4,427.85,425.7,426.8,603079
2026-03-16 04:00:00,426.85,431.4,426.4,431.4,504197
2026-03-16 04:05:00,431.4,432.95,431.1,432.6,370151
2026-03-16 04:10:00,432.65,434.8,432.5,432.55,280378
2026-03-16 04:15:00,432.6,435.25,432.4,433.2,264373
2026-03-16 04:20:00,433.1,434.95,432.6,434.4,204271
2026-03-16 04:25:00,434.35,434.6,432.0,432.3,192473
2026-03-16 04:30:00,432.3,434.35,431.3,433.85,178947
2026-03-16 04:35:00,434.0,435.05,432.8,432.85,166353
2026-03-16 04:40:00,432.9,433.1,431.75,432.8,116866
2026-03-16 04:45:00,432.85,432.85,430.55,431.0,138059
2026-03-16 04:50:00,431.0,431.15,430.1,430.6,111586
2026-03-16 04:55:00,430.5,430.5,428.7,428.9,221803
2026-03-16 05:00:00,428.9,429.8,428.05,428.35,140162
2026-03-16 05:05:00,428.4,428.9,427.3,427.4,168897
2026-03-16 05:10:00,427.55,427.85,426.8,427.0,131926
2026-03-16 05:15:00,427.0,427.55,426.1,426.35,181018
2026-03-16 05:20:00,426.3,426.45,424.5,424.6,330195
2026-03-16 05:25:00,424.65,425.95,423.55,425.9,302255
2026-03-16 05:30:00,425.85,426.9,425.05,426.6,239218
2026-03-16 05:35:00,426.5,427.4,426.0,427.05,190525
2026-03-16 05:40:00,427.05,427.5,426.2,427.45,123848
2026-03-16 05:45:00,427.5,431.75,427.15,431.45,311699
2026-03-16 05:50:00,431.5,431.9,430.0,430.25,209866
2026-03-16 05:55:00,430.4,430.4,429.2,429.4,139928
2026-03-16 06:00:00,429.45,430.75,429.1,430.0,115604
2026-03-16 06:05:00,430.1,430.65,428.15,428.5,254480
2026-03-16 06:10:00,428.4,428.85,427.5,427.5,98421
2026-03-16 06:15:00,427.6,428.4,427.0,427.1,128695
2026-03-16 06:20:00,427.1,427.55,426.4,426.75,94976
2026-03-16 06:25:00,426.75,427.5,426.3,426.6,114052
2026-03-16 06:30:00,426.8,427.75,426.5,426.5,124499
2026-03-16 06:35:00,426.5,426.9,426.15,426.35,90035
2026-03-16 06:40:00,426.3,427.0,426.0,426.0,149068
2026-03-16 06:45:00,426.05,426.05,425.1,425.25,241377
2026-03-16 06:50:00,425.25,425.6,424.35,425.45,341365
2026-03-16 06:55:00,425.3,425.35,423.85,424.0,275772
2026-03-16 07:00:00,424.05,425.0,423.1,423.3,223301
2026-03-16 07:05:00,423.35,423.8,422.5,423.15,390826
2026-03-16 07:10:00,423.15,423.65,422.7,423.1,313426
2026-03-16 07:15:00,423.0,424.0,422.3,422.7,238365
2026-03-16 07:20:00,422.7,423.8,422.4,423.2,294822
2026-03-16 07:25:00,423.2,423.3,422.3,423.05,437428
2026-03-16 07:30:00,423.05,424.8,422.9,423.0,358189
2026-03-16 07:35:00,423.1,423.6,422.3,423.1,220577
2026-03-16 07:40:00,423.1,423.8,422.65,422.7,216655
2026-03-16 07:45:00,422.85,424.0,422.7,423.9,170632
2026-03-16 07:50:00,423.75,424.2,423.1,423.4,229278
2026-03-16 07:55:00,423.5,423.9,422.85,422.95,199630
2026-03-16 08:00:00,422.95,423.85,422.8,422.95,183346
2026-03-16 08:05:00,422.9,423.95,422.9,423.75,180510
2026-03-16 08:10:00,423.75,424.55,423.4,423.5,200479
2026-03-16 08:15:00,423.65,424.4,423.35,423.75,195458
2026-03-16 08:20:00,423.7,424.0,422.55,422.7,371688
2026-03-16 08:25:00,422.65,422.9,422.25,422.7,231661
2026-03-16 08:30:00,422.7,423.0,422.45,422.6,114055
2026-03-16 08:35:00,422.55,423.0,422.3,422.45,138665
2026-03-16 08:40:00,422.5,423.85,422.3,422.75,285113
2026-03-16 08:45:00,422.75,424.95,422.4,424.75,315320
2026-03-16 08:50:00,424.9,427.85,424.75,427.7,658769
2026-03-16 08:55:00,427.8,428.4,426.3,427.7,565175
2026-03-16 09:00:00,428.0,428.95,427.65,428.5,529695
2026-03-16 09:05:00,428.55,430.0,428.05,429.75,502199
2026-03-16 09:10:00,429.8,430.45,428.7,429.65,574767
2026-03-16 09:15:00,429.65,429.9,428.4,429.55,430532
2026-03-16 09:20:00,429.8,431.4,429.3,430.5,588793
2026-03-16 09:25:00,430.8,431.8,429.9,430.95,547314
2026-03-16 09:30:00,431.2,431.25,428.7,429.65,615595
2026-03-16 09:35:00,429.7,430.9,429.3,430.0,508749
2026-03-16 09:40:00,430.1,430.25,429.1,429.45,480432
2026-03-16 09:45:00,429.4,429.6,428.45,428.75,359194
2026-03-16 09:50:00,428.8,430.0,428.4,429.05,531829
2026-03-16 09:55:00,429.15,429.8,428.5,428.5,511034
2026-03-17 03:45:00,432.45,433.9,430.7,432.35,589057
2026-03-17 03:50:00,432.2,434.6,430.8,432.65,392494
2026-03-17 03:55:00,432.5,432.7,431.3,431.35,195026
2026-03-17 04:00:00,431.5,433.0,431.45,432.05,182660
2026-03-17 04:05:00,432.45,433.75,432.35,433.75,157135
2026-03-17 04:10:00,433.75,434.5,433.0,433.8,161223
2026-03-17 04:15:00,433.85,434.2,433.0,433.0,131392
2026-03-17 04:20:00,433.05,435.15,431.8,435.0,295684
2026-03-17 04:25:00,435.15,435.5,434.25,434.8,184739
2026-03-17 04:30:00,434.95,435.0,434.4,434.6,82828
2026-03-17 04:35:00,434.6,436.0,434.6,434.8,169715
2026-03-17 04:40:00,434.8,435.9,434.1,435.9,115641
2026-03-17 04:45:00,435.9,436.8,435.75,436.25,238834
2026-03-17 04:50:00,436.25,436.5,435.4,435.7,113117
2026-03-17 04:55:00,435.7,435.7,434.1,434.2,157083
2026-03-17 05:00:00,434.05,434.8,433.85,434.0,163749
2026-03-17 05:05:00,434.0,434.7,433.55,434.7,141731
2026-03-17 05:10:00,434.8,435.0,433.9,434.2,130720
2026-03-17 05:15:00,434.2,434.9,433.8,434.75,216768
2026-03-17 05:20:00,434.9,435.0,434.2,434.4,147725
2026-03-17 05:25:00,434.4,434.95,434.4,434.55,115864
2026-03-17 05:30:00,434.55,434.7,434.1,434.4,95529
2026-03-17 05:35:00,434.3,434.55,434.0,434.0,68777
2026-03-17 05:40:00,434.1,435.0,433.7,433.85,110066
2026-03-17 05:45:00,433.85,434.3,433.5,433.65,157965
2026-03-17 05:50:00,433.65,434.15,433.5,433.75,128926
2026-03-17 05:55:00,433.65,434.3,432.8,433.95,291975
2026-03-17 06:00:00,433.95,434.2,433.65,433.8,118423
2026-03-17 06:05:00,433.85,434.7,433.0,433.95,258450
2026-03-17 06:10:00,433.95,434.25,432.8,432.95,137602
2026-03-17 06:15:00,432.95,433.75,432.85,433.4,49047
2026-03-17 06:20:00,433.4,434.4,433.1,433.35,95083
2026-03-17 06:25:00,433.3,433.35,432.05,432.35,154832
2026-03-17 06:30:00,432.3,432.85,431.9,432.35,164680
2026-03-17 06:35:00,432.35,432.8,432.05,432.4,95429
2026-03-17 06:40:00,432.4,432.65,432.1,432.1,79721
2026-03-17 06:45:00,432.15,432.3,430.5,430.75,339401
2026-03-17 06:50:00,430.7,431.3,430.55,430.95,104680
2026-03-17 06:55:00,430.95,431.25,430.6,430.8,111132
2026-03-17 07:00:00,430.8,431.35,430.3,431.25,119370
2026-03-17 07:05:00,431.25,431.65,431.0,431.15,129368
2026-03-17 07:10:00,431.25,431.65,430.85,431.4,101932
2026-03-17 07:15:00,431.5,432.6,431.35,432.4,204228
2026-03-17 07:20:00,432.55,433.0,432.0,432.4,151147
2026-03-17 07:25:00,432.4,432.8,432.15,432.65,90603
2026-03-17 07:30:00,432.65,433.95,432.5,433.85,241691
2026-03-17 07:35:00,433.85,434.3,433.0,433.75,155148
2026-03-17 07:40:00,433.75,434.15,433.5,434.0,124100
2026-03-17 07:45:00,434.2,437.0,434.05,436.6,478076
2026-03-17 07:50:00,436.6,436.95,435.85,436.85,172457
2026-03-17 07:55:00,437.0,437.1,436.1,436.85,168914
2026-03-17 08:00:00,436.85,439.2,436.75,438.15,378183
2026-03-17 08:05:00,438.1,438.4,437.4,437.7,163795
2026-03-17 08:10:00,437.75,439.5,437.5,439.4,271884
2026-03-17 08:15:00,439.4,439.9,438.35,438.6,262432
2026-03-17 08:20:00,438.65,438.9,438.1,438.2,141197
2026-03-17 08:25:00,438.35,439.1,438.2,438.35,199169
2026-03-17 08:30:00,438.35,439.2,438.0,438.95,113387
2026-03-17 08:35:00,438.95,439.05,438.25,439.0,132788
2026-03-17 08:40:00,438.95,440.9,438.95,440.2,340143
2026-03-17 08:45:00,440.4,441.05,439.25,439.55,355814
2026-03-17 08:50:00,439.55,439.6,438.35,438.7,140689
2026-03-17 08:55:00,438.75,439.3,438.15,438.8,112514
2026-03-17 09:00:00,439.05,439.6,438.8,439.2,125241
2026-03-17 09:05:00,439.15,439.8,438.5,438.75,145156
2026-03-17 09:10:00,438.75,439.15,438.0,438.2,143506
2026-03-17 09:15:00,438.3,438.85,438.0,438.8,111974
2026-03-17 09:20:00,438.9,439.9,438.9,439.9,193374
2026-03-17 09:25:00,439.85,440.2,439.5,440.0,153023
2026-03-17 09:30:00,440.05,440.2,438.85,439.75,315688
2026-03-17 09:35:00,439.8,439.85,438.75,439.5,219953
2026-03-17 09:40:00,439.5,439.8,439.05,439.5,348893
2026-03-17 09:45:00,439.55,439.7,438.8,438.8,260552
2026-03-17 09:50:00,438.8,440.2,438.2,440.1,441872
2026-03-17 09:55:00,440.05,441.0,439.1,440.95,516399
2026-03-18 03:45:00,445.45,445.45,440.5,442.05,1560038
2026-03-18 03:50:00,441.95,443.5,441.25,442.6,678758
2026-03-18 03:55:00,442.6,445.0,442.1,444.1,485669
2026-03-18 04:00:00,444.0,445.65,444.0,445.35,392387
2026-03-18 04:05:00,445.45,446.25,443.55,443.75,488072
2026-03-18 04:10:00,443.75,444.4,443.45,444.1,207909
2026-03-18 04:15:00,444.1,444.45,443.55,444.25,111272
2026-03-18 04:20:00,444.1,444.6,443.6,443.75,103669
2026-03-18 04:25:00,443.85,444.15,443.4,444.1,134971
2026-03-18 04:30:00,444.2,444.3,443.55,444.1,220693
2026-03-18 04:35:00,444.2,444.2,443.05,443.5,305378
2026-03-18 04:40:00,443.35,443.6,443.2,443.5,77861
2026-03-18 04:45:00,443.5,444.0,443.2,443.85,82565
2026-03-18 04:50:00,443.7,444.25,443.5,444.0,88196
2026-03-18 04:55:00,443.85,444.0,442.4,443.0,371675
2026-03-18 05:00:00,443.0,444.2,442.8,443.75,267026
2026-03-18 05:05:00,443.85,444.25,443.5,444.2,88535
2026-03-18 05:10:00,444.2,444.9,444.2,444.6,80083
2026-03-18 05:15:00,444.7,445.3,444.45,445.25,172867
2026-03-18 05:20:00,445.25,445.7,445.0,445.65,87055
2026-03-18 05:25:00,445.7,446.0,445.1,445.3,116125
2026-03-18 05:30:00,445.4,445.4,444.55,445.2,82473
2026-03-18 05:35:00,445.35,445.4,444.9,445.3,103094
2026-03-18 05:40:00,445.4,445.4,444.65,445.2,51016
2026-03-18 05:45:00,445.25,445.5,445.0,445.5,59545
2026-03-18 05:50:00,445.45,446.3,445.45,446.15,166947
2026-03-18 05:55:00,446.05,447.75,445.55,446.75,225039
2026-03-18 06:00:00,446.85,447.1,445.0,445.3,268980
2026-03-18 06:05:00,445.35,445.65,445.1,445.6,87865
2026-03-18 06:10:00,445.45,445.6,444.7,444.7,119146
2026-03-18 06:15:00,444.75,444.85,444.2,444.25,105452
2026-03-18 06:20:00,444.25,444.8,444.2,444.55,79447
2026-03-18 06:25:00,444.5,444.7,444.2,444.2,74236
2026-03-18 06:30:00,444.25,444.3,443.3,443.6,133058
2026-03-18 06:35:00,443.5,443.65,443.25,443.25,76814
2026-03-18 06:40:00,443.25,443.85,443.25,443.45,73092
2026-03-18 06:45:00,443.5,443.85,443.3,443.8,69702
2026-03-18 06:50:00,443.8,444.0,443.0,443.6,120311
2026-03-18 06:55:00,443.55,443.65,441.9,442.1,195323
2026-03-18 07:00:00,442.1,442.45,441.8,441.85,115466
2026-03-18 07:05:00,441.95,442.2,440.9,441.15,199404
2026-03-18 07:10:00,441.15,441.25,440.8,441.1,96749
2026-03-18 07:15:00,441.2,441.55,440.8,441.45,100091
2026-03-18 07:20:00,441.4,441.75,440.8,440.85,113191
2026-03-18 07:25:00,440.8,441.35,440.6,441.05,85924
2026-03-18 07:30:00,441.1,441.45,440.9,441.25,63466
2026-03-18 07:35:00,441.25,441.55,440.7,440.7,70558
2026-03-18 07:40:00,440.8,441.55,440.5,441.4,107012
2026-03-18 07:45:00,441.5,442.35,441.25,441.95,136345
2026-03-18 07:50:00,442.1,442.8,442.0,442.8,94985
2026-03-18 07:55:00,442.8,443.0,442.0,442.5,103491
2026-03-18 08:00:00,442.7,443.4,442.6,442.8,117075
2026-03-18 08:05:00,442.85,443.0,442.4,442.8,75697
2026-03-18 08:10:00,442.95,442.95,442.3,442.7,76623
2026-03-18 08:15:00,442.6,442.95,442.45,442.75,78647
2026-03-18 08:20:00,442.65,443.3,442.5,443.3,101443
2026-03-18 08:25:00,443.15,443.45,442.9,442.95,77461
2026-03-18 08:30:00,442.95,443.45,442.7,442.7,203530
2026-03-18 08:35:00,442.75,443.05,442.25,442.7,104338
2026-03-18 08:40:00,442.7,443.0,442.3,442.3,67422
2026-03-18 08:45:00,442.2,442.95,442.05,442.55,82316
2026-03-18 08:50:00,442.7,442.85,442.15,442.65,61789
2026-03-18 08:55:00,442.5,442.6,442.0,442.4,90305
2026-03-18 09:00:00,442.35,442.7,441.25,441.35,147612
2026-03-18 09:05:00,441.3,441.9,441.1,441.6,91593
2026-03-18 09:10:00,441.65,441.9,441.0,441.0,144924
2026-03-18 09:15:00,441.1,442.25,441.0,442.0,108480
2026-03-18 09:20:00,441.9,443.05,441.7,442.65,258297
2026-03-18 09:25:00,442.75,443.7,442.6,443.55,285025
2026-03-18 09:30:00,443.65,443.95,442.7,443.65,372361
2026-03-18 09:35:00,443.65,443.7,442.8,442.9,233933
2026-03-18 09:40:00,442.9,443.15,442.7,442.9,283425
2026-03-18 09:45:00,443.0,443.0,442.2,442.3,300904
2026-03-18 09:50:00,442.3,442.45,441.25,441.9,382122
2026-03-18 09:55:00,442.0,442.3,441.65,442.0,292564
2026-03-19 03:45:00,436.1,438.0,434.65,435.6,820276
2026-03-19 03:50:00,435.5,438.3,434.0,438.25,485326
2026-03-19 03:55:00,438.2,438.2,435.4,435.75,256716
2026-03-19 04:00:00,435.75,436.95,435.5,436.0,171471
2026-03-19 04:05:00,435.95,436.85,435.6,435.85,252844
2026-03-19 04:10:00,435.9,436.85,435.8,436.1,96723
2026-03-19 04:15:00,436.25,436.3,434.75,435.1,328677
2026-03-19 04:20:00,435.25,436.85,435.1,436.35,119349
2026-03-19 04:25:00,436.35,436.7,435.7,436.2,100204
2026-03-19 04:30:00,436.1,436.35,435.6,436.15,85484
2026-03-19 04:35:00,436.15,436.5,435.5,436.15,84638
2026-03-19 04:40:00,436.2,436.2,435.35,435.4,65559
2026-03-19 04:45:00,435.2,435.45,434.35,434.4,220660
2026-03-19 04:50:00,434.4,435.6,434.25,435.25,94135
2026-03-19 04:55:00,435.35,436.3,435.25,435.85,145841
2026-03-19 05:00:00,435.9,437.0,435.75,436.8,208005
2026-03-19 05:05:00,436.8,439.0,436.6,438.75,281863
2026-03-19 05:10:00,438.65,439.0,437.8,438.6,114689
2026-03-19 05:15:00,438.65,439.0,438.15,438.55,114655
2026-03-19 05:20:00,438.5,438.85,437.2,437.4,118890
2026-03-19 05:25:00,437.3,437.45,436.65,436.9,67386
2026-03-19 05:30:00,436.85,436.9,436.2,436.3,77258
2026-03-19 05:35:00,436.2,436.75,436.2,436.4,68045
2026-03-19 05:40:00,436.4,437.0,436.1,436.3,82074
2026-03-19 05:45:00,436.3,436.7,436.0,436.2,52482
2026-03-19 05:50:00,436.4,437.15,436.2,436.95,81712
2026-03-19 05:55:00,436.8,437.0,435.6,435.85,80098
2026-03-19 06:00:00,435.7,436.4,435.7,436.4,47269
2026-03-19 06:05:00,436.3,436.8,436.25,436.35,39143
2026-03-19 06:10:00,436.35,436.45,436.0,436.4,29395
2026-03-19 06:15:00,436.45,436.45,436.0,436.25,30782
2026-03-19 06:20:00,436.25,436.7,436.0,436.35,57642
2026-03-19 06:25:00,436.3,436.4,435.9,436.2,116156
2026-03-19 06:30:00,436.2,436.2,435.75,436.1,54264
2026-03-19 06:35:00,436.1,436.3,435.7,435.95,68552
2026-03-19 06:40:00,435.95,436.7,435.7,436.6,57152
2026-03-19 06:45:00,436.65,436.9,436.4,436.7,54197
2026-03-19 06:50:00,436.65,436.7,436.05,436.1,36137
2026-03-19 06:55:00,436.05,436.35,435.9,436.15,30993
2026-03-19 07:00:00,436.15,436.35,435.9,436.05,28801
2026-03-19 07:05:00,436.05,436.2,435.35,435.5,101202
2026-03-19 07:10:00,435.4,435.6,435.0,435.2,101022
2026-03-19 07:15:00,435.15,436.4,435.05,436.3,93787
2026-03-19 07:20:00,436.35,436.35,435.55,435.95,62916
2026-03-19 07:25:00,435.95,436.0,435.6,435.8,50471
2026-03-19 07:30:00,435.8,435.8,435.0,435.1,61006
2026-03-19 07:35:00,435.2,435.4,435.0,435.25,157673
2026-03-19 07:40:00,435.0,435.5,434.25,434.25,132189
2026-03-19 07:45:00,434.3,434.5,434.0,434.25,133726
2026-03-19 07:50:00,434.25,434.5,434.0,434.15,81370
2026-03-19 07:55:00,434.2,434.4,434.0,434.1,114503
2026-03-19 08:00:00,434.0,434.15,433.5,433.5,122979
2026-03-19 08:05:00,433.6,433.95,433.35,433.95,71093
2026-03-19 08:10:00,433.8,434.35,433.65,433.65,82680
2026-03-19 08:15:00,433.6,434.35,433.6,433.7,62891
2026-03-19 08:20:00,433.85,434.1,433.5,433.75,81354
2026-03-19 08:25:00,433.75,433.85,432.65,432.95,165817
2026-03-19 08:30:00,433.0,433.7,432.0,432.5,173914
2026-03-19 08:35:00,432.4,432.5,431.75,431.95,283396
2026-03-19 08:40:00,431.95,432.0,431.1,431.7,172391
2026-03-19 08:45:00,431.7,433.05,431.6,432.6,154279
2026-03-19 08:50:00,432.6,432.7,432.05,432.15,123613
2026-03-19 08:55:00,432.2,432.3,431.75,432.05,115378
2026-03-19 09:00:00,432.15,433.7,432.15,433.7,162067
2026-03-19 09:05:00,433.65,433.8,432.1,432.25,112633
2026-03-19 09:10:00,432.15,432.65,431.05,432.3,271402
2026-03-19 09:15:00,432.4,432.45,431.0,431.25,253523
2026-03-19 09:20:00,431.35,431.35,430.0,430.4,294456
2026-03-19 09:25:00,430.3,431.1,429.05,429.25,397165
2026-03-19 09:30:00,429.3,430.25,428.4,429.65,356732
2026-03-19 09:35:00,429.65,429.7,428.9,429.4,398737
2026-03-19 09:40:00,429.4,430.35,429.25,429.85,329539
2026-03-19 09:45:00,429.95,431.35,429.65,431.2,374864
2026-03-19 09:50:00,431.1,433.0,431.0,432.3,863409
2026-03-19 09:55:00,432.35,432.8,431.65,432.0,298990
2026-03-20 03:45:00,432.2,438.7,432.2,438.15,401902
2026-03-20 03:50:00,438.25,438.95,435.35,436.4,237575
2026-03-20 03:55:00,436.65,437.25,435.85,437.2,129447
2026-03-20 04:00:00,437.1,437.35,436.1,437.2,86551
2026-03-20 04:05:00,437.2,437.95,436.3,437.5,134769
2026-03-20 04:10:00,437.5,437.5,436.2,436.2,92834
2026-03-20 04:15:00,436.2,436.5,435.75,436.15,123634
2026-03-20 04:20:00,436.1,436.6,435.85,436.45,116126
2026-03-20 04:25:00,436.35,436.5,435.15,435.85,100892
2026-03-20 04:30:00,436.0,436.0,435.0,435.4,79216
2026-03-20 04:35:00,435.25,435.9,434.7,435.1,127795
2026-03-20 04:40:00,435.05,435.1,434.35,434.5,111313
2026-03-20 04:45:00,434.5,434.5,433.05,433.65,140096
2026-03-20 04:50:00,433.7,433.8,433.1,433.3,95086
2026-03-20 04:55:00,433.5,434.0,433.1,433.9,94148
2026-03-20 05:00:00,433.8,434.0,433.1,433.25,101532
2026-03-20 05:05:00,433.2,433.65,433.0,433.2,81203
2026-03-20 05:10:00,433.1,433.6,433.05,433.15,76027
2026-03-20 05:15:00,433.2,434.2,433.05,433.55,97414
2026-03-20 05:20:00,433.65,434.4,433.35,434.1,108312
2026-03-20 05:25:00,434.0,434.1,432.9,433.05,103405
2026-03-20 05:30:00,433.1,433.1,432.2,432.4,113681
2026-03-20 05:35:00,432.55,433.5,432.3,433.15,91573
2026-03-20 05:40:00,433.25,433.25,432.6,433.0,81234
2026-03-20 05:45:00,432.95,433.75,432.9,433.65,75329
2026-03-20 05:50:00,433.6,434.9,433.6,434.15,117908
2026-03-20 05:55:00,434.25,434.25,433.15,433.45,82882
2026-03-20 06:00:00,433.45,434.1,433.3,433.35,75914
2026-03-20 06:05:00,433.3,433.6,432.5,432.55,87181
2026-03-20 06:10:00,432.6,432.75,432.0,432.5,114091
2026-03-20 06:15:00,432.45,432.85,432.3,432.3,68501
2026-03-20 06:20:00,432.3,432.35,431.15,431.55,171480
2026-03-20 06:25:00,431.6,431.6,429.85,430.65,268361
2026-03-20 06:30:00,430.6,430.95,430.1,430.3,96204
2026-03-20 06:35:00,430.4,430.9,429.75,429.8,117943
2026-03-20 06:40:00,429.85,430.6,429.75,430.25,108574
2026-03-20 06:45:00,430.2,430.3,428.8,428.95,166836
2026-03-20 06:50:00,428.95,429.0,427.7,427.85,231173
2026-03-20 06:55:00,427.75,428.2,427.5,427.7,184295
2026-03-20 07:00:00,427.7,429.0,426.75,429.0,228615
2026-03-20 07:05:00,428.95,429.25,428.45,428.8,150914
2026-03-20 07:10:00,428.8,429.95,428.7,429.65,109326
2026-03-20 07:15:00,429.65,430.05,429.45,429.85,115187
2026-03-20 07:20:00,429.95,430.4,429.25,429.95,138567
2026-03-20 07:25:00,429.95,430.85,429.55,429.7,142247
2026-03-20 07:30:00,429.7,430.45,429.25,430.3,96917
2026-03-20 07:35:00,430.3,430.7,429.9,430.45,93075
2026-03-20 07:40:00,430.35,430.45,429.45,429.45,130112
2026-03-20 07:45:00,429.55,430.15,429.1,429.25,121007
2026-03-20 07:50:00,429.25,430.05,428.9,429.6,178485
2026-03-20 07:55:00,429.65,430.85,429.35,430.25,281487
2026-03-20 08:00:00,430.3,430.75,429.9,429.9,516600
2026-03-20 08:05:00,430.0,430.5,429.55,429.95,131878
2026-03-20 08:10:00,429.85,429.85,428.0,428.15,255192
2026-03-20 08:15:00,428.1,428.25,427.15,427.25,278137
2026-03-20 08:20:00,427.4,428.1,427.05,427.85,223544
2026-03-20 08:25:00,427.8,428.4,427.05,427.2,205843
2026-03-20 08:30:00,427.2,428.95,426.85,428.95,315297
2026-03-20 08:35:00,429.0,429.5,427.5,428.0,207465
2026-03-20 08:40:00,428.0,428.4,427.1,427.25,238352
2026-03-20 08:45:00,427.5,427.6,427.0,427.5,219011
2026-03-20 08:50:00,427.5,427.7,426.55,427.0,273568
2026-03-20 08:55:00,427.0,427.2,426.45,426.55,242754
2026-03-20 09:00:00,426.55,428.05,426.4,427.45,218065
2026-03-20 09:05:00,427.45,427.45,425.95,426.35,362909
2026-03-20 09:10:00,426.55,426.7,425.3,425.65,328346
2026-03-20 09:15:00,425.35,426.4,425.1,426.1,376480
2026-03-20 09:20:00,426.1,426.25,425.3,425.7,230426
2026-03-20 09:25:00,425.85,426.35,425.3,425.7,193746
2026-03-20 09:30:00,425.7,427.3,424.7,426.9,1325739
2026-03-20 09:35:00,426.9,427.35,426.6,427.05,878857
2026-03-20 09:40:00,427.0,427.25,425.6,426.1,1055501
2026-03-20 09:45:00,426.15,426.15,425.3,425.45,882217
2026-03-20 09:50:00,425.45,426.5,425.4,426.0,1035663
2026-03-20 09:55:00,425.95,426.75,425.55,426.75,894104
2026-03-23 03:45:00,420.6,421.75,415.5,415.85,971919
2026-03-23 03:50:00,415.85,417.9,414.75,415.0,549314
2026-03-23 03:55:00,415.1,416.45,414.15,414.45,360809
2026-03-23 04:00:00,414.5,416.0,414.1,415.4,393161
2026-03-23 04:05:00,415.3,415.8,414.5,414.5,179466
2026-03-23 04:10:00,414.45,415.9,414.35,415.1,268016
2026-03-23 04:15:00,415.15,415.15,412.2,412.55,382287
2026-03-23 04:20:00,412.65,413.45,411.3,411.55,262590
2026-03-23 04:25:00,411.65,411.95,410.5,411.15,272132
2026-03-23 04:30:00,410.95,411.15,410.15,410.55,192014
2026-03-23 04:35:00,410.55,411.6,410.25,411.35,180546
2026-03-23 04:40:00,411.2,411.45,410.1,410.2,162836
2026-03-23 04:45:00,410.2,410.2,408.5,408.55,392148
2026-03-23 04:50:00,408.55,409.9,408.15,408.25,216886
2026-03-23 04:55:00,408.45,408.9,407.75,408.2,206091
2026-03-23 05:00:00,408.15,409.0,408.1,408.65,128527
2026-03-23 05:05:00,408.6,410.4,408.4,408.55,249507
2026-03-23 05:10:00,408.55,408.9,407.25,407.65,189035
2026-03-23 05:15:00,407.7,408.0,406.55,407.0,486534
2026-03-23 05:20:00,406.95,407.8,405.6,407.7,280833
2026-03-23 05:25:00,407.7,408.3,407.1,408.25,144565
2026-03-23 05:30:00,408.25,408.95,407.4,408.8,138960
2026-03-23 05:35:00,408.7,409.95,407.65,408.7,163896
2026-03-23 05:40:00,409.0,409.0,407.95,408.8,100823
2026-03-23 05:45:00,408.8,408.8,408.0,408.5,142636
2026-03-23 05:50:00,408.5,409.35,407.8,408.7,79048
2026-03-23 05:55:00,408.75,409.25,407.4,408.15,161903
2026-03-23 06:00:00,408.15,408.65,407.3,407.7,104672
2026-03-23 06:05:00,407.8,408.25,407.35,408.1,71889
2026-03-23 06:10:00,408.05,408.8,407.55,407.7,93179
2026-03-23 06:15:00,407.7,408.15,407.3,408.05,93590
2026-03-23 06:20:00,408.15,408.65,407.8,408.1,90152
2026-03-23 06:25:00,408.15,408.6,407.65,408.6,78411
2026-03-23 06:30:00,408.5,408.6,407.6,407.95,118640
2026-03-23 06:35:00,407.95,408.5,407.4,408.35,105068
2026-03-23 06:40:00,408.35,408.5,407.3,407.4,115184
2026-03-23 06:45:00,407.15,407.3,406.1,406.45,193542
2026-03-23 06:50:00,406.35,406.8,405.65,405.8,146235
2026-03-23 06:55:00,405.75,405.95,405.0,405.8,368853
2026-03-23 07:00:00,405.8,406.35,405.1,405.3,250197
2026-03-23 07:05:00,405.35,406.2,405.2,405.5,106403
2026-03-23 07:10:00,405.5,407.4,405.5,407.25,106296
2026-03-23 07:15:00,407.25,407.5,405.75,406.4,211860
2026-03-23 07:20:00,406.45,406.45,405.5,405.75,107785
2026-03-23 07:25:00,405.9,406.9,405.5,406.65,126335
2026-03-23 07:30:00,406.75,406.75,405.6,405.6,105943
2026-03-23 07:35:00,405.7,406.2,405.4,405.65,111917
2026-03-23 07:40:00,405.65,405.9,405.2,405.65,91615
2026-03-23 07:45:00,405.7,406.7,405.65,406.3,115106
2026-03-23 07:50:00,406.3,406.75,406.0,406.6,96863
2026-03-23 07:55:00,406.7,406.8,405.75,405.9,139597
2026-03-23 08:00:00,405.9,406.8,405.75,406.55,137938
2026-03-23 08:05:00,406.7,406.8,406.2,406.75,110166
2026-03-23 08:10:00,406.6,408.15,406.55,408.0,217871
2026-03-23 08:15:00,407.85,408.95,407.7,408.9,212860
2026-03-23 08:20:00,408.8,409.6,408.45,408.6,237640
2026-03-23 08:25:00,408.7,409.15,408.05,408.5,303004
2026-03-23 08:30:00,408.65,409.25,407.25,408.15,720829
2026-03-23 08:35:00,408.15,408.5,407.0,407.85,412450
2026-03-23 08:40:00,407.75,408.0,407.1,407.15,158696
2026-03-23 08:45:00,407.25,407.9,406.55,407.75,175098
2026-03-23 08:50:00,407.6,409.4,407.5,408.45,254103
2026-03-23 08:55:00,408.45,408.6,407.45,408.0,293452
2026-03-23 09:00:00,407.95,408.25,405.55,405.75,307902
2026-03-23 09:05:00,405.65,407.35,405.65,406.45,228888
2026-03-23 09:10:00,406.45,407.9,406.05,407.75,278419
2026-03-23 09:15:00,407.6,408.0,407.2,407.7,201014
2026-03-23 09:20:00,407.65,408.65,407.6,407.85,240278
2026-03-23 09:25:00,407.75,408.0,406.75,407.65,332489
2026-03-23 09:30:00,407.75,407.75,405.0,405.0,471288
2026-03-23 09:35:00,405.05,405.15,404.0,404.55,522179
2026-03-23 09:40:00,404.75,405.7,404.5,405.2,466127
2026-03-23 09:45:00,405.3,406.4,404.7,406.1,822836
2026-03-23 09:50:00,406.25,406.9,405.55,405.8,753129
2026-03-23 09:55:00,405.8,406.05,404.0,405.2,541593
2026-03-24 03:45:00,412.5,416.4,412.5,413.45,1136039
2026-03-24 03:50:00,413.4,414.6,412.3,414.6,314516
2026-03-24 03:55:00,414.6,415.45,414.2,414.55,233408
2026-03-24 04:00:00,414.6,415.0,413.55,414.2,168938
2026-03-24 04:05:00,414.25,414.35,412.95,413.45,206448
2026-03-24 04:10:00,413.45,413.85,412.0,412.4,147492
2026-03-24 04:15:00,412.35,413.9,411.25,413.8,603203
2026-03-24 04:20:00,414.0,414.8,413.55,414.8,116168
2026-03-24 04:25:00,414.3,415.6,413.9,414.8,637669
2026-03-24 04:30:00,414.75,415.0,414.3,414.5,637388
2026-03-24 04:35:00,414.65,414.75,413.0,413.3,218364
2026-03-24 04:40:00,413.45,413.6,411.95,412.0,213936
2026-03-24 04:45:00,411.95,413.45,411.8,412.65,183012
2026-03-24 04:50:00,412.55,413.25,411.85,412.7,108572
2026-03-24 04:55:00,412.6,412.7,411.2,411.4,170293
2026-03-24 05:00:00,411.35,411.35,410.0,410.1,195028
2026-03-24 05:05:00,410.0,410.1,409.0,409.2,309418
2026-03-24 05:10:00,409.2,410.4,409.1,409.55,220233
2026-03-24 05:15:00,409.75,411.4,409.5,410.3,136615
2026-03-24 05:20:00,410.5,411.0,409.7,410.35,90045
2026-03-24 05:25:00,410.25,410.55,409.05,409.25,73470
2026-03-24 05:30:00,409.3,410.4,409.1,410.1,138998
2026-03-24 05:35:00,410.05,410.25,409.2,409.3,72437
2026-03-24 05:40:00,409.25,409.9,408.75,409.45,159515
2026-03-24 05:45:00,409.45,409.9,409.0,409.8,67521
2026-03-24 05:50:00,409.7,410.1,409.5,409.5,112518
2026-03-24 05:55:00,409.5,410.25,409.25,410.2,64927
2026-03-24 06:00:00,410.3,410.95,410.15,410.85,71597
2026-03-24 06:05:00,410.95,411.5,410.35,410.7,132896
2026-03-24 06:10:00,410.7,410.95,410.1,410.65,101904
2026-03-24 06:15:00,410.75,411.8,410.65,411.5,94749
2026-03-24 06:20:00,411.5,411.8,411.2,411.7,61974
2026-03-24 06:25:00,411.75,413.0,411.15,411.15,154567
2026-03-24 06:30:00,411.15,411.5,410.15,410.65,119937
2026-03-24 06:35:00,410.5,410.65,410.1,410.3,75911
2026-03-24 06:40:00,410.35,410.5,409.5,409.6,143979
2026-03-24 06:45:00,409.65,410.3,409.55,410.15,93599
2026-03-24 06:50:00,410.15,413.6,410.0,413.6,471676
2026-03-24 06:55:00,413.5,414.25,411.75,412.5,208723
2026-03-24 07:00:00,412.6,414.75,412.55,414.75,266084
2026-03-24 07:05:00,414.65,415.7,414.6,415.65,239518
2026-03-24 07:10:00,415.7,416.45,415.0,415.75,258981
2026-03-24 07:15:00,415.75,416.4,415.45,416.4,156151
2026-03-24 07:20:00,416.45,417.45,416.0,417.1,190007
2026-03-24 07:25:00,417.0,417.3,415.5,416.35,231228
2026-03-24 07:30:00,416.2,416.35,415.05,415.2,140324
2026-03-24 07:35:00,415.2,415.75,414.65,415.15,152216
2026-03-24 07:40:00,415.05,416.1,414.7,415.9,101066
2026-03-24 07:45:00,415.8,415.95,415.2,415.6,65209
2026-03-24 07:50:00,415.6,416.7,415.1,416.0,323053
2026-03-24 07:55:00,416.05,416.65,415.75,416.65,102032
2026-03-24 08:00:00,416.65,417.0,415.85,417.0,141424
2026-03-24 08:05:00,416.95,417.4,416.25,416.55,92965
2026-03-24 08:10:00,416.6,417.2,416.25,416.7,63091
2026-03-24 08:15:00,416.7,417.0,415.0,415.0,131207
2026-03-24 08:20:00,415.0,415.7,414.7,415.15,120713
2026-03-24 08:25:00,415.2,416.0,414.95,415.6,85001
2026-03-24 08:30:00,415.5,416.0,415.05,415.5,84886
2026-03-24 08:35:00,415.5,415.9,415.05,415.15,102083
2026-03-24 08:40:00,415.15,416.0,415.15,416.0,70708
2026-03-24 08:45:00,415.9,417.0,415.9,416.2,105995
2026-03-24 08:50:00,416.0,416.4,414.4,415.4,168295
2026-03-24 08:55:00,415.4,415.75,414.8,415.2,70754
2026-03-24 09:00:00,415.2,415.75,414.75,415.15,101295
2026-03-24 09:05:00,415.2,415.35,413.75,413.75,151083
2026-03-24 09:10:00,413.8,414.3,412.95,412.95,223032
2026-03-24 09:15:00,413.0,414.05,412.8,413.95,129908
2026-03-24 09:20:00,414.0,414.4,413.4,413.8,111724
2026-03-24 09:25:00,413.8,414.7,413.6,414.55,119402
2026-03-24 09:30:00,414.3,414.3,412.9,413.9,284756
2026-03-24 09:35:00,413.85,414.9,413.6,414.45,277214
2026-03-24 09:40:00,414.4,414.55,413.95,414.1,213498
2026-03-24 09:45:00,414.1,414.6,413.8,414.5,266246
2026-03-24 09:50:00,414.5,415.0,414.5,415.0,282123
2026-03-24 09:55:00,415.0,415.7,413.5,415.0,426716
2026-03-25 03:45:00,416.3,419.0,416.3,417.45,1010135
2026-03-25 03:50:00,417.4,419.55,417.4,419.0,616956
2026-03-25 03:55:00,418.8,419.9,418.8,419.35,396647
2026-03-25 04:00:00,419.3,420.8,419.2,420.55,458965
2026-03-25 04:05:00,420.55,420.65,419.15,419.5,249439
2026-03-25 04:10:00,419.55,421.0,419.25,420.75,265138
2026-03-25 04:15:00,420.9,421.25,420.3,420.5,265276
2026-03-25 04:20:00,420.55,421.2,420.4,421.2,141131
2026-03-25 04:25:00,421.5,422.0,420.65,420.75,286431
2026-03-25 04:30:00,420.7,421.25,420.3,420.55,199228
2026-03-25 04:35:00,420.55,420.7,419.6,420.6,277962
2026-03-25 04:40:00,420.65,420.9,420.3,420.6,89244
2026-03-25 04:45:00,420.5,420.7,420.05,420.35,115372
2026-03-25 04:50:00,420.15,420.55,420.0,420.1,85243
2026-03-25 04:55:00,420.1,420.6,420.0,420.25,121681
2026-03-25 05:00:00,420.25,420.5,420.05,420.15,72358
2026-03-25 05:05:00,420.3,420.55,420.15,420.35,70311
2026-03-25 05:10:00,420.4,420.9,420.15,420.45,107576
2026-03-25 05:15:00,420.4,420.5,419.1,419.5,189708
2026-03-25 05:20:00,419.4,419.7,419.0,419.3,158327
2026-03-25 05:25:00,419.4,419.6,418.65,418.85,170881
2026-03-25 05:30:00,418.85,419.4,418.25,418.6,221383
2026-03-25 05:35:00,418.6,419.3,418.45,419.25,95112
2026-03-25 05:40:00,419.15,419.45,418.55,419.2,116320
2026-03-25 05:45:00,419.2,419.2,418.2,418.55,124050
2026-03-25 05:50:00,418.55,418.75,417.3,417.5,218064
2026-03-25 05:55:00,417.5,417.6,416.6,416.6,328407
2026-03-25 06:00:00,416.7,417.4,416.55,416.75,257873
2026-03-25 06:05:00,416.8,417.0,414.6,415.2,382480
2026-03-25 06:10:00,415.1,415.8,415.0,415.05,180913
2026-03-25 06:15:00,415.25,415.9,415.0,415.5,162776
2026-03-25 06:20:00,415.5,416.35,415.45,416.1,136535
2026-03-25 06:25:00,416.1,416.55,415.8,416.35,116045
2026-03-25 06:30:00,416.3,416.3,415.5,415.7,136526
2026-03-25 06:35:00,415.7,416.7,415.5,416.2,86266
2026-03-25 06:40:00,416.25,417.35,416.15,417.1,96919
2026-03-25 06:45:00,417.25,418.0,417.05,417.8,150624
2026-03-25 06:50:00,417.65,417.8,417.3,417.4,74711
2026-03-25 06:55:00,417.3,417.45,416.3,417.2,130315
2026-03-25 07:00:00,417.2,417.6,416.7,417.5,100932
2026-03-25 07:05:00,417.5,417.5,416.2,416.4,127303
2026-03-25 07:10:00,416.3,417.05,416.15,416.9,70126
2026-03-25 07:15:00,416.8,416.9,416.2,416.45,80554
2026-03-25 07:20:00,416.45,416.5,415.4,415.6,107455
2026-03-25 07:25:00,415.55,415.85,414.8,415.1,194638
2026-03-25 07:30:00,415.1,415.9,415.0,415.75,112664
2026-03-25 07:35:00,415.75,416.1,415.3,415.55,96010
2026-03-25 07:40:00,415.6,416.0,415.5,415.7,55588
2026-03-25 07:45:00,415.75,415.9,415.05,415.2,88771
2026-03-25 07:50:00,415.05,415.4,414.75,415.05,122727
2026-03-25 07:55:00,415.15,415.8,415.0,415.65,77592
2026-03-25 08:00:00,415.75,416.05,415.05,415.8,102728
2026-03-25 08:05:00,416.0,416.3,415.65,416.1,126839
2026-03-25 08:10:00,416.2,416.4,415.9,416.25,76803
2026-03-25 08:15:00,416.3,416.6,416.1,416.6,72289
2026-03-25 08:20:00,416.5,416.9,416.0,416.1,104442
2026-03-25 08:25:00,416.1,416.4,416.0,416.05,66307
2026-03-25 08:30:00,416.25,417.5,416.2,416.9,170536
2026-03-25 08:35:00,417.1,417.25,416.25,416.3,163761
2026-03-25 08:40:00,416.3,416.7,415.9,416.0,82430
2026-03-25 08:45:00,415.9,416.35,415.65,415.65,166399
2026-03-25 08:50:00,415.65,415.75,414.85,415.0,196090
2026-03-25 08:55:00,414.9,415.3,414.75,415.0,141510
2026-03-25 09:00:00,415.05,415.1,414.35,414.85,133531
2026-03-25 09:05:00,414.9,415.25,414.45,414.6,244116
2026-03-25 09:10:00,414.55,415.0,414.45,414.85,156703
2026-03-25 09:15:00,414.95,415.1,413.7,414.45,517430
2026-03-25 09:20:00,414.5,414.85,414.05,414.1,187049
2026-03-25 09:25:00,414.1,414.7,413.95,414.6,231193
2026-03-25 09:30:00,414.5,414.6,413.6,414.05,347971
2026-03-25 09:35:00,414.05,414.3,413.65,413.9,254968
2026-03-25 09:40:00,413.95,414.0,413.45,413.6,268873
2026-03-25 09:45:00,413.45,413.85,413.1,413.35,489863
2026-03-25 09:50:00,413.3,413.5,413.0,413.15,536221
2026-03-25 09:55:00,413.1,413.3,412.55,413.3,600967
2026-03-27 03:45:00,411.9,411.9,406.35,406.9,885633
2026-03-27 03:50:00,406.9,410.5,406.8,409.3,664845
2026-03-27 03:55:00,409.45,409.75,408.55,409.0,385205
2026-03-27 04:00:00,409.0,409.4,407.95,408.15,195014
2026-03-27 04:05:00,408.15,408.6,407.7,408.4,147153
2026-03-27 04:10:00,408.6,409.4,408.35,409.2,160531
2026-03-27 04:15:00,409.2,409.2,408.2,408.4,127590
2026-03-27 04:20:00,408.25,408.75,407.85,407.95,107074
2026-03-27 04:25:00,407.75,407.9,406.75,407.4,211922
2026-03-27 04:30:00,407.35,407.7,406.4,407.05,257366
2026-03-27 04:35:00,407.05,407.05,406.1,406.35,146341
2026-03-27 04:40:00,406.2,406.35,405.6,405.7,187473
2026-03-27 04:45:00,405.7,405.7,403.4,403.6,320486
2026-03-27 04:50:00,403.4,406.0,403.25,405.85,218385
2026-03-27 04:55:00,405.8,406.25,405.45,406.1,118022
2026-03-27 05:00:00,406.15,407.05,406.15,406.95,138185
2026-03-27 05:05:00,406.95,407.5,406.7,407.35,163635
2026-03-27 05:10:00,407.35,408.0,406.7,406.9,147742
2026-03-27 05:15:00,406.9,406.9,406.3,406.6,136040
2026-03-27 05:20:00,406.65,407.25,406.5,406.65,126378
2026-03-27 05:25:00,406.65,407.5,406.6,407.2,157717
2026-03-27 05:30:00,407.25,408.25,407.15,408.1,182618
2026-03-27 05:35:00,408.15,409.1,407.8,409.1,150866
2026-03-27 05:40:00,409.1,411.0,409.05,410.45,402631
2026-03-27 05:45:00,410.5,411.7,410.05,411.35,177262
2026-03-27 05:50:00,411.3,411.4,409.4,409.5,130606
2026-03-27 05:55:00,409.55,409.9,408.7,408.8,134942
2026-03-27 06:00:00,408.8,409.75,408.4,409.3,192543
2026-03-27 06:05:00,409.35,411.15,409.35,411.0,172144
2026-03-27 06:10:00,411.0,411.3,410.3,411.05,99774
2026-03-27 06:15:00,411.15,411.3,410.75,411.0,85098
2026-03-27 06:20:00,411.15,412.8,410.95,412.65,215055
2026-03-27 06:25:00,412.65,413.0,411.8,412.95,208192
2026-03-27 06:30:00,412.95,413.2,412.45,412.75,165955
2026-03-27 06:35:00,412.8,413.25,412.65,412.8,112129
2026-03-27 06:40:00,412.8,413.45,412.5,413.4,133693
2026-03-27 06:45:00,413.2,413.35,411.35,411.4,164986
2026-03-27 06:50:00,411.45,412.2,411.1,411.75,130586
2026-03-27 06:55:00,411.7,412.45,411.15,411.7,154086
2026-03-27 07:00:00,411.65,411.65,410.2,411.15,174715
2026-03-27 07:05:00,411.15,411.5,410.6,411.1,68484
2026-03-27 07:10:00,411.1,411.6,410.65,411.3,67846
2026-03-27 07:15:00,411.15,411.35,410.75,410.8,65032
2026-03-27 07:20:00,410.8,411.65,410.65,411.1,98941
2026-03-27 07:25:00,411.1,411.3,410.4,410.6,99404
2026-03-27 07:30:00,410.6,410.95,410.1,410.2,93861
2026-03-27 07:35:00,410.2,410.2,409.25,409.7,179849
2026-03-27 07:40:00,409.85,410.0,409.4,409.95,80900
2026-03-27 07:45:00,409.95,411.2,409.8,410.8,118365
2026-03-27 07:50:00,410.75,410.75,409.8,410.1,118746
2026-03-27 07:55:00,410.05,410.55,409.3,409.3,69771
2026-03-27 08:00:00,409.2,409.8,409.15,409.65,111635
2026-03-27 08:05:00,409.65,410.0,409.15,409.2,137266
2026-03-27 08:10:00,409.2,410.1,409.1,409.75,79182
2026-03-27 08:15:00,409.75,409.9,409.5,409.6,75037
2026-03-27 08:20:00,409.5,409.95,409.3,409.5,142348
2026-03-27 08:25:00,409.45,409.9,409.0,409.25,202739
2026-03-27 08:30:00,409.3,409.55,409.05,409.3,80338
2026-03-27 08:35:00,409.3,409.3,408.25,408.6,324317
2026-03-27 08:40:00,408.65,409.35,408.45,409.2,166155
2026-03-27 08:45:00,409.2,409.6,408.85,409.2,154280
2026-03-27 08:50:00,409.0,409.4,408.75,409.15,121096
2026-03-27 08:55:00,409.25,409.25,408.25,408.8,127686
2026-03-27 09:00:00,408.7,409.05,407.8,408.1,275533
2026-03-27 09:05:00,408.1,408.4,407.35,407.55,200225
2026-03-27 09:10:00,407.6,409.0,407.55,407.9,203154
2026-03-27 09:15:00,408.0,408.4,407.9,408.0,165091
2026-03-27 09:20:00,407.95,408.0,406.85,407.2,285193
2026-03-27 09:25:00,407.3,407.4,406.5,406.85,226198
2026-03-27 09:30:00,406.25,406.25,404.45,404.8,1881276
2026-03-27 09:35:00,404.85,404.85,403.8,404.15,1737299
2026-03-27 09:40:00,404.15,404.85,404.1,404.35,1534279
2026-03-27 09:45:00,404.35,405.4,404.3,404.95,1616418
2026-03-27 09:50:00,404.8,405.3,404.25,405.1,1518870
2026-03-27 09:55:00,405.05,406.0,404.3,406.0,1057923
2026-03-30 03:45:00,400.0,408.0,400.0,407.0,1263370
2026-03-30 03:50:00,407.25,410.2,406.8,409.0,846711
2026-03-30 03:55:00,408.85,410.8,408.65,410.25,585309
2026-03-30 04:00:00,410.25,412.8,410.1,412.3,507456
2026-03-30 04:05:00,412.2,413.0,411.7,412.2,458180
2026-03-30 04:10:00,412.1,413.25,411.45,411.7,429026
2026-03-30 04:15:00,411.8,412.4,410.15,410.4,271456
2026-03-30 04:20:00,410.3,410.35,409.5,409.65,229582
2026-03-30 04:25:00,409.6,409.85,408.1,408.75,228062
2026-03-30 04:30:00,408.75,409.5,408.0,408.1,246463
2026-03-30 04:35:00,408.05,408.1,406.5,406.85,299142
2026-03-30 04:40:00,406.9,407.5,406.35,407.5,251702
2026-03-30 04:45:00,407.6,407.75,405.85,406.05,128061
2026-03-30 04:50:00,406.05,406.2,405.1,405.15,176821
2026-03-30 04:55:00,405.35,406.55,405.3,406.25,202819
2026-03-30 05:00:00,406.35,406.85,405.65,405.9,127716
2026-03-30 05:05:00,405.9,406.95,405.8,406.7,175677
2026-03-30 05:10:00,406.65,407.0,405.6,406.15,164492
2026-03-30 05:15:00,406.15,406.95,405.6,406.3,147813
2026-03-30 05:20:00,406.3,406.65,405.4,405.6,93585
2026-03-30 05:25:00,405.55,406.4,405.2,405.55,184439
2026-03-30 05:30:00,405.55,405.95,405.3,405.7,106469
2026-03-30 05:35:00,405.7,406.4,405.5,405.8,253667
2026-03-30 05:40:00,405.8,406.0,405.35,405.9,181156
2026-03-30 05:45:00,405.85,406.45,405.5,406.3,72328
2026-03-30 05:50:00,406.15,406.6,405.0,405.15,291244
2026-03-30 05:55:00,405.2,405.2,404.65,405.1,249514
2026-03-30 06:00:00,405.15,406.15,404.9,406.05,131241
2026-03-30 06:05:00,406.1,407.1,405.95,406.1,176097
2026-03-30 06:10:00,406.15,406.3,405.55,405.75,85149
2026-03-30 06:15:00,405.75,405.75,405.05,405.4,116652
2026-03-30 06:20:00,405.4,405.45,404.85,405.45,112204
2026-03-30 06:25:00,405.45,407.3,405.15,407.05,207062
2026-03-30 06:30:00,407.05,408.2,407.0,407.95,276692
2026-03-30 06:35:00,407.9,408.5,406.85,407.25,222882
2026-03-30 06:40:00,407.25,407.25,406.6,406.75,90491
2026-03-30 06:45:00,406.9,407.5,405.9,406.5,198313
2026-03-30 06:50:00,406.5,407.2,406.0,406.1,92143
2026-03-30 06:55:00,406.1,406.1,405.4,405.9,89123
2026-03-30 07:00:00,405.85,406.15,405.6,406.0,156733
2026-03-30 07:05:00,406.0,407.0,405.8,406.95,92087
2026-03-30 07:10:00,406.9,407.9,406.65,407.8,191707
2026-03-30 07:15:00,407.8,407.9,406.15,406.15,93220
2026-03-30 07:20:00,406.15,406.45,404.1,404.9,278225
2026-03-30 07:25:00,404.9,405.25,404.45,405.0,86427
2026-03-30 07:30:00,405.0,405.0,404.2,404.3,101665
2026-03-30 07:35:00,404.3,405.25,404.15,404.8,103536
2026-03-30 07:40:00,404.85,405.05,404.25,404.6,102023
2026-03-30 07:45:00,404.6,405.25,404.5,404.95,211640
2026-03-30 07:50:00,404.95,405.0,404.65,404.95,64181
2026-03-30 07:55:00,405.05,405.1,404.4,404.95,104405
2026-03-30 08:00:00,404.9,405.75,404.4,405.7,110018
2026-03-30 08:05:00,405.75,406.3,405.0,405.4,151028
2026-03-30 08:10:00,405.5,405.75,403.45,403.75,279590
2026-03-30 08:15:00,403.75,404.35,403.4,404.1,178817
2026-03-30 08:20:00,404.1,404.2,403.1,403.3,223636
2026-03-30 08:25:00,403.35,403.95,403.15,403.6,153847
2026-03-30 08:30:00,403.55,404.15,402.7,403.8,327767
2026-03-30 08:35:00,403.8,404.0,403.3,403.6,215831
2026-03-30 08:40:00,403.5,403.6,402.6,402.65,158194
2026-03-30 08:45:00,402.85,403.8,402.4,403.7,299120
2026-03-30 08:50:00,403.5,404.15,402.75,403.0,286846
2026-03-30 08:55:00,403.0,403.9,402.9,403.5,214675
2026-03-30 09:00:00,403.3,403.75,401.7,401.8,246708
2026-03-30 09:05:00,401.8,402.6,401.3,402.2,194658
2026-03-30 09:10:00,402.35,402.75,401.6,402.4,194996
2026-03-30 09:15:00,402.5,402.95,401.4,401.95,344434
2026-03-30 09:20:00,401.95,402.55,401.5,401.5,200733
2026-03-30 09:25:00,401.65,401.65,400.6,401.0,356797
2026-03-30 09:30:00,400.85,401.3,399.35,400.35,1557085
2026-03-30 09:35:00,400.35,400.7,399.6,399.9,1206114
2026-03-30 09:40:00,400.0,401.15,399.75,400.7,1010781
2026-03-30 09:45:00,400.75,401.5,400.7,400.9,1132031
2026-03-30 09:50:00,400.85,401.45,400.8,401.45,1077845
2026-03-30 09:55:00,401.45,401.7,400.8,401.6,885277
2026-04-01 03:45:00,415.0,421.8,412.65,421.2,2234694
2026-04-01 03:50:00,421.2,423.95,420.3,423.5,1120981
2026-04-01 03:55:00,423.65,425.5,423.15,425.3,1124330
2026-04-01 04:00:00,425.8,426.85,422.65,423.95,1011373
2026-04-01 04:05:00,423.95,424.8,422.6,424.1,503928
2026-04-01 04:10:00,424.2,426.55,424.05,425.7,821534
2026-04-01 04:15:00,425.55,428.25,424.5,427.7,1348365
2026-04-01 04:20:00,427.7,427.85,427.1,427.3,455270
2026-04-01 04:25:00,427.4,429.45,427.0,429.05,765661
2026-04-01 04:30:00,429.2,430.2,428.55,428.75,1169769
2026-04-01 04:35:00,428.45,429.4,427.4,427.4,515256
2026-04-01 04:40:00,427.4,428.0,426.5,426.9,515604
2026-04-01 04:45:00,426.9,427.45,426.6,426.7,270433
2026-04-01 04:50:00,426.8,427.25,426.1,426.25,354467
2026-04-01 04:55:00,426.4,426.45,424.45,425.5,564192
2026-04-01 05:00:00,425.5,426.3,425.0,425.6,274323
2026-04-01 05:05:00,425.6,426.5,425.15,425.45,183951
2026-04-01 05:10:00,425.5,425.55,424.05,424.3,330141
2026-04-01 05:15:00,423.85,424.45,423.3,423.6,270939
2026-04-01 05:20:00,423.45,423.85,423.1,423.2,196182
2026-04-01 05:25:00,423.15,423.2,422.6,423.05,289546
2026-04-01 05:30:00,423.05,423.1,422.0,422.75,237000
2026-04-01 05:35:00,422.75,424.3,422.5,423.35,294919
2026-04-01 05:40:00,423.15,424.25,422.2,422.35,213072
2026-04-01 05:45:00,422.35,423.2,422.35,423.2,127949
2026-04-01 05:50:00,423.2,423.65,422.45,422.9,238027
2026-04-01 05:55:00,423.0,424.7,422.9,424.15,380182
2026-04-01 06:00:00,424.4,424.95,423.65,424.95,237036
2026-04-01 06:05:00,424.95,425.75,424.95,425.25,210935
2026-04-01 06:10:00,425.15,425.3,424.35,424.45,185943
2026-04-01 06:15:00,424.45,424.65,423.6,424.6,285740
2026-04-01 06:20:00,424.5,425.05,422.55,422.7,223508
2026-04-01 06:25:00,422.65,423.5,422.25,423.2,123387
2026-04-01 06:30:00,423.2,425.4,423.2,425.0,172357
2026-04-01 06:35:00,424.95,425.0,423.85,424.2,107954
2026-04-01 06:40:00,424.0,424.2,423.6,424.0,71559
2026-04-01 06:45:00,424.0,424.0,423.2,423.8,87725
2026-04-01 06:50:00,423.75,423.8,423.0,423.4,117853
2026-04-01 06:55:00,423.4,424.75,423.25,424.75,78739
2026-04-01 07:00:00,424.65,424.9,424.05,424.25,97957
2026-04-01 07:05:00,424.35,424.65,424.1,424.55,68024
2026-04-01 07:10:00,424.5,424.65,424.15,424.45,91274
2026-04-01 07:15:00,424.5,425.8,424.5,425.5,195694
2026-04-01 07:20:00,425.4,425.9,424.9,425.8,167917
2026-04-01 07:25:00,425.75,425.95,425.0,425.15,92791
2026-04-01 07:30:00,425.1,425.4,424.2,424.4,146299
2026-04-01 07:35:00,424.4,424.95,424.1,424.55,77698
2026-04-01 07:40:00,424.5,424.55,424.0,424.55,59614
2026-04-01 07:45:00,424.75,424.8,423.65,423.85,107382
2026-04-01 07:50:00,423.85,423.85,422.7,423.35,215269
2026-04-01 07:55:00,423.4,423.65,423.05,423.5,157609
2026-04-01 08:00:00,423.45,423.6,422.5,422.95,170096
2026-04-01 08:05:00,422.8,422.9,420.75,421.15,315225
2026-04-01 08:10:00,421.15,421.2,418.8,419.85,490406
2026-04-01 08:15:00,419.95,420.75,419.05,420.2,183047
2026-04-01 08:20:00,420.1,420.2,419.5,419.9,117489
2026-04-01 08:25:00,419.95,420.5,419.6,419.8,115710
2026-04-01 08:30:00,419.9,420.3,419.5,420.1,96313
2026-04-01 08:35:00,420.15,420.2,419.7,420.0,85318
2026-04-01 08:40:00,420.0,420.2,419.5,420.05,128555
2026-04-01 08:45:00,420.05,420.35,419.15,420.0,138177
2026-04-01 08:50:00,420.0,420.05,419.1,419.45,116227
2026-04-01 08:55:00,419.45,419.75,419.15,419.25,90137
2026-04-01 09:00:00,419.25,419.6,419.1,419.3,120824
2026-04-01 09:05:00,419.3,419.4,417.8,417.9,330832
2026-04-01 09:10:00,417.9,418.45,417.4,418.05,219785
2026-04-01 09:15:00,418.05,418.1,416.6,417.25,305714
2026-04-01 09:20:00,417.4,418.05,416.85,417.3,162011
2026-04-01 09:25:00,417.4,418.8,417.25,418.25,191082
2026-04-01 09:30:00,418.5,419.75,417.95,418.85,444341
2026-04-01 09:35:00,418.85,419.0,418.3,418.95,257409
2026-04-01 09:40:00,418.9,419.15,417.8,417.9,379446
2026-04-01 09:45:00,417.85,418.7,417.7,418.2,396405
2026-04-01 09:50:00,418.2,419.25,418.05,419.2,474043
2026-04-01 09:55:00,419.25,420.0,418.95,419.95,403499
2026-04-02 03:45:00,417.0,417.0,407.5,411.0,1178720
2026-04-02 03:50:00,410.85,411.55,409.0,410.3,511899
2026-04-02 03:55:00,410.2,411.45,409.5,411.3,355168
2026-04-02 04:00:00,411.3,412.2,410.35,410.9,584228
2026-04-02 04:05:00,410.9,412.2,410.5,411.2,231496
2026-04-02 04:10:00,411.35,412.65,411.05,412.15,200650
2026-04-02 04:15:00,412.25,412.35,410.7,411.1,195890
2026-04-02 04:20:00,411.05,411.95,410.75,411.95,146702
2026-04-02 04:25:00,411.8,412.4,410.8,410.9,213187
2026-04-02 04:30:00,410.85,412.0,410.55,411.65,221807
2026-04-02 04:35:00,411.65,412.2,411.05,411.45,270592
2026-04-02 04:40:00,411.45,412.95,411.05,412.8,286415
2026-04-02 04:45:00,412.55,413.45,412.05,412.75,298870
2026-04-02 04:50:00,412.9,414.5,412.85,413.4,451445
2026-04-02 04:55:00,413.5,414.1,413.5,413.8,143576
2026-04-02 05:00:00,413.85,414.9,413.25,413.55,262862
2026-04-02 05:05:00,413.4,414.0,412.75,413.4,298121
2026-04-02 05:10:00,413.4,414.25,413.3,414.2,113407
2026-04-02 05:15:00,414.2,414.25,412.7,413.8,432476
2026-04-02 05:20:00,413.8,414.55,413.45,414.1,117426
2026-04-02 05:25:00,414.3,415.45,414.1,415.3,339066
2026-04-02 05:30:00,415.25,415.45,414.55,414.8,150331
2026-04-02 05:35:00,414.9,415.25,414.25,414.55,138056
2026-04-02 05:40:00,414.5,414.55,413.15,413.45,172392
2026-04-02 05:45:00,413.55,413.9,413.2,413.55,163769
2026-04-02 05:50:00,413.55,413.8,413.25,413.7,96237
2026-04-02 05:55:00,413.4,414.0,413.3,414.0,75952
2026-04-02 06:00:00,414.0,414.3,413.5,414.0,89717
2026-04-02 06:05:00,414.0,414.65,413.75,414.2,88569
2026-04-02 06:10:00,414.25,414.3,413.8,413.95,107639
2026-04-02 06:15:00,414.05,415.3,414.0,415.2,155414
2026-04-02 06:20:00,415.2,415.5,415.05,415.45,133786
2026-04-02 06:25:00,415.45,416.2,415.1,415.7,200615
2026-04-02 06:30:00,415.7,415.95,415.0,415.05,143767
2026-04-02 06:35:00,415.15,416.55,414.8,416.5,123633
2026-04-02 06:40:00,416.6,416.7,416.0,416.3,105607
2026-04-02 06:45:00,416.3,418.8,416.2,418.15,416133
2026-04-02 06:50:00,418.15,418.4,415.9,416.6,302349
2026-04-02 06:55:00,416.55,418.0,416.45,418.0,109245
2026-04-02 07:00:00,418.2,418.3,417.25,417.95,184815
2026-04-02 07:05:00,417.8,419.7,417.75,419.1,314004
2026-04-02 07:10:00,419.2,419.5,418.5,419.2,229630
2026-04-02 07:15:00,419.15,419.2,417.75,418.2,230254
2026-04-02 07:20:00,418.05,418.8,417.6,417.65,139981
2026-04-02 07:25:00,417.75,418.9,417.35,418.75,219483
2026-04-02 07:30:00,418.75,419.7,418.7,419.1,222829
2026-04-02 07:35:00,419.15,419.3,415.45,417.85,389217
2026-04-02 07:40:00,417.85,418.2,417.0,417.9,171036
2026-04-02 07:45:00,417.9,418.35,416.9,418.25,247154
2026-04-02 07:50:00,418.2,419.15,418.0,419.1,172268
2026-04-02 07:55:00,419.2,419.9,418.55,419.65,244924
2026-04-02 08:00:00,419.7,420.3,418.2,419.2,314244
2026-04-02 08:05:00,419.05,420.25,418.35,420.05,182109
2026-04-02 08:10:00,420.1,420.35,419.55,420.2,169289
2026-04-02 08:15:00,420.2,420.8,420.1,420.35,224408
2026-04-02 08:20:00,420.3,420.45,419.15,419.65,317696
2026-04-02 08:25:00,419.7,420.25,418.8,420.25,185450
2026-04-02 08:30:00,420.25,420.7,419.7,420.65,140627
2026-04-02 08:35:00,420.6,420.7,420.0,420.45,132140
2026-04-02 08:40:00,420.5,421.25,420.4,421.2,204122
2026-04-02 08:45:00,421.15,421.95,421.1,421.8,204699
2026-04-02 08:50:00,421.8,422.9,421.6,422.9,368669
2026-04-02 08:55:00,422.85,423.6,422.7,422.95,323170
2026-04-02 09:00:00,422.95,423.6,422.3,423.15,287318
2026-04-02 09:05:00,423.15,423.25,421.3,421.5,257213
2026-04-02 09:10:00,421.35,421.55,418.55,418.8,429865
2026-04-02 09:15:00,418.8,420.0,418.0,419.5,387631
2026-04-02 09:20:00,419.55,421.35,419.35,421.25,238450
2026-04-02 09:25:00,421.25,421.45,420.6,421.15,171086
2026-04-02 09:30:00,421.1,421.3,419.7,420.75,374899
2026-04-02 09:35:00,420.7,422.75,420.65,422.55,484072
2026-04-02 09:40:00,422.6,423.0,422.2,422.5,489755
2026-04-02 09:45:00,422.5,422.6,421.1,421.15,348895
2026-04-02 09:50:00,420.85,421.5,420.2,421.25,443938
2026-04-02 09:55:00,421.25,421.7,421.0,421.5,450984
2026-04-06 03:45:00,422.0,426.4,420.0,423.4,917066
2026-04-06 03:50:00,423.4,423.95,422.05,423.75,590049
2026-04-06 03:55:00,423.95,424.8,423.0,424.0,341321
2026-04-06 04:00:00,424.05,425.85,423.1,425.85,360228
2026-04-06 04:05:00,425.9,427.65,425.65,427.05,661182
2026-04-06 04:10:00,427.15,427.8,424.85,425.9,258657
2026-04-06 04:15:00,425.8,426.5,424.25,424.45,158470
2026-04-06 04:20:00,424.45,424.55,423.45,423.55,148759
2026-04-06 04:25:00,423.65,423.8,422.6,423.15,148552
2026-04-06 04:30:00,423.15,423.55,422.0,422.7,212138
2026-04-06 04:35:00,422.6,423.6,422.2,423.05,170861
2026-04-06 04:40:00,423.05,423.9,422.65,423.8,83233
2026-04-06 04:45:00,423.75,424.2,422.6,423.25,157888
2026-04-06 04:50:00,423.25,423.9,423.05,423.15,154641
2026-04-06 04:55:00,423.15,423.35,422.15,423.2,141631
2026-04-06 05:00:00,423.05,423.9,422.5,423.85,73331
2026-04-06 05:05:00,423.8,425.3,423.75,425.1,180583
2026-04-06 05:10:00,425.1,425.35,424.45,425.25,112471
2026-04-06 05:15:00,425.3,425.35,424.45,425.05,69504
2026-04-06 05:20:00,425.0,425.2,423.6,423.85,93167
2026-04-06 05:25:00,423.75,424.8,423.3,423.45,76286
2026-04-06 05:30:00,423.4,423.45,422.4,422.5,92623
2026-04-06 05:35:00,422.45,422.75,422.25,422.55,70417
2026-04-06 05:40:00,422.45,422.45,421.0,421.9,203993
2026-04-06 05:45:00,421.85,422.6,421.65,422.35,80508
2026-04-06 05:50:00,422.35,422.65,421.75,422.05,98587
2026-04-06 05:55:00,422.2,423.2,422.0,423.0,126532
2026-04-06 06:00:00,423.05,423.8,422.65,423.7,91303
2026-04-06 06:05:00,423.65,424.95,423.35,423.8,154539
2026-04-06 06:10:00,423.9,424.1,423.4,423.8,103967
2026-04-06 06:15:00,423.95,424.6,423.8,424.15,105126
2026-04-06 06:20:00,424.2,425.35,424.1,425.0,170237
2026-04-06 06:25:00,424.95,425.5,424.8,425.2,155854
2026-04-06 06:30:00,425.3,425.4,424.45,424.5,125772
2026-04-06 06:35:00,424.45,424.85,424.45,424.5,58988
2026-04-06 06:40:00,424.55,424.6,424.0,424.35,89065
2026-04-06 06:45:00,424.35,425.0,424.35,424.65,61488
2026-04-06 06:50:00,424.7,426.85,424.65,425.8,324925
2026-04-06 06:55:00,425.75,426.25,425.55,426.15,97155
2026-04-06 07:00:00,426.15,426.3,424.85,425.25,183803
2026-04-06 07:05:00,425.2,425.55,424.9,425.25,71981
2026-04-06 07:10:00,425.3,425.6,425.0,425.35,54979
2026-04-06 07:15:00,425.3,425.95,425.3,425.95,74531
2026-04-06 07:20:00,425.85,426.1,425.5,425.65,96970
2026-04-06 07:25:00,425.6,426.45,425.6,426.3,93949
2026-04-06 07:30:00,426.2,426.5,425.1,425.4,93188
2026-04-06 07:35:00,425.4,425.9,425.3,425.75,96140
2026-04-06 07:40:00,425.8,426.5,425.8,426.35,109215
2026-04-06 07:45:00,426.35,426.5,425.8,425.95,82300
2026-04-06 07:50:00,425.85,426.5,425.85,426.3,71862
2026-04-06 07:55:00,426.2,426.4,425.8,426.15,131708
2026-04-06 08:00:00,426.15,426.45,425.9,426.3,71683
2026-04-06 08:05:00,426.2,426.4,425.8,426.0,78019
2026-04-06 08:10:00,426.0,426.15,425.05,425.45,241773
2026-04-06 08:15:00,425.45,425.95,425.25,425.55,89987
2026-04-06 08:20:00,425.55,426.15,425.45,425.85,95719
2026-04-06 08:25:00,425.9,426.15,425.5,425.95,88489
2026-04-06 08:30:00,426.2,426.9,425.9,426.5,172107
2026-04-06 08:35:00,426.5,426.8,425.75,425.9,84222
2026-04-06 08:40:00,425.9,427.0,425.85,426.75,101842
2026-04-06 08:45:00,426.9,426.95,426.35,426.7,68207
2026-04-06 08:50:00,426.65,427.0,426.5,426.5,101889
2026-04-06 08:55:00,426.5,426.6,426.0,426.6,68427
2026-04-06 09:00:00,426.5,427.55,426.45,427.5,283097
2026-04-06 09:05:00,427.5,427.8,427.0,427.35,121191
2026-04-06 09:10:00,427.25,427.35,426.8,427.1,137017
2026-04-06 09:15:00,427.15,427.35,426.8,427.1,94370
2026-04-06 09:20:00,427.15,427.45,427.05,427.15,158623
2026-04-06 09:25:00,427.3,427.35,426.2,426.8,255974
2026-04-06 09:30:00,426.8,427.9,426.75,427.8,218517
2026-04-06 09:35:00,427.8,428.0,427.4,427.55,219382
2026-04-06 09:40:00,427.7,428.05,427.25,427.35,269249
2026-04-06 09:45:00,427.4,427.55,426.5,426.85,225448
2026-04-06 09:50:00,426.75,426.8,426.25,426.4,224352
2026-04-06 09:55:00,426.55,426.75,426.0,426.6,308179
2026-04-07 03:45:00,424.0,425.7,420.65,424.5,580335
2026-04-07 03:50:00,424.5,426.0,423.6,425.3,331492
2026-04-07 03:55:00,425.5,428.0,425.35,427.75,472266
2026-04-07 04:00:00,427.75,428.0,426.0,426.0,301562
2026-04-07 04:05:00,426.0,426.2,424.9,426.0,187011
2026-04-07 04:10:00,426.0,426.4,424.5,424.85,243919
2026-04-07 04:15:00,424.65,426.15,424.45,424.6,193960
2026-04-07 04:20:00,424.5,425.6,424.4,425.1,85186
2026-04-07 04:25:00,425.3,426.5,425.0,426.2,101514
2026-04-07 04:30:00,426.35,427.25,425.9,427.25,165871
2026-04-07 04:35:00,427.2,427.5,426.8,426.95,108543
2026-04-07 04:40:00,426.8,428.4,426.65,428.4,162353
2026-04-07 04:45:00,428.2,428.95,427.25,428.45,187301
2026-04-07 04:50:00,428.45,429.0,427.15,427.8,143484
2026-04-07 04:55:00,427.7,428.6,427.55,428.45,108511
2026-04-07 05:00:00,428.45,428.45,427.6,427.6,72305
2026-04-07 05:05:00,427.6,428.3,427.0,428.25,85712
2026-04-07 05:10:00,428.25,428.85,428.2,428.55,94122
2026-04-07 05:15:00,428.6,428.6,427.85,428.0,77083
2026-04-07 05:20:00,427.95,428.0,426.3,426.8,142035
2026-04-07 05:25:00,426.8,427.35,425.65,425.75,97516
2026-04-07 05:30:00,425.95,425.95,425.1,425.4,191627
2026-04-07 05:35:00,425.35,425.45,424.5,424.75,204469
2026-04-07 05:40:00,424.75,425.0,424.1,424.1,223720
2026-04-07 05:45:00,424.15,424.9,424.05,424.65,85791
2026-04-07 05:50:00,424.6,425.7,424.6,425.4,107373
2026-04-07 05:55:00,425.45,425.9,425.3,425.7,103484
2026-04-07 06:00:00,425.7,425.7,425.0,425.25,53920
2026-04-07 06:05:00,425.25,425.65,424.85,425.25,81441
2026-04-07 06:10:00,425.25,425.35,424.5,425.0,80063
2026-04-07 06:15:00,425.0,425.45,424.8,424.95,44868
2026-04-07 06:20:00,425.0,425.4,424.9,425.25,48296
2026-04-07 06:25:00,425.25,426.4,425.25,426.2,135010
2026-04-07 06:30:00,426.3,426.35,425.35,425.65,73051
2026-04-07 06:35:00,425.65,425.85,425.35,425.8,43039
2026-04-07 06:40:00,425.85,425.85,424.85,425.55,85300
2026-04-07 06:45:00,425.55,425.8,425.3,425.6,47134
2026-04-07 06:50:00,425.6,426.15,425.5,425.65,70900
2026-04-07 06:55:00,425.75,426.35,425.55,426.1,56640
2026-04-07 07:00:00,426.1,426.5,425.95,425.95,82825
2026-04-07 07:05:00,425.95,426.15,425.55,426.0,55279
2026-04-07 07:10:00,426.05,426.5,426.0,426.35,59532
2026-04-07 07:15:00,426.3,426.3,426.0,426.2,31051
2026-04-07 07:20:00,426.25,426.45,425.65,426.0,69740
2026-04-07 07:25:00,426.0,426.0,425.0,425.15,71456
2026-04-07 07:30:00,425.15,425.9,425.0,425.8,47852
2026-04-07 07:35:00,425.85,425.85,425.15,425.4,49876
2026-04-07 07:40:00,425.4,425.9,425.25,425.6,56918
2026-04-07 07:45:00,425.6,426.2,425.6,426.2,56274
2026-04-07 07:50:00,426.2,426.2,425.5,425.85,43626
2026-04-07 07:55:00,425.9,426.2,425.2,426.0,77767
2026-04-07 08:00:00,425.95,427.3,425.95,426.75,179042
2026-04-07 08:05:00,426.9,427.4,426.75,427.2,77177
2026-04-07 08:10:00,427.25,427.75,426.8,427.5,116763
2026-04-07 08:15:00,427.6,427.7,426.85,427.05,93203
2026-04-07 08:20:00,427.1,427.2,426.5,427.1,105574
2026-04-07 08:25:00,427.05,427.1,425.25,425.95,137868
2026-04-07 08:30:00,426.0,426.95,425.65,426.7,61440
2026-04-07 08:35:00,426.9,426.95,426.35,426.65,56360
2026-04-07 08:40:00,426.7,426.8,426.0,426.4,66010
2026-04-07 08:45:00,426.35,426.7,426.05,426.05,80046
2026-04-07 08:50:00,426.15,426.6,426.0,426.2,64467
2026-04-07 08:55:00,426.2,426.8,426.2,426.65,50795
2026-04-07 09:00:00,426.6,427.3,426.6,426.85,94739
2026-04-07 09:05:00,427.0,427.0,426.2,426.45,74141
2026-04-07 09:10:00,426.6,427.2,426.45,426.75,111825
2026-04-07 09:15:00,426.85,427.3,426.6,427.1,94676
2026-04-07 09:20:00,427.2,427.7,427.1,427.45,152350
2026-04-07 09:25:00,427.6,428.15,427.25,427.9,284428
2026-04-07 09:30:00,427.85,428.6,427.35,428.35,520085
2026-04-07 09:35:00,428.35,428.5,427.55,427.7,473277
2026-04-07 09:40:00,427.8,428.35,427.5,427.8,475546
2026-04-07 09:45:00,427.7,428.1,427.2,427.35,567017
2026-04-07 09:50:00,427.65,427.9,427.25,427.75,586547
2026-04-07 09:55:00,427.6,427.9,425.0,426.95,472035
2026-04-08 03:45:00,440.0,440.0,432.0,432.05,2016429
2026-04-08 03:50:00,432.25,433.45,430.0,431.15,1553258
2026-04-08 03:55:00,431.25,432.2,430.05,430.6,763969
2026-04-08 04:00:00,430.6,431.25,430.35,430.75,460864
2026-04-08 04:05:00,430.8,431.3,430.45,430.8,325265
2026-04-08 04:10:00,430.8,431.2,430.55,430.85,380748
2026-04-08 04:15:00,430.85,432.4,430.85,431.65,435924
2026-04-08 04:20:00,431.65,431.75,430.05,431.0,713043
2026-04-08 04:25:00,431.0,431.1,428.8,429.0,765046
2026-04-08 04:30:00,429.0,430.0,428.95,429.45,407261
2026-04-08 04:35:00,429.5,430.8,429.5,430.6,245831
2026-04-08 04:40:00,430.65,431.6,430.25,430.7,277270
2026-04-08 04:45:00,430.75,431.2,430.1,430.85,162110
2026-04-08 04:50:00,430.9,431.15,430.5,431.05,148927
2026-04-08 04:55:00,431.0,431.95,430.85,431.9,214812
2026-04-08 05:00:00,431.85,432.1,431.25,431.6,217580
2026-04-08 05:05:00,431.4,431.9,431.2,431.4,135299
2026-04-08 05:10:00,431.4,431.9,431.05,431.85,122420
2026-04-08 05:15:00,431.75,432.9,431.7,432.6,303367
2026-04-08 05:20:00,432.6,434.3,432.4,434.25,434078
2026-04-08 05:25:00,434.3,434.7,433.95,434.7,347167
2026-04-08 05:30:00,434.7,435.3,434.3,434.45,358875
2026-04-08 05:35:00,434.45,434.75,434.05,434.5,165498
2026-04-08 05:40:00,434.5,434.7,434.2,434.25,145825
2026-04-08 05:45:00,434.3,434.3,433.25,433.7,220582
2026-04-08 05:50:00,433.7,434.15,432.75,432.9,181069
2026-04-08 05:55:00,432.9,432.9,431.95,432.4,172005
2026-04-08 06:00:00,432.3,432.5,431.8,432.1,94675
2026-04-08 06:05:00,432.2,432.95,431.95,432.0,111465
2026-04-08 06:10:00,431.85,432.45,431.85,432.4,83862
2026-04-08 06:15:00,432.4,432.8,432.3,432.75,66459
2026-04-08 06:20:00,432.75,432.85,431.45,432.55,154554
2026-04-08 06:25:00,432.55,432.55,431.95,432.35,62606
2026-04-08 06:30:00,432.35,432.55,432.2,432.55,54664
2026-04-08 06:35:00,432.55,433.0,432.45,433.0,133040
2026-04-08 06:40:00,433.0,433.45,432.85,433.15,94962
2026-04-08 06:45:00,433.2,433.35,432.85,433.15,73630
2026-04-08 06:50:00,433.15,433.5,432.95,433.25,77069
2026-04-08 06:55:00,433.25,433.3,432.4,432.45,104387
2026-04-08 07:00:00,432.4,432.45,431.55,431.75,86716
2026-04-08 07:05:00,431.75,432.0,430.7,430.75,153165
2026-04-08 07:10:00,430.75,431.8,430.65,431.75,80119
2026-04-08 07:15:00,431.6,431.6,431.05,431.2,71409
2026-04-08 07:20:00,431.2,431.5,431.0,431.15,122843
2026-04-08 07:25:00,431.05,431.5,431.05,431.1,63013
2026-04-08 07:30:00,431.2,431.6,430.8,430.85,122927
2026-04-08 07:35:00,430.9,431.65,430.5,430.55,156536
2026-04-08 07:40:00,430.5,431.0,430.5,431.0,81993
2026-04-08 07:45:00,430.95,431.55,430.75,431.1,87036
2026-04-08 07:50:00,431.05,431.3,430.85,430.95,63840
2026-04-08 07:55:00,431.0,431.2,430.9,431.05,66168
2026-04-08 08:00:00,431.1,431.15,430.8,431.15,52955
2026-04-08 08:05:00,431.2,431.6,430.9,431.45,108449
2026-04-08 08:10:00,431.4,431.5,430.85,430.95,55700
2026-04-08 08:15:00,431.0,431.25,430.75,431.0,62332
2026-04-08 08:20:00,431.0,431.0,430.5,430.65,73927
2026-04-08 08:25:00,430.8,431.45,430.55,431.15,67600
2026-04-08 08:30:00,431.15,431.3,430.05,430.3,302539
2026-04-08 08:35:00,430.35,430.6,429.9,430.5,194089
2026-04-08 08:40:00,430.35,430.85,430.05,430.4,90045
2026-04-08 08:45:00,430.4,430.9,430.25,430.9,68657
2026-04-08 08:50:00,430.9,431.0,430.4,430.45,96977
2026-04-08 08:55:00,430.5,431.15,430.35,431.0,128902
2026-04-08 09:00:00,431.0,431.2,430.75,430.95,82010
2026-04-08 09:05:00,430.95,431.3,430.85,431.25,92973
2026-04-08 09:10:00,431.25,431.9,431.1,431.8,189507
2026-04-08 09:15:00,431.9,432.3,431.25,431.65,279056
2026-04-08 09:20:00,431.45,432.0,431.35,431.9,175538
2026-04-08 09:25:00,431.9,432.25,431.8,432.2,170126
2026-04-08 09:30:00,432.05,432.05,430.6,431.85,368829
2026-04-08 09:35:00,431.8,433.25,431.7,433.2,556875
2026-04-08 09:40:00,433.2,433.7,432.7,432.8,569107
2026-04-08 09:45:00,432.95,433.4,432.35,433.15,693020
2026-04-08 09:50:00,433.1,434.4,433.0,434.35,705887
2026-04-08 09:55:00,434.4,434.5,433.8,434.15,739381
2026-04-09 03:45:00,425.0,437.65,424.5,437.15,1825634
2026-04-09 03:50:00,437.15,438.8,436.85,438.3,742400
2026-04-09 03:55:00,438.3,441.0,438.1,440.4,1036992
2026-04-09 04:00:00,440.3,440.6,438.05,438.4,616530
2026-04-09 04:05:00,438.4,440.55,438.25,439.3,532021
2026-04-09 04:10:00,439.5,439.9,438.55,439.15,284711
2026-04-09 04:15:00,439.25,439.75,437.85,437.85,368789
2026-04-09 04:20:00,437.85,438.05,436.8,437.0,330106
2026-04-09 04:25:00,437.15,437.2,436.25,436.8,234558
2026-04-09 04:30:00,436.8,439.0,436.45,438.85,348241
2026-04-09 04:35:00,438.9,439.35,438.1,438.5,181122
2026-04-09 04:40:00,438.6,439.0,438.2,438.4,174338
2026-04-09 04:45:00,438.3,439.8,437.9,439.6,317660
2026-04-09 04:50:00,439.6,442.0,439.5,441.9,569014
2026-04-09 04:55:00,441.8,442.6,440.05,440.7,625021
2026-04-09 05:00:00,440.7,442.0,440.7,442.0,268319
2026-04-09 05:05:00,441.95,442.6,440.7,441.0,320108
2026-04-09 05:10:00,440.95,441.5,440.25,440.5,188582
2026-04-09 05:15:00,440.55,440.85,440.25,440.75,137280
2026-04-09 05:20:00,440.7,440.8,440.1,440.25,119793
2026-04-09 05:25:00,440.3,440.6,439.6,439.8,146873
2026-04-09 05:30:00,439.8,440.5,439.55,439.65,240962
2026-04-09 05:35:00,439.65,440.7,439.3,440.65,206253
2026-04-09 05:40:00,440.7,440.8,440.0,440.3,85950
2026-04-09 05:45:00,440.35,440.45,439.5,440.2,92435
2026-04-09 05:50:00,440.1,440.7,439.95,440.4,168262
2026-04-09 05:55:00,440.25,441.35,440.2,440.95,159230
2026-04-09 06:00:00,440.95,442.0,440.95,441.6,221756
2026-04-09 06:05:00,441.55,441.75,441.15,441.35,109790
2026-04-09 06:10:00,441.35,441.9,441.2,441.2,76442
2026-04-09 06:15:00,441.25,441.4,440.8,441.25,91905
2026-04-09 06:20:00,441.35,442.45,441.3,442.35,294791
2026-04-09 06:25:00,442.45,442.75,442.0,442.15,234543
2026-04-09 06:30:00,442.2,442.7,441.6,442.05,178653
2026-04-09 06:35:00,442.05,442.7,441.6,442.5,156659
2026-04-09 06:40:00,442.65,442.85,441.85,442.6,192052
2026-04-09 06:45:00,442.5,443.3,442.45,442.5,474027
2026-04-09 06:50:00,442.65,443.0,442.1,442.65,169177
2026-04-09 06:55:00,442.65,442.95,442.2,442.8,114417
2026-04-09 07:00:00,442.8,442.95,442.1,442.15,119995
2026-04-09 07:05:00,442.2,442.45,441.7,442.05,157787
2026-04-09 07:10:00,442.05,442.65,441.95,442.1,89482
2026-04-09 07:15:00,442.1,442.6,441.35,441.65,207905
2026-04-09 07:20:00,441.7,442.5,441.6,442.4,113956
2026-04-09 07:25:00,442.35,442.7,442.1,442.1,81910
2026-04-09 07:30:00,442.15,442.6,442.1,442.35,75748
2026-04-09 07:35:00,442.35,442.4,441.95,442.0,76569
2026-04-09 07:40:00,442.0,442.3,441.2,441.9,145598
2026-04-09 07:45:00,441.8,441.95,441.15,441.2,99267
2026-04-09 07:50:00,441.2,441.25,440.3,440.9,201373
2026-04-09 07:55:00,440.95,440.95,440.25,440.25,105185
2026-04-09 08:00:00,440.3,441.1,440.2,440.8,146081
2026-04-09 08:05:00,440.75,441.55,440.65,440.9,120558
2026-04-09 08:10:00,440.85,440.95,440.1,440.1,97223
2026-04-09 08:15:00,440.2,440.85,440.15,440.55,146998
2026-04-09 08:20:00,440.5,440.6,439.6,439.9,246246
2026-04-09 08:25:00,439.85,440.0,439.6,439.8,73928
2026-04-09 08:30:00,439.75,440.65,439.65,440.65,108772
2026-04-09 08:35:00,440.4,441.0,440.05,440.8,153108
2026-04-09 08:40:00,440.8,440.8,440.1,440.35,99561
2026-04-09 08:45:00,440.3,440.3,439.75,440.1,146386
2026-04-09 08:50:00,440.05,440.35,439.25,439.75,156778
2026-04-09 08:55:00,439.75,439.75,438.8,439.0,155575
2026-04-09 09:00:00,439.15,439.3,438.5,438.95,169710
2026-04-09 09:05:00,438.95,439.4,438.5,439.4,157396
2026-04-09 09:10:00,439.4,440.15,439.15,439.9,129529
2026-04-09 09:15:00,439.9,440.4,439.5,440.25,129325
2026-04-09 09:20:00,440.3,440.35,439.65,440.3,184785
2026-04-09 09:25:00,440.2,440.35,439.1,439.2,178417
2026-04-09 09:30:00,439.1,439.9,438.4,439.35,486987
2026-04-09 09:35:00,439.25,440.4,439.15,440.35,319291
2026-04-09 09:40:00,440.4,440.4,439.5,439.65,412836
2026-04-09 09:45:00,439.65,440.05,439.6,439.6,429217
2026-04-09 09:50:00,439.6,440.0,439.3,440.0,582405
2026-04-09 09:55:00,439.95,440.9,439.9,440.7,513932
2026-04-10 03:45:00,444.1,447.45,442.75,446.25,1164035
2026-04-10 03:50:00,446.4,446.6,443.7,444.25,432936
2026-04-10 03:55:00,444.3,444.5,442.8,443.55,311837
2026-04-10 04:00:00,443.35,444.9,442.8,444.8,277750
2026-04-10 04:05:00,444.85,445.75,444.35,444.95,430559
2026-04-10 04:10:00,444.95,444.95,443.4,443.7,220185
2026-04-10 04:15:00,443.7,443.8,442.7,443.0,254728
2026-04-10 04:20:00,442.9,443.75,442.5,443.4,190977
2026-04-10 04:25:00,443.5,444.6,443.0,443.0,241136
2026-04-10 04:30:00,443.2,443.65,443.0,443.05,88219
2026-04-10 04:35:00,443.05,443.05,440.8,442.85,319754
2026-04-10 04:40:00,442.65,443.6,442.65,443.35,107964
2026-04-10 04:45:00,443.35,443.8,443.0,443.35,67929
2026-04-10 04:50:00,443.35,443.65,443.15,443.6,65861
2026-04-10 04:55:00,443.6,443.95,443.5,443.85,67071
2026-04-10 05:00:00,443.95,443.95,443.5,443.8,58981
2026-04-10 05:05:00,443.8,444.0,443.5,443.85,60494
2026-04-10 05:10:00,443.8,443.95,443.1,443.2,77319
2026-04-10 05:15:00,443.1,443.7,443.05,443.3,53875
2026-04-10 05:20:00,443.25,443.3,442.7,443.15,101154
2026-04-10 05:25:00,443.1,443.6,442.35,443.55,133623
2026-04-10 05:30:00,443.6,443.65,442.3,442.75,55357
2026-04-10 05:35:00,442.8,442.85,442.3,442.7,39836
2026-04-10 05:40:00,442.8,442.9,442.3,442.4,44897
2026-04-10 05:45:00,442.4,442.75,442.35,442.6,50037
2026-04-10 05:50:00,442.65,442.85,442.55,442.6,37196
2026-04-10 05:55:00,442.7,442.8,442.4,442.4,51210
2026-04-10 06:00:00,442.4,442.75,442.2,442.7,88410
2026-04-10 06:05:00,442.7,442.95,442.45,442.65,54897
2026-04-10 06:10:00,442.85,443.0,442.5,442.55,54816
2026-04-10 06:15:00,442.6,442.9,441.65,442.0,160837
2026-04-10 06:20:00,441.85,442.9,441.85,442.8,55942
2026-04-10 06:25:00,442.8,442.95,442.7,442.75,27469
2026-04-10 06:30:00,442.8,443.0,442.5,442.55,138736
2026-04-10 06:35:00,442.7,442.8,442.2,442.65,55514
2026-04-10 06:40:00,442.7,442.85,442.2,442.45,68625
2026-04-10 06:45:00,442.55,442.55,441.75,442.25,119414
2026-04-10 06:50:00,442.2,443.2,441.8,443.05,151432
2026-04-10 06:55:00,443.0,443.6,442.8,443.45,95552
2026-04-10 07:00:00,443.25,443.7,443.1,443.1,88038
2026-04-10 07:05:00,443.3,443.5,442.85,442.9,34233
2026-04-10 07:10:00,443.05,443.05,442.5,442.6,35108
2026-04-10 07:15:00,442.55,442.65,442.2,442.65,56959
2026-04-10 07:20:00,442.8,442.8,442.3,442.5,54424
2026-04-10 07:25:00,442.5,442.8,442.3,442.35,33789
2026-04-10 07:30:00,442.4,442.8,442.25,442.7,44826
2026-04-10 07:35:00,442.7,443.25,442.55,443.15,61159
2026-04-10 07:40:00,443.25,443.25,442.6,442.7,44337
2026-04-10 07:45:00,442.7,442.7,442.3,442.4,32277
2026-04-10 07:50:00,442.3,442.4,441.9,442.0,57874
2026-04-10 07:55:00,442.1,442.25,441.8,442.1,46291
2026-04-10 08:00:00,442.1,442.2,441.95,442.0,58678
2026-04-10 08:05:00,442.05,442.15,441.8,442.0,108656
2026-04-10 08:10:00,442.0,442.6,441.9,442.45,57987
2026-04-10 08:15:00,442.45,442.45,441.9,442.0,83499
2026-04-10 08:20:00,442.0,442.25,441.8,441.95,52789
2026-04-10 08:25:00,442.0,443.0,441.9,443.0,154919
2026-04-10 08:30:00,443.0,443.5,442.7,443.2,154281
2026-04-10 08:35:00,443.3,443.3,442.85,443.2,77438
2026-04-10 08:40:00,443.05,443.4,442.45,442.55,112680
2026-04-10 08:45:00,442.7,443.4,440.45,442.5,410022
2026-04-10 08:50:00,442.65,442.9,441.5,441.6,92085
2026-04-10 08:55:00,441.4,441.7,441.05,441.1,87062
2026-04-10 09:00:00,441.1,442.15,441.1,441.6,59855
2026-04-10 09:05:00,441.65,442.0,441.3,441.8,56671
2026-04-10 09:10:00,441.75,441.95,441.6,441.75,81776
2026-04-10 09:15:00,441.8,442.8,441.4,442.7,165531
2026-04-10 09:20:00,442.7,442.75,442.2,442.2,145097
2026-04-10 09:25:00,442.2,442.9,442.1,442.15,188464
2026-04-10 09:30:00,442.25,442.8,442.15,442.65,209683
2026-04-10 09:35:00,442.8,443.15,442.55,442.9,291373
2026-04-10 09:40:00,442.9,443.0,442.4,442.4,260100
2026-04-10 09:45:00,442.55,442.75,442.2,442.4,296357
2026-04-10 09:50:00,442.5,442.5,441.85,442.0,423715
2026-04-10 09:55:00,442.0,442.5,441.6,442.45,437555
2026-04-13 03:45:00,435.0,438.4,434.0,437.25,1479211
2026-04-13 03:50:00,437.1,439.25,436.8,439.2,621460
2026-04-13 03:55:00,439.2,439.95,438.7,439.7,439545
2026-04-13 04:00:00,439.45,439.85,438.3,439.4,312742
2026-04-13 04:05:00,439.6,439.6,437.4,437.6,232022
2026-04-13 04:10:00,437.7,439.5,437.55,438.3,160452
2026-04-13 04:15:00,438.35,438.35,437.35,438.0,182094
2026-04-13 04:20:00,438.0,439.65,438.0,439.65,251722
2026-04-13 04:25:00,439.7,440.4,439.5,440.4,240238
2026-04-13 04:30:00,440.45,440.45,439.0,439.3,172729
2026-04-13 04:35:00,439.25,439.7,438.9,439.6,85974
2026-04-13 04:40:00,439.45,440.1,438.7,438.8,232828
2026-04-13 04:45:00,438.95,439.9,438.3,439.7,112767
2026-04-13 04:50:00,439.9,440.8,439.6,440.35,194224
2026-04-13 04:55:00,440.35,440.65,440.0,440.35,97668
2026-04-13 05:00:00,440.35,440.7,439.55,439.8,146106
2026-04-13 05:05:00,439.85,440.2,439.2,439.8,103150
2026-04-13 05:10:00,439.8,440.15,438.4,439.35,213640
2026-04-13 05:15:00,439.35,440.8,439.2,440.8,208914
2026-04-13 05:20:00,440.8,440.9,440.5,440.7,86340
2026-04-13 05:25:00,440.7,441.1,440.35,440.35,118337
2026-04-13 05:30:00,440.45,440.45,439.7,439.95,161410
2026-04-13 05:35:00,440.0,440.95,439.8,440.5,205611
2026-04-13 05:40:00,440.5,440.8,440.15,440.65,77432
2026-04-13 05:45:00,440.6,440.95,440.45,440.8,58161
2026-04-13 05:50:00,440.85,441.5,440.5,441.3,100756
2026-04-13 05:55:00,441.4,441.9,440.45,440.65,276999
2026-04-13 06:00:00,440.65,441.65,440.3,441.2,83071
2026-04-13 06:05:00,441.05,442.0,441.05,441.15,153842
2026-04-13 06:10:00,441.15,441.65,441.0,441.65,80261
2026-04-13 06:15:00,441.6,441.9,441.35,441.8,95297
2026-04-13 06:20:00,441.8,442.3,441.45,442.3,136737
2026-04-13 06:25:00,442.25,443.7,442.25,443.5,735796
2026-04-13 06:30:00,443.45,444.55,443.25,444.4,385193
2026-04-13 06:35:00,444.4,445.0,444.4,444.8,241993
2026-04-13 06:40:00,444.75,445.5,444.15,444.8,462930
2026-04-13 06:45:00,444.85,445.35,444.1,445.3,185935
2026-04-13 06:50:00,445.3,445.4,443.5,444.1,371032
2026-04-13 06:55:00,444.3,444.5,444.1,444.45,96714
2026-04-13 07:00:00,444.45,444.45,443.55,443.6,172453
2026-04-13 07:05:00,443.7,444.65,443.5,444.15,117442
2026-04-13 07:10:00,444.15,444.35,443.75,444.3,53134
2026-04-13 07:15:00,444.3,444.45,444.0,444.1,83291
2026-04-13 07:20:00,444.05,444.35,444.0,444.05,63992
2026-04-13 07:25:00,444.05,444.5,443.6,444.1,145124
2026-04-13 07:30:00,444.05,444.05,443.0,443.85,122680
2026-04-13 07:35:00,443.8,444.55,443.8,444.35,105449
2026-04-13 07:40:00,444.25,444.9,444.1,444.8,104438
2026-04-13 07:45:00,444.75,444.9,444.25,444.45,79614
2026-04-13 07:50:00,444.45,444.8,444.25,444.4,62314
2026-04-13 07:55:00,444.4,444.7,444.1,444.1,70821
2026-04-13 08:00:00,444.05,444.7,444.0,444.4,71922
2026-04-13 08:05:00,444.45,444.7,444.2,444.5,52940
2026-04-13 08:10:00,444.4,444.5,444.1,444.45,53555
2026-04-13 08:15:00,444.45,444.5,443.7,443.8,102911
2026-04-13 08:20:00,443.75,444.45,443.4,444.45,87572
2026-04-13 08:25:00,444.2,444.5,444.0,444.15,81733
2026-04-13 08:30:00,444.1,444.3,443.85,444.05,63651
2026-04-13 08:35:00,444.05,444.1,443.4,443.4,82096
2026-04-13 08:40:00,443.45,443.75,443.05,443.75,76006
2026-04-13 08:45:00,443.65,443.8,443.2,443.6,91397
2026-04-13 08:50:00,443.6,444.0,442.3,442.7,370209
2026-04-13 08:55:00,442.75,443.05,442.55,442.7,206715
2026-04-13 09:00:00,442.8,443.65,442.65,443.0,185920
2026-04-13 09:05:00,443.0,443.45,442.65,442.75,142797
2026-04-13 09:10:00,442.6,443.0,442.4,442.7,113659
2026-04-13 09:15:00,442.7,443.0,442.45,442.95,119225
2026-04-13 09:20:00,442.9,443.0,442.45,442.6,173658
2026-04-13 09:25:00,442.65,442.95,442.3,442.5,102741
2026-04-13 09:30:00,442.4,442.4,441.05,441.2,406506
2026-04-13 09:35:00,441.25,441.95,441.0,441.45,302319
2026-04-13 09:40:00,441.2,441.8,441.0,441.75,361018
2026-04-13 09:45:00,441.75,441.9,441.35,441.55,296707
2026-04-13 09:50:00,441.5,441.8,441.35,441.8,257119
2026-04-13 09:55:00,441.8,442.5,441.5,442.5,357889
2026-04-15 03:45:00,447.5,449.2,445.8,446.9,840690
2026-04-15 03:50:00,446.75,447.2,445.15,445.45,321821
2026-04-15 03:55:00,445.35,445.8,444.8,445.6,334733
2026-04-15 04:00:00,445.75,446.15,445.5,445.65,184798
2026-04-15 04:05:00,445.7,446.8,445.65,446.0,171988
2026-04-15 04:10:00,445.9,446.75,445.9,446.75,164782
2026-04-15 04:15:00,446.7,448.0,446.65,447.85,395299
2026-04-15 04:20:00,447.85,448.9,447.8,448.2,358349
2026-04-15 04:25:00,448.2,448.2,447.5,447.95,200563
2026-04-15 04:30:00,447.9,447.9,447.2,447.45,100395
2026-04-15 04:35:00,447.5,447.75,447.05,447.7,107822
2026-04-15 04:40:00,447.5,447.6,446.8,447.05,111356
2026-04-15 04:45:00,447.1,447.75,446.9,447.6,82187
2026-04-15 04:50:00,447.6,447.7,447.15,447.45,77615
2026-04-15 04:55:00,447.4,447.5,447.05,447.25,59345
2026-04-15 05:00:00,447.3,447.75,447.1,447.65,87212
2026-04-15 05:05:00,447.45,447.65,447.2,447.3,52333
2026-04-15 05:10:00,447.35,447.6,447.15,447.35,86696
2026-04-15 05:15:00,447.4,447.45,447.15,447.35,53343
2026-04-15 05:20:00,447.35,447.35,446.8,447.15,120624
2026-04-15 05:25:00,447.15,447.35,446.95,447.1,81649
2026-04-15 05:30:00,447.15,447.5,447.0,447.35,83056
2026-04-15 05:35:00,447.4,447.4,446.9,446.95,56773
2026-04-15 05:40:00,446.95,447.4,446.55,447.05,128065
2026-04-15 05:45:00,447.15,447.8,447.0,447.35,109551
2026-04-15 05:50:00,447.3,447.75,447.25,447.7,44550
2026-04-15 05:55:00,447.75,447.9,447.55,447.65,83489
2026-04-15 06:00:00,447.7,447.85,447.6,447.65,55097
2026-04-15 06:05:00,447.75,448.6,447.65,448.15,166854
2026-04-15 06:10:00,448.2,448.35,447.45,447.9,110618
2026-04-15 06:15:00,447.95,448.25,447.8,448.1,56071
2026-04-15 06:20:00,448.05,448.25,447.85,448.1,68026
2026-04-15 06:25:00,448.1,448.2,447.5,447.65,58570
2026-04-15 06:30:00,447.65,448.5,447.6,448.3,109081
2026-04-15 06:35:00,448.4,448.45,448.05,448.15,93384
2026-04-15 06:40:00,448.25,448.65,448.0,448.5,104121
2026-04-15 06:45:00,448.45,448.5,447.95,448.1,75167
2026-04-15 06:50:00,448.25,448.35,447.9,448.3,92566
2026-04-15 06:55:00,448.3,448.3,447.7,447.85,90067
2026-04-15 07:00:00,448.0,448.0,447.1,447.25,120280
2026-04-15 07:05:00,447.25,447.5,447.15,447.3,70111
2026-04-15 07:10:00,447.2,447.5,447.2,447.4,58639
2026-04-15 07:15:00,447.4,447.65,447.2,447.25,104406
2026-04-15 07:20:00,447.25,447.4,447.05,447.1,58831
2026-04-15 07:25:00,447.2,447.5,447.0,447.1,65371
2026-04-15 07:30:00,447.05,447.45,446.9,447.1,83354
2026-04-15 07:35:00,447.2,447.6,447.1,447.3,53712
2026-04-15 07:40:00,447.3,447.6,447.2,447.25,70881
2026-04-15 07:45:00,447.35,447.45,447.15,447.35,64515
2026-04-15 07:50:00,447.35,447.35,446.8,446.85,104528
2026-04-15 07:55:00,446.95,447.3,446.8,447.1,76073
2026-04-15 08:00:00,447.1,447.4,446.9,447.2,66718
2026-04-15 08:05:00,447.2,447.35,446.8,446.9,57730
2026-04-15 08:10:00,446.8,447.3,446.75,447.3,69723
2026-04-15 08:15:00,447.25,447.3,446.35,447.15,145198
2026-04-15 08:20:00,447.15,447.45,446.9,447.0,65378
2026-04-15 08:25:00,447.0,447.25,446.9,447.1,64284
2026-04-15 08:30:00,447.2,447.3,447.0,447.1,72866
2026-04-15 08:35:00,447.1,447.2,446.75,446.9,79672
2026-04-15 08:40:00,446.95,447.25,446.7,447.05,73562
2026-04-15 08:45:00,447.1,447.3,446.7,446.9,67524
2026-04-15 08:50:00,446.95,447.05,446.4,446.5,60445
2026-04-15 08:55:00,446.5,446.75,446.25,446.5,97283
2026-04-15 09:00:00,446.65,447.15,446.55,446.75,98552
2026-04-15 09:05:00,446.6,446.8,446.5,446.75,71811
2026-04-15 09:10:00,446.7,447.15,446.5,446.7,110978
2026-04-15 09:15:00,446.7,447.35,446.7,447.2,100278
2026-04-15 09:20:00,447.2,447.85,447.2,447.3,193641
2026-04-15 09:25:00,447.45,447.6,447.2,447.45,120220
2026-04-15 09:30:00,447.3,447.7,446.95,447.5,292465
2026-04-15 09:35:00,447.5,447.65,447.2,447.3,207679
2026-04-15 09:40:00,447.35,447.85,447.15,447.65,284650
2026-04-15 09:45:00,447.75,448.0,447.6,447.65,252424
2026-04-15 09:50:00,447.6,448.0,447.5,447.85,302779
2026-04-15 09:55:00,447.75,448.0,447.1,447.3,362641
2026-04-16 03:45:00,449.85,452.2,448.9,451.5,949932
2026-04-16 03:50:00,451.2,453.0,451.2,452.95,407997
2026-04-16 03:55:00,452.95,454.85,452.6,454.15,570244
2026-04-16 04:00:00,454.1,454.35,451.8,452.6,350963
2026-04-16 04:05:00,452.6,452.75,450.6,451.9,272743
2026-04-16 04:10:00,451.7,451.9,450.0,450.1,205809
2026-04-16 04:15:00,450.1,450.6,449.5,450.25,261536
2026-04-16 04:20:00,450.25,450.4,449.7,450.4,221785
2026-04-16 04:25:00,450.4,450.7,449.9,449.9,178416
2026-04-16 04:30:00,450.0,451.7,449.7,451.7,133982
2026-04-16 04:35:00,451.7,451.9,450.85,451.3,161802
2026-04-16 04:40:00,451.45,451.5,450.2,450.2,93030
2026-04-16 04:45:00,450.35,451.5,450.2,450.9,88746
2026-04-16 04:50:00,450.7,451.75,450.6,451.6,95868
2026-04-16 04:55:00,451.5,452.7,451.5,452.6,203591
2026-04-16 05:00:00,452.6,453.9,452.6,453.9,295433
2026-04-16 05:05:00,453.9,454.4,453.6,453.9,342088
2026-04-16 05:10:00,453.9,454.3,453.7,454.0,137377
2026-04-16 05:15:00,453.85,454.2,453.65,453.9,108277
2026-04-16 05:20:00,454.0,454.2,453.75,453.85,140450
2026-04-16 05:25:00,454.0,454.0,453.3,453.7,78934
2026-04-16 05:30:00,453.7,453.8,453.15,453.35,55934
2026-04-16 05:35:00,453.35,454.0,453.2,453.85,94866
2026-04-16 05:40:00,453.75,454.4,453.5,454.3,155029
2026-04-16 05:45:00,454.4,454.5,454.1,454.2,118186
2026-04-16 05:50:00,454.3,455.0,454.15,455.0,186146
2026-04-16 05:55:00,455.0,455.0,453.5,453.95,186844
2026-04-16 06:00:00,454.0,454.4,453.9,454.3,99658
2026-04-16 06:05:00,454.15,454.4,453.55,453.8,67676
2026-04-16 06:10:00,453.8,453.8,453.15,453.45,115049
2026-04-16 06:15:00,453.25,453.35,451.75,452.3,174210
2026-04-16 06:20:00,452.45,452.6,452.05,452.3,84680
2026-04-16 06:25:00,452.4,452.55,451.8,452.1,102162
2026-04-16 06:30:00,452.15,452.15,451.35,451.65,86452
2026-04-16 06:35:00,451.7,452.45,451.45,452.3,88734
2026-04-16 06:40:00,452.4,452.8,452.2,452.75,61318
2026-04-16 06:45:00,452.75,452.95,452.5,452.95,55623
2026-04-16 06:50:00,452.95,453.3,452.25,452.3,66943
2026-04-16 06:55:00,452.3,452.85,452.3,452.5,47528
2026-04-16 07:00:00,452.6,452.8,452.25,452.25,44020
2026-04-16 07:05:00,452.35,452.65,452.05,452.6,49548
2026-04-16 07:10:00,452.5,452.65,452.25,452.45,44366
2026-04-16 07:15:00,452.45,452.5,452.05,452.25,55791
2026-04-16 07:20:00,452.15,452.95,451.55,452.15,111620
2026-04-16 07:25:00,452.25,452.25,451.6,452.15,52418
2026-04-16 07:30:00,452.0,452.25,451.9,452.1,37073
2026-04-16 07:35:00,452.05,452.75,451.9,452.1,90054
2026-04-16 07:40:00,452.15,452.45,451.7,452.4,63677
2026-04-16 07:45:00,452.25,452.4,451.7,452.25,78256
2026-04-16 07:50:00,452.3,452.35,451.7,451.75,72003
2026-04-16 07:55:00,451.95,452.05,451.65,452.0,100822
2026-04-16 08:00:00,452.0,452.4,451.9,452.1,57413
2026-04-16 08:05:00,452.1,452.3,452.0,452.0,50016
2026-04-16 08:10:00,452.0,452.4,451.85,452.05,71180
2026-04-16 08:15:00,452.15,452.6,452.05,452.55,100842
2026-04-16 08:20:00,452.45,453.65,452.35,453.25,142759
2026-04-16 08:25:00,453.25,453.3,452.85,453.15,62476
2026-04-16 08:30:00,453.15,453.2,452.05,452.1,86592
2026-04-16 08:35:00,452.1,452.6,452.0,452.3,69312
2026-04-16 08:40:00,452.3,452.75,452.1,452.5,39209
2026-04-16 08:45:00,452.5,452.85,452.35,452.8,57913
2026-04-16 08:50:00,452.75,452.95,452.6,452.85,60152
2026-04-16 08:55:00,452.7,453.25,452.65,453.25,60479
2026-04-16 09:00:00,453.2,454.1,453.2,454.1,201377
2026-04-16 09:05:00,454.1,454.1,453.9,454.0,103508
2026-04-16 09:10:00,453.9,454.05,453.55,453.6,157033
2026-04-16 09:15:00,453.6,454.0,453.55,453.9,60566
2026-04-16 09:20:00,453.9,454.65,453.85,454.5,200938
2026-04-16 09:25:00,454.55,455.0,454.35,454.95,154148
2026-04-16 09:30:00,455.5,455.55,453.7,454.8,626307
2026-04-16 09:35:00,454.8,455.4,454.7,455.1,260908
2026-04-16 09:40:00,455.05,455.7,454.8,455.4,298361
2026-04-16 09:45:00,455.4,455.95,455.3,455.95,302242
2026-04-16 09:50:00,455.95,456.95,455.9,456.85,545682
2026-04-16 09:55:00,456.8,457.0,455.8,456.7,415479
2026-04-17 03:45:00,458.0,458.95,454.45,456.35,1011864
2026-04-17 03:50:00,456.65,456.85,454.6,454.8,582530
2026-04-17 03:55:00,454.8,457.6,454.65,457.15,428151
2026-04-17 04:00:00,457.15,457.2,456.5,456.65,256500
2026-04-17 04:05:00,456.65,457.0,456.5,456.95,180022
2026-04-17 04:10:00,456.95,457.6,455.25,456.05,388952
2026-04-17 04:15:00,456.2,457.45,456.0,457.1,174495
2026-04-17 04:20:00,457.1,457.85,456.65,457.65,160842
2026-04-17 04:25:00,457.65,457.8,457.2,457.75,150609
2026-04-17 04:30:00,457.75,458.65,456.65,458.4,435664
2026-04-17 04:35:00,458.5,458.75,458.1,458.2,148554
2026-04-17 04:40:00,458.2,458.2,457.6,457.8,84556
2026-04-17 04:45:00,457.8,458.65,457.65,458.4,158092
2026-04-17 04:50:00,458.4,458.6,458.2,458.45,98952
2026-04-17 04:55:00,458.25,458.4,458.0,458.15,58454
2026-04-17 05:00:00,458.15,458.2,457.6,457.7,103986
2026-04-17 05:05:00,457.6,458.0,457.15,457.2,88991
2026-04-17 05:10:00,457.25,457.5,457.1,457.3,83472
2026-04-17 05:15:00,457.35,460.2,456.75,459.85,675276
2026-04-17 05:20:00,459.95,461.0,459.65,460.2,336134
2026-04-17 05:25:00,460.25,460.85,459.85,460.7,234975
2026-04-17 05:30:00,460.7,460.7,459.35,459.8,204820
2026-04-17 05:35:00,460.0,461.7,459.8,461.5,409076
2026-04-17 05:40:00,461.5,461.75,460.4,460.4,113922
2026-04-17 05:45:00,460.45,460.8,460.0,460.65,127196
2026-04-17 05:50:00,460.7,461.5,460.5,461.25,100342
2026-04-17 05:55:00,461.25,462.0,461.15,461.3,219127
2026-04-17 06:00:00,461.45,461.5,459.0,459.7,500117
2026-04-17 06:05:00,459.9,459.95,459.6,459.95,54413
2026-04-17 06:10:00,459.95,460.5,459.9,460.4,50907
2026-04-17 06:15:00,460.45,460.5,460.1,460.5,73239
2026-04-17 06:20:00,460.5,461.0,460.25,460.5,161362
2026-04-17 06:25:00,460.7,460.7,459.85,459.9,70742
2026-04-17 06:30:00,459.85,460.25,459.6,460.05,61852
2026-04-17 06:35:00,460.2,460.5,460.0,460.4,51069
2026-04-17 06:40:00,460.45,460.7,460.2,460.4,51462
2026-04-17 06:45:00,460.45,460.5,460.15,460.4,59618
2026-04-17 06:50:00,460.5,460.65,460.3,460.5,73579
2026-04-17 06:55:00,460.45,460.75,460.2,460.35,130841
2026-04-17 07:00:00,460.3,460.55,460.15,460.3,33529
2026-04-17 07:05:00,460.35,460.65,460.3,460.35,54822
2026-04-17 07:10:00,460.35,460.6,460.15,460.45,44289
2026-04-17 07:15:00,460.5,460.55,460.2,460.3,33004
2026-04-17 07:20:00,460.35,460.5,460.1,460.15,31511
2026-04-17 07:25:00,460.2,460.4,459.85,460.25,81399
2026-04-17 07:30:00,460.4,460.5,460.1,460.4,33733
2026-04-17 07:35:00,460.4,460.45,460.2,460.3,35592
2026-04-17 07:40:00,460.4,460.55,460.05,460.3,53238
2026-04-17 07:45:00,460.2,460.6,460.1,460.35,49136
2026-04-17 07:50:00,460.5,460.8,460.35,460.6,30274
2026-04-17 07:55:00,460.6,460.7,460.3,460.45,39359
2026-04-17 08:00:00,460.65,460.75,460.0,460.4,81802
2026-04-17 08:05:00,460.45,460.45,460.0,460.1,53629
2026-04-17 08:10:00,460.15,460.45,460.0,460.1,72977
2026-04-17 08:15:00,460.0,460.2,459.8,459.95,37790
2026-04-17 08:20:00,460.0,460.0,459.8,459.85,45890
2026-04-17 08:25:00,459.85,460.0,459.6,460.0,44741
2026-04-17 08:30:00,459.95,460.0,459.6,459.65,62064
2026-04-17 08:35:00,459.65,459.85,459.5,459.55,60270
2026-04-17 08:40:00,459.5,459.8,459.45,459.55,57362
2026-04-17 08:45:00,459.55,460.0,459.5,459.75,34137
2026-04-17 08:50:00,459.85,459.95,459.5,459.75,50060
2026-04-17 08:55:00,459.55,460.6,459.55,460.4,169456
2026-04-17 09:00:00,460.4,460.75,460.0,460.35,76434
2026-04-17 09:05:00,460.35,460.6,460.15,460.5,62438
2026-04-17 09:10:00,460.65,461.35,460.6,461.1,146024
2026-04-17 09:15:00,461.3,461.5,461.05,461.25,132227
2026-04-17 09:20:00,461.3,461.6,461.05,461.05,101577
2026-04-17 09:25:00,461.05,461.75,461.05,461.75,178145
2026-04-17 09:30:00,461.75,463.0,460.65,462.9,633208
2026-04-17 09:35:00,462.95,463.75,462.7,463.5,620514
2026-04-17 09:40:00,463.1,463.3,462.9,463.05,402621
2026-04-17 09:45:00,463.05,463.05,462.75,462.75,640111
2026-04-17 09:50:00,462.75,463.15,462.7,462.9,866617
2026-04-17 09:55:00,462.9,462.95,461.8,461.8,508977
2026-04-20 03:45:00,462.0,463.3,457.0,460.8,768351
2026-04-20 03:50:00,460.95,464.4,460.9,463.4,427085
2026-04-20 03:55:00,463.1,463.6,461.1,461.85,287636
2026-04-20 04:00:00,461.65,461.65,459.5,459.6,318887
2026-04-20 04:05:00,459.6,460.4,459.55,460.25,153403
2026-04-20 04:10:00,460.1,460.7,459.55,459.65,153582
2026-04-20 04:15:00,459.65,460.2,459.1,459.55,145988
2026-04-20 04:20:00,459.5,460.1,459.2,460.0,117363
2026-04-20 04:25:00,460.05,460.25,459.2,459.2,102234
2026-04-20 04:30:00,459.15,459.5,458.75,459.05,169304
2026-04-20 04:35:00,459.05,460.0,459.05,459.9,65686
2026-04-20 04:40:00,459.9,459.95,458.6,459.15,113426
2026-04-20 04:45:00,459.1,460.1,459.05,460.1,111976
2026-04-20 04:50:00,459.95,460.65,459.95,460.45,192665
2026-04-20 04:55:00,460.45,460.9,460.0,460.85,107978
2026-04-20 05:00:00,460.5,461.65,460.5,461.4,156266
2026-04-20 05:05:00,461.5,461.9,461.25,461.9,154059
2026-04-20 05:10:00,462.2,462.45,461.8,462.15,112061
2026-04-20 05:15:00,462.2,462.5,461.75,462.45,160596
2026-04-20 05:20:00,462.5,462.5,462.0,462.25,68152
2026-04-20 05:25:00,462.2,462.25,461.55,461.8,67320
2026-04-20 05:30:00,461.9,461.9,461.15,461.7,90850
2026-04-20 05:35:00,461.8,461.8,461.5,461.65,60347
2026-04-20 05:40:00,461.6,461.9,461.25,461.55,66478
2026-04-20 05:45:00,461.5,461.75,461.3,461.65,52537
2026-04-20 05:50:00,461.65,462.35,461.5,462.35,90192
2026-04-20 05:55:00,462.2,462.65,462.2,462.55,84004
2026-04-20 06:00:00,462.6,462.7,462.15,462.45,82286
2026-04-20 06:05:00,462.35,462.55,462.1,462.55,57292
2026-04-20 06:10:00,462.5,462.55,462.15,462.2,63149
2026-04-20 06:15:00,462.2,462.45,462.1,462.3,51340
2026-04-20 06:20:00,462.25,462.3,461.75,462.05,65014
2026-04-20 06:25:00,462.05,462.3,461.75,461.9,264151
2026-04-20 06:30:00,461.9,462.0,461.6,461.75,44232
2026-04-20 06:35:00,461.7,461.75,461.3,461.45,56442
2026-04-20 06:40:00,461.5,461.5,460.6,460.75,116904
2026-04-20 06:45:00,460.9,461.3,460.8,460.9,67647
2026-04-20 06:50:00,460.9,461.5,460.75,461.05,144110
2026-04-20 06:55:00,461.0,461.8,460.75,461.8,77664
2026-04-20 07:00:00,461.8,462.0,461.4,462.0,51620
2026-04-20 07:05:00,461.95,462.0,461.45,461.75,49373
2026-04-20 07:10:00,461.85,462.3,461.75,462.1,86313
2026-04-20 07:15:00,462.05,462.2,461.95,462.05,47494
2026-04-20 07:20:00,462.2,462.5,462.05,462.2,82663
2026-04-20 07:25:00,462.2,462.3,461.2,461.7,103593
2026-04-20 07:30:00,461.65,461.7,460.55,461.55,135863
2026-04-20 07:35:00,461.6,461.6,460.9,461.2,78215
2026-04-20 07:40:00,461.05,461.05,460.15,460.7,112194
2026-04-20 07:45:00,460.75,461.0,460.25,460.55,84726
2026-04-20 07:50:00,460.6,460.7,459.2,459.5,181814
2026-04-20 07:55:00,459.45,459.6,458.5,459.5,144295
2026-04-20 08:00:00,459.5,459.55,459.0,459.2,80225
2026-04-20 08:05:00,459.15,459.45,458.7,458.9,111927
2026-04-20 08:10:00,458.9,459.45,458.75,459.3,65953
2026-04-20 08:15:00,459.2,459.3,458.8,459.1,78389
2026-04-20 08:20:00,459.05,459.15,458.8,458.85,50928
2026-04-20 08:25:00,458.9,459.2,458.7,459.2,58513
2026-04-20 08:30:00,459.2,459.4,458.9,459.25,62035
2026-04-20 08:35:00,459.2,459.3,458.1,458.15,115862
2026-04-20 08:40:00,458.15,458.85,458.1,458.65,76226
2026-04-20 08:45:00,458.75,459.25,458.5,459.1,84040
2026-04-20 08:50:00,459.05,459.4,458.45,459.0,85983
2026-04-20 08:55:00,459.1,459.85,459.0,459.65,89914
2026-04-20 09:00:00,459.7,459.8,459.4,459.65,67618
2026-04-20 09:05:00,459.6,459.85,459.1,459.45,182181
2026-04-20 09:10:00,459.4,459.7,459.3,459.5,88719
2026-04-20 09:15:00,459.45,459.7,459.05,459.7,82574
2026-04-20 09:20:00,459.65,459.65,459.0,459.05,66197
2026-04-20 09:25:00,459.0,459.1,458.7,458.9,62836
2026-04-20 09:30:00,458.85,459.2,458.5,458.75,183737
2026-04-20 09:35:00,458.7,458.8,458.35,458.35,192587
2026-04-20 09:40:00,458.35,458.45,458.1,458.25,252421
2026-04-20 09:45:00,458.25,458.25,456.0,456.5,401684
2026-04-20 09:50:00,456.6,457.65,456.4,456.45,386945
2026-04-20 09:55:00,456.4,458.35,456.2,457.7,253265
2026-04-21 03:45:00,457.5,459.8,456.45,457.15,667050
2026-04-21 03:50:00,457.2,457.45,455.8,455.8,347391
2026-04-21 03:55:00,455.8,457.3,454.15,456.6,553336
2026-04-21 04:00:00,456.8,457.0,455.6,456.9,240499
2026-04-21 04:05:00,456.9,461.0,456.9,460.8,730959
2026-04-21 04:10:00,460.7,461.65,459.95,461.4,396661
2026-04-21 04:15:00,461.4,461.65,460.65,461.1,202694
2026-04-21 04:20:00,460.85,461.5,460.8,461.2,134184
2026-04-21 04:25:00,461.1,461.6,460.85,461.5,134556
2026-04-21 04:30:00,461.45,461.65,460.7,461.25,134671
2026-04-21 04:35:00,461.35,461.8,460.75,461.05,91664
2026-04-21 04:40:00,461.0,461.25,460.05,460.05,87722
2026-04-21 04:45:00,460.0,460.15,458.6,458.8,146440
2026-04-21 04:50:00,458.75,458.95,457.6,457.7,168263
2026-04-21 04:55:00,457.7,457.9,457.1,457.1,170423
2026-04-21 05:00:00,457.0,457.35,456.8,457.25,152749
2026-04-21 05:05:00,457.2,457.6,457.1,457.1,152486
2026-04-21 05:10:00,457.15,457.4,456.15,456.3,164291
2026-04-21 05:15:00,456.35,456.8,456.15,456.45,79715
2026-04-21 05:20:00,456.5,456.7,456.2,456.25,108174
2026-04-21 05:25:00,456.3,456.7,456.1,456.15,76488
2026-04-21 05:30:00,456.15,456.25,455.85,456.1,205262
2026-04-21 05:35:00,456.15,456.4,456.05,456.25,44146
2026-04-21 05:40:00,456.3,456.45,456.1,456.25,50124
2026-04-21 05:45:00,456.3,456.45,456.2,456.3,40995
2026-04-21 05:50:00,456.35,456.5,456.0,456.1,85782
2026-04-21 05:55:00,456.15,456.35,455.1,455.6,201089
2026-04-21 06:00:00,455.6,455.6,455.25,455.3,89982
2026-04-21 06:05:00,455.3,455.4,455.1,455.3,65992
2026-04-21 06:10:00,455.3,455.35,455.1,455.15,70485
2026-04-21 06:15:00,455.15,455.8,455.1,455.15,88968
2026-04-21 06:20:00,455.15,455.25,454.2,454.25,204659
2026-04-21 06:25:00,454.2,454.3,454.1,454.3,95176
2026-04-21 06:30:00,454.3,454.6,454.2,454.4,99770
2026-04-21 06:35:00,454.3,454.45,454.15,454.3,84921
2026-04-21 06:40:00,454.25,454.5,454.15,454.4,71154
2026-04-21 06:45:00,454.4,454.55,454.2,454.45,76547
2026-04-21 06:50:00,454.4,454.5,454.3,454.35,76352
2026-04-21 06:55:00,454.3,454.45,454.15,454.3,72890
2026-04-21 07:00:00,454.35,454.75,454.1,454.2,100123
2026-04-21 07:05:00,453.7,453.7,453.2,453.4,235675
2026-04-21 07:10:00,453.45,453.45,453.25,453.45,85188
2026-04-21 07:15:00,453.45,453.45,453.0,453.25,81360
2026-04-21 07:20:00,453.25,453.35,453.05,453.15,56071
2026-04-21 07:25:00,453.25,453.3,452.6,453.0,131819
2026-04-21 07:30:00,452.95,453.0,452.05,452.2,130026
2026-04-21 07:35:00,452.1,452.25,452.0,452.1,102150
2026-04-21 07:40:00,452.05,452.15,451.65,451.8,133149
2026-04-21 07:45:00,451.8,451.95,451.1,451.2,124487
2026-04-21 07:50:00,451.35,451.7,451.1,451.7,123914
2026-04-21 07:55:00,451.7,451.8,451.25,451.5,119473
2026-04-21 08:00:00,451.6,452.0,451.45,451.7,133211
2026-04-21 08:05:00,451.7,451.7,451.15,451.2,110281
2026-04-21 08:10:00,451.3,451.4,450.25,450.55,219673
2026-04-21 08:15:00,450.55,450.55,450.0,450.35,253741
2026-04-21 08:20:00,450.35,450.45,449.7,449.85,182184
2026-04-21 08:25:00,449.9,450.0,449.45,449.95,158022
2026-04-21 08:30:00,449.95,450.0,449.55,449.65,107361
2026-04-21 08:35:00,449.65,449.95,449.5,449.75,96327
2026-04-21 08:40:00,449.85,449.9,449.5,449.8,81149
2026-04-21 08:45:00,449.8,450.0,449.5,449.7,94330
2026-04-21 08:50:00,449.8,450.2,449.6,449.9,145216
2026-04-21 08:55:00,450.05,450.15,449.75,450.0,125612
2026-04-21 09:00:00,450.1,450.1,449.5,449.7,158907
2026-04-21 09:05:00,449.75,450.2,449.7,450.0,180476
2026-04-21 09:10:00,450.05,450.2,450.0,450.1,271413
2026-04-21 09:15:00,450.2,451.9,450.0,451.8,248773
2026-04-21 09:20:00,451.75,452.4,451.5,451.95,347483
2026-04-21 09:25:00,451.95,451.95,451.5,451.55,139713
2026-04-21 09:30:00,451.55,452.5,451.1,451.9,333915
2026-04-21 09:35:00,452.0,452.0,451.0,451.15,221179
2026-04-21 09:40:00,451.1,451.8,450.8,451.55,273061
2026-04-21 09:45:00,451.65,452.2,451.05,451.55,515007
2026-04-21 09:50:00,451.55,451.6,451.1,451.35,522622
2026-04-21 09:55:00,451.4,451.8,451.0,451.5,412609
2026-04-22 03:45:00,450.8,451.85,448.5,449.6,931098
2026-04-22 03:50:00,449.35,449.75,447.6,448.45,425742
2026-04-22 03:55:00,448.25,448.9,447.65,447.95,279840
2026-04-22 04:00:00,447.95,449.5,447.7,449.2,236551
2026-04-22 04:05:00,449.25,449.25,446.15,446.65,469056
2026-04-22 04:10:00,446.65,446.9,445.8,446.55,336790
2026-04-22 04:15:00,446.5,446.5,445.25,445.75,224232
2026-04-22 04:20:00,445.9,446.35,445.05,446.0,330287
2026-04-22 04:25:00,446.0,447.25,445.55,445.7,236407
2026-04-22 04:30:00,445.55,446.45,445.3,446.3,144214
2026-04-22 04:35:00,446.15,446.15,444.7,445.95,523742
2026-04-22 04:40:00,446.0,446.5,445.2,445.3,113972
2026-04-22 04:45:00,445.3,445.5,445.05,445.3,95409
2026-04-22 04:50:00,445.15,445.95,445.15,445.85,78206
2026-04-22 04:55:00,445.7,446.4,445.5,446.4,118562
2026-04-22 05:00:00,446.4,446.4,445.95,446.25,78772
2026-04-22 05:05:00,446.35,446.4,446.05,446.2,75637
2026-04-22 05:10:00,446.2,446.35,445.85,446.3,110492
2026-04-22 05:15:00,446.3,446.8,446.05,446.55,103625
2026-04-22 05:20:00,446.5,447.0,445.9,446.85,212257
2026-04-22 05:25:00,446.8,447.2,446.35,446.6,119837
2026-04-22 05:30:00,446.6,446.7,446.1,446.6,74346
2026-04-22 05:35:00,446.6,447.55,446.4,447.35,163986
2026-04-22 05:40:00,447.35,448.0,447.25,447.9,103450
2026-04-22 05:45:00,447.8,448.7,447.8,448.55,140548
2026-04-22 05:50:00,448.55,449.65,447.9,449.6,224099
2026-04-22 05:55:00,449.55,449.55,449.0,449.3,100604
2026-04-22 06:00:00,449.3,449.65,448.85,449.55,230665
2026-04-22 06:05:00,449.5,449.55,448.7,448.85,64860
2026-04-22 06:10:00,448.8,449.5,448.8,449.3,82412
2026-04-22 06:15:00,449.3,449.3,448.75,448.9,53137
2026-04-22 06:20:00,448.9,449.2,448.6,449.2,56666
2026-04-22 06:25:00,449.2,449.4,449.1,449.4,50687
2026-04-22 06:30:00,449.4,449.45,448.4,448.5,178596
2026-04-22 06:35:00,448.5,449.15,448.35,448.5,245656
2026-04-22 06:40:00,448.45,448.9,448.15,448.85,123907
2026-04-22 06:45:00,448.8,449.1,448.65,448.85,62198
2026-04-22 06:50:00,448.85,449.15,448.6,448.75,56410
2026-04-22 06:55:00,448.6,448.9,448.4,448.4,81332
2026-04-22 07:00:00,448.4,448.5,448.1,448.4,77277
2026-04-22 07:05:00,448.2,448.4,447.85,448.3,85545
2026-04-22 07:10:00,448.3,448.3,447.9,448.0,84413
2026-04-22 07:15:00,447.9,448.0,447.05,447.3,172730
2026-04-22 07:20:00,447.2,448.15,447.2,447.9,104590
2026-04-22 07:25:00,447.9,448.15,447.65,447.65,49628
2026-04-22 07:30:00,447.8,447.85,447.3,447.7,89306
2026-04-22 07:35:00,447.7,447.8,447.2,447.4,49108
2026-04-22 07:40:00,447.45,447.55,447.05,447.5,73430
2026-04-22 07:45:00,447.35,447.5,446.95,447.0,57840
2026-04-22 07:50:00,447.0,447.25,446.2,446.5,203507
2026-04-22 07:55:00,446.5,447.55,446.3,447.55,73176
2026-04-22 08:00:00,447.6,447.95,447.5,447.85,54307
2026-04-22 08:05:00,447.85,448.55,447.7,448.4,72957
2026-04-22 08:10:00,448.35,449.2,448.15,449.2,64276
2026-04-22 08:15:00,449.25,449.3,448.55,449.05,72639
2026-04-22 08:20:00,449.05,449.05,448.6,449.0,81387
2026-04-22 08:25:00,449.05,449.3,449.0,449.3,74784
2026-04-22 08:30:00,449.3,449.5,448.8,448.8,161563
2026-04-22 08:35:00,448.8,449.0,448.05,448.05,128363
2026-04-22 08:40:00,448.2,448.75,447.8,448.5,67724
2026-04-22 08:45:00,448.45,449.2,448.4,448.85,136184
2026-04-22 08:50:00,449.0,449.35,448.8,449.3,72113
2026-04-22 08:55:00,449.35,449.45,448.6,448.9,154957
2026-04-22 09:00:00,448.85,449.1,448.8,449.0,44164
2026-04-22 09:05:00,448.95,449.45,448.8,449.25,76814
2026-04-22 09:10:00,449.4,449.5,449.2,449.4,64509
2026-04-22 09:15:00,449.4,449.45,449.1,449.2,60621
2026-04-22 09:20:00,449.2,449.35,448.9,449.25,81631
2026-04-22 09:25:00,449.2,449.5,449.0,449.2,98840
2026-04-22 09:30:00,449.15,449.2,448.5,448.95,204346
2026-04-22 09:35:00,448.9,449.0,448.6,448.7,171575
2026-04-22 09:40:00,448.7,448.9,448.55,448.75,197483
2026-04-22 09:45:00,448.75,448.9,448.4,448.5,245911
2026-04-22 09:50:00,448.55,448.8,448.3,448.75,348847
2026-04-22 09:55:00,448.65,449.2,448.5,449.0,275319
2026-04-23 03:45:00,451.7,451.7,446.7,447.4,1637027
2026-04-23 03:50:00,447.4,449.1,446.3,447.3,687335
2026-04-23 03:55:00,447.25,447.7,446.1,446.5,466087
2026-04-23 04:00:00,446.5,446.6,445.3,446.05,471613
2026-04-23 04:05:00,446.0,446.85,446.0,446.45,134953
2026-04-23 04:10:00,446.45,446.6,444.8,445.4,434480
2026-04-23 04:15:00,445.4,446.65,445.35,446.4,184172
2026-04-23 04:20:00,446.4,446.95,446.1,446.5,171482
2026-04-23 04:25:00,446.45,446.8,446.25,446.5,84689
2026-04-23 04:30:00,446.65,447.6,446.25,447.6,178519
2026-04-23 04:35:00,447.65,447.85,447.0,447.05,98354
2026-04-23 04:40:00,447.0,447.0,446.6,446.95,75835
2026-04-23 04:45:00,446.95,448.2,446.85,447.95,193909
2026-04-23 04:50:00,447.9,448.25,447.25,447.6,105025
2026-04-23 04:55:00,447.45,447.9,447.05,447.05,61790
2026-04-23 05:00:00,447.2,447.2,445.75,446.5,219476
2026-04-23 05:05:00,446.55,446.8,445.5,445.55,104703
2026-04-23 05:10:00,445.7,445.85,445.55,445.7,62114
2026-04-23 05:15:00,445.7,446.15,444.5,446.1,275009
2026-04-23 05:20:00,446.05,446.25,445.6,446.25,44896
2026-04-23 05:25:00,446.25,446.45,446.0,446.35,47293
2026-04-23 05:30:00,446.25,446.6,446.15,446.25,59672
2026-04-23 05:35:00,446.25,446.4,445.7,446.25,73413
2026-04-23 05:40:00,446.2,446.25,445.5,445.5,66900
2026-04-23 05:45:00,445.55,445.8,445.15,445.15,64647
2026-04-23 05:50:00,445.1,445.5,444.9,445.05,165165
2026-04-23 05:55:00,445.1,445.4,444.9,445.2,52625
2026-04-23 06:00:00,445.2,445.25,444.8,444.85,111066
2026-04-23 06:05:00,444.85,445.05,444.65,444.7,84552
2026-04-23 06:10:00,444.85,445.55,444.65,445.05,124915
2026-04-23 06:15:00,445.2,445.45,445.0,445.0,65121
2026-04-23 06:20:00,445.1,445.75,444.8,445.6,113514
2026-04-23 06:25:00,445.6,446.95,445.55,446.7,131287
2026-04-23 06:30:00,446.85,446.9,446.5,446.5,118653
2026-04-23 06:35:00,446.5,446.9,446.35,446.7,104819
2026-04-23 06:40:00,446.7,447.4,446.5,447.3,150030
2026-04-23 06:45:00,447.35,447.9,447.2,447.45,163785
2026-04-23 06:50:00,447.6,449.1,447.55,448.8,436932
2026-04-23 06:55:00,449.0,449.0,448.0,448.0,187710
2026-04-23 07:00:00,448.1,448.1,447.4,447.65,150554
2026-04-23 07:05:00,447.7,447.75,446.85,447.2,149275
2026-04-23 07:10:00,447.4,447.45,446.75,446.95,86909
2026-04-23 07:15:00,447.05,447.6,446.8,447.0,101313
2026-04-23 07:20:00,447.1,448.0,446.9,447.6,114789
2026-04-23 07:25:00,447.7,448.15,447.5,447.75,213097
2026-04-23 07:30:00,447.75,448.7,447.55,448.05,228178
2026-04-23 07:35:00,448.05,448.7,447.7,448.35,112367
2026-04-23 07:40:00,448.55,448.6,447.9,448.1,95586
2026-04-23 07:45:00,448.15,448.95,447.85,448.95,161314
2026-04-23 07:50:00,448.85,449.8,448.8,449.3,400733
2026-04-23 07:55:00,449.3,449.75,448.8,449.5,194232
2026-04-23 08:00:00,449.7,449.9,449.35,449.6,126880
2026-04-23 08:05:00,449.55,450.8,449.35,450.35,322059
2026-04-23 08:10:00,450.45,451.0,450.25,450.8,240225
2026-04-23 08:15:00,451.0,452.9,450.6,452.75,475323
2026-04-23 08:20:00,452.8,455.7,452.6,453.7,860489
2026-04-23 08:25:00,453.7,453.7,452.7,452.9,252103
2026-04-23 08:30:00,452.9,453.05,451.6,452.2,178917
2026-04-23 08:35:00,452.2,452.2,451.3,451.3,128110
2026-04-23 08:40:00,451.35,451.35,450.3,450.3,136299
2026-04-23 08:45:00,450.35,451.05,450.2,450.2,105535
2026-04-23 08:50:00,450.1,451.0,449.9,450.45,121369
2026-04-23 08:55:00,450.5,450.5,450.0,450.1,86568
2026-04-23 09:00:00,450.05,450.15,449.35,449.4,85692
2026-04-23 09:05:00,449.4,450.0,449.2,449.6,78958
2026-04-23 09:10:00,449.75,449.95,449.0,449.15,75832
2026-04-23 09:15:00,449.25,450.5,448.7,450.35,180840
2026-04-23 09:20:00,450.35,450.9,450.3,450.35,85162
2026-04-23 09:25:00,450.4,450.5,449.8,450.2,77406
2026-04-23 09:30:00,450.4,450.9,449.9,450.55,121408
2026-04-23 09:35:00,450.4,451.0,450.15,450.55,160633
2026-04-23 09:40:00,450.65,450.8,449.65,449.8,226022
2026-04-23 09:45:00,449.8,450.0,449.2,449.65,273021
2026-04-23 09:50:00,449.65,450.0,449.4,449.6,221399
2026-04-23 09:55:00,449.6,449.75,449.25,449.75,243169
2026-04-24 03:45:00,450.0,451.2,447.5,447.95,1222468
2026-04-24 03:50:00,447.95,448.0,446.45,446.85,242520
2026-04-24 03:55:00,446.9,447.35,445.8,445.95,241846
2026-04-24 04:00:00,445.9,446.2,444.75,445.0,308524
2026-04-24 04:05:00,445.0,445.75,444.5,444.6,186921
2026-04-24 04:10:00,444.7,445.8,444.3,445.6,118190
2026-04-24 04:15:00,445.0,445.5,444.0,444.15,178844
2026-04-24 04:20:00,444.0,444.15,442.25,442.3,267228
2026-04-24 04:25:00,442.3,442.3,441.0,442.1,228041
2026-04-24 04:30:00,442.1,443.75,442.0,443.75,216346
2026-04-24 04:35:00,443.75,444.65,443.7,444.3,159417
2026-04-24 04:40:00,444.3,444.4,443.6,443.75,106018
2026-04-24 04:45:00,443.75,443.75,442.5,442.7,114283
2026-04-24 04:50:00,442.75,442.75,442.0,442.4,99415
2026-04-24 04:55:00,442.45,443.15,442.25,442.95,96453
2026-04-24 05:00:00,442.9,443.1,442.25,443.1,98134
2026-04-24 05:05:00,443.1,443.2,442.4,442.5,83326
2026-04-24 05:10:00,442.55,442.55,442.0,442.15,69627
2026-04-24 05:15:00,442.15,442.25,441.5,441.85,138581
2026-04-24 05:20:00,442.0,442.4,441.6,442.2,72896
2026-04-24 05:25:00,442.25,442.25,441.5,441.85,107257
2026-04-24 05:30:00,441.9,441.9,441.25,441.45,95150
2026-04-24 05:35:00,441.5,441.95,440.6,440.8,181608
2026-04-24 05:40:00,440.65,441.0,440.3,440.55,98976
2026-04-24 05:45:00,440.55,440.7,439.6,440.35,284896
2026-04-24 05:50:00,440.35,440.8,440.1,440.3,84390
2026-04-24 05:55:00,440.25,440.6,439.6,439.75,147377
2026-04-24 06:00:00,439.75,440.5,439.5,439.9,147419
2026-04-24 06:05:00,439.9,439.95,439.3,439.75,108405
2026-04-24 06:10:00,439.75,440.15,439.05,439.65,103306
2026-04-24 06:15:00,439.6,439.75,439.25,439.5,61799
2026-04-24 06:20:00,439.45,439.5,438.75,438.9,150737
2026-04-24 06:25:00,438.75,439.25,438.75,438.95,98351
2026-04-24 06:30:00,439.0,439.5,438.75,439.5,101837
2026-04-24 06:35:00,439.4,439.95,439.3,439.95,75658
2026-04-24 06:40:00,439.95,440.8,439.8,440.8,161308
2026-04-24 06:45:00,440.85,441.35,440.4,441.3,139957
2026-04-24 06:50:00,441.3,441.45,440.6,440.9,113927
2026-04-24 06:55:00,440.85,441.0,440.1,440.6,99752
2026-04-24 07:00:00,440.55,440.75,440.0,440.35,81636
2026-04-24 07:05:00,440.25,440.7,440.15,440.5,77517
2026-04-24 07:10:00,440.5,440.9,440.05,440.05,76428
2026-04-24 07:15:00,440.1,440.8,440.05,440.8,70676
2026-04-24 07:20:00,440.75,440.95,440.3,440.95,102248
2026-04-24 07:25:00,440.85,441.3,440.5,441.2,90316
2026-04-24 07:30:00,441.2,441.5,440.0,440.05,82777
2026-04-24 07:35:00,440.05,440.45,439.7,439.8,91605
2026-04-24 07:40:00,439.7,439.9,439.2,439.5,106077
2026-04-24 07:45:00,439.5,439.55,439.1,439.4,165392
2026-04-24 07:50:00,439.4,439.7,439.25,439.4,81871
2026-04-24 07:55:00,439.35,439.55,439.15,439.5,81266
2026-04-24 08:00:00,439.35,440.1,439.35,439.55,78977
2026-04-24 08:05:00,439.5,439.7,439.15,439.2,31560
2026-04-24 08:10:00,439.3,439.5,439.1,439.25,56096
2026-04-24 08:15:00,439.25,440.35,439.2,440.25,87719
2026-04-24 08:20:00,440.25,441.5,440.15,441.3,136334
2026-04-24 08:25:00,441.3,441.85,441.15,441.75,127540
2026-04-24 08:30:00,441.8,442.35,441.7,441.9,97038
2026-04-24 08:35:00,441.9,442.2,441.35,442.15,98615
2026-04-24 08:40:00,442.0,442.45,442.0,442.25,81427
2026-04-24 08:45:00,442.2,443.15,442.0,442.95,147648
2026-04-24 08:50:00,443.0,443.2,442.9,443.1,69377
2026-04-24 08:55:00,443.1,443.45,442.85,443.0,113647
2026-04-24 09:00:00,443.1,444.15,443.0,443.9,228579
2026-04-24 09:05:00,443.85,444.4,443.8,444.15,185271
2026-04-24 09:10:00,444.3,445.45,444.2,445.1,507620
2026-04-24 09:15:00,445.0,445.2,444.3,444.65,77515
2026-04-24 09:20:00,444.65,444.65,443.85,444.3,152289
2026-04-24 09:25:00,444.3,445.2,444.05,444.9,201369
2026-04-24 09:30:00,444.6,444.75,444.15,444.35,153736
2026-04-24 09:35:00,444.3,444.75,444.1,444.7,183205
2026-04-24 09:40:00,444.75,444.85,444.2,444.5,239643
2026-04-24 09:45:00,444.7,444.95,444.4,444.8,308999
2026-04-24 09:50:00,444.8,444.8,444.0,444.3,260460
2026-04-24 09:55:00,444.35,444.4,443.85,444.0,255262
2026-04-27 03:45:00,445.0,448.3,444.45,446.35,673626
2026-04-27 03:50:00,446.75,446.75,444.5,445.0,266232
2026-04-27 03:55:00,445.0,445.35,442.7,443.0,279970
2026-04-27 04:00:00,443.15,443.55,441.25,441.5,370644
2026-04-27 04:05:00,441.55,442.0,441.0,441.35,209629
2026-04-27 04:10:00,441.5,442.3,441.35,441.7,179604
2026-04-27 04:15:00,441.75,442.75,441.75,442.65,191359
2026-04-27 04:20:00,442.65,444.2,442.45,444.1,255732
2026-04-27 04:25:00,444.05,444.2,443.55,443.65,195087
2026-04-27 04:30:00,443.65,443.8,442.2,442.3,177135
2026-04-27 04:35:00,442.2,442.25,441.5,441.6,145427
2026-04-27 04:40:00,441.7,442.0,440.75,440.95,302715
2026-04-27 04:45:00,440.95,442.0,440.7,440.95,171527
2026-04-27 04:50:00,440.9,441.0,440.2,440.5,148483
2026-04-27 04:55:00,440.4,440.65,440.0,440.25,137887
2026-04-27 05:00:00,440.35,440.5,439.55,439.8,256682
2026-04-27 05:05:00,439.9,440.0,439.45,439.55,100096
2026-04-27 05:10:00,439.55,439.85,439.1,439.35,132719
2026-04-27 05:15:00,439.3,440.0,439.0,439.95,138592
2026-04-27 05:20:00,440.0,440.2,439.6,439.9,135819
2026-04-27 05:25:00,440.0,440.0,438.25,438.3,269431
2026-04-27 05:30:00,438.3,438.6,437.55,437.65,390516
2026-04-27 05:35:00,437.7,437.75,436.6,436.7,215914
2026-04-27 05:40:00,436.75,437.0,436.25,436.7,234754
2026-04-27 05:45:00,436.65,437.0,436.45,436.45,231941
2026-04-27 05:50:00,436.55,436.75,436.3,436.35,148677
2026-04-27 05:55:00,436.4,436.5,435.55,436.0,319433
2026-04-27 06:00:00,436.0,437.1,435.75,436.8,167421
2026-04-27 06:05:00,436.8,436.8,435.85,436.65,163759
2026-04-27 06:10:00,436.6,436.85,436.05,436.25,80838
2026-04-27 06:15:00,436.1,436.7,436.0,436.6,147120
2026-04-27 06:20:00,436.85,437.0,436.05,436.25,135330
2026-04-27 06:25:00,436.4,436.5,436.0,436.35,79231
2026-04-27 06:30:00,436.5,436.5,436.1,436.2,60657
2026-04-27 06:35:00,436.3,436.45,435.5,435.5,173797
2026-04-27 06:40:00,435.5,435.75,435.1,435.2,165229
2026-04-27 06:45:00,435.2,436.05,435.1,435.3,165484
2026-04-27 06:50:00,435.4,435.5,432.95,433.8,786012
2026-04-27 06:55:00,433.8,435.35,433.65,434.8,368248
2026-04-27 07:00:00,434.9,435.0,434.35,434.85,266501
2026-04-27 07:05:00,434.85,436.0,434.8,435.9,466217
2026-04-27 07:10:00,435.9,436.25,435.25,436.25,246151
2026-04-27 07:15:00,436.25,436.9,436.1,436.4,330584
2026-04-27 07:20:00,436.5,437.0,435.9,436.05,252985
2026-04-27 07:25:00,436.05,436.2,435.25,435.35,189943
2026-04-27 07:30:00,435.4,435.45,434.6,434.95,253853
2026-04-27 07:35:00,434.95,435.8,434.7,435.45,230408
2026-04-27 07:40:00,435.35,435.75,435.05,435.7,192369
2026-04-27 07:45:00,435.6,436.85,435.45,436.5,305879
2026-04-27 07:50:00,436.6,436.7,436.0,436.6,216285
2026-04-27 07:55:00,436.6,437.3,436.45,436.8,269687
2026-04-27 08:00:00,436.8,437.0,436.1,436.85,244914
2026-04-27 08:05:00,436.9,437.05,436.2,436.25,200152
2026-04-27 08:10:00,436.25,436.65,436.05,436.2,189122
2026-04-27 08:15:00,436.2,436.6,436.0,436.2,196284
2026-04-27 08:20:00,436.2,436.3,435.55,436.0,232643
2026-04-27 08:25:00,436.0,436.25,435.75,436.0,193354
2026-04-27 08:30:00,435.9,436.8,435.75,436.0,195688
2026-04-27 08:35:00,436.0,436.15,435.5,435.95,170393
2026-04-27 08:40:00,435.9,436.0,435.5,435.65,191031
2026-04-27 08:45:00,435.65,436.15,435.5,435.55,161945
2026-04-27 08:50:00,435.5,435.85,435.2,435.35,213419
2026-04-27 08:55:00,435.3,435.8,435.15,435.35,190856
2026-04-27 09:00:00,435.35,435.75,435.3,435.55,171787
2026-04-27 09:05:00,435.55,436.6,435.45,436.25,216658
2026-04-27 09:10:00,436.25,436.75,436.1,436.5,216992
2026-04-27 09:15:00,436.5,436.7,436.05,436.35,217366
2026-04-27 09:20:00,436.2,436.65,436.05,436.5,238000
2026-04-27 09:25:00,436.55,436.6,436.15,436.45,240988
2026-04-27 09:30:00,436.4,436.4,435.25,435.45,364018
2026-04-27 09:35:00,435.45,435.9,435.25,435.75,396406
2026-04-27 09:40:00,435.6,435.8,435.4,435.65,348994
2026-04-27 09:45:00,435.55,435.7,435.25,435.5,589482
2026-04-27 09:50:00,435.6,435.95,435.3,435.6,587767
2026-04-27 09:55:00,435.45,436.5,435.1,436.4,494679
2026-04-28 03:45:00,435.6,437.8,434.8,437.4,693858
2026-04-28 03:50:00,437.4,438.45,437.0,438.25,386474
2026-04-28 03:55:00,438.15,439.8,438.0,438.95,331834
2026-04-28 04:00:00,438.95,440.5,438.6,439.4,330592
2026-04-28 04:05:00,439.4,440.35,438.75,440.1,157412
2026-04-28 04:10:00,440.25,440.8,438.9,439.45,188045
2026-04-28 04:15:00,439.45,440.2,439.4,439.6,101329
2026-04-28 04:20:00,439.65,440.15,439.55,440.1,122903
2026-04-28 04:25:00,440.1,440.35,439.65,440.25,136163
2026-04-28 04:30:00,440.35,440.9,440.2,440.65,178597
2026-04-28 04:35:00,440.75,441.0,439.65,440.0,208172
2026-04-28 04:40:00,439.95,440.1,439.65,439.95,63226
2026-04-28 04:45:00,440.0,440.25,439.55,439.6,283496
2026-04-28 04:50:00,439.6,439.9,439.5,439.55,89542
2026-04-28 04:55:00,439.75,439.85,439.05,439.3,145388
2026-04-28 05:00:00,439.25,439.25,438.05,438.3,135730
2026-04-28 05:05:00,438.35,438.95,438.0,438.25,86011
2026-04-28 05:10:00,438.4,438.65,438.0,438.15,101439
2026-04-28 05:15:00,438.2,438.35,437.5,437.85,97649
2026-04-28 05:20:00,437.75,438.55,437.25,438.45,183272
2026-04-28 05:25:00,438.5,438.75,438.3,438.35,56718
2026-04-28 05:30:00,438.5,438.55,437.4,437.55,81863
2026-04-28 05:35:00,437.65,437.8,437.0,437.1,97371
2026-04-28 05:40:00,437.25,437.45,436.8,437.25,97058
2026-04-28 05:45:00,437.25,437.5,436.8,437.0,93288
2026-04-28 05:50:00,436.95,437.7,436.85,437.3,112735
2026-04-28 05:55:00,437.3,437.45,436.5,436.6,69389
2026-04-28 06:00:00,436.65,438.1,436.5,438.05,93983
2026-04-28 06:05:00,437.85,438.3,437.55,437.55,84800
2026-04-28 06:10:00,437.65,438.2,437.4,438.05,69709
2026-04-28 06:15:00,438.15,438.2,437.4,437.95,79977
2026-04-28 06:20:00,437.95,438.6,437.75,438.15,173336
2026-04-28 06:25:00,438.15,438.4,437.5,437.5,56109
2026-04-28 06:30:00,437.65,437.75,437.0,437.35,65782
2026-04-28 06:35:00,437.25,437.35,436.55,436.7,65856
2026-04-28 06:40:00,436.7,437.1,436.55,436.8,65232
2026-04-28 06:45:00,436.75,436.9,435.85,436.2,186214
2026-04-28 06:50:00,436.3,436.55,435.45,436.2,105070
2026-04-28 06:55:00,436.2,436.6,435.9,436.0,72158
2026-04-28 07:00:00,436.1,436.2,435.8,435.9,53401
2026-04-28 07:05:00,436.0,436.25,435.75,435.8,74263
2026-04-28 07:10:00,435.7,436.1,435.6,436.1,56094
2026-04-28 07:15:00,436.1,436.6,435.85,436.35,116886
2026-04-28 07:20:00,436.35,436.75,436.15,436.3,102218
2026-04-28 07:25:00,436.4,436.55,435.7,435.7,71231
2026-04-28 07:30:00,435.7,435.85,435.3,435.65,175911
2026-04-28 07:35:00,435.65,435.9,435.5,435.6,42942
2026-04-28 07:40:00,435.65,435.85,435.5,435.55,49877
2026-04-28 07:45:00,435.5,436.45,435.5,436.4,70788
2026-04-28 07:50:00,436.35,436.7,436.05,436.35,71536
2026-04-28 07:55:00,436.35,436.45,436.1,436.25,39968
2026-04-28 08:00:00,436.3,436.3,435.65,435.7,44726
2026-04-28 08:05:00,435.75,435.95,435.0,435.25,182579
2026-04-28 08:10:00,435.3,435.55,435.2,435.3,61127
2026-04-28 08:15:00,435.35,435.45,435.1,435.2,46956
2026-04-28 08:20:00,435.2,435.45,435.0,435.35,49106
2026-04-28 08:25:00,435.35,435.45,434.5,434.7,173666
2026-04-28 08:30:00,434.7,434.75,434.4,434.7,81135
2026-04-28 08:35:00,434.7,434.7,434.4,434.55,48717
2026-04-28 08:40:00,434.55,434.6,434.0,434.1,107465
2026-04-28 08:45:00,434.1,434.5,433.55,434.4,128474
2026-04-28 08:50:00,434.4,435.5,434.25,435.2,141555
2026-04-28 08:55:00,435.2,435.2,434.6,434.6,93700
2026-04-28 09:00:00,434.75,436.25,434.75,435.85,202544
2026-04-28 09:05:00,435.8,436.35,435.7,436.35,105803
2026-04-28 09:10:00,436.15,437.1,436.05,437.05,139412
2026-04-28 09:15:00,437.1,437.4,436.5,437.4,127360
2026-04-28 09:20:00,437.5,438.0,437.35,437.4,122360
2026-04-28 09:25:00,437.45,437.45,436.85,437.05,110814
2026-04-28 09:30:00,437.1,437.1,435.35,435.65,284540
2026-04-28 09:35:00,435.65,435.7,434.85,435.1,406993
2026-04-28 09:40:00,435.1,435.9,434.75,435.8,271095
2026-04-28 09:45:00,435.75,435.75,435.3,435.35,267748
2026-04-28 09:50:00,435.5,436.35,434.9,436.2,436017
2026-04-28 09:55:00,436.45,437.35,436.4,436.65,503394
2026-04-29 03:45:00,437.05,442.8,437.05,439.65,704327
2026-04-29 03:50:00,439.65,440.5,438.9,439.0,255236
2026-04-29 03:55:00,439.2,439.3,437.35,438.55,203560
2026-04-29 04:00:00,438.4,439.3,437.8,438.4,152172
2026-04-29 04:05:00,438.4,440.6,438.4,439.4,191614
2026-04-29 04:10:00,439.4,440.7,438.7,440.45,143439
2026-04-29 04:15:00,440.5,440.75,438.7,438.95,144584
2026-04-29 04:20:00,439.0,439.6,438.95,439.4,78079
2026-04-29 04:25:00,439.4,439.9,439.15,439.7,124481
2026-04-29 04:30:00,439.65,439.65,437.75,438.5,154766
2026-04-29 04:35:00,438.45,438.95,438.15,438.85,46331
2026-04-29 04:40:00,438.9,439.4,438.4,438.7,75091
2026-04-29 04:45:00,438.65,439.05,438.25,438.9,63215
2026-04-29 04:50:00,438.8,440.0,438.8,439.65,71818
2026-04-29 04:55:00,439.65,439.8,439.3,439.4,48044
2026-04-29 05:00:00,439.4,439.5,439.0,439.4,57773
2026-04-29 05:05:00,439.4,439.5,439.0,439.0,116733
2026-04-29 05:10:00,439.0,439.5,438.95,439.35,57624
2026-04-29 05:15:00,439.35,439.35,438.5,438.75,38198
2026-04-29 05:20:00,438.85,439.1,438.6,439.1,34977
2026-04-29 05:25:00,439.05,439.25,439.0,439.05,37110
2026-04-29 05:30:00,439.2,439.5,438.8,439.2,68442
2026-04-29 05:35:00,439.2,439.3,438.9,439.1,33190
2026-04-29 05:40:00,439.25,439.25,438.35,438.85,43386
2026-04-29 05:45:00,439.0,439.0,438.8,439.0,55153
2026-04-29 05:50:00,439.0,439.8,438.9,439.55,215069
2026-04-29 05:55:00,439.6,439.6,438.85,439.0,42767
2026-04-29 06:00:00,439.0,439.65,438.85,439.55,39445
2026-04-29 06:05:00,439.4,439.6,439.0,439.25,24656
2026-04-29 06:10:00,439.25,439.25,438.55,438.7,46031
2026-04-29 06:15:00,438.55,438.8,438.1,438.1,56934
2026-04-29 06:20:00,438.1,438.6,438.05,438.55,45269
2026-04-29 06:25:00,438.55,439.5,438.45,439.45,72171
2026-04-29 06:30:00,439.4,439.4,439.0,439.15,32626
2026-04-29 06:35:00,439.15,439.65,439.0,439.6,71456
2026-04-29 06:40:00,439.65,440.4,439.6,439.8,262408
2026-04-29 06:45:00,439.75,440.15,439.65,439.95,64520
2026-04-29 06:50:00,439.95,440.0,439.65,440.0,37646
2026-04-29 06:55:00,440.0,440.0,439.6,439.9,91757
2026-04-29 07:00:00,439.95,440.95,439.7,440.6,125141
2026-04-29 07:05:00,440.55,440.6,440.0,440.6,75553
2026-04-29 07:10:00,440.5,440.7,439.8,439.8,129313
2026-04-29 07:15:00,440.0,440.4,439.8,440.0,201944
2026-04-29 07:20:00,440.05,440.1,439.4,439.75,50467
2026-04-29 07:25:00,439.95,440.3,439.7,440.15,273498
2026-04-29 07:30:00,440.2,440.35,439.5,439.65,60822
2026-04-29 07:35:00,439.75,439.8,439.25,439.4,64529
2026-04-29 07:40:00,439.5,439.9,439.1,439.15,48334
2026-04-29 07:45:00,439.25,439.3,438.65,439.0,104183
2026-04-29 07:50:00,439.0,439.0,438.45,438.6,81580
2026-04-29 07:55:00,438.6,438.95,438.3,438.3,62135
2026-04-29 08:00:00,438.5,438.7,438.2,438.3,74176
2026-04-29 08:05:00,438.4,438.6,437.35,437.55,117307
2026-04-29 08:10:00,437.55,437.7,436.7,436.9,121964
2026-04-29 08:15:00,436.75,437.75,436.3,437.65,182208
2026-04-29 08:20:00,437.65,438.0,437.25,437.85,74653
2026-04-29 08:25:00,437.85,438.0,437.45,437.45,56316
2026-04-29 08:30:00,437.35,437.65,436.35,436.35,101510
2026-04-29 08:35:00,436.5,437.4,436.15,436.9,107469
2026-04-29 08:40:00,436.9,436.9,436.1,436.55,92360
2026-04-29 08:45:00,436.55,436.9,435.25,436.0,129999
2026-04-29 08:50:00,435.95,436.8,435.6,436.8,98497
2026-04-29 08:55:00,436.7,436.7,436.0,436.1,54791
2026-04-29 09:00:00,436.0,436.4,435.7,436.35,64138
2026-04-29 09:05:00,436.35,437.15,435.95,437.0,109012
2026-04-29 09:10:00,437.1,437.75,437.0,437.7,104034
2026-04-29 09:15:00,437.6,437.65,436.55,436.75,96484
2026-04-29 09:20:00,436.8,436.95,436.4,436.65,114620
2026-04-29 09:25:00,436.75,437.25,435.55,437.0,211405
2026-04-29 09:30:00,437.1,437.55,436.45,436.5,216886
2026-04-29 09:35:00,436.5,437.7,436.35,437.65,217264
2026-04-29 09:40:00,437.7,437.95,437.35,437.4,327648
2026-04-29 09:45:00,437.4,437.8,436.9,437.8,507288
2026-04-29 09:50:00,437.65,438.0,437.5,437.85,472774
2026-04-29 09:55:00,437.8,438.35,437.05,437.5,438581
2026-04-30 03:45:00,436.45,436.45,432.25,432.45,555479
2026-04-30 03:50:00,432.45,432.45,430.35,430.4,369468
2026-04-30 03:55:00,430.5,431.3,430.05,430.6,258426
2026-04-30 04:00:00,430.5,430.6,428.7,429.95,401293
2026-04-30 04:05:00,430.1,430.5,429.05,429.4,281331
2026-04-30 04:10:00,429.45,430.8,429.25,430.6,106682
2026-04-30 04:15:00,430.65,431.65,430.0,430.45,288862
2026-04-30 04:20:00,430.5,430.8,430.2,430.4,93545
2026-04-30 04:25:00,430.45,430.6,429.5,429.6,92209
2026-04-30 04:30:00,429.6,429.7,427.4,427.65,508205
2026-04-30 04:35:00,427.65,427.95,427.05,427.2,131779
2026-04-30 04:40:00,427.1,427.25,426.5,426.6,193440
2026-04-30 04:45:00,426.6,426.65,425.85,426.45,263358
2026-04-30 04:50:00,426.5,426.6,425.4,425.65,383090
2026-04-30 04:55:00,425.65,425.7,425.0,425.3,227865
2026-04-30 05:00:00,425.3,426.45,424.5,425.85,505192
2026-04-30 05:05:00,425.9,426.15,425.6,425.85,180088
2026-04-30 05:10:00,425.85,426.0,425.4,425.75,116100
2026-04-30 05:15:00,425.8,425.8,424.75,425.2,169665
2026-04-30 05:20:00,425.25,425.5,425.0,425.5,60532
2026-04-30 05:25:00,425.45,425.7,425.2,425.6,71024
2026-04-30 05:30:00,425.6,426.0,425.5,425.85,90968
2026-04-30 05:35:00,425.85,426.0,425.6,426.0,369988
2026-04-30 05:40:00,426.0,426.95,425.8,426.0,914045
2026-04-30 05:45:00,426.0,427.25,425.95,426.55,153027
2026-04-30 05:50:00,426.55,427.15,426.15,427.15,133977
2026-04-30 05:55:00,427.15,428.1,427.0,428.1,286819
2026-04-30 06:00:00,428.15,428.6,427.5,428.35,154370
2026-04-30 06:05:00,428.35,429.5,428.2,429.25,205383
2026-04-30 06:10:00,429.3,429.75,428.65,428.85,178881
2026-04-30 06:15:00,428.8,429.0,428.6,428.8,102710
2026-04-30 06:20:00,428.9,429.0,428.45,428.95,139023
2026-04-30 06:25:00,428.8,429.1,428.1,428.2,135640
2026-04-30 06:30:00,428.2,429.25,428.0,429.15,161640
2026-04-30 06:35:00,429.0,429.3,428.85,428.95,133096
2026-04-30 06:40:00,428.9,429.15,428.5,429.15,132953
2026-04-30 06:45:00,429.15,429.25,428.3,428.4,117365
2026-04-30 06:50:00,428.55,429.0,428.15,428.9,103426
2026-04-30 06:55:00,428.9,429.0,428.4,428.6,91101
2026-04-30 07:00:00,428.5,429.0,428.25,428.75,100548
2026-04-30 07:05:00,428.85,429.05,428.5,428.9,133546
2026-04-30 07:10:00,428.85,429.1,428.3,428.55,96415
2026-04-30 07:15:00,428.7,429.1,427.5,427.8,120193
2026-04-30 07:20:00,427.8,428.1,427.55,427.9,76371
2026-04-30 07:25:00,427.95,428.1,427.5,427.7,101561
2026-04-30 07:30:00,427.7,428.05,427.35,427.65,96170
2026-04-30 07:35:00,427.5,427.85,427.15,427.6,85441
2026-04-30 07:40:00,427.6,428.9,427.5,428.7,131962
2026-04-30 07:45:00,428.7,429.5,428.45,429.4,153405
2026-04-30 07:50:00,429.4,429.9,429.05,429.05,176865
2026-04-30 07:55:00,429.05,429.5,428.85,429.35,116514
2026-04-30 08:00:00,429.35,429.7,429.15,429.4,102093
2026-04-30 08:05:00,429.2,429.6,428.65,428.75,96351
2026-04-30 08:10:00,428.75,430.5,428.75,430.5,174418
2026-04-30 08:15:00,430.5,431.5,430.3,431.4,204503
2026-04-30 08:20:00,431.45,431.65,430.7,431.0,161083
2026-04-30 08:25:00,431.05,431.5,431.0,431.45,74915
2026-04-30 08:30:00,431.4,431.5,430.75,430.75,108416
2026-04-30 08:35:00,430.75,431.25,430.3,431.2,122061
2026-04-30 08:40:00,431.25,432.3,431.0,431.8,329718
2026-04-30 08:45:00,431.9,432.35,431.4,431.45,122608
2026-04-30 08:50:00,431.55,432.0,431.0,431.7,93041
2026-04-30 08:55:00,431.7,432.35,431.3,432.35,141712
2026-04-30 09:00:00,432.35,433.95,432.2,433.8,214017
2026-04-30 09:05:00,433.8,434.8,433.65,434.45,204502
2026-04-30 09:10:00,434.5,435.0,434.0,434.35,151697
2026-04-30 09:15:00,434.2,434.45,432.95,433.1,109600
2026-04-30 09:20:00,433.0,434.7,432.7,434.45,223509
2026-04-30 09:25:00,434.35,435.15,434.25,434.9,141839
2026-04-30 09:30:00,434.65,434.65,431.9,431.95,415098
2026-04-30 09:35:00,431.95,432.1,431.1,431.25,300846
2026-04-30 09:40:00,431.25,431.6,430.75,431.55,368881
2026-04-30 09:45:00,431.55,431.55,430.6,430.75,393386
2026-04-30 09:50:00,430.65,431.45,430.6,431.3,531266
2026-04-30 09:55:00,431.25,432.15,430.9,431.8,709297
2026-05-04 03:45:00,433.0,435.3,430.35,431.45,932793
2026-05-04 03:50:00,431.0,431.3,428.6,431.2,352174
2026-05-04 03:55:00,431.2,433.45,431.2,433.45,298040
2026-05-04 04:00:00,433.45,434.0,432.95,433.4,156433
2026-05-04 04:05:00,433.45,434.0,433.45,433.7,128596
2026-05-04 04:10:00,433.65,433.8,433.15,433.4,92781
2026-05-04 04:15:00,433.5,433.5,432.6,433.2,122616
2026-05-04 04:20:00,433.2,433.9,432.55,433.05,90316
2026-05-04 04:25:00,433.05,436.9,433.0,436.7,360585
2026-05-04 04:30:00,436.7,438.6,436.7,437.5,476262
2026-05-04 04:35:00,437.5,437.75,435.95,436.35,148351
2026-05-04 04:40:00,436.35,437.35,436.2,436.8,114450
2026-05-04 04:45:00,436.8,437.7,436.6,437.15,119388
2026-05-04 04:50:00,436.95,437.3,435.7,436.35,111157
2026-05-04 04:55:00,436.4,437.4,435.95,437.25,76844
2026-05-04 05:00:00,437.3,437.65,436.0,436.45,97969
2026-05-04 05:05:00,436.45,437.35,435.75,436.25,130596
2026-05-04 05:10:00,436.3,436.65,435.95,436.2,77993
2026-05-04 05:15:00,436.25,437.25,436.05,436.7,172101
2026-05-04 05:20:00,436.7,436.9,435.5,435.75,123140
2026-05-04 05:25:00,435.6,435.75,434.6,434.7,129957
2026-05-04 05:30:00,434.75,435.7,434.65,435.35,67103
2026-05-04 05:35:00,435.3,435.45,434.7,435.0,77963
2026-05-04 05:40:00,435.1,435.45,434.7,435.1,71514
2026-05-04 05:45:00,435.1,435.55,434.9,435.55,79079
2026-05-04 05:50:00,435.55,437.0,435.3,436.9,179305
2026-05-04 05:55:00,437.0,437.2,436.25,436.8,136616
2026-05-04 06:00:00,436.95,437.0,436.25,436.25,83426
2026-05-04 06:05:00,436.25,436.85,436.05,436.6,146884
2026-05-04 06:10:00,436.75,436.75,435.7,436.35,150337
2026-05-04 06:15:00,436.5,437.75,436.35,436.6,247457
2026-05-04 06:20:00,436.6,436.85,435.8,436.4,191891
2026-05-04 06:25:00,436.4,436.5,434.75,434.8,128597
2026-05-04 06:30:00,434.9,435.9,434.75,435.5,120947
2026-05-04 06:35:00,435.6,435.75,434.25,434.95,129285
2026-05-04 06:40:00,434.95,435.05,433.25,433.25,208177
2026-05-04 06:45:00,433.3,433.8,433.05,433.55,175240
2026-05-04 06:50:00,433.55,434.0,433.2,433.95,89208
2026-05-04 06:55:00,433.8,434.0,433.2,433.25,69175
2026-05-04 07:00:00,433.4,433.4,432.25,432.25,119837
2026-05-04 07:05:00,432.25,433.25,432.1,433.05,67316
2026-05-04 07:10:00,432.9,433.5,432.75,433.0,88762
2026-05-04 07:15:00,433.1,433.6,432.55,433.35,261643
2026-05-04 07:20:00,433.35,434.7,433.25,434.6,223029
2026-05-04 07:25:00,434.55,435.55,434.3,435.3,290323
2026-05-04 07:30:00,435.3,435.6,434.85,435.15,70210
2026-05-04 07:35:00,435.15,435.9,435.1,435.85,88042
2026-05-04 07:40:00,435.85,436.2,435.1,435.15,90638
2026-05-04 07:45:00,435.25,435.55,434.9,435.35,79294
2026-05-04 07:50:00,435.4,435.45,434.25,434.7,143201
2026-05-04 07:55:00,434.7,434.75,433.0,433.1,63138
2026-05-04 08:00:00,433.0,433.4,432.35,433.05,99334
2026-05-04 08:05:00,433.05,433.4,432.45,433.4,57371
2026-05-04 08:10:00,433.4,433.75,433.2,433.4,57943
2026-05-04 08:15:00,433.35,434.15,433.3,434.05,90027
2026-05-04 08:20:00,434.05,434.1,433.05,433.3,37469
2026-05-04 08:25:00,433.25,433.75,432.6,433.3,61944
2026-05-04 08:30:00,433.25,433.4,432.6,432.85,63450
2026-05-04 08:35:00,432.85,433.15,432.7,433.05,44212
2026-05-04 08:40:00,433.05,434.05,433.05,433.8,66683
2026-05-04 08:45:00,433.95,434.4,433.65,434.05,60767
2026-05-04 08:50:00,434.2,434.5,433.6,433.95,49854
2026-05-04 08:55:00,433.8,434.05,433.55,433.6,35002
2026-05-04 09:00:00,433.6,433.95,433.3,433.35,51214
2026-05-04 09:05:00,433.35,433.9,433.3,433.75,72794
2026-05-04 09:10:00,433.75,435.8,433.75,435.55,351220
2026-05-04 09:15:00,435.6,435.6,433.45,433.55,74069
2026-05-04 09:20:00,433.6,433.7,433.05,433.25,92157
2026-05-04 09:25:00,433.25,434.0,433.25,433.85,67631
2026-05-04 09:30:00,433.85,434.65,433.7,434.3,134478
2026-05-04 09:35:00,434.25,434.5,434.0,434.3,99295
2026-05-04 09:40:00,434.3,434.5,433.75,434.15,137112
2026-05-04 09:45:00,434.15,434.3,433.6,433.7,175958
2026-05-04 09:50:00,433.6,433.7,432.15,432.45,236339
2026-05-04 09:55:00,432.6,433.8,432.15,433.5,256475
2026-05-05 03:45:00,433.5,433.5,429.3,433.3,522494
2026-05-05 03:50:00,433.25,433.35,431.05,432.4,175600
2026-05-05 03:55:00,432.4,433.25,431.6,432.05,151969
2026-05-05 04:00:00,432.2,435.9,432.15,434.7,247615
2026-05-05 04:05:00,434.7,436.0,434.1,435.4,185940
2026-05-05 04:10:00,435.25,435.5,433.9,434.05,124584
2026-05-05 04:15:00,434.05,435.15,432.9,434.95,130417
2026-05-05 04:20:00,434.8,435.65,434.65,435.6,61522
2026-05-05 04:25:00,435.6,436.3,435.0,435.5,139041
2026-05-05 04:30:00,435.75,435.95,434.5,434.9,103710
2026-05-05 04:35:00,434.9,435.3,433.6,434.95,97782
2026-05-05 04:40:00,435.0,435.0,433.45,433.55,100309
2026-05-05 04:45:00,433.5,434.2,433.3,434.2,108312
2026-05-05 04:50:00,434.2,434.5,433.7,434.0,76375
2026-05-05 04:55:00,434.0,434.15,433.1,433.25,92790
2026-05-05 05:00:00,433.25,433.8,432.25,432.45,106548
2026-05-05 05:05:00,432.35,432.45,431.25,431.55,181699
2026-05-05 05:10:00,431.65,431.9,431.2,431.45,92864
2026-05-05 05:15:00,431.45,431.75,431.0,431.55,76507
2026-05-05 05:20:00,431.5,431.55,430.75,431.3,76899
2026-05-05 05:25:00,431.35,431.85,430.9,431.2,119494
2026-05-05 05:30:00,431.25,431.6,430.9,431.6,97713
2026-05-05 05:35:00,431.6,431.7,430.95,431.5,136673
2026-05-05 05:40:00,431.6,431.65,430.8,431.0,131044
2026-05-05 05:45:00,430.95,431.7,430.35,430.4,131451
2026-05-05 05:50:00,430.4,430.85,430.3,430.6,69345
2026-05-05 05:55:00,430.65,431.0,430.6,430.65,95635
2026-05-05 06:00:00,430.7,431.45,430.65,431.2,105718
2026-05-05 06:05:00,431.15,432.35,431.15,431.75,186732
2026-05-05 06:10:00,431.8,431.9,430.3,430.45,148429
2026-05-05 06:15:00,430.4,430.5,429.85,430.35,191772
2026-05-05 06:20:00,430.3,430.45,429.5,429.9,70661
2026-05-05 06:25:00,429.85,430.3,429.55,430.1,57069
2026-05-05 06:30:00,430.15,430.15,429.65,429.9,68336
2026-05-05 06:35:00,429.75,430.6,429.7,430.35,141580
2026-05-05 06:40:00,430.35,430.8,430.0,430.45,87409
2026-05-05 06:45:00,430.55,431.0,430.45,430.8,132071
2026-05-05 06:50:00,430.8,431.7,430.65,430.9,138412
2026-05-05 06:55:00,430.9,431.05,430.35,430.35,85826
2026-05-05 07:00:00,430.4,431.0,430.4,430.75,129879
2026-05-05 07:05:00,430.85,431.2,430.45,430.75,108614
2026-05-05 07:10:00,430.75,431.35,430.65,431.15,120573
2026-05-05 07:15:00,431.15,431.8,431.0,431.65,121989
2026-05-05 07:20:00,431.55,431.8,431.4,431.75,141241
2026-05-05 07:25:00,431.75,431.95,431.45,431.95,112010
2026-05-05 07:30:00,431.75,432.1,431.5,431.8,120532
2026-05-05 07:35:00,431.85,432.7,431.5,432.25,158972
2026-05-05 07:40:00,432.25,432.4,431.4,432.15,137637
2026-05-05 07:45:00,432.1,432.4,431.5,431.65,122331
2026-05-05 07:50:00,431.65,431.8,431.05,431.35,129836
2026-05-05 07:55:00,431.35,431.6,431.0,431.4,115219
2026-05-05 08:00:00,431.35,431.6,430.95,431.4,142670
2026-05-05 08:05:00,431.35,431.7,430.85,431.2,126469
2026-05-05 08:10:00,431.05,431.65,430.95,431.45,118671
2026-05-05 08:15:00,431.45,431.75,431.15,431.65,137408
2026-05-05 08:20:00,431.55,431.85,431.2,431.5,138696
2026-05-05 08:25:00,431.35,431.9,431.35,431.5,120384
2026-05-05 08:30:00,431.55,431.75,431.3,431.5,106591
2026-05-05 08:35:00,431.5,431.6,430.95,431.3,122049
2026-05-05 08:40:00,431.3,431.75,431.0,431.45,149133
2026-05-05 08:45:00,431.45,432.2,431.25,432.05,140580
2026-05-05 08:50:00,432.1,432.9,432.0,432.5,190119
2026-05-05 08:55:00,432.5,432.8,432.1,432.75,101766
2026-05-05 09:00:00,432.75,432.85,431.9,432.05,160298
2026-05-05 09:05:00,432.05,432.45,431.55,432.4,134432
2026-05-05 09:10:00,432.4,433.65,432.05,433.55,276195
2026-05-05 09:15:00,433.5,433.95,432.6,433.1,357367
2026-05-05 09:20:00,433.05,433.3,432.1,432.3,150318
2026-05-05 09:25:00,432.4,432.55,431.85,432.25,237110
2026-05-05 09:30:00,432.35,432.6,431.85,432.05,224369
2026-05-05 09:35:00,432.05,432.55,431.75,432.5,212763
2026-05-05 09:40:00,432.45,432.7,432.2,432.35,267116
2026-05-05 09:45:00,432.4,433.4,432.4,432.7,284349
2026-05-05 09:50:00,432.8,433.9,432.35,433.1,364413
2026-05-05 09:55:00,433.1,436.5,432.6,436.5,753492
2026-05-06 03:45:00,437.0,439.65,435.7,437.2,934698
2026-05-06 03:50:00,437.2,438.25,437.1,438.0,294420
2026-05-06 03:55:00,438.1,438.65,436.9,437.2,233035
2026-05-06 04:00:00,437.2,438.7,437.2,437.8,201818
2026-05-06 04:05:00,437.9,438.7,436.6,438.1,312005
2026-05-06 04:10:00,438.1,438.9,437.9,438.1,220190
2026-05-06 04:15:00,438.0,438.3,437.6,437.6,82177
2026-05-06 04:20:00,437.6,438.0,437.2,438.0,73689
2026-05-06 04:25:00,437.85,439.2,437.85,438.85,246160
2026-05-06 04:30:00,438.85,439.15,438.35,438.4,142970
2026-05-06 04:35:00,438.5,438.5,437.4,437.4,83032
2026-05-06 04:40:00,437.4,438.15,437.1,438.0,69526
2026-05-06 04:45:00,438.0,438.3,437.5,438.0,70503
2026-05-06 04:50:00,438.15,438.5,438.0,438.15,51160
2026-05-06 04:55:00,438.0,438.25,437.65,437.9,39896
2026-05-06 05:00:00,437.9,437.9,437.05,437.1,106768
2026-05-06 05:05:00,437.1,437.1,436.3,436.75,108519
2026-05-06 05:10:00,436.75,436.85,436.05,436.2,110862
2026-05-06 05:15:00,436.25,436.7,436.15,436.6,69885
2026-05-06 05:20:00,436.4,436.7,436.25,436.25,48393
2026-05-06 05:25:00,436.45,436.9,436.2,436.65,69594
2026-05-06 05:30:00,436.8,437.5,436.6,437.1,84388
2026-05-06 05:35:00,437.05,438.2,437.0,438.1,88838
2026-05-06 05:40:00,438.0,438.2,437.75,437.9,45746
2026-05-06 05:45:00,437.9,438.0,437.2,437.35,56265
2026-05-06 05:50:00,437.15,437.45,436.6,436.85,76801
2026-05-06 05:55:00,436.85,437.35,436.8,437.25,35752
2026-05-06 06:00:00,437.2,437.5,437.2,437.2,50906
2026-05-06 06:05:00,437.3,437.3,435.85,436.0,159563
2026-05-06 06:10:00,435.9,437.1,435.9,437.05,54991
2026-05-06 06:15:00,437.1,437.65,436.9,437.5,37344
2026-05-06 06:20:00,437.45,437.45,437.05,437.25,48593
2026-05-06 06:25:00,437.3,437.55,437.05,437.25,51622
2026-05-06 06:30:00,437.35,437.55,437.05,437.25,42363
2026-05-06 06:35:00,437.1,437.8,436.65,437.4,119078
2026-05-06 06:40:00,437.4,438.0,437.3,437.7,121663
2026-05-06 06:45:00,437.7,437.75,437.05,437.3,46245
2026-05-06 06:50:00,437.25,437.6,436.85,437.15,69783
2026-05-06 06:55:00,437.0,437.2,436.75,437.0,55899
2026-05-06 07:00:00,437.0,437.45,436.8,437.4,41227
2026-05-06 07:05:00,437.3,437.45,436.15,436.4,82932
2026-05-06 07:10:00,436.35,436.8,436.2,436.45,57916
2026-05-06 07:15:00,436.45,436.65,435.15,435.4,150583
2026-05-06 07:20:00,435.6,436.45,435.2,436.15,150878
2026-05-06 07:25:00,436.05,436.4,435.8,436.0,65865
2026-05-06 07:30:00,436.15,436.2,435.65,436.0,68845
2026-05-06 07:35:00,436.0,436.65,435.65,436.55,93332
2026-05-06 07:40:00,436.55,436.75,436.2,436.4,77342
2026-05-06 07:45:00,436.4,437.0,436.0,436.9,80112
2026-05-06 07:50:00,436.95,437.25,436.75,437.15,98256
2026-05-06 07:55:00,437.15,437.25,436.65,436.85,67709
2026-05-06 08:00:00,436.8,437.1,436.55,436.9,78854
2026-05-06 08:05:00,436.9,437.1,436.6,437.05,72077
2026-05-06 08:10:00,437.0,437.05,436.5,436.8,77406
2026-05-06 08:15:00,436.65,436.95,436.35,436.55,72259
2026-05-06 08:20:00,436.6,437.2,436.35,437.2,90413
2026-05-06 08:25:00,437.2,437.2,436.6,436.7,61188
2026-05-06 08:30:00,436.7,437.1,436.5,437.0,59417
2026-05-06 08:35:00,437.0,437.0,436.65,436.8,39391
2026-05-06 08:40:00,436.7,437.75,436.7,437.65,186625
2026-05-06 08:45:00,437.65,437.7,437.3,437.45,46910
2026-05-06 08:50:00,437.5,438.75,437.45,438.35,226018
2026-05-06 08:55:00,438.4,439.0,438.35,438.4,257679
2026-05-06 09:00:00,438.6,438.7,437.5,437.85,78089
2026-05-06 09:05:00,437.9,438.0,437.4,437.85,86018
2026-05-06 09:10:00,437.8,438.05,437.25,437.5,132057
2026-05-06 09:15:00,437.45,438.0,437.3,438.0,143831
2026-05-06 09:20:00,437.8,438.0,437.5,437.75,95263
2026-05-06 09:25:00,437.75,438.2,437.55,437.9,121708
2026-05-06 09:30:00,437.8,438.8,437.55,438.55,263255
2026-05-06 09:35:00,438.55,438.7,438.1,438.2,182753
2026-05-06 09:40:00,438.2,438.35,438.0,438.15,192219
2026-05-06 09:45:00,438.15,438.5,437.95,438.45,283200
2026-05-06 09:50:00,438.3,438.35,438.0,438.1,370304
2026-05-06 09:55:00,438.15,438.3,437.7,438.1,543511
2026-05-07 03:45:00,439.9,439.9,436.05,436.1,549495
2026-05-07 03:50:00,436.1,436.75,435.1,436.7,357063
2026-05-07 03:55:00,436.85,437.3,436.35,437.1,290227
2026-05-07 04:00:00,437.1,437.15,436.6,436.75,197164
2026-05-07 04:05:00,436.75,437.8,436.55,437.0,367711
2026-05-07 04:10:00,436.9,437.5,436.6,436.8,130172
2026-05-07 04:15:00,436.9,437.5,436.8,437.3,106471
2026-05-07 04:20:00,437.1,437.1,435.35,435.5,204732
2026-05-07 04:25:00,435.4,435.85,435.0,435.1,223533
2026-05-07 04:30:00,435.2,435.6,434.05,434.1,244458
2026-05-07 04:35:00,433.95,434.1,433.5,434.05,189676
2026-05-07 04:40:00,434.05,435.15,433.65,434.25,124079
2026-05-07 04:45:00,434.25,436.5,434.2,436.4,160724
2026-05-07 04:50:00,436.3,436.85,435.45,435.85,134874
2026-05-07 04:55:00,435.85,436.3,435.65,435.9,85784
2026-05-07 05:00:00,435.9,436.45,435.85,436.45,95018
2026-05-07 05:05:00,436.45,436.45,436.1,436.4,75420
2026-05-07 05:10:00,436.35,436.75,436.0,436.3,88349
2026-05-07 05:15:00,436.3,436.3,435.85,436.15,76039
2026-05-07 05:20:00,436.0,436.75,435.85,436.7,92638
2026-05-07 05:25:00,436.65,436.75,436.3,436.3,155223
2026-05-07 05:30:00,436.35,436.5,436.15,436.5,77394
2026-05-07 05:35:00,436.5,436.5,436.1,436.3,73648
2026-05-07 05:40:00,436.25,436.75,435.7,436.3,150249
2026-05-07 05:45:00,436.2,436.5,436.0,436.25,62580
2026-05-07 05:50:00,436.25,436.25,435.85,435.95,71616
2026-05-07 05:55:00,436.05,436.5,435.85,436.45,101069
2026-05-07 06:00:00,436.3,437.1,436.3,436.65,184511
2026-05-07 06:05:00,436.6,436.6,436.15,436.2,85528
2026-05-07 06:10:00,436.1,436.4,436.0,436.05,71800
2026-05-07 06:15:00,436.0,436.7,436.0,436.45,99395
2026-05-07 06:20:00,436.65,436.7,436.4,436.7,71447
2026-05-07 06:25:00,436.65,437.35,436.65,437.1,227011
2026-05-07 06:30:00,437.15,437.25,436.85,437.05,166096
2026-05-07 06:35:00,437.05,437.2,436.9,437.0,94425
2026-05-07 06:40:00,437.0,437.85,436.85,437.85,141261
2026-05-07 06:45:00,437.9,438.75,437.9,438.45,246956
2026-05-07 06:50:00,438.5,439.35,438.35,439.05,287293
2026-05-07 06:55:00,439.1,439.25,438.65,438.75,151265
2026-05-07 07:00:00,438.75,438.85,437.95,438.6,174894
2026-05-07 07:05:00,438.8,439.7,438.4,439.7,734816
2026-05-07 07:10:00,439.65,439.8,438.8,438.85,177731
2026-05-07 07:15:00,438.8,438.85,438.5,438.75,88985
2026-05-07 07:20:00,438.75,439.0,438.05,438.15,69811
2026-05-07 07:25:00,438.2,438.7,438.05,438.45,110269
2026-05-07 07:30:00,438.5,439.0,438.45,438.95,123821
2026-05-07 07:35:00,439.0,439.2,438.5,438.6,73457
2026-05-07 07:40:00,438.55,438.9,438.35,438.75,69779
2026-05-07 07:45:00,438.75,438.8,437.6,438.1,103866
2026-05-07 07:50:00,438.0,438.65,437.9,438.1,95009
2026-05-07 07:55:00,438.2,439.4,438.1,438.7,271857
2026-05-07 08:00:00,438.75,439.0,438.7,438.9,94702
2026-05-07 08:05:00,438.9,439.8,438.8,438.85,491209
2026-05-07 08:10:00,438.95,441.0,438.8,439.75,871916
2026-05-07 08:15:00,439.75,439.9,438.75,438.8,240391
2026-05-07 08:20:00,438.8,439.2,438.1,439.2,202452
2026-05-07 08:25:00,439.2,439.3,438.5,439.15,161969
2026-05-07 08:30:00,439.15,439.4,438.8,438.95,141618
2026-05-07 08:35:00,438.95,439.1,438.35,438.85,181934
2026-05-07 08:40:00,438.8,438.85,438.15,438.15,204327
2026-05-07 08:45:00,438.25,438.5,437.9,437.95,181270
2026-05-07 08:50:00,438.1,438.55,437.8,438.5,186244
2026-05-07 08:55:00,438.5,439.05,438.4,438.85,139561
2026-05-07 09:00:00,438.85,439.35,438.7,438.7,172647
2026-05-07 09:05:00,438.8,438.9,438.45,438.65,190192
2026-05-07 09:10:00,438.6,438.9,438.35,438.4,262178
2026-05-07 09:15:00,438.45,438.95,438.4,438.6,250475
2026-05-07 09:20:00,438.6,438.9,438.45,438.65,205023
2026-05-07 09:25:00,438.75,439.0,438.5,438.85,219406
2026-05-07 09:30:00,438.95,439.5,438.7,438.7,432952
2026-05-07 09:35:00,438.75,438.9,438.45,438.7,375958
2026-05-07 09:40:00,438.65,438.7,438.3,438.45,419378
2026-05-07 09:45:00,438.5,439.8,438.5,439.75,438152
2026-05-07 09:50:00,439.8,440.35,439.55,440.35,556991
2026-05-07 09:55:00,440.45,441.0,440.4,440.6,618106
2026-05-08 03:45:00,439.0,443.45,438.75,440.85,902339
2026-05-08 03:50:00,440.75,443.2,439.7,442.7,419377
2026-05-08 03:55:00,442.7,443.8,442.2,442.85,629202
2026-05-08 04:00:00,442.8,442.85,441.55,442.15,272120
2026-05-08 04:05:00,442.15,442.25,440.8,441.0,278104
2026-05-08 04:10:00,441.0,441.25,440.3,440.45,206662
2026-05-08 04:15:00,440.3,440.5,439.4,440.25,274536
2026-05-08 04:20:00,440.25,441.2,440.0,441.15,106578
2026-05-08 04:25:00,441.2,441.7,441.0,441.55,103495
2026-05-08 04:30:00,441.55,443.4,441.4,442.8,305807
2026-05-08 04:35:00,443.0,443.0,442.4,442.4,112638
2026-05-08 04:40:00,442.45,442.8,442.25,442.6,89738
2026-05-08 04:45:00,442.65,443.8,442.5,443.25,315859
2026-05-08 04:50:00,443.4,443.55,442.95,443.4,116298
2026-05-08 04:55:00,443.4,443.4,442.8,443.2,74888
2026-05-08 05:00:00,443.05,443.35,443.05,443.15,46783
2026-05-08 05:05:00,443.05,443.3,442.4,442.5,70563
2026-05-08 05:10:00,442.5,442.85,442.3,442.8,44640
2026-05-08 05:15:00,442.75,442.85,442.0,442.2,97698
2026-05-08 05:20:00,442.2,442.4,441.25,441.3,121884
2026-05-08 05:25:00,441.55,441.85,441.05,441.15,99049
2026-05-08 05:30:00,441.2,442.0,441.1,442.0,81996
2026-05-08 05:35:00,441.95,442.15,441.55,441.75,66870
2026-05-08 05:40:00,441.75,442.0,441.35,441.65,80809
2026-05-08 05:45:00,441.65,441.85,441.2,441.6,86077
2026-05-08 05:50:00,441.6,441.95,441.4,441.95,62049
2026-05-08 05:55:00,441.95,442.0,441.45,441.65,58799
2026-05-08 06:00:00,441.5,441.85,441.1,441.75,99242
2026-05-08 06:05:00,441.7,441.85,441.3,441.55,93659
2026-05-08 06:10:00,441.6,441.8,441.1,441.1,73081
2026-05-08 06:15:00,441.15,441.2,440.0,440.55,220693
2026-05-08 06:20:00,440.4,440.6,440.2,440.4,74405
2026-05-08 06:25:00,440.4,440.6,439.8,440.5,141265
2026-05-08 06:30:00,440.45,440.6,439.75,440.2,98961
2026-05-08 06:35:00,440.2,440.45,439.9,439.95,72081
2026-05-08 06:40:00,439.9,440.0,439.65,439.85,71305
2026-05-08 06:45:00,439.8,440.0,439.5,439.7,70126
2026-05-08 06:50:00,439.7,440.2,439.5,440.0,78202
2026-05-08 06:55:00,440.0,440.2,439.3,439.9,121956
2026-05-08 07:00:00,439.9,440.0,439.05,439.25,87367
2026-05-08 07:05:00,439.3,439.5,438.2,438.5,193511
2026-05-08 07:10:00,438.5,438.95,438.3,438.7,78236
2026-05-08 07:15:00,438.75,438.75,438.0,438.55,124303
2026-05-08 07:20:00,438.45,438.65,438.0,438.25,95616
2026-05-08 07:25:00,438.45,438.7,437.9,438.6,98227
2026-05-08 07:30:00,438.65,438.65,438.1,438.25,75924
2026-05-08 07:35:00,438.15,438.5,438.0,438.35,77648
2026-05-08 07:40:00,438.4,438.9,438.1,438.6,79661
2026-05-08 07:45:00,438.6,438.75,438.0,438.05,60896
2026-05-08 07:50:00,438.2,438.45,437.8,438.25,84398
2026-05-08 07:55:00,438.05,438.9,437.9,438.8,81739
2026-05-08 08:00:00,438.85,438.9,438.35,438.7,78929
2026-05-08 08:05:00,438.85,438.9,438.1,438.25,78554
2026-05-08 08:10:00,438.35,438.85,438.2,438.4,113191
2026-05-08 08:15:00,438.2,438.8,438.1,438.3,89275
2026-05-08 08:20:00,438.55,439.6,438.0,439.35,235386
2026-05-08 08:25:00,439.6,440.0,438.55,438.85,184955
2026-05-08 08:30:00,438.8,439.25,438.5,439.1,105774
2026-05-08 08:35:00,439.15,439.2,438.6,439.0,99510
2026-05-08 08:40:00,439.15,439.25,438.45,438.5,102036
2026-05-08 08:45:00,438.65,439.2,438.4,438.85,96405
2026-05-08 08:50:00,438.85,439.2,438.65,438.65,134430
2026-05-08 08:55:00,438.75,439.2,438.5,439.1,115300
2026-05-08 09:00:00,439.1,440.2,438.85,440.05,264197
2026-05-08 09:05:00,440.05,440.3,439.55,440.1,111936
2026-05-08 09:10:00,440.1,440.4,439.75,440.4,96791
2026-05-08 09:15:00,440.4,440.45,439.75,439.9,89443
2026-05-08 09:20:00,439.95,440.25,439.75,440.15,128855
2026-05-08 09:25:00,440.15,440.4,439.8,440.2,110756
2026-05-08 09:30:00,440.2,440.2,439.3,439.45,203816
2026-05-08 09:35:00,439.45,439.9,439.35,439.65,125049
2026-05-08 09:40:00,439.55,439.95,439.5,439.8,214459
2026-05-08 09:45:00,439.75,440.0,439.6,439.8,269833
2026-05-08 09:50:00,439.8,439.85,439.6,439.7,274817
2026-05-08 09:55:00,439.6,439.7,439.2,439.5,247335
2026-05-11 03:45:00,438.0,438.5,434.2,436.55,365489
2026-05-11 03:50:00,436.55,439.05,435.75,438.3,225012
2026-05-11 03:55:00,438.45,439.15,437.65,438.55,240014
2026-05-11 04:00:00,438.75,438.9,437.45,438.25,170684
2026-05-11 04:05:00,438.2,438.2,434.8,435.0,211589
2026-05-11 04:10:00,434.9,435.8,434.7,435.05,115997
2026-05-11 04:15:00,435.05,435.8,434.25,434.5,247735
2026-05-11 04:20:00,434.5,435.6,434.35,435.3,102965
2026-05-11 04:25:00,435.25,435.3,434.1,434.3,111634
2026-05-11 04:30:00,434.35,435.2,434.15,434.8,76134
2026-05-11 04:35:00,434.75,435.0,433.5,434.75,199206
2026-05-11 04:40:00,434.65,435.5,434.65,435.2,140160
2026-05-11 04:45:00,435.15,435.6,434.75,435.35,79989
2026-05-11 04:50:00,435.1,435.35,434.8,435.0,79862
2026-05-11 04:55:00,434.95,435.05,434.05,434.35,68404
2026-05-11 05:00:00,434.35,434.55,434.0,434.15,76385
2026-05-11 05:05:00,434.05,434.15,433.45,433.65,98192
2026-05-11 05:10:00,433.7,433.85,432.7,433.1,131184
2026-05-11 05:15:00,433.25,433.7,432.95,433.45,109887
2026-05-11 05:20:00,433.45,434.0,433.15,434.0,47251
2026-05-11 05:25:00,434.0,434.4,433.65,434.35,50181
2026-05-11 05:30:00,434.4,434.8,434.1,434.75,64262
2026-05-11 05:35:00,434.75,434.9,434.5,434.7,44520
2026-05-11 05:40:00,434.8,436.15,434.75,435.75,130520
2026-05-11 05:45:00,435.75,435.9,435.55,435.8,33853
2026-05-11 05:50:00,435.8,436.25,435.05,435.15,69957
2026-05-11 05:55:00,435.35,435.8,435.0,435.7,59346
2026-05-11 06:00:00,435.75,435.9,435.25,435.8,42788
2026-05-11 06:05:00,435.95,436.3,435.85,436.25,53048
2026-05-11 06:10:00,436.25,437.0,436.2,436.65,102464
2026-05-11 06:15:00,436.65,436.75,436.05,436.2,29316
2026-05-11 06:20:00,436.2,437.4,436.0,437.4,137789
2026-05-11 06:25:00,437.4,437.4,436.1,436.45,36285
2026-05-11 06:30:00,436.65,436.65,436.3,436.3,24154
2026-05-11 06:35:00,436.2,436.5,436.0,436.4,43370
2026-05-11 06:40:00,436.35,436.55,436.15,436.25,23553
2026-05-11 06:45:00,436.4,436.5,435.75,436.1,35273
2026-05-11 06:50:00,436.1,436.1,435.55,436.0,31949
2026-05-11 06:55:00,436.0,436.25,435.45,435.45,33823
2026-05-11 07:00:00,435.45,435.6,435.1,435.45,48909
2026-05-11 07:05:00,435.55,435.8,434.5,434.85,50339
2026-05-11 07:10:00,435.0,435.8,434.85,435.55,50678
2026-05-11 07:15:00,435.65,436.0,435.15,435.45,58656
2026-05-11 07:20:00,435.35,435.65,435.1,435.2,25449
2026-05-11 07:25:00,435.2,435.4,434.55,434.65,59692
2026-05-11 07:30:00,434.75,434.8,433.9,434.1,80230
2026-05-11 07:35:00,434.1,434.4,433.65,434.3,48630
2026-05-11 07:40:00,434.35,434.35,434.0,434.25,37785
2026-05-11 07:45:00,434.35,434.4,433.6,433.6,50813
2026-05-11 07:50:00,433.75,434.25,433.55,433.85,51383
2026-05-11 07:55:00,434.0,434.0,433.55,433.75,44287
2026-05-11 08:00:00,433.8,434.35,433.65,434.0,55691
2026-05-11 08:05:00,434.05,435.0,433.9,434.0,64365
2026-05-11 08:10:00,434.05,434.55,433.65,434.15,55666
2026-05-11 08:15:00,434.35,434.7,434.15,434.55,51123
2026-05-11 08:20:00,434.55,434.75,434.15,434.5,31483
2026-05-11 08:25:00,434.5,434.5,433.85,433.9,42769
2026-05-11 08:30:00,433.8,434.0,433.3,434.0,78590
2026-05-11 08:35:00,433.95,434.4,433.75,433.9,39487
2026-05-11 08:40:00,434.1,434.35,433.85,434.05,58001
2026-05-11 08:45:00,434.05,434.1,433.5,433.9,75363
2026-05-11 08:50:00,433.95,434.05,433.35,433.35,54647
2026-05-11 08:55:00,433.4,433.8,433.15,433.55,55175
2026-05-11 09:00:00,433.4,434.3,433.3,434.25,68854
2026-05-11 09:05:00,434.25,434.4,433.15,433.4,77192
2026-05-11 09:10:00,433.4,434.2,433.2,433.95,94721
2026-05-11 09:15:00,433.95,433.95,432.35,432.45,169870
2026-05-11 09:20:00,432.6,433.2,432.5,432.7,87805
2026-05-11 09:25:00,432.7,432.85,432.5,432.8,60586
2026-05-11 09:30:00,433.0,433.45,431.75,432.05,303506
2026-05-11 09:35:00,432.0,432.1,431.2,431.6,247965
2026-05-11 09:40:00,431.6,431.7,431.0,431.35,222711
2026-05-11 09:45:00,431.35,431.9,431.1,431.7,257213
2026-05-11 09:50:00,431.55,432.0,431.4,431.95,347160
2026-05-11 09:55:00,431.8,433.0,431.8,432.8,422504
2026-05-12 03:45:00,430.2,432.5,428.85,431.65,457638
2026-05-12 03:50:00,431.6,431.6,427.05,428.5,607368
2026-05-12 03:55:00,428.5,428.55,426.5,426.5,259631
2026-05-12 04:00:00,426.65,426.9,426.0,426.15,236428
2026-05-12 04:05:00,426.2,426.75,425.2,425.45,256690
2026-05-12 04:10:00,425.5,426.7,425.1,426.55,182714
2026-05-12 04:15:00,426.55,427.8,426.1,427.4,187869
2026-05-12 04:20:00,427.45,427.8,426.4,426.7,118399
2026-05-12 04:25:00,426.75,427.15,426.4,426.55,119973
2026-05-12 04:30:00,426.55,426.85,425.8,426.0,126256
2026-05-12 04:35:00,426.0,426.3,425.6,426.1,101564
2026-05-12 04:40:00,426.15,426.9,425.9,426.3,75874
2026-05-12 04:45:00,426.2,427.0,426.0,427.0,78785
2026-05-12 04:50:00,427.05,427.25,426.0,426.0,97756
2026-05-12 04:55:00,426.1,426.2,425.15,425.5,158500
2026-05-12 05:00:00,425.5,425.6,424.7,425.0,247838
2026-05-12 05:05:00,425.0,425.7,424.5,424.75,284668
2026-05-12 05:10:00,424.85,425.35,424.55,425.1,86796
2026-05-12 05:15:00,425.05,425.45,424.5,425.4,93934
2026-05-12 05:20:00,425.35,425.6,425.2,425.5,58436
2026-05-12 05:25:00,425.5,425.85,425.2,425.75,54638
2026-05-12 05:30:00,425.75,425.8,425.0,425.05,66926
2026-05-12 05:35:00,425.0,425.05,424.1,424.55,142883
2026-05-12 05:40:00,424.45,424.75,424.2,424.4,48877
2026-05-12 05:45:00,424.4,425.0,424.05,424.5,86444
2026-05-12 05:50:00,424.6,424.7,423.6,423.75,291809
2026-05-12 05:55:00,423.85,423.9,423.1,423.15,98264
2026-05-12 06:00:00,423.25,423.75,422.8,423.75,175053
2026-05-12 06:05:00,423.75,424.0,423.5,424.0,47374
2026-05-12 06:10:00,424.0,424.3,423.6,423.85,136937
2026-05-12 06:15:00,423.85,423.85,423.1,423.3,52075
2026-05-12 06:20:00,423.35,423.8,423.15,423.5,41866
2026-05-12 06:25:00,423.7,424.45,423.5,424.15,116222
2026-05-12 06:30:00,424.15,424.95,424.05,424.8,110271
2026-05-12 06:35:00,424.8,424.9,423.55,423.6,62464
2026-05-12 06:40:00,423.75,423.85,423.3,423.65,68773
2026-05-12 06:45:00,423.65,424.95,423.4,424.8,107027
2026-05-12 06:50:00,424.75,425.2,424.5,425.1,84380
2026-05-12 06:55:00,425.15,425.15,423.45,423.55,190925
2026-05-12 07:00:00,423.4,423.4,422.0,422.3,191412
2026-05-12 07:05:00,422.45,422.8,422.1,422.25,59073
2026-05-12 07:10:00,422.4,422.85,422.0,422.1,99342
2026-05-12 07:15:00,422.1,422.7,421.6,422.25,202691
2026-05-12 07:20:00,422.25,422.9,422.05,422.9,119965
2026-05-12 07:25:00,422.85,423.5,422.6,423.45,157477
2026-05-12 07:30:00,423.4,423.95,423.3,423.6,83160
2026-05-12 07:35:00,423.6,423.6,422.8,422.8,37313
2026-05-12 07:40:00,422.95,423.8,422.8,423.25,120085
2026-05-12 07:45:00,423.25,423.45,422.85,422.95,126447
2026-05-12 07:50:00,422.95,423.0,422.1,422.4,88728
2026-05-12 07:55:00,422.4,422.6,422.1,422.25,79465
2026-05-12 08:00:00,422.35,422.5,422.15,422.15,73571
2026-05-12 08:05:00,422.2,422.2,421.2,421.3,164571
2026-05-12 08:10:00,421.4,421.5,420.75,420.95,270523
2026-05-12 08:15:00,421.05,421.45,420.35,421.15,211563
2026-05-12 08:20:00,421.3,422.45,420.45,420.5,880145
2026-05-12 08:25:00,420.65,421.0,420.2,420.6,153860
2026-05-12 08:30:00,420.65,420.65,419.4,419.5,356734
2026-05-12 08:35:00,419.6,419.8,418.7,418.85,225181
2026-05-12 08:40:00,418.85,419.0,418.1,418.6,228588
2026-05-12 08:45:00,418.6,418.85,418.2,418.6,152212
2026-05-12 08:50:00,418.6,419.6,418.2,419.15,204480
2026-05-12 08:55:00,419.15,419.15,418.3,418.85,110273
2026-05-12 09:00:00,418.85,419.1,417.65,417.8,214094
2026-05-12 09:05:00,417.8,418.95,417.6,418.55,187154
2026-05-12 09:10:00,418.7,418.9,418.3,418.4,116506
2026-05-12 09:15:00,418.55,418.85,418.0,418.05,231285
2026-05-12 09:20:00,418.05,418.65,417.65,417.8,235246
2026-05-12 09:25:00,418.0,418.0,417.0,417.4,170426
2026-05-12 09:30:00,417.3,417.35,416.1,416.3,1049200
2026-05-12 09:35:00,416.35,416.85,416.0,416.55,662755
2026-05-12 09:40:00,416.5,416.75,415.7,415.85,501687
2026-05-12 09:45:00,415.85,416.7,415.7,416.4,470658
2026-05-12 09:50:00,416.75,416.75,415.5,416.0,549653
2026-05-12 09:55:00,416.05,418.7,415.9,418.3,550716
2026-05-13 03:45:00,416.6,420.5,416.4,417.05,775615
2026-05-13 03:50:00,417.25,419.2,417.25,418.35,369360
2026-05-13 03:55:00,418.4,421.65,417.45,418.95,340910
2026-05-13 04:00:00,418.85,419.2,417.6,417.85,171709
2026-05-13 04:05:00,417.85,417.9,415.75,416.6,295525
2026-05-13 04:10:00,416.6,419.0,416.6,418.5,218052
2026-05-13 04:15:00,418.2,419.35,418.1,418.8,161869
2026-05-13 04:20:00,418.95,421.0,418.95,420.95,154814
2026-05-13 04:25:00,420.9,422.1,420.6,422.1,250377
2026-05-13 04:30:00,422.0,422.55,421.75,422.25,235110
2026-05-13 04:35:00,422.25,423.35,422.25,423.1,177125
2026-05-13 04:40:00,423.2,424.5,422.35,424.45,251097
2026-05-13 04:45:00,424.45,425.5,424.2,424.75,207559
2026-05-13 04:50:00,424.6,425.2,424.2,425.2,110600
2026-05-13 04:55:00,425.25,426.85,425.15,426.3,203744
2026-05-13 05:00:00,426.2,427.85,425.7,427.65,201253
2026-05-13 05:05:00,427.6,427.75,426.65,427.0,145564
2026-05-13 05:10:00,426.9,427.7,426.8,427.4,82147
2026-05-13 05:15:00,427.25,428.0,426.7,426.85,102058
2026-05-13 05:20:00,426.7,426.9,425.6,425.85,128738
2026-05-13 05:25:00,425.8,425.85,424.4,424.4,123795
2026-05-13 05:30:00,424.35,425.05,424.05,424.95,84354
2026-05-13 05:35:00,424.9,425.25,424.65,425.25,32855
2026-05-13 05:40:00,425.2,425.25,423.35,424.4,146662
2026-05-13 05:45:00,424.35,424.75,423.95,424.2,155587
2026-05-13 05:50:00,424.2,424.45,423.2,423.9,117628
2026-05-13 05:55:00,423.9,424.5,423.3,424.0,177490
2026-05-13 06:00:00,424.1,424.9,423.65,424.15,76016
2026-05-13 06:05:00,424.2,425.75,424.0,425.6,101742
2026-05-13 06:10:00,425.65,426.6,425.5,426.2,105567
2026-05-13 06:15:00,426.3,426.45,425.65,426.2,80216
2026-05-13 06:20:00,426.0,426.3,425.3,425.35,84688
2026-05-13 06:25:00,425.35,425.6,424.9,425.3,52951
2026-05-13 06:30:00,425.3,426.1,425.3,425.8,52652
2026-05-13 06:35:00,425.8,425.9,425.4,425.7,41631
2026-05-13 06:40:00,425.75,427.3,425.5,426.9,132235
2026-05-13 06:45:00,426.95,427.1,426.2,426.25,42726
2026-05-13 06:50:00,425.9,426.5,425.65,426.3,63111
2026-05-13 06:55:00,426.3,427.1,426.1,427.0,68165
2026-05-13 07:00:00,426.95,427.35,426.6,427.25,78276
2026-05-13 07:05:00,427.2,427.25,425.7,426.05,118168
2026-05-13 07:10:00,426.05,426.5,425.65,426.4,226227
2026-05-13 07:15:00,426.4,427.2,426.3,427.15,73641
2026-05-13 07:20:00,427.2,428.3,427.0,428.1,355588
2026-05-13 07:25:00,428.2,428.75,428.1,428.7,137768
2026-05-13 07:30:00,428.75,429.2,428.1,428.1,277508
2026-05-13 07:35:00,428.15,430.2,428.15,429.65,370456
2026-05-13 07:40:00,429.65,430.8,429.65,430.75,292452
2026-05-13 07:45:00,430.7,430.8,430.0,430.35,105607
2026-05-13 07:50:00,430.35,430.65,430.0,430.2,67634
2026-05-13 07:55:00,430.2,430.7,430.1,430.1,61017
2026-05-13 08:00:00,430.1,431.0,430.0,430.9,97662
2026-05-13 08:05:00,430.9,431.3,430.5,430.85,131021
2026-05-13 08:10:00,431.0,431.7,430.75,431.25,96366
2026-05-13 08:15:00,431.25,431.4,430.15,430.3,242947
2026-05-13 08:20:00,430.2,430.6,430.0,430.45,105769
2026-05-13 08:25:00,430.5,430.8,430.0,430.25,133694
2026-05-13 08:30:00,430.25,430.7,430.0,430.15,98256
2026-05-13 08:35:00,430.15,431.3,430.1,431.25,221220
2026-05-13 08:40:00,431.35,432.0,431.1,431.2,284961
2026-05-13 08:45:00,431.25,431.75,430.65,430.95,112624
2026-05-13 08:50:00,430.95,431.3,430.4,431.2,151740
2026-05-13 08:55:00,431.15,431.45,429.85,430.1,235418
2026-05-13 09:00:00,430.1,430.5,429.85,430.0,99254
2026-05-13 09:05:00,430.0,431.1,429.8,431.0,154232
2026-05-13 09:10:00,431.05,431.2,429.9,429.95,225906
2026-05-13 09:15:00,429.95,430.5,429.55,430.25,156939
2026-05-13 09:20:00,430.3,430.45,429.75,430.3,148759
2026-05-13 09:25:00,430.25,430.35,430.0,430.0,113655
2026-05-13 09:30:00,430.05,430.1,427.1,427.4,581477
2026-05-13 09:35:00,427.4,428.3,427.3,428.15,219540
2026-05-13 09:40:00,428.15,428.25,427.5,428.0,215707
2026-05-13 09:45:00,428.0,428.65,427.8,428.15,245738
2026-05-13 09:50:00,428.15,428.2,427.6,428.15,344535
2026-05-13 09:55:00,428.1,429.0,428.0,429.0,286100
2026-05-14 03:45:00,431.0,432.9,430.95,432.0,424774
2026-05-14 03:50:00,432.0,432.4,430.65,430.85,176881
2026-05-14 03:55:00,430.7,431.4,430.35,431.35,113233
2026-05-14 04:00:00,431.4,431.5,430.7,430.7,85487
2026-05-14 04:05:00,430.95,430.95,430.1,430.25,103523
2026-05-14 04:10:00,430.2,430.25,428.3,428.4,204520
2026-05-14 04:15:00,428.5,429.7,428.35,428.45,118632
2026-05-14 04:20:00,428.5,428.85,426.7,427.1,183885
2026-05-14 04:25:00,427.1,427.2,426.0,426.7,154013
2026-05-14 04:30:00,426.85,427.4,426.0,427.0,85860
2026-05-14 04:35:00,427.15,428.1,426.2,428.0,106233
2026-05-14 04:40:00,427.7,428.55,427.15,428.25,78862
2026-05-14 04:45:00,428.3,429.2,427.7,429.2,108344
2026-05-14 04:50:00,429.2,429.2,427.6,428.25,51643
2026-05-14 04:55:00,428.15,428.55,427.85,427.85,32968
2026-05-14 05:00:00,427.9,428.05,427.45,427.7,50550
2026-05-14 05:05:00,427.9,428.3,427.7,428.15,25171
2026-05-14 05:10:00,428.05,428.2,427.6,427.9,29406
2026-05-14 05:15:00,427.8,427.95,427.0,427.15,44560
2026-05-14 05:20:00,427.1,427.55,426.85,427.3,72959
2026-05-14 05:25:00,427.2,427.3,424.5,425.3,195127
2026-05-14 05:30:00,425.4,425.8,425.1,425.1,87465
2026-05-14 05:35:00,425.2,425.5,424.7,425.1,63436
2026-05-14 05:40:00,425.1,425.95,425.0,425.8,45339
2026-05-14 05:45:00,425.8,426.35,425.45,425.75,40527
2026-05-14 05:50:00,425.75,425.9,424.8,424.9,157366
2026-05-14 05:55:00,424.9,425.9,424.45,425.45,97435
2026-05-14 06:00:00,425.6,427.6,425.35,427.25,161710
