timestamp,open,high,low,close,volume
2025-05-14 03:45:00,241.16,243.1,241.16,242.71,339211
2025-05-14 03:50:00,242.72,243.6,242.66,243.45,223645
2025-05-14 03:55:00,243.45,244.1,243.45,243.6,166806
2025-05-14 04:00:00,243.62,243.66,243.15,243.2,123513
2025-05-14 04:05:00,243.27,243.85,243.11,243.79,106536
2025-05-14 04:10:00,243.79,244.71,243.64,244.49,229780
2025-05-14 04:15:00,244.6,244.7,244.25,244.32,98925
2025-05-14 04:20:00,244.25,244.8,243.8,244.61,218418
2025-05-14 04:25:00,244.61,245.2,244.61,245.05,261070
2025-05-14 04:30:00,245.05,245.15,244.9,245.05,98903
2025-05-14 04:35:00,245.05,245.15,244.87,245.0,83487
2025-05-14 04:40:00,245.02,245.2,244.87,245.1,101585
2025-05-14 04:45:00,245.1,245.25,244.9,244.96,67332
2025-05-14 04:50:00,244.96,244.97,244.74,244.84,69867
2025-05-14 04:55:00,244.84,244.97,244.76,244.96,46525
2025-05-14 05:00:00,244.96,246.37,244.6,246.37,375177
2025-05-14 05:05:00,246.27,246.39,245.73,246.17,166105
2025-05-14 05:10:00,246.17,246.33,245.95,245.95,103900
2025-05-14 05:15:00,245.92,246.22,245.9,246.06,75433
2025-05-14 05:20:00,246.06,246.1,245.5,245.56,61543
2025-05-14 05:25:00,245.51,245.8,245.1,245.29,70018
2025-05-14 05:30:00,245.29,245.74,245.29,245.54,59203
2025-05-14 05:35:00,245.5,246.15,245.5,246.0,60530
2025-05-14 05:40:00,246.0,246.15,245.88,245.98,49754
2025-05-14 05:45:00,245.95,246.6,245.78,246.44,190696
2025-05-14 05:50:00,246.46,246.9,246.3,246.46,128309
2025-05-14 05:55:00,246.33,246.5,246.23,246.49,64418
2025-05-14 06:00:00,246.49,246.5,246.09,246.14,42232
2025-05-14 06:05:00,246.14,246.37,246.04,246.05,52877
2025-05-14 06:10:00,246.13,246.15,245.5,245.5,115149
2025-05-14 06:15:00,245.5,245.63,245.0,245.23,161843
2025-05-14 06:20:00,245.23,245.35,244.83,245.26,143299
2025-05-14 06:25:00,245.27,245.83,245.2,245.76,58130
2025-05-14 06:30:00,245.81,245.89,245.16,245.49,141936
2025-05-14 06:35:00,245.49,245.66,245.34,245.66,37700
2025-05-14 06:40:00,245.69,245.9,245.6,245.74,45649
2025-05-14 06:45:00,245.73,245.88,245.62,245.79,75846
2025-05-14 06:50:00,245.75,246.19,245.67,245.75,97684
2025-05-14 06:55:00,245.83,245.88,245.6,245.73,46990
2025-05-14 07:00:00,245.61,245.79,245.55,245.69,38785
2025-05-14 07:05:00,245.75,245.75,245.05,245.21,91852
2025-05-14 07:10:00,245.2,245.29,245.01,245.03,49789
2025-05-14 07:15:00,245.03,245.1,244.75,244.81,112168
2025-05-14 07:20:00,244.75,244.79,244.26,244.51,169072
2025-05-14 07:25:00,244.56,244.9,244.3,244.75,94153
2025-05-14 07:30:00,244.9,245.55,244.8,245.35,75743
2025-05-14 07:35:00,245.37,245.45,245.22,245.38,35123
2025-05-14 07:40:00,245.38,245.53,245.33,245.47,44465
2025-05-14 07:45:00,245.46,245.55,244.9,245.09,58161
2025-05-14 07:50:00,245.09,245.2,244.89,245.02,41143
2025-05-14 07:55:00,245.03,245.34,244.99,245.1,41189
2025-05-14 08:00:00,245.15,245.22,245.05,245.16,20095
2025-05-14 08:05:00,245.15,245.4,245.03,245.21,77153
2025-05-14 08:10:00,245.21,245.21,244.82,244.97,52824
2025-05-14 08:15:00,244.95,245.14,244.95,245.04,40345
2025-05-14 08:20:00,245.05,245.2,244.93,245.13,38334
2025-05-14 08:25:00,245.08,245.19,244.74,244.96,73971
2025-05-14 08:30:00,244.91,244.97,244.51,244.68,61734
2025-05-14 08:35:00,244.69,245.0,244.63,245.0,45535
2025-05-14 08:40:00,245.0,245.0,244.65,244.9,42073
2025-05-14 08:45:00,244.9,245.14,244.73,245.08,75730
2025-05-14 08:50:00,245.08,245.28,244.99,245.12,38794
2025-05-14 08:55:00,245.09,245.13,244.8,245.09,43032
2025-05-14 09:00:00,245.06,245.47,244.96,245.05,90905
2025-05-14 09:05:00,245.01,245.3,244.93,245.03,58468
2025-05-14 09:10:00,245.12,246.3,245.0,245.5,216460
2025-05-14 09:15:00,245.53,245.6,245.29,245.48,44165
2025-05-14 09:20:00,245.44,245.5,245.25,245.36,48733
2025-05-14 09:25:00,245.34,245.5,245.26,245.42,54775
2025-05-14 09:30:00,245.43,245.88,245.43,245.74,293310
2025-05-14 09:35:00,245.74,246.35,245.7,246.15,296528
2025-05-14 09:40:00,246.17,246.3,246.05,246.22,212285
2025-05-14 09:45:00,246.29,246.29,245.7,245.87,251002
2025-05-14 09:50:00,245.91,246.25,245.82,246.19,326339
2025-05-14 09:55:00,246.19,246.5,245.85,246.04,201277
2025-05-15 03:45:00,244.95,245.6,243.24,243.51,566575
2025-05-15 03:50:00,243.54,244.54,243.54,244.48,304885
2025-05-15 03:55:00,244.4,245.35,244.35,244.79,226554
2025-05-15 04:00:00,244.72,244.85,244.0,244.15,149220
2025-05-15 04:05:00,244.03,244.18,243.89,244.0,275737
2025-05-15 04:10:00,244.0,244.08,242.87,243.02,424913
2025-05-15 04:15:00,243.01,243.49,242.3,243.21,427047
2025-05-15 04:20:00,243.21,243.65,242.7,243.29,120715
2025-05-15 04:25:00,243.2,243.75,243.17,243.37,104742
2025-05-15 04:30:00,243.32,243.45,243.0,243.03,107534
2025-05-15 04:35:00,243.01,243.39,243.0,243.23,109605
2025-05-15 04:40:00,243.27,243.8,243.14,243.7,98746
2025-05-15 04:45:00,243.68,243.95,243.57,243.6,116776
2025-05-15 04:50:00,243.54,243.85,243.31,243.83,49556
2025-05-15 04:55:00,243.83,244.18,243.61,244.1,84222
2025-05-15 05:00:00,244.1,244.98,244.06,244.88,168450
2025-05-15 05:05:00,244.94,246.5,244.88,246.43,275984
2025-05-15 05:10:00,246.5,247.0,246.08,246.26,425606
2025-05-15 05:15:00,246.36,246.47,245.45,245.95,175092
2025-05-15 05:20:00,245.91,246.0,245.61,245.75,67809
2025-05-15 05:25:00,245.75,246.65,245.6,246.6,108920
2025-05-15 05:30:00,246.61,246.64,245.8,245.95,51468
2025-05-15 05:35:00,245.94,245.94,245.4,245.77,95006
2025-05-15 05:40:00,245.8,245.8,244.5,244.86,172988
2025-05-15 05:45:00,244.81,245.9,244.7,245.7,90900
2025-05-15 05:50:00,245.63,245.81,244.82,245.16,48416
2025-05-15 05:55:00,245.12,245.8,245.12,245.65,44484
2025-05-15 06:00:00,245.59,245.68,245.05,245.28,70386
2025-05-15 06:05:00,245.28,245.45,244.8,245.1,81815
2025-05-15 06:10:00,245.1,245.38,244.96,245.1,60637
2025-05-15 06:15:00,245.12,245.54,244.93,245.19,189342
2025-05-15 06:20:00,245.18,245.32,244.84,245.04,189756
2025-05-15 06:25:00,244.99,245.18,244.5,244.55,119773
2025-05-15 06:30:00,244.52,244.55,244.16,244.46,77942
2025-05-15 06:35:00,244.43,245.0,244.38,244.9,174926
2025-05-15 06:40:00,244.91,245.0,244.51,244.66,55865
2025-05-15 06:45:00,244.76,245.28,244.71,244.8,289585
2025-05-15 06:50:00,244.8,244.83,243.5,243.77,148684
2025-05-15 06:55:00,243.76,243.99,243.7,243.75,112754
2025-05-15 07:00:00,243.68,244.0,243.55,243.81,75820
2025-05-15 07:05:00,243.78,244.24,243.71,244.03,99819
2025-05-15 07:10:00,244.02,244.16,243.57,243.67,191504
2025-05-15 07:15:00,243.73,244.14,243.61,244.14,715811
2025-05-15 07:20:00,244.05,244.3,244.0,244.29,216624
2025-05-15 07:25:00,244.42,244.5,244.14,244.44,565306
2025-05-15 07:30:00,244.45,245.46,244.35,245.15,149553
2025-05-15 07:35:00,245.05,246.5,245.0,245.68,373843
2025-05-15 07:40:00,245.68,246.6,245.66,246.42,300081
2025-05-15 07:45:00,246.5,246.95,246.1,246.42,294290
2025-05-15 07:50:00,246.4,246.46,245.95,246.22,149039
2025-05-15 07:55:00,246.22,246.45,246.01,246.39,107147
2025-05-15 08:00:00,246.39,247.23,246.39,247.15,409296
2025-05-15 08:05:00,247.13,247.2,246.66,246.8,224617
2025-05-15 08:10:00,246.91,247.02,246.7,246.9,204173
2025-05-15 08:15:00,246.95,247.53,246.86,247.15,336151
2025-05-15 08:20:00,247.26,247.5,247.02,247.26,153840
2025-05-15 08:25:00,247.41,247.41,247.11,247.2,84160
2025-05-15 08:30:00,247.17,247.32,246.7,247.28,253742
2025-05-15 08:35:00,247.3,247.39,246.91,247.0,340099
2025-05-15 08:40:00,247.04,247.22,246.92,246.99,565715
2025-05-15 08:45:00,247.03,248.06,246.96,247.95,408056
2025-05-15 08:50:00,248.0,248.2,247.53,248.06,234065
2025-05-15 08:55:00,248.06,248.92,248.0,248.6,556006
2025-05-15 09:00:00,248.69,248.76,247.8,247.8,367361
2025-05-15 09:05:00,247.8,248.42,247.63,248.05,265745
2025-05-15 09:10:00,248.16,248.2,247.56,247.97,208003
2025-05-15 09:15:00,247.96,247.99,247.55,247.65,186792
2025-05-15 09:20:00,247.65,247.77,247.24,247.27,191229
2025-05-15 09:25:00,247.24,247.46,247.0,247.45,121158
2025-05-15 09:30:00,247.5,248.03,247.31,247.84,366317
2025-05-15 09:35:00,247.84,247.98,247.5,247.61,277966
2025-05-15 09:40:00,247.62,247.85,247.48,247.64,284148
2025-05-15 09:45:00,247.69,247.89,247.51,247.55,410123
2025-05-15 09:50:00,247.53,247.85,247.5,247.69,407932
2025-05-15 09:55:00,247.68,247.69,246.6,246.98,241870
2025-05-16 03:45:00,247.06,248.44,246.4,247.78,231318
2025-05-16 03:50:00,247.75,248.23,247.55,247.95,146342
2025-05-16 03:55:00,247.94,248.24,247.55,248.2,82902
2025-05-16 04:00:00,248.21,248.8,247.83,247.92,195172
2025-05-16 04:05:00,247.9,248.15,247.72,247.9,69190
2025-05-16 04:10:00,247.91,248.98,247.62,248.9,131241
2025-05-16 04:15:00,248.9,248.97,248.3,248.4,120415
2025-05-16 04:20:00,248.35,248.9,247.97,248.47,225115
2025-05-16 04:25:00,248.47,248.99,248.3,248.88,159458
2025-05-16 04:30:00,248.88,249.36,248.85,249.11,212184
2025-05-16 04:35:00,249.06,249.39,249.0,249.07,106108
2025-05-16 04:40:00,249.07,249.07,248.51,248.68,129997
2025-05-16 04:45:00,248.68,248.98,248.5,248.8,84342
2025-05-16 04:50:00,248.8,249.0,248.5,248.52,61101
2025-05-16 04:55:00,248.52,248.64,248.3,248.44,61903
2025-05-16 05:00:00,248.36,248.51,248.25,248.41,49973
2025-05-16 05:05:00,248.41,248.56,248.26,248.35,54795
2025-05-16 05:10:00,248.28,248.94,248.06,248.06,255473
2025-05-16 05:15:00,248.06,248.15,247.56,247.98,201126
2025-05-16 05:20:00,247.98,248.2,247.8,247.95,82039
2025-05-16 05:25:00,247.87,248.0,247.66,247.99,62873
2025-05-16 05:30:00,248.08,248.18,247.9,247.97,75213
2025-05-16 05:35:00,248.05,248.07,247.5,247.7,69015
2025-05-16 05:40:00,247.81,248.0,247.71,247.98,16725
2025-05-16 05:45:00,248.0,248.09,247.75,248.01,71691
2025-05-16 05:50:00,248.02,248.09,247.9,248.01,21418
2025-05-16 05:55:00,248.09,248.11,247.55,247.55,61890
2025-05-16 06:00:00,247.61,247.82,247.5,247.7,107612
2025-05-16 06:05:00,247.74,248.18,247.71,247.85,102543
2025-05-16 06:10:00,247.8,247.95,247.74,247.93,32848
2025-05-16 06:15:00,247.93,248.1,247.8,248.07,44350
2025-05-16 06:20:00,248.07,248.07,247.35,247.49,80222
2025-05-16 06:25:00,247.49,247.85,247.47,247.64,22173
2025-05-16 06:30:00,247.56,247.64,247.32,247.51,44463
2025-05-16 06:35:00,247.57,247.86,247.5,247.7,175920
2025-05-16 06:40:00,247.7,247.83,247.67,247.76,33846
2025-05-16 06:45:00,247.76,247.76,247.37,247.59,55003
2025-05-16 06:50:00,247.53,247.69,247.33,247.69,59455
2025-05-16 06:55:00,247.73,248.08,247.66,247.94,76278
2025-05-16 07:00:00,247.95,247.95,247.68,247.95,30044
2025-05-16 07:05:00,247.95,248.0,247.8,247.87,48798
2025-05-16 07:10:00,247.9,247.99,247.79,247.87,29895
2025-05-16 07:15:00,247.96,248.1,247.86,247.9,84987
2025-05-16 07:20:00,247.92,248.0,247.76,247.95,47048
2025-05-16 07:25:00,247.95,248.02,247.55,247.63,63939
2025-05-16 07:30:00,247.63,247.82,247.48,247.75,79903
2025-05-16 07:35:00,247.79,247.98,247.54,247.56,139397
2025-05-16 07:40:00,247.62,247.75,247.54,247.56,58165
2025-05-16 07:45:00,247.6,247.64,247.35,247.39,75475
2025-05-16 07:50:00,247.42,247.42,247.1,247.2,106579
2025-05-16 07:55:00,247.2,247.43,247.12,247.28,61785
2025-05-16 08:00:00,247.28,247.34,247.15,247.24,76492
2025-05-16 08:05:00,247.25,247.28,247.05,247.14,51045
2025-05-16 08:10:00,247.14,247.15,246.51,246.75,220224
2025-05-16 08:15:00,246.76,246.76,246.5,246.75,91466
2025-05-16 08:20:00,246.75,246.89,246.65,246.78,81504
2025-05-16 08:25:00,246.8,246.88,246.51,246.6,98762
2025-05-16 08:30:00,246.51,246.59,246.2,246.39,191203
2025-05-16 08:35:00,246.39,246.76,246.25,246.66,111804
2025-05-16 08:40:00,246.58,246.83,246.5,246.62,100786
2025-05-16 08:45:00,246.66,246.88,246.52,246.75,41669
2025-05-16 08:50:00,246.79,246.8,246.6,246.72,65446
2025-05-16 08:55:00,246.8,246.8,246.4,246.46,118917
2025-05-16 09:00:00,246.38,246.49,246.2,246.28,102773
2025-05-16 09:05:00,246.28,246.63,246.22,246.59,87965
2025-05-16 09:10:00,246.5,246.6,246.22,246.34,105775
2025-05-16 09:15:00,246.34,246.52,246.22,246.42,115527
2025-05-16 09:20:00,246.42,246.54,246.3,246.46,84605
2025-05-16 09:25:00,246.47,246.65,246.31,246.5,158152
2025-05-16 09:30:00,246.52,247.06,246.51,247.05,200587
2025-05-16 09:35:00,247.05,247.47,247.01,247.32,329230
2025-05-16 09:40:00,247.43,247.66,247.16,247.3,213298
2025-05-16 09:45:00,247.35,247.44,247.09,247.35,220841
2025-05-16 09:50:00,247.33,247.5,247.16,247.47,249078
2025-05-16 09:55:00,247.48,247.57,247.0,247.03,206801
2025-05-19 03:45:00,248.0,249.0,247.66,248.94,346077
2025-05-19 03:50:00,248.96,249.45,248.41,249.17,167772
2025-05-19 03:55:00,249.17,249.17,248.21,248.56,124796
2025-05-19 04:00:00,248.56,249.34,248.56,248.93,220614
2025-05-19 04:05:00,248.91,249.19,247.79,247.88,182541
2025-05-19 04:10:00,247.82,248.6,247.5,248.49,122334
2025-05-19 04:15:00,248.38,248.69,247.16,247.37,385006
2025-05-19 04:20:00,247.37,247.47,246.82,246.94,234613
2025-05-19 04:25:00,246.96,247.2,246.94,247.2,45726
2025-05-19 04:30:00,247.12,247.7,246.92,247.64,89062
2025-05-19 04:35:00,247.7,248.2,247.64,248.1,90477
2025-05-19 04:40:00,248.0,248.12,247.7,247.9,37440
2025-05-19 04:45:00,247.9,247.94,247.4,247.45,51114
2025-05-19 04:50:00,247.5,247.81,247.27,247.74,57458
2025-05-19 04:55:00,247.64,247.76,247.01,247.3,99282
2025-05-19 05:00:00,247.25,247.5,247.05,247.2,77543
2025-05-19 05:05:00,247.2,247.31,246.9,247.0,122431
2025-05-19 05:10:00,247.0,247.27,247.0,247.1,70648
2025-05-19 05:15:00,247.2,247.2,246.9,247.0,55013
2025-05-19 05:20:00,246.95,247.25,246.92,247.08,66795
2025-05-19 05:25:00,247.01,247.2,247.0,247.01,48729
2025-05-19 05:30:00,247.01,247.2,246.92,247.14,64873
2025-05-19 05:35:00,247.2,247.67,247.05,247.61,67317
2025-05-19 05:40:00,247.56,247.8,247.52,247.73,43631
2025-05-19 05:45:00,247.71,247.8,247.4,247.45,46800
2025-05-19 05:50:00,247.47,247.52,247.2,247.28,61495
2025-05-19 05:55:00,247.22,247.24,247.0,247.09,54079
2025-05-19 06:00:00,247.11,247.24,247.02,247.06,20984
2025-05-19 06:05:00,247.07,247.33,247.0,247.25,34103
2025-05-19 06:10:00,247.32,247.36,247.17,247.23,28070
2025-05-19 06:15:00,247.26,247.27,246.9,246.9,84206
2025-05-19 06:20:00,246.9,247.0,246.9,246.95,49674
2025-05-19 06:25:00,246.95,247.0,246.7,246.7,185917
2025-05-19 06:30:00,246.7,246.71,246.3,246.36,105396
2025-05-19 06:35:00,246.35,246.5,246.3,246.44,67722
2025-05-19 06:40:00,246.35,246.51,245.88,246.14,229565
2025-05-19 06:45:00,246.14,246.14,244.91,245.31,766707
2025-05-19 06:50:00,245.43,245.93,245.0,245.7,338994
2025-05-19 06:55:00,245.77,245.9,245.66,245.8,65155
2025-05-19 07:00:00,245.89,246.09,245.72,246.07,62998
2025-05-19 07:05:00,246.09,246.09,245.9,245.99,44795
2025-05-19 07:10:00,245.89,246.15,245.89,246.0,39410
2025-05-19 07:15:00,246.0,246.07,245.76,245.95,45576
2025-05-19 07:20:00,245.95,246.31,245.95,246.14,46367
2025-05-19 07:25:00,246.14,246.2,246.0,246.0,32900
2025-05-19 07:30:00,246.01,246.15,245.8,245.88,36341
2025-05-19 07:35:00,245.82,245.9,245.5,245.56,48061
2025-05-19 07:40:00,245.5,245.64,245.39,245.5,62848
2025-05-19 07:45:00,245.5,246.09,245.35,245.82,157032
2025-05-19 07:50:00,245.82,246.24,245.76,246.07,41666
2025-05-19 07:55:00,246.13,246.15,245.8,245.93,35007
2025-05-19 08:00:00,246.05,246.27,245.9,246.16,68941
2025-05-19 08:05:00,246.25,246.26,246.0,246.04,35402
2025-05-19 08:10:00,246.09,246.2,246.0,246.06,34115
2025-05-19 08:15:00,246.16,246.17,245.82,245.82,120424
2025-05-19 08:20:00,245.77,245.97,245.54,245.83,36955
2025-05-19 08:25:00,245.94,246.0,245.75,245.85,35155
2025-05-19 08:30:00,245.95,245.95,245.53,245.77,65806
2025-05-19 08:35:00,245.7,245.79,245.61,245.74,53855
2025-05-19 08:40:00,245.73,245.75,245.45,245.7,76931
2025-05-19 08:45:00,245.75,246.0,245.64,246.0,51129
2025-05-19 08:50:00,245.98,246.1,245.98,246.0,45047
2025-05-19 08:55:00,246.09,246.1,246.0,246.07,33161
2025-05-19 09:00:00,246.04,246.15,246.0,246.04,61801
2025-05-19 09:05:00,246.06,246.1,246.0,246.05,32475
2025-05-19 09:10:00,246.02,246.3,246.0,246.0,65419
2025-05-19 09:15:00,246.09,246.2,246.0,246.02,54935
2025-05-19 09:20:00,246.14,246.26,246.0,246.19,42156
2025-05-19 09:25:00,246.16,246.28,246.0,246.01,49747
2025-05-19 09:30:00,246.09,246.72,246.01,246.57,270076
2025-05-19 09:35:00,246.57,246.67,246.32,246.57,188179
2025-05-19 09:40:00,246.65,246.72,246.52,246.63,271300
2025-05-19 09:45:00,246.65,246.74,246.5,246.59,242232
2025-05-19 09:50:00,246.59,246.69,246.41,246.6,248270
2025-05-19 09:55:00,246.6,246.8,246.4,246.5,192537
2025-05-20 03:45:00,246.79,248.88,246.79,247.99,317909
2025-05-20 03:50:00,247.99,248.69,247.65,248.3,153750
2025-05-20 03:55:00,248.3,248.5,247.8,247.95,66991
2025-05-20 04:00:00,248.04,248.75,247.75,248.35,103831
2025-05-20 04:05:00,248.43,249.2,248.3,249.07,240004
2025-05-20 04:10:00,249.01,249.1,248.51,249.1,77373
2025-05-20 04:15:00,249.1,249.1,248.33,248.58,72586
2025-05-20 04:20:00,248.57,249.45,248.42,249.32,232570
2025-05-20 04:25:00,249.41,250.0,249.14,249.89,306938
2025-05-20 04:30:00,249.87,250.99,249.8,250.99,589954
2025-05-20 04:35:00,250.9,251.0,250.21,250.57,419550
2025-05-20 04:40:00,250.69,251.42,250.6,251.35,361379
2025-05-20 04:45:00,251.36,251.69,250.7,251.41,393716
2025-05-20 04:50:00,251.5,251.51,251.05,251.4,184781
2025-05-20 04:55:00,251.29,251.75,251.0,251.37,310823
2025-05-20 05:00:00,251.26,251.7,251.1,251.55,160090
2025-05-20 05:05:00,251.55,251.9,251.42,251.8,319272
2025-05-20 05:10:00,251.8,252.17,251.56,252.09,384939
2025-05-20 05:15:00,252.05,252.2,251.75,252.0,214383
2025-05-20 05:20:00,251.91,252.05,251.52,251.71,101039
2025-05-20 05:25:00,251.75,252.66,251.65,252.62,376337
2025-05-20 05:30:00,252.65,252.7,251.88,251.89,222598
2025-05-20 05:35:00,251.99,252.11,251.63,251.99,153424
2025-05-20 05:40:00,251.99,252.07,251.8,251.84,69254
2025-05-20 05:45:00,251.83,251.84,251.4,251.79,207583
2025-05-20 05:50:00,251.65,251.79,250.82,250.99,233624
2025-05-20 05:55:00,251.0,251.6,250.9,251.28,104027
2025-05-20 06:00:00,251.39,251.48,251.08,251.36,65428
2025-05-20 06:05:00,251.37,252.41,251.36,252.0,310457
2025-05-20 06:10:00,252.08,252.08,251.5,251.51,81195
2025-05-20 06:15:00,251.51,251.52,251.17,251.25,66190
2025-05-20 06:20:00,251.2,251.4,250.51,250.7,158921
2025-05-20 06:25:00,250.73,251.0,250.6,250.96,78488
2025-05-20 06:30:00,251.0,251.26,250.75,250.87,71617
2025-05-20 06:35:00,250.93,251.26,250.83,251.1,48943
2025-05-20 06:40:00,251.2,251.2,250.65,250.68,70423
2025-05-20 06:45:00,250.68,250.75,250.25,250.25,145816
2025-05-20 06:50:00,250.26,250.45,250.07,250.28,99340
2025-05-20 06:55:00,250.35,250.53,250.15,250.2,65026
2025-05-20 07:00:00,250.15,250.85,250.11,250.7,189316
2025-05-20 07:05:00,250.7,250.94,250.54,250.65,71214
2025-05-20 07:10:00,250.75,250.95,250.46,250.6,67598
2025-05-20 07:15:00,250.6,250.75,250.2,250.29,67188
2025-05-20 07:20:00,250.29,250.33,249.8,249.85,184606
2025-05-20 07:25:00,249.85,250.18,249.63,249.82,88374
2025-05-20 07:30:00,249.85,250.11,249.6,249.72,88199
2025-05-20 07:35:00,249.77,249.95,249.46,249.49,220070
2025-05-20 07:40:00,249.49,249.96,249.3,249.3,76917
2025-05-20 07:45:00,249.25,249.31,248.72,248.73,139344
2025-05-20 07:50:00,248.82,249.41,248.73,249.15,109427
2025-05-20 07:55:00,249.26,249.65,249.19,249.43,85427
2025-05-20 08:00:00,249.36,250.29,249.3,250.2,98913
2025-05-20 08:05:00,250.19,250.3,249.84,250.07,90070
2025-05-20 08:10:00,250.12,250.15,249.7,250.0,69416
2025-05-20 08:15:00,250.0,250.25,249.85,250.24,42803
2025-05-20 08:20:00,250.14,250.41,250.11,250.2,82970
2025-05-20 08:25:00,250.19,250.24,250.01,250.03,66654
2025-05-20 08:30:00,250.13,250.16,249.56,249.87,105929
2025-05-20 08:35:00,249.87,249.89,249.29,249.51,116825
2025-05-20 08:40:00,249.59,249.63,249.04,249.35,162023
2025-05-20 08:45:00,249.21,249.8,249.01,249.45,182828
2025-05-20 08:50:00,249.45,249.45,248.85,249.0,259672
2025-05-20 08:55:00,249.0,249.39,248.9,249.2,102986
2025-05-20 09:00:00,249.2,250.19,248.8,250.03,418263
2025-05-20 09:05:00,250.0,250.11,249.57,249.75,63612
2025-05-20 09:10:00,249.61,249.69,248.5,249.1,297655
2025-05-20 09:15:00,249.1,249.1,248.6,248.92,233876
2025-05-20 09:20:00,248.99,249.25,248.81,249.0,227290
2025-05-20 09:25:00,249.0,249.28,248.7,249.24,197472
2025-05-20 09:30:00,249.24,249.72,249.18,249.35,191892
2025-05-20 09:35:00,249.35,249.52,248.87,249.38,152312
2025-05-20 09:40:00,249.4,249.88,249.33,249.6,243872
2025-05-20 09:45:00,249.6,249.6,248.83,249.01,353672
2025-05-20 09:50:00,249.01,249.15,248.94,248.97,240415
2025-05-20 09:55:00,248.98,249.31,248.97,249.05,146725
2025-05-21 03:45:00,251.5,251.95,249.0,249.25,765916
2025-05-21 03:50:00,249.11,250.25,249.02,249.42,275187
2025-05-21 03:55:00,249.25,249.91,248.8,249.6,185896
2025-05-21 04:00:00,249.7,250.31,249.29,250.28,140492
2025-05-21 04:05:00,250.19,250.5,249.92,250.0,119783
2025-05-21 04:10:00,250.0,250.21,249.41,249.8,155608
2025-05-21 04:15:00,249.74,249.96,249.71,249.81,117096
2025-05-21 04:20:00,249.81,249.91,249.51,249.75,78279
2025-05-21 04:25:00,249.75,249.92,249.4,249.59,60148
2025-05-21 04:30:00,249.5,249.75,249.4,249.65,65385
2025-05-21 04:35:00,249.55,249.95,249.53,249.94,27840
2025-05-21 04:40:00,249.95,250.1,249.9,250.0,54494
2025-05-21 04:45:00,250.1,250.2,249.95,249.99,78224
2025-05-21 04:50:00,250.0,250.3,249.93,250.14,106272
2025-05-21 04:55:00,250.25,250.25,250.0,250.22,75621
2025-05-21 05:00:00,250.1,250.39,250.1,250.14,77219
2025-05-21 05:05:00,250.28,250.4,250.16,250.2,34363
2025-05-21 05:10:00,250.2,250.35,250.0,250.13,54352
2025-05-21 05:15:00,250.14,250.76,250.09,250.74,125054
2025-05-21 05:20:00,250.77,250.86,250.35,250.35,92408
2025-05-21 05:25:00,250.35,250.5,250.3,250.33,76699
2025-05-21 05:30:00,250.33,250.43,249.7,249.81,99523
2025-05-21 05:35:00,249.78,250.0,249.3,249.94,83673
2025-05-21 05:40:00,249.98,250.24,249.9,249.99,81578
2025-05-21 05:45:00,249.98,250.5,249.8,250.36,153605
2025-05-21 05:50:00,250.36,250.4,249.83,249.88,41427
2025-05-21 05:55:00,249.88,250.19,249.83,250.0,50384
2025-05-21 06:00:00,249.98,250.06,249.42,249.55,52245
2025-05-21 06:05:00,249.52,249.9,249.1,249.74,110795
2025-05-21 06:10:00,249.7,249.76,249.35,249.39,75066
2025-05-21 06:15:00,249.38,249.4,248.8,248.9,108198
2025-05-21 06:20:00,248.96,249.32,248.9,249.11,62161
2025-05-21 06:25:00,249.14,249.25,249.0,249.15,24103
2025-05-21 06:30:00,249.15,249.2,248.5,248.5,104382
2025-05-21 06:35:00,248.5,248.85,248.5,248.59,38857
2025-05-21 06:40:00,248.52,248.68,248.15,248.31,67259
2025-05-21 06:45:00,248.3,248.39,247.76,248.3,133803
2025-05-21 06:50:00,248.41,248.96,248.3,248.79,69238
2025-05-21 06:55:00,248.79,248.79,248.3,248.44,38750
2025-05-21 07:00:00,248.54,248.88,248.51,248.81,59447
2025-05-21 07:05:00,248.7,249.2,248.7,248.95,81944
2025-05-21 07:10:00,248.95,249.03,248.68,248.68,28030
2025-05-21 07:15:00,248.7,248.9,248.51,248.78,46075
2025-05-21 07:20:00,248.77,248.78,248.17,248.29,57376
2025-05-21 07:25:00,248.29,248.74,248.19,248.71,58195
2025-05-21 07:30:00,248.72,248.91,248.54,248.75,29690
2025-05-21 07:35:00,248.74,248.9,248.6,248.9,27788
2025-05-21 07:40:00,248.9,249.0,248.8,248.98,35010
2025-05-21 07:45:00,249.0,249.42,248.79,249.18,92204
2025-05-21 07:50:00,249.12,249.2,248.82,248.92,87408
2025-05-21 07:55:00,248.92,249.0,248.5,248.5,50590
2025-05-21 08:00:00,248.6,248.95,248.56,248.95,29819
2025-05-21 08:05:00,248.95,249.1,248.35,248.63,70033
2025-05-21 08:10:00,248.64,248.73,248.39,248.53,49005
2025-05-21 08:15:00,248.54,248.74,248.42,248.72,27611
2025-05-21 08:20:00,248.72,248.73,248.35,248.5,93804
2025-05-21 08:25:00,248.4,248.6,248.2,248.33,76332
2025-05-21 08:30:00,248.37,248.46,248.09,248.2,63030
2025-05-21 08:35:00,248.26,248.45,248.15,248.4,40110
2025-05-21 08:40:00,248.4,248.72,248.2,248.7,52478
2025-05-21 08:45:00,248.72,248.78,248.41,248.63,87869
2025-05-21 08:50:00,248.64,248.9,248.47,248.51,45189
2025-05-21 08:55:00,248.58,249.1,248.46,248.98,105453
2025-05-21 09:00:00,248.9,249.0,248.61,248.75,57858
2025-05-21 09:05:00,248.8,248.95,248.6,248.77,58935
2025-05-21 09:10:00,248.66,248.79,248.3,248.31,94393
2025-05-21 09:15:00,248.3,248.65,248.3,248.41,61453
2025-05-21 09:20:00,248.49,248.5,248.2,248.35,87897
2025-05-21 09:25:00,248.38,248.49,248.25,248.45,55859
2025-05-21 09:30:00,248.46,248.65,248.35,248.5,146423
2025-05-21 09:35:00,248.52,249.0,248.5,248.95,239428
2025-05-21 09:40:00,248.85,248.88,248.5,248.56,165096
2025-05-21 09:45:00,248.58,248.72,248.5,248.7,225369
2025-05-21 09:50:00,248.7,248.92,248.57,248.7,233739
2025-05-21 09:55:00,248.72,248.99,248.6,248.99,175659
2025-05-22 03:45:00,248.68,250.48,247.46,248.43,1298844
2025-05-22 03:50:00,248.48,248.68,245.9,246.13,605211
2025-05-22 03:55:00,246.03,246.7,245.56,245.74,332373
2025-05-22 04:00:00,245.75,245.8,244.31,244.39,389524
2025-05-22 04:05:00,244.32,245.5,244.2,245.41,241823
2025-05-22 04:10:00,245.47,246.29,245.21,245.64,254458
2025-05-22 04:15:00,245.64,245.8,244.83,245.23,152881
2025-05-22 04:20:00,245.23,245.23,244.6,245.13,143201
2025-05-22 04:25:00,245.06,245.53,244.9,245.5,105015
2025-05-22 04:30:00,245.53,245.6,245.09,245.16,130164
2025-05-22 04:35:00,245.07,245.3,244.7,245.16,126722
2025-05-22 04:40:00,245.15,245.4,244.85,245.32,100656
2025-05-22 04:45:00,245.3,245.36,245.01,245.15,84980
2025-05-22 04:50:00,245.1,245.27,245.0,245.12,83891
2025-05-22 04:55:00,245.06,245.15,244.8,245.05,114893
2025-05-22 05:00:00,245.13,245.27,244.91,245.09,65157
2025-05-22 05:05:00,245.2,246.05,245.14,245.71,219544
2025-05-22 05:10:00,245.78,246.1,245.5,245.54,81010
2025-05-22 05:15:00,245.51,245.78,245.34,245.44,60909
2025-05-22 05:20:00,245.43,245.9,245.43,245.73,32662
2025-05-22 05:25:00,245.73,245.95,245.6,245.78,274920
2025-05-22 05:30:00,245.84,245.99,245.7,245.73,44311
2025-05-22 05:35:00,245.73,246.1,245.72,246.09,48317
2025-05-22 05:40:00,246.09,246.09,245.75,245.75,45894
2025-05-22 05:45:00,245.73,246.2,245.7,245.95,156673
2025-05-22 05:50:00,245.95,246.09,245.6,245.77,44128
2025-05-22 05:55:00,245.76,246.08,245.76,245.92,40272
2025-05-22 06:00:00,245.98,246.0,245.81,245.95,24118
2025-05-22 06:05:00,245.95,246.07,245.3,245.5,110869
2025-05-22 06:10:00,245.5,245.6,245.27,245.32,318310
2025-05-22 06:15:00,245.25,246.06,245.24,246.0,66509
2025-05-22 06:20:00,245.95,246.35,245.77,246.27,104688
2025-05-22 06:25:00,246.15,246.32,245.9,246.15,50776
2025-05-22 06:30:00,246.24,246.5,246.1,246.2,131026
2025-05-22 06:35:00,246.2,246.2,245.85,245.85,51127
2025-05-22 06:40:00,245.85,246.0,245.24,245.28,120326
2025-05-22 06:45:00,245.29,245.59,245.24,245.37,86498
2025-05-22 06:50:00,245.27,245.52,245.1,245.36,118642
2025-05-22 06:55:00,245.36,245.69,245.28,245.4,68903
2025-05-22 07:00:00,245.42,245.7,245.42,245.5,64655
2025-05-22 07:05:00,245.5,245.6,245.3,245.35,157845
2025-05-22 07:10:00,245.34,245.55,245.29,245.35,119657
2025-05-22 07:15:00,245.35,245.44,244.9,244.94,202588
2025-05-22 07:20:00,244.94,245.3,244.65,244.67,76341
2025-05-22 07:25:00,244.76,244.78,244.51,244.68,107539
2025-05-22 07:30:00,244.68,244.69,244.15,244.15,167972
2025-05-22 07:35:00,244.1,244.21,243.6,243.62,281091
2025-05-22 07:40:00,243.7,243.91,243.5,243.68,125334
2025-05-22 07:45:00,243.65,243.72,243.37,243.58,197920
2025-05-22 07:50:00,243.58,243.68,243.44,243.65,88324
2025-05-22 07:55:00,243.57,243.6,243.42,243.52,110249
2025-05-22 08:00:00,243.58,243.95,243.43,243.69,161658
2025-05-22 08:05:00,243.69,243.7,243.42,243.51,98000
2025-05-22 08:10:00,243.51,243.52,241.8,242.0,500376
2025-05-22 08:15:00,241.95,242.17,241.51,241.6,306530
2025-05-22 08:20:00,241.6,242.06,241.3,241.64,496284
2025-05-22 08:25:00,241.64,241.99,241.62,241.74,148829
2025-05-22 08:30:00,241.76,241.82,241.01,241.3,315596
2025-05-22 08:35:00,241.3,241.39,240.7,240.77,370984
2025-05-22 08:40:00,240.9,241.05,240.77,240.83,271169
2025-05-22 08:45:00,240.82,240.89,239.72,239.85,831715
2025-05-22 08:50:00,239.85,240.25,239.8,240.02,517027
2025-05-22 08:55:00,240.09,240.15,239.75,240.0,210126
2025-05-22 09:00:00,240.02,240.3,239.75,239.96,462883
2025-05-22 09:05:00,239.96,240.15,239.73,240.0,287167
2025-05-22 09:10:00,240.0,240.35,239.8,240.04,777013
2025-05-22 09:15:00,240.04,240.25,239.61,240.19,335075
2025-05-22 09:20:00,240.24,241.18,240.07,241.15,435746
2025-05-22 09:25:00,241.1,241.81,241.03,241.59,532446
2025-05-22 09:30:00,241.59,241.59,240.73,240.81,589941
2025-05-22 09:35:00,240.84,241.84,240.82,241.78,881197
2025-05-22 09:40:00,241.84,241.88,241.61,241.83,385310
2025-05-22 09:45:00,241.83,242.25,241.73,242.1,513172
2025-05-22 09:50:00,242.1,242.31,241.82,242.0,474886
2025-05-22 09:55:00,242.0,242.12,241.73,242.1,365584
2025-05-23 03:45:00,242.5,242.84,240.15,241.68,500034
2025-05-23 03:50:00,241.68,243.0,241.25,242.92,293103
2025-05-23 03:55:00,242.97,243.56,242.8,242.82,287256
2025-05-23 04:00:00,242.93,243.19,241.73,242.21,220914
2025-05-23 04:05:00,242.3,242.79,241.8,241.98,140536
2025-05-23 04:10:00,241.98,242.5,241.9,242.35,76645
2025-05-23 04:15:00,242.38,242.68,242.0,242.29,95104
2025-05-23 04:20:00,242.34,242.4,241.85,242.2,74531
2025-05-23 04:25:00,242.31,242.35,241.9,241.99,46663
2025-05-23 04:30:00,241.96,242.03,241.5,241.82,150559
2025-05-23 04:35:00,241.82,241.99,241.63,241.81,36173
2025-05-23 04:40:00,241.92,241.98,241.4,241.92,62509
2025-05-23 04:45:00,241.97,241.97,241.63,241.74,35680
2025-05-23 04:50:00,241.8,241.97,241.61,241.69,35294
2025-05-23 04:55:00,241.68,242.33,241.68,242.0,118799
2025-05-23 05:00:00,242.03,242.24,241.85,241.88,50288
2025-05-23 05:05:00,241.88,242.54,241.8,242.4,66136
2025-05-23 05:10:00,242.4,242.79,242.07,242.16,52215
2025-05-23 05:15:00,242.16,243.47,242.16,243.4,280488
2025-05-23 05:20:00,243.35,243.8,243.28,243.7,168628
2025-05-23 05:25:00,243.7,244.05,243.55,243.56,332137
2025-05-23 05:30:00,243.56,243.7,243.05,243.06,194729
2025-05-23 05:35:00,243.06,243.69,243.05,243.55,68181
2025-05-23 05:40:00,243.53,243.77,243.44,243.71,47472
2025-05-23 05:45:00,243.72,243.85,243.26,243.4,54764
2025-05-23 05:50:00,243.4,243.49,243.01,243.06,65465
2025-05-23 05:55:00,243.07,243.5,243.01,243.5,37604
2025-05-23 06:00:00,243.45,243.7,243.1,243.15,53919
2025-05-23 06:05:00,243.15,243.29,243.03,243.22,60871
2025-05-23 06:10:00,243.25,243.29,243.0,243.08,48601
2025-05-23 06:15:00,243.19,243.19,242.74,242.8,91818
2025-05-23 06:20:00,242.81,243.18,242.8,243.02,43830
2025-05-23 06:25:00,243.02,243.14,242.75,242.93,44196
2025-05-23 06:30:00,243.02,243.24,242.82,243.24,43333
2025-05-23 06:35:00,243.24,243.47,243.1,243.44,65780
2025-05-23 06:40:00,243.33,243.5,243.1,243.2,61864
2025-05-23 06:45:00,243.21,243.4,243.0,243.0,50646
2025-05-23 06:50:00,243.04,243.15,242.75,242.89,94023
2025-05-23 06:55:00,242.88,243.0,242.75,242.99,80333
2025-05-23 07:00:00,242.99,243.09,242.87,243.0,264530
2025-05-23 07:05:00,242.99,243.6,242.94,243.38,330377
2025-05-23 07:10:00,243.37,243.54,243.3,243.33,136843
2025-05-23 07:15:00,243.33,243.76,243.3,243.67,94734
2025-05-23 07:20:00,243.7,244.41,243.6,244.31,185342
2025-05-23 07:25:00,244.37,244.4,244.02,244.1,87934
2025-05-23 07:30:00,244.01,244.45,244.01,244.15,72929
2025-05-23 07:35:00,244.15,244.65,244.11,244.61,104080
2025-05-23 07:40:00,244.65,244.68,243.86,243.96,123928
2025-05-23 07:45:00,243.96,244.38,243.9,244.26,80390
2025-05-23 07:50:00,244.31,244.35,244.1,244.15,44445
2025-05-23 07:55:00,244.18,244.22,243.84,243.85,36313
2025-05-23 08:00:00,243.85,244.0,243.48,243.68,72707
2025-05-23 08:05:00,243.64,244.1,243.64,243.92,60963
2025-05-23 08:10:00,243.92,244.28,243.55,243.69,116433
2025-05-23 08:15:00,243.65,243.92,243.4,243.63,91949
2025-05-23 08:20:00,243.7,244.09,243.58,244.0,59476
2025-05-23 08:25:00,243.99,244.15,243.79,244.0,49643
2025-05-23 08:30:00,244.03,244.17,243.84,244.04,164324
2025-05-23 08:35:00,244.1,244.19,243.93,244.0,65378
2025-05-23 08:40:00,244.0,244.04,243.6,243.66,59350
2025-05-23 08:45:00,243.66,243.96,243.58,243.95,81647
2025-05-23 08:50:00,243.94,244.1,243.85,244.05,80034
2025-05-23 08:55:00,244.0,244.3,244.0,244.06,66865
2025-05-23 09:00:00,244.06,244.15,244.0,244.01,40628
2025-05-23 09:05:00,244.06,244.18,244.0,244.15,59958
2025-05-23 09:10:00,244.04,244.14,243.85,243.9,113633
2025-05-23 09:15:00,243.91,244.2,243.85,244.2,66134
2025-05-23 09:20:00,244.15,244.25,243.65,243.7,96422
2025-05-23 09:25:00,243.7,244.2,243.61,244.1,215195
2025-05-23 09:30:00,244.13,244.3,244.1,244.29,101790
2025-05-23 09:35:00,244.29,244.29,244.02,244.19,92212
2025-05-23 09:40:00,244.17,244.36,244.1,244.22,262074
2025-05-23 09:45:00,244.24,244.43,244.24,244.27,372119
2025-05-23 09:50:00,244.28,244.34,244.13,244.25,203482
2025-05-23 09:55:00,244.25,244.28,244.0,244.22,238112
2025-05-26 03:45:00,245.3,246.8,245.1,246.45,567008
2025-05-26 03:50:00,246.4,246.69,246.24,246.26,231905
2025-05-26 03:55:00,246.2,246.5,246.05,246.05,190701
2025-05-26 04:00:00,246.05,246.96,246.0,246.75,260950
2025-05-26 04:05:00,246.76,246.89,246.5,246.65,99370
2025-05-26 04:10:00,246.65,246.65,246.1,246.35,67113
2025-05-26 04:15:00,246.22,246.47,245.87,245.98,91583
2025-05-26 04:20:00,246.07,246.45,246.07,246.36,54939
2025-05-26 04:25:00,246.36,246.7,246.36,246.52,58833
2025-05-26 04:30:00,246.55,246.65,246.02,246.11,60460
2025-05-26 04:35:00,246.16,246.65,246.01,246.29,82482
2025-05-26 04:40:00,246.3,246.7,246.2,246.49,81357
2025-05-26 04:45:00,246.47,247.13,246.47,246.65,130910
2025-05-26 04:50:00,246.65,246.85,246.31,246.73,65183
2025-05-26 04:55:00,246.71,246.8,246.18,246.45,76874
2025-05-26 05:00:00,246.46,246.46,246.01,246.01,56189
2025-05-26 05:05:00,246.09,246.09,245.56,245.91,121158
2025-05-26 05:10:00,246.0,246.49,245.82,246.35,101295
2025-05-26 05:15:00,246.39,246.6,246.15,246.35,70859
2025-05-26 05:20:00,246.36,246.44,246.02,246.16,57153
2025-05-26 05:25:00,246.26,246.26,245.9,246.0,39210
2025-05-26 05:30:00,245.98,245.99,245.58,245.64,82420
2025-05-26 05:35:00,245.64,245.79,245.5,245.6,29839
2025-05-26 05:40:00,245.51,245.75,245.45,245.67,36807
2025-05-26 05:45:00,245.66,246.33,245.66,246.15,33477
2025-05-26 05:50:00,246.21,246.21,245.65,245.77,36476
2025-05-26 05:55:00,245.75,245.84,245.61,245.84,30778
2025-05-26 06:00:00,245.88,245.96,245.68,245.95,24134
2025-05-26 06:05:00,245.96,245.96,245.54,245.68,24808
2025-05-26 06:10:00,245.68,245.83,245.57,245.72,18868
2025-05-26 06:15:00,245.66,245.89,245.66,245.82,19385
2025-05-26 06:20:00,245.78,246.09,245.76,246.05,83984
2025-05-26 06:25:00,245.9,246.08,245.7,246.06,63273
2025-05-26 06:30:00,246.05,246.37,245.9,246.1,61712
2025-05-26 06:35:00,246.29,246.29,245.88,245.88,34624
2025-05-26 06:40:00,245.9,246.13,245.76,245.83,38993
2025-05-26 06:45:00,245.8,245.83,245.55,245.69,41629
2025-05-26 06:50:00,245.69,245.7,245.28,245.47,59406
2025-05-26 06:55:00,245.47,245.65,245.2,245.57,100481
2025-05-26 07:00:00,245.47,245.69,245.37,245.5,42205
2025-05-26 07:05:00,245.49,245.7,245.45,245.63,28962
2025-05-26 07:10:00,245.6,245.75,245.33,245.33,58426
2025-05-26 07:15:00,245.3,245.61,245.3,245.44,94802
2025-05-26 07:20:00,245.44,245.44,245.14,245.3,43898
2025-05-26 07:25:00,245.28,245.3,244.81,245.17,129189
2025-05-26 07:30:00,245.21,245.94,245.17,245.93,104288
2025-05-26 07:35:00,246.0,246.71,245.96,246.6,152470
2025-05-26 07:40:00,246.63,246.72,246.15,246.17,73263
2025-05-26 07:45:00,246.18,246.5,246.07,246.36,73984
2025-05-26 07:50:00,246.36,246.6,246.05,246.16,65917
2025-05-26 07:55:00,246.16,246.25,245.9,245.9,77974
2025-05-26 08:00:00,245.98,246.24,245.82,246.23,56607
2025-05-26 08:05:00,246.23,246.55,246.23,246.5,143778
2025-05-26 08:10:00,246.48,246.63,246.34,246.44,86514
2025-05-26 08:15:00,246.49,246.52,246.26,246.4,87361
2025-05-26 08:20:00,246.4,246.42,246.08,246.27,163192
2025-05-26 08:25:00,246.27,246.4,246.01,246.17,114071
2025-05-26 08:30:00,246.16,246.19,245.99,245.99,136769
2025-05-26 08:35:00,245.95,246.39,245.92,246.24,175659
2025-05-26 08:40:00,246.24,246.42,246.13,246.39,123947
2025-05-26 08:45:00,246.4,246.41,246.15,246.23,73490
2025-05-26 08:50:00,246.23,246.27,245.9,245.95,76219
2025-05-26 08:55:00,245.95,246.1,245.81,245.87,97020
2025-05-26 09:00:00,245.88,246.19,245.72,246.0,194881
2025-05-26 09:05:00,246.08,246.19,245.95,246.05,196434
2025-05-26 09:10:00,245.97,246.44,245.95,246.29,102316
2025-05-26 09:15:00,246.3,246.42,246.01,246.11,51963
2025-05-26 09:20:00,246.02,246.25,246.0,246.11,94359
2025-05-26 09:25:00,246.09,246.2,246.03,246.15,61850
2025-05-26 09:30:00,246.08,246.18,245.93,246.09,105977
2025-05-26 09:35:00,246.09,246.19,246.05,246.12,155763
2025-05-26 09:40:00,246.08,246.19,245.99,246.07,115492
2025-05-26 09:45:00,246.07,246.07,245.63,245.85,146042
2025-05-26 09:50:00,245.85,245.85,245.68,245.83,144589
2025-05-26 09:55:00,245.83,245.87,245.5,245.85,112738
2025-05-27 03:45:00,246.85,246.85,244.93,245.06,344684
2025-05-27 03:50:00,245.06,245.39,244.74,244.9,135261
2025-05-27 03:55:00,244.9,245.14,244.8,244.81,59617
2025-05-27 04:00:00,244.94,245.0,243.86,244.12,324216
2025-05-27 04:05:00,244.12,244.21,243.93,244.07,89718
2025-05-27 04:10:00,244.07,244.3,243.81,244.24,77323
2025-05-27 04:15:00,244.24,244.24,243.71,243.99,120815
2025-05-27 04:20:00,244.0,244.12,243.62,243.74,73721
2025-05-27 04:25:00,243.74,244.01,243.37,243.38,91019
2025-05-27 04:30:00,243.42,243.49,243.21,243.27,82679
2025-05-27 04:35:00,243.32,243.66,243.26,243.58,102267
2025-05-27 04:40:00,243.58,243.88,243.42,243.76,53413
2025-05-27 04:45:00,243.76,244.0,243.6,243.85,123706
2025-05-27 04:50:00,243.81,243.85,243.5,243.72,61597
2025-05-27 04:55:00,243.72,243.91,243.25,243.25,629623
2025-05-27 05:00:00,243.25,243.47,242.92,243.31,660330
2025-05-27 05:05:00,243.37,243.54,243.24,243.39,85167
2025-05-27 05:10:00,243.38,243.64,243.11,243.3,51052
2025-05-27 05:15:00,243.31,243.38,243.1,243.2,55532
2025-05-27 05:20:00,243.19,243.36,243.1,243.29,42257
2025-05-27 05:25:00,243.33,243.6,243.14,243.5,86365
2025-05-27 05:30:00,243.44,243.81,243.38,243.54,68973
2025-05-27 05:35:00,243.54,243.71,243.12,243.47,125832
2025-05-27 05:40:00,243.49,243.88,243.45,243.74,95068
2025-05-27 05:45:00,243.8,244.0,243.7,243.87,152608
2025-05-27 05:50:00,243.87,244.75,243.84,244.69,293372
2025-05-27 05:55:00,244.69,245.28,244.62,245.27,156437
2025-05-27 06:00:00,245.28,245.64,245.0,245.2,151095
2025-05-27 06:05:00,245.2,245.2,244.55,244.71,138893
2025-05-27 06:10:00,244.71,245.0,244.5,244.84,73798
2025-05-27 06:15:00,244.95,245.2,244.5,244.7,103901
2025-05-27 06:20:00,244.7,244.83,244.51,244.81,72648
2025-05-27 06:25:00,244.81,245.0,244.58,244.82,70064
2025-05-27 06:30:00,244.82,244.85,244.45,244.53,84658
2025-05-27 06:35:00,244.56,245.14,244.47,245.01,114754
2025-05-27 06:40:00,245.01,245.9,244.98,245.71,158012
2025-05-27 06:45:00,245.67,245.8,245.35,245.55,100738
2025-05-27 06:50:00,245.49,245.6,245.07,245.22,124392
2025-05-27 06:55:00,245.32,245.58,244.8,245.31,144639
2025-05-27 07:00:00,245.4,245.93,245.16,245.82,139325
2025-05-27 07:05:00,245.79,245.85,244.8,244.83,82201
2025-05-27 07:10:00,244.88,245.29,244.74,245.14,113576
2025-05-27 07:15:00,245.14,245.5,245.11,245.27,85249
2025-05-27 07:20:00,245.27,245.35,245.0,245.23,81374
2025-05-27 07:25:00,245.23,245.27,245.0,245.12,61847
2025-05-27 07:30:00,245.12,245.16,244.96,245.09,78405
2025-05-27 07:35:00,245.12,245.3,245.1,245.15,89654
2025-05-27 07:40:00,245.24,245.47,245.13,245.25,87452
2025-05-27 07:45:00,245.24,245.36,245.0,245.1,85779
2025-05-27 07:50:00,245.09,245.26,244.75,244.76,120636
2025-05-27 07:55:00,244.84,245.22,244.66,244.87,117176
2025-05-27 08:00:00,244.95,245.1,244.75,245.06,81930
2025-05-27 08:05:00,245.07,245.07,244.8,244.93,70766
2025-05-27 08:10:00,244.95,245.0,244.76,244.83,65258
2025-05-27 08:15:00,244.83,245.0,244.5,244.5,119465
2025-05-27 08:20:00,244.5,244.73,244.5,244.57,86186
2025-05-27 08:25:00,244.65,244.79,244.5,244.56,84646
2025-05-27 08:30:00,244.5,244.61,244.48,244.5,84563
2025-05-27 08:35:00,244.55,244.64,244.1,244.18,101739
2025-05-27 08:40:00,244.1,244.21,243.85,243.95,109730
2025-05-27 08:45:00,244.0,244.07,243.65,243.8,120264
2025-05-27 08:50:00,243.8,243.99,243.65,243.83,89418
2025-05-27 08:55:00,243.83,244.0,243.8,243.85,54728
2025-05-27 09:00:00,243.83,244.17,243.8,244.16,200058
2025-05-27 09:05:00,244.07,244.26,244.01,244.19,83304
2025-05-27 09:10:00,244.2,244.44,244.15,244.27,75747
2025-05-27 09:15:00,244.27,244.32,244.07,244.17,72511
2025-05-27 09:20:00,244.17,244.3,243.75,243.76,148454
2025-05-27 09:25:00,243.81,244.18,243.76,244.11,111086
2025-05-27 09:30:00,244.11,244.63,244.11,244.37,235304
2025-05-27 09:35:00,244.37,244.5,244.22,244.48,160172
2025-05-27 09:40:00,244.48,244.65,244.37,244.41,210827
2025-05-27 09:45:00,244.41,244.63,244.4,244.52,185648
2025-05-27 09:50:00,244.54,244.8,244.48,244.8,252906
2025-05-27 09:55:00,244.76,244.95,244.6,244.61,146994
2025-05-28 03:45:00,244.64,245.34,243.77,244.96,244184
2025-05-28 03:50:00,244.98,245.08,244.31,244.54,136788
2025-05-28 03:55:00,244.54,244.54,243.66,243.79,99883
2025-05-28 04:00:00,243.79,243.85,243.2,243.32,132769
2025-05-28 04:05:00,243.39,243.72,242.89,243.7,128436
2025-05-28 04:10:00,243.7,243.95,243.5,243.95,48131
2025-05-28 04:15:00,244.0,244.11,243.6,243.71,68115
2025-05-28 04:20:00,243.72,243.99,243.65,243.82,60280
2025-05-28 04:25:00,243.83,243.94,243.5,243.7,44244
2025-05-28 04:30:00,243.7,243.83,243.57,243.78,15435
2025-05-28 04:35:00,243.78,243.9,243.65,243.89,11922
2025-05-28 04:40:00,243.89,243.9,243.7,243.71,14206
2025-05-28 04:45:00,243.66,243.71,243.31,243.57,45666
2025-05-28 04:50:00,243.57,243.95,243.52,243.9,27132
2025-05-28 04:55:00,243.9,243.9,243.46,243.49,44430
2025-05-28 05:00:00,243.48,243.59,243.31,243.48,24510
2025-05-28 05:05:00,243.45,243.48,243.25,243.47,46640
2025-05-28 05:10:00,243.47,243.6,243.36,243.45,15471
2025-05-28 05:15:00,243.45,243.9,243.45,243.69,35405
2025-05-28 05:20:00,243.65,244.05,243.52,243.84,63253
2025-05-28 05:25:00,243.9,243.95,243.43,243.59,36244
2025-05-28 05:30:00,243.6,243.82,243.54,243.75,14511
2025-05-28 05:35:00,243.75,243.82,243.4,243.51,24803
2025-05-28 05:40:00,243.51,243.51,243.26,243.45,28014
2025-05-28 05:45:00,243.4,243.58,243.4,243.46,15413
2025-05-28 05:50:00,243.46,243.52,243.25,243.3,27193
2025-05-28 05:55:00,243.3,243.3,243.02,243.21,47054
2025-05-28 06:00:00,243.24,243.25,242.81,243.04,99052
2025-05-28 06:05:00,243.04,243.08,242.85,242.89,32600
2025-05-28 06:10:00,242.89,243.0,242.7,242.95,52356
2025-05-28 06:15:00,242.94,243.1,242.9,243.0,26707
2025-05-28 06:20:00,243.0,243.09,242.7,242.7,52750
2025-05-28 06:25:00,242.72,242.72,242.11,242.46,92788
2025-05-28 06:30:00,242.56,242.57,242.3,242.42,60652
2025-05-28 06:35:00,242.4,242.72,242.3,242.4,47662
2025-05-28 06:40:00,242.38,242.56,242.32,242.4,31645
2025-05-28 06:45:00,242.37,242.65,242.2,242.54,35868
2025-05-28 06:50:00,242.52,242.81,242.52,242.76,39870
2025-05-28 06:55:00,242.75,242.82,242.55,242.74,49293
2025-05-28 07:00:00,242.66,242.94,242.57,242.78,106713
2025-05-28 07:05:00,242.72,242.89,242.65,242.72,48009
2025-05-28 07:10:00,242.77,242.83,242.64,242.7,44028
2025-05-28 07:15:00,242.65,242.78,242.55,242.65,41137
2025-05-28 07:20:00,242.72,242.79,242.5,242.56,51717
2025-05-28 07:25:00,242.5,242.7,242.43,242.45,54785
2025-05-28 07:30:00,242.48,242.66,242.45,242.5,50724
2025-05-28 07:35:00,242.55,242.58,242.4,242.5,242997
2025-05-28 07:40:00,242.46,242.59,242.4,242.43,93567
2025-05-28 07:45:00,242.43,242.5,242.37,242.45,51544
2025-05-28 07:50:00,242.45,242.54,242.1,242.11,220930
2025-05-28 07:55:00,242.11,242.23,242.0,242.03,101900
2025-05-28 08:00:00,242.03,242.1,241.8,241.94,186752
2025-05-28 08:05:00,241.94,242.03,241.76,241.81,91902
2025-05-28 08:10:00,241.86,241.97,241.71,241.76,123109
2025-05-28 08:15:00,241.78,241.9,241.31,241.44,220503
2025-05-28 08:20:00,241.44,241.73,241.3,241.66,111276
2025-05-28 08:25:00,241.66,241.99,241.6,241.89,106201
2025-05-28 08:30:00,241.81,241.89,241.65,241.75,110659
2025-05-28 08:35:00,241.75,241.9,241.67,241.72,218192
2025-05-28 08:40:00,241.71,241.85,241.63,241.65,96057
2025-05-28 08:45:00,241.64,241.79,241.55,241.71,85351
2025-05-28 08:50:00,241.71,241.8,241.65,241.65,70214
2025-05-28 08:55:00,241.66,241.75,241.5,241.75,121879
2025-05-28 09:00:00,241.75,241.85,241.59,241.72,91133
2025-05-28 09:05:00,241.72,241.8,241.52,241.6,99645
2025-05-28 09:10:00,241.54,241.75,241.54,241.71,82795
2025-05-28 09:15:00,241.71,242.65,241.66,242.65,410406
2025-05-28 09:20:00,242.64,242.73,242.32,242.68,90196
2025-05-28 09:25:00,242.69,242.74,242.5,242.65,118045
2025-05-28 09:30:00,242.56,242.8,242.3,242.4,188516
2025-05-28 09:35:00,242.35,242.66,242.32,242.6,211850
2025-05-28 09:40:00,242.52,242.9,242.41,242.65,335358
2025-05-28 09:45:00,242.66,242.81,242.54,242.74,284389
2025-05-28 09:50:00,242.74,242.77,242.61,242.62,273830
2025-05-28 09:55:00,242.61,243.09,242.54,243.09,426197
2025-05-29 03:45:00,243.6,244.29,242.86,243.09,328479
2025-05-29 03:50:00,243.0,243.3,242.3,242.6,192941
2025-05-29 03:55:00,242.67,243.17,242.67,242.91,72893
2025-05-29 04:00:00,242.91,242.91,242.64,242.7,68930
2025-05-29 04:05:00,242.77,243.17,242.5,243.17,65198
2025-05-29 04:10:00,243.16,243.25,243.0,243.08,56392
2025-05-29 04:15:00,243.05,243.08,242.56,242.9,56799
2025-05-29 04:20:00,242.92,243.08,242.7,242.96,48472
2025-05-29 04:25:00,243.0,243.09,242.77,242.94,25050
2025-05-29 04:30:00,242.95,243.33,242.89,243.17,40242
2025-05-29 04:35:00,243.06,243.6,243.06,243.37,68473
2025-05-29 04:40:00,243.37,243.45,243.2,243.39,34476
2025-05-29 04:45:00,243.4,243.4,242.81,243.1,44873
2025-05-29 04:50:00,243.13,243.3,242.75,243.05,70571
2025-05-29 04:55:00,243.05,243.05,242.64,242.77,27972
2025-05-29 05:00:00,242.68,242.68,241.82,242.01,187403
2025-05-29 05:05:00,242.0,242.29,241.96,242.22,79120
2025-05-29 05:10:00,242.21,242.27,242.05,242.07,52653
2025-05-29 05:15:00,242.07,242.36,242.05,242.31,37810
2025-05-29 05:20:00,242.31,242.4,242.26,242.3,32147
2025-05-29 05:25:00,242.26,242.76,242.18,242.18,33068
2025-05-29 05:30:00,242.16,242.34,241.7,241.7,74018
2025-05-29 05:35:00,241.71,242.03,241.65,241.8,20214
2025-05-29 05:40:00,241.8,241.98,241.75,241.81,38049
2025-05-29 05:45:00,241.81,241.81,241.55,241.56,57283
2025-05-29 05:50:00,241.57,241.77,241.35,241.73,69432
2025-05-29 05:55:00,241.73,241.88,241.51,241.7,37281
2025-05-29 06:00:00,241.7,242.1,241.7,242.04,63735
2025-05-29 06:05:00,242.03,242.16,241.95,242.16,115256
2025-05-29 06:10:00,242.07,242.24,241.91,242.03,573847
2025-05-29 06:15:00,242.0,242.79,241.9,242.7,224574
2025-05-29 06:20:00,242.7,242.79,242.53,242.55,50093
2025-05-29 06:25:00,242.64,242.69,242.4,242.51,46222
2025-05-29 06:30:00,242.56,242.75,242.5,242.64,85270
2025-05-29 06:35:00,242.56,242.65,242.13,242.2,54411
2025-05-29 06:40:00,242.13,242.27,242.12,242.22,23174
2025-05-29 06:45:00,242.22,242.47,242.15,242.24,184991
2025-05-29 06:50:00,242.24,242.74,242.18,242.64,341767
2025-05-29 06:55:00,242.64,242.78,242.5,242.5,48873
2025-05-29 07:00:00,242.5,242.53,242.3,242.4,71762
2025-05-29 07:05:00,242.39,242.54,241.9,241.95,102460
2025-05-29 07:10:00,241.81,242.29,241.81,242.18,134994
2025-05-29 07:15:00,242.11,242.44,242.11,242.35,71892
2025-05-29 07:20:00,242.3,242.52,242.19,242.51,66493
2025-05-29 07:25:00,242.5,242.7,242.28,242.65,239000
2025-05-29 07:30:00,242.64,242.72,242.45,242.5,141735
2025-05-29 07:35:00,242.43,242.89,242.37,242.74,116796
2025-05-29 07:40:00,242.74,243.15,242.68,243.04,189628
2025-05-29 07:45:00,243.0,243.06,242.37,242.4,94523
2025-05-29 07:50:00,242.31,242.49,242.15,242.48,98306
2025-05-29 07:55:00,242.38,242.8,242.38,242.69,105192
2025-05-29 08:00:00,242.69,242.83,242.38,242.54,97141
2025-05-29 08:05:00,242.58,242.73,242.25,242.53,111934
2025-05-29 08:10:00,242.53,242.64,242.31,242.35,102074
2025-05-29 08:15:00,242.35,242.58,242.3,242.4,112833
2025-05-29 08:20:00,242.41,242.64,242.36,242.45,144148
2025-05-29 08:25:00,242.49,242.57,242.15,242.2,132046
2025-05-29 08:30:00,242.27,242.45,242.0,242.03,126405
2025-05-29 08:35:00,242.03,242.24,242.01,242.18,152542
2025-05-29 08:40:00,242.18,242.46,242.1,242.22,107220
2025-05-29 08:45:00,242.28,242.45,242.17,242.4,90577
2025-05-29 08:50:00,242.4,242.5,242.33,242.43,140331
2025-05-29 08:55:00,242.43,242.65,242.33,242.41,718723
2025-05-29 09:00:00,242.35,242.45,242.15,242.41,111865
2025-05-29 09:05:00,242.41,242.57,242.3,242.31,111765
2025-05-29 09:10:00,242.31,242.43,242.13,242.29,289948
2025-05-29 09:15:00,242.29,242.39,241.93,242.1,206887
2025-05-29 09:20:00,242.1,242.29,241.9,242.24,180144
2025-05-29 09:25:00,242.23,242.45,242.07,242.44,281833
2025-05-29 09:30:00,242.5,242.92,242.4,242.5,925485
2025-05-29 09:35:00,242.5,242.9,242.4,242.9,1012260
2025-05-29 09:40:00,242.9,243.4,242.82,243.18,870670
2025-05-29 09:45:00,243.21,243.82,243.08,243.75,847774
2025-05-29 09:50:00,243.75,243.75,243.18,243.36,492909
2025-05-29 09:55:00,243.36,244.6,243.3,244.45,402004
2025-05-30 03:45:00,243.04,245.19,243.04,243.59,466924
2025-05-30 03:50:00,243.6,244.4,243.6,244.38,134771
2025-05-30 03:55:00,244.38,244.6,243.79,243.99,152673
2025-05-30 04:00:00,244.02,244.15,243.36,243.41,109632
2025-05-30 04:05:00,243.41,243.5,242.8,243.0,138732
2025-05-30 04:10:00,242.93,243.19,242.65,243.1,93347
2025-05-30 04:15:00,243.02,243.27,242.72,243.03,63083
2025-05-30 04:20:00,242.92,243.5,242.92,243.1,86672
2025-05-30 04:25:00,243.16,243.18,242.91,243.0,65938
2025-05-30 04:30:00,242.99,242.99,242.6,242.61,63409
2025-05-30 04:35:00,242.62,242.63,242.14,242.24,104564
2025-05-30 04:40:00,242.2,242.24,241.71,241.9,145213
2025-05-30 04:45:00,241.9,241.95,241.35,241.4,125812
2025-05-30 04:50:00,241.48,241.48,240.77,241.1,192772
2025-05-30 04:55:00,241.14,241.58,240.9,241.4,131643
2025-05-30 05:00:00,241.29,241.29,240.65,240.71,73419
2025-05-30 05:05:00,240.78,241.0,240.2,241.0,145995
2025-05-30 05:10:00,241.0,241.23,240.61,241.06,61992
2025-05-30 05:15:00,241.06,241.06,240.5,240.7,48602
2025-05-30 05:20:00,240.7,241.14,240.56,241.14,27835
2025-05-30 05:25:00,241.05,241.25,240.95,241.19,33068
2025-05-30 05:30:00,241.22,241.49,241.11,241.22,35004
2025-05-30 05:35:00,241.31,241.61,241.12,241.2,42558
2025-05-30 05:40:00,241.2,241.46,241.15,241.32,25037
2025-05-30 05:45:00,241.38,241.65,241.27,241.59,26642
2025-05-30 05:50:00,241.59,241.59,240.9,241.05,67554
2025-05-30 05:55:00,241.1,241.56,241.06,241.47,68160
2025-05-30 06:00:00,241.41,241.88,241.41,241.62,42210
2025-05-30 06:05:00,241.61,241.79,241.47,241.6,50641
2025-05-30 06:10:00,241.6,241.75,241.36,241.4,54657
2025-05-30 06:15:00,241.4,241.5,241.12,241.29,52432
2025-05-30 06:20:00,241.48,241.48,241.33,241.4,28058
2025-05-30 06:25:00,241.4,241.4,241.26,241.3,20981
2025-05-30 06:30:00,241.3,241.3,240.9,240.91,65004
2025-05-30 06:35:00,241.0,241.26,240.92,241.16,42551
2025-05-30 06:40:00,241.16,241.17,241.02,241.09,27658
2025-05-30 06:45:00,241.09,241.24,240.9,241.24,34683
2025-05-30 06:50:00,241.24,241.34,241.02,241.19,20537
2025-05-30 06:55:00,241.19,241.19,240.9,240.94,22265
2025-05-30 07:00:00,240.95,240.95,240.7,240.75,43399
2025-05-30 07:05:00,240.8,240.86,240.51,240.52,35869
2025-05-30 07:10:00,240.53,240.58,240.3,240.44,130148
2025-05-30 07:15:00,240.5,240.93,240.41,240.6,74053
2025-05-30 07:20:00,240.6,240.76,240.5,240.64,43461
2025-05-30 07:25:00,240.64,240.82,240.55,240.63,40638
2025-05-30 07:30:00,240.68,240.74,240.55,240.64,46617
2025-05-30 07:35:00,240.64,240.64,240.43,240.51,52328
2025-05-30 07:40:00,240.51,240.6,240.4,240.45,49343
2025-05-30 07:45:00,240.5,240.73,240.42,240.65,41910
2025-05-30 07:50:00,240.65,240.71,240.41,240.48,59003
2025-05-30 07:55:00,240.48,240.63,240.4,240.45,35238
2025-05-30 08:00:00,240.47,240.68,240.45,240.59,60243
2025-05-30 08:05:00,240.59,240.7,240.45,240.56,53663
2025-05-30 08:10:00,240.58,240.58,240.3,240.58,76227
2025-05-30 08:15:00,240.58,240.59,240.1,240.1,123783
2025-05-30 08:20:00,240.1,240.35,240.1,240.35,80818
2025-05-30 08:25:00,240.29,240.5,240.2,240.47,64989
2025-05-30 08:30:00,240.47,240.93,240.42,240.77,70605
2025-05-30 08:35:00,240.78,240.79,240.21,240.26,100517
2025-05-30 08:40:00,240.26,240.35,240.1,240.16,140857
2025-05-30 08:45:00,240.15,240.51,240.1,240.37,97009
2025-05-30 08:50:00,240.38,240.4,240.22,240.28,73093
2025-05-30 08:55:00,240.29,240.29,240.15,240.15,106357
2025-05-30 09:00:00,240.21,240.35,240.11,240.32,116983
2025-05-30 09:05:00,240.32,240.33,240.13,240.17,79225
2025-05-30 09:10:00,240.2,240.23,240.15,240.15,86634
2025-05-30 09:15:00,240.16,240.17,239.8,240.15,302285
2025-05-30 09:20:00,240.15,240.44,239.98,240.29,116031
2025-05-30 09:25:00,240.4,240.4,240.01,240.2,98459
2025-05-30 09:30:00,240.26,240.56,239.41,239.62,831980
2025-05-30 09:35:00,239.61,239.8,239.48,239.54,683752
2025-05-30 09:40:00,239.55,239.76,239.35,239.38,641314
2025-05-30 09:45:00,239.38,239.39,239.0,239.21,908078
2025-05-30 09:50:00,239.27,239.27,238.89,239.01,871991
2025-05-30 09:55:00,238.99,239.3,238.98,239.2,474044
2025-06-02 03:45:00,239.0,240.0,238.6,239.58,448431
2025-06-02 03:50:00,239.62,240.09,239.1,239.34,206308
2025-06-02 03:55:00,239.39,239.43,238.29,238.74,201538
2025-06-02 04:00:00,238.74,238.74,237.66,237.9,288340
2025-06-02 04:05:00,237.9,238.23,237.77,238.21,88773
2025-06-02 04:10:00,238.32,238.78,238.29,238.69,82772
2025-06-02 04:15:00,238.7,238.99,238.54,238.7,82530
2025-06-02 04:20:00,238.77,238.88,238.5,238.8,68339
2025-06-02 04:25:00,238.73,239.2,238.6,239.18,75336
2025-06-02 04:30:00,239.18,239.18,238.85,239.02,67192
2025-06-02 04:35:00,239.12,239.29,238.95,239.06,55996
2025-06-02 04:40:00,239.15,239.4,238.83,238.92,41215
2025-06-02 04:45:00,238.86,239.0,238.6,238.9,83077
2025-06-02 04:50:00,238.9,238.91,238.51,238.7,46662
2025-06-02 04:55:00,238.69,238.9,238.51,238.62,60084
2025-06-02 05:00:00,238.62,238.72,238.1,238.3,68070
2025-06-02 05:05:00,238.3,238.79,238.3,238.79,44983
2025-06-02 05:10:00,238.77,238.99,238.68,238.77,54304
2025-06-02 05:15:00,238.8,239.45,238.65,239.13,85239
2025-06-02 05:20:00,239.06,239.13,238.61,238.84,41386
2025-06-02 05:25:00,238.85,238.9,238.58,238.8,20338
2025-06-02 05:30:00,238.76,238.85,238.55,238.8,24215
2025-06-02 05:35:00,238.8,238.88,238.7,238.8,18695
2025-06-02 05:40:00,238.8,238.83,238.41,238.44,52348
2025-06-02 05:45:00,238.5,238.78,238.22,238.6,46343
2025-06-02 05:50:00,238.6,238.69,238.27,238.37,41540
2025-06-02 05:55:00,238.3,238.42,237.9,238.04,152787
2025-06-02 06:00:00,238.04,238.07,237.89,238.07,48937
2025-06-02 06:05:00,238.04,238.23,238.0,238.0,61842
2025-06-02 06:10:00,238.06,238.15,238.0,238.01,21658
2025-06-02 06:15:00,238.07,238.32,238.0,238.18,35696
2025-06-02 06:20:00,238.18,238.36,238.04,238.17,64715
2025-06-02 06:25:00,238.17,238.29,238.01,238.27,89910
2025-06-02 06:30:00,238.33,238.38,238.04,238.1,53286
2025-06-02 06:35:00,238.1,238.37,238.08,238.1,26576
2025-06-02 06:40:00,238.1,238.23,238.05,238.05,40354
2025-06-02 06:45:00,238.08,238.19,237.9,238.05,83077
2025-06-02 06:50:00,238.05,238.25,238.0,238.19,16544
2025-06-02 06:55:00,238.19,238.26,238.05,238.14,19361
2025-06-02 07:00:00,238.18,238.59,238.14,238.59,85732
2025-06-02 07:05:00,238.54,238.88,238.47,238.8,70551
2025-06-02 07:10:00,238.8,238.88,238.69,238.74,32110
2025-06-02 07:15:00,238.77,239.2,238.77,238.93,127398
2025-06-02 07:20:00,238.97,238.99,238.78,238.8,34500
2025-06-02 07:25:00,238.81,238.88,238.25,238.3,43571
2025-06-02 07:30:00,238.36,238.58,238.29,238.52,32288
2025-06-02 07:35:00,238.52,238.63,238.41,238.54,34527
2025-06-02 07:40:00,238.63,238.63,238.18,238.31,49316
2025-06-02 07:45:00,238.28,238.39,238.18,238.28,46275
2025-06-02 07:50:00,238.28,238.5,238.12,238.36,49629
2025-06-02 07:55:00,238.36,238.43,238.2,238.2,47470
2025-06-02 08:00:00,238.23,238.4,238.11,238.11,48788
2025-06-02 08:05:00,238.12,238.55,238.11,238.47,59617
2025-06-02 08:10:00,238.47,238.6,238.32,238.5,73886
2025-06-02 08:15:00,238.57,238.63,238.3,238.33,75612
2025-06-02 08:20:00,238.3,238.47,238.21,238.33,72892
2025-06-02 08:25:00,238.38,238.38,238.12,238.15,49229
2025-06-02 08:30:00,238.15,238.22,238.01,238.1,68528
2025-06-02 08:35:00,238.16,238.2,237.96,238.04,123267
2025-06-02 08:40:00,237.98,238.13,237.93,238.08,41459
2025-06-02 08:45:00,238.08,238.2,238.01,238.06,38417
2025-06-02 08:50:00,238.1,238.15,237.75,237.75,81357
2025-06-02 08:55:00,237.8,238.2,237.75,238.0,58941
2025-06-02 09:00:00,238.0,238.19,237.83,237.95,57581
2025-06-02 09:05:00,237.94,237.95,237.71,237.8,78488
2025-06-02 09:10:00,237.8,237.86,237.67,237.8,68220
2025-06-02 09:15:00,237.81,238.04,237.69,237.79,73838
2025-06-02 09:20:00,237.83,238.18,237.82,238.02,89369
2025-06-02 09:25:00,238.02,238.4,237.98,238.36,97909
2025-06-02 09:30:00,238.42,238.58,238.3,238.39,137627
2025-06-02 09:35:00,238.4,238.82,238.19,238.76,273666
2025-06-02 09:40:00,238.66,238.72,238.28,238.41,166907
2025-06-02 09:45:00,238.39,238.44,238.2,238.23,213109
2025-06-02 09:50:00,238.27,238.35,238.01,238.1,187065
2025-06-02 09:55:00,238.13,238.24,238.0,238.04,277663
2025-06-03 03:45:00,240.5,241.05,239.27,239.46,702579
2025-06-03 03:50:00,239.46,239.82,239.05,239.64,230035
2025-06-03 03:55:00,239.66,240.14,239.5,240.01,198232
2025-06-03 04:00:00,239.87,240.9,239.58,239.9,413723
2025-06-03 04:05:00,239.93,239.93,239.3,239.37,164858
2025-06-03 04:10:00,239.37,239.38,238.65,239.05,208174
2025-06-03 04:15:00,239.07,239.1,238.7,238.8,96845
2025-06-03 04:20:00,238.8,239.07,238.55,238.56,124636
2025-06-03 04:25:00,238.5,238.55,238.1,238.1,168212
2025-06-03 04:30:00,238.07,238.09,237.81,237.97,180953
2025-06-03 04:35:00,237.97,238.38,237.97,238.16,99833
2025-06-03 04:40:00,238.16,238.42,238.13,238.15,70189
2025-06-03 04:45:00,238.13,238.38,238.0,238.31,68238
2025-06-03 04:50:00,238.35,238.65,238.3,238.35,163935
2025-06-03 04:55:00,238.37,238.48,238.2,238.27,70169
2025-06-03 05:00:00,238.27,238.75,238.27,238.64,114860
2025-06-03 05:05:00,238.65,238.7,238.22,238.48,122504
2025-06-03 05:10:00,238.39,238.49,238.2,238.46,56099
2025-06-03 05:15:00,238.43,238.8,238.35,238.75,81867
2025-06-03 05:20:00,238.77,238.85,238.38,238.39,92524
2025-06-03 05:25:00,238.38,238.53,238.25,238.43,78797
2025-06-03 05:30:00,238.4,238.82,238.4,238.64,62266
2025-06-03 05:35:00,238.64,238.64,238.4,238.46,44725
2025-06-03 05:40:00,238.46,238.46,238.1,238.1,60642
2025-06-03 05:45:00,238.1,238.17,238.04,238.06,58653
2025-06-03 05:50:00,238.05,238.12,237.61,237.61,204507
2025-06-03 05:55:00,237.67,237.83,237.3,237.77,108590
2025-06-03 06:00:00,237.77,238.0,237.56,237.82,96903
2025-06-03 06:05:00,237.82,237.82,237.2,237.2,81838
2025-06-03 06:10:00,237.2,237.5,237.11,237.4,64005
2025-06-03 06:15:00,237.4,237.5,237.25,237.49,50709
2025-06-03 06:20:00,237.43,237.65,237.4,237.65,44406
2025-06-03 06:25:00,237.58,237.95,237.58,237.71,73242
2025-06-03 06:30:00,237.71,238.09,237.65,238.09,56280
2025-06-03 06:35:00,238.06,238.38,237.89,238.19,120685
2025-06-03 06:40:00,238.19,238.32,238.01,238.11,44584
2025-06-03 06:45:00,238.1,238.11,237.5,237.74,59975
2025-06-03 06:50:00,237.72,237.92,237.51,237.78,58270
2025-06-03 06:55:00,237.73,238.08,237.66,238.01,66937
2025-06-03 07:00:00,238.01,238.25,238.0,238.11,59974
2025-06-03 07:05:00,238.11,238.48,238.0,238.28,77761
2025-06-03 07:10:00,238.2,238.35,238.1,238.15,66027
2025-06-03 07:15:00,238.15,238.19,237.7,237.8,102220
2025-06-03 07:20:00,237.8,237.8,237.36,237.68,108239
2025-06-03 07:25:00,237.68,237.68,237.3,237.37,82833
2025-06-03 07:30:00,237.46,237.76,237.46,237.69,67690
2025-06-03 07:35:00,237.69,237.77,237.33,237.58,68762
2025-06-03 07:40:00,237.57,237.9,237.41,237.88,72705
2025-06-03 07:45:00,237.73,237.85,237.53,237.66,160557
2025-06-03 07:50:00,237.71,237.77,237.35,237.4,77283
2025-06-03 07:55:00,237.41,237.47,237.25,237.3,82217
2025-06-03 08:00:00,237.27,237.48,237.25,237.31,54088
2025-06-03 08:05:00,237.39,237.48,237.25,237.43,55302
2025-06-03 08:10:00,237.43,237.5,237.22,237.23,72732
2025-06-03 08:15:00,237.22,237.33,236.6,236.85,348588
2025-06-03 08:20:00,236.85,237.12,236.85,237.04,77083
2025-06-03 08:25:00,237.04,237.14,236.95,237.01,70997
2025-06-03 08:30:00,237.01,237.18,237.0,237.02,79683
2025-06-03 08:35:00,237.0,237.16,236.98,237.01,101412
2025-06-03 08:40:00,237.0,237.15,236.98,237.09,72981
2025-06-03 08:45:00,237.09,237.25,237.0,237.13,72176
2025-06-03 08:50:00,237.07,237.23,237.05,237.22,66566
2025-06-03 08:55:00,237.22,237.48,236.99,237.05,135433
2025-06-03 09:00:00,237.0,237.44,237.0,237.43,104012
2025-06-03 09:05:00,237.36,237.57,237.27,237.45,84972
2025-06-03 09:10:00,237.45,237.85,237.26,237.65,159394
2025-06-03 09:15:00,237.56,237.78,237.51,237.61,95236
2025-06-03 09:20:00,237.55,237.83,237.53,237.78,130342
2025-06-03 09:25:00,237.69,237.81,237.65,237.75,112870
2025-06-03 09:30:00,237.75,237.78,237.4,237.43,193923
2025-06-03 09:35:00,237.41,237.54,237.3,237.49,258425
2025-06-03 09:40:00,237.53,237.55,237.32,237.36,229521
2025-06-03 09:45:00,237.36,237.36,236.9,237.05,396834
2025-06-03 09:50:00,237.04,237.21,236.85,237.17,337961
2025-06-03 09:55:00,237.16,237.47,237.02,237.25,311027
2025-06-04 03:45:00,238.0,238.4,237.27,237.27,311913
2025-06-04 03:50:00,237.37,237.43,236.51,236.69,213225
2025-06-04 03:55:00,236.69,237.0,236.45,236.5,125116
2025-06-04 04:00:00,236.5,236.68,235.8,236.0,227959
2025-06-04 04:05:00,236.01,236.8,236.0,236.44,94960
2025-06-04 04:10:00,236.44,236.7,236.33,236.45,68420
2025-06-04 04:15:00,236.3,236.43,235.88,236.09,88610
2025-06-04 04:20:00,236.02,236.22,235.8,236.02,49717
2025-06-04 04:25:00,236.08,237.0,236.08,236.65,124760
2025-06-04 04:30:00,236.65,236.98,236.54,236.83,46236
2025-06-04 04:35:00,236.83,237.2,236.64,236.69,78848
2025-06-04 04:40:00,236.66,236.93,236.59,236.74,34486
2025-06-04 04:45:00,236.74,236.78,236.28,236.29,29760
2025-06-04 04:50:00,236.27,236.27,235.81,236.04,105402
2025-06-04 04:55:00,236.04,236.14,235.93,236.1,39521
2025-06-04 05:00:00,236.03,236.34,236.02,236.34,36516
2025-06-04 05:05:00,236.34,236.34,236.03,236.2,45900
2025-06-04 05:10:00,236.2,236.34,236.07,236.16,28164
2025-06-04 05:15:00,236.16,236.27,235.86,235.88,146199
2025-06-04 05:20:00,235.88,236.02,235.65,235.91,97589
2025-06-04 05:25:00,235.91,235.99,235.71,235.95,35392
2025-06-04 05:30:00,235.95,236.09,235.67,235.7,60343
2025-06-04 05:35:00,235.74,235.88,235.7,235.79,112614
2025-06-04 05:40:00,235.79,236.51,235.5,236.28,219408
2025-06-04 05:45:00,236.37,236.4,235.71,235.94,143822
2025-06-04 05:50:00,235.96,236.19,235.82,236.13,113098
2025-06-04 05:55:00,236.13,236.21,235.85,236.02,99076
2025-06-04 06:00:00,236.02,236.15,236.0,236.11,52394
2025-06-04 06:05:00,236.11,236.27,236.03,236.15,58200
2025-06-04 06:10:00,236.24,236.64,236.11,236.45,93988
2025-06-04 06:15:00,236.45,236.49,236.28,236.3,29608
2025-06-04 06:20:00,236.37,236.51,236.3,236.45,33786
2025-06-04 06:25:00,236.45,236.51,236.35,236.45,33176
2025-06-04 06:30:00,236.6,236.75,236.26,236.52,89828
2025-06-04 06:35:00,236.52,236.95,236.44,236.95,81500
2025-06-04 06:40:00,236.87,237.12,236.82,236.99,90740
2025-06-04 06:45:00,236.99,237.1,236.96,237.1,49451
2025-06-04 06:50:00,237.08,237.5,237.08,237.45,137464
2025-06-04 06:55:00,237.43,237.45,237.11,237.18,42930
2025-06-04 07:00:00,237.17,237.38,237.04,237.1,89800
2025-06-04 07:05:00,237.12,237.38,236.96,237.06,75945
2025-06-04 07:10:00,237.05,237.31,237.02,237.23,60448
2025-06-04 07:15:00,237.16,237.29,237.02,237.04,66976
2025-06-04 07:20:00,237.07,237.21,237.0,237.07,60344
2025-06-04 07:25:00,237.07,237.88,237.01,237.81,153916
2025-06-04 07:30:00,237.88,238.25,237.69,237.75,91180
2025-06-04 07:35:00,237.75,237.91,237.6,237.75,44884
2025-06-04 07:40:00,237.8,238.15,237.74,237.95,72409
2025-06-04 07:45:00,237.89,237.95,237.74,237.83,61213
2025-06-04 07:50:00,237.87,237.95,237.6,237.64,48152
2025-06-04 07:55:00,237.65,237.98,237.63,237.94,48551
2025-06-04 08:00:00,237.84,237.9,237.64,237.71,50879
2025-06-04 08:05:00,237.71,237.91,237.71,237.72,46099
2025-06-04 08:10:00,237.73,237.95,237.64,237.85,62559
2025-06-04 08:15:00,237.84,238.23,237.72,238.04,72818
2025-06-04 08:20:00,238.04,238.19,237.81,237.89,80700
2025-06-04 08:25:00,237.91,238.11,237.81,237.98,75097
2025-06-04 08:30:00,238.03,238.27,237.9,238.09,70804
2025-06-04 08:35:00,238.04,238.39,238.01,238.3,64661
2025-06-04 08:40:00,238.28,238.28,238.0,238.0,49052
2025-06-04 08:45:00,238.0,238.11,237.77,237.77,46022
2025-06-04 08:50:00,237.84,237.89,237.75,237.89,56917
2025-06-04 08:55:00,237.81,237.93,237.53,237.63,138270
2025-06-04 09:00:00,237.64,237.9,237.5,237.84,52288
2025-06-04 09:05:00,237.83,238.05,237.75,237.77,64035
2025-06-04 09:10:00,237.87,237.94,237.75,237.8,49077
2025-06-04 09:15:00,237.85,237.98,237.75,237.88,56287
2025-06-04 09:20:00,237.81,237.91,237.75,237.81,54692
2025-06-04 09:25:00,237.76,237.97,237.75,237.81,60653
2025-06-04 09:30:00,237.85,238.39,237.85,238.33,176405
2025-06-04 09:35:00,238.34,238.5,238.03,238.22,230269
2025-06-04 09:40:00,238.2,238.28,237.78,237.95,186744
2025-06-04 09:45:00,237.9,238.0,237.79,237.82,193112
2025-06-04 09:50:00,237.91,238.2,237.8,238.2,162388
2025-06-04 09:55:00,238.25,238.25,237.5,237.58,182115
2025-06-05 03:45:00,238.05,238.47,237.05,238.03,307396
2025-06-05 03:50:00,238.03,238.44,237.5,238.32,178517
2025-06-05 03:55:00,238.32,239.1,238.32,238.86,153518
2025-06-05 04:00:00,238.86,239.15,238.24,238.43,132636
2025-06-05 04:05:00,238.48,238.65,238.33,238.56,64085
2025-06-05 04:10:00,238.54,238.65,238.29,238.63,86594
2025-06-05 04:15:00,238.63,238.8,238.52,238.61,73487
2025-06-05 04:20:00,238.61,238.72,238.52,238.59,26644
2025-06-05 04:25:00,238.59,239.1,238.5,238.75,74356
2025-06-05 04:30:00,238.65,238.88,238.65,238.75,24609
2025-06-05 04:35:00,238.7,238.8,238.53,238.71,35229
2025-06-05 04:40:00,238.68,238.77,238.57,238.6,32591
2025-06-05 04:45:00,238.6,239.0,238.58,238.81,63897
2025-06-05 04:50:00,238.74,238.9,238.66,238.79,25811
2025-06-05 04:55:00,238.77,238.89,238.53,238.58,59758
2025-06-05 05:00:00,238.58,238.79,238.54,238.62,29001
2025-06-05 05:05:00,238.65,238.69,238.3,238.31,41448
2025-06-05 05:10:00,238.31,238.31,237.7,237.87,103632
2025-06-05 05:15:00,237.87,237.99,237.5,237.59,104401
2025-06-05 05:20:00,237.5,237.64,237.3,237.31,48791
2025-06-05 05:25:00,237.31,237.56,237.3,237.48,27508
2025-06-05 05:30:00,237.48,237.52,237.3,237.45,37573
2025-06-05 05:35:00,237.45,237.49,237.3,237.35,36276
2025-06-05 05:40:00,237.35,237.35,237.08,237.15,75879
2025-06-05 05:45:00,237.15,237.21,236.8,237.21,167714
2025-06-05 05:50:00,237.2,237.42,237.0,237.42,58633
2025-06-05 05:55:00,237.42,237.71,237.32,237.6,93684
2025-06-05 06:00:00,237.57,237.57,237.32,237.5,20189
2025-06-05 06:05:00,237.5,237.6,237.4,237.48,22054
2025-06-05 06:10:00,237.52,237.56,237.45,237.47,18867
2025-06-05 06:15:00,237.4,237.5,237.11,237.12,34159
2025-06-05 06:20:00,237.14,237.95,237.11,237.95,123672
2025-06-05 06:25:00,237.9,238.02,237.65,237.71,106641
2025-06-05 06:30:00,237.67,238.39,237.6,238.26,72052
2025-06-05 06:35:00,238.18,238.48,238.12,238.36,58927
2025-06-05 06:40:00,238.36,239.1,238.3,239.04,144089
2025-06-05 06:45:00,239.13,239.62,239.05,239.07,139383
2025-06-05 06:50:00,239.08,239.12,238.77,238.94,65384
2025-06-05 06:55:00,238.94,238.99,238.5,238.57,76819
2025-06-05 07:00:00,238.64,238.93,238.59,238.6,69593
2025-06-05 07:05:00,238.65,238.83,238.48,238.62,116242
2025-06-05 07:10:00,238.54,238.98,238.5,238.64,42251
2025-06-05 07:15:00,238.72,238.9,238.64,238.82,30207
2025-06-05 07:20:00,238.82,238.84,238.65,238.73,25580
2025-06-05 07:25:00,238.84,238.9,238.3,238.38,154093
2025-06-05 07:30:00,238.42,238.59,238.3,238.45,70190
2025-06-05 07:35:00,238.5,238.79,238.5,238.58,60761
2025-06-05 07:40:00,238.53,238.58,238.01,238.17,180909
2025-06-05 07:45:00,238.28,238.39,237.89,237.92,74898
2025-06-05 07:50:00,237.92,238.1,237.7,237.81,68647
2025-06-05 07:55:00,237.78,237.81,237.31,237.5,118084
2025-06-05 08:00:00,237.36,237.41,236.5,236.72,261105
2025-06-05 08:05:00,236.72,236.98,236.6,236.93,114904
2025-06-05 08:10:00,236.94,237.02,236.54,236.65,122360
2025-06-05 08:15:00,236.65,237.11,236.55,236.89,99216
2025-06-05 08:20:00,237.0,237.0,236.52,236.66,117499
2025-06-05 08:25:00,236.66,236.84,236.5,236.6,108214
2025-06-05 08:30:00,236.65,236.95,236.4,236.53,147836
2025-06-05 08:35:00,236.51,236.78,236.4,236.44,137006
2025-06-05 08:40:00,236.4,236.6,236.22,236.6,112537
2025-06-05 08:45:00,236.6,236.66,236.3,236.57,142854
2025-06-05 08:50:00,236.49,236.84,236.32,236.72,121643
2025-06-05 08:55:00,236.72,237.28,236.57,236.93,140876
2025-06-05 09:00:00,236.93,237.15,236.69,236.99,220704
2025-06-05 09:05:00,237.0,237.1,236.72,237.04,129809
2025-06-05 09:10:00,237.04,237.4,236.89,237.23,117511
2025-06-05 09:15:00,237.23,237.49,237.19,237.36,131144
2025-06-05 09:20:00,237.34,237.67,237.09,237.24,168539
2025-06-05 09:25:00,237.29,237.4,237.07,237.33,136019
2025-06-05 09:30:00,237.33,237.75,237.27,237.69,347885
2025-06-05 09:35:00,237.74,237.8,237.33,237.55,357884
2025-06-05 09:40:00,237.57,237.85,237.34,237.83,370612
2025-06-05 09:45:00,237.83,237.92,237.65,237.8,434523
2025-06-05 09:50:00,237.81,238.09,237.78,238.08,481119
2025-06-05 09:55:00,238.16,238.5,238.02,238.2,359032
2025-06-06 03:45:00,237.79,238.95,237.51,238.88,184547
2025-06-06 03:50:00,238.64,239.04,238.51,238.85,123574
2025-06-06 03:55:00,238.85,238.88,238.25,238.34,100138
2025-06-06 04:00:00,238.23,238.73,237.83,238.0,102536
2025-06-06 04:05:00,238.12,238.31,237.75,238.11,79968
2025-06-06 04:10:00,238.11,238.44,237.91,237.92,88434
2025-06-06 04:15:00,237.99,238.25,237.81,238.13,35925
2025-06-06 04:20:00,238.13,238.44,238.0,238.07,49553
2025-06-06 04:25:00,238.07,238.29,237.94,238.19,46640
2025-06-06 04:30:00,238.19,238.19,237.51,237.8,56765
2025-06-06 04:35:00,237.85,239.1,237.73,239.0,185204
2025-06-06 04:40:00,238.92,239.0,238.01,238.28,68347
2025-06-06 04:45:00,238.28,238.49,238.16,238.26,35779
2025-06-06 04:50:00,238.26,238.65,238.02,238.22,31444
2025-06-06 04:55:00,238.2,238.75,238.11,238.48,39203
2025-06-06 05:00:00,238.48,238.95,238.3,238.7,38358
2025-06-06 05:05:00,238.65,238.75,238.3,238.74,72685
2025-06-06 05:10:00,238.73,239.08,238.7,238.94,79186
2025-06-06 05:15:00,238.84,238.92,238.6,238.72,62941
2025-06-06 05:20:00,238.8,239.0,238.6,238.8,60100
2025-06-06 05:25:00,238.75,238.9,238.35,238.35,101193
2025-06-06 05:30:00,238.45,239.0,238.4,238.7,98926
2025-06-06 05:35:00,238.75,238.82,238.39,238.5,46317
2025-06-06 05:40:00,238.55,238.62,238.35,238.58,33955
2025-06-06 05:45:00,238.52,238.74,238.5,238.54,24337
2025-06-06 05:50:00,238.54,238.66,238.4,238.46,33736
2025-06-06 05:55:00,238.5,238.5,238.21,238.27,39687
2025-06-06 06:00:00,238.33,238.41,238.1,238.33,44342
2025-06-06 06:05:00,238.23,238.36,238.14,238.25,28094
2025-06-06 06:10:00,238.25,238.83,238.15,238.7,125604
2025-06-06 06:15:00,238.71,239.11,238.57,239.11,111910
2025-06-06 06:20:00,239.09,239.37,238.75,238.97,110962
2025-06-06 06:25:00,238.97,239.3,238.9,239.23,75859
2025-06-06 06:30:00,239.2,239.23,238.9,238.95,59769
2025-06-06 06:35:00,238.9,239.02,238.75,238.93,51216
2025-06-06 06:40:00,238.9,239.0,238.73,238.73,98531
2025-06-06 06:45:00,238.77,238.82,238.45,238.74,107324
2025-06-06 06:50:00,238.72,238.75,238.42,238.59,35498
2025-06-06 06:55:00,238.64,238.68,238.37,238.63,38377
2025-06-06 07:00:00,238.63,239.12,238.57,239.05,101006
2025-06-06 07:05:00,239.0,239.25,239.0,239.01,103234
2025-06-06 07:10:00,239.0,239.29,239.0,239.15,52520
2025-06-06 07:15:00,239.1,239.24,239.01,239.07,43380
2025-06-06 07:20:00,239.08,239.36,239.08,239.19,69073
2025-06-06 07:25:00,239.19,239.34,239.04,239.09,39961
2025-06-06 07:30:00,239.2,239.25,239.03,239.06,34963
2025-06-06 07:35:00,239.06,239.35,239.02,239.19,103160
2025-06-06 07:40:00,239.16,239.28,239.07,239.11,33257
2025-06-06 07:45:00,239.19,240.15,239.05,239.92,319912
2025-06-06 07:50:00,239.92,239.97,239.65,239.73,38796
2025-06-06 07:55:00,239.68,239.75,239.6,239.64,31270
2025-06-06 08:00:00,239.62,239.64,239.22,239.55,69669
2025-06-06 08:05:00,239.55,239.75,239.53,239.54,41433
2025-06-06 08:10:00,239.59,239.71,239.51,239.61,36947
2025-06-06 08:15:00,239.56,239.7,239.5,239.64,39414
2025-06-06 08:20:00,239.61,239.65,239.25,239.37,30969
2025-06-06 08:25:00,239.36,239.75,239.27,239.73,53217
2025-06-06 08:30:00,239.73,239.85,239.62,239.69,43772
2025-06-06 08:35:00,239.64,239.65,239.4,239.45,28571
2025-06-06 08:40:00,239.4,239.5,239.31,239.47,51123
2025-06-06 08:45:00,239.47,239.86,239.43,239.8,58622
2025-06-06 08:50:00,239.75,240.3,239.74,240.08,151315
2025-06-06 08:55:00,240.06,240.19,239.94,240.01,83680
2025-06-06 09:00:00,240.01,240.09,239.77,240.04,70151
2025-06-06 09:05:00,240.0,240.04,239.73,239.78,58749
2025-06-06 09:10:00,239.76,239.94,239.71,239.81,82145
2025-06-06 09:15:00,239.82,240.19,239.7,240.03,77804
2025-06-06 09:20:00,240.05,240.47,240.02,240.17,97429
2025-06-06 09:25:00,240.17,240.3,239.96,240.02,98690
2025-06-06 09:30:00,240.07,240.17,239.81,239.89,121132
2025-06-06 09:35:00,239.87,240.17,239.87,240.17,135077
2025-06-06 09:40:00,240.16,240.25,239.88,239.99,172069
2025-06-06 09:45:00,239.92,240.21,239.92,240.04,180490
2025-06-06 09:50:00,240.04,240.25,239.93,240.05,232900
2025-06-06 09:55:00,240.14,240.16,240.0,240.08,189342
2025-06-09 03:45:00,241.78,242.35,241.26,242.1,495746
2025-06-09 03:50:00,242.12,242.16,241.17,241.31,120855
2025-06-09 03:55:00,241.3,241.47,240.81,240.91,124470
2025-06-09 04:00:00,240.91,241.07,240.5,240.8,132006
2025-06-09 04:05:00,240.8,241.18,240.68,241.12,140872
2025-06-09 04:10:00,241.13,241.24,240.88,241.2,65631
2025-06-09 04:15:00,241.18,242.09,241.18,241.95,126104
2025-06-09 04:20:00,241.99,241.99,241.58,241.89,56727
2025-06-09 04:25:00,241.81,242.61,241.75,241.91,380211
2025-06-09 04:30:00,241.92,242.2,241.86,241.91,56672
2025-06-09 04:35:00,241.9,242.05,241.72,241.91,62535
2025-06-09 04:40:00,241.91,242.07,241.7,241.8,61749
2025-06-09 04:45:00,241.72,242.0,241.71,241.83,32643
2025-06-09 04:50:00,241.93,242.13,241.84,242.1,53631
2025-06-09 04:55:00,242.1,242.6,242.02,242.59,156356
2025-06-09 05:00:00,242.59,243.25,242.37,243.1,425236
2025-06-09 05:05:00,243.1,243.36,242.8,243.01,154659
2025-06-09 05:10:00,243.01,243.2,242.86,243.15,83456
2025-06-09 05:15:00,243.15,243.4,243.0,243.3,91627
2025-06-09 05:20:00,243.28,243.38,243.0,243.19,95970
2025-06-09 05:25:00,243.2,243.25,242.9,243.0,49141
2025-06-09 05:30:00,243.0,243.95,243.0,243.62,282771
2025-06-09 05:35:00,243.67,243.7,243.03,243.07,75274
2025-06-09 05:40:00,243.1,243.14,242.64,242.65,63859
2025-06-09 05:45:00,242.66,243.64,242.65,243.51,105864
2025-06-09 05:50:00,243.56,243.7,243.21,243.6,103914
2025-06-09 05:55:00,243.61,243.7,242.81,242.97,116141
2025-06-09 06:00:00,242.97,243.36,242.93,243.06,50005
2025-06-09 06:05:00,243.06,243.4,243.02,243.2,115488
2025-06-09 06:10:00,243.2,244.12,243.07,244.08,215854
2025-06-09 06:15:00,244.08,244.12,243.54,243.6,66361
2025-06-09 06:20:00,243.6,243.78,243.44,243.51,83895
2025-06-09 06:25:00,243.51,243.59,243.37,243.46,31831
2025-06-09 06:30:00,243.46,243.6,243.24,243.48,44907
2025-06-09 06:35:00,243.52,244.05,243.41,243.51,143858
2025-06-09 06:40:00,243.55,243.77,243.35,243.42,49969
2025-06-09 06:45:00,243.4,243.48,243.1,243.39,46100
2025-06-09 06:50:00,243.45,243.46,243.06,243.11,42359
2025-06-09 06:55:00,243.11,243.36,243.07,243.18,49717
2025-06-09 07:00:00,243.29,243.48,243.04,243.42,58535
2025-06-09 07:05:00,243.5,243.5,243.08,243.19,43040
2025-06-09 07:10:00,243.19,243.21,243.05,243.08,34811
2025-06-09 07:15:00,243.1,243.3,242.83,242.9,82779
2025-06-09 07:20:00,242.85,243.0,242.82,242.86,46947
2025-06-09 07:25:00,242.86,242.99,242.86,242.9,23582
2025-06-09 07:30:00,242.89,242.97,242.69,242.8,41090
2025-06-09 07:35:00,242.75,242.88,242.7,242.8,48505
2025-06-09 07:40:00,242.72,242.93,242.7,242.8,28470
2025-06-09 07:45:00,242.8,243.0,242.62,242.62,64250
2025-06-09 07:50:00,242.62,242.77,242.41,242.5,78618
2025-06-09 07:55:00,242.5,242.65,242.43,242.46,57423
2025-06-09 08:00:00,242.53,242.65,242.4,242.55,87422
2025-06-09 08:05:00,242.48,242.57,242.4,242.5,64695
2025-06-09 08:10:00,242.5,242.64,242.4,242.54,60351
2025-06-09 08:15:00,242.44,242.7,242.44,242.7,57291
2025-06-09 08:20:00,242.64,242.85,242.64,242.69,56299
2025-06-09 08:25:00,242.8,243.0,242.65,242.82,66362
2025-06-09 08:30:00,242.83,242.96,242.66,242.73,54722
2025-06-09 08:35:00,242.66,242.73,242.5,242.51,52070
2025-06-09 08:40:00,242.56,242.59,242.31,242.32,80264
2025-06-09 08:45:00,242.31,242.5,242.31,242.39,75284
2025-06-09 08:50:00,242.45,242.5,242.35,242.4,69330
2025-06-09 08:55:00,242.39,242.61,242.3,242.52,77401
2025-06-09 09:00:00,242.53,242.77,242.5,242.63,63837
2025-06-09 09:05:00,242.63,242.65,242.46,242.55,50087
2025-06-09 09:10:00,242.49,242.69,242.43,242.56,84933
2025-06-09 09:15:00,242.57,242.8,242.52,242.71,70591
2025-06-09 09:20:00,242.8,242.92,242.68,242.71,98152
2025-06-09 09:25:00,242.71,242.85,242.71,242.8,71365
2025-06-09 09:30:00,242.78,242.95,242.64,242.77,119920
2025-06-09 09:35:00,242.85,242.88,242.62,242.77,113183
2025-06-09 09:40:00,242.79,242.87,242.63,242.64,170946
2025-06-09 09:45:00,242.62,242.71,242.5,242.5,165482
2025-06-09 09:50:00,242.5,242.85,242.38,242.77,277737
2025-06-09 09:55:00,242.78,243.5,242.64,243.2,366942
2025-06-10 03:45:00,244.25,244.89,243.83,244.19,390043
2025-06-10 03:50:00,244.19,244.53,244.17,244.53,153427
2025-06-10 03:55:00,244.53,244.65,243.76,243.9,197793
2025-06-10 04:00:00,243.9,244.2,243.7,244.0,107765
2025-06-10 04:05:00,244.04,244.2,243.81,244.08,110733
2025-06-10 04:10:00,244.08,244.2,244.0,244.05,43232
2025-06-10 04:15:00,244.05,244.12,243.8,243.94,75615
2025-06-10 04:20:00,243.93,244.0,243.4,243.8,158991
2025-06-10 04:25:00,243.8,244.11,243.7,243.77,47030
2025-06-10 04:30:00,243.67,244.69,243.67,244.55,126385
2025-06-10 04:35:00,244.5,244.56,244.14,244.47,49824
2025-06-10 04:40:00,244.49,244.49,244.2,244.3,18260
2025-06-10 04:45:00,244.26,244.99,244.22,244.8,270162
2025-06-10 04:50:00,244.8,244.84,244.35,244.45,99427
2025-06-10 04:55:00,244.4,244.5,244.0,244.19,142053
2025-06-10 05:00:00,244.22,244.5,244.08,244.33,35587
2025-06-10 05:05:00,244.33,244.38,244.17,244.24,36192
2025-06-10 05:10:00,244.24,244.36,244.17,244.2,19371
2025-06-10 05:15:00,244.2,244.2,243.8,243.81,71827
2025-06-10 05:20:00,243.86,243.86,243.5,243.81,106783
2025-06-10 05:25:00,243.84,243.84,243.3,243.7,48694
2025-06-10 05:30:00,243.71,243.89,243.58,243.74,33648
2025-06-10 05:35:00,243.74,243.9,243.7,243.82,12674
2025-06-10 05:40:00,243.81,243.89,243.7,243.81,21761
2025-06-10 05:45:00,243.85,243.88,243.54,243.55,40761
2025-06-10 05:50:00,243.59,243.59,243.4,243.42,48131
2025-06-10 05:55:00,243.5,243.69,243.42,243.69,27850
2025-06-10 06:00:00,243.69,243.78,243.6,243.62,17269
2025-06-10 06:05:00,243.62,243.91,243.61,243.7,47706
2025-06-10 06:10:00,243.75,243.86,243.63,243.67,21488
2025-06-10 06:15:00,243.67,244.19,243.61,244.19,135394
2025-06-10 06:20:00,244.19,244.19,244.0,244.0,29674
2025-06-10 06:25:00,244.05,244.3,244.0,244.13,52813
2025-06-10 06:30:00,244.09,244.15,243.84,243.9,36137
2025-06-10 06:35:00,243.85,244.02,243.78,244.0,29774
2025-06-10 06:40:00,244.02,244.09,243.8,243.8,47921
2025-06-10 06:45:00,243.88,243.95,242.9,243.11,158738
2025-06-10 06:50:00,243.1,243.27,242.85,242.9,97325
2025-06-10 06:55:00,242.9,242.96,242.7,242.73,49640
2025-06-10 07:00:00,242.77,243.79,242.59,243.6,153387
2025-06-10 07:05:00,243.6,244.09,243.6,244.0,98099
2025-06-10 07:10:00,243.94,244.1,243.88,244.03,73364
2025-06-10 07:15:00,243.99,244.04,243.51,243.64,77011
2025-06-10 07:20:00,243.66,243.82,243.6,243.61,56270
2025-06-10 07:25:00,243.6,243.68,243.41,243.44,51275
2025-06-10 07:30:00,243.44,243.97,243.4,243.95,55918
2025-06-10 07:35:00,243.95,243.99,243.65,243.76,46086
2025-06-10 07:40:00,243.74,243.75,243.41,243.54,44521
2025-06-10 07:45:00,243.54,243.56,243.41,243.43,48868
2025-06-10 07:50:00,243.46,243.72,243.4,243.67,42820
2025-06-10 07:55:00,243.62,243.99,243.5,243.95,67747
2025-06-10 08:00:00,243.95,243.95,243.42,243.78,49232
2025-06-10 08:05:00,243.78,243.78,243.41,243.55,47482
2025-06-10 08:10:00,243.55,243.6,243.4,243.43,38567
2025-06-10 08:15:00,243.44,243.57,243.4,243.5,55209
2025-06-10 08:20:00,243.5,243.69,243.35,243.5,79519
2025-06-10 08:25:00,243.5,243.53,243.43,243.5,68757
2025-06-10 08:30:00,243.5,243.52,243.42,243.52,57237
2025-06-10 08:35:00,243.5,243.72,243.5,243.65,49569
2025-06-10 08:40:00,243.6,243.65,243.2,243.27,74940
2025-06-10 08:45:00,243.27,243.65,243.2,243.63,61288
2025-06-10 08:50:00,243.64,243.65,243.5,243.6,72526
2025-06-10 08:55:00,243.65,243.73,243.56,243.69,151103
2025-06-10 09:00:00,243.69,243.9,243.56,243.6,100587
2025-06-10 09:05:00,243.64,243.79,243.49,243.62,85825
2025-06-10 09:10:00,243.62,243.85,243.55,243.65,58572
2025-06-10 09:15:00,243.74,244.6,243.61,244.28,264955
2025-06-10 09:20:00,244.26,244.55,244.0,244.03,88546
2025-06-10 09:25:00,244.0,244.12,243.93,244.0,225537
2025-06-10 09:30:00,244.26,244.68,244.23,244.46,278887
2025-06-10 09:35:00,244.46,244.65,244.33,244.6,225792
2025-06-10 09:40:00,244.57,244.7,244.57,244.61,242293
2025-06-10 09:45:00,244.63,244.9,244.6,244.9,464435
2025-06-10 09:50:00,244.9,244.9,244.74,244.79,332380
2025-06-10 09:55:00,244.81,245.0,244.75,244.94,451135
2025-06-11 03:45:00,244.5,244.79,243.55,244.77,321061
2025-06-11 03:50:00,244.67,247.1,244.67,246.71,583405
2025-06-11 03:55:00,246.7,247.7,246.7,247.19,764153
2025-06-11 04:00:00,247.18,247.95,246.96,247.8,658913
2025-06-11 04:05:00,247.71,247.8,247.2,247.36,223397
2025-06-11 04:10:00,247.36,248.21,247.19,248.2,575759
2025-06-11 04:15:00,248.08,249.05,247.8,249.05,830418
2025-06-11 04:20:00,249.04,249.25,248.43,248.69,693098
2025-06-11 04:25:00,248.73,248.96,247.99,248.71,358837
2025-06-11 04:30:00,248.71,249.1,248.3,248.38,238920
2025-06-11 04:35:00,248.4,248.47,248.03,248.44,183038
2025-06-11 04:40:00,248.42,248.44,247.85,247.91,147943
2025-06-11 04:45:00,248.0,248.37,247.4,248.1,1508437
2025-06-11 04:50:00,248.05,248.06,247.6,247.62,944028
2025-06-11 04:55:00,247.62,247.68,247.2,247.3,198243
2025-06-11 05:00:00,247.26,247.56,247.26,247.42,132902
2025-06-11 05:05:00,247.42,247.57,246.26,246.39,304880
2025-06-11 05:10:00,246.35,247.0,246.35,246.99,116119
2025-06-11 05:15:00,247.0,247.2,246.5,246.65,124027
2025-06-11 05:20:00,246.65,246.88,246.5,246.78,158282
2025-06-11 05:25:00,246.77,247.21,246.77,247.01,78006
2025-06-11 05:30:00,247.01,247.43,247.0,247.29,113008
2025-06-11 05:35:00,247.29,247.93,247.2,247.72,102462
2025-06-11 05:40:00,247.72,248.2,247.4,247.41,174138
2025-06-11 05:45:00,247.4,247.95,247.4,247.95,95534
2025-06-11 05:50:00,247.95,247.95,247.68,247.71,116733
2025-06-11 05:55:00,247.7,248.0,247.68,247.92,160134
2025-06-11 06:00:00,247.92,248.25,247.86,248.17,124134
2025-06-11 06:05:00,248.25,248.94,248.17,248.7,251293
2025-06-11 06:10:00,248.65,248.76,248.1,248.33,113646
2025-06-11 06:15:00,248.4,249.42,248.4,249.18,502905
2025-06-11 06:20:00,249.17,249.72,249.09,249.15,425701
2025-06-11 06:25:00,249.2,249.4,249.0,249.1,241680
2025-06-11 06:30:00,249.01,249.7,249.01,249.62,390733
2025-06-11 06:35:00,249.65,250.1,249.17,249.29,794514
2025-06-11 06:40:00,249.25,249.41,248.86,249.34,203523
2025-06-11 06:45:00,249.46,249.5,249.1,249.26,124256
2025-06-11 06:50:00,249.28,249.8,249.1,249.54,224644
2025-06-11 06:55:00,249.54,249.9,249.46,249.84,232133
2025-06-11 07:00:00,249.81,249.87,249.53,249.61,234551
2025-06-11 07:05:00,249.67,249.85,249.5,249.57,143705
2025-06-11 07:10:00,249.6,250.1,249.23,250.0,446656
2025-06-11 07:15:00,250.08,250.4,249.6,249.6,338713
2025-06-11 07:20:00,249.6,249.65,249.26,249.5,185464
2025-06-11 07:25:00,249.6,249.75,249.2,249.2,188282
2025-06-11 07:30:00,249.2,249.43,249.2,249.22,123377
2025-06-11 07:35:00,249.21,249.4,249.02,249.03,188517
2025-06-11 07:40:00,249.03,249.05,248.65,248.88,196917
2025-06-11 07:45:00,248.88,249.0,248.7,248.75,139133
2025-06-11 07:50:00,248.75,248.85,248.53,248.66,132916
2025-06-11 07:55:00,248.66,248.98,248.4,248.89,145731
2025-06-11 08:00:00,248.8,249.32,248.66,249.0,147812
2025-06-11 08:05:00,248.9,249.24,248.87,249.09,115199
2025-06-11 08:10:00,249.15,249.15,248.59,248.59,149332
2025-06-11 08:15:00,248.57,248.73,247.68,247.9,296383
2025-06-11 08:20:00,247.8,248.0,247.27,247.4,226283
2025-06-11 08:25:00,247.36,248.6,247.31,248.2,161768
2025-06-11 08:30:00,248.14,248.16,247.75,247.75,123808
2025-06-11 08:35:00,247.82,247.93,247.5,247.79,148862
2025-06-11 08:40:00,247.74,247.86,247.6,247.86,86351
2025-06-11 08:45:00,247.86,248.05,247.75,247.95,78287
2025-06-11 08:50:00,248.0,248.25,247.81,248.16,103067
2025-06-11 08:55:00,248.14,248.14,247.75,247.96,103094
2025-06-11 09:00:00,247.9,247.97,247.65,247.75,91896
2025-06-11 09:05:00,247.75,247.86,247.65,247.82,104919
2025-06-11 09:10:00,247.82,248.2,247.73,248.19,122977
2025-06-11 09:15:00,248.14,248.2,247.66,247.73,112718
2025-06-11 09:20:00,247.72,248.17,247.72,247.91,148112
2025-06-11 09:25:00,247.91,248.1,247.8,248.04,106558
2025-06-11 09:30:00,248.04,248.04,247.3,247.5,337615
2025-06-11 09:35:00,247.55,247.55,247.15,247.29,279782
2025-06-11 09:40:00,247.25,247.58,247.2,247.55,362951
2025-06-11 09:45:00,247.55,247.55,247.14,247.2,453594
2025-06-11 09:50:00,247.2,247.46,247.12,247.41,491283
2025-06-11 09:55:00,247.32,247.5,247.15,247.45,484887
2025-06-12 03:45:00,251.5,254.0,250.58,253.94,4143305
2025-06-12 03:50:00,253.96,254.99,253.55,254.07,2594288
2025-06-12 03:55:00,254.16,255.2,253.21,254.3,2780762
2025-06-12 04:00:00,254.29,254.47,253.4,254.0,1206171
2025-06-12 04:05:00,253.91,254.11,253.0,253.77,1051099
2025-06-12 04:10:00,253.68,253.77,252.45,252.54,1182226
2025-06-12 04:15:00,252.54,253.14,252.05,252.6,764082
2025-06-12 04:20:00,252.67,253.0,252.05,252.99,558647
2025-06-12 04:25:00,252.99,252.99,252.0,252.11,601843
2025-06-12 04:30:00,252.1,252.2,251.6,251.8,575722
2025-06-12 04:35:00,251.79,252.5,251.72,252.3,329165
2025-06-12 04:40:00,252.3,252.3,251.65,251.65,332240
2025-06-12 04:45:00,251.62,252.0,251.57,251.75,200192
2025-06-12 04:50:00,251.79,252.09,251.58,251.99,235253
2025-06-12 04:55:00,251.99,252.5,251.8,252.45,258694
2025-06-12 05:00:00,252.4,252.83,251.7,251.7,338997
2025-06-12 05:05:00,251.76,252.09,251.02,251.05,559216
2025-06-12 05:10:00,251.05,251.25,250.74,250.82,564946
2025-06-12 05:15:00,250.8,251.3,250.71,250.79,360648
2025-06-12 05:20:00,250.79,250.8,250.28,250.59,487754
2025-06-12 05:25:00,250.6,250.9,250.5,250.6,181743
2025-06-12 05:30:00,250.67,250.71,250.5,250.61,178487
2025-06-12 05:35:00,250.6,250.89,250.15,250.15,283786
2025-06-12 05:40:00,250.16,250.2,249.13,249.6,492377
2025-06-12 05:45:00,249.6,249.8,249.3,249.8,230871
2025-06-12 05:50:00,249.8,250.31,249.73,250.06,273405
2025-06-12 05:55:00,250.06,250.9,250.0,250.22,307968
2025-06-12 06:00:00,250.22,250.27,249.64,249.88,187078
2025-06-12 06:05:00,249.84,250.0,249.39,249.5,164918
2025-06-12 06:10:00,249.38,249.98,249.32,249.87,172583
2025-06-12 06:15:00,249.87,249.88,249.4,249.8,89772
2025-06-12 06:20:00,249.8,249.8,249.5,249.52,63368
2025-06-12 06:25:00,249.53,249.57,248.72,248.88,357634
2025-06-12 06:30:00,248.88,249.45,248.6,249.2,187235
2025-06-12 06:35:00,249.2,249.24,249.05,249.22,62262
2025-06-12 06:40:00,249.22,249.22,249.0,249.02,82474
2025-06-12 06:45:00,249.05,249.05,248.7,248.79,164325
2025-06-12 06:50:00,248.75,248.87,248.4,248.72,165694
2025-06-12 06:55:00,248.72,248.8,248.45,248.66,98167
2025-06-12 07:00:00,248.68,249.2,248.51,249.05,163090
2025-06-12 07:05:00,249.08,249.09,248.6,248.79,105063
2025-06-12 07:10:00,248.77,249.11,248.7,249.09,92409
2025-06-12 07:15:00,249.1,249.23,248.8,249.14,108165
2025-06-12 07:20:00,249.14,249.62,248.86,249.38,341987
2025-06-12 07:25:00,249.37,250.27,249.2,249.69,1057473
2025-06-12 07:30:00,249.69,249.74,249.5,249.72,182904
2025-06-12 07:35:00,249.72,249.74,248.95,249.0,225281
2025-06-12 07:40:00,248.98,249.69,248.8,249.25,400287
2025-06-12 07:45:00,249.3,250.1,249.3,250.0,424223
2025-06-12 07:50:00,250.05,250.05,249.35,249.5,136782
2025-06-12 07:55:00,249.51,249.59,248.65,248.76,266057
2025-06-12 08:00:00,248.76,249.2,248.4,248.52,325389
2025-06-12 08:05:00,248.52,248.76,248.2,248.22,189269
2025-06-12 08:10:00,248.2,248.5,247.61,247.69,324330
2025-06-12 08:15:00,247.77,248.12,247.31,247.5,328653
2025-06-12 08:20:00,247.54,248.44,247.45,248.25,343007
2025-06-12 08:25:00,248.25,248.46,247.81,247.88,176251
2025-06-12 08:30:00,247.93,248.09,247.23,247.35,362143
2025-06-12 08:35:00,247.35,247.64,246.75,247.42,421540
2025-06-12 08:40:00,247.42,247.7,247.25,247.65,189549
2025-06-12 08:45:00,247.63,248.2,247.5,248.09,215508
2025-06-12 08:50:00,248.1,248.4,247.64,247.88,267209
2025-06-12 08:55:00,247.78,247.94,247.45,247.71,169184
2025-06-12 09:00:00,247.81,248.49,247.72,248.25,344711
2025-06-12 09:05:00,248.29,248.4,247.8,247.91,252608
2025-06-12 09:10:00,247.83,248.21,247.82,247.97,112038
2025-06-12 09:15:00,247.9,248.2,247.8,248.0,144964
2025-06-12 09:20:00,247.98,248.05,247.61,247.73,167629
2025-06-12 09:25:00,247.73,248.45,247.4,248.3,745967
2025-06-12 09:30:00,248.31,248.4,247.78,248.13,620550
2025-06-12 09:35:00,248.13,248.35,247.85,248.2,873363
2025-06-12 09:40:00,248.2,248.4,247.82,248.15,693170
2025-06-12 09:45:00,248.1,248.14,247.5,247.67,892171
2025-06-12 09:50:00,247.69,247.9,247.47,247.6,633244
2025-06-12 09:55:00,247.6,247.65,247.1,247.35,445710
2025-06-13 03:45:00,255.55,255.95,251.33,251.82,5832820
2025-06-13 03:50:00,251.97,252.9,250.17,250.69,2454814
2025-06-13 03:55:00,251.01,252.0,250.67,251.0,1474389
2025-06-13 04:00:00,250.87,252.39,250.51,251.66,1417153
2025-06-13 04:05:00,251.57,252.1,251.4,251.55,831157
2025-06-13 04:10:00,251.67,252.19,251.0,251.06,1289952
2025-06-13 04:15:00,251.19,251.23,249.55,250.04,2052675
2025-06-13 04:20:00,250.04,250.56,249.71,249.93,609853
2025-06-13 04:25:00,250.0,250.65,249.82,250.5,490095
2025-06-13 04:30:00,250.55,251.0,250.4,250.64,412816
2025-06-13 04:35:00,250.6,250.8,250.17,250.36,275923
2025-06-13 04:40:00,250.4,250.4,250.03,250.15,224974
2025-06-13 04:45:00,250.19,250.3,249.8,249.85,482673
2025-06-13 04:50:00,249.89,249.96,249.12,249.42,515227
2025-06-13 04:55:00,249.5,249.99,249.3,249.95,269344
2025-06-13 05:00:00,249.95,250.18,249.8,249.9,248440
2025-06-13 05:05:00,249.9,249.99,249.62,249.88,205721
2025-06-13 05:10:00,249.8,250.2,249.7,250.05,189888
2025-06-13 05:15:00,250.04,250.2,249.96,250.13,214687
2025-06-13 05:20:00,250.1,250.15,249.92,250.04,163167
2025-06-13 05:25:00,250.02,250.2,250.01,250.06,106115
2025-06-13 05:30:00,250.16,250.2,249.6,249.99,194108
2025-06-13 05:35:00,249.95,250.44,249.91,250.44,205045
2025-06-13 05:40:00,250.36,250.49,250.0,250.01,192249
2025-06-13 05:45:00,250.01,250.3,249.82,250.2,214049
2025-06-13 05:50:00,250.21,251.3,250.2,251.1,560155
2025-06-13 05:55:00,251.1,251.1,250.65,251.01,328791
2025-06-13 06:00:00,251.1,251.99,250.51,250.57,651712
2025-06-13 06:05:00,250.55,251.4,250.5,251.25,404951
2025-06-13 06:10:00,251.27,252.18,251.16,252.07,746744
2025-06-13 06:15:00,252.1,252.9,252.02,252.35,1166809
2025-06-13 06:20:00,252.3,253.28,252.3,253.16,459611
2025-06-13 06:25:00,253.09,254.02,252.95,253.7,1411308
2025-06-13 06:30:00,253.7,253.98,252.86,253.9,836888
2025-06-13 06:35:00,253.84,253.9,253.15,253.45,262060
2025-06-13 06:40:00,253.35,253.65,253.18,253.32,352714
2025-06-13 06:45:00,253.3,253.63,252.74,252.92,486083
2025-06-13 06:50:00,252.81,252.98,252.35,252.39,436576
2025-06-13 06:55:00,252.38,252.48,251.8,251.87,501659
2025-06-13 07:00:00,251.88,251.88,251.3,251.67,411065
2025-06-13 07:05:00,251.59,251.69,251.09,251.09,216537
2025-06-13 07:10:00,251.09,251.32,251.02,251.06,225895
2025-06-13 07:15:00,251.05,251.52,251.0,251.01,212443
2025-06-13 07:20:00,251.0,251.28,250.87,251.09,265101
2025-06-13 07:25:00,251.1,251.19,250.92,250.99,147542
2025-06-13 07:30:00,251.0,251.07,250.63,250.98,428158
2025-06-13 07:35:00,250.96,251.04,250.2,250.51,572115
2025-06-13 07:40:00,250.45,250.6,250.4,250.51,210831
2025-06-13 07:45:00,250.51,250.53,250.4,250.51,334102
2025-06-13 07:50:00,250.45,251.01,250.45,250.72,205515
2025-06-13 07:55:00,250.69,251.1,250.6,250.96,154762
2025-06-13 08:00:00,250.94,251.34,250.94,251.16,204140
2025-06-13 08:05:00,251.14,251.3,250.75,250.85,169261
2025-06-13 08:10:00,250.86,251.1,250.8,251.01,94432
2025-06-13 08:15:00,251.01,251.07,250.8,250.86,106789
2025-06-13 08:20:00,250.91,251.05,250.87,250.87,125027
2025-06-13 08:25:00,250.88,250.88,250.42,250.5,198862
2025-06-13 08:30:00,250.49,250.61,250.47,250.51,152364
2025-06-13 08:35:00,250.51,250.87,250.49,250.56,144851
2025-06-13 08:40:00,250.59,250.59,250.42,250.49,133663
2025-06-13 08:45:00,250.5,250.83,250.45,250.51,136882
2025-06-13 08:50:00,250.46,250.67,250.45,250.5,159151
2025-06-13 08:55:00,250.51,250.63,250.47,250.58,96565
2025-06-13 09:00:00,250.58,251.4,250.58,251.27,364835
2025-06-13 09:05:00,251.28,251.29,250.88,251.13,153776
2025-06-13 09:10:00,251.14,251.16,250.55,250.67,149667
2025-06-13 09:15:00,250.62,251.15,250.6,251.05,158995
2025-06-13 09:20:00,251.05,251.27,250.89,251.06,223831
2025-06-13 09:25:00,251.07,251.11,250.75,250.88,202151
2025-06-13 09:30:00,250.88,251.87,250.87,251.87,711084
2025-06-13 09:35:00,251.86,251.99,251.31,251.52,418847
2025-06-13 09:40:00,251.65,251.89,251.47,251.69,502040
2025-06-13 09:45:00,251.74,251.87,251.33,251.41,789402
2025-06-13 09:50:00,251.39,251.75,251.19,251.44,825297
2025-06-13 09:55:00,251.44,251.45,250.97,251.05,457343
2025-06-16 03:45:00,253.99,254.0,252.21,252.61,1705201
2025-06-16 03:50:00,252.7,253.83,252.19,253.22,630573
2025-06-16 03:55:00,253.12,253.99,253.01,253.24,1515654
2025-06-16 04:00:00,253.12,253.7,252.57,253.56,650294
2025-06-16 04:05:00,253.56,253.6,252.3,252.4,331335
2025-06-16 04:10:00,252.36,252.93,252.29,252.45,285867
2025-06-16 04:15:00,252.46,252.69,252.21,252.35,245577
2025-06-16 04:20:00,252.45,254.25,252.25,253.49,810892
2025-06-16 04:25:00,253.41,255.2,253.28,254.9,1319483
2025-06-16 04:30:00,254.89,255.9,254.7,255.86,1129502
2025-06-16 04:35:00,255.86,256.32,255.5,255.55,1098724
2025-06-16 04:40:00,255.63,255.8,254.99,255.11,530052
2025-06-16 04:45:00,255.14,256.5,255.12,256.07,775350
2025-06-16 04:50:00,256.07,256.6,255.85,255.85,556964
2025-06-16 04:55:00,255.92,256.28,255.65,255.96,379225
2025-06-16 05:00:00,256.0,256.36,255.92,256.15,365322
2025-06-16 05:05:00,256.15,256.25,255.92,256.15,339157
2025-06-16 05:10:00,256.15,256.5,256.05,256.45,288921
2025-06-16 05:15:00,256.4,256.89,256.2,256.23,616525
2025-06-16 05:20:00,256.3,256.5,256.13,256.32,217154
2025-06-16 05:25:00,256.3,256.74,256.11,256.5,313388
2025-06-16 05:30:00,256.51,256.8,255.8,255.95,418481
2025-06-16 05:35:00,255.95,256.22,255.69,255.81,252519
2025-06-16 05:40:00,255.78,256.35,255.65,256.2,296603
2025-06-16 05:45:00,256.33,257.3,256.31,257.05,1184882
2025-06-16 05:50:00,257.05,257.1,255.9,256.2,1082328
2025-06-16 05:55:00,256.19,256.5,255.99,256.25,282394
2025-06-16 06:00:00,256.2,256.62,256.14,256.16,185979
2025-06-16 06:05:00,256.16,256.32,256.0,256.1,346150
2025-06-16 06:10:00,256.09,256.6,256.0,256.4,161351
2025-06-16 06:15:00,256.35,256.59,256.2,256.2,220604
2025-06-16 06:20:00,256.21,256.25,255.69,255.82,997647
2025-06-16 06:25:00,255.84,256.02,255.75,255.75,173918
2025-06-16 06:30:00,255.79,255.9,255.75,255.81,307265
2025-06-16 06:35:00,255.8,255.85,255.0,255.01,854018
2025-06-16 06:40:00,255.01,255.68,254.44,255.16,468092
2025-06-16 06:45:00,255.19,255.25,255.0,255.15,213894
2025-06-16 06:50:00,255.15,255.2,255.0,255.05,153601
2025-06-16 06:55:00,255.07,255.2,255.0,255.06,77411
2025-06-16 07:00:00,255.06,255.35,255.0,255.3,197487
2025-06-16 07:05:00,255.2,255.43,255.05,255.4,110674
2025-06-16 07:10:00,255.34,255.44,255.01,255.02,85711
2025-06-16 07:15:00,255.02,255.1,254.42,254.57,622615
2025-06-16 07:20:00,254.55,254.72,254.17,254.68,303023
2025-06-16 07:25:00,254.69,254.76,254.5,254.65,94039
2025-06-16 07:30:00,254.65,254.8,254.55,254.76,159764
2025-06-16 07:35:00,254.76,254.96,254.6,254.73,96047
2025-06-16 07:40:00,254.73,254.75,254.5,254.52,93672
2025-06-16 07:45:00,254.52,254.94,254.5,254.82,344102
2025-06-16 07:50:00,254.86,255.0,254.5,254.55,363099
2025-06-16 07:55:00,254.55,254.9,254.55,254.69,88017
2025-06-16 08:00:00,254.69,254.75,254.6,254.72,65035
2025-06-16 08:05:00,254.61,255.25,254.61,255.01,117269
2025-06-16 08:10:00,255.01,255.4,255.0,255.2,130060
2025-06-16 08:15:00,255.21,255.29,254.74,254.74,121759
2025-06-16 08:20:00,254.75,254.8,254.6,254.66,74806
2025-06-16 08:25:00,254.65,254.72,254.5,254.56,99726
2025-06-16 08:30:00,254.53,254.65,254.5,254.55,145121
2025-06-16 08:35:00,254.52,254.7,254.16,254.58,524026
2025-06-16 08:40:00,254.58,254.8,254.5,254.72,137192
2025-06-16 08:45:00,254.77,254.77,254.55,254.64,68409
2025-06-16 08:50:00,254.64,254.64,254.3,254.45,281967
2025-06-16 08:55:00,254.45,254.86,254.38,254.7,162809
2025-06-16 09:00:00,254.68,255.05,254.68,255.03,157264
2025-06-16 09:05:00,255.04,255.04,254.79,254.9,102289
2025-06-16 09:10:00,254.87,255.05,254.52,254.61,326552
2025-06-16 09:15:00,254.61,254.92,254.51,254.83,193389
2025-06-16 09:20:00,254.76,255.14,254.75,255.04,700082
2025-06-16 09:25:00,255.03,255.1,255.0,255.03,264566
2025-06-16 09:30:00,255.04,256.0,255.0,255.48,525033
2025-06-16 09:35:00,255.49,257.05,255.39,256.66,7782020
2025-06-16 09:40:00,256.78,257.37,256.39,257.21,2707374
2025-06-16 09:45:00,257.34,257.34,256.67,256.8,814683
2025-06-16 09:50:00,256.8,256.8,255.96,256.04,548338
2025-06-16 09:55:00,256.07,257.5,256.0,256.25,1045759
2025-06-17 03:45:00,256.94,257.09,253.0,253.33,1428434
2025-06-17 03:50:00,253.34,253.34,252.05,252.65,1122041
2025-06-17 03:55:00,252.69,252.7,251.55,252.49,1766793
2025-06-17 04:00:00,252.55,252.85,252.0,252.35,616814
2025-06-17 04:05:00,252.36,252.8,252.13,252.37,376934
2025-06-17 04:10:00,252.32,252.6,252.01,252.41,467362
2025-06-17 04:15:00,252.41,252.6,252.17,252.4,213272
2025-06-17 04:20:00,252.4,253.79,252.33,253.35,444168
2025-06-17 04:25:00,253.36,254.2,253.3,253.79,404677
2025-06-17 04:30:00,253.75,253.95,253.2,253.34,275187
2025-06-17 04:35:00,253.38,253.47,253.05,253.05,171529
2025-06-17 04:40:00,253.06,253.06,252.45,252.77,291656
2025-06-17 04:45:00,252.75,253.47,252.7,253.2,141804
2025-06-17 04:50:00,253.19,253.3,252.8,252.84,119772
2025-06-17 04:55:00,252.91,253.14,252.82,252.96,85858
2025-06-17 05:00:00,252.96,253.3,252.95,253.25,84528
2025-06-17 05:05:00,253.25,253.61,253.25,253.42,322948
2025-06-17 05:10:00,253.42,253.99,253.4,253.83,219330
2025-06-17 05:15:00,253.83,253.87,253.32,253.4,102037
2025-06-17 05:20:00,253.4,253.85,253.21,253.85,162745
2025-06-17 05:25:00,253.76,253.76,253.44,253.7,84238
2025-06-17 05:30:00,253.56,253.63,252.6,252.61,234709
2025-06-17 05:35:00,252.67,253.09,252.36,252.57,309142
2025-06-17 05:40:00,252.55,252.59,252.28,252.41,189143
2025-06-17 05:45:00,252.4,252.48,252.2,252.23,147373
2025-06-17 05:50:00,252.2,253.09,252.2,252.5,254907
2025-06-17 05:55:00,252.5,253.36,252.34,253.29,475656
2025-06-17 06:00:00,253.32,253.32,253.0,253.1,80611
2025-06-17 06:05:00,253.1,253.15,253.0,253.1,89725
2025-06-17 06:10:00,253.11,253.25,252.79,252.89,339456
2025-06-17 06:15:00,252.88,253.23,252.88,253.0,301230
2025-06-17 06:20:00,253.01,253.01,252.4,252.43,200239
2025-06-17 06:25:00,252.5,253.04,252.46,252.61,380904
2025-06-17 06:30:00,252.65,252.93,252.5,252.55,77871
2025-06-17 06:35:00,252.55,252.87,252.47,252.85,65261
2025-06-17 06:40:00,252.87,252.92,252.5,252.69,357435
2025-06-17 06:45:00,252.68,252.92,252.62,252.85,78800
2025-06-17 06:50:00,252.77,253.06,252.74,253.05,232399
2025-06-17 06:55:00,253.0,253.06,252.6,252.74,143667
2025-06-17 07:00:00,252.72,252.84,252.5,252.51,87504
2025-06-17 07:05:00,252.5,253.0,252.5,252.88,89850
2025-06-17 07:10:00,252.79,253.02,252.68,252.68,107463
2025-06-17 07:15:00,252.68,252.68,252.3,252.41,188877
2025-06-17 07:20:00,252.45,252.5,251.8,251.89,316453
2025-06-17 07:25:00,251.89,252.18,251.61,252.0,215384
2025-06-17 07:30:00,252.0,252.25,251.85,252.19,137572
2025-06-17 07:35:00,252.19,252.29,252.04,252.27,111386
2025-06-17 07:40:00,252.25,252.43,252.09,252.29,106963
2025-06-17 07:45:00,252.31,252.4,252.21,252.31,87444
2025-06-17 07:50:00,252.3,252.42,252.0,252.35,101520
2025-06-17 07:55:00,252.35,252.45,252.24,252.37,93531
2025-06-17 08:00:00,252.36,253.28,252.36,253.08,256895
2025-06-17 08:05:00,253.08,253.15,252.75,252.84,79888
2025-06-17 08:10:00,252.75,252.87,252.7,252.73,81583
2025-06-17 08:15:00,252.73,252.84,252.5,252.8,115358
2025-06-17 08:20:00,252.78,252.89,252.6,252.61,64529
2025-06-17 08:25:00,252.62,252.62,252.33,252.45,108324
2025-06-17 08:30:00,252.43,252.48,252.27,252.37,63554
2025-06-17 08:35:00,252.36,252.65,252.31,252.61,84145
2025-06-17 08:40:00,252.65,252.84,252.36,252.37,176824
2025-06-17 08:45:00,252.37,252.47,252.27,252.32,97982
2025-06-17 08:50:00,252.32,252.45,252.25,252.36,83494
2025-06-17 08:55:00,252.35,252.46,252.22,252.35,109496
2025-06-17 09:00:00,252.39,252.59,252.35,252.51,72395
2025-06-17 09:05:00,252.51,252.54,252.21,252.28,131105
2025-06-17 09:10:00,252.31,252.46,252.1,252.4,122901
2025-06-17 09:15:00,252.4,252.69,252.37,252.67,109823
2025-06-17 09:20:00,252.61,252.68,252.35,252.42,88756
2025-06-17 09:25:00,252.42,252.58,252.32,252.52,138847
2025-06-17 09:30:00,252.52,252.55,252.35,252.39,155230
2025-06-17 09:35:00,252.37,252.62,252.35,252.61,363135
2025-06-17 09:40:00,252.68,252.7,252.39,252.46,299840
2025-06-17 09:45:00,252.46,252.46,252.21,252.4,511819
2025-06-17 09:50:00,252.35,252.45,252.0,252.12,529336
2025-06-17 09:55:00,252.1,252.27,251.76,251.91,429468
2025-06-18 03:45:00,254.03,254.69,253.03,254.02,1006183
2025-06-18 03:50:00,253.94,255.44,253.88,255.38,655630
2025-06-18 03:55:00,255.27,255.89,254.76,255.0,735462
2025-06-18 04:00:00,254.92,255.25,254.55,254.64,368924
2025-06-18 04:05:00,254.7,255.07,254.4,254.76,293187
2025-06-18 04:10:00,254.76,254.76,254.4,254.56,162531
2025-06-18 04:15:00,254.64,254.65,253.8,253.94,481967
2025-06-18 04:20:00,253.94,253.99,253.48,253.5,252847
2025-06-18 04:25:00,253.5,254.0,253.3,253.85,295825
2025-06-18 04:30:00,253.92,253.92,253.5,253.63,132003
2025-06-18 04:35:00,253.61,253.66,253.1,253.37,219649
2025-06-18 04:40:00,253.35,253.79,253.2,253.63,189909
2025-06-18 04:45:00,253.63,253.75,253.26,253.46,143300
2025-06-18 04:50:00,253.46,253.58,253.09,253.23,134830
2025-06-18 04:55:00,253.15,253.35,253.12,253.27,79633
2025-06-18 05:00:00,253.3,253.49,253.1,253.1,99563
2025-06-18 05:05:00,253.1,253.59,252.8,253.5,215832
2025-06-18 05:10:00,253.5,253.6,253.0,253.07,94246
2025-06-18 05:15:00,253.14,253.14,252.5,252.64,145111
2025-06-18 05:20:00,252.62,252.62,251.83,252.11,244227
2025-06-18 05:25:00,252.12,252.55,252.08,252.47,159837
2025-06-18 05:30:00,252.44,252.5,252.03,252.15,102763
2025-06-18 05:35:00,252.17,252.21,251.8,251.9,112192
2025-06-18 05:40:00,251.92,252.19,251.81,252.04,97726
2025-06-18 05:45:00,252.07,252.1,251.81,251.83,49381
2025-06-18 05:50:00,251.82,252.05,251.81,252.05,73194
2025-06-18 05:55:00,252.07,252.1,251.85,251.9,56592
2025-06-18 06:00:00,251.91,251.99,251.6,251.6,132712
2025-06-18 06:05:00,251.6,251.9,251.32,251.85,148615
2025-06-18 06:10:00,251.85,252.2,251.75,252.04,211644
2025-06-18 06:15:00,252.04,252.11,251.81,252.0,50903
2025-06-18 06:20:00,252.0,252.03,251.6,251.64,90116
2025-06-18 06:25:00,251.65,251.69,251.32,251.4,82173
2025-06-18 06:30:00,251.4,251.75,251.33,251.69,78571
2025-06-18 06:35:00,251.75,252.05,251.54,251.82,70535
2025-06-18 06:40:00,251.87,251.98,251.63,251.8,69749
2025-06-18 06:45:00,251.8,252.0,251.6,251.92,63077
2025-06-18 06:50:00,251.94,252.05,251.11,251.27,187603
2025-06-18 06:55:00,251.27,251.37,251.15,251.19,86951
2025-06-18 07:00:00,251.15,251.18,250.72,250.85,183365
2025-06-18 07:05:00,250.86,250.95,250.72,250.85,82097
2025-06-18 07:10:00,250.85,250.85,250.27,250.33,120162
2025-06-18 07:15:00,250.32,250.5,250.2,250.33,117085
2025-06-18 07:20:00,250.33,250.5,250.21,250.21,68294
2025-06-18 07:25:00,250.21,250.56,250.11,250.32,86267
2025-06-18 07:30:00,250.32,250.65,250.21,250.56,61100
2025-06-18 07:35:00,250.59,250.69,250.34,250.37,49514
2025-06-18 07:40:00,250.44,250.75,250.41,250.68,61168
2025-06-18 07:45:00,250.69,250.69,250.4,250.49,56869
2025-06-18 07:50:00,250.53,250.92,250.5,250.9,49198
2025-06-18 07:55:00,250.87,251.18,250.82,251.05,125370
2025-06-18 08:00:00,251.05,251.18,250.75,250.94,78387
2025-06-18 08:05:00,250.95,251.14,250.79,250.82,56899
2025-06-18 08:10:00,250.81,251.04,250.8,250.82,46528
2025-06-18 08:15:00,250.8,250.94,250.65,250.65,37817
2025-06-18 08:20:00,250.65,250.7,250.35,250.55,89824
2025-06-18 08:25:00,250.59,250.74,250.4,250.56,66775
2025-06-18 08:30:00,250.7,250.79,250.44,250.75,66390
2025-06-18 08:35:00,250.76,250.83,250.57,250.68,56229
2025-06-18 08:40:00,250.68,250.8,250.5,250.54,49002
2025-06-18 08:45:00,250.54,250.54,250.31,250.33,59110
2025-06-18 08:50:00,250.36,250.54,250.1,250.15,61286
2025-06-18 08:55:00,250.1,250.26,249.82,250.08,333238
2025-06-18 09:00:00,250.2,250.85,250.16,250.73,110357
2025-06-18 09:05:00,250.78,250.78,250.51,250.55,55017
2025-06-18 09:10:00,250.55,250.7,250.32,250.49,54076
2025-06-18 09:15:00,250.54,250.7,250.42,250.52,90288
2025-06-18 09:20:00,250.51,250.66,250.31,250.33,75927
2025-06-18 09:25:00,250.33,251.0,250.21,250.73,312105
2025-06-18 09:30:00,250.79,251.0,250.5,250.58,140849
2025-06-18 09:35:00,250.58,251.04,250.53,250.85,411229
2025-06-18 09:40:00,251.0,251.0,250.4,250.46,333492
2025-06-18 09:45:00,250.45,250.5,249.78,249.86,617594
2025-06-18 09:50:00,249.8,250.36,249.77,249.95,349607
2025-06-18 09:55:00,249.99,250.39,249.85,250.0,197805
2025-06-19 03:45:00,250.5,250.79,248.65,249.18,528201
2025-06-19 03:50:00,249.2,249.97,249.0,249.96,192575
2025-06-19 03:55:00,250.05,250.35,249.5,249.79,161817
2025-06-19 04:00:00,249.79,249.9,249.5,249.69,83796
2025-06-19 04:05:00,249.69,249.75,249.5,249.6,47759
2025-06-19 04:10:00,249.5,249.7,249.35,249.52,51041
2025-06-19 04:15:00,249.5,249.92,249.5,249.9,57477
2025-06-19 04:20:00,249.88,250.16,249.47,249.63,161455
2025-06-19 04:25:00,249.61,249.76,249.17,249.64,79707
2025-06-19 04:30:00,249.66,249.66,248.88,248.94,92175
2025-06-19 04:35:00,248.85,249.0,248.68,248.76,73013
2025-06-19 04:40:00,248.72,249.17,248.72,249.13,83203
2025-06-19 04:45:00,249.12,249.12,248.37,248.5,76732
2025-06-19 04:50:00,248.56,249.5,248.49,249.3,86562
2025-06-19 04:55:00,249.36,249.5,249.17,249.25,47156
2025-06-19 05:00:00,249.3,249.41,248.75,248.79,95764
2025-06-19 05:05:00,248.78,248.94,248.5,248.92,72822
2025-06-19 05:10:00,248.92,248.95,248.58,248.69,68164
2025-06-19 05:15:00,248.69,249.0,248.5,248.55,84484
2025-06-19 05:20:00,248.51,248.96,248.2,248.26,67453
2025-06-19 05:25:00,248.34,248.75,248.26,248.59,64114
2025-06-19 05:30:00,248.54,248.71,248.5,248.7,47657
2025-06-19 05:35:00,248.7,248.75,248.55,248.73,40753
2025-06-19 05:40:00,248.73,248.75,248.53,248.7,53179
2025-06-19 05:45:00,248.68,248.85,248.51,248.53,61114
2025-06-19 05:50:00,248.54,249.49,248.5,249.41,65470
2025-06-19 05:55:00,249.41,249.5,249.12,249.4,54906
2025-06-19 06:00:00,249.49,250.08,249.34,249.65,129826
2025-06-19 06:05:00,249.65,250.45,249.6,250.31,88236
2025-06-19 06:10:00,250.31,250.67,249.51,249.58,115555
2025-06-19 06:15:00,249.58,250.15,249.5,250.14,52438
2025-06-19 06:20:00,250.12,250.24,249.85,250.22,79129
2025-06-19 06:25:00,250.18,250.28,249.93,250.03,242228
2025-06-19 06:30:00,250.01,250.35,250.0,250.29,98980
2025-06-19 06:35:00,250.29,250.56,250.11,250.12,120235
2025-06-19 06:40:00,250.11,251.25,250.06,251.21,173793
2025-06-19 06:45:00,251.25,251.5,250.8,250.83,224217
2025-06-19 06:50:00,250.82,251.23,250.6,251.1,124752
2025-06-19 06:55:00,251.05,251.25,250.71,250.73,85874
2025-06-19 07:00:00,250.66,250.71,250.11,250.27,107693
2025-06-19 07:05:00,250.26,250.55,250.08,250.25,60577
2025-06-19 07:10:00,250.25,250.5,250.03,250.15,75764
2025-06-19 07:15:00,250.25,250.25,249.51,249.56,145111
2025-06-19 07:20:00,249.45,250.07,249.26,250.02,139415
2025-06-19 07:25:00,249.98,250.27,249.95,250.03,140875
2025-06-19 07:30:00,250.05,250.3,249.65,250.21,104047
2025-06-19 07:35:00,250.3,250.89,250.2,250.8,118911
2025-06-19 07:40:00,250.75,250.8,250.01,250.17,73733
2025-06-19 07:45:00,250.17,250.19,249.74,249.78,215232
2025-06-19 07:50:00,249.82,249.84,249.4,249.4,50149
2025-06-19 07:55:00,249.41,250.42,249.29,250.41,234822
2025-06-19 08:00:00,250.42,250.44,250.0,250.12,95637
2025-06-19 08:05:00,250.12,250.3,249.83,250.25,83127
2025-06-19 08:10:00,250.18,250.47,250.0,250.09,83655
2025-06-19 08:15:00,250.02,250.5,250.0,250.37,75272
2025-06-19 08:20:00,250.32,250.71,250.1,250.44,98374
2025-06-19 08:25:00,250.61,250.75,250.09,250.66,95482
2025-06-19 08:30:00,250.7,251.16,250.7,251.12,149648
2025-06-19 08:35:00,251.13,251.33,250.78,251.0,205893
2025-06-19 08:40:00,251.05,252.35,250.8,252.07,333119
2025-06-19 08:45:00,252.07,252.9,252.0,252.84,628983
2025-06-19 08:50:00,252.84,253.0,252.16,252.2,323486
2025-06-19 08:55:00,252.25,252.27,251.7,251.8,162717
2025-06-19 09:00:00,251.85,252.48,251.74,252.15,146578
2025-06-19 09:05:00,252.15,252.3,251.85,251.96,113044
2025-06-19 09:10:00,251.96,252.02,251.4,251.72,254814
2025-06-19 09:15:00,251.73,251.94,251.61,251.8,118049
2025-06-19 09:20:00,251.79,252.48,251.65,252.08,173071
2025-06-19 09:25:00,252.02,252.45,252.0,252.01,157870
2025-06-19 09:30:00,252.02,252.02,251.6,251.61,296614
2025-06-19 09:35:00,251.6,251.78,251.45,251.63,259927
2025-06-19 09:40:00,251.63,251.92,251.59,251.76,277539
2025-06-19 09:45:00,251.77,251.79,251.37,251.45,380943
2025-06-19 09:50:00,251.46,251.7,251.39,251.41,391545
2025-06-19 09:55:00,251.3,251.33,251.0,251.0,276880
2025-06-20 03:45:00,252.26,252.45,250.13,250.3,575928
2025-06-20 03:50:00,250.36,250.74,249.35,249.92,301546
2025-06-20 03:55:00,249.87,250.68,249.86,250.2,190864
2025-06-20 04:00:00,250.26,250.68,250.1,250.44,121330
2025-06-20 04:05:00,250.39,250.49,250.01,250.3,62034
2025-06-20 04:10:00,250.34,251.29,250.2,251.2,134025
2025-06-20 04:15:00,251.2,251.94,251.16,251.49,208968
2025-06-20 04:20:00,251.49,251.59,250.83,251.0,105572
2025-06-20 04:25:00,250.98,251.28,250.41,250.87,119789
2025-06-20 04:30:00,250.9,251.43,250.81,251.25,63340
2025-06-20 04:35:00,251.24,251.4,250.51,250.74,29488
2025-06-20 04:40:00,250.86,251.49,250.7,251.49,52969
2025-06-20 04:45:00,251.49,251.76,251.21,251.43,123631
2025-06-20 04:50:00,251.49,251.9,251.49,251.76,72956
2025-06-20 04:55:00,251.78,252.2,251.64,251.79,134121
2025-06-20 05:00:00,251.8,252.06,251.61,251.91,52880
2025-06-20 05:05:00,251.91,251.95,251.31,251.42,64094
2025-06-20 05:10:00,251.42,251.7,251.4,251.56,46904
2025-06-20 05:15:00,251.63,251.63,251.24,251.38,92124
2025-06-20 05:20:00,251.38,251.73,251.32,251.71,68626
2025-06-20 05:25:00,251.67,251.96,251.18,251.23,59663
2025-06-20 05:30:00,251.34,252.74,251.21,252.36,393605
2025-06-20 05:35:00,252.42,252.88,252.03,252.84,204086
2025-06-20 05:40:00,252.89,253.02,252.24,252.63,250419
2025-06-20 05:45:00,252.63,253.07,252.53,252.57,350566
2025-06-20 05:50:00,252.58,253.2,252.56,253.2,106729
2025-06-20 05:55:00,253.2,253.25,252.81,252.91,232370
2025-06-20 06:00:00,252.9,252.98,252.8,252.91,114857
2025-06-20 06:05:00,252.91,252.97,252.45,252.8,78611
2025-06-20 06:10:00,252.81,253.05,252.6,252.96,68558
2025-06-20 06:15:00,252.95,253.05,252.83,252.91,28975
2025-06-20 06:20:00,252.95,252.96,252.42,252.59,101522
2025-06-20 06:25:00,252.6,252.6,252.19,252.46,71830
2025-06-20 06:30:00,252.46,252.52,252.2,252.37,51780
2025-06-20 06:35:00,252.37,252.44,252.25,252.28,30266
2025-06-20 06:40:00,252.28,252.67,252.21,252.47,71207
2025-06-20 06:45:00,252.5,252.5,251.6,251.6,123948
2025-06-20 06:50:00,251.68,251.72,251.16,251.27,124350
2025-06-20 06:55:00,251.21,251.3,250.82,250.9,64777
2025-06-20 07:00:00,250.89,251.07,250.51,250.55,63607
2025-06-20 07:05:00,250.55,250.65,250.4,250.44,56343
2025-06-20 07:10:00,250.44,250.65,250.2,250.65,76207
2025-06-20 07:15:00,250.65,251.4,250.54,251.4,78571
2025-06-20 07:20:00,251.33,251.5,251.1,251.3,62880
2025-06-20 07:25:00,251.3,251.3,251.02,251.02,30904
2025-06-20 07:30:00,251.04,251.3,250.77,251.24,60549
2025-06-20 07:35:00,251.24,251.39,251.0,251.2,44987
2025-06-20 07:40:00,251.2,251.5,251.2,251.49,49450
2025-06-20 07:45:00,251.42,251.8,251.32,251.76,74539
2025-06-20 07:50:00,251.76,251.79,251.3,251.42,47045
2025-06-20 07:55:00,251.4,251.64,251.32,251.51,37153
2025-06-20 08:00:00,251.56,251.8,251.5,251.51,45527
2025-06-20 08:05:00,251.62,251.65,251.2,251.25,47043
2025-06-20 08:10:00,251.25,251.32,250.91,251.18,47573
2025-06-20 08:15:00,251.27,252.08,251.18,252.0,145092
2025-06-20 08:20:00,252.01,252.03,251.64,251.65,120135
2025-06-20 08:25:00,251.65,251.78,251.6,251.69,43190
2025-06-20 08:30:00,251.67,251.67,250.9,251.03,119062
2025-06-20 08:35:00,251.0,251.23,250.91,251.03,101658
2025-06-20 08:40:00,251.02,251.11,250.6,250.79,165825
2025-06-20 08:45:00,250.75,251.23,250.72,251.03,91627
2025-06-20 08:50:00,251.03,251.44,250.91,251.39,99819
2025-06-20 08:55:00,251.34,251.42,250.85,250.98,103115
2025-06-20 09:00:00,250.95,251.1,250.83,250.96,112136
2025-06-20 09:05:00,250.92,251.4,250.92,251.24,102873
2025-06-20 09:10:00,251.36,251.7,251.25,251.6,141398
2025-06-20 09:15:00,251.6,251.7,251.4,251.54,115403
2025-06-20 09:20:00,251.5,251.75,251.38,251.72,164735
2025-06-20 09:25:00,251.72,252.1,251.58,251.96,152404
2025-06-20 09:30:00,251.98,252.7,251.76,252.2,1653186
2025-06-20 09:35:00,252.14,252.42,252.1,252.23,1325535
2025-06-20 09:40:00,252.18,252.26,252.0,252.01,1335335
2025-06-20 09:45:00,252.0,252.02,251.2,251.55,1569214
2025-06-20 09:50:00,251.55,252.05,251.55,251.6,1359915
2025-06-20 09:55:00,251.6,251.74,250.3,251.2,893912
2025-06-23 03:45:00,253.01,255.49,252.54,252.78,2380350
2025-06-23 03:50:00,252.83,253.8,252.51,253.22,1135279
2025-06-23 03:55:00,253.3,253.57,252.6,252.77,362031
2025-06-23 04:00:00,252.8,252.95,251.75,251.8,818232
2025-06-23 04:05:00,251.81,252.63,251.81,252.08,336092
2025-06-23 04:10:00,252.17,252.47,251.69,251.75,528194
2025-06-23 04:15:00,251.76,251.83,251.34,251.71,314573
2025-06-23 04:20:00,251.73,252.52,251.44,252.1,341165
2025-06-23 04:25:00,252.05,252.36,252.04,252.36,149926
2025-06-23 04:30:00,252.4,252.78,251.75,251.97,216591
2025-06-23 04:35:00,251.97,252.25,251.87,252.22,85498
2025-06-23 04:40:00,252.24,252.24,251.57,251.9,144668
2025-06-23 04:45:00,251.86,251.96,251.63,251.8,122649
2025-06-23 04:50:00,251.8,251.8,251.42,251.52,132395
2025-06-23 04:55:00,251.52,251.56,250.8,250.97,342908
2025-06-23 05:00:00,250.92,251.3,250.8,251.15,186718
2025-06-23 05:05:00,251.15,251.3,250.87,251.28,182190
2025-06-23 05:10:00,251.28,251.87,251.05,251.5,182737
2025-06-23 05:15:00,251.5,251.8,251.2,251.2,114569
2025-06-23 05:20:00,251.15,251.28,250.5,250.7,286833
2025-06-23 05:25:00,250.75,250.91,250.59,250.81,115739
2025-06-23 05:30:00,250.82,251.1,250.33,250.9,190107
2025-06-23 05:35:00,250.9,251.25,250.77,251.13,166043
2025-06-23 05:40:00,251.13,251.57,251.01,251.32,106056
2025-06-23 05:45:00,251.27,251.38,251.0,251.0,59326
2025-06-23 05:50:00,251.01,251.48,251.0,251.41,57703
2025-06-23 05:55:00,251.48,251.63,251.21,251.45,148678
2025-06-23 06:00:00,251.45,251.59,251.15,251.38,149821
2025-06-23 06:05:00,251.38,251.45,251.2,251.2,68411
2025-06-23 06:10:00,251.3,251.8,251.24,251.76,109579
2025-06-23 06:15:00,251.78,251.8,251.25,251.34,82500
2025-06-23 06:20:00,251.41,251.5,251.12,251.25,74384
2025-06-23 06:25:00,251.25,251.3,250.87,251.0,121978
2025-06-23 06:30:00,251.0,251.35,250.9,251.03,157793
2025-06-23 06:35:00,251.06,251.11,250.9,251.06,93486
2025-06-23 06:40:00,251.01,251.25,250.94,251.08,135797
2025-06-23 06:45:00,251.0,251.33,250.65,250.75,136786
2025-06-23 06:50:00,250.7,251.5,250.7,251.12,114419
2025-06-23 06:55:00,251.06,251.3,250.9,251.2,141443
2025-06-23 07:00:00,251.2,251.4,251.11,251.27,77141
2025-06-23 07:05:00,251.27,251.33,251.0,251.17,51540
2025-06-23 07:10:00,251.15,251.31,250.84,251.01,137102
2025-06-23 07:15:00,251.05,251.19,250.8,250.97,79923
2025-06-23 07:20:00,250.97,251.17,250.85,250.93,204649
2025-06-23 07:25:00,250.93,251.35,250.85,251.33,79203
2025-06-23 07:30:00,251.33,251.35,251.15,251.22,70184
2025-06-23 07:35:00,251.3,251.4,251.18,251.34,102511
2025-06-23 07:40:00,251.33,251.85,251.3,251.82,186363
2025-06-23 07:45:00,251.85,251.9,251.5,251.68,145919
2025-06-23 07:50:00,251.7,252.0,251.69,251.99,192428
2025-06-23 07:55:00,252.14,252.29,251.88,252.06,207176
2025-06-23 08:00:00,252.03,252.28,251.95,251.95,149824
2025-06-23 08:05:00,252.0,252.38,251.62,252.33,211754
2025-06-23 08:10:00,252.33,252.35,251.9,251.91,147018
2025-06-23 08:15:00,251.91,252.1,251.64,251.65,122634
2025-06-23 08:20:00,251.68,252.18,251.65,252.06,157873
2025-06-23 08:25:00,252.01,252.08,251.77,251.8,65239
2025-06-23 08:30:00,251.85,252.12,251.75,252.02,101435
2025-06-23 08:35:00,252.07,252.1,251.38,251.49,112306
2025-06-23 08:40:00,251.44,251.56,250.85,251.01,241052
2025-06-23 08:45:00,251.01,251.34,250.96,251.27,81770
2025-06-23 08:50:00,251.27,251.44,250.95,251.0,157586
2025-06-23 08:55:00,250.95,251.44,250.95,251.29,246122
2025-06-23 09:00:00,251.28,251.4,251.05,251.12,105216
2025-06-23 09:05:00,251.1,251.28,250.91,251.1,112839
2025-06-23 09:10:00,251.1,251.42,251.01,251.25,89007
2025-06-23 09:15:00,251.26,251.7,251.22,251.43,168084
2025-06-23 09:20:00,251.42,251.5,251.25,251.4,58685
2025-06-23 09:25:00,251.35,251.75,251.35,251.55,157611
2025-06-23 09:30:00,251.57,251.7,251.55,251.61,193503
2025-06-23 09:35:00,251.61,251.75,251.3,251.5,248939
2025-06-23 09:40:00,251.61,251.67,251.32,251.44,393071
2025-06-23 09:45:00,251.37,251.6,251.11,251.38,547302
2025-06-23 09:50:00,251.39,251.49,251.04,251.13,531634
2025-06-23 09:55:00,251.14,251.2,251.05,251.1,240167
2025-06-24 03:45:00,247.5,248.0,245.1,246.29,2216937
2025-06-24 03:50:00,246.27,246.27,245.0,246.06,1179757
2025-06-24 03:55:00,246.0,246.67,245.4,245.5,776634
2025-06-24 04:00:00,245.5,246.6,245.47,246.45,347877
2025-06-24 04:05:00,246.41,247.0,246.36,246.97,394368
2025-06-24 04:10:00,246.97,247.89,246.86,247.35,601545
2025-06-24 04:15:00,247.35,247.5,247.01,247.2,162617
2025-06-24 04:20:00,247.2,247.3,246.92,247.14,105337
2025-06-24 04:25:00,247.2,247.75,247.1,247.3,127192
2025-06-24 04:30:00,247.38,247.6,247.21,247.32,187046
2025-06-24 04:35:00,247.37,247.44,247.01,247.01,133395
2025-06-24 04:40:00,247.01,247.1,246.21,246.67,255538
2025-06-24 04:45:00,246.65,246.79,246.41,246.57,147197
2025-06-24 04:50:00,246.6,246.84,246.5,246.56,68687
2025-06-24 04:55:00,246.6,246.6,245.93,245.98,411109
2025-06-24 05:00:00,245.98,246.0,245.48,245.48,357310
2025-06-24 05:05:00,245.5,245.73,244.7,244.9,700227
2025-06-24 05:10:00,244.99,245.02,244.47,244.55,351531
2025-06-24 05:15:00,244.48,244.59,243.7,243.93,624338
2025-06-24 05:20:00,243.85,244.67,243.85,244.43,323311
2025-06-24 05:25:00,244.43,245.36,244.26,245.05,740310
2025-06-24 05:30:00,245.05,245.1,244.3,244.7,180657
2025-06-24 05:35:00,244.74,244.92,244.0,244.35,286758
2025-06-24 05:40:00,244.36,244.47,244.0,244.03,237275
2025-06-24 05:45:00,244.06,244.33,244.0,244.07,222276
2025-06-24 05:50:00,244.12,244.39,244.02,244.26,102214
2025-06-24 05:55:00,244.25,244.88,244.25,244.8,621671
2025-06-24 06:00:00,244.8,244.84,244.54,244.62,115084
2025-06-24 06:05:00,244.61,245.09,244.51,245.0,318216
2025-06-24 06:10:00,245.0,245.11,245.0,245.04,197599
2025-06-24 06:15:00,245.04,245.13,245.0,245.06,185427
2025-06-24 06:20:00,245.06,245.3,244.6,244.7,401055
2025-06-24 06:25:00,244.79,245.24,244.78,245.15,379189
2025-06-24 06:30:00,245.14,245.3,244.92,244.98,208147
2025-06-24 06:35:00,244.98,245.05,244.78,244.91,142452
2025-06-24 06:40:00,244.98,245.05,244.78,245.02,412552
2025-06-24 06:45:00,245.02,245.03,244.7,244.79,265858
2025-06-24 06:50:00,244.79,244.84,244.4,244.67,165758
2025-06-24 06:55:00,244.67,244.88,244.45,244.88,89129
2025-06-24 07:00:00,244.88,244.92,244.66,244.9,85210
2025-06-24 07:05:00,244.9,244.98,244.65,244.74,113898
2025-06-24 07:10:00,244.73,244.98,244.5,244.82,187477
2025-06-24 07:15:00,244.93,245.0,244.62,244.87,163994
2025-06-24 07:20:00,244.83,245.05,244.8,244.9,92698
2025-06-24 07:25:00,244.89,244.91,244.6,244.61,91559
2025-06-24 07:30:00,244.61,244.63,244.3,244.47,182058
2025-06-24 07:35:00,244.47,244.94,244.25,244.93,242104
2025-06-24 07:40:00,244.93,244.93,244.51,244.66,149134
2025-06-24 07:45:00,244.6,244.76,244.31,244.4,123443
2025-06-24 07:50:00,244.36,244.48,244.12,244.21,225756
2025-06-24 07:55:00,244.29,244.46,244.12,244.14,152273
2025-06-24 08:00:00,244.14,244.18,244.0,244.1,205454
2025-06-24 08:05:00,244.06,244.5,243.8,244.32,316315
2025-06-24 08:10:00,244.32,244.7,244.21,244.23,178901
2025-06-24 08:15:00,244.23,244.48,244.1,244.42,91951
2025-06-24 08:20:00,244.34,244.65,244.3,244.6,117457
2025-06-24 08:25:00,244.6,244.63,244.3,244.51,84817
2025-06-24 08:30:00,244.5,244.57,244.01,244.05,144768
2025-06-24 08:35:00,244.01,244.13,243.84,243.89,238251
2025-06-24 08:40:00,243.84,243.96,243.49,243.62,431773
2025-06-24 08:45:00,243.63,244.02,243.63,243.85,202047
2025-06-24 08:50:00,243.84,244.2,243.66,243.93,194099
2025-06-24 08:55:00,243.91,244.08,243.67,243.75,107463
2025-06-24 09:00:00,243.8,244.1,243.67,244.01,154865
2025-06-24 09:05:00,244.0,244.12,243.89,244.0,94354
2025-06-24 09:10:00,244.0,244.19,243.9,244.05,137687
2025-06-24 09:15:00,244.04,244.1,243.63,243.75,167587
2025-06-24 09:20:00,243.75,243.87,243.6,243.77,169406
2025-06-24 09:25:00,243.8,243.92,243.6,243.84,188991
2025-06-24 09:30:00,243.8,243.85,243.64,243.75,219826
2025-06-24 09:35:00,243.75,243.78,243.55,243.7,381066
2025-06-24 09:40:00,243.78,243.98,243.66,243.95,387052
2025-06-24 09:45:00,243.98,244.1,243.79,244.09,557296
2025-06-24 09:50:00,244.06,244.25,243.91,244.18,496851
2025-06-24 09:55:00,244.1,244.17,244.0,244.1,388712
2025-06-25 03:45:00,244.0,245.3,243.93,243.95,713123
2025-06-25 03:50:00,244.12,244.8,243.71,244.11,312141
2025-06-25 03:55:00,244.07,244.65,244.07,244.19,155239
2025-06-25 04:00:00,244.19,244.5,244.1,244.3,123261
2025-06-25 04:05:00,244.3,244.64,244.0,244.55,393506
2025-06-25 04:10:00,244.42,244.64,244.31,244.33,128752
2025-06-25 04:15:00,244.33,244.57,244.18,244.27,134926
2025-06-25 04:20:00,244.39,244.5,244.27,244.38,89924
2025-06-25 04:25:00,244.44,244.8,244.12,244.75,136413
2025-06-25 04:30:00,244.75,244.94,244.46,244.54,126286
2025-06-25 04:35:00,244.65,244.65,244.11,244.3,129054
2025-06-25 04:40:00,244.3,244.34,244.13,244.21,35050
2025-06-25 04:45:00,244.09,244.21,243.81,243.99,185111
2025-06-25 04:50:00,243.95,244.1,243.83,243.94,138301
2025-06-25 04:55:00,243.94,243.95,243.75,243.85,110750
2025-06-25 05:00:00,243.9,244.0,243.76,243.78,178286
2025-06-25 05:05:00,243.78,243.85,243.25,243.38,187609
2025-06-25 05:10:00,243.38,243.83,243.3,243.64,94896
2025-06-25 05:15:00,243.6,243.69,243.21,243.3,143090
2025-06-25 05:20:00,243.25,243.46,242.8,243.06,229510
2025-06-25 05:25:00,243.0,243.46,242.9,243.3,92417
2025-06-25 05:30:00,243.35,243.8,243.26,243.65,82830
2025-06-25 05:35:00,243.61,243.65,243.04,243.2,77723
2025-06-25 05:40:00,243.12,243.41,243.11,243.35,71088
2025-06-25 05:45:00,243.3,243.45,243.15,243.4,67001
2025-06-25 05:50:00,243.35,243.7,243.33,243.49,62984
2025-06-25 05:55:00,243.48,243.68,243.41,243.57,41745
2025-06-25 06:00:00,243.54,243.75,243.44,243.46,67086
2025-06-25 06:05:00,243.46,243.48,243.1,243.35,64429
2025-06-25 06:10:00,243.36,243.43,243.1,243.13,64620
2025-06-25 06:15:00,243.1,243.42,243.05,243.33,67814
2025-06-25 06:20:00,243.33,243.42,243.1,243.18,19658
2025-06-25 06:25:00,243.18,243.34,243.05,243.32,60707
2025-06-25 06:30:00,243.27,243.33,243.0,243.05,73430
2025-06-25 06:35:00,243.1,243.1,242.91,242.99,71428
2025-06-25 06:40:00,242.95,243.1,242.91,243.04,42325
2025-06-25 06:45:00,243.08,243.65,243.04,243.36,131009
2025-06-25 06:50:00,243.33,243.6,243.33,243.5,43848
2025-06-25 06:55:00,243.55,243.95,243.5,243.94,142082
2025-06-25 07:00:00,243.92,243.95,243.7,243.75,65481
2025-06-25 07:05:00,243.75,244.47,243.72,244.1,212022
2025-06-25 07:10:00,244.12,244.35,244.06,244.24,96171
2025-06-25 07:15:00,244.21,244.23,243.77,243.8,129285
2025-06-25 07:20:00,243.77,244.11,243.71,244.02,92642
2025-06-25 07:25:00,244.01,244.25,244.0,244.09,55050
2025-06-25 07:30:00,244.01,244.19,244.0,244.08,48585
2025-06-25 07:35:00,244.08,244.17,244.04,244.04,41272
2025-06-25 07:40:00,244.0,244.38,243.98,244.23,230484
2025-06-25 07:45:00,244.16,244.22,243.0,243.25,838517
2025-06-25 07:50:00,243.19,243.44,243.16,243.24,159839
2025-06-25 07:55:00,243.21,243.32,243.21,243.25,102975
2025-06-25 08:00:00,243.3,243.35,243.23,243.26,61979
2025-06-25 08:05:00,243.26,243.3,243.25,243.28,220915
2025-06-25 08:10:00,243.36,243.41,242.9,242.94,291690
2025-06-25 08:15:00,243.0,243.39,242.94,243.37,93574
2025-06-25 08:20:00,243.37,243.59,243.25,243.26,174377
2025-06-25 08:25:00,243.33,243.36,243.0,243.02,138227
2025-06-25 08:30:00,243.04,243.2,243.02,243.09,61240
2025-06-25 08:35:00,243.03,243.18,243.02,243.02,76736
2025-06-25 08:40:00,243.07,243.24,243.0,243.0,104280
2025-06-25 08:45:00,243.01,243.06,242.8,242.91,171768
2025-06-25 08:50:00,242.92,243.0,242.88,242.95,57244
2025-06-25 08:55:00,242.99,243.2,242.93,243.0,77939
2025-06-25 09:00:00,243.0,243.09,242.75,242.81,88745
2025-06-25 09:05:00,242.75,242.9,242.43,242.5,179241
2025-06-25 09:10:00,242.43,242.65,242.3,242.45,131028
2025-06-25 09:15:00,242.45,242.49,242.3,242.36,185209
2025-06-25 09:20:00,242.33,242.56,242.3,242.42,129012
2025-06-25 09:25:00,242.46,242.52,242.29,242.34,194501
2025-06-25 09:30:00,242.45,242.75,241.91,241.95,541485
2025-06-25 09:35:00,241.95,242.4,241.55,242.28,684551
2025-06-25 09:40:00,242.28,242.3,241.53,241.84,688023
2025-06-25 09:45:00,241.92,242.09,241.75,241.97,569635
2025-06-25 09:50:00,241.9,241.95,241.73,241.9,481702
2025-06-25 09:55:00,241.9,241.9,241.5,241.79,484764
2025-06-26 03:45:00,242.0,242.99,242.0,242.3,578471
2025-06-26 03:50:00,242.37,243.45,242.36,243.4,297419
2025-06-26 03:55:00,243.4,243.66,243.05,243.22,186101
2025-06-26 04:00:00,243.23,243.3,242.75,243.1,113755
2025-06-26 04:05:00,243.1,243.1,242.7,242.95,68056
2025-06-26 04:10:00,242.95,243.4,242.77,243.31,139834
2025-06-26 04:15:00,243.29,243.36,243.01,243.18,79359
2025-06-26 04:20:00,243.12,243.15,242.4,242.5,147892
2025-06-26 04:25:00,242.5,243.18,242.5,243.13,274483
2025-06-26 04:30:00,243.18,243.3,242.81,243.05,552541
2025-06-26 04:35:00,243.1,243.13,242.86,243.0,145368
2025-06-26 04:40:00,242.95,243.15,242.65,242.75,150594
2025-06-26 04:45:00,242.75,242.94,242.4,242.6,408757
2025-06-26 04:50:00,242.6,242.8,242.4,242.71,79059
2025-06-26 04:55:00,242.71,243.1,242.66,242.82,125466
2025-06-26 05:00:00,242.8,242.95,242.51,242.51,59977
2025-06-26 05:05:00,242.51,242.83,242.41,242.5,70010
2025-06-26 05:10:00,242.56,242.61,241.84,241.89,242585
2025-06-26 05:15:00,241.89,242.08,241.56,241.9,330458
2025-06-26 05:20:00,241.83,242.39,241.83,242.3,154254
2025-06-26 05:25:00,242.29,242.65,242.29,242.38,80666
2025-06-26 05:30:00,242.39,242.75,242.3,242.4,226904
2025-06-26 05:35:00,242.36,242.44,242.0,242.12,310109
2025-06-26 05:40:00,242.15,242.55,242.0,242.27,1009684
2025-06-26 05:45:00,242.2,242.34,241.97,242.12,177457
2025-06-26 05:50:00,242.05,242.2,241.76,242.14,216101
2025-06-26 05:55:00,242.14,242.5,242.08,242.1,152825
2025-06-26 06:00:00,242.15,242.5,242.02,242.09,70381
2025-06-26 06:05:00,242.09,242.14,241.57,241.7,163031
2025-06-26 06:10:00,241.69,242.13,241.54,241.97,240437
2025-06-26 06:15:00,241.97,242.16,241.93,242.08,97686
2025-06-26 06:20:00,242.1,242.16,241.68,241.7,71905
2025-06-26 06:25:00,241.63,241.91,241.62,241.81,111923
2025-06-26 06:30:00,241.75,241.93,241.62,241.81,66966
2025-06-26 06:35:00,241.85,242.07,241.66,241.84,306309
2025-06-26 06:40:00,241.79,242.56,241.65,242.44,402277
2025-06-26 06:45:00,242.35,242.75,242.31,242.32,235603
2025-06-26 06:50:00,242.33,242.68,242.24,242.53,77375
2025-06-26 06:55:00,242.5,243.3,242.46,243.02,227874
2025-06-26 07:00:00,243.02,243.1,242.9,243.0,88322
2025-06-26 07:05:00,243.0,243.29,243.0,243.2,108322
2025-06-26 07:10:00,243.19,243.28,243.0,243.26,102949
2025-06-26 07:15:00,243.26,243.28,243.0,243.13,215169
2025-06-26 07:20:00,243.14,243.42,243.09,243.29,115796
2025-06-26 07:25:00,243.29,243.44,243.2,243.28,174739
2025-06-26 07:30:00,243.32,243.6,243.2,243.34,144400
2025-06-26 07:35:00,243.34,243.45,243.0,243.1,158421
2025-06-26 07:40:00,243.06,243.3,243.0,243.07,69406
2025-06-26 07:45:00,243.07,243.9,243.07,243.87,218118
2025-06-26 07:50:00,243.88,244.1,243.4,243.4,281708
2025-06-26 07:55:00,243.43,243.57,243.14,243.5,209130
2025-06-26 08:00:00,243.55,243.65,243.5,243.5,66369
2025-06-26 08:05:00,243.51,243.57,243.5,243.52,74290
2025-06-26 08:10:00,243.57,243.65,243.5,243.5,89055
2025-06-26 08:15:00,243.55,243.76,243.5,243.59,71462
2025-06-26 08:20:00,243.67,243.85,243.55,243.75,108610
2025-06-26 08:25:00,243.75,243.9,243.66,243.73,82811
2025-06-26 08:30:00,243.75,243.99,243.6,243.6,187646
2025-06-26 08:35:00,243.55,243.75,243.5,243.5,204893
2025-06-26 08:40:00,243.51,243.75,243.5,243.62,129057
2025-06-26 08:45:00,243.69,243.79,243.52,243.71,135386
2025-06-26 08:50:00,243.72,243.89,243.56,243.75,129574
2025-06-26 08:55:00,243.75,243.82,243.58,243.61,96395
2025-06-26 09:00:00,243.68,243.86,243.66,243.66,134612
2025-06-26 09:05:00,243.67,243.77,243.6,243.69,89195
2025-06-26 09:10:00,243.66,243.8,243.6,243.7,104323
2025-06-26 09:15:00,243.75,243.99,243.65,243.86,195160
2025-06-26 09:20:00,243.91,244.26,243.6,244.19,390854
2025-06-26 09:25:00,244.25,244.25,243.79,243.79,166851
2025-06-26 09:30:00,243.84,244.78,243.84,244.77,547568
2025-06-26 09:35:00,244.69,244.8,244.6,244.77,358084
2025-06-26 09:40:00,244.77,245.0,244.35,244.67,555066
2025-06-26 09:45:00,244.66,244.85,244.46,244.6,515590
2025-06-26 09:50:00,244.62,245.37,244.59,245.18,564795
2025-06-26 09:55:00,245.19,245.2,245.0,245.02,423109
2025-06-27 03:45:00,245.01,246.22,245.0,245.72,447673
2025-06-27 03:50:00,245.68,245.8,245.22,245.38,134416
2025-06-27 03:55:00,245.31,245.37,244.5,244.5,182419
2025-06-27 04:00:00,244.55,244.55,244.0,244.2,290037
2025-06-27 04:05:00,244.2,244.44,244.01,244.17,149857
2025-06-27 04:10:00,244.11,244.2,243.69,243.69,236141
2025-06-27 04:15:00,243.73,244.1,243.6,244.04,87322
2025-06-27 04:20:00,244.12,244.39,244.02,244.35,52038
2025-06-27 04:25:00,244.32,244.35,244.0,244.04,68304
2025-06-27 04:30:00,244.15,244.35,244.04,244.25,40778
2025-06-27 04:35:00,244.25,244.5,244.19,244.43,88932
2025-06-27 04:40:00,244.39,244.49,244.15,244.29,55841
2025-06-27 04:45:00,244.36,244.49,244.08,244.33,62026
2025-06-27 04:50:00,244.44,244.48,244.26,244.35,64222
2025-06-27 04:55:00,244.33,244.61,244.3,244.6,41471
2025-06-27 05:00:00,244.6,244.65,244.1,244.15,93142
2025-06-27 05:05:00,244.1,244.15,243.53,243.8,298105
2025-06-27 05:10:00,243.8,243.87,243.4,243.8,193886
2025-06-27 05:15:00,243.8,243.85,243.4,243.51,125867
2025-06-27 05:20:00,243.53,243.62,243.2,243.3,186534
2025-06-27 05:25:00,243.26,243.35,242.88,243.16,229520
2025-06-27 05:30:00,243.16,243.82,243.1,243.8,89821
2025-06-27 05:35:00,243.76,244.48,243.75,244.2,158965
2025-06-27 05:40:00,244.19,244.29,244.1,244.19,25202
2025-06-27 05:45:00,244.2,244.2,244.0,244.01,43816
2025-06-27 05:50:00,244.0,244.15,243.91,244.14,65911
2025-06-27 05:55:00,244.15,244.2,243.98,244.0,59650
2025-06-27 06:00:00,244.0,244.2,243.98,244.0,47853
2025-06-27 06:05:00,244.05,244.4,244.0,244.4,52657
2025-06-27 06:10:00,244.34,244.45,244.29,244.32,42202
2025-06-27 06:15:00,244.35,244.38,244.11,244.28,35251
2025-06-27 06:20:00,244.35,244.43,244.0,244.35,157750
2025-06-27 06:25:00,244.44,244.99,244.1,244.83,319468
2025-06-27 06:30:00,244.69,244.9,244.56,244.8,104129
2025-06-27 06:35:00,244.8,244.8,244.34,244.4,45739
2025-06-27 06:40:00,244.47,244.64,244.35,244.59,23116
2025-06-27 06:45:00,244.53,244.59,244.2,244.48,44150
2025-06-27 06:50:00,244.47,244.6,244.39,244.45,68617
2025-06-27 06:55:00,244.45,244.6,244.4,244.53,21478
2025-06-27 07:00:00,244.57,244.93,244.39,244.63,271350
2025-06-27 07:05:00,244.75,245.0,244.61,244.91,159506
2025-06-27 07:10:00,244.87,245.24,244.78,245.11,171608
2025-06-27 07:15:00,245.11,245.15,245.0,245.05,63317
2025-06-27 07:20:00,245.0,245.05,245.0,245.05,60606
2025-06-27 07:25:00,245.0,245.05,245.0,245.0,86264
2025-06-27 07:30:00,245.0,245.15,244.5,244.51,235897
2025-06-27 07:35:00,244.51,244.6,244.35,244.46,79198
2025-06-27 07:40:00,244.46,244.49,244.1,244.14,114129
2025-06-27 07:45:00,244.11,244.26,243.75,243.89,102377
2025-06-27 07:50:00,243.85,243.89,243.52,243.52,60250
2025-06-27 07:55:00,243.59,243.99,243.52,243.84,64778
2025-06-27 08:00:00,243.79,243.84,243.7,243.75,89948
2025-06-27 08:05:00,243.71,243.82,243.55,243.67,82668
2025-06-27 08:10:00,243.67,243.84,243.61,243.71,35939
2025-06-27 08:15:00,243.65,243.98,243.62,243.8,72895
2025-06-27 08:20:00,243.73,244.15,243.63,243.77,144333
2025-06-27 08:25:00,243.83,244.21,243.7,244.1,81147
2025-06-27 08:30:00,244.1,244.2,243.85,244.14,71225
2025-06-27 08:35:00,244.14,244.15,243.61,243.61,100878
2025-06-27 08:40:00,243.61,243.83,243.5,243.58,76026
2025-06-27 08:45:00,243.55,243.6,243.37,243.42,129456
2025-06-27 08:50:00,243.4,243.6,243.4,243.57,53667
2025-06-27 08:55:00,243.62,243.98,243.55,243.65,85296
2025-06-27 09:00:00,243.72,243.75,243.44,243.6,154488
2025-06-27 09:05:00,243.61,243.64,243.25,243.26,128164
2025-06-27 09:10:00,243.26,243.34,242.92,242.92,353445
2025-06-27 09:15:00,242.99,243.2,242.94,243.05,129764
2025-06-27 09:20:00,243.04,243.1,242.91,242.94,91313
2025-06-27 09:25:00,242.94,243.0,242.65,242.7,259148
2025-06-27 09:30:00,242.73,243.29,242.0,242.41,2391013
2025-06-27 09:35:00,242.38,242.95,242.13,242.89,2724990
2025-06-27 09:40:00,242.89,242.95,242.4,242.72,2886793
2025-06-27 09:45:00,242.75,243.3,242.68,243.22,2618128
2025-06-27 09:50:00,243.23,243.7,243.1,243.7,2053367
2025-06-27 09:55:00,243.7,244.5,243.7,244.4,872416
2025-06-30 03:45:00,244.0,244.65,243.51,244.59,303578
2025-06-30 03:50:00,244.68,245.56,244.6,244.98,290499
2025-06-30 03:55:00,244.97,245.7,244.8,245.37,208378
2025-06-30 04:00:00,245.32,245.41,244.5,244.86,251489
2025-06-30 04:05:00,244.86,244.94,244.33,244.45,138881
2025-06-30 04:10:00,244.35,244.6,243.94,244.01,139193
2025-06-30 04:15:00,244.01,244.09,243.8,244.07,103877
2025-06-30 04:20:00,244.13,244.21,243.88,243.96,66983
2025-06-30 04:25:00,243.96,244.15,243.89,243.96,63169
2025-06-30 04:30:00,243.85,244.15,243.53,244.08,171662
2025-06-30 04:35:00,244.01,244.34,244.01,244.24,80205
2025-06-30 04:40:00,244.32,244.8,244.17,244.53,73348
2025-06-30 04:45:00,244.54,244.9,244.44,244.9,105227
2025-06-30 04:50:00,244.95,244.99,244.72,244.8,76723
2025-06-30 04:55:00,244.72,244.85,244.53,244.7,48658
2025-06-30 05:00:00,244.7,244.97,244.5,244.6,44724
2025-06-30 05:05:00,244.6,244.76,244.33,244.33,46211
2025-06-30 05:10:00,244.32,244.7,244.18,244.7,63013
2025-06-30 05:15:00,244.6,245.2,244.5,244.51,124375
2025-06-30 05:20:00,244.6,244.78,244.22,244.35,78288
2025-06-30 05:25:00,244.38,244.56,243.8,244.02,152322
2025-06-30 05:30:00,244.02,244.2,243.35,243.47,138352
2025-06-30 05:35:00,243.47,244.2,243.41,243.96,56161
2025-06-30 05:40:00,243.96,244.0,243.4,243.56,184867
2025-06-30 05:45:00,243.6,243.62,243.26,243.51,100182
2025-06-30 05:50:00,243.57,243.58,243.35,243.44,59510
2025-06-30 05:55:00,243.44,243.7,243.44,243.7,93624
2025-06-30 06:00:00,243.7,243.8,243.55,243.75,88227
2025-06-30 06:05:00,243.75,243.8,243.6,243.73,61264
2025-06-30 06:10:00,243.73,243.77,243.6,243.65,48260
2025-06-30 06:15:00,243.66,243.84,243.42,243.55,117463
2025-06-30 06:20:00,243.51,243.81,243.51,243.65,80197
2025-06-30 06:25:00,243.72,243.74,243.48,243.57,64265
2025-06-30 06:30:00,243.7,243.75,243.5,243.67,47732
2025-06-30 06:35:00,243.68,243.7,243.42,243.43,47405
2025-06-30 06:40:00,243.43,243.65,243.4,243.53,51659
2025-06-30 06:45:00,243.63,243.69,243.5,243.58,39361
2025-06-30 06:50:00,243.6,243.69,243.4,243.42,52120
2025-06-30 06:55:00,243.46,243.58,243.31,243.41,93129
2025-06-30 07:00:00,243.36,243.49,243.21,243.32,77164
2025-06-30 07:05:00,243.35,243.48,243.0,243.08,139632
2025-06-30 07:10:00,243.06,243.37,243.06,243.13,42140
2025-06-30 07:15:00,243.13,243.39,243.0,243.39,113756
2025-06-30 07:20:00,243.38,243.39,243.27,243.33,35446
2025-06-30 07:25:00,243.3,243.48,243.29,243.3,40946
2025-06-30 07:30:00,243.3,243.6,243.07,243.57,144415
2025-06-30 07:35:00,243.56,243.61,243.4,243.48,69486
2025-06-30 07:40:00,243.48,243.5,243.4,243.44,56477
2025-06-30 07:45:00,243.44,243.5,243.19,243.34,109874
2025-06-30 07:50:00,243.26,243.36,243.21,243.25,45186
2025-06-30 07:55:00,243.21,243.45,243.21,243.36,30562
2025-06-30 08:00:00,243.38,243.4,243.21,243.28,84567
2025-06-30 08:05:00,243.3,243.34,243.15,243.28,57089
2025-06-30 08:10:00,243.32,243.78,243.28,243.56,142392
2025-06-30 08:15:00,243.55,243.6,243.33,243.51,52457
2025-06-30 08:20:00,243.5,243.57,243.28,243.4,32832
2025-06-30 08:25:00,243.39,243.55,243.07,243.55,63834
2025-06-30 08:30:00,243.55,243.57,243.21,243.46,48781
2025-06-30 08:35:00,243.4,243.5,243.2,243.4,36206
2025-06-30 08:40:00,243.31,243.45,243.13,243.2,65054
2025-06-30 08:45:00,243.2,243.25,243.0,243.13,215101
2025-06-30 08:50:00,243.17,243.44,243.11,243.35,57749
2025-06-30 08:55:00,243.31,243.41,243.13,243.25,46509
2025-06-30 09:00:00,243.17,243.54,243.12,243.52,88027
2025-06-30 09:05:00,243.53,243.54,243.29,243.5,61162
2025-06-30 09:10:00,243.5,243.72,243.4,243.65,59562
2025-06-30 09:15:00,243.58,243.7,243.53,243.54,44383
2025-06-30 09:20:00,243.53,244.06,243.52,243.96,168585
2025-06-30 09:25:00,243.92,243.99,243.76,243.98,85080
2025-06-30 09:30:00,243.97,244.5,243.92,244.43,435843
2025-06-30 09:35:00,244.43,244.5,244.14,244.35,394920
2025-06-30 09:40:00,244.37,244.69,244.15,244.31,358100
2025-06-30 09:45:00,244.35,244.37,244.22,244.36,253332
2025-06-30 09:50:00,244.31,244.45,244.21,244.35,476233
2025-06-30 09:55:00,244.35,244.35,243.0,244.0,491047
2025-07-01 03:45:00,245.3,245.3,243.22,244.12,695019
2025-07-01 03:50:00,244.12,244.15,243.44,243.91,203459
2025-07-01 03:55:00,243.97,244.45,243.95,244.4,142303
2025-07-01 04:00:00,244.41,244.75,244.1,244.27,90578
2025-07-01 04:05:00,244.22,244.22,243.58,243.74,91136
2025-07-01 04:10:00,243.75,243.96,243.5,243.6,138352
2025-07-01 04:15:00,243.6,243.9,243.5,243.89,48719
2025-07-01 04:20:00,243.9,243.9,243.5,243.66,96359
2025-07-01 04:25:00,243.66,243.92,243.59,243.83,48304
2025-07-01 04:30:00,243.79,243.84,243.61,243.75,34611
2025-07-01 04:35:00,243.74,243.86,243.5,243.75,51874
2025-07-01 04:40:00,243.75,243.84,243.25,243.27,72525
2025-07-01 04:45:00,243.29,243.29,242.8,242.98,275829
2025-07-01 04:50:00,243.0,243.0,242.4,242.58,214919
2025-07-01 04:55:00,242.52,242.74,242.46,242.5,94449
2025-07-01 05:00:00,242.5,242.82,242.42,242.59,230427
2025-07-01 05:05:00,242.56,243.04,242.4,243.04,114612
2025-07-01 05:10:00,243.05,243.08,241.74,241.74,233879
2025-07-01 05:15:00,241.72,242.03,241.7,241.85,182029
2025-07-01 05:20:00,241.86,241.94,241.3,241.44,232684
2025-07-01 05:25:00,241.38,241.8,241.38,241.5,94993
2025-07-01 05:30:00,241.5,241.86,241.45,241.86,77811
2025-07-01 05:35:00,241.85,241.99,241.8,241.99,36904
2025-07-01 05:40:00,241.99,242.0,241.75,241.87,45111
2025-07-01 05:45:00,241.87,242.0,241.76,241.95,78612
2025-07-01 05:50:00,241.95,242.29,241.76,242.17,112173
2025-07-01 05:55:00,242.17,242.36,242.0,242.33,46057
2025-07-01 06:00:00,242.32,242.39,242.01,242.1,44503
2025-07-01 06:05:00,242.1,242.37,242.06,242.31,31063
2025-07-01 06:10:00,242.31,242.31,242.25,242.29,43806
2025-07-01 06:15:00,242.3,242.39,242.29,242.37,29320
2025-07-01 06:20:00,242.36,242.37,242.12,242.12,38795
2025-07-01 06:25:00,242.15,242.15,242.0,242.02,44784
2025-07-01 06:30:00,242.01,242.09,242.0,242.08,39739
2025-07-01 06:35:00,242.09,242.17,242.01,242.16,29802
2025-07-01 06:40:00,242.16,242.23,242.01,242.01,23610
2025-07-01 06:45:00,242.0,242.38,241.9,242.38,67723
2025-07-01 06:50:00,242.38,242.69,242.18,242.51,245674
2025-07-01 06:55:00,242.52,242.73,242.27,242.37,100335
2025-07-01 07:00:00,242.4,242.62,242.07,242.32,69296
2025-07-01 07:05:00,242.32,242.73,242.25,242.56,94354
2025-07-01 07:10:00,242.5,242.88,242.4,242.48,190906
2025-07-01 07:15:00,242.43,242.78,242.43,242.75,84232
2025-07-01 07:20:00,242.71,242.82,242.71,242.76,49158
2025-07-01 07:25:00,242.75,243.0,242.75,242.96,145544
2025-07-01 07:30:00,242.96,243.2,242.9,242.9,69927
2025-07-01 07:35:00,242.9,243.0,242.87,242.91,57737
2025-07-01 07:40:00,242.93,243.17,242.9,243.09,79529
2025-07-01 07:45:00,243.03,243.11,242.88,242.91,49307
2025-07-01 07:50:00,242.9,242.98,242.71,242.76,50436
2025-07-01 07:55:00,242.76,242.99,242.62,242.92,136753
2025-07-01 08:00:00,242.92,242.96,242.74,242.9,37916
2025-07-01 08:05:00,242.9,242.93,242.7,242.82,46908
2025-07-01 08:10:00,242.8,242.85,242.61,242.7,39502
2025-07-01 08:15:00,242.7,243.01,242.66,242.96,57709
2025-07-01 08:20:00,242.95,243.0,242.72,242.83,70064
2025-07-01 08:25:00,242.92,242.92,242.53,242.78,102986
2025-07-01 08:30:00,242.78,243.0,242.76,242.97,65715
2025-07-01 08:35:00,243.0,243.25,242.96,243.01,69583
2025-07-01 08:40:00,243.09,243.49,243.0,243.4,90905
2025-07-01 08:45:00,243.45,243.55,243.29,243.35,106011
2025-07-01 08:50:00,243.35,243.5,243.27,243.34,50661
2025-07-01 08:55:00,243.27,243.43,243.24,243.35,50163
2025-07-01 09:00:00,243.24,243.38,243.05,243.16,46705
2025-07-01 09:05:00,243.11,243.16,242.7,242.76,213308
2025-07-01 09:10:00,242.83,242.92,242.7,242.72,41344
2025-07-01 09:15:00,242.75,242.93,242.65,242.83,48528
2025-07-01 09:20:00,242.93,242.99,242.82,242.88,43111
2025-07-01 09:25:00,242.95,243.11,242.86,242.94,56645
2025-07-01 09:30:00,243.0,243.39,243.0,243.39,136599
2025-07-01 09:35:00,243.39,243.64,243.39,243.59,331292
2025-07-01 09:40:00,243.65,243.9,243.57,243.57,271220
2025-07-01 09:45:00,243.67,243.79,243.01,243.25,338824
2025-07-01 09:50:00,243.22,243.31,243.0,243.04,283420
2025-07-01 09:55:00,243.05,243.2,243.0,243.19,267190
2025-07-02 03:45:00,242.9,243.75,242.9,243.26,271773
2025-07-02 03:50:00,243.26,243.6,243.15,243.55,209464
2025-07-02 03:55:00,243.55,243.7,242.71,242.86,298419
2025-07-02 04:00:00,242.88,243.0,242.65,242.8,198554
2025-07-02 04:05:00,242.75,243.0,242.62,242.95,120161
2025-07-02 04:10:00,242.95,242.97,242.65,242.85,96079
2025-07-02 04:15:00,242.85,242.96,242.45,242.88,139484
2025-07-02 04:20:00,242.92,243.01,242.6,242.65,110888
2025-07-02 04:25:00,242.65,242.72,242.21,242.35,89334
2025-07-02 04:30:00,242.35,242.87,242.28,242.71,85554
2025-07-02 04:35:00,242.75,242.75,242.35,242.69,55846
2025-07-02 04:40:00,242.64,242.79,242.35,242.49,56872
2025-07-02 04:45:00,242.49,242.59,242.3,242.45,73271
2025-07-02 04:50:00,242.45,242.8,242.45,242.67,73188
2025-07-02 04:55:00,242.61,242.82,242.6,242.8,57998
2025-07-02 05:00:00,242.83,242.95,242.49,242.49,117972
2025-07-02 05:05:00,242.49,242.5,242.21,242.37,121572
2025-07-02 05:10:00,242.37,242.42,242.2,242.23,63242
2025-07-02 05:15:00,242.22,242.47,242.1,242.43,88112
2025-07-02 05:20:00,242.43,242.48,242.24,242.48,53904
2025-07-02 05:25:00,242.5,242.51,242.34,242.43,74509
2025-07-02 05:30:00,242.48,242.5,242.3,242.5,57973
2025-07-02 05:35:00,242.5,243.15,242.3,242.64,183258
2025-07-02 05:40:00,242.74,242.94,242.5,242.84,72637
2025-07-02 05:45:00,242.78,242.98,242.73,242.98,37192
2025-07-02 05:50:00,242.98,243.23,242.94,243.2,89228
2025-07-02 05:55:00,243.2,243.5,243.16,243.37,102218
2025-07-02 06:00:00,243.37,243.42,242.74,242.81,69832
2025-07-02 06:05:00,242.81,242.94,242.4,242.44,150195
2025-07-02 06:10:00,242.41,242.45,241.83,242.0,279949
2025-07-02 06:15:00,242.0,242.05,241.85,241.85,164365
2025-07-02 06:20:00,241.87,242.07,241.78,242.04,150723
2025-07-02 06:25:00,242.05,242.09,241.8,241.89,115604
2025-07-02 06:30:00,241.88,241.89,241.41,241.66,507627
2025-07-02 06:35:00,241.76,242.05,241.66,242.0,132177
2025-07-02 06:40:00,242.0,242.67,241.92,242.15,225455
2025-07-02 06:45:00,242.1,242.28,241.91,242.25,104383
2025-07-02 06:50:00,242.23,242.32,242.08,242.28,223303
2025-07-02 06:55:00,242.28,242.31,242.0,242.0,37621
2025-07-02 07:00:00,242.0,242.4,241.99,242.21,197525
2025-07-02 07:05:00,242.15,242.52,242.11,242.22,171753
2025-07-02 07:10:00,242.18,242.36,242.11,242.25,97224
2025-07-02 07:15:00,242.27,242.28,241.8,241.9,109877
2025-07-02 07:20:00,241.95,241.95,241.5,241.62,109620
2025-07-02 07:25:00,241.61,241.77,241.55,241.58,84648
2025-07-02 07:30:00,241.55,241.73,241.18,241.46,295918
2025-07-02 07:35:00,241.46,241.46,241.15,241.2,92112
2025-07-02 07:40:00,241.2,241.27,241.1,241.16,91846
2025-07-02 07:45:00,241.1,241.16,240.85,240.98,184046
2025-07-02 07:50:00,240.98,240.98,240.66,240.79,87626
2025-07-02 07:55:00,240.8,240.8,240.23,240.35,154398
2025-07-02 08:00:00,240.36,240.8,240.2,240.78,74100
2025-07-02 08:05:00,240.76,240.82,240.55,240.69,62693
2025-07-02 08:10:00,240.71,240.71,240.48,240.55,79780
2025-07-02 08:15:00,240.52,240.57,240.39,240.55,83425
2025-07-02 08:20:00,240.55,240.9,240.54,240.59,75130
2025-07-02 08:25:00,240.62,240.84,240.55,240.7,81929
2025-07-02 08:30:00,240.74,240.91,240.68,240.74,84267
2025-07-02 08:35:00,240.74,240.95,240.71,240.91,78064
2025-07-02 08:40:00,241.0,241.05,240.9,240.96,64754
2025-07-02 08:45:00,240.96,241.0,240.77,240.94,82109
2025-07-02 08:50:00,240.88,241.0,240.6,240.67,64754
2025-07-02 08:55:00,240.67,240.73,240.5,240.65,91519
2025-07-02 09:00:00,240.63,240.74,240.47,240.49,101574
2025-07-02 09:05:00,240.47,240.67,240.41,240.44,145003
2025-07-02 09:10:00,240.42,240.73,240.4,240.68,96673
2025-07-02 09:15:00,240.68,240.94,240.6,240.82,77130
2025-07-02 09:20:00,240.83,240.9,240.6,240.65,136309
2025-07-02 09:25:00,240.63,241.0,240.63,240.95,126261
2025-07-02 09:30:00,241.05,241.2,240.88,241.11,290634
2025-07-02 09:35:00,241.13,241.33,240.96,241.22,370761
2025-07-02 09:40:00,241.25,241.25,240.96,241.01,314397
2025-07-02 09:45:00,241.01,241.1,240.99,241.02,339480
2025-07-02 09:50:00,241.01,241.18,240.99,241.12,379755
2025-07-02 09:55:00,241.11,241.2,241.1,241.1,270172
2025-07-03 03:45:00,242.0,243.19,241.8,243.0,404728
2025-07-03 03:50:00,243.07,244.55,242.75,242.98,760700
2025-07-03 03:55:00,243.0,243.5,242.75,243.25,284049
2025-07-03 04:00:00,243.29,243.77,243.14,243.66,175386
2025-07-03 04:05:00,243.84,244.5,243.8,243.85,496532
2025-07-03 04:10:00,243.85,244.35,243.75,244.35,196568
2025-07-03 04:15:00,244.4,244.63,243.9,244.1,255059
2025-07-03 04:20:00,244.05,244.4,244.05,244.36,136215
2025-07-03 04:25:00,244.35,244.36,243.96,244.19,111106
2025-07-03 04:30:00,244.0,244.25,243.92,243.96,155117
2025-07-03 04:35:00,243.96,244.35,243.51,244.3,312482
2025-07-03 04:40:00,244.3,244.75,244.23,244.6,250267
2025-07-03 04:45:00,244.6,245.6,244.46,245.12,547547
2025-07-03 04:50:00,245.12,245.86,245.05,245.7,316162
2025-07-03 04:55:00,245.64,245.75,245.42,245.63,200247
2025-07-03 05:00:00,245.52,245.89,245.33,245.45,217853
2025-07-03 05:05:00,245.41,245.5,245.2,245.25,172047
2025-07-03 05:10:00,245.25,245.77,245.25,245.66,176458
2025-07-03 05:15:00,245.67,245.73,244.94,245.27,275748
2025-07-03 05:20:00,245.2,245.39,245.1,245.16,95177
2025-07-03 05:25:00,245.12,245.16,244.66,245.01,158762
2025-07-03 05:30:00,245.08,245.69,245.04,245.69,209603
2025-07-03 05:35:00,245.65,245.7,245.23,245.25,112377
2025-07-03 05:40:00,245.25,246.2,245.25,245.94,1361117
2025-07-03 05:45:00,245.94,246.0,245.61,245.72,171473
2025-07-03 05:50:00,245.72,245.79,245.41,245.57,86084
2025-07-03 05:55:00,245.57,245.6,245.25,245.26,59357
2025-07-03 06:00:00,245.33,245.38,244.85,245.14,148784
2025-07-03 06:05:00,245.14,245.2,244.85,244.95,85755
2025-07-03 06:10:00,244.98,245.05,244.28,244.51,175224
2025-07-03 06:15:00,244.51,244.73,244.28,244.7,136025
2025-07-03 06:20:00,244.7,245.25,244.65,245.0,88217
2025-07-03 06:25:00,245.0,245.14,244.81,244.91,55368
2025-07-03 06:30:00,244.9,244.95,244.7,244.71,45033
2025-07-03 06:35:00,244.71,244.85,244.7,244.84,245466
2025-07-03 06:40:00,244.81,244.81,244.55,244.66,62104
2025-07-03 06:45:00,244.59,244.73,244.46,244.5,69768
2025-07-03 06:50:00,244.5,244.66,244.41,244.59,30046
2025-07-03 06:55:00,244.59,244.6,244.12,244.22,133170
2025-07-03 07:00:00,244.28,244.32,244.01,244.12,107710
2025-07-03 07:05:00,244.03,244.14,243.81,244.0,157402
2025-07-03 07:10:00,243.92,244.39,243.92,244.19,101132
2025-07-03 07:15:00,244.18,244.23,244.01,244.21,36583
2025-07-03 07:20:00,244.22,244.23,244.03,244.1,39525
2025-07-03 07:25:00,244.21,244.24,244.01,244.08,61675
2025-07-03 07:30:00,244.01,244.1,243.82,243.92,110883
2025-07-03 07:35:00,244.04,244.14,243.9,243.97,45057
2025-07-03 07:40:00,244.0,244.04,243.85,243.95,58800
2025-07-03 07:45:00,243.92,244.0,243.55,243.92,109473
2025-07-03 07:50:00,243.91,244.13,243.86,243.95,73817
2025-07-03 07:55:00,243.94,244.15,243.91,244.13,48010
2025-07-03 08:00:00,244.08,244.3,244.0,244.2,54211
2025-07-03 08:05:00,244.22,244.76,244.1,244.74,123816
2025-07-03 08:10:00,244.73,245.0,244.53,244.66,101721
2025-07-03 08:15:00,244.68,244.79,244.11,244.16,62100
2025-07-03 08:20:00,244.23,244.27,244.0,244.2,72376
2025-07-03 08:25:00,244.15,244.2,243.9,244.0,86140
2025-07-03 08:30:00,244.05,244.3,243.97,244.16,41145
2025-07-03 08:35:00,244.21,244.28,244.05,244.14,49083
2025-07-03 08:40:00,244.23,244.26,244.06,244.13,47262
2025-07-03 08:45:00,244.15,244.27,243.95,243.95,85720
2025-07-03 08:50:00,244.03,244.14,243.81,243.85,76116
2025-07-03 08:55:00,243.9,243.96,243.65,243.65,122524
2025-07-03 09:00:00,243.65,243.85,243.37,243.71,187113
2025-07-03 09:05:00,243.75,244.18,243.71,243.9,160658
2025-07-03 09:10:00,243.96,244.15,243.85,244.01,95166
2025-07-03 09:15:00,244.08,244.3,243.88,244.01,147459
2025-07-03 09:20:00,244.02,244.32,243.81,243.83,262523
2025-07-03 09:25:00,243.83,244.09,243.8,243.87,142233
2025-07-03 09:30:00,243.84,244.46,243.83,244.26,313757
2025-07-03 09:35:00,244.26,244.39,244.17,244.19,307606
2025-07-03 09:40:00,244.18,244.39,244.11,244.17,326607
2025-07-03 09:45:00,244.21,244.21,243.77,243.89,487864
2025-07-03 09:50:00,243.86,243.9,243.61,243.77,344797
2025-07-03 09:55:00,243.86,243.97,243.7,243.95,268471
2025-07-04 03:45:00,245.2,245.2,243.16,243.53,370333
2025-07-04 03:50:00,243.53,243.8,243.2,243.54,114543
2025-07-04 03:55:00,243.54,243.65,243.1,243.1,105718
2025-07-04 04:00:00,243.2,243.28,242.72,242.95,155072
2025-07-04 04:05:00,242.9,243.02,242.62,242.65,155133
2025-07-04 04:10:00,242.65,242.72,242.51,242.66,120767
2025-07-04 04:15:00,242.64,243.19,242.52,243.14,101500
2025-07-04 04:20:00,243.1,243.55,243.09,243.43,89833
2025-07-04 04:25:00,243.43,244.2,243.1,243.9,219170
2025-07-04 04:30:00,243.91,243.94,243.45,243.45,63660
2025-07-04 04:35:00,243.45,243.5,243.21,243.36,46986
2025-07-04 04:40:00,243.35,243.7,243.3,243.65,38274
2025-07-04 04:45:00,243.64,243.65,243.31,243.5,40209
2025-07-04 04:50:00,243.5,243.55,243.3,243.35,40589
2025-07-04 04:55:00,243.34,243.79,243.22,243.35,122785
2025-07-04 05:00:00,243.4,243.54,243.25,243.3,37419
2025-07-04 05:05:00,243.26,243.78,243.25,243.58,36421
2025-07-04 05:10:00,243.54,244.02,243.5,243.83,77666
2025-07-04 05:15:00,243.8,243.87,243.64,243.74,62361
2025-07-04 05:20:00,243.7,243.73,243.5,243.58,38216
2025-07-04 05:25:00,243.57,243.7,243.5,243.68,33334
2025-07-04 05:30:00,243.68,244.07,243.58,243.75,82567
2025-07-04 05:35:00,243.74,243.74,243.51,243.6,23753
2025-07-04 05:40:00,243.56,244.0,243.52,243.98,68370
2025-07-04 05:45:00,243.93,244.04,243.7,243.77,45580
2025-07-04 05:50:00,243.79,243.98,243.58,243.98,53545
2025-07-04 05:55:00,244.0,244.36,244.0,244.36,100587
2025-07-04 06:00:00,244.35,244.8,244.35,244.74,164643
2025-07-04 06:05:00,244.73,244.73,244.44,244.5,84105
2025-07-04 06:10:00,244.54,244.6,243.76,243.86,102509
2025-07-04 06:15:00,243.83,243.87,243.44,243.75,73415
2025-07-04 06:20:00,243.75,244.38,243.5,243.98,141688
2025-07-04 06:25:00,244.0,244.5,243.83,244.45,108860
2025-07-04 06:30:00,244.5,245.03,244.49,245.0,378893
2025-07-04 06:35:00,244.99,245.02,244.51,244.51,115352
2025-07-04 06:40:00,244.53,244.58,244.35,244.43,47346
2025-07-04 06:45:00,244.46,244.97,244.42,244.9,172179
2025-07-04 06:50:00,244.89,245.1,244.5,245.0,314249
2025-07-04 06:55:00,244.97,245.02,244.76,244.8,58919
2025-07-04 07:00:00,244.8,244.99,244.8,244.91,49818
2025-07-04 07:05:00,244.85,244.94,244.74,244.82,50894
2025-07-04 07:10:00,244.87,245.05,244.8,244.89,154966
2025-07-04 07:15:00,244.83,244.98,244.61,244.67,50792
2025-07-04 07:20:00,244.67,244.7,244.5,244.64,41384
2025-07-04 07:25:00,244.63,244.71,244.47,244.58,33778
2025-07-04 07:30:00,244.54,244.75,244.5,244.75,38306
2025-07-04 07:35:00,244.72,244.95,244.72,244.85,44059
2025-07-04 07:40:00,244.82,244.99,244.67,244.83,62782
2025-07-04 07:45:00,244.81,245.12,244.68,244.75,136184
2025-07-04 07:50:00,244.75,244.75,244.2,244.44,134737
2025-07-04 07:55:00,244.41,244.54,244.1,244.19,91388
2025-07-04 08:00:00,244.16,244.64,244.1,244.53,59944
2025-07-04 08:05:00,244.52,244.92,244.52,244.92,91677
2025-07-04 08:10:00,244.92,244.98,244.8,244.96,124844
2025-07-04 08:15:00,244.98,244.98,244.91,244.92,50935
2025-07-04 08:20:00,244.91,244.96,244.65,244.79,59060
2025-07-04 08:25:00,244.77,244.9,244.65,244.75,59302
2025-07-04 08:30:00,244.74,244.8,244.66,244.79,41007
2025-07-04 08:35:00,244.8,244.8,244.68,244.76,36832
2025-07-04 08:40:00,244.75,244.9,244.7,244.83,54351
2025-07-04 08:45:00,244.81,244.98,244.8,244.9,49923
2025-07-04 08:50:00,244.91,244.95,244.85,244.89,78642
2025-07-04 08:55:00,244.89,244.95,244.8,244.88,92060
2025-07-04 09:00:00,244.85,244.9,244.72,244.82,47796
2025-07-04 09:05:00,244.82,245.33,244.8,245.18,269365
2025-07-04 09:10:00,245.14,245.3,245.07,245.25,72742
2025-07-04 09:15:00,245.18,245.25,244.92,245.11,87747
2025-07-04 09:20:00,245.01,245.14,244.82,244.91,64255
2025-07-04 09:25:00,244.92,245.24,244.84,245.0,130125
2025-07-04 09:30:00,245.07,245.11,244.97,245.01,82564
2025-07-04 09:35:00,245.04,245.26,245.01,245.09,115548
2025-07-04 09:40:00,245.07,245.3,245.04,245.25,137982
2025-07-04 09:45:00,245.25,245.3,245.1,245.25,239048
2025-07-04 09:50:00,245.25,245.45,245.15,245.31,302129
2025-07-04 09:55:00,245.35,245.45,244.85,245.2,265986
2025-07-07 03:45:00,245.5,245.5,243.99,244.79,265032
2025-07-07 03:50:00,244.65,244.91,244.23,244.46,93203
2025-07-07 03:55:00,244.46,244.64,244.2,244.5,56486
2025-07-07 04:00:00,244.5,244.87,244.29,244.69,55009
2025-07-07 04:05:00,244.69,245.03,244.6,244.67,59650
2025-07-07 04:10:00,244.67,244.7,244.36,244.7,37180
2025-07-07 04:15:00,244.71,244.77,244.2,244.41,55724
2025-07-07 04:20:00,244.4,244.47,244.2,244.37,33663
2025-07-07 04:25:00,244.37,244.5,244.2,244.29,44573
2025-07-07 04:30:00,244.24,244.39,244.1,244.11,53445
2025-07-07 04:35:00,244.1,244.1,243.83,244.0,58900
2025-07-07 04:40:00,243.96,244.28,243.9,243.96,46664
2025-07-07 04:45:00,243.96,244.28,243.96,244.2,27244
2025-07-07 04:50:00,244.17,244.66,244.14,244.21,40759
2025-07-07 04:55:00,244.21,244.5,244.0,244.2,30217
2025-07-07 05:00:00,244.2,244.4,244.04,244.11,27434
2025-07-07 05:05:00,244.11,244.19,244.0,244.09,29983
2025-07-07 05:10:00,244.04,244.42,244.0,244.05,46183
2025-07-07 05:15:00,244.05,244.24,243.96,243.96,64503
2025-07-07 05:20:00,243.99,244.85,243.91,244.26,71118
2025-07-07 05:25:00,244.21,244.32,244.05,244.32,27883
2025-07-07 05:30:00,244.33,244.49,244.13,244.36,28999
2025-07-07 05:35:00,244.4,244.5,244.26,244.43,27650
2025-07-07 05:40:00,244.39,244.44,244.1,244.12,22900
2025-07-07 05:45:00,244.18,244.18,243.85,243.91,72262
2025-07-07 05:50:00,243.88,244.1,243.8,243.96,40756
2025-07-07 05:55:00,243.93,244.02,243.57,243.74,50220
2025-07-07 06:00:00,243.64,243.69,243.35,243.6,95448
2025-07-07 06:05:00,243.57,243.69,243.35,243.4,48285
2025-07-07 06:10:00,243.42,243.48,243.3,243.32,31847
2025-07-07 06:15:00,243.34,243.34,243.01,243.1,65005
2025-07-07 06:20:00,243.07,243.15,242.9,242.91,107593
2025-07-07 06:25:00,242.91,243.27,242.9,243.15,33571
2025-07-07 06:30:00,243.26,243.26,243.0,243.04,36008
2025-07-07 06:35:00,243.02,243.15,242.95,243.12,31616
2025-07-07 06:40:00,243.12,243.12,242.99,243.0,20061
2025-07-07 06:45:00,243.01,243.01,242.73,242.73,57235
2025-07-07 06:50:00,242.75,242.85,242.7,242.74,49680
2025-07-07 06:55:00,242.71,242.88,242.7,242.75,45284
2025-07-07 07:00:00,242.78,242.85,242.63,242.63,43213
2025-07-07 07:05:00,242.63,242.68,242.4,242.5,101070
2025-07-07 07:10:00,242.43,242.72,242.4,242.67,63884
2025-07-07 07:15:00,242.63,242.66,242.4,242.4,51477
2025-07-07 07:20:00,242.42,242.58,242.31,242.45,61917
2025-07-07 07:25:00,242.42,242.5,242.3,242.32,55891
2025-07-07 07:30:00,242.32,242.56,242.13,242.37,172126
2025-07-07 07:35:00,242.36,242.71,242.28,242.6,93250
2025-07-07 07:40:00,242.58,243.1,242.51,243.1,252676
2025-07-07 07:45:00,243.03,243.2,242.8,243.06,101003
2025-07-07 07:50:00,243.02,243.18,242.96,243.0,85073
2025-07-07 07:55:00,243.01,243.08,242.54,242.78,206799
2025-07-07 08:00:00,242.78,243.02,242.5,243.01,123534
2025-07-07 08:05:00,243.0,243.01,242.63,242.66,127653
2025-07-07 08:10:00,242.64,242.82,242.45,242.54,61074
2025-07-07 08:15:00,242.54,242.59,242.15,242.15,218377
2025-07-07 08:20:00,242.15,242.17,241.73,242.0,360415
2025-07-07 08:25:00,241.95,242.15,241.9,242.11,81848
2025-07-07 08:30:00,242.1,242.35,241.93,242.3,79025
2025-07-07 08:35:00,242.24,242.33,242.0,242.04,67392
2025-07-07 08:40:00,242.04,242.25,241.92,242.0,179713
2025-07-07 08:45:00,241.99,242.17,241.8,241.81,394591
2025-07-07 08:50:00,241.8,241.96,241.56,241.71,437038
2025-07-07 08:55:00,241.7,241.84,241.62,241.75,102725
2025-07-07 09:00:00,241.78,241.94,241.61,241.92,209503
2025-07-07 09:05:00,241.91,241.94,241.75,241.83,83761
2025-07-07 09:10:00,241.91,241.95,241.72,241.78,102817
2025-07-07 09:15:00,241.74,241.77,241.5,241.6,177744
2025-07-07 09:20:00,241.6,241.7,241.53,241.61,105154
2025-07-07 09:25:00,241.61,241.7,241.52,241.64,141895
2025-07-07 09:30:00,241.7,241.85,241.62,241.69,191288
2025-07-07 09:35:00,241.64,242.06,241.61,241.97,526518
2025-07-07 09:40:00,241.96,242.0,241.75,241.83,226533
2025-07-07 09:45:00,241.83,241.94,241.55,241.6,415385
2025-07-07 09:50:00,241.56,241.82,240.83,241.24,1104792
2025-07-07 09:55:00,241.24,241.49,241.16,241.4,318751
2025-07-08 03:45:00,242.41,243.4,242.21,243.1,331291
2025-07-08 03:50:00,243.19,243.49,242.8,243.42,188081
2025-07-08 03:55:00,243.43,243.65,243.26,243.45,87813
2025-07-08 04:00:00,243.4,243.7,242.92,243.0,126347
2025-07-08 04:05:00,243.0,243.0,242.7,242.85,74442
2025-07-08 04:10:00,242.97,243.05,242.31,242.34,146991
2025-07-08 04:15:00,242.34,242.34,241.85,242.0,212379
2025-07-08 04:20:00,242.0,242.38,241.99,242.0,110541
2025-07-08 04:25:00,241.9,241.99,241.71,241.71,117742
2025-07-08 04:30:00,241.8,241.9,241.71,241.76,45756
2025-07-08 04:35:00,241.8,241.9,241.6,241.74,76045
2025-07-08 04:40:00,241.76,241.92,241.61,241.91,38521
2025-07-08 04:45:00,241.91,241.96,241.65,241.88,68408
2025-07-08 04:50:00,241.88,241.9,241.7,241.8,32448
2025-07-08 04:55:00,241.83,241.9,241.73,241.9,41640
2025-07-08 05:00:00,241.87,241.9,241.6,241.9,112096
2025-07-08 05:05:00,241.81,242.28,241.81,242.05,55398
2025-07-08 05:10:00,242.14,242.24,242.0,242.1,41159
2025-07-08 05:15:00,242.16,242.2,242.0,242.02,26498
2025-07-08 05:20:00,242.1,242.36,242.05,242.17,72024
2025-07-08 05:25:00,242.13,242.32,242.06,242.15,30038
2025-07-08 05:30:00,242.15,242.25,242.0,242.07,40870
2025-07-08 05:35:00,242.07,242.2,241.8,241.92,55048
2025-07-08 05:40:00,241.92,242.35,241.84,242.17,48393
2025-07-08 05:45:00,242.17,242.3,241.7,241.71,59670
2025-07-08 05:50:00,241.76,241.9,241.71,241.81,31397
2025-07-08 05:55:00,241.81,241.92,241.71,241.85,39286
2025-07-08 06:00:00,241.85,241.91,241.81,241.89,18657
2025-07-08 06:05:00,241.89,241.89,241.71,241.71,44522
2025-07-08 06:10:00,241.77,241.8,241.32,241.48,126541
2025-07-08 06:15:00,241.48,241.65,241.44,241.63,35231
2025-07-08 06:20:00,241.64,241.67,241.37,241.46,49263
2025-07-08 06:25:00,241.46,241.48,241.05,241.16,89959
2025-07-08 06:30:00,241.15,241.18,241.0,241.1,88611
2025-07-08 06:35:00,241.09,241.25,241.0,241.1,63933
2025-07-08 06:40:00,241.1,241.15,240.85,240.85,74608
2025-07-08 06:45:00,240.84,241.15,240.83,241.02,56511
2025-07-08 06:50:00,241.01,241.01,240.65,240.75,84346
2025-07-08 06:55:00,240.75,240.94,240.65,240.8,43835
2025-07-08 07:00:00,240.79,241.08,240.77,240.95,95834
2025-07-08 07:05:00,240.96,241.46,240.95,241.3,89845
2025-07-08 07:10:00,241.3,241.36,240.95,241.24,68107
2025-07-08 07:15:00,241.21,241.35,241.15,241.32,39520
2025-07-08 07:20:00,241.3,241.48,241.2,241.22,86812
2025-07-08 07:25:00,241.2,242.1,241.16,242.02,377862
2025-07-08 07:30:00,242.1,242.3,241.61,241.7,224207
2025-07-08 07:35:00,241.68,241.8,241.6,241.68,37021
2025-07-08 07:40:00,241.66,241.87,241.56,241.87,51518
2025-07-08 07:45:00,241.8,242.38,241.7,242.17,164464
2025-07-08 07:50:00,242.17,242.33,242.1,242.27,232581
2025-07-08 07:55:00,242.27,242.35,241.94,241.98,65698
2025-07-08 08:00:00,241.98,242.08,241.74,241.91,60847
2025-07-08 08:05:00,241.91,242.01,241.81,241.87,56577
2025-07-08 08:10:00,241.88,241.95,241.73,241.88,34656
2025-07-08 08:15:00,241.9,242.08,241.89,241.94,34385
2025-07-08 08:20:00,241.94,242.04,241.91,241.98,35168
2025-07-08 08:25:00,242.0,242.08,241.9,241.94,35714
2025-07-08 08:30:00,241.94,242.42,241.91,242.42,81453
2025-07-08 08:35:00,242.45,242.53,242.22,242.35,77606
2025-07-08 08:40:00,242.35,242.35,242.02,242.29,73110
2025-07-08 08:45:00,242.29,242.34,242.11,242.15,51535
2025-07-08 08:50:00,242.14,242.19,242.04,242.14,47233
2025-07-08 08:55:00,242.14,242.2,242.04,242.18,48299
2025-07-08 09:00:00,242.11,242.35,242.08,242.34,55030
2025-07-08 09:05:00,242.34,242.36,242.05,242.27,66771
2025-07-08 09:10:00,242.27,242.3,242.25,242.25,47732
2025-07-08 09:15:00,242.25,242.55,242.25,242.47,109851
2025-07-08 09:20:00,242.48,242.59,242.4,242.54,72224
2025-07-08 09:25:00,242.56,242.95,242.56,242.86,162465
2025-07-08 09:30:00,242.88,243.11,242.71,243.09,234266
2025-07-08 09:35:00,243.09,243.32,242.95,243.13,272474
2025-07-08 09:40:00,243.21,243.48,243.12,243.45,320488
2025-07-08 09:45:00,243.43,243.47,243.08,243.36,361782
2025-07-08 09:50:00,243.3,243.5,243.28,243.5,348102
2025-07-08 09:55:00,243.46,243.5,242.88,243.3,226101
2025-07-09 03:45:00,243.35,243.7,242.27,243.11,389807
2025-07-09 03:50:00,243.1,243.95,242.83,243.89,158905
2025-07-09 03:55:00,243.91,243.95,243.46,243.56,73806
2025-07-09 04:00:00,243.6,243.95,243.56,243.78,90007
2025-07-09 04:05:00,243.8,244.08,243.74,243.89,134827
2025-07-09 04:10:00,243.89,243.9,243.64,243.75,63809
2025-07-09 04:15:00,243.7,243.9,243.65,243.7,70769
2025-07-09 04:20:00,243.76,243.77,243.5,243.6,67854
2025-07-09 04:25:00,243.6,243.66,243.35,243.58,91022
2025-07-09 04:30:00,243.59,243.79,243.54,243.72,69542
2025-07-09 04:35:00,243.74,243.97,243.68,243.84,39426
2025-07-09 04:40:00,243.83,244.0,243.81,243.9,33256
2025-07-09 04:45:00,243.9,244.0,243.81,243.99,43233
2025-07-09 04:50:00,243.99,244.08,243.66,243.91,67090
2025-07-09 04:55:00,243.91,244.0,243.61,243.7,61465
2025-07-09 05:00:00,243.66,243.7,242.81,242.9,597193
2025-07-09 05:05:00,242.89,243.4,242.82,243.05,222097
2025-07-09 05:10:00,243.0,243.05,242.88,243.0,60235
2025-07-09 05:15:00,243.0,243.18,242.91,242.98,164393
2025-07-09 05:20:00,242.99,243.16,242.95,243.0,231670
2025-07-09 05:25:00,243.0,243.27,242.96,243.12,91356
2025-07-09 05:30:00,243.12,243.12,242.63,242.88,86020
2025-07-09 05:35:00,242.89,243.3,242.8,243.24,120820
2025-07-09 05:40:00,243.23,243.48,243.23,243.44,288987
2025-07-09 05:45:00,243.49,244.01,243.49,244.0,173682
2025-07-09 05:50:00,243.91,244.02,243.6,243.69,286791
2025-07-09 05:55:00,243.68,243.84,243.54,243.78,31255
2025-07-09 06:00:00,243.73,244.05,243.73,243.98,115009
2025-07-09 06:05:00,244.0,244.17,243.89,244.02,155963
2025-07-09 06:10:00,244.0,244.09,243.81,243.93,228577
2025-07-09 06:15:00,243.92,244.12,243.86,244.0,81751
2025-07-09 06:20:00,244.01,244.05,243.95,244.01,187416
2025-07-09 06:25:00,244.03,244.04,244.0,244.02,42118
2025-07-09 06:30:00,244.02,244.02,243.59,243.84,229372
2025-07-09 06:35:00,243.84,244.09,243.83,243.96,200747
2025-07-09 06:40:00,243.87,243.99,243.77,243.98,40887
2025-07-09 06:45:00,243.98,244.09,243.78,243.87,76655
2025-07-09 06:50:00,243.8,244.0,243.63,243.87,58801
2025-07-09 06:55:00,243.81,244.16,243.6,243.67,411015
2025-07-09 07:00:00,243.73,243.88,243.6,243.62,37982
2025-07-09 07:05:00,243.63,244.02,243.63,244.01,73859
2025-07-09 07:10:00,244.0,244.03,244.0,244.01,106985
2025-07-09 07:15:00,244.01,244.02,244.0,244.01,68658
2025-07-09 07:20:00,244.0,244.09,243.9,243.95,97938
2025-07-09 07:25:00,243.93,243.99,243.8,243.89,45148
2025-07-09 07:30:00,243.86,243.92,243.7,243.73,106456
2025-07-09 07:35:00,243.74,243.9,243.71,243.81,63320
2025-07-09 07:40:00,243.76,243.95,243.71,243.83,82810
2025-07-09 07:45:00,243.87,243.99,243.72,243.95,102111
2025-07-09 07:50:00,243.96,244.0,243.81,243.92,64877
2025-07-09 07:55:00,243.92,244.06,243.81,244.06,88312
2025-07-09 08:00:00,244.04,244.39,243.97,244.0,124003
2025-07-09 08:05:00,244.04,244.19,243.93,244.01,80647
2025-07-09 08:10:00,244.01,244.3,244.01,244.15,81818
2025-07-09 08:15:00,244.23,244.3,244.1,244.27,117437
2025-07-09 08:20:00,244.32,244.55,244.23,244.31,155134
2025-07-09 08:25:00,244.3,244.59,244.2,244.2,86980
2025-07-09 08:30:00,244.23,244.23,243.97,244.0,88669
2025-07-09 08:35:00,244.0,244.1,243.85,244.1,117221
2025-07-09 08:40:00,244.1,244.19,243.9,244.01,90435
2025-07-09 08:45:00,244.01,244.12,243.85,243.99,86306
2025-07-09 08:50:00,243.93,244.0,243.85,243.87,68067
2025-07-09 08:55:00,243.86,243.97,243.75,243.78,85130
2025-07-09 09:00:00,243.76,243.8,243.5,243.5,126886
2025-07-09 09:05:00,243.5,243.65,243.41,243.61,82198
2025-07-09 09:10:00,243.66,243.68,243.5,243.6,83144
2025-07-09 09:15:00,243.6,243.67,243.33,243.66,120953
2025-07-09 09:20:00,243.67,243.83,243.15,243.41,226688
2025-07-09 09:25:00,243.42,243.72,243.35,243.71,79291
2025-07-09 09:30:00,243.82,243.9,243.35,243.55,173773
2025-07-09 09:35:00,243.55,243.75,243.55,243.65,134221
2025-07-09 09:40:00,243.64,243.65,243.16,243.33,205307
2025-07-09 09:45:00,243.3,243.35,243.22,243.27,180220
2025-07-09 09:50:00,243.27,243.32,243.0,243.1,237032
2025-07-09 09:55:00,243.04,243.37,243.0,243.12,178397
2025-07-10 03:45:00,243.51,244.69,243.51,244.41,357740
2025-07-10 03:50:00,244.41,244.41,243.66,244.0,140810
2025-07-10 03:55:00,243.94,244.1,243.6,243.6,96608
2025-07-10 04:00:00,243.55,243.75,243.35,243.75,75163
2025-07-10 04:05:00,243.75,243.96,243.6,243.7,55831
2025-07-10 04:10:00,243.71,243.89,243.41,243.55,72852
2025-07-10 04:15:00,243.55,243.78,243.53,243.72,45341
2025-07-10 04:20:00,243.72,243.89,243.35,243.42,63552
2025-07-10 04:25:00,243.42,243.57,243.25,243.55,130922
2025-07-10 04:30:00,243.55,243.88,243.48,243.86,69086
2025-07-10 04:35:00,243.86,243.86,243.11,243.14,56574
2025-07-10 04:40:00,243.18,243.18,243.0,243.08,56101
2025-07-10 04:45:00,243.05,243.13,242.74,242.81,64534
2025-07-10 04:50:00,242.81,242.91,242.7,242.9,39841
2025-07-10 04:55:00,242.93,242.99,242.6,242.68,41396
2025-07-10 05:00:00,242.71,242.71,242.54,242.55,56239
2025-07-10 05:05:00,242.61,242.69,242.55,242.69,17006
2025-07-10 05:10:00,242.68,242.83,242.45,242.8,97617
2025-07-10 05:15:00,242.75,242.87,242.45,242.57,43021
2025-07-10 05:20:00,242.52,243.18,242.33,243.09,306060
2025-07-10 05:25:00,243.1,243.39,243.0,243.23,89486
2025-07-10 05:30:00,243.13,243.25,243.01,243.12,32423
2025-07-10 05:35:00,243.11,243.18,243.0,243.07,18291
2025-07-10 05:40:00,243.07,243.3,243.02,243.3,24655
2025-07-10 05:45:00,243.29,243.33,243.14,243.31,37663
2025-07-10 05:50:00,243.31,243.61,243.11,243.43,381959
2025-07-10 05:55:00,243.48,243.85,243.4,243.47,91611
2025-07-10 06:00:00,243.41,243.69,243.27,243.68,161989
2025-07-10 06:05:00,243.65,244.01,243.45,244.0,487823
2025-07-10 06:10:00,244.01,244.14,243.67,244.02,186266
2025-07-10 06:15:00,244.01,244.25,244.0,244.02,64762
2025-07-10 06:20:00,244.03,244.04,244.0,244.04,23913
2025-07-10 06:25:00,244.01,244.03,243.65,243.7,244813
2025-07-10 06:30:00,243.74,244.06,243.68,244.0,237537
2025-07-10 06:35:00,244.03,244.15,244.0,244.09,42602
2025-07-10 06:40:00,244.03,244.2,244.01,244.08,29316
2025-07-10 06:45:00,244.1,244.18,243.95,244.0,41302
2025-07-10 06:50:00,244.04,244.09,243.86,243.93,30189
2025-07-10 06:55:00,243.96,244.2,243.7,244.19,45184
2025-07-10 07:00:00,244.18,244.24,243.75,243.77,73131
2025-07-10 07:05:00,243.8,243.94,243.35,243.47,165013
2025-07-10 07:10:00,243.44,243.71,243.3,243.3,45868
2025-07-10 07:15:00,243.31,243.52,243.18,243.5,93182
2025-07-10 07:20:00,243.5,243.6,243.27,243.49,143012
2025-07-10 07:25:00,243.5,243.69,243.33,243.61,63787
2025-07-10 07:30:00,243.6,243.61,243.1,243.13,45803
2025-07-10 07:35:00,243.13,243.17,243.0,243.05,40407
2025-07-10 07:40:00,243.05,243.16,242.81,243.0,207347
2025-07-10 07:45:00,242.96,243.19,242.9,243.1,45639
2025-07-10 07:50:00,243.1,243.56,243.0,243.5,103569
2025-07-10 07:55:00,243.55,243.69,243.27,243.41,86014
2025-07-10 08:00:00,243.47,243.52,243.24,243.29,30998
2025-07-10 08:05:00,243.29,243.4,243.15,243.26,22896
2025-07-10 08:10:00,243.33,243.33,242.9,242.9,30207
2025-07-10 08:15:00,242.9,243.06,242.51,242.77,134898
2025-07-10 08:20:00,242.92,242.97,242.65,242.67,31509
2025-07-10 08:25:00,242.67,242.8,242.5,242.71,64587
2025-07-10 08:30:00,242.71,242.88,242.66,242.71,26056
2025-07-10 08:35:00,242.7,243.34,242.7,243.02,62036
2025-07-10 08:40:00,242.94,243.13,242.8,242.92,23509
2025-07-10 08:45:00,242.94,243.0,242.84,242.9,24173
2025-07-10 08:50:00,242.86,243.0,242.85,242.87,20539
2025-07-10 08:55:00,242.87,243.0,242.76,242.88,39543
2025-07-10 09:00:00,242.93,243.0,242.87,242.9,24960
2025-07-10 09:05:00,242.9,243.14,242.9,243.03,66119
2025-07-10 09:10:00,242.92,243.08,242.89,243.0,53224
2025-07-10 09:15:00,243.0,243.22,242.81,242.99,71148
2025-07-10 09:20:00,242.99,243.12,242.88,243.03,43744
2025-07-10 09:25:00,243.05,243.15,242.8,242.81,51697
2025-07-10 09:30:00,242.7,242.89,242.4,242.7,253315
2025-07-10 09:35:00,242.71,243.27,242.71,243.17,544742
2025-07-10 09:40:00,243.16,243.35,243.16,243.27,248507
2025-07-10 09:45:00,243.27,243.27,243.12,243.15,229601
2025-07-10 09:50:00,243.15,243.2,243.01,243.13,325409
2025-07-10 09:55:00,243.14,243.29,242.55,243.0,316899
2025-07-11 03:45:00,243.05,243.09,242.0,242.27,200496
2025-07-11 03:50:00,242.27,242.7,242.22,242.64,74626
2025-07-11 03:55:00,242.66,242.85,242.53,242.65,50321
2025-07-11 04:00:00,242.65,242.67,242.06,242.17,102631
2025-07-11 04:05:00,242.08,242.17,241.51,241.59,156991
2025-07-11 04:10:00,241.6,242.0,241.5,242.0,86411
2025-07-11 04:15:00,241.91,241.98,241.7,241.88,60360
2025-07-11 04:20:00,241.84,242.09,241.84,241.95,40716
2025-07-11 04:25:00,241.95,241.96,241.7,241.75,39276
2025-07-11 04:30:00,241.75,241.85,241.6,241.6,52565
2025-07-11 04:35:00,241.6,241.87,241.6,241.76,73752
2025-07-11 04:40:00,241.8,241.8,241.5,241.55,56728
2025-07-11 04:45:00,241.55,241.58,241.25,241.33,77816
2025-07-11 04:50:00,241.38,241.58,241.33,241.35,37393
2025-07-11 04:55:00,241.4,241.61,241.35,241.47,35007
2025-07-11 05:00:00,241.47,241.61,241.1,241.43,122197
2025-07-11 05:05:00,241.45,241.74,241.3,241.74,40412
2025-07-11 05:10:00,241.7,241.85,241.62,241.62,25819
2025-07-11 05:15:00,241.61,241.73,241.34,241.44,133872
2025-07-11 05:20:00,241.52,241.7,241.42,241.64,26979
2025-07-11 05:25:00,241.55,241.69,241.15,241.21,36867
2025-07-11 05:30:00,241.21,241.28,241.05,241.06,35610
2025-07-11 05:35:00,241.05,241.18,240.82,240.82,124737
2025-07-11 05:40:00,240.82,241.5,240.8,241.2,84227
2025-07-11 05:45:00,241.28,241.35,241.05,241.12,48315
2025-07-11 05:50:00,241.12,241.5,241.1,241.48,257311
2025-07-11 05:55:00,241.44,241.5,241.18,241.5,66292
2025-07-11 06:00:00,241.49,241.94,241.32,241.93,311666
2025-07-11 06:05:00,241.93,242.4,241.86,242.18,96929
2025-07-11 06:10:00,242.16,242.2,242.0,242.15,24308
2025-07-11 06:15:00,242.15,242.18,242.0,242.16,23391
2025-07-11 06:20:00,242.17,242.49,242.06,242.33,76278
2025-07-11 06:25:00,242.33,242.36,242.24,242.27,15726
2025-07-11 06:30:00,242.3,242.32,241.9,242.12,46531
2025-07-11 06:35:00,242.1,242.22,241.95,242.1,25841
2025-07-11 06:40:00,242.13,242.29,242.07,242.24,31574
2025-07-11 06:45:00,242.24,242.24,241.96,241.96,18609
2025-07-11 06:50:00,241.95,241.96,241.9,241.9,55985
2025-07-11 06:55:00,241.93,242.3,241.9,242.28,153214
2025-07-11 07:00:00,242.29,242.47,242.25,242.45,58789
2025-07-11 07:05:00,242.45,242.46,242.26,242.31,23887
2025-07-11 07:10:00,242.31,242.54,242.25,242.29,82494
2025-07-11 07:15:00,242.3,242.45,242.0,242.21,172827
2025-07-11 07:20:00,242.26,242.3,241.96,242.22,158484
2025-07-11 07:25:00,242.22,242.4,242.17,242.25,37383
2025-07-11 07:30:00,242.26,242.35,242.22,242.26,22494
2025-07-11 07:35:00,242.26,242.3,242.05,242.12,158419
2025-07-11 07:40:00,242.12,242.24,242.0,242.0,50177
2025-07-11 07:45:00,242.01,242.24,242.0,242.11,34678
2025-07-11 07:50:00,242.11,242.21,242.01,242.05,30340
2025-07-11 07:55:00,242.14,242.2,242.01,242.01,25644
2025-07-11 08:00:00,242.01,242.29,242.01,242.01,29745
2025-07-11 08:05:00,242.01,242.11,242.0,242.0,24574
2025-07-11 08:10:00,242.02,242.06,241.56,241.61,102272
2025-07-11 08:15:00,241.61,241.91,241.56,241.8,31425
2025-07-11 08:20:00,241.8,241.95,241.75,241.85,23125
2025-07-11 08:25:00,241.9,241.96,241.77,241.81,24734
2025-07-11 08:30:00,241.87,241.9,241.62,241.76,30877
2025-07-11 08:35:00,241.88,241.88,241.65,241.66,27593
2025-07-11 08:40:00,241.67,242.1,241.61,241.67,56127
2025-07-11 08:45:00,241.67,241.83,241.6,241.6,25666
2025-07-11 08:50:00,241.66,241.68,241.55,241.67,24628
2025-07-11 08:55:00,241.68,241.68,241.26,241.39,97096
2025-07-11 09:00:00,241.4,241.4,241.3,241.4,29198
2025-07-11 09:05:00,241.39,241.48,241.31,241.39,33139
2025-07-11 09:10:00,241.31,241.45,241.31,241.43,44894
2025-07-11 09:15:00,241.42,241.49,241.31,241.48,46717
2025-07-11 09:20:00,241.46,241.48,241.31,241.43,26073
2025-07-11 09:25:00,241.34,241.45,241.31,241.38,47124
2025-07-11 09:30:00,241.49,241.65,241.35,241.56,104183
2025-07-11 09:35:00,241.64,241.8,241.57,241.8,182675
2025-07-11 09:40:00,241.78,242.13,241.69,241.99,195635
2025-07-11 09:45:00,241.95,242.0,241.58,241.6,160791
2025-07-11 09:50:00,241.6,241.93,241.6,241.82,210655
2025-07-11 09:55:00,241.8,241.94,241.52,241.7,144760
2025-07-14 03:45:00,242.9,243.24,241.14,243.17,301881
2025-07-14 03:50:00,243.17,243.18,242.7,242.8,77690
2025-07-14 03:55:00,242.77,243.5,242.74,243.5,131428
2025-07-14 04:00:00,243.5,243.78,243.1,243.18,79961
2025-07-14 04:05:00,243.22,243.23,242.36,242.43,104911
2025-07-14 04:10:00,242.4,242.47,242.14,242.18,109623
2025-07-14 04:15:00,242.18,242.76,242.18,242.67,126680
2025-07-14 04:20:00,242.67,242.68,242.49,242.52,39150
2025-07-14 04:25:00,242.54,242.63,242.21,242.41,96903
2025-07-14 04:30:00,242.37,242.5,241.97,241.99,174611
2025-07-14 04:35:00,241.98,242.07,241.54,241.99,166199
2025-07-14 04:40:00,241.99,242.5,241.99,242.44,64860
2025-07-14 04:45:00,242.41,242.67,242.26,242.6,101049
2025-07-14 04:50:00,242.65,242.75,242.56,242.64,36597
2025-07-14 04:55:00,242.65,242.85,242.5,242.65,70620
2025-07-14 05:00:00,242.67,242.76,242.54,242.62,43188
2025-07-14 05:05:00,242.58,242.78,242.54,242.69,43517
2025-07-14 05:10:00,242.71,242.74,242.63,242.7,39149
2025-07-14 05:15:00,242.7,242.8,242.65,242.79,46489
2025-07-14 05:20:00,242.79,242.9,242.7,242.83,42005
2025-07-14 05:25:00,242.83,242.99,242.75,242.85,42527
2025-07-14 05:30:00,242.83,243.12,242.77,242.84,79067
2025-07-14 05:35:00,242.81,242.93,242.53,242.53,46884
2025-07-14 05:40:00,242.54,242.8,242.5,242.59,29900
2025-07-14 05:45:00,242.55,242.8,242.41,242.68,42826
2025-07-14 05:50:00,242.69,242.77,242.36,242.38,42696
2025-07-14 05:55:00,242.39,242.6,241.83,242.38,131387
2025-07-14 06:00:00,242.37,242.86,242.36,242.59,104012
2025-07-14 06:05:00,242.56,242.6,242.4,242.59,16715
2025-07-14 06:10:00,242.6,242.74,242.42,242.62,20354
2025-07-14 06:15:00,242.59,242.9,242.54,242.75,38799
2025-07-14 06:20:00,242.79,242.88,242.7,242.77,22591
2025-07-14 06:25:00,242.78,242.86,242.73,242.78,26268
2025-07-14 06:30:00,242.83,243.0,242.82,242.82,50195
2025-07-14 06:35:00,242.87,243.48,242.85,243.43,118279
2025-07-14 06:40:00,243.41,243.69,243.23,243.49,76333
2025-07-14 06:45:00,243.59,243.59,243.15,243.24,38437
2025-07-14 06:50:00,243.24,243.57,243.15,243.26,56690
2025-07-14 06:55:00,243.26,243.39,243.17,243.27,32610
2025-07-14 07:00:00,243.26,243.49,243.24,243.43,35178
2025-07-14 07:05:00,243.43,243.47,243.01,243.07,49335
2025-07-14 07:10:00,243.07,243.16,242.8,243.0,82661
2025-07-14 07:15:00,242.95,243.1,242.75,242.76,40268
2025-07-14 07:20:00,242.8,242.8,242.5,242.58,53154
2025-07-14 07:25:00,242.56,242.74,242.3,242.37,55875
2025-07-14 07:30:00,242.4,242.74,242.3,242.3,89422
2025-07-14 07:35:00,242.34,242.43,242.0,242.26,112316
2025-07-14 07:40:00,242.31,243.15,242.2,243.1,209728
2025-07-14 07:45:00,243.09,243.29,242.95,242.96,59575
2025-07-14 07:50:00,242.97,243.45,242.94,243.44,97821
2025-07-14 07:55:00,243.42,244.2,243.4,244.15,304046
2025-07-14 08:00:00,244.12,244.15,243.84,243.87,87233
2025-07-14 08:05:00,243.94,244.1,243.71,244.05,91181
2025-07-14 08:10:00,244.05,244.09,243.95,244.03,103672
2025-07-14 08:15:00,244.0,244.08,243.99,244.04,78888
2025-07-14 08:20:00,244.0,244.07,243.87,244.0,216776
2025-07-14 08:25:00,244.0,244.05,243.77,244.03,177053
2025-07-14 08:30:00,244.03,244.35,244.0,244.35,107801
2025-07-14 08:35:00,244.3,244.65,244.2,244.23,173480
2025-07-14 08:40:00,244.28,244.39,244.18,244.23,67098
2025-07-14 08:45:00,244.23,244.24,244.03,244.14,49563
2025-07-14 08:50:00,244.14,244.41,244.08,244.39,62300
2025-07-14 08:55:00,244.39,244.5,244.15,244.2,58127
2025-07-14 09:00:00,244.29,244.37,244.06,244.16,40959
2025-07-14 09:05:00,244.2,244.33,244.07,244.25,44734
2025-07-14 09:10:00,244.24,244.3,244.05,244.1,41851
2025-07-14 09:15:00,244.09,244.29,244.02,244.23,56778
2025-07-14 09:20:00,244.23,244.44,244.16,244.39,105036
2025-07-14 09:25:00,244.44,244.45,244.28,244.31,63008
2025-07-14 09:30:00,244.44,244.89,244.23,244.57,431997
2025-07-14 09:35:00,244.57,244.62,244.37,244.4,289707
2025-07-14 09:40:00,244.4,244.4,244.12,244.2,235499
2025-07-14 09:45:00,244.2,244.2,243.78,244.01,360488
2025-07-14 09:50:00,244.01,244.13,243.89,244.01,323782
2025-07-14 09:55:00,244.05,244.26,244.0,244.15,197449
2025-07-15 03:45:00,244.48,245.37,243.86,244.47,302367
2025-07-15 03:50:00,244.56,244.75,243.93,244.36,173043
2025-07-15 03:55:00,244.37,244.46,244.02,244.18,129753
2025-07-15 04:00:00,244.18,244.18,243.4,243.48,179217
2025-07-15 04:05:00,243.48,243.52,242.8,243.34,182891
2025-07-15 04:10:00,243.34,243.56,243.28,243.34,74188
2025-07-15 04:15:00,243.33,243.75,243.05,243.7,88672
2025-07-15 04:20:00,243.66,243.75,243.08,243.31,239997
2025-07-15 04:25:00,243.41,243.76,243.36,243.76,75028
2025-07-15 04:30:00,243.8,243.85,243.43,243.57,85050
2025-07-15 04:35:00,243.57,243.86,243.51,243.75,40763
2025-07-15 04:40:00,243.77,243.9,243.64,243.76,38648
2025-07-15 04:45:00,243.76,243.85,242.94,243.41,181194
2025-07-15 04:50:00,243.39,243.5,243.25,243.5,48023
2025-07-15 04:55:00,243.48,243.7,243.38,243.68,41097
2025-07-15 05:00:00,243.67,243.89,243.53,243.86,39192
2025-07-15 05:05:00,243.86,244.0,243.86,243.98,38594
2025-07-15 05:10:00,243.98,243.98,243.77,243.87,39084
2025-07-15 05:15:00,243.89,243.9,243.53,243.8,51399
2025-07-15 05:20:00,243.79,243.99,243.7,243.91,42162
2025-07-15 05:25:00,243.96,244.13,243.92,244.09,61590
2025-07-15 05:30:00,244.09,244.36,243.9,244.1,359702
2025-07-15 05:35:00,244.1,244.34,244.08,244.26,75926
2025-07-15 05:40:00,244.31,244.54,244.27,244.5,53102
2025-07-15 05:45:00,244.49,244.5,244.2,244.21,35856
2025-07-15 05:50:00,244.2,244.27,244.06,244.24,36588
2025-07-15 05:55:00,244.24,244.37,244.14,244.14,38451
2025-07-15 06:00:00,244.15,244.24,244.12,244.15,33350
2025-07-15 06:05:00,244.14,244.2,243.65,243.92,85944
2025-07-15 06:10:00,243.93,244.32,243.85,244.32,42891
2025-07-15 06:15:00,244.18,244.22,243.95,244.08,40492
2025-07-15 06:20:00,243.99,244.12,243.78,243.95,39131
2025-07-15 06:25:00,243.92,244.04,243.88,243.95,21241
2025-07-15 06:30:00,243.95,244.09,243.86,244.0,36185
2025-07-15 06:35:00,244.0,244.05,243.83,243.9,27397
2025-07-15 06:40:00,243.86,243.94,243.86,243.89,20436
2025-07-15 06:45:00,243.89,243.9,243.56,243.74,57775
2025-07-15 06:50:00,243.76,243.84,243.45,243.73,188725
2025-07-15 06:55:00,243.84,243.84,243.71,243.84,27058
2025-07-15 07:00:00,243.84,243.9,243.78,243.79,37159
2025-07-15 07:05:00,243.81,243.9,243.8,243.89,25418
2025-07-15 07:10:00,243.9,244.0,243.8,244.0,45110
2025-07-15 07:15:00,244.0,244.0,243.79,243.9,36083
2025-07-15 07:20:00,243.9,244.0,243.79,243.89,28212
2025-07-15 07:25:00,243.89,243.89,243.51,243.57,58496
2025-07-15 07:30:00,243.59,244.08,243.54,244.06,293608
2025-07-15 07:35:00,244.06,244.15,243.92,243.98,230904
2025-07-15 07:40:00,243.98,244.19,243.82,244.13,174251
2025-07-15 07:45:00,244.12,244.4,244.1,244.13,440451
2025-07-15 07:50:00,244.13,244.13,243.97,243.97,43178
2025-07-15 07:55:00,243.97,243.99,243.88,243.93,29862
2025-07-15 08:00:00,243.92,244.03,243.36,243.42,245210
2025-07-15 08:05:00,243.4,243.51,243.35,243.48,44156
2025-07-15 08:10:00,243.48,243.48,243.25,243.26,47463
2025-07-15 08:15:00,243.25,243.46,243.17,243.18,96537
2025-07-15 08:20:00,243.17,243.36,243.17,243.31,81500
2025-07-15 08:25:00,243.3,243.38,243.15,243.19,61270
2025-07-15 08:30:00,243.2,243.23,243.1,243.1,58115
2025-07-15 08:35:00,243.1,243.21,242.7,242.92,213564
2025-07-15 08:40:00,242.91,243.08,242.88,242.94,62750
2025-07-15 08:45:00,242.95,243.34,242.92,243.3,41456
2025-07-15 08:50:00,243.28,243.4,243.2,243.25,41547
2025-07-15 08:55:00,243.24,243.39,243.19,243.31,31226
2025-07-15 09:00:00,243.3,243.4,243.26,243.27,45148
2025-07-15 09:05:00,243.29,243.34,243.08,243.2,70848
2025-07-15 09:10:00,243.22,243.65,243.2,243.58,67323
2025-07-15 09:15:00,243.54,243.59,243.41,243.47,35636
2025-07-15 09:20:00,243.46,243.46,242.91,243.05,194418
2025-07-15 09:25:00,243.05,243.16,242.92,243.06,147068
2025-07-15 09:30:00,243.24,243.5,243.24,243.3,203694
2025-07-15 09:35:00,243.31,243.76,243.3,243.67,264199
2025-07-15 09:40:00,243.63,243.75,243.52,243.66,207907
2025-07-15 09:45:00,243.66,243.8,243.66,243.79,244265
2025-07-15 09:50:00,243.78,244.0,243.74,243.95,282668
2025-07-15 09:55:00,244.0,244.02,243.88,244.0,237576
2025-07-16 03:45:00,244.0,244.15,242.81,243.3,238211
2025-07-16 03:50:00,243.28,243.6,243.0,243.35,105703
2025-07-16 03:55:00,243.35,243.5,243.2,243.33,21453
2025-07-16 04:00:00,243.25,243.32,242.92,243.1,60727
2025-07-16 04:05:00,243.0,243.1,242.78,242.91,69085
2025-07-16 04:10:00,242.91,242.93,242.52,242.7,71007
2025-07-16 04:15:00,242.7,242.75,242.3,242.67,75143
2025-07-16 04:20:00,242.68,243.0,242.57,242.93,19164
2025-07-16 04:25:00,242.93,242.96,242.65,242.82,28266
2025-07-16 04:30:00,242.85,242.93,242.75,242.85,14876
2025-07-16 04:35:00,242.84,242.9,242.75,242.8,14389
2025-07-16 04:40:00,242.8,242.84,242.6,242.62,25441
2025-07-16 04:45:00,242.63,242.75,242.6,242.71,16752
2025-07-16 04:50:00,242.66,242.76,242.58,242.64,35938
2025-07-16 04:55:00,242.64,242.96,242.62,242.84,36640
2025-07-16 05:00:00,242.96,242.96,242.72,242.77,20285
2025-07-16 05:05:00,242.86,242.9,242.73,242.74,6593
2025-07-16 05:10:00,242.74,242.85,242.6,242.6,17227
2025-07-16 05:15:00,242.6,242.69,242.5,242.53,22036
2025-07-16 05:20:00,242.52,243.18,242.52,243.05,89928
2025-07-16 05:25:00,243.05,243.25,243.0,243.15,28602
2025-07-16 05:30:00,243.2,243.23,243.0,243.03,18385
2025-07-16 05:35:00,243.03,243.1,243.0,243.1,11055
2025-07-16 05:40:00,243.1,243.2,243.01,243.12,10372
2025-07-16 05:45:00,243.12,243.13,242.91,243.0,167055
2025-07-16 05:50:00,242.98,243.01,242.75,242.85,113464
2025-07-16 05:55:00,242.85,243.14,242.85,242.98,38953
2025-07-16 06:00:00,242.97,243.2,242.88,243.07,231276
2025-07-16 06:05:00,243.07,243.14,243.0,243.08,9298
2025-07-16 06:10:00,243.09,243.15,243.05,243.14,4985
2025-07-16 06:15:00,243.12,243.34,243.12,243.27,61557
2025-07-16 06:20:00,243.25,243.5,243.14,243.5,36928
2025-07-16 06:25:00,243.5,243.87,243.32,243.44,253830
2025-07-16 06:30:00,243.5,243.86,243.39,243.57,354906
2025-07-16 06:35:00,243.6,243.67,243.36,243.4,23755
2025-07-16 06:40:00,243.48,243.51,243.36,243.43,9637
2025-07-16 06:45:00,243.43,243.55,243.37,243.37,21134
2025-07-16 06:50:00,243.47,243.48,243.13,243.24,49091
2025-07-16 06:55:00,243.24,243.36,243.21,243.26,8204
2025-07-16 07:00:00,243.3,243.48,243.3,243.42,11712
2025-07-16 07:05:00,243.45,243.48,243.23,243.23,22900
2025-07-16 07:10:00,243.23,243.35,243.18,243.3,53077
2025-07-16 07:15:00,243.3,243.51,243.16,243.33,65228
2025-07-16 07:20:00,243.3,243.37,243.27,243.3,33050
2025-07-16 07:25:00,243.3,243.38,243.01,243.04,52952
2025-07-16 07:30:00,243.03,243.08,243.0,243.0,55623
2025-07-16 07:35:00,243.0,243.07,243.0,243.07,162656
2025-07-16 07:40:00,243.01,243.22,243.0,243.12,23126
2025-07-16 07:45:00,243.09,243.19,243.03,243.05,22762
2025-07-16 07:50:00,243.04,243.16,243.01,243.03,25473
2025-07-16 07:55:00,243.02,243.13,243.0,243.04,47799
2025-07-16 08:00:00,243.08,243.08,242.75,242.76,136468
2025-07-16 08:05:00,242.7,242.99,242.62,242.66,245466
2025-07-16 08:10:00,242.66,242.8,242.62,242.62,50732
2025-07-16 08:15:00,242.6,242.75,242.55,242.62,44678
2025-07-16 08:20:00,242.61,242.85,242.61,242.82,34521
2025-07-16 08:25:00,242.82,242.84,242.66,242.71,28461
2025-07-16 08:30:00,242.75,243.08,242.75,243.05,64582
2025-07-16 08:35:00,243.05,243.12,242.99,243.05,75681
2025-07-16 08:40:00,243.05,243.41,243.0,243.01,92290
2025-07-16 08:45:00,243.01,243.2,243.0,243.07,58502
2025-07-16 08:50:00,243.0,243.11,242.99,243.08,106774
2025-07-16 08:55:00,243.1,243.35,243.01,243.08,164002
2025-07-16 09:00:00,243.08,243.23,243.01,243.17,30733
2025-07-16 09:05:00,243.12,243.17,242.72,242.9,57648
2025-07-16 09:10:00,242.86,243.11,242.85,243.08,41667
2025-07-16 09:15:00,243.08,243.12,242.91,243.0,47067
2025-07-16 09:20:00,243.0,243.02,242.84,242.86,33338
2025-07-16 09:25:00,242.95,242.99,242.81,242.9,42462
2025-07-16 09:30:00,242.9,242.98,242.7,242.76,128527
2025-07-16 09:35:00,242.74,242.89,242.7,242.77,298815
2025-07-16 09:40:00,242.76,242.89,242.7,242.74,207645
2025-07-16 09:45:00,242.75,242.99,242.75,242.86,201307
2025-07-16 09:50:00,242.88,242.98,242.8,242.84,238604
2025-07-16 09:55:00,242.84,243.0,242.74,243.0,207015
2025-07-17 03:45:00,243.0,243.5,242.86,243.44,193076
2025-07-17 03:50:00,243.44,243.67,243.1,243.59,101727
2025-07-17 03:55:00,243.65,243.74,243.29,243.64,82858
2025-07-17 04:00:00,243.64,243.75,243.52,243.68,49873
2025-07-17 04:05:00,243.68,243.68,243.26,243.38,42946
2025-07-17 04:10:00,243.39,243.6,243.34,243.5,54790
2025-07-17 04:15:00,243.43,243.68,243.43,243.65,38325
2025-07-17 04:20:00,243.65,243.75,243.5,243.64,46698
2025-07-17 04:25:00,243.67,243.8,243.6,243.69,44867
2025-07-17 04:30:00,243.69,243.76,243.62,243.66,24403
2025-07-17 04:35:00,243.69,243.69,243.3,243.3,36000
2025-07-17 04:40:00,243.32,243.4,243.11,243.34,40105
2025-07-17 04:45:00,243.35,243.48,243.24,243.27,41515
2025-07-17 04:50:00,243.24,243.44,243.21,243.32,75966
2025-07-17 04:55:00,243.3,243.4,243.22,243.22,25078
2025-07-17 05:00:00,243.23,243.24,242.82,243.09,104161
2025-07-17 05:05:00,243.02,243.61,243.02,243.5,325322
2025-07-17 05:10:00,243.54,244.01,243.35,243.81,539424
2025-07-17 05:15:00,243.71,244.0,243.57,243.64,49493
2025-07-17 05:20:00,243.65,244.05,243.61,243.85,216348
2025-07-17 05:25:00,243.81,244.33,243.7,244.27,113804
2025-07-17 05:30:00,244.33,244.34,244.05,244.18,78601
2025-07-17 05:35:00,244.17,244.38,244.11,244.25,31895
2025-07-17 05:40:00,244.29,244.56,244.1,244.25,115248
2025-07-17 05:45:00,244.24,244.24,244.08,244.08,59414
2025-07-17 05:50:00,244.08,244.45,244.0,244.33,70786
2025-07-17 05:55:00,244.33,244.49,244.3,244.3,50248
2025-07-17 06:00:00,244.3,244.3,244.14,244.2,49548
2025-07-17 06:05:00,244.14,244.3,244.14,244.2,45936
2025-07-17 06:10:00,244.18,244.25,243.88,244.22,133532
2025-07-17 06:15:00,244.22,244.25,243.91,243.99,48588
2025-07-17 06:20:00,244.0,244.07,243.83,244.06,107214
2025-07-17 06:25:00,244.06,244.11,243.94,244.09,35707
2025-07-17 06:30:00,244.09,244.32,243.98,244.31,74356
2025-07-17 06:35:00,244.32,244.41,244.3,244.3,43899
2025-07-17 06:40:00,244.29,244.3,243.99,244.13,81515
2025-07-17 06:45:00,244.13,244.13,243.9,243.92,43573
2025-07-17 06:50:00,243.93,243.97,243.9,243.9,44095
2025-07-17 06:55:00,243.9,244.13,243.9,244.13,41385
2025-07-17 07:00:00,244.09,244.13,243.9,243.94,51791
2025-07-17 07:05:00,243.94,243.95,243.89,243.92,30205
2025-07-17 07:10:00,243.92,244.28,243.88,244.11,67518
2025-07-17 07:15:00,244.08,244.1,243.93,243.96,28816
2025-07-17 07:20:00,243.92,243.99,243.9,243.95,66162
2025-07-17 07:25:00,243.93,243.95,243.64,243.67,66145
2025-07-17 07:30:00,243.65,243.78,243.5,243.73,93386
2025-07-17 07:35:00,243.72,243.87,243.51,243.8,372428
2025-07-17 07:40:00,243.8,244.1,243.8,244.01,111681
2025-07-17 07:45:00,244.0,244.2,243.93,244.06,51546
2025-07-17 07:50:00,244.07,244.09,243.98,244.03,49586
2025-07-17 07:55:00,244.06,244.15,244.01,244.09,44335
2025-07-17 08:00:00,244.08,244.1,243.95,244.01,49987
2025-07-17 08:05:00,244.0,244.08,243.98,244.02,64096
2025-07-17 08:10:00,244.01,244.05,244.0,244.01,46851
2025-07-17 08:15:00,244.0,244.03,243.77,243.83,78686
2025-07-17 08:20:00,243.8,244.38,243.75,244.04,84732
2025-07-17 08:25:00,244.14,244.17,243.9,243.9,50972
2025-07-17 08:30:00,243.93,243.95,243.76,243.89,31473
2025-07-17 08:35:00,243.84,244.2,243.84,244.15,68404
2025-07-17 08:40:00,244.07,244.15,243.95,244.06,35190
2025-07-17 08:45:00,244.0,244.1,243.9,244.01,28053
2025-07-17 08:50:00,243.92,244.09,243.88,244.0,62004
2025-07-17 08:55:00,243.98,244.0,243.81,243.84,42161
2025-07-17 09:00:00,243.81,244.07,243.76,243.87,74360
2025-07-17 09:05:00,243.87,243.92,243.7,243.88,56965
2025-07-17 09:10:00,243.88,243.88,243.72,243.83,40371
2025-07-17 09:15:00,243.8,243.88,243.52,243.55,94857
2025-07-17 09:20:00,243.6,243.73,243.45,243.56,107572
2025-07-17 09:25:00,243.56,243.79,243.49,243.53,79410
2025-07-17 09:30:00,243.57,243.8,243.4,243.76,219293
2025-07-17 09:35:00,243.72,244.06,243.62,243.95,404019
2025-07-17 09:40:00,243.9,244.18,243.83,244.09,245461
2025-07-17 09:45:00,244.17,244.19,243.84,243.94,207954
2025-07-17 09:50:00,243.95,243.95,243.85,243.91,219886
2025-07-17 09:55:00,243.91,244.0,243.77,243.77,176013
2025-07-18 03:45:00,244.74,245.5,244.2,245.1,295759
2025-07-18 03:50:00,245.05,246.1,245.05,245.8,333263
2025-07-18 03:55:00,245.73,246.0,245.26,245.26,181310
2025-07-18 04:00:00,245.24,245.84,245.24,245.37,97354
2025-07-18 04:05:00,245.37,245.46,245.18,245.26,68982
2025-07-18 04:10:00,245.31,245.4,244.91,244.97,103663
2025-07-18 04:15:00,244.97,245.07,244.85,244.94,105060
2025-07-18 04:20:00,244.95,244.98,244.9,244.97,33001
2025-07-18 04:25:00,244.95,245.0,244.6,244.61,176533
2025-07-18 04:30:00,244.61,244.69,244.45,244.66,72934
2025-07-18 04:35:00,244.67,244.98,244.45,244.77,74313
2025-07-18 04:40:00,244.74,244.87,244.56,244.75,41753
2025-07-18 04:45:00,244.73,244.73,243.94,243.94,137079
2025-07-18 04:50:00,244.0,244.17,243.75,243.79,83699
2025-07-18 04:55:00,243.81,244.01,243.78,243.8,32559
2025-07-18 05:00:00,243.75,243.75,243.46,243.52,93566
2025-07-18 05:05:00,243.52,244.3,243.47,244.2,140849
2025-07-18 05:10:00,244.2,244.72,244.07,244.64,323732
2025-07-18 05:15:00,244.6,244.95,244.41,244.94,227147
2025-07-18 05:20:00,244.89,245.14,244.8,245.09,161441
2025-07-18 05:25:00,245.07,245.09,244.54,244.55,73999
2025-07-18 05:30:00,244.56,245.06,244.51,245.03,101236
2025-07-18 05:35:00,245.03,245.24,245.0,245.0,71941
2025-07-18 05:40:00,245.0,245.23,245.0,245.09,38623
2025-07-18 05:45:00,245.09,245.4,245.08,245.4,92527
2025-07-18 05:50:00,245.4,245.4,245.06,245.17,41831
2025-07-18 05:55:00,245.17,245.31,245.17,245.2,36770
2025-07-18 06:00:00,245.19,245.19,245.0,245.05,66865
2025-07-18 06:05:00,245.01,245.2,245.01,245.19,48915
2025-07-18 06:10:00,245.13,245.16,244.8,244.8,218609
2025-07-18 06:15:00,244.81,245.01,244.76,245.01,74088
2025-07-18 06:20:00,245.01,245.01,244.84,245.0,35992
2025-07-18 06:25:00,245.0,245.01,244.84,244.92,72045
2025-07-18 06:30:00,244.92,244.99,244.8,244.93,58541
2025-07-18 06:35:00,244.93,244.93,244.79,244.82,55394
2025-07-18 06:40:00,244.82,245.0,244.65,244.99,202976
2025-07-18 06:45:00,244.9,245.0,244.25,244.42,137698
2025-07-18 06:50:00,244.42,244.5,244.24,244.26,40077
2025-07-18 06:55:00,244.24,245.09,244.2,245.03,222542
2025-07-18 07:00:00,245.02,245.15,245.0,245.0,48876
2025-07-18 07:05:00,245.0,245.01,244.7,244.95,112538
2025-07-18 07:10:00,244.9,245.15,244.83,245.0,53033
2025-07-18 07:15:00,245.02,245.03,244.83,245.0,43671
2025-07-18 07:20:00,245.0,245.14,244.89,245.1,58269
2025-07-18 07:25:00,245.08,245.45,244.98,245.42,157359
2025-07-18 07:30:00,245.44,246.3,245.41,246.3,460872
2025-07-18 07:35:00,246.3,246.38,245.85,245.94,138191
2025-07-18 07:40:00,245.94,246.9,245.9,246.65,272549
2025-07-18 07:45:00,246.65,247.1,246.5,246.55,420654
2025-07-18 07:50:00,246.56,246.62,246.15,246.22,135157
2025-07-18 07:55:00,246.15,246.6,246.14,246.6,182313
2025-07-18 08:00:00,246.61,246.88,246.46,246.6,205449
2025-07-18 08:05:00,246.56,246.76,246.2,246.32,90225
2025-07-18 08:10:00,246.4,246.44,246.04,246.37,109996
2025-07-18 08:15:00,246.37,246.69,246.23,246.27,61029
2025-07-18 08:20:00,246.29,246.5,246.19,246.39,75840
2025-07-18 08:25:00,246.35,247.0,246.27,246.48,198066
2025-07-18 08:30:00,246.41,246.68,246.35,246.44,101573
2025-07-18 08:35:00,246.44,246.8,246.43,246.68,70904
2025-07-18 08:40:00,246.68,246.85,246.6,246.63,68493
2025-07-18 08:45:00,246.66,247.35,246.54,247.06,320194
2025-07-18 08:50:00,247.13,247.25,246.75,246.81,115825
2025-07-18 08:55:00,246.85,246.85,246.53,246.72,110263
2025-07-18 09:00:00,246.69,246.85,246.66,246.85,73135
2025-07-18 09:05:00,246.84,246.85,246.4,246.52,109934
2025-07-18 09:10:00,246.51,246.56,246.29,246.36,105476
2025-07-18 09:15:00,246.3,246.39,246.15,246.29,132639
2025-07-18 09:20:00,246.3,246.38,246.16,246.34,115204
2025-07-18 09:25:00,246.34,246.64,246.28,246.57,135532
2025-07-18 09:30:00,246.62,246.79,246.31,246.36,192188
2025-07-18 09:35:00,246.35,246.55,246.33,246.47,213383
2025-07-18 09:40:00,246.48,246.59,246.45,246.46,174509
2025-07-18 09:45:00,246.46,246.49,246.1,246.12,334405
2025-07-18 09:50:00,246.13,246.39,246.05,246.28,332006
2025-07-18 09:55:00,246.29,246.45,245.42,246.0,285142
2025-07-21 03:45:00,246.0,246.3,244.5,244.95,266172
2025-07-21 03:50:00,245.11,245.67,245.0,245.31,150517
2025-07-21 03:55:00,245.31,245.4,244.77,245.38,48497
2025-07-21 04:00:00,245.38,245.5,244.8,244.88,75299
2025-07-21 04:05:00,245.0,245.17,244.87,244.89,40682
2025-07-21 04:10:00,244.9,245.15,244.89,244.97,31164
2025-07-21 04:15:00,244.92,244.92,244.43,244.76,126319
2025-07-21 04:20:00,244.74,245.0,244.72,244.99,54890
2025-07-21 04:25:00,245.13,245.25,244.94,244.94,54112
2025-07-21 04:30:00,245.01,245.21,244.8,245.03,46323
2025-07-21 04:35:00,245.04,245.15,244.8,245.14,34188
2025-07-21 04:40:00,245.15,245.17,244.98,245.1,30873
2025-07-21 04:45:00,245.07,245.16,244.99,245.05,40639
2025-07-21 04:50:00,245.1,245.42,245.05,245.22,53711
2025-07-21 04:55:00,245.2,245.7,245.19,245.54,94171
2025-07-21 05:00:00,245.47,245.74,245.47,245.6,50318
2025-07-21 05:05:00,245.52,245.75,245.5,245.62,98737
2025-07-21 05:10:00,245.51,245.6,245.3,245.4,39834
2025-07-21 05:15:00,245.37,245.4,245.25,245.27,40128
2025-07-21 05:20:00,245.27,245.31,244.88,245.16,146278
2025-07-21 05:25:00,245.06,245.21,244.98,245.01,41849
2025-07-21 05:30:00,245.08,245.39,245.01,245.11,112107
2025-07-21 05:35:00,245.2,245.21,245.01,245.01,24237
2025-07-21 05:40:00,245.1,245.16,244.85,244.92,40081
2025-07-21 05:45:00,244.92,244.92,244.7,244.8,44146
2025-07-21 05:50:00,244.8,244.92,244.74,244.92,18584
2025-07-21 05:55:00,244.87,245.04,244.87,245.0,26460
2025-07-21 06:00:00,245.04,245.13,244.9,244.92,44440
2025-07-21 06:05:00,244.92,245.07,244.8,244.8,43426
2025-07-21 06:10:00,244.8,244.88,244.55,244.64,72413
2025-07-21 06:15:00,244.7,245.15,244.7,245.08,68034
2025-07-21 06:20:00,245.0,245.25,245.0,245.03,77303
2025-07-21 06:25:00,245.1,245.27,245.04,245.22,21749
2025-07-21 06:30:00,245.22,245.24,245.0,245.0,24633
2025-07-21 06:35:00,245.03,245.07,245.0,245.0,23591
2025-07-21 06:40:00,245.0,245.02,244.99,245.0,61651
2025-07-21 06:45:00,245.05,245.24,245.05,245.18,35062
2025-07-21 06:50:00,245.19,245.37,245.0,245.06,58369
2025-07-21 06:55:00,245.0,245.08,244.95,245.0,147691
2025-07-21 07:00:00,245.0,245.05,244.73,244.99,144999
2025-07-21 07:05:00,244.99,245.07,244.96,244.98,39327
2025-07-21 07:10:00,244.98,245.38,244.96,245.29,56160
2025-07-21 07:15:00,245.34,245.44,245.22,245.29,77925
2025-07-21 07:20:00,245.36,245.39,245.03,245.19,59062
2025-07-21 07:25:00,245.19,245.21,244.94,245.03,45128
2025-07-21 07:30:00,245.03,245.1,244.97,245.07,57155
2025-07-21 07:35:00,245.07,245.31,244.97,245.24,77082
2025-07-21 07:40:00,245.24,245.32,245.07,245.19,25540
2025-07-21 07:45:00,245.19,245.2,245.04,245.15,24037
2025-07-21 07:50:00,245.1,245.15,245.03,245.06,13897
2025-07-21 07:55:00,245.05,245.67,245.03,245.62,74769
2025-07-21 08:00:00,245.62,245.72,244.95,245.06,205924
2025-07-21 08:05:00,245.1,245.12,244.96,245.0,41807
2025-07-21 08:10:00,245.0,245.18,244.95,245.16,50238
2025-07-21 08:15:00,245.18,245.4,245.09,245.14,23070
2025-07-21 08:20:00,245.12,245.12,244.99,245.0,280192
2025-07-21 08:25:00,245.0,245.0,244.89,245.0,45840
2025-07-21 08:30:00,245.0,245.03,244.94,245.0,16987
2025-07-21 08:35:00,245.0,245.04,244.96,244.99,16613
2025-07-21 08:40:00,245.0,245.09,244.98,244.99,26365
2025-07-21 08:45:00,245.0,245.21,244.99,245.09,39976
2025-07-21 08:50:00,245.14,245.18,245.04,245.13,23230
2025-07-21 08:55:00,245.13,245.15,244.96,244.99,71591
2025-07-21 09:00:00,245.0,245.1,244.99,245.03,34125
2025-07-21 09:05:00,245.09,245.09,244.9,244.93,42044
2025-07-21 09:10:00,244.92,245.0,244.9,244.98,19108
2025-07-21 09:15:00,244.98,245.0,244.9,244.94,20534
2025-07-21 09:20:00,244.95,245.0,244.9,244.96,14124
2025-07-21 09:25:00,244.99,245.0,244.82,244.85,26135
2025-07-21 09:30:00,244.92,245.25,244.92,244.99,229594
2025-07-21 09:35:00,245.06,245.17,244.97,245.06,208829
2025-07-21 09:40:00,245.17,245.2,244.99,245.0,244505
2025-07-21 09:45:00,244.99,245.07,244.84,245.0,200680
2025-07-21 09:50:00,244.97,245.09,244.85,245.06,192527
2025-07-21 09:55:00,245.09,245.11,244.65,244.94,143492
2025-07-22 03:45:00,245.04,245.49,244.45,245.1,126415
2025-07-22 03:50:00,244.97,245.0,244.56,245.0,60830
2025-07-22 03:55:00,245.0,245.34,244.87,244.87,55316
2025-07-22 04:00:00,244.8,244.88,244.07,244.2,93317
2025-07-22 04:05:00,244.2,245.45,244.18,245.38,593543
2025-07-22 04:10:00,245.45,245.6,244.99,245.18,80321
2025-07-22 04:15:00,245.14,245.2,245.0,245.07,23618
2025-07-22 04:20:00,245.07,245.16,244.94,245.02,70559
2025-07-22 04:25:00,245.02,245.07,244.59,244.74,95249
2025-07-22 04:30:00,244.86,245.0,244.8,244.99,20756
2025-07-22 04:35:00,244.97,244.97,244.6,244.62,21251
2025-07-22 04:40:00,244.67,245.01,244.6,244.8,43385
2025-07-22 04:45:00,244.8,244.9,244.61,244.85,27416
2025-07-22 04:50:00,244.85,244.88,244.6,244.65,26550
2025-07-22 04:55:00,244.6,245.05,244.6,244.75,16979
2025-07-22 05:00:00,244.75,244.75,244.56,244.69,7702
2025-07-22 05:05:00,244.69,244.88,244.63,244.78,17420
2025-07-22 05:10:00,244.78,245.18,244.75,245.06,54273
2025-07-22 05:15:00,245.02,245.2,244.7,245.11,43705
2025-07-22 05:20:00,245.11,245.11,244.92,245.0,12242
2025-07-22 05:25:00,245.0,245.04,244.77,244.82,43604
2025-07-22 05:30:00,244.82,245.09,244.76,245.02,39737
2025-07-22 05:35:00,245.02,245.03,244.75,244.79,14540
2025-07-22 05:40:00,244.75,244.85,244.5,244.73,43089
2025-07-22 05:45:00,244.69,244.85,244.61,244.76,9644
2025-07-22 05:50:00,244.8,244.98,244.7,244.89,16979
2025-07-22 05:55:00,244.89,245.07,244.7,244.95,26681
2025-07-22 06:00:00,245.0,245.03,244.87,245.03,21338
2025-07-22 06:05:00,245.03,245.09,244.95,245.09,15106
2025-07-22 06:10:00,245.06,245.38,245.03,245.28,68676
2025-07-22 06:15:00,245.28,245.28,245.08,245.2,17888
2025-07-22 06:20:00,245.18,245.42,244.95,245.36,83685
2025-07-22 06:25:00,245.41,245.55,245.25,245.5,99778
2025-07-22 06:30:00,245.5,245.58,245.2,245.3,111986
2025-07-22 06:35:00,245.34,245.51,245.2,245.4,191011
2025-07-22 06:40:00,245.4,245.55,245.4,245.51,15984
2025-07-22 06:45:00,245.51,245.8,245.5,245.8,75682
2025-07-22 06:50:00,245.78,246.0,245.5,245.96,359755
2025-07-22 06:55:00,245.99,246.0,245.87,245.93,49262
2025-07-22 07:00:00,245.93,245.99,245.9,245.95,60395
2025-07-22 07:05:00,245.95,246.12,245.9,245.97,62622
2025-07-22 07:10:00,246.0,246.09,245.9,246.0,35523
2025-07-22 07:15:00,246.0,246.1,245.94,246.02,32640
2025-07-22 07:20:00,246.1,246.4,246.05,246.3,59233
2025-07-22 07:25:00,246.21,246.74,246.19,246.19,85759
2025-07-22 07:30:00,246.29,246.45,246.23,246.4,37000
2025-07-22 07:35:00,246.4,246.4,246.1,246.35,54516
2025-07-22 07:40:00,246.35,246.35,246.12,246.14,28500
2025-07-22 07:45:00,246.14,246.22,246.06,246.17,35637
2025-07-22 07:50:00,246.17,246.2,246.1,246.16,18270
2025-07-22 07:55:00,246.12,246.33,245.92,246.32,47768
2025-07-22 08:00:00,246.32,246.39,246.0,246.14,27142
2025-07-22 08:05:00,246.14,246.19,246.02,246.14,17239
2025-07-22 08:10:00,246.14,246.27,246.06,246.09,26345
2025-07-22 08:15:00,246.03,246.44,246.03,246.3,41073
2025-07-22 08:20:00,246.4,246.65,246.37,246.53,53747
2025-07-22 08:25:00,246.47,246.69,246.4,246.5,62502
2025-07-22 08:30:00,246.5,246.65,246.49,246.65,40302
2025-07-22 08:35:00,246.64,246.87,246.55,246.77,73052
2025-07-22 08:40:00,246.74,246.84,246.44,246.57,36361
2025-07-22 08:45:00,246.57,246.75,246.47,246.6,38725
2025-07-22 08:50:00,246.6,246.6,246.32,246.35,77123
2025-07-22 08:55:00,246.3,246.4,246.23,246.32,47117
2025-07-22 09:00:00,246.25,246.32,246.15,246.2,95305
2025-07-22 09:05:00,246.07,246.32,246.04,246.31,98900
2025-07-22 09:10:00,246.31,246.34,246.21,246.29,33430
2025-07-22 09:15:00,246.29,246.44,246.2,246.44,53234
2025-07-22 09:20:00,246.36,246.47,246.31,246.41,34127
2025-07-22 09:25:00,246.36,246.41,246.18,246.29,63507
2025-07-22 09:30:00,246.28,246.28,246.06,246.17,178516
2025-07-22 09:35:00,246.13,246.33,246.13,246.28,138097
2025-07-22 09:40:00,246.28,246.56,246.28,246.42,263346
2025-07-22 09:45:00,246.47,246.54,246.31,246.48,340230
2025-07-22 09:50:00,246.48,246.54,246.39,246.44,383090
2025-07-22 09:55:00,246.49,246.55,246.0,246.32,292527
2025-07-23 03:45:00,246.0,247.2,245.45,246.87,247155
2025-07-23 03:50:00,246.87,247.11,246.61,246.85,69770
2025-07-23 03:55:00,246.85,246.85,246.4,246.47,57504
2025-07-23 04:00:00,246.54,246.7,246.32,246.64,92988
2025-07-23 04:05:00,246.64,246.9,246.58,246.8,64764
2025-07-23 04:10:00,246.8,246.8,246.53,246.6,26079
2025-07-23 04:15:00,246.55,246.67,246.38,246.6,79872
2025-07-23 04:20:00,246.55,246.94,246.55,246.83,71913
2025-07-23 04:25:00,246.83,247.05,246.73,246.87,148691
2025-07-23 04:30:00,246.87,246.88,246.17,246.26,81605
2025-07-23 04:35:00,246.2,246.35,246.1,246.19,44082
2025-07-23 04:40:00,246.2,246.33,246.12,246.27,27904
2025-07-23 04:45:00,246.33,246.33,246.06,246.11,20909
2025-07-23 04:50:00,246.2,246.25,246.09,246.19,19821
2025-07-23 04:55:00,246.23,246.29,245.89,246.02,49855
2025-07-23 05:00:00,246.0,246.15,245.89,246.02,23371
2025-07-23 05:05:00,246.02,246.12,245.53,245.56,67498
2025-07-23 05:10:00,245.67,245.82,245.43,245.77,65219
2025-07-23 05:15:00,245.82,245.82,245.56,245.66,23180
2025-07-23 05:20:00,245.63,245.95,245.63,245.83,24084
2025-07-23 05:25:00,245.83,245.92,245.62,245.67,31884
2025-07-23 05:30:00,245.73,245.98,245.68,245.97,43651
2025-07-23 05:35:00,245.98,246.07,245.72,245.75,22599
2025-07-23 05:40:00,245.72,245.72,245.54,245.64,35314
2025-07-23 05:45:00,245.64,245.8,245.44,245.78,23214
2025-07-23 05:50:00,245.74,245.75,245.25,245.5,60472
2025-07-23 05:55:00,245.5,245.5,245.37,245.48,16778
2025-07-23 06:00:00,245.45,245.5,245.05,245.22,90635
2025-07-23 06:05:00,245.22,245.36,245.2,245.33,44489
2025-07-23 06:10:00,245.3,245.3,244.78,245.04,121471
2025-07-23 06:15:00,245.0,245.05,244.76,244.96,57406
2025-07-23 06:20:00,244.96,244.96,244.81,244.85,35181
2025-07-23 06:25:00,244.85,245.24,244.84,245.0,45769
2025-07-23 06:30:00,245.0,245.17,244.93,245.13,30629
2025-07-23 06:35:00,245.16,245.2,244.62,245.0,193351
2025-07-23 06:40:00,245.0,245.05,244.76,245.0,103473
2025-07-23 06:45:00,245.0,245.13,245.0,245.11,21257
2025-07-23 06:50:00,245.11,245.48,245.06,245.41,70957
2025-07-23 06:55:00,245.41,245.5,245.08,245.12,108783
2025-07-23 07:00:00,245.23,245.38,245.04,245.18,56919
2025-07-23 07:05:00,245.18,245.27,245.0,245.2,72614
2025-07-23 07:10:00,245.13,245.35,244.95,245.0,160196
2025-07-23 07:15:00,245.0,245.04,244.42,244.5,94895
2025-07-23 07:20:00,244.5,244.62,244.43,244.46,67851
2025-07-23 07:25:00,244.5,244.7,244.45,244.48,105495
2025-07-23 07:30:00,244.48,245.0,244.45,244.8,205902
2025-07-23 07:35:00,244.8,245.03,244.74,245.0,192591
2025-07-23 07:40:00,245.0,245.0,244.7,244.75,134646
2025-07-23 07:45:00,244.76,244.92,244.64,244.87,159870
2025-07-23 07:50:00,244.86,244.98,244.75,244.95,137892
2025-07-23 07:55:00,244.91,244.91,244.65,244.71,81555
2025-07-23 08:00:00,244.71,244.95,244.66,244.72,62263
2025-07-23 08:05:00,244.72,244.84,244.52,244.56,76480
2025-07-23 08:10:00,244.58,244.68,244.34,244.35,108081
2025-07-23 08:15:00,244.44,244.49,244.3,244.36,100238
2025-07-23 08:20:00,244.4,244.6,244.26,244.56,134557
2025-07-23 08:25:00,244.6,244.66,244.41,244.52,151359
2025-07-23 08:30:00,244.58,244.68,244.41,244.54,145578
2025-07-23 08:35:00,244.54,244.76,244.49,244.58,116346
2025-07-23 08:40:00,244.58,244.99,244.45,244.81,262418
2025-07-23 08:45:00,244.9,245.0,244.67,244.82,103512
2025-07-23 08:50:00,244.85,244.88,244.56,244.56,94148
2025-07-23 08:55:00,244.6,244.7,244.35,244.35,119973
2025-07-23 09:00:00,244.35,244.99,244.35,244.76,120625
2025-07-23 09:05:00,244.84,244.88,244.71,244.8,79682
2025-07-23 09:10:00,244.8,244.9,244.72,244.81,80030
2025-07-23 09:15:00,244.87,244.95,244.71,244.79,89453
2025-07-23 09:20:00,244.8,244.84,244.56,244.7,82518
2025-07-23 09:25:00,244.77,244.8,244.56,244.69,91423
2025-07-23 09:30:00,244.81,245.2,244.81,245.05,170936
2025-07-23 09:35:00,245.11,245.48,245.03,245.48,204648
2025-07-23 09:40:00,245.5,245.95,245.42,245.73,343512
2025-07-23 09:45:00,245.72,245.8,245.36,245.6,278103
2025-07-23 09:50:00,245.6,245.75,245.58,245.72,225098
2025-07-23 09:55:00,245.75,245.87,245.33,245.81,179268
2025-07-24 03:45:00,245.56,246.14,245.3,246.0,113432
2025-07-24 03:50:00,245.95,246.2,245.69,245.75,41813
2025-07-24 03:55:00,245.75,245.88,245.41,245.8,47558
2025-07-24 04:00:00,245.8,246.03,245.73,245.91,35467
2025-07-24 04:05:00,245.91,246.04,245.85,245.99,37062
2025-07-24 04:10:00,245.99,246.0,245.84,245.95,20417
2025-07-24 04:15:00,245.94,245.95,245.81,245.95,21886
2025-07-24 04:20:00,245.95,245.97,245.66,245.66,18754
2025-07-24 04:25:00,245.66,245.71,245.55,245.65,21797
2025-07-24 04:30:00,245.65,245.8,245.6,245.65,17958
2025-07-24 04:35:00,245.65,245.7,245.42,245.51,48468
2025-07-24 04:40:00,245.57,245.6,245.4,245.52,16433
2025-07-24 04:45:00,245.52,245.75,245.52,245.68,50162
2025-07-24 04:50:00,245.68,245.84,245.12,245.21,23700
2025-07-24 04:55:00,245.29,245.46,245.18,245.37,40898
2025-07-24 05:00:00,245.29,245.5,245.28,245.36,12611
2025-07-24 05:05:00,245.36,245.46,245.2,245.29,17502
2025-07-24 05:10:00,245.3,245.36,245.12,245.2,13965
2025-07-24 05:15:00,245.16,245.71,245.16,245.63,47439
2025-07-24 05:20:00,245.67,245.9,245.64,245.71,17322
2025-07-24 05:25:00,245.71,245.81,245.67,245.8,29269
2025-07-24 05:30:00,245.85,245.9,245.7,245.7,21170
2025-07-24 05:35:00,245.8,245.8,245.4,245.48,19564
2025-07-24 05:40:00,245.49,245.5,245.15,245.15,28895
2025-07-24 05:45:00,245.12,245.3,244.9,245.24,73070
2025-07-24 05:50:00,245.24,245.34,244.84,244.87,70409
2025-07-24 05:55:00,244.86,244.97,244.67,244.78,34322
2025-07-24 06:00:00,244.68,244.93,244.56,244.58,34234
2025-07-24 06:05:00,244.55,244.7,244.4,244.49,36389
2025-07-24 06:10:00,244.45,244.67,244.4,244.6,40829
2025-07-24 06:15:00,244.6,244.95,244.54,244.77,40447
2025-07-24 06:20:00,244.75,244.8,244.51,244.56,14200
2025-07-24 06:25:00,244.55,244.67,244.3,244.5,25438
2025-07-24 06:30:00,244.44,244.51,243.85,243.99,67344
2025-07-24 06:35:00,244.0,244.17,243.76,244.11,46407
2025-07-24 06:40:00,244.12,244.35,243.93,244.29,59489
2025-07-24 06:45:00,244.3,244.8,244.26,244.74,80453
2025-07-24 06:50:00,244.74,245.2,244.58,244.78,162195
2025-07-24 06:55:00,244.86,245.15,244.47,244.99,241155
2025-07-24 07:00:00,244.92,245.0,244.8,244.95,42829
2025-07-24 07:05:00,244.85,244.95,244.4,244.44,43426
2025-07-24 07:10:00,244.43,244.56,244.27,244.4,57507
2025-07-24 07:15:00,244.35,244.84,244.33,244.58,239920
2025-07-24 07:20:00,244.6,244.85,244.39,244.5,45458
2025-07-24 07:25:00,244.39,244.5,244.22,244.31,50540
2025-07-24 07:30:00,244.25,244.49,244.11,244.35,74091
2025-07-24 07:35:00,244.24,244.6,244.22,244.38,43184
2025-07-24 07:40:00,244.38,244.55,244.21,244.49,50065
2025-07-24 07:45:00,244.49,244.49,244.1,244.39,60001
2025-07-24 07:50:00,244.39,244.6,244.2,244.51,57369
2025-07-24 07:55:00,244.41,244.67,244.41,244.53,48017
2025-07-24 08:00:00,244.64,244.75,244.4,244.52,63004
2025-07-24 08:05:00,244.4,244.55,244.22,244.36,70526
2025-07-24 08:10:00,244.26,244.6,244.23,244.49,43861
2025-07-24 08:15:00,244.4,244.72,244.4,244.7,64009
2025-07-24 08:20:00,244.69,244.69,244.45,244.6,57583
2025-07-24 08:25:00,244.58,244.58,244.22,244.4,81718
2025-07-24 08:30:00,244.4,244.94,244.35,244.85,74040
2025-07-24 08:35:00,244.92,244.96,244.71,244.86,56242
2025-07-24 08:40:00,244.83,244.93,244.66,244.7,56778
2025-07-24 08:45:00,244.69,244.9,244.65,244.68,57817
2025-07-24 08:50:00,244.71,244.8,244.52,244.65,41464
2025-07-24 08:55:00,244.62,244.66,244.4,244.49,63138
2025-07-24 09:00:00,244.59,244.66,244.49,244.53,57886
2025-07-24 09:05:00,244.6,244.65,244.45,244.5,111458
2025-07-24 09:10:00,244.46,244.64,244.44,244.5,69444
2025-07-24 09:15:00,244.55,244.6,244.2,244.35,107978
2025-07-24 09:20:00,244.29,244.42,244.2,244.29,64778
2025-07-24 09:25:00,244.22,244.32,244.1,244.15,77741
2025-07-24 09:30:00,244.31,244.75,244.25,244.6,96751
2025-07-24 09:35:00,244.63,244.78,244.53,244.73,139831
2025-07-24 09:40:00,244.73,244.83,244.69,244.78,121236
2025-07-24 09:45:00,244.74,244.84,244.68,244.81,117574
2025-07-24 09:50:00,244.89,245.2,244.83,245.14,170936
2025-07-24 09:55:00,245.15,245.3,245.05,245.3,120644
2025-07-25 03:45:00,244.03,244.79,244.03,244.59,95409
2025-07-25 03:50:00,244.59,244.7,244.1,244.1,47057
2025-07-25 03:55:00,244.19,244.69,244.0,244.62,45318
2025-07-25 04:00:00,244.61,244.66,244.03,244.03,48422
2025-07-25 04:05:00,244.08,244.16,243.84,243.95,42167
2025-07-25 04:10:00,243.95,243.98,243.45,243.49,159006
2025-07-25 04:15:00,243.51,243.56,243.07,243.13,129024
2025-07-25 04:20:00,243.13,243.49,242.91,242.91,74551
2025-07-25 04:25:00,243.0,243.0,242.66,242.87,59522
2025-07-25 04:30:00,242.86,243.07,242.8,242.9,16810
2025-07-25 04:35:00,242.95,242.95,242.56,242.64,39008
2025-07-25 04:40:00,242.6,242.78,242.46,242.61,49118
2025-07-25 04:45:00,242.59,242.59,241.84,242.05,119846
2025-07-25 04:50:00,242.05,242.2,241.95,242.0,30009
2025-07-25 04:55:00,241.99,242.11,241.96,242.04,32117
2025-07-25 05:00:00,241.99,242.03,241.59,241.84,78428
2025-07-25 05:05:00,241.93,242.03,241.8,241.93,26132
2025-07-25 05:10:00,241.93,241.93,241.42,241.7,154005
2025-07-25 05:15:00,241.7,241.74,241.51,241.64,20471
2025-07-25 05:20:00,241.64,241.7,241.2,241.38,53141
2025-07-25 05:25:00,241.28,241.62,241.24,241.61,61293
2025-07-25 05:30:00,241.59,241.62,241.05,241.15,36655
2025-07-25 05:35:00,241.12,241.5,241.1,241.32,41937
2025-07-25 05:40:00,241.32,241.32,241.06,241.15,31027
2025-07-25 05:45:00,241.17,241.41,241.02,241.38,19766
2025-07-25 05:50:00,241.39,242.1,241.31,242.06,361069
2025-07-25 05:55:00,242.0,242.09,241.68,242.02,371257
2025-07-25 06:00:00,242.02,242.33,241.67,241.68,336287
2025-07-25 06:05:00,241.79,242.1,241.65,242.09,83475
2025-07-25 06:10:00,242.08,242.19,241.66,242.05,311789
2025-07-25 06:15:00,242.0,242.1,241.76,241.89,246340
2025-07-25 06:20:00,241.89,242.3,241.82,242.25,51337
2025-07-25 06:25:00,242.23,242.4,242.17,242.3,16754
2025-07-25 06:30:00,242.3,242.42,242.15,242.25,35244
2025-07-25 06:35:00,242.23,242.33,241.69,241.71,147435
2025-07-25 06:40:00,241.71,242.18,241.65,242.1,38499
2025-07-25 06:45:00,242.1,242.17,242.0,242.1,21544
2025-07-25 06:50:00,242.1,242.1,241.99,242.02,69572
2025-07-25 06:55:00,242.02,242.04,241.7,241.81,103709
2025-07-25 07:00:00,241.83,242.18,241.81,242.06,23263
2025-07-25 07:05:00,242.06,242.6,241.9,242.55,56017
2025-07-25 07:10:00,242.5,242.74,242.3,242.32,55082
2025-07-25 07:15:00,242.33,242.69,242.25,242.59,70142
2025-07-25 07:20:00,242.62,242.62,242.28,242.4,18880
2025-07-25 07:25:00,242.4,242.5,242.33,242.42,24331
2025-07-25 07:30:00,242.42,242.5,242.15,242.17,55769
2025-07-25 07:35:00,242.17,242.35,242.15,242.34,47049
2025-07-25 07:40:00,242.33,242.35,242.15,242.28,17438
2025-07-25 07:45:00,242.28,242.3,242.12,242.3,18977
2025-07-25 07:50:00,242.27,242.35,242.12,242.35,31947
2025-07-25 07:55:00,242.35,242.35,242.01,242.04,29046
2025-07-25 08:00:00,241.91,242.0,241.5,241.51,64060
2025-07-25 08:05:00,241.63,241.9,241.5,241.86,42629
2025-07-25 08:10:00,241.86,242.0,241.7,241.77,16593
2025-07-25 08:15:00,241.77,241.98,241.64,241.93,20685
2025-07-25 08:20:00,241.9,241.96,241.64,241.84,30514
2025-07-25 08:25:00,241.8,241.95,241.76,241.84,15283
2025-07-25 08:30:00,241.84,241.85,241.53,241.54,22101
2025-07-25 08:35:00,241.53,241.53,241.32,241.41,33495
2025-07-25 08:40:00,241.48,241.48,241.25,241.28,46240
2025-07-25 08:45:00,241.25,241.54,241.25,241.5,59985
2025-07-25 08:50:00,241.5,241.5,241.3,241.43,28510
2025-07-25 08:55:00,241.47,241.5,241.15,241.31,39481
2025-07-25 09:00:00,241.21,241.4,241.2,241.4,12690
2025-07-25 09:05:00,241.39,241.63,241.28,241.35,77542
2025-07-25 09:10:00,241.35,241.45,240.5,240.62,247997
2025-07-25 09:15:00,240.66,240.82,240.11,240.25,206096
2025-07-25 09:20:00,240.25,240.29,239.83,240.0,391156
2025-07-25 09:25:00,240.0,240.05,239.65,239.82,211295
2025-07-25 09:30:00,239.85,240.0,239.25,239.82,235460
2025-07-25 09:35:00,239.8,240.37,239.68,240.36,613810
2025-07-25 09:40:00,240.36,240.88,240.21,240.88,203260
2025-07-25 09:45:00,240.85,240.87,240.19,240.31,206775
2025-07-25 09:50:00,240.24,240.68,240.24,240.68,247321
2025-07-25 09:55:00,240.66,240.7,240.02,240.49,187406
2025-07-28 03:45:00,240.29,240.95,239.65,240.9,138756
2025-07-28 03:50:00,240.9,240.94,240.21,240.64,59526
2025-07-28 03:55:00,240.7,241.14,240.61,241.0,41742
2025-07-28 04:00:00,241.01,241.29,240.94,241.19,61322
2025-07-28 04:05:00,241.06,241.33,240.94,241.0,56491
2025-07-28 04:10:00,241.05,241.14,240.48,240.52,55137
2025-07-28 04:15:00,240.51,240.52,240.02,240.2,36351
2025-07-28 04:20:00,240.28,240.48,240.15,240.36,39743
2025-07-28 04:25:00,240.31,240.4,240.08,240.15,24375
2025-07-28 04:30:00,240.15,240.3,240.01,240.21,30389
2025-07-28 04:35:00,240.21,240.75,240.21,240.75,46520
2025-07-28 04:40:00,240.76,241.0,240.6,240.83,57429
2025-07-28 04:45:00,240.85,241.0,240.77,240.84,57564
2025-07-28 04:50:00,240.81,241.08,240.81,241.0,37461
2025-07-28 04:55:00,241.0,241.02,240.85,241.0,25329
2025-07-28 05:00:00,241.0,241.45,240.98,241.35,109999
2025-07-28 05:05:00,241.39,241.4,240.87,240.96,61839
2025-07-28 05:10:00,240.9,241.2,240.9,241.08,32295
2025-07-28 05:15:00,241.0,241.1,240.87,240.95,62417
2025-07-28 05:20:00,240.9,241.22,240.88,241.11,36115
2025-07-28 05:25:00,241.11,241.25,241.05,241.1,21955
2025-07-28 05:30:00,241.11,241.2,241.07,241.07,18969
2025-07-28 05:35:00,241.06,241.09,240.85,240.92,32047
2025-07-28 05:40:00,240.93,241.0,240.9,240.91,24848
2025-07-28 05:45:00,240.95,240.96,240.85,240.96,17200
2025-07-28 05:50:00,240.96,241.31,240.9,241.19,45184
2025-07-28 05:55:00,241.13,241.25,240.9,240.94,36104
2025-07-28 06:00:00,240.92,240.95,240.55,240.74,64654
2025-07-28 06:05:00,240.74,241.08,240.7,241.0,97330
2025-07-28 06:10:00,241.01,241.06,240.7,241.04,122852
2025-07-28 06:15:00,241.0,241.19,240.84,241.18,63572
2025-07-28 06:20:00,241.14,241.18,241.0,241.12,25032
2025-07-28 06:25:00,241.12,241.56,241.09,241.5,49888
2025-07-28 06:30:00,241.5,241.5,241.2,241.27,19187
2025-07-28 06:35:00,241.26,241.27,240.8,241.0,85702
2025-07-28 06:40:00,241.01,241.06,240.74,241.0,86837
2025-07-28 06:45:00,241.0,241.02,240.95,240.95,83976
2025-07-28 06:50:00,240.96,241.27,240.95,240.95,43347
2025-07-28 06:55:00,240.95,241.07,240.95,241.07,45128
2025-07-28 07:00:00,241.06,241.17,240.95,241.05,37633
2025-07-28 07:05:00,241.0,241.11,240.85,240.9,49140
2025-07-28 07:10:00,240.85,240.91,240.76,240.83,77413
2025-07-28 07:15:00,240.76,240.82,240.03,240.11,98439
2025-07-28 07:20:00,240.02,240.11,239.77,240.08,94544
2025-07-28 07:25:00,240.03,240.09,239.8,239.8,34431
2025-07-28 07:30:00,239.78,239.8,239.5,239.52,47007
2025-07-28 07:35:00,239.48,239.69,239.38,239.43,51721
2025-07-28 07:40:00,239.43,239.43,239.08,239.15,54558
2025-07-28 07:45:00,239.1,239.3,238.8,238.92,66360
2025-07-28 07:50:00,238.87,239.23,238.82,239.05,50935
2025-07-28 07:55:00,239.04,239.31,238.65,238.7,46352
2025-07-28 08:00:00,238.7,238.7,238.2,238.25,102366
2025-07-28 08:05:00,238.2,238.64,238.0,238.25,373193
2025-07-28 08:10:00,238.2,238.29,238.01,238.01,66750
2025-07-28 08:15:00,238.05,238.85,237.8,238.85,319868
2025-07-28 08:20:00,238.85,239.0,238.74,238.97,66353
2025-07-28 08:25:00,238.91,239.03,238.88,238.91,78874
2025-07-28 08:30:00,238.91,239.0,238.73,238.91,74792
2025-07-28 08:35:00,238.9,239.27,238.88,239.21,82941
2025-07-28 08:40:00,239.23,239.88,239.17,239.84,340143
2025-07-28 08:45:00,239.8,239.9,239.74,239.79,63523
2025-07-28 08:50:00,239.79,239.84,239.53,239.78,76628
2025-07-28 08:55:00,239.78,239.83,239.58,239.73,45943
2025-07-28 09:00:00,239.73,240.35,239.73,240.35,70160
2025-07-28 09:05:00,240.31,240.47,240.05,240.19,84606
2025-07-28 09:10:00,240.19,240.48,240.09,240.44,63736
2025-07-28 09:15:00,240.39,240.91,240.33,240.33,181659
2025-07-28 09:20:00,240.33,240.7,240.23,240.5,101656
2025-07-28 09:25:00,240.5,240.62,240.36,240.36,79846
2025-07-28 09:30:00,240.37,240.57,239.74,240.45,749985
2025-07-28 09:35:00,240.43,240.53,240.14,240.2,237672
2025-07-28 09:40:00,240.2,240.24,239.62,239.65,185506
2025-07-28 09:45:00,239.65,239.77,239.51,239.67,223156
2025-07-28 09:50:00,239.69,239.95,239.69,239.87,236896
2025-07-28 09:55:00,239.95,240.12,239.15,239.75,194932
2025-07-29 03:45:00,240.47,242.2,240.27,241.6,253200
2025-07-29 03:50:00,241.45,242.35,241.26,241.7,144313
2025-07-29 03:55:00,241.7,242.1,241.35,242.05,90767
2025-07-29 04:00:00,241.99,242.01,240.65,240.78,110787
2025-07-29 04:05:00,240.9,241.0,240.67,240.88,37499
2025-07-29 04:10:00,240.79,241.2,240.63,240.65,60817
2025-07-29 04:15:00,240.71,240.84,240.31,240.5,64635
2025-07-29 04:20:00,240.5,240.79,240.41,240.68,38129
2025-07-29 04:25:00,240.73,240.97,240.56,240.65,51620
2025-07-29 04:30:00,240.61,241.05,240.55,240.99,28992
2025-07-29 04:35:00,240.99,241.0,240.6,240.69,23415
2025-07-29 04:40:00,240.62,240.71,240.05,240.27,46191
2025-07-29 04:45:00,240.3,240.5,240.24,240.42,29679
2025-07-29 04:50:00,240.33,240.47,240.05,240.26,34347
2025-07-29 04:55:00,240.3,240.33,240.05,240.06,19614
2025-07-29 05:00:00,240.07,240.57,240.02,240.38,44124
2025-07-29 05:05:00,240.38,240.6,240.24,240.25,25210
2025-07-29 05:10:00,240.31,240.6,240.25,240.58,21959
2025-07-29 05:15:00,240.58,240.59,240.25,240.42,17425
2025-07-29 05:20:00,240.43,240.82,240.34,240.8,28499
2025-07-29 05:25:00,240.8,241.9,240.72,241.82,490040
2025-07-29 05:30:00,241.77,241.83,241.02,241.07,85724
2025-07-29 05:35:00,241.0,241.26,241.0,241.12,44083
2025-07-29 05:40:00,241.2,241.95,241.04,241.9,80152
2025-07-29 05:45:00,241.95,242.23,241.9,242.22,89597
2025-07-29 05:50:00,242.16,242.23,241.88,241.96,80571
2025-07-29 05:55:00,241.9,241.9,241.5,241.7,141662
2025-07-29 06:00:00,241.76,242.51,241.7,242.17,333103
2025-07-29 06:05:00,242.17,242.25,241.83,241.9,183964
2025-07-29 06:10:00,241.82,242.09,241.67,241.73,80027
2025-07-29 06:15:00,241.8,241.97,241.7,241.79,18065
2025-07-29 06:20:00,241.78,241.9,241.6,241.67,17590
2025-07-29 06:25:00,241.65,241.74,241.29,241.37,33143
2025-07-29 06:30:00,241.41,241.54,241.34,241.51,28295
2025-07-29 06:35:00,241.51,241.71,241.44,241.57,15918
2025-07-29 06:40:00,241.57,241.8,241.42,241.5,45762
2025-07-29 06:45:00,241.46,241.6,241.42,241.55,19988
2025-07-29 06:50:00,241.57,241.6,241.18,241.18,23151
2025-07-29 06:55:00,241.28,241.45,241.11,241.43,34661
2025-07-29 07:00:00,241.43,241.6,241.3,241.35,34322
2025-07-29 07:05:00,241.35,241.35,241.11,241.15,34642
2025-07-29 07:10:00,241.16,241.38,240.88,241.07,107068
2025-07-29 07:15:00,241.15,241.22,241.01,241.13,34483
2025-07-29 07:20:00,241.13,241.31,241.01,241.1,31994
2025-07-29 07:25:00,241.1,241.38,241.1,241.21,37449
2025-07-29 07:30:00,241.21,241.25,241.0,241.08,21974
2025-07-29 07:35:00,241.08,241.31,240.95,241.26,34945
2025-07-29 07:40:00,241.25,241.45,241.2,241.32,40524
2025-07-29 07:45:00,241.32,241.44,241.23,241.36,45584
2025-07-29 07:50:00,241.35,241.45,241.23,241.38,31723
2025-07-29 07:55:00,241.44,241.59,241.34,241.58,29556
2025-07-29 08:00:00,241.55,241.73,241.34,241.65,41935
2025-07-29 08:05:00,241.65,241.8,241.44,241.62,119078
2025-07-29 08:10:00,241.7,241.73,241.39,241.52,34273
2025-07-29 08:15:00,241.52,241.75,241.48,241.61,50357
2025-07-29 08:20:00,241.6,241.93,241.58,241.85,45842
2025-07-29 08:25:00,241.88,241.93,241.54,241.58,53001
2025-07-29 08:30:00,241.63,241.89,241.55,241.72,48749
2025-07-29 08:35:00,241.71,241.75,241.53,241.55,31257
2025-07-29 08:40:00,241.66,241.68,241.02,241.26,70188
2025-07-29 08:45:00,241.26,241.62,241.23,241.32,183264
2025-07-29 08:50:00,241.32,241.41,241.11,241.29,70693
2025-07-29 08:55:00,241.29,241.38,241.04,241.31,82178
2025-07-29 09:00:00,241.5,241.5,241.13,241.26,105767
2025-07-29 09:05:00,241.17,241.3,240.87,241.17,258858
2025-07-29 09:10:00,241.15,241.19,240.95,241.04,72495
2025-07-29 09:15:00,241.13,241.25,241.02,241.22,50657
2025-07-29 09:20:00,241.22,241.44,241.15,241.38,67602
2025-07-29 09:25:00,241.37,241.48,241.21,241.34,114472
2025-07-29 09:30:00,241.33,241.73,240.92,241.49,267560
2025-07-29 09:35:00,241.61,241.61,241.32,241.51,165578
2025-07-29 09:40:00,241.42,241.75,241.32,241.66,186980
2025-07-29 09:45:00,241.69,241.69,241.32,241.38,182903
2025-07-29 09:50:00,241.42,241.64,241.32,241.46,186869
2025-07-29 09:55:00,241.53,241.9,241.1,241.1,144577
2025-07-30 03:45:00,242.54,242.89,241.75,242.75,253970
2025-07-30 03:50:00,242.75,242.75,242.1,242.29,116375
2025-07-30 03:55:00,242.29,242.33,241.98,242.08,47936
2025-07-30 04:00:00,242.08,242.51,241.46,241.55,108896
2025-07-30 04:05:00,241.61,241.74,241.4,241.45,79456
2025-07-30 04:10:00,241.47,241.57,241.2,241.54,53797
2025-07-30 04:15:00,241.54,241.55,240.58,240.72,109368
2025-07-30 04:20:00,240.7,240.74,240.25,240.25,87012
2025-07-30 04:25:00,240.25,240.8,240.23,240.65,63277
2025-07-30 04:30:00,240.67,240.92,240.5,240.76,64532
2025-07-30 04:35:00,240.76,240.76,240.25,240.29,75454
2025-07-30 04:40:00,240.29,240.55,240.25,240.29,45425
2025-07-30 04:45:00,240.27,240.57,240.1,240.55,73173
2025-07-30 04:50:00,240.53,240.92,240.29,240.59,839946
2025-07-30 04:55:00,240.55,240.75,240.5,240.5,70886
2025-07-30 05:00:00,240.5,240.8,240.5,240.64,32676
2025-07-30 05:05:00,240.64,241.1,240.58,241.03,93671
2025-07-30 05:10:00,240.95,241.17,240.89,241.0,108017
2025-07-30 05:15:00,241.0,241.13,241.0,241.0,72036
2025-07-30 05:20:00,241.03,241.2,241.0,241.08,29358
2025-07-30 05:25:00,241.08,241.22,241.04,241.2,27268
2025-07-30 05:30:00,241.2,242.03,241.07,241.43,199659
2025-07-30 05:35:00,241.49,242.1,241.3,242.03,265888
2025-07-30 05:40:00,242.03,242.19,241.82,241.95,158149
2025-07-30 05:45:00,242.03,242.24,241.92,242.0,41864
2025-07-30 05:50:00,242.02,242.5,242.0,242.41,294422
2025-07-30 05:55:00,242.4,243.0,242.18,242.8,277516
2025-07-30 06:00:00,242.8,243.12,242.62,242.85,122351
2025-07-30 06:05:00,242.82,243.0,242.51,242.95,167492
2025-07-30 06:10:00,242.9,243.08,242.52,242.8,389859
2025-07-30 06:15:00,242.89,243.0,242.86,242.95,71681
2025-07-30 06:20:00,242.95,243.44,242.89,243.4,110941
2025-07-30 06:25:00,243.4,243.71,243.18,243.33,409427
2025-07-30 06:30:00,243.33,243.33,242.99,243.19,55976
2025-07-30 06:35:00,243.17,243.19,242.76,242.76,40047
2025-07-30 06:40:00,242.76,242.9,242.52,242.72,41880
2025-07-30 06:45:00,242.64,243.06,242.59,243.06,35301
2025-07-30 06:50:00,242.98,243.07,242.85,242.94,26127
2025-07-30 06:55:00,242.95,243.0,242.74,242.83,30456
2025-07-30 07:00:00,242.83,243.0,242.68,242.75,48031
2025-07-30 07:05:00,242.86,242.92,242.66,242.91,54401
2025-07-30 07:10:00,242.81,242.99,242.72,242.89,55290
2025-07-30 07:15:00,242.79,243.21,242.76,243.21,76621
2025-07-30 07:20:00,243.14,243.35,243.0,243.26,148005
2025-07-30 07:25:00,243.34,243.43,243.03,243.08,47816
2025-07-30 07:30:00,243.15,243.29,243.04,243.16,36461
2025-07-30 07:35:00,243.15,243.17,242.88,243.0,47395
2025-07-30 07:40:00,243.0,243.0,242.75,242.9,69292
2025-07-30 07:45:00,242.94,243.0,242.83,242.88,34385
2025-07-30 07:50:00,242.92,242.92,242.64,242.72,46423
2025-07-30 07:55:00,242.77,242.95,242.51,242.63,57548
2025-07-30 08:00:00,242.53,243.0,242.52,242.91,56097
2025-07-30 08:05:00,242.91,242.91,242.67,242.75,47566
2025-07-30 08:10:00,242.75,242.8,242.53,242.64,47908
2025-07-30 08:15:00,242.64,242.76,242.53,242.65,43927
2025-07-30 08:20:00,242.65,242.75,242.54,242.65,29936
2025-07-30 08:25:00,242.73,242.86,242.62,242.79,31094
2025-07-30 08:30:00,242.79,242.85,242.5,242.69,40180
2025-07-30 08:35:00,242.79,242.79,242.37,242.43,76584
2025-07-30 08:40:00,242.43,242.76,242.41,242.41,46339
2025-07-30 08:45:00,242.41,242.53,242.15,242.29,60174
2025-07-30 08:50:00,242.29,242.5,242.18,242.38,38475
2025-07-30 08:55:00,242.4,242.65,242.34,242.4,53535
2025-07-30 09:00:00,242.43,242.55,242.4,242.47,31910
2025-07-30 09:05:00,242.4,242.49,242.3,242.36,23781
2025-07-30 09:10:00,242.36,242.36,242.2,242.25,33955
2025-07-30 09:15:00,242.25,242.38,242.11,242.22,102798
2025-07-30 09:20:00,242.31,242.39,242.22,242.26,26027
2025-07-30 09:25:00,242.26,242.33,242.05,242.05,40226
2025-07-30 09:30:00,242.07,242.14,241.82,242.04,469423
2025-07-30 09:35:00,242.12,242.16,241.9,241.9,307438
2025-07-30 09:40:00,241.89,242.0,241.74,241.78,349166
2025-07-30 09:45:00,241.78,241.84,241.54,241.54,310259
2025-07-30 09:50:00,241.54,241.81,241.5,241.55,335358
2025-07-30 09:55:00,241.56,242.0,241.5,241.75,249982
2025-07-31 03:45:00,240.2,240.9,239.8,240.63,326103
2025-07-31 03:50:00,240.55,240.88,240.12,240.58,159940
2025-07-31 03:55:00,240.51,240.58,240.18,240.3,57866
2025-07-31 04:00:00,240.24,240.58,240.12,240.55,54441
2025-07-31 04:05:00,240.58,240.58,240.38,240.38,36696
2025-07-31 04:10:00,240.37,241.57,240.35,241.48,132605
2025-07-31 04:15:00,241.38,241.48,240.8,240.8,55159
2025-07-31 04:20:00,240.88,241.04,240.79,240.9,30790
2025-07-31 04:25:00,240.9,241.16,240.82,241.08,33672
2025-07-31 04:30:00,241.08,241.09,240.53,240.73,62274
2025-07-31 04:35:00,240.72,240.74,240.36,240.47,62188
2025-07-31 04:40:00,240.45,240.46,239.66,239.8,122426
2025-07-31 04:45:00,239.86,240.03,239.72,240.0,76731
2025-07-31 04:50:00,239.99,240.31,239.92,240.3,66367
2025-07-31 04:55:00,240.3,241.23,240.17,241.03,594039
2025-07-31 05:00:00,241.08,241.09,240.73,240.88,254529
2025-07-31 05:05:00,240.92,240.95,240.59,240.83,88088
2025-07-31 05:10:00,240.81,241.24,240.79,241.24,120532
2025-07-31 05:15:00,241.28,241.45,241.08,241.31,83971
2025-07-31 05:20:00,241.3,241.39,241.16,241.23,26887
2025-07-31 05:25:00,241.2,241.38,241.0,241.04,82863
2025-07-31 05:30:00,241.12,241.49,241.04,241.28,118337
2025-07-31 05:35:00,241.26,242.02,241.2,241.2,330490
2025-07-31 05:40:00,241.21,241.75,241.09,241.62,197766
2025-07-31 05:45:00,241.61,241.65,241.34,241.4,182517
2025-07-31 05:50:00,241.43,241.5,241.28,241.42,188788
2025-07-31 05:55:00,241.42,241.5,241.25,241.5,36175
2025-07-31 06:00:00,241.47,241.5,241.4,241.5,842782
2025-07-31 06:05:00,241.61,242.0,241.61,241.77,381374
2025-07-31 06:10:00,241.81,242.0,241.7,241.8,68729
2025-07-31 06:15:00,241.86,241.86,241.48,241.66,75091
2025-07-31 06:20:00,241.65,241.72,241.5,241.55,32338
2025-07-31 06:25:00,241.49,241.8,241.48,241.61,33031
2025-07-31 06:30:00,241.6,241.65,241.43,241.45,24049
2025-07-31 06:35:00,241.46,241.46,241.05,241.08,45151
2025-07-31 06:40:00,241.1,241.5,241.1,241.44,37691
2025-07-31 06:45:00,241.39,241.46,241.19,241.34,45624
2025-07-31 06:50:00,241.35,241.43,241.17,241.27,30112
2025-07-31 06:55:00,241.27,241.49,241.23,241.43,27860
2025-07-31 07:00:00,241.4,241.7,241.33,241.7,54239
2025-07-31 07:05:00,241.8,241.8,241.56,241.66,45830
2025-07-31 07:10:00,241.66,241.67,241.23,241.25,26779
2025-07-31 07:15:00,241.33,241.45,241.18,241.39,57819
2025-07-31 07:20:00,241.44,241.49,241.26,241.36,23082
2025-07-31 07:25:00,241.36,241.78,241.24,241.59,37246
2025-07-31 07:30:00,241.58,241.71,241.35,241.43,33102
2025-07-31 07:35:00,241.42,241.6,241.4,241.52,42066
2025-07-31 07:40:00,241.49,241.8,241.45,241.5,63822
2025-07-31 07:45:00,241.52,241.81,241.45,241.78,53470
2025-07-31 07:50:00,241.75,241.79,241.54,241.62,31732
2025-07-31 07:55:00,241.66,241.85,241.48,241.84,89438
2025-07-31 08:00:00,241.84,242.0,241.75,242.0,76048
2025-07-31 08:05:00,242.0,242.0,241.9,241.99,104502
2025-07-31 08:10:00,241.99,242.0,241.7,241.7,46682
2025-07-31 08:15:00,241.7,241.83,241.7,241.79,27341
2025-07-31 08:20:00,241.78,242.0,241.72,241.97,85314
2025-07-31 08:25:00,241.99,242.5,241.99,242.44,194854
2025-07-31 08:30:00,242.45,242.63,242.35,242.4,115572
2025-07-31 08:35:00,242.46,242.81,242.37,242.67,127598
2025-07-31 08:40:00,242.67,242.75,242.4,242.41,124150
2025-07-31 08:45:00,242.4,242.45,242.2,242.23,109590
2025-07-31 08:50:00,242.12,242.3,242.09,242.24,100092
2025-07-31 08:55:00,242.24,242.28,241.95,241.98,86738
2025-07-31 09:00:00,241.92,242.28,241.7,241.98,125531
2025-07-31 09:05:00,242.03,242.19,241.86,242.17,122368
2025-07-31 09:10:00,242.13,242.2,241.71,242.0,117702
2025-07-31 09:15:00,242.01,242.01,241.8,241.99,80677
2025-07-31 09:20:00,241.97,241.99,241.7,241.73,89782
2025-07-31 09:25:00,241.72,241.78,241.62,241.74,96953
2025-07-31 09:30:00,241.67,241.67,240.65,240.76,388525
2025-07-31 09:35:00,240.79,240.79,240.3,240.35,266761
2025-07-31 09:40:00,240.36,241.03,240.28,241.0,472190
2025-07-31 09:45:00,241.01,241.01,240.91,241.01,409194
2025-07-31 09:50:00,241.01,241.57,241.0,241.5,718430
2025-07-31 09:55:00,241.51,241.51,240.25,240.25,377677
2025-08-01 03:45:00,240.1,240.71,238.55,238.89,262717
2025-08-01 03:50:00,238.8,239.21,238.5,238.9,106753
2025-08-01 03:55:00,238.9,238.9,238.27,238.27,95194
2025-08-01 04:00:00,238.22,238.9,237.96,238.51,189857
2025-08-01 04:05:00,238.51,238.69,237.52,237.64,113187
2025-08-01 04:10:00,237.68,237.96,237.15,237.26,183186
2025-08-01 04:15:00,237.25,237.3,236.8,236.86,116442
2025-08-01 04:20:00,236.84,237.1,236.55,236.64,86380
2025-08-01 04:25:00,236.64,236.79,236.26,236.5,132085
2025-08-01 04:30:00,236.5,237.05,236.11,236.9,99112
2025-08-01 04:35:00,236.9,237.0,236.5,236.7,49850
2025-08-01 04:40:00,236.7,236.81,236.47,236.57,57575
2025-08-01 04:45:00,236.64,236.9,236.25,236.38,63655
2025-08-01 04:50:00,236.36,236.52,236.21,236.31,64795
2025-08-01 04:55:00,236.29,236.41,235.4,235.66,228722
2025-08-01 05:00:00,235.65,236.33,235.45,236.04,407924
2025-08-01 05:05:00,236.04,236.53,235.9,236.0,406006
2025-08-01 05:10:00,236.04,236.12,235.8,235.96,75176
2025-08-01 05:15:00,236.05,236.28,235.5,235.62,145422
2025-08-01 05:20:00,235.62,235.62,235.16,235.21,122067
2025-08-01 05:25:00,235.21,236.06,235.1,236.06,255106
2025-08-01 05:30:00,236.11,236.3,235.79,236.3,236852
2025-08-01 05:35:00,236.31,236.83,236.03,236.1,361050
2025-08-01 05:40:00,236.1,236.87,236.04,236.22,364469
2025-08-01 05:45:00,236.28,236.4,235.7,236.0,96289
2025-08-01 05:50:00,236.0,236.3,235.74,236.1,131448
2025-08-01 05:55:00,236.06,236.23,235.83,235.9,54487
2025-08-01 06:00:00,235.94,235.94,235.55,235.55,99365
2025-08-01 06:05:00,235.53,235.64,235.25,235.35,67668
2025-08-01 06:10:00,235.35,235.35,234.5,234.5,251547
2025-08-01 06:15:00,234.5,234.54,234.3,234.47,117770
2025-08-01 06:20:00,234.47,234.66,234.26,234.32,72072
2025-08-01 06:25:00,234.32,234.37,234.05,234.24,94693
2025-08-01 06:30:00,234.24,234.99,234.24,234.82,100815
2025-08-01 06:35:00,234.82,235.18,234.8,234.87,1326660
2025-08-01 06:40:00,234.84,234.94,234.74,234.88,18951
2025-08-01 06:45:00,234.88,234.95,234.8,234.92,15397
2025-08-01 06:50:00,234.89,235.21,234.86,235.21,84975
2025-08-01 06:55:00,235.21,235.21,234.8,234.87,31100
2025-08-01 07:00:00,234.87,235.38,234.78,234.99,92669
2025-08-01 07:05:00,234.99,235.07,234.83,235.05,22541
2025-08-01 07:10:00,235.06,235.29,234.88,235.11,153180
2025-08-01 07:15:00,235.1,235.13,234.52,234.52,35593
2025-08-01 07:20:00,234.52,234.64,234.34,234.55,61624
2025-08-01 07:25:00,234.59,234.59,234.32,234.32,33463
2025-08-01 07:30:00,234.29,234.32,234.22,234.31,32593
2025-08-01 07:35:00,234.31,234.78,234.25,234.71,104328
2025-08-01 07:40:00,234.71,234.93,234.52,234.82,34181
2025-08-01 07:45:00,234.82,235.45,234.64,235.3,119841
2025-08-01 07:50:00,235.3,235.64,235.23,235.64,98571
2025-08-01 07:55:00,235.63,235.95,235.63,235.84,93315
2025-08-01 08:00:00,235.84,235.85,235.5,235.53,52416
2025-08-01 08:05:00,235.54,235.7,235.17,235.27,111610
2025-08-01 08:10:00,235.3,235.6,235.21,235.48,64682
2025-08-01 08:15:00,235.49,237.16,235.46,236.6,701127
2025-08-01 08:20:00,236.69,237.03,236.53,236.7,283827
2025-08-01 08:25:00,236.72,237.13,236.7,237.01,114937
2025-08-01 08:30:00,237.03,237.87,237.03,237.87,354012
2025-08-01 08:35:00,237.87,237.97,237.8,237.9,148214
2025-08-01 08:40:00,237.9,238.16,237.8,237.84,322562
2025-08-01 08:45:00,237.84,238.0,237.7,237.75,149731
2025-08-01 08:50:00,237.75,238.0,237.6,237.6,116045
2025-08-01 08:55:00,237.68,237.75,237.48,237.7,92027
2025-08-01 09:00:00,237.7,237.98,237.48,237.83,82202
2025-08-01 09:05:00,237.83,237.92,237.64,237.89,116370
2025-08-01 09:10:00,237.89,237.9,237.6,237.75,83479
2025-08-01 09:15:00,237.75,237.75,237.23,237.25,111471
2025-08-01 09:20:00,237.24,237.25,236.96,237.05,136021
2025-08-01 09:25:00,237.06,237.06,236.77,236.85,117958
2025-08-01 09:30:00,236.84,237.09,236.6,236.75,236527
2025-08-01 09:35:00,236.97,237.19,236.75,236.8,284916
2025-08-01 09:40:00,236.81,236.98,236.51,236.7,270609
2025-08-01 09:45:00,236.6,236.8,236.46,236.59,232363
2025-08-01 09:50:00,236.66,236.98,236.65,236.9,424932
2025-08-01 09:55:00,236.89,236.99,236.0,236.5,349736
2025-08-04 03:45:00,236.5,238.0,234.92,237.39,310946
2025-08-04 03:50:00,237.53,237.81,237.1,237.79,93537
2025-08-04 03:55:00,237.77,238.15,237.43,237.99,54264
2025-08-04 04:00:00,237.92,238.39,237.3,237.32,110874
2025-08-04 04:05:00,237.35,237.4,236.81,237.28,65353
2025-08-04 04:10:00,237.28,237.45,236.41,236.45,53141
2025-08-04 04:15:00,236.45,236.45,235.84,236.16,74667
2025-08-04 04:20:00,236.25,236.63,236.0,236.63,74252
2025-08-04 04:25:00,236.63,236.9,236.27,236.71,74872
2025-08-04 04:30:00,236.78,236.89,236.31,236.6,60371
2025-08-04 04:35:00,236.6,236.69,236.3,236.43,64111
2025-08-04 04:40:00,236.43,236.49,235.86,236.08,84952
2025-08-04 04:45:00,236.08,236.29,235.74,235.88,81849
2025-08-04 04:50:00,235.84,236.03,235.6,235.61,135626
2025-08-04 04:55:00,235.7,235.87,235.21,235.34,118376
2025-08-04 05:00:00,235.34,235.5,235.15,235.28,104991
2025-08-04 05:05:00,235.28,235.32,234.83,235.0,203950
2025-08-04 05:10:00,235.0,235.0,234.56,234.7,90005
2025-08-04 05:15:00,234.7,234.93,234.6,234.65,97881
2025-08-04 05:20:00,234.55,234.8,234.52,234.75,127046
2025-08-04 05:25:00,234.71,235.0,234.43,234.58,220763
2025-08-04 05:30:00,234.64,234.82,234.5,234.79,33167
2025-08-04 05:35:00,234.79,235.22,234.36,234.94,200570
2025-08-04 05:40:00,234.94,234.94,234.53,234.73,53236
2025-08-04 05:45:00,234.72,235.01,234.67,234.76,69533
2025-08-04 05:50:00,234.8,234.8,234.65,234.7,19107
2025-08-04 05:55:00,234.7,234.75,234.58,234.74,27868
2025-08-04 06:00:00,234.73,234.89,234.4,234.57,65009
2025-08-04 06:05:00,234.57,234.85,234.0,234.15,213110
2025-08-04 06:10:00,234.15,234.57,234.06,234.57,285273
2025-08-04 06:15:00,234.53,235.0,234.5,234.66,511709
2025-08-04 06:20:00,234.66,234.84,234.6,234.7,21524
2025-08-04 06:25:00,234.77,234.82,234.51,234.55,56249
2025-08-04 06:30:00,234.55,234.97,234.55,234.95,233262
2025-08-04 06:35:00,234.95,235.14,234.82,234.91,467823
2025-08-04 06:40:00,234.98,235.2,234.81,234.97,455354
2025-08-04 06:45:00,234.97,234.99,234.7,234.78,188816
2025-08-04 06:50:00,234.8,234.88,234.65,234.71,149835
2025-08-04 06:55:00,234.67,235.22,234.66,235.0,525121
2025-08-04 07:00:00,235.02,235.09,234.87,234.99,401111
2025-08-04 07:05:00,235.0,235.14,234.87,235.13,120425
2025-08-04 07:10:00,235.13,235.14,234.9,234.98,94502
2025-08-04 07:15:00,234.94,235.25,234.94,235.11,222378
2025-08-04 07:20:00,235.12,235.36,235.12,235.24,99123
2025-08-04 07:25:00,235.24,235.33,235.08,235.21,90298
2025-08-04 07:30:00,235.21,235.25,235.1,235.22,43481
2025-08-04 07:35:00,235.22,235.24,234.96,235.12,68893
2025-08-04 07:40:00,235.12,235.23,235.11,235.2,36094
2025-08-04 07:45:00,235.22,235.33,235.02,235.07,50288
2025-08-04 07:50:00,235.0,235.1,234.82,235.0,54313
2025-08-04 07:55:00,235.0,235.0,234.42,234.63,125717
2025-08-04 08:00:00,234.61,234.66,234.35,234.39,68448
2025-08-04 08:05:00,234.38,234.46,234.21,234.32,52026
2025-08-04 08:10:00,234.34,234.52,234.25,234.46,61994
2025-08-04 08:15:00,234.37,234.99,234.35,234.88,146197
2025-08-04 08:20:00,234.88,235.1,234.7,235.0,226475
2025-08-04 08:25:00,235.0,235.06,234.95,235.05,102025
2025-08-04 08:30:00,235.0,235.25,234.93,235.24,119850
2025-08-04 08:35:00,235.23,235.23,235.04,235.08,86644
2025-08-04 08:40:00,235.14,235.14,235.0,235.01,85773
2025-08-04 08:45:00,235.0,235.11,234.64,234.92,602437
2025-08-04 08:50:00,234.92,234.96,234.81,234.89,46218
2025-08-04 08:55:00,234.86,234.96,234.86,234.89,57614
2025-08-04 09:00:00,234.89,235.02,234.7,235.0,146301
2025-08-04 09:05:00,234.96,235.05,234.74,234.92,465022
2025-08-04 09:10:00,234.92,235.02,234.66,234.66,240066
2025-08-04 09:15:00,234.66,235.0,234.55,234.88,264107
2025-08-04 09:20:00,234.88,234.95,234.74,234.81,114234
2025-08-04 09:25:00,234.79,234.88,234.71,234.76,65907
2025-08-04 09:30:00,234.74,235.03,234.24,235.02,2739232
2025-08-04 09:35:00,235.01,235.02,234.64,234.86,742787
2025-08-04 09:40:00,234.87,234.96,234.6,234.71,863284
2025-08-04 09:45:00,234.7,234.82,234.64,234.8,441078
2025-08-04 09:50:00,234.82,235.1,234.69,234.95,803950
2025-08-04 09:55:00,234.98,235.19,234.98,235.13,347467
2025-08-05 03:45:00,235.5,236.0,234.28,234.73,324837
2025-08-05 03:50:00,234.77,234.98,234.57,234.69,95731
2025-08-05 03:55:00,234.65,234.96,234.2,234.5,96230
2025-08-05 04:00:00,234.44,234.47,233.88,234.37,150828
2025-08-05 04:05:00,234.34,234.34,233.75,233.8,112412
2025-08-05 04:10:00,233.8,233.87,233.36,233.67,88261
2025-08-05 04:15:00,233.62,233.67,233.3,233.36,59969
2025-08-05 04:20:00,233.36,233.55,233.27,233.41,62263
2025-08-05 04:25:00,233.4,233.5,233.1,233.14,47551
2025-08-05 04:30:00,233.13,233.48,233.05,233.45,74332
2025-08-05 04:35:00,233.45,233.86,233.41,233.76,71177
2025-08-05 04:40:00,233.83,234.0,233.5,233.62,33268
2025-08-05 04:45:00,233.62,234.0,233.5,233.95,26883
2025-08-05 04:50:00,233.95,234.1,233.87,234.0,63705
2025-08-05 04:55:00,234.0,234.0,233.32,233.61,109978
2025-08-05 05:00:00,233.6,233.84,233.42,233.53,68111
2025-08-05 05:05:00,233.5,234.02,233.43,233.99,94860
2025-08-05 05:10:00,233.99,234.0,233.51,233.98,121926
2025-08-05 05:15:00,233.98,234.02,233.61,233.75,61480
2025-08-05 05:20:00,233.8,234.0,233.72,233.99,56713
2025-08-05 05:25:00,234.0,234.63,233.8,234.54,236139
2025-08-05 05:30:00,234.6,234.82,234.25,234.71,794363
2025-08-05 05:35:00,234.7,235.0,234.57,234.93,91364
2025-08-05 05:40:00,234.93,235.0,234.91,234.97,111580
2025-08-05 05:45:00,234.95,234.97,234.7,234.92,96369
2025-08-05 05:50:00,234.92,234.92,234.35,234.5,67951
2025-08-05 05:55:00,234.55,235.0,234.41,234.63,322708
2025-08-05 06:00:00,234.63,235.0,234.37,234.64,303348
2025-08-05 06:05:00,234.62,234.85,234.52,234.76,43679
2025-08-05 06:10:00,234.76,234.94,234.71,234.86,44342
2025-08-05 06:15:00,234.83,234.9,234.7,234.81,42249
2025-08-05 06:20:00,234.89,234.94,234.8,234.82,32549
2025-08-05 06:25:00,234.82,234.82,234.56,234.58,39244
2025-08-05 06:30:00,234.58,234.63,234.4,234.41,43311
2025-08-05 06:35:00,234.41,234.41,234.15,234.29,38751
2025-08-05 06:40:00,234.21,234.8,234.19,234.44,51776
2025-08-05 06:45:00,234.39,234.95,234.38,234.88,53073
2025-08-05 06:50:00,234.87,234.94,234.65,234.73,29975
2025-08-05 06:55:00,234.73,234.84,234.51,234.68,51165
2025-08-05 07:00:00,234.68,234.86,234.4,234.59,84325
2025-08-05 07:05:00,234.57,234.75,234.53,234.58,20428
2025-08-05 07:10:00,234.68,234.9,234.55,234.82,29389
2025-08-05 07:15:00,234.9,234.9,234.76,234.82,23774
2025-08-05 07:20:00,234.8,234.82,234.62,234.65,23903
2025-08-05 07:25:00,234.65,234.75,234.6,234.61,32471
2025-08-05 07:30:00,234.61,234.75,234.43,234.46,36216
2025-08-05 07:35:00,234.46,234.6,234.4,234.44,51582
2025-08-05 07:40:00,234.42,234.52,234.4,234.5,30696
2025-08-05 07:45:00,234.5,234.53,234.3,234.3,57461
2025-08-05 07:50:00,234.3,234.31,233.57,233.82,126947
2025-08-05 07:55:00,233.82,233.9,233.62,233.71,68719
2025-08-05 08:00:00,233.7,233.99,233.61,233.92,47093
2025-08-05 08:05:00,233.92,234.0,233.86,233.96,101373
2025-08-05 08:10:00,233.96,234.3,233.79,233.82,661723
2025-08-05 08:15:00,233.82,233.92,233.7,233.71,57180
2025-08-05 08:20:00,233.7,234.0,233.61,233.98,85077
2025-08-05 08:25:00,233.98,234.0,233.86,233.95,111392
2025-08-05 08:30:00,233.95,234.0,233.85,234.0,66585
2025-08-05 08:35:00,234.0,234.07,233.53,233.58,234948
2025-08-05 08:40:00,233.52,233.78,233.5,233.72,85433
2025-08-05 08:45:00,233.71,234.0,233.6,233.94,88563
2025-08-05 08:50:00,233.94,234.0,233.69,233.71,60244
2025-08-05 08:55:00,233.71,233.75,233.63,233.63,43333
2025-08-05 09:00:00,233.64,233.94,233.54,233.86,80547
2025-08-05 09:05:00,233.87,234.0,233.81,233.99,71137
2025-08-05 09:10:00,233.99,234.12,233.93,234.12,186891
2025-08-05 09:15:00,234.22,234.5,234.06,234.31,162958
2025-08-05 09:20:00,234.31,234.5,234.25,234.25,90750
2025-08-05 09:25:00,234.3,234.5,234.22,234.36,236230
2025-08-05 09:30:00,234.31,234.5,233.91,234.5,356260
2025-08-05 09:35:00,234.5,234.89,234.49,234.87,545257
2025-08-05 09:40:00,234.89,234.94,234.41,234.5,419960
2025-08-05 09:45:00,234.5,234.5,234.36,234.5,345037
2025-08-05 09:50:00,234.5,234.5,234.24,234.24,345579
2025-08-05 09:55:00,234.25,234.5,234.01,234.3,178214
2025-08-06 03:45:00,234.55,235.37,234.0,235.25,121088
2025-08-06 03:50:00,235.22,235.35,234.9,234.9,43030
2025-08-06 03:55:00,234.87,234.9,234.51,234.59,46878
2025-08-06 04:00:00,234.5,234.72,234.38,234.5,108112
2025-08-06 04:05:00,234.55,234.61,234.41,234.46,71248
2025-08-06 04:10:00,234.46,234.75,234.2,234.2,163817
2025-08-06 04:15:00,234.26,234.39,234.14,234.24,31822
2025-08-06 04:20:00,234.24,234.57,234.05,234.27,34910
2025-08-06 04:25:00,234.27,234.27,233.91,233.92,29584
2025-08-06 04:30:00,233.92,234.13,233.86,233.99,36756
2025-08-06 04:35:00,233.99,234.04,233.69,233.92,31824
2025-08-06 04:40:00,234.03,234.05,233.75,234.0,39822
2025-08-06 04:45:00,234.0,234.5,233.89,234.36,96379
2025-08-06 04:50:00,234.36,234.56,234.32,234.5,38403
2025-08-06 04:55:00,234.5,234.55,234.18,234.21,24024
2025-08-06 05:00:00,234.25,234.4,234.11,234.11,32771
2025-08-06 05:05:00,234.1,234.15,233.6,233.93,94621
2025-08-06 05:10:00,233.93,234.31,233.93,234.18,34477
2025-08-06 05:15:00,234.18,234.5,234.08,234.37,334088
2025-08-06 05:20:00,234.3,235.0,234.3,234.41,270579
2025-08-06 05:25:00,234.44,234.52,234.26,234.33,61089
2025-08-06 05:30:00,234.33,234.5,234.13,234.19,31726
2025-08-06 05:35:00,234.19,234.59,234.05,234.5,391226
2025-08-06 05:40:00,234.5,234.75,234.49,234.74,101755
2025-08-06 05:45:00,234.72,234.75,234.55,234.55,172984
2025-08-06 05:50:00,234.58,234.73,234.35,234.62,118177
2025-08-06 05:55:00,234.54,235.03,234.38,234.88,353045
2025-08-06 06:00:00,234.9,234.93,234.55,234.7,97650
2025-08-06 06:05:00,234.7,234.85,234.56,234.65,119492
2025-08-06 06:10:00,234.65,234.7,234.02,234.23,105983
2025-08-06 06:15:00,234.19,234.25,234.0,234.07,33279
2025-08-06 06:20:00,234.01,234.07,233.82,234.0,55616
2025-08-06 06:25:00,234.0,234.0,233.5,233.7,107054
2025-08-06 06:30:00,233.7,233.86,233.6,233.76,32679
2025-08-06 06:35:00,233.76,233.76,233.5,233.52,31180
2025-08-06 06:40:00,233.5,233.54,233.2,233.2,74108
2025-08-06 06:45:00,233.24,233.47,233.05,233.33,116523
2025-08-06 06:50:00,233.28,233.65,233.28,233.35,72502
2025-08-06 06:55:00,233.39,233.5,233.18,233.31,104348
2025-08-06 07:00:00,233.3,233.55,233.28,233.49,78472
2025-08-06 07:05:00,233.5,233.7,233.27,233.55,111421
2025-08-06 07:10:00,233.54,233.64,233.34,233.56,92243
2025-08-06 07:15:00,233.61,233.73,233.44,233.46,72959
2025-08-06 07:20:00,233.46,233.49,233.15,233.26,80559
2025-08-06 07:25:00,233.26,233.59,233.17,233.58,93229
2025-08-06 07:30:00,233.58,233.85,233.45,233.75,81722
2025-08-06 07:35:00,233.75,233.75,233.44,233.56,67452
2025-08-06 07:40:00,233.52,233.97,233.44,233.85,93913
2025-08-06 07:45:00,233.78,233.81,233.55,233.71,76466
2025-08-06 07:50:00,233.71,233.78,233.49,233.58,64461
2025-08-06 07:55:00,233.53,233.77,233.42,233.7,98868
2025-08-06 08:00:00,233.7,233.84,233.53,233.6,89317
2025-08-06 08:05:00,233.55,233.71,233.49,233.6,99879
2025-08-06 08:10:00,233.55,233.62,233.08,233.34,106274
2025-08-06 08:15:00,233.26,233.34,233.1,233.25,78925
2025-08-06 08:20:00,233.25,233.29,233.09,233.27,75049
2025-08-06 08:25:00,233.27,233.52,233.24,233.41,79083
2025-08-06 08:30:00,233.39,233.46,233.2,233.34,71726
2025-08-06 08:35:00,233.25,233.57,233.23,233.48,82967
2025-08-06 08:40:00,233.46,233.57,233.37,233.45,75947
2025-08-06 08:45:00,233.41,233.56,233.3,233.44,94858
2025-08-06 08:50:00,233.43,233.45,233.28,233.28,79412
2025-08-06 08:55:00,233.26,233.33,233.12,233.18,82600
2025-08-06 09:00:00,233.12,233.21,233.05,233.12,66890
2025-08-06 09:05:00,233.1,233.26,232.91,233.09,171083
2025-08-06 09:10:00,233.09,233.19,233.0,233.15,68953
2025-08-06 09:15:00,233.15,233.26,233.05,233.2,57508
2025-08-06 09:20:00,233.25,233.6,233.18,233.59,126922
2025-08-06 09:25:00,233.6,233.82,233.57,233.64,123060
2025-08-06 09:30:00,233.65,233.76,233.29,233.69,244671
2025-08-06 09:35:00,233.67,233.85,233.6,233.78,109648
2025-08-06 09:40:00,233.76,233.9,233.64,233.9,167661
2025-08-06 09:45:00,233.88,233.94,233.8,233.86,207041
2025-08-06 09:50:00,233.91,233.91,233.78,233.82,178501
2025-08-06 09:55:00,233.85,234.0,233.8,234.0,153238
2025-08-07 03:45:00,233.15,233.5,232.35,232.72,170311
2025-08-07 03:50:00,232.71,232.71,232.2,232.36,99557
2025-08-07 03:55:00,232.36,232.75,232.36,232.69,41914
2025-08-07 04:00:00,232.67,232.92,232.25,232.8,79806
2025-08-07 04:05:00,232.8,233.27,232.65,233.06,55571
2025-08-07 04:10:00,233.03,233.15,232.79,232.9,49736
2025-08-07 04:15:00,232.88,233.06,232.82,233.0,11101
2025-08-07 04:20:00,233.03,233.19,232.9,233.05,25990
2025-08-07 04:25:00,233.04,233.04,232.65,232.86,29713
2025-08-07 04:30:00,232.84,233.07,232.65,232.92,38421
2025-08-07 04:35:00,232.98,233.07,232.8,232.81,34928
2025-08-07 04:40:00,232.81,233.07,232.81,232.98,34963
2025-08-07 04:45:00,232.98,233.38,232.95,233.3,25619
2025-08-07 04:50:00,233.34,233.34,233.0,233.1,12334
2025-08-07 04:55:00,233.1,233.1,232.7,232.76,14912
2025-08-07 05:00:00,232.7,232.75,232.1,232.42,85537
2025-08-07 05:05:00,232.36,232.62,232.11,232.56,37451
2025-08-07 05:10:00,232.56,232.95,232.52,232.91,38467
2025-08-07 05:15:00,232.92,233.0,232.6,232.64,21888
2025-08-07 05:20:00,232.61,232.88,232.6,232.73,16582
2025-08-07 05:25:00,232.73,232.88,232.71,232.84,10969
2025-08-07 05:30:00,232.84,232.88,232.7,232.85,148307
2025-08-07 05:35:00,232.85,232.95,232.65,232.94,88672
2025-08-07 05:40:00,232.91,233.06,232.7,232.7,14365
2025-08-07 05:45:00,232.7,232.96,232.7,232.75,20593
2025-08-07 05:50:00,232.8,232.89,232.75,232.8,13037
2025-08-07 05:55:00,232.8,232.94,232.72,232.83,13398
2025-08-07 06:00:00,232.83,232.92,232.61,232.8,120746
2025-08-07 06:05:00,232.82,232.94,232.7,232.94,14936
2025-08-07 06:10:00,232.94,233.15,232.7,232.8,43589
2025-08-07 06:15:00,232.8,232.89,232.67,232.8,19321
2025-08-07 06:20:00,232.85,232.99,232.65,232.96,51742
2025-08-07 06:25:00,232.95,233.0,232.88,232.99,18398
2025-08-07 06:30:00,233.0,233.15,232.82,233.1,23972
2025-08-07 06:35:00,233.05,233.1,232.72,232.8,30243
2025-08-07 06:40:00,232.73,233.15,232.73,233.0,24182
2025-08-07 06:45:00,233.0,233.07,232.8,232.95,10267
2025-08-07 06:50:00,232.85,233.18,232.79,233.06,65444
2025-08-07 06:55:00,233.07,233.13,233.01,233.1,22306
2025-08-07 07:00:00,233.12,233.14,232.7,233.0,309015
2025-08-07 07:05:00,233.01,233.15,233.0,233.0,204213
2025-08-07 07:10:00,233.06,233.06,232.79,233.0,159527
2025-08-07 07:15:00,233.0,233.0,232.6,232.73,35007
2025-08-07 07:20:00,232.71,232.79,232.4,232.79,147271
2025-08-07 07:25:00,232.79,233.0,232.75,232.95,38497
2025-08-07 07:30:00,232.99,233.05,232.75,233.0,137220
2025-08-07 07:35:00,233.01,233.05,232.5,232.66,147212
2025-08-07 07:40:00,232.66,232.73,232.52,232.6,161205
2025-08-07 07:45:00,232.6,232.64,232.3,232.61,77289
2025-08-07 07:50:00,232.51,232.61,232.15,232.19,57309
2025-08-07 07:55:00,232.21,232.32,232.08,232.12,45409
2025-08-07 08:00:00,232.09,232.2,231.7,231.88,92596
2025-08-07 08:05:00,231.87,232.1,231.77,232.1,27948
2025-08-07 08:10:00,232.06,232.44,231.98,232.3,53147
2025-08-07 08:15:00,232.31,232.46,232.14,232.2,34587
2025-08-07 08:20:00,232.18,232.23,231.31,231.98,275029
2025-08-07 08:25:00,231.96,232.0,231.8,231.99,36617
2025-08-07 08:30:00,232.05,232.1,231.52,231.92,90710
2025-08-07 08:35:00,231.88,232.1,231.8,232.07,33596
2025-08-07 08:40:00,232.03,232.4,231.95,232.2,92939
2025-08-07 08:45:00,232.2,232.65,232.07,232.65,117496
2025-08-07 08:50:00,232.65,233.08,232.34,232.46,67380
2025-08-07 08:55:00,232.44,232.59,232.12,232.59,34169
2025-08-07 09:00:00,232.58,232.84,232.49,232.84,30749
2025-08-07 09:05:00,232.84,233.14,232.64,233.02,58941
2025-08-07 09:10:00,232.99,233.15,232.87,233.11,36256
2025-08-07 09:15:00,233.11,233.25,233.0,233.12,22857
2025-08-07 09:20:00,233.1,233.65,233.08,233.52,63922
2025-08-07 09:25:00,233.6,233.6,233.1,233.26,22675
2025-08-07 09:30:00,233.26,234.2,233.26,234.0,232814
2025-08-07 09:35:00,234.0,234.14,233.72,234.0,152730
2025-08-07 09:40:00,233.98,234.0,233.85,234.0,134637
2025-08-07 09:45:00,233.99,234.0,233.85,233.88,221283
2025-08-07 09:50:00,233.88,234.0,233.88,234.0,142168
2025-08-07 09:55:00,233.99,234.0,233.44,233.55,284091
2025-08-08 03:45:00,233.9,234.16,232.95,234.16,166283
2025-08-08 03:50:00,234.14,234.83,234.04,234.67,125735
2025-08-08 03:55:00,234.67,235.12,234.47,234.49,78749
2025-08-08 04:00:00,234.47,234.7,234.24,234.57,64415
2025-08-08 04:05:00,234.57,234.57,233.56,234.1,135142
2025-08-08 04:10:00,234.1,234.15,233.86,234.07,67318
2025-08-08 04:15:00,234.03,234.03,233.81,233.91,20766
2025-08-08 04:20:00,233.91,234.17,233.85,234.04,35756
2025-08-08 04:25:00,234.1,234.15,233.43,233.64,81050
2025-08-08 04:30:00,233.75,233.83,233.3,233.61,43445
2025-08-08 04:35:00,233.54,233.62,233.4,233.59,21970
2025-08-08 04:40:00,233.6,233.84,233.5,233.58,49013
2025-08-08 04:45:00,233.58,233.74,233.4,233.44,25887
2025-08-08 04:50:00,233.44,233.64,233.3,233.56,19277
2025-08-08 04:55:00,233.53,233.64,233.3,233.32,19110
2025-08-08 05:00:00,233.3,233.64,233.13,233.32,35707
2025-08-08 05:05:00,233.32,233.68,233.2,233.6,70453
2025-08-08 05:10:00,233.68,233.84,233.59,233.7,42409
2025-08-08 05:15:00,233.7,233.8,233.34,233.46,18440
2025-08-08 05:20:00,233.43,233.66,233.3,233.39,39742
2025-08-08 05:25:00,233.39,233.5,233.13,233.44,31877
2025-08-08 05:30:00,233.43,233.65,233.32,233.46,37699
2025-08-08 05:35:00,233.48,233.62,233.29,233.32,59678
2025-08-08 05:40:00,233.35,233.54,233.31,233.42,15904
2025-08-08 05:45:00,233.54,233.76,233.38,233.72,17923
2025-08-08 05:50:00,233.73,233.9,233.61,233.79,28817
2025-08-08 05:55:00,233.7,234.0,233.7,233.82,22278
2025-08-08 06:00:00,233.8,234.0,233.71,233.96,25387
2025-08-08 06:05:00,233.96,234.0,233.71,233.72,19126
2025-08-08 06:10:00,233.75,234.0,233.67,233.99,43549
2025-08-08 06:15:00,233.99,234.0,233.76,233.92,18816
2025-08-08 06:20:00,233.92,234.0,233.8,233.81,22595
2025-08-08 06:25:00,233.81,234.24,233.81,234.1,175788
2025-08-08 06:30:00,234.19,234.19,233.78,233.89,335784
2025-08-08 06:35:00,233.89,234.0,233.81,233.84,30556
2025-08-08 06:40:00,233.84,233.96,233.7,233.81,76020
2025-08-08 06:45:00,233.88,234.19,233.55,234.19,139683
2025-08-08 06:50:00,234.19,234.19,233.67,233.93,203025
2025-08-08 06:55:00,233.93,234.0,233.76,233.93,62394
2025-08-08 07:00:00,233.93,234.0,233.54,233.8,59273
2025-08-08 07:05:00,233.8,233.97,233.52,233.88,414860
2025-08-08 07:10:00,233.8,234.0,233.6,233.95,39242
2025-08-08 07:15:00,233.95,234.17,233.81,234.08,140787
2025-08-08 07:20:00,234.08,234.52,234.08,234.52,68445
2025-08-08 07:25:00,234.57,234.84,234.33,234.48,52459
2025-08-08 07:30:00,234.41,234.63,234.34,234.41,24425
2025-08-08 07:35:00,234.4,234.44,234.02,234.2,41839
2025-08-08 07:40:00,234.2,234.22,233.9,233.92,15606
2025-08-08 07:45:00,233.94,234.29,233.86,234.09,18499
2025-08-08 07:50:00,234.09,234.23,233.99,234.1,22151
2025-08-08 07:55:00,234.1,234.1,233.75,233.84,22221
2025-08-08 08:00:00,233.79,234.01,233.71,233.96,25559
2025-08-08 08:05:00,233.96,234.11,233.82,233.87,21546
2025-08-08 08:10:00,233.97,234.17,233.81,234.08,15532
2025-08-08 08:15:00,234.04,234.35,233.68,233.88,51967
2025-08-08 08:20:00,233.88,233.9,233.72,233.72,26244
2025-08-08 08:25:00,233.72,233.82,233.64,233.7,20624
2025-08-08 08:30:00,233.7,233.89,233.56,233.63,59421
2025-08-08 08:35:00,233.64,233.7,233.35,233.37,37284
2025-08-08 08:40:00,233.37,233.43,233.05,233.24,63250
2025-08-08 08:45:00,233.35,233.69,233.2,233.65,50438
2025-08-08 08:50:00,233.65,233.7,233.43,233.49,27487
2025-08-08 08:55:00,233.45,233.52,233.22,233.38,46584
2025-08-08 09:00:00,233.26,233.58,233.15,233.5,94170
2025-08-08 09:05:00,233.6,233.62,233.4,233.55,23459
2025-08-08 09:10:00,233.45,233.7,233.43,233.51,22680
2025-08-08 09:15:00,233.6,233.65,233.39,233.59,19127
2025-08-08 09:20:00,233.59,233.66,233.47,233.61,30134
2025-08-08 09:25:00,233.61,233.66,233.49,233.61,47019
2025-08-08 09:30:00,233.61,233.62,233.26,233.52,140574
2025-08-08 09:35:00,233.57,233.95,233.51,233.79,350005
2025-08-08 09:40:00,233.75,233.75,233.03,233.1,136645
2025-08-08 09:45:00,233.06,233.2,232.68,232.75,153396
2025-08-08 09:50:00,232.75,233.22,232.75,233.17,168675
2025-08-08 09:55:00,233.17,233.48,232.9,233.2,169211
2025-08-11 03:45:00,233.44,234.39,232.72,233.85,129959
2025-08-11 03:50:00,234.01,234.01,233.63,233.82,71222
2025-08-11 03:55:00,233.85,233.96,233.54,233.59,57093
2025-08-11 04:00:00,233.59,233.64,232.87,233.05,71627
2025-08-11 04:05:00,233.12,233.15,232.79,232.85,28321
2025-08-11 04:10:00,232.84,232.97,232.41,232.52,42913
2025-08-11 04:15:00,232.54,232.79,232.33,232.37,34842
2025-08-11 04:20:00,232.3,232.42,231.91,232.39,98365
2025-08-11 04:25:00,232.4,232.62,232.28,232.5,29495
2025-08-11 04:30:00,232.55,232.97,232.5,232.79,28863
2025-08-11 04:35:00,232.87,232.93,232.39,232.43,20061
2025-08-11 04:40:00,232.44,232.7,232.22,232.58,31640
2025-08-11 04:45:00,232.59,232.87,232.59,232.75,35497
2025-08-11 04:50:00,232.68,232.8,232.51,232.67,19021
2025-08-11 04:55:00,232.79,232.79,232.59,232.72,8754
2025-08-11 05:00:00,232.72,233.07,232.68,233.01,47760
2025-08-11 05:05:00,232.93,233.0,231.89,232.52,258661
2025-08-11 05:10:00,232.53,232.61,232.35,232.37,27811
2025-08-11 05:15:00,232.37,232.64,232.37,232.59,16227
2025-08-11 05:20:00,232.59,232.94,232.49,232.9,36543
2025-08-11 05:25:00,232.9,232.94,232.64,232.77,30261
2025-08-11 05:30:00,232.8,232.94,232.8,232.87,13609
2025-08-11 05:35:00,232.87,232.98,232.83,232.95,26697
2025-08-11 05:40:00,232.97,232.99,232.5,232.59,41346
2025-08-11 05:45:00,232.59,232.73,232.3,232.65,29748
2025-08-11 05:50:00,232.59,232.8,232.52,232.73,36188
2025-08-11 05:55:00,232.66,232.72,232.35,232.36,25694
2025-08-11 06:00:00,232.44,232.48,232.21,232.31,33917
2025-08-11 06:05:00,232.38,232.38,232.05,232.21,72866
2025-08-11 06:10:00,232.21,232.21,231.78,231.88,80146
2025-08-11 06:15:00,231.88,231.88,231.58,231.72,38075
2025-08-11 06:20:00,231.72,232.19,231.65,232.08,186884
2025-08-11 06:25:00,232.08,232.31,232.05,232.28,20150
2025-08-11 06:30:00,232.3,232.62,232.22,232.52,219225
2025-08-11 06:35:00,232.59,232.74,232.39,232.57,21248
2025-08-11 06:40:00,232.57,233.18,232.51,233.01,139207
2025-08-11 06:45:00,233.08,233.19,232.55,232.58,354891
2025-08-11 06:50:00,232.61,232.87,232.58,232.79,19395
2025-08-11 06:55:00,232.76,232.84,232.69,232.8,16255
2025-08-11 07:00:00,232.79,233.1,232.49,232.65,355275
2025-08-11 07:05:00,232.74,232.8,232.61,232.8,11769
2025-08-11 07:10:00,232.79,232.8,232.53,232.7,16743
2025-08-11 07:15:00,232.7,232.76,232.61,232.67,17492
2025-08-11 07:20:00,232.62,232.8,232.55,232.79,33615
2025-08-11 07:25:00,232.79,232.9,232.66,232.9,10493
2025-08-11 07:30:00,232.9,233.17,232.74,232.8,34750
2025-08-11 07:35:00,232.8,232.86,232.6,232.8,17860
2025-08-11 07:40:00,232.8,233.0,232.7,233.0,48920
2025-08-11 07:45:00,233.01,233.1,232.86,233.0,21758
2025-08-11 07:50:00,232.97,233.1,232.92,233.04,11349
2025-08-11 07:55:00,233.05,233.23,232.87,233.08,28796
2025-08-11 08:00:00,233.19,233.19,233.07,233.15,9223
2025-08-11 08:05:00,233.15,233.36,233.11,233.3,32284
2025-08-11 08:10:00,233.3,233.34,233.2,233.3,15256
2025-08-11 08:15:00,233.3,233.4,233.2,233.4,21065
2025-08-11 08:20:00,233.31,233.46,233.27,233.42,20127
2025-08-11 08:25:00,233.42,233.45,233.25,233.37,15098
2025-08-11 08:30:00,233.37,233.6,233.35,233.6,29151
2025-08-11 08:35:00,233.6,233.6,233.37,233.4,20879
2025-08-11 08:40:00,233.45,233.49,233.35,233.44,17347
2025-08-11 08:45:00,233.44,233.59,233.29,233.35,44662
2025-08-11 08:50:00,233.38,233.38,233.25,233.3,19888
2025-08-11 08:55:00,233.35,233.45,233.25,233.44,20623
2025-08-11 09:00:00,233.44,233.9,233.4,233.72,47028
2025-08-11 09:05:00,233.77,233.98,233.7,233.96,82463
2025-08-11 09:10:00,233.95,233.95,233.54,233.69,67608
2025-08-11 09:15:00,233.69,233.85,233.58,233.82,23619
2025-08-11 09:20:00,233.81,233.9,233.68,233.8,27670
2025-08-11 09:25:00,233.8,233.85,233.62,233.75,33338
2025-08-11 09:30:00,233.76,233.85,233.52,233.79,95224
2025-08-11 09:35:00,233.8,233.94,233.72,233.9,92101
2025-08-11 09:40:00,233.9,233.95,233.61,233.75,140400
2025-08-11 09:45:00,233.75,233.95,233.57,233.67,233700
2025-08-11 09:50:00,233.67,233.85,233.6,233.83,225999
2025-08-11 09:55:00,233.8,235.0,233.36,233.99,246736
2025-08-12 03:45:00,233.8,234.94,233.66,234.16,182099
2025-08-12 03:50:00,234.25,234.4,233.82,234.37,107754
2025-08-12 03:55:00,234.34,234.58,234.24,234.58,48450
2025-08-12 04:00:00,234.6,234.88,234.48,234.59,73075
2025-08-12 04:05:00,234.59,234.59,234.1,234.15,47136
2025-08-12 04:10:00,234.15,234.5,234.1,234.4,42042
2025-08-12 04:15:00,234.4,234.63,234.4,234.58,19611
2025-08-12 04:20:00,234.58,234.89,234.42,234.59,47597
2025-08-12 04:25:00,234.57,234.77,234.43,234.7,33592
2025-08-12 04:30:00,234.7,234.84,234.44,234.44,40359
2025-08-12 04:35:00,234.5,234.56,234.22,234.36,39705
2025-08-12 04:40:00,234.36,234.36,234.15,234.36,32015
2025-08-12 04:45:00,234.3,234.53,234.17,234.22,54463
2025-08-12 04:50:00,234.27,234.36,234.01,234.07,29988
2025-08-12 04:55:00,234.07,234.11,233.81,233.9,44043
2025-08-12 05:00:00,233.9,233.9,233.61,233.84,65523
2025-08-12 05:05:00,233.89,234.0,233.76,233.76,29767
2025-08-12 05:10:00,233.76,234.0,233.76,233.86,25937
2025-08-12 05:15:00,233.86,233.94,233.71,233.9,22668
2025-08-12 05:20:00,233.9,233.98,233.75,233.94,15315
2025-08-12 05:25:00,233.94,234.0,233.8,233.88,90279
2025-08-12 05:30:00,233.88,233.99,233.73,233.76,15855
2025-08-12 05:35:00,233.76,233.84,233.66,233.74,48939
2025-08-12 05:40:00,233.74,233.77,233.65,233.7,18423
2025-08-12 05:45:00,233.7,235.1,233.62,234.5,535426
2025-08-12 05:50:00,234.51,235.15,234.35,235.02,224183
2025-08-12 05:55:00,235.0,235.12,234.98,235.1,70820
2025-08-12 06:00:00,235.1,235.7,235.02,235.38,239045
2025-08-12 06:05:00,235.3,235.59,235.25,235.29,311818
2025-08-12 06:10:00,235.34,235.87,235.25,235.52,334005
2025-08-12 06:15:00,235.54,236.01,235.25,235.56,473660
2025-08-12 06:20:00,235.56,235.56,235.17,235.25,46891
2025-08-12 06:25:00,235.25,235.4,235.14,235.2,24804
2025-08-12 06:30:00,235.14,235.2,234.95,234.96,33010
2025-08-12 06:35:00,234.94,236.07,234.94,235.42,454722
2025-08-12 06:40:00,235.4,235.45,235.21,235.28,34810
2025-08-12 06:45:00,235.29,235.75,235.29,235.57,152835
2025-08-12 06:50:00,235.73,235.74,235.37,235.5,67890
2025-08-12 06:55:00,235.56,235.56,235.44,235.51,38826
2025-08-12 07:00:00,235.53,235.55,235.2,235.2,54113
2025-08-12 07:05:00,235.25,235.55,235.18,235.48,44354
2025-08-12 07:10:00,235.48,235.52,235.3,235.43,24962
2025-08-12 07:15:00,235.42,235.49,235.32,235.4,39165
2025-08-12 07:20:00,235.4,235.57,235.26,235.55,39303
2025-08-12 07:25:00,235.55,235.75,235.41,235.64,38072
2025-08-12 07:30:00,235.54,235.85,235.52,235.8,32483
2025-08-12 07:35:00,235.85,236.09,235.8,236.05,172434
2025-08-12 07:40:00,236.05,236.05,235.72,235.8,30561
2025-08-12 07:45:00,235.8,235.8,235.54,235.6,28599
2025-08-12 07:50:00,235.65,235.68,235.5,235.55,28841
2025-08-12 07:55:00,235.5,235.6,235.35,235.5,43836
2025-08-12 08:00:00,235.55,235.6,235.4,235.47,10819
2025-08-12 08:05:00,235.47,235.5,235.34,235.35,19421
2025-08-12 08:10:00,235.45,235.45,235.32,235.45,15539
2025-08-12 08:15:00,235.45,235.65,235.36,235.5,51667
2025-08-12 08:20:00,235.52,235.8,235.5,235.77,23920
2025-08-12 08:25:00,235.77,235.95,235.67,235.85,17398
2025-08-12 08:30:00,235.84,235.85,235.34,235.4,20043
2025-08-12 08:35:00,235.4,235.4,235.11,235.21,26462
2025-08-12 08:40:00,235.21,235.21,235.0,235.08,41144
2025-08-12 08:45:00,235.08,235.37,235.0,235.2,86084
2025-08-12 08:50:00,235.2,235.31,235.06,235.28,22851
2025-08-12 08:55:00,235.27,235.44,235.17,235.27,46022
2025-08-12 09:00:00,235.27,235.27,235.02,235.02,34291
2025-08-12 09:05:00,235.01,235.25,235.0,235.2,28075
2025-08-12 09:10:00,235.2,235.25,235.0,235.0,53812
2025-08-12 09:15:00,235.08,235.34,235.0,235.18,28358
2025-08-12 09:20:00,235.08,235.38,235.01,235.18,75671
2025-08-12 09:25:00,235.22,235.46,235.18,235.31,79004
2025-08-12 09:30:00,235.29,235.32,235.13,235.27,156804
2025-08-12 09:35:00,235.27,236.36,235.21,235.46,495157
2025-08-12 09:40:00,235.46,235.88,235.44,235.62,335831
2025-08-12 09:45:00,235.62,235.67,235.36,235.42,189408
2025-08-12 09:50:00,235.48,235.65,235.32,235.47,226502
2025-08-12 09:55:00,235.42,235.42,235.0,235.37,157135
2025-08-13 03:45:00,237.74,238.49,237.0,237.33,789027
2025-08-13 03:50:00,237.32,237.68,236.5,236.61,331909
2025-08-13 03:55:00,236.6,237.08,236.3,236.75,240115
2025-08-13 04:00:00,236.8,237.29,236.6,237.29,108234
2025-08-13 04:05:00,237.29,237.73,237.21,237.24,186344
2025-08-13 04:10:00,237.26,237.48,237.2,237.36,50903
2025-08-13 04:15:00,237.39,237.94,237.35,237.83,97079
2025-08-13 04:20:00,237.83,237.91,237.53,237.7,60059
2025-08-13 04:25:00,237.7,237.89,237.52,237.82,76877
2025-08-13 04:30:00,237.82,238.0,237.72,237.92,69910
2025-08-13 04:35:00,237.95,237.98,237.8,237.88,20002
2025-08-13 04:40:00,237.88,238.19,237.65,238.08,86937
2025-08-13 04:45:00,238.08,238.83,238.07,238.7,201977
2025-08-13 04:50:00,238.7,239.36,238.51,238.64,282989
2025-08-13 04:55:00,238.63,239.17,238.36,238.9,143293
2025-08-13 05:00:00,238.91,239.05,238.79,238.84,64924
2025-08-13 05:05:00,238.84,239.0,238.77,238.78,62378
2025-08-13 05:10:00,238.77,238.91,238.42,238.42,87351
2025-08-13 05:15:00,238.5,238.84,238.36,238.7,82146
2025-08-13 05:20:00,238.7,239.3,238.62,239.18,123810
2025-08-13 05:25:00,239.18,239.4,238.96,239.25,98480
2025-08-13 05:30:00,239.25,239.27,239.0,239.11,69283
2025-08-13 05:35:00,239.15,239.24,239.04,239.09,50023
2025-08-13 05:40:00,239.1,239.39,238.76,239.37,274705
2025-08-13 05:45:00,239.5,239.9,239.44,239.8,161505
2025-08-13 05:50:00,239.8,239.95,239.0,239.02,131908
2025-08-13 05:55:00,239.02,239.15,238.85,239.09,159714
2025-08-13 06:00:00,239.09,239.15,239.0,239.02,46223
2025-08-13 06:05:00,239.05,239.09,238.89,238.96,230600
2025-08-13 06:10:00,238.94,239.31,238.8,239.31,300544
2025-08-13 06:15:00,239.3,239.49,239.23,239.45,41238
2025-08-13 06:20:00,239.45,239.47,238.98,239.17,42500
2025-08-13 06:25:00,239.17,239.25,238.95,239.02,40303
2025-08-13 06:30:00,239.01,239.18,238.92,239.12,85120
2025-08-13 06:35:00,239.12,239.25,239.03,239.19,34609
2025-08-13 06:40:00,239.18,239.39,239.15,239.18,31764
2025-08-13 06:45:00,239.19,239.38,239.19,239.25,46766
2025-08-13 06:50:00,239.25,239.4,239.01,239.12,100579
2025-08-13 06:55:00,239.14,239.28,239.12,239.23,24914
2025-08-13 07:00:00,239.23,239.46,239.2,239.26,48314
2025-08-13 07:05:00,239.25,239.27,239.1,239.17,30118
2025-08-13 07:10:00,239.17,239.24,239.03,239.1,35067
2025-08-13 07:15:00,239.1,239.25,239.04,239.22,19485
2025-08-13 07:20:00,239.23,239.45,239.14,239.36,46676
2025-08-13 07:25:00,239.36,239.46,239.25,239.46,26306
2025-08-13 07:30:00,239.45,239.78,239.42,239.53,72700
2025-08-13 07:35:00,239.49,239.82,239.49,239.71,58693
2025-08-13 07:40:00,239.71,239.82,239.61,239.82,51119
2025-08-13 07:45:00,239.81,239.94,239.69,239.72,63235
2025-08-13 07:50:00,239.72,239.74,239.36,239.42,97153
2025-08-13 07:55:00,239.4,239.63,239.33,239.34,54673
2025-08-13 08:00:00,239.33,239.56,239.18,239.53,115692
2025-08-13 08:05:00,239.55,239.69,239.41,239.5,39152
2025-08-13 08:10:00,239.5,239.7,239.25,239.51,66046
2025-08-13 08:15:00,239.51,239.69,239.33,239.53,43644
2025-08-13 08:20:00,239.61,239.69,239.48,239.6,44566
2025-08-13 08:25:00,239.54,239.6,239.24,239.27,65725
2025-08-13 08:30:00,239.29,239.31,239.12,239.15,44220
2025-08-13 08:35:00,239.16,239.16,239.01,239.03,70468
2025-08-13 08:40:00,239.04,239.04,238.8,238.93,105198
2025-08-13 08:45:00,238.94,239.06,238.82,239.02,142359
2025-08-13 08:50:00,239.06,239.15,238.8,239.13,237354
2025-08-13 08:55:00,239.13,239.25,238.91,239.23,79914
2025-08-13 09:00:00,239.23,239.3,239.12,239.25,49165
2025-08-13 09:05:00,239.25,239.47,239.16,239.41,43462
2025-08-13 09:10:00,239.4,239.49,239.2,239.2,30971
2025-08-13 09:15:00,239.22,239.4,239.13,239.32,35269
2025-08-13 09:20:00,239.32,239.49,239.21,239.38,61335
2025-08-13 09:25:00,239.38,239.55,239.2,239.51,139048
2025-08-13 09:30:00,239.51,239.51,239.06,239.09,224450
2025-08-13 09:35:00,239.1,239.1,238.94,238.99,205229
2025-08-13 09:40:00,238.99,238.99,238.63,238.66,248577
2025-08-13 09:45:00,238.67,238.69,238.27,238.37,271064
2025-08-13 09:50:00,238.33,238.46,238.15,238.28,231478
2025-08-13 09:55:00,238.29,238.5,238.13,238.5,165562
2025-08-14 03:45:00,238.51,238.67,236.67,237.23,285058
2025-08-14 03:50:00,237.25,237.25,236.13,236.4,94150
2025-08-14 03:55:00,236.4,236.4,235.13,235.15,149647
2025-08-14 04:00:00,235.15,235.38,234.5,235.04,149032
2025-08-14 04:05:00,235.0,235.0,234.43,234.84,117636
2025-08-14 04:10:00,234.82,235.28,234.65,235.03,61495
2025-08-14 04:15:00,235.09,235.39,234.85,235.29,68764
2025-08-14 04:20:00,235.29,235.94,235.0,235.75,109504
2025-08-14 04:25:00,235.75,235.84,235.52,235.61,28617
2025-08-14 04:30:00,235.61,235.82,235.3,235.57,111542
2025-08-14 04:35:00,235.67,235.92,235.5,235.9,76981
2025-08-14 04:40:00,235.9,236.15,235.76,236.01,82449
2025-08-14 04:45:00,236.01,236.91,236.0,236.04,457983
2025-08-14 04:50:00,236.05,236.05,235.59,235.89,43847
2025-08-14 04:55:00,235.89,236.2,235.86,235.91,52564
2025-08-14 05:00:00,235.98,236.01,235.8,235.84,16000
2025-08-14 05:05:00,235.84,235.94,235.5,235.52,43993
2025-08-14 05:10:00,235.5,235.87,235.26,235.76,60271
2025-08-14 05:15:00,235.76,235.85,235.6,235.78,21587
2025-08-14 05:20:00,235.78,236.3,235.6,236.2,38250
2025-08-14 05:25:00,236.2,236.39,236.05,236.21,44271
2025-08-14 05:30:00,236.31,236.5,236.09,236.18,36053
2025-08-14 05:35:00,236.17,236.32,236.17,236.26,12483
2025-08-14 05:40:00,236.23,236.42,236.17,236.25,17973
2025-08-14 05:45:00,236.25,236.4,236.21,236.37,26201
2025-08-14 05:50:00,236.37,236.51,236.23,236.38,42542
2025-08-14 05:55:00,236.38,237.07,236.15,237.0,286765
2025-08-14 06:00:00,237.0,237.09,236.89,236.97,137231
2025-08-14 06:05:00,236.97,237.09,236.8,237.01,28767
2025-08-14 06:10:00,237.0,237.05,236.73,236.75,300733
2025-08-14 06:15:00,236.85,237.21,236.76,237.0,73978
2025-08-14 06:20:00,237.02,237.1,236.98,237.0,27975
2025-08-14 06:25:00,237.01,237.12,236.98,237.0,40503
2025-08-14 06:30:00,237.0,237.2,237.0,237.01,85578
2025-08-14 06:35:00,237.0,237.16,237.0,237.0,16028
2025-08-14 06:40:00,237.0,237.1,237.0,237.1,19607
2025-08-14 06:45:00,237.07,237.1,237.0,237.0,38084
2025-08-14 06:50:00,237.0,237.07,236.98,237.0,22269
2025-08-14 06:55:00,237.0,237.04,236.7,236.91,100335
2025-08-14 07:00:00,236.9,237.09,236.78,237.03,62745
2025-08-14 07:05:00,237.0,237.08,237.0,237.07,19397
2025-08-14 07:10:00,237.02,237.09,237.0,237.09,16129
2025-08-14 07:15:00,237.09,237.12,237.0,237.03,26173
2025-08-14 07:20:00,237.1,237.19,237.02,237.14,23939
2025-08-14 07:25:00,237.11,237.39,237.11,237.22,34153
2025-08-14 07:30:00,237.27,237.27,237.15,237.2,15257
2025-08-14 07:35:00,237.2,237.33,237.02,237.22,51416
2025-08-14 07:40:00,237.22,237.22,237.0,237.09,17846
2025-08-14 07:45:00,237.09,237.16,237.0,237.01,33982
2025-08-14 07:50:00,237.0,237.1,237.0,237.1,172471
2025-08-14 07:55:00,237.1,237.1,237.0,237.0,137101
2025-08-14 08:00:00,237.0,237.04,237.0,237.03,111601
2025-08-14 08:05:00,237.01,237.4,237.01,237.4,62934
2025-08-14 08:10:00,237.4,237.5,237.27,237.36,39915
2025-08-14 08:15:00,237.36,237.41,237.25,237.32,25715
2025-08-14 08:20:00,237.35,237.51,237.25,237.41,268756
2025-08-14 08:25:00,237.41,237.44,237.03,237.16,62133
2025-08-14 08:30:00,237.16,237.26,237.03,237.08,35272
2025-08-14 08:35:00,237.08,238.0,237.0,237.78,553084
2025-08-14 08:40:00,237.52,237.77,237.24,237.46,64433
2025-08-14 08:45:00,237.46,237.58,237.06,237.11,42868
2025-08-14 08:50:00,237.07,237.25,237.06,237.19,40520
2025-08-14 08:55:00,237.19,237.67,237.1,237.41,85968
2025-08-14 09:00:00,237.44,237.44,237.07,237.25,62605
2025-08-14 09:05:00,237.17,237.33,237.13,237.29,56363
2025-08-14 09:10:00,237.24,237.32,237.12,237.17,30595
2025-08-14 09:15:00,237.17,237.43,237.1,237.25,76345
2025-08-14 09:20:00,237.25,237.4,237.2,237.23,70329
2025-08-14 09:25:00,237.22,237.22,237.0,237.01,172988
2025-08-14 09:30:00,237.03,237.12,237.0,237.07,370553
2025-08-14 09:35:00,237.05,237.25,237.04,237.16,174929
2025-08-14 09:40:00,237.16,237.16,236.85,236.86,159795
2025-08-14 09:45:00,236.86,236.95,236.71,236.77,184777
2025-08-14 09:50:00,236.89,236.94,236.73,236.81,305503
2025-08-14 09:55:00,236.83,236.92,236.6,236.6,160869
2025-08-18 03:45:00,237.25,237.98,236.65,237.0,166507
2025-08-18 03:50:00,237.0,237.35,236.6,236.7,72552
2025-08-18 03:55:00,236.68,236.7,236.35,236.47,100312
2025-08-18 04:00:00,236.47,236.71,236.05,236.13,132725
2025-08-18 04:05:00,236.06,236.21,235.71,235.81,92787
2025-08-18 04:10:00,235.81,235.9,235.5,235.6,46859
2025-08-18 04:15:00,235.52,236.35,235.51,236.29,80703
2025-08-18 04:20:00,236.28,236.58,235.85,236.08,199469
2025-08-18 04:25:00,236.08,236.38,236.04,236.3,117365
2025-08-18 04:30:00,236.34,236.5,236.25,236.4,39385
2025-08-18 04:35:00,236.41,236.59,236.35,236.41,28816
2025-08-18 04:40:00,236.41,236.86,236.4,236.61,130198
2025-08-18 04:45:00,236.61,236.78,236.44,236.7,51076
2025-08-18 04:50:00,236.7,236.83,236.6,236.7,42113
2025-08-18 04:55:00,236.81,236.81,236.5,236.71,39793
2025-08-18 05:00:00,236.62,236.9,236.62,236.83,44548
2025-08-18 05:05:00,236.81,237.1,236.71,237.0,60993
2025-08-18 05:10:00,237.0,237.09,236.76,236.92,33644
2025-08-18 05:15:00,236.87,236.99,236.76,236.76,35576
2025-08-18 05:20:00,236.72,236.72,236.2,236.2,86618
2025-08-18 05:25:00,236.21,236.31,236.0,236.16,48535
2025-08-18 05:30:00,236.19,236.61,236.14,236.37,45637
2025-08-18 05:35:00,236.4,236.66,236.33,236.56,36965
2025-08-18 05:40:00,236.56,236.56,236.32,236.33,29787
2025-08-18 05:45:00,236.34,236.63,236.2,236.2,50925
2025-08-18 05:50:00,236.2,236.38,236.18,236.27,31704
2025-08-18 05:55:00,236.28,236.36,236.1,236.1,30841
2025-08-18 06:00:00,236.1,236.21,235.81,235.95,105378
2025-08-18 06:05:00,235.95,236.33,235.9,236.02,52332
2025-08-18 06:10:00,236.02,236.28,236.0,236.25,62843
2025-08-18 06:15:00,236.26,236.49,236.24,236.3,78986
2025-08-18 06:20:00,236.31,237.3,236.31,237.0,305295
2025-08-18 06:25:00,237.0,237.11,236.82,237.0,122082
2025-08-18 06:30:00,237.0,237.07,236.85,236.9,133819
2025-08-18 06:35:00,236.94,237.1,236.9,237.0,142021
2025-08-18 06:40:00,237.0,237.19,236.84,236.85,323679
2025-08-18 06:45:00,236.85,237.15,236.6,236.6,323456
2025-08-18 06:50:00,236.6,236.8,236.35,236.68,82528
2025-08-18 06:55:00,236.63,237.27,236.61,237.0,156723
2025-08-18 07:00:00,237.07,237.07,237.0,237.0,77020
2025-08-18 07:05:00,237.02,237.12,237.01,237.12,43818
2025-08-18 07:10:00,237.12,238.01,237.1,237.32,373230
2025-08-18 07:15:00,237.32,237.97,237.22,237.75,385017
2025-08-18 07:20:00,237.75,238.0,237.46,237.78,222123
2025-08-18 07:25:00,237.89,238.18,237.75,238.08,199190
2025-08-18 07:30:00,238.08,238.08,237.96,238.0,122844
2025-08-18 07:35:00,238.03,238.05,237.73,237.87,78464
2025-08-18 07:40:00,237.9,238.2,237.82,238.05,53471
2025-08-18 07:45:00,238.09,238.39,238.0,238.21,52066
2025-08-18 07:50:00,238.24,238.45,238.01,238.11,71415
2025-08-18 07:55:00,238.2,238.2,237.9,238.0,249913
2025-08-18 08:00:00,238.05,238.35,237.92,238.14,66504
2025-08-18 08:05:00,238.05,238.2,238.0,238.1,28775
2025-08-18 08:10:00,238.04,238.4,238.04,238.26,40758
2025-08-18 08:15:00,238.21,238.27,238.06,238.23,25469
2025-08-18 08:20:00,238.23,238.23,238.04,238.08,29134
2025-08-18 08:25:00,238.15,238.22,238.04,238.18,36121
2025-08-18 08:30:00,238.16,238.23,237.99,238.0,68180
2025-08-18 08:35:00,238.09,238.13,237.99,238.0,49562
2025-08-18 08:40:00,238.07,238.15,237.98,238.04,50450
2025-08-18 08:45:00,238.02,238.14,238.0,238.0,49302
2025-08-18 08:50:00,238.05,238.05,237.7,237.85,203459
2025-08-18 08:55:00,237.9,238.0,237.86,237.9,38941
2025-08-18 09:00:00,237.91,238.0,237.48,237.57,122498
2025-08-18 09:05:00,237.57,237.66,237.21,237.6,96518
2025-08-18 09:10:00,237.55,237.94,237.49,237.87,78199
2025-08-18 09:15:00,237.87,237.93,237.67,237.71,40416
2025-08-18 09:20:00,237.78,237.8,237.59,237.67,48714
2025-08-18 09:25:00,237.76,237.94,237.62,237.82,68538
2025-08-18 09:30:00,237.91,237.91,237.61,237.86,276921
2025-08-18 09:35:00,237.95,238.28,237.85,238.12,261124
2025-08-18 09:40:00,238.12,238.45,238.12,238.28,204682
2025-08-18 09:45:00,238.34,238.51,238.28,238.29,323310
2025-08-18 09:50:00,238.29,238.59,238.2,238.52,320114
2025-08-18 09:55:00,238.5,238.51,237.85,238.0,277652
2025-08-19 03:45:00,237.5,237.91,237.11,237.58,119050
2025-08-19 03:50:00,237.58,237.99,237.5,237.54,57655
2025-08-19 03:55:00,237.49,237.62,237.21,237.33,63348
2025-08-19 04:00:00,237.3,237.45,236.9,236.96,87218
2025-08-19 04:05:00,237.0,237.0,236.91,236.91,38964
2025-08-19 04:10:00,236.98,236.98,236.72,236.8,53039
2025-08-19 04:15:00,236.79,236.97,236.68,236.97,32213
2025-08-19 04:20:00,236.88,237.07,236.82,236.9,47886
2025-08-19 04:25:00,236.9,236.99,236.76,236.94,132290
2025-08-19 04:30:00,236.9,236.95,236.8,236.8,48014
2025-08-19 04:35:00,236.83,236.9,236.8,236.9,9742
2025-08-19 04:40:00,236.9,237.45,236.81,237.35,425548
2025-08-19 04:45:00,237.35,237.9,237.2,237.75,124644
2025-08-19 04:50:00,237.74,238.0,237.58,237.82,76063
2025-08-19 04:55:00,237.76,237.84,237.43,237.49,65388
2025-08-19 05:00:00,237.43,237.91,237.43,237.89,59048
2025-08-19 05:05:00,237.87,237.88,237.6,237.64,63480
2025-08-19 05:10:00,237.64,237.7,237.31,237.39,50445
2025-08-19 05:15:00,237.34,237.5,237.32,237.44,90554
2025-08-19 05:20:00,237.48,237.65,237.44,237.45,53905
2025-08-19 05:25:00,237.45,237.63,237.37,237.61,57028
2025-08-19 05:30:00,237.61,237.93,237.56,237.6,61034
2025-08-19 05:35:00,237.6,238.0,237.5,237.81,135143
2025-08-19 05:40:00,237.72,237.81,237.61,237.69,32075
2025-08-19 05:45:00,237.64,237.82,237.5,237.76,51069
2025-08-19 05:50:00,237.76,237.76,237.49,237.73,69367
2025-08-19 05:55:00,237.75,237.79,237.5,237.6,48064
2025-08-19 06:00:00,237.59,237.8,237.52,237.53,63482
2025-08-19 06:05:00,237.53,238.09,237.51,238.0,79066
2025-08-19 06:10:00,238.05,238.09,238.0,238.09,57602
2025-08-19 06:15:00,238.09,238.15,237.99,238.0,59310
2025-08-19 06:20:00,238.0,238.03,237.94,237.94,121392
2025-08-19 06:25:00,237.94,238.03,237.59,237.69,57756
2025-08-19 06:30:00,237.6,238.02,237.58,238.0,105874
2025-08-19 06:35:00,238.0,238.11,237.96,237.96,48563
2025-08-19 06:40:00,237.96,238.04,237.91,237.95,60951
2025-08-19 06:45:00,237.95,238.05,237.95,238.05,47835
2025-08-19 06:50:00,238.05,238.54,237.98,238.2,114838
2025-08-19 06:55:00,238.12,238.22,238.03,238.12,48138
2025-08-19 07:00:00,238.12,238.12,238.0,238.01,57359
2025-08-19 07:05:00,238.0,238.15,238.0,238.0,47057
2025-08-19 07:10:00,238.03,238.04,237.8,237.88,82195
2025-08-19 07:15:00,237.87,238.1,237.83,238.03,46609
2025-08-19 07:20:00,238.0,238.05,238.0,238.0,34681
2025-08-19 07:25:00,238.03,238.04,238.0,238.03,34111
2025-08-19 07:30:00,238.03,238.03,237.96,237.96,34490
2025-08-19 07:35:00,237.98,238.02,237.96,238.01,40457
2025-08-19 07:40:00,238.0,238.03,237.98,238.01,37951
2025-08-19 07:45:00,237.98,238.24,237.96,238.0,45974
2025-08-19 07:50:00,238.05,238.1,238.0,238.06,34629
2025-08-19 07:55:00,238.0,238.13,238.0,238.07,45246
2025-08-19 08:00:00,238.05,238.25,238.0,238.0,55013
2025-08-19 08:05:00,238.02,238.05,238.0,238.02,51872
2025-08-19 08:10:00,238.02,238.04,238.0,238.02,44919
2025-08-19 08:15:00,238.02,238.02,238.0,238.0,60484
2025-08-19 08:20:00,238.01,238.03,237.5,237.62,271712
2025-08-19 08:25:00,237.62,237.75,237.39,237.63,69088
2025-08-19 08:30:00,237.59,237.82,237.59,237.81,37813
2025-08-19 08:35:00,237.82,237.95,237.6,237.71,38091
2025-08-19 08:40:00,237.61,237.86,237.61,237.7,10814
2025-08-19 08:45:00,237.76,237.79,237.64,237.71,38775
2025-08-19 08:50:00,237.72,238.0,237.72,238.0,44004
2025-08-19 08:55:00,237.99,238.4,237.92,238.36,63189
2025-08-19 09:00:00,238.36,238.4,238.15,238.23,23677
2025-08-19 09:05:00,238.25,238.49,238.2,238.35,88551
2025-08-19 09:10:00,238.31,238.35,238.07,238.11,19666
2025-08-19 09:15:00,238.05,238.5,237.94,238.39,65625
2025-08-19 09:20:00,238.44,238.44,237.91,238.18,64099
2025-08-19 09:25:00,238.18,238.18,238.1,238.13,23119
2025-08-19 09:30:00,238.14,238.25,237.87,238.01,119464
2025-08-19 09:35:00,237.94,238.2,237.94,238.18,163715
2025-08-19 09:40:00,238.13,238.13,237.9,237.9,104135
2025-08-19 09:45:00,237.93,238.0,237.81,237.89,159622
2025-08-19 09:50:00,237.88,237.98,237.7,237.86,196987
2025-08-19 09:55:00,237.87,237.99,237.74,237.97,165581
2025-08-20 03:45:00,237.0,237.79,237.0,237.3,107057
2025-08-20 03:50:00,237.24,237.6,237.14,237.51,45516
2025-08-20 03:55:00,237.6,237.6,237.19,237.35,39801
2025-08-20 04:00:00,237.3,237.69,237.28,237.66,20992
2025-08-20 04:05:00,237.66,237.8,237.61,237.61,27842
2025-08-20 04:10:00,237.59,237.8,237.58,237.8,32248
2025-08-20 04:15:00,237.8,238.11,237.76,238.04,59051
2025-08-20 04:20:00,238.01,238.09,237.81,237.89,23460
2025-08-20 04:25:00,237.89,237.98,237.72,237.93,31980
2025-08-20 04:30:00,237.93,238.0,237.9,237.92,12984
2025-08-20 04:35:00,237.92,238.1,237.87,238.0,25068
2025-08-20 04:40:00,238.08,238.24,237.9,238.2,22806
2025-08-20 04:45:00,238.21,238.35,238.15,238.3,32885
2025-08-20 04:50:00,238.33,238.33,237.9,237.92,19015
2025-08-20 04:55:00,237.92,237.95,237.68,237.8,30190
2025-08-20 05:00:00,237.8,237.8,237.6,237.68,18497
2025-08-20 05:05:00,237.68,237.7,237.54,237.7,11508
2025-08-20 05:10:00,237.65,237.82,237.5,237.63,364980
2025-08-20 05:15:00,237.61,238.33,237.57,238.2,168386
2025-08-20 05:20:00,238.3,238.3,238.0,238.13,14043
2025-08-20 05:25:00,238.13,238.25,238.01,238.22,24943
2025-08-20 05:30:00,238.14,238.27,238.07,238.13,18306
2025-08-20 05:35:00,238.13,238.2,238.05,238.1,10428
2025-08-20 05:40:00,238.15,238.23,238.0,238.08,15367
2025-08-20 05:45:00,238.08,238.08,238.0,238.0,24067
2025-08-20 05:50:00,237.98,238.16,237.38,237.55,433281
2025-08-20 05:55:00,237.55,238.11,237.47,238.07,245433
2025-08-20 06:00:00,238.11,238.14,238.0,238.06,13643
2025-08-20 06:05:00,238.02,238.09,237.64,237.81,220746
2025-08-20 06:10:00,237.81,238.0,237.73,237.78,36178
2025-08-20 06:15:00,237.78,237.89,237.5,237.6,24119
2025-08-20 06:20:00,237.66,237.7,237.52,237.52,16901
2025-08-20 06:25:00,237.53,237.71,237.5,237.55,17466
2025-08-20 06:30:00,237.55,237.61,237.51,237.51,12626
2025-08-20 06:35:00,237.53,237.73,237.39,237.44,47506
2025-08-20 06:40:00,237.44,237.52,237.27,237.34,52920
2025-08-20 06:45:00,237.34,237.7,237.26,237.66,112298
2025-08-20 06:50:00,237.56,237.68,237.48,237.53,54093
2025-08-20 06:55:00,237.53,238.0,237.53,237.71,237558
2025-08-20 07:00:00,237.7,238.14,237.68,238.03,555701
2025-08-20 07:05:00,238.03,238.03,237.81,237.96,82228
2025-08-20 07:10:00,237.94,238.04,237.86,237.98,38443
2025-08-20 07:15:00,237.97,238.1,237.83,238.04,51889
2025-08-20 07:20:00,238.03,238.04,238.0,238.02,50608
2025-08-20 07:25:00,238.01,238.1,238.0,238.07,46059
2025-08-20 07:30:00,238.1,238.1,238.0,238.01,42452
2025-08-20 07:35:00,238.0,238.09,238.0,238.05,52047
2025-08-20 07:40:00,238.02,238.15,237.95,238.05,81313
2025-08-20 07:45:00,238.04,238.1,237.98,238.04,89124
2025-08-20 07:50:00,238.04,238.25,237.87,238.07,234593
2025-08-20 07:55:00,238.07,238.25,238.0,238.07,43409
2025-08-20 08:00:00,238.07,238.17,238.01,238.06,51068
2025-08-20 08:05:00,238.06,238.13,238.0,238.0,53653
2025-08-20 08:10:00,238.07,238.2,238.0,238.04,55951
2025-08-20 08:15:00,238.03,238.15,238.0,238.11,133101
2025-08-20 08:20:00,238.12,238.25,238.0,238.06,45331
2025-08-20 08:25:00,238.06,238.18,238.0,238.14,53207
2025-08-20 08:30:00,238.15,238.2,238.04,238.09,58808
2025-08-20 08:35:00,238.16,238.17,237.71,237.75,155932
2025-08-20 08:40:00,237.74,238.06,237.6,237.94,99219
2025-08-20 08:45:00,237.94,238.0,237.86,237.99,61643
2025-08-20 08:50:00,238.0,238.04,237.85,237.96,56939
2025-08-20 08:55:00,237.98,238.0,237.68,237.9,231595
2025-08-20 09:00:00,237.9,238.22,237.9,238.1,102115
2025-08-20 09:05:00,238.1,238.25,237.99,238.1,123599
2025-08-20 09:10:00,238.1,238.32,238.03,238.32,55653
2025-08-20 09:15:00,238.32,238.6,238.28,238.6,80392
2025-08-20 09:20:00,238.6,239.09,238.17,238.2,459927
2025-08-20 09:25:00,238.17,238.36,238.01,238.05,366179
2025-08-20 09:30:00,238.1,238.11,237.91,238.0,118117
2025-08-20 09:35:00,238.01,238.11,237.91,238.08,84462
2025-08-20 09:40:00,238.06,238.07,237.93,237.96,111736
2025-08-20 09:45:00,237.96,238.04,237.9,238.0,182293
2025-08-20 09:50:00,238.0,238.09,237.81,238.0,198535
2025-08-20 09:55:00,237.99,238.35,237.7,238.24,403529
2025-08-21 03:45:00,238.0,238.76,237.23,238.19,182964
2025-08-21 03:50:00,238.21,238.94,238.2,238.76,71130
2025-08-21 03:55:00,238.76,238.76,238.3,238.5,24767
2025-08-21 04:00:00,238.48,239.27,238.32,239.24,75486
2025-08-21 04:05:00,239.25,239.36,239.02,239.3,101587
2025-08-21 04:10:00,239.27,239.75,239.12,239.6,119365
2025-08-21 04:15:00,239.61,240.48,239.6,240.4,275217
2025-08-21 04:20:00,240.4,240.5,240.18,240.41,268397
2025-08-21 04:25:00,240.43,240.99,240.4,240.85,278083
2025-08-21 04:30:00,240.77,240.95,240.23,240.41,95484
2025-08-21 04:35:00,240.41,240.49,240.26,240.46,56679
2025-08-21 04:40:00,240.47,240.5,240.19,240.43,67399
2025-08-21 04:45:00,240.4,240.46,240.04,240.06,41849
2025-08-21 04:50:00,240.06,240.17,240.02,240.05,44417
2025-08-21 04:55:00,240.12,240.23,239.7,239.7,197394
2025-08-21 05:00:00,239.76,240.11,239.59,239.98,103514
2025-08-21 05:05:00,239.91,240.0,239.52,239.64,107416
2025-08-21 05:10:00,239.54,239.64,239.5,239.55,25367
2025-08-21 05:15:00,239.58,239.64,239.4,239.53,132364
2025-08-21 05:20:00,239.48,239.56,239.4,239.4,32891
2025-08-21 05:25:00,239.45,239.53,239.32,239.47,32053
2025-08-21 05:30:00,239.4,239.69,239.4,239.42,48548
2025-08-21 05:35:00,239.42,239.58,239.37,239.56,32723
2025-08-21 05:40:00,239.6,239.6,239.42,239.52,17228
2025-08-21 05:45:00,239.52,239.78,239.4,239.6,37286
2025-08-21 05:50:00,239.6,239.79,239.44,239.59,42723
2025-08-21 05:55:00,239.51,239.65,239.3,239.32,50871
2025-08-21 06:00:00,239.32,239.41,239.0,239.36,135303
2025-08-21 06:05:00,239.27,239.47,239.27,239.43,47289
2025-08-21 06:10:00,239.43,239.63,239.31,239.55,47171
2025-08-21 06:15:00,239.63,239.71,239.5,239.6,53871
2025-08-21 06:20:00,239.6,239.65,239.48,239.6,154943
2025-08-21 06:25:00,239.6,239.67,239.49,239.57,43600
2025-08-21 06:30:00,239.63,239.63,239.18,239.41,111540
2025-08-21 06:35:00,239.41,239.41,239.2,239.2,34363
2025-08-21 06:40:00,239.2,240.02,239.16,239.6,842863
2025-08-21 06:45:00,239.6,239.62,239.4,239.5,25399
2025-08-21 06:50:00,239.51,239.61,239.47,239.51,30967
2025-08-21 06:55:00,239.5,239.8,239.46,239.5,335091
2025-08-21 07:00:00,239.51,239.89,239.44,239.7,102172
2025-08-21 07:05:00,239.7,239.94,239.64,239.75,39838
2025-08-21 07:10:00,239.75,239.83,239.65,239.74,22381
2025-08-21 07:15:00,239.74,239.86,239.68,239.81,44400
2025-08-21 07:20:00,239.75,239.88,239.62,239.82,155031
2025-08-21 07:25:00,239.77,239.94,239.7,239.92,46651
2025-08-21 07:30:00,239.92,239.95,239.73,239.77,36747
2025-08-21 07:35:00,239.81,239.9,239.73,239.78,27803
2025-08-21 07:40:00,239.81,239.85,239.7,239.78,36285
2025-08-21 07:45:00,239.78,239.85,239.72,239.72,30200
2025-08-21 07:50:00,239.73,239.81,239.72,239.72,70159
2025-08-21 07:55:00,239.7,239.75,239.65,239.65,22611
2025-08-21 08:00:00,239.62,239.7,239.41,239.5,48386
2025-08-21 08:05:00,239.5,239.5,239.31,239.43,31672
2025-08-21 08:10:00,239.44,239.48,239.21,239.28,28869
2025-08-21 08:15:00,239.25,239.28,239.0,239.13,161197
2025-08-21 08:20:00,239.11,239.29,239.11,239.11,31914
2025-08-21 08:25:00,239.11,239.3,239.11,239.24,53485
2025-08-21 08:30:00,239.26,239.36,239.16,239.27,44469
2025-08-21 08:35:00,239.27,239.29,238.81,238.96,135945
2025-08-21 08:40:00,238.96,239.05,238.91,239.0,129502
2025-08-21 08:45:00,238.94,239.12,238.91,239.01,226325
2025-08-21 08:50:00,239.01,239.08,238.72,238.84,144593
2025-08-21 08:55:00,238.77,239.1,238.71,238.9,111894
2025-08-21 09:00:00,239.0,239.16,238.82,238.92,94386
2025-08-21 09:05:00,238.93,239.02,238.82,238.82,113358
2025-08-21 09:10:00,238.83,239.09,238.71,238.73,88750
2025-08-21 09:15:00,238.73,238.85,238.32,238.32,302156
2025-08-21 09:20:00,238.33,238.5,238.3,238.4,68530
2025-08-21 09:25:00,238.41,238.5,238.25,238.37,91742
2025-08-21 09:30:00,238.37,238.68,238.31,238.34,206660
2025-08-21 09:35:00,238.33,238.5,238.31,238.36,112288
2025-08-21 09:40:00,238.36,238.45,238.25,238.38,123660
2025-08-21 09:45:00,238.38,238.49,238.32,238.38,193356
2025-08-21 09:50:00,238.4,238.41,237.93,238.0,319172
2025-08-21 09:55:00,237.99,238.55,237.99,238.55,180557
2025-08-22 03:45:00,238.0,238.63,237.78,237.92,99739
2025-08-22 03:50:00,237.91,238.06,237.55,237.83,72591
2025-08-22 03:55:00,237.83,238.17,237.66,237.84,32614
2025-08-22 04:00:00,237.83,237.83,237.21,237.35,58549
2025-08-22 04:05:00,237.4,237.7,237.06,237.3,60940
2025-08-22 04:10:00,237.3,237.3,237.0,237.1,78811
2025-08-22 04:15:00,237.1,237.3,236.91,237.16,101742
2025-08-22 04:20:00,237.17,237.48,237.05,237.32,21741
2025-08-22 04:25:00,237.39,237.65,237.19,237.59,23026
2025-08-22 04:30:00,237.6,237.83,237.55,237.82,23693
2025-08-22 04:35:00,237.75,237.93,237.72,237.8,14745
2025-08-22 04:40:00,237.7,237.99,237.7,237.95,21271
2025-08-22 04:45:00,237.95,238.1,237.8,238.02,26102
2025-08-22 04:50:00,238.11,238.11,237.77,238.0,35234
2025-08-22 04:55:00,237.94,238.08,237.84,238.07,60050
2025-08-22 05:00:00,238.01,238.08,237.92,237.93,15229
2025-08-22 05:05:00,238.0,238.0,237.82,237.82,5359
2025-08-22 05:10:00,237.82,237.88,237.7,237.87,7220
2025-08-22 05:15:00,237.8,237.93,237.72,237.75,14528
2025-08-22 05:20:00,237.75,237.87,237.62,237.62,61989
2025-08-22 05:25:00,237.62,237.86,237.61,237.77,16701
2025-08-22 05:30:00,237.82,238.3,237.77,238.23,85584
2025-08-22 05:35:00,238.23,238.24,238.07,238.18,38545
2025-08-22 05:40:00,238.18,238.23,238.09,238.14,7629
2025-08-22 05:45:00,238.06,238.12,237.63,237.87,367751
2025-08-22 05:50:00,237.88,238.2,237.79,238.0,281168
2025-08-22 05:55:00,238.01,238.13,238.0,238.02,20911
2025-08-22 06:00:00,238.11,238.13,237.84,237.84,153982
2025-08-22 06:05:00,237.81,237.92,237.8,237.87,9693
2025-08-22 06:10:00,237.86,237.99,237.86,237.92,11060
2025-08-22 06:15:00,237.93,238.08,237.84,238.04,51090
2025-08-22 06:20:00,238.03,238.04,237.85,238.01,103311
2025-08-22 06:25:00,238.03,238.08,237.72,237.82,179975
2025-08-22 06:30:00,237.82,237.84,237.2,237.25,156305
2025-08-22 06:35:00,237.25,237.32,237.07,237.12,50674
2025-08-22 06:40:00,237.16,237.23,236.75,236.75,108975
2025-08-22 06:45:00,236.76,236.93,236.48,236.51,59524
2025-08-22 06:50:00,236.51,236.8,236.47,236.6,28468
2025-08-22 06:55:00,236.7,236.74,236.5,236.5,47135
2025-08-22 07:00:00,236.52,236.61,236.3,236.37,51640
2025-08-22 07:05:00,236.37,236.45,236.31,236.34,40122
2025-08-22 07:10:00,236.33,236.75,236.24,236.71,46308
2025-08-22 07:15:00,236.71,236.74,236.51,236.56,61025
2025-08-22 07:20:00,236.56,236.65,236.27,236.28,52990
2025-08-22 07:25:00,236.28,236.61,236.23,236.5,72157
2025-08-22 07:30:00,236.5,236.68,236.42,236.67,45220
2025-08-22 07:35:00,236.66,236.74,236.5,236.55,34804
2025-08-22 07:40:00,236.6,236.82,236.54,236.62,41672
2025-08-22 07:45:00,236.62,236.7,236.51,236.59,25869
2025-08-22 07:50:00,236.59,236.85,236.5,236.84,45778
2025-08-22 07:55:00,236.83,236.86,236.65,236.74,35268
2025-08-22 08:00:00,236.73,236.83,236.56,236.83,34221
2025-08-22 08:05:00,236.84,236.84,236.5,236.58,45191
2025-08-22 08:10:00,236.58,236.61,236.5,236.61,50433
2025-08-22 08:15:00,236.54,236.63,236.45,236.51,54687
2025-08-22 08:20:00,236.5,236.7,236.5,236.61,49846
2025-08-22 08:25:00,236.51,236.65,236.5,236.58,53327
2025-08-22 08:30:00,236.55,236.6,236.41,236.5,57573
2025-08-22 08:35:00,236.41,236.59,236.31,236.4,62256
2025-08-22 08:40:00,236.33,236.43,236.21,236.32,55420
2025-08-22 08:45:00,236.24,236.32,236.11,236.12,66328
2025-08-22 08:50:00,236.22,236.38,236.13,236.36,73951
2025-08-22 08:55:00,236.29,236.56,236.25,236.33,66009
2025-08-22 09:00:00,236.33,236.36,236.01,236.03,102669
2025-08-22 09:05:00,236.03,236.2,236.01,236.1,79478
2025-08-22 09:10:00,236.06,236.31,236.06,236.3,60930
2025-08-22 09:15:00,236.22,236.3,236.1,236.19,57316
2025-08-22 09:20:00,236.13,236.32,236.1,236.26,62508
2025-08-22 09:25:00,236.26,236.38,236.22,236.32,57266
2025-08-22 09:30:00,236.32,236.34,236.2,236.3,149859
2025-08-22 09:35:00,236.29,236.7,236.29,236.61,161079
2025-08-22 09:40:00,236.65,236.65,236.39,236.47,193068
2025-08-22 09:45:00,236.45,236.53,236.11,236.14,229940
2025-08-22 09:50:00,236.14,236.14,235.89,236.13,277163
2025-08-22 09:55:00,236.1,236.27,235.9,236.2,155843
2025-08-25 03:45:00,236.3,236.83,235.84,236.24,154528
2025-08-25 03:50:00,236.25,236.49,236.05,236.24,49062
2025-08-25 03:55:00,236.15,236.39,236.11,236.24,35139
2025-08-25 04:00:00,236.24,236.38,235.9,236.14,48336
2025-08-25 04:05:00,236.15,236.21,235.96,236.07,29143
2025-08-25 04:10:00,236.07,236.14,235.9,236.09,22362
2025-08-25 04:15:00,236.1,236.25,236.0,236.25,20149
2025-08-25 04:20:00,236.24,236.28,236.06,236.19,38906
2025-08-25 04:25:00,236.14,236.24,236.0,236.02,24951
2025-08-25 04:30:00,236.02,236.08,235.8,235.94,44509
2025-08-25 04:35:00,235.9,236.29,235.75,236.25,61990
2025-08-25 04:40:00,236.29,236.46,236.08,236.21,41507
2025-08-25 04:45:00,236.21,236.32,236.1,236.28,18468
2025-08-25 04:50:00,236.28,236.56,235.92,236.38,496075
2025-08-25 04:55:00,236.38,236.48,236.15,236.19,68539
2025-08-25 05:00:00,236.15,236.47,236.12,236.4,56272
2025-08-25 05:05:00,236.4,236.41,236.2,236.28,54780
2025-08-25 05:10:00,236.21,236.48,236.17,236.27,82856
2025-08-25 05:15:00,236.27,236.47,236.27,236.32,52943
2025-08-25 05:20:00,236.32,236.35,236.0,236.05,47557
2025-08-25 05:25:00,236.03,236.31,236.0,236.21,79490
2025-08-25 05:30:00,236.26,236.26,236.07,236.15,48582
2025-08-25 05:35:00,236.14,236.15,236.01,236.02,46695
2025-08-25 05:40:00,236.08,236.51,236.01,236.45,115269
2025-08-25 05:45:00,236.5,237.0,236.45,236.87,184221
2025-08-25 05:50:00,236.87,237.09,236.81,237.01,185466
2025-08-25 05:55:00,237.05,237.05,236.95,237.0,19005
2025-08-25 06:00:00,237.0,237.01,236.93,237.01,41520
2025-08-25 06:05:00,237.01,237.05,236.81,237.0,64462
2025-08-25 06:10:00,237.0,237.49,237.0,237.23,407137
2025-08-25 06:15:00,237.22,237.33,236.52,236.52,39782
2025-08-25 06:20:00,236.6,237.1,236.52,237.01,123178
2025-08-25 06:25:00,237.0,237.09,236.85,237.0,114873
2025-08-25 06:30:00,237.02,237.04,236.6,236.73,53017
2025-08-25 06:35:00,236.71,236.73,236.41,236.5,42702
2025-08-25 06:40:00,236.5,236.6,236.0,236.05,397639
2025-08-25 06:45:00,236.05,236.1,235.8,235.91,70750
2025-08-25 06:50:00,235.91,235.93,235.8,235.89,23847
2025-08-25 06:55:00,235.89,236.04,235.8,236.02,151698
2025-08-25 07:00:00,236.03,236.05,235.65,235.82,171125
2025-08-25 07:05:00,235.82,236.05,235.8,235.95,74815
2025-08-25 07:10:00,235.94,236.0,235.82,235.95,26820
2025-08-25 07:15:00,235.95,236.02,235.85,235.97,50877
2025-08-25 07:20:00,235.98,236.06,235.91,235.96,31739
2025-08-25 07:25:00,236.03,236.63,235.95,236.4,616375
2025-08-25 07:30:00,236.42,236.49,236.11,236.28,302519
2025-08-25 07:35:00,236.23,236.73,236.23,236.41,139004
2025-08-25 07:40:00,236.45,236.74,236.45,236.66,132613
2025-08-25 07:45:00,236.65,236.75,236.56,236.71,84749
2025-08-25 07:50:00,236.7,236.72,236.65,236.67,77521
2025-08-25 07:55:00,236.67,236.69,235.84,235.91,333652
2025-08-25 08:00:00,235.9,236.06,235.81,235.86,467602
2025-08-25 08:05:00,235.85,235.9,235.7,235.75,31422
2025-08-25 08:10:00,235.75,235.88,235.7,235.88,17373
2025-08-25 08:15:00,235.88,236.09,235.83,235.9,40090
2025-08-25 08:20:00,235.91,235.94,235.73,235.82,29703
2025-08-25 08:25:00,235.76,235.86,235.7,235.81,25746
2025-08-25 08:30:00,235.8,235.9,235.7,235.88,22099
2025-08-25 08:35:00,235.85,236.0,235.72,235.88,481291
2025-08-25 08:40:00,235.79,236.08,235.75,236.0,214499
2025-08-25 08:45:00,235.94,236.6,235.86,236.55,348133
2025-08-25 08:50:00,236.55,237.07,236.51,236.8,454744
2025-08-25 08:55:00,236.88,237.1,236.76,236.85,37757
2025-08-25 09:00:00,236.81,236.88,236.58,236.68,49491
2025-08-25 09:05:00,236.62,236.75,236.52,236.75,107232
2025-08-25 09:10:00,236.69,236.71,236.5,236.61,29096
2025-08-25 09:15:00,236.61,236.63,236.5,236.56,33750
2025-08-25 09:20:00,236.56,236.64,236.53,236.62,16285
2025-08-25 09:25:00,236.62,236.7,236.57,236.7,17214
2025-08-25 09:30:00,236.7,236.7,236.5,236.57,54062
2025-08-25 09:35:00,236.54,236.64,236.34,236.46,128632
2025-08-25 09:40:00,236.45,236.58,236.38,236.58,61708
2025-08-25 09:45:00,236.55,236.93,236.41,236.86,128620
2025-08-25 09:50:00,236.86,236.98,236.86,236.96,161527
2025-08-25 09:55:00,236.98,237.08,236.5,236.95,196095
2025-08-26 03:45:00,236.66,237.3,236.1,236.36,115405
2025-08-26 03:50:00,236.36,236.36,235.5,235.71,105463
2025-08-26 03:55:00,235.71,235.91,235.14,235.18,92451
2025-08-26 04:00:00,235.18,235.22,234.85,235.19,121780
2025-08-26 04:05:00,235.07,235.23,234.93,235.04,94678
2025-08-26 04:10:00,235.11,235.33,234.95,235.15,97096
2025-08-26 04:15:00,235.07,235.21,234.86,235.02,67129
2025-08-26 04:20:00,235.02,235.07,234.9,234.95,58183
2025-08-26 04:25:00,234.96,235.2,234.96,235.15,27644
2025-08-26 04:30:00,235.1,235.13,234.87,235.03,61421
2025-08-26 04:35:00,235.03,235.44,235.03,235.25,62956
2025-08-26 04:40:00,235.18,235.4,235.09,235.1,104067
2025-08-26 04:45:00,235.11,235.16,235.01,235.03,46504
2025-08-26 04:50:00,235.03,235.23,235.03,235.07,39067
2025-08-26 04:55:00,235.08,235.14,235.01,235.01,22395
2025-08-26 05:00:00,235.02,235.2,235.0,235.06,32055
2025-08-26 05:05:00,235.09,235.1,234.71,234.71,72344
2025-08-26 05:10:00,234.71,234.8,234.7,234.72,29341
2025-08-26 05:15:00,234.74,234.75,234.53,234.59,57728
2025-08-26 05:20:00,234.59,234.68,234.51,234.51,49310
2025-08-26 05:25:00,234.52,235.11,234.51,234.92,751031
2025-08-26 05:30:00,234.92,234.92,234.64,234.85,132966
2025-08-26 05:35:00,234.85,235.04,234.75,235.02,223804
2025-08-26 05:40:00,235.02,235.4,235.0,235.07,375215
2025-08-26 05:45:00,235.07,235.3,234.99,235.16,405330
2025-08-26 05:50:00,235.16,235.24,234.91,234.95,293235
2025-08-26 05:55:00,234.95,235.1,234.91,235.01,610964
2025-08-26 06:00:00,235.07,235.08,234.58,234.65,208720
2025-08-26 06:05:00,234.65,234.97,234.6,234.83,36865
2025-08-26 06:10:00,234.8,234.89,234.75,234.86,26002
2025-08-26 06:15:00,234.85,234.91,234.7,234.77,23254
2025-08-26 06:20:00,234.75,235.1,234.73,235.0,290285
2025-08-26 06:25:00,235.0,235.02,234.87,234.98,61325
2025-08-26 06:30:00,234.92,234.96,234.81,234.82,20624
2025-08-26 06:35:00,234.83,235.06,234.83,235.0,163997
2025-08-26 06:40:00,235.0,235.01,234.52,234.63,213923
2025-08-26 06:45:00,234.63,234.78,234.57,234.61,143924
2025-08-26 06:50:00,234.61,234.66,234.51,234.54,191368
2025-08-26 06:55:00,234.54,234.58,234.19,234.38,476798
2025-08-26 07:00:00,234.36,234.42,234.22,234.32,53765
2025-08-26 07:05:00,234.41,234.77,234.21,234.31,525370
2025-08-26 07:10:00,234.3,234.67,234.15,234.26,240625
2025-08-26 07:15:00,234.26,234.7,234.17,234.43,559387
2025-08-26 07:20:00,234.45,234.57,234.33,234.37,60547
2025-08-26 07:25:00,234.36,234.48,234.31,234.32,43296
2025-08-26 07:30:00,234.32,234.94,234.27,234.82,184687
2025-08-26 07:35:00,234.9,234.99,234.8,234.9,147139
2025-08-26 07:40:00,234.87,234.89,234.62,234.74,30923
2025-08-26 07:45:00,234.73,235.01,234.67,234.9,182960
2025-08-26 07:50:00,234.9,235.07,234.85,234.99,58104
2025-08-26 07:55:00,234.94,235.26,234.86,235.02,88411
2025-08-26 08:00:00,235.01,235.07,234.91,235.01,30454
2025-08-26 08:05:00,234.98,235.03,234.91,234.98,26711
2025-08-26 08:10:00,234.98,235.03,234.9,234.98,32614
2025-08-26 08:15:00,234.95,235.06,234.9,234.93,38478
2025-08-26 08:20:00,234.91,235.06,234.91,234.95,20614
2025-08-26 08:25:00,234.95,235.1,234.95,235.03,29751
2025-08-26 08:30:00,235.02,235.1,234.97,235.03,57618
2025-08-26 08:35:00,235.06,235.42,235.02,235.21,367828
2025-08-26 08:40:00,235.23,235.34,235.02,235.11,203808
2025-08-26 08:45:00,235.1,235.27,235.05,235.06,269491
2025-08-26 08:50:00,235.12,235.18,235.04,235.12,116442
2025-08-26 08:55:00,235.12,235.25,235.04,235.16,122075
2025-08-26 09:00:00,235.18,235.23,234.84,234.88,141689
2025-08-26 09:05:00,234.88,235.15,234.85,235.13,151091
2025-08-26 09:10:00,235.13,235.18,234.88,234.94,80989
2025-08-26 09:15:00,234.92,235.03,234.8,234.8,100439
2025-08-26 09:20:00,234.83,234.96,234.76,234.76,106321
2025-08-26 09:25:00,234.76,235.09,234.75,234.86,107183
2025-08-26 09:30:00,234.9,234.9,234.05,234.11,895798
2025-08-26 09:35:00,234.1,234.8,234.0,234.35,1147544
2025-08-26 09:40:00,234.43,234.45,234.01,234.11,715635
2025-08-26 09:45:00,234.08,234.14,233.8,234.09,666211
2025-08-26 09:50:00,234.1,234.2,233.91,233.98,635775
2025-08-26 09:55:00,233.99,234.49,233.97,234.3,422695
2025-08-28 03:45:00,234.3,234.9,234.2,234.57,135951
2025-08-28 03:50:00,234.57,234.65,234.05,234.15,92614
2025-08-28 03:55:00,234.15,234.3,233.8,233.83,83248
2025-08-28 04:00:00,233.85,234.25,233.84,234.17,60752
2025-08-28 04:05:00,234.07,234.33,234.0,234.1,41850
2025-08-28 04:10:00,234.1,234.39,233.62,233.75,72007
2025-08-28 04:15:00,233.75,233.87,233.62,233.66,78052
2025-08-28 04:20:00,233.76,234.05,233.65,234.0,96811
2025-08-28 04:25:00,234.03,234.05,233.72,234.0,58640
2025-08-28 04:30:00,234.0,234.6,234.0,234.54,119515
2025-08-28 04:35:00,234.51,234.54,234.04,234.08,78731
2025-08-28 04:40:00,234.08,234.4,234.08,234.29,26973
2025-08-28 04:45:00,234.29,234.42,234.28,234.3,37112
2025-08-28 04:50:00,234.39,235.14,234.3,234.9,261881
2025-08-28 04:55:00,234.91,234.99,234.77,234.88,70301
2025-08-28 05:00:00,234.92,235.17,234.88,235.0,82201
2025-08-28 05:05:00,235.01,235.08,234.84,234.92,54104
2025-08-28 05:10:00,234.86,235.0,234.85,234.96,32415
2025-08-28 05:15:00,235.01,235.19,234.96,235.12,217397
2025-08-28 05:20:00,235.13,235.28,234.8,235.14,1393706
2025-08-28 05:25:00,235.18,235.23,235.01,235.17,99912
2025-08-28 05:30:00,235.17,235.17,235.01,235.04,357209
2025-08-28 05:35:00,235.04,235.18,234.72,234.83,126568
2025-08-28 05:40:00,234.83,234.93,234.75,234.86,41098
2025-08-28 05:45:00,234.86,235.08,234.8,235.0,1861286
2025-08-28 05:50:00,235.0,235.03,234.92,234.93,638575
2025-08-28 05:55:00,234.93,234.99,234.86,234.91,21455
2025-08-28 06:00:00,234.96,234.98,234.88,234.93,19858
2025-08-28 06:05:00,234.93,235.09,234.87,234.96,184007
2025-08-28 06:10:00,234.95,235.01,234.91,235.0,37669
2025-08-28 06:15:00,235.0,235.01,234.92,234.93,81506
2025-08-28 06:20:00,234.93,235.0,234.93,234.93,39049
2025-08-28 06:25:00,234.93,234.98,234.77,234.95,30288
2025-08-28 06:30:00,234.95,235.0,234.84,234.94,11223
2025-08-28 06:35:00,234.94,234.99,234.91,234.96,16329
2025-08-28 06:40:00,234.9,235.0,234.85,234.9,11057
2025-08-28 06:45:00,234.9,234.94,234.82,234.91,20249
2025-08-28 06:50:00,234.94,234.94,234.57,234.6,43196
2025-08-28 06:55:00,234.63,234.69,234.51,234.58,24293
2025-08-28 07:00:00,234.63,234.63,234.5,234.5,24088
2025-08-28 07:05:00,234.5,234.59,234.46,234.52,11470
2025-08-28 07:10:00,234.52,234.55,234.4,234.5,12584
2025-08-28 07:15:00,234.5,234.9,234.41,234.46,449851
2025-08-28 07:20:00,234.46,234.46,234.21,234.28,38408
2025-08-28 07:25:00,234.22,234.22,234.03,234.04,57901
2025-08-28 07:30:00,234.04,234.14,233.94,234.0,57492
2025-08-28 07:35:00,234.0,234.07,233.82,233.94,49559
2025-08-28 07:40:00,233.94,234.0,233.86,234.0,32005
2025-08-28 07:45:00,233.99,234.0,233.88,233.95,27578
2025-08-28 07:50:00,233.9,233.97,233.84,233.87,60946
2025-08-28 07:55:00,233.87,233.97,233.79,233.91,52851
2025-08-28 08:00:00,233.91,233.95,233.65,233.7,47983
2025-08-28 08:05:00,233.65,233.74,233.42,233.45,84608
2025-08-28 08:10:00,233.44,233.5,233.11,233.35,100096
2025-08-28 08:15:00,233.39,233.46,233.21,233.25,77134
2025-08-28 08:20:00,233.26,233.38,233.01,233.07,55168
2025-08-28 08:25:00,233.07,233.16,232.97,233.13,86604
2025-08-28 08:30:00,233.08,233.37,233.08,233.19,42397
2025-08-28 08:35:00,233.15,233.39,233.15,233.29,49043
2025-08-28 08:40:00,233.29,233.9,233.27,233.84,128958
2025-08-28 08:45:00,233.74,233.9,233.7,233.73,88817
2025-08-28 08:50:00,233.7,233.88,233.67,233.76,45707
2025-08-28 08:55:00,233.75,233.98,233.56,233.89,195593
2025-08-28 09:00:00,233.89,234.08,233.39,233.49,93093
2025-08-28 09:05:00,233.49,234.05,233.45,234.0,278241
2025-08-28 09:10:00,233.94,234.28,233.94,234.09,573794
2025-08-28 09:15:00,234.09,234.15,233.79,233.96,646723
2025-08-28 09:20:00,233.96,234.07,233.74,233.95,525723
2025-08-28 09:25:00,233.95,234.05,233.57,233.96,553660
2025-08-28 09:30:00,233.95,234.25,233.57,234.08,662694
2025-08-28 09:35:00,234.09,234.21,233.57,233.64,609313
2025-08-28 09:40:00,233.6,233.71,232.57,232.74,343314
2025-08-28 09:45:00,232.73,232.76,232.38,232.54,427934
2025-08-28 09:50:00,232.56,232.99,232.56,232.94,290372
2025-08-28 09:55:00,232.95,234.23,232.8,234.17,227220
2025-08-29 03:45:00,233.39,233.94,232.78,232.83,139403
2025-08-29 03:50:00,233.0,233.26,232.3,232.81,84690
2025-08-29 03:55:00,232.79,232.79,231.9,232.1,98285
2025-08-29 04:00:00,232.1,232.1,231.51,231.51,63843
2025-08-29 04:05:00,231.53,231.94,231.33,231.69,157988
2025-08-29 04:10:00,231.68,231.95,231.56,231.56,69809
2025-08-29 04:15:00,231.56,231.69,231.36,231.36,117450
2025-08-29 04:20:00,231.4,231.65,231.4,231.52,126613
2025-08-29 04:25:00,231.52,232.0,231.5,231.83,75311
2025-08-29 04:30:00,231.83,232.0,231.75,231.75,42689
2025-08-29 04:35:00,231.77,231.95,231.54,231.6,38965
2025-08-29 04:40:00,231.65,231.75,231.45,231.55,49764
2025-08-29 04:45:00,231.55,232.08,231.5,232.0,141949
2025-08-29 04:50:00,232.0,232.1,231.9,232.08,225932
2025-08-29 04:55:00,232.12,232.23,231.65,231.75,134885
2025-08-29 05:00:00,231.85,232.35,231.79,232.11,90529
2025-08-29 05:05:00,232.1,232.34,232.1,232.2,132727
2025-08-29 05:10:00,232.25,232.42,232.2,232.37,65423
2025-08-29 05:15:00,232.37,232.66,232.31,232.5,71275
2025-08-29 05:20:00,232.5,232.6,232.31,232.5,280803
2025-08-29 05:25:00,232.5,232.53,232.4,232.5,147391
2025-08-29 05:30:00,232.51,233.05,232.5,232.98,70028
2025-08-29 05:35:00,232.96,233.07,232.6,232.9,192255
2025-08-29 05:40:00,232.94,233.13,232.85,232.85,33074
2025-08-29 05:45:00,232.88,232.89,232.64,232.67,36788
2025-08-29 05:50:00,232.65,232.7,232.4,232.41,42373
2025-08-29 05:55:00,232.4,232.91,232.4,232.86,50629
2025-08-29 06:00:00,232.8,232.91,232.52,232.67,38834
2025-08-29 06:05:00,232.67,232.75,232.65,232.68,64520
2025-08-29 06:10:00,232.68,233.0,232.68,232.83,66386
2025-08-29 06:15:00,232.83,232.99,232.8,232.85,56746
2025-08-29 06:20:00,232.85,233.05,232.85,233.0,73709
2025-08-29 06:25:00,233.01,233.1,232.81,232.87,155098
2025-08-29 06:30:00,232.87,232.89,232.8,232.81,34239
2025-08-29 06:35:00,232.8,233.0,232.72,232.76,67371
2025-08-29 06:40:00,232.76,233.05,232.71,232.97,35248
2025-08-29 06:45:00,232.97,233.18,232.9,233.03,44566
2025-08-29 06:50:00,233.03,233.05,232.9,232.9,22510
2025-08-29 06:55:00,232.9,233.0,232.86,232.9,24883
2025-08-29 07:00:00,232.9,232.91,232.9,232.9,44885
2025-08-29 07:05:00,232.91,233.0,232.59,232.59,73374
2025-08-29 07:10:00,232.56,233.0,232.56,232.9,58852
2025-08-29 07:15:00,232.93,233.27,232.89,233.26,85911
2025-08-29 07:20:00,233.26,233.4,233.18,233.29,94781
2025-08-29 07:25:00,233.29,233.45,233.21,233.4,198784
2025-08-29 07:30:00,233.4,233.47,233.21,233.21,115921
2025-08-29 07:35:00,233.21,233.49,233.21,233.42,86893
2025-08-29 07:40:00,233.4,233.49,233.4,233.4,23639
2025-08-29 07:45:00,233.43,233.43,233.37,233.42,63586
2025-08-29 07:50:00,233.4,233.45,233.37,233.4,34403
2025-08-29 07:55:00,233.4,233.5,233.4,233.47,42579
2025-08-29 08:00:00,233.5,233.5,233.4,233.4,27484
2025-08-29 08:05:00,233.4,233.45,233.3,233.3,28033
2025-08-29 08:10:00,233.3,233.54,233.3,233.51,140874
2025-08-29 08:15:00,233.5,233.53,233.5,233.51,99066
2025-08-29 08:20:00,233.5,234.08,233.5,233.76,246930
2025-08-29 08:25:00,233.76,233.91,233.6,233.78,169086
2025-08-29 08:30:00,233.84,233.93,233.7,233.71,101541
2025-08-29 08:35:00,233.71,233.85,233.6,233.6,84723
2025-08-29 08:40:00,233.61,233.99,233.5,233.99,149000
2025-08-29 08:45:00,233.97,234.05,233.72,234.0,290360
2025-08-29 08:50:00,233.91,234.1,233.55,233.57,152724
2025-08-29 08:55:00,233.55,234.0,233.18,233.62,277683
2025-08-29 09:00:00,233.62,233.67,233.3,233.42,63285
2025-08-29 09:05:00,233.42,233.65,233.25,233.46,256052
2025-08-29 09:10:00,233.46,233.47,233.25,233.39,114347
2025-08-29 09:15:00,233.45,233.5,233.21,233.46,162358
2025-08-29 09:20:00,233.49,233.6,233.43,233.5,231528
2025-08-29 09:25:00,233.5,233.65,233.4,233.62,349817
2025-08-29 09:30:00,233.62,233.64,233.37,233.5,204123
2025-08-29 09:35:00,233.48,235.37,233.38,233.47,1228517
2025-08-29 09:40:00,233.47,233.54,233.25,233.25,216714
2025-08-29 09:45:00,233.27,233.46,233.22,233.45,220509
2025-08-29 09:50:00,233.46,233.54,233.41,233.54,302454
2025-08-29 09:55:00,233.55,233.56,233.0,233.36,422712
2025-09-01 03:45:00,234.0,234.36,233.07,234.33,129788
2025-09-01 03:50:00,234.36,234.7,234.08,234.48,59044
2025-09-01 03:55:00,234.48,234.79,234.34,234.7,22544
2025-09-01 04:00:00,234.63,234.63,234.31,234.47,39418
2025-09-01 04:05:00,234.45,234.6,234.41,234.45,25198
2025-09-01 04:10:00,234.45,235.12,234.41,235.09,47000
2025-09-01 04:15:00,235.09,235.27,234.91,235.13,42182
2025-09-01 04:20:00,235.25,235.4,235.01,235.4,25265
2025-09-01 04:25:00,235.4,235.49,235.03,235.05,33579
2025-09-01 04:30:00,235.1,235.2,234.91,235.06,18572
2025-09-01 04:35:00,235.06,235.1,234.85,234.96,26132
2025-09-01 04:40:00,234.94,234.96,234.75,234.86,19358
2025-09-01 04:45:00,234.86,234.86,234.68,234.79,9204
2025-09-01 04:50:00,234.71,234.99,234.71,234.97,30882
2025-09-01 04:55:00,234.97,235.2,234.96,235.06,33892
2025-09-01 05:00:00,235.11,235.2,234.7,234.77,31737
2025-09-01 05:05:00,234.79,235.17,234.79,235.09,94924
2025-09-01 05:10:00,235.09,235.14,235.0,235.1,14959
2025-09-01 05:15:00,235.12,235.17,235.04,235.07,6557
2025-09-01 05:20:00,235.15,235.45,235.04,235.36,24341
2025-09-01 05:25:00,235.37,235.6,235.32,235.6,32644
2025-09-01 05:30:00,235.7,235.75,235.56,235.61,18932
2025-09-01 05:35:00,235.61,235.61,235.29,235.48,16492
2025-09-01 05:40:00,235.49,235.6,235.39,235.52,10816
2025-09-01 05:45:00,235.52,235.69,235.51,235.6,17031
2025-09-01 05:50:00,235.6,235.89,235.58,235.8,24797
2025-09-01 05:55:00,235.8,236.14,235.69,236.0,129527
2025-09-01 06:00:00,236.05,236.16,236.03,236.11,18015
2025-09-01 06:05:00,236.11,236.16,236.0,236.16,17399
2025-09-01 06:10:00,236.15,236.19,236.05,236.07,16812
2025-09-01 06:15:00,236.14,236.14,235.85,236.1,128051
2025-09-01 06:20:00,236.1,236.23,236.05,236.1,15831
2025-09-01 06:25:00,236.11,236.24,236.05,236.14,11756
2025-09-01 06:30:00,236.14,236.37,236.14,236.34,22735
2025-09-01 06:35:00,236.34,236.35,236.17,236.27,12905
2025-09-01 06:40:00,236.27,236.39,236.21,236.35,22358
2025-09-01 06:45:00,236.32,236.36,236.1,236.18,11174
2025-09-01 06:50:00,236.18,236.18,236.1,236.18,6472
2025-09-01 06:55:00,236.18,236.39,236.18,236.29,16380
2025-09-01 07:00:00,236.29,236.3,236.15,236.25,6581
2025-09-01 07:05:00,236.25,236.35,236.19,236.35,10205
2025-09-01 07:10:00,236.33,236.44,236.17,236.23,12204
2025-09-01 07:15:00,236.22,236.28,236.11,236.14,9807
2025-09-01 07:20:00,236.22,236.25,236.0,236.04,14300
2025-09-01 07:25:00,236.1,236.15,236.02,236.1,7649
2025-09-01 07:30:00,236.06,236.18,236.03,236.03,5739
2025-09-01 07:35:00,236.05,236.2,236.0,236.08,19730
2025-09-01 07:40:00,236.08,236.11,235.64,235.79,65870
2025-09-01 07:45:00,235.75,235.79,235.65,235.65,11728
2025-09-01 07:50:00,235.67,235.67,235.55,235.61,15145
2025-09-01 07:55:00,235.61,236.08,235.41,236.0,127934
2025-09-01 08:00:00,236.0,236.1,235.77,236.09,100967
2025-09-01 08:05:00,236.1,236.27,236.0,236.09,20041
2025-09-01 08:10:00,236.09,236.79,236.05,236.51,331380
2025-09-01 08:15:00,236.49,237.13,236.42,237.09,450149
2025-09-01 08:20:00,237.03,237.09,236.8,237.03,174454
2025-09-01 08:25:00,237.03,237.05,236.78,236.93,215269
2025-09-01 08:30:00,236.87,237.2,236.85,237.18,90535
2025-09-01 08:35:00,237.18,237.2,236.98,237.17,28734
2025-09-01 08:40:00,237.17,237.33,237.14,237.2,31686
2025-09-01 08:45:00,237.31,237.48,237.19,237.33,50890
2025-09-01 08:50:00,237.32,237.34,237.02,237.26,62638
2025-09-01 08:55:00,237.26,237.4,237.2,237.27,28659
2025-09-01 09:00:00,237.27,237.6,237.21,237.59,47094
2025-09-01 09:05:00,237.52,237.6,237.35,237.44,20725
2025-09-01 09:10:00,237.44,237.61,237.34,237.61,33432
2025-09-01 09:15:00,237.57,237.99,237.57,237.8,47944
2025-09-01 09:20:00,237.8,238.08,237.76,237.94,49443
2025-09-01 09:25:00,237.93,238.17,237.93,238.13,79444
2025-09-01 09:30:00,238.08,238.7,238.08,238.46,131676
2025-09-01 09:35:00,238.5,238.9,238.4,238.75,212707
2025-09-01 09:40:00,238.76,238.88,238.56,238.59,117349
2025-09-01 09:45:00,238.69,238.8,238.51,238.79,123548
2025-09-01 09:50:00,238.76,238.99,238.75,238.99,188463
2025-09-01 09:55:00,239.0,239.19,238.93,238.99,133668
2025-09-02 03:45:00,238.75,238.75,237.4,238.64,169716
2025-09-02 03:50:00,238.64,238.86,238.11,238.33,55616
2025-09-02 03:55:00,238.33,239.14,238.33,238.9,92746
2025-09-02 04:00:00,238.9,239.55,238.75,239.5,81493
2025-09-02 04:05:00,239.5,240.24,239.5,240.0,226307
2025-09-02 04:10:00,240.0,240.43,239.81,240.1,105210
2025-09-02 04:15:00,240.16,240.69,240.02,240.4,63463
2025-09-02 04:20:00,240.34,240.59,240.18,240.35,68562
2025-09-02 04:25:00,240.35,241.57,240.19,241.45,227492
2025-09-02 04:30:00,241.54,241.84,241.21,241.5,125535
2025-09-02 04:35:00,241.5,241.6,241.2,241.43,71091
2025-09-02 04:40:00,241.45,241.7,241.17,241.38,60941
2025-09-02 04:45:00,241.35,241.9,241.33,241.59,96020
2025-09-02 04:50:00,241.47,242.0,241.34,241.55,125936
2025-09-02 04:55:00,241.55,242.0,241.45,242.0,228115
2025-09-02 05:00:00,241.91,242.0,241.29,241.4,60872
2025-09-02 05:05:00,241.35,241.89,241.35,241.8,34455
2025-09-02 05:10:00,241.8,242.0,241.73,241.92,75519
2025-09-02 05:15:00,241.94,242.0,241.85,241.95,25346
2025-09-02 05:20:00,241.92,242.12,241.75,241.99,115603
2025-09-02 05:25:00,242.0,242.43,241.92,242.11,249953
2025-09-02 05:30:00,242.14,242.5,242.1,242.13,163603
2025-09-02 05:35:00,242.13,242.2,241.82,242.08,44032
2025-09-02 05:40:00,242.1,242.1,241.8,241.86,132534
2025-09-02 05:45:00,241.76,241.9,241.34,241.44,178288
2025-09-02 05:50:00,241.38,241.79,241.38,241.66,72538
2025-09-02 05:55:00,241.63,241.95,241.62,241.95,57755
2025-09-02 06:00:00,241.95,242.24,241.81,242.2,64367
2025-09-02 06:05:00,242.11,242.2,241.9,242.05,34006
2025-09-02 06:10:00,242.05,242.15,241.97,242.02,28697
2025-09-02 06:15:00,242.04,242.14,241.9,241.99,23104
2025-09-02 06:20:00,241.99,242.0,241.85,241.98,38383
2025-09-02 06:25:00,241.99,242.2,241.85,241.94,48654
2025-09-02 06:30:00,241.94,242.2,241.85,242.06,43859
2025-09-02 06:35:00,242.14,242.2,241.99,242.03,22540
2025-09-02 06:40:00,242.03,242.08,241.88,242.0,18504
2025-09-02 06:45:00,241.96,242.05,241.9,241.93,20171
2025-09-02 06:50:00,241.94,241.94,241.62,241.66,32872
2025-09-02 06:55:00,241.66,241.94,241.66,241.92,49565
2025-09-02 07:00:00,241.92,242.04,241.88,241.98,73606
2025-09-02 07:05:00,241.98,242.0,241.95,242.0,165171
2025-09-02 07:10:00,241.99,242.0,241.71,241.79,35556
2025-09-02 07:15:00,241.79,241.8,241.47,241.61,38801
2025-09-02 07:20:00,241.61,241.65,241.51,241.64,19740
2025-09-02 07:25:00,241.63,241.69,241.4,241.57,30338
2025-09-02 07:30:00,241.57,241.62,241.41,241.54,16155
2025-09-02 07:35:00,241.46,241.55,241.3,241.39,27138
2025-09-02 07:40:00,241.39,241.55,241.17,241.48,35693
2025-09-02 07:45:00,241.54,241.62,241.14,241.33,34487
2025-09-02 07:50:00,241.31,241.33,240.7,240.77,66349
2025-09-02 07:55:00,240.77,240.99,240.58,240.72,49194
2025-09-02 08:00:00,240.7,241.17,240.61,240.78,65994
2025-09-02 08:05:00,240.78,240.95,240.69,240.93,32815
2025-09-02 08:10:00,240.95,240.95,240.25,240.3,39613
2025-09-02 08:15:00,240.34,240.35,240.12,240.3,35743
2025-09-02 08:20:00,240.24,240.35,239.95,240.0,52012
2025-09-02 08:25:00,240.0,240.0,239.5,239.53,77649
2025-09-02 08:30:00,239.63,239.67,239.1,239.17,89163
2025-09-02 08:35:00,239.17,239.57,238.81,239.42,156499
2025-09-02 08:40:00,239.36,239.68,239.2,239.3,75303
2025-09-02 08:45:00,239.33,239.54,239.2,239.46,42967
2025-09-02 08:50:00,239.5,239.95,239.4,239.42,142926
2025-09-02 08:55:00,239.47,239.48,239.06,239.39,73615
2025-09-02 09:00:00,239.29,239.57,239.1,239.29,41776
2025-09-02 09:05:00,239.38,239.89,239.29,239.77,109477
2025-09-02 09:10:00,239.81,239.81,239.46,239.66,51569
2025-09-02 09:15:00,239.66,239.83,239.43,239.57,44669
2025-09-02 09:20:00,239.55,239.67,239.26,239.34,102310
2025-09-02 09:25:00,239.33,239.4,239.11,239.26,69993
2025-09-02 09:30:00,239.26,239.49,239.21,239.49,43422
2025-09-02 09:35:00,239.46,239.63,239.4,239.5,93184
2025-09-02 09:40:00,239.47,239.64,239.3,239.43,119006
2025-09-02 09:45:00,239.42,239.6,239.32,239.55,97638
2025-09-02 09:50:00,239.53,239.57,239.4,239.45,111429
2025-09-02 09:55:00,239.43,239.78,239.35,239.76,125417
2025-09-03 03:45:00,239.5,241.63,239.5,241.18,392466
2025-09-03 03:50:00,241.1,241.8,240.82,241.74,110175
2025-09-03 03:55:00,241.68,241.94,241.45,241.56,166144
2025-09-03 04:00:00,241.69,241.69,240.77,240.93,103430
2025-09-03 04:05:00,240.94,241.0,240.45,240.45,67979
2025-09-03 04:10:00,240.46,240.46,240.04,240.22,91484
2025-09-03 04:15:00,240.22,240.4,240.15,240.25,33412
2025-09-03 04:20:00,240.26,240.5,240.2,240.4,25100
2025-09-03 04:25:00,240.4,240.94,240.4,240.72,53679
2025-09-03 04:30:00,240.72,240.84,240.52,240.72,23687
2025-09-03 04:35:00,240.72,241.14,240.56,240.69,39918
2025-09-03 04:40:00,240.69,240.75,240.5,240.67,19037
2025-09-03 04:45:00,240.67,240.96,240.65,240.95,17701
2025-09-03 04:50:00,240.95,240.95,240.67,240.78,20430
2025-09-03 04:55:00,240.78,240.78,240.61,240.7,8799
2025-09-03 05:00:00,240.7,240.85,240.59,240.77,7829
2025-09-03 05:05:00,240.77,240.85,240.21,240.27,34940
2025-09-03 05:10:00,240.27,240.3,240.16,240.16,16320
2025-09-03 05:15:00,240.17,240.28,239.95,240.28,65458
2025-09-03 05:20:00,240.3,240.69,240.3,240.51,20108
2025-09-03 05:25:00,240.51,240.7,240.45,240.68,21681
2025-09-03 05:30:00,240.7,240.81,240.42,240.64,19406
2025-09-03 05:35:00,240.64,240.84,240.37,240.72,59124
2025-09-03 05:40:00,240.76,240.82,240.61,240.7,21006
2025-09-03 05:45:00,240.67,240.74,240.38,240.56,30451
2025-09-03 05:50:00,240.64,240.74,240.12,240.23,36126
2025-09-03 05:55:00,240.23,240.23,240.08,240.22,21594
2025-09-03 06:00:00,240.13,240.22,240.0,240.09,14733
2025-09-03 06:05:00,240.06,240.19,240.02,240.17,20772
2025-09-03 06:10:00,240.19,240.29,240.1,240.16,19525
2025-09-03 06:15:00,240.16,240.18,239.84,239.99,34980
2025-09-03 06:20:00,239.99,239.99,239.8,239.8,23284
2025-09-03 06:25:00,239.83,239.99,239.8,239.96,19888
2025-09-03 06:30:00,239.96,239.99,239.7,239.94,20197
2025-09-03 06:35:00,239.95,239.99,239.81,239.99,17964
2025-09-03 06:40:00,239.98,240.25,239.8,239.92,40416
2025-09-03 06:45:00,239.88,240.07,239.82,239.96,24439
2025-09-03 06:50:00,239.96,240.08,239.82,240.05,24460
2025-09-03 06:55:00,240.05,240.08,239.43,239.46,72899
2025-09-03 07:00:00,239.46,239.72,239.44,239.49,36538
2025-09-03 07:05:00,239.62,239.63,239.44,239.55,26069
2025-09-03 07:10:00,239.5,239.55,239.02,239.4,63990
2025-09-03 07:15:00,239.42,239.47,239.2,239.25,25059
2025-09-03 07:20:00,239.25,239.55,239.17,239.45,19225
2025-09-03 07:25:00,239.45,239.5,239.23,239.4,16622
2025-09-03 07:30:00,239.39,239.41,238.6,239.0,101586
2025-09-03 07:35:00,239.0,239.09,238.86,239.05,17639
2025-09-03 07:40:00,239.0,239.17,238.81,239.07,15748
2025-09-03 07:45:00,239.07,239.12,238.97,239.03,7536
2025-09-03 07:50:00,239.11,239.21,238.8,238.9,30105
2025-09-03 07:55:00,238.92,238.97,238.8,238.97,12866
2025-09-03 08:00:00,238.95,238.99,238.86,238.86,16872
2025-09-03 08:05:00,238.87,238.9,238.46,238.64,50171
2025-09-03 08:10:00,238.73,239.1,238.64,238.96,24039
2025-09-03 08:15:00,238.97,239.25,238.97,239.19,17884
2025-09-03 08:20:00,239.2,239.3,239.1,239.2,19269
2025-09-03 08:25:00,239.2,239.49,239.13,239.42,26586
2025-09-03 08:30:00,239.42,239.5,239.21,239.21,80664
2025-09-03 08:35:00,239.25,239.31,239.06,239.24,31655
2025-09-03 08:40:00,239.24,239.45,238.91,239.02,46413
2025-09-03 08:45:00,238.93,239.0,238.74,238.9,22601
2025-09-03 08:50:00,238.9,238.95,238.6,238.74,69311
2025-09-03 08:55:00,238.74,238.97,238.55,238.89,125108
2025-09-03 09:00:00,238.89,239.07,238.6,238.65,76474
2025-09-03 09:05:00,238.7,238.81,238.6,238.72,28202
2025-09-03 09:10:00,238.64,238.79,238.61,238.65,25033
2025-09-03 09:15:00,238.65,238.7,238.6,238.69,35461
2025-09-03 09:20:00,238.69,238.7,238.5,238.6,77678
2025-09-03 09:25:00,238.6,238.68,238.51,238.6,111841
2025-09-03 09:30:00,238.65,239.25,238.61,239.2,236711
2025-09-03 09:35:00,239.11,239.24,239.08,239.19,161231
2025-09-03 09:40:00,239.2,239.2,238.9,238.94,222149
2025-09-03 09:45:00,238.94,239.2,238.88,239.02,255766
2025-09-03 09:50:00,239.08,239.44,239.02,239.31,223300
2025-09-03 09:55:00,239.34,239.36,239.01,239.15,143144
2025-09-04 03:45:00,239.07,239.35,236.61,237.06,356806
2025-09-04 03:50:00,237.05,237.05,236.36,236.88,146887
2025-09-04 03:55:00,236.8,237.48,236.75,237.16,137211
2025-09-04 04:00:00,237.11,237.99,237.11,237.98,83716
2025-09-04 04:05:00,237.98,237.98,237.2,237.37,63440
2025-09-04 04:10:00,237.36,237.5,237.12,237.2,51579
2025-09-04 04:15:00,237.19,237.35,236.91,237.3,86742
2025-09-04 04:20:00,237.33,237.45,237.04,237.04,46737
2025-09-04 04:25:00,237.04,237.07,236.18,236.25,429140
2025-09-04 04:30:00,236.25,236.48,236.11,236.38,136931
2025-09-04 04:35:00,236.45,236.5,236.3,236.32,60195
2025-09-04 04:40:00,236.32,236.77,236.26,236.71,55563
2025-09-04 04:45:00,236.7,236.99,236.65,236.82,48688
2025-09-04 04:50:00,236.83,237.07,236.75,236.99,89904
2025-09-04 04:55:00,237.0,237.07,236.88,236.88,29208
2025-09-04 05:00:00,236.88,237.4,236.85,237.32,78341
2025-09-04 05:05:00,237.24,237.29,236.76,236.83,48161
2025-09-04 05:10:00,236.83,236.89,236.62,236.66,56190
2025-09-04 05:15:00,236.66,236.78,236.62,236.75,34495
2025-09-04 05:20:00,236.75,236.77,236.65,236.71,28119
2025-09-04 05:25:00,236.74,236.83,236.69,236.8,42194
2025-09-04 05:30:00,236.8,237.16,236.8,236.92,49451
2025-09-04 05:35:00,236.93,236.97,236.75,236.8,25233
2025-09-04 05:40:00,236.8,236.92,236.76,236.88,23253
2025-09-04 05:45:00,236.83,236.91,236.75,236.9,23081
2025-09-04 05:50:00,236.9,236.9,236.65,236.72,16514
2025-09-04 05:55:00,236.72,236.8,236.66,236.77,29886
2025-09-04 06:00:00,236.77,236.79,236.76,236.79,10147
2025-09-04 06:05:00,236.79,236.86,236.63,236.81,33537
2025-09-04 06:10:00,236.81,236.81,236.72,236.79,7143
2025-09-04 06:15:00,236.79,236.79,236.7,236.73,11045
2025-09-04 06:20:00,236.73,236.74,236.66,236.73,10792
2025-09-04 06:25:00,236.73,236.78,236.72,236.78,16553
2025-09-04 06:30:00,236.78,236.86,236.74,236.86,30619
2025-09-04 06:35:00,236.86,237.34,236.82,237.18,121104
2025-09-04 06:40:00,237.2,237.3,237.12,237.25,61991
2025-09-04 06:45:00,237.29,237.54,237.22,237.3,93902
2025-09-04 06:50:00,237.28,237.28,236.74,236.99,29312
2025-09-04 06:55:00,236.99,237.08,236.91,237.07,18427
2025-09-04 07:00:00,237.07,237.19,236.95,237.01,286052
2025-09-04 07:05:00,237.02,237.02,236.72,236.8,73123
2025-09-04 07:10:00,236.8,236.95,236.76,236.93,145235
2025-09-04 07:15:00,236.93,237.16,236.79,236.87,831624
2025-09-04 07:20:00,236.87,236.89,236.7,236.87,43407
2025-09-04 07:25:00,236.87,237.0,236.76,236.97,52736
2025-09-04 07:30:00,236.97,237.0,236.76,236.85,45741
2025-09-04 07:35:00,236.86,236.87,236.61,236.61,48954
2025-09-04 07:40:00,236.76,236.78,236.56,236.69,52410
2025-09-04 07:45:00,236.58,236.8,236.35,236.56,92811
2025-09-04 07:50:00,236.57,236.61,236.1,236.13,115972
2025-09-04 07:55:00,236.15,236.48,235.9,236.33,244132
2025-09-04 08:00:00,236.33,236.42,236.14,236.25,74221
2025-09-04 08:05:00,236.25,236.29,236.01,236.21,84519
2025-09-04 08:10:00,236.1,236.31,236.08,236.27,77974
2025-09-04 08:15:00,236.27,236.49,236.17,236.42,62752
2025-09-04 08:20:00,236.42,236.5,236.21,236.31,91127
2025-09-04 08:25:00,236.31,236.4,236.16,236.3,58830
2025-09-04 08:30:00,236.25,236.4,236.18,236.4,55428
2025-09-04 08:35:00,236.4,236.4,236.15,236.27,68373
2025-09-04 08:40:00,236.27,236.34,236.1,236.17,62127
2025-09-04 08:45:00,236.25,236.25,236.0,236.14,75773
2025-09-04 08:50:00,236.11,236.2,235.56,235.7,233984
2025-09-04 08:55:00,235.61,235.8,235.48,235.55,273881
2025-09-04 09:00:00,235.55,236.14,235.43,235.79,276543
2025-09-04 09:05:00,235.79,235.97,235.7,235.8,80678
2025-09-04 09:10:00,235.8,236.4,235.63,236.39,167753
2025-09-04 09:15:00,236.39,236.39,236.07,236.2,94814
2025-09-04 09:20:00,236.2,236.31,235.92,236.0,160820
2025-09-04 09:25:00,236.01,236.14,235.8,235.93,74284
2025-09-04 09:30:00,235.93,236.25,235.86,235.92,184572
2025-09-04 09:35:00,235.92,235.99,235.8,235.88,117606
2025-09-04 09:40:00,235.91,235.97,235.53,235.6,296519
2025-09-04 09:45:00,235.6,235.64,235.46,235.6,684088
2025-09-04 09:50:00,235.6,236.15,235.56,236.12,543967
2025-09-04 09:55:00,236.11,236.16,235.9,236.01,122933
2025-09-05 03:45:00,235.75,237.16,235.75,236.62,56449
2025-09-05 03:50:00,236.63,236.72,236.17,236.27,29838
2025-09-05 03:55:00,236.27,236.4,236.27,236.3,17775
2025-09-05 04:00:00,236.3,236.57,235.9,236.18,118877
2025-09-05 04:05:00,236.19,236.19,235.82,235.82,31418
2025-09-05 04:10:00,235.82,235.92,235.6,235.78,41746
2025-09-05 04:15:00,235.81,235.86,235.5,235.6,46383
2025-09-05 04:20:00,235.6,235.77,235.6,235.75,12497
2025-09-05 04:25:00,235.75,235.82,235.17,235.18,57292
2025-09-05 04:30:00,235.22,235.4,235.02,235.19,47065
2025-09-05 04:35:00,235.15,235.26,234.62,234.64,112431
2025-09-05 04:40:00,234.64,234.8,234.3,234.44,65878
2025-09-05 04:45:00,234.51,234.51,234.2,234.36,38166
2025-09-05 04:50:00,234.35,234.67,234.27,234.66,26764
2025-09-05 04:55:00,234.74,235.08,234.6,234.92,26551
2025-09-05 05:00:00,234.96,235.1,234.8,234.91,59940
2025-09-05 05:05:00,234.91,234.91,234.71,234.88,28321
2025-09-05 05:10:00,234.85,234.99,234.81,234.91,23277
2025-09-05 05:15:00,234.91,235.08,234.76,234.76,137024
2025-09-05 05:20:00,234.76,234.91,234.75,234.78,22204
2025-09-05 05:25:00,234.78,234.97,234.76,234.85,16803
2025-09-05 05:30:00,234.94,234.99,234.71,234.93,45584
2025-09-05 05:35:00,234.91,235.12,234.83,235.05,58541
2025-09-05 05:40:00,235.05,235.37,234.97,235.27,42033
2025-09-05 05:45:00,235.27,235.31,235.05,235.31,30558
2025-09-05 05:50:00,235.31,235.34,235.0,235.12,50180
2025-09-05 05:55:00,235.02,235.11,234.9,235.08,17477
2025-09-05 06:00:00,235.01,235.14,234.73,234.73,98990
2025-09-05 06:05:00,234.83,234.95,234.33,234.33,151658
2025-09-05 06:10:00,234.43,234.45,234.22,234.26,121304
2025-09-05 06:15:00,234.26,234.34,233.93,234.06,134759
2025-09-05 06:20:00,234.06,234.51,233.92,234.15,223613
2025-09-05 06:25:00,234.15,234.18,233.96,234.09,108066
2025-09-05 06:30:00,234.09,234.09,233.79,233.95,125926
2025-09-05 06:35:00,233.95,233.99,233.68,233.72,132458
2025-09-05 06:40:00,233.72,233.8,233.2,233.59,234886
2025-09-05 06:45:00,233.59,233.62,233.34,233.49,141213
2025-09-05 06:50:00,233.49,233.58,233.32,233.43,93312
2025-09-05 06:55:00,233.34,233.49,233.18,233.46,160443
2025-09-05 07:00:00,233.49,233.49,233.11,233.31,139403
2025-09-05 07:05:00,233.31,233.31,233.01,233.2,164392
2025-09-05 07:10:00,233.21,233.49,233.03,233.18,90607
2025-09-05 07:15:00,233.2,233.31,233.05,233.2,120044
2025-09-05 07:20:00,233.21,233.33,233.06,233.32,102109
2025-09-05 07:25:00,233.32,233.55,233.13,233.5,97058
2025-09-05 07:30:00,233.51,233.6,233.06,233.22,85580
2025-09-05 07:35:00,233.24,233.4,233.1,233.28,76241
2025-09-05 07:40:00,233.28,233.6,233.16,233.6,94901
2025-09-05 07:45:00,233.6,234.02,233.49,233.98,119875
2025-09-05 07:50:00,233.98,234.19,233.84,233.96,153333
2025-09-05 07:55:00,233.94,234.39,233.91,234.26,149385
2025-09-05 08:00:00,234.37,234.37,234.1,234.35,132062
2025-09-05 08:05:00,234.28,234.63,234.18,234.5,191225
2025-09-05 08:10:00,234.45,234.67,234.26,234.61,141421
2025-09-05 08:15:00,234.57,234.85,234.45,234.5,212025
2025-09-05 08:20:00,234.51,234.66,234.4,234.62,162696
2025-09-05 08:25:00,234.57,234.68,234.41,234.6,139103
2025-09-05 08:30:00,234.54,235.06,234.5,234.74,174174
2025-09-05 08:35:00,234.69,234.86,234.46,234.85,87036
2025-09-05 08:40:00,234.81,234.85,234.62,234.72,64894
2025-09-05 08:45:00,234.63,234.85,234.6,234.67,89337
2025-09-05 08:50:00,234.66,234.75,234.26,234.46,117419
2025-09-05 08:55:00,234.46,234.5,234.23,234.4,66097
2025-09-05 09:00:00,234.31,234.48,234.13,234.17,53346
2025-09-05 09:05:00,234.17,234.33,234.01,234.09,105264
2025-09-05 09:10:00,234.09,234.23,234.05,234.1,81577
2025-09-05 09:15:00,234.12,234.24,234.02,234.03,76813
2025-09-05 09:20:00,234.04,234.2,233.81,233.95,106173
2025-09-05 09:25:00,233.89,234.18,233.89,234.0,78881
2025-09-05 09:30:00,234.02,234.13,233.85,233.87,87080
2025-09-05 09:35:00,233.85,234.09,233.85,234.06,101432
2025-09-05 09:40:00,234.01,234.2,233.91,234.0,141727
2025-09-05 09:45:00,234.01,234.12,233.91,234.03,133491
2025-09-05 09:50:00,233.95,234.6,233.95,234.58,180003
2025-09-05 09:55:00,234.58,234.6,234.29,234.6,104720
2025-09-08 03:45:00,234.13,234.98,234.13,234.36,160928
2025-09-08 03:50:00,234.27,234.66,234.0,234.02,84847
2025-09-08 03:55:00,234.02,234.16,233.9,234.05,69222
2025-09-08 04:00:00,234.11,234.36,234.1,234.21,120138
2025-09-08 04:05:00,234.24,234.28,233.55,233.85,219313
2025-09-08 04:10:00,233.85,233.98,233.7,233.85,103533
2025-09-08 04:15:00,233.85,233.95,233.76,233.89,65651
2025-09-08 04:20:00,233.89,234.26,233.89,234.02,148237
2025-09-08 04:25:00,234.02,234.29,233.87,234.0,76952
2025-09-08 04:30:00,234.09,234.17,233.97,234.02,42597
2025-09-08 04:35:00,234.13,234.3,234.01,234.1,41831
2025-09-08 04:40:00,234.11,234.4,234.1,234.14,55963
2025-09-08 04:45:00,234.1,234.22,234.0,234.05,56046
2025-09-08 04:50:00,234.07,234.09,233.83,233.85,62821
2025-09-08 04:55:00,233.83,233.97,233.71,233.72,70378
2025-09-08 05:00:00,233.71,233.71,233.17,233.3,110561
2025-09-08 05:05:00,233.3,233.47,233.25,233.35,92590
2025-09-08 05:10:00,233.35,233.4,233.17,233.21,64439
2025-09-08 05:15:00,233.18,233.35,232.93,233.17,178076
2025-09-08 05:20:00,233.07,233.22,232.9,232.9,56248
2025-09-08 05:25:00,232.91,232.95,232.5,232.69,217160
2025-09-08 05:30:00,232.69,232.91,232.69,232.79,40056
2025-09-08 05:35:00,232.79,232.8,232.11,232.34,295518
2025-09-08 05:40:00,232.36,232.94,232.34,232.94,85628
2025-09-08 05:45:00,232.94,232.98,232.72,232.82,39315
2025-09-08 05:50:00,232.85,232.98,232.72,232.84,56631
2025-09-08 05:55:00,232.84,232.84,232.58,232.65,77800
2025-09-08 06:00:00,232.63,232.7,232.4,232.48,56581
2025-09-08 06:05:00,232.48,232.52,232.3,232.38,66394
2025-09-08 06:10:00,232.36,232.43,232.3,232.35,34707
2025-09-08 06:15:00,232.35,232.45,232.33,232.35,33106
2025-09-08 06:20:00,232.36,232.48,232.33,232.45,67222
2025-09-08 06:25:00,232.4,232.49,232.3,232.31,43101
2025-09-08 06:30:00,232.35,232.48,232.15,232.47,90894
2025-09-08 06:35:00,232.48,232.69,232.43,232.57,56909
2025-09-08 06:40:00,232.56,232.7,232.42,232.53,93745
2025-09-08 06:45:00,232.48,232.61,232.41,232.46,52865
2025-09-08 06:50:00,232.51,232.72,232.41,232.67,122683
2025-09-08 06:55:00,232.67,232.7,232.63,232.65,39896
2025-09-08 07:00:00,232.65,232.76,232.51,232.7,275877
2025-09-08 07:05:00,232.7,233.69,232.62,233.66,957555
2025-09-08 07:10:00,233.61,233.7,233.32,233.42,149960
2025-09-08 07:15:00,233.42,233.66,233.29,233.31,160347
2025-09-08 07:20:00,233.4,233.47,233.3,233.4,67301
2025-09-08 07:25:00,233.33,233.69,233.31,233.37,149737
2025-09-08 07:30:00,233.37,233.41,233.2,233.25,56288
2025-09-08 07:35:00,233.25,233.3,232.87,232.92,111485
2025-09-08 07:40:00,232.89,233.25,232.89,233.24,37892
2025-09-08 07:45:00,233.25,233.3,233.12,233.15,52843
2025-09-08 07:50:00,233.23,233.3,233.15,233.28,22950
2025-09-08 07:55:00,233.28,233.29,233.15,233.29,25980
2025-09-08 08:00:00,233.3,233.3,233.18,233.26,43524
2025-09-08 08:05:00,233.3,233.3,233.11,233.15,48763
2025-09-08 08:10:00,233.15,233.29,233.04,233.12,29357
2025-09-08 08:15:00,233.07,233.11,233.0,233.02,20445
2025-09-08 08:20:00,233.02,233.09,232.91,232.91,25329
2025-09-08 08:25:00,232.95,233.09,232.91,233.01,29255
2025-09-08 08:30:00,233.05,233.1,232.95,233.0,39653
2025-09-08 08:35:00,233.0,233.09,232.9,233.08,41339
2025-09-08 08:40:00,233.1,233.1,233.0,233.1,36281
2025-09-08 08:45:00,233.09,233.15,233.05,233.14,44895
2025-09-08 08:50:00,233.18,233.22,233.05,233.07,35752
2025-09-08 08:55:00,233.1,233.15,233.01,233.05,60162
2025-09-08 09:00:00,233.06,233.08,232.79,232.89,451381
2025-09-08 09:05:00,232.8,232.9,232.8,232.84,35937
2025-09-08 09:10:00,232.84,232.87,232.63,232.68,71225
2025-09-08 09:15:00,232.7,232.7,232.32,232.49,283588
2025-09-08 09:20:00,232.49,232.63,232.45,232.5,63385
2025-09-08 09:25:00,232.5,232.7,232.49,232.7,31063
2025-09-08 09:30:00,232.7,232.7,232.06,232.09,160204
2025-09-08 09:35:00,232.09,232.43,232.08,232.29,152597
2025-09-08 09:40:00,232.28,232.55,232.28,232.49,217506
2025-09-08 09:45:00,232.49,232.64,232.37,232.61,198174
2025-09-08 09:50:00,232.61,232.8,232.6,232.8,626727
2025-09-08 09:55:00,232.82,232.91,232.5,232.7,150932
2025-09-09 03:45:00,232.53,233.41,232.53,232.84,170703
2025-09-09 03:50:00,232.98,233.19,232.83,232.92,95542
2025-09-09 03:55:00,232.83,232.86,232.51,232.58,97314
2025-09-09 04:00:00,232.58,232.88,232.34,232.47,76674
2025-09-09 04:05:00,232.46,232.85,232.3,232.8,77634
2025-09-09 04:10:00,232.79,233.5,232.06,233.3,304859
2025-09-09 04:15:00,233.3,233.58,233.22,233.54,127582
2025-09-09 04:20:00,233.56,234.16,233.49,234.01,141300
2025-09-09 04:25:00,234.01,234.02,233.53,233.98,52322
2025-09-09 04:30:00,233.98,234.17,233.88,234.05,84408
2025-09-09 04:35:00,234.06,234.59,234.04,234.56,105777
2025-09-09 04:40:00,234.5,234.55,234.01,234.01,50960
2025-09-09 04:45:00,234.03,234.03,233.25,233.67,110298
2025-09-09 04:50:00,233.62,233.69,233.5,233.64,28321
2025-09-09 04:55:00,233.61,233.65,233.32,233.43,63998
2025-09-09 05:00:00,233.34,233.53,233.32,233.46,38054
2025-09-09 05:05:00,233.42,233.45,233.3,233.31,37857
2025-09-09 05:10:00,233.32,233.44,233.16,233.21,60932
2025-09-09 05:15:00,233.21,233.28,233.07,233.18,50529
2025-09-09 05:20:00,233.18,233.29,233.16,233.19,51507
2025-09-09 05:25:00,233.16,233.34,233.07,233.27,52915
2025-09-09 05:30:00,233.27,233.45,233.2,233.24,83531
2025-09-09 05:35:00,233.24,233.28,233.06,233.11,43992
2025-09-09 05:40:00,233.11,233.21,232.95,233.0,112735
2025-09-09 05:45:00,232.97,233.0,232.86,232.91,97541
2025-09-09 05:50:00,232.97,233.03,232.91,232.99,270395
2025-09-09 05:55:00,232.96,233.04,232.8,232.99,204818
2025-09-09 06:00:00,232.98,233.25,232.81,233.06,407143
2025-09-09 06:05:00,233.08,233.29,232.9,233.08,318574
2025-09-09 06:10:00,233.08,233.29,232.96,233.13,320176
2025-09-09 06:15:00,233.13,233.19,232.93,232.96,200986
2025-09-09 06:20:00,233.0,233.01,232.7,232.79,262390
2025-09-09 06:25:00,232.7,232.8,232.3,232.45,280802
2025-09-09 06:30:00,232.45,232.55,232.05,232.06,178596
2025-09-09 06:35:00,232.1,232.23,231.64,231.7,250037
2025-09-09 06:40:00,231.73,232.29,231.6,232.15,217417
2025-09-09 06:45:00,232.15,232.56,232.1,232.38,148442
2025-09-09 06:50:00,232.38,232.52,232.29,232.43,185444
2025-09-09 06:55:00,232.44,232.5,232.25,232.35,132009
2025-09-09 07:00:00,232.35,232.43,232.13,232.19,95611
2025-09-09 07:05:00,232.19,232.4,232.1,232.3,171942
2025-09-09 07:10:00,232.29,232.29,232.06,232.17,164575
2025-09-09 07:15:00,232.17,232.28,231.86,231.99,388886
2025-09-09 07:20:00,232.0,232.01,231.73,231.83,172539
2025-09-09 07:25:00,231.85,232.0,231.66,231.93,133678
2025-09-09 07:30:00,231.98,232.0,231.62,231.7,175620
2025-09-09 07:35:00,231.7,231.89,231.51,231.66,121754
2025-09-09 07:40:00,231.62,231.73,231.32,231.38,168185
2025-09-09 07:45:00,231.53,231.57,231.26,231.45,142971
2025-09-09 07:50:00,231.36,231.66,231.25,231.51,150186
2025-09-09 07:55:00,231.51,231.69,231.45,231.48,163650
2025-09-09 08:00:00,231.59,231.8,231.54,231.75,149026
2025-09-09 08:05:00,231.75,231.84,231.35,231.5,212543
2025-09-09 08:10:00,231.5,231.52,231.31,231.38,140528
2025-09-09 08:15:00,231.39,231.52,231.2,231.34,136444
2025-09-09 08:20:00,231.37,231.47,231.08,231.19,139711
2025-09-09 08:25:00,231.19,231.5,231.18,231.29,148916
2025-09-09 08:30:00,231.29,231.51,231.14,231.49,54868
2025-09-09 08:35:00,231.49,231.55,231.3,231.3,71882
2025-09-09 08:40:00,231.32,231.45,231.08,231.12,110756
2025-09-09 08:45:00,231.13,231.3,231.1,231.15,58041
2025-09-09 08:50:00,231.21,231.28,231.1,231.11,63150
2025-09-09 08:55:00,231.18,231.44,231.11,231.23,118767
2025-09-09 09:00:00,231.23,231.44,231.23,231.36,46947
2025-09-09 09:05:00,231.38,231.51,231.05,231.31,389717
2025-09-09 09:10:00,231.23,231.31,231.0,231.0,142808
2025-09-09 09:15:00,231.0,231.1,230.76,231.0,193580
2025-09-09 09:20:00,231.0,231.33,230.94,231.3,102665
2025-09-09 09:25:00,231.28,231.29,230.89,231.0,105927
2025-09-09 09:30:00,230.99,231.17,230.82,230.99,194774
2025-09-09 09:35:00,230.99,231.29,230.9,231.21,276926
2025-09-09 09:40:00,231.21,231.48,231.18,231.35,264555
2025-09-09 09:45:00,231.32,231.44,231.29,231.39,347869
2025-09-09 09:50:00,231.4,231.75,231.15,231.7,334472
2025-09-09 09:55:00,231.69,231.9,231.67,231.8,216120
2025-09-10 03:45:00,233.0,233.04,232.21,232.66,244445
2025-09-10 03:50:00,232.65,232.85,232.5,232.6,142450
2025-09-10 03:55:00,232.6,232.7,232.4,232.68,66569
2025-09-10 04:00:00,232.69,232.76,231.84,232.01,131646
2025-09-10 04:05:00,232.08,232.08,231.83,232.0,81861
2025-09-10 04:10:00,231.99,232.54,231.96,232.53,111443
2025-09-10 04:15:00,232.47,232.58,232.3,232.48,97228
2025-09-10 04:20:00,232.51,232.54,232.28,232.34,53140
2025-09-10 04:25:00,232.35,232.45,232.2,232.3,65678
2025-09-10 04:30:00,232.3,232.45,232.18,232.45,55330
2025-09-10 04:35:00,232.45,232.59,232.32,232.54,60935
2025-09-10 04:40:00,232.54,232.78,232.45,232.67,94535
2025-09-10 04:45:00,232.67,232.75,232.31,232.32,65171
2025-09-10 04:50:00,232.3,232.46,232.12,232.15,95393
2025-09-10 04:55:00,232.15,232.41,232.09,232.3,56538
2025-09-10 05:00:00,232.3,232.52,232.22,232.3,64018
2025-09-10 05:05:00,232.3,232.3,231.79,231.83,228937
2025-09-10 05:10:00,231.78,231.91,231.7,231.88,53464
2025-09-10 05:15:00,231.85,231.91,231.78,231.84,37310
2025-09-10 05:20:00,231.84,231.96,231.75,231.9,45727
2025-09-10 05:25:00,231.91,232.0,231.9,231.98,19073
2025-09-10 05:30:00,231.99,232.0,231.9,231.99,21189
2025-09-10 05:35:00,231.94,232.0,231.91,231.95,26729
2025-09-10 05:40:00,231.95,232.0,231.8,231.87,33937
2025-09-10 05:45:00,231.87,231.97,231.63,231.65,66219
2025-09-10 05:50:00,231.68,231.91,231.6,231.84,41957
2025-09-10 05:55:00,231.88,231.9,231.81,231.82,10470
2025-09-10 06:00:00,231.82,231.88,231.81,231.81,9462
2025-09-10 06:05:00,231.82,231.82,231.0,231.4,377449
2025-09-10 06:10:00,231.41,231.56,231.33,231.41,114898
2025-09-10 06:15:00,231.49,231.49,231.24,231.32,90930
2025-09-10 06:20:00,231.29,231.45,231.25,231.35,170010
2025-09-10 06:25:00,231.35,231.53,231.33,231.38,185567
2025-09-10 06:30:00,231.38,231.47,231.37,231.39,187656
2025-09-10 06:35:00,231.4,231.72,231.39,231.6,78410
2025-09-10 06:40:00,231.6,232.0,231.59,231.96,217755
2025-09-10 06:45:00,231.94,232.05,231.93,232.0,166585
2025-09-10 06:50:00,231.99,232.09,231.94,231.96,44911
2025-09-10 06:55:00,231.96,232.07,231.88,231.96,72424
2025-09-10 07:00:00,231.97,232.06,231.84,231.99,51771
2025-09-10 07:05:00,232.02,232.25,231.88,232.11,5285548
2025-09-10 07:10:00,232.14,232.14,232.0,232.0,30181
2025-09-10 07:15:00,232.08,232.08,231.92,231.92,28440
2025-09-10 07:20:00,231.93,231.97,231.61,231.77,80183
2025-09-10 07:25:00,231.75,231.77,231.62,231.71,38540
2025-09-10 07:30:00,231.71,231.71,231.5,231.51,62684
2025-09-10 07:35:00,231.51,231.64,231.5,231.6,78063
2025-09-10 07:40:00,231.58,231.64,231.5,231.5,45012
2025-09-10 07:45:00,231.5,231.68,231.5,231.58,21088
2025-09-10 07:50:00,231.6,231.66,231.5,231.62,95208
2025-09-10 07:55:00,231.59,231.75,231.58,231.67,34322
2025-09-10 08:00:00,231.67,231.71,231.58,231.65,8775
2025-09-10 08:05:00,231.65,231.75,231.56,231.74,16526
2025-09-10 08:10:00,231.69,231.74,231.61,231.62,16313
2025-09-10 08:15:00,231.62,231.77,231.62,231.69,63268
2025-09-10 08:20:00,231.69,231.78,231.62,231.66,18472
2025-09-10 08:25:00,231.69,231.75,231.62,231.69,18825
2025-09-10 08:30:00,231.67,231.72,231.56,231.58,9280
2025-09-10 08:35:00,231.64,231.76,231.51,231.65,57133
2025-09-10 08:40:00,231.72,231.72,231.56,231.6,12395
2025-09-10 08:45:00,231.57,231.69,231.48,231.5,25791
2025-09-10 08:50:00,231.5,231.63,231.46,231.5,46843
2025-09-10 08:55:00,231.5,231.51,231.48,231.5,56151
2025-09-10 09:00:00,231.5,231.59,231.5,231.51,81891
2025-09-10 09:05:00,231.5,231.57,231.48,231.5,68643
2025-09-10 09:10:00,231.51,231.55,231.46,231.5,116957
2025-09-10 09:15:00,231.5,231.64,231.5,231.53,57759
2025-09-10 09:20:00,231.51,231.64,231.5,231.53,62915
2025-09-10 09:25:00,231.53,231.64,231.47,231.51,84956
2025-09-10 09:30:00,231.63,231.68,231.51,231.55,146720
2025-09-10 09:35:00,231.54,231.65,231.54,231.59,138189
2025-09-10 09:40:00,231.59,231.86,231.55,231.81,171283
2025-09-10 09:45:00,231.82,231.89,231.67,231.84,269165
2025-09-10 09:50:00,231.84,231.94,231.8,231.84,330696
2025-09-10 09:55:00,231.82,231.86,231.66,231.8,251598
2025-09-11 03:45:00,232.1,233.64,232.1,233.22,300430
2025-09-11 03:50:00,233.11,234.28,233.05,234.13,329019
2025-09-11 03:55:00,234.2,234.43,233.71,234.07,315023
2025-09-11 04:00:00,234.09,234.1,233.73,233.95,226507
2025-09-11 04:05:00,234.03,234.54,233.9,234.49,180006
2025-09-11 04:10:00,234.49,234.8,233.71,234.03,404583
2025-09-11 04:15:00,234.03,234.3,233.11,233.42,1592946
2025-09-11 04:20:00,233.42,233.5,233.02,233.12,441481
2025-09-11 04:25:00,233.12,233.3,233.1,233.22,115569
2025-09-11 04:30:00,233.22,233.3,232.92,233.07,232672
2025-09-11 04:35:00,233.07,233.44,233.07,233.4,97145
2025-09-11 04:40:00,233.44,233.93,233.4,233.75,118796
2025-09-11 04:45:00,233.75,233.85,233.75,233.85,45594
2025-09-11 04:50:00,233.82,234.0,233.8,233.86,108135
2025-09-11 04:55:00,233.86,234.0,233.81,233.9,58945
2025-09-11 05:00:00,233.9,234.0,233.8,233.83,97480
2025-09-11 05:05:00,233.83,234.09,233.83,233.98,297672
2025-09-11 05:10:00,234.0,234.35,233.95,234.22,209912
2025-09-11 05:15:00,234.28,235.22,234.15,234.66,338430
2025-09-11 05:20:00,234.66,234.9,234.47,234.52,76459
2025-09-11 05:25:00,234.5,234.6,234.42,234.51,54078
2025-09-11 05:30:00,234.57,234.83,234.49,234.56,102819
2025-09-11 05:35:00,234.64,234.69,234.3,234.3,49322
2025-09-11 05:40:00,234.31,234.45,234.17,234.38,43434
2025-09-11 05:45:00,234.38,234.45,234.3,234.41,36713
2025-09-11 05:50:00,234.36,234.86,234.32,234.77,389198
2025-09-11 05:55:00,234.75,235.02,234.7,234.87,220611
2025-09-11 06:00:00,234.85,234.99,234.67,234.83,117697
2025-09-11 06:05:00,234.81,234.87,234.01,234.01,149909
2025-09-11 06:10:00,234.11,234.15,233.82,233.96,86670
2025-09-11 06:15:00,233.97,234.0,233.73,233.74,70481
2025-09-11 06:20:00,233.8,233.98,233.74,233.81,41802
2025-09-11 06:25:00,233.87,233.99,233.79,233.9,24917
2025-09-11 06:30:00,233.97,234.0,233.85,233.96,23310
2025-09-11 06:35:00,233.96,233.99,233.76,233.84,73261
2025-09-11 06:40:00,233.92,233.92,233.61,233.61,80192
2025-09-11 06:45:00,233.61,233.77,233.56,233.63,95652
2025-09-11 06:50:00,233.63,233.71,233.4,233.69,125446
2025-09-11 06:55:00,233.61,233.89,233.5,233.8,113897
2025-09-11 07:00:00,233.8,233.99,233.67,233.82,114111
2025-09-11 07:05:00,233.82,233.95,233.69,233.77,98392
2025-09-11 07:10:00,233.79,233.88,233.67,233.71,91070
2025-09-11 07:15:00,233.76,233.86,233.54,233.7,114950
2025-09-11 07:20:00,233.8,234.0,233.66,233.8,102608
2025-09-11 07:25:00,233.82,234.0,233.71,233.85,108984
2025-09-11 07:30:00,233.85,234.0,233.84,233.94,78127
2025-09-11 07:35:00,233.93,234.0,233.85,233.89,53817
2025-09-11 07:40:00,233.85,233.92,233.7,233.78,40782
2025-09-11 07:45:00,233.74,233.84,233.53,233.6,58377
2025-09-11 07:50:00,233.55,233.85,233.52,233.83,59450
2025-09-11 07:55:00,233.83,233.88,233.7,233.73,62499
2025-09-11 08:00:00,233.73,233.99,233.7,233.8,70102
2025-09-11 08:05:00,233.86,233.92,233.75,233.79,49539
2025-09-11 08:10:00,233.75,233.9,233.75,233.78,46606
2025-09-11 08:15:00,233.78,233.92,233.69,233.76,49281
2025-09-11 08:20:00,233.74,233.85,233.63,233.65,46351
2025-09-11 08:25:00,233.66,233.79,233.55,233.62,46831
2025-09-11 08:30:00,233.61,233.68,233.43,233.44,81734
2025-09-11 08:35:00,233.42,233.62,233.4,233.5,59474
2025-09-11 08:40:00,233.5,233.7,233.45,233.67,49880
2025-09-11 08:45:00,233.68,233.79,233.57,233.61,46333
2025-09-11 08:50:00,233.61,233.79,233.56,233.65,42704
2025-09-11 08:55:00,233.57,233.79,233.57,233.72,47521
2025-09-11 09:00:00,233.66,233.74,233.51,233.69,144912
2025-09-11 09:05:00,233.67,233.8,233.55,233.79,94941
2025-09-11 09:10:00,233.79,233.82,233.5,233.54,54518
2025-09-11 09:15:00,233.54,233.81,233.45,233.56,95162
2025-09-11 09:20:00,233.53,233.64,233.42,233.44,75134
2025-09-11 09:25:00,233.44,233.54,233.26,233.37,213911
2025-09-11 09:30:00,233.36,234.0,233.36,233.82,152242
2025-09-11 09:35:00,233.86,233.94,233.72,233.8,121790
2025-09-11 09:40:00,233.8,233.99,233.7,233.82,225675
2025-09-11 09:45:00,233.88,233.93,233.79,233.8,186414
2025-09-11 09:50:00,233.79,233.88,233.58,233.66,357016
2025-09-11 09:55:00,233.66,233.99,233.6,233.99,218630
2025-09-12 03:45:00,234.51,235.41,234.1,235.12,390643
2025-09-12 03:50:00,235.24,235.24,234.73,234.94,99944
2025-09-12 03:55:00,234.85,234.89,234.2,234.2,173654
2025-09-12 04:00:00,234.19,234.4,234.03,234.17,68685
2025-09-12 04:05:00,234.24,234.5,234.12,234.47,28049
2025-09-12 04:10:00,234.47,234.7,234.4,234.48,50300
2025-09-12 04:15:00,234.52,234.78,234.43,234.7,47696
2025-09-12 04:20:00,234.73,234.78,234.52,234.55,48610
2025-09-12 04:25:00,234.55,234.56,234.25,234.3,33015
2025-09-12 04:30:00,234.33,234.75,234.33,234.69,37214
2025-09-12 04:35:00,234.69,234.88,234.56,234.65,32117
2025-09-12 04:40:00,234.63,234.67,234.35,234.65,24114
2025-09-12 04:45:00,234.65,234.77,234.48,234.61,17882
2025-09-12 04:50:00,234.54,234.62,234.31,234.32,13363
2025-09-12 04:55:00,234.37,234.37,234.05,234.17,70860
2025-09-12 05:00:00,234.16,234.22,233.93,233.93,104101
2025-09-12 05:05:00,233.96,234.0,233.87,234.0,26075
2025-09-12 05:10:00,234.0,234.09,233.96,233.97,28402
2025-09-12 05:15:00,233.99,234.09,233.93,234.04,56678
2025-09-12 05:20:00,234.04,234.15,233.98,234.02,30116
2025-09-12 05:25:00,234.02,234.02,233.86,233.92,17028
2025-09-12 05:30:00,233.95,233.95,233.61,233.65,55062
2025-09-12 05:35:00,233.61,233.84,233.6,233.81,51925
2025-09-12 05:40:00,233.81,233.83,233.62,233.7,19063
2025-09-12 05:45:00,233.7,234.03,233.7,233.99,35221
2025-09-12 05:50:00,234.0,234.02,233.99,234.0,18904
2025-09-12 05:55:00,233.99,234.01,233.95,234.0,31811
2025-09-12 06:00:00,234.0,234.14,233.71,234.14,87674
2025-09-12 06:05:00,234.04,234.37,234.03,234.12,52911
2025-09-12 06:10:00,234.16,234.3,234.07,234.3,41720
2025-09-12 06:15:00,234.29,234.33,233.87,233.96,125934
2025-09-12 06:20:00,233.95,234.01,233.66,233.72,86109
2025-09-12 06:25:00,233.72,233.98,233.66,233.96,39498
2025-09-12 06:30:00,233.96,233.97,233.73,233.79,26816
2025-09-12 06:35:00,233.75,233.93,233.73,233.85,30823
2025-09-12 06:40:00,233.86,233.86,233.43,233.45,64835
2025-09-12 06:45:00,233.46,233.49,233.35,233.38,37175
2025-09-12 06:50:00,233.38,233.42,233.09,233.15,127802
2025-09-12 06:55:00,233.12,233.4,233.11,233.26,34328
2025-09-12 07:00:00,233.25,233.34,233.1,233.34,41763
2025-09-12 07:05:00,233.32,233.38,233.17,233.2,24679
2025-09-12 07:10:00,233.17,233.2,232.9,232.96,85146
2025-09-12 07:15:00,232.95,233.25,232.94,233.25,46520
2025-09-12 07:20:00,233.17,233.24,232.9,232.92,84125
2025-09-12 07:25:00,232.91,233.0,232.85,232.92,62786
2025-09-12 07:30:00,232.92,233.1,232.87,232.89,40917
2025-09-12 07:35:00,232.89,232.9,232.72,232.78,57921
2025-09-12 07:40:00,232.78,232.99,232.7,232.86,41769
2025-09-12 07:45:00,232.86,233.21,232.83,233.03,79137
2025-09-12 07:50:00,233.02,233.31,233.0,233.11,63850
2025-09-12 07:55:00,233.11,233.29,233.08,233.12,50040
2025-09-12 08:00:00,233.15,233.3,233.1,233.24,57043
2025-09-12 08:05:00,233.24,233.25,233.09,233.2,47695
2025-09-12 08:10:00,233.2,233.22,233.0,233.01,46565
2025-09-12 08:15:00,233.01,233.21,232.9,233.07,75823
2025-09-12 08:20:00,233.07,233.25,232.96,233.25,43004
2025-09-12 08:25:00,233.25,233.5,233.22,233.4,87078
2025-09-12 08:30:00,233.38,233.6,233.38,233.6,60792
2025-09-12 08:35:00,233.6,233.65,233.47,233.55,71181
2025-09-12 08:40:00,233.55,233.63,233.36,233.45,58505
2025-09-12 08:45:00,233.45,233.8,233.41,233.77,59241
2025-09-12 08:50:00,233.76,233.9,233.73,233.86,67549
2025-09-12 08:55:00,233.86,233.88,233.73,233.82,55595
2025-09-12 09:00:00,233.82,233.82,233.51,233.58,70386
2025-09-12 09:05:00,233.58,233.64,233.41,233.41,100215
2025-09-12 09:10:00,233.47,233.5,233.31,233.34,93684
2025-09-12 09:15:00,233.33,233.41,233.2,233.21,95546
2025-09-12 09:20:00,233.28,233.31,233.12,233.23,94437
2025-09-12 09:25:00,233.31,233.33,233.12,233.12,105053
2025-09-12 09:30:00,233.14,233.47,233.14,233.17,473810
2025-09-12 09:35:00,233.16,233.22,233.14,233.18,194534
2025-09-12 09:40:00,233.19,233.42,233.17,233.29,215844
2025-09-12 09:45:00,233.3,233.43,233.26,233.33,365129
2025-09-12 09:50:00,233.34,233.41,233.23,233.34,235040
2025-09-12 09:55:00,233.33,233.35,233.03,233.2,250723
2025-09-15 03:45:00,233.15,234.01,233.13,233.56,104416
2025-09-15 03:50:00,233.62,233.91,233.57,233.83,31440
2025-09-15 03:55:00,233.76,234.19,233.75,234.04,39884
2025-09-15 04:00:00,234.03,234.14,233.15,233.17,101202
2025-09-15 04:05:00,233.17,233.25,232.56,232.65,232269
2025-09-15 04:10:00,232.65,232.85,232.62,232.7,120437
2025-09-15 04:15:00,232.7,233.0,232.67,232.91,71589
2025-09-15 04:20:00,232.91,233.18,232.89,233.15,98076
2025-09-15 04:25:00,233.15,233.22,232.84,232.85,137277
2025-09-15 04:30:00,232.9,232.9,232.68,232.76,94767
2025-09-15 04:35:00,232.81,232.81,232.36,232.5,164946
2025-09-15 04:40:00,232.44,232.6,232.27,232.45,124812
2025-09-15 04:45:00,232.54,232.8,232.45,232.56,84377
2025-09-15 04:50:00,232.56,232.79,232.53,232.61,41640
2025-09-15 04:55:00,232.61,232.77,232.55,232.59,65950
2025-09-15 05:00:00,232.64,232.84,232.64,232.76,27247
2025-09-15 05:05:00,232.75,232.93,232.7,232.92,134077
2025-09-15 05:10:00,232.86,232.97,232.77,232.86,65562
2025-09-15 05:15:00,232.86,232.96,232.75,232.75,62601
2025-09-15 05:20:00,232.75,232.85,232.59,232.77,88068
2025-09-15 05:25:00,232.77,232.85,232.61,232.76,52577
2025-09-15 05:30:00,232.83,232.93,232.76,232.86,33068
2025-09-15 05:35:00,232.88,233.09,232.8,232.9,133670
2025-09-15 05:40:00,232.98,232.99,232.67,232.71,134428
2025-09-15 05:45:00,232.75,232.8,232.35,232.49,111115
2025-09-15 05:50:00,232.44,232.6,232.4,232.54,33966
2025-09-15 05:55:00,232.54,232.69,232.46,232.57,66444
2025-09-15 06:00:00,232.57,232.69,232.5,232.62,27227
2025-09-15 06:05:00,232.62,232.77,232.61,232.76,18185
2025-09-15 06:10:00,232.67,232.88,232.63,232.77,56020
2025-09-15 06:15:00,232.77,232.95,232.77,232.86,18272
2025-09-15 06:20:00,232.94,232.96,232.86,232.91,13463
2025-09-15 06:25:00,232.91,232.96,232.35,232.79,331508
2025-09-15 06:30:00,232.79,232.92,232.73,232.81,12844
2025-09-15 06:35:00,232.75,232.8,232.4,232.4,51654
2025-09-15 06:40:00,232.46,232.52,232.38,232.41,36016
2025-09-15 06:45:00,232.4,232.43,232.3,232.32,57490
2025-09-15 06:50:00,232.33,232.48,232.3,232.36,59897
2025-09-15 06:55:00,232.35,232.49,232.35,232.36,37997
2025-09-15 07:00:00,232.35,232.46,232.32,232.36,38938
2025-09-15 07:05:00,232.35,232.43,232.33,232.37,33741
2025-09-15 07:10:00,232.34,232.46,232.33,232.35,41240
2025-09-15 07:15:00,232.33,232.45,232.32,232.37,36531
2025-09-15 07:20:00,232.32,232.38,232.25,232.26,54709
2025-09-15 07:25:00,232.25,232.32,232.2,232.24,53632
2025-09-15 07:30:00,232.29,232.39,232.21,232.25,38656
2025-09-15 07:35:00,232.25,232.52,232.23,232.42,48569
2025-09-15 07:40:00,232.38,232.57,232.35,232.39,63748
2025-09-15 07:45:00,232.38,232.54,232.35,232.51,43939
2025-09-15 07:50:00,232.51,232.57,232.35,232.55,122863
2025-09-15 07:55:00,232.45,232.69,232.45,232.59,59322
2025-09-15 08:00:00,232.6,232.66,232.36,232.39,58609
2025-09-15 08:05:00,232.39,232.48,232.3,232.35,43968
2025-09-15 08:10:00,232.32,232.44,232.1,232.18,157123
2025-09-15 08:15:00,232.15,232.32,232.1,232.27,63945
2025-09-15 08:20:00,232.25,232.3,232.16,232.24,46317
2025-09-15 08:25:00,232.23,232.3,232.17,232.26,31032
2025-09-15 08:30:00,232.21,232.3,232.15,232.16,31944
2025-09-15 08:35:00,232.15,232.3,232.15,232.16,42203
2025-09-15 08:40:00,232.16,232.28,232.16,232.2,52176
2025-09-15 08:45:00,232.2,232.25,232.07,232.09,94655
2025-09-15 08:50:00,232.07,232.16,232.04,232.1,39136
2025-09-15 08:55:00,232.11,232.31,232.1,232.21,59465
2025-09-15 09:00:00,232.2,232.38,232.15,232.24,39697
2025-09-15 09:05:00,232.33,232.35,232.17,232.2,52111
2025-09-15 09:10:00,232.17,232.48,232.15,232.33,127283
2025-09-15 09:15:00,232.32,232.33,232.18,232.28,36752
2025-09-15 09:20:00,232.25,232.45,232.24,232.34,84662
2025-09-15 09:25:00,232.3,232.4,232.23,232.27,62259
2025-09-15 09:30:00,232.3,232.4,232.0,232.28,302729
2025-09-15 09:35:00,232.28,232.37,232.25,232.28,104843
2025-09-15 09:40:00,232.29,232.3,232.11,232.13,161188
2025-09-15 09:45:00,232.14,232.37,232.13,232.34,167633
2025-09-15 09:50:00,232.35,232.37,232.21,232.32,286405
2025-09-15 09:55:00,232.34,232.49,232.3,232.48,192069
2025-09-16 03:45:00,232.48,233.25,232.42,232.68,202303
2025-09-16 03:50:00,232.68,232.97,232.63,232.94,76998
2025-09-16 03:55:00,232.94,233.3,232.91,233.3,146158
2025-09-16 04:00:00,233.41,234.1,233.33,233.98,206411
2025-09-16 04:05:00,233.98,234.02,233.67,233.89,68684
2025-09-16 04:10:00,233.89,233.89,233.51,233.74,75102
2025-09-16 04:15:00,233.74,233.86,233.55,233.56,47622
2025-09-16 04:20:00,233.55,233.9,233.5,233.84,71293
2025-09-16 04:25:00,233.83,233.89,233.74,233.88,52799
2025-09-16 04:30:00,233.89,234.25,233.84,234.11,98302
2025-09-16 04:35:00,234.11,234.17,233.9,234.08,44878
2025-09-16 04:40:00,234.09,234.68,233.91,234.43,187671
2025-09-16 04:45:00,234.46,234.75,234.33,234.65,89287
2025-09-16 04:50:00,234.63,234.7,234.51,234.66,52534
2025-09-16 04:55:00,234.61,234.7,234.45,234.45,38620
2025-09-16 05:00:00,234.5,234.5,234.26,234.42,52976
2025-09-16 05:05:00,234.36,234.42,234.22,234.25,63377
2025-09-16 05:10:00,234.24,234.66,234.24,234.59,99791
2025-09-16 05:15:00,234.56,234.59,234.25,234.47,48451
2025-09-16 05:20:00,234.49,234.5,234.15,234.49,47281
2025-09-16 05:25:00,234.45,234.65,234.45,234.64,49632
2025-09-16 05:30:00,234.64,234.8,234.45,234.63,123659
2025-09-16 05:35:00,234.69,234.75,234.6,234.65,42946
2025-09-16 05:40:00,234.65,234.74,234.54,234.69,88231
2025-09-16 05:45:00,234.7,234.73,234.5,234.5,39756
2025-09-16 05:50:00,234.51,234.55,234.34,234.55,69842
2025-09-16 05:55:00,234.49,234.57,234.39,234.51,21829
2025-09-16 06:00:00,234.51,234.54,234.31,234.44,47322
2025-09-16 06:05:00,234.44,234.65,234.43,234.62,27785
2025-09-16 06:10:00,234.62,234.68,234.58,234.64,36538
2025-09-16 06:15:00,234.65,235.2,234.64,234.93,278247
2025-09-16 06:20:00,234.91,234.94,234.67,234.74,31340
2025-09-16 06:25:00,234.74,234.74,234.4,234.52,53522
2025-09-16 06:30:00,234.52,234.69,234.45,234.68,44295
2025-09-16 06:35:00,234.68,234.68,234.45,234.56,57713
2025-09-16 06:40:00,234.65,234.74,234.5,234.69,50744
2025-09-16 06:45:00,234.65,234.99,234.61,234.95,89234
2025-09-16 06:50:00,234.95,235.18,234.93,235.12,94544
2025-09-16 06:55:00,235.12,235.19,235.04,235.07,93075
2025-09-16 07:00:00,235.1,235.1,235.0,235.05,77613
2025-09-16 07:05:00,235.04,235.07,234.84,234.9,73649
2025-09-16 07:10:00,234.95,235.0,234.84,234.96,54680
2025-09-16 07:15:00,234.97,235.0,234.77,234.83,46359
2025-09-16 07:20:00,234.83,234.96,234.46,234.6,388594
2025-09-16 07:25:00,234.66,234.85,234.5,234.68,51725
2025-09-16 07:30:00,234.74,234.75,234.65,234.68,76964
2025-09-16 07:35:00,234.75,234.83,234.58,234.82,204262
2025-09-16 07:40:00,234.82,234.91,234.68,234.83,39423
2025-09-16 07:45:00,234.84,234.87,234.71,234.84,41087
2025-09-16 07:50:00,234.84,234.85,234.42,234.47,101763
2025-09-16 07:55:00,234.47,234.47,234.04,234.16,507142
2025-09-16 08:00:00,234.15,234.24,233.93,233.93,58885
2025-09-16 08:05:00,233.99,234.06,233.93,234.02,46750
2025-09-16 08:10:00,234.02,234.07,233.91,233.98,32815
2025-09-16 08:15:00,233.98,234.07,233.92,234.04,46478
2025-09-16 08:20:00,234.05,234.12,233.92,234.0,36076
2025-09-16 08:25:00,234.02,234.16,233.95,234.08,55466
2025-09-16 08:30:00,234.08,234.28,234.0,234.19,47336
2025-09-16 08:35:00,234.19,234.48,234.17,234.22,100736
2025-09-16 08:40:00,234.22,234.38,234.02,234.35,75059
2025-09-16 08:45:00,234.29,234.5,234.25,234.48,64355
2025-09-16 08:50:00,234.48,234.7,234.38,234.5,100672
2025-09-16 08:55:00,234.51,234.59,234.4,234.47,52355
2025-09-16 09:00:00,234.47,234.8,234.43,234.71,77945
2025-09-16 09:05:00,234.71,234.9,234.57,234.9,80245
2025-09-16 09:10:00,234.89,234.9,234.7,234.8,63976
2025-09-16 09:15:00,234.79,234.85,234.67,234.74,63338
2025-09-16 09:20:00,234.72,234.77,234.57,234.77,89144
2025-09-16 09:25:00,234.77,234.85,234.71,234.71,57486
2025-09-16 09:30:00,234.71,235.0,234.71,234.99,268379
2025-09-16 09:35:00,234.97,235.27,234.83,235.25,254100
2025-09-16 09:40:00,235.21,235.25,235.11,235.17,197865
2025-09-16 09:45:00,235.15,235.18,235.0,235.11,217417
2025-09-16 09:50:00,235.12,235.25,235.05,235.25,287553
2025-09-16 09:55:00,235.17,235.25,235.07,235.2,170048
2025-09-17 03:45:00,236.0,236.3,235.3,235.61,169627
2025-09-17 03:50:00,235.6,236.2,235.55,235.96,106760
2025-09-17 03:55:00,235.92,235.96,235.71,235.94,73440
2025-09-17 04:00:00,235.94,236.1,235.87,236.0,49824
2025-09-17 04:05:00,236.0,236.33,235.99,236.11,85891
2025-09-17 04:10:00,236.06,236.15,236.0,236.1,35069
2025-09-17 04:15:00,236.1,236.11,235.56,235.76,93099
2025-09-17 04:20:00,235.8,235.95,235.71,235.73,29299
2025-09-17 04:25:00,235.71,235.95,235.71,235.9,30135
2025-09-17 04:30:00,235.9,236.5,235.8,236.47,134982
2025-09-17 04:35:00,236.49,236.7,236.46,236.58,130443
2025-09-17 04:40:00,236.55,236.8,236.53,236.64,73241
2025-09-17 04:45:00,236.64,236.88,236.57,236.8,80474
2025-09-17 04:50:00,236.8,237.2,236.78,237.13,184524
2025-09-17 04:55:00,237.1,237.96,237.1,237.79,238267
2025-09-17 05:00:00,237.75,237.79,237.16,237.28,90473
2025-09-17 05:05:00,237.28,237.5,237.16,237.42,74164
2025-09-17 05:10:00,237.4,237.4,237.06,237.14,86955
2025-09-17 05:15:00,237.11,237.14,236.75,236.89,113933
2025-09-17 05:20:00,236.89,236.99,236.64,236.66,55346
2025-09-17 05:25:00,236.67,237.15,236.64,237.07,99908
2025-09-17 05:30:00,237.1,237.16,236.92,237.07,59120
2025-09-17 05:35:00,237.06,237.07,236.74,236.82,31076
2025-09-17 05:40:00,236.82,236.82,236.54,236.63,43696
2025-09-17 05:45:00,236.63,236.76,236.39,236.4,46517
2025-09-17 05:50:00,236.44,236.53,236.37,236.43,32109
2025-09-17 05:55:00,236.46,236.59,236.43,236.52,22739
2025-09-17 06:00:00,236.54,236.65,236.45,236.63,26796
2025-09-17 06:05:00,236.63,236.7,236.54,236.56,36138
2025-09-17 06:10:00,236.59,236.91,236.54,236.91,29540
2025-09-17 06:15:00,236.98,237.13,236.9,237.1,51428
2025-09-17 06:20:00,237.1,237.12,237.03,237.11,28638
2025-09-17 06:25:00,237.07,237.14,236.99,237.0,31133
2025-09-17 06:30:00,237.0,237.03,236.82,236.9,38201
2025-09-17 06:35:00,236.92,236.97,236.64,236.73,42159
2025-09-17 06:40:00,236.73,236.74,236.54,236.6,38858
2025-09-17 06:45:00,236.6,236.6,236.44,236.47,43350
2025-09-17 06:50:00,236.49,236.67,236.47,236.59,35686
2025-09-17 06:55:00,236.53,236.7,236.53,236.6,42918
2025-09-17 07:00:00,236.68,236.68,236.51,236.63,46821
2025-09-17 07:05:00,236.64,236.64,236.44,236.59,40418
2025-09-17 07:10:00,236.52,236.58,236.51,236.55,36349
2025-09-17 07:15:00,236.55,236.55,236.4,236.47,50909
2025-09-17 07:20:00,236.46,236.5,236.28,236.4,64297
2025-09-17 07:25:00,236.4,236.46,236.17,236.23,68807
2025-09-17 07:30:00,236.2,236.39,236.16,236.26,65960
2025-09-17 07:35:00,236.25,236.34,236.12,236.21,66745
2025-09-17 07:40:00,236.1,236.3,236.1,236.28,80839
2025-09-17 07:45:00,236.28,236.36,236.13,236.35,62368
2025-09-17 07:50:00,236.33,236.4,236.23,236.33,67626
2025-09-17 07:55:00,236.27,236.34,236.12,236.12,58859
2025-09-17 08:00:00,236.12,236.25,236.11,236.11,101904
2025-09-17 08:05:00,236.15,236.17,235.18,235.51,1145430
2025-09-17 08:10:00,235.5,235.68,235.41,235.52,132436
2025-09-17 08:15:00,235.51,235.8,235.43,235.74,78115
2025-09-17 08:20:00,235.85,236.43,235.85,236.43,138251
2025-09-17 08:25:00,236.42,236.44,236.23,236.37,89548
2025-09-17 08:30:00,236.37,236.57,236.17,236.39,132486
2025-09-17 08:35:00,236.39,236.39,236.06,236.13,94506
2025-09-17 08:40:00,236.22,236.32,236.04,236.05,88095
2025-09-17 08:45:00,236.04,236.39,236.04,236.31,91134
2025-09-17 08:50:00,236.18,236.45,236.18,236.27,121848
2025-09-17 08:55:00,236.38,236.83,236.23,236.8,219055
2025-09-17 09:00:00,236.74,236.86,236.51,236.78,113835
2025-09-17 09:05:00,236.76,236.94,236.64,236.88,135950
2025-09-17 09:10:00,236.86,236.91,236.67,236.73,121165
2025-09-17 09:15:00,236.85,236.89,236.7,236.83,94565
2025-09-17 09:20:00,236.72,236.9,236.7,236.82,104642
2025-09-17 09:25:00,236.8,236.9,236.68,236.81,125381
2025-09-17 09:30:00,236.89,236.99,236.87,236.99,169101
2025-09-17 09:35:00,236.99,236.99,236.89,236.96,120026
2025-09-17 09:40:00,236.96,237.03,236.84,237.03,167069
2025-09-17 09:45:00,237.03,237.03,236.87,236.96,209473
2025-09-17 09:50:00,236.98,236.98,236.71,236.75,214174
2025-09-17 09:55:00,236.7,236.87,236.4,236.87,193749
2025-09-18 03:45:00,237.7,237.7,236.55,236.9,212489
2025-09-18 03:50:00,236.89,236.89,236.36,236.67,70783
2025-09-18 03:55:00,236.64,236.7,236.02,236.09,100781
2025-09-18 04:00:00,236.18,236.5,236.12,236.43,77794
2025-09-18 04:05:00,236.41,236.64,236.4,236.42,63309
2025-09-18 04:10:00,236.42,236.63,236.41,236.53,40803
2025-09-18 04:15:00,236.53,236.64,236.28,236.52,75044
2025-09-18 04:20:00,236.5,236.54,236.39,236.47,30958
2025-09-18 04:25:00,236.47,236.5,236.1,236.1,108795
2025-09-18 04:30:00,236.15,236.21,235.86,235.92,164970
2025-09-18 04:35:00,235.9,236.0,235.8,235.89,71160
2025-09-18 04:40:00,235.83,235.89,235.53,235.55,70707
2025-09-18 04:45:00,235.54,235.59,235.3,235.41,55112
2025-09-18 04:50:00,235.44,235.72,235.4,235.61,48630
2025-09-18 04:55:00,235.71,235.71,235.5,235.51,39464
2025-09-18 05:00:00,235.52,235.81,235.5,235.71,43173
2025-09-18 05:05:00,235.73,235.73,235.5,235.51,29054
2025-09-18 05:10:00,235.5,235.68,235.5,235.58,29363
2025-09-18 05:15:00,235.58,235.91,235.58,235.59,54586
2025-09-18 05:20:00,235.59,235.83,235.58,235.69,64916
2025-09-18 05:25:00,235.69,235.85,235.68,235.69,37578
2025-09-18 05:30:00,235.68,235.89,235.68,235.74,31307
2025-09-18 05:35:00,235.73,235.79,235.7,235.7,29360
2025-09-18 05:40:00,235.74,235.75,235.51,235.52,62640
2025-09-18 05:45:00,235.52,235.53,235.41,235.43,85385
2025-09-18 05:50:00,235.45,235.64,235.45,235.51,62808
2025-09-18 05:55:00,235.51,235.61,235.4,235.43,53027
2025-09-18 06:00:00,235.5,235.86,235.41,235.63,47797
2025-09-18 06:05:00,235.63,235.79,235.62,235.78,19280
2025-09-18 06:10:00,235.78,235.78,235.62,235.62,22821
2025-09-18 06:15:00,235.67,235.74,235.51,235.59,39492
2025-09-18 06:20:00,235.6,235.74,235.56,235.62,33309
2025-09-18 06:25:00,235.64,235.75,235.5,235.5,21591
2025-09-18 06:30:00,235.51,235.59,235.5,235.52,18194
2025-09-18 06:35:00,235.5,235.51,235.3,235.3,67172
2025-09-18 06:40:00,235.35,235.42,235.02,235.03,89973
2025-09-18 06:45:00,235.05,235.15,235.0,235.0,105243
2025-09-18 06:50:00,235.05,235.1,235.0,235.0,69216
2025-09-18 06:55:00,235.0,235.1,235.0,235.06,80253
2025-09-18 07:00:00,235.01,235.06,234.85,234.88,76890
2025-09-18 07:05:00,234.88,234.89,234.67,234.77,105976
2025-09-18 07:10:00,234.75,234.84,234.66,234.7,54909
2025-09-18 07:15:00,234.7,234.79,234.65,234.67,54274
2025-09-18 07:20:00,234.72,235.18,234.61,234.96,157233
2025-09-18 07:25:00,234.96,235.05,234.81,235.0,78057
2025-09-18 07:30:00,235.0,235.0,234.7,234.7,40297
2025-09-18 07:35:00,234.73,234.82,234.64,234.72,40375
2025-09-18 07:40:00,234.72,234.79,234.6,234.6,43155
2025-09-18 07:45:00,234.6,234.8,234.5,234.74,56060
2025-09-18 07:50:00,234.76,234.76,234.6,234.67,33890
2025-09-18 07:55:00,234.7,234.8,234.65,234.65,54618
2025-09-18 08:00:00,234.66,234.93,234.65,234.92,58790
2025-09-18 08:05:00,234.93,235.0,234.9,234.9,49000
2025-09-18 08:10:00,234.89,235.05,234.81,234.99,109615
2025-09-18 08:15:00,234.99,235.0,234.89,234.93,56368
2025-09-18 08:20:00,234.93,235.05,234.85,235.03,216922
2025-09-18 08:25:00,235.0,235.05,234.94,235.0,174443
2025-09-18 08:30:00,235.0,235.05,234.95,234.98,67945
2025-09-18 08:35:00,235.04,235.04,234.96,234.98,68304
2025-09-18 08:40:00,234.98,235.28,234.98,235.0,142534
2025-09-18 08:45:00,235.0,235.05,234.97,235.05,56493
2025-09-18 08:50:00,235.05,235.22,234.96,235.07,113330
2025-09-18 08:55:00,235.06,235.1,234.95,235.1,129968
2025-09-18 09:00:00,235.03,235.48,235.03,235.12,193991
2025-09-18 09:05:00,235.12,235.2,234.96,235.07,110890
2025-09-18 09:10:00,235.14,235.25,235.05,235.24,84690
2025-09-18 09:15:00,235.16,235.47,235.15,235.44,115005
2025-09-18 09:20:00,235.44,235.49,235.2,235.24,65322
2025-09-18 09:25:00,235.22,235.28,235.03,235.19,121620
2025-09-18 09:30:00,235.36,235.69,235.36,235.41,160189
2025-09-18 09:35:00,235.42,235.7,235.42,235.69,135127
2025-09-18 09:40:00,235.54,235.7,235.5,235.62,189901
2025-09-18 09:45:00,235.52,235.62,235.3,235.58,367066
2025-09-18 09:50:00,235.58,235.8,235.58,235.76,333436
2025-09-18 09:55:00,235.76,235.9,235.75,235.89,150387
2025-09-19 03:45:00,235.11,235.57,234.75,234.96,253034
2025-09-19 03:50:00,234.91,235.65,234.9,235.2,134583
2025-09-19 03:55:00,235.2,235.59,235.06,235.51,51514
2025-09-19 04:00:00,235.5,235.55,235.27,235.41,36621
2025-09-19 04:05:00,235.41,235.48,235.2,235.25,62488
2025-09-19 04:10:00,235.25,235.85,235.24,235.65,176733
2025-09-19 04:15:00,235.62,235.71,235.31,235.34,252563
2025-09-19 04:20:00,235.39,235.44,235.08,235.21,239751
2025-09-19 04:25:00,235.21,235.21,234.87,234.9,116369
2025-09-19 04:30:00,234.92,234.95,234.8,234.92,39888
2025-09-19 04:35:00,234.92,235.0,234.86,234.96,23353
2025-09-19 04:40:00,234.9,235.28,234.9,235.0,2547319
2025-09-19 04:45:00,235.05,235.18,234.95,235.11,169764
2025-09-19 04:50:00,235.15,235.4,235.05,235.33,41349
2025-09-19 04:55:00,235.25,235.64,235.25,235.58,157358
2025-09-19 05:00:00,235.59,236.4,235.58,235.93,170396
2025-09-19 05:05:00,235.91,236.1,235.73,235.95,48378
2025-09-19 05:10:00,235.98,235.98,235.62,235.66,28588
2025-09-19 05:15:00,235.66,235.78,235.5,235.6,25815
2025-09-19 05:20:00,235.62,235.77,235.56,235.61,38490
2025-09-19 05:25:00,235.61,236.05,235.6,235.9,55243
2025-09-19 05:30:00,235.91,236.1,235.9,235.96,45551
2025-09-19 05:35:00,235.95,236.07,235.68,235.78,45622
2025-09-19 05:40:00,235.78,235.88,235.71,235.74,18622
2025-09-19 05:45:00,235.74,236.0,235.7,235.85,40585
2025-09-19 05:50:00,235.9,235.99,235.81,235.98,27008
2025-09-19 05:55:00,235.96,236.07,235.86,235.89,31655
2025-09-19 06:00:00,235.89,235.95,235.52,235.52,31558
2025-09-19 06:05:00,235.58,235.84,235.55,235.63,24326
2025-09-19 06:10:00,235.63,235.73,235.58,235.63,17460
2025-09-19 06:15:00,235.63,235.7,235.56,235.56,29873
2025-09-19 06:20:00,235.57,235.72,235.52,235.69,33991
2025-09-19 06:25:00,235.69,235.77,235.6,235.71,27269
2025-09-19 06:30:00,235.71,235.77,235.6,235.62,31754
2025-09-19 06:35:00,235.62,235.83,235.6,235.72,23760
2025-09-19 06:40:00,235.72,235.78,235.65,235.73,25569
2025-09-19 06:45:00,235.73,236.09,235.63,235.75,155012
2025-09-19 06:50:00,235.75,235.84,235.49,235.49,94335
2025-09-19 06:55:00,235.49,235.7,235.43,235.47,71096
2025-09-19 07:00:00,235.5,235.88,235.48,235.6,550484
2025-09-19 07:05:00,235.6,235.73,235.53,235.7,47895
2025-09-19 07:10:00,235.7,235.84,235.63,235.71,44593
2025-09-19 07:15:00,235.71,235.73,235.63,235.7,42141
2025-09-19 07:20:00,235.71,235.84,235.66,235.81,51225
2025-09-19 07:25:00,235.81,235.98,235.73,235.9,1990438
2025-09-19 07:30:00,235.94,235.99,235.83,235.91,71533
2025-09-19 07:35:00,235.95,236.65,235.95,236.4,201997
2025-09-19 07:40:00,236.44,236.45,236.24,236.4,58469
2025-09-19 07:45:00,236.45,236.57,236.42,236.49,56616
2025-09-19 07:50:00,236.5,236.51,236.34,236.49,46602
2025-09-19 07:55:00,236.5,236.5,236.27,236.27,66552
2025-09-19 08:00:00,236.36,236.42,236.25,236.31,134590
2025-09-19 08:05:00,236.31,236.4,235.93,236.05,133026
2025-09-19 08:10:00,236.06,236.1,235.93,236.01,47058
2025-09-19 08:15:00,236.01,236.09,235.92,236.06,61284
2025-09-19 08:20:00,236.06,236.1,235.89,235.98,50238
2025-09-19 08:25:00,235.99,236.02,235.6,235.92,104089
2025-09-19 08:30:00,235.92,235.92,235.59,235.61,107446
2025-09-19 08:35:00,235.67,235.7,235.44,235.52,113662
2025-09-19 08:40:00,235.48,235.66,235.43,235.56,104895
2025-09-19 08:45:00,235.56,235.63,235.43,235.47,115363
2025-09-19 08:50:00,235.46,235.59,235.19,235.3,181408
2025-09-19 08:55:00,235.27,235.6,235.2,235.31,259869
2025-09-19 09:00:00,235.29,235.71,235.25,235.58,124926
2025-09-19 09:05:00,235.59,235.68,235.46,235.59,107157
2025-09-19 09:10:00,235.6,235.64,235.48,235.51,92260
2025-09-19 09:15:00,235.52,235.8,235.49,235.72,594480
2025-09-19 09:20:00,235.72,235.81,235.66,235.71,127540
2025-09-19 09:25:00,235.69,235.85,235.66,235.74,122617
2025-09-19 09:30:00,235.75,236.5,235.64,236.27,788645
2025-09-19 09:35:00,236.35,236.75,236.25,236.57,676146
2025-09-19 09:40:00,236.57,236.74,236.33,236.65,760480
2025-09-19 09:45:00,236.57,236.9,236.52,236.89,858110
2025-09-19 09:50:00,236.84,237.4,236.75,236.85,1423352
2025-09-19 09:55:00,236.85,237.15,236.84,237.15,721105
2025-09-22 03:45:00,236.0,236.89,235.65,236.13,222455
2025-09-22 03:50:00,236.0,236.4,235.86,236.16,48400
2025-09-22 03:55:00,236.16,236.27,235.85,236.15,51371
2025-09-22 04:00:00,236.22,236.3,235.94,236.2,33520
2025-09-22 04:05:00,236.25,236.48,236.17,236.48,35316
2025-09-22 04:10:00,236.48,236.5,236.16,236.31,45428
2025-09-22 04:15:00,236.38,236.6,236.18,236.5,630944
2025-09-22 04:20:00,236.4,236.51,236.25,236.46,356106
2025-09-22 04:25:00,236.47,236.7,236.41,236.59,62805
2025-09-22 04:30:00,236.59,236.65,236.2,236.3,19450
2025-09-22 04:35:00,236.3,237.0,236.15,236.94,84275
2025-09-22 04:40:00,236.87,236.99,236.5,236.88,146346
2025-09-22 04:45:00,236.88,236.91,236.58,236.64,28465
2025-09-22 04:50:00,236.64,236.65,236.5,236.61,21308
2025-09-22 04:55:00,236.53,236.83,236.53,236.8,30345
2025-09-22 05:00:00,236.8,237.05,236.77,236.8,74351
2025-09-22 05:05:00,236.8,236.89,236.45,236.45,34905
2025-09-22 05:10:00,236.54,236.6,236.45,236.48,47309
2025-09-22 05:15:00,236.48,236.7,236.23,236.41,35135
2025-09-22 05:20:00,236.41,236.48,236.2,236.3,50440
2025-09-22 05:25:00,236.29,236.62,236.29,236.31,20810
2025-09-22 05:30:00,236.4,236.51,236.23,236.34,30001
2025-09-22 05:35:00,236.3,236.37,236.11,236.18,20303
2025-09-22 05:40:00,236.16,236.24,236.1,236.14,20850
2025-09-22 05:45:00,236.21,236.3,236.03,236.09,18539
2025-09-22 05:50:00,236.07,236.09,236.0,236.03,140829
2025-09-22 05:55:00,236.0,236.09,235.82,235.86,35285
2025-09-22 06:00:00,235.96,236.1,235.84,236.1,24881
2025-09-22 06:05:00,236.1,236.45,236.1,236.35,25756
2025-09-22 06:10:00,236.35,236.8,236.34,236.78,51575
2025-09-22 06:15:00,236.73,236.91,236.7,236.76,51061
2025-09-22 06:20:00,236.8,236.88,236.32,236.77,304616
2025-09-22 06:25:00,236.76,236.9,236.67,236.85,73455
2025-09-22 06:30:00,236.92,237.01,236.78,236.86,153702
2025-09-22 06:35:00,236.82,236.96,236.76,236.9,43047
2025-09-22 06:40:00,236.87,236.95,236.76,236.9,60588
2025-09-22 06:45:00,236.89,236.93,236.72,236.76,66810
2025-09-22 06:50:00,236.85,236.85,236.55,236.61,48953
2025-09-22 06:55:00,236.57,236.61,236.45,236.47,61183
2025-09-22 07:00:00,236.53,236.61,236.32,236.4,57957
2025-09-22 07:05:00,236.5,236.58,236.34,236.45,87320
2025-09-22 07:10:00,236.56,236.71,236.45,236.65,53657
2025-09-22 07:15:00,236.57,236.98,236.51,236.98,90789
2025-09-22 07:20:00,236.98,237.05,236.78,236.82,111722
2025-09-22 07:25:00,236.9,236.94,236.68,236.75,97176
2025-09-22 07:30:00,236.84,236.95,236.65,236.78,87500
2025-09-22 07:35:00,236.75,236.84,236.63,236.75,55566
2025-09-22 07:40:00,236.78,236.89,236.63,236.8,66367
2025-09-22 07:45:00,236.8,236.86,236.58,236.62,38430
2025-09-22 07:50:00,236.66,236.7,236.52,236.62,71648
2025-09-22 07:55:00,236.52,236.83,236.52,236.75,72457
2025-09-22 08:00:00,236.81,236.89,236.65,236.85,100456
2025-09-22 08:05:00,236.84,237.0,236.73,236.92,113738
2025-09-22 08:10:00,236.91,237.0,236.89,236.9,164868
2025-09-22 08:15:00,236.99,237.05,236.8,236.8,181279
2025-09-22 08:20:00,236.8,237.0,236.71,236.99,163334
2025-09-22 08:25:00,236.99,237.0,236.72,236.81,153390
2025-09-22 08:30:00,236.72,237.0,236.64,236.99,163762
2025-09-22 08:35:00,236.99,237.22,236.8,236.99,896955
2025-09-22 08:40:00,237.05,237.12,236.87,236.95,122422
2025-09-22 08:45:00,236.98,237.28,236.72,237.27,175189
2025-09-22 08:50:00,237.27,238.45,237.26,238.03,755947
2025-09-22 08:55:00,238.0,238.1,237.84,237.99,187534
2025-09-22 09:00:00,238.0,238.27,237.8,237.98,281096
2025-09-22 09:05:00,238.07,238.07,237.53,237.53,178210
2025-09-22 09:10:00,237.54,237.7,237.4,237.4,141407
2025-09-22 09:15:00,237.45,237.5,236.3,236.42,329661
2025-09-22 09:20:00,236.42,237.0,236.35,236.94,87982
2025-09-22 09:25:00,236.94,237.19,236.63,236.99,126086
2025-09-22 09:30:00,236.99,237.63,236.99,237.47,172515
2025-09-22 09:35:00,237.47,237.66,237.24,237.57,256760
2025-09-22 09:40:00,237.65,237.66,237.34,237.55,281480
2025-09-22 09:45:00,237.55,237.55,237.23,237.52,271831
2025-09-22 09:50:00,237.52,237.67,237.4,237.52,234467
2025-09-22 09:55:00,237.59,237.74,237.22,237.59,219200
2025-09-23 03:45:00,237.25,237.59,236.5,236.7,195253
2025-09-23 03:50:00,236.7,237.24,236.64,237.0,35819
2025-09-23 03:55:00,236.99,237.16,236.65,236.73,68804
2025-09-23 04:00:00,236.72,236.76,236.52,236.56,41220
2025-09-23 04:05:00,236.6,236.75,236.36,236.66,50935
2025-09-23 04:10:00,236.66,236.95,236.45,236.48,38867
2025-09-23 04:15:00,236.48,236.48,236.05,236.06,38263
2025-09-23 04:20:00,236.05,236.15,235.86,235.92,65148
2025-09-23 04:25:00,235.95,236.13,235.76,235.92,40059
2025-09-23 04:30:00,235.92,236.29,235.81,236.23,24748
2025-09-23 04:35:00,236.26,236.45,236.03,236.38,23643
2025-09-23 04:40:00,236.36,236.4,236.12,236.24,21358
2025-09-23 04:45:00,236.24,236.25,236.06,236.08,10999
2025-09-23 04:50:00,236.09,236.18,236.01,236.1,17078
2025-09-23 04:55:00,236.06,236.36,236.01,236.21,24572
2025-09-23 05:00:00,236.21,236.25,235.51,235.87,72999
2025-09-23 05:05:00,235.86,236.1,235.7,236.01,64277
2025-09-23 05:10:00,236.01,236.2,236.0,236.19,11300
2025-09-23 05:15:00,236.19,236.19,235.9,235.96,14613
2025-09-23 05:20:00,235.95,236.2,235.93,236.16,32125
2025-09-23 05:25:00,236.11,236.4,236.11,236.36,48087
2025-09-23 05:30:00,236.36,236.89,236.36,236.5,114013
2025-09-23 05:35:00,236.5,236.57,236.21,236.31,15929
2025-09-23 05:40:00,236.36,236.51,236.15,236.15,14013
2025-09-23 05:45:00,236.19,236.19,235.89,235.9,42703
2025-09-23 05:50:00,235.9,236.22,235.87,236.05,9505
2025-09-23 05:55:00,236.11,236.19,235.9,235.98,17460
2025-09-23 06:00:00,235.98,236.03,235.72,235.73,27708
2025-09-23 06:05:00,235.78,235.91,235.65,235.77,55382
2025-09-23 06:10:00,235.77,235.95,235.75,235.85,8733
2025-09-23 06:15:00,235.85,235.98,235.83,235.94,15637
2025-09-23 06:20:00,235.94,236.08,235.6,235.76,44036
2025-09-23 06:25:00,235.75,236.02,235.61,235.66,58735
2025-09-23 06:30:00,235.66,235.81,235.61,235.69,24348
2025-09-23 06:35:00,235.69,235.99,235.65,235.84,23192
2025-09-23 06:40:00,235.84,235.86,235.53,235.68,60359
2025-09-23 06:45:00,235.73,235.9,235.55,235.65,59075
2025-09-23 06:50:00,235.65,235.67,235.24,235.37,54430
2025-09-23 06:55:00,235.38,235.63,235.22,235.54,49571
2025-09-23 07:00:00,235.53,235.92,235.51,235.78,117027
2025-09-23 07:05:00,235.82,236.3,235.74,236.25,183807
2025-09-23 07:10:00,236.25,236.29,236.02,236.11,73434
2025-09-23 07:15:00,236.13,236.29,236.0,236.24,70610
2025-09-23 07:20:00,236.23,236.26,236.05,236.19,65754
2025-09-23 07:25:00,236.19,236.23,236.03,236.19,67075
2025-09-23 07:30:00,236.19,236.7,236.08,236.61,137368
2025-09-23 07:35:00,236.61,236.86,236.2,236.23,100178
2025-09-23 07:40:00,236.23,236.35,235.82,235.96,236058
2025-09-23 07:45:00,235.96,236.02,235.75,235.75,90498
2025-09-23 07:50:00,235.76,235.87,235.52,235.61,89791
2025-09-23 07:55:00,235.66,235.73,235.15,235.55,222045
2025-09-23 08:00:00,235.58,235.99,235.53,235.9,112908
2025-09-23 08:05:00,235.9,235.99,235.64,235.85,101827
2025-09-23 08:10:00,235.85,235.98,235.71,235.98,89522
2025-09-23 08:15:00,235.99,236.43,235.95,236.39,135954
2025-09-23 08:20:00,236.37,236.5,236.2,236.37,147843
2025-09-23 08:25:00,236.37,236.47,236.17,236.36,82744
2025-09-23 08:30:00,236.31,236.68,236.2,236.48,243639
2025-09-23 08:35:00,236.48,236.99,236.3,236.85,126492
2025-09-23 08:40:00,236.91,236.97,236.1,236.15,134692
2025-09-23 08:45:00,236.18,236.39,236.01,236.25,109723
2025-09-23 08:50:00,236.36,236.55,236.12,236.55,104245
2025-09-23 08:55:00,236.54,236.57,236.32,236.54,113908
2025-09-23 09:00:00,236.5,236.56,236.3,236.46,95005
2025-09-23 09:05:00,236.36,236.65,236.29,236.54,158875
2025-09-23 09:10:00,236.54,236.6,236.41,236.6,78710
2025-09-23 09:15:00,236.6,236.73,236.22,236.22,124135
2025-09-23 09:20:00,236.23,236.74,236.18,236.39,152751
2025-09-23 09:25:00,236.39,236.57,236.25,236.28,153497
2025-09-23 09:30:00,236.28,236.96,236.28,236.74,318671
2025-09-23 09:35:00,236.8,236.8,236.38,236.47,252695
2025-09-23 09:40:00,236.47,236.95,236.34,236.77,278460
2025-09-23 09:45:00,236.78,236.95,236.65,236.7,277795
2025-09-23 09:50:00,236.62,236.83,236.48,236.79,326510
2025-09-23 09:55:00,236.83,237.0,236.55,236.89,203290
2025-09-24 03:45:00,236.66,237.56,236.62,237.48,134056
2025-09-24 03:50:00,237.2,237.29,236.67,237.03,89784
2025-09-24 03:55:00,237.03,237.19,236.9,237.1,47921
2025-09-24 04:00:00,237.1,237.15,236.61,236.72,34002
2025-09-24 04:05:00,236.69,236.84,236.6,236.72,25257
2025-09-24 04:10:00,236.67,236.7,236.5,236.56,44056
2025-09-24 04:15:00,236.51,236.67,236.26,236.64,43759
2025-09-24 04:20:00,236.64,236.9,236.48,236.48,42933
2025-09-24 04:25:00,236.48,236.6,236.45,236.47,21575
2025-09-24 04:30:00,236.49,236.7,236.45,236.6,32636
2025-09-24 04:35:00,236.63,236.91,236.6,236.85,31505
2025-09-24 04:40:00,236.85,237.15,236.72,237.03,405348
2025-09-24 04:45:00,237.03,238.29,236.99,237.73,542905
2025-09-24 04:50:00,237.73,237.91,237.52,237.55,64519
2025-09-24 04:55:00,237.52,237.69,237.33,237.48,52444
2025-09-24 05:00:00,237.48,237.83,237.45,237.69,54870
2025-09-24 05:05:00,237.67,237.8,237.54,237.59,34474
2025-09-24 05:10:00,237.57,237.63,237.18,237.19,53589
2025-09-24 05:15:00,237.17,237.23,237.0,237.03,55808
2025-09-24 05:20:00,237.03,237.14,236.95,237.0,42781
2025-09-24 05:25:00,236.99,237.0,236.94,237.0,68293
2025-09-24 05:30:00,237.0,237.0,236.51,237.0,103886
2025-09-24 05:35:00,237.0,237.0,236.8,236.86,27206
2025-09-24 05:40:00,236.85,236.86,236.7,236.71,50173
2025-09-24 05:45:00,236.7,236.75,236.55,236.64,25091
2025-09-24 05:50:00,236.64,236.86,236.6,236.79,73069
2025-09-24 05:55:00,236.75,236.97,236.7,236.94,163892
2025-09-24 06:00:00,236.94,237.16,236.85,237.0,116386
2025-09-24 06:05:00,237.0,237.47,236.99,237.39,41342
2025-09-24 06:10:00,237.39,238.45,237.39,238.4,198837
2025-09-24 06:15:00,238.4,238.8,238.0,238.6,170388
2025-09-24 06:20:00,238.62,238.88,238.51,238.6,127596
2025-09-24 06:25:00,238.58,238.6,238.29,238.5,59656
2025-09-24 06:30:00,238.54,238.54,238.12,238.26,70794
2025-09-24 06:35:00,238.18,238.36,238.14,238.15,35996
2025-09-24 06:40:00,238.15,238.25,238.05,238.14,49694
2025-09-24 06:45:00,238.14,238.6,237.92,238.51,71379
2025-09-24 06:50:00,238.51,239.19,238.51,239.09,302502
2025-09-24 06:55:00,239.1,239.5,239.01,239.32,197597
2025-09-24 07:00:00,239.36,239.89,239.3,239.85,259593
2025-09-24 07:05:00,239.83,239.98,239.42,239.49,165638
2025-09-24 07:10:00,239.49,239.98,239.49,239.76,103595
2025-09-24 07:15:00,239.76,239.76,239.11,239.15,99990
2025-09-24 07:20:00,239.15,239.3,239.0,239.02,65462
2025-09-24 07:25:00,239.0,239.15,238.76,238.84,90583
2025-09-24 07:30:00,238.88,239.09,238.81,238.98,57897
2025-09-24 07:35:00,239.04,239.06,238.81,238.88,72095
2025-09-24 07:40:00,238.94,239.11,238.85,239.09,56736
2025-09-24 07:45:00,239.09,239.18,238.95,239.08,103669
2025-09-24 07:50:00,239.1,239.26,239.06,239.22,69020
2025-09-24 07:55:00,239.22,239.5,239.16,239.44,94545
2025-09-24 08:00:00,239.43,240.13,239.4,239.84,275762
2025-09-24 08:05:00,239.85,239.99,239.68,239.76,114212
2025-09-24 08:10:00,239.85,239.89,239.67,239.76,76788
2025-09-24 08:15:00,239.77,239.79,239.44,239.62,69821
2025-09-24 08:20:00,239.57,239.6,239.28,239.34,84470
2025-09-24 08:25:00,239.42,239.64,239.16,239.38,216907
2025-09-24 08:30:00,239.38,239.65,239.26,239.51,86746
2025-09-24 08:35:00,239.47,239.64,239.43,239.5,67383
2025-09-24 08:40:00,239.49,239.5,239.3,239.43,70891
2025-09-24 08:45:00,239.36,239.58,239.36,239.45,65817
2025-09-24 08:50:00,239.52,239.6,239.39,239.39,77854
2025-09-24 08:55:00,239.43,239.44,239.25,239.35,68650
2025-09-24 09:00:00,239.36,239.36,239.05,239.25,89548
2025-09-24 09:05:00,239.2,239.39,239.11,239.12,60538
2025-09-24 09:10:00,239.22,239.22,238.88,239.0,220725
2025-09-24 09:15:00,239.0,239.15,238.95,239.0,60659
2025-09-24 09:20:00,239.0,239.19,238.98,239.17,80102
2025-09-24 09:25:00,239.17,239.19,238.77,238.79,89248
2025-09-24 09:30:00,238.88,239.0,238.72,238.91,135358
2025-09-24 09:35:00,238.94,238.96,238.75,238.85,101547
2025-09-24 09:40:00,238.85,238.86,238.58,238.7,211811
2025-09-24 09:45:00,238.7,238.74,238.38,238.38,262929
2025-09-24 09:50:00,238.39,238.64,238.07,238.59,424922
2025-09-24 09:55:00,238.6,238.61,238.3,238.41,237105
2025-09-25 03:45:00,238.92,239.35,238.52,239.03,261711
2025-09-25 03:50:00,239.05,240.48,239.03,240.4,316663
2025-09-25 03:55:00,240.38,241.0,240.07,240.58,352773
2025-09-25 04:00:00,240.59,241.3,240.35,241.3,378175
2025-09-25 04:05:00,241.29,241.7,241.05,241.69,377515
2025-09-25 04:10:00,241.6,241.7,241.0,241.2,216124
2025-09-25 04:15:00,241.19,241.2,240.54,240.8,224661
2025-09-25 04:20:00,240.8,240.88,240.35,240.59,152830
2025-09-25 04:25:00,240.58,241.26,240.58,241.26,114810
2025-09-25 04:30:00,241.26,242.14,241.19,241.85,644599
2025-09-25 04:35:00,241.85,241.92,241.5,241.7,194207
2025-09-25 04:40:00,241.7,241.75,241.41,241.52,123460
2025-09-25 04:45:00,241.55,241.59,241.11,241.15,140359
2025-09-25 04:50:00,241.17,241.48,240.93,241.3,220281
2025-09-25 04:55:00,241.3,241.32,241.04,241.15,61441
2025-09-25 05:00:00,241.09,241.39,241.02,241.35,64463
2025-09-25 05:05:00,241.34,241.43,241.09,241.13,57951
2025-09-25 05:10:00,241.13,241.21,240.86,240.97,91282
2025-09-25 05:15:00,240.97,241.18,240.81,241.05,104107
2025-09-25 05:20:00,241.09,241.09,240.9,240.94,65167
2025-09-25 05:25:00,240.94,240.94,240.52,240.55,105323
2025-09-25 05:30:00,240.55,240.61,240.25,240.32,136073
2025-09-25 05:35:00,240.35,240.35,240.12,240.32,96018
2025-09-25 05:40:00,240.35,240.72,240.35,240.48,43577
2025-09-25 05:45:00,240.5,240.62,240.44,240.49,44876
2025-09-25 05:50:00,240.49,240.57,240.31,240.41,58058
2025-09-25 05:55:00,240.43,240.6,240.25,240.53,47391
2025-09-25 06:00:00,240.53,240.6,240.42,240.5,23312
2025-09-25 06:05:00,240.49,240.7,240.37,240.39,63822
2025-09-25 06:10:00,240.39,240.46,240.05,240.05,91433
2025-09-25 06:15:00,240.08,240.25,240.0,240.06,87214
2025-09-25 06:20:00,240.01,240.06,239.85,239.95,96296
2025-09-25 06:25:00,239.98,240.0,239.88,240.0,36741
2025-09-25 06:30:00,240.0,240.19,239.66,239.71,79686
2025-09-25 06:35:00,239.71,239.9,239.69,239.84,36393
2025-09-25 06:40:00,239.84,239.97,239.71,239.91,32593
2025-09-25 06:45:00,239.95,240.14,239.88,240.1,32172
2025-09-25 06:50:00,239.99,240.15,239.91,239.95,41054
2025-09-25 06:55:00,239.95,240.09,239.8,239.94,32765
2025-09-25 07:00:00,239.94,239.94,239.63,239.73,99514
2025-09-25 07:05:00,239.73,239.99,239.65,239.91,47413
2025-09-25 07:10:00,239.91,239.91,239.61,239.7,41285
2025-09-25 07:15:00,239.71,239.9,239.67,239.8,59777
2025-09-25 07:20:00,239.8,240.0,239.65,239.71,68050
2025-09-25 07:25:00,239.71,239.71,239.34,239.41,124237
2025-09-25 07:30:00,239.35,239.68,239.35,239.43,67085
2025-09-25 07:35:00,239.43,239.68,239.39,239.61,95427
2025-09-25 07:40:00,239.51,239.61,239.23,239.28,88371
2025-09-25 07:45:00,239.28,239.4,239.15,239.34,75262
2025-09-25 07:50:00,239.34,239.34,239.11,239.18,56927
2025-09-25 07:55:00,239.18,239.3,239.07,239.2,98272
2025-09-25 08:00:00,239.19,239.31,239.12,239.17,67264
2025-09-25 08:05:00,239.15,239.31,239.14,239.23,54913
2025-09-25 08:10:00,239.23,239.5,239.22,239.45,76575
2025-09-25 08:15:00,239.45,239.73,239.42,239.62,153296
2025-09-25 08:20:00,239.58,239.65,239.36,239.43,86097
2025-09-25 08:25:00,239.43,239.5,239.25,239.32,57206
2025-09-25 08:30:00,239.31,239.41,239.26,239.35,55533
2025-09-25 08:35:00,239.28,239.57,239.25,239.29,91321
2025-09-25 08:40:00,239.24,239.39,239.08,239.24,143838
2025-09-25 08:45:00,239.24,239.5,239.21,239.23,75002
2025-09-25 08:50:00,239.23,239.7,239.18,239.67,98644
2025-09-25 08:55:00,239.69,239.97,239.51,239.7,121785
2025-09-25 09:00:00,239.67,239.85,239.3,239.59,131412
2025-09-25 09:05:00,239.58,240.0,239.56,239.95,124611
2025-09-25 09:10:00,239.97,240.5,239.69,240.0,218843
2025-09-25 09:15:00,240.1,240.24,239.98,240.01,87656
2025-09-25 09:20:00,240.0,240.09,239.62,239.65,143579
2025-09-25 09:25:00,239.67,239.95,239.6,239.82,287728
2025-09-25 09:30:00,239.85,239.99,239.53,239.56,245705
2025-09-25 09:35:00,239.57,239.7,239.52,239.54,242541
2025-09-25 09:40:00,239.54,239.75,239.51,239.55,315705
2025-09-25 09:45:00,239.56,239.97,239.5,239.81,355838
2025-09-25 09:50:00,239.84,239.85,239.5,239.52,382455
2025-09-25 09:55:00,239.53,239.8,239.31,239.7,263822
2025-09-26 03:45:00,240.0,240.26,239.52,239.94,256053
2025-09-26 03:50:00,239.94,240.05,239.28,239.45,160577
2025-09-26 03:55:00,239.5,239.7,238.62,238.8,131918
2025-09-26 04:00:00,238.8,239.7,238.8,239.67,169241
2025-09-26 04:05:00,239.68,239.68,238.99,239.4,152215
2025-09-26 04:10:00,239.43,239.56,239.25,239.25,36690
2025-09-26 04:15:00,239.31,239.55,239.28,239.5,33983
2025-09-26 04:20:00,239.62,239.64,239.32,239.32,37192
2025-09-26 04:25:00,239.32,239.5,239.32,239.45,19123
2025-09-26 04:30:00,239.49,239.6,239.4,239.43,33195
2025-09-26 04:35:00,239.34,239.34,238.57,238.82,92323
2025-09-26 04:40:00,238.82,238.91,238.71,238.83,36729
2025-09-26 04:45:00,238.87,239.0,238.78,238.82,53995
2025-09-26 04:50:00,238.82,239.07,238.77,239.0,128901
2025-09-26 04:55:00,239.0,239.32,238.99,239.15,126732
2025-09-26 05:00:00,239.09,239.36,239.04,239.2,83231
2025-09-26 05:05:00,239.19,239.38,239.18,239.26,49373
2025-09-26 05:10:00,239.26,239.33,239.16,239.25,75470
2025-09-26 05:15:00,239.21,239.39,239.08,239.34,77117
2025-09-26 05:20:00,239.33,239.6,239.31,239.52,76390
2025-09-26 05:25:00,239.49,239.57,239.25,239.26,73312
2025-09-26 05:30:00,239.26,239.27,238.85,238.92,49882
2025-09-26 05:35:00,238.9,238.91,238.68,238.76,54519
2025-09-26 05:40:00,238.78,238.85,238.74,238.74,18208
2025-09-26 05:45:00,238.74,238.8,238.53,238.56,29683
2025-09-26 05:50:00,238.6,238.66,238.47,238.59,31709
2025-09-26 05:55:00,238.59,238.92,238.51,238.85,46373
2025-09-26 06:00:00,238.83,238.95,238.83,238.89,19318
2025-09-26 06:05:00,238.9,239.0,238.72,238.72,47208
2025-09-26 06:10:00,238.73,238.77,238.56,238.62,25332
2025-09-26 06:15:00,238.61,238.87,238.59,238.72,55821
2025-09-26 06:20:00,238.73,238.94,238.73,238.84,20559
2025-09-26 06:25:00,238.84,239.13,238.83,238.9,36102
2025-09-26 06:30:00,238.9,238.98,238.71,238.81,35534
2025-09-26 06:35:00,238.71,238.93,238.67,238.67,23084
2025-09-26 06:40:00,238.75,238.75,238.6,238.61,19249
2025-09-26 06:45:00,238.69,238.72,238.4,238.44,63747
2025-09-26 06:50:00,238.44,238.8,238.33,238.68,34482
2025-09-26 06:55:00,238.68,238.79,238.62,238.62,12983
2025-09-26 07:00:00,238.63,238.66,238.4,238.4,31271
2025-09-26 07:05:00,238.42,238.95,238.4,238.82,76689
2025-09-26 07:10:00,238.82,239.0,238.74,238.85,37453
2025-09-26 07:15:00,238.92,239.09,238.84,239.0,50545
2025-09-26 07:20:00,238.96,239.44,238.96,239.25,249593
2025-09-26 07:25:00,239.34,239.35,238.81,239.0,87383
2025-09-26 07:30:00,239.0,239.0,238.81,238.87,48798
2025-09-26 07:35:00,239.0,239.0,238.56,238.82,297120
2025-09-26 07:40:00,238.87,238.96,238.77,238.81,65564
2025-09-26 07:45:00,238.84,238.84,238.44,238.44,86151
2025-09-26 07:50:00,238.44,238.67,238.39,238.55,60198
2025-09-26 07:55:00,238.53,238.61,238.4,238.49,84292
2025-09-26 08:00:00,238.52,238.55,238.05,238.06,120903
2025-09-26 08:05:00,238.04,238.24,237.77,237.87,140875
2025-09-26 08:10:00,237.93,237.98,237.52,237.97,169484
2025-09-26 08:15:00,237.96,238.42,237.88,237.94,57844
2025-09-26 08:20:00,237.96,238.02,237.53,237.59,60172
2025-09-26 08:25:00,237.59,237.88,237.5,237.5,52774
2025-09-26 08:30:00,237.58,237.66,237.28,237.51,70207
2025-09-26 08:35:00,237.44,237.72,237.35,237.72,52666
2025-09-26 08:40:00,237.6,237.76,237.52,237.6,38456
2025-09-26 08:45:00,237.6,237.62,237.27,237.28,48526
2025-09-26 08:50:00,237.34,237.4,236.87,236.91,114046
2025-09-26 08:55:00,237.0,237.1,236.84,236.9,70464
2025-09-26 09:00:00,236.89,237.51,236.87,237.37,116842
2025-09-26 09:05:00,237.29,237.81,237.26,237.79,92098
2025-09-26 09:10:00,237.82,238.25,237.65,238.11,100192
2025-09-26 09:15:00,238.19,238.32,237.77,237.85,78256
2025-09-26 09:20:00,237.85,238.0,237.6,237.7,117527
2025-09-26 09:25:00,237.62,238.31,237.62,238.02,135275
2025-09-26 09:30:00,237.98,238.24,237.68,238.15,128122
2025-09-26 09:35:00,238.04,238.12,237.99,238.02,97509
2025-09-26 09:40:00,238.0,238.3,237.78,237.99,244490
2025-09-26 09:45:00,237.99,238.05,237.86,237.98,132414
2025-09-26 09:50:00,237.98,238.23,237.87,238.11,194309
2025-09-26 09:55:00,238.16,238.33,238.0,238.1,211312
2025-09-29 03:45:00,239.0,239.44,238.17,238.45,248112
2025-09-29 03:50:00,238.58,238.91,238.45,238.78,76275
2025-09-29 03:55:00,238.84,239.0,238.63,238.75,120952
2025-09-29 04:00:00,238.75,239.11,238.64,239.09,104653
2025-09-29 04:05:00,239.09,239.48,239.08,239.48,113600
2025-09-29 04:10:00,239.48,240.17,239.44,240.04,126061
2025-09-29 04:15:00,240.03,240.25,239.85,240.06,119045
2025-09-29 04:20:00,240.05,240.15,239.85,240.0,63894
2025-09-29 04:25:00,240.0,240.25,240.0,240.25,38807
2025-09-29 04:30:00,240.22,240.61,240.18,240.3,93929
2025-09-29 04:35:00,240.3,240.3,240.02,240.14,43310
2025-09-29 04:40:00,240.1,240.24,239.91,240.1,51142
2025-09-29 04:45:00,240.1,240.59,240.02,240.59,89150
2025-09-29 04:50:00,240.54,240.6,240.47,240.57,88069
2025-09-29 04:55:00,240.5,240.56,240.12,240.2,65427
2025-09-29 05:00:00,240.2,240.41,240.04,240.32,71881
2025-09-29 05:05:00,240.36,240.39,240.13,240.37,65138
2025-09-29 05:10:00,240.37,240.4,240.26,240.31,52226
2025-09-29 05:15:00,240.36,240.39,240.13,240.27,59029
2025-09-29 05:20:00,240.21,240.31,240.06,240.1,54182
2025-09-29 05:25:00,240.09,240.4,239.95,240.39,58514
2025-09-29 05:30:00,240.39,240.76,240.36,240.59,92527
2025-09-29 05:35:00,240.58,240.62,240.46,240.55,56688
2025-09-29 05:40:00,240.51,240.68,240.51,240.6,49978
2025-09-29 05:45:00,240.6,240.67,240.54,240.65,52632
2025-09-29 05:50:00,240.62,240.7,240.55,240.63,63541
2025-09-29 05:55:00,240.56,240.66,240.42,240.45,72122
2025-09-29 06:00:00,240.54,240.75,240.44,240.46,90078
2025-09-29 06:05:00,240.46,240.52,240.0,240.4,134248
2025-09-29 06:10:00,240.38,240.42,240.19,240.34,51480
2025-09-29 06:15:00,240.43,240.43,240.14,240.22,65572
2025-09-29 06:20:00,240.2,240.48,240.2,240.38,58630
2025-09-29 06:25:00,240.36,240.75,240.34,240.66,78470
2025-09-29 06:30:00,240.75,240.89,240.5,240.83,116106
2025-09-29 06:35:00,240.86,240.9,240.56,240.72,77866
2025-09-29 06:40:00,240.74,240.75,240.56,240.7,65599
2025-09-29 06:45:00,240.71,240.9,240.08,240.1,136352
2025-09-29 06:50:00,240.1,240.2,240.0,240.05,75719
2025-09-29 06:55:00,240.01,240.16,239.89,240.14,92524
2025-09-29 07:00:00,240.14,240.28,240.05,240.25,59322
2025-09-29 07:05:00,240.26,240.38,239.98,240.01,89208
2025-09-29 07:10:00,239.89,240.1,239.89,239.98,83772
2025-09-29 07:15:00,240.07,240.1,239.9,239.99,85438
2025-09-29 07:20:00,240.1,240.2,239.97,240.03,68903
2025-09-29 07:25:00,240.09,240.32,240.03,240.11,86856
2025-09-29 07:30:00,240.15,240.67,240.1,240.62,144906
2025-09-29 07:35:00,240.63,240.63,240.4,240.44,85550
2025-09-29 07:40:00,240.56,240.74,240.45,240.61,77727
2025-09-29 07:45:00,240.64,240.8,240.6,240.74,82565
2025-09-29 07:50:00,240.8,240.9,240.56,240.71,96437
2025-09-29 07:55:00,240.71,240.79,240.62,240.72,65612
2025-09-29 08:00:00,240.79,240.95,240.66,240.83,97339
2025-09-29 08:05:00,240.92,240.95,240.85,240.94,91416
2025-09-29 08:10:00,240.86,240.95,240.66,240.83,96175
2025-09-29 08:15:00,240.71,240.89,240.57,240.83,79123
2025-09-29 08:20:00,240.72,240.89,240.64,240.81,98710
2025-09-29 08:25:00,240.81,240.9,240.65,240.9,86826
2025-09-29 08:30:00,240.9,241.16,240.78,241.05,217449
2025-09-29 08:35:00,240.94,241.09,240.88,241.04,94044
2025-09-29 08:40:00,240.96,241.05,240.89,240.99,97424
2025-09-29 08:45:00,240.97,241.05,240.8,241.05,97861
2025-09-29 08:50:00,240.97,241.11,240.91,241.05,113661
2025-09-29 08:55:00,240.95,241.08,240.9,241.03,98546
2025-09-29 09:00:00,241.0,241.08,240.9,241.04,144049
2025-09-29 09:05:00,241.0,241.07,240.87,240.9,176383
2025-09-29 09:10:00,240.88,240.95,240.19,240.62,185718
2025-09-29 09:15:00,240.6,240.64,240.21,240.24,154025
2025-09-29 09:20:00,240.23,240.56,240.22,240.48,234439
2025-09-29 09:25:00,240.49,240.68,240.47,240.5,177013
2025-09-29 09:30:00,240.4,240.45,239.93,239.93,746785
2025-09-29 09:35:00,239.98,240.06,239.73,239.77,679477
2025-09-29 09:40:00,239.77,240.13,239.77,239.95,695111
2025-09-29 09:45:00,239.82,239.99,239.79,239.9,692490
2025-09-29 09:50:00,239.96,240.08,239.76,240.01,795884
2025-09-29 09:55:00,239.99,240.38,239.85,239.85,421160
2025-09-30 03:45:00,240.0,240.5,239.7,240.33,243883
2025-09-30 03:50:00,240.37,240.7,240.2,240.2,83595
2025-09-30 03:55:00,240.21,240.35,239.92,239.98,58221
2025-09-30 04:00:00,240.0,240.0,239.66,239.72,64155
2025-09-30 04:05:00,239.72,239.75,239.12,239.16,72342
2025-09-30 04:10:00,239.15,239.4,239.1,239.1,48768
2025-09-30 04:15:00,239.13,239.35,238.93,239.28,82558
2025-09-30 04:20:00,239.3,239.9,239.25,239.73,95748
2025-09-30 04:25:00,239.73,239.89,239.69,239.8,33226
2025-09-30 04:30:00,239.85,240.12,239.85,239.99,34610
2025-09-30 04:35:00,239.99,240.05,239.59,239.67,30170
2025-09-30 04:40:00,239.6,239.76,239.59,239.69,38332
2025-09-30 04:45:00,239.69,239.9,239.69,239.9,24058
2025-09-30 04:50:00,239.9,239.95,239.8,239.85,11415
2025-09-30 04:55:00,239.85,239.85,239.36,239.5,97484
2025-09-30 05:00:00,239.47,239.79,239.44,239.65,26092
2025-09-30 05:05:00,239.7,239.8,239.49,239.56,36388
2025-09-30 05:10:00,239.5,239.69,239.48,239.6,23645
2025-09-30 05:15:00,239.59,239.68,239.42,239.45,91748
2025-09-30 05:20:00,239.43,239.6,239.25,239.38,43691
2025-09-30 05:25:00,239.39,239.69,239.34,239.53,80893
2025-09-30 05:30:00,239.53,239.82,239.39,239.66,107093
2025-09-30 05:35:00,239.65,239.69,239.55,239.64,14706
2025-09-30 05:40:00,239.64,239.85,239.58,239.83,45204
2025-09-30 05:45:00,239.83,240.05,239.76,240.04,18750
2025-09-30 05:50:00,240.04,240.28,240.0,240.17,50046
2025-09-30 05:55:00,240.16,240.29,240.0,240.23,52990
2025-09-30 06:00:00,240.23,240.35,240.2,240.27,36331
2025-09-30 06:05:00,240.27,240.89,240.25,240.6,103513
2025-09-30 06:10:00,240.64,240.7,240.43,240.45,52981
2025-09-30 06:15:00,240.49,240.52,240.36,240.47,24528
2025-09-30 06:20:00,240.48,240.49,240.3,240.38,35468
2025-09-30 06:25:00,240.38,240.39,240.2,240.22,20582
2025-09-30 06:30:00,240.27,240.5,240.22,240.5,18817
2025-09-30 06:35:00,240.46,240.52,240.39,240.46,18173
2025-09-30 06:40:00,240.46,240.48,240.25,240.35,31834
2025-09-30 06:45:00,240.35,240.39,240.1,240.16,52137
2025-09-30 06:50:00,240.25,240.38,240.05,240.06,72761
2025-09-30 06:55:00,240.0,240.14,239.82,239.84,75203
2025-09-30 07:00:00,239.9,239.99,239.74,239.94,91729
2025-09-30 07:05:00,239.9,239.98,239.61,239.77,138007
2025-09-30 07:10:00,239.77,239.77,239.53,239.61,48675
2025-09-30 07:15:00,239.6,239.85,239.5,239.68,108715
2025-09-30 07:20:00,239.75,239.85,239.64,239.78,51043
2025-09-30 07:25:00,239.76,239.79,239.66,239.72,50111
2025-09-30 07:30:00,239.67,239.74,239.4,239.5,66931
2025-09-30 07:35:00,239.51,239.6,239.42,239.5,52827
2025-09-30 07:40:00,239.58,239.61,239.44,239.5,46958
2025-09-30 07:45:00,239.51,239.79,239.47,239.51,55330
2025-09-30 07:50:00,239.43,239.66,239.22,239.31,137359
2025-09-30 07:55:00,239.26,239.42,239.18,239.19,72525
2025-09-30 08:00:00,239.19,239.33,239.05,239.11,203930
2025-09-30 08:05:00,239.12,239.17,238.96,238.99,127413
2025-09-30 08:10:00,239.0,239.13,238.76,238.9,235790
2025-09-30 08:15:00,238.9,239.06,238.81,238.92,60509
2025-09-30 08:20:00,238.96,239.0,238.76,238.82,79177
2025-09-30 08:25:00,238.82,238.99,238.7,238.84,63524
2025-09-30 08:30:00,238.82,238.93,238.74,238.75,52203
2025-09-30 08:35:00,238.76,238.91,238.72,238.76,50261
2025-09-30 08:40:00,238.82,238.91,238.6,238.7,122775
2025-09-30 08:45:00,238.69,238.73,238.5,238.54,62603
2025-09-30 08:50:00,238.54,238.99,238.5,238.98,110788
2025-09-30 08:55:00,238.98,239.0,238.73,238.77,124252
2025-09-30 09:00:00,238.85,239.09,238.71,238.84,141708
2025-09-30 09:05:00,238.92,239.3,238.92,239.15,272066
2025-09-30 09:10:00,239.15,239.39,239.13,239.35,51963
2025-09-30 09:15:00,239.35,239.4,238.92,239.1,129482
2025-09-30 09:20:00,239.07,239.22,238.9,239.12,147543
2025-09-30 09:25:00,239.11,239.61,239.04,239.45,172610
2025-09-30 09:30:00,239.6,239.64,239.39,239.54,408432
2025-09-30 09:35:00,239.54,239.68,239.47,239.62,262509
2025-09-30 09:40:00,239.61,239.61,239.5,239.56,182457
2025-09-30 09:45:00,239.56,239.58,239.55,239.56,210148
2025-09-30 09:50:00,239.57,239.57,239.33,239.53,349084
2025-09-30 09:55:00,239.52,239.58,239.21,239.55,470481
2025-10-01 03:45:00,238.6,240.12,238.47,239.09,175523
2025-10-01 03:50:00,239.09,239.16,238.65,239.16,67093
2025-10-01 03:55:00,239.09,239.59,239.0,239.48,75374
2025-10-01 04:00:00,239.56,240.6,239.54,240.52,85647
2025-10-01 04:05:00,240.55,241.15,240.46,241.15,121109
2025-10-01 04:10:00,241.14,241.68,240.88,241.68,152725
2025-10-01 04:15:00,241.69,242.35,241.26,242.26,198121
2025-10-01 04:20:00,242.35,242.57,242.06,242.39,296822
2025-10-01 04:25:00,242.39,243.0,242.34,242.6,162899
2025-10-01 04:30:00,242.64,243.1,242.0,242.06,243901
2025-10-01 04:35:00,242.06,243.0,241.78,243.0,140585
2025-10-01 04:40:00,242.98,243.25,242.83,243.16,193875
2025-10-01 04:45:00,243.16,244.94,243.16,244.85,790177
2025-10-01 04:50:00,244.84,246.29,244.67,245.25,923923
2025-10-01 04:55:00,245.27,245.75,244.8,245.08,226562
2025-10-01 05:00:00,245.07,245.15,244.48,244.48,154175
2025-10-01 05:05:00,244.42,244.53,243.66,243.7,240233
2025-10-01 05:10:00,243.7,244.01,243.36,243.43,145545
2025-10-01 05:15:00,243.43,243.43,243.1,243.34,145063
2025-10-01 05:20:00,243.35,243.47,243.12,243.24,92366
2025-10-01 05:25:00,243.17,243.34,243.0,243.2,135602
2025-10-01 05:30:00,243.2,243.8,243.05,243.65,120454
2025-10-01 05:35:00,243.66,243.72,243.37,243.48,84057
2025-10-01 05:40:00,243.54,243.54,243.12,243.32,74600
2025-10-01 05:45:00,243.39,243.68,243.39,243.54,67045
2025-10-01 05:50:00,243.5,243.6,243.04,243.21,89865
2025-10-01 05:55:00,243.16,243.35,243.13,243.26,35012
2025-10-01 06:00:00,243.3,243.55,243.2,243.48,30136
2025-10-01 06:05:00,243.49,244.06,243.43,243.68,159883
2025-10-01 06:10:00,243.65,244.0,243.52,244.0,68468
2025-10-01 06:15:00,244.0,244.08,243.56,243.73,110455
2025-10-01 06:20:00,243.73,243.8,243.29,243.49,126371
2025-10-01 06:25:00,243.37,243.51,243.0,243.34,182358
2025-10-01 06:30:00,243.4,243.57,243.14,243.38,111830
2025-10-01 06:35:00,243.37,243.65,243.23,243.31,63008
2025-10-01 06:40:00,243.28,243.5,243.23,243.31,68073
2025-10-01 06:45:00,243.24,243.54,243.07,243.12,70644
2025-10-01 06:50:00,243.12,243.3,243.05,243.17,74537
2025-10-01 06:55:00,243.17,243.38,243.11,243.31,66875
2025-10-01 07:00:00,243.17,243.71,243.17,243.55,154212
2025-10-01 07:05:00,243.44,243.8,243.44,243.8,100519
2025-10-01 07:10:00,243.8,243.8,243.48,243.53,81830
2025-10-01 07:15:00,243.53,243.8,243.37,243.8,85839
2025-10-01 07:20:00,243.7,243.8,243.46,243.75,74293
2025-10-01 07:25:00,243.75,243.94,243.62,243.81,75482
2025-10-01 07:30:00,243.8,244.0,243.78,244.0,77842
2025-10-01 07:35:00,243.91,244.3,243.89,244.29,84512
2025-10-01 07:40:00,244.2,244.32,243.78,243.91,102237
2025-10-01 07:45:00,243.86,244.0,243.61,243.99,77957
2025-10-01 07:50:00,243.87,243.98,243.3,243.43,139803
2025-10-01 07:55:00,243.32,243.5,243.32,243.5,97737
2025-10-01 08:00:00,243.38,243.44,243.18,243.44,91612
2025-10-01 08:05:00,243.28,243.5,243.25,243.5,83221
2025-10-01 08:10:00,243.49,243.5,243.07,243.31,166391
2025-10-01 08:15:00,243.2,243.46,243.08,243.36,87838
2025-10-01 08:20:00,243.26,243.38,243.15,243.23,74979
2025-10-01 08:25:00,243.23,243.4,243.2,243.26,82356
2025-10-01 08:30:00,243.22,243.5,243.2,243.29,83017
2025-10-01 08:35:00,243.2,243.5,243.14,243.43,80505
2025-10-01 08:40:00,243.43,243.5,243.16,243.21,88161
2025-10-01 08:45:00,243.2,243.25,242.8,243.07,170916
2025-10-01 08:50:00,243.15,243.23,243.0,243.1,71998
2025-10-01 08:55:00,243.08,243.5,243.07,243.45,106351
2025-10-01 09:00:00,243.35,243.48,243.11,243.17,85692
2025-10-01 09:05:00,243.17,243.5,243.14,243.31,104143
2025-10-01 09:10:00,243.42,243.5,243.21,243.48,112338
2025-10-01 09:15:00,243.37,243.5,243.26,243.5,86814
2025-10-01 09:20:00,243.49,243.5,243.3,243.41,106494
2025-10-01 09:25:00,243.41,243.46,242.94,243.23,154512
2025-10-01 09:30:00,243.23,243.34,243.12,243.12,103517
2025-10-01 09:35:00,243.13,243.2,242.99,243.05,114847
2025-10-01 09:40:00,243.13,243.19,242.88,242.9,145208
2025-10-01 09:45:00,242.9,243.0,242.88,242.99,259630
2025-10-01 09:50:00,242.98,243.09,242.86,242.9,220463
2025-10-01 09:55:00,242.94,243.45,242.89,243.2,163073
2025-10-03 03:45:00,242.5,242.77,240.37,240.91,262345
2025-10-03 03:50:00,240.91,241.16,240.35,240.53,108633
2025-10-03 03:55:00,240.45,240.9,240.28,240.53,86156
2025-10-03 04:00:00,240.5,240.55,239.7,239.7,126218
2025-10-03 04:05:00,239.81,240.9,239.7,240.9,115724
2025-10-03 04:10:00,240.86,241.0,240.33,240.58,50433
2025-10-03 04:15:00,240.6,240.9,240.58,240.65,42904
2025-10-03 04:20:00,240.6,240.65,240.48,240.64,39174
2025-10-03 04:25:00,240.64,240.75,240.5,240.55,32562
2025-10-03 04:30:00,240.55,240.9,240.12,240.4,74345
2025-10-03 04:35:00,240.51,240.87,240.26,240.62,90547
2025-10-03 04:40:00,240.57,240.65,240.1,240.11,89541
2025-10-03 04:45:00,240.16,240.2,239.86,239.99,85923
2025-10-03 04:50:00,240.0,240.01,239.8,240.0,114122
2025-10-03 04:55:00,240.0,240.5,239.9,240.43,62315
2025-10-03 05:00:00,240.55,240.55,240.14,240.24,62342
2025-10-03 05:05:00,240.25,240.54,240.0,240.45,72667
2025-10-03 05:10:00,240.45,240.55,240.2,240.31,91923
2025-10-03 05:15:00,240.31,240.46,240.23,240.35,87921
2025-10-03 05:20:00,240.41,240.5,240.24,240.47,65560
2025-10-03 05:25:00,240.49,240.76,240.21,240.61,112378
2025-10-03 05:30:00,240.62,241.2,240.62,241.0,203210
2025-10-03 05:35:00,241.0,241.4,240.92,241.15,91047
2025-10-03 05:40:00,241.15,241.4,241.11,241.39,101422
2025-10-03 05:45:00,241.39,241.59,241.38,241.5,119815
2025-10-03 05:50:00,241.49,241.59,241.3,241.34,86629
2025-10-03 05:55:00,241.36,241.6,241.31,241.46,76937
2025-10-03 06:00:00,241.36,241.7,241.36,241.59,100629
2025-10-03 06:05:00,241.58,241.72,241.52,241.59,55542
2025-10-03 06:10:00,241.66,241.78,241.52,241.75,83640
2025-10-03 06:15:00,241.74,241.86,241.42,241.69,177644
2025-10-03 06:20:00,241.69,241.7,241.29,241.45,102505
2025-10-03 06:25:00,241.46,241.56,241.02,241.3,242800
2025-10-03 06:30:00,241.3,241.65,241.11,241.59,106452
2025-10-03 06:35:00,241.59,241.89,240.7,241.36,110791
2025-10-03 06:40:00,241.37,241.63,241.2,241.52,94756
2025-10-03 06:45:00,241.5,241.59,241.2,241.44,86814
2025-10-03 06:50:00,241.4,241.49,241.13,241.24,99139
2025-10-03 06:55:00,241.25,241.35,241.13,241.31,97646
2025-10-03 07:00:00,241.31,241.75,241.05,241.74,521305
2025-10-03 07:05:00,241.73,242.08,241.64,241.9,139235
2025-10-03 07:10:00,241.91,242.06,241.72,241.76,86663
2025-10-03 07:15:00,241.82,242.01,241.74,241.84,96796
2025-10-03 07:20:00,241.92,242.1,241.83,242.0,91947
2025-10-03 07:25:00,242.0,242.08,242.0,242.0,89269
2025-10-03 07:30:00,242.01,242.09,242.0,242.0,67435
2025-10-03 07:35:00,242.01,242.09,242.0,242.07,111252
2025-10-03 07:40:00,242.05,242.1,241.85,242.0,290359
2025-10-03 07:45:00,242.01,242.1,242.0,242.01,66479
2025-10-03 07:50:00,242.04,242.23,242.0,242.14,58818
2025-10-03 07:55:00,242.14,242.27,242.01,242.02,73352
2025-10-03 08:00:00,242.03,242.15,242.0,242.02,70682
2025-10-03 08:05:00,242.02,242.25,241.84,242.0,84381
2025-10-03 08:10:00,241.91,242.13,241.82,242.13,85991
2025-10-03 08:15:00,242.08,242.19,241.85,242.02,75590
2025-10-03 08:20:00,242.07,242.1,241.96,242.09,58240
2025-10-03 08:25:00,242.09,242.41,242.0,242.38,89520
2025-10-03 08:30:00,242.4,243.04,242.35,243.0,357130
2025-10-03 08:35:00,243.0,243.1,242.9,243.0,138628
2025-10-03 08:40:00,243.01,243.1,242.86,242.89,92823
2025-10-03 08:45:00,243.0,243.05,242.57,242.59,117909
2025-10-03 08:50:00,242.65,242.77,242.58,242.65,110028
2025-10-03 08:55:00,242.65,242.94,242.45,242.81,215514
2025-10-03 09:00:00,242.81,242.89,242.62,242.81,114552
2025-10-03 09:05:00,242.82,242.96,242.69,242.94,103359
2025-10-03 09:10:00,242.82,243.04,242.7,242.9,174575
2025-10-03 09:15:00,242.94,243.42,242.84,243.35,310072
2025-10-03 09:20:00,243.35,243.5,243.06,243.45,193523
2025-10-03 09:25:00,243.45,243.67,243.36,243.65,124472
2025-10-03 09:30:00,243.65,244.2,243.37,243.96,340599
2025-10-03 09:35:00,243.97,244.15,243.65,243.65,174029
2025-10-03 09:40:00,243.6,243.79,243.47,243.49,371106
2025-10-03 09:45:00,243.5,244.05,243.49,243.84,406054
2025-10-03 09:50:00,243.87,244.15,243.47,243.5,873209
2025-10-03 09:55:00,243.5,244.05,243.16,243.78,378946
2025-10-06 03:45:00,242.73,245.4,242.73,244.9,228312
2025-10-06 03:50:00,244.9,246.4,244.37,246.23,1074117
2025-10-06 03:55:00,246.2,247.5,245.7,247.27,1442927
2025-10-06 04:00:00,247.5,247.5,246.32,246.38,333460
2025-10-06 04:05:00,246.48,246.99,245.91,246.26,247958
2025-10-06 04:10:00,246.3,246.3,245.5,245.6,153893
2025-10-06 04:15:00,245.6,245.6,244.8,244.89,175510
2025-10-06 04:20:00,244.82,245.15,244.79,245.0,79352
2025-10-06 04:25:00,245.05,245.18,244.82,245.05,104833
2025-10-06 04:30:00,245.05,245.49,245.05,245.16,91365
2025-10-06 04:35:00,245.05,245.16,244.8,244.84,69203
2025-10-06 04:40:00,244.9,244.98,244.6,244.83,74288
2025-10-06 04:45:00,244.83,245.0,244.67,245.0,48004
2025-10-06 04:50:00,244.9,245.2,244.82,245.12,64042
2025-10-06 04:55:00,245.11,245.15,244.66,244.68,50851
2025-10-06 05:00:00,244.75,245.33,244.68,245.11,61147
2025-10-06 05:05:00,245.0,245.18,244.8,245.17,29856
2025-10-06 05:10:00,245.17,245.18,244.76,244.9,40511
2025-10-06 05:15:00,244.8,244.99,244.7,244.99,45819
2025-10-06 05:20:00,244.83,244.97,244.48,244.69,59918
2025-10-06 05:25:00,244.76,244.9,244.63,244.8,34228
2025-10-06 05:30:00,244.78,245.1,244.69,245.1,43430
2025-10-06 05:35:00,245.08,245.1,244.72,244.87,43177
2025-10-06 05:40:00,244.82,245.2,244.7,245.2,84811
2025-10-06 05:45:00,245.2,245.2,244.72,244.8,23220
2025-10-06 05:50:00,244.9,245.0,244.79,244.95,21266
2025-10-06 05:55:00,244.84,244.99,244.71,244.93,28256
2025-10-06 06:00:00,244.99,245.19,244.86,245.07,55697
2025-10-06 06:05:00,245.05,245.07,244.9,245.03,14456
2025-10-06 06:10:00,245.03,245.03,244.78,244.98,12986
2025-10-06 06:15:00,244.95,244.95,244.75,244.9,13015
2025-10-06 06:20:00,244.9,244.99,244.77,244.89,15491
2025-10-06 06:25:00,244.88,244.9,244.59,244.71,54407
2025-10-06 06:30:00,244.71,244.95,244.66,244.68,24424
2025-10-06 06:35:00,244.8,244.87,244.57,244.69,11030
2025-10-06 06:40:00,244.7,244.92,244.6,244.8,15671
2025-10-06 06:45:00,244.91,244.96,244.77,244.88,29315
2025-10-06 06:50:00,244.81,244.95,244.81,244.95,16840
2025-10-06 06:55:00,244.94,244.95,244.8,244.8,20124
2025-10-06 07:00:00,244.87,244.87,244.64,244.75,13271
2025-10-06 07:05:00,244.75,244.8,244.0,244.05,76600
2025-10-06 07:10:00,244.0,244.26,244.0,244.07,56877
2025-10-06 07:15:00,244.05,244.3,244.03,244.3,43085
2025-10-06 07:20:00,244.19,244.4,244.1,244.4,57717
2025-10-06 07:25:00,244.3,244.48,244.17,244.34,50991
2025-10-06 07:30:00,244.34,244.45,244.1,244.23,77222
2025-10-06 07:35:00,244.15,244.43,244.07,244.35,59035
2025-10-06 07:40:00,244.26,244.28,244.01,244.25,42796
2025-10-06 07:45:00,244.13,244.34,243.85,243.94,57025
2025-10-06 07:50:00,243.94,244.0,243.74,243.8,55044
2025-10-06 07:55:00,243.86,244.39,243.74,244.39,73673
2025-10-06 08:00:00,244.34,244.99,244.28,244.94,129393
2025-10-06 08:05:00,244.93,246.1,244.88,245.77,353955
2025-10-06 08:10:00,245.76,246.25,245.41,245.94,146306
2025-10-06 08:15:00,245.99,245.99,245.3,245.42,62582
2025-10-06 08:20:00,245.41,245.41,245.01,245.37,130056
2025-10-06 08:25:00,245.39,245.39,245.14,245.15,41268
2025-10-06 08:30:00,245.27,245.35,245.1,245.2,45312
2025-10-06 08:35:00,245.25,245.34,245.0,245.16,42965
2025-10-06 08:40:00,245.15,245.22,244.9,244.9,53333
2025-10-06 08:45:00,245.0,245.95,244.9,245.72,213134
2025-10-06 08:50:00,245.8,245.94,245.64,245.77,73108
2025-10-06 08:55:00,245.78,245.8,245.52,245.61,82697
2025-10-06 09:00:00,245.62,245.95,245.53,245.77,127064
2025-10-06 09:05:00,245.84,245.95,245.69,245.84,75540
2025-10-06 09:10:00,245.83,245.84,245.48,245.56,48941
2025-10-06 09:15:00,245.48,245.78,245.48,245.71,89086
2025-10-06 09:20:00,245.59,246.8,245.59,246.4,410581
2025-10-06 09:25:00,246.39,246.7,246.09,246.7,235544
2025-10-06 09:30:00,246.7,246.7,246.09,246.09,91867
2025-10-06 09:35:00,246.08,246.27,245.68,245.85,143563
2025-10-06 09:40:00,245.75,245.98,245.64,245.7,134199
2025-10-06 09:45:00,245.69,245.92,245.51,245.83,263064
2025-10-06 09:50:00,245.83,246.06,245.54,245.96,497200
2025-10-06 09:55:00,245.95,246.02,245.53,245.62,251270
2025-10-07 03:45:00,245.86,248.18,245.86,247.87,499922
2025-10-07 03:50:00,247.86,249.5,247.81,249.29,2150505
2025-10-07 03:55:00,249.3,249.4,247.77,247.9,865346
2025-10-07 04:00:00,247.86,248.31,247.61,247.85,449531
2025-10-07 04:05:00,247.85,247.9,246.94,247.6,391176
2025-10-07 04:10:00,247.62,247.8,247.21,247.28,115364
2025-10-07 04:15:00,247.28,248.3,247.2,247.91,538846
2025-10-07 04:20:00,248.0,248.3,247.91,248.02,206685
2025-10-07 04:25:00,248.01,248.16,247.8,248.1,96164
2025-10-07 04:30:00,248.14,248.3,247.91,247.91,192765
2025-10-07 04:35:00,247.96,248.0,247.7,247.85,82079
2025-10-07 04:40:00,247.8,247.89,247.5,247.58,63750
2025-10-07 04:45:00,247.59,247.75,247.47,247.6,66585
2025-10-07 04:50:00,247.6,247.75,246.88,246.96,529740
2025-10-07 04:55:00,246.96,246.98,246.27,246.46,303794
2025-10-07 05:00:00,246.48,246.75,246.06,246.19,105027
2025-10-07 05:05:00,246.33,246.68,246.2,246.45,103516
2025-10-07 05:10:00,246.54,246.56,246.12,246.24,91303
2025-10-07 05:15:00,246.25,246.49,246.12,246.41,83944
2025-10-07 05:20:00,246.42,246.49,246.01,246.09,72623
2025-10-07 05:25:00,246.1,246.18,246.01,246.17,68300
2025-10-07 05:30:00,246.18,246.2,245.81,245.95,98715
2025-10-07 05:35:00,246.0,246.13,245.95,246.04,21638
2025-10-07 05:40:00,246.05,246.48,245.78,246.48,128066
2025-10-07 05:45:00,246.48,246.57,246.25,246.38,42031
2025-10-07 05:50:00,246.38,246.38,246.1,246.21,33976
2025-10-07 05:55:00,246.2,246.37,246.15,246.32,40510
2025-10-07 06:00:00,246.32,246.48,246.0,246.05,43900
2025-10-07 06:05:00,246.05,246.05,245.87,245.99,31818
2025-10-07 06:10:00,245.99,246.15,245.85,246.1,75561
2025-10-07 06:15:00,246.1,246.24,245.97,246.15,29168
2025-10-07 06:20:00,246.14,246.28,246.08,246.16,29290
2025-10-07 06:25:00,246.15,246.28,246.1,246.11,47079
2025-10-07 06:30:00,246.12,246.5,246.09,246.48,91798
2025-10-07 06:35:00,246.47,246.6,246.46,246.54,32252
2025-10-07 06:40:00,246.53,246.74,246.45,246.71,53236
2025-10-07 06:45:00,246.71,246.73,246.43,246.45,33918
2025-10-07 06:50:00,246.46,246.65,246.35,246.45,31336
2025-10-07 06:55:00,246.45,246.67,246.35,246.67,27134
2025-10-07 07:00:00,246.68,246.8,246.57,246.76,36140
2025-10-07 07:05:00,246.76,246.87,246.68,246.75,72530
2025-10-07 07:10:00,246.75,246.78,246.58,246.58,28542
2025-10-07 07:15:00,246.58,246.63,246.35,246.39,46436
2025-10-07 07:20:00,246.41,246.41,246.0,246.07,63554
2025-10-07 07:25:00,246.08,246.25,245.91,246.21,64499
2025-10-07 07:30:00,246.17,246.35,246.06,246.25,44420
2025-10-07 07:35:00,246.24,246.31,246.08,246.24,46611
2025-10-07 07:40:00,246.19,246.26,246.06,246.25,50188
2025-10-07 07:45:00,246.25,246.39,245.65,245.99,77552
2025-10-07 07:50:00,246.02,246.03,245.81,246.0,69572
2025-10-07 07:55:00,245.99,246.12,245.88,245.99,59717
2025-10-07 08:00:00,245.98,246.13,245.87,245.93,215168
2025-10-07 08:05:00,245.92,245.95,245.57,245.75,128931
2025-10-07 08:10:00,245.75,245.96,245.74,245.85,82091
2025-10-07 08:15:00,245.87,246.19,245.87,246.12,55242
2025-10-07 08:20:00,246.11,246.25,245.93,245.97,52537
2025-10-07 08:25:00,245.97,246.0,245.83,245.88,45250
2025-10-07 08:30:00,245.89,246.06,245.85,245.87,61727
2025-10-07 08:35:00,245.89,245.9,245.52,245.58,63154
2025-10-07 08:40:00,245.57,245.7,245.34,245.64,132110
2025-10-07 08:45:00,245.64,245.75,245.4,245.4,74186
2025-10-07 08:50:00,245.43,245.43,245.14,245.19,55810
2025-10-07 08:55:00,245.19,245.5,245.05,245.5,176442
2025-10-07 09:00:00,245.55,245.73,245.38,245.38,48994
2025-10-07 09:05:00,245.37,245.37,244.66,244.88,103860
2025-10-07 09:10:00,244.88,245.0,244.69,244.9,115376
2025-10-07 09:15:00,244.92,245.75,244.81,245.73,144801
2025-10-07 09:20:00,245.73,246.64,245.68,246.38,287581
2025-10-07 09:25:00,246.35,246.4,246.01,246.09,124851
2025-10-07 09:30:00,246.13,246.22,245.5,245.66,225486
2025-10-07 09:35:00,245.69,245.76,245.38,245.41,163469
2025-10-07 09:40:00,245.41,245.54,245.23,245.39,268515
2025-10-07 09:45:00,245.39,245.57,245.08,245.18,258589
2025-10-07 09:50:00,245.16,245.4,244.93,245.25,709631
2025-10-07 09:55:00,245.27,245.5,245.1,245.34,261187
2025-10-08 03:45:00,246.55,246.8,244.74,245.25,288412
2025-10-08 03:50:00,245.23,245.43,244.75,245.24,87247
2025-10-08 03:55:00,245.44,245.77,245.17,245.37,58596
2025-10-08 04:00:00,245.37,245.49,245.04,245.31,43957
2025-10-08 04:05:00,245.32,245.77,245.2,245.55,36914
2025-10-08 04:10:00,245.55,245.86,245.52,245.78,51592
2025-10-08 04:15:00,245.79,245.79,245.0,245.05,49941
2025-10-08 04:20:00,245.04,245.44,244.95,245.12,50544
2025-10-08 04:25:00,245.14,245.52,245.01,245.45,44021
2025-10-08 04:30:00,245.46,245.83,245.46,245.55,61443
2025-10-08 04:35:00,245.55,245.75,245.48,245.59,29782
2025-10-08 04:40:00,245.54,245.63,245.2,245.52,39304
2025-10-08 04:45:00,245.53,245.94,245.46,245.61,47714
2025-10-08 04:50:00,245.6,245.61,245.13,245.13,38486
2025-10-08 04:55:00,245.14,245.89,245.05,245.84,37493
2025-10-08 05:00:00,245.87,245.87,245.21,245.22,19002
2025-10-08 05:05:00,245.23,245.23,244.9,244.92,42763
2025-10-08 05:10:00,244.9,244.95,244.8,244.82,17334
2025-10-08 05:15:00,244.83,244.83,244.55,244.78,50499
2025-10-08 05:20:00,244.76,244.9,244.72,244.77,18177
2025-10-08 05:25:00,244.77,244.77,244.31,244.44,61121
2025-10-08 05:30:00,244.44,244.44,243.8,243.9,96144
2025-10-08 05:35:00,243.88,243.92,243.65,243.8,32747
2025-10-08 05:40:00,243.8,243.99,243.68,243.74,55499
2025-10-08 05:45:00,243.71,243.86,243.35,243.47,38390
2025-10-08 05:50:00,243.47,243.78,243.32,243.7,35597
2025-10-08 05:55:00,243.71,243.99,243.67,243.69,43728
2025-10-08 06:00:00,243.68,243.79,243.61,243.72,16023
2025-10-08 06:05:00,243.69,243.83,243.66,243.7,16608
2025-10-08 06:10:00,243.7,244.07,243.63,243.65,58724
2025-10-08 06:15:00,243.67,243.79,243.5,243.68,29465
2025-10-08 06:20:00,243.71,243.79,243.68,243.73,16687
2025-10-08 06:25:00,243.73,243.75,243.5,243.55,21323
2025-10-08 06:30:00,243.55,243.73,243.28,243.28,29341
2025-10-08 06:35:00,243.27,243.29,243.02,243.25,39163
2025-10-08 06:40:00,243.25,243.28,243.05,243.25,23201
2025-10-08 06:45:00,243.26,243.49,243.19,243.3,20809
2025-10-08 06:50:00,243.3,243.3,243.0,243.04,32667
2025-10-08 06:55:00,243.06,243.06,242.5,242.57,97843
2025-10-08 07:00:00,242.59,242.59,242.06,242.37,99893
2025-10-08 07:05:00,242.4,242.97,242.35,242.5,55641
2025-10-08 07:10:00,242.5,242.56,241.99,242.18,270725
2025-10-08 07:15:00,242.16,242.5,242.1,242.49,26538
2025-10-08 07:20:00,242.49,242.59,242.25,242.44,33033
2025-10-08 07:25:00,242.44,242.68,242.35,242.62,42536
2025-10-08 07:30:00,242.57,242.69,242.26,242.32,39744
2025-10-08 07:35:00,242.35,242.58,242.2,242.56,35735
2025-10-08 07:40:00,242.55,242.59,242.31,242.45,50742
2025-10-08 07:45:00,242.45,242.98,242.34,242.94,61115
2025-10-08 07:50:00,242.94,243.24,242.63,243.17,68820
2025-10-08 07:55:00,243.17,243.39,243.05,243.28,74289
2025-10-08 08:00:00,243.25,243.47,243.07,243.45,47078
2025-10-08 08:05:00,243.44,243.65,243.31,243.55,47477
2025-10-08 08:10:00,243.55,243.75,242.95,243.05,66567
2025-10-08 08:15:00,243.05,243.26,243.02,243.19,49432
2025-10-08 08:20:00,243.19,243.45,243.17,243.33,57812
2025-10-08 08:25:00,243.34,243.45,243.11,243.35,55126
2025-10-08 08:30:00,243.35,243.42,242.8,242.99,83352
2025-10-08 08:35:00,242.99,243.04,242.4,242.53,115757
2025-10-08 08:40:00,242.51,242.73,242.42,242.63,85984
2025-10-08 08:45:00,242.63,242.68,242.33,242.46,55965
2025-10-08 08:50:00,242.49,242.59,242.23,242.44,62165
2025-10-08 08:55:00,242.48,242.51,242.23,242.47,62368
2025-10-08 09:00:00,242.47,242.47,242.25,242.42,47594
2025-10-08 09:05:00,242.35,242.45,242.28,242.34,58085
2025-10-08 09:10:00,242.34,242.45,242.2,242.37,50997
2025-10-08 09:15:00,242.38,242.48,241.65,242.12,210923
2025-10-08 09:20:00,242.11,242.66,241.73,242.64,170496
2025-10-08 09:25:00,242.65,242.65,241.92,242.2,72784
2025-10-08 09:30:00,242.19,242.5,241.96,242.43,111077
2025-10-08 09:35:00,242.43,242.5,242.21,242.36,82489
2025-10-08 09:40:00,242.38,242.39,241.6,241.68,150085
2025-10-08 09:45:00,241.67,241.79,241.14,241.7,213585
2025-10-08 09:50:00,241.63,241.9,241.47,241.77,196273
2025-10-08 09:55:00,241.74,242.05,241.42,241.99,160774
2025-10-09 03:45:00,241.84,242.49,241.45,241.79,146468
2025-10-09 03:50:00,241.76,241.95,241.53,241.95,60878
2025-10-09 03:55:00,241.9,242.6,241.9,242.41,97247
2025-10-09 04:00:00,242.41,242.5,242.0,242.13,54396
2025-10-09 04:05:00,242.13,242.39,241.86,242.25,50413
2025-10-09 04:10:00,242.19,242.23,241.21,241.22,79661
2025-10-09 04:15:00,241.21,241.3,240.91,241.18,72164
2025-10-09 04:20:00,241.13,241.2,240.56,241.0,64116
2025-10-09 04:25:00,240.92,241.17,240.88,241.15,36866
2025-10-09 04:30:00,241.15,241.16,240.92,241.1,34477
2025-10-09 04:35:00,241.03,242.0,240.99,241.71,80991
2025-10-09 04:40:00,241.71,242.01,241.43,241.95,55895
2025-10-09 04:45:00,241.88,242.15,241.72,242.06,54902
2025-10-09 04:50:00,242.06,242.11,241.68,241.87,33062
2025-10-09 04:55:00,241.88,242.44,241.78,242.41,92637
2025-10-09 05:00:00,242.38,242.6,242.05,242.14,77060
2025-10-09 05:05:00,242.07,243.17,242.04,242.9,238451
2025-10-09 05:10:00,242.82,243.0,242.76,242.98,64450
2025-10-09 05:15:00,242.92,243.23,242.82,242.95,174853
2025-10-09 05:20:00,242.89,243.0,242.6,242.9,116732
2025-10-09 05:25:00,242.86,243.0,242.71,242.83,70546
2025-10-09 05:30:00,242.91,243.0,242.81,242.85,48910
2025-10-09 05:35:00,242.83,243.49,242.6,243.35,341353
2025-10-09 05:40:00,243.3,243.5,243.23,243.45,405903
2025-10-09 05:45:00,243.43,243.73,243.4,243.45,174516
2025-10-09 05:50:00,243.47,243.9,243.4,243.48,184488
2025-10-09 05:55:00,243.46,243.5,242.9,242.9,82562
2025-10-09 06:00:00,242.93,243.0,242.75,242.95,83864
2025-10-09 06:05:00,242.94,243.3,242.91,243.15,121537
2025-10-09 06:10:00,243.09,243.38,242.93,243.17,47252
2025-10-09 06:15:00,243.12,243.57,243.04,243.4,202124
2025-10-09 06:20:00,243.37,243.37,243.1,243.31,95442
2025-10-09 06:25:00,243.33,243.5,243.31,243.44,28542
2025-10-09 06:30:00,243.4,243.72,243.33,243.54,43699
2025-10-09 06:35:00,243.51,243.8,243.43,243.79,89942
2025-10-09 06:40:00,243.75,244.0,243.74,244.0,220892
2025-10-09 06:45:00,243.94,244.45,243.93,244.37,240455
2025-10-09 06:50:00,244.36,244.5,244.08,244.18,220159
2025-10-09 06:55:00,244.18,244.25,244.0,244.04,38652
2025-10-09 07:00:00,244.07,244.2,243.82,243.84,46051
2025-10-09 07:05:00,243.84,244.12,243.8,243.94,35565
2025-10-09 07:10:00,243.88,243.98,243.78,243.97,35863
2025-10-09 07:15:00,243.98,244.24,243.79,244.24,45503
2025-10-09 07:20:00,244.2,244.32,244.06,244.14,50142
2025-10-09 07:25:00,244.14,244.15,243.6,243.67,77536
2025-10-09 07:30:00,243.63,243.92,243.6,243.82,53026
2025-10-09 07:35:00,243.86,244.04,243.79,243.9,56510
2025-10-09 07:40:00,243.84,243.94,243.6,243.62,72410
2025-10-09 07:45:00,243.61,243.92,243.43,243.78,91666
2025-10-09 07:50:00,243.78,243.87,243.09,243.12,114667
2025-10-09 07:55:00,243.13,243.23,242.89,243.1,212031
2025-10-09 08:00:00,242.99,243.52,242.95,243.03,216262
2025-10-09 08:05:00,243.01,243.25,242.8,242.81,136499
2025-10-09 08:10:00,242.8,243.25,242.8,243.12,72803
2025-10-09 08:15:00,243.13,243.49,243.05,243.09,157375
2025-10-09 08:20:00,243.08,243.25,243.01,243.19,76494
2025-10-09 08:25:00,243.18,243.25,242.94,243.04,91052
2025-10-09 08:30:00,243.13,243.25,242.96,243.12,89052
2025-10-09 08:35:00,243.12,243.25,242.82,243.0,120816
2025-10-09 08:40:00,242.93,243.15,242.73,242.86,110400
2025-10-09 08:45:00,242.86,242.91,242.45,242.51,152325
2025-10-09 08:50:00,242.47,242.68,242.41,242.58,97388
2025-10-09 08:55:00,242.46,242.68,242.45,242.59,159953
2025-10-09 09:00:00,242.59,242.65,242.29,242.37,215101
2025-10-09 09:05:00,242.31,243.25,242.31,243.14,194245
2025-10-09 09:10:00,243.1,243.15,242.76,242.89,73883
2025-10-09 09:15:00,242.89,243.12,242.7,242.72,103493
2025-10-09 09:20:00,242.72,243.12,242.67,243.12,120234
2025-10-09 09:25:00,243.07,243.25,243.05,243.25,123536
2025-10-09 09:30:00,243.24,243.85,243.22,243.6,227660
2025-10-09 09:35:00,243.6,243.75,243.55,243.56,103385
2025-10-09 09:40:00,243.6,243.6,243.13,243.24,552301
2025-10-09 09:45:00,243.26,243.57,243.2,243.55,198763
2025-10-09 09:50:00,243.54,243.55,243.29,243.53,293270
2025-10-09 09:55:00,243.52,243.84,243.19,243.36,265475
2025-10-10 03:45:00,244.05,245.9,243.6,245.9,410410
2025-10-10 03:50:00,245.95,246.76,245.9,246.6,374496
2025-10-10 03:55:00,246.59,247.08,246.12,246.82,344041
2025-10-10 04:00:00,246.9,246.9,246.41,246.83,180803
2025-10-10 04:05:00,246.83,246.83,245.55,245.88,342805
2025-10-10 04:10:00,245.88,246.2,245.77,246.2,100008
2025-10-10 04:15:00,246.2,246.5,246.09,246.15,77500
2025-10-10 04:20:00,246.2,246.2,245.5,245.64,204723
2025-10-10 04:25:00,245.51,246.1,245.51,246.0,42269
2025-10-10 04:30:00,246.0,246.47,246.0,246.41,103623
2025-10-10 04:35:00,246.41,246.5,246.02,246.3,46486
2025-10-10 04:40:00,246.3,246.46,246.18,246.35,29716
2025-10-10 04:45:00,246.43,246.45,246.3,246.41,45770
2025-10-10 04:50:00,246.41,246.65,246.16,246.3,118992
2025-10-10 04:55:00,246.26,246.3,246.15,246.22,35302
2025-10-10 05:00:00,246.2,246.45,246.17,246.37,31412
2025-10-10 05:05:00,246.4,246.4,246.15,246.23,27294
2025-10-10 05:10:00,246.22,246.29,246.15,246.18,38397
2025-10-10 05:15:00,246.16,246.2,245.96,246.18,80837
2025-10-10 05:20:00,246.18,246.31,246.18,246.3,34517
2025-10-10 05:25:00,246.31,246.5,246.17,246.5,74557
2025-10-10 05:30:00,246.5,246.68,246.41,246.5,53190
2025-10-10 05:35:00,246.5,246.52,246.15,246.19,32117
2025-10-10 05:40:00,246.16,246.23,246.1,246.22,25562
2025-10-10 05:45:00,246.24,246.48,246.17,246.45,37355
2025-10-10 05:50:00,246.4,246.41,246.18,246.3,23790
2025-10-10 05:55:00,246.3,246.43,246.15,246.35,26418
2025-10-10 06:00:00,246.4,246.44,246.22,246.34,32141
2025-10-10 06:05:00,246.22,246.35,246.15,246.18,19282
2025-10-10 06:10:00,246.17,246.23,246.06,246.15,21463
2025-10-10 06:15:00,246.15,246.34,246.1,246.3,30751
2025-10-10 06:20:00,246.34,246.4,246.12,246.26,35693
2025-10-10 06:25:00,246.26,246.27,245.64,245.74,76514
2025-10-10 06:30:00,245.74,246.0,245.74,245.86,38448
2025-10-10 06:35:00,245.85,245.93,245.6,245.61,42731
2025-10-10 06:40:00,245.61,245.78,245.42,245.69,137119
2025-10-10 06:45:00,245.7,245.74,245.5,245.56,44827
2025-10-10 06:50:00,245.56,245.69,245.5,245.64,51759
2025-10-10 06:55:00,245.64,245.65,245.51,245.58,29268
2025-10-10 07:00:00,245.56,245.65,245.52,245.55,37907
2025-10-10 07:05:00,245.6,245.63,245.52,245.55,33900
2025-10-10 07:10:00,245.56,246.0,245.52,245.95,94581
2025-10-10 07:15:00,245.95,246.0,245.9,246.0,46877
2025-10-10 07:20:00,246.0,246.0,245.71,245.76,61954
2025-10-10 07:25:00,245.76,245.99,245.71,245.99,44703
2025-10-10 07:30:00,246.01,246.4,246.01,246.24,88141
2025-10-10 07:35:00,246.2,246.27,246.06,246.15,34918
2025-10-10 07:40:00,246.07,246.18,246.05,246.18,34296
2025-10-10 07:45:00,246.16,246.18,246.09,246.15,46388
2025-10-10 07:50:00,246.18,246.18,245.96,246.02,57241
2025-10-10 07:55:00,246.06,246.14,245.74,245.92,158660
2025-10-10 08:00:00,245.91,246.2,245.85,246.1,40341
2025-10-10 08:05:00,246.1,246.2,246.05,246.2,48658
2025-10-10 08:10:00,246.17,246.25,246.02,246.25,86216
2025-10-10 08:15:00,246.21,246.32,246.2,246.25,59115
2025-10-10 08:20:00,246.25,246.3,246.2,246.25,39270
2025-10-10 08:25:00,246.28,246.32,246.2,246.3,48226
2025-10-10 08:30:00,246.23,246.32,246.2,246.21,48819
2025-10-10 08:35:00,246.27,246.28,246.06,246.14,78242
2025-10-10 08:40:00,246.14,246.16,246.01,246.08,48634
2025-10-10 08:45:00,246.03,246.56,246.0,246.52,271413
2025-10-10 08:50:00,246.48,246.75,246.25,246.7,132052
2025-10-10 08:55:00,246.69,246.73,246.51,246.64,72094
2025-10-10 09:00:00,246.66,246.66,246.38,246.42,88964
2025-10-10 09:05:00,246.42,246.42,246.25,246.3,47612
2025-10-10 09:10:00,246.26,246.31,245.99,246.08,235824
2025-10-10 09:15:00,246.15,246.29,245.87,246.16,178109
2025-10-10 09:20:00,246.16,246.5,246.04,246.43,122431
2025-10-10 09:25:00,246.5,246.5,246.19,246.35,98579
2025-10-10 09:30:00,246.24,246.4,246.08,246.37,461641
2025-10-10 09:35:00,246.39,246.54,246.36,246.53,486210
2025-10-10 09:40:00,246.54,246.73,246.16,246.24,469969
2025-10-10 09:45:00,246.25,246.65,246.25,246.4,520892
2025-10-10 09:50:00,246.41,246.42,245.99,246.06,579980
2025-10-10 09:55:00,246.06,246.53,245.9,245.9,526921
2025-10-13 03:45:00,245.0,245.68,242.02,242.53,312217
2025-10-13 03:50:00,242.62,242.65,241.8,242.22,240760
2025-10-13 03:55:00,242.13,242.82,242.05,242.05,260859
2025-10-13 04:00:00,242.07,242.31,241.61,242.01,283365
2025-10-13 04:05:00,242.05,242.72,241.8,242.67,149727
2025-10-13 04:10:00,242.67,243.09,242.67,243.0,135169
2025-10-13 04:15:00,243.04,243.6,242.58,243.37,274653
2025-10-13 04:20:00,243.36,243.36,242.76,243.09,346270
2025-10-13 04:25:00,243.09,243.15,242.5,242.9,523433
2025-10-13 04:30:00,242.92,243.0,242.51,242.94,130756
2025-10-13 04:35:00,242.94,243.03,242.75,243.03,61431
2025-10-13 04:40:00,243.03,243.03,242.65,242.91,72232
2025-10-13 04:45:00,242.91,242.97,242.56,242.82,119085
2025-10-13 04:50:00,242.82,242.82,242.2,242.2,239628
2025-10-13 04:55:00,242.2,242.44,242.14,242.37,71217
2025-10-13 05:00:00,242.4,242.75,242.36,242.68,51337
2025-10-13 05:05:00,242.68,242.76,242.58,242.65,42894
2025-10-13 05:10:00,242.65,242.98,242.58,242.89,64562
2025-10-13 05:15:00,242.88,243.03,242.76,243.03,49331
2025-10-13 05:20:00,243.0,243.03,242.59,242.7,51227
2025-10-13 05:25:00,242.71,242.88,242.56,242.8,89386
2025-10-13 05:30:00,242.8,242.8,242.25,242.33,186695
2025-10-13 05:35:00,242.44,242.5,242.2,242.39,273286
2025-10-13 05:40:00,242.4,242.4,241.78,242.14,199289
2025-10-13 05:45:00,242.14,242.35,242.04,242.08,39799
2025-10-13 05:50:00,242.08,242.13,241.54,241.57,101927
2025-10-13 05:55:00,241.57,241.65,241.38,241.52,112825
2025-10-13 06:00:00,241.52,242.09,241.46,242.06,210490
2025-10-13 06:05:00,242.06,242.27,241.97,242.25,160528
2025-10-13 06:10:00,242.25,242.29,242.12,242.2,53473
2025-10-13 06:15:00,242.21,242.53,242.04,242.45,132797
2025-10-13 06:20:00,242.45,242.9,242.35,242.63,305055
2025-10-13 06:25:00,242.63,243.08,242.48,243.04,408183
2025-10-13 06:30:00,243.01,243.07,242.92,243.0,164929
2025-10-13 06:35:00,243.0,243.2,243.0,243.12,50379
2025-10-13 06:40:00,243.12,243.49,243.1,243.45,73387
2025-10-13 06:45:00,243.45,243.5,243.36,243.44,63068
2025-10-13 06:50:00,243.43,243.44,243.17,243.24,32141
2025-10-13 06:55:00,243.24,243.42,243.14,243.17,47607
2025-10-13 07:00:00,243.25,243.25,243.0,243.03,100286
2025-10-13 07:05:00,243.04,243.04,242.7,242.84,74584
2025-10-13 07:10:00,242.78,243.18,242.78,243.17,61353
2025-10-13 07:15:00,243.13,243.16,243.02,243.04,21066
2025-10-13 07:20:00,243.1,243.12,243.0,243.03,34164
2025-10-13 07:25:00,243.06,243.13,243.0,243.1,295880
2025-10-13 07:30:00,243.1,243.11,242.77,242.92,498598
2025-10-13 07:35:00,242.92,243.15,242.79,243.09,227173
2025-10-13 07:40:00,243.1,243.49,243.09,243.25,109660
2025-10-13 07:45:00,243.25,243.26,243.06,243.07,46123
2025-10-13 07:50:00,243.11,243.19,243.0,243.03,46430
2025-10-13 07:55:00,243.03,243.08,243.0,243.0,59336
2025-10-13 08:00:00,243.0,243.25,242.98,243.25,76047
2025-10-13 08:05:00,243.18,243.63,243.12,243.47,871627
2025-10-13 08:10:00,243.57,244.1,243.41,243.9,437319
2025-10-13 08:15:00,243.84,244.1,243.82,244.0,65095
2025-10-13 08:20:00,244.05,244.05,243.8,243.97,137898
2025-10-13 08:25:00,244.01,244.07,243.78,243.84,339669
2025-10-13 08:30:00,243.89,244.13,243.71,244.0,205241
2025-10-13 08:35:00,244.01,244.04,243.9,244.0,175760
2025-10-13 08:40:00,244.0,244.02,243.77,243.77,124808
2025-10-13 08:45:00,243.78,244.24,243.76,244.1,192380
2025-10-13 08:50:00,244.1,244.28,243.9,243.99,107961
2025-10-13 08:55:00,244.0,244.35,243.95,244.1,108147
2025-10-13 09:00:00,244.14,244.27,243.98,244.06,117441
2025-10-13 09:05:00,244.06,244.1,243.95,243.97,46624
2025-10-13 09:10:00,243.96,244.1,243.84,243.88,35259
2025-10-13 09:15:00,243.86,243.95,243.75,243.76,49143
2025-10-13 09:20:00,243.8,243.89,243.52,243.55,79441
2025-10-13 09:25:00,243.53,243.65,243.44,243.52,61755
2025-10-13 09:30:00,243.56,244.13,243.44,244.03,414941
2025-10-13 09:35:00,244.03,244.21,244.01,244.05,189915
2025-10-13 09:40:00,244.06,244.18,244.01,244.04,180213
2025-10-13 09:45:00,244.06,244.24,244.04,244.18,200061
2025-10-13 09:50:00,244.18,244.25,244.13,244.23,371722
2025-10-13 09:55:00,244.22,244.24,244.0,244.0,228594
2025-10-14 03:45:00,245.3,247.33,244.84,246.95,487181
2025-10-14 03:50:00,246.95,247.8,246.82,247.67,404969
2025-10-14 03:55:00,247.67,248.16,247.6,247.69,807518
2025-10-14 04:00:00,247.85,248.1,246.72,247.66,615030
2025-10-14 04:05:00,247.66,247.66,247.05,247.12,117703
2025-10-14 04:10:00,247.05,247.92,247.05,247.2,147453
2025-10-14 04:15:00,247.2,247.8,247.1,247.67,205873
2025-10-14 04:20:00,247.67,248.49,247.41,248.24,382852
2025-10-14 04:25:00,248.17,248.4,247.82,247.92,187486
2025-10-14 04:30:00,247.93,248.1,247.64,247.71,164737
2025-10-14 04:35:00,247.71,247.74,247.4,247.64,106510
2025-10-14 04:40:00,247.64,248.65,247.58,248.33,320499
2025-10-14 04:45:00,248.3,248.31,247.81,248.0,147224
2025-10-14 04:50:00,248.0,248.6,247.82,248.6,293805
2025-10-14 04:55:00,248.6,248.74,247.94,248.04,416616
2025-10-14 05:00:00,248.0,248.2,247.73,247.89,156597
2025-10-14 05:05:00,247.86,248.03,247.6,247.65,184956
2025-10-14 05:10:00,247.65,247.75,247.41,247.75,137853
2025-10-14 05:15:00,247.65,247.91,247.21,247.46,181952
2025-10-14 05:20:00,247.46,247.73,247.14,247.55,113635
2025-10-14 05:25:00,247.5,248.36,247.35,248.25,191703
2025-10-14 05:30:00,248.3,248.65,248.02,248.15,820548
2025-10-14 05:35:00,248.15,248.2,247.5,247.55,132222
2025-10-14 05:40:00,247.6,247.75,247.5,247.64,95299
2025-10-14 05:45:00,247.64,247.75,247.44,247.53,91119
2025-10-14 05:50:00,247.53,247.85,247.48,247.49,81199
2025-10-14 05:55:00,247.53,247.55,247.15,247.21,164529
2025-10-14 06:00:00,247.23,247.29,246.86,246.97,377096
2025-10-14 06:05:00,246.95,247.07,246.65,247.03,251854
2025-10-14 06:10:00,247.04,247.2,247.0,247.13,44485
2025-10-14 06:15:00,247.2,247.4,247.01,247.32,58483
2025-10-14 06:20:00,247.32,247.33,246.99,247.03,120723
2025-10-14 06:25:00,247.05,247.28,247.01,247.19,30805
2025-10-14 06:30:00,247.14,247.19,246.95,246.99,54373
2025-10-14 06:35:00,246.99,247.36,246.9,247.24,214219
2025-10-14 06:40:00,247.17,247.33,246.6,246.63,266708
2025-10-14 06:45:00,246.67,247.33,246.6,247.13,172006
2025-10-14 06:50:00,247.13,247.13,247.0,247.03,24255
2025-10-14 06:55:00,247.0,247.05,246.33,246.33,217884
2025-10-14 07:00:00,246.33,246.45,246.11,246.16,74210
2025-10-14 07:05:00,246.16,246.2,245.4,245.42,200894
2025-10-14 07:10:00,245.42,245.67,245.18,245.45,68337
2025-10-14 07:15:00,245.45,245.68,245.35,245.41,61265
2025-10-14 07:20:00,245.41,245.77,245.16,245.42,60808
2025-10-14 07:25:00,245.42,245.76,245.39,245.69,60972
2025-10-14 07:30:00,245.69,245.7,245.26,245.55,62984
2025-10-14 07:35:00,245.55,245.83,245.31,245.38,61483
2025-10-14 07:40:00,245.33,245.55,245.22,245.33,41107
2025-10-14 07:45:00,245.33,245.85,245.25,245.7,74456
2025-10-14 07:50:00,245.76,246.09,245.63,245.66,203013
2025-10-14 07:55:00,245.63,246.26,245.63,246.07,187712
2025-10-14 08:00:00,246.0,246.39,246.0,246.31,61698
2025-10-14 08:05:00,246.35,246.69,246.03,246.6,460504
2025-10-14 08:10:00,246.6,246.79,246.02,246.02,131555
2025-10-14 08:15:00,246.0,246.75,245.93,246.31,149609
2025-10-14 08:20:00,246.24,246.42,246.0,246.05,73516
2025-10-14 08:25:00,246.05,246.24,245.87,246.0,79922
2025-10-14 08:30:00,245.9,246.2,245.57,245.87,81898
2025-10-14 08:35:00,245.93,246.12,245.73,245.81,65778
2025-10-14 08:40:00,245.71,245.82,245.4,245.78,139336
2025-10-14 08:45:00,245.78,245.83,245.38,245.51,60163
2025-10-14 08:50:00,245.5,245.9,245.35,245.82,100696
2025-10-14 08:55:00,245.85,245.97,245.7,245.71,92327
2025-10-14 09:00:00,245.81,246.0,245.7,246.0,76382
2025-10-14 09:05:00,246.0,246.34,245.88,246.08,239421
2025-10-14 09:10:00,246.08,246.08,245.7,245.71,92407
2025-10-14 09:15:00,245.67,245.9,245.31,245.4,148395
2025-10-14 09:20:00,245.4,245.43,245.0,245.22,143861
2025-10-14 09:25:00,245.14,245.31,245.01,245.23,98229
2025-10-14 09:30:00,245.22,245.6,245.03,245.44,225181
2025-10-14 09:35:00,245.46,245.49,245.04,245.11,144832
2025-10-14 09:40:00,245.11,245.17,244.57,244.69,214942
2025-10-14 09:45:00,244.69,244.8,244.23,244.43,313798
2025-10-14 09:50:00,244.45,244.5,244.18,244.42,285444
2025-10-14 09:55:00,244.37,244.5,243.9,244.15,209807
2025-10-15 03:45:00,244.69,245.92,244.29,245.92,174703
2025-10-15 03:50:00,245.82,246.15,245.58,246.15,65148
2025-10-15 03:55:00,246.06,246.31,245.94,246.25,66959
2025-10-15 04:00:00,246.25,246.5,245.73,245.98,82513
2025-10-15 04:05:00,246.01,246.1,245.83,245.99,35150
2025-10-15 04:10:00,245.96,246.3,245.75,246.06,148727
2025-10-15 04:15:00,246.11,246.23,245.84,245.92,29099
2025-10-15 04:20:00,245.92,246.0,245.76,245.97,25538
2025-10-15 04:25:00,246.0,246.0,245.71,245.8,20201
2025-10-15 04:30:00,245.8,245.99,245.42,245.42,52974
2025-10-15 04:35:00,245.43,245.8,245.42,245.44,21606
2025-10-15 04:40:00,245.5,245.71,245.3,245.61,18347
2025-10-15 04:45:00,245.61,245.8,245.33,245.44,27515
2025-10-15 04:50:00,245.39,245.7,245.39,245.6,10480
2025-10-15 04:55:00,245.59,245.89,245.53,245.66,46491
2025-10-15 05:00:00,245.66,245.8,245.59,245.8,46227
2025-10-15 05:05:00,245.76,245.98,245.76,245.83,31340
2025-10-15 05:10:00,245.83,245.95,245.76,245.79,32696
2025-10-15 05:15:00,245.83,245.97,245.76,245.9,17813
2025-10-15 05:20:00,245.88,246.72,245.76,246.69,179085
2025-10-15 05:25:00,246.65,247.13,246.57,247.08,145429
2025-10-15 05:30:00,247.08,247.13,246.9,247.05,144510
2025-10-15 05:35:00,247.05,247.35,246.9,247.27,68829
2025-10-15 05:40:00,247.16,247.75,247.0,247.58,117564
2025-10-15 05:45:00,247.65,247.67,247.3,247.5,105043
2025-10-15 05:50:00,247.5,247.67,247.4,247.56,68248
2025-10-15 05:55:00,247.64,247.81,247.44,247.71,114979
2025-10-15 06:00:00,247.71,247.71,247.51,247.54,37996
2025-10-15 06:05:00,247.59,247.6,247.36,247.42,70969
2025-10-15 06:10:00,247.42,247.62,247.34,247.56,37640
2025-10-15 06:15:00,247.49,247.57,247.43,247.5,57981
2025-10-15 06:20:00,247.53,247.87,247.49,247.77,119709
2025-10-15 06:25:00,247.79,247.95,247.7,247.8,119488
2025-10-15 06:30:00,247.71,247.86,247.7,247.77,41099
2025-10-15 06:35:00,247.7,247.85,247.61,247.63,28924
2025-10-15 06:40:00,247.72,247.84,247.58,247.59,192020
2025-10-15 06:45:00,247.57,247.98,247.57,247.78,137674
2025-10-15 06:50:00,247.71,247.81,247.68,247.8,38895
2025-10-15 06:55:00,247.73,248.18,247.72,248.0,163095
2025-10-15 07:00:00,248.09,248.19,248.0,248.08,57282
2025-10-15 07:05:00,248.12,248.13,247.9,248.03,53762
2025-10-15 07:10:00,248.02,248.1,247.75,247.87,61166
2025-10-15 07:15:00,247.8,247.88,247.51,247.56,65824
2025-10-15 07:20:00,247.56,247.61,247.2,247.53,77303
2025-10-15 07:25:00,247.4,247.52,247.08,247.19,54848
2025-10-15 07:30:00,247.19,247.34,247.07,247.3,44561
2025-10-15 07:35:00,247.3,247.3,247.18,247.28,52088
2025-10-15 07:40:00,247.2,247.32,247.18,247.19,48993
2025-10-15 07:45:00,247.2,247.32,247.16,247.2,53334
2025-10-15 07:50:00,247.27,247.4,247.2,247.31,46620
2025-10-15 07:55:00,247.21,247.49,247.2,247.3,51382
2025-10-15 08:00:00,247.27,247.38,247.17,247.23,54938
2025-10-15 08:05:00,247.22,247.37,247.22,247.32,48096
2025-10-15 08:10:00,247.32,247.5,247.22,247.28,73084
2025-10-15 08:15:00,247.31,247.96,247.31,247.89,61836
2025-10-15 08:20:00,247.89,247.91,247.54,247.64,76603
2025-10-15 08:25:00,247.64,247.7,247.3,247.35,71421
2025-10-15 08:30:00,247.43,247.7,247.14,247.39,307443
2025-10-15 08:35:00,247.36,247.45,246.98,247.25,237965
2025-10-15 08:40:00,247.25,247.3,247.02,247.21,82326
2025-10-15 08:45:00,247.1,247.25,246.93,247.0,55387
2025-10-15 08:50:00,246.99,247.09,246.69,246.81,95566
2025-10-15 08:55:00,246.8,246.93,246.65,246.85,53435
2025-10-15 09:00:00,246.92,247.26,246.85,247.16,85073
2025-10-15 09:05:00,247.15,247.34,247.15,247.31,50268
2025-10-15 09:10:00,247.31,247.34,247.08,247.15,101266
2025-10-15 09:15:00,247.08,247.25,246.71,246.81,85849
2025-10-15 09:20:00,246.81,247.0,246.72,246.81,113496
2025-10-15 09:25:00,246.83,247.14,246.8,247.1,74278
2025-10-15 09:30:00,247.09,247.39,246.94,247.39,414447
2025-10-15 09:35:00,247.4,247.6,247.39,247.47,458198
2025-10-15 09:40:00,247.47,247.62,247.47,247.61,335859
2025-10-15 09:45:00,247.62,247.97,247.61,247.97,625647
2025-10-15 09:50:00,247.92,248.0,247.78,247.95,702617
2025-10-15 09:55:00,247.95,248.02,247.7,247.8,625868
2025-10-16 03:45:00,248.0,248.3,246.23,246.84,189506
2025-10-16 03:50:00,246.81,246.97,246.46,246.52,56876
2025-10-16 03:55:00,246.55,247.15,246.43,247.04,157495
2025-10-16 04:00:00,247.04,247.04,247.0,247.0,182710
2025-10-16 04:05:00,247.03,247.29,247.0,247.04,220887
2025-10-16 04:10:00,247.01,247.54,247.0,247.29,60563
2025-10-16 04:15:00,247.25,247.29,247.0,247.01,67661
2025-10-16 04:20:00,247.08,247.23,247.0,247.04,20965
2025-10-16 04:25:00,247.04,247.07,246.42,246.6,256709
2025-10-16 04:30:00,246.95,247.23,246.59,247.03,496975
2025-10-16 04:35:00,247.03,247.1,246.58,246.7,129716
2025-10-16 04:40:00,246.7,246.7,246.12,246.17,57499
2025-10-16 04:45:00,246.17,246.29,246.0,246.1,44376
2025-10-16 04:50:00,246.1,246.49,246.1,246.35,18167
2025-10-16 04:55:00,246.35,246.75,246.27,246.65,16555
2025-10-16 05:00:00,246.61,246.87,246.55,246.7,47055
2025-10-16 05:05:00,246.61,246.83,246.61,246.65,7674
2025-10-16 05:10:00,246.76,246.94,246.62,246.65,13850
2025-10-16 05:15:00,246.63,246.68,246.5,246.5,7519
2025-10-16 05:20:00,246.56,246.62,246.21,246.35,19632
2025-10-16 05:25:00,246.42,246.47,246.28,246.35,10263
2025-10-16 05:30:00,246.33,246.48,246.26,246.45,16176
2025-10-16 05:35:00,246.45,247.19,246.43,247.15,44963
2025-10-16 05:40:00,247.15,247.39,246.81,246.9,26388
2025-10-16 05:45:00,246.99,247.32,246.89,247.12,18571
2025-10-16 05:50:00,247.12,247.15,246.95,247.0,6850
2025-10-16 05:55:00,247.0,247.19,247.0,247.18,7795
2025-10-16 06:00:00,247.16,247.27,246.95,246.98,14861
2025-10-16 06:05:00,246.98,246.98,246.62,246.8,15905
2025-10-16 06:10:00,246.8,246.8,246.61,246.63,6352
2025-10-16 06:15:00,246.63,246.7,246.3,246.36,34811
2025-10-16 06:20:00,246.45,246.45,246.27,246.3,9386
2025-10-16 06:25:00,246.41,247.1,246.3,246.91,70327
2025-10-16 06:30:00,246.94,247.15,246.9,247.0,43486
2025-10-16 06:35:00,247.0,247.1,247.0,247.02,47549
2025-10-16 06:40:00,247.02,247.25,246.82,247.25,163011
2025-10-16 06:45:00,247.16,247.41,247.07,247.07,42223
2025-10-16 06:50:00,247.16,247.28,247.05,247.25,35784
2025-10-16 06:55:00,247.25,247.4,247.13,247.28,25431
2025-10-16 07:00:00,247.36,247.36,247.12,247.2,30931
2025-10-16 07:05:00,247.13,247.24,247.07,247.13,33238
2025-10-16 07:10:00,247.13,247.37,247.05,247.1,36784
2025-10-16 07:15:00,247.18,247.45,247.09,247.3,29514
2025-10-16 07:20:00,247.3,247.8,247.25,247.62,74844
2025-10-16 07:25:00,247.72,247.76,247.46,247.52,29558
2025-10-16 07:30:00,247.52,248.24,247.52,248.02,133803
2025-10-16 07:35:00,248.11,248.13,248.0,248.0,50757
2025-10-16 07:40:00,248.02,248.1,247.87,248.1,146325
2025-10-16 07:45:00,248.1,248.25,247.93,248.04,48806
2025-10-16 07:50:00,248.0,248.08,247.73,247.8,54588
2025-10-16 07:55:00,247.79,248.05,247.79,247.92,84831
2025-10-16 08:00:00,247.92,248.03,247.71,247.9,169313
2025-10-16 08:05:00,247.9,248.13,247.9,248.0,121847
2025-10-16 08:10:00,248.02,248.14,247.91,248.05,50723
2025-10-16 08:15:00,248.14,248.14,248.0,248.07,42977
2025-10-16 08:20:00,248.14,248.18,248.0,248.01,43172
2025-10-16 08:25:00,248.09,248.1,247.98,248.07,44279
2025-10-16 08:30:00,248.07,248.13,248.0,248.0,32728
2025-10-16 08:35:00,248.0,248.15,248.0,248.15,56777
2025-10-16 08:40:00,248.11,248.2,248.0,248.01,109407
2025-10-16 08:45:00,248.0,248.13,248.0,248.1,34771
2025-10-16 08:50:00,248.03,248.18,248.0,248.17,58432
2025-10-16 08:55:00,248.1,248.2,247.86,247.96,67674
2025-10-16 09:00:00,247.93,248.13,247.78,248.03,76627
2025-10-16 09:05:00,248.12,248.5,248.0,248.22,126900
2025-10-16 09:10:00,248.26,248.26,248.1,248.23,39841
2025-10-16 09:15:00,248.24,248.43,248.1,248.16,77355
2025-10-16 09:20:00,248.21,248.5,248.05,248.25,162384
2025-10-16 09:25:00,248.25,248.6,248.25,248.39,155168
2025-10-16 09:30:00,248.38,248.5,248.25,248.31,95275
2025-10-16 09:35:00,248.33,248.34,248.15,248.27,105058
2025-10-16 09:40:00,248.33,248.33,248.07,248.09,147997
2025-10-16 09:45:00,248.18,248.3,248.09,248.21,246567
2025-10-16 09:50:00,248.24,248.58,248.24,248.47,352309
2025-10-16 09:55:00,248.47,248.7,248.1,248.6,182945
2025-10-17 03:45:00,248.55,248.55,246.35,246.55,132969
2025-10-17 03:50:00,246.55,246.97,246.5,246.78,35992
2025-10-17 03:55:00,246.63,247.27,246.55,247.12,37825
2025-10-17 04:00:00,247.12,247.2,246.65,246.71,33896
2025-10-17 04:05:00,246.75,246.86,246.45,246.84,47391
2025-10-17 04:10:00,246.84,246.9,246.46,246.51,21868
2025-10-17 04:15:00,246.51,246.64,245.82,246.06,154126
2025-10-17 04:20:00,246.04,246.22,246.0,246.0,21094
2025-10-17 04:25:00,246.06,246.45,246.0,246.32,19436
2025-10-17 04:30:00,246.4,246.5,246.27,246.36,34324
2025-10-17 04:35:00,246.36,246.7,246.26,246.49,24689
2025-10-17 04:40:00,246.49,246.55,246.39,246.44,16809
2025-10-17 04:45:00,246.52,246.52,246.02,246.04,20163
2025-10-17 04:50:00,246.02,246.45,246.0,246.1,25786
2025-10-17 04:55:00,246.1,246.1,245.71,245.85,75417
2025-10-17 05:00:00,245.88,246.06,245.73,245.96,16028
2025-10-17 05:05:00,246.0,246.03,245.75,245.83,14058
2025-10-17 05:10:00,245.83,245.88,245.65,245.7,15626
2025-10-17 05:15:00,245.75,246.21,245.67,245.87,63611
2025-10-17 05:20:00,245.89,246.13,245.71,245.91,55551
2025-10-17 05:25:00,245.91,246.26,245.9,246.0,38755
2025-10-17 05:30:00,246.02,246.35,245.95,246.24,62971
2025-10-17 05:35:00,246.22,246.41,246.16,246.39,37164
2025-10-17 05:40:00,246.39,246.63,246.32,246.33,38473
2025-10-17 05:45:00,246.35,246.55,246.2,246.55,76637
2025-10-17 05:50:00,246.5,246.7,246.5,246.69,40309
2025-10-17 05:55:00,246.69,246.82,246.58,246.75,32966
2025-10-17 06:00:00,246.78,247.11,246.68,247.0,61156
2025-10-17 06:05:00,247.0,247.13,246.95,247.0,103669
2025-10-17 06:10:00,247.0,247.07,246.59,246.65,104288
2025-10-17 06:15:00,246.65,246.86,246.65,246.75,12880
2025-10-17 06:20:00,246.75,246.87,246.57,246.7,29988
2025-10-17 06:25:00,246.75,247.29,246.63,247.19,48463
2025-10-17 06:30:00,247.2,247.2,247.0,247.13,20978
2025-10-17 06:35:00,247.15,247.19,247.0,247.16,37305
2025-10-17 06:40:00,247.16,247.17,247.0,247.08,39103
2025-10-17 06:45:00,247.1,247.14,247.0,247.09,60673
2025-10-17 06:50:00,247.02,247.1,246.9,247.03,58187
2025-10-17 06:55:00,247.03,247.1,246.95,247.05,70935
2025-10-17 07:00:00,247.0,247.15,246.8,247.04,231182
2025-10-17 07:05:00,247.02,247.09,246.9,246.91,67042
2025-10-17 07:10:00,246.91,247.6,246.9,247.52,244847
2025-10-17 07:15:00,247.5,247.59,247.03,247.06,158930
2025-10-17 07:20:00,247.05,247.15,246.4,246.48,67505
2025-10-17 07:25:00,246.44,246.59,245.96,246.3,488270
2025-10-17 07:30:00,246.3,246.46,245.91,246.19,520334
2025-10-17 07:35:00,246.15,246.17,245.52,245.66,521881
2025-10-17 07:40:00,245.66,245.81,244.77,245.11,906510
2025-10-17 07:45:00,245.1,246.01,244.88,245.84,551189
2025-10-17 07:50:00,245.8,245.97,245.06,245.65,852334
2025-10-17 07:55:00,245.67,246.15,245.11,245.8,616619
2025-10-17 08:00:00,245.8,245.89,245.34,245.44,356268
2025-10-17 08:05:00,245.52,246.12,245.4,246.0,633657
2025-10-17 08:10:00,246.0,246.63,245.81,246.24,699042
2025-10-17 08:15:00,246.19,246.76,246.03,246.7,291765
2025-10-17 08:20:00,246.7,246.79,246.13,246.34,355962
2025-10-17 08:25:00,246.32,246.69,246.15,246.68,192771
2025-10-17 08:30:00,246.8,247.04,246.4,246.96,803268
2025-10-17 08:35:00,246.96,247.25,246.54,246.65,521316
2025-10-17 08:40:00,246.65,246.78,246.3,246.4,91019
2025-10-17 08:45:00,246.4,246.54,246.14,246.32,61625
2025-10-17 08:50:00,246.43,246.52,246.25,246.41,61335
2025-10-17 08:55:00,246.5,246.55,246.31,246.47,61456
2025-10-17 09:00:00,246.55,246.84,246.22,246.33,105251
2025-10-17 09:05:00,246.38,247.43,246.25,247.24,493081
2025-10-17 09:10:00,247.23,247.41,247.16,247.32,147340
2025-10-17 09:15:00,247.32,247.56,247.1,247.18,136307
2025-10-17 09:20:00,247.17,247.25,246.72,246.95,193308
2025-10-17 09:25:00,246.99,247.24,246.8,247.15,104247
2025-10-17 09:30:00,247.13,247.54,247.05,247.48,261663
2025-10-17 09:35:00,247.54,247.84,247.41,247.83,171709
2025-10-17 09:40:00,247.74,247.87,247.61,247.7,427892
2025-10-17 09:45:00,247.65,247.85,247.65,247.7,219170
2025-10-17 09:50:00,247.68,247.89,247.68,247.83,573375
2025-10-17 09:55:00,247.83,247.92,247.15,247.15,205995
2025-10-20 03:45:00,247.69,249.2,247.07,248.14,164067
2025-10-20 03:50:00,248.14,248.18,247.49,247.49,76713
2025-10-20 03:55:00,247.38,247.48,246.93,247.35,65074
2025-10-20 04:00:00,247.34,247.59,247.13,247.22,51263
2025-10-20 04:05:00,247.22,247.4,247.01,247.14,41462
2025-10-20 04:10:00,247.3,247.87,247.15,247.33,33761
2025-10-20 04:15:00,247.33,247.59,246.51,246.51,63867
2025-10-20 04:20:00,246.64,247.06,246.32,246.87,53564
2025-10-20 04:25:00,246.99,247.22,246.5,246.5,136664
2025-10-20 04:30:00,246.36,246.48,244.99,246.31,1331802
2025-10-20 04:35:00,246.39,246.59,246.18,246.3,50560
2025-10-20 04:40:00,246.33,246.4,246.03,246.23,27696
2025-10-20 04:45:00,246.36,246.36,245.9,246.01,121329
2025-10-20 04:50:00,245.97,246.23,245.6,245.92,142681
2025-10-20 04:55:00,245.93,246.08,245.73,245.9,44946
2025-10-20 05:00:00,245.94,246.11,245.71,246.0,49356
2025-10-20 05:05:00,246.06,246.5,246.0,246.34,33135
2025-10-20 05:10:00,246.34,246.54,246.21,246.54,36297
2025-10-20 05:15:00,246.45,246.8,246.45,246.8,36451
2025-10-20 05:20:00,246.8,246.91,246.6,246.87,39272
2025-10-20 05:25:00,246.87,247.08,246.75,246.96,60628
2025-10-20 05:30:00,246.96,247.51,246.96,247.45,341129
2025-10-20 05:35:00,247.45,247.98,247.23,247.75,702108
2025-10-20 05:40:00,247.8,248.1,247.57,247.8,343975
2025-10-20 05:45:00,247.81,248.06,247.42,247.72,445402
2025-10-20 05:50:00,247.72,247.91,247.53,247.55,410208
2025-10-20 05:55:00,247.53,248.18,247.2,248.1,105329
2025-10-20 06:00:00,248.18,248.19,247.9,248.15,169301
2025-10-20 06:05:00,248.15,248.2,248.0,248.0,31793
2025-10-20 06:10:00,248.0,248.1,247.45,247.55,211460
2025-10-20 06:15:00,247.59,248.02,247.4,247.94,133729
2025-10-20 06:20:00,247.94,248.1,247.85,248.0,44151
2025-10-20 06:25:00,248.0,248.1,248.0,248.05,34311
2025-10-20 06:30:00,248.02,248.1,248.0,248.0,21745
2025-10-20 06:35:00,248.0,248.05,247.68,247.8,176311
2025-10-20 06:40:00,247.88,248.1,247.79,248.0,71183
2025-10-20 06:45:00,248.0,248.09,247.87,247.87,26709
2025-10-20 06:50:00,247.87,247.99,247.78,247.9,24287
2025-10-20 06:55:00,247.9,248.01,247.9,247.95,27527
2025-10-20 07:00:00,247.95,248.0,247.77,247.9,29900
2025-10-20 07:05:00,247.9,247.99,247.8,247.93,25107
2025-10-20 07:10:00,247.93,248.0,247.86,247.91,12655
2025-10-20 07:15:00,247.96,248.23,247.91,248.0,76104
2025-10-20 07:20:00,248.0,248.2,247.86,247.99,38819
2025-10-20 07:25:00,247.99,248.2,247.86,247.99,64371
2025-10-20 07:30:00,247.93,248.25,247.92,248.19,66644
2025-10-20 07:35:00,248.16,248.49,248.04,248.27,90858
2025-10-20 07:40:00,248.21,248.41,248.0,248.0,84835
2025-10-20 07:45:00,248.0,248.12,247.86,247.91,61648
2025-10-20 07:50:00,247.96,248.0,247.61,247.61,67833
2025-10-20 07:55:00,247.69,247.8,247.51,247.71,62782
2025-10-20 08:00:00,247.75,247.79,247.51,247.56,73247
2025-10-20 08:05:00,247.56,247.68,247.31,247.58,141523
2025-10-20 08:10:00,247.57,247.58,247.33,247.43,70190
2025-10-20 08:15:00,247.43,247.5,247.0,247.15,67101
2025-10-20 08:20:00,247.05,247.39,246.93,247.16,129621
2025-10-20 08:25:00,247.06,247.28,247.0,247.08,44164
2025-10-20 08:30:00,247.09,247.1,246.67,246.82,67228
2025-10-20 08:35:00,246.75,247.12,246.73,247.0,65367
2025-10-20 08:40:00,246.94,247.88,246.94,247.88,355128
2025-10-20 08:45:00,247.79,248.42,247.79,248.18,125645
2025-10-20 08:50:00,248.12,248.18,247.8,248.0,136178
2025-10-20 08:55:00,248.0,248.04,247.68,247.75,128246
2025-10-20 09:00:00,247.76,248.2,247.51,248.08,175838
2025-10-20 09:05:00,248.08,248.75,247.83,248.73,420979
2025-10-20 09:10:00,248.58,249.0,248.11,248.14,243310
2025-10-20 09:15:00,248.2,248.2,247.81,248.06,122005
2025-10-20 09:20:00,248.17,248.17,247.8,247.8,50624
2025-10-20 09:25:00,247.8,248.7,247.8,248.53,167090
2025-10-20 09:30:00,248.6,248.84,248.5,248.6,274446
2025-10-20 09:35:00,248.67,248.72,248.47,248.53,192003
2025-10-20 09:40:00,248.62,249.03,248.51,248.85,301874
2025-10-20 09:45:00,248.86,248.86,248.61,248.62,244093
2025-10-20 09:50:00,248.65,248.74,248.55,248.64,168392
2025-10-20 09:55:00,248.64,249.01,248.5,248.5,478754
2025-10-21 08:15:00,248.74,249.3,248.2,248.37,105080
2025-10-21 08:20:00,248.37,248.4,248.0,248.2,50058
2025-10-21 08:25:00,248.2,248.45,248.1,248.4,37189
2025-10-21 08:30:00,248.38,248.45,248.19,248.45,43516
2025-10-21 08:35:00,248.4,248.48,248.15,248.28,31681
2025-10-21 08:40:00,248.28,248.3,248.1,248.28,31575
2025-10-21 08:45:00,248.28,248.37,248.13,248.2,30075
2025-10-21 08:50:00,248.2,248.3,248.13,248.15,17656
2025-10-21 08:55:00,248.13,248.24,248.0,248.02,44051
2025-10-21 09:00:00,248.05,248.44,248.0,248.3,81785
2025-10-21 09:05:00,248.41,248.41,248.01,248.15,51330
2025-10-21 09:10:00,248.11,248.11,247.39,247.85,31504
2025-10-21 09:15:00,247.85,247.85,247.85,247.85,0
2025-10-23 03:45:00,250.0,251.19,249.24,249.35,386277
2025-10-23 03:50:00,249.44,250.59,249.1,250.39,158225
2025-10-23 03:55:00,250.4,251.06,250.13,250.86,224117
2025-10-23 04:00:00,250.85,251.1,250.57,250.72,103348
2025-10-23 04:05:00,250.74,250.87,249.93,250.08,128413
2025-10-23 04:10:00,250.04,251.0,250.04,250.8,189927
2025-10-23 04:15:00,250.84,251.0,250.29,250.3,98436
2025-10-23 04:20:00,250.3,250.51,250.2,250.51,123719
2025-10-23 04:25:00,250.45,250.5,249.84,249.91,122889
2025-10-23 04:30:00,249.95,250.0,249.6,249.65,138288
2025-10-23 04:35:00,249.66,249.98,249.59,249.59,98539
2025-10-23 04:40:00,249.59,249.93,249.59,249.84,109002
2025-10-23 04:45:00,249.84,249.91,249.73,249.82,66045
2025-10-23 04:50:00,249.81,249.88,249.4,249.55,106765
2025-10-23 04:55:00,249.55,249.8,249.45,249.72,121369
2025-10-23 05:00:00,249.72,249.89,249.49,249.52,50914
2025-10-23 05:05:00,249.5,249.9,249.49,249.7,56801
2025-10-23 05:10:00,249.7,249.79,249.61,249.77,35445
2025-10-23 05:15:00,249.77,249.77,249.43,249.5,83407
2025-10-23 05:20:00,249.5,249.91,249.47,249.76,84214
2025-10-23 05:25:00,249.76,249.8,249.52,249.52,105624
2025-10-23 05:30:00,249.52,249.61,249.25,249.37,97117
2025-10-23 05:35:00,249.43,249.43,249.14,249.18,72069
2025-10-23 05:40:00,249.18,249.5,249.08,249.22,86066
2025-10-23 05:45:00,249.23,249.75,249.15,249.66,117184
2025-10-23 05:50:00,249.7,250.13,249.63,249.68,218072
2025-10-23 05:55:00,249.72,250.5,249.68,250.41,1909825
2025-10-23 06:00:00,250.42,250.95,250.41,250.8,242890
2025-10-23 06:05:00,250.74,251.15,250.74,250.97,246601
2025-10-23 06:10:00,250.96,251.36,250.95,251.08,173213
2025-10-23 06:15:00,251.08,251.17,250.75,250.99,74183
2025-10-23 06:20:00,250.96,251.35,250.95,251.18,89669
2025-10-23 06:25:00,251.17,251.38,250.96,251.26,59658
2025-10-23 06:30:00,251.19,251.38,251.02,251.04,50300
2025-10-23 06:35:00,251.09,251.65,251.03,251.57,163605
2025-10-23 06:40:00,251.57,251.85,251.55,251.69,118561
2025-10-23 06:45:00,251.78,251.97,251.7,251.89,101492
2025-10-23 06:50:00,251.89,252.47,251.89,252.27,499392
2025-10-23 06:55:00,252.22,252.3,251.95,252.1,97803
2025-10-23 07:00:00,252.15,252.15,251.85,252.06,74030
2025-10-23 07:05:00,252.06,252.1,251.96,252.02,67422
2025-10-23 07:10:00,252.02,252.15,251.94,252.1,75004
2025-10-23 07:15:00,252.15,252.15,251.99,251.99,69603
2025-10-23 07:20:00,252.0,252.35,251.92,252.29,196922
2025-10-23 07:25:00,252.3,252.48,252.22,252.4,143158
2025-10-23 07:30:00,252.45,252.46,251.8,252.08,116205
2025-10-23 07:35:00,252.1,252.35,251.98,252.26,190389
2025-10-23 07:40:00,252.23,252.4,252.19,252.2,104911
2025-10-23 07:45:00,252.2,252.69,252.2,252.37,346075
2025-10-23 07:50:00,252.47,252.6,252.34,252.43,99834
2025-10-23 07:55:00,252.43,252.49,252.25,252.26,103352
2025-10-23 08:00:00,252.41,252.45,251.98,252.1,126954
2025-10-23 08:05:00,252.14,252.29,251.72,251.88,141683
2025-10-23 08:10:00,251.92,252.15,251.89,251.96,161784
2025-10-23 08:15:00,251.98,252.24,251.9,252.09,181694
2025-10-23 08:20:00,252.08,252.19,251.7,251.72,139862
2025-10-23 08:25:00,251.79,251.89,251.59,251.71,173221
2025-10-23 08:30:00,251.66,252.01,251.5,251.98,162049
2025-10-23 08:35:00,251.95,252.3,251.94,252.17,156917
2025-10-23 08:40:00,252.12,252.3,251.9,252.24,225608
2025-10-23 08:45:00,252.22,252.59,252.12,252.55,246510
2025-10-23 08:50:00,252.54,252.55,252.12,252.47,146888
2025-10-23 08:55:00,252.37,252.48,252.16,252.33,219851
2025-10-23 09:00:00,252.32,252.65,252.32,252.55,207969
2025-10-23 09:05:00,252.54,252.7,252.15,252.15,225890
2025-10-23 09:10:00,252.14,252.4,252.1,252.35,133130
2025-10-23 09:15:00,252.35,252.66,252.3,252.38,148647
2025-10-23 09:20:00,252.38,252.55,252.3,252.45,156203
2025-10-23 09:25:00,252.5,252.6,252.34,252.6,156230
2025-10-23 09:30:00,252.56,253.24,252.42,252.97,543962
2025-10-23 09:35:00,252.97,253.11,252.36,252.41,250748
2025-10-23 09:40:00,252.44,252.44,251.92,252.05,321980
2025-10-23 09:45:00,252.01,252.23,251.92,252.15,318454
2025-10-23 09:50:00,252.15,252.15,251.78,251.95,464629
2025-10-23 09:55:00,251.93,252.05,251.81,252.05,281523
2025-10-24 03:45:00,254.0,254.5,253.0,253.1,542199
2025-10-24 03:50:00,253.12,254.0,252.85,253.9,530132
2025-10-24 03:55:00,253.91,254.7,253.53,254.39,349968
2025-10-24 04:00:00,254.4,254.95,254.31,254.87,281679
2025-10-24 04:05:00,254.92,255.25,254.39,254.7,477103
2025-10-24 04:10:00,254.65,254.67,254.08,254.46,145484
2025-10-24 04:15:00,254.46,254.88,254.31,254.88,100821
2025-10-24 04:20:00,254.88,255.61,254.79,255.5,342797
2025-10-24 04:25:00,255.5,255.8,255.35,255.64,271205
2025-10-24 04:30:00,255.7,256.39,255.64,256.03,490456
2025-10-24 04:35:00,256.06,256.5,256.01,256.34,236429
2025-10-24 04:40:00,256.34,256.49,256.0,256.24,244414
2025-10-24 04:45:00,256.27,256.4,255.31,255.35,250461
2025-10-24 04:50:00,255.39,256.2,255.35,256.03,216467
2025-10-24 04:55:00,256.11,256.17,255.69,256.0,162754
2025-10-24 05:00:00,256.05,256.87,255.82,256.68,446935
2025-10-24 05:05:00,256.68,256.89,255.72,256.09,911988
2025-10-24 05:10:00,256.07,256.32,256.0,256.0,135515
2025-10-24 05:15:00,255.95,256.1,255.75,255.91,191019
2025-10-24 05:20:00,255.97,256.1,255.75,255.91,149692
2025-10-24 05:25:00,255.91,255.98,255.41,255.42,442522
2025-10-24 05:30:00,255.47,255.64,254.85,255.06,819670
2025-10-24 05:35:00,255.15,255.18,254.9,255.08,102141
2025-10-24 05:40:00,255.09,255.49,255.0,255.21,92269
2025-10-24 05:45:00,255.21,255.31,255.03,255.25,84366
2025-10-24 05:50:00,255.25,255.48,255.21,255.23,65786
2025-10-24 05:55:00,255.33,255.64,255.13,255.48,136380
2025-10-24 06:00:00,255.48,255.84,255.22,255.79,110048
2025-10-24 06:05:00,255.84,256.31,255.77,256.21,165069
2025-10-24 06:10:00,256.25,257.2,256.2,257.19,468420
2025-10-24 06:15:00,257.19,257.4,256.82,257.05,224571
2025-10-24 06:20:00,257.05,257.29,257.0,257.1,185120
2025-10-24 06:25:00,257.1,257.15,256.89,257.14,111504
2025-10-24 06:30:00,257.12,257.15,256.91,257.07,97056
2025-10-24 06:35:00,257.01,257.4,257.0,257.07,232957
2025-10-24 06:40:00,257.08,257.3,256.81,257.07,216716
2025-10-24 06:45:00,257.04,257.07,256.69,256.79,242577
2025-10-24 06:50:00,256.79,257.04,256.67,257.04,90631
2025-10-24 06:55:00,257.0,257.25,256.9,257.21,98961
2025-10-24 07:00:00,257.14,257.21,257.0,257.05,93161
2025-10-24 07:05:00,257.0,257.07,256.84,257.03,86523
2025-10-24 07:10:00,256.99,257.09,256.89,256.92,112930
2025-10-24 07:15:00,256.97,257.0,256.76,256.8,115022
2025-10-24 07:20:00,256.79,256.92,256.62,256.79,382625
2025-10-24 07:25:00,256.79,256.9,256.65,256.71,107072
2025-10-24 07:30:00,256.67,256.72,255.91,256.27,373118
2025-10-24 07:35:00,256.27,256.4,256.0,256.07,128054
2025-10-24 07:40:00,256.07,256.08,255.56,255.79,152938
2025-10-24 07:45:00,255.75,255.89,255.37,255.56,150996
2025-10-24 07:50:00,255.44,255.65,255.4,255.45,147616
2025-10-24 07:55:00,255.41,255.54,254.85,254.89,353169
2025-10-24 08:00:00,254.89,255.09,254.8,254.93,146575
2025-10-24 08:05:00,254.9,255.27,254.76,255.09,223691
2025-10-24 08:10:00,255.01,255.18,254.86,255.05,296349
2025-10-24 08:15:00,255.01,255.05,253.99,254.48,368832
2025-10-24 08:20:00,254.49,254.52,254.2,254.43,221362
2025-10-24 08:25:00,254.46,254.68,254.25,254.32,158110
2025-10-24 08:30:00,254.31,254.68,254.24,254.67,122923
2025-10-24 08:35:00,254.68,255.0,254.55,254.83,106963
2025-10-24 08:40:00,254.75,255.24,254.75,254.94,107499
2025-10-24 08:45:00,254.9,255.35,254.8,255.0,155305
2025-10-24 08:50:00,255.0,255.14,254.51,254.83,128430
2025-10-24 08:55:00,254.76,254.95,254.63,254.78,108812
2025-10-24 09:00:00,254.76,254.84,254.6,254.61,124439
2025-10-24 09:05:00,254.61,254.69,254.34,254.5,167124
2025-10-24 09:10:00,254.53,254.64,254.25,254.54,149909
2025-10-24 09:15:00,254.55,254.58,253.88,254.34,393109
2025-10-24 09:20:00,254.27,254.6,254.25,254.6,205354
2025-10-24 09:25:00,254.6,254.84,254.53,254.78,301971
2025-10-24 09:30:00,254.75,255.5,254.75,255.31,423167
2025-10-24 09:35:00,255.31,255.4,255.11,255.28,191658
2025-10-24 09:40:00,255.19,255.36,255.0,255.09,259879
2025-10-24 09:45:00,255.09,255.09,254.51,254.75,315620
2025-10-24 09:50:00,254.75,254.94,254.53,254.69,278811
2025-10-24 09:55:00,254.68,254.79,254.47,254.68,188831
2025-10-27 03:45:00,255.42,256.09,253.3,253.53,728536
2025-10-27 03:50:00,253.52,253.75,252.26,252.74,268595
2025-10-27 03:55:00,252.58,253.18,251.91,253.0,358795
2025-10-27 04:00:00,253.0,253.3,252.82,252.93,118745
2025-10-27 04:05:00,252.97,253.39,252.89,253.07,72381
2025-10-27 04:10:00,253.06,253.62,253.06,253.27,92894
2025-10-27 04:15:00,253.1,253.34,252.66,253.03,82765
2025-10-27 04:20:00,253.03,253.16,253.0,253.16,43487
2025-10-27 04:25:00,253.2,253.21,253.0,253.01,45501
2025-10-27 04:30:00,253.06,253.07,252.9,252.95,36671
2025-10-27 04:35:00,252.88,253.22,252.84,253.1,37787
2025-10-27 04:40:00,253.11,253.5,253.0,253.05,59236
2025-10-27 04:45:00,253.07,253.35,252.95,253.1,139025
2025-10-27 04:50:00,253.2,253.65,253.09,253.65,58287
2025-10-27 04:55:00,253.65,253.65,253.25,253.29,21371
2025-10-27 05:00:00,253.29,253.35,253.15,253.27,25007
2025-10-27 05:05:00,253.27,253.45,253.18,253.45,67966
2025-10-27 05:10:00,253.37,253.38,253.06,253.12,12730
2025-10-27 05:15:00,253.22,253.29,252.89,253.08,69606
2025-10-27 05:20:00,253.04,253.08,252.85,252.89,15934
2025-10-27 05:25:00,252.88,253.25,252.8,253.19,131610
2025-10-27 05:30:00,253.23,253.68,253.18,253.33,49693
2025-10-27 05:35:00,253.36,253.5,253.21,253.41,30424
2025-10-27 05:40:00,253.47,253.48,253.0,253.24,47497
2025-10-27 05:45:00,253.24,253.3,253.13,253.17,30793
2025-10-27 05:50:00,253.21,253.29,253.0,253.08,20392
2025-10-27 05:55:00,253.06,253.1,252.81,252.81,26386
2025-10-27 06:00:00,252.81,252.95,252.8,252.84,21370
2025-10-27 06:05:00,252.84,252.85,252.7,252.85,27680
2025-10-27 06:10:00,252.9,253.09,252.71,252.84,36917
2025-10-27 06:15:00,252.8,252.81,252.62,252.73,48434
2025-10-27 06:20:00,252.7,252.91,252.65,252.75,34171
2025-10-27 06:25:00,252.75,252.88,252.7,252.77,34751
2025-10-27 06:30:00,252.78,252.83,252.63,252.64,29701
2025-10-27 06:35:00,252.64,253.0,252.6,252.84,43924
2025-10-27 06:40:00,252.82,252.95,252.66,252.7,28531
2025-10-27 06:45:00,252.7,252.88,252.65,252.69,37921
2025-10-27 06:50:00,252.69,252.75,252.6,252.61,30429
2025-10-27 06:55:00,252.61,252.9,252.6,252.6,33821
2025-10-27 07:00:00,252.64,252.95,252.54,252.91,84307
2025-10-27 07:05:00,252.95,253.2,252.9,253.06,56862
2025-10-27 07:10:00,253.05,253.5,253.01,253.49,67856
2025-10-27 07:15:00,253.54,254.44,253.54,253.82,151251
2025-10-27 07:20:00,253.85,253.98,253.39,253.9,53232
2025-10-27 07:25:00,253.88,253.92,253.53,253.65,48847
2025-10-27 07:30:00,253.68,254.64,253.68,254.58,166119
2025-10-27 07:35:00,254.59,254.63,254.07,254.24,102354
2025-10-27 07:40:00,254.08,254.28,253.9,254.2,92167
2025-10-27 07:45:00,254.23,254.24,253.7,253.89,79877
2025-10-27 07:50:00,253.89,253.95,253.65,253.8,76517
2025-10-27 07:55:00,253.79,253.81,253.44,253.45,66303
2025-10-27 08:00:00,253.45,253.67,253.3,253.38,63226
2025-10-27 08:05:00,253.4,253.5,253.23,253.49,94886
2025-10-27 08:10:00,253.49,253.55,253.25,253.3,74156
2025-10-27 08:15:00,253.3,253.35,253.14,253.25,71330
2025-10-27 08:20:00,253.21,253.67,253.15,253.55,91093
2025-10-27 08:25:00,253.55,253.55,253.26,253.31,52610
2025-10-27 08:30:00,253.36,253.55,253.25,253.4,90527
2025-10-27 08:35:00,253.47,253.5,253.25,253.49,70930
2025-10-27 08:40:00,253.5,253.5,253.3,253.4,48648
2025-10-27 08:45:00,253.4,254.24,253.28,254.0,486997
2025-10-27 08:50:00,253.99,253.99,253.66,253.8,106231
2025-10-27 08:55:00,253.79,253.91,253.63,253.79,95366
2025-10-27 09:00:00,253.88,253.95,253.6,253.67,117834
2025-10-27 09:05:00,253.72,253.8,253.3,253.37,106618
2025-10-27 09:10:00,253.3,253.43,253.15,253.23,84026
2025-10-27 09:15:00,253.23,253.29,252.9,252.92,147202
2025-10-27 09:20:00,252.92,253.19,252.9,253.01,102928
2025-10-27 09:25:00,252.99,253.15,252.9,253.06,105253
2025-10-27 09:30:00,253.04,253.26,253.02,253.15,340814
2025-10-27 09:35:00,253.16,253.28,253.11,253.18,200027
2025-10-27 09:40:00,253.19,253.23,253.14,253.17,213865
2025-10-27 09:45:00,253.17,253.38,253.08,253.34,384637
2025-10-27 09:50:00,253.35,253.51,253.35,253.5,333039
2025-10-27 09:55:00,253.5,253.63,253.4,253.6,231301
2025-10-28 03:45:00,253.1,253.79,252.3,252.45,315791
2025-10-28 03:50:00,252.31,253.0,252.31,252.69,162379
2025-10-28 03:55:00,252.51,252.55,252.1,252.35,109207
2025-10-28 04:00:00,252.35,252.54,251.99,252.45,217619
2025-10-28 04:05:00,252.46,252.85,252.26,252.79,64170
2025-10-28 04:10:00,252.79,253.55,252.78,253.36,166801
2025-10-28 04:15:00,253.4,253.4,252.83,252.85,63757
2025-10-28 04:20:00,252.94,253.09,252.61,252.8,36940
2025-10-28 04:25:00,252.8,253.0,252.72,252.98,35809
2025-10-28 04:30:00,252.98,253.0,252.76,252.81,28177
2025-10-28 04:35:00,252.84,252.9,252.64,252.76,72589
2025-10-28 04:40:00,252.76,252.76,252.55,252.55,46737
2025-10-28 04:45:00,252.55,252.6,252.35,252.4,40725
2025-10-28 04:50:00,252.38,252.57,252.27,252.5,75782
2025-10-28 04:55:00,252.44,252.62,252.36,252.44,39600
2025-10-28 05:00:00,252.44,252.47,251.85,251.85,87876
2025-10-28 05:05:00,251.85,252.1,251.7,251.8,74832
2025-10-28 05:10:00,251.8,251.99,251.47,251.76,138769
2025-10-28 05:15:00,251.83,252.11,251.75,252.0,58373
2025-10-28 05:20:00,252.0,252.06,251.52,251.56,50839
2025-10-28 05:25:00,251.51,251.63,251.4,251.46,44409
2025-10-28 05:30:00,251.46,251.46,251.15,251.19,54802
2025-10-28 05:35:00,251.19,251.56,251.19,251.49,21517
2025-10-28 05:40:00,251.49,251.79,251.32,251.79,31859
2025-10-28 05:45:00,251.74,252.09,251.7,251.85,41955
2025-10-28 05:50:00,251.82,251.94,251.65,251.9,17833
2025-10-28 05:55:00,251.9,251.98,251.84,251.9,17065
2025-10-28 06:00:00,251.87,252.03,251.86,251.95,22734
2025-10-28 06:05:00,252.0,252.28,251.84,252.0,125476
2025-10-28 06:10:00,252.0,252.13,251.93,251.98,39619
2025-10-28 06:15:00,251.95,252.0,251.83,252.0,40788
2025-10-28 06:20:00,251.95,252.0,251.94,251.98,21712
2025-10-28 06:25:00,251.96,252.1,251.7,251.7,61382
2025-10-28 06:30:00,251.66,251.8,251.23,251.33,36092
2025-10-28 06:35:00,251.28,251.33,251.15,251.27,27412
2025-10-28 06:40:00,251.27,251.31,250.68,250.77,114012
2025-10-28 06:45:00,250.77,250.97,250.61,250.83,38997
2025-10-28 06:50:00,250.83,250.9,250.49,250.9,23296
2025-10-28 06:55:00,250.87,250.95,250.58,250.58,59728
2025-10-28 07:00:00,250.54,251.51,250.5,251.23,118523
2025-10-28 07:05:00,251.04,251.4,251.04,251.4,62303
2025-10-28 07:10:00,251.45,251.6,251.25,251.58,59256
2025-10-28 07:15:00,251.59,251.76,251.36,251.62,65533
2025-10-28 07:20:00,251.62,251.9,251.49,251.79,61676
2025-10-28 07:25:00,251.7,251.89,251.51,251.71,67590
2025-10-28 07:30:00,251.73,251.8,251.5,251.51,71785
2025-10-28 07:35:00,251.56,251.75,251.25,251.5,88199
2025-10-28 07:40:00,251.45,251.54,250.8,250.85,53196
2025-10-28 07:45:00,250.97,250.99,250.71,250.85,39156
2025-10-28 07:50:00,250.86,250.98,250.55,250.94,81901
2025-10-28 07:55:00,250.94,251.28,250.81,251.15,51143
2025-10-28 08:00:00,251.12,251.64,251.12,251.51,46325
2025-10-28 08:05:00,251.5,251.65,251.31,251.46,106983
2025-10-28 08:10:00,251.57,251.66,250.9,250.9,90500
2025-10-28 08:15:00,250.9,250.98,250.51,250.51,83021
2025-10-28 08:20:00,250.62,250.84,250.5,250.58,85385
2025-10-28 08:25:00,250.58,250.77,250.45,250.63,71338
2025-10-28 08:30:00,250.64,250.74,250.4,250.4,77593
2025-10-28 08:35:00,250.4,250.89,250.3,250.69,170424
2025-10-28 08:40:00,250.76,250.97,250.48,250.83,85169
2025-10-28 08:45:00,250.85,251.0,250.52,250.56,71151
2025-10-28 08:50:00,250.57,250.7,250.36,250.39,62821
2025-10-28 08:55:00,250.39,250.52,250.1,250.38,177736
2025-10-28 09:00:00,250.44,250.7,250.16,250.58,98954
2025-10-28 09:05:00,250.58,250.76,250.25,250.28,122311
2025-10-28 09:10:00,250.36,250.42,250.13,250.23,53752
2025-10-28 09:15:00,250.25,250.42,249.92,249.96,227333
2025-10-28 09:20:00,249.94,250.3,249.86,250.21,95705
2025-10-28 09:25:00,250.22,250.56,250.11,250.28,174058
2025-10-28 09:30:00,250.29,251.45,250.29,251.36,416806
2025-10-28 09:35:00,251.36,251.41,250.75,250.95,447924
2025-10-28 09:40:00,250.86,251.0,250.16,250.37,679955
2025-10-28 09:45:00,250.37,250.47,250.05,250.19,534775
2025-10-28 09:50:00,250.14,250.31,250.0,250.01,550933
2025-10-28 09:55:00,250.01,250.5,249.97,250.49,423242
2025-10-29 03:45:00,250.95,251.85,250.55,251.1,111351
2025-10-29 03:50:00,251.11,251.49,251.0,251.45,45666
2025-10-29 03:55:00,251.4,252.0,251.24,251.91,87147
2025-10-29 04:00:00,251.92,252.9,251.85,252.67,96637
2025-10-29 04:05:00,252.66,252.75,252.34,252.5,49863
2025-10-29 04:10:00,252.54,252.65,252.0,252.27,67410
2025-10-29 04:15:00,252.15,253.18,252.15,252.84,106193
2025-10-29 04:20:00,252.78,253.15,252.69,252.95,96165
2025-10-29 04:25:00,252.95,253.15,252.9,253.05,28969
2025-10-29 04:30:00,253.02,253.88,253.02,253.76,101460
2025-10-29 04:35:00,253.81,254.35,253.68,254.1,170070
2025-10-29 04:40:00,254.18,254.63,253.77,254.0,97990
2025-10-29 04:45:00,254.06,254.27,253.94,254.0,75861
2025-10-29 04:50:00,254.0,254.48,254.0,254.42,82810
2025-10-29 04:55:00,254.43,254.94,254.43,254.94,124482
2025-10-29 05:00:00,254.89,255.35,254.84,255.03,216264
2025-10-29 05:05:00,255.0,255.1,254.61,254.79,91380
2025-10-29 05:10:00,254.79,255.29,254.75,255.23,125674
2025-10-29 05:15:00,255.24,255.27,254.8,254.91,54718
2025-10-29 05:20:00,254.91,255.0,254.65,254.65,93828
2025-10-29 05:25:00,254.65,254.85,254.41,254.51,44945
2025-10-29 05:30:00,254.51,254.9,254.45,254.6,252904
2025-10-29 05:35:00,254.6,254.66,254.16,254.28,46902
2025-10-29 05:40:00,254.28,254.3,253.8,253.9,60322
2025-10-29 05:45:00,253.9,253.99,253.52,253.64,97690
2025-10-29 05:50:00,253.62,253.85,253.59,253.74,21214
2025-10-29 05:55:00,253.74,254.07,253.74,253.76,65452
2025-10-29 06:00:00,253.8,253.96,253.62,253.81,34640
2025-10-29 06:05:00,253.81,254.3,253.74,254.27,33834
2025-10-29 06:10:00,254.2,254.67,254.03,254.1,40865
2025-10-29 06:15:00,254.1,254.36,253.95,254.28,28276
2025-10-29 06:20:00,254.28,254.55,254.23,254.31,35857
2025-10-29 06:25:00,254.31,254.47,254.2,254.38,25407
2025-10-29 06:30:00,254.38,254.95,254.34,254.5,107677
2025-10-29 06:35:00,254.43,254.76,254.43,254.73,64384
2025-10-29 06:40:00,254.68,255.2,254.62,255.11,146840
2025-10-29 06:45:00,255.15,255.5,255.14,255.29,146605
2025-10-29 06:50:00,255.3,255.49,254.81,255.22,152445
2025-10-29 06:55:00,255.26,255.75,255.17,255.61,163428
2025-10-29 07:00:00,255.61,255.65,254.52,254.6,158621
2025-10-29 07:05:00,254.69,254.94,254.56,254.73,115855
2025-10-29 07:10:00,254.77,254.87,254.4,254.53,86951
2025-10-29 07:15:00,254.52,254.68,254.29,254.37,75629
2025-10-29 07:20:00,254.31,254.53,254.31,254.47,47950
2025-10-29 07:25:00,254.45,254.52,254.11,254.3,76141
2025-10-29 07:30:00,254.3,254.36,254.06,254.21,87385
2025-10-29 07:35:00,254.19,254.56,254.12,254.48,72583
2025-10-29 07:40:00,254.5,254.55,254.44,254.5,53746
2025-10-29 07:45:00,254.52,254.98,254.46,254.95,52702
2025-10-29 07:50:00,254.95,254.99,254.6,254.89,47402
2025-10-29 07:55:00,254.84,254.92,254.66,254.81,55402
2025-10-29 08:00:00,254.81,254.92,254.53,254.73,83151
2025-10-29 08:05:00,254.7,254.8,254.58,254.7,57252
2025-10-29 08:10:00,254.66,254.66,253.91,254.04,138252
2025-10-29 08:15:00,254.04,254.05,253.37,253.71,183182
2025-10-29 08:20:00,253.71,254.29,253.6,254.21,318486
2025-10-29 08:25:00,254.21,254.73,254.05,254.3,153623
2025-10-29 08:30:00,254.3,254.33,253.81,254.0,62504
2025-10-29 08:35:00,254.07,254.19,253.85,254.12,55251
2025-10-29 08:40:00,254.08,254.37,254.0,254.23,60097
2025-10-29 08:45:00,254.21,254.77,254.2,254.68,164203
2025-10-29 08:50:00,254.68,254.68,254.25,254.49,57358
2025-10-29 08:55:00,254.49,254.49,254.25,254.48,82992
2025-10-29 09:00:00,254.48,254.59,254.31,254.42,99851
2025-10-29 09:05:00,254.4,254.43,254.08,254.27,105683
2025-10-29 09:10:00,254.3,254.7,254.05,254.6,212568
2025-10-29 09:15:00,254.57,254.65,254.15,254.23,292898
2025-10-29 09:20:00,254.21,254.6,254.11,254.53,152308
2025-10-29 09:25:00,254.53,254.6,254.37,254.51,136015
2025-10-29 09:30:00,254.54,254.7,254.4,254.66,206494
2025-10-29 09:35:00,254.6,254.79,254.52,254.74,118841
2025-10-29 09:40:00,254.72,254.74,254.5,254.63,156733
2025-10-29 09:45:00,254.63,255.16,254.6,255.09,347052
2025-10-29 09:50:00,255.05,255.5,254.9,255.42,175119
2025-10-29 09:55:00,255.42,257.34,255.4,256.51,943690
2025-10-30 03:45:00,256.5,256.5,253.69,254.9,192082
2025-10-30 03:50:00,254.75,255.19,254.65,255.03,93338
2025-10-30 03:55:00,255.03,255.4,254.8,255.29,37201
2025-10-30 04:00:00,255.26,255.29,254.26,254.49,76775
2025-10-30 04:05:00,254.4,255.17,254.3,254.9,59578
2025-10-30 04:10:00,254.9,255.07,254.3,254.43,36615
2025-10-30 04:15:00,254.43,254.68,254.16,254.52,45150
2025-10-30 04:20:00,254.57,254.61,254.01,254.03,56069
2025-10-30 04:25:00,254.03,254.4,253.83,254.03,37227
2025-10-30 04:30:00,254.09,254.52,254.02,254.3,19765
2025-10-30 04:35:00,254.3,254.69,254.1,254.58,34993
2025-10-30 04:40:00,254.59,255.0,254.48,254.92,48010
2025-10-30 04:45:00,255.0,255.55,254.9,255.13,80836
2025-10-30 04:50:00,255.12,255.12,254.33,254.43,76864
2025-10-30 04:55:00,254.37,254.6,254.03,254.34,116464
2025-10-30 05:00:00,254.25,254.34,254.04,254.15,41261
2025-10-30 05:05:00,254.1,254.6,254.06,254.6,36897
2025-10-30 05:10:00,254.71,254.71,254.21,254.4,48137
2025-10-30 05:15:00,254.46,254.47,254.05,254.15,17102
2025-10-30 05:20:00,254.15,254.98,254.07,254.7,54071
2025-10-30 05:25:00,254.85,255.1,254.65,254.69,83213
2025-10-30 05:30:00,254.74,254.95,254.5,254.87,18497
2025-10-30 05:35:00,254.89,255.04,254.8,254.9,63014
2025-10-30 05:40:00,254.96,255.1,254.9,254.98,35239
2025-10-30 05:45:00,254.95,255.34,254.83,255.3,52494
2025-10-30 05:50:00,255.2,255.45,255.06,255.2,101040
2025-10-30 05:55:00,255.2,255.82,255.2,255.35,115314
2025-10-30 06:00:00,255.37,255.5,255.23,255.4,54018
2025-10-30 06:05:00,255.4,255.96,255.1,255.58,97455
2025-10-30 06:10:00,255.52,255.78,255.27,255.54,31631
2025-10-30 06:15:00,255.56,255.75,255.42,255.48,61036
2025-10-30 06:20:00,255.42,255.57,254.86,255.0,39816
2025-10-30 06:25:00,254.91,254.96,254.75,254.9,28345
2025-10-30 06:30:00,254.86,255.0,254.8,254.99,35461
2025-10-30 06:35:00,255.0,255.0,254.61,254.7,30304
2025-10-30 06:40:00,254.76,254.82,254.5,254.7,41446
2025-10-30 06:45:00,254.66,254.79,254.48,254.68,17653
2025-10-30 06:50:00,254.68,254.87,254.5,254.85,19407
2025-10-30 06:55:00,254.87,254.99,254.67,254.77,23885
2025-10-30 07:00:00,254.77,255.0,254.66,254.81,45505
2025-10-30 07:05:00,254.8,254.91,254.48,254.63,49058
2025-10-30 07:10:00,254.54,254.76,254.46,254.55,58017
2025-10-30 07:15:00,254.63,254.75,254.4,254.6,45350
2025-10-30 07:20:00,254.6,254.79,254.54,254.71,110750
2025-10-30 07:25:00,254.63,254.75,254.32,254.36,78017
2025-10-30 07:30:00,254.41,254.44,254.21,254.31,57987
2025-10-30 07:35:00,254.42,254.45,254.0,254.0,60836
2025-10-30 07:40:00,254.04,254.15,253.92,254.05,48419
2025-10-30 07:45:00,254.06,254.28,254.0,254.1,37296
2025-10-30 07:50:00,254.19,254.37,254.05,254.15,36689
2025-10-30 07:55:00,254.14,254.2,254.02,254.12,33295
2025-10-30 08:00:00,254.16,254.34,253.54,253.67,68823
2025-10-30 08:05:00,253.66,253.68,253.41,253.56,73661
2025-10-30 08:10:00,253.59,253.82,253.52,253.75,60396
2025-10-30 08:15:00,253.77,253.79,253.5,253.59,55212
2025-10-30 08:20:00,253.57,253.78,253.5,253.64,59029
2025-10-30 08:25:00,253.54,254.2,253.45,254.14,76830
2025-10-30 08:30:00,254.05,254.2,253.83,254.1,64671
2025-10-30 08:35:00,254.0,254.22,253.96,253.97,65174
2025-10-30 08:40:00,254.06,254.28,253.96,254.27,71335
2025-10-30 08:45:00,254.27,254.3,254.01,254.18,64071
2025-10-30 08:50:00,254.18,254.8,254.1,254.41,126351
2025-10-30 08:55:00,254.45,254.45,254.08,254.21,68685
2025-10-30 09:00:00,254.33,254.59,253.95,253.96,139860
2025-10-30 09:05:00,253.92,254.22,253.9,254.07,64685
2025-10-30 09:10:00,253.95,254.29,253.9,254.13,87663
2025-10-30 09:15:00,254.2,254.57,253.91,253.93,104888
2025-10-30 09:20:00,254.06,254.16,253.86,254.04,70341
2025-10-30 09:25:00,254.01,254.04,253.81,253.95,192986
2025-10-30 09:30:00,253.95,254.59,253.95,254.33,159579
2025-10-30 09:35:00,254.31,254.46,254.16,254.43,118717
2025-10-30 09:40:00,254.41,254.6,254.25,254.54,130658
2025-10-30 09:45:00,254.54,254.71,254.54,254.71,160548
2025-10-30 09:50:00,254.67,254.85,254.5,254.64,192123
2025-10-30 09:55:00,254.64,254.75,254.28,254.28,151313
2025-10-31 03:45:00,254.7,255.58,254.2,254.4,177868
2025-10-31 03:50:00,254.4,255.38,254.4,255.12,52428
2025-10-31 03:55:00,255.14,255.35,255.0,255.31,41718
2025-10-31 04:00:00,255.29,255.89,255.25,255.71,78479
2025-10-31 04:05:00,255.76,255.9,255.66,255.66,50524
2025-10-31 04:10:00,255.69,255.95,255.17,255.93,57530
2025-10-31 04:15:00,255.94,255.95,255.67,255.75,37579
2025-10-31 04:20:00,255.68,255.72,255.3,255.5,42957
2025-10-31 04:25:00,255.47,255.84,255.34,255.37,75546
2025-10-31 04:30:00,255.4,255.48,255.02,255.13,32379
2025-10-31 04:35:00,255.13,255.21,254.84,254.9,29325
2025-10-31 04:40:00,254.87,255.0,254.75,254.8,22050
2025-10-31 04:45:00,254.72,254.78,254.5,254.73,42814
2025-10-31 04:50:00,254.74,254.74,254.5,254.55,21367
2025-10-31 04:55:00,254.55,254.71,254.52,254.56,16817
2025-10-31 05:00:00,254.6,254.6,254.06,254.11,47884
2025-10-31 05:05:00,254.14,254.14,253.72,253.73,55775
2025-10-31 05:10:00,253.85,253.89,253.32,253.56,81696
2025-10-31 05:15:00,253.52,253.84,253.43,253.78,29383
2025-10-31 05:20:00,253.78,253.98,253.61,253.82,41456
2025-10-31 05:25:00,253.89,253.9,253.65,253.84,10897
2025-10-31 05:30:00,253.76,253.96,253.6,253.9,45511
2025-10-31 05:35:00,253.89,253.9,253.55,253.78,77066
2025-10-31 05:40:00,253.73,254.07,253.7,253.87,43361
2025-10-31 05:45:00,253.86,253.99,253.73,253.88,20763
2025-10-31 05:50:00,253.88,253.96,253.61,253.81,15667
2025-10-31 05:55:00,253.81,253.88,253.55,253.56,15475
2025-10-31 06:00:00,253.63,254.26,253.52,254.03,86426
2025-10-31 06:05:00,254.05,254.12,253.83,254.0,25616
2025-10-31 06:10:00,253.96,254.5,253.96,254.47,24711
2025-10-31 06:15:00,254.47,254.49,253.89,254.04,30677
2025-10-31 06:20:00,254.04,254.27,253.81,254.03,68775
2025-10-31 06:25:00,254.03,254.49,253.93,254.38,58802
2025-10-31 06:30:00,254.38,254.5,254.2,254.38,53028
2025-10-31 06:35:00,254.38,255.48,254.27,255.46,339493
2025-10-31 06:40:00,255.45,255.77,255.19,255.34,83042
2025-10-31 06:45:00,255.34,255.55,255.27,255.37,40853
2025-10-31 06:50:00,255.34,255.37,255.0,255.06,51076
2025-10-31 06:55:00,255.06,255.1,254.76,254.86,146774
2025-10-31 07:00:00,254.81,254.85,254.61,254.75,53955
2025-10-31 07:05:00,254.76,255.24,254.76,255.0,68431
2025-10-31 07:10:00,255.0,255.35,255.0,255.13,71724
2025-10-31 07:15:00,255.13,255.4,255.13,255.35,81028
2025-10-31 07:20:00,255.34,256.0,255.24,255.8,374874
2025-10-31 07:25:00,255.8,257.25,255.72,257.13,266459
2025-10-31 07:30:00,257.13,257.48,256.6,256.82,146341
2025-10-31 07:35:00,256.82,257.9,256.66,257.58,188823
2025-10-31 07:40:00,257.62,257.75,257.0,257.0,72884
2025-10-31 07:45:00,257.02,257.04,256.63,256.63,91685
2025-10-31 07:50:00,256.6,256.66,256.17,256.54,99349
2025-10-31 07:55:00,256.51,256.61,256.1,256.24,93939
2025-10-31 08:00:00,256.24,256.53,256.19,256.25,50747
2025-10-31 08:05:00,256.28,256.5,256.08,256.1,68674
2025-10-31 08:10:00,256.1,256.29,256.01,256.01,62825
2025-10-31 08:15:00,256.03,256.1,255.41,255.6,120050
2025-10-31 08:20:00,255.51,255.85,255.5,255.58,51338
2025-10-31 08:25:00,255.58,255.78,255.51,255.58,57581
2025-10-31 08:30:00,255.58,255.99,255.51,255.91,49133
2025-10-31 08:35:00,255.91,256.31,255.71,256.13,75631
2025-10-31 08:40:00,256.17,256.46,256.07,256.29,62907
2025-10-31 08:45:00,256.28,256.41,255.87,255.97,71585
2025-10-31 08:50:00,255.91,256.34,255.83,256.23,79931
2025-10-31 08:55:00,256.15,256.36,256.0,256.07,74261
2025-10-31 09:00:00,256.07,256.34,256.01,256.09,156040
2025-10-31 09:05:00,256.09,256.33,256.06,256.27,40338
2025-10-31 09:10:00,256.27,256.27,256.0,256.02,49135
2025-10-31 09:15:00,256.0,256.04,255.58,255.68,116076
2025-10-31 09:20:00,255.6,255.68,255.26,255.37,170439
2025-10-31 09:25:00,255.37,255.68,255.3,255.3,67434
2025-10-31 09:30:00,255.39,255.78,255.11,255.11,296481
2025-10-31 09:35:00,255.14,255.44,255.11,255.26,298652
2025-10-31 09:40:00,255.27,255.41,255.11,255.4,293228
2025-10-31 09:45:00,255.41,255.55,255.15,255.15,323708
2025-10-31 09:50:00,255.15,255.8,255.01,255.79,372067
2025-10-31 09:55:00,255.77,256.0,255.51,255.79,293975
2025-11-03 03:45:00,255.0,256.2,254.3,255.4,160731
2025-11-03 03:50:00,255.4,256.9,255.25,256.6,156129
2025-11-03 03:55:00,256.8,257.15,256.3,257.05,124189
2025-11-03 04:00:00,257.05,257.9,256.55,257.65,217651
2025-11-03 04:05:00,257.75,258.0,257.5,257.9,125933
2025-11-03 04:10:00,257.9,258.5,257.0,257.05,200602
2025-11-03 04:15:00,257.05,257.15,256.65,257.0,119834
2025-11-03 04:20:00,257.0,257.2,256.35,256.35,83640
2025-11-03 04:25:00,256.5,256.5,256.1,256.4,36490
2025-11-03 04:30:00,256.4,257.55,256.4,257.1,65361
2025-11-03 04:35:00,257.15,257.25,256.9,257.25,36210
2025-11-03 04:40:00,257.1,257.25,256.8,257.0,32236
2025-11-03 04:45:00,256.9,257.0,256.55,256.75,23197
2025-11-03 04:50:00,256.8,256.85,256.4,256.7,49233
2025-11-03 04:55:00,256.7,256.95,256.55,256.9,22482
2025-11-03 05:00:00,256.8,257.0,256.8,256.9,21221
2025-11-03 05:05:00,256.9,256.95,256.55,256.7,24603
2025-11-03 05:10:00,256.55,257.3,256.55,257.1,47490
2025-11-03 05:15:00,257.1,257.25,257.0,257.15,20174
2025-11-03 05:20:00,257.1,257.25,256.8,257.0,31337
2025-11-03 05:25:00,257.0,257.05,256.8,256.95,15911
2025-11-03 05:30:00,256.9,257.15,256.7,256.85,46117
2025-11-03 05:35:00,256.75,257.0,256.65,257.0,25424
2025-11-03 05:40:00,256.85,257.75,256.8,257.4,103096
2025-11-03 05:45:00,257.35,257.45,257.15,257.25,20577
2025-11-03 05:50:00,257.15,257.5,257.15,257.25,33810
2025-11-03 05:55:00,257.2,257.45,257.05,257.4,26143
2025-11-03 06:00:00,257.3,257.55,257.3,257.3,22871
2025-11-03 06:05:00,257.3,257.4,257.05,257.15,21245
2025-11-03 06:10:00,257.05,257.2,256.85,257.0,37186
2025-11-03 06:15:00,256.95,257.5,256.85,257.2,26467
2025-11-03 06:20:00,257.2,257.35,256.9,257.0,34851
2025-11-03 06:25:00,256.9,257.1,256.75,257.05,25778
2025-11-03 06:30:00,257.0,257.05,256.85,257.0,13185
2025-11-03 06:35:00,257.0,257.2,256.85,257.0,25014
2025-11-03 06:40:00,257.0,257.1,256.75,256.75,17360
2025-11-03 06:45:00,256.8,257.0,256.7,256.9,12181
2025-11-03 06:50:00,256.9,257.0,256.6,256.6,24503
2025-11-03 06:55:00,256.6,256.95,256.6,256.9,14854
2025-11-03 07:00:00,256.95,257.2,256.8,256.8,38288
2025-11-03 07:05:00,256.8,257.0,256.75,256.85,14408
2025-11-03 07:10:00,256.9,257.15,256.8,257.05,46206
2025-11-03 07:15:00,257.05,257.15,256.9,257.0,19894
2025-11-03 07:20:00,257.0,257.7,256.85,257.25,105408
2025-11-03 07:25:00,257.3,257.4,257.1,257.25,15078
2025-11-03 07:30:00,257.25,257.55,257.05,257.2,45275
2025-11-03 07:35:00,257.15,257.25,257.1,257.2,11026
2025-11-03 07:40:00,257.2,257.2,257.05,257.2,22898
2025-11-03 07:45:00,257.15,257.2,256.8,256.85,56437
2025-11-03 07:50:00,256.8,256.95,256.6,256.8,48388
2025-11-03 07:55:00,256.8,256.9,256.45,256.9,86716
2025-11-03 08:00:00,256.95,257.3,256.9,257.1,69797
2025-11-03 08:05:00,257.2,257.4,257.0,257.15,78829
2025-11-03 08:10:00,257.0,257.2,256.8,257.0,84829
2025-11-03 08:15:00,256.95,257.1,256.5,256.5,87103
2025-11-03 08:20:00,256.7,256.95,256.65,256.85,76509
2025-11-03 08:25:00,256.75,257.05,256.65,256.95,78724
2025-11-03 08:30:00,257.0,257.4,256.85,256.9,87912
2025-11-03 08:35:00,256.9,257.2,256.8,257.05,83247
2025-11-03 08:40:00,256.95,257.15,256.75,257.0,105573
2025-11-03 08:45:00,256.95,257.4,256.9,257.25,174879
2025-11-03 08:50:00,257.2,257.2,256.9,257.0,89365
2025-11-03 08:55:00,256.9,257.15,256.8,257.0,81125
2025-11-03 09:00:00,257.1,257.2,256.9,257.0,74128
2025-11-03 09:05:00,257.1,257.3,256.9,257.2,73006
2025-11-03 09:10:00,257.15,257.25,256.95,257.2,70639
2025-11-03 09:15:00,257.2,257.35,256.9,257.0,131450
2025-11-03 09:20:00,257.05,257.15,256.7,257.1,110749
2025-11-03 09:25:00,257.1,257.25,256.9,257.0,92814
2025-11-03 09:30:00,256.95,257.2,256.9,257.05,124264
2025-11-03 09:35:00,257.15,257.45,257.05,257.45,119409
2025-11-03 09:40:00,257.35,257.85,257.3,257.85,165938
2025-11-03 09:45:00,257.85,257.95,257.7,257.9,230325
2025-11-03 09:50:00,257.95,257.95,257.45,257.75,200126
2025-11-03 09:55:00,257.75,257.9,256.95,257.4,245923
2025-11-04 03:45:00,256.1,257.0,255.7,256.0,225075
2025-11-04 03:50:00,256.0,256.55,255.9,256.15,646021
2025-11-04 03:55:00,256.2,256.85,255.05,256.8,533335
2025-11-04 04:00:00,256.8,256.95,256.5,256.65,116501
2025-11-04 04:05:00,256.7,257.3,256.4,257.2,87551
2025-11-04 04:10:00,257.2,257.5,257.2,257.35,72429
2025-11-04 04:15:00,257.2,257.35,257.0,257.1,45357
2025-11-04 04:20:00,257.1,257.4,257.0,257.15,71702
2025-11-04 04:25:00,257.05,257.35,256.45,257.0,52345
2025-11-04 04:30:00,257.05,257.15,256.65,256.8,28664
2025-11-04 04:35:00,256.7,256.8,256.45,256.45,42724
2025-11-04 04:40:00,256.45,257.1,256.35,256.85,27104
2025-11-04 04:45:00,256.75,256.85,256.45,256.6,20097
2025-11-04 04:50:00,256.55,256.7,256.3,256.5,47728
2025-11-04 04:55:00,256.5,256.75,256.15,256.35,64031
2025-11-04 05:00:00,256.35,256.7,256.25,256.55,53070
2025-11-04 05:05:00,256.45,256.55,256.05,256.05,37445
2025-11-04 05:10:00,256.15,256.15,255.5,255.55,55119
2025-11-04 05:15:00,255.5,255.7,255.25,255.4,44021
2025-11-04 05:20:00,255.35,256.0,255.3,255.75,34716
2025-11-04 05:25:00,255.75,255.75,255.2,255.3,35241
2025-11-04 05:30:00,255.3,255.35,254.8,254.85,87217
2025-11-04 05:35:00,254.85,255.0,254.65,254.65,30700
2025-11-04 05:40:00,254.65,254.8,254.4,254.7,24686
2025-11-04 05:45:00,254.6,254.75,254.6,254.75,16606
2025-11-04 05:50:00,254.65,254.75,254.4,254.4,38044
2025-11-04 05:55:00,254.45,255.1,254.4,254.9,42804
2025-11-04 06:00:00,254.95,255.1,254.65,254.85,41118
2025-11-04 06:05:00,254.85,254.9,254.0,254.2,62475
2025-11-04 06:10:00,254.2,254.3,253.85,254.15,35143
2025-11-04 06:15:00,254.1,254.2,253.95,254.05,21800
2025-11-04 06:20:00,254.05,254.15,253.9,253.9,17475
2025-11-04 06:25:00,253.9,254.7,253.9,254.2,31028
2025-11-04 06:30:00,254.25,254.3,254.05,254.25,18380
2025-11-04 06:35:00,254.25,254.3,253.7,253.85,45063
2025-11-04 06:40:00,253.9,254.45,253.85,254.45,32499
2025-11-04 06:45:00,254.35,254.7,254.2,254.7,24657
2025-11-04 06:50:00,254.7,254.8,254.55,254.65,20363
2025-11-04 06:55:00,254.7,254.7,254.35,254.35,21795
2025-11-04 07:00:00,254.5,254.55,254.3,254.4,19317
2025-11-04 07:05:00,254.4,254.55,254.25,254.3,53543
2025-11-04 07:10:00,254.2,254.35,254.05,254.15,34751
2025-11-04 07:15:00,254.25,254.35,254.0,254.15,40488
2025-11-04 07:20:00,254.15,254.3,254.05,254.15,44029
2025-11-04 07:25:00,254.0,254.5,254.0,254.35,41464
2025-11-04 07:30:00,254.25,254.45,254.0,254.4,34670
2025-11-04 07:35:00,254.55,254.7,254.4,254.4,53560
2025-11-04 07:40:00,254.4,254.55,254.35,254.45,33458
2025-11-04 07:45:00,254.5,254.6,254.25,254.3,38936
2025-11-04 07:50:00,254.2,254.5,254.05,254.35,43941
2025-11-04 07:55:00,254.4,254.55,254.2,254.45,44714
2025-11-04 08:00:00,254.45,254.8,254.3,254.45,50996
2025-11-04 08:05:00,254.4,254.9,254.3,254.85,45172
2025-11-04 08:10:00,254.75,254.95,254.7,254.8,59971
2025-11-04 08:15:00,254.7,254.85,254.45,254.45,52237
2025-11-04 08:20:00,254.6,254.75,254.4,254.5,44903
2025-11-04 08:25:00,254.4,254.7,254.15,254.25,79027
2025-11-04 08:30:00,254.2,254.35,254.0,254.15,42313
2025-11-04 08:35:00,254.15,254.15,253.65,253.7,66627
2025-11-04 08:40:00,253.7,253.75,253.0,253.4,138714
2025-11-04 08:45:00,253.3,253.45,253.1,253.2,55288
2025-11-04 08:50:00,253.15,253.45,252.95,253.3,88029
2025-11-04 08:55:00,253.3,253.45,253.15,253.45,37242
2025-11-04 09:00:00,253.4,253.45,253.1,253.35,35857
2025-11-04 09:05:00,253.35,253.65,253.15,253.35,103537
2025-11-04 09:10:00,253.35,253.5,253.05,253.15,40462
2025-11-04 09:15:00,253.05,253.25,253.0,253.05,63045
2025-11-04 09:20:00,253.0,253.35,252.65,252.75,168607
2025-11-04 09:25:00,252.85,253.15,252.65,252.75,99377
2025-11-04 09:30:00,252.8,252.95,252.2,252.35,240788
2025-11-04 09:35:00,252.35,252.4,252.15,252.2,142715
2025-11-04 09:40:00,252.15,252.4,252.0,252.3,261313
2025-11-04 09:45:00,252.3,252.3,252.1,252.15,169878
2025-11-04 09:50:00,252.1,252.55,252.05,252.5,235557
2025-11-04 09:55:00,252.45,253.2,252.3,253.2,233683
2025-11-06 03:45:00,253.55,254.15,251.5,253.2,403868
2025-11-06 03:50:00,253.1,253.95,252.8,253.95,142241
2025-11-06 03:55:00,254.0,254.5,253.95,254.5,90219
2025-11-06 04:00:00,254.75,255.0,254.65,254.9,101457
2025-11-06 04:05:00,254.9,255.5,254.9,255.25,127048
2025-11-06 04:10:00,255.2,255.25,254.85,255.0,89097
2025-11-06 04:15:00,255.0,255.5,255.0,255.1,128783
2025-11-06 04:20:00,255.2,255.45,254.95,255.1,55265
2025-11-06 04:25:00,255.15,255.2,254.7,254.85,55947
2025-11-06 04:30:00,254.85,255.15,254.7,254.7,40340
2025-11-06 04:35:00,254.75,254.75,253.7,253.8,96962
2025-11-06 04:40:00,253.7,253.85,253.1,253.1,107346
2025-11-06 04:45:00,253.15,253.45,253.1,253.2,42530
2025-11-06 04:50:00,253.25,253.5,253.1,253.4,59791
2025-11-06 04:55:00,253.35,253.8,253.35,253.65,39010
2025-11-06 05:00:00,253.6,253.8,253.55,253.65,24463
2025-11-06 05:05:00,253.65,253.9,253.1,253.45,87470
2025-11-06 05:10:00,253.35,253.6,253.25,253.4,32033
2025-11-06 05:15:00,253.4,253.75,253.3,253.35,35869
2025-11-06 05:20:00,253.3,253.6,253.25,253.6,25572
2025-11-06 05:25:00,253.6,253.85,253.55,253.7,24807
2025-11-06 05:30:00,253.65,254.4,253.65,254.4,50709
2025-11-06 05:35:00,254.35,254.55,254.05,254.15,39750
2025-11-06 05:40:00,254.05,254.3,254.0,254.2,26034
2025-11-06 05:45:00,254.1,254.1,253.4,253.5,33013
2025-11-06 05:50:00,253.5,253.55,253.0,253.15,103256
2025-11-06 05:55:00,253.05,253.4,253.0,253.25,87240
2025-11-06 06:00:00,253.25,253.35,252.8,252.8,35618
2025-11-06 06:05:00,252.9,253.0,252.55,252.6,143732
2025-11-06 06:10:00,252.55,252.8,252.35,252.6,43032
2025-11-06 06:15:00,252.55,253.4,252.55,253.35,49046
2025-11-06 06:20:00,253.3,253.3,253.0,253.2,20587
2025-11-06 06:25:00,253.1,253.2,253.05,253.1,15166
2025-11-06 06:30:00,253.3,253.35,253.1,253.2,27185
2025-11-06 06:35:00,253.2,253.25,253.05,253.05,14852
2025-11-06 06:40:00,253.05,253.1,251.85,251.9,256122
2025-11-06 06:45:00,251.9,252.25,251.9,252.0,43064
2025-11-06 06:50:00,251.95,252.1,251.9,252.05,33913
2025-11-06 06:55:00,252.05,252.15,251.95,252.0,41193
2025-11-06 07:00:00,252.05,252.45,251.9,252.3,82817
2025-11-06 07:05:00,252.25,252.45,252.05,252.1,31525
2025-11-06 07:10:00,252.1,252.2,251.9,251.95,44841
2025-11-06 07:15:00,252.05,252.25,251.9,252.15,20843
2025-11-06 07:20:00,252.25,252.35,252.05,252.25,33582
2025-11-06 07:25:00,252.3,252.75,252.2,252.2,241960
2025-11-06 07:30:00,252.3,252.95,252.2,252.8,116464
2025-11-06 07:35:00,252.65,252.8,252.35,252.4,39846
2025-11-06 07:40:00,252.35,252.5,252.2,252.5,21227
2025-11-06 07:45:00,252.45,252.65,252.2,252.3,22479
2025-11-06 07:50:00,252.3,252.7,252.15,252.15,41777
2025-11-06 07:55:00,252.2,252.35,251.85,251.95,55409
2025-11-06 08:00:00,251.95,252.15,251.9,252.05,23411
2025-11-06 08:05:00,252.05,252.35,251.8,251.9,35669
2025-11-06 08:10:00,251.9,252.2,251.75,251.75,27987
2025-11-06 08:15:00,251.75,251.9,250.75,251.35,257426
2025-11-06 08:20:00,251.3,251.4,250.45,251.25,390860
2025-11-06 08:25:00,251.25,251.5,251.2,251.35,30967
2025-11-06 08:30:00,251.25,251.4,251.15,251.2,30510
2025-11-06 08:35:00,251.15,251.3,251.05,251.15,26623
2025-11-06 08:40:00,251.15,251.7,251.05,251.65,84510
2025-11-06 08:45:00,251.6,251.7,251.25,251.5,60624
2025-11-06 08:50:00,251.5,251.6,251.4,251.5,35632
2025-11-06 08:55:00,251.5,251.95,251.35,251.85,79810
2025-11-06 09:00:00,251.95,252.0,251.7,251.8,39106
2025-11-06 09:05:00,251.8,252.0,251.75,251.9,39624
2025-11-06 09:10:00,251.9,252.05,251.6,252.0,84785
2025-11-06 09:15:00,252.0,252.25,251.6,251.7,82545
2025-11-06 09:20:00,251.7,252.15,251.65,251.7,107107
2025-11-06 09:25:00,251.8,252.1,251.5,252.0,140090
2025-11-06 09:30:00,252.05,252.05,251.55,251.65,131927
2025-11-06 09:35:00,251.65,251.75,251.45,251.5,120398
2025-11-06 09:40:00,251.5,251.5,251.25,251.35,178131
2025-11-06 09:45:00,251.45,251.55,251.2,251.4,329697
2025-11-06 09:50:00,251.5,252.2,251.3,251.6,513864
2025-11-06 09:55:00,251.45,252.1,251.0,252.1,480023
2025-11-07 03:45:00,250.0,251.05,250.0,250.7,139481
2025-11-07 03:50:00,250.6,250.9,250.25,250.45,49793
2025-11-07 03:55:00,250.45,250.5,250.1,250.35,53742
2025-11-07 04:00:00,250.35,250.85,250.15,250.45,45280
2025-11-07 04:05:00,250.45,251.3,250.3,251.3,66007
2025-11-07 04:10:00,251.15,251.9,251.15,251.7,88275
2025-11-07 04:15:00,251.75,251.85,251.3,251.7,63163
2025-11-07 04:20:00,251.65,251.7,250.85,250.85,84639
2025-11-07 04:25:00,250.85,251.55,250.8,251.15,87422
2025-11-07 04:30:00,251.15,251.35,250.9,251.15,36994
2025-11-07 04:35:00,251.15,251.25,250.7,250.7,25642
2025-11-07 04:40:00,250.85,251.2,250.6,251.0,35097
2025-11-07 04:45:00,251.05,251.2,250.95,251.1,30222
2025-11-07 04:50:00,251.0,251.5,250.95,251.2,28729
2025-11-07 04:55:00,251.1,251.3,251.0,251.2,76322
2025-11-07 05:00:00,251.2,251.25,250.9,251.25,35062
2025-11-07 05:05:00,251.2,251.45,251.15,251.3,17520
2025-11-07 05:10:00,251.3,251.85,251.3,251.65,37536
2025-11-07 05:15:00,251.65,252.0,251.65,251.9,40386
2025-11-07 05:20:00,251.85,252.15,251.65,252.15,65575
2025-11-07 05:25:00,252.1,252.15,252.0,252.0,53173
2025-11-07 05:30:00,252.05,252.5,252.0,252.4,34097
2025-11-07 05:35:00,252.4,252.55,252.25,252.55,35737
2025-11-07 05:40:00,252.5,252.75,252.5,252.65,47983
2025-11-07 05:45:00,252.65,252.75,252.5,252.75,24052
2025-11-07 05:50:00,252.65,252.95,252.6,252.85,40357
2025-11-07 05:55:00,252.85,253.2,252.8,253.15,42314
2025-11-07 06:00:00,253.05,253.3,253.05,253.2,33493
2025-11-07 06:05:00,253.05,253.2,252.75,252.8,74726
2025-11-07 06:10:00,252.75,252.95,252.5,252.9,33564
2025-11-07 06:15:00,252.9,253.15,252.6,252.75,87549
2025-11-07 06:20:00,252.75,252.75,252.2,252.3,26465
2025-11-07 06:25:00,252.3,252.6,252.3,252.5,16526
2025-11-07 06:30:00,252.45,252.6,252.3,252.55,22039
2025-11-07 06:35:00,252.4,252.55,252.25,252.45,29731
2025-11-07 06:40:00,252.45,252.55,252.15,252.25,27740
2025-11-07 06:45:00,252.15,252.25,252.0,252.1,21657
2025-11-07 06:50:00,252.05,252.35,252.0,252.05,30040
2025-11-07 06:55:00,252.1,252.4,252.05,252.15,18964
2025-11-07 07:00:00,252.15,252.35,252.05,252.2,15055
2025-11-07 07:05:00,252.2,252.3,251.9,252.0,31563
2025-11-07 07:10:00,251.95,252.35,251.95,252.35,34838
2025-11-07 07:15:00,252.4,252.5,252.05,252.25,49874
2025-11-07 07:20:00,252.2,252.45,252.2,252.3,21081
2025-11-07 07:25:00,252.35,252.45,252.05,252.45,22158
2025-11-07 07:30:00,252.35,252.75,252.3,252.65,33822
2025-11-07 07:35:00,252.75,252.95,252.55,252.75,26599
2025-11-07 07:40:00,252.65,253.0,252.65,252.95,20554
2025-11-07 07:45:00,252.9,253.1,252.75,252.9,49740
2025-11-07 07:50:00,252.8,253.2,252.8,253.1,23123
2025-11-07 07:55:00,253.1,253.5,253.1,253.5,55577
2025-11-07 08:00:00,253.5,253.6,253.3,253.5,25507
2025-11-07 08:05:00,253.4,253.5,253.1,253.3,75495
2025-11-07 08:10:00,253.3,253.45,252.75,252.95,106689
2025-11-07 08:15:00,252.95,253.15,252.8,252.9,26341
2025-11-07 08:20:00,252.9,252.95,252.75,252.9,19302
2025-11-07 08:25:00,252.85,252.95,252.65,252.7,28044
2025-11-07 08:30:00,252.65,252.75,252.2,252.4,49644
2025-11-07 08:35:00,252.3,252.45,252.25,252.4,21495
2025-11-07 08:40:00,252.35,252.5,252.15,252.4,61919
2025-11-07 08:45:00,252.4,252.5,252.2,252.35,23707
2025-11-07 08:50:00,252.35,252.85,252.35,252.85,29964
2025-11-07 08:55:00,252.75,252.95,252.5,252.6,53045
2025-11-07 09:00:00,252.6,252.7,252.55,252.65,16534
2025-11-07 09:05:00,252.55,252.75,252.5,252.75,19883
2025-11-07 09:10:00,252.65,252.85,252.65,252.8,57733
2025-11-07 09:15:00,252.7,252.7,251.75,251.95,225490
2025-11-07 09:20:00,251.9,252.1,251.8,252.0,83442
2025-11-07 09:25:00,251.95,252.05,251.55,251.65,36494
2025-11-07 09:30:00,251.65,252.0,251.15,251.95,204006
2025-11-07 09:35:00,252.0,252.15,251.75,252.1,106507
2025-11-07 09:40:00,252.05,252.2,251.95,251.95,114268
2025-11-07 09:45:00,251.95,252.6,251.9,252.55,164714
2025-11-07 09:50:00,252.55,252.75,252.3,252.45,307699
2025-11-07 09:55:00,252.5,252.75,252.0,252.7,377962
2025-11-10 03:45:00,252.0,253.85,251.8,253.6,179819
2025-11-10 03:50:00,253.5,254.25,253.45,254.0,84433
2025-11-10 03:55:00,253.95,254.65,253.8,254.6,128736
2025-11-10 04:00:00,254.65,255.5,254.65,255.1,225720
2025-11-10 04:05:00,255.1,255.45,254.75,255.3,105253
2025-11-10 04:10:00,255.2,255.45,254.95,255.2,179291
2025-11-10 04:15:00,255.1,255.2,254.85,255.05,100561
2025-11-10 04:20:00,255.0,255.1,254.65,254.9,87321
2025-11-10 04:25:00,254.9,254.95,254.75,254.85,30092
2025-11-10 04:30:00,254.85,255.2,254.8,254.9,55771
2025-11-10 04:35:00,254.9,254.95,254.75,254.8,29796
2025-11-10 04:40:00,254.8,254.85,254.35,254.45,138815
2025-11-10 04:45:00,254.45,254.85,253.85,254.0,118783
2025-11-10 04:50:00,254.0,254.0,253.8,253.95,31006
2025-11-10 04:55:00,253.95,254.0,253.8,253.8,27892
2025-11-10 05:00:00,253.85,253.85,253.0,253.2,493844
2025-11-10 05:05:00,253.05,253.25,252.55,252.65,264100
2025-11-10 05:10:00,252.6,252.85,252.6,252.7,31565
2025-11-10 05:15:00,252.8,252.8,251.25,251.4,221302
2025-11-10 05:20:00,251.4,251.75,251.4,251.75,46931
2025-11-10 05:25:00,251.75,252.05,251.65,251.85,129534
2025-11-10 05:30:00,251.8,252.15,251.7,251.95,36746
2025-11-10 05:35:00,251.95,252.0,251.6,251.65,32236
2025-11-10 05:40:00,251.6,251.8,251.5,251.7,20845
2025-11-10 05:45:00,251.7,251.9,251.6,251.9,15117
2025-11-10 05:50:00,251.9,251.95,251.15,251.6,152661
2025-11-10 05:55:00,251.65,252.15,251.5,251.85,54678
2025-11-10 06:00:00,251.95,251.95,251.8,251.8,16805
2025-11-10 06:05:00,251.95,252.0,251.8,251.8,17856
2025-11-10 06:10:00,251.9,252.0,251.75,251.85,22846
2025-11-10 06:15:00,251.85,252.0,251.75,252.0,23945
2025-11-10 06:20:00,252.0,252.0,251.8,252.0,16825
2025-11-10 06:25:00,251.95,252.05,251.5,251.5,35608
2025-11-10 06:30:00,251.5,251.65,251.0,251.05,71470
2025-11-10 06:35:00,251.1,251.1,250.55,250.85,88269
2025-11-10 06:40:00,250.9,251.7,250.75,251.5,141001
2025-11-10 06:45:00,251.5,251.6,251.1,251.4,56480
2025-11-10 06:50:00,251.3,251.4,251.05,251.2,23257
2025-11-10 06:55:00,251.15,251.3,251.05,251.15,49353
2025-11-10 07:00:00,251.15,251.4,250.7,250.85,75983
2025-11-10 07:05:00,250.85,251.05,250.5,251.0,849119
2025-11-10 07:10:00,251.1,251.75,251.0,251.2,204835
2025-11-10 07:15:00,251.15,251.3,250.8,251.0,72630
2025-11-10 07:20:00,250.95,251.05,250.85,250.95,11879
2025-11-10 07:25:00,250.9,251.0,249.5,250.65,353077
2025-11-10 07:30:00,250.65,251.0,250.4,251.0,49487
2025-11-10 07:35:00,251.0,251.15,250.7,251.0,46491
2025-11-10 07:40:00,251.0,251.35,250.9,251.25,70230
2025-11-10 07:45:00,251.25,251.4,251.0,251.2,42252
2025-11-10 07:50:00,251.15,251.5,251.0,251.45,45238
2025-11-10 07:55:00,251.5,251.7,251.45,251.7,60442
2025-11-10 08:00:00,251.7,251.8,251.5,251.7,50935
2025-11-10 08:05:00,251.6,251.95,251.5,251.65,55419
2025-11-10 08:10:00,251.55,251.6,251.25,251.25,27683
2025-11-10 08:15:00,251.25,251.45,251.0,251.45,99975
2025-11-10 08:20:00,251.4,251.5,251.25,251.4,19057
2025-11-10 08:25:00,251.35,251.45,251.3,251.45,16523
2025-11-10 08:30:00,251.4,251.5,251.3,251.45,44836
2025-11-10 08:35:00,251.4,251.5,251.25,251.5,100177
2025-11-10 08:40:00,251.45,251.75,251.35,251.45,145971
2025-11-10 08:45:00,251.35,251.5,251.35,251.4,42247
2025-11-10 08:50:00,251.4,251.9,251.35,251.9,181873
2025-11-10 08:55:00,251.85,251.95,251.6,251.65,32799
2025-11-10 09:00:00,251.75,251.9,251.7,251.75,55476
2025-11-10 09:05:00,251.75,251.8,251.55,251.6,33802
2025-11-10 09:10:00,251.6,251.75,251.2,251.3,95713
2025-11-10 09:15:00,251.25,251.35,250.8,250.85,71485
2025-11-10 09:20:00,250.85,251.1,250.8,250.9,41437
2025-11-10 09:25:00,251.0,251.15,250.85,251.0,33173
2025-11-10 09:30:00,251.1,251.3,251.0,251.2,79118
2025-11-10 09:35:00,251.15,251.55,251.15,251.55,66955
2025-11-10 09:40:00,251.45,251.5,251.3,251.35,98826
2025-11-10 09:45:00,251.35,251.55,251.35,251.45,164179
2025-11-10 09:50:00,251.5,251.55,251.3,251.5,214072
2025-11-10 09:55:00,251.5,251.5,251.0,251.5,145799
2025-11-11 03:45:00,254.2,254.2,250.35,251.05,1300128
2025-11-11 03:50:00,251.0,252.6,251.0,251.7,436133
2025-11-11 03:55:00,251.65,251.9,249.95,251.9,447317
2025-11-11 04:00:00,251.95,252.85,250.45,250.85,320560
2025-11-11 04:05:00,250.95,251.15,250.2,250.55,203462
2025-11-11 04:10:00,250.65,250.85,250.25,250.3,126572
2025-11-11 04:15:00,250.25,250.55,248.65,249.05,434907
2025-11-11 04:20:00,249.15,249.35,248.75,249.25,286257
2025-11-11 04:25:00,249.05,249.75,249.0,249.65,96554
2025-11-11 04:30:00,249.65,250.1,249.35,249.95,139659
2025-11-11 04:35:00,249.95,250.1,249.1,249.25,138651
2025-11-11 04:40:00,249.15,249.5,249.1,249.15,78094
2025-11-11 04:45:00,249.25,249.4,249.0,249.1,65611
2025-11-11 04:50:00,249.0,249.05,248.5,248.6,152018
2025-11-11 04:55:00,248.55,248.65,248.25,248.5,90306
2025-11-11 05:00:00,248.5,248.6,247.0,247.25,251143
2025-11-11 05:05:00,247.2,247.65,247.1,247.5,98338
2025-11-11 05:10:00,247.4,247.7,247.4,247.65,53567
2025-11-11 05:15:00,247.6,248.0,246.75,246.95,796167
2025-11-11 05:20:00,247.0,247.25,246.65,246.65,115947
2025-11-11 05:25:00,246.8,247.9,246.5,247.4,882180
2025-11-11 05:30:00,247.45,247.6,246.9,247.05,143278
2025-11-11 05:35:00,247.1,247.4,246.8,247.05,194859
2025-11-11 05:40:00,247.2,247.35,247.0,247.2,181392
2025-11-11 05:45:00,247.2,247.5,247.0,247.0,120556
2025-11-11 05:50:00,247.0,247.7,246.9,247.6,202484
2025-11-11 05:55:00,247.55,247.95,247.0,247.25,172450
2025-11-11 06:00:00,247.3,247.3,246.45,246.6,130230
2025-11-11 06:05:00,246.5,246.6,246.0,246.3,158023
2025-11-11 06:10:00,246.25,247.0,246.1,246.95,70345
2025-11-11 06:15:00,246.85,247.0,246.6,246.9,85153
2025-11-11 06:20:00,246.9,247.3,246.7,247.1,116194
2025-11-11 06:25:00,247.1,247.4,247.0,247.2,105038
2025-11-11 06:30:00,247.05,247.5,247.05,247.5,133554
2025-11-11 06:35:00,247.45,247.85,247.3,247.55,148886
2025-11-11 06:40:00,247.45,247.65,247.0,247.1,107124
2025-11-11 06:45:00,247.1,247.4,247.0,247.15,99518
2025-11-11 06:50:00,247.15,247.35,246.9,247.25,154652
2025-11-11 06:55:00,247.2,247.35,247.05,247.25,134332
2025-11-11 07:00:00,247.25,247.7,247.15,247.6,144781
2025-11-11 07:05:00,247.5,247.65,247.05,247.15,124646
2025-11-11 07:10:00,247.05,247.8,247.0,247.35,296765
2025-11-11 07:15:00,247.25,247.45,247.0,247.3,184915
2025-11-11 07:20:00,247.25,247.45,247.0,247.05,112773
2025-11-11 07:25:00,247.15,247.2,246.9,247.0,165961
2025-11-11 07:30:00,247.0,247.1,246.9,247.0,71923
2025-11-11 07:35:00,246.9,247.0,246.8,246.85,66793
2025-11-11 07:40:00,246.9,247.0,246.8,247.0,56987
2025-11-11 07:45:00,247.0,247.05,246.8,247.05,190776
2025-11-11 07:50:00,247.05,247.95,246.95,247.85,210718
2025-11-11 07:55:00,247.9,247.9,247.1,247.5,496262
2025-11-11 08:00:00,247.6,247.8,247.35,247.6,120981
2025-11-11 08:05:00,247.6,248.25,247.5,248.2,219395
2025-11-11 08:10:00,248.2,248.3,247.75,248.0,151992
2025-11-11 08:15:00,248.0,248.7,248.0,248.6,198371
2025-11-11 08:20:00,248.6,248.75,248.25,248.55,137697
2025-11-11 08:25:00,248.55,248.95,248.2,248.6,233495
2025-11-11 08:30:00,248.65,248.9,248.45,248.6,128106
2025-11-11 08:35:00,248.65,248.9,248.5,248.75,118740
2025-11-11 08:40:00,248.7,248.95,248.65,248.8,112203
2025-11-11 08:45:00,248.65,248.8,248.5,248.7,122587
2025-11-11 08:50:00,248.65,248.75,248.35,248.65,174022
2025-11-11 08:55:00,248.6,248.7,248.4,248.55,128345
2025-11-11 09:00:00,248.6,248.85,248.5,248.6,143215
2025-11-11 09:05:00,248.6,248.6,248.0,248.0,228751
2025-11-11 09:10:00,248.0,248.15,247.75,248.15,174575
2025-11-11 09:15:00,248.05,248.35,247.8,247.85,220045
2025-11-11 09:20:00,247.95,248.5,247.85,248.15,144289
2025-11-11 09:25:00,248.2,248.9,248.1,248.9,167597
2025-11-11 09:30:00,248.95,249.45,248.9,249.35,303509
2025-11-11 09:35:00,249.35,249.65,249.25,249.4,457528
2025-11-11 09:40:00,249.3,249.5,249.1,249.4,428051
2025-11-11 09:45:00,249.45,249.8,249.45,249.75,323005
2025-11-11 09:50:00,249.75,249.85,249.55,249.75,298324
2025-11-11 09:55:00,249.75,250.0,249.5,249.9,249189
2025-11-12 03:45:00,252.6,252.95,249.9,252.95,1038400
2025-11-12 03:50:00,253.8,254.8,253.7,254.55,869546
2025-11-12 03:55:00,254.55,255.45,254.5,255.2,645231
2025-11-12 04:00:00,255.05,255.6,254.5,254.95,589144
2025-11-12 04:05:00,254.95,255.05,254.3,254.4,344807
2025-11-12 04:10:00,254.25,254.6,254.15,254.3,221419
2025-11-12 04:15:00,254.3,254.7,253.65,253.95,375117
2025-11-12 04:20:00,253.85,254.15,253.8,254.0,145517
2025-11-12 04:25:00,254.05,254.15,253.5,253.6,255290
2025-11-12 04:30:00,253.6,253.85,253.3,253.4,175348
2025-11-12 04:35:00,253.3,253.95,253.2,253.4,192997
2025-11-12 04:40:00,253.45,253.6,252.9,253.0,225065
2025-11-12 04:45:00,253.1,253.25,252.8,253.2,135573
2025-11-12 04:50:00,253.1,253.5,253.1,253.25,79054
2025-11-12 04:55:00,253.25,253.35,253.0,253.25,87673
2025-11-12 05:00:00,253.2,253.7,253.2,253.6,66121
2025-11-12 05:05:00,253.6,254.2,253.6,254.0,218506
2025-11-12 05:10:00,254.0,254.2,253.8,254.1,103055
2025-11-12 05:15:00,254.05,254.25,253.9,253.95,121193
2025-11-12 05:20:00,254.1,254.15,253.9,254.0,98254
2025-11-12 05:25:00,253.9,254.0,253.5,253.55,109306
2025-11-12 05:30:00,253.55,253.75,253.45,253.7,101927
2025-11-12 05:35:00,253.7,253.8,253.4,253.8,72843
2025-11-12 05:40:00,253.8,254.0,253.45,254.0,91985
2025-11-12 05:45:00,254.0,254.0,253.85,253.95,50374
2025-11-12 05:50:00,253.9,253.95,253.85,253.95,42076
2025-11-12 05:55:00,253.95,253.95,253.85,253.9,58662
2025-11-12 06:00:00,253.9,253.9,253.5,253.65,58578
2025-11-12 06:05:00,253.65,253.65,253.5,253.65,41475
2025-11-12 06:10:00,253.6,253.7,253.4,253.4,60678
2025-11-12 06:15:00,253.5,253.5,253.3,253.5,53366
2025-11-12 06:20:00,253.5,253.5,253.3,253.5,35811
2025-11-12 06:25:00,253.4,253.7,253.4,253.65,88861
2025-11-12 06:30:00,253.65,253.65,253.35,253.5,66678
2025-11-12 06:35:00,253.5,253.9,253.45,253.7,357079
2025-11-12 06:40:00,253.6,253.6,253.45,253.5,102069
2025-11-12 06:45:00,253.45,253.5,253.45,253.5,25752
2025-11-12 06:50:00,253.5,253.5,253.4,253.5,38428
2025-11-12 06:55:00,253.5,253.7,253.45,253.65,80249
2025-11-12 07:00:00,253.65,253.65,253.45,253.65,35733
2025-11-12 07:05:00,253.6,254.1,253.6,254.0,512075
2025-11-12 07:10:00,253.9,254.0,253.7,253.85,40037
2025-11-12 07:15:00,253.9,254.0,253.75,253.85,51242
2025-11-12 07:20:00,253.8,253.9,253.65,253.75,29357
2025-11-12 07:25:00,253.7,253.95,253.6,253.95,41498
2025-11-12 07:30:00,253.9,254.05,253.85,254.0,82593
2025-11-12 07:35:00,254.0,254.0,253.8,253.95,47683
2025-11-12 07:40:00,253.95,254.0,253.8,254.0,48257
2025-11-12 07:45:00,253.95,254.0,253.95,254.0,51548
2025-11-12 07:50:00,253.95,254.0,253.75,253.8,56844
2025-11-12 07:55:00,253.75,254.0,253.75,253.9,53869
2025-11-12 08:00:00,253.9,253.95,253.75,253.95,29666
2025-11-12 08:05:00,253.95,254.0,253.8,254.0,86018
2025-11-12 08:10:00,254.0,254.0,253.8,253.95,152271
2025-11-12 08:15:00,253.95,254.0,253.9,254.0,44146
2025-11-12 08:20:00,254.0,254.0,253.9,254.0,81391
2025-11-12 08:25:00,254.0,254.0,253.9,254.0,45876
2025-11-12 08:30:00,254.0,254.0,253.85,254.0,56909
2025-11-12 08:35:00,254.0,254.0,253.6,253.65,112145
2025-11-12 08:40:00,253.7,253.9,253.5,253.75,88865
2025-11-12 08:45:00,253.75,253.75,253.35,253.5,114004
2025-11-12 08:50:00,253.45,253.5,253.4,253.5,68155
2025-11-12 08:55:00,253.5,253.5,253.35,253.5,131803
2025-11-12 09:00:00,253.5,253.5,253.4,253.5,82762
2025-11-12 09:05:00,253.5,253.8,253.45,253.7,209562
2025-11-12 09:10:00,253.7,253.75,253.5,253.55,137789
2025-11-12 09:15:00,253.5,253.55,253.45,253.5,119681
2025-11-12 09:20:00,253.5,253.5,253.4,253.5,249986
2025-11-12 09:25:00,253.45,253.75,253.45,253.65,169633
2025-11-12 09:30:00,253.7,254.0,253.7,253.9,189069
2025-11-12 09:35:00,253.95,254.0,253.9,253.95,131207
2025-11-12 09:40:00,253.95,254.0,253.8,253.95,197741
2025-11-12 09:45:00,253.9,253.95,253.8,253.95,232810
2025-11-12 09:50:00,254.0,254.0,253.65,253.7,245551
2025-11-12 09:55:00,253.65,254.2,253.5,254.2,277962
2025-11-13 03:45:00,253.7,253.7,247.3,248.55,1663504
2025-11-13 03:50:00,248.6,248.8,248.25,248.6,615324
2025-11-13 03:55:00,248.6,249.45,248.15,249.3,398118
2025-11-13 04:00:00,249.45,250.2,249.1,249.45,589853
2025-11-13 04:05:00,249.45,249.65,248.85,249.2,456841
2025-11-13 04:10:00,249.2,249.35,248.8,249.15,245976
2025-11-13 04:15:00,249.1,249.65,249.05,249.4,180313
2025-11-13 04:20:00,249.45,249.7,249.15,249.45,148708
2025-11-13 04:25:00,249.3,249.5,249.0,249.5,193041
2025-11-13 04:30:00,249.45,249.85,249.3,249.85,275344
2025-11-13 04:35:00,249.85,250.2,249.85,250.2,133604
2025-11-13 04:40:00,250.2,250.2,249.55,249.6,141740
2025-11-13 04:45:00,249.65,249.65,249.0,249.2,237459
2025-11-13 04:50:00,249.2,249.95,249.05,249.95,86931
2025-11-13 04:55:00,249.9,250.0,249.75,249.95,110712
2025-11-13 05:00:00,249.95,250.0,249.85,250.0,59039
2025-11-13 05:05:00,250.0,250.0,249.8,249.95,80517
2025-11-13 05:10:00,249.95,250.0,249.8,249.85,104976
2025-11-13 05:15:00,249.85,250.6,249.8,250.6,117173
2025-11-13 05:20:00,250.5,250.6,250.25,250.25,123321
2025-11-13 05:25:00,250.35,250.45,250.35,250.45,64130
2025-11-13 05:30:00,250.45,250.45,250.05,250.15,76817
2025-11-13 05:35:00,250.2,250.65,250.15,250.6,104965
2025-11-13 05:40:00,250.65,250.7,250.2,250.65,241410
2025-11-13 05:45:00,250.7,250.7,250.3,250.4,86211
2025-11-13 05:50:00,250.3,250.55,250.25,250.45,73112
2025-11-13 05:55:00,250.4,250.6,250.35,250.5,60675
2025-11-13 06:00:00,250.55,250.55,250.4,250.55,46866
2025-11-13 06:05:00,250.5,250.75,250.5,250.75,76104
2025-11-13 06:10:00,250.7,250.75,250.55,250.6,50883
2025-11-13 06:15:00,250.65,250.85,250.6,250.75,79324
2025-11-13 06:20:00,250.75,250.85,250.7,250.85,62681
2025-11-13 06:25:00,250.8,251.0,250.8,250.95,83190
2025-11-13 06:30:00,251.05,251.35,250.9,250.9,135122
2025-11-13 06:35:00,251.0,251.1,250.9,251.05,30835
2025-11-13 06:40:00,251.05,251.4,251.0,251.4,84326
2025-11-13 06:45:00,251.4,251.5,251.3,251.3,116467
2025-11-13 06:50:00,251.4,251.4,250.9,250.95,115675
2025-11-13 06:55:00,250.95,251.3,250.95,251.1,88396
2025-11-13 07:00:00,251.15,251.15,250.8,250.8,90617
2025-11-13 07:05:00,251.0,251.2,250.95,251.2,63429
2025-11-13 07:10:00,251.15,251.2,250.7,250.7,90042
2025-11-13 07:15:00,250.5,250.7,250.15,250.35,149816
2025-11-13 07:20:00,250.35,250.7,250.3,250.4,62938
2025-11-13 07:25:00,250.45,250.95,250.4,250.8,61674
2025-11-13 07:30:00,250.9,251.2,250.85,251.15,170495
2025-11-13 07:35:00,251.15,251.2,250.85,250.85,61438
2025-11-13 07:40:00,250.85,251.1,250.85,251.0,38612
2025-11-13 07:45:00,251.1,251.2,250.95,251.15,61307
2025-11-13 07:50:00,251.2,251.35,251.1,251.3,51835
2025-11-13 07:55:00,251.2,251.35,251.1,251.3,58528
2025-11-13 08:00:00,251.35,251.4,251.05,251.15,67389
2025-11-13 08:05:00,251.2,251.4,251.15,251.35,62041
2025-11-13 08:10:00,251.4,251.5,251.3,251.4,86119
2025-11-13 08:15:00,251.4,251.4,251.15,251.15,64763
2025-11-13 08:20:00,251.3,251.35,251.0,251.05,73056
2025-11-13 08:25:00,251.05,251.15,250.6,250.65,121662
2025-11-13 08:30:00,250.55,250.8,250.2,250.2,131862
2025-11-13 08:35:00,250.3,250.55,250.15,250.3,282103
2025-11-13 08:40:00,250.4,250.5,250.0,250.25,165262
2025-11-13 08:45:00,250.2,250.5,250.2,250.25,106943
2025-11-13 08:50:00,250.35,250.4,250.1,250.4,130256
2025-11-13 08:55:00,250.4,250.9,250.4,250.9,67515
2025-11-13 09:00:00,250.9,250.9,250.65,250.75,188060
2025-11-13 09:05:00,250.75,251.0,250.6,250.9,84389
2025-11-13 09:10:00,250.95,251.2,250.85,251.15,201443
2025-11-13 09:15:00,251.1,251.25,250.9,251.25,96144
2025-11-13 09:20:00,251.2,251.2,250.65,250.85,232093
2025-11-13 09:25:00,250.85,250.85,250.6,250.65,108496
2025-11-13 09:30:00,250.65,250.65,250.35,250.55,224851
2025-11-13 09:35:00,250.5,250.6,250.4,250.55,195905
2025-11-13 09:40:00,250.5,250.65,250.3,250.65,311886
2025-11-13 09:45:00,250.65,251.05,250.55,250.75,349072
2025-11-13 09:50:00,250.75,251.2,250.75,251.1,491352
2025-11-13 09:55:00,251.1,251.65,251.1,251.55,541132
2025-11-14 03:45:00,245.5,247.85,245.1,247.0,624162
2025-11-14 03:50:00,246.95,247.35,246.4,246.65,270784
2025-11-14 03:55:00,246.8,247.9,246.55,247.75,135172
2025-11-14 04:00:00,247.85,249.4,247.7,249.3,374203
2025-11-14 04:05:00,249.4,249.65,248.75,248.85,436472
2025-11-14 04:10:00,248.85,249.1,248.35,248.65,133278
2025-11-14 04:15:00,248.7,249.15,248.4,248.8,117483
2025-11-14 04:20:00,248.75,248.75,248.1,248.1,93644
2025-11-14 04:25:00,248.2,248.55,248.05,248.4,89672
2025-11-14 04:30:00,248.5,248.5,247.55,247.65,146902
2025-11-14 04:35:00,247.7,248.2,247.65,248.0,48490
2025-11-14 04:40:00,248.05,248.05,247.6,247.75,68076
2025-11-14 04:45:00,247.75,248.0,247.55,247.7,67033
2025-11-14 04:50:00,247.6,247.8,247.2,247.35,107498
2025-11-14 04:55:00,247.4,247.4,247.15,247.25,31502
2025-11-14 05:00:00,247.25,247.25,246.85,246.9,68228
2025-11-14 05:05:00,246.95,247.0,246.5,246.95,101401
2025-11-14 05:10:00,246.9,246.95,246.5,246.9,63529
2025-11-14 05:15:00,246.9,247.3,246.85,247.2,69910
2025-11-14 05:20:00,247.2,248.05,247.0,248.0,51171
2025-11-14 05:25:00,247.95,248.3,247.6,248.05,91801
2025-11-14 05:30:00,248.15,248.2,247.85,247.95,302065
2025-11-14 05:35:00,247.9,248.45,247.65,248.15,120905
2025-11-14 05:40:00,248.2,248.2,248.0,248.15,27034
2025-11-14 05:45:00,248.1,248.35,247.8,247.95,59550
2025-11-14 05:50:00,247.95,248.25,247.9,248.1,23046
2025-11-14 05:55:00,248.2,248.25,247.95,248.1,29872
2025-11-14 06:00:00,248.1,248.1,247.75,247.9,39260
2025-11-14 06:05:00,247.9,248.0,247.75,247.9,20518
2025-11-14 06:10:00,247.95,248.15,247.8,248.1,83479
2025-11-14 06:15:00,248.1,248.4,248.1,248.4,32753
2025-11-14 06:20:00,248.35,248.6,248.15,248.25,62984
2025-11-14 06:25:00,248.15,248.25,247.95,248.0,23420
2025-11-14 06:30:00,248.0,248.2,247.95,248.15,15751
2025-11-14 06:35:00,248.1,248.15,248.0,248.1,13844
2025-11-14 06:40:00,248.05,248.5,248.0,248.5,42598
2025-11-14 06:45:00,248.45,248.6,248.45,248.45,21247
2025-11-14 06:50:00,248.5,248.75,248.45,248.7,74955
2025-11-14 06:55:00,248.75,249.0,248.7,249.0,86921
2025-11-14 07:00:00,248.95,249.0,248.55,248.55,70133
2025-11-14 07:05:00,248.6,249.0,248.6,248.9,43798
2025-11-14 07:10:00,248.95,248.95,248.7,248.85,24144
2025-11-14 07:15:00,248.8,248.85,248.35,248.75,59478
2025-11-14 07:20:00,248.75,248.75,248.5,248.5,24634
2025-11-14 07:25:00,248.5,248.55,248.45,248.45,22229
2025-11-14 07:30:00,248.5,248.5,248.2,248.2,28595
2025-11-14 07:35:00,248.3,248.3,247.9,247.9,69206
2025-11-14 07:40:00,247.85,247.95,247.6,247.65,49810
2025-11-14 07:45:00,247.6,247.85,247.0,247.0,117381
2025-11-14 07:50:00,247.1,247.35,247.0,247.1,43897
2025-11-14 07:55:00,247.1,247.45,247.1,247.35,30753
2025-11-14 08:00:00,247.4,247.45,247.1,247.2,32892
2025-11-14 08:05:00,247.25,247.4,247.1,247.2,42239
2025-11-14 08:10:00,247.1,247.35,247.1,247.2,39989
2025-11-14 08:15:00,247.2,247.35,246.85,247.25,87565
2025-11-14 08:20:00,247.3,247.3,246.9,246.9,58893
2025-11-14 08:25:00,246.9,247.4,246.9,247.25,49722
2025-11-14 08:30:00,247.25,247.3,247.15,247.2,27199
2025-11-14 08:35:00,247.2,247.4,247.1,247.15,21315
2025-11-14 08:40:00,247.2,247.2,246.9,247.0,56272
2025-11-14 08:45:00,246.95,247.0,246.9,246.9,56946
2025-11-14 08:50:00,246.95,246.95,246.65,246.7,65598
2025-11-14 08:55:00,246.7,246.85,246.3,246.55,128977
2025-11-14 09:00:00,246.5,246.85,246.4,246.5,86587
2025-11-14 09:05:00,246.45,246.75,246.45,246.6,82311
2025-11-14 09:10:00,246.7,246.85,246.5,246.75,92480
2025-11-14 09:15:00,246.8,247.15,246.75,246.9,49200
2025-11-14 09:20:00,246.85,246.95,246.55,246.7,122991
2025-11-14 09:25:00,246.75,246.9,246.6,246.8,36340
2025-11-14 09:30:00,246.9,247.3,246.9,246.95,794959
2025-11-14 09:35:00,247.0,248.15,246.95,248.1,543827
2025-11-14 09:40:00,248.15,248.15,247.65,247.95,446801
2025-11-14 09:45:00,247.95,248.4,247.7,247.85,468654
2025-11-14 09:50:00,247.9,248.1,247.75,248.0,556002
2025-11-14 09:55:00,248.0,248.05,247.35,247.5,285453
2025-11-17 03:45:00,247.6,248.65,247.45,248.1,143512
2025-11-17 03:50:00,248.1,248.3,247.75,248.0,69713
2025-11-17 03:55:00,248.0,248.9,248.0,248.5,90799
2025-11-17 04:00:00,248.5,249.7,248.4,249.45,310507
2025-11-17 04:05:00,249.35,249.45,248.8,249.0,97886
2025-11-17 04:10:00,248.85,248.95,248.5,248.7,69744
2025-11-17 04:15:00,248.7,248.8,248.3,248.3,44762
2025-11-17 04:20:00,248.3,248.6,248.0,248.6,93569
2025-11-17 04:25:00,248.6,248.75,248.2,248.35,110193
2025-11-17 04:30:00,248.45,249.0,248.4,248.9,71320
2025-11-17 04:35:00,248.85,249.25,248.8,249.0,87613
2025-11-17 04:40:00,249.1,249.1,248.7,248.9,56807
2025-11-17 04:45:00,248.9,249.25,248.9,249.1,92580
2025-11-17 04:50:00,249.1,249.45,249.05,249.05,100702
2025-11-17 04:55:00,249.05,249.05,248.7,248.9,45669
2025-11-17 05:00:00,248.8,248.95,248.7,248.75,52398
2025-11-17 05:05:00,248.7,248.8,248.5,248.55,38928
2025-11-17 05:10:00,248.55,248.95,248.3,248.85,68714
2025-11-17 05:15:00,248.9,248.95,248.75,248.85,34144
2025-11-17 05:20:00,248.85,249.0,248.6,248.65,31764
2025-11-17 05:25:00,248.65,248.9,248.55,248.75,41897
2025-11-17 05:30:00,248.8,248.85,248.7,248.85,33629
2025-11-17 05:35:00,248.8,248.85,248.5,248.5,58640
2025-11-17 05:40:00,248.55,249.15,248.5,249.0,116687
2025-11-17 05:45:00,249.15,249.25,249.0,249.0,103280
2025-11-17 05:50:00,249.1,249.3,249.0,249.25,22569
2025-11-17 05:55:00,249.25,249.3,248.55,248.55,158671
2025-11-17 06:00:00,248.55,249.1,248.4,248.9,299597
2025-11-17 06:05:00,248.9,249.15,248.85,249.0,163249
2025-11-17 06:10:00,249.05,249.1,249.0,249.1,38025
2025-11-17 06:15:00,249.1,249.25,248.55,249.15,413164
2025-11-17 06:20:00,249.25,249.3,249.1,249.2,41305
2025-11-17 06:25:00,249.1,249.3,249.0,249.05,47950
2025-11-17 06:30:00,249.15,249.25,248.75,248.75,45239
2025-11-17 06:35:00,248.8,248.95,248.75,248.8,38972
2025-11-17 06:40:00,248.95,248.95,248.7,248.85,37547
2025-11-17 06:45:00,248.75,248.9,248.7,248.8,40941
2025-11-17 06:50:00,248.7,248.9,248.55,248.55,35107
2025-11-17 06:55:00,248.65,248.85,248.4,248.5,56606
2025-11-17 07:00:00,248.4,248.5,248.3,248.3,34529
2025-11-17 07:05:00,248.3,248.45,248.1,248.2,33861
2025-11-17 07:10:00,248.2,248.3,248.1,248.2,55097
2025-11-17 07:15:00,248.2,248.45,248.1,248.25,65451
2025-11-17 07:20:00,248.15,248.35,247.95,248.05,56630
2025-11-17 07:25:00,248.0,248.1,247.9,247.9,37065
2025-11-17 07:30:00,248.0,248.15,247.8,248.1,67839
2025-11-17 07:35:00,248.15,248.15,247.7,247.8,85679
2025-11-17 07:40:00,247.9,248.0,247.8,247.8,39623
2025-11-17 07:45:00,247.95,248.15,247.8,248.1,62297
2025-11-17 07:50:00,248.0,248.15,247.95,247.95,36224
2025-11-17 07:55:00,248.05,248.05,247.85,247.85,45798
2025-11-17 08:00:00,247.85,248.25,247.85,248.25,45794
2025-11-17 08:05:00,248.1,248.4,247.8,247.8,124471
2025-11-17 08:10:00,247.85,248.1,247.8,247.95,39908
2025-11-17 08:15:00,247.9,248.1,247.9,247.9,33650
2025-11-17 08:20:00,248.0,248.05,247.85,247.95,27891
2025-11-17 08:25:00,248.05,248.05,247.65,247.8,51852
2025-11-17 08:30:00,247.8,247.95,247.6,247.9,111703
2025-11-17 08:35:00,247.9,248.0,247.55,247.55,56335
2025-11-17 08:40:00,247.65,247.85,247.55,247.75,34788
2025-11-17 08:45:00,247.8,247.85,247.5,247.55,58710
2025-11-17 08:50:00,247.5,247.8,247.5,247.8,110744
2025-11-17 08:55:00,247.8,247.8,247.65,247.7,35322
2025-11-17 09:00:00,247.8,247.95,247.7,247.85,33612
2025-11-17 09:05:00,247.75,247.95,247.7,247.8,30399
2025-11-17 09:10:00,247.85,247.95,247.6,247.65,43145
2025-11-17 09:15:00,247.7,247.85,247.55,247.7,146357
2025-11-17 09:20:00,247.8,247.9,247.7,247.9,35116
2025-11-17 09:25:00,247.9,247.9,247.65,247.7,73329
2025-11-17 09:30:00,247.85,247.9,247.7,247.7,112481
2025-11-17 09:35:00,247.7,247.8,247.55,247.75,221074
2025-11-17 09:40:00,247.8,248.0,247.7,247.85,126614
2025-11-17 09:45:00,247.85,248.25,247.85,248.15,226194
2025-11-17 09:50:00,248.15,248.35,248.1,248.35,155216
2025-11-17 09:55:00,248.3,248.5,248.2,248.4,188941
2025-11-18 03:45:00,247.0,248.05,246.95,247.05,218727
2025-11-18 03:50:00,247.05,247.8,247.0,247.55,92279
2025-11-18 03:55:00,247.65,248.95,247.55,248.7,179920
2025-11-18 04:00:00,248.65,249.45,248.5,249.3,93932
2025-11-18 04:05:00,249.2,249.3,249.0,249.0,57666
2025-11-18 04:10:00,249.0,249.2,248.85,249.1,102756
2025-11-18 04:15:00,249.15,249.15,248.5,248.5,67189
2025-11-18 04:20:00,248.65,248.75,248.35,248.55,100629
2025-11-18 04:25:00,248.55,248.55,247.95,247.95,109354
2025-11-18 04:30:00,248.0,248.35,247.9,248.25,44215
2025-11-18 04:35:00,248.2,248.35,248.05,248.25,55986
2025-11-18 04:40:00,248.15,248.3,247.65,247.85,204779
2025-11-18 04:45:00,247.85,248.15,247.75,248.15,57035
2025-11-18 04:50:00,248.15,248.2,248.0,248.0,35702
2025-11-18 04:55:00,248.15,248.2,247.9,247.95,43738
2025-11-18 05:00:00,247.95,248.0,247.4,247.6,66657
2025-11-18 05:05:00,247.55,247.8,247.5,247.8,47795
2025-11-18 05:10:00,247.8,247.85,247.55,247.55,216777
2025-11-18 05:15:00,247.7,247.95,247.55,247.8,26988
2025-11-18 05:20:00,247.9,248.0,247.8,247.9,28097
2025-11-18 05:25:00,247.8,247.9,247.7,247.75,37022
2025-11-18 05:30:00,247.75,248.4,247.7,248.3,88615
2025-11-18 05:35:00,248.25,248.35,248.2,248.2,35083
2025-11-18 05:40:00,248.25,248.6,248.2,248.25,62116
2025-11-18 05:45:00,248.3,248.5,248.2,248.5,26477
2025-11-18 05:50:00,248.45,248.6,248.2,248.3,39852
2025-11-18 05:55:00,248.2,248.35,248.15,248.15,32569
2025-11-18 06:00:00,248.2,248.25,248.0,248.2,303753
2025-11-18 06:05:00,248.2,248.3,248.05,248.2,74192
2025-11-18 06:10:00,248.2,248.4,248.15,248.15,395198
2025-11-18 06:15:00,248.2,248.5,248.15,248.45,104757
2025-11-18 06:20:00,248.5,248.5,248.35,248.45,94813
2025-11-18 06:25:00,248.45,248.5,248.3,248.45,116118
2025-11-18 06:30:00,248.45,248.45,248.15,248.15,41989
2025-11-18 06:35:00,248.2,248.5,248.0,248.35,322967
2025-11-18 06:40:00,248.35,248.55,248.35,248.45,75264
2025-11-18 06:45:00,248.55,248.55,248.35,248.4,45897
2025-11-18 06:50:00,248.4,248.4,248.15,248.2,26847
2025-11-18 06:55:00,248.2,248.2,247.95,248.0,45912
2025-11-18 07:00:00,248.05,248.1,247.55,247.65,81538
2025-11-18 07:05:00,247.6,247.65,247.5,247.55,63721
2025-11-18 07:10:00,247.55,247.85,247.55,247.65,74797
2025-11-18 07:15:00,247.7,247.7,247.45,247.5,47813
2025-11-18 07:20:00,247.5,247.6,247.45,247.6,17705
2025-11-18 07:25:00,247.6,247.75,247.55,247.6,43065
2025-11-18 07:30:00,247.6,247.65,247.55,247.65,28435
2025-11-18 07:35:00,247.65,247.65,247.55,247.65,28527
2025-11-18 07:40:00,247.65,247.75,247.45,247.55,68892
2025-11-18 07:45:00,247.45,247.5,247.25,247.35,45996
2025-11-18 07:50:00,247.3,247.55,247.3,247.45,49042
2025-11-18 07:55:00,247.55,247.55,247.4,247.45,35789
2025-11-18 08:00:00,247.45,247.55,247.4,247.4,49780
2025-11-18 08:05:00,247.4,247.55,247.4,247.5,46102
2025-11-18 08:10:00,247.45,247.5,247.15,247.45,151822
2025-11-18 08:15:00,247.35,247.55,247.35,247.45,46580
2025-11-18 08:20:00,247.5,247.5,247.35,247.4,36962
2025-11-18 08:25:00,247.4,247.4,247.2,247.2,66196
2025-11-18 08:30:00,247.3,247.55,247.2,247.2,112701
2025-11-18 08:35:00,247.35,247.35,247.1,247.1,86423
2025-11-18 08:40:00,247.15,247.35,247.1,247.3,133012
2025-11-18 08:45:00,247.3,247.4,247.2,247.25,52246
2025-11-18 08:50:00,247.3,247.4,247.05,247.4,76761
2025-11-18 08:55:00,247.35,247.5,247.2,247.2,102679
2025-11-18 09:00:00,247.3,247.3,247.0,247.1,75453
2025-11-18 09:05:00,247.2,247.2,247.0,247.2,49586
2025-11-18 09:10:00,247.15,247.4,247.05,247.15,128932
2025-11-18 09:15:00,247.15,247.15,246.95,247.0,70097
2025-11-18 09:20:00,247.0,247.05,246.9,246.9,64112
2025-11-18 09:25:00,246.95,247.0,246.8,246.8,61394
2025-11-18 09:30:00,246.9,246.9,246.65,246.8,235609
2025-11-18 09:35:00,246.9,247.1,246.8,247.0,253700
2025-11-18 09:40:00,247.1,247.2,247.0,247.1,332676
2025-11-18 09:45:00,247.1,247.15,246.65,246.7,360461
2025-11-18 09:50:00,246.75,247.0,246.65,246.85,387014
2025-11-18 09:55:00,246.9,247.15,246.3,246.9,291294
2025-11-19 03:45:00,246.95,247.6,245.4,245.8,197360
2025-11-19 03:50:00,245.65,246.95,245.5,246.85,83389
2025-11-19 03:55:00,246.95,247.5,246.85,247.1,800593
2025-11-19 04:00:00,247.1,247.15,246.6,246.85,103186
2025-11-19 04:05:00,246.95,247.25,246.65,247.0,121049
2025-11-19 04:10:00,247.05,247.4,247.05,247.2,76142
2025-11-19 04:15:00,247.2,247.2,246.55,246.65,69082
2025-11-19 04:20:00,246.5,247.2,246.5,247.2,33274
2025-11-19 04:25:00,247.2,247.35,247.1,247.25,36765
2025-11-19 04:30:00,247.3,247.45,247.1,247.45,58232
2025-11-19 04:35:00,247.45,247.5,247.1,247.4,58295
2025-11-19 04:40:00,247.4,247.5,247.15,247.35,37998
2025-11-19 04:45:00,247.45,247.5,247.25,247.4,34178
2025-11-19 04:50:00,247.35,247.45,247.15,247.4,44151
2025-11-19 04:55:00,247.35,247.35,246.75,246.85,73445
2025-11-19 05:00:00,246.9,246.9,246.6,246.9,56929
2025-11-19 05:05:00,246.9,247.0,246.8,246.95,31700
2025-11-19 05:10:00,246.9,247.0,246.8,246.85,40960
2025-11-19 05:15:00,246.85,247.0,246.6,246.7,45450
2025-11-19 05:20:00,246.75,247.25,246.7,247.05,70202
2025-11-19 05:25:00,247.15,247.15,246.9,246.9,32568
2025-11-19 05:30:00,247.0,247.0,246.85,246.9,30596
2025-11-19 05:35:00,247.0,247.15,246.9,246.95,31926
2025-11-19 05:40:00,246.95,247.0,246.85,247.0,79517
2025-11-19 05:45:00,246.95,247.15,246.85,247.1,70218
2025-11-19 05:50:00,247.1,247.2,247.0,247.1,28981
2025-11-19 05:55:00,247.2,247.2,247.05,247.05,26291
2025-11-19 06:00:00,247.1,247.15,246.9,247.05,48034
2025-11-19 06:05:00,247.05,247.3,246.95,247.3,23020
2025-11-19 06:10:00,247.2,247.45,247.2,247.4,33731
2025-11-19 06:15:00,247.35,247.4,247.2,247.25,35187
2025-11-19 06:20:00,247.25,247.25,246.95,247.0,58191
2025-11-19 06:25:00,247.0,247.0,246.95,247.0,24521
2025-11-19 06:30:00,247.0,247.45,246.95,247.25,49897
2025-11-19 06:35:00,247.35,247.55,247.25,247.5,39994
2025-11-19 06:40:00,247.55,248.4,247.5,248.2,119320
2025-11-19 06:45:00,248.25,248.5,248.25,248.3,153176
2025-11-19 06:50:00,248.4,248.4,248.25,248.4,46990
2025-11-19 06:55:00,248.45,248.65,248.4,248.45,273780
2025-11-19 07:00:00,248.5,248.6,248.3,248.45,70628
2025-11-19 07:05:00,248.5,248.6,248.4,248.5,70721
2025-11-19 07:10:00,248.4,249.25,248.4,249.1,130529
2025-11-19 07:15:00,249.05,249.15,248.85,249.0,146159
2025-11-19 07:20:00,249.05,249.05,249.0,249.0,126245
2025-11-19 07:25:00,249.05,249.05,248.95,249.0,114212
2025-11-19 07:30:00,249.05,249.2,249.0,249.2,58236
2025-11-19 07:35:00,249.25,249.4,249.25,249.25,54702
2025-11-19 07:40:00,249.25,249.3,249.1,249.25,50161
2025-11-19 07:45:00,249.3,249.3,249.1,249.1,27537
2025-11-19 07:50:00,249.15,249.2,249.1,249.15,24451
2025-11-19 07:55:00,249.2,249.2,249.0,249.05,107423
2025-11-19 08:00:00,249.05,249.35,249.05,249.25,46415
2025-11-19 08:05:00,249.2,249.3,249.15,249.3,27713
2025-11-19 08:10:00,249.25,249.5,249.2,249.45,84202
2025-11-19 08:15:00,249.45,249.6,249.45,249.55,81763
2025-11-19 08:20:00,249.55,250.0,249.5,249.9,161505
2025-11-19 08:25:00,249.95,250.3,249.9,250.0,236944
2025-11-19 08:30:00,249.95,250.1,249.65,250.05,203687
2025-11-19 08:35:00,250.1,250.25,249.7,249.7,110271
2025-11-19 08:40:00,249.75,249.95,249.7,249.8,28840
2025-11-19 08:45:00,249.85,250.0,249.8,249.9,76613
2025-11-19 08:50:00,249.95,250.05,249.9,249.95,62377
2025-11-19 08:55:00,250.0,250.0,249.9,249.95,47444
2025-11-19 09:00:00,249.9,250.0,249.9,249.9,55466
2025-11-19 09:05:00,249.9,250.0,249.7,249.7,41912
2025-11-19 09:10:00,249.75,249.95,249.7,249.8,188936
2025-11-19 09:15:00,249.8,249.9,249.7,249.75,95945
2025-11-19 09:20:00,249.75,249.85,249.5,249.55,140935
2025-11-19 09:25:00,249.55,249.6,249.15,249.25,82447
2025-11-19 09:30:00,249.2,249.35,249.15,249.2,116913
2025-11-19 09:35:00,249.15,249.25,249.05,249.15,129399
2025-11-19 09:40:00,249.2,249.25,249.05,249.05,160971
2025-11-19 09:45:00,249.05,249.3,248.8,248.8,246821
2025-11-19 09:50:00,248.9,248.95,248.75,248.85,200312
2025-11-19 09:55:00,248.85,249.2,248.6,248.75,172690
2025-11-20 03:45:00,249.0,249.55,247.75,247.9,211095
2025-11-20 03:50:00,247.9,248.1,247.65,248.1,115651
2025-11-20 03:55:00,248.1,248.35,247.6,248.35,92449
2025-11-20 04:00:00,248.45,249.1,248.4,249.0,126291
2025-11-20 04:05:00,249.0,249.05,248.55,248.85,110506
2025-11-20 04:10:00,248.85,248.85,248.4,248.7,184912
2025-11-20 04:15:00,248.7,249.0,248.55,249.0,97755
2025-11-20 04:20:00,249.0,249.1,248.7,248.8,108701
2025-11-20 04:25:00,248.8,249.0,248.7,248.8,38850
2025-11-20 04:30:00,248.8,249.15,248.8,248.95,74420
2025-11-20 04:35:00,249.05,249.25,248.95,249.25,49215
2025-11-20 04:40:00,249.2,249.4,249.2,249.3,64831
2025-11-20 04:45:00,249.3,249.3,249.15,249.3,40804
2025-11-20 04:50:00,249.25,249.3,249.0,249.25,63643
2025-11-20 04:55:00,249.25,250.0,249.2,250.0,278526
2025-11-20 05:00:00,249.95,250.15,249.9,250.1,140765
2025-11-20 05:05:00,250.1,250.55,250.05,250.5,155474
2025-11-20 05:10:00,250.5,250.85,250.45,250.65,193895
2025-11-20 05:15:00,250.65,251.1,250.6,250.7,348163
2025-11-20 05:20:00,250.75,250.8,250.1,250.25,121380
2025-11-20 05:25:00,250.25,250.55,250.15,250.5,115115
2025-11-20 05:30:00,250.5,250.5,250.15,250.3,86540
2025-11-20 05:35:00,250.3,250.6,250.25,250.6,74643
2025-11-20 05:40:00,250.6,250.65,250.05,250.1,204785
2025-11-20 05:45:00,250.15,250.15,249.85,249.95,132422
2025-11-20 05:50:00,249.95,250.0,249.8,250.0,53370
2025-11-20 05:55:00,249.95,250.0,249.95,250.0,38996
2025-11-20 06:00:00,249.95,250.25,249.95,250.2,109350
2025-11-20 06:05:00,250.2,250.3,250.0,250.25,87796
2025-11-20 06:10:00,250.25,250.3,250.05,250.05,64579
2025-11-20 06:15:00,250.15,250.25,250.1,250.25,32700
2025-11-20 06:20:00,250.25,250.3,249.55,249.8,140956
2025-11-20 06:25:00,249.75,249.8,249.55,249.65,27139
2025-11-20 06:30:00,249.6,249.9,249.45,249.5,82014
2025-11-20 06:35:00,249.5,249.6,249.3,249.4,38487
2025-11-20 06:40:00,249.4,249.5,249.4,249.4,28108
2025-11-20 06:45:00,249.5,249.5,249.4,249.4,32783
2025-11-20 06:50:00,249.45,249.5,249.3,249.3,25436
2025-11-20 06:55:00,249.4,249.5,249.3,249.4,27203
2025-11-20 07:00:00,249.5,249.5,248.95,249.0,92753
2025-11-20 07:05:00,249.0,249.15,249.0,249.05,44341
2025-11-20 07:10:00,249.1,249.1,248.85,248.85,44969
2025-11-20 07:15:00,249.0,249.25,248.85,249.1,27818
2025-11-20 07:20:00,249.05,249.2,248.85,248.9,42153
2025-11-20 07:25:00,248.9,249.3,248.85,249.15,43942
2025-11-20 07:30:00,249.15,249.25,248.95,249.1,51671
2025-11-20 07:35:00,249.15,249.15,248.8,248.95,76956
2025-11-20 07:40:00,248.95,249.0,248.7,248.7,43848
2025-11-20 07:45:00,248.85,249.0,248.7,248.95,23185
2025-11-20 07:50:00,248.9,249.0,248.7,248.85,30186
2025-11-20 07:55:00,248.9,249.1,248.85,249.1,39347
2025-11-20 08:00:00,249.1,249.4,249.0,249.35,58137
2025-11-20 08:05:00,249.35,249.5,249.25,249.4,57274
2025-11-20 08:10:00,249.35,249.5,249.3,249.45,32968
2025-11-20 08:15:00,249.5,249.5,249.15,249.35,42761
2025-11-20 08:20:00,249.45,249.8,249.35,249.6,49811
2025-11-20 08:25:00,249.7,249.8,249.6,249.7,38400
2025-11-20 08:30:00,249.6,249.75,249.6,249.6,30892
2025-11-20 08:35:00,249.65,249.7,249.6,249.7,26611
2025-11-20 08:40:00,249.7,249.7,249.55,249.6,44050
2025-11-20 08:45:00,249.65,249.8,249.55,249.65,113865
2025-11-20 08:50:00,249.7,249.85,249.65,249.8,36792
2025-11-20 08:55:00,249.75,249.8,249.1,249.15,142603
2025-11-20 09:00:00,249.15,249.3,248.9,248.9,81141
2025-11-20 09:05:00,248.95,249.0,248.8,248.95,42732
2025-11-20 09:10:00,248.9,249.0,248.65,248.7,46775
2025-11-20 09:15:00,248.75,248.85,248.6,248.8,156934
2025-11-20 09:20:00,248.8,248.8,248.5,248.6,120814
2025-11-20 09:25:00,248.6,248.7,248.4,248.5,69049
2025-11-20 09:30:00,248.45,248.65,247.8,247.9,220083
2025-11-20 09:35:00,247.85,248.05,247.75,248.0,164152
2025-11-20 09:40:00,248.05,248.1,247.85,247.95,168688
2025-11-20 09:45:00,247.95,248.15,247.85,248.05,190015
2025-11-20 09:50:00,248.0,248.2,247.95,248.15,201367
2025-11-20 09:55:00,248.1,248.45,247.8,247.8,189428
2025-11-21 03:45:00,247.05,247.9,246.75,247.3,145391
2025-11-21 03:50:00,247.05,247.3,246.9,247.25,76412
2025-11-21 03:55:00,247.3,247.45,247.2,247.35,30749
2025-11-21 04:00:00,247.4,248.1,247.3,248.0,72918
2025-11-21 04:05:00,248.0,248.05,247.35,247.55,50611
2025-11-21 04:10:00,247.55,247.55,247.3,247.4,28171
2025-11-21 04:15:00,247.3,247.8,247.3,247.6,35242
2025-11-21 04:20:00,247.6,247.9,247.55,247.6,55093
2025-11-21 04:25:00,247.65,247.8,247.4,247.7,65900
2025-11-21 04:30:00,247.8,248.3,247.8,248.0,122841
2025-11-21 04:35:00,248.05,248.05,247.85,247.85,31816
2025-11-21 04:40:00,247.85,247.95,247.75,247.85,20326
2025-11-21 04:45:00,247.95,247.95,247.75,247.8,91286
2025-11-21 04:50:00,247.7,247.7,246.8,246.9,197830
2025-11-21 04:55:00,246.85,246.9,246.6,246.75,72958
2025-11-21 05:00:00,246.7,247.25,246.7,246.95,76466
2025-11-21 05:05:00,247.0,247.25,246.85,246.85,47452
2025-11-21 05:10:00,246.85,247.0,246.85,247.0,23193
2025-11-21 05:15:00,247.0,247.25,246.9,247.2,49342
2025-11-21 05:20:00,247.2,247.25,246.95,247.1,43638
2025-11-21 05:25:00,247.1,247.25,246.9,247.1,64896
2025-11-21 05:30:00,247.1,247.35,247.0,247.15,41703
2025-11-21 05:35:00,247.15,247.35,246.95,247.25,90156
2025-11-21 05:40:00,247.35,248.1,247.25,248.1,127961
2025-11-21 05:45:00,248.1,248.25,248.0,248.15,53389
2025-11-21 05:50:00,248.1,248.15,247.85,248.0,101348
2025-11-21 05:55:00,248.0,248.15,247.95,248.1,68706
2025-11-21 06:00:00,248.1,248.25,248.0,248.1,76642
2025-11-21 06:05:00,248.0,248.1,247.95,247.95,84154
2025-11-21 06:10:00,247.95,248.05,247.55,247.85,145078
2025-11-21 06:15:00,247.85,248.15,247.8,248.1,85721
2025-11-21 06:20:00,248.15,248.15,248.05,248.15,40379
2025-11-21 06:25:00,248.05,248.15,248.0,248.0,25275
2025-11-21 06:30:00,248.05,248.15,248.0,248.15,86901
2025-11-21 06:35:00,248.15,248.2,248.0,248.0,55670
2025-11-21 06:40:00,248.0,248.3,248.0,248.2,41701
2025-11-21 06:45:00,248.25,248.25,248.05,248.1,35560
2025-11-21 06:50:00,248.1,248.2,248.0,248.0,48104
2025-11-21 06:55:00,248.05,248.1,248.0,248.05,59782
2025-11-21 07:00:00,248.05,248.2,248.0,248.05,57504
2025-11-21 07:05:00,248.1,248.1,248.0,248.05,69894
2025-11-21 07:10:00,248.1,248.15,248.0,248.0,63589
2025-11-21 07:15:00,248.05,248.15,248.0,248.1,57351
2025-11-21 07:20:00,248.05,248.15,248.0,248.05,60510
2025-11-21 07:25:00,248.05,248.2,248.0,248.1,52000
2025-11-21 07:30:00,248.15,248.2,248.0,248.05,62195
2025-11-21 07:35:00,248.1,248.1,248.0,248.1,52982
2025-11-21 07:40:00,248.1,248.1,247.4,247.4,286781
2025-11-21 07:45:00,247.5,247.8,247.4,247.5,42628
2025-11-21 07:50:00,247.55,248.0,247.4,247.8,175782
2025-11-21 07:55:00,247.85,248.05,247.8,247.9,186567
2025-11-21 08:00:00,247.75,247.9,247.3,247.3,65451
2025-11-21 08:05:00,247.4,247.5,247.3,247.3,38924
2025-11-21 08:10:00,247.35,247.35,246.7,246.8,75819
2025-11-21 08:15:00,246.8,247.0,246.8,246.9,66069
2025-11-21 08:20:00,246.95,247.1,246.8,247.05,46182
2025-11-21 08:25:00,247.1,247.2,246.95,247.15,85135
2025-11-21 08:30:00,247.2,247.2,246.95,246.95,62799
2025-11-21 08:35:00,247.0,247.2,246.95,247.15,76890
2025-11-21 08:40:00,247.2,247.25,246.95,246.95,67534
2025-11-21 08:45:00,247.0,247.3,246.95,247.05,83621
2025-11-21 08:50:00,247.1,247.15,247.0,247.0,63915
2025-11-21 08:55:00,247.0,247.2,246.95,247.15,76908
2025-11-21 09:00:00,247.15,247.3,247.1,247.1,82269
2025-11-21 09:05:00,247.15,247.15,247.0,247.05,69974
2025-11-21 09:10:00,247.05,247.2,246.95,246.95,99074
2025-11-21 09:15:00,246.9,247.15,246.8,246.9,84512
2025-11-21 09:20:00,246.95,247.0,246.8,246.85,81427
2025-11-21 09:25:00,246.95,246.95,246.7,246.75,96635
2025-11-21 09:30:00,246.75,247.3,246.75,247.3,316934
2025-11-21 09:35:00,247.25,247.3,246.5,246.55,465804
2025-11-21 09:40:00,246.6,246.95,246.4,246.75,322590
2025-11-21 09:45:00,246.9,247.05,246.75,247.0,388721
2025-11-21 09:50:00,247.05,247.2,246.85,247.05,482349
2025-11-21 09:55:00,247.0,247.75,246.2,246.35,442778
2025-11-24 03:45:00,246.95,247.45,245.25,246.25,312583
2025-11-24 03:50:00,246.25,246.6,246.15,246.25,77310
2025-11-24 03:55:00,246.25,246.25,245.9,246.1,89496
2025-11-24 04:00:00,246.1,246.3,245.95,246.1,82264
2025-11-24 04:05:00,246.05,246.45,245.95,246.4,102821
2025-11-24 04:10:00,246.4,246.55,246.4,246.45,67499
2025-11-24 04:15:00,246.45,246.65,246.4,246.6,84683
2025-11-24 04:20:00,246.6,246.65,246.4,246.45,55704
2025-11-24 04:25:00,246.4,246.6,246.3,246.35,49271
2025-11-24 04:30:00,246.3,246.7,246.3,246.5,37177
2025-11-24 04:35:00,246.5,246.55,246.25,246.3,39343
2025-11-24 04:40:00,246.25,246.6,246.2,246.5,37531
2025-11-24 04:45:00,246.6,246.6,246.25,246.3,49127
2025-11-24 04:50:00,246.3,246.4,246.25,246.3,50139
2025-11-24 04:55:00,246.3,246.35,244.85,245.95,484076
2025-11-24 05:00:00,245.9,246.2,245.9,246.15,95459
2025-11-24 05:05:00,246.2,246.35,246.1,246.15,60780
2025-11-24 05:10:00,246.2,246.2,246.0,246.05,81376
2025-11-24 05:15:00,246.05,246.2,245.9,246.05,73888
2025-11-24 05:20:00,246.0,246.1,245.9,245.9,54300
2025-11-24 05:25:00,246.0,246.0,245.9,245.95,21219
2025-11-24 05:30:00,245.9,246.1,245.75,246.1,76667
2025-11-24 05:35:00,246.1,246.1,245.9,245.9,71902
2025-11-24 05:40:00,245.95,246.0,245.75,245.9,44210
2025-11-24 05:45:00,245.9,245.9,245.5,245.6,31146
2025-11-24 05:50:00,245.6,245.85,245.55,245.55,31825
2025-11-24 05:55:00,245.55,245.75,245.55,245.65,12370
2025-11-24 06:00:00,245.75,245.75,245.6,245.7,22336
2025-11-24 06:05:00,245.7,246.15,245.65,245.9,155040
2025-11-24 06:10:00,245.95,245.95,245.85,245.9,27880
2025-11-24 06:15:00,245.9,246.05,245.8,246.0,89621
2025-11-24 06:20:00,246.0,246.0,245.1,245.15,124007
2025-11-24 06:25:00,245.2,246.1,245.1,246.0,238393
2025-11-24 06:30:00,245.9,246.25,245.9,246.0,176028
2025-11-24 06:35:00,246.0,246.25,245.85,246.25,293700
2025-11-24 06:40:00,246.35,246.45,246.05,246.1,355015
2025-11-24 06:45:00,246.15,246.15,245.9,245.9,66378
2025-11-24 06:50:00,245.9,246.8,245.9,246.3,568100
2025-11-24 06:55:00,246.35,246.45,246.25,246.4,51707
2025-11-24 07:00:00,246.4,246.4,246.05,246.3,67904
2025-11-24 07:05:00,246.35,246.35,246.05,246.05,63603
2025-11-24 07:10:00,246.1,246.5,246.0,246.35,277484
2025-11-24 07:15:00,246.2,246.35,245.95,246.1,155799
2025-11-24 07:20:00,246.15,246.25,246.05,246.1,41895
2025-11-24 07:25:00,246.1,246.1,246.05,246.1,12954
2025-11-24 07:30:00,246.1,246.2,245.45,245.5,114573
2025-11-24 07:35:00,245.6,245.8,245.45,245.7,76505
2025-11-24 07:40:00,245.7,245.95,245.5,245.65,48156
2025-11-24 07:45:00,245.75,245.8,245.6,245.75,33211
2025-11-24 07:50:00,245.75,245.9,245.6,245.6,56397
2025-11-24 07:55:00,245.7,245.7,245.5,245.55,35575
2025-11-24 08:00:00,245.5,245.65,245.45,245.55,52258
2025-11-24 08:05:00,245.55,245.75,245.5,245.55,54747
2025-11-24 08:10:00,245.55,245.55,245.4,245.55,39264
2025-11-24 08:15:00,245.55,245.65,245.05,245.05,82645
2025-11-24 08:20:00,245.1,245.35,245.05,245.3,51396
2025-11-24 08:25:00,245.35,245.35,245.2,245.2,42751
2025-11-24 08:30:00,245.25,245.25,245.15,245.15,23477
2025-11-24 08:35:00,245.15,245.35,244.95,245.1,135379
2025-11-24 08:40:00,245.1,245.3,244.95,244.95,65869
2025-11-24 08:45:00,245.0,245.0,244.9,245.0,31898
2025-11-24 08:50:00,245.0,245.2,244.9,245.05,70325
2025-11-24 08:55:00,245.05,245.2,244.95,245.05,58331
2025-11-24 09:00:00,245.1,245.2,245.05,245.1,55381
2025-11-24 09:05:00,245.1,245.3,245.0,245.15,79792
2025-11-24 09:10:00,245.25,245.25,245.0,245.05,75211
2025-11-24 09:15:00,245.1,245.15,245.0,245.15,59683
2025-11-24 09:20:00,245.1,245.2,245.05,245.1,56898
2025-11-24 09:25:00,245.1,245.55,244.9,245.5,187598
2025-11-24 09:30:00,245.45,246.4,245.25,245.25,1517658
2025-11-24 09:35:00,245.25,245.85,245.25,245.65,1616494
2025-11-24 09:40:00,245.6,245.7,245.45,245.5,1632378
2025-11-24 09:45:00,245.45,246.2,245.4,246.2,1319052
2025-11-24 09:50:00,246.15,246.2,246.05,246.05,1944071
2025-11-24 09:55:00,246.05,246.4,244.3,245.75,1179612
2025-11-25 03:45:00,245.75,246.25,244.6,245.3,161830
2025-11-25 03:50:00,245.25,245.3,244.75,245.25,53220
2025-11-25 03:55:00,245.25,245.3,244.9,244.95,30158
2025-11-25 04:00:00,245.0,245.15,244.85,244.85,27677
2025-11-25 04:05:00,244.85,245.05,244.75,244.8,40798
2025-11-25 04:10:00,244.75,245.0,244.75,244.8,41557
2025-11-25 04:15:00,244.8,245.2,244.8,244.95,21180
2025-11-25 04:20:00,244.85,245.1,244.8,245.05,26068
2025-11-25 04:25:00,245.05,245.15,244.65,244.65,41008
2025-11-25 04:30:00,244.7,245.0,244.65,244.85,59533
2025-11-25 04:35:00,245.05,245.65,244.9,245.6,33881
2025-11-25 04:40:00,245.7,245.85,245.65,245.8,34154
2025-11-25 04:45:00,245.75,245.85,245.7,245.75,23997
2025-11-25 04:50:00,245.75,246.4,245.75,246.35,100081
2025-11-25 04:55:00,246.4,246.8,246.4,246.7,54235
2025-11-25 05:00:00,246.65,247.0,246.55,246.55,79215
2025-11-25 05:05:00,246.65,246.8,246.4,246.7,42931
2025-11-25 05:10:00,246.75,246.9,246.7,246.7,41811
2025-11-25 05:15:00,246.7,247.2,246.4,247.05,299200
2025-11-25 05:20:00,247.05,247.2,246.65,246.75,160264
2025-11-25 05:25:00,246.85,247.1,246.55,247.0,370125
2025-11-25 05:30:00,247.05,247.1,247.0,247.0,90004
2025-11-25 05:35:00,247.05,247.1,246.9,247.0,117349
2025-11-25 05:40:00,247.05,247.1,246.7,247.0,305220
2025-11-25 05:45:00,247.1,247.1,246.9,247.0,232765
2025-11-25 05:50:00,247.0,247.05,246.9,247.05,88029
2025-11-25 05:55:00,247.0,247.1,246.85,247.05,129331
2025-11-25 06:00:00,247.05,247.05,246.95,247.0,106219
2025-11-25 06:05:00,247.0,247.05,246.95,247.0,51438
2025-11-25 06:10:00,247.0,247.1,246.95,247.0,186145
2025-11-25 06:15:00,246.95,247.1,246.95,246.95,77628
2025-11-25 06:20:00,247.0,247.1,246.95,247.0,54079
2025-11-25 06:25:00,247.0,247.4,246.95,247.2,328288
2025-11-25 06:30:00,247.2,247.3,247.05,247.1,67485
2025-11-25 06:35:00,247.2,247.3,246.95,247.2,266968
2025-11-25 06:40:00,247.2,247.3,247.1,247.3,47805
2025-11-25 06:45:00,247.3,247.5,247.25,247.45,128725
2025-11-25 06:50:00,247.35,247.5,247.3,247.5,60420
2025-11-25 06:55:00,247.5,247.5,247.15,247.2,563515
2025-11-25 07:00:00,247.2,247.3,246.95,247.15,61961
2025-11-25 07:05:00,247.1,247.15,246.8,246.95,63648
2025-11-25 07:10:00,246.9,246.95,246.75,246.85,74173
2025-11-25 07:15:00,246.85,246.85,246.55,246.6,75704
2025-11-25 07:20:00,246.6,246.85,246.5,246.7,74478
2025-11-25 07:25:00,246.6,246.65,246.4,246.5,61001
2025-11-25 07:30:00,246.5,246.65,246.2,246.35,93451
2025-11-25 07:35:00,246.45,246.5,246.2,246.3,63710
2025-11-25 07:40:00,246.3,246.6,246.3,246.5,63351
2025-11-25 07:45:00,246.35,246.6,246.25,246.35,69003
2025-11-25 07:50:00,246.35,246.5,246.25,246.45,50435
2025-11-25 07:55:00,246.35,246.45,245.9,246.0,87080
2025-11-25 08:00:00,246.0,246.1,245.8,245.95,77118
2025-11-25 08:05:00,246.0,246.2,245.95,246.1,64467
2025-11-25 08:10:00,246.05,246.15,245.9,246.0,75817
2025-11-25 08:15:00,246.0,246.15,245.9,246.1,62292
2025-11-25 08:20:00,246.1,246.2,246.0,246.15,47654
2025-11-25 08:25:00,246.1,246.3,246.05,246.05,61219
2025-11-25 08:30:00,246.15,246.2,245.95,246.15,67830
2025-11-25 08:35:00,246.15,246.2,246.0,246.1,64098
2025-11-25 08:40:00,246.1,246.1,245.95,246.0,48286
2025-11-25 08:45:00,246.0,246.35,245.95,246.1,165280
2025-11-25 08:50:00,246.1,246.1,245.85,245.9,77285
2025-11-25 08:55:00,245.9,245.95,245.55,245.6,72263
2025-11-25 09:00:00,245.55,246.1,245.5,245.95,132839
2025-11-25 09:05:00,245.95,246.0,245.8,245.8,71972
2025-11-25 09:10:00,245.8,245.95,245.75,245.8,121161
2025-11-25 09:15:00,245.8,245.9,245.6,245.85,88132
2025-11-25 09:20:00,245.85,246.0,245.45,245.55,157432
2025-11-25 09:25:00,245.55,245.85,245.5,245.6,88321
2025-11-25 09:30:00,245.65,245.9,245.35,245.4,355665
2025-11-25 09:35:00,245.4,245.55,245.25,245.3,403456
2025-11-25 09:40:00,245.3,245.45,245.2,245.25,279020
2025-11-25 09:45:00,245.2,245.55,245.15,245.5,338928
2025-11-25 09:50:00,245.45,245.55,245.05,245.25,343016
2025-11-25 09:55:00,245.25,245.25,244.7,244.8,219698
2025-11-26 03:45:00,245.35,246.0,245.05,245.9,128850
2025-11-26 03:50:00,245.9,245.9,245.5,245.75,33664
2025-11-26 03:55:00,245.75,246.1,245.65,246.1,33018
2025-11-26 04:00:00,246.0,246.25,245.25,245.8,106705
2025-11-26 04:05:00,245.8,245.95,245.5,245.6,29677
2025-11-26 04:10:00,245.6,246.4,245.45,246.4,43760
2025-11-26 04:15:00,246.3,246.7,246.3,246.65,82714
2025-11-26 04:20:00,246.7,247.2,246.7,247.15,126345
2025-11-26 04:25:00,247.2,247.45,247.1,247.4,67053
2025-11-26 04:30:00,247.45,247.65,247.15,247.45,75409
2025-11-26 04:35:00,247.45,247.6,247.25,247.5,31694
2025-11-26 04:40:00,247.45,247.5,247.0,247.1,31794
2025-11-26 04:45:00,247.2,247.5,247.15,247.5,23790
2025-11-26 04:50:00,247.45,247.6,247.3,247.6,22834
2025-11-26 04:55:00,247.5,247.5,247.4,247.5,17283
2025-11-26 05:00:00,247.5,247.95,247.35,247.7,76491
2025-11-26 05:05:00,247.7,247.7,247.3,247.5,25285
2025-11-26 05:10:00,247.55,247.55,246.95,247.0,28316
2025-11-26 05:15:00,247.15,247.5,247.1,247.3,23013
2025-11-26 05:20:00,247.2,247.35,247.1,247.2,14820
2025-11-26 05:25:00,247.2,247.2,247.0,247.0,13522
2025-11-26 05:30:00,247.1,247.25,247.0,247.2,20326
2025-11-26 05:35:00,247.2,247.4,247.1,247.15,16225
2025-11-26 05:40:00,247.15,247.3,247.15,247.15,7966
2025-11-26 05:45:00,247.15,247.4,247.15,247.35,9788
2025-11-26 05:50:00,247.35,247.35,247.25,247.3,9739
2025-11-26 05:55:00,247.25,247.35,247.15,247.3,11242
2025-11-26 06:00:00,247.3,247.5,247.25,247.5,65820
2025-11-26 06:05:00,247.5,247.6,247.35,247.6,55506
2025-11-26 06:10:00,247.6,247.7,247.4,247.4,29723
2025-11-26 06:15:00,247.5,247.5,247.1,247.2,31865
2025-11-26 06:20:00,247.2,247.3,247.1,247.25,23771
2025-11-26 06:25:00,247.2,247.25,247.1,247.2,27835
2025-11-26 06:30:00,247.2,247.5,247.15,247.5,60435
2025-11-26 06:35:00,247.5,247.6,247.4,247.6,29325
2025-11-26 06:40:00,247.5,247.7,247.45,247.7,23611
2025-11-26 06:45:00,247.7,247.7,247.4,247.45,20583
2025-11-26 06:50:00,247.5,247.6,247.4,247.55,21933
2025-11-26 06:55:00,247.55,247.6,247.2,247.3,25704
2025-11-26 07:00:00,247.3,247.4,247.1,247.4,19946
2025-11-26 07:05:00,247.35,247.4,247.1,247.1,60362
2025-11-26 07:10:00,247.15,247.4,247.0,247.4,38360
2025-11-26 07:15:00,247.4,247.5,247.3,247.4,18185
2025-11-26 07:20:00,247.4,247.55,247.35,247.5,17313
2025-11-26 07:25:00,247.5,247.55,247.25,247.4,25045
2025-11-26 07:30:00,247.4,247.95,247.3,247.9,56413
2025-11-26 07:35:00,247.9,247.9,247.55,247.7,27744
2025-11-26 07:40:00,247.75,247.8,247.3,247.4,45223
2025-11-26 07:45:00,247.4,247.65,247.35,247.55,34123
2025-11-26 07:50:00,247.55,247.55,247.25,247.35,28861
2025-11-26 07:55:00,247.35,247.4,247.2,247.35,28245
2025-11-26 08:00:00,247.35,247.45,247.2,247.45,27497
2025-11-26 08:05:00,247.45,247.7,247.4,247.65,73867
2025-11-26 08:10:00,247.65,247.85,247.55,247.6,70472
2025-11-26 08:15:00,247.65,247.85,247.6,247.8,64097
2025-11-26 08:20:00,247.8,247.8,247.65,247.7,107521
2025-11-26 08:25:00,247.7,247.8,247.6,247.6,85396
2025-11-26 08:30:00,247.55,247.65,247.35,247.35,240461
2025-11-26 08:35:00,247.4,247.5,247.25,247.4,71215
2025-11-26 08:40:00,247.4,247.45,246.85,247.0,404117
2025-11-26 08:45:00,247.0,247.1,246.95,247.0,177771
2025-11-26 08:50:00,247.0,247.25,246.95,247.25,186314
2025-11-26 08:55:00,247.25,247.55,247.15,247.25,121272
2025-11-26 09:00:00,247.2,247.65,247.15,247.45,56898
2025-11-26 09:05:00,247.4,247.65,247.4,247.6,71798
2025-11-26 09:10:00,247.6,247.7,247.5,247.6,137644
2025-11-26 09:15:00,247.6,247.6,246.75,246.8,330670
2025-11-26 09:20:00,246.8,247.15,246.6,247.15,169810
2025-11-26 09:25:00,247.15,247.3,247.0,247.2,1398433
2025-11-26 09:30:00,247.15,247.7,247.15,247.6,354872
2025-11-26 09:35:00,247.55,248.0,247.4,247.95,306991
2025-11-26 09:40:00,247.95,247.95,247.7,247.9,206383
2025-11-26 09:45:00,247.9,247.95,247.7,247.75,218824
2025-11-26 09:50:00,247.75,247.8,247.6,247.8,223272
2025-11-26 09:55:00,247.8,247.9,247.55,247.55,181279
2025-11-27 03:45:00,248.0,248.8,247.45,248.6,149018
2025-11-27 03:50:00,248.65,248.7,248.05,248.05,53253
2025-11-27 03:55:00,248.1,248.2,247.05,247.25,106838
2025-11-27 04:00:00,247.2,247.25,246.65,246.8,80308
2025-11-27 04:05:00,246.75,246.75,246.2,246.25,62768
2025-11-27 04:10:00,246.25,246.4,245.8,245.8,75904
2025-11-27 04:15:00,245.9,246.15,245.7,246.0,81340
2025-11-27 04:20:00,246.0,246.1,245.6,245.8,70485
2025-11-27 04:25:00,245.75,245.95,245.3,245.65,49400
2025-11-27 04:30:00,245.65,245.75,245.15,245.2,60395
2025-11-27 04:35:00,245.3,245.5,245.2,245.35,28462
2025-11-27 04:40:00,245.45,245.45,245.1,245.15,69495
2025-11-27 04:45:00,245.1,245.2,244.7,244.8,135628
2025-11-27 04:50:00,244.75,244.8,244.6,244.65,43495
2025-11-27 04:55:00,244.65,244.65,244.4,244.6,67872
2025-11-27 05:00:00,244.65,245.15,244.55,245.1,56547
2025-11-27 05:05:00,245.15,245.4,245.0,245.3,35214
2025-11-27 05:10:00,245.35,245.35,245.05,245.2,31788
2025-11-27 05:15:00,245.25,245.5,245.25,245.35,51009
2025-11-27 05:20:00,245.45,245.5,245.1,245.2,37367
2025-11-27 05:25:00,245.2,245.3,245.1,245.25,16541
2025-11-27 05:30:00,245.25,245.25,245.05,245.15,43294
2025-11-27 05:35:00,245.25,245.25,245.05,245.2,18375
2025-11-27 05:40:00,245.2,245.2,244.9,244.9,42885
2025-11-27 05:45:00,244.9,244.95,244.6,244.7,42482
2025-11-27 05:50:00,244.6,244.75,244.55,244.7,35116
2025-11-27 05:55:00,244.75,244.8,244.6,244.75,18864
2025-11-27 06:00:00,244.7,244.75,244.5,244.6,34538
2025-11-27 06:05:00,244.6,244.65,244.45,244.6,43917
2025-11-27 06:10:00,244.5,244.8,244.5,244.7,21581
2025-11-27 06:15:00,244.7,244.75,244.2,244.3,58948
2025-11-27 06:20:00,244.35,244.5,244.25,244.3,21450
2025-11-27 06:25:00,244.4,244.4,244.05,244.05,44632
2025-11-27 06:30:00,244.15,244.35,244.05,244.1,46070
2025-11-27 06:35:00,244.15,244.15,243.65,243.75,115646
2025-11-27 06:40:00,243.9,243.9,243.65,243.7,29533
2025-11-27 06:45:00,243.8,243.95,243.7,243.9,28344
2025-11-27 06:50:00,243.95,244.0,243.8,243.85,18498
2025-11-27 06:55:00,243.85,243.9,243.55,243.9,27695
2025-11-27 07:00:00,243.9,244.05,243.75,244.0,21387
2025-11-27 07:05:00,244.05,244.2,243.9,244.0,36996
2025-11-27 07:10:00,244.0,244.15,243.85,244.1,31634
2025-11-27 07:15:00,244.15,244.55,244.1,244.45,44984
2025-11-27 07:20:00,244.45,244.45,244.2,244.35,20263
2025-11-27 07:25:00,244.35,244.35,244.1,244.15,12939
2025-11-27 07:30:00,244.15,244.15,244.0,244.0,19092
2025-11-27 07:35:00,244.1,244.1,244.0,244.1,22998
2025-11-27 07:40:00,244.1,244.1,243.5,243.6,102622
2025-11-27 07:45:00,243.6,243.6,243.2,243.4,56106
2025-11-27 07:50:00,243.45,243.55,242.8,242.95,168226
2025-11-27 07:55:00,243.0,243.35,242.95,243.1,92318
2025-11-27 08:00:00,243.2,243.35,243.1,243.3,27277
2025-11-27 08:05:00,243.2,243.3,243.05,243.1,49070
2025-11-27 08:10:00,243.15,243.25,243.1,243.2,34586
2025-11-27 08:15:00,243.2,243.5,243.0,243.4,145605
2025-11-27 08:20:00,243.4,243.6,243.2,243.6,61712
2025-11-27 08:25:00,243.6,243.7,243.5,243.55,39645
2025-11-27 08:30:00,243.65,243.9,243.55,243.6,53020
2025-11-27 08:35:00,243.55,243.75,243.3,243.5,130851
2025-11-27 08:40:00,243.6,244.0,243.5,243.55,99725
2025-11-27 08:45:00,243.6,243.6,243.2,243.25,58568
2025-11-27 08:50:00,243.3,243.7,243.25,243.55,99205
2025-11-27 08:55:00,243.6,243.95,243.55,243.65,63263
2025-11-27 09:00:00,243.7,243.7,243.35,243.55,140844
2025-11-27 09:05:00,243.6,243.6,243.4,243.45,31984
2025-11-27 09:10:00,243.4,243.6,243.25,243.25,154789
2025-11-27 09:15:00,243.3,243.35,243.1,243.2,66914
2025-11-27 09:20:00,243.25,243.35,243.0,243.2,105627
2025-11-27 09:25:00,243.25,243.6,243.1,243.5,151508
2025-11-27 09:30:00,243.55,244.0,243.5,243.85,312611
2025-11-27 09:35:00,243.9,243.95,243.85,243.95,112996
2025-11-27 09:40:00,243.9,244.0,243.8,243.95,224427
2025-11-27 09:45:00,244.0,244.25,244.0,244.0,334072
2025-11-27 09:50:00,244.1,244.15,244.0,244.15,239242
2025-11-27 09:55:00,244.15,244.15,243.75,243.95,163953
2025-11-28 03:45:00,245.0,245.15,243.55,245.15,195930
2025-11-28 03:50:00,245.05,245.35,243.7,243.7,197413
2025-11-28 03:55:00,243.7,244.25,243.7,243.95,51688
2025-11-28 04:00:00,243.95,244.25,243.7,243.85,68630
2025-11-28 04:05:00,243.95,244.1,243.35,243.45,67556
2025-11-28 04:10:00,243.45,243.95,243.4,243.55,51171
2025-11-28 04:15:00,243.65,243.65,243.25,243.65,47331
2025-11-28 04:20:00,243.65,243.65,243.35,243.4,26704
2025-11-28 04:25:00,243.5,243.5,243.2,243.4,20220
2025-11-28 04:30:00,243.4,243.5,243.3,243.45,16309
2025-11-28 04:35:00,243.45,243.75,243.4,243.5,30082
2025-11-28 04:40:00,243.5,243.6,243.25,243.3,24460
2025-11-28 04:45:00,243.3,243.35,243.05,243.3,15618
2025-11-28 04:50:00,243.3,243.3,242.85,242.9,42226
2025-11-28 04:55:00,242.9,243.5,242.9,243.15,34572
2025-11-28 05:00:00,243.2,243.35,243.1,243.35,23723
2025-11-28 05:05:00,243.4,243.75,243.35,243.65,53533
2025-11-28 05:10:00,243.65,243.75,243.45,243.65,30755
2025-11-28 05:15:00,243.65,243.85,243.5,243.8,40396
2025-11-28 05:20:00,243.7,243.85,243.6,243.8,30055
2025-11-28 05:25:00,243.85,243.9,243.65,243.9,30181
2025-11-28 05:30:00,243.9,244.1,243.55,243.75,32884
2025-11-28 05:35:00,243.7,243.95,243.65,243.75,38171
2025-11-28 05:40:00,243.75,244.2,243.65,244.2,40884
2025-11-28 05:45:00,244.2,244.35,244.05,244.2,28887
2025-11-28 05:50:00,244.15,244.25,243.55,243.65,114399
2025-11-28 05:55:00,243.6,243.85,243.35,243.45,42891
2025-11-28 06:00:00,243.45,243.75,243.3,243.6,28592
2025-11-28 06:05:00,243.55,243.75,243.5,243.7,7948
2025-11-28 06:10:00,243.7,243.75,243.5,243.6,33343
2025-11-28 06:15:00,243.5,243.8,243.45,243.6,23646
2025-11-28 06:20:00,243.6,243.7,243.45,243.65,19731
2025-11-28 06:25:00,243.6,243.7,243.45,243.5,20409
2025-11-28 06:30:00,243.45,243.6,243.35,243.45,13214
2025-11-28 06:35:00,243.45,243.55,243.3,243.4,14398
2025-11-28 06:40:00,243.45,243.7,243.3,243.5,15733
2025-11-28 06:45:00,243.4,243.55,243.3,243.45,13102
2025-11-28 06:50:00,243.3,243.55,243.25,243.4,33411
2025-11-28 06:55:00,243.3,243.5,243.3,243.3,11564
2025-11-28 07:00:00,243.35,243.45,243.25,243.3,16835
2025-11-28 07:05:00,243.35,243.4,243.2,243.3,8437
2025-11-28 07:10:00,243.3,243.6,243.25,243.55,7440
2025-11-28 07:15:00,243.5,243.55,243.3,243.5,16593
2025-11-28 07:20:00,243.55,243.75,243.5,243.7,18396
2025-11-28 07:25:00,243.55,244.15,243.4,243.9,68327
2025-11-28 07:30:00,243.9,244.0,243.55,243.8,55671
2025-11-28 07:35:00,243.75,243.85,243.5,243.85,39478
2025-11-28 07:40:00,243.8,243.85,243.55,243.65,20401
2025-11-28 07:45:00,243.6,243.65,243.3,243.4,32765
2025-11-28 07:50:00,243.4,243.4,243.05,243.2,35985
2025-11-28 07:55:00,243.2,243.25,243.0,243.25,56902
2025-11-28 08:00:00,243.25,243.45,243.1,243.35,20576
2025-11-28 08:05:00,243.25,243.35,243.2,243.35,12383
2025-11-28 08:10:00,243.35,243.35,243.1,243.2,13999
2025-11-28 08:15:00,243.1,243.2,242.9,243.0,30288
2025-11-28 08:20:00,242.95,243.15,242.9,243.05,28624
2025-11-28 08:25:00,243.05,243.25,242.95,243.25,40352
2025-11-28 08:30:00,243.25,243.35,243.05,243.2,24223
2025-11-28 08:35:00,243.15,243.2,243.0,243.1,16605
2025-11-28 08:40:00,243.05,243.2,243.0,243.05,8480
2025-11-28 08:45:00,243.0,243.2,243.0,243.2,13633
2025-11-28 08:50:00,243.25,243.25,243.0,243.0,14209
2025-11-28 08:55:00,243.0,243.25,243.0,243.2,23485
2025-11-28 09:00:00,243.25,243.3,243.05,243.25,22706
2025-11-28 09:05:00,243.25,243.35,243.15,243.3,17074
2025-11-28 09:10:00,243.2,243.4,243.2,243.35,27541
2025-11-28 09:15:00,243.3,243.35,243.15,243.2,27576
2025-11-28 09:20:00,243.25,243.25,243.05,243.2,31519
2025-11-28 09:25:00,243.2,243.3,243.05,243.1,37606
2025-11-28 09:30:00,243.1,243.4,242.95,243.4,254700
2025-11-28 09:35:00,243.35,243.6,243.35,243.5,228757
2025-11-28 09:40:00,243.5,243.65,243.45,243.6,170311
2025-11-28 09:45:00,243.6,243.65,243.1,243.1,250098
2025-11-28 09:50:00,243.1,243.2,242.95,243.15,271787
2025-11-28 09:55:00,243.15,243.2,242.55,242.95,198065
2025-12-01 03:45:00,244.05,244.8,243.01,244.72,178043
2025-12-01 03:50:00,244.6,245.68,244.6,245.4,203072
2025-12-01 03:55:00,245.31,245.48,245.05,245.35,92838
2025-12-01 04:00:00,245.35,245.85,245.28,245.7,126275
2025-12-01 04:05:00,245.58,245.7,245.42,245.47,112256
2025-12-01 04:10:00,245.47,245.47,245.11,245.13,54348
2025-12-01 04:15:00,245.13,245.47,245.01,245.16,66355
2025-12-01 04:20:00,245.13,245.24,244.63,244.63,67866
2025-12-01 04:25:00,244.64,244.96,244.5,244.51,75926
2025-12-01 04:30:00,244.5,244.8,244.5,244.64,38166
2025-12-01 04:35:00,244.64,244.66,244.3,244.4,70409
2025-12-01 04:40:00,244.34,244.58,244.34,244.5,52353
2025-12-01 04:45:00,244.43,244.94,244.43,244.9,67158
2025-12-01 04:50:00,244.88,245.17,244.82,245.08,54368
2025-12-01 04:55:00,245.15,245.25,244.98,245.24,64993
2025-12-01 05:00:00,245.25,245.27,245.09,245.13,52575
2025-12-01 05:05:00,245.13,245.17,245.03,245.09,46707
2025-12-01 05:10:00,245.1,245.2,244.95,244.97,63064
2025-12-01 05:15:00,244.95,245.12,244.81,244.91,50194
2025-12-01 05:20:00,245.0,245.0,244.58,244.58,50320
2025-12-01 05:25:00,244.59,245.05,244.58,245.01,35240
2025-12-01 05:30:00,244.93,245.05,244.7,244.75,78203
2025-12-01 05:35:00,244.75,244.98,244.65,244.73,57827
2025-12-01 05:40:00,244.73,244.9,244.7,244.89,27571
2025-12-01 05:45:00,244.84,244.89,244.67,244.68,32728
2025-12-01 05:50:00,244.68,244.84,244.49,244.73,64669
2025-12-01 05:55:00,244.7,244.81,244.62,244.7,30446
2025-12-01 06:00:00,244.68,244.9,244.64,244.86,66371
2025-12-01 06:05:00,244.87,244.9,244.6,244.79,51273
2025-12-01 06:10:00,244.79,244.84,244.2,244.34,60732
2025-12-01 06:15:00,244.3,244.41,244.14,244.39,32022
2025-12-01 06:20:00,244.31,244.57,244.2,244.4,54647
2025-12-01 06:25:00,244.37,244.54,244.37,244.5,39949
2025-12-01 06:30:00,244.45,244.56,244.22,244.25,38967
2025-12-01 06:35:00,244.24,244.42,244.24,244.32,31764
2025-12-01 06:40:00,244.32,244.32,244.19,244.22,30444
2025-12-01 06:45:00,244.21,244.45,244.19,244.32,41491
2025-12-01 06:50:00,244.32,244.44,244.24,244.36,34738
2025-12-01 06:55:00,244.39,244.5,244.35,244.41,51148
2025-12-01 07:00:00,244.41,244.41,244.01,244.25,53925
2025-12-01 07:05:00,244.25,244.35,244.13,244.19,29686
2025-12-01 07:10:00,244.19,244.26,244.01,244.17,47729
2025-12-01 07:15:00,244.21,244.3,244.16,244.22,37345
2025-12-01 07:20:00,244.2,244.39,244.2,244.35,16887
2025-12-01 07:25:00,244.33,244.37,244.14,244.23,49836
2025-12-01 07:30:00,244.2,244.3,244.04,244.07,58829
2025-12-01 07:35:00,244.06,244.29,244.06,244.15,37208
2025-12-01 07:40:00,244.16,244.32,244.1,244.3,44197
2025-12-01 07:45:00,244.3,244.89,244.19,244.76,171051
2025-12-01 07:50:00,244.76,244.8,244.55,244.58,46439
2025-12-01 07:55:00,244.58,244.59,244.29,244.3,35495
2025-12-01 08:00:00,244.31,244.48,244.17,244.3,48236
2025-12-01 08:05:00,244.3,244.7,244.3,244.64,45551
2025-12-01 08:10:00,244.65,244.8,244.55,244.67,37015
2025-12-01 08:15:00,244.68,244.72,244.42,244.72,59172
2025-12-01 08:20:00,244.72,244.74,244.6,244.73,24081
2025-12-01 08:25:00,244.74,244.77,244.66,244.71,42013
2025-12-01 08:30:00,244.72,245.1,244.71,245.06,170716
2025-12-01 08:35:00,245.06,245.15,244.93,244.97,120416
2025-12-01 08:40:00,244.97,245.0,244.76,244.97,81060
2025-12-01 08:45:00,244.97,245.0,244.72,244.89,63554
2025-12-01 08:50:00,244.9,245.0,244.84,244.98,87294
2025-12-01 08:55:00,245.0,245.0,244.87,244.96,82084
2025-12-01 09:00:00,245.0,245.0,244.84,244.88,92114
2025-12-01 09:05:00,244.89,245.0,244.77,244.89,91738
2025-12-01 09:10:00,244.92,244.96,244.71,244.8,90518
2025-12-01 09:15:00,244.75,244.91,244.69,244.7,103497
2025-12-01 09:20:00,244.73,244.74,244.3,244.42,263236
2025-12-01 09:25:00,244.43,244.67,244.3,244.62,178972
2025-12-01 09:30:00,244.67,244.8,244.51,244.8,251976
2025-12-01 09:35:00,244.8,244.89,244.68,244.82,222864
2025-12-01 09:40:00,244.87,245.0,244.85,244.98,240142
2025-12-01 09:45:00,245.0,245.0,244.94,244.97,372820
2025-12-01 09:50:00,244.97,245.0,244.82,244.82,262766
2025-12-01 09:55:00,244.72,244.8,244.23,244.35,181548
2025-12-02 03:45:00,243.5,245.05,243.41,244.93,154067
2025-12-02 03:50:00,245.05,245.8,244.93,245.68,67348
2025-12-02 03:55:00,245.77,246.26,245.63,245.97,184392
2025-12-02 04:00:00,245.95,246.04,244.9,245.0,211334
2025-12-02 04:05:00,244.99,245.11,244.95,244.99,112688
2025-12-02 04:10:00,244.99,245.0,244.62,244.7,86750
2025-12-02 04:15:00,244.67,244.73,244.41,244.45,65275
2025-12-02 04:20:00,244.45,244.54,244.36,244.48,30990
2025-12-02 04:25:00,244.48,244.54,244.22,244.23,57207
2025-12-02 04:30:00,244.23,244.65,244.2,244.57,34545
2025-12-02 04:35:00,244.57,244.61,244.3,244.42,28434
2025-12-02 04:40:00,244.42,244.45,244.08,244.14,66259
2025-12-02 04:45:00,244.18,244.29,244.03,244.28,39451
2025-12-02 04:50:00,244.29,244.45,244.1,244.1,29905
2025-12-02 04:55:00,244.1,244.16,243.98,244.05,49091
2025-12-02 05:00:00,244.05,244.42,244.02,244.35,31683
2025-12-02 05:05:00,244.38,244.38,244.21,244.24,47460
2025-12-02 05:10:00,244.24,244.42,244.05,244.06,43901
2025-12-02 05:15:00,244.1,244.23,244.06,244.1,14991
2025-12-02 05:20:00,244.07,244.42,244.07,244.23,47259
2025-12-02 05:25:00,244.26,244.4,244.16,244.29,32279
2025-12-02 05:30:00,244.29,244.41,244.22,244.4,21635
2025-12-02 05:35:00,244.4,244.43,244.35,244.35,17968
2025-12-02 05:40:00,244.36,244.44,243.5,243.55,103908
2025-12-02 05:45:00,243.58,244.1,243.52,244.05,38476
2025-12-02 05:50:00,244.08,244.1,243.78,243.95,43105
2025-12-02 05:55:00,243.89,243.92,243.53,243.7,62580
2025-12-02 06:00:00,243.7,243.76,243.5,243.73,68770
2025-12-02 06:05:00,243.7,243.84,243.42,243.75,87615
2025-12-02 06:10:00,243.78,243.86,243.5,243.56,47042
2025-12-02 06:15:00,243.61,243.67,243.31,243.43,74789
2025-12-02 06:20:00,243.5,243.5,243.35,243.41,27280
2025-12-02 06:25:00,243.44,243.59,243.33,243.5,18986
2025-12-02 06:30:00,243.59,243.75,243.41,243.7,38691
2025-12-02 06:35:00,243.74,243.74,243.55,243.61,24997
2025-12-02 06:40:00,243.61,243.75,243.61,243.67,17692
2025-12-02 06:45:00,243.68,243.99,243.65,243.95,38049
2025-12-02 06:50:00,243.98,243.99,243.84,243.89,33690
2025-12-02 06:55:00,243.85,244.0,243.81,244.0,20847
2025-12-02 07:00:00,244.0,244.0,243.9,243.99,29928
2025-12-02 07:05:00,243.99,244.09,243.79,243.82,42560
2025-12-02 07:10:00,243.85,243.85,243.71,243.73,22175
2025-12-02 07:15:00,243.72,243.9,243.72,243.85,16330
2025-12-02 07:20:00,243.89,243.89,243.69,243.69,20260
2025-12-02 07:25:00,243.74,243.74,243.58,243.7,27082
2025-12-02 07:30:00,243.7,243.8,243.59,243.65,13179
2025-12-02 07:35:00,243.65,243.79,243.46,243.79,25489
2025-12-02 07:40:00,243.79,243.92,243.75,243.85,19604
2025-12-02 07:45:00,243.86,243.91,243.66,243.76,22203
2025-12-02 07:50:00,243.76,243.95,243.61,243.92,29888
2025-12-02 07:55:00,243.92,244.0,243.82,243.83,21083
2025-12-02 08:00:00,243.85,243.85,243.75,243.83,18995
2025-12-02 08:05:00,243.83,243.9,243.51,243.65,89696
2025-12-02 08:10:00,243.68,243.81,243.44,243.73,93015
2025-12-02 08:15:00,243.79,244.13,243.73,244.13,41157
2025-12-02 08:20:00,244.13,244.16,243.56,243.77,147655
2025-12-02 08:25:00,243.77,244.08,243.75,243.9,93681
2025-12-02 08:30:00,243.88,244.0,243.8,244.0,22059
2025-12-02 08:35:00,243.97,244.0,243.81,243.97,105141
2025-12-02 08:40:00,244.0,244.0,243.86,243.95,36309
2025-12-02 08:45:00,243.95,243.95,243.4,243.4,86471
2025-12-02 08:50:00,243.44,243.59,243.02,243.15,72098
2025-12-02 08:55:00,243.2,243.48,243.09,243.12,118113
2025-12-02 09:00:00,243.16,243.25,243.06,243.25,44992
2025-12-02 09:05:00,243.23,243.25,242.72,242.88,220973
2025-12-02 09:10:00,242.91,243.06,242.85,242.93,60044
2025-12-02 09:15:00,242.93,243.0,242.75,242.97,58734
2025-12-02 09:20:00,242.97,243.0,242.75,242.77,135790
2025-12-02 09:25:00,242.76,242.8,242.5,242.61,131139
2025-12-02 09:30:00,242.61,243.17,242.61,243.13,146714
2025-12-02 09:35:00,243.16,243.49,243.12,243.45,173506
2025-12-02 09:40:00,243.48,243.81,243.45,243.75,232585
2025-12-02 09:45:00,243.74,243.75,243.47,243.59,248622
2025-12-02 09:50:00,243.63,243.8,243.6,243.77,313491
2025-12-02 09:55:00,243.77,243.8,243.51,243.78,196498
2025-12-03 03:45:00,244.05,244.36,242.21,242.9,261683
2025-12-03 03:50:00,242.9,243.09,242.58,242.66,90814
2025-12-03 03:55:00,242.78,242.78,242.1,242.25,99072
2025-12-03 04:00:00,242.29,242.9,242.29,242.78,101810
2025-12-03 04:05:00,242.78,243.35,242.62,242.88,124910
2025-12-03 04:10:00,242.88,242.89,242.48,242.58,59712
2025-12-03 04:15:00,242.58,242.58,242.0,242.12,124094
2025-12-03 04:20:00,242.12,242.19,241.8,241.92,112118
2025-12-03 04:25:00,241.9,241.95,241.74,241.79,66859
2025-12-03 04:30:00,241.79,241.86,241.41,241.43,82907
2025-12-03 04:35:00,241.43,241.43,241.05,241.11,83290
2025-12-03 04:40:00,241.11,241.27,241.05,241.05,64865
2025-12-03 04:45:00,241.06,241.18,241.01,241.09,64958
2025-12-03 04:50:00,241.07,241.22,240.78,241.08,77519
2025-12-03 04:55:00,241.07,241.19,240.99,241.17,42486
2025-12-03 05:00:00,241.19,241.4,241.02,241.16,56693
2025-12-03 05:05:00,241.23,241.31,241.09,241.1,47038
2025-12-03 05:10:00,241.07,241.13,240.7,240.86,67549
2025-12-03 05:15:00,240.96,241.47,240.93,241.4,30253
2025-12-03 05:20:00,241.4,241.4,240.71,240.75,100060
2025-12-03 05:25:00,240.72,240.78,240.55,240.64,68416
2025-12-03 05:30:00,240.73,241.12,240.66,240.83,84570
2025-12-03 05:35:00,240.83,241.01,240.62,240.98,52539
2025-12-03 05:40:00,241.01,241.09,240.83,241.05,38732
2025-12-03 05:45:00,241.02,241.05,240.6,240.61,77119
2025-12-03 05:50:00,240.6,240.6,240.2,240.4,145221
2025-12-03 05:55:00,240.4,240.62,240.31,240.51,56619
2025-12-03 06:00:00,240.51,240.95,240.4,240.84,49482
2025-12-03 06:05:00,240.81,240.82,240.15,240.34,66524
2025-12-03 06:10:00,240.3,240.41,240.0,240.41,147381
2025-12-03 06:15:00,240.28,240.4,240.01,240.1,52774
2025-12-03 06:20:00,240.15,240.2,239.81,239.98,133751
2025-12-03 06:25:00,239.9,240.34,239.9,240.23,59812
2025-12-03 06:30:00,240.23,240.61,240.21,240.47,56195
2025-12-03 06:35:00,240.45,240.48,240.27,240.42,27984
2025-12-03 06:40:00,240.4,240.69,240.1,240.65,224332
2025-12-03 06:45:00,240.51,240.76,240.15,240.44,738837
2025-12-03 06:50:00,240.31,240.4,240.13,240.26,69551
2025-12-03 06:55:00,240.23,240.48,240.2,240.46,59293
2025-12-03 07:00:00,240.49,240.49,240.18,240.33,80316
2025-12-03 07:05:00,240.31,240.35,240.13,240.25,66698
2025-12-03 07:10:00,240.21,240.31,239.91,240.07,131317
2025-12-03 07:15:00,240.12,240.17,239.9,240.05,68134
2025-12-03 07:20:00,240.05,240.15,239.96,240.15,51948
2025-12-03 07:25:00,240.15,240.32,239.91,240.14,66534
2025-12-03 07:30:00,240.12,240.18,239.9,240.0,89525
2025-12-03 07:35:00,239.99,240.05,239.96,240.02,58498
2025-12-03 07:40:00,240.04,240.13,239.9,239.96,64607
2025-12-03 07:45:00,240.03,240.14,239.95,239.98,68091
2025-12-03 07:50:00,239.97,240.1,239.56,239.73,110633
2025-12-03 07:55:00,239.73,239.9,239.56,239.79,82581
2025-12-03 08:00:00,239.79,240.06,239.75,240.05,73035
2025-12-03 08:05:00,240.05,240.09,239.77,239.89,77002
2025-12-03 08:10:00,239.89,239.98,239.73,239.87,71888
2025-12-03 08:15:00,239.85,240.0,239.85,239.86,67983
2025-12-03 08:20:00,239.85,240.08,239.85,240.04,62094
2025-12-03 08:25:00,240.04,240.25,239.95,240.13,81321
2025-12-03 08:30:00,240.13,240.16,239.92,240.1,99079
2025-12-03 08:35:00,240.08,240.89,239.99,240.76,278604
2025-12-03 08:40:00,240.72,240.79,240.44,240.51,194228
2025-12-03 08:45:00,240.55,241.04,240.53,240.84,152696
2025-12-03 08:50:00,240.83,241.32,240.78,241.23,100927
2025-12-03 08:55:00,241.27,241.3,240.61,240.75,276475
2025-12-03 09:00:00,240.69,240.92,239.92,240.0,706570
2025-12-03 09:05:00,240.0,240.08,239.75,239.96,169667
2025-12-03 09:10:00,239.95,240.08,239.9,240.0,66406
2025-12-03 09:15:00,239.97,240.05,239.86,239.89,48703
2025-12-03 09:20:00,239.89,239.93,239.66,239.84,66805
2025-12-03 09:25:00,239.76,239.92,239.76,239.86,41351
2025-12-03 09:30:00,239.97,240.26,239.94,240.07,517816
2025-12-03 09:35:00,240.07,240.19,239.94,240.0,826707
2025-12-03 09:40:00,240.06,240.21,239.95,240.0,1704124
2025-12-03 09:45:00,240.0,240.1,239.9,240.1,441129
2025-12-03 09:50:00,240.04,240.09,239.96,240.0,398260
2025-12-03 09:55:00,240.0,240.29,239.9,240.01,388816
2025-12-04 03:45:00,240.5,240.85,239.69,240.58,195337
2025-12-04 03:50:00,240.58,240.9,240.0,240.24,121031
2025-12-04 03:55:00,240.15,240.42,239.9,240.24,106060
2025-12-04 04:00:00,240.26,240.46,240.09,240.31,85756
2025-12-04 04:05:00,240.3,240.7,240.3,240.59,81997
2025-12-04 04:10:00,240.6,240.79,240.43,240.66,48574
2025-12-04 04:15:00,240.67,240.69,240.4,240.55,52045
2025-12-04 04:20:00,240.51,240.68,240.22,240.22,59299
2025-12-04 04:25:00,240.25,240.38,240.07,240.21,76399
2025-12-04 04:30:00,240.21,240.47,240.15,240.21,40206
2025-12-04 04:35:00,240.21,240.31,240.1,240.3,36734
2025-12-04 04:40:00,240.4,240.72,240.35,240.59,94856
2025-12-04 04:45:00,240.57,240.59,240.27,240.43,35674
2025-12-04 04:50:00,240.4,240.69,240.39,240.57,40950
2025-12-04 04:55:00,240.57,241.41,240.56,241.3,113415
2025-12-04 05:00:00,241.27,241.35,241.06,241.2,82218
2025-12-04 05:05:00,241.23,241.59,241.11,241.59,64828
2025-12-04 05:10:00,241.57,241.7,241.47,241.61,82860
2025-12-04 05:15:00,241.63,241.7,241.53,241.62,40139
2025-12-04 05:20:00,241.6,242.15,241.6,241.77,174063
2025-12-04 05:25:00,241.78,242.1,241.71,241.95,115663
2025-12-04 05:30:00,241.98,242.03,241.89,241.95,46150
2025-12-04 05:35:00,241.96,241.96,241.71,241.82,55957
2025-12-04 05:40:00,241.81,241.93,241.53,241.91,55578
2025-12-04 05:45:00,241.91,242.18,241.77,242.11,84280
2025-12-04 05:50:00,242.11,242.11,241.86,242.0,49212
2025-12-04 05:55:00,242.0,242.0,241.86,241.94,28497
2025-12-04 06:00:00,241.87,241.97,241.84,241.89,35402
2025-12-04 06:05:00,241.84,241.93,241.6,241.72,61930
2025-12-04 06:10:00,241.53,241.94,241.53,241.75,67736
2025-12-04 06:15:00,241.68,241.71,241.5,241.6,85092
2025-12-04 06:20:00,241.6,241.72,241.55,241.65,43583
2025-12-04 06:25:00,241.62,242.19,241.53,241.86,145205
2025-12-04 06:30:00,241.86,242.5,241.79,242.48,149331
2025-12-04 06:35:00,242.5,242.5,242.25,242.42,142054
2025-12-04 06:40:00,242.36,242.47,242.32,242.45,70415
2025-12-04 06:45:00,242.43,242.44,242.19,242.24,49461
2025-12-04 06:50:00,242.24,242.25,242.01,242.25,62266
2025-12-04 06:55:00,242.24,242.27,242.15,242.2,29643
2025-12-04 07:00:00,242.18,242.24,242.11,242.11,28701
2025-12-04 07:05:00,242.16,242.7,242.08,242.24,2123938
2025-12-04 07:10:00,242.15,242.63,242.15,242.27,86828
2025-12-04 07:15:00,242.3,242.48,241.91,242.2,349695
2025-12-04 07:20:00,242.2,242.59,242.04,242.25,432329
2025-12-04 07:25:00,242.23,242.6,242.21,242.24,97467
2025-12-04 07:30:00,242.25,242.31,242.23,242.26,41822
2025-12-04 07:35:00,242.26,242.35,242.23,242.32,40137
2025-12-04 07:40:00,242.28,242.45,242.15,242.34,72827
2025-12-04 07:45:00,242.3,242.35,242.1,242.15,37243
2025-12-04 07:50:00,242.16,242.4,242.1,242.28,53624
2025-12-04 07:55:00,242.3,242.45,242.28,242.4,38856
2025-12-04 08:00:00,242.45,242.49,242.23,242.26,73465
2025-12-04 08:05:00,242.26,242.26,242.05,242.25,42491
2025-12-04 08:10:00,242.23,242.24,241.96,242.0,41765
2025-12-04 08:15:00,242.0,242.09,241.95,242.0,35906
2025-12-04 08:20:00,242.0,242.1,241.98,242.07,34715
2025-12-04 08:25:00,242.07,242.08,241.72,241.99,61594
2025-12-04 08:30:00,241.99,242.31,241.98,242.19,48312
2025-12-04 08:35:00,242.2,242.43,242.17,242.3,142524
2025-12-04 08:40:00,242.3,242.38,242.09,242.3,98566
2025-12-04 08:45:00,242.33,242.33,242.0,242.17,79840
2025-12-04 08:50:00,242.18,242.19,241.65,241.98,286707
2025-12-04 08:55:00,241.98,242.19,241.89,242.19,47473
2025-12-04 09:00:00,242.19,242.34,242.06,242.06,78574
2025-12-04 09:05:00,242.17,242.35,242.05,242.26,81192
2025-12-04 09:10:00,242.28,242.3,241.92,241.92,142633
2025-12-04 09:15:00,241.93,242.01,241.81,242.0,137299
2025-12-04 09:20:00,242.0,242.3,241.99,242.2,95790
2025-12-04 09:25:00,242.22,242.45,242.18,242.24,82532
2025-12-04 09:30:00,242.3,242.6,242.22,242.27,429241
2025-12-04 09:35:00,242.29,242.54,242.14,242.35,392805
2025-12-04 09:40:00,242.35,242.61,242.34,242.45,450441
2025-12-04 09:45:00,242.4,242.44,242.19,242.31,449738
2025-12-04 09:50:00,242.32,242.32,241.98,242.0,535905
2025-12-04 09:55:00,241.98,242.38,241.9,241.97,535657
2025-12-05 03:45:00,242.7,242.95,242.2,242.95,139082
2025-12-05 03:50:00,242.94,243.2,242.4,242.45,79226
2025-12-05 03:55:00,242.44,242.51,242.11,242.39,125453
2025-12-05 04:00:00,242.3,242.53,242.16,242.33,51061
2025-12-05 04:05:00,242.33,242.8,241.96,242.53,53490
2025-12-05 04:10:00,242.53,242.61,242.2,242.3,39328
2025-12-05 04:15:00,242.29,242.45,242.1,242.23,30691
2025-12-05 04:20:00,242.23,242.37,242.14,242.14,25159
2025-12-05 04:25:00,242.14,242.35,241.85,241.95,62596
2025-12-05 04:30:00,241.88,242.65,241.88,242.59,52959
2025-12-05 04:35:00,242.5,242.65,242.1,242.55,41985
2025-12-05 04:40:00,242.48,242.63,241.96,242.0,364333
2025-12-05 04:45:00,242.1,242.24,241.96,242.06,333110
2025-12-05 04:50:00,242.06,242.1,241.83,242.04,59856
2025-12-05 04:55:00,242.03,242.1,241.7,241.73,70677
2025-12-05 05:00:00,241.7,241.7,241.43,241.48,198521
2025-12-05 05:05:00,241.53,242.02,241.46,241.73,766479
2025-12-05 05:10:00,241.73,242.1,241.7,242.1,36258
2025-12-05 05:15:00,242.15,242.4,242.02,242.36,30574
2025-12-05 05:20:00,242.37,242.99,242.26,242.99,69777
2025-12-05 05:25:00,242.99,243.19,242.61,242.68,97826
2025-12-05 05:30:00,242.61,242.82,242.59,242.8,22090
2025-12-05 05:35:00,242.75,242.8,242.73,242.77,22499
2025-12-05 05:40:00,242.8,243.13,242.77,242.91,56445
2025-12-05 05:45:00,242.92,243.0,242.53,242.71,47793
2025-12-05 05:50:00,242.7,242.82,242.62,242.72,20700
2025-12-05 05:55:00,242.72,242.87,242.68,242.71,24561
2025-12-05 06:00:00,242.8,242.87,242.71,242.77,31810
2025-12-05 06:05:00,242.77,242.82,242.72,242.78,17821
2025-12-05 06:10:00,242.78,242.8,242.68,242.71,34854
2025-12-05 06:15:00,242.71,242.76,242.64,242.65,23711
2025-12-05 06:20:00,242.64,242.65,242.56,242.63,25553
2025-12-05 06:25:00,242.63,242.63,242.23,242.36,107424
2025-12-05 06:30:00,242.36,242.5,242.25,242.44,20755
2025-12-05 06:35:00,242.39,242.5,242.39,242.5,19418
2025-12-05 06:40:00,242.48,242.5,242.35,242.36,31034
2025-12-05 06:45:00,242.35,242.38,242.23,242.34,59595
2025-12-05 06:50:00,242.34,242.5,242.28,242.48,17851
2025-12-05 06:55:00,242.48,242.69,242.45,242.64,25010
2025-12-05 07:00:00,242.66,242.96,242.61,242.84,24677
2025-12-05 07:05:00,242.84,243.0,242.83,242.97,23311
2025-12-05 07:10:00,243.0,243.0,242.85,242.92,31899
2025-12-05 07:15:00,242.92,243.09,242.92,242.97,52152
2025-12-05 07:20:00,243.0,243.11,242.93,243.0,46728
2025-12-05 07:25:00,242.99,243.15,242.92,242.98,123541
2025-12-05 07:30:00,243.04,243.09,242.97,242.99,24850
2025-12-05 07:35:00,243.0,243.04,242.75,242.76,28205
2025-12-05 07:40:00,242.77,242.96,242.76,242.91,14517
2025-12-05 07:45:00,242.93,243.0,242.91,242.95,17488
2025-12-05 07:50:00,242.96,243.03,242.91,242.95,29577
2025-12-05 07:55:00,242.95,243.09,242.95,243.06,30937
2025-12-05 08:00:00,243.06,243.09,242.98,242.99,24621
2025-12-05 08:05:00,243.09,243.1,242.97,242.98,37338
2025-12-05 08:10:00,243.05,243.07,242.91,242.99,31520
2025-12-05 08:15:00,242.94,242.99,242.54,242.59,48653
2025-12-05 08:20:00,242.6,242.78,242.07,242.16,70042
2025-12-05 08:25:00,242.0,242.11,241.86,241.99,214293
2025-12-05 08:30:00,241.99,242.07,241.94,242.01,51801
2025-12-05 08:35:00,242.01,242.05,241.81,241.96,46147
2025-12-05 08:40:00,241.9,242.08,241.9,241.99,37129
2025-12-05 08:45:00,242.0,242.09,241.98,241.99,48275
2025-12-05 08:50:00,241.98,242.1,241.85,241.86,37426
2025-12-05 08:55:00,241.86,242.01,241.81,241.9,28159
2025-12-05 09:00:00,241.89,242.03,241.61,241.66,45935
2025-12-05 09:05:00,241.66,241.88,241.66,241.66,27630
2025-12-05 09:10:00,241.7,241.83,241.5,241.5,39112
2025-12-05 09:15:00,241.51,241.65,241.31,241.61,60826
2025-12-05 09:20:00,241.61,241.76,241.5,241.6,62746
2025-12-05 09:25:00,241.57,241.79,241.57,241.58,61295
2025-12-05 09:30:00,241.59,241.99,241.59,241.94,128140
2025-12-05 09:35:00,241.95,241.99,240.92,241.04,1114545
2025-12-05 09:40:00,241.04,241.13,240.91,241.06,823811
2025-12-05 09:45:00,241.07,241.48,240.98,241.41,354635
2025-12-05 09:50:00,241.41,241.59,241.25,241.52,264466
2025-12-05 09:55:00,241.52,242.0,241.45,241.85,184684
2025-12-08 03:45:00,241.23,242.0,240.76,240.99,171092
2025-12-08 03:50:00,240.99,241.16,240.63,241.0,66914
2025-12-08 03:55:00,240.91,240.99,240.7,240.72,36190
2025-12-08 04:00:00,240.74,241.19,240.6,240.96,94877
2025-12-08 04:05:00,240.91,241.17,240.9,240.92,70018
2025-12-08 04:10:00,240.93,241.06,240.82,240.92,49024
2025-12-08 04:15:00,240.9,240.96,240.6,240.85,41576
2025-12-08 04:20:00,240.76,240.77,240.49,240.67,42383
2025-12-08 04:25:00,240.62,240.8,240.58,240.8,27661
2025-12-08 04:30:00,240.76,240.97,240.7,240.81,49238
2025-12-08 04:35:00,240.77,240.92,240.55,240.62,29595
2025-12-08 04:40:00,240.61,240.95,240.6,240.95,29499
2025-12-08 04:45:00,240.93,241.0,240.73,240.9,37632
2025-12-08 04:50:00,240.85,241.03,240.8,240.97,34019
2025-12-08 04:55:00,240.98,241.01,240.48,240.73,61715
2025-12-08 05:00:00,240.73,240.98,240.6,240.79,31135
2025-12-08 05:05:00,240.75,240.99,240.68,240.95,36952
2025-12-08 05:10:00,240.92,241.0,240.78,240.91,23988
2025-12-08 05:15:00,240.91,241.0,240.73,240.77,24823
2025-12-08 05:20:00,240.75,241.0,240.75,240.93,30301
2025-12-08 05:25:00,240.93,241.0,240.82,240.85,30051
2025-12-08 05:30:00,240.83,240.99,240.82,240.96,22211
2025-12-08 05:35:00,240.96,241.02,240.78,240.95,39250
2025-12-08 05:40:00,240.96,241.0,240.82,240.97,19475
2025-12-08 05:45:00,240.94,241.1,240.93,240.97,45600
2025-12-08 05:50:00,240.97,241.39,240.96,241.19,56857
2025-12-08 05:55:00,241.19,241.55,241.11,241.47,61319
2025-12-08 06:00:00,241.45,241.45,241.17,241.26,53474
2025-12-08 06:05:00,241.25,241.28,241.06,241.07,59209
2025-12-08 06:10:00,241.07,241.13,240.93,241.08,44003
2025-12-08 06:15:00,241.07,241.43,241.07,241.41,35409
2025-12-08 06:20:00,241.41,241.5,241.31,241.43,58102
2025-12-08 06:25:00,241.46,241.5,241.14,241.23,48073
2025-12-08 06:30:00,241.24,241.24,240.99,240.99,35510
2025-12-08 06:35:00,241.0,241.1,240.78,241.06,56736
2025-12-08 06:40:00,241.05,241.05,240.83,240.88,22576
2025-12-08 06:45:00,240.88,241.01,240.76,240.97,27260
2025-12-08 06:50:00,240.97,241.01,240.76,240.81,21819
2025-12-08 06:55:00,240.85,240.89,240.7,240.74,48067
2025-12-08 07:00:00,240.73,240.98,240.73,240.81,21686
2025-12-08 07:05:00,240.8,241.08,240.8,240.98,50502
2025-12-08 07:10:00,240.96,240.97,240.82,240.85,34857
2025-12-08 07:15:00,240.85,240.88,240.59,240.83,57723
2025-12-08 07:20:00,240.79,240.92,240.33,240.45,65543
2025-12-08 07:25:00,240.4,240.4,239.79,239.97,172703
2025-12-08 07:30:00,240.02,240.05,239.9,240.02,39156
2025-12-08 07:35:00,240.02,240.03,239.77,239.99,40154
2025-12-08 07:40:00,240.0,240.2,239.95,239.99,60721
2025-12-08 07:45:00,239.99,239.99,239.73,239.86,44502
2025-12-08 07:50:00,239.85,239.85,239.58,239.7,34856
2025-12-08 07:55:00,239.72,239.75,239.4,239.43,54487
2025-12-08 08:00:00,239.48,239.54,238.85,239.0,143356
2025-12-08 08:05:00,239.0,239.0,238.72,238.8,88343
2025-12-08 08:10:00,238.82,239.06,238.79,238.93,83679
2025-12-08 08:15:00,238.91,239.31,238.91,239.25,122036
2025-12-08 08:20:00,239.25,239.35,238.94,239.0,61721
2025-12-08 08:25:00,238.96,239.0,238.8,238.95,50756
2025-12-08 08:30:00,238.94,238.97,238.65,238.96,55158
2025-12-08 08:35:00,238.95,238.95,238.5,238.77,93023
2025-12-08 08:40:00,238.77,238.99,238.7,238.8,76009
2025-12-08 08:45:00,238.79,238.99,238.45,238.95,144208
2025-12-08 08:50:00,238.95,238.95,238.75,238.9,49316
2025-12-08 08:55:00,238.88,238.88,238.54,238.83,52992
2025-12-08 09:00:00,238.83,238.84,238.6,238.79,43461
2025-12-08 09:05:00,238.73,238.86,238.57,238.7,62679
2025-12-08 09:10:00,238.68,238.9,238.68,238.87,64101
2025-12-08 09:15:00,238.86,238.98,238.61,238.85,127947
2025-12-08 09:20:00,238.85,239.25,238.65,238.69,191293
2025-12-08 09:25:00,238.69,238.79,238.35,238.4,124825
2025-12-08 09:30:00,238.4,238.86,238.4,238.7,186297
2025-12-08 09:35:00,238.72,238.88,238.54,238.72,172335
2025-12-08 09:40:00,238.75,238.82,238.57,238.63,226197
2025-12-08 09:45:00,238.63,238.65,238.38,238.62,188824
2025-12-08 09:50:00,238.62,238.67,238.33,238.61,221460
2025-12-08 09:55:00,238.61,238.61,237.7,237.96,189985
2025-12-09 03:45:00,237.7,238.36,236.83,237.35,158427
2025-12-09 03:50:00,237.26,237.7,236.85,237.65,76142
2025-12-09 03:55:00,237.61,237.7,237.39,237.5,40471
2025-12-09 04:00:00,237.5,237.52,237.03,237.38,81399
2025-12-09 04:05:00,237.38,237.65,237.11,237.49,79547
2025-12-09 04:10:00,237.43,237.87,237.24,237.28,58739
2025-12-09 04:15:00,237.29,237.71,237.27,237.58,36732
2025-12-09 04:20:00,237.51,237.6,237.35,237.49,30735
2025-12-09 04:25:00,237.49,237.71,237.37,237.47,57555
2025-12-09 04:30:00,237.47,238.11,237.39,238.0,66559
2025-12-09 04:35:00,238.0,238.43,237.94,238.07,51518
2025-12-09 04:40:00,238.05,238.15,237.55,237.55,72211
2025-12-09 04:45:00,237.55,238.39,237.54,238.16,34056
2025-12-09 04:50:00,238.16,238.67,238.1,238.6,65132
2025-12-09 04:55:00,238.55,238.6,238.09,238.21,39378
2025-12-09 05:00:00,238.21,238.3,237.92,238.04,33665
2025-12-09 05:05:00,238.0,238.08,237.71,238.0,54027
2025-12-09 05:10:00,238.0,238.29,237.9,238.19,24251
2025-12-09 05:15:00,238.19,238.39,237.82,237.96,37320
2025-12-09 05:20:00,237.99,238.2,237.91,238.16,14169
2025-12-09 05:25:00,238.13,238.36,238.08,238.36,13093
2025-12-09 05:30:00,238.35,238.45,237.93,238.03,19421
2025-12-09 05:35:00,238.04,238.23,237.84,238.15,85161
2025-12-09 05:40:00,238.15,238.5,238.1,238.47,43735
2025-12-09 05:45:00,238.48,238.79,238.39,238.67,45622
2025-12-09 05:50:00,238.67,238.8,238.55,238.71,49148
2025-12-09 05:55:00,238.71,238.92,238.62,238.77,44727
2025-12-09 06:00:00,238.8,239.0,238.66,238.92,43148
2025-12-09 06:05:00,238.89,239.05,238.69,238.99,57163
2025-12-09 06:10:00,238.99,239.03,238.61,238.61,81833
2025-12-09 06:15:00,238.68,238.88,238.5,238.76,58705
2025-12-09 06:20:00,238.76,238.9,238.62,238.89,29536
2025-12-09 06:25:00,238.89,239.4,238.85,239.32,31357
2025-12-09 06:30:00,239.27,239.68,239.2,239.6,49587
2025-12-09 06:35:00,239.6,239.8,239.52,239.7,46427
2025-12-09 06:40:00,239.7,239.88,239.63,239.85,23284
2025-12-09 06:45:00,239.85,239.99,239.66,239.73,33121
2025-12-09 06:50:00,239.72,239.98,239.66,239.92,38762
2025-12-09 06:55:00,239.92,240.18,239.81,239.85,103384
2025-12-09 07:00:00,239.85,239.9,239.52,239.58,52094
2025-12-09 07:05:00,239.56,239.61,239.27,239.35,42687
2025-12-09 07:10:00,239.34,239.51,239.29,239.37,14010
2025-12-09 07:15:00,239.46,239.51,239.15,239.35,16154
2025-12-09 07:20:00,239.34,239.39,239.07,239.21,24178
2025-12-09 07:25:00,239.12,239.3,238.97,239.09,34207
2025-12-09 07:30:00,239.16,239.5,239.0,239.48,22682
2025-12-09 07:35:00,239.41,239.51,239.35,239.45,21716
2025-12-09 07:40:00,239.45,239.51,239.32,239.39,17691
2025-12-09 07:45:00,239.47,239.47,239.3,239.4,10640
2025-12-09 07:50:00,239.44,239.54,239.27,239.46,15979
2025-12-09 07:55:00,239.46,239.87,239.46,239.77,20883
2025-12-09 08:00:00,239.81,239.89,239.56,239.62,34419
2025-12-09 08:05:00,239.63,240.0,239.57,239.99,67049
2025-12-09 08:10:00,240.0,240.05,239.74,239.81,65088
2025-12-09 08:15:00,239.75,239.95,239.6,239.95,39563
2025-12-09 08:20:00,239.87,239.97,239.62,239.95,40021
2025-12-09 08:25:00,239.91,239.97,239.75,239.78,12210
2025-12-09 08:30:00,239.78,239.99,239.19,239.26,139906
2025-12-09 08:35:00,239.31,239.5,239.05,239.49,37569
2025-12-09 08:40:00,239.42,239.5,239.27,239.37,37441
2025-12-09 08:45:00,239.34,239.5,239.17,239.38,162551
2025-12-09 08:50:00,239.35,239.42,239.17,239.21,44089
2025-12-09 08:55:00,239.21,239.45,239.13,239.24,66333
2025-12-09 09:00:00,239.22,239.24,239.1,239.12,85015
2025-12-09 09:05:00,239.12,239.12,238.84,239.05,110746
2025-12-09 09:10:00,239.07,239.2,238.97,239.14,152799
2025-12-09 09:15:00,239.14,239.28,238.91,239.2,81373
2025-12-09 09:20:00,239.19,239.2,238.85,239.02,88068
2025-12-09 09:25:00,238.97,239.2,238.85,239.12,68285
2025-12-09 09:30:00,239.16,239.79,239.16,239.66,455782
2025-12-09 09:35:00,239.66,240.2,239.65,239.73,3165732
2025-12-09 09:40:00,239.73,240.01,239.71,239.84,505965
2025-12-09 09:45:00,239.84,239.84,239.65,239.68,458676
2025-12-09 09:50:00,239.68,239.69,239.36,239.4,528207
2025-12-09 09:55:00,239.39,239.74,238.9,239.32,255639
2025-12-10 03:45:00,239.32,240.35,238.54,239.74,111499
2025-12-10 03:50:00,239.69,239.79,239.34,239.57,50778
2025-12-10 03:55:00,239.56,239.67,239.35,239.55,44037
2025-12-10 04:00:00,239.57,239.69,239.25,239.37,96898
2025-12-10 04:05:00,239.45,239.99,239.32,239.98,54444
2025-12-10 04:10:00,239.9,240.0,239.62,239.62,39742
2025-12-10 04:15:00,239.75,239.81,239.29,239.42,51901
2025-12-10 04:20:00,239.42,239.69,239.15,239.31,39843
2025-12-10 04:25:00,239.31,239.47,238.7,238.74,153328
2025-12-10 04:30:00,238.75,239.05,238.75,238.99,42588
2025-12-10 04:35:00,238.92,239.25,238.8,238.8,86973
2025-12-10 04:40:00,238.8,238.83,238.6,238.65,58220
2025-12-10 04:45:00,238.61,238.86,238.6,238.74,39215
2025-12-10 04:50:00,238.75,238.99,238.74,238.99,28052
2025-12-10 04:55:00,239.0,239.08,238.7,238.71,39428
2025-12-10 05:00:00,238.71,239.02,238.7,238.93,52849
2025-12-10 05:05:00,238.94,239.01,238.62,238.82,41207
2025-12-10 05:10:00,238.81,239.5,238.76,239.16,54596
2025-12-10 05:15:00,239.19,239.3,239.1,239.17,29417
2025-12-10 05:20:00,239.17,239.25,238.89,239.0,38185
2025-12-10 05:25:00,239.0,239.0,238.69,238.78,38715
2025-12-10 05:30:00,238.81,238.95,238.42,238.9,57853
2025-12-10 05:35:00,238.95,239.38,238.9,239.3,59017
2025-12-10 05:40:00,239.35,239.65,239.22,239.63,68133
2025-12-10 05:45:00,239.61,239.63,239.45,239.5,42686
2025-12-10 05:50:00,239.5,239.58,239.46,239.49,34196
2025-12-10 05:55:00,239.46,239.49,239.27,239.33,36341
2025-12-10 06:00:00,239.33,239.42,239.16,239.25,29568
2025-12-10 06:05:00,239.25,239.49,239.23,239.48,18422
2025-12-10 06:10:00,239.49,239.6,239.48,239.58,55551
2025-12-10 06:15:00,239.58,239.58,239.23,239.28,28008
2025-12-10 06:20:00,239.24,239.37,239.15,239.27,20576
2025-12-10 06:25:00,239.25,239.4,239.22,239.4,12975
2025-12-10 06:30:00,239.4,239.58,239.36,239.5,26638
2025-12-10 06:35:00,239.58,239.89,239.5,239.64,46410
2025-12-10 06:40:00,239.62,239.65,239.51,239.65,22343
2025-12-10 06:45:00,239.65,239.73,239.51,239.55,16707
2025-12-10 06:50:00,239.55,239.68,239.54,239.6,16343
2025-12-10 06:55:00,239.58,239.63,239.43,239.52,22083
2025-12-10 07:00:00,239.52,239.56,239.13,239.19,31505
2025-12-10 07:05:00,239.21,239.21,238.73,238.85,41556
2025-12-10 07:10:00,238.85,238.95,238.74,238.81,27829
2025-12-10 07:15:00,238.76,239.0,238.66,238.91,21836
2025-12-10 07:20:00,238.99,239.18,238.83,239.12,17194
2025-12-10 07:25:00,239.11,239.14,239.06,239.1,6132
2025-12-10 07:30:00,239.1,239.25,239.06,239.16,5471
2025-12-10 07:35:00,239.1,239.25,239.08,239.23,11300
2025-12-10 07:40:00,239.23,239.4,239.1,239.19,13329
2025-12-10 07:45:00,239.19,239.44,239.04,239.44,12024
2025-12-10 07:50:00,239.44,239.5,239.35,239.48,17222
2025-12-10 07:55:00,239.47,239.6,239.39,239.6,15567
2025-12-10 08:00:00,239.6,239.61,239.45,239.57,13400
2025-12-10 08:05:00,239.57,239.75,239.4,239.43,18101
2025-12-10 08:10:00,239.51,239.73,239.48,239.53,35599
2025-12-10 08:15:00,239.53,239.66,239.33,239.4,14052
2025-12-10 08:20:00,239.44,239.48,239.36,239.48,24348
2025-12-10 08:25:00,239.54,239.54,239.3,239.37,18713
2025-12-10 08:30:00,239.37,239.37,239.0,239.18,94842
2025-12-10 08:35:00,239.11,239.37,239.08,239.3,70692
2025-12-10 08:40:00,239.3,239.35,239.07,239.07,32293
2025-12-10 08:45:00,239.08,239.11,238.75,238.8,24139
2025-12-10 08:50:00,238.83,238.84,238.57,238.69,26746
2025-12-10 08:55:00,238.69,238.77,238.49,238.49,46246
2025-12-10 09:00:00,238.56,239.39,238.56,239.35,135093
2025-12-10 09:05:00,239.35,239.35,238.77,239.1,53422
2025-12-10 09:10:00,239.1,239.1,238.87,238.98,12495
2025-12-10 09:15:00,238.98,239.03,238.88,238.9,20175
2025-12-10 09:20:00,238.9,239.03,238.85,239.0,11597
2025-12-10 09:25:00,239.0,239.3,238.9,239.2,36766
2025-12-10 09:30:00,239.28,239.6,239.26,239.28,185971
2025-12-10 09:35:00,239.25,239.27,239.06,239.2,87910
2025-12-10 09:40:00,239.2,239.37,239.18,239.36,109712
2025-12-10 09:45:00,239.38,239.43,239.28,239.32,141504
2025-12-10 09:50:00,239.33,239.45,239.24,239.28,159648
2025-12-10 09:55:00,239.25,239.28,238.6,239.25,84353
2025-12-11 03:45:00,239.29,240.0,239.17,239.73,80919
2025-12-11 03:50:00,239.73,239.73,239.25,239.51,41450
2025-12-11 03:55:00,239.46,239.7,239.24,239.63,42716
2025-12-11 04:00:00,239.63,239.64,239.21,239.52,31344
2025-12-11 04:05:00,239.51,239.51,238.79,239.01,63714
2025-12-11 04:10:00,239.0,239.21,238.78,239.08,25997
2025-12-11 04:15:00,239.08,239.5,239.01,239.47,19548
2025-12-11 04:20:00,239.44,239.5,239.15,239.36,27087
2025-12-11 04:25:00,239.4,239.46,239.07,239.21,22216
2025-12-11 04:30:00,239.2,239.55,239.13,239.55,20582
2025-12-11 04:35:00,239.53,239.94,239.52,239.83,22486
2025-12-11 04:40:00,239.8,240.2,239.78,240.2,99908
2025-12-11 04:45:00,240.25,240.59,240.18,240.49,71117
2025-12-11 04:50:00,240.42,240.73,240.37,240.69,30616
2025-12-11 04:55:00,240.69,240.88,240.64,240.8,30931
2025-12-11 05:00:00,240.76,241.3,240.43,240.53,491466
2025-12-11 05:05:00,240.5,240.72,240.22,240.26,77791
2025-12-11 05:10:00,240.24,240.39,240.0,240.27,80927
2025-12-11 05:15:00,240.25,240.53,240.06,240.44,62671
2025-12-11 05:20:00,240.41,240.5,240.3,240.34,47084
2025-12-11 05:25:00,240.3,240.34,239.97,240.04,2918657
2025-12-11 05:30:00,239.99,240.2,239.74,239.84,56613
2025-12-11 05:35:00,239.83,240.06,239.78,239.95,54956
2025-12-11 05:40:00,240.0,240.08,239.85,239.9,36729
2025-12-11 05:45:00,239.85,239.99,239.68,239.8,21702
2025-12-11 05:50:00,239.81,239.99,239.74,239.84,26993
2025-12-11 05:55:00,239.81,239.82,239.56,239.56,33602
2025-12-11 06:00:00,239.6,239.77,239.02,239.07,56274
2025-12-11 06:05:00,239.01,239.12,238.67,239.0,80753
2025-12-11 06:10:00,239.0,239.12,238.9,238.99,48929
2025-12-11 06:15:00,238.97,239.09,238.92,239.06,32940
2025-12-11 06:20:00,239.07,239.1,238.96,239.02,28764
2025-12-11 06:25:00,239.0,239.15,238.92,238.98,44562
2025-12-11 06:30:00,238.96,239.63,238.95,239.62,87271
2025-12-11 06:35:00,239.61,239.64,239.0,239.36,85309
2025-12-11 06:40:00,239.31,239.38,239.02,239.25,114431
2025-12-11 06:45:00,239.25,239.49,239.23,239.29,44939
2025-12-11 06:50:00,239.29,239.62,239.28,239.55,69640
2025-12-11 06:55:00,239.57,239.82,239.5,239.5,132925
2025-12-11 07:00:00,239.46,239.62,239.37,239.51,42986
2025-12-11 07:05:00,239.5,239.51,239.21,239.27,49503
2025-12-11 07:10:00,239.27,239.35,239.13,239.35,39046
2025-12-11 07:15:00,239.29,239.55,239.27,239.45,37199
2025-12-11 07:20:00,239.45,239.53,239.3,239.4,49467
2025-12-11 07:25:00,239.39,239.46,239.2,239.22,30664
2025-12-11 07:30:00,239.22,239.42,239.15,239.16,38081
2025-12-11 07:35:00,239.16,239.21,238.85,238.94,66179
2025-12-11 07:40:00,238.93,238.96,238.76,238.92,55877
2025-12-11 07:45:00,238.92,239.1,238.9,239.01,44862
2025-12-11 07:50:00,239.01,239.08,238.9,238.99,28714
2025-12-11 07:55:00,238.98,239.08,238.9,238.91,28714
2025-12-11 08:00:00,238.92,239.1,238.91,238.98,47908
2025-12-11 08:05:00,238.97,239.07,238.91,238.95,30966
2025-12-11 08:10:00,239.0,239.09,238.92,238.92,48582
2025-12-11 08:15:00,238.9,239.0,238.85,238.92,27544
2025-12-11 08:20:00,238.91,238.93,238.51,238.72,52898
2025-12-11 08:25:00,238.7,238.86,238.7,238.74,20539
2025-12-11 08:30:00,238.74,238.98,238.7,238.8,35600
2025-12-11 08:35:00,238.77,238.98,238.7,238.91,26811
2025-12-11 08:40:00,238.89,239.0,238.71,238.73,64623
2025-12-11 08:45:00,238.73,238.84,238.6,238.74,39152
2025-12-11 08:50:00,238.74,238.98,238.7,238.82,63899
2025-12-11 08:55:00,238.79,239.01,238.79,239.0,174252
2025-12-11 09:00:00,239.0,239.09,238.85,238.92,90648
2025-12-11 09:05:00,238.89,239.0,238.85,238.85,47433
2025-12-11 09:10:00,238.81,238.99,238.64,238.65,52200
2025-12-11 09:15:00,238.63,238.8,238.45,238.51,147723
2025-12-11 09:20:00,238.51,238.74,238.35,238.48,127292
2025-12-11 09:25:00,238.48,238.68,238.44,238.65,54680
2025-12-11 09:30:00,238.7,238.78,238.25,238.56,224020
2025-12-11 09:35:00,238.58,238.58,238.14,238.25,284011
2025-12-11 09:40:00,238.28,238.36,238.14,238.14,236477
2025-12-11 09:45:00,238.14,238.66,238.14,238.66,384471
2025-12-11 09:50:00,238.65,238.66,238.34,238.45,349336
2025-12-11 09:55:00,238.46,238.99,238.24,238.76,349356
2025-12-12 03:45:00,238.5,239.4,238.11,239.11,142610
2025-12-12 03:50:00,239.08,239.19,238.61,238.66,68485
2025-12-12 03:55:00,238.67,238.67,238.22,238.24,66521
2025-12-12 04:00:00,238.28,238.53,238.2,238.42,40078
2025-12-12 04:05:00,238.48,238.53,238.21,238.3,42930
2025-12-12 04:10:00,238.24,238.37,238.05,238.06,46750
2025-12-12 04:15:00,238.08,238.13,237.53,237.78,93539
2025-12-12 04:20:00,237.78,238.0,237.78,237.9,51842
2025-12-12 04:25:00,237.9,237.9,237.66,237.69,63332
2025-12-12 04:30:00,237.65,237.73,237.55,237.7,30453
2025-12-12 04:35:00,237.69,237.83,237.45,237.5,55659
2025-12-12 04:40:00,237.5,237.6,237.24,237.56,72902
2025-12-12 04:45:00,237.53,237.8,237.5,237.74,33187
2025-12-12 04:50:00,237.74,237.79,237.41,237.41,38975
2025-12-12 04:55:00,237.44,237.5,237.35,237.48,22939
2025-12-12 05:00:00,237.48,237.7,237.45,237.6,16028
2025-12-12 05:05:00,237.6,237.6,237.41,237.51,32312
2025-12-12 05:10:00,237.49,237.49,237.1,237.21,44319
2025-12-12 05:15:00,237.22,237.35,237.05,237.1,32156
2025-12-12 05:20:00,237.1,237.25,237.02,237.25,14482
2025-12-12 05:25:00,237.25,237.35,237.04,237.12,25839
2025-12-12 05:30:00,237.15,237.34,237.15,237.2,20964
2025-12-12 05:35:00,237.25,237.38,237.11,237.26,15636
2025-12-12 05:40:00,237.28,237.28,237.06,237.18,18754
2025-12-12 05:45:00,237.18,237.36,237.15,237.36,23026
2025-12-12 05:50:00,237.31,237.42,237.18,237.35,22127
2025-12-12 05:55:00,237.35,237.4,237.11,237.21,24049
2025-12-12 06:00:00,237.25,237.42,237.25,237.35,52379
2025-12-12 06:05:00,237.34,237.39,237.27,237.3,17811
2025-12-12 06:10:00,237.3,237.38,237.2,237.3,17243
2025-12-12 06:15:00,237.34,237.44,237.15,237.21,34728
2025-12-12 06:20:00,237.24,237.43,237.19,237.39,28319
2025-12-12 06:25:00,237.39,237.39,237.24,237.39,15358
2025-12-12 06:30:00,237.34,237.42,237.22,237.32,25449
2025-12-12 06:35:00,237.32,237.41,237.21,237.39,55547
2025-12-12 06:40:00,237.39,237.44,237.21,237.38,21611
2025-12-12 06:45:00,237.39,237.63,237.32,237.56,27668
2025-12-12 06:50:00,237.56,237.8,237.52,237.65,28696
2025-12-12 06:55:00,237.65,237.96,237.63,237.69,27459
2025-12-12 07:00:00,237.79,238.0,237.66,237.93,74004
2025-12-12 07:05:00,237.98,238.0,237.8,237.81,47163
2025-12-12 07:10:00,237.81,237.81,237.6,237.78,20163
2025-12-12 07:15:00,237.78,237.8,237.5,237.53,34690
2025-12-12 07:20:00,237.53,237.78,237.5,237.65,13154
2025-12-12 07:25:00,237.64,237.85,237.54,237.55,20741
2025-12-12 07:30:00,237.63,237.75,237.54,237.56,18076
2025-12-12 07:35:00,237.64,237.72,237.55,237.67,21077
2025-12-12 07:40:00,237.75,237.75,237.67,237.7,43608
2025-12-12 07:45:00,237.7,237.7,237.43,237.45,36340
2025-12-12 07:50:00,237.51,237.59,237.42,237.5,45912
2025-12-12 07:55:00,237.53,237.62,237.49,237.5,36441
2025-12-12 08:00:00,237.51,237.51,237.2,237.21,73938
2025-12-12 08:05:00,237.2,237.49,237.18,237.46,45568
2025-12-12 08:10:00,237.47,237.59,237.25,237.27,40616
2025-12-12 08:15:00,237.25,237.5,237.22,237.5,39639
2025-12-12 08:20:00,237.5,237.66,237.32,237.33,44902
2025-12-12 08:25:00,237.35,237.55,237.33,237.46,42321
2025-12-12 08:30:00,237.47,237.75,237.46,237.73,54138
2025-12-12 08:35:00,237.75,237.9,237.53,237.89,67106
2025-12-12 08:40:00,237.89,237.98,237.72,237.73,85551
2025-12-12 08:45:00,237.71,237.88,237.68,237.77,48510
2025-12-12 08:50:00,237.77,237.9,237.72,237.88,62827
2025-12-12 08:55:00,237.88,237.9,237.69,237.74,45403
2025-12-12 09:00:00,237.72,237.78,237.59,237.61,39234
2025-12-12 09:05:00,237.62,237.74,237.41,237.42,51547
2025-12-12 09:10:00,237.42,237.48,237.4,237.43,44344
2025-12-12 09:15:00,237.45,237.5,237.28,237.43,61164
2025-12-12 09:20:00,237.38,237.5,237.32,237.36,50610
2025-12-12 09:25:00,237.4,237.59,237.32,237.55,59273
2025-12-12 09:30:00,237.93,238.35,237.81,238.34,269030
2025-12-12 09:35:00,238.34,238.43,237.97,238.12,230035
2025-12-12 09:40:00,238.13,238.27,238.09,238.12,200753
2025-12-12 09:45:00,238.11,238.23,237.9,237.91,246407
2025-12-12 09:50:00,238.01,238.01,237.6,237.89,242210
2025-12-12 09:55:00,237.89,238.19,237.5,238.19,174406
2025-12-15 03:45:00,238.0,238.79,233.05,233.16,917263
2025-12-15 03:50:00,233.18,233.19,231.82,232.0,765763
2025-12-15 03:55:00,232.0,232.06,230.11,232.01,903859
2025-12-15 04:00:00,232.01,232.49,230.77,231.01,594504
2025-12-15 04:05:00,231.06,231.1,229.94,230.7,955785
2025-12-15 04:10:00,230.68,231.85,230.4,231.65,372658
2025-12-15 04:15:00,231.53,232.0,231.33,231.66,311513
2025-12-15 04:20:00,231.7,232.19,231.53,231.96,195666
2025-12-15 04:25:00,231.96,232.35,231.68,232.09,145220
2025-12-15 04:30:00,232.1,232.35,231.86,232.35,173518
2025-12-15 04:35:00,232.3,232.9,232.21,232.6,288294
2025-12-15 04:40:00,232.58,232.58,231.9,231.93,159464
2025-12-15 04:45:00,231.93,232.18,231.81,231.96,177215
2025-12-15 04:50:00,231.96,232.85,231.96,232.6,141926
2025-12-15 04:55:00,232.6,232.85,232.33,232.85,83970
2025-12-15 05:00:00,232.85,232.85,232.67,232.69,58205
2025-12-15 05:05:00,232.7,232.7,232.0,232.14,112178
2025-12-15 05:10:00,232.14,232.36,232.0,232.12,113808
2025-12-15 05:15:00,232.1,232.41,232.01,232.18,96916
2025-12-15 05:20:00,232.26,232.62,232.15,232.45,58470
2025-12-15 05:25:00,232.45,232.67,232.4,232.6,41122
2025-12-15 05:30:00,232.6,232.87,232.57,232.61,105860
2025-12-15 05:35:00,232.61,232.85,232.6,232.73,35679
2025-12-15 05:40:00,232.75,232.75,232.36,232.5,92576
2025-12-15 05:45:00,232.5,232.5,232.2,232.32,69311
2025-12-15 05:50:00,232.36,232.4,232.1,232.19,60720
2025-12-15 05:55:00,232.2,232.8,232.16,232.62,81091
2025-12-15 06:00:00,232.58,232.64,232.2,232.22,74556
2025-12-15 06:05:00,232.2,232.28,232.11,232.25,86811
2025-12-15 06:10:00,232.25,232.47,232.15,232.28,54279
2025-12-15 06:15:00,232.22,232.64,232.22,232.58,149305
2025-12-15 06:20:00,232.58,233.44,232.55,233.1,351298
2025-12-15 06:25:00,233.1,233.2,233.0,233.05,108746
2025-12-15 06:30:00,233.05,233.05,232.8,232.85,54850
2025-12-15 06:35:00,232.89,232.89,232.56,232.85,73437
2025-12-15 06:40:00,232.85,233.0,232.85,232.92,71194
2025-12-15 06:45:00,232.94,233.1,232.92,233.08,98285
2025-12-15 06:50:00,233.07,233.2,233.0,233.05,58122
2025-12-15 06:55:00,233.0,233.05,232.95,232.96,66158
2025-12-15 07:00:00,233.04,233.05,232.95,232.96,58908
2025-12-15 07:05:00,232.96,232.98,232.8,232.98,69524
2025-12-15 07:10:00,232.94,233.0,232.87,232.94,55904
2025-12-15 07:15:00,232.98,233.1,232.85,232.97,60371
2025-12-15 07:20:00,232.97,233.4,232.95,233.21,115443
2025-12-15 07:25:00,233.21,233.69,233.1,233.69,131226
2025-12-15 07:30:00,233.7,233.85,233.61,233.77,111390
2025-12-15 07:35:00,233.75,233.88,233.66,233.76,65517
2025-12-15 07:40:00,233.76,234.23,233.69,234.16,169803
2025-12-15 07:45:00,234.18,234.24,233.85,233.85,90322
2025-12-15 07:50:00,233.85,233.89,233.76,233.88,50173
2025-12-15 07:55:00,233.85,233.95,233.71,233.9,50939
2025-12-15 08:00:00,233.9,234.1,233.88,234.06,60343
2025-12-15 08:05:00,234.0,234.06,233.78,233.94,30994
2025-12-15 08:10:00,233.92,234.0,233.72,233.89,23552
2025-12-15 08:15:00,233.89,233.92,233.75,233.85,40406
2025-12-15 08:20:00,233.81,233.89,233.69,233.85,26755
2025-12-15 08:25:00,233.85,233.85,233.7,233.8,24650
2025-12-15 08:30:00,233.81,234.13,233.7,234.08,104229
2025-12-15 08:35:00,234.13,234.25,234.0,234.01,88623
2025-12-15 08:40:00,234.04,234.5,233.81,234.5,211488
2025-12-15 08:45:00,234.5,234.74,234.38,234.48,227201
2025-12-15 08:50:00,234.48,234.98,234.41,234.74,185653
2025-12-15 08:55:00,234.74,234.82,234.6,234.76,72673
2025-12-15 09:00:00,234.76,234.99,234.7,234.9,77573
2025-12-15 09:05:00,234.88,235.0,234.88,234.92,69067
2025-12-15 09:10:00,234.9,235.4,234.88,235.4,141913
2025-12-15 09:15:00,235.4,235.4,234.84,234.93,234756
2025-12-15 09:20:00,234.95,235.1,234.93,235.01,70099
2025-12-15 09:25:00,235.0,235.25,234.97,235.15,128570
2025-12-15 09:30:00,235.16,235.5,235.15,235.25,153402
2025-12-15 09:35:00,235.25,235.45,235.23,235.45,102204
2025-12-15 09:40:00,235.45,235.5,235.29,235.33,161572
2025-12-15 09:45:00,235.34,235.5,235.24,235.32,223118
2025-12-15 09:50:00,235.22,235.45,235.21,235.29,270464
2025-12-15 09:55:00,235.29,235.42,235.0,235.2,175961
2025-12-16 03:45:00,234.17,235.0,233.2,234.76,205200
2025-12-16 03:50:00,234.76,235.3,234.67,235.22,69294
2025-12-16 03:55:00,235.17,235.17,234.52,234.66,101628
2025-12-16 04:00:00,234.68,234.71,234.07,234.07,103181
2025-12-16 04:05:00,234.05,234.08,233.87,233.93,57521
2025-12-16 04:10:00,233.97,234.0,233.8,233.91,44993
2025-12-16 04:15:00,233.91,234.06,233.87,233.95,34445
2025-12-16 04:20:00,233.96,234.19,233.9,234.05,45216
2025-12-16 04:25:00,234.05,234.05,233.27,233.44,74333
2025-12-16 04:30:00,233.44,233.49,233.28,233.31,45004
2025-12-16 04:35:00,233.38,233.58,233.13,233.27,74521
2025-12-16 04:40:00,233.27,233.5,233.06,233.47,43031
2025-12-16 04:45:00,233.47,233.52,233.36,233.45,25333
2025-12-16 04:50:00,233.45,233.45,233.2,233.34,22160
2025-12-16 04:55:00,233.34,233.42,233.01,233.09,36386
2025-12-16 05:00:00,233.19,233.22,233.02,233.1,34469
2025-12-16 05:05:00,233.1,233.1,232.61,232.75,130779
2025-12-16 05:10:00,232.76,233.07,232.69,232.98,65153
2025-12-16 05:15:00,232.98,233.24,232.92,233.01,48065
2025-12-16 05:20:00,233.01,233.17,232.96,233.17,35920
2025-12-16 05:25:00,233.12,233.33,233.0,233.18,25647
2025-12-16 05:30:00,233.16,233.18,232.79,232.96,54715
2025-12-16 05:35:00,232.96,233.26,232.87,233.13,40721
2025-12-16 05:40:00,233.13,233.25,233.02,233.05,20973
2025-12-16 05:45:00,233.02,233.11,233.0,233.04,21170
2025-12-16 05:50:00,233.04,233.14,232.91,232.97,35208
2025-12-16 05:55:00,232.97,233.08,232.9,233.03,47482
2025-12-16 06:00:00,233.03,233.03,232.79,232.84,42979
2025-12-16 06:05:00,232.93,233.09,232.74,232.9,58795
2025-12-16 06:10:00,232.91,232.98,232.78,232.82,86237
2025-12-16 06:15:00,232.86,232.98,232.82,232.91,21473
2025-12-16 06:20:00,232.92,233.0,232.83,232.94,32980
2025-12-16 06:25:00,232.86,232.94,232.5,232.51,44447
2025-12-16 06:30:00,232.5,232.71,232.4,232.61,138919
2025-12-16 06:35:00,232.64,233.0,232.59,232.99,23508
2025-12-16 06:40:00,232.98,233.06,232.9,232.96,23549
2025-12-16 06:45:00,232.97,233.01,232.8,232.99,22896
2025-12-16 06:50:00,232.96,233.07,232.96,233.03,23725
2025-12-16 06:55:00,233.03,233.03,232.78,232.85,37683
2025-12-16 07:00:00,232.89,232.89,232.64,232.66,55034
2025-12-16 07:05:00,232.65,232.73,232.5,232.53,52055
2025-12-16 07:10:00,232.51,232.7,232.4,232.45,89904
2025-12-16 07:15:00,232.45,232.52,232.4,232.41,35442
2025-12-16 07:20:00,232.42,232.49,232.35,232.38,35492
2025-12-16 07:25:00,232.4,232.57,232.31,232.31,52788
2025-12-16 07:30:00,232.34,232.47,232.3,232.3,33963
2025-12-16 07:35:00,232.3,232.42,232.24,232.24,43196
2025-12-16 07:40:00,232.29,232.43,232.23,232.33,35891
2025-12-16 07:45:00,232.33,232.55,232.31,232.34,54877
2025-12-16 07:50:00,232.32,232.44,232.2,232.34,45370
2025-12-16 07:55:00,232.3,232.42,232.2,232.31,48363
2025-12-16 08:00:00,232.36,232.52,232.27,232.45,35904
2025-12-16 08:05:00,232.45,232.61,232.41,232.5,51704
2025-12-16 08:10:00,232.48,232.61,232.35,232.45,45483
2025-12-16 08:15:00,232.44,232.75,232.41,232.58,62228
2025-12-16 08:20:00,232.58,232.65,231.88,232.12,305610
2025-12-16 08:25:00,231.97,232.11,231.33,231.45,308040
2025-12-16 08:30:00,231.45,231.54,230.9,230.9,287787
2025-12-16 08:35:00,230.9,231.16,230.85,231.03,183600
2025-12-16 08:40:00,231.03,231.1,230.8,230.8,123349
2025-12-16 08:45:00,230.85,231.19,230.76,230.79,194585
2025-12-16 08:50:00,230.79,231.0,230.75,230.89,222117
2025-12-16 08:55:00,230.9,231.05,230.81,230.81,123062
2025-12-16 09:00:00,230.89,231.6,230.8,231.35,279654
2025-12-16 09:05:00,231.42,232.13,231.32,232.05,190397
2025-12-16 09:10:00,232.05,232.17,231.91,232.05,175794
2025-12-16 09:15:00,232.05,232.17,231.9,232.11,125095
2025-12-16 09:20:00,231.99,232.51,231.97,232.45,199800
2025-12-16 09:25:00,232.48,232.56,232.2,232.34,175127
2025-12-16 09:30:00,232.26,232.65,232.21,232.27,207690
2025-12-16 09:35:00,232.3,232.52,232.25,232.41,258402
2025-12-16 09:40:00,232.35,232.45,232.0,232.08,240449
2025-12-16 09:45:00,232.07,232.28,231.84,231.84,265913
2025-12-16 09:50:00,231.87,232.22,231.82,232.0,272756
2025-12-16 09:55:00,232.1,232.29,231.59,232.25,204609
2025-12-17 03:45:00,231.75,231.8,228.61,231.44,597024
2025-12-17 03:50:00,231.46,232.44,231.46,232.44,137375
2025-12-17 03:55:00,232.55,232.99,232.38,232.54,154369
2025-12-17 04:00:00,232.56,232.69,232.34,232.69,99947
2025-12-17 04:05:00,232.64,232.7,232.24,232.28,103196
2025-12-17 04:10:00,232.28,232.28,231.67,231.97,128319
2025-12-17 04:15:00,231.96,232.26,231.8,232.01,87480
2025-12-17 04:20:00,232.03,232.5,231.96,232.47,58877
2025-12-17 04:25:00,232.47,232.73,231.82,231.97,87326
2025-12-17 04:30:00,231.95,232.14,231.73,231.83,51109
2025-12-17 04:35:00,231.83,232.0,231.59,231.73,95392
2025-12-17 04:40:00,231.73,231.89,231.65,231.81,23795
2025-12-17 04:45:00,231.81,232.08,231.67,231.89,81549
2025-12-17 04:50:00,231.89,231.89,231.65,231.84,30727
2025-12-17 04:55:00,231.82,231.99,231.38,231.58,74057
2025-12-17 05:00:00,231.58,231.85,231.51,231.71,29514
2025-12-17 05:05:00,231.71,231.81,231.54,231.75,28884
2025-12-17 05:10:00,231.75,231.95,231.61,231.71,50899
2025-12-17 05:15:00,231.71,232.3,231.71,232.3,33538
2025-12-17 05:20:00,232.35,232.35,232.0,232.08,48746
2025-12-17 05:25:00,232.1,232.1,231.87,232.01,69696
2025-12-17 05:30:00,232.05,232.55,232.05,232.47,36451
2025-12-17 05:35:00,232.47,232.74,232.41,232.74,53486
2025-12-17 05:40:00,232.8,233.19,232.63,233.15,92780
2025-12-17 05:45:00,233.15,233.2,232.84,232.98,48884
2025-12-17 05:50:00,232.98,233.42,232.73,233.34,78116
2025-12-17 05:55:00,233.34,233.35,232.93,233.14,32902
2025-12-17 06:00:00,233.14,233.14,232.38,232.63,98904
2025-12-17 06:05:00,232.63,232.8,232.52,232.67,35240
2025-12-17 06:10:00,232.7,232.8,232.61,232.62,31833
2025-12-17 06:15:00,232.63,232.76,232.56,232.58,32485
2025-12-17 06:20:00,232.6,232.75,232.6,232.68,18085
2025-12-17 06:25:00,232.72,232.72,232.51,232.58,45105
2025-12-17 06:30:00,232.58,232.58,232.48,232.54,27516
2025-12-17 06:35:00,232.54,232.54,231.8,231.92,127273
2025-12-17 06:40:00,231.92,232.2,231.88,232.18,45871
2025-12-17 06:45:00,232.15,232.4,232.15,232.3,18022
2025-12-17 06:50:00,232.32,232.52,232.31,232.35,37549
2025-12-17 06:55:00,232.38,232.52,232.27,232.3,26530
2025-12-17 07:00:00,232.3,232.5,232.29,232.5,11008
2025-12-17 07:05:00,232.5,232.55,232.35,232.37,26078
2025-12-17 07:10:00,232.35,232.43,232.34,232.42,12532
2025-12-17 07:15:00,232.42,232.47,232.25,232.42,31375
2025-12-17 07:20:00,232.42,232.5,232.15,232.24,36961
2025-12-17 07:25:00,232.25,232.48,232.21,232.33,24613
2025-12-17 07:30:00,232.33,232.5,232.25,232.48,28187
2025-12-17 07:35:00,232.48,232.7,232.48,232.59,26595
2025-12-17 07:40:00,232.59,232.71,232.35,232.46,43233
2025-12-17 07:45:00,232.46,232.58,232.41,232.57,16535
2025-12-17 07:50:00,232.57,232.68,232.53,232.67,23477
2025-12-17 07:55:00,232.67,232.69,232.62,232.67,30854
2025-12-17 08:00:00,232.68,232.68,232.58,232.63,23837
2025-12-17 08:05:00,232.63,232.63,232.4,232.58,33199
2025-12-17 08:10:00,232.6,232.61,232.5,232.55,18432
2025-12-17 08:15:00,232.55,232.68,232.52,232.58,59902
2025-12-17 08:20:00,232.58,232.63,232.56,232.63,9807
2025-12-17 08:25:00,232.62,232.64,232.26,232.55,38888
2025-12-17 08:30:00,232.55,232.58,232.4,232.57,25387
2025-12-17 08:35:00,232.57,232.68,232.5,232.53,44310
2025-12-17 08:40:00,232.53,232.6,232.4,232.56,22959
2025-12-17 08:45:00,232.5,232.74,232.48,232.7,125568
2025-12-17 08:50:00,232.71,232.75,232.5,232.51,68036
2025-12-17 08:55:00,232.51,232.57,232.03,232.07,74135
2025-12-17 09:00:00,232.11,232.19,232.05,232.17,44219
2025-12-17 09:05:00,232.17,232.27,231.85,231.97,166007
2025-12-17 09:10:00,231.98,232.15,231.86,232.1,80317
2025-12-17 09:15:00,232.06,232.38,232.04,232.24,46513
2025-12-17 09:20:00,232.3,232.36,232.1,232.34,67386
2025-12-17 09:25:00,232.34,232.5,232.21,232.4,52388
2025-12-17 09:30:00,232.46,233.01,232.46,232.82,277610
2025-12-17 09:35:00,232.82,232.99,232.69,232.93,172728
2025-12-17 09:40:00,232.87,232.99,232.87,232.98,235254
2025-12-17 09:45:00,232.95,233.0,232.77,232.89,291597
2025-12-17 09:50:00,232.9,233.08,232.84,233.08,294247
2025-12-17 09:55:00,233.08,233.22,232.51,232.52,271348
2025-12-18 03:45:00,233.0,234.13,232.82,233.02,276399
2025-12-18 03:50:00,233.04,233.33,232.65,233.1,105233
2025-12-18 03:55:00,233.1,233.22,232.56,232.8,60584
2025-12-18 04:00:00,232.75,232.8,232.15,232.2,88466
2025-12-18 04:05:00,232.22,232.22,231.82,231.9,108206
2025-12-18 04:10:00,231.9,231.95,231.61,231.68,49848
2025-12-18 04:15:00,231.68,231.75,231.53,231.68,52306
2025-12-18 04:20:00,231.67,231.71,231.43,231.68,58290
2025-12-18 04:25:00,231.65,231.69,231.37,231.48,36760
2025-12-18 04:30:00,231.48,231.6,231.4,231.6,35520
2025-12-18 04:35:00,231.59,231.99,231.33,231.93,34217
2025-12-18 04:40:00,231.99,232.33,231.81,232.09,40740
2025-12-18 04:45:00,232.06,232.55,232.0,232.55,49601
2025-12-18 04:50:00,232.6,232.65,232.15,232.35,39646
2025-12-18 04:55:00,232.43,232.47,232.1,232.35,27900
2025-12-18 05:00:00,232.43,232.95,232.39,232.91,46128
2025-12-18 05:05:00,232.91,232.95,232.49,232.65,68881
2025-12-18 05:10:00,232.6,232.82,232.55,232.65,17635
2025-12-18 05:15:00,232.62,232.75,232.46,232.48,33102
2025-12-18 05:20:00,232.46,232.55,232.33,232.5,17458
2025-12-18 05:25:00,232.5,232.65,232.41,232.65,21104
2025-12-18 05:30:00,232.64,232.65,232.22,232.29,25333
2025-12-18 05:35:00,232.3,232.54,232.29,232.45,12535
2025-12-18 05:40:00,232.45,232.49,232.18,232.23,28524
2025-12-18 05:45:00,232.25,232.25,232.12,232.15,18051
2025-12-18 05:50:00,232.19,232.66,232.15,232.5,32669
2025-12-18 05:55:00,232.52,232.58,232.25,232.25,16014
2025-12-18 06:00:00,232.3,232.5,232.28,232.46,22575
2025-12-18 06:05:00,232.5,232.5,232.35,232.37,19039
2025-12-18 06:10:00,232.43,232.5,232.36,232.4,15708
2025-12-18 06:15:00,232.44,232.5,232.26,232.46,18785
2025-12-18 06:20:00,232.46,232.78,232.39,232.63,23986
2025-12-18 06:25:00,232.72,232.73,232.48,232.65,33951
2025-12-18 06:30:00,232.65,232.85,232.65,232.73,22026
2025-12-18 06:35:00,232.76,232.84,232.73,232.82,22588
2025-12-18 06:40:00,232.82,232.82,232.65,232.66,13559
2025-12-18 06:45:00,232.67,232.68,232.52,232.61,12511
2025-12-18 06:50:00,232.67,232.9,232.61,232.76,22598
2025-12-18 06:55:00,232.77,232.77,232.62,232.66,14261
2025-12-18 07:00:00,232.74,232.82,232.66,232.81,11905
2025-12-18 07:05:00,232.82,232.88,232.65,232.78,23732
2025-12-18 07:10:00,232.8,232.8,232.71,232.71,13104
2025-12-18 07:15:00,232.74,232.74,232.51,232.56,36168
2025-12-18 07:20:00,232.56,232.57,232.43,232.44,16842
2025-12-18 07:25:00,232.48,232.66,232.44,232.51,14682
2025-12-18 07:30:00,232.54,232.63,232.5,232.55,11251
2025-12-18 07:35:00,232.59,232.69,232.5,232.61,18005
2025-12-18 07:40:00,232.65,232.71,232.53,232.59,14431
2025-12-18 07:45:00,232.59,232.6,232.33,232.43,13793
2025-12-18 07:50:00,232.47,232.56,232.4,232.56,13941
2025-12-18 07:55:00,232.56,232.57,232.45,232.46,23367
2025-12-18 08:00:00,232.47,232.47,232.15,232.23,28095
2025-12-18 08:05:00,232.2,232.4,232.2,232.36,14239
2025-12-18 08:10:00,232.36,232.36,232.18,232.21,16292
2025-12-18 08:15:00,232.24,232.25,232.21,232.23,10091
2025-12-18 08:20:00,232.22,232.34,232.13,232.27,24036
2025-12-18 08:25:00,232.32,232.32,232.08,232.11,23506
2025-12-18 08:30:00,232.16,232.16,232.01,232.05,19791
2025-12-18 08:35:00,232.08,232.14,231.85,231.85,47689
2025-12-18 08:40:00,231.86,232.0,231.82,231.97,46199
2025-12-18 08:45:00,231.97,231.98,231.81,231.86,29402
2025-12-18 08:50:00,231.87,231.93,231.62,231.69,21111
2025-12-18 08:55:00,231.69,231.77,231.61,231.75,34973
2025-12-18 09:00:00,231.75,232.26,231.68,231.68,171349
2025-12-18 09:05:00,231.72,231.76,231.51,231.51,50172
2025-12-18 09:10:00,231.52,231.52,231.21,231.32,99944
2025-12-18 09:15:00,231.34,231.47,231.23,231.45,58210
2025-12-18 09:20:00,231.46,231.52,231.25,231.49,172999
2025-12-18 09:25:00,231.43,231.75,231.38,231.65,143063
2025-12-18 09:30:00,231.63,232.14,231.6,232.14,160323
2025-12-18 09:35:00,232.1,232.25,232.03,232.23,174687
2025-12-18 09:40:00,232.24,232.31,232.01,232.1,159049
2025-12-18 09:45:00,232.1,232.16,231.76,231.83,216350
2025-12-18 09:50:00,231.83,232.0,231.7,232.0,192304
2025-12-18 09:55:00,231.96,232.05,231.53,231.68,176842
2025-12-19 03:45:00,232.0,232.69,231.5,232.32,118988
2025-12-19 03:50:00,232.35,232.54,232.16,232.27,87232
2025-12-19 03:55:00,232.25,232.32,232.01,232.17,76879
2025-12-19 04:00:00,232.2,232.69,232.2,232.38,58523
2025-12-19 04:05:00,232.38,232.4,232.05,232.25,35458
2025-12-19 04:10:00,232.25,232.29,232.06,232.2,34971
2025-12-19 04:15:00,232.2,232.4,232.09,232.18,44937
2025-12-19 04:20:00,232.18,232.54,232.1,232.54,78958
2025-12-19 04:25:00,232.52,232.55,232.34,232.43,29224
2025-12-19 04:30:00,232.41,232.63,232.34,232.56,20475
2025-12-19 04:35:00,232.47,232.55,232.23,232.4,18019
2025-12-19 04:40:00,232.4,232.4,232.2,232.35,20028
2025-12-19 04:45:00,232.35,232.6,232.3,232.52,23073
2025-12-19 04:50:00,232.52,232.58,232.31,232.58,18959
2025-12-19 04:55:00,232.58,232.65,232.42,232.49,23442
2025-12-19 05:00:00,232.5,232.5,232.4,232.45,11618
2025-12-19 05:05:00,232.45,232.58,232.44,232.57,25026
2025-12-19 05:10:00,232.58,232.94,232.49,232.85,39047
2025-12-19 05:15:00,232.85,232.98,232.8,232.87,19197
2025-12-19 05:20:00,232.85,232.95,232.8,232.89,29863
2025-12-19 05:25:00,232.89,232.9,232.75,232.89,17411
2025-12-19 05:30:00,232.89,232.94,232.56,232.7,48159
2025-12-19 05:35:00,232.6,232.8,232.45,232.69,26691
2025-12-19 05:40:00,232.69,232.8,232.6,232.73,15465
2025-12-19 05:45:00,232.8,232.95,232.76,232.94,20041
2025-12-19 05:50:00,232.94,232.95,232.72,232.88,19068
2025-12-19 05:55:00,232.9,232.94,232.25,232.34,64279
2025-12-19 06:00:00,232.45,232.51,232.33,232.45,21485
2025-12-19 06:05:00,232.48,232.48,232.25,232.3,24690
2025-12-19 06:10:00,232.3,232.3,232.1,232.1,33821
2025-12-19 06:15:00,232.14,232.34,232.04,232.28,47934
2025-12-19 06:20:00,232.28,232.37,232.19,232.28,18330
2025-12-19 06:25:00,232.28,232.37,232.26,232.32,15819
2025-12-19 06:30:00,232.37,232.37,232.15,232.18,37949
2025-12-19 06:35:00,232.18,232.48,232.1,232.48,32090
2025-12-19 06:40:00,232.46,232.5,232.23,232.39,38862
2025-12-19 06:45:00,232.4,232.51,232.3,232.34,16624
2025-12-19 06:50:00,232.34,232.4,232.21,232.23,22137
2025-12-19 06:55:00,232.23,232.32,232.12,232.21,20240
2025-12-19 07:00:00,232.26,232.37,232.19,232.22,80913
2025-12-19 07:05:00,232.22,232.31,232.18,232.19,30335
2025-12-19 07:10:00,232.24,232.38,232.19,232.3,13826
2025-12-19 07:15:00,232.34,232.4,232.3,232.35,15764
2025-12-19 07:20:00,232.35,232.4,232.27,232.34,21760
2025-12-19 07:25:00,232.34,232.4,232.28,232.39,17327
2025-12-19 07:30:00,232.39,232.4,232.34,232.4,13999
2025-12-19 07:35:00,232.37,232.42,232.2,232.21,17940
2025-12-19 07:40:00,232.22,232.37,232.21,232.35,15360
2025-12-19 07:45:00,232.38,232.46,232.32,232.39,14833
2025-12-19 07:50:00,232.39,232.5,232.36,232.39,34910
2025-12-19 07:55:00,232.44,232.5,232.38,232.39,26474
2025-12-19 08:00:00,232.38,232.49,232.21,232.39,22959
2025-12-19 08:05:00,232.39,232.49,232.3,232.35,14337
2025-12-19 08:10:00,232.37,232.41,232.24,232.36,22868
2025-12-19 08:15:00,232.36,232.45,232.31,232.4,42814
2025-12-19 08:20:00,232.4,232.45,232.34,232.37,15911
2025-12-19 08:25:00,232.37,232.45,232.31,232.39,18627
2025-12-19 08:30:00,232.42,232.48,232.39,232.39,29568
2025-12-19 08:35:00,232.43,232.6,232.39,232.6,41429
2025-12-19 08:40:00,232.59,232.69,232.52,232.66,19630
2025-12-19 08:45:00,232.66,232.69,232.57,232.63,19078
2025-12-19 08:50:00,232.63,232.75,232.57,232.68,28732
2025-12-19 08:55:00,232.63,232.75,232.42,232.49,34922
2025-12-19 09:00:00,232.5,232.5,232.41,232.46,27633
2025-12-19 09:05:00,232.46,232.5,232.41,232.48,23781
2025-12-19 09:10:00,232.48,232.66,232.48,232.65,26410
2025-12-19 09:15:00,232.59,232.75,232.5,232.73,50425
2025-12-19 09:20:00,232.67,232.7,232.43,232.46,49673
2025-12-19 09:25:00,232.44,232.59,232.22,232.34,55646
2025-12-19 09:30:00,232.47,232.7,232.34,232.55,598280
2025-12-19 09:35:00,232.58,232.74,232.52,232.6,549685
2025-12-19 09:40:00,232.6,233.09,232.54,233.02,463236
2025-12-19 09:45:00,233.07,233.34,232.98,233.22,417953
2025-12-19 09:50:00,233.21,233.4,233.19,233.39,378443
2025-12-19 09:55:00,233.33,233.5,232.85,232.9,442135
2025-12-22 03:45:00,233.79,233.79,232.77,233.79,106332
2025-12-22 03:50:00,233.8,234.7,233.8,234.4,86950
2025-12-22 03:55:00,234.4,234.78,234.24,234.75,71775
2025-12-22 04:00:00,234.75,234.9,234.5,234.53,84414
2025-12-22 04:05:00,234.53,234.68,234.39,234.61,26997
2025-12-22 04:10:00,234.61,235.0,234.5,234.95,79476
2025-12-22 04:15:00,235.0,235.0,234.85,234.9,37967
2025-12-22 04:20:00,234.9,235.12,234.61,234.62,128364
2025-12-22 04:25:00,234.62,235.2,234.62,234.98,110998
2025-12-22 04:30:00,234.96,235.28,234.86,235.0,154957
2025-12-22 04:35:00,235.0,235.04,234.86,234.89,25426
2025-12-22 04:40:00,234.89,234.99,234.77,234.99,43818
2025-12-22 04:45:00,234.99,235.07,234.9,234.99,40554
2025-12-22 04:50:00,234.98,235.07,234.9,234.9,22411
2025-12-22 04:55:00,234.96,235.01,234.8,234.8,29350
2025-12-22 05:00:00,234.8,235.06,234.78,235.0,116874
2025-12-22 05:05:00,235.0,235.1,234.89,234.92,122195
2025-12-22 05:10:00,234.92,235.0,234.86,235.0,16355
2025-12-22 05:15:00,235.0,235.0,234.94,235.0,22765
2025-12-22 05:20:00,235.0,235.02,234.92,235.02,14984
2025-12-22 05:25:00,235.02,235.1,234.85,234.9,19957
2025-12-22 05:30:00,234.9,234.95,234.52,234.59,52196
2025-12-22 05:35:00,234.59,234.68,234.52,234.62,23168
2025-12-22 05:40:00,234.64,234.71,234.58,234.64,29275
2025-12-22 05:45:00,234.64,234.65,234.41,234.41,49045
2025-12-22 05:50:00,234.41,234.54,234.4,234.51,11588
2025-12-22 05:55:00,234.5,234.68,234.5,234.65,18077
2025-12-22 06:00:00,234.65,234.69,234.54,234.68,12195
2025-12-22 06:05:00,234.66,234.67,234.45,234.59,51018
2025-12-22 06:10:00,234.58,234.64,234.43,234.6,12633
2025-12-22 06:15:00,234.6,234.68,234.54,234.63,19095
2025-12-22 06:20:00,234.63,234.65,234.57,234.6,7650
2025-12-22 06:25:00,234.65,234.74,234.51,234.6,28468
2025-12-22 06:30:00,234.6,234.64,234.5,234.57,16461
2025-12-22 06:35:00,234.57,234.6,234.51,234.55,10844
2025-12-22 06:40:00,234.55,234.55,234.28,234.38,22197
2025-12-22 06:45:00,234.38,234.58,234.3,234.5,19613
2025-12-22 06:50:00,234.5,234.54,234.45,234.49,9084
2025-12-22 06:55:00,234.49,234.58,234.42,234.45,10920
2025-12-22 07:00:00,234.51,234.65,234.48,234.61,48686
2025-12-22 07:05:00,234.6,234.62,234.4,234.5,115414
2025-12-22 07:10:00,234.5,234.56,234.41,234.48,82054
2025-12-22 07:15:00,234.48,234.57,234.41,234.51,58883
2025-12-22 07:20:00,234.51,235.0,234.42,235.0,93644
2025-12-22 07:25:00,234.99,235.02,234.58,234.66,97454
2025-12-22 07:30:00,234.66,234.66,234.51,234.63,21335
2025-12-22 07:35:00,234.56,234.77,234.56,234.7,13235
2025-12-22 07:40:00,234.7,234.74,234.6,234.74,9410
2025-12-22 07:45:00,234.74,234.78,234.66,234.72,12113
2025-12-22 07:50:00,234.76,234.78,234.59,234.7,19005
2025-12-22 07:55:00,234.7,234.71,234.63,234.69,5933
2025-12-22 08:00:00,234.71,234.75,234.59,234.75,18680
2025-12-22 08:05:00,234.75,234.75,234.61,234.69,13393
2025-12-22 08:10:00,234.69,234.7,234.4,234.41,26990
2025-12-22 08:15:00,234.41,234.47,234.35,234.36,31004
2025-12-22 08:20:00,234.36,234.36,234.29,234.36,17891
2025-12-22 08:25:00,234.36,234.37,234.21,234.24,64205
2025-12-22 08:30:00,234.24,234.32,234.15,234.23,41397
2025-12-22 08:35:00,234.23,234.33,234.17,234.22,64973
2025-12-22 08:40:00,234.19,234.34,234.15,234.33,102444
2025-12-22 08:45:00,234.26,234.32,234.23,234.32,16286
2025-12-22 08:50:00,234.32,234.39,234.27,234.3,23202
2025-12-22 08:55:00,234.38,234.43,234.32,234.35,39115
2025-12-22 09:00:00,234.34,234.35,234.02,234.14,346071
2025-12-22 09:05:00,234.14,234.16,234.01,234.06,156455
2025-12-22 09:10:00,234.06,234.13,233.71,233.8,99508
2025-12-22 09:15:00,233.81,234.1,233.64,233.69,49724
2025-12-22 09:20:00,233.69,234.11,233.64,234.1,38792
2025-12-22 09:25:00,234.1,234.15,233.95,234.1,36992
2025-12-22 09:30:00,234.11,234.25,234.0,234.08,116786
2025-12-22 09:35:00,234.07,234.07,233.87,233.98,126842
2025-12-22 09:40:00,233.98,234.06,233.93,234.0,154283
2025-12-22 09:45:00,233.98,234.28,233.95,234.24,200221
2025-12-22 09:50:00,234.26,234.45,234.24,234.33,264611
2025-12-22 09:55:00,234.34,234.73,234.29,234.6,207043
2025-12-23 03:45:00,234.6,235.27,234.6,235.0,1368930
2025-12-23 03:50:00,235.0,236.2,235.0,236.07,366304
2025-12-23 03:55:00,236.15,237.29,236.02,236.98,242795
2025-12-23 04:00:00,237.13,237.9,236.96,237.8,201122
2025-12-23 04:05:00,237.8,237.87,237.26,237.45,166444
2025-12-23 04:10:00,237.45,237.45,236.55,236.6,201221
2025-12-23 04:15:00,236.6,236.94,236.4,236.8,103510
2025-12-23 04:20:00,236.77,236.92,236.6,236.71,76979
2025-12-23 04:25:00,236.71,236.86,236.64,236.7,64882
2025-12-23 04:30:00,236.76,236.82,236.65,236.65,32643
2025-12-23 04:35:00,236.7,236.82,236.53,236.62,34855
2025-12-23 04:40:00,236.6,236.85,236.56,236.74,34819
2025-12-23 04:45:00,236.74,236.83,236.4,236.42,47399
2025-12-23 04:50:00,236.45,236.48,236.2,236.29,58152
2025-12-23 04:55:00,236.29,236.48,236.2,236.27,45596
2025-12-23 05:00:00,236.35,236.43,236.1,236.11,55187
2025-12-23 05:05:00,236.11,236.27,236.07,236.2,33941
2025-12-23 05:10:00,236.2,236.4,236.14,236.38,31119
2025-12-23 05:15:00,236.38,236.39,236.28,236.32,18871
2025-12-23 05:20:00,236.34,236.36,236.29,236.34,25185
2025-12-23 05:25:00,236.34,236.36,236.32,236.34,23625
2025-12-23 05:30:00,236.36,236.36,236.21,236.23,30369
2025-12-23 05:35:00,236.25,236.35,236.23,236.32,15051
2025-12-23 05:40:00,236.32,236.43,236.31,236.31,31461
2025-12-23 05:45:00,236.35,236.44,236.31,236.42,18449
2025-12-23 05:50:00,236.42,236.44,236.36,236.4,16475
2025-12-23 05:55:00,236.4,236.43,236.34,236.35,29445
2025-12-23 06:00:00,236.35,236.35,236.34,236.35,12560
2025-12-23 06:05:00,236.35,236.35,236.12,236.12,57467
2025-12-23 06:10:00,236.22,236.35,236.15,236.34,8271
2025-12-23 06:15:00,236.33,236.34,235.86,235.99,97852
2025-12-23 06:20:00,236.05,236.16,235.99,236.12,13560
2025-12-23 06:25:00,236.16,236.25,236.1,236.18,21659
2025-12-23 06:30:00,236.18,236.75,236.15,236.75,34760
2025-12-23 06:35:00,236.75,236.8,236.47,236.6,142892
2025-12-23 06:40:00,236.6,236.6,236.56,236.6,12987
2025-12-23 06:45:00,236.6,236.69,236.45,236.68,28655
2025-12-23 06:50:00,236.68,236.69,236.54,236.67,12397
2025-12-23 06:55:00,236.65,236.79,236.64,236.65,20785
2025-12-23 07:00:00,236.65,236.65,236.51,236.58,13372
2025-12-23 07:05:00,236.58,236.58,236.4,236.45,18967
2025-12-23 07:10:00,236.45,236.51,236.41,236.51,22083
2025-12-23 07:15:00,236.54,236.58,236.4,236.46,19242
2025-12-23 07:20:00,236.45,236.55,236.45,236.47,14750
2025-12-23 07:25:00,236.53,236.58,236.4,236.42,14609
2025-12-23 07:30:00,236.45,236.5,236.36,236.36,30888
2025-12-23 07:35:00,236.38,236.4,236.27,236.27,29085
2025-12-23 07:40:00,236.3,236.45,236.25,236.42,14734
2025-12-23 07:45:00,236.42,236.5,236.33,236.47,27688
2025-12-23 07:50:00,236.47,236.5,236.35,236.44,16945
2025-12-23 07:55:00,236.44,236.5,236.35,236.35,19234
2025-12-23 08:00:00,236.4,236.4,236.29,236.3,16356
2025-12-23 08:05:00,236.3,236.44,236.29,236.36,16430
2025-12-23 08:10:00,236.37,236.44,236.29,236.31,21605
2025-12-23 08:15:00,236.31,236.38,236.22,236.38,24712
2025-12-23 08:20:00,236.38,236.38,236.09,236.25,33449
2025-12-23 08:25:00,236.25,236.33,236.17,236.28,18460
2025-12-23 08:30:00,236.25,236.3,236.24,236.27,12819
2025-12-23 08:35:00,236.28,236.28,236.15,236.2,29023
2025-12-23 08:40:00,236.2,236.31,236.18,236.25,13475
2025-12-23 08:45:00,236.24,236.5,236.24,236.4,130533
2025-12-23 08:50:00,236.39,236.4,236.32,236.34,18034
2025-12-23 08:55:00,236.34,236.34,236.18,236.25,44974
2025-12-23 09:00:00,236.25,236.34,236.18,236.25,39105
2025-12-23 09:05:00,236.25,236.25,236.18,236.2,16627
2025-12-23 09:10:00,236.18,236.2,235.82,235.82,111862
2025-12-23 09:15:00,235.81,236.11,235.8,235.89,90377
2025-12-23 09:20:00,235.88,235.96,235.55,235.91,83495
2025-12-23 09:25:00,235.87,236.0,235.75,235.99,40825
2025-12-23 09:30:00,236.0,236.2,235.7,235.77,102418
2025-12-23 09:35:00,235.77,235.77,235.55,235.67,91405
2025-12-23 09:40:00,235.67,235.69,235.4,235.48,196317
2025-12-23 09:45:00,235.49,235.49,235.3,235.33,160406
2025-12-23 09:50:00,235.32,235.44,235.1,235.31,153438
2025-12-23 09:55:00,235.25,235.68,235.1,235.4,234124
2025-12-24 03:45:00,235.54,236.48,235.05,235.97,132376
2025-12-24 03:50:00,235.97,236.35,235.87,236.29,109837
2025-12-24 03:55:00,236.29,236.57,236.24,236.51,52584
2025-12-24 04:00:00,236.5,236.53,236.13,236.26,57729
2025-12-24 04:05:00,236.32,236.33,235.81,236.1,61852
2025-12-24 04:10:00,236.1,236.17,235.9,236.12,14472
2025-12-24 04:15:00,236.17,236.36,235.72,235.89,60644
2025-12-24 04:20:00,235.91,236.09,235.88,235.95,25495
2025-12-24 04:25:00,235.95,236.02,235.62,235.77,58889
2025-12-24 04:30:00,235.77,235.77,235.5,235.58,27185
2025-12-24 04:35:00,235.56,235.68,235.5,235.59,27804
2025-12-24 04:40:00,235.59,235.84,235.54,235.79,17169
2025-12-24 04:45:00,235.79,235.84,235.43,235.43,38696
2025-12-24 04:50:00,235.48,235.5,235.24,235.42,30084
2025-12-24 04:55:00,235.4,235.56,235.33,235.5,19991
2025-12-24 05:00:00,235.5,235.51,235.4,235.47,22858
2025-12-24 05:05:00,235.47,235.56,235.26,235.35,37586
2025-12-24 05:10:00,235.35,235.49,235.29,235.29,17384
2025-12-24 05:15:00,235.25,235.39,235.05,235.1,63206
2025-12-24 05:20:00,235.15,235.23,235.01,235.1,31773
2025-12-24 05:25:00,235.12,235.15,234.81,234.96,85735
2025-12-24 05:30:00,234.96,235.26,234.87,235.09,32562
2025-12-24 05:35:00,235.09,235.18,235.0,235.18,20329
2025-12-24 05:40:00,235.15,235.28,234.96,235.25,25247
2025-12-24 05:45:00,235.25,235.5,235.2,235.43,13692
2025-12-24 05:50:00,235.37,235.75,235.33,235.74,34556
2025-12-24 05:55:00,235.74,235.74,235.32,235.4,26491
2025-12-24 06:00:00,235.42,235.56,235.42,235.56,9383
2025-12-24 06:05:00,235.56,235.62,235.5,235.54,26836
2025-12-24 06:10:00,235.54,235.54,234.81,234.89,64596
2025-12-24 06:15:00,234.83,234.9,234.5,234.55,66465
2025-12-24 06:20:00,234.55,234.77,234.5,234.61,56082
2025-12-24 06:25:00,234.61,234.91,234.61,234.75,49732
2025-12-24 06:30:00,234.8,234.99,234.74,234.96,45781
2025-12-24 06:35:00,234.88,234.96,234.8,234.89,38325
2025-12-24 06:40:00,234.85,234.93,234.7,234.83,45928
2025-12-24 06:45:00,234.82,234.86,234.71,234.82,41236
2025-12-24 06:50:00,234.82,234.85,234.73,234.75,31915
2025-12-24 06:55:00,234.77,234.95,234.75,234.93,34893
2025-12-24 07:00:00,234.89,234.93,234.76,234.84,39186
2025-12-24 07:05:00,234.79,234.9,234.5,234.56,82606
2025-12-24 07:10:00,234.5,234.75,234.5,234.61,37682
2025-12-24 07:15:00,234.55,234.65,234.41,234.41,50657
2025-12-24 07:20:00,234.41,234.45,234.25,234.26,46017
2025-12-24 07:25:00,234.26,234.48,234.22,234.44,42287
2025-12-24 07:30:00,234.44,234.59,234.28,234.3,39212
2025-12-24 07:35:00,234.29,234.38,234.17,234.2,39608
2025-12-24 07:40:00,234.19,234.37,234.01,234.09,50007
2025-12-24 07:45:00,234.01,234.07,233.7,233.74,108997
2025-12-24 07:50:00,233.71,233.86,233.56,233.64,63975
2025-12-24 07:55:00,233.72,233.88,233.65,233.79,105421
2025-12-24 08:00:00,233.69,233.79,233.5,233.57,53914
2025-12-24 08:05:00,233.51,233.64,233.5,233.56,43003
2025-12-24 08:10:00,233.57,233.74,233.5,233.6,42270
2025-12-24 08:15:00,233.67,233.73,233.59,233.7,36186
2025-12-24 08:20:00,233.71,233.83,233.63,233.7,42604
2025-12-24 08:25:00,233.7,233.81,233.53,233.6,47382
2025-12-24 08:30:00,233.6,233.71,233.52,233.55,45806
2025-12-24 08:35:00,233.52,233.78,233.52,233.68,119962
2025-12-24 08:40:00,233.79,233.86,233.52,233.52,52112
2025-12-24 08:45:00,233.51,233.88,233.51,233.58,33082
2025-12-24 08:50:00,233.56,233.65,233.38,233.4,72593
2025-12-24 08:55:00,233.4,233.48,233.14,233.32,194103
2025-12-24 09:00:00,233.34,233.58,233.27,233.41,58159
2025-12-24 09:05:00,233.41,233.51,233.2,233.34,74607
2025-12-24 09:10:00,233.33,233.54,233.31,233.49,41599
2025-12-24 09:15:00,233.49,233.62,233.42,233.58,37228
2025-12-24 09:20:00,233.5,233.63,233.42,233.63,61195
2025-12-24 09:25:00,233.58,233.9,233.55,233.83,79989
2025-12-24 09:30:00,233.89,234.18,233.72,233.84,95010
2025-12-24 09:35:00,233.85,233.99,233.79,233.9,80232
2025-12-24 09:40:00,233.9,233.9,233.71,233.8,82915
2025-12-24 09:45:00,233.8,233.82,233.63,233.82,91847
2025-12-24 09:50:00,233.82,233.84,233.56,233.8,132224
2025-12-24 09:55:00,233.76,233.8,233.5,233.75,114506
2025-12-26 03:45:00,233.84,234.11,233.05,233.48,67309
2025-12-26 03:50:00,233.48,233.77,233.09,233.77,52957
2025-12-26 03:55:00,233.84,233.94,233.63,233.7,31349
2025-12-26 04:00:00,233.71,234.18,233.63,234.05,79077
2025-12-26 04:05:00,234.03,234.4,233.94,234.25,40699
2025-12-26 04:10:00,234.22,234.26,233.95,234.1,30739
2025-12-26 04:15:00,234.1,234.14,233.92,233.92,25663
2025-12-26 04:20:00,233.9,233.92,233.58,233.7,20141
2025-12-26 04:25:00,233.7,233.8,233.62,233.74,12992
2025-12-26 04:30:00,233.74,233.82,233.55,233.75,34066
2025-12-26 04:35:00,233.75,233.75,233.3,233.32,90911
2025-12-26 04:40:00,233.32,233.66,233.24,233.55,25799
2025-12-26 04:45:00,233.56,233.65,233.5,233.61,18352
2025-12-26 04:50:00,233.61,233.68,233.5,233.55,19068
2025-12-26 04:55:00,233.54,233.55,233.31,233.5,26200
2025-12-26 05:00:00,233.5,233.64,233.5,233.54,15574
2025-12-26 05:05:00,233.54,233.7,233.41,233.7,31836
2025-12-26 05:10:00,233.66,233.9,233.66,233.86,15779
2025-12-26 05:15:00,233.86,233.88,233.75,233.84,13192
2025-12-26 05:20:00,233.84,234.2,233.82,234.15,31840
2025-12-26 05:25:00,234.2,234.25,233.85,233.89,57296
2025-12-26 05:30:00,233.88,234.13,233.78,234.03,10663
2025-12-26 05:35:00,234.02,234.09,233.9,233.93,14684
2025-12-26 05:40:00,233.93,234.0,233.75,233.9,12543
2025-12-26 05:45:00,233.88,233.9,233.56,233.68,14447
2025-12-26 05:50:00,233.68,233.76,233.64,233.75,11424
2025-12-26 05:55:00,233.75,234.7,233.68,234.65,113865
2025-12-26 06:00:00,234.65,235.03,234.55,235.03,102361
2025-12-26 06:05:00,235.07,235.09,234.58,234.71,55952
2025-12-26 06:10:00,234.63,234.92,234.63,234.7,17577
2025-12-26 06:15:00,234.67,234.77,234.61,234.73,13075
2025-12-26 06:20:00,234.7,234.86,234.57,234.75,16093
2025-12-26 06:25:00,234.75,235.0,234.75,234.94,38662
2025-12-26 06:30:00,234.94,235.0,234.73,234.82,42959
2025-12-26 06:35:00,234.77,235.04,234.77,235.04,18426
2025-12-26 06:40:00,235.04,235.28,234.85,235.25,70800
2025-12-26 06:45:00,235.21,235.23,234.86,234.94,14128
2025-12-26 06:50:00,234.94,234.95,234.71,234.79,9967
2025-12-26 06:55:00,234.78,235.05,234.71,234.99,52803
2025-12-26 07:00:00,234.99,234.99,234.66,234.78,22699
2025-12-26 07:05:00,234.77,234.8,234.55,234.73,30980
2025-12-26 07:10:00,234.63,234.78,234.54,234.75,15337
2025-12-26 07:15:00,234.68,235.12,234.67,235.05,75477
2025-12-26 07:20:00,235.05,235.05,234.9,234.92,10815
2025-12-26 07:25:00,234.92,234.98,234.83,234.85,8507
2025-12-26 07:30:00,234.89,235.25,234.73,234.84,58577
2025-12-26 07:35:00,234.84,234.88,234.54,234.64,110438
2025-12-26 07:40:00,234.53,234.74,234.5,234.62,61224
2025-12-26 07:45:00,234.62,234.8,234.53,234.62,52571
2025-12-26 07:50:00,234.73,234.83,234.53,234.71,63225
2025-12-26 07:55:00,234.71,234.8,234.52,234.8,58915
2025-12-26 08:00:00,234.69,234.85,234.64,234.67,63786
2025-12-26 08:05:00,234.78,234.84,234.59,234.78,68001
2025-12-26 08:10:00,234.75,234.84,234.6,234.75,61119
2025-12-26 08:15:00,234.66,235.17,234.56,234.73,93299
2025-12-26 08:20:00,234.73,234.73,234.5,234.5,44977
2025-12-26 08:25:00,234.52,234.66,234.46,234.6,47046
2025-12-26 08:30:00,234.6,234.73,234.48,234.66,52375
2025-12-26 08:35:00,234.58,234.65,234.4,234.56,55066
2025-12-26 08:40:00,234.56,234.62,234.41,234.55,59524
2025-12-26 08:45:00,234.6,234.64,234.36,234.44,92332
2025-12-26 08:50:00,234.44,234.59,234.36,234.48,58346
2025-12-26 08:55:00,234.48,234.48,234.28,234.39,54663
2025-12-26 09:00:00,234.35,234.4,234.16,234.16,103170
2025-12-26 09:05:00,234.19,234.38,234.14,234.16,76758
2025-12-26 09:10:00,234.16,234.3,234.12,234.22,70894
2025-12-26 09:15:00,234.26,234.48,234.1,234.26,64661
2025-12-26 09:20:00,234.25,234.45,234.23,234.38,58666
2025-12-26 09:25:00,234.4,234.69,234.33,234.64,62961
2025-12-26 09:30:00,234.67,234.83,234.45,234.8,101954
2025-12-26 09:35:00,234.79,234.83,234.7,234.74,62260
2025-12-26 09:40:00,234.7,234.74,234.45,234.53,74003
2025-12-26 09:45:00,234.54,234.57,234.35,234.37,90051
2025-12-26 09:50:00,234.4,234.48,234.3,234.37,109999
2025-12-26 09:55:00,234.4,234.75,234.32,234.32,125875
2025-12-29 03:45:00,234.53,234.99,234.0,234.16,138311
2025-12-29 03:50:00,234.0,234.9,234.0,234.89,85465
2025-12-29 03:55:00,234.77,234.9,234.22,234.25,61707
2025-12-29 04:00:00,234.3,234.45,234.2,234.36,40457
2025-12-29 04:05:00,234.37,234.66,234.3,234.63,26466
2025-12-29 04:10:00,234.64,234.77,234.5,234.62,29229
2025-12-29 04:15:00,234.59,235.17,234.51,235.08,69148
2025-12-29 04:20:00,235.07,235.08,234.81,234.83,20013
2025-12-29 04:25:00,234.83,234.9,234.52,234.63,39231
2025-12-29 04:30:00,234.63,234.77,234.49,234.53,41575
2025-12-29 04:35:00,234.53,234.74,234.41,234.74,47678
2025-12-29 04:40:00,234.73,235.26,234.66,235.26,105787
2025-12-29 04:45:00,235.26,235.76,234.99,235.27,156962
2025-12-29 04:50:00,235.27,235.77,235.1,235.69,100394
2025-12-29 04:55:00,235.7,235.9,235.61,235.85,95325
2025-12-29 05:00:00,235.9,236.53,235.84,236.53,178277
2025-12-29 05:05:00,236.41,236.99,236.38,236.97,127601
2025-12-29 05:10:00,236.96,237.31,236.74,237.1,188562
2025-12-29 05:15:00,237.1,237.1,236.77,237.0,99908
2025-12-29 05:20:00,237.0,237.69,236.92,237.6,136589
2025-12-29 05:25:00,237.67,238.46,237.61,238.1,953275
2025-12-29 05:30:00,238.15,238.25,237.34,237.4,267086
2025-12-29 05:35:00,237.4,238.23,237.36,238.05,250840
2025-12-29 05:40:00,238.05,238.77,237.61,238.55,755595
2025-12-29 05:45:00,238.5,239.02,238.3,238.56,429455
2025-12-29 05:50:00,238.6,238.6,237.86,238.06,230874
2025-12-29 05:55:00,238.06,238.2,237.9,237.95,173630
2025-12-29 06:00:00,238.01,238.02,237.0,237.14,239240
2025-12-29 06:05:00,237.19,237.19,237.0,237.01,110763
2025-12-29 06:10:00,237.04,237.04,236.64,236.82,151392
2025-12-29 06:15:00,236.82,237.56,236.52,237.24,572747
2025-12-29 06:20:00,237.29,238.02,237.18,237.7,523225
2025-12-29 06:25:00,237.73,237.8,237.44,237.58,184938
2025-12-29 06:30:00,237.6,237.79,237.2,237.33,113644
2025-12-29 06:35:00,237.34,237.49,237.09,237.47,113858
2025-12-29 06:40:00,237.46,237.55,237.14,237.24,90811
2025-12-29 06:45:00,237.32,237.33,237.0,237.08,105987
2025-12-29 06:50:00,237.08,237.09,236.35,236.5,152207
2025-12-29 06:55:00,236.5,236.67,236.25,236.34,99159
2025-12-29 07:00:00,236.34,236.4,235.8,235.9,211213
2025-12-29 07:05:00,235.9,236.03,235.68,235.76,107539
2025-12-29 07:10:00,235.86,236.03,235.62,235.85,593593
2025-12-29 07:15:00,235.85,235.95,235.76,235.86,137222
2025-12-29 07:20:00,235.86,235.88,235.7,235.8,68107
2025-12-29 07:25:00,235.87,235.9,235.76,235.9,66436
2025-12-29 07:30:00,235.9,235.91,235.55,235.76,113472
2025-12-29 07:35:00,235.85,235.9,235.63,235.69,112282
2025-12-29 07:40:00,235.77,235.79,235.44,235.45,79158
2025-12-29 07:45:00,235.5,235.53,235.05,235.1,108198
2025-12-29 07:50:00,235.19,235.55,235.09,235.38,190404
2025-12-29 07:55:00,235.4,235.54,235.2,235.26,120800
2025-12-29 08:00:00,235.26,235.37,235.13,235.35,62946
2025-12-29 08:05:00,235.35,235.36,235.05,235.12,56598
2025-12-29 08:10:00,235.12,235.22,234.9,234.9,94829
2025-12-29 08:15:00,234.9,235.08,234.8,234.92,124584
2025-12-29 08:20:00,234.92,235.01,234.85,234.99,86903
2025-12-29 08:25:00,234.99,235.07,234.87,234.87,61342
2025-12-29 08:30:00,234.87,235.26,234.65,235.26,193521
2025-12-29 08:35:00,235.38,235.38,235.01,235.03,123031
2025-12-29 08:40:00,235.08,235.11,234.85,234.85,114238
2025-12-29 08:45:00,234.89,234.94,234.6,234.71,94696
2025-12-29 08:50:00,234.72,234.98,234.62,234.96,78086
2025-12-29 08:55:00,234.98,235.04,234.72,234.79,191552
2025-12-29 09:00:00,234.84,234.9,234.6,234.63,99588
2025-12-29 09:05:00,234.61,234.65,234.49,234.53,112944
2025-12-29 09:10:00,234.6,234.66,234.45,234.5,103119
2025-12-29 09:15:00,234.5,234.57,234.35,234.5,121972
2025-12-29 09:20:00,234.5,234.55,234.33,234.35,97296
2025-12-29 09:25:00,234.36,234.85,234.27,234.85,191169
2025-12-29 09:30:00,234.85,235.06,234.71,234.9,193353
2025-12-29 09:35:00,234.86,234.99,234.61,234.71,183668
2025-12-29 09:40:00,234.72,234.83,234.65,234.69,190583
2025-12-29 09:45:00,234.7,235.16,234.7,234.82,343417
2025-12-29 09:50:00,234.8,234.95,234.71,234.72,232878
2025-12-29 09:55:00,234.72,235.05,234.63,234.99,231686
2025-12-30 03:45:00,234.95,235.6,234.02,234.61,174329
2025-12-30 03:50:00,234.61,234.61,234.01,234.25,116917
2025-12-30 03:55:00,234.25,234.44,234.13,234.25,31644
2025-12-30 04:00:00,234.25,234.5,234.1,234.49,38119
2025-12-30 04:05:00,234.56,234.79,234.56,234.73,27092
2025-12-30 04:10:00,234.73,235.06,234.65,235.06,53107
2025-12-30 04:15:00,235.06,235.1,234.71,234.92,45040
2025-12-30 04:20:00,234.9,235.35,234.89,235.22,60472
2025-12-30 04:25:00,235.27,235.35,235.05,235.31,64876
2025-12-30 04:30:00,235.32,235.55,235.3,235.4,53973
2025-12-30 04:35:00,235.4,235.5,235.23,235.39,24586
2025-12-30 04:40:00,235.37,235.41,234.86,234.99,65328
2025-12-30 04:45:00,234.99,235.0,234.57,234.85,79044
2025-12-30 04:50:00,234.8,234.97,234.56,234.76,106190
2025-12-30 04:55:00,234.76,234.76,234.64,234.72,35254
2025-12-30 05:00:00,234.74,234.9,234.69,234.79,45089
2025-12-30 05:05:00,234.78,234.84,234.59,234.77,95554
2025-12-30 05:10:00,234.63,234.66,234.37,234.46,52457
2025-12-30 05:15:00,234.46,234.5,234.31,234.47,26197
2025-12-30 05:20:00,234.49,234.51,234.37,234.46,44636
2025-12-30 05:25:00,234.49,234.57,234.39,234.48,44468
2025-12-30 05:30:00,234.46,234.58,234.27,234.41,35438
2025-12-30 05:35:00,234.41,234.45,234.25,234.41,37835
2025-12-30 05:40:00,234.41,234.42,234.05,234.17,45461
2025-12-30 05:45:00,234.17,234.4,234.09,234.37,78180
2025-12-30 05:50:00,234.4,234.52,234.33,234.41,78070
2025-12-30 05:55:00,234.38,234.41,234.15,234.36,53536
2025-12-30 06:00:00,234.36,234.44,234.16,234.22,59941
2025-12-30 06:05:00,234.2,234.32,233.85,233.98,110358
2025-12-30 06:10:00,233.99,234.1,233.93,234.09,31751
2025-12-30 06:15:00,234.05,234.2,234.05,234.19,38527
2025-12-30 06:20:00,234.15,234.15,233.91,233.99,57771
2025-12-30 06:25:00,233.94,234.05,233.81,233.99,28744
2025-12-30 06:30:00,233.94,234.06,233.9,234.01,68971
2025-12-30 06:35:00,234.01,234.07,234.0,234.05,43516
2025-12-30 06:40:00,234.02,234.06,233.9,233.94,68826
2025-12-30 06:45:00,233.94,234.04,233.84,233.9,29844
2025-12-30 06:50:00,233.92,234.05,233.88,234.01,40437
2025-12-30 06:55:00,234.03,234.06,233.88,233.91,52793
2025-12-30 07:00:00,233.91,233.96,233.82,233.9,26410
2025-12-30 07:05:00,233.91,234.0,233.87,233.95,18998
2025-12-30 07:10:00,233.95,234.05,233.89,233.9,26253
2025-12-30 07:15:00,233.98,234.03,233.8,233.95,38564
2025-12-30 07:20:00,233.94,234.01,233.91,233.97,25521
2025-12-30 07:25:00,233.96,234.0,233.95,233.97,18077
2025-12-30 07:30:00,233.97,234.03,233.83,233.95,35573
2025-12-30 07:35:00,233.91,233.97,233.75,233.81,24558
2025-12-30 07:40:00,233.81,233.9,233.75,233.9,25846
2025-12-30 07:45:00,233.88,233.89,233.5,233.5,41464
2025-12-30 07:50:00,233.5,233.63,233.31,233.44,73493
2025-12-30 07:55:00,233.45,233.75,233.45,233.74,27571
2025-12-30 08:00:00,233.75,234.03,233.69,234.03,68570
2025-12-30 08:05:00,234.03,234.15,233.92,234.14,123986
2025-12-30 08:10:00,234.08,234.3,234.07,234.09,91879
2025-12-30 08:15:00,234.13,234.27,234.02,234.25,143037
2025-12-30 08:20:00,234.24,234.26,234.02,234.14,93893
2025-12-30 08:25:00,234.05,234.18,234.04,234.15,57035
2025-12-30 08:30:00,234.09,234.25,234.05,234.13,81172
2025-12-30 08:35:00,234.17,234.37,234.14,234.31,79304
2025-12-30 08:40:00,234.22,234.55,234.22,234.5,77046
2025-12-30 08:45:00,234.45,234.55,234.35,234.4,71433
2025-12-30 08:50:00,234.43,234.5,234.29,234.5,74797
2025-12-30 08:55:00,234.46,234.5,234.22,234.29,117556
2025-12-30 09:00:00,234.29,234.56,234.27,234.48,80608
2025-12-30 09:05:00,234.56,234.56,234.31,234.53,91271
2025-12-30 09:10:00,234.53,234.6,234.46,234.59,73767
2025-12-30 09:15:00,234.59,234.8,234.43,234.76,102478
2025-12-30 09:20:00,234.79,234.89,234.63,234.66,88831
2025-12-30 09:25:00,234.61,234.78,234.5,234.52,79920
2025-12-30 09:30:00,234.52,234.81,234.44,234.8,319063
2025-12-30 09:35:00,234.8,234.98,234.77,234.9,336042
2025-12-30 09:40:00,234.9,234.91,234.64,234.72,427502
2025-12-30 09:45:00,234.72,234.75,234.44,234.5,357461
2025-12-30 09:50:00,234.51,234.62,234.42,234.45,343178
2025-12-30 09:55:00,234.45,234.7,234.2,234.5,213051
2025-12-31 03:45:00,234.69,235.82,234.61,235.46,132429
2025-12-31 03:50:00,235.46,237.24,235.46,237.01,172363
2025-12-31 03:55:00,237.0,237.0,236.28,236.8,73024
2025-12-31 04:00:00,236.64,236.84,236.3,236.7,38000
2025-12-31 04:05:00,236.7,236.73,236.33,236.53,24534
2025-12-31 04:10:00,236.45,236.65,236.36,236.48,31305
2025-12-31 04:15:00,236.45,236.78,236.32,236.66,52394
2025-12-31 04:20:00,236.7,236.75,236.37,236.5,20487
2025-12-31 04:25:00,236.5,236.5,236.17,236.21,55482
2025-12-31 04:30:00,236.31,236.57,236.21,236.52,38209
2025-12-31 04:35:00,236.52,236.78,236.37,236.7,66231
2025-12-31 04:40:00,236.7,236.72,236.56,236.7,18981
2025-12-31 04:45:00,236.7,236.75,236.55,236.75,15437
2025-12-31 04:50:00,236.75,237.43,236.56,236.94,88979
2025-12-31 04:55:00,236.93,237.19,236.88,237.15,65434
2025-12-31 05:00:00,237.15,237.2,236.99,236.99,17161
2025-12-31 05:05:00,237.0,237.2,236.95,237.15,28570
2025-12-31 05:10:00,237.15,237.25,237.08,237.23,46143
2025-12-31 05:15:00,237.23,237.23,237.0,237.0,12508
2025-12-31 05:20:00,237.0,237.1,236.94,237.02,19475
2025-12-31 05:25:00,237.02,237.06,236.92,237.06,18546
2025-12-31 05:30:00,237.06,237.21,237.06,237.15,21929
2025-12-31 05:35:00,237.15,237.22,237.0,237.2,53392
2025-12-31 05:40:00,237.2,237.27,237.1,237.23,17380
2025-12-31 05:45:00,237.17,237.25,237.0,237.05,56572
2025-12-31 05:50:00,237.11,237.14,236.88,236.94,17162
2025-12-31 05:55:00,236.94,237.15,236.9,237.04,100225
2025-12-31 06:00:00,237.1,237.97,237.04,237.79,117784
2025-12-31 06:05:00,237.85,238.19,237.6,238.07,110343
2025-12-31 06:10:00,238.07,238.45,238.0,238.15,334426
2025-12-31 06:15:00,238.15,238.72,237.82,238.54,99259
2025-12-31 06:20:00,238.53,238.58,238.16,238.24,48663
2025-12-31 06:25:00,238.24,238.24,238.03,238.2,76516
2025-12-31 06:30:00,238.18,238.49,238.18,238.24,59887
2025-12-31 06:35:00,238.32,238.45,238.22,238.44,44751
2025-12-31 06:40:00,238.43,238.7,238.38,238.59,87102
2025-12-31 06:45:00,238.54,238.7,238.1,238.27,43114
2025-12-31 06:50:00,238.27,238.37,238.15,238.3,41207
2025-12-31 06:55:00,238.33,238.37,238.02,238.1,37344
2025-12-31 07:00:00,238.1,238.3,237.97,238.29,59597
2025-12-31 07:05:00,238.29,239.0,238.25,238.7,623530
2025-12-31 07:10:00,238.7,238.7,238.14,238.34,84511
2025-12-31 07:15:00,238.34,238.64,238.15,238.47,31953
2025-12-31 07:20:00,238.5,238.5,238.06,238.2,27711
2025-12-31 07:25:00,238.15,238.55,238.12,238.39,56396
2025-12-31 07:30:00,238.43,238.5,238.27,238.41,31443
2025-12-31 07:35:00,238.35,238.5,238.31,238.44,23107
2025-12-31 07:40:00,238.43,238.66,238.35,238.59,48518
2025-12-31 07:45:00,238.52,238.59,238.12,238.25,68089
2025-12-31 07:50:00,238.25,238.5,238.21,238.3,40271
2025-12-31 07:55:00,238.26,238.5,238.07,238.19,86495
2025-12-31 08:00:00,238.17,238.39,238.06,238.11,43427
2025-12-31 08:05:00,238.11,238.19,238.03,238.1,24487
2025-12-31 08:10:00,238.09,238.21,238.06,238.07,20469
2025-12-31 08:15:00,238.14,238.43,238.04,238.4,70806
2025-12-31 08:20:00,238.4,238.7,238.32,238.62,67568
2025-12-31 08:25:00,238.62,238.94,238.57,238.86,211085
2025-12-31 08:30:00,239.0,239.59,238.91,239.02,561200
2025-12-31 08:35:00,238.99,239.4,238.92,239.34,88730
2025-12-31 08:40:00,239.35,239.7,239.14,239.61,106157
2025-12-31 08:45:00,239.63,239.75,239.51,239.55,55176
2025-12-31 08:50:00,239.58,239.61,239.5,239.52,228624
2025-12-31 08:55:00,239.51,239.67,239.5,239.51,141910
2025-12-31 09:00:00,239.51,239.62,239.5,239.5,97555
2025-12-31 09:05:00,239.59,239.6,239.5,239.52,50344
2025-12-31 09:10:00,239.55,239.63,239.5,239.5,87971
2025-12-31 09:15:00,239.51,239.84,239.5,239.79,393258
2025-12-31 09:20:00,239.74,239.85,239.31,239.34,140950
2025-12-31 09:25:00,239.33,239.6,239.33,239.46,76669
2025-12-31 09:30:00,239.58,239.9,239.53,239.86,189929
2025-12-31 09:35:00,239.86,240.0,239.61,239.68,755619
2025-12-31 09:40:00,239.63,240.08,239.62,239.8,745152
2025-12-31 09:45:00,239.79,240.65,239.79,240.52,762716
2025-12-31 09:50:00,240.54,240.75,240.54,240.75,1897763
2025-12-31 09:55:00,240.75,241.0,240.46,240.46,1100677
2026-01-01 03:45:00,240.9,241.11,239.14,239.51,417917
2026-01-01 03:50:00,239.36,240.0,239.05,239.05,169204
2026-01-01 03:55:00,239.02,239.51,238.61,239.39,125525
2026-01-01 04:00:00,239.45,240.25,239.27,240.01,366947
2026-01-01 04:05:00,240.0,240.17,239.82,239.88,145704
2026-01-01 04:10:00,239.88,240.49,239.79,240.08,231986
2026-01-01 04:15:00,240.17,240.27,239.76,240.14,59255
2026-01-01 04:20:00,240.19,240.46,240.11,240.27,60954
2026-01-01 04:25:00,240.27,240.84,240.2,240.62,136033
2026-01-01 04:30:00,240.62,240.98,240.33,240.8,78197
2026-01-01 04:35:00,240.78,240.84,240.4,240.48,74630
2026-01-01 04:40:00,240.32,240.39,239.91,240.18,54383
2026-01-01 04:45:00,240.18,240.3,239.8,239.8,38802
2026-01-01 04:50:00,239.8,239.8,239.54,239.7,48181
2026-01-01 04:55:00,239.75,239.97,239.67,239.89,44307
2026-01-01 05:00:00,239.89,240.05,239.57,239.67,24726
2026-01-01 05:05:00,239.62,239.67,239.35,239.45,34538
2026-01-01 05:10:00,239.35,239.49,239.3,239.35,20929
2026-01-01 05:15:00,239.4,239.48,239.32,239.41,21134
2026-01-01 05:20:00,239.43,239.68,239.35,239.47,26213
2026-01-01 05:25:00,239.42,239.5,239.11,239.15,41047
2026-01-01 05:30:00,239.13,239.24,238.98,239.17,45496
2026-01-01 05:35:00,239.17,239.2,238.92,239.03,29697
2026-01-01 05:40:00,239.03,239.07,238.83,239.0,28349
2026-01-01 05:45:00,239.0,239.06,238.93,239.06,10343
2026-01-01 05:50:00,239.07,239.4,238.96,239.34,23793
2026-01-01 05:55:00,239.34,239.46,239.01,239.16,46347
2026-01-01 06:00:00,239.16,239.5,238.65,238.65,70790
2026-01-01 06:05:00,238.73,238.79,238.55,238.65,52495
2026-01-01 06:10:00,238.75,238.94,238.32,238.32,93374
2026-01-01 06:15:00,238.32,238.58,238.27,238.54,71938
2026-01-01 06:20:00,238.49,238.94,238.48,238.79,50671
2026-01-01 06:25:00,238.79,238.98,238.78,238.9,49364
2026-01-01 06:30:00,238.9,239.17,238.55,238.61,59990
2026-01-01 06:35:00,238.61,238.8,238.53,238.66,51355
2026-01-01 06:40:00,238.66,238.73,238.55,238.65,45660
2026-01-01 06:45:00,238.65,238.65,238.38,238.48,51729
2026-01-01 06:50:00,238.48,238.6,238.36,238.55,45471
2026-01-01 06:55:00,238.55,239.29,238.45,239.19,71382
2026-01-01 07:00:00,239.17,239.22,238.95,239.0,55736
2026-01-01 07:05:00,238.95,239.0,238.35,238.4,55280
2026-01-01 07:10:00,238.38,238.49,238.2,238.47,60057
2026-01-01 07:15:00,238.47,238.69,238.35,238.57,37629
2026-01-01 07:20:00,238.45,238.56,238.27,238.44,49228
2026-01-01 07:25:00,238.35,238.7,238.35,238.6,46765
2026-01-01 07:30:00,238.6,238.64,238.35,238.51,54979
2026-01-01 07:35:00,238.39,238.51,238.1,238.11,43230
2026-01-01 07:40:00,238.13,238.27,237.9,237.93,68298
2026-01-01 07:45:00,238.02,238.08,237.77,237.91,71684
2026-01-01 07:50:00,237.92,238.02,237.8,237.98,52968
2026-01-01 07:55:00,237.85,238.13,237.85,237.96,43837
2026-01-01 08:00:00,237.96,238.22,237.96,238.13,48552
2026-01-01 08:05:00,238.13,238.25,238.0,238.17,60658
2026-01-01 08:10:00,238.12,238.25,237.93,238.24,55544
2026-01-01 08:15:00,238.12,238.34,238.04,238.17,57664
2026-01-01 08:20:00,238.24,238.3,237.95,238.06,85375
2026-01-01 08:25:00,238.0,238.15,237.86,238.14,68629
2026-01-01 08:30:00,238.13,238.35,238.0,238.0,100218
2026-01-01 08:35:00,238.05,238.12,237.65,237.68,55468
2026-01-01 08:40:00,237.77,238.15,237.68,237.9,44591
2026-01-01 08:45:00,238.0,238.22,237.86,238.1,54754
2026-01-01 08:50:00,238.2,238.22,237.82,238.11,86630
2026-01-01 08:55:00,238.18,238.18,238.0,238.13,40594
2026-01-01 09:00:00,238.1,238.22,238.0,238.05,51333
2026-01-01 09:05:00,238.05,238.18,238.02,238.12,39626
2026-01-01 09:10:00,238.02,238.15,237.5,237.5,102896
2026-01-01 09:15:00,237.5,237.6,237.42,237.46,74637
2026-01-01 09:20:00,237.46,237.82,237.41,237.72,93540
2026-01-01 09:25:00,237.75,238.07,237.65,237.88,99892
2026-01-01 09:30:00,237.94,238.12,237.85,238.03,109814
2026-01-01 09:35:00,238.04,238.12,237.83,237.93,101924
2026-01-01 09:40:00,238.06,238.07,237.7,237.72,161319
2026-01-01 09:45:00,237.85,238.14,237.73,237.99,173366
2026-01-01 09:50:00,238.0,238.14,237.81,237.95,146294
2026-01-01 09:55:00,237.95,238.04,237.77,237.9,153601
2026-01-02 03:45:00,237.94,239.97,237.94,239.4,118934
2026-01-02 03:50:00,239.39,239.79,239.25,239.47,66382
2026-01-02 03:55:00,239.47,239.49,239.1,239.44,47631
2026-01-02 04:00:00,239.44,239.88,239.25,239.56,48830
2026-01-02 04:05:00,239.56,240.0,239.53,239.87,63466
2026-01-02 04:10:00,239.83,239.99,239.69,239.94,44138
2026-01-02 04:15:00,239.94,239.97,239.64,239.85,57538
2026-01-02 04:20:00,239.86,239.96,239.6,239.8,53695
2026-01-02 04:25:00,239.72,239.79,239.5,239.59,14703
2026-01-02 04:30:00,239.59,240.69,239.59,240.55,168268
2026-01-02 04:35:00,240.56,240.95,240.06,240.1,156261
2026-01-02 04:40:00,240.14,240.5,240.12,240.45,39377
2026-01-02 04:45:00,240.46,240.74,240.42,240.56,62901
2026-01-02 04:50:00,240.64,240.68,240.52,240.61,31393
2026-01-02 04:55:00,240.61,240.85,240.6,240.81,67454
2026-01-02 05:00:00,240.79,241.5,240.75,241.38,217452
2026-01-02 05:05:00,241.38,241.95,241.28,241.92,159386
2026-01-02 05:10:00,241.95,242.55,241.64,241.83,293489
2026-01-02 05:15:00,241.82,242.3,241.75,242.09,73566
2026-01-02 05:20:00,242.09,242.2,241.6,241.75,90890
2026-01-02 05:25:00,241.74,241.76,241.4,241.51,49592
2026-01-02 05:30:00,241.6,241.6,241.48,241.59,32642
2026-01-02 05:35:00,241.59,241.74,241.37,241.4,93712
2026-01-02 05:40:00,241.47,241.63,241.33,241.55,37978
2026-01-02 05:45:00,241.51,241.76,241.44,241.54,43003
2026-01-02 05:50:00,241.59,241.67,241.5,241.6,30664
2026-01-02 05:55:00,241.62,241.66,241.02,241.13,56367
2026-01-02 06:00:00,241.12,241.2,240.62,240.62,105961
2026-01-02 06:05:00,240.63,240.79,240.49,240.5,74810
2026-01-02 06:10:00,240.5,240.73,240.3,240.56,64402
2026-01-02 06:15:00,240.57,240.84,240.5,240.53,78140
2026-01-02 06:20:00,240.53,240.72,240.51,240.52,52644
2026-01-02 06:25:00,240.54,240.72,240.32,240.4,57099
2026-01-02 06:30:00,240.46,240.64,240.23,240.44,143482
2026-01-02 06:35:00,240.44,240.66,240.35,240.5,143084
2026-01-02 06:40:00,240.4,240.57,240.35,240.36,57538
2026-01-02 06:45:00,240.46,240.5,240.3,240.33,50369
2026-01-02 06:50:00,240.33,240.69,240.13,240.61,70708
2026-01-02 06:55:00,240.56,240.8,240.47,240.73,43111
2026-01-02 07:00:00,240.73,241.15,240.73,240.91,84856
2026-01-02 07:05:00,240.95,241.01,240.65,240.78,58159
2026-01-02 07:10:00,240.78,241.14,240.69,240.81,68137
2026-01-02 07:15:00,240.78,240.9,240.63,240.65,43280
2026-01-02 07:20:00,240.65,240.78,240.6,240.61,41021
2026-01-02 07:25:00,240.71,240.79,240.61,240.66,38436
2026-01-02 07:30:00,240.65,240.84,240.61,240.64,42948
2026-01-02 07:35:00,240.74,240.79,240.52,240.61,41745
2026-01-02 07:40:00,240.61,240.86,240.54,240.54,69847
2026-01-02 07:45:00,240.6,240.98,240.54,240.77,68922
2026-01-02 07:50:00,240.77,240.87,240.62,240.72,48740
2026-01-02 07:55:00,240.81,240.86,240.54,240.67,70531
2026-01-02 08:00:00,240.67,240.73,240.5,240.61,54800
2026-01-02 08:05:00,240.6,240.75,240.51,240.56,60325
2026-01-02 08:10:00,240.67,240.76,240.56,240.61,46781
2026-01-02 08:15:00,240.61,240.8,240.6,240.66,41640
2026-01-02 08:20:00,240.74,240.75,240.57,240.63,50474
2026-01-02 08:25:00,240.71,240.75,240.6,240.63,66690
2026-01-02 08:30:00,240.73,241.17,240.68,240.93,67882
2026-01-02 08:35:00,240.95,241.1,240.81,240.94,48662
2026-01-02 08:40:00,240.95,241.14,240.94,241.12,49241
2026-01-02 08:45:00,241.12,241.19,241.02,241.04,54560
2026-01-02 08:50:00,241.13,241.28,240.91,241.18,79548
2026-01-02 08:55:00,241.21,241.49,241.08,241.38,50029
2026-01-02 09:00:00,241.36,241.46,241.07,241.12,92255
2026-01-02 09:05:00,241.14,241.5,241.11,241.33,93928
2026-01-02 09:10:00,241.21,241.48,241.17,241.4,89303
2026-01-02 09:15:00,241.37,241.45,241.24,241.29,83101
2026-01-02 09:20:00,241.31,241.7,241.3,241.68,85780
2026-01-02 09:25:00,241.65,241.65,241.44,241.64,68943
2026-01-02 09:30:00,241.56,241.83,241.44,241.54,106274
2026-01-02 09:35:00,241.52,241.57,241.28,241.35,108428
2026-01-02 09:40:00,241.34,241.35,241.15,241.35,163354
2026-01-02 09:45:00,241.34,241.68,241.3,241.57,183230
2026-01-02 09:50:00,241.58,241.65,241.35,241.45,162442
2026-01-02 09:55:00,241.41,242.0,241.35,242.0,156337
2026-01-05 03:45:00,246.8,246.8,242.67,244.32,2727702
2026-01-05 03:50:00,244.25,245.44,244.0,244.65,928859
2026-01-05 03:55:00,244.73,244.75,242.14,242.85,953849
2026-01-05 04:00:00,242.85,242.99,241.0,241.07,1039095
2026-01-05 04:05:00,241.0,241.11,238.37,238.72,1099795
2026-01-05 04:10:00,238.8,239.69,238.5,239.1,414086
2026-01-05 04:15:00,239.21,239.28,237.0,237.89,838139
2026-01-05 04:20:00,237.89,238.85,237.76,238.15,273336
2026-01-05 04:25:00,238.16,238.77,238.11,238.17,168134
2026-01-05 04:30:00,238.2,238.23,237.0,237.07,426852
2026-01-05 04:35:00,237.09,238.24,237.05,237.25,218208
2026-01-05 04:40:00,237.17,237.6,236.25,236.83,558851
2026-01-05 04:45:00,236.85,237.05,236.4,236.98,357209
2026-01-05 04:50:00,236.98,237.3,236.35,237.25,391681
2026-01-05 04:55:00,237.29,237.61,237.02,237.03,334606
2026-01-05 05:00:00,237.04,237.29,236.8,236.9,189453
2026-01-05 05:05:00,236.88,236.96,236.33,236.48,300252
2026-01-05 05:10:00,236.5,236.5,235.7,235.97,610912
2026-01-05 05:15:00,236.07,236.63,235.91,236.55,187923
2026-01-05 05:20:00,236.55,237.15,236.2,237.1,250651
2026-01-05 05:25:00,237.11,237.37,236.86,237.12,192166
2026-01-05 05:30:00,237.11,238.22,236.86,238.17,448443
2026-01-05 05:35:00,238.16,238.88,238.07,238.59,428647
2026-01-05 05:40:00,238.54,238.98,238.1,238.2,260069
2026-01-05 05:45:00,238.2,238.22,237.37,237.52,168645
2026-01-05 05:50:00,237.52,237.63,236.82,236.94,165296
2026-01-05 05:55:00,236.94,237.22,236.81,236.84,136095
2026-01-05 06:00:00,236.84,237.0,236.8,236.99,63269
2026-01-05 06:05:00,236.99,237.0,236.7,236.77,105842
2026-01-05 06:10:00,236.8,237.0,236.56,236.93,105433
2026-01-05 06:15:00,236.93,237.29,236.92,237.02,93970
2026-01-05 06:20:00,237.11,237.15,236.84,236.89,84011
2026-01-05 06:25:00,236.89,237.29,236.87,237.18,55745
2026-01-05 06:30:00,237.18,237.24,236.97,237.07,78161
2026-01-05 06:35:00,237.07,237.18,237.01,237.06,44890
2026-01-05 06:40:00,237.06,237.44,237.05,237.11,139724
2026-01-05 06:45:00,237.21,237.21,236.99,237.0,60161
2026-01-05 06:50:00,237.03,237.05,236.79,236.92,74323
2026-01-05 06:55:00,236.92,237.18,236.77,237.17,55961
2026-01-05 07:00:00,237.2,237.59,237.17,237.45,98421
2026-01-05 07:05:00,237.47,238.1,237.29,237.82,211478
2026-01-05 07:10:00,237.82,237.82,237.42,237.53,59641
2026-01-05 07:15:00,237.59,237.81,237.53,237.72,68917
2026-01-05 07:20:00,237.72,237.76,237.58,237.64,49251
2026-01-05 07:25:00,237.71,237.9,237.63,237.78,69114
2026-01-05 07:30:00,237.79,237.88,237.73,237.84,50504
2026-01-05 07:35:00,237.83,237.84,237.5,237.5,67471
2026-01-05 07:40:00,237.56,238.3,237.5,238.13,116596
2026-01-05 07:45:00,238.17,238.45,238.0,238.4,121018
2026-01-05 07:50:00,238.4,238.64,238.34,238.41,136064
2026-01-05 07:55:00,238.48,238.69,238.1,238.18,146209
2026-01-05 08:00:00,238.18,238.19,237.73,237.77,80720
2026-01-05 08:05:00,237.8,238.08,237.76,237.95,75151
2026-01-05 08:10:00,237.95,238.2,237.93,238.01,66013
2026-01-05 08:15:00,238.1,238.14,237.83,237.83,64821
2026-01-05 08:20:00,237.82,237.82,237.51,237.67,133391
2026-01-05 08:25:00,237.67,237.74,237.5,237.54,47013
2026-01-05 08:30:00,237.52,237.84,237.42,237.55,81967
2026-01-05 08:35:00,237.55,237.71,237.45,237.57,97901
2026-01-05 08:40:00,237.57,237.8,237.5,237.62,90530
2026-01-05 08:45:00,237.59,237.8,237.52,237.67,52040
2026-01-05 08:50:00,237.73,237.75,237.52,237.75,55774
2026-01-05 08:55:00,237.75,237.79,237.52,237.54,48460
2026-01-05 09:00:00,237.55,237.64,237.18,237.31,149923
2026-01-05 09:05:00,237.4,237.41,237.12,237.21,96921
2026-01-05 09:10:00,237.3,237.6,237.2,237.58,110810
2026-01-05 09:15:00,237.59,237.86,237.52,237.78,127295
2026-01-05 09:20:00,237.72,237.78,237.45,237.69,286777
2026-01-05 09:25:00,237.67,238.0,237.5,237.93,181625
2026-01-05 09:30:00,238.02,238.7,237.99,238.41,469089
2026-01-05 09:35:00,238.44,238.44,238.08,238.19,251845
2026-01-05 09:40:00,238.2,238.35,237.79,238.05,473428
2026-01-05 09:45:00,238.04,238.1,237.59,237.85,560338
2026-01-05 09:50:00,237.85,238.23,237.83,238.13,557965
2026-01-05 09:55:00,238.1,238.25,237.61,238.05,548131
2026-01-06 03:45:00,238.09,239.84,238.09,239.41,755039
2026-01-06 03:50:00,239.44,240.2,239.25,239.98,537135
2026-01-06 03:55:00,240.01,240.05,239.43,239.51,269843
2026-01-06 04:00:00,239.53,240.6,239.5,240.3,381375
2026-01-06 04:05:00,240.3,240.6,239.7,239.85,331558
2026-01-06 04:10:00,239.83,240.19,239.83,240.13,130373
2026-01-06 04:15:00,240.13,240.74,240.07,240.59,169222
2026-01-06 04:20:00,240.59,240.64,240.27,240.41,119841
2026-01-06 04:25:00,240.41,240.58,240.2,240.57,113419
2026-01-06 04:30:00,240.54,241.19,240.34,241.05,316133
2026-01-06 04:35:00,241.07,241.64,240.84,241.64,222984
2026-01-06 04:40:00,241.64,241.8,241.01,241.05,115947
2026-01-06 04:45:00,241.03,241.6,240.97,240.99,197281
2026-01-06 04:50:00,240.97,241.02,240.52,240.65,112673
2026-01-06 04:55:00,240.69,240.74,240.5,240.7,123274
2026-01-06 05:00:00,240.65,241.1,240.52,241.1,77885
2026-01-06 05:05:00,241.09,241.11,240.45,240.52,85878
2026-01-06 05:10:00,240.58,240.85,240.5,240.82,66791
2026-01-06 05:15:00,240.73,240.86,240.44,240.46,61600
2026-01-06 05:20:00,240.47,240.5,240.1,240.31,74308
2026-01-06 05:25:00,240.25,240.32,239.87,240.08,144995
2026-01-06 05:30:00,240.08,240.45,240.07,240.31,61610
2026-01-06 05:35:00,240.46,240.5,239.9,239.96,94322
2026-01-06 05:40:00,239.93,239.98,239.3,239.32,107823
2026-01-06 05:45:00,239.32,239.7,239.25,239.54,161602
2026-01-06 05:50:00,239.55,240.26,239.5,240.24,171625
2026-01-06 05:55:00,240.24,240.41,240.17,240.38,81091
2026-01-06 06:00:00,240.38,240.45,240.09,240.29,59582
2026-01-06 06:05:00,240.26,240.94,240.26,240.7,158236
2026-01-06 06:10:00,240.65,240.8,240.45,240.78,173784
2026-01-06 06:15:00,240.72,240.77,240.3,240.6,86256
2026-01-06 06:20:00,240.53,240.89,240.49,240.8,79522
2026-01-06 06:25:00,240.8,240.89,240.65,240.76,66136
2026-01-06 06:30:00,240.76,241.0,240.61,240.85,76236
2026-01-06 06:35:00,240.77,241.0,240.75,240.82,68155
2026-01-06 06:40:00,240.81,240.97,240.67,240.85,72470
2026-01-06 06:45:00,240.81,240.9,240.6,240.71,56365
2026-01-06 06:50:00,240.76,240.8,240.54,240.8,75079
2026-01-06 06:55:00,240.79,240.97,240.69,240.76,67991
2026-01-06 07:00:00,240.86,240.87,240.67,240.81,43061
2026-01-06 07:05:00,240.8,241.0,240.68,240.85,77145
2026-01-06 07:10:00,240.74,241.13,240.74,240.83,151849
2026-01-06 07:15:00,240.9,241.1,240.89,241.05,90517
2026-01-06 07:20:00,241.01,241.3,240.95,240.95,90295
2026-01-06 07:25:00,240.95,241.1,240.87,241.03,74342
2026-01-06 07:30:00,241.02,241.1,240.9,241.06,66553
2026-01-06 07:35:00,241.05,241.1,240.93,241.0,50264
2026-01-06 07:40:00,241.05,241.09,240.95,241.01,35047
2026-01-06 07:45:00,240.97,241.02,240.85,240.99,111289
2026-01-06 07:50:00,240.99,240.99,240.75,240.89,59892
2026-01-06 07:55:00,240.89,240.95,240.75,240.85,45767
2026-01-06 08:00:00,240.87,240.89,240.75,240.8,59903
2026-01-06 08:05:00,240.8,240.9,240.79,240.89,52967
2026-01-06 08:10:00,240.9,241.0,240.83,240.98,63561
2026-01-06 08:15:00,241.0,241.1,240.87,240.96,63801
2026-01-06 08:20:00,241.0,241.18,240.75,240.76,61679
2026-01-06 08:25:00,240.76,241.16,240.71,241.04,64281
2026-01-06 08:30:00,241.03,241.13,240.91,241.0,89531
2026-01-06 08:35:00,240.99,241.09,240.85,240.99,55480
2026-01-06 08:40:00,240.99,240.99,240.79,240.88,58561
2026-01-06 08:45:00,240.87,240.88,240.71,240.76,79578
2026-01-06 08:50:00,240.79,241.03,240.76,240.98,62035
2026-01-06 08:55:00,240.92,241.25,240.92,241.25,82987
2026-01-06 09:00:00,241.2,241.6,241.2,241.53,222333
2026-01-06 09:05:00,241.52,241.95,241.52,241.78,204278
2026-01-06 09:10:00,241.76,242.16,241.6,242.1,275032
2026-01-06 09:15:00,242.03,242.1,241.68,241.84,99335
2026-01-06 09:20:00,241.75,241.89,241.58,241.8,106414
2026-01-06 09:25:00,241.76,242.0,241.73,241.9,98855
2026-01-06 09:30:00,241.94,242.36,241.91,241.95,386724
2026-01-06 09:35:00,241.96,241.99,241.7,241.97,309627
2026-01-06 09:40:00,241.94,241.99,241.8,241.88,247829
2026-01-06 09:45:00,241.87,241.96,241.84,241.93,346298
2026-01-06 09:50:00,241.82,241.84,241.64,241.76,312849
2026-01-06 09:55:00,241.76,241.85,241.33,241.79,358553
2026-01-07 03:45:00,240.21,240.78,239.61,239.85,460138
2026-01-07 03:50:00,239.94,240.47,239.88,240.1,163682
2026-01-07 03:55:00,240.1,240.1,239.64,239.64,113204
2026-01-07 04:00:00,239.64,240.02,239.39,239.87,93225
2026-01-07 04:05:00,239.69,239.78,239.31,239.45,112429
2026-01-07 04:10:00,239.45,239.49,239.05,239.08,105250
2026-01-07 04:15:00,239.08,239.45,239.05,239.29,47337
2026-01-07 04:20:00,239.3,239.93,239.29,239.82,204241
2026-01-07 04:25:00,239.86,240.23,239.82,240.04,118526
2026-01-07 04:30:00,240.05,240.82,240.04,240.62,436495
2026-01-07 04:35:00,240.63,241.14,240.34,241.13,591944
2026-01-07 04:40:00,241.13,241.35,241.07,241.22,88773
2026-01-07 04:45:00,241.25,241.68,241.1,241.16,288992
2026-01-07 04:50:00,241.18,241.26,241.01,241.15,37208
2026-01-07 04:55:00,241.15,241.15,240.81,241.07,164137
2026-01-07 05:00:00,241.04,241.08,240.94,241.01,56435
2026-01-07 05:05:00,241.0,241.14,240.9,241.0,102419
2026-01-07 05:10:00,241.06,241.25,241.0,241.2,45131
2026-01-07 05:15:00,241.2,241.2,241.0,241.01,48226
2026-01-07 05:20:00,241.0,241.22,241.0,241.2,23741
2026-01-07 05:25:00,241.17,241.25,241.01,241.2,54260
2026-01-07 05:30:00,241.25,241.44,241.14,241.34,53759
2026-01-07 05:35:00,241.29,241.53,241.05,241.1,55478
2026-01-07 05:40:00,241.08,241.34,241.0,241.21,70815
2026-01-07 05:45:00,241.21,241.34,241.0,241.31,172775
2026-01-07 05:50:00,241.29,241.35,241.08,241.19,42526
2026-01-07 05:55:00,241.18,241.28,241.0,241.05,58472
2026-01-07 06:00:00,241.07,241.09,240.83,241.0,85022
2026-01-07 06:05:00,241.0,241.08,240.69,240.76,54471
2026-01-07 06:10:00,240.75,240.85,240.65,240.68,82204
2026-01-07 06:15:00,240.68,240.79,240.46,240.68,70554
2026-01-07 06:20:00,240.68,240.76,240.4,240.4,58364
2026-01-07 06:25:00,240.43,240.62,240.33,240.45,69035
2026-01-07 06:30:00,240.47,240.48,240.22,240.33,51329
2026-01-07 06:35:00,240.3,240.44,240.14,240.22,46770
2026-01-07 06:40:00,240.22,240.3,240.08,240.18,39473
2026-01-07 06:45:00,240.28,240.28,240.05,240.06,42280
2026-01-07 06:50:00,240.07,240.13,239.86,239.97,76174
2026-01-07 06:55:00,239.87,239.99,239.4,239.43,83978
2026-01-07 07:00:00,239.47,239.9,239.43,239.66,60879
2026-01-07 07:05:00,239.7,239.82,239.58,239.69,32977
2026-01-07 07:10:00,239.8,239.84,239.6,239.68,33449
2026-01-07 07:15:00,239.68,239.7,239.5,239.53,37332
2026-01-07 07:20:00,239.58,239.8,239.54,239.63,31914
2026-01-07 07:25:00,239.71,239.79,239.63,239.63,36498
2026-01-07 07:30:00,239.68,239.85,239.63,239.85,59659
2026-01-07 07:35:00,239.83,240.08,239.78,239.91,68481
2026-01-07 07:40:00,239.97,240.09,239.89,239.93,39373
2026-01-07 07:45:00,240.0,240.01,239.81,239.81,35571
2026-01-07 07:50:00,239.91,239.91,239.54,239.54,53014
2026-01-07 07:55:00,239.58,239.67,239.12,239.24,104460
2026-01-07 08:00:00,239.24,239.3,238.85,238.87,169632
2026-01-07 08:05:00,238.88,238.88,238.16,238.48,195644
2026-01-07 08:10:00,238.47,238.64,238.35,238.4,77525
2026-01-07 08:15:00,238.48,238.66,238.4,238.53,51442
2026-01-07 08:20:00,238.52,238.68,238.5,238.6,44998
2026-01-07 08:25:00,238.59,238.75,238.5,238.68,46835
2026-01-07 08:30:00,238.73,238.9,238.56,238.76,67335
2026-01-07 08:35:00,238.84,238.85,238.6,238.62,49903
2026-01-07 08:40:00,238.72,238.95,238.55,238.6,57978
2026-01-07 08:45:00,238.56,238.67,238.43,238.5,78133
2026-01-07 08:50:00,238.5,238.7,238.45,238.56,49140
2026-01-07 08:55:00,238.51,238.65,238.47,238.59,38970
2026-01-07 09:00:00,238.65,238.7,238.55,238.61,46549
2026-01-07 09:05:00,238.65,238.73,238.49,238.59,81411
2026-01-07 09:10:00,238.6,238.92,238.57,238.84,55238
2026-01-07 09:15:00,238.84,238.85,238.52,238.66,41273
2026-01-07 09:20:00,238.66,239.2,238.6,239.02,106920
2026-01-07 09:25:00,239.0,239.17,238.87,239.06,93423
2026-01-07 09:30:00,239.2,239.26,238.9,239.07,191164
2026-01-07 09:35:00,239.08,239.3,239.06,239.12,181848
2026-01-07 09:40:00,239.14,239.25,239.01,239.14,188335
2026-01-07 09:45:00,239.19,239.19,238.97,239.07,749185
2026-01-07 09:50:00,239.09,239.22,239.01,239.1,185853
2026-01-07 09:55:00,239.09,239.2,238.95,239.2,200726
2026-01-08 03:45:00,238.2,238.89,237.07,238.01,345457
2026-01-08 03:50:00,237.91,237.95,237.4,237.51,166170
2026-01-08 03:55:00,237.51,237.61,237.26,237.31,72890
2026-01-08 04:00:00,237.31,237.4,236.59,236.59,148059
2026-01-08 04:05:00,236.59,236.81,236.35,236.6,126702
2026-01-08 04:10:00,236.64,236.76,236.2,236.25,162160
2026-01-08 04:15:00,236.25,236.31,236.0,236.07,107778
2026-01-08 04:20:00,236.1,236.53,235.95,236.48,143710
2026-01-08 04:25:00,236.45,236.52,236.1,236.15,60999
2026-01-08 04:30:00,236.15,236.31,235.72,235.87,105861
2026-01-08 04:35:00,235.81,236.25,235.8,236.18,39078
2026-01-08 04:40:00,236.15,236.24,235.86,236.2,42230
2026-01-08 04:45:00,236.15,236.25,235.86,235.93,30480
2026-01-08 04:50:00,235.86,235.86,235.25,235.43,148684
2026-01-08 04:55:00,235.46,235.61,235.35,235.61,39530
2026-01-08 05:00:00,235.61,235.66,235.26,235.31,59893
2026-01-08 05:05:00,235.3,235.45,235.08,235.27,87733
2026-01-08 05:10:00,235.27,235.57,235.07,235.53,60107
2026-01-08 05:15:00,235.53,235.75,235.3,235.31,78569
2026-01-08 05:20:00,235.35,235.35,235.05,235.18,71329
2026-01-08 05:25:00,235.18,235.29,235.01,235.04,63418
2026-01-08 05:30:00,235.01,235.02,234.7,234.89,208629
2026-01-08 05:35:00,234.89,234.97,234.85,234.9,26767
2026-01-08 05:40:00,234.9,234.98,234.34,234.48,127057
2026-01-08 05:45:00,234.42,234.48,234.03,234.14,123107
2026-01-08 05:50:00,234.06,234.14,233.71,234.05,186817
2026-01-08 05:55:00,234.05,234.05,233.25,233.3,206978
2026-01-08 06:00:00,233.3,233.4,233.0,233.24,188688
2026-01-08 06:05:00,233.29,233.68,233.21,233.64,93671
2026-01-08 06:10:00,233.61,233.62,233.25,233.27,91060
2026-01-08 06:15:00,233.26,233.3,232.9,232.99,154830
2026-01-08 06:20:00,232.99,233.06,232.89,232.89,105374
2026-01-08 06:25:00,232.89,232.89,232.51,232.59,82927
2026-01-08 06:30:00,232.52,232.64,232.5,232.61,63826
2026-01-08 06:35:00,232.56,232.6,232.35,232.56,81219
2026-01-08 06:40:00,232.53,233.09,232.53,233.07,100787
2026-01-08 06:45:00,233.07,233.2,233.0,233.09,82669
2026-01-08 06:50:00,233.05,233.1,232.62,232.62,72223
2026-01-08 06:55:00,232.62,232.88,232.59,232.77,58877
2026-01-08 07:00:00,232.71,232.85,232.5,232.62,46288
2026-01-08 07:05:00,232.62,232.7,232.5,232.6,47024
2026-01-08 07:10:00,232.61,232.78,232.45,232.5,123772
2026-01-08 07:15:00,232.47,233.03,232.47,232.56,64081
2026-01-08 07:20:00,232.64,232.8,232.5,232.69,42137
2026-01-08 07:25:00,232.71,232.74,232.51,232.56,34967
2026-01-08 07:30:00,232.55,232.6,232.38,232.59,60998
2026-01-08 07:35:00,232.59,232.59,231.64,231.84,234960
2026-01-08 07:40:00,231.84,231.89,231.39,231.54,108869
2026-01-08 07:45:00,231.52,231.72,231.34,231.71,94983
2026-01-08 07:50:00,231.79,232.27,231.66,232.09,616887
2026-01-08 07:55:00,232.09,232.09,231.4,231.4,140774
2026-01-08 08:00:00,231.45,231.46,231.19,231.31,111588
2026-01-08 08:05:00,231.4,231.49,231.26,231.3,64635
2026-01-08 08:10:00,231.3,231.46,231.1,231.19,73111
2026-01-08 08:15:00,231.11,231.75,231.1,231.54,105735
2026-01-08 08:20:00,231.54,231.87,231.34,231.68,98753
2026-01-08 08:25:00,231.68,231.68,231.32,231.33,85619
2026-01-08 08:30:00,231.33,231.61,231.19,231.42,89448
2026-01-08 08:35:00,231.42,231.8,231.28,231.43,121442
2026-01-08 08:40:00,231.5,231.56,231.31,231.47,90872
2026-01-08 08:45:00,231.54,231.98,231.53,231.92,44215
2026-01-08 08:50:00,231.92,231.97,231.73,231.79,50560
2026-01-08 08:55:00,231.79,231.83,231.33,231.33,96957
2026-01-08 09:00:00,231.48,231.85,231.34,231.77,106984
2026-01-08 09:05:00,231.76,231.76,231.4,231.44,49377
2026-01-08 09:10:00,231.48,231.74,231.31,231.74,116629
2026-01-08 09:15:00,231.74,231.98,231.52,231.84,63591
2026-01-08 09:20:00,231.86,232.3,231.65,232.3,131333
2026-01-08 09:25:00,232.3,232.35,232.0,232.21,135556
2026-01-08 09:30:00,232.34,232.41,231.4,231.46,215054
2026-01-08 09:35:00,231.46,231.65,231.37,231.37,265151
2026-01-08 09:40:00,231.4,231.6,231.32,231.36,199981
2026-01-08 09:45:00,231.43,231.69,231.0,231.14,346544
2026-01-08 09:50:00,231.15,231.68,231.15,231.36,348778
2026-01-08 09:55:00,231.3,231.34,231.01,231.2,341790
2026-01-09 03:45:00,232.29,238.25,232.0,235.22,1555876
2026-01-09 03:50:00,235.18,235.88,235.0,235.19,423092
2026-01-09 03:55:00,235.28,235.99,235.0,235.16,333391
2026-01-09 04:00:00,235.2,235.25,234.19,234.34,248421
2026-01-09 04:05:00,234.34,234.52,233.82,234.3,169251
2026-01-09 04:10:00,234.31,234.74,234.06,234.67,219458
2026-01-09 04:15:00,234.68,235.72,234.68,235.66,198615
2026-01-09 04:20:00,235.6,235.95,235.15,235.95,205691
2026-01-09 04:25:00,236.05,236.6,235.96,236.25,514173
2026-01-09 04:30:00,236.25,236.32,236.0,236.14,213311
2026-01-09 04:35:00,236.14,236.5,235.72,235.95,202226
2026-01-09 04:40:00,235.87,236.2,235.59,235.79,112800
2026-01-09 04:45:00,235.8,235.93,235.5,235.83,133665
2026-01-09 04:50:00,235.84,236.0,235.73,235.95,144179
2026-01-09 04:55:00,235.95,236.2,235.78,236.0,68404
2026-01-09 05:00:00,236.01,236.01,235.34,235.41,84463
2026-01-09 05:05:00,235.41,235.68,235.3,235.43,111189
2026-01-09 05:10:00,235.44,235.7,235.35,235.63,57438
2026-01-09 05:15:00,235.64,235.94,235.61,235.64,84348
2026-01-09 05:20:00,235.71,235.74,235.04,235.08,73540
2026-01-09 05:25:00,235.07,235.21,235.0,235.14,105848
2026-01-09 05:30:00,235.2,235.31,234.7,234.89,130976
2026-01-09 05:35:00,234.94,235.15,234.81,234.9,67228
2026-01-09 05:40:00,234.9,235.0,234.5,234.55,75023
2026-01-09 05:45:00,234.55,234.66,234.21,234.3,66206
2026-01-09 05:50:00,234.31,234.45,234.15,234.31,66149
2026-01-09 05:55:00,234.3,234.52,233.88,234.41,152498
2026-01-09 06:00:00,234.42,234.6,234.21,234.25,55293
2026-01-09 06:05:00,234.29,234.29,233.83,233.89,69499
2026-01-09 06:10:00,233.98,234.2,233.92,234.05,78517
2026-01-09 06:15:00,234.13,234.35,233.85,233.95,157249
2026-01-09 06:20:00,233.97,234.0,233.8,233.96,56702
2026-01-09 06:25:00,233.96,233.99,233.81,233.9,54030
2026-01-09 06:30:00,233.93,234.06,233.84,234.03,68076
2026-01-09 06:35:00,234.02,234.22,233.84,233.93,222441
2026-01-09 06:40:00,233.97,234.18,233.89,233.96,70854
2026-01-09 06:45:00,233.96,234.75,233.96,234.42,89587
2026-01-09 06:50:00,234.45,234.45,233.95,234.01,59617
2026-01-09 06:55:00,234.01,234.03,233.6,233.68,66421
2026-01-09 07:00:00,233.7,234.0,233.62,233.92,59939
2026-01-09 07:05:00,233.93,233.93,233.57,233.68,86340
2026-01-09 07:10:00,233.68,233.71,233.34,233.42,100700
2026-01-09 07:15:00,233.43,233.43,233.11,233.27,59808
2026-01-09 07:20:00,233.27,233.7,233.2,233.58,653722
2026-01-09 07:25:00,233.58,234.05,233.5,234.0,143832
2026-01-09 07:30:00,234.1,234.2,233.91,234.2,74443
2026-01-09 07:35:00,234.18,234.32,233.94,234.1,171010
2026-01-09 07:40:00,234.1,234.48,234.04,234.23,66337
2026-01-09 07:45:00,234.23,234.33,234.04,234.07,74514
2026-01-09 07:50:00,234.08,234.19,234.04,234.04,36495
2026-01-09 07:55:00,234.1,234.2,233.84,234.05,351674
2026-01-09 08:00:00,234.05,234.07,233.16,233.52,358283
2026-01-09 08:05:00,233.5,233.8,233.49,233.76,49884
2026-01-09 08:10:00,233.76,233.79,233.5,233.63,148846
2026-01-09 08:15:00,233.75,234.02,233.6,233.74,44569
2026-01-09 08:20:00,233.74,233.81,233.6,233.6,57318
2026-01-09 08:25:00,233.6,233.9,233.45,233.83,194010
2026-01-09 08:30:00,233.83,234.3,233.69,233.85,86006
2026-01-09 08:35:00,233.89,233.89,233.66,233.66,34682
2026-01-09 08:40:00,233.68,233.7,233.5,233.55,60670
2026-01-09 08:45:00,233.55,233.99,233.55,233.96,222229
2026-01-09 08:50:00,233.99,234.2,233.6,233.7,435403
2026-01-09 08:55:00,233.65,233.81,233.55,233.62,40148
2026-01-09 09:00:00,233.6,234.0,233.55,233.98,69643
2026-01-09 09:05:00,233.99,234.06,233.62,233.62,49789
2026-01-09 09:10:00,233.69,234.16,233.57,234.06,325793
2026-01-09 09:15:00,234.15,234.15,233.66,233.89,64245
2026-01-09 09:20:00,233.9,234.12,233.71,234.07,111369
2026-01-09 09:25:00,234.13,234.3,233.95,234.18,105027
2026-01-09 09:30:00,234.19,234.29,233.67,234.28,380230
2026-01-09 09:35:00,234.28,234.36,234.18,234.18,161283
2026-01-09 09:40:00,234.19,234.3,234.0,234.25,280589
2026-01-09 09:45:00,234.22,234.29,233.79,234.09,243904
2026-01-09 09:50:00,234.09,234.15,233.94,233.94,226748
2026-01-09 09:55:00,233.96,234.1,233.63,234.0,167721
2026-01-12 03:45:00,234.09,234.71,233.6,233.68,203114
2026-01-12 03:50:00,233.67,233.67,232.7,232.93,155585
2026-01-12 03:55:00,232.99,233.72,232.76,233.6,317251
2026-01-12 04:00:00,233.65,234.07,233.16,233.44,182419
2026-01-12 04:05:00,233.45,233.75,232.42,232.5,97528
2026-01-12 04:10:00,232.44,232.65,231.83,231.96,457159
2026-01-12 04:15:00,232.0,232.86,231.66,232.79,195131
2026-01-12 04:20:00,232.85,233.44,232.64,233.31,143645
2026-01-12 04:25:00,233.36,233.55,232.74,232.86,95490
2026-01-12 04:30:00,232.81,233.08,232.75,232.87,226740
2026-01-12 04:35:00,232.9,233.66,232.8,233.3,121748
2026-01-12 04:40:00,233.38,233.38,232.81,232.85,66328
2026-01-12 04:45:00,232.92,233.44,232.43,233.27,93231
2026-01-12 04:50:00,233.36,233.55,233.0,233.46,57034
2026-01-12 04:55:00,233.44,233.71,233.18,233.35,146010
2026-01-12 05:00:00,233.35,233.5,233.06,233.26,94594
2026-01-12 05:05:00,233.3,233.47,233.22,233.35,86692
2026-01-12 05:10:00,233.42,233.76,233.35,233.39,44706
2026-01-12 05:15:00,233.39,233.5,233.15,233.46,17236
2026-01-12 05:20:00,233.5,233.98,233.4,233.65,89625
2026-01-12 05:25:00,233.67,234.37,233.56,233.8,520183
2026-01-12 05:30:00,233.84,234.0,233.8,233.83,28635
2026-01-12 05:35:00,233.89,233.9,233.5,233.57,38279
2026-01-12 05:40:00,233.57,233.8,233.5,233.65,81362
2026-01-12 05:45:00,233.66,233.79,233.34,233.34,59746
2026-01-12 05:50:00,233.4,233.42,232.9,233.09,177082
2026-01-12 05:55:00,233.0,233.19,232.81,232.95,58603
2026-01-12 06:00:00,232.95,233.0,232.73,232.77,40710
2026-01-12 06:05:00,232.76,233.0,232.66,232.79,37450
2026-01-12 06:10:00,232.79,232.9,232.57,232.77,53236
2026-01-12 06:15:00,232.77,233.06,232.73,232.92,43205
2026-01-12 06:20:00,232.95,233.06,232.76,232.9,29629
2026-01-12 06:25:00,232.91,233.01,232.82,232.88,33205
2026-01-12 06:30:00,232.94,233.13,232.89,232.99,50357
2026-01-12 06:35:00,233.27,233.79,233.25,233.76,116468
2026-01-12 06:40:00,233.68,233.87,233.3,233.5,84466
2026-01-12 06:45:00,233.62,234.12,233.59,233.94,111598
2026-01-12 06:50:00,233.94,234.48,233.9,234.03,142892
2026-01-12 06:55:00,234.11,234.46,233.88,234.14,307219
2026-01-12 07:00:00,234.23,234.69,234.14,234.54,97867
2026-01-12 07:05:00,234.6,234.67,234.33,234.35,85789
2026-01-12 07:10:00,234.43,234.86,234.32,234.53,226224
2026-01-12 07:15:00,234.58,235.25,234.51,235.14,330939
2026-01-12 07:20:00,235.14,235.45,235.03,235.35,61095
2026-01-12 07:25:00,235.35,235.39,235.04,235.25,56872
2026-01-12 07:30:00,235.25,235.3,234.51,234.95,62743
2026-01-12 07:35:00,234.95,235.18,234.9,235.15,36601
2026-01-12 07:40:00,235.15,235.15,234.67,234.81,44862
2026-01-12 07:45:00,234.78,234.99,234.72,234.73,36322
2026-01-12 07:50:00,234.72,234.78,234.5,234.74,43365
2026-01-12 07:55:00,234.64,234.98,234.53,234.88,47112
2026-01-12 08:00:00,234.88,235.05,234.8,234.94,49104
2026-01-12 08:05:00,234.94,235.47,234.88,235.47,60752
2026-01-12 08:10:00,235.45,235.85,235.4,235.65,84257
2026-01-12 08:15:00,235.61,235.94,235.58,235.8,65884
2026-01-12 08:20:00,235.8,235.87,235.52,235.7,775355
2026-01-12 08:25:00,235.7,235.7,235.35,235.41,73340
2026-01-12 08:30:00,235.41,235.47,234.9,235.24,64230
2026-01-12 08:35:00,235.2,235.4,235.0,235.36,50333
2026-01-12 08:40:00,235.36,235.45,235.11,235.3,87807
2026-01-12 08:45:00,235.3,235.4,235.25,235.25,68589
2026-01-12 08:50:00,235.26,235.51,235.25,235.49,69746
2026-01-12 08:55:00,235.51,235.56,235.22,235.31,52270
2026-01-12 09:00:00,235.32,235.4,235.15,235.3,92881
2026-01-12 09:05:00,235.27,235.6,235.12,235.41,171287
2026-01-12 09:10:00,235.53,235.6,235.32,235.52,60803
2026-01-12 09:15:00,235.57,235.77,235.5,235.7,52840
2026-01-12 09:20:00,235.74,236.16,235.65,235.8,195470
2026-01-12 09:25:00,235.85,236.06,235.8,235.9,57057
2026-01-12 09:30:00,236.02,236.02,235.6,235.87,340185
2026-01-12 09:35:00,235.89,235.89,235.47,235.6,179012
2026-01-12 09:40:00,235.53,235.93,235.53,235.71,172685
2026-01-12 09:45:00,235.71,235.89,235.51,235.71,214695
2026-01-12 09:50:00,235.7,235.8,235.66,235.7,255433
2026-01-12 09:55:00,235.7,235.76,235.2,235.55,440182
2026-01-13 03:45:00,238.0,239.99,235.8,239.94,853750
2026-01-13 03:50:00,239.99,241.3,239.65,240.73,680763
2026-01-13 03:55:00,240.74,240.94,239.82,239.88,421445
2026-01-13 04:00:00,240.0,240.1,239.05,239.25,297446
2026-01-13 04:05:00,239.25,239.7,239.03,239.12,158378
2026-01-13 04:10:00,239.06,239.81,238.88,239.76,134934
2026-01-13 04:15:00,239.97,240.66,239.95,240.58,320806
2026-01-13 04:20:00,240.62,240.9,240.17,240.75,186776
2026-01-13 04:25:00,240.8,241.2,240.3,240.43,348422
2026-01-13 04:30:00,240.45,240.52,240.0,240.08,197048
2026-01-13 04:35:00,240.09,240.68,240.0,240.4,95922
2026-01-13 04:40:00,240.39,240.41,239.9,240.05,115648
2026-01-13 04:45:00,240.08,240.5,240.08,240.44,78378
2026-01-13 04:50:00,240.45,240.68,240.0,240.07,102264
2026-01-13 04:55:00,240.05,240.56,240.05,240.19,61948
2026-01-13 05:00:00,240.23,240.6,239.85,240.4,144965
2026-01-13 05:05:00,240.37,240.47,240.13,240.14,40310
2026-01-13 05:10:00,240.13,240.2,239.8,240.05,235129
2026-01-13 05:15:00,240.04,240.43,240.01,240.4,65145
2026-01-13 05:20:00,240.43,241.15,240.28,240.44,988604
2026-01-13 05:25:00,240.35,240.47,240.0,240.1,113324
2026-01-13 05:30:00,240.11,240.2,239.81,240.0,321474
2026-01-13 05:35:00,240.06,240.15,239.94,240.15,123836
2026-01-13 05:40:00,240.12,240.34,240.01,240.3,105976
2026-01-13 05:45:00,240.22,240.3,240.07,240.14,43176
2026-01-13 05:50:00,240.12,240.19,240.0,240.02,46171
2026-01-13 05:55:00,240.03,240.61,240.0,240.6,88134
2026-01-13 06:00:00,240.55,240.7,240.5,240.64,80775
2026-01-13 06:05:00,240.68,240.95,240.6,240.85,191466
2026-01-13 06:10:00,240.85,241.05,240.64,240.82,195326
2026-01-13 06:15:00,240.71,241.4,240.71,241.27,185493
2026-01-13 06:20:00,241.28,241.85,241.17,241.23,341292
2026-01-13 06:25:00,241.21,241.35,241.0,241.0,171941
2026-01-13 06:30:00,241.0,241.07,240.34,240.6,241852
2026-01-13 06:35:00,240.6,241.2,240.6,241.17,147893
2026-01-13 06:40:00,241.17,241.7,241.12,241.58,537040
2026-01-13 06:45:00,241.61,242.5,241.5,242.28,562891
2026-01-13 06:50:00,242.32,242.81,242.2,242.71,604673
2026-01-13 06:55:00,242.75,243.08,242.52,243.06,414016
2026-01-13 07:00:00,243.0,243.25,242.63,243.04,315335
2026-01-13 07:05:00,243.04,243.3,242.7,242.91,498823
2026-01-13 07:10:00,242.98,243.0,242.35,242.53,357144
2026-01-13 07:15:00,242.53,242.9,242.48,242.8,230760
2026-01-13 07:20:00,242.85,242.9,242.36,242.44,283978
2026-01-13 07:25:00,242.49,242.5,242.02,242.39,220835
2026-01-13 07:30:00,242.44,242.55,242.16,242.28,180676
2026-01-13 07:35:00,242.26,242.78,242.02,242.69,189778
2026-01-13 07:40:00,242.73,242.99,242.26,242.26,229517
2026-01-13 07:45:00,242.3,242.37,242.06,242.11,320902
2026-01-13 07:50:00,242.12,242.28,242.0,242.02,259648
2026-01-13 07:55:00,242.03,242.3,241.74,242.1,346393
2026-01-13 08:00:00,242.09,242.48,242.08,242.41,208146
2026-01-13 08:05:00,242.41,242.73,242.22,242.52,253207
2026-01-13 08:10:00,242.52,243.01,242.52,243.0,235181
2026-01-13 08:15:00,243.01,243.43,243.0,243.43,222632
2026-01-13 08:20:00,243.37,243.58,243.09,243.5,859334
2026-01-13 08:25:00,243.51,244.0,243.35,243.87,960434
2026-01-13 08:30:00,243.87,243.9,243.5,243.77,388674
2026-01-13 08:35:00,243.74,243.88,243.51,243.52,232125
2026-01-13 08:40:00,243.53,243.67,242.14,242.26,772606
2026-01-13 08:45:00,242.31,242.39,242.0,242.11,335126
2026-01-13 08:50:00,242.13,242.13,241.51,241.7,340019
2026-01-13 08:55:00,241.61,242.04,241.61,241.94,232417
2026-01-13 09:00:00,241.94,242.52,241.74,242.49,205235
2026-01-13 09:05:00,242.5,242.95,242.31,242.59,212398
2026-01-13 09:10:00,242.65,243.26,242.55,243.15,217772
2026-01-13 09:15:00,243.15,243.85,243.1,243.84,336131
2026-01-13 09:20:00,243.84,244.15,243.73,243.95,492942
2026-01-13 09:25:00,243.95,244.03,243.46,243.63,338079
2026-01-13 09:30:00,243.8,244.02,243.61,243.75,311656
2026-01-13 09:35:00,243.74,243.85,243.51,243.8,272847
2026-01-13 09:40:00,243.8,244.0,243.61,243.68,329439
2026-01-13 09:45:00,243.68,243.97,243.5,243.93,587714
2026-01-13 09:50:00,243.95,244.0,243.81,243.96,307786
2026-01-13 09:55:00,243.98,244.0,243.5,243.5,333515
2026-01-14 03:45:00,243.99,247.12,243.58,246.2,2234896
2026-01-14 03:50:00,246.2,247.45,246.1,247.31,1275192
2026-01-14 03:55:00,247.33,247.51,245.23,245.52,950284
2026-01-14 04:00:00,245.51,245.72,244.6,245.72,569450
2026-01-14 04:05:00,245.72,246.32,245.52,246.18,246854
2026-01-14 04:10:00,246.09,246.42,245.47,246.42,272565
2026-01-14 04:15:00,246.43,248.3,246.42,247.74,2515999
2026-01-14 04:20:00,247.73,248.13,247.28,247.53,938277
2026-01-14 04:25:00,247.51,247.62,246.67,247.32,456579
2026-01-14 04:30:00,247.39,248.29,247.32,247.76,427436
2026-01-14 04:35:00,247.81,249.29,247.7,248.35,2483219
2026-01-14 04:40:00,248.35,248.73,248.21,248.52,1007714
2026-01-14 04:45:00,248.52,249.02,248.5,248.76,461936
2026-01-14 04:50:00,248.8,249.15,248.5,248.74,1138560
2026-01-14 04:55:00,248.74,248.79,248.06,248.53,1438612
2026-01-14 05:00:00,248.55,248.56,247.56,247.95,329524
2026-01-14 05:05:00,247.95,248.56,247.6,248.56,206630
2026-01-14 05:10:00,248.5,248.69,248.2,248.45,150817
2026-01-14 05:15:00,248.38,248.6,248.21,248.52,110057
2026-01-14 05:20:00,248.54,249.1,248.44,249.0,425565
2026-01-14 05:25:00,249.0,249.89,249.0,249.5,1067154
2026-01-14 05:30:00,249.49,249.58,249.11,249.19,588583
2026-01-14 05:35:00,249.19,249.8,249.0,249.75,237663
2026-01-14 05:40:00,249.75,249.92,249.48,249.82,299502
2026-01-14 05:45:00,249.73,250.09,249.48,249.5,1096947
2026-01-14 05:50:00,249.5,249.58,249.1,249.55,433506
2026-01-14 05:55:00,249.5,250.46,249.47,250.32,407437
2026-01-14 06:00:00,250.32,250.6,250.0,250.14,285519
2026-01-14 06:05:00,250.25,250.43,249.93,250.3,205575
2026-01-14 06:10:00,250.3,250.35,250.14,250.26,90748
2026-01-14 06:15:00,250.3,250.5,250.0,250.49,98290
2026-01-14 06:20:00,250.44,250.5,250.05,250.38,112941
2026-01-14 06:25:00,250.38,250.8,250.25,250.4,334170
2026-01-14 06:30:00,250.4,250.47,250.2,250.28,347295
2026-01-14 06:35:00,250.28,250.3,250.03,250.09,241721
2026-01-14 06:40:00,250.15,250.3,250.09,250.16,91120
2026-01-14 06:45:00,250.2,250.5,250.14,250.43,86679
2026-01-14 06:50:00,250.45,250.69,250.36,250.49,121536
2026-01-14 06:55:00,250.49,250.5,250.16,250.45,89453
2026-01-14 07:00:00,250.45,251.0,250.45,250.62,218395
2026-01-14 07:05:00,250.62,250.67,250.32,250.54,99450
2026-01-14 07:10:00,250.58,250.69,250.45,250.48,64026
2026-01-14 07:15:00,250.48,250.56,250.36,250.43,99497
2026-01-14 07:20:00,250.48,250.69,250.43,250.64,96537
2026-01-14 07:25:00,250.65,250.69,250.4,250.57,85621
2026-01-14 07:30:00,250.56,250.8,250.54,250.55,120064
2026-01-14 07:35:00,250.56,250.7,250.5,250.7,101540
2026-01-14 07:40:00,250.7,250.78,250.51,250.64,94523
2026-01-14 07:45:00,250.62,250.7,250.5,250.52,85988
2026-01-14 07:50:00,250.53,250.55,250.0,250.07,690323
2026-01-14 07:55:00,250.17,250.52,250.06,250.5,127403
2026-01-14 08:00:00,250.49,250.5,250.18,250.3,78453
2026-01-14 08:05:00,250.3,250.4,250.13,250.15,80826
2026-01-14 08:10:00,250.2,250.62,250.1,250.62,118228
2026-01-14 08:15:00,250.61,250.61,250.0,250.0,1146869
2026-01-14 08:20:00,250.0,250.09,249.11,249.19,301572
2026-01-14 08:25:00,249.16,249.23,248.88,248.88,253316
2026-01-14 08:30:00,248.88,249.15,248.65,248.78,151182
2026-01-14 08:35:00,248.75,249.33,248.7,249.0,452103
2026-01-14 08:40:00,249.0,249.17,248.9,248.92,105775
2026-01-14 08:45:00,248.95,248.98,248.68,248.7,154351
2026-01-14 08:50:00,248.7,248.95,248.63,248.73,229765
2026-01-14 08:55:00,248.74,249.0,248.67,248.74,138548
2026-01-14 09:00:00,248.74,248.81,248.49,248.75,141561
2026-01-14 09:05:00,248.74,248.84,248.44,248.5,381468
2026-01-14 09:10:00,248.62,248.79,248.48,248.59,611956
2026-01-14 09:15:00,248.59,249.12,248.48,248.75,344953
2026-01-14 09:20:00,248.85,248.85,248.46,248.54,374693
2026-01-14 09:25:00,248.56,248.81,248.46,248.48,167591
2026-01-14 09:30:00,248.57,248.66,248.06,248.29,239416
2026-01-14 09:35:00,248.38,248.58,248.25,248.46,164497
2026-01-14 09:40:00,248.46,248.47,247.86,248.4,408633
2026-01-14 09:45:00,248.41,248.65,248.06,248.28,382896
2026-01-14 09:50:00,248.33,248.6,248.01,248.1,461095
2026-01-14 09:55:00,248.15,248.59,247.92,247.98,391870
2026-01-16 03:45:00,246.9,246.9,242.4,244.7,679820
2026-01-16 03:50:00,244.71,245.35,244.63,245.17,137935
2026-01-16 03:55:00,244.9,245.35,244.8,244.98,98737
2026-01-16 04:00:00,244.98,245.76,244.9,245.39,185033
2026-01-16 04:05:00,245.22,245.32,244.36,244.4,159847
2026-01-16 04:10:00,244.4,245.39,244.3,245.26,95786
2026-01-16 04:15:00,245.3,245.3,244.75,244.93,105257
2026-01-16 04:20:00,244.94,245.1,244.61,244.65,81655
2026-01-16 04:25:00,244.75,244.8,244.51,244.56,56457
2026-01-16 04:30:00,244.69,245.6,244.4,245.34,121656
2026-01-16 04:35:00,245.4,245.41,245.1,245.31,46423
2026-01-16 04:40:00,245.4,246.18,245.28,246.15,127635
2026-01-16 04:45:00,246.1,246.75,246.03,246.56,148842
2026-01-16 04:50:00,246.55,246.8,246.42,246.53,86310
2026-01-16 04:55:00,246.6,247.78,246.52,247.48,491547
2026-01-16 05:00:00,247.48,247.5,247.1,247.33,125645
2026-01-16 05:05:00,247.33,247.49,246.69,246.8,135993
2026-01-16 05:10:00,246.78,247.03,246.51,246.62,93787
2026-01-16 05:15:00,246.62,246.9,246.53,246.7,78718
2026-01-16 05:20:00,246.7,247.11,246.58,246.94,111435
2026-01-16 05:25:00,246.94,247.0,246.7,246.85,71958
2026-01-16 05:30:00,246.79,246.94,246.74,246.78,88524
2026-01-16 05:35:00,246.78,246.78,246.31,246.64,99387
2026-01-16 05:40:00,246.65,246.9,246.59,246.64,68828
2026-01-16 05:45:00,246.72,246.8,246.31,246.65,122692
2026-01-16 05:50:00,246.65,246.8,246.4,246.75,82158
2026-01-16 05:55:00,246.72,247.0,246.53,247.0,84594
2026-01-16 06:00:00,247.15,247.35,247.01,247.32,97849
2026-01-16 06:05:00,247.3,247.39,247.11,247.39,63252
2026-01-16 06:10:00,247.35,247.62,247.12,247.45,174471
2026-01-16 06:15:00,247.42,247.45,247.08,247.08,94245
2026-01-16 06:20:00,247.16,247.16,246.38,246.43,130462
2026-01-16 06:25:00,246.4,246.77,246.12,246.56,121616
2026-01-16 06:30:00,246.61,246.74,246.23,246.35,306945
2026-01-16 06:35:00,246.35,246.35,245.72,246.17,135810
2026-01-16 06:40:00,246.15,246.3,245.74,245.75,556172
2026-01-16 06:45:00,245.75,245.92,245.33,245.45,107905
2026-01-16 06:50:00,245.45,245.74,245.32,245.64,84792
2026-01-16 06:55:00,245.64,245.78,245.16,245.4,61671
2026-01-16 07:00:00,245.4,245.75,245.19,245.72,61259
2026-01-16 07:05:00,245.71,245.8,245.45,245.74,65324
2026-01-16 07:10:00,245.8,245.9,245.73,245.73,52512
2026-01-16 07:15:00,245.71,245.71,245.52,245.63,54788
2026-01-16 07:20:00,245.62,245.78,245.55,245.71,74224
2026-01-16 07:25:00,245.77,245.79,245.55,245.75,75822
2026-01-16 07:30:00,245.75,245.85,245.17,245.25,615594
2026-01-16 07:35:00,245.18,245.33,245.0,245.09,123170
2026-01-16 07:40:00,245.18,245.25,245.06,245.19,48840
2026-01-16 07:45:00,245.25,245.48,245.18,245.39,74356
2026-01-16 07:50:00,245.39,245.42,245.16,245.21,51586
2026-01-16 07:55:00,245.31,245.36,245.0,245.26,59199
2026-01-16 08:00:00,245.4,245.4,245.06,245.18,72170
2026-01-16 08:05:00,245.18,245.2,244.81,244.96,135728
2026-01-16 08:10:00,244.97,244.98,244.62,244.62,84280
2026-01-16 08:15:00,244.66,245.36,244.61,245.32,172963
2026-01-16 08:20:00,245.32,245.34,244.81,244.87,56187
2026-01-16 08:25:00,244.87,245.17,244.82,244.93,90681
2026-01-16 08:30:00,245.0,245.17,244.85,245.02,59126
2026-01-16 08:35:00,244.78,245.27,244.78,244.97,95658
2026-01-16 08:40:00,244.97,245.16,244.85,245.0,68199
2026-01-16 08:45:00,245.09,245.15,244.8,244.92,67089
2026-01-16 08:50:00,244.81,244.98,244.63,244.83,87683
2026-01-16 08:55:00,244.81,244.99,244.5,244.76,106646
2026-01-16 09:00:00,244.7,245.08,244.45,244.64,124550
2026-01-16 09:05:00,244.54,245.31,244.54,245.24,205302
2026-01-16 09:10:00,245.18,246.05,245.11,245.92,171831
2026-01-16 09:15:00,245.92,246.8,245.92,246.6,282172
2026-01-16 09:20:00,246.61,247.01,246.01,246.87,287391
2026-01-16 09:25:00,246.74,247.57,246.69,247.44,850586
2026-01-16 09:30:00,247.39,247.6,247.15,247.5,309119
2026-01-16 09:35:00,247.5,247.74,247.16,247.22,360897
2026-01-16 09:40:00,247.19,247.31,246.96,247.15,274651
2026-01-16 09:45:00,247.15,247.27,246.87,246.96,342868
2026-01-16 09:50:00,246.98,247.24,246.88,247.23,383433
2026-01-16 09:55:00,247.23,247.58,246.57,247.23,397912
2026-01-19 03:45:00,245.0,247.37,244.55,247.37,171648
2026-01-19 03:50:00,247.16,248.0,246.81,247.1,185260
2026-01-19 03:55:00,247.1,247.28,245.44,245.44,266894
2026-01-19 04:00:00,245.49,245.83,245.0,245.75,591876
2026-01-19 04:05:00,245.99,246.63,245.73,246.36,101069
2026-01-19 04:10:00,246.36,246.52,246.07,246.4,65057
2026-01-19 04:15:00,246.31,246.46,245.9,246.13,54103
2026-01-19 04:20:00,246.11,246.7,245.91,246.38,59196
2026-01-19 04:25:00,246.37,246.55,246.0,246.03,48403
2026-01-19 04:30:00,246.05,246.4,245.9,245.97,49814
2026-01-19 04:35:00,245.93,246.24,245.63,246.24,51106
2026-01-19 04:40:00,246.28,246.5,246.23,246.31,46398
2026-01-19 04:45:00,246.35,246.35,246.08,246.08,25563
2026-01-19 04:50:00,246.1,246.35,245.52,245.7,51507
2026-01-19 04:55:00,245.7,245.8,245.5,245.65,36861
2026-01-19 05:00:00,245.65,245.84,245.57,245.58,33306
2026-01-19 05:05:00,245.6,245.7,245.33,245.46,36098
2026-01-19 05:10:00,245.37,245.61,245.37,245.49,41104
2026-01-19 05:15:00,245.49,245.64,245.2,245.44,329654
2026-01-19 05:20:00,245.44,245.74,245.44,245.59,32688
2026-01-19 05:25:00,245.54,245.72,245.52,245.6,26325
2026-01-19 05:30:00,245.58,245.6,245.16,245.38,49487
2026-01-19 05:35:00,245.35,245.37,245.16,245.23,33793
2026-01-19 05:40:00,245.16,245.25,244.26,244.65,114159
2026-01-19 05:45:00,244.65,244.69,244.31,244.39,94205
2026-01-19 05:50:00,244.36,244.39,243.89,244.03,113657
2026-01-19 05:55:00,244.03,244.21,243.8,244.18,57110
2026-01-19 06:00:00,244.21,244.21,243.21,243.59,155552
2026-01-19 06:05:00,243.49,243.7,243.42,243.52,42630
2026-01-19 06:10:00,243.6,243.76,243.31,243.68,77934
2026-01-19 06:15:00,243.67,243.67,243.12,243.4,60295
2026-01-19 06:20:00,243.31,243.4,243.18,243.37,56878
2026-01-19 06:25:00,243.37,243.4,243.12,243.2,60215
2026-01-19 06:30:00,243.2,243.39,243.11,243.17,46164
2026-01-19 06:35:00,243.25,243.57,243.17,243.4,67329
2026-01-19 06:40:00,243.33,243.65,243.32,243.58,52845
2026-01-19 06:45:00,243.58,243.85,243.54,243.59,57180
2026-01-19 06:50:00,243.66,243.74,243.28,243.28,53224
2026-01-19 06:55:00,243.25,243.29,243.05,243.11,40190
2026-01-19 07:00:00,243.2,243.37,243.1,243.22,48626
2026-01-19 07:05:00,243.2,243.39,242.3,242.58,256820
2026-01-19 07:10:00,242.65,243.13,242.58,243.1,61000
2026-01-19 07:15:00,243.11,243.11,242.77,242.91,51135
2026-01-19 07:20:00,242.91,243.09,242.82,242.88,49597
2026-01-19 07:25:00,242.87,243.08,242.8,242.97,42205
2026-01-19 07:30:00,242.97,243.1,242.88,242.93,52674
2026-01-19 07:35:00,243.05,243.27,242.86,243.14,55325
2026-01-19 07:40:00,243.14,243.14,242.95,243.04,42999
2026-01-19 07:45:00,242.96,243.09,242.81,242.98,39330
2026-01-19 07:50:00,242.98,243.3,242.93,243.2,58634
2026-01-19 07:55:00,243.2,243.39,243.05,243.35,59281
2026-01-19 08:00:00,243.35,243.44,243.22,243.32,53844
2026-01-19 08:05:00,243.31,243.35,243.17,243.3,41002
2026-01-19 08:10:00,243.31,243.34,242.95,243.06,55017
2026-01-19 08:15:00,242.96,243.19,242.83,243.19,52403
2026-01-19 08:20:00,243.15,243.44,242.89,242.96,76747
2026-01-19 08:25:00,242.95,243.16,242.85,243.16,40069
2026-01-19 08:30:00,243.17,243.26,242.95,243.05,36071
2026-01-19 08:35:00,243.05,243.34,242.94,243.19,59068
2026-01-19 08:40:00,243.13,243.25,242.89,243.04,71212
2026-01-19 08:45:00,243.0,243.25,242.95,243.08,69315
2026-01-19 08:50:00,243.16,243.17,242.66,242.81,93806
2026-01-19 08:55:00,242.67,242.98,242.6,242.84,82054
2026-01-19 09:00:00,242.84,242.99,242.7,242.97,57728
2026-01-19 09:05:00,242.97,243.27,242.75,243.27,87204
2026-01-19 09:10:00,243.32,243.36,243.11,243.3,65059
2026-01-19 09:15:00,243.34,243.51,243.09,243.39,66135
2026-01-19 09:20:00,243.37,243.6,243.31,243.54,75431
2026-01-19 09:25:00,243.54,243.9,243.4,243.7,150540
2026-01-19 09:30:00,243.86,243.9,243.25,243.38,173853
2026-01-19 09:35:00,243.38,243.42,243.13,243.32,115117
2026-01-19 09:40:00,243.22,243.32,242.96,243.1,114460
2026-01-19 09:45:00,243.1,243.14,242.83,242.97,167751
2026-01-19 09:50:00,242.95,243.14,242.75,243.05,136349
2026-01-19 09:55:00,243.0,243.13,242.6,243.05,142179
2026-01-20 03:45:00,243.11,245.34,242.63,245.04,251407
2026-01-20 03:50:00,245.05,245.05,243.81,243.96,240698
2026-01-20 03:55:00,243.84,244.57,243.84,243.99,186807
2026-01-20 04:00:00,243.99,244.55,243.76,243.8,190343
2026-01-20 04:05:00,243.84,243.84,243.26,243.49,58630
2026-01-20 04:10:00,243.5,243.89,242.88,243.2,137000
2026-01-20 04:15:00,243.2,243.4,242.71,242.71,132731
2026-01-20 04:20:00,242.72,243.13,242.52,242.74,53257
2026-01-20 04:25:00,242.74,243.14,242.7,242.87,60004
2026-01-20 04:30:00,242.79,243.21,242.79,243.05,76175
2026-01-20 04:35:00,243.05,243.24,242.72,242.92,85580
2026-01-20 04:40:00,242.9,243.51,242.6,242.62,73188
2026-01-20 04:45:00,242.74,243.09,242.14,242.47,73169
2026-01-20 04:50:00,242.47,242.73,242.11,242.25,79452
2026-01-20 04:55:00,242.26,242.87,242.16,242.6,31008
2026-01-20 05:00:00,242.61,242.61,242.36,242.52,24696
2026-01-20 05:05:00,242.52,242.94,242.46,242.85,27732
2026-01-20 05:10:00,242.93,243.36,242.85,243.06,42614
2026-01-20 05:15:00,243.17,243.19,242.93,243.0,21855
2026-01-20 05:20:00,243.0,243.0,242.68,242.82,38383
2026-01-20 05:25:00,242.8,242.99,242.75,242.94,29350
2026-01-20 05:30:00,242.94,243.0,242.37,242.4,52670
2026-01-20 05:35:00,242.4,242.4,241.5,241.51,121131
2026-01-20 05:40:00,241.6,241.68,241.24,241.24,53157
2026-01-20 05:45:00,241.3,241.49,241.21,241.25,48491
2026-01-20 05:50:00,241.29,241.33,240.75,241.0,102870
2026-01-20 05:55:00,241.0,241.16,240.89,241.06,78383
2026-01-20 06:00:00,241.07,241.45,241.0,241.33,48869
2026-01-20 06:05:00,241.28,241.42,241.18,241.18,55249
2026-01-20 06:10:00,241.23,241.43,241.17,241.31,58796
2026-01-20 06:15:00,241.33,241.33,241.0,241.09,61058
2026-01-20 06:20:00,241.2,241.65,241.0,241.52,67740
2026-01-20 06:25:00,241.52,241.74,241.31,241.54,36051
2026-01-20 06:30:00,241.61,241.61,241.01,241.1,45760
2026-01-20 06:35:00,241.1,241.1,240.65,240.68,36321
2026-01-20 06:40:00,240.74,241.18,240.64,241.14,54920
2026-01-20 06:45:00,241.14,241.38,241.05,241.27,42409
2026-01-20 06:50:00,241.32,241.38,241.04,241.34,56177
2026-01-20 06:55:00,241.34,241.58,241.22,241.39,42314
2026-01-20 07:00:00,241.48,241.74,241.27,241.35,41466
2026-01-20 07:05:00,241.35,241.49,241.11,241.16,47414
2026-01-20 07:10:00,241.17,241.19,241.0,241.01,39174
2026-01-20 07:15:00,241.05,241.38,240.96,241.28,42348
2026-01-20 07:20:00,241.35,241.5,241.28,241.44,61934
2026-01-20 07:25:00,241.38,241.56,241.38,241.49,29934
2026-01-20 07:30:00,241.52,241.53,241.03,241.15,34297
2026-01-20 07:35:00,241.15,241.18,240.99,241.15,47001
2026-01-20 07:40:00,241.15,241.27,241.02,241.06,30038
2026-01-20 07:45:00,241.04,241.18,241.0,241.16,30885
2026-01-20 07:50:00,241.18,241.54,241.14,241.39,86531
2026-01-20 07:55:00,241.46,241.48,241.09,241.13,32942
2026-01-20 08:00:00,241.11,241.14,240.0,240.13,240541
2026-01-20 08:05:00,240.13,240.15,239.81,240.14,113536
2026-01-20 08:10:00,240.09,240.58,239.71,240.57,71415
2026-01-20 08:15:00,240.51,240.6,240.09,240.21,53294
2026-01-20 08:20:00,240.28,240.5,240.12,240.44,46124
2026-01-20 08:25:00,240.43,240.58,240.25,240.48,49697
2026-01-20 08:30:00,240.51,240.98,240.33,240.89,140477
2026-01-20 08:35:00,240.89,240.89,240.56,240.69,43028
2026-01-20 08:40:00,240.69,241.0,240.66,240.99,72263
2026-01-20 08:45:00,241.0,241.4,240.99,241.08,136879
2026-01-20 08:50:00,241.08,241.29,241.02,241.29,41603
2026-01-20 08:55:00,241.3,241.62,241.25,241.53,54689
2026-01-20 09:00:00,241.55,241.65,241.36,241.44,52924
2026-01-20 09:05:00,241.41,241.7,241.36,241.41,111809
2026-01-20 09:10:00,241.42,241.51,241.26,241.3,137841
2026-01-20 09:15:00,241.39,241.68,241.3,241.56,65577
2026-01-20 09:20:00,241.59,241.59,241.19,241.2,88811
2026-01-20 09:25:00,241.2,241.4,241.06,241.06,63369
2026-01-20 09:30:00,241.11,241.11,240.68,240.69,167997
2026-01-20 09:35:00,240.7,240.9,240.61,240.73,213235
2026-01-20 09:40:00,240.74,240.74,240.08,240.29,255278
2026-01-20 09:45:00,240.29,240.39,239.97,240.01,240892
2026-01-20 09:50:00,240.04,240.46,240.0,240.25,238065
2026-01-20 09:55:00,240.2,240.64,240.1,240.64,281877
2026-01-21 03:45:00,240.0,242.85,240.0,242.16,254269
2026-01-21 03:50:00,242.0,242.02,241.15,241.6,294390
2026-01-21 03:55:00,241.6,243.0,241.6,242.76,229733
2026-01-21 04:00:00,242.76,242.98,242.27,242.71,144830
2026-01-21 04:05:00,242.7,242.9,241.75,241.93,157931
2026-01-21 04:10:00,241.9,242.61,241.9,241.97,184044
2026-01-21 04:15:00,241.95,242.15,241.4,241.68,175995
2026-01-21 04:20:00,241.56,242.85,241.46,242.4,132874
2026-01-21 04:25:00,242.45,242.8,242.08,242.2,74991
2026-01-21 04:30:00,242.31,242.99,242.2,242.76,161144
2026-01-21 04:35:00,242.72,242.84,241.62,242.43,112036
2026-01-21 04:40:00,242.43,242.43,241.68,242.0,99362
2026-01-21 04:45:00,241.99,242.04,240.9,241.25,140314
2026-01-21 04:50:00,241.25,241.32,240.6,240.79,288714
2026-01-21 04:55:00,240.79,241.07,240.6,240.61,120611
2026-01-21 05:00:00,240.66,240.86,240.6,240.79,41484
2026-01-21 05:05:00,240.8,241.18,240.68,241.09,97092
2026-01-21 05:10:00,241.09,241.11,240.53,240.57,39984
2026-01-21 05:15:00,240.57,240.57,240.24,240.4,99924
2026-01-21 05:20:00,240.4,240.75,239.9,240.0,156267
2026-01-21 05:25:00,240.0,240.33,239.51,240.29,101139
2026-01-21 05:30:00,240.3,240.52,240.22,240.52,59030
2026-01-21 05:35:00,240.6,240.68,240.21,240.48,54192
2026-01-21 05:40:00,240.48,240.98,240.41,240.55,86324
2026-01-21 05:45:00,240.52,240.57,240.22,240.5,43462
2026-01-21 05:50:00,240.48,241.54,240.15,241.39,441986
2026-01-21 05:55:00,241.41,241.42,241.01,241.09,56944
2026-01-21 06:00:00,241.09,241.5,241.03,241.45,52217
2026-01-21 06:05:00,241.45,241.5,241.28,241.5,72513
2026-01-21 06:10:00,241.39,241.74,241.28,241.69,76034
2026-01-21 06:15:00,241.66,241.94,241.63,241.84,50079
2026-01-21 06:20:00,241.84,242.0,241.66,241.75,126908
2026-01-21 06:25:00,241.85,242.1,241.78,241.94,44152
2026-01-21 06:30:00,241.94,242.46,241.92,242.45,119561
2026-01-21 06:35:00,242.38,242.5,242.11,242.15,71204
2026-01-21 06:40:00,242.14,242.63,242.0,242.54,50270
2026-01-21 06:45:00,242.54,243.0,242.49,242.82,96390
2026-01-21 06:50:00,242.76,243.65,242.76,243.38,167725
2026-01-21 06:55:00,243.4,243.59,243.08,243.26,60740
2026-01-21 07:00:00,243.28,243.6,243.16,243.3,94423
2026-01-21 07:05:00,243.3,243.7,243.01,243.53,70666
2026-01-21 07:10:00,243.53,243.6,243.12,243.41,65543
2026-01-21 07:15:00,243.41,244.2,243.32,244.0,163692
2026-01-21 07:20:00,243.88,244.12,243.6,244.1,324120
2026-01-21 07:25:00,244.07,244.49,243.76,244.37,194164
2026-01-21 07:30:00,244.37,244.41,244.01,244.17,118481
2026-01-21 07:35:00,244.17,244.25,244.07,244.12,54217
2026-01-21 07:40:00,244.15,244.18,243.24,243.5,131904
2026-01-21 07:45:00,243.5,243.55,243.26,243.4,86631
2026-01-21 07:50:00,243.45,243.49,243.15,243.32,64625
2026-01-21 07:55:00,243.32,243.46,243.21,243.42,35204
2026-01-21 08:00:00,243.39,243.56,242.9,242.99,100651
2026-01-21 08:05:00,243.0,243.4,242.85,243.26,68053
2026-01-21 08:10:00,243.23,243.25,243.0,243.14,40965
2026-01-21 08:15:00,243.14,243.37,243.06,243.14,52941
2026-01-21 08:20:00,243.14,243.24,242.86,243.0,57217
2026-01-21 08:25:00,243.0,243.13,242.8,242.86,40169
2026-01-21 08:30:00,242.86,242.99,242.65,242.82,43097
2026-01-21 08:35:00,242.82,242.99,242.6,242.79,91167
2026-01-21 08:40:00,242.8,242.94,242.54,242.54,170331
2026-01-21 08:45:00,242.47,242.9,242.4,242.72,108013
2026-01-21 08:50:00,242.69,242.72,242.13,242.31,84185
2026-01-21 08:55:00,242.27,242.4,242.02,242.08,82684
2026-01-21 09:00:00,242.15,242.56,241.81,242.5,78898
2026-01-21 09:05:00,242.5,242.62,242.19,242.39,98347
2026-01-21 09:10:00,242.39,242.49,242.06,242.32,155263
2026-01-21 09:15:00,242.32,242.8,242.18,242.68,81443
2026-01-21 09:20:00,242.67,242.82,242.37,242.67,100647
2026-01-21 09:25:00,242.67,242.8,242.47,242.56,83958
2026-01-21 09:30:00,242.4,242.67,242.38,242.52,297551
2026-01-21 09:35:00,242.52,242.57,242.22,242.25,328871
2026-01-21 09:40:00,242.25,242.25,241.95,242.04,245038
2026-01-21 09:45:00,242.03,242.24,241.88,242.2,240197
2026-01-21 09:50:00,242.18,242.76,242.18,242.6,391992
2026-01-21 09:55:00,242.59,242.84,241.99,242.42,312983
2026-01-22 03:45:00,244.6,245.18,244.1,244.48,355112
2026-01-22 03:50:00,244.56,245.1,244.45,244.9,130961
2026-01-22 03:55:00,244.89,245.48,244.77,245.3,204942
2026-01-22 04:00:00,245.36,245.72,245.06,245.52,100138
2026-01-22 04:05:00,245.53,246.46,245.4,246.35,175130
2026-01-22 04:10:00,246.4,246.47,245.64,245.78,108069
2026-01-22 04:15:00,245.83,246.4,245.78,246.13,140888
2026-01-22 04:20:00,246.13,246.22,245.49,245.49,94847
2026-01-22 04:25:00,245.46,245.89,245.4,245.85,90424
2026-01-22 04:30:00,245.85,245.87,244.45,244.88,228441
2026-01-22 04:35:00,244.88,245.63,244.77,245.4,141866
2026-01-22 04:40:00,245.39,245.69,245.27,245.51,45355
2026-01-22 04:45:00,245.51,245.68,245.36,245.47,82104
2026-01-22 04:50:00,245.4,246.24,245.35,246.07,200288
2026-01-22 04:55:00,246.05,246.35,245.69,246.05,62582
2026-01-22 05:00:00,246.08,246.12,245.6,246.1,72134
2026-01-22 05:05:00,246.1,246.17,245.6,245.62,59101
2026-01-22 05:10:00,245.65,246.14,245.65,245.93,76773
2026-01-22 05:15:00,245.88,245.88,245.58,245.75,71771
2026-01-22 05:20:00,245.78,245.96,245.59,245.8,54073
2026-01-22 05:25:00,245.87,245.88,245.12,245.13,92910
2026-01-22 05:30:00,245.12,245.17,244.89,244.89,77921
2026-01-22 05:35:00,244.93,245.09,244.79,245.0,222810
2026-01-22 05:40:00,244.99,245.1,244.69,244.84,82989
2026-01-22 05:45:00,244.84,244.94,244.55,244.65,54058
2026-01-22 05:50:00,244.56,245.16,244.52,244.91,103490
2026-01-22 05:55:00,244.96,245.04,244.6,244.82,63834
2026-01-22 06:00:00,244.81,244.84,244.47,244.51,41799
2026-01-22 06:05:00,244.47,244.55,244.15,244.35,161301
2026-01-22 06:10:00,244.32,244.45,243.86,243.94,98175
2026-01-22 06:15:00,243.99,244.2,243.9,244.16,46630
2026-01-22 06:20:00,244.14,244.47,243.97,244.29,63959
2026-01-22 06:25:00,244.26,244.47,243.98,244.02,95927
2026-01-22 06:30:00,244.08,244.47,244.02,244.36,39186
2026-01-22 06:35:00,244.36,244.65,244.36,244.55,58913
2026-01-22 06:40:00,244.6,244.65,244.31,244.48,78851
2026-01-22 06:45:00,244.58,244.58,243.92,244.0,69312
2026-01-22 06:50:00,244.0,244.2,243.86,244.07,68615
2026-01-22 06:55:00,244.07,244.39,243.96,244.33,153453
2026-01-22 07:00:00,244.33,244.37,243.97,244.16,113687
2026-01-22 07:05:00,244.16,244.27,243.72,244.07,119904
2026-01-22 07:10:00,244.07,244.2,243.77,243.94,173962
2026-01-22 07:15:00,243.94,244.13,243.82,244.09,95402
2026-01-22 07:20:00,244.09,244.2,243.88,244.0,116030
2026-01-22 07:25:00,244.02,244.15,243.85,243.94,111988
2026-01-22 07:30:00,243.9,244.02,243.76,243.93,133077
2026-01-22 07:35:00,243.97,244.05,243.61,243.81,149579
2026-01-22 07:40:00,243.81,244.25,243.53,243.67,262389
2026-01-22 07:45:00,243.67,243.95,243.41,243.83,97269
2026-01-22 07:50:00,243.83,243.96,243.51,243.68,97643
2026-01-22 07:55:00,243.68,243.84,243.12,243.36,143308
2026-01-22 08:00:00,243.36,243.6,243.15,243.46,94282
2026-01-22 08:05:00,243.47,243.59,243.25,243.38,101958
2026-01-22 08:10:00,243.38,243.45,242.68,243.09,132585
2026-01-22 08:15:00,243.12,243.12,242.86,243.0,98095
2026-01-22 08:20:00,243.0,243.53,242.96,243.24,105357
2026-01-22 08:25:00,243.23,243.38,243.0,243.14,95617
2026-01-22 08:30:00,243.18,243.45,243.12,243.33,95541
2026-01-22 08:35:00,243.33,243.4,243.04,243.31,106837
2026-01-22 08:40:00,243.31,243.59,243.02,243.02,105399
2026-01-22 08:45:00,243.01,243.17,242.77,243.02,135685
2026-01-22 08:50:00,243.0,243.24,242.94,243.0,116623
2026-01-22 08:55:00,243.0,243.22,242.57,243.13,113039
2026-01-22 09:00:00,243.13,243.63,243.11,243.51,113227
2026-01-22 09:05:00,243.5,243.85,243.27,243.55,115283
2026-01-22 09:10:00,243.51,243.71,243.3,243.5,142654
2026-01-22 09:15:00,243.52,243.95,243.22,243.54,443239
2026-01-22 09:20:00,243.54,243.95,243.29,243.54,209327
2026-01-22 09:25:00,243.6,244.2,243.56,243.89,357456
2026-01-22 09:30:00,243.81,244.08,243.71,243.98,360948
2026-01-22 09:35:00,243.97,243.99,243.6,243.79,238655
2026-01-22 09:40:00,243.75,244.16,243.75,243.95,447009
2026-01-22 09:45:00,243.94,244.45,243.89,244.1,619068
2026-01-22 09:50:00,244.1,244.35,243.91,244.02,306458
2026-01-22 09:55:00,244.02,244.19,243.41,243.5,276294
2026-01-23 03:45:00,245.3,245.3,241.55,242.87,392072
2026-01-23 03:50:00,242.78,243.35,242.64,242.95,87153
2026-01-23 03:55:00,242.94,243.84,242.92,243.78,116416
2026-01-23 04:00:00,243.73,243.91,243.35,243.54,92157
2026-01-23 04:05:00,243.43,243.83,243.3,243.65,50525
2026-01-23 04:10:00,243.68,244.1,243.54,243.89,80310
2026-01-23 04:15:00,243.87,244.48,243.53,243.96,113318
2026-01-23 04:20:00,243.93,244.17,243.59,243.67,76251
2026-01-23 04:25:00,243.66,243.99,243.5,243.85,35471
2026-01-23 04:30:00,243.86,243.9,243.59,243.85,39209
2026-01-23 04:35:00,243.92,244.74,243.87,244.4,123020
2026-01-23 04:40:00,244.4,245.16,244.32,244.74,260476
2026-01-23 04:45:00,244.73,244.98,244.62,244.83,57098
2026-01-23 04:50:00,244.83,244.94,244.68,244.75,56292
2026-01-23 04:55:00,244.74,245.26,244.67,245.24,88607
2026-01-23 05:00:00,245.25,245.41,244.95,245.18,130559
2026-01-23 05:05:00,245.17,245.3,245.0,245.15,71750
2026-01-23 05:10:00,245.15,245.25,244.9,245.07,50287
2026-01-23 05:15:00,245.07,245.1,244.82,244.97,46075
2026-01-23 05:20:00,244.94,245.06,244.78,244.8,55004
2026-01-23 05:25:00,244.8,244.89,244.54,244.67,66895
2026-01-23 05:30:00,244.67,244.81,244.5,244.78,48538
2026-01-23 05:35:00,244.78,244.78,243.99,244.1,88592
2026-01-23 05:40:00,244.11,244.72,244.06,244.51,66799
2026-01-23 05:45:00,244.51,245.15,244.41,244.97,63842
2026-01-23 05:50:00,244.91,245.03,244.79,244.89,54154
2026-01-23 05:55:00,244.89,244.9,244.63,244.69,49856
2026-01-23 06:00:00,244.67,244.8,244.57,244.64,47389
2026-01-23 06:05:00,244.57,244.63,244.36,244.39,57041
2026-01-23 06:10:00,244.39,244.4,243.78,243.88,68459
2026-01-23 06:15:00,243.83,244.11,243.82,243.92,70353
2026-01-23 06:20:00,243.92,244.22,243.81,244.0,58770
2026-01-23 06:25:00,243.99,244.25,243.88,244.14,60378
2026-01-23 06:30:00,244.14,244.44,243.96,244.4,60329
2026-01-23 06:35:00,244.45,244.5,244.14,244.43,64524
2026-01-23 06:40:00,244.43,244.47,244.19,244.29,80645
2026-01-23 06:45:00,244.3,244.6,244.08,244.6,84535
2026-01-23 06:50:00,244.6,244.98,244.6,244.66,91089
2026-01-23 06:55:00,244.75,245.38,244.56,245.27,154831
2026-01-23 07:00:00,245.27,245.38,244.89,244.89,82434
2026-01-23 07:05:00,244.9,245.06,244.77,244.92,70461
2026-01-23 07:10:00,244.92,245.72,244.9,245.72,134125
2026-01-23 07:15:00,245.72,246.24,245.57,245.97,591216
2026-01-23 07:20:00,245.97,246.3,245.78,246.21,100201
2026-01-23 07:25:00,246.19,246.26,245.62,245.62,73791
2026-01-23 07:30:00,245.66,245.8,245.5,245.73,82094
2026-01-23 07:35:00,245.7,245.8,245.53,245.54,61129
2026-01-23 07:40:00,245.53,245.91,245.53,245.69,100214
2026-01-23 07:45:00,245.69,245.84,245.04,245.28,90481
2026-01-23 07:50:00,245.28,245.4,245.0,245.01,86837
2026-01-23 07:55:00,245.01,245.29,245.01,245.11,57085
2026-01-23 08:00:00,245.11,245.17,244.84,244.88,74918
2026-01-23 08:05:00,244.93,245.14,244.71,245.14,100692
2026-01-23 08:10:00,245.15,245.39,244.92,245.13,82093
2026-01-23 08:15:00,245.13,245.32,245.01,245.26,62274
2026-01-23 08:20:00,245.31,245.33,245.09,245.21,66870
2026-01-23 08:25:00,245.28,245.48,245.19,245.28,147669
2026-01-23 08:30:00,245.23,245.68,245.2,245.5,159825
2026-01-23 08:35:00,245.51,245.65,245.16,245.45,103706
2026-01-23 08:40:00,245.45,245.47,245.11,245.3,68143
2026-01-23 08:45:00,245.35,245.64,245.25,245.32,73604
2026-01-23 08:50:00,245.32,245.37,245.05,245.22,91229
2026-01-23 08:55:00,245.24,245.5,245.05,245.41,87301
2026-01-23 09:00:00,245.41,245.65,245.22,245.4,110913
2026-01-23 09:05:00,245.44,245.58,244.97,245.28,139705
2026-01-23 09:10:00,245.28,245.6,245.26,245.45,93342
2026-01-23 09:15:00,245.5,245.58,244.84,244.87,127503
2026-01-23 09:20:00,244.87,245.69,244.87,245.59,166607
2026-01-23 09:25:00,245.51,245.8,245.41,245.69,120011
2026-01-23 09:30:00,245.78,245.96,245.23,245.48,226648
2026-01-23 09:35:00,245.51,245.58,245.16,245.16,176101
2026-01-23 09:40:00,245.2,245.35,245.1,245.28,183596
2026-01-23 09:45:00,245.28,245.42,245.16,245.42,255499
2026-01-23 09:50:00,245.44,245.5,245.32,245.49,182459
2026-01-23 09:55:00,245.48,246.26,245.48,245.79,258653
2026-01-27 03:45:00,246.6,248.99,246.5,246.58,729744
2026-01-27 03:50:00,246.59,246.59,245.89,246.05,403844
2026-01-27 03:55:00,246.11,247.49,245.99,247.15,388726
2026-01-27 04:00:00,247.07,247.16,246.2,246.2,176806
2026-01-27 04:05:00,246.22,246.96,246.2,246.62,188572
2026-01-27 04:10:00,246.62,247.12,246.5,247.0,183140
2026-01-27 04:15:00,247.01,247.22,246.86,247.22,133656
2026-01-27 04:20:00,247.17,247.35,246.9,247.02,136930
2026-01-27 04:25:00,247.02,247.16,246.2,246.55,126631
2026-01-27 04:30:00,246.51,247.28,246.51,247.12,969651
2026-01-27 04:35:00,247.02,247.15,246.54,246.95,61653
2026-01-27 04:40:00,246.94,247.13,246.65,247.02,82715
2026-01-27 04:45:00,247.0,247.4,246.71,247.29,148132
2026-01-27 04:50:00,247.28,247.59,247.28,247.39,104446
2026-01-27 04:55:00,247.36,247.66,247.36,247.54,461278
2026-01-27 05:00:00,247.6,247.63,246.72,247.0,298231
2026-01-27 05:05:00,247.0,247.21,246.62,247.13,206674
2026-01-27 05:10:00,247.13,247.24,246.68,246.85,114199
2026-01-27 05:15:00,246.85,247.12,246.75,247.0,49868
2026-01-27 05:20:00,247.09,247.09,246.64,246.82,62221
2026-01-27 05:25:00,246.82,246.85,246.46,246.57,122371
2026-01-27 05:30:00,246.57,247.1,246.35,246.98,128864
2026-01-27 05:35:00,246.99,247.08,246.77,246.97,86526
2026-01-27 05:40:00,246.93,247.5,246.81,247.4,109202
2026-01-27 05:45:00,247.4,247.5,246.94,247.2,163140
2026-01-27 05:50:00,247.26,247.33,246.95,247.09,125786
2026-01-27 05:55:00,247.09,247.24,246.85,247.24,69747
2026-01-27 06:00:00,247.24,247.5,247.19,247.36,105079
2026-01-27 06:05:00,247.42,247.69,247.36,247.64,112979
2026-01-27 06:10:00,247.64,248.59,247.49,248.59,335447
2026-01-27 06:15:00,248.59,248.68,248.0,248.14,212574
2026-01-27 06:20:00,248.21,248.23,248.0,248.1,53780
2026-01-27 06:25:00,248.22,248.22,247.94,248.09,99296
2026-01-27 06:30:00,248.09,248.22,247.87,248.15,84119
2026-01-27 06:35:00,248.15,248.55,248.13,248.36,124963
2026-01-27 06:40:00,248.35,248.4,248.2,248.36,80221
2026-01-27 06:45:00,248.36,248.36,248.09,248.11,69200
2026-01-27 06:50:00,248.14,248.44,248.14,248.37,68814
2026-01-27 06:55:00,248.37,248.44,247.93,248.05,147094
2026-01-27 07:00:00,248.05,248.25,247.79,247.96,155828
2026-01-27 07:05:00,247.93,248.0,247.71,247.82,70320
2026-01-27 07:10:00,247.81,247.98,247.71,247.81,68308
2026-01-27 07:15:00,247.81,247.81,247.58,247.62,65462
2026-01-27 07:20:00,247.64,248.09,247.57,247.9,91668
2026-01-27 07:25:00,247.92,248.05,247.87,247.88,55256
2026-01-27 07:30:00,247.88,247.88,247.51,247.76,174463
2026-01-27 07:35:00,247.81,248.26,247.66,248.1,61208
2026-01-27 07:40:00,248.09,248.28,247.9,248.23,73074
2026-01-27 07:45:00,248.23,248.25,247.86,248.1,101878
2026-01-27 07:50:00,248.1,248.2,247.84,248.15,117750
2026-01-27 07:55:00,248.15,248.55,247.96,248.55,74269
2026-01-27 08:00:00,248.67,248.75,248.13,248.29,110426
2026-01-27 08:05:00,248.29,248.3,247.67,247.69,73227
2026-01-27 08:10:00,247.69,247.98,247.65,247.75,49226
2026-01-27 08:15:00,247.75,247.98,247.56,247.6,80741
2026-01-27 08:20:00,247.65,247.7,247.31,247.34,180285
2026-01-27 08:25:00,247.45,247.65,247.0,247.62,534442
2026-01-27 08:30:00,247.63,247.67,247.32,247.35,74789
2026-01-27 08:35:00,247.42,247.5,247.08,247.1,192001
2026-01-27 08:40:00,247.19,247.31,246.94,247.0,69933
2026-01-27 08:45:00,247.04,247.17,246.85,247.1,67214
2026-01-27 08:50:00,247.11,247.16,246.85,247.01,56355
2026-01-27 08:55:00,247.01,247.45,246.74,247.09,294243
2026-01-27 09:00:00,247.14,247.78,247.0,247.65,151815
2026-01-27 09:05:00,247.68,247.94,247.48,247.79,204892
2026-01-27 09:10:00,247.79,248.09,247.69,247.8,295321
2026-01-27 09:15:00,247.89,247.99,247.78,247.95,128487
2026-01-27 09:20:00,247.95,248.2,247.88,248.15,200895
2026-01-27 09:25:00,248.15,248.28,247.91,247.99,215891
2026-01-27 09:30:00,248.02,248.17,247.57,247.99,384832
2026-01-27 09:35:00,248.0,248.12,247.46,247.9,1338596
2026-01-27 09:40:00,247.89,248.09,247.5,248.01,884401
2026-01-27 09:45:00,248.0,248.1,247.78,248.02,642891
2026-01-27 09:50:00,248.03,248.45,247.56,248.45,678627
2026-01-27 09:55:00,248.45,248.5,247.87,248.2,439106
2026-01-28 03:45:00,249.2,255.88,249.2,255.48,2224547
2026-01-28 03:50:00,255.4,259.85,255.25,259.33,2985003
2026-01-28 03:55:00,259.53,261.1,259.0,260.55,2340073
2026-01-28 04:00:00,260.55,262.7,260.5,261.49,2177457
2026-01-28 04:05:00,261.5,262.67,260.31,262.6,1688288
2026-01-28 04:10:00,262.6,263.22,261.91,262.2,1543870
2026-01-28 04:15:00,262.25,263.85,262.06,263.8,1471463
2026-01-28 04:20:00,263.8,265.7,263.21,265.65,2302483
2026-01-28 04:25:00,265.65,266.2,264.24,265.12,1829674
2026-01-28 04:30:00,265.2,265.89,263.19,264.1,1472615
2026-01-28 04:35:00,264.1,264.29,261.54,263.18,1582468
2026-01-28 04:40:00,263.02,264.05,262.81,263.56,1669694
2026-01-28 04:45:00,263.71,264.37,263.19,263.41,676844
2026-01-28 04:50:00,263.45,264.16,263.0,263.51,762977
2026-01-28 04:55:00,263.54,263.66,261.85,262.11,1580008
2026-01-28 05:00:00,262.13,262.48,261.41,262.02,1086334
2026-01-28 05:05:00,262.09,262.99,261.99,262.69,1222486
2026-01-28 05:10:00,262.73,263.65,262.5,262.71,796277
2026-01-28 05:15:00,262.66,263.4,262.56,263.1,587389
2026-01-28 05:20:00,263.11,263.67,262.64,262.76,583011
2026-01-28 05:25:00,262.76,263.17,262.1,262.96,359621
2026-01-28 05:30:00,262.93,263.89,262.91,263.8,369511
2026-01-28 05:35:00,263.8,263.99,263.34,263.57,584516
2026-01-28 05:40:00,263.63,263.85,263.02,263.31,753129
2026-01-28 05:45:00,263.31,264.13,263.27,263.85,846234
2026-01-28 05:50:00,263.85,264.01,263.41,263.94,631394
2026-01-28 05:55:00,263.99,264.49,263.6,263.62,739595
2026-01-28 06:00:00,263.71,264.0,262.72,262.8,717886
2026-01-28 06:05:00,262.8,263.54,261.8,261.92,1147326
2026-01-28 06:10:00,262.0,262.0,261.48,261.74,1072684
2026-01-28 06:15:00,261.85,263.73,261.7,263.39,1424511
2026-01-28 06:20:00,263.39,264.2,263.17,263.99,1347783
2026-01-28 06:25:00,263.99,264.44,263.85,264.3,910632
2026-01-28 06:30:00,264.3,266.7,264.3,266.25,2834922
2026-01-28 06:35:00,266.21,267.0,266.2,266.99,1153860
2026-01-28 06:40:00,266.97,268.2,266.8,268.08,1512526
2026-01-28 06:45:00,268.09,268.42,267.71,268.42,947625
2026-01-28 06:50:00,268.35,269.5,268.35,268.75,2116276
2026-01-28 06:55:00,268.76,268.92,267.63,267.8,891053
2026-01-28 07:00:00,267.79,268.28,267.08,267.67,762121
2026-01-28 07:05:00,267.67,267.67,267.2,267.26,355824
2026-01-28 07:10:00,267.26,267.6,266.61,267.16,912877
2026-01-28 07:15:00,267.15,267.56,266.5,266.83,1295592
2026-01-28 07:20:00,266.78,266.81,266.41,266.69,398146
2026-01-28 07:25:00,266.69,266.74,266.33,266.43,499215
2026-01-28 07:30:00,266.49,267.48,266.47,267.05,624795
2026-01-28 07:35:00,267.12,267.19,266.31,266.43,385185
2026-01-28 07:40:00,266.44,266.77,266.1,266.2,449216
2026-01-28 07:45:00,266.25,266.5,265.85,266.21,432069
2026-01-28 07:50:00,266.21,266.28,265.6,265.61,474701
2026-01-28 07:55:00,265.61,265.92,265.31,265.36,539415
2026-01-28 08:00:00,265.33,265.58,265.0,265.0,701661
2026-01-28 08:05:00,265.01,265.26,265.0,265.1,271052
2026-01-28 08:10:00,265.11,265.49,265.02,265.03,303770
2026-01-28 08:15:00,265.1,265.4,265.01,265.34,243251
2026-01-28 08:20:00,265.34,265.95,265.13,265.8,351516
2026-01-28 08:25:00,265.88,266.24,265.63,265.89,272558
2026-01-28 08:30:00,265.9,266.24,265.46,265.57,1325514
2026-01-28 08:35:00,265.57,266.56,265.26,266.51,1004042
2026-01-28 08:40:00,266.51,266.64,265.64,266.05,315548
2026-01-28 08:45:00,266.19,266.5,266.01,266.24,271506
2026-01-28 08:50:00,266.24,267.4,266.06,267.36,580283
2026-01-28 08:55:00,267.35,267.4,267.0,267.24,454869
2026-01-28 09:00:00,267.21,267.29,266.73,266.78,325088
2026-01-28 09:05:00,266.7,266.96,266.3,266.94,337246
2026-01-28 09:10:00,267.05,267.4,266.74,267.3,408494
2026-01-28 09:15:00,267.31,267.61,267.28,267.52,434570
2026-01-28 09:20:00,267.56,268.75,267.49,268.66,691868
2026-01-28 09:25:00,268.64,268.99,268.33,268.73,797666
2026-01-28 09:30:00,268.76,269.28,268.5,268.7,953476
2026-01-28 09:35:00,268.68,269.65,268.16,268.2,1105828
2026-01-28 09:40:00,268.3,268.49,267.28,268.3,1205850
2026-01-28 09:45:00,268.3,269.15,268.1,269.02,1056490
2026-01-28 09:50:00,269.02,269.1,268.39,268.49,891706
2026-01-28 09:55:00,268.55,269.05,268.23,268.23,754415
2026-01-29 03:45:00,270.0,272.39,269.01,270.9,1693190
2026-01-29 03:50:00,270.9,270.9,269.5,269.99,1373786
2026-01-29 03:55:00,270.0,271.9,269.34,271.34,2209514
2026-01-29 04:00:00,271.47,273.39,270.7,272.91,1485651
2026-01-29 04:05:00,272.8,273.68,271.7,273.4,749113
2026-01-29 04:10:00,273.34,275.73,273.13,274.95,1971960
2026-01-29 04:15:00,274.89,275.0,272.52,273.68,1052340
2026-01-29 04:20:00,273.55,274.61,271.8,271.92,1148510
2026-01-29 04:25:00,271.83,272.07,271.5,271.61,593932
2026-01-29 04:30:00,271.89,272.2,271.11,272.01,511217
2026-01-29 04:35:00,272.01,273.42,271.76,272.69,1775710
2026-01-29 04:40:00,272.69,273.22,271.8,272.1,404425
2026-01-29 04:45:00,272.15,272.5,270.85,271.46,683841
2026-01-29 04:50:00,271.41,271.74,270.9,271.58,434765
2026-01-29 04:55:00,271.56,272.06,270.91,271.79,281316
2026-01-29 05:00:00,271.77,273.35,271.18,273.09,503272
2026-01-29 05:05:00,273.09,273.25,272.98,273.0,517243
2026-01-29 05:10:00,273.04,273.7,273.0,273.59,761312
2026-01-29 05:15:00,273.7,273.95,273.05,273.11,492938
2026-01-29 05:20:00,273.22,273.76,273.02,273.36,458132
2026-01-29 05:25:00,273.48,273.98,273.11,273.46,319395
2026-01-29 05:30:00,273.59,273.76,273.17,273.3,227243
2026-01-29 05:35:00,273.4,273.45,272.98,273.16,439273
2026-01-29 05:40:00,273.15,273.27,271.3,271.47,425317
2026-01-29 05:45:00,271.47,272.2,271.4,271.84,352791
2026-01-29 05:50:00,271.84,273.2,271.73,272.9,2232775
2026-01-29 05:55:00,272.75,272.91,272.25,272.82,553383
2026-01-29 06:00:00,272.82,273.0,272.53,272.97,241154
2026-01-29 06:05:00,272.94,273.3,272.7,273.11,242178
2026-01-29 06:10:00,273.07,273.4,272.78,273.0,209301
2026-01-29 06:15:00,273.01,273.13,272.55,273.0,541056
2026-01-29 06:20:00,273.0,273.23,272.88,272.95,189356
2026-01-29 06:25:00,273.0,273.86,272.96,273.58,297838
2026-01-29 06:30:00,273.58,274.35,273.5,274.2,342197
2026-01-29 06:35:00,274.2,274.26,273.64,274.01,249500
2026-01-29 06:40:00,274.01,274.45,273.75,274.2,295508
2026-01-29 06:45:00,274.2,274.9,274.0,274.83,452264
2026-01-29 06:50:00,274.8,274.97,273.91,274.64,437847
2026-01-29 06:55:00,274.54,274.74,274.18,274.59,934909
2026-01-29 07:00:00,274.63,275.15,274.48,274.55,261189
2026-01-29 07:05:00,274.55,274.58,273.48,273.82,966646
2026-01-29 07:10:00,273.82,273.82,272.96,273.01,314376
2026-01-29 07:15:00,273.01,274.04,272.57,273.64,299479
2026-01-29 07:20:00,273.64,274.0,272.77,273.19,303923
2026-01-29 07:25:00,273.2,273.84,272.82,273.7,271946
2026-01-29 07:30:00,273.7,273.91,273.42,273.78,280392
2026-01-29 07:35:00,273.74,273.78,273.06,273.49,314224
2026-01-29 07:40:00,273.49,274.07,273.48,273.99,288204
2026-01-29 07:45:00,273.98,274.0,273.64,273.82,257587
2026-01-29 07:50:00,273.82,274.0,273.74,273.94,246017
2026-01-29 07:55:00,273.94,274.4,273.94,274.2,855980
2026-01-29 08:00:00,274.18,274.45,274.08,274.32,255272
2026-01-29 08:05:00,274.32,274.33,274.05,274.2,160360
2026-01-29 08:10:00,274.2,274.21,274.0,274.18,178659
2026-01-29 08:15:00,274.18,274.7,274.05,274.5,820785
2026-01-29 08:20:00,274.5,274.7,274.36,274.58,307733
2026-01-29 08:25:00,274.62,274.62,274.29,274.43,204255
2026-01-29 08:30:00,274.44,274.58,274.24,274.53,254022
2026-01-29 08:35:00,274.52,274.6,274.25,274.57,508285
2026-01-29 08:40:00,274.55,275.13,274.5,275.0,805235
2026-01-29 08:45:00,275.0,275.02,274.65,275.0,709928
2026-01-29 08:50:00,275.0,275.35,274.79,275.34,606774
2026-01-29 08:55:00,275.2,275.66,275.1,275.64,532154
2026-01-29 09:00:00,275.63,276.53,275.56,276.11,822949
2026-01-29 09:05:00,276.15,277.49,276.0,277.34,1394222
2026-01-29 09:10:00,277.24,277.77,275.56,275.7,1102168
2026-01-29 09:15:00,275.7,276.07,275.34,275.74,510563
2026-01-29 09:20:00,275.61,276.07,275.1,275.78,880640
2026-01-29 09:25:00,275.63,276.9,275.34,276.15,961439
2026-01-29 09:30:00,276.2,276.45,275.5,275.64,570498
2026-01-29 09:35:00,275.7,275.98,275.0,275.13,789385
2026-01-29 09:40:00,275.14,275.69,274.75,275.43,720042
2026-01-29 09:45:00,275.48,276.0,275.2,275.3,742073
2026-01-29 09:50:00,275.28,275.57,274.91,275.35,900523
2026-01-29 09:55:00,275.25,275.89,274.6,274.84,682847
2026-01-30 03:45:00,273.89,274.11,269.61,270.56,1901779
2026-01-30 03:50:00,270.55,271.5,269.39,270.47,621522
2026-01-30 03:55:00,270.42,272.29,270.41,270.81,333900
2026-01-30 04:00:00,270.81,270.96,270.0,270.4,422601
2026-01-30 04:05:00,270.4,271.63,270.4,271.23,221429
2026-01-30 04:10:00,271.3,272.75,270.38,271.99,525944
2026-01-30 04:15:00,271.99,274.6,271.97,274.6,755069
2026-01-30 04:20:00,274.62,276.5,274.56,275.73,1227157
2026-01-30 04:25:00,275.63,275.63,273.4,273.44,802441
2026-01-30 04:30:00,273.53,273.54,272.05,272.11,261031
2026-01-30 04:35:00,272.11,272.29,271.25,271.4,307073
2026-01-30 04:40:00,271.33,271.45,270.2,270.44,410665
2026-01-30 04:45:00,270.4,270.74,270.11,270.18,210296
2026-01-30 04:50:00,270.18,270.18,268.62,269.19,355232
2026-01-30 04:55:00,269.2,270.19,268.89,270.0,556985
2026-01-30 05:00:00,270.04,271.31,269.91,270.76,624051
2026-01-30 05:05:00,270.8,271.26,270.71,271.06,165391
2026-01-30 05:10:00,271.07,271.5,271.01,271.24,191761
2026-01-30 05:15:00,271.17,271.38,270.68,271.1,136666
2026-01-30 05:20:00,271.1,271.1,269.92,270.42,277821
2026-01-30 05:25:00,270.32,271.04,270.15,270.62,140491
2026-01-30 05:30:00,270.57,270.68,270.07,270.15,98653
2026-01-30 05:35:00,270.07,270.07,269.58,269.59,104097
2026-01-30 05:40:00,269.61,270.41,269.53,269.92,149065
2026-01-30 05:45:00,269.98,269.98,269.34,269.5,102542
2026-01-30 05:50:00,269.5,269.95,269.21,269.95,119900
2026-01-30 05:55:00,269.89,270.52,269.88,270.13,117067
2026-01-30 06:00:00,270.18,270.73,269.75,269.75,128898
2026-01-30 06:05:00,269.75,270.99,269.73,270.87,135046
2026-01-30 06:10:00,270.75,271.23,270.53,270.75,138277
2026-01-30 06:15:00,270.74,271.22,270.2,270.88,135832
2026-01-30 06:20:00,270.83,271.7,270.83,271.53,159433
2026-01-30 06:25:00,271.38,271.53,270.93,271.03,114977
2026-01-30 06:30:00,271.0,271.11,270.5,270.65,104506
2026-01-30 06:35:00,270.7,270.9,270.5,270.58,87597
2026-01-30 06:40:00,270.49,270.68,269.7,269.82,159187
2026-01-30 06:45:00,269.82,270.04,269.52,269.76,138327
2026-01-30 06:50:00,269.76,270.35,269.65,270.28,118248
2026-01-30 06:55:00,270.28,270.93,270.12,270.36,172585
2026-01-30 07:00:00,270.35,270.71,270.09,270.61,136168
2026-01-30 07:05:00,270.65,270.7,269.9,269.94,128190
2026-01-30 07:10:00,269.94,269.97,268.74,268.74,325185
2026-01-30 07:15:00,268.74,269.19,268.51,269.12,145998
2026-01-30 07:20:00,269.11,269.2,268.78,269.01,118083
2026-01-30 07:25:00,268.99,269.3,268.79,269.13,131326
2026-01-30 07:30:00,269.14,269.26,268.7,268.84,189397
2026-01-30 07:35:00,268.83,268.96,268.36,268.45,175885
2026-01-30 07:40:00,268.48,268.66,268.13,268.2,190867
2026-01-30 07:45:00,268.15,268.6,268.01,268.38,155149
2026-01-30 07:50:00,268.38,268.8,268.16,268.51,280704
2026-01-30 07:55:00,268.51,268.66,268.3,268.4,160184
2026-01-30 08:00:00,268.4,269.13,268.38,268.96,154608
2026-01-30 08:05:00,268.96,269.33,268.51,268.62,183980
2026-01-30 08:10:00,268.63,269.24,268.62,268.81,220701
2026-01-30 08:15:00,268.82,269.1,268.67,268.91,147618
2026-01-30 08:20:00,268.91,269.5,268.91,269.35,179963
2026-01-30 08:25:00,269.33,269.8,269.09,269.77,183314
2026-01-30 08:30:00,269.77,269.83,269.27,269.64,240042
2026-01-30 08:35:00,269.64,269.75,269.44,269.62,136490
2026-01-30 08:40:00,269.66,269.82,269.17,269.63,203050
2026-01-30 08:45:00,269.65,269.65,269.33,269.53,185377
2026-01-30 08:50:00,269.53,269.68,269.04,269.25,227053
2026-01-30 08:55:00,269.21,269.29,268.92,269.04,175651
2026-01-30 09:00:00,269.04,269.2,268.8,268.89,146041
2026-01-30 09:05:00,268.89,269.46,268.85,269.12,183274
2026-01-30 09:10:00,269.12,269.12,268.21,268.33,165601
2026-01-30 09:15:00,268.41,268.98,268.31,268.89,163518
2026-01-30 09:20:00,268.96,268.99,268.37,268.56,172057
2026-01-30 09:25:00,268.56,268.79,268.33,268.57,261891
2026-01-30 09:30:00,268.57,269.48,268.56,268.71,1136279
2026-01-30 09:35:00,268.68,269.11,268.63,268.94,949295
2026-01-30 09:40:00,268.94,269.02,268.85,268.95,980548
2026-01-30 09:45:00,268.96,269.94,268.9,269.0,1091221
2026-01-30 09:50:00,269.0,269.68,268.22,268.85,1077851
2026-01-30 09:55:00,268.92,269.22,268.01,268.06,884788
2026-02-01 03:45:00,269.0,270.45,268.2,270.0,285719
2026-02-01 03:50:00,270.15,270.2,269.25,269.25,83640
2026-02-01 03:55:00,269.45,272.8,268.75,272.45,219683
2026-02-01 04:00:00,272.5,273.75,271.55,273.55,357539
2026-02-01 04:05:00,273.5,275.85,273.3,275.7,536078
2026-02-01 04:10:00,275.6,275.8,272.5,273.15,602583
2026-02-01 04:15:00,273.3,273.3,271.9,272.3,531848
2026-02-01 04:20:00,272.25,274.8,271.45,274.65,595317
2026-02-01 04:25:00,274.5,274.65,273.5,273.75,199394
2026-02-01 04:30:00,273.65,273.85,273.5,273.75,54631
2026-02-01 04:35:00,273.75,274.0,273.4,273.55,83958
2026-02-01 04:40:00,273.55,274.0,273.25,273.85,142381
2026-02-01 04:45:00,273.8,274.15,273.1,273.1,100599
2026-02-01 04:50:00,273.05,273.3,272.6,272.75,90163
2026-02-01 04:55:00,272.7,273.2,272.5,272.7,102719
2026-02-01 05:00:00,272.6,272.7,272.0,272.65,89408
2026-02-01 05:05:00,272.65,272.9,272.2,272.3,58555
2026-02-01 05:10:00,272.2,272.35,270.85,270.9,230025
2026-02-01 05:15:00,270.9,271.65,270.9,271.35,118994
2026-02-01 05:20:00,271.4,272.3,271.4,271.85,94315
2026-02-01 05:25:00,271.85,272.0,271.55,271.65,68743
2026-02-01 05:30:00,271.65,271.85,270.45,270.65,167243
2026-02-01 05:35:00,270.6,272.05,270.6,271.2,154887
2026-02-01 05:40:00,271.25,271.9,271.0,271.1,83584
2026-02-01 05:45:00,271.3,271.45,270.0,270.15,236169
2026-02-01 05:50:00,270.25,270.3,269.65,269.95,152728
2026-02-01 05:55:00,269.95,270.3,269.6,269.9,113641
2026-02-01 06:00:00,269.75,270.0,269.65,270.0,50983
2026-02-01 06:05:00,269.85,270.05,269.3,269.35,52560
2026-02-01 06:10:00,269.3,269.85,269.3,269.35,100534
2026-02-01 06:15:00,269.35,269.35,266.9,267.25,390616
2026-02-01 06:20:00,267.0,267.25,266.3,266.4,271174
2026-02-01 06:25:00,266.35,267.3,265.95,267.0,364480
2026-02-01 06:30:00,267.0,267.85,266.8,266.95,114083
2026-02-01 06:35:00,266.95,268.0,266.5,267.45,120176
2026-02-01 06:40:00,267.25,268.4,265.1,265.5,168334
2026-02-01 06:45:00,265.6,266.35,264.95,265.1,166071
2026-02-01 06:50:00,265.1,265.35,264.1,265.0,180054
2026-02-01 06:55:00,265.15,265.75,262.9,263.05,233383
2026-02-01 07:00:00,263.0,263.0,256.2,259.65,1029182
2026-02-01 07:05:00,259.8,263.6,259.4,263.55,429089
2026-02-01 07:10:00,263.7,265.0,262.35,263.7,279068
2026-02-01 07:15:00,263.75,264.45,262.2,262.75,123599
2026-02-01 07:20:00,262.85,263.15,262.25,262.75,105475
2026-02-01 07:25:00,262.75,264.5,262.6,263.6,119872
2026-02-01 07:30:00,263.75,263.8,260.1,261.3,337013
2026-02-01 07:35:00,261.25,263.2,261.05,262.5,179512
2026-02-01 07:40:00,262.5,262.75,259.8,260.55,192825
2026-02-01 07:45:00,260.6,261.2,260.5,260.9,110524
2026-02-01 07:50:00,260.85,261.0,259.45,260.0,548095
2026-02-01 07:55:00,260.1,260.2,259.2,259.45,108806
2026-02-01 08:00:00,259.35,259.95,259.1,259.4,127575
2026-02-01 08:05:00,259.25,259.6,258.25,258.3,153726
2026-02-01 08:10:00,258.25,259.05,258.1,258.8,102365
2026-02-01 08:15:00,258.8,259.55,258.4,258.65,149089
2026-02-01 08:20:00,258.65,259.1,258.3,258.8,156625
2026-02-01 08:25:00,258.85,259.8,258.7,259.8,107422
2026-02-01 08:30:00,259.8,260.55,259.4,259.6,223004
2026-02-01 08:35:00,259.55,260.25,259.5,260.25,389561
2026-02-01 08:40:00,260.15,260.25,259.6,259.75,355993
2026-02-01 08:45:00,259.7,259.7,257.95,258.1,334515
2026-02-01 08:50:00,258.1,258.2,255.5,257.2,358256
2026-02-01 08:55:00,257.35,257.65,256.75,256.75,120246
2026-02-01 09:00:00,256.7,257.65,256.2,257.1,122353
2026-02-01 09:05:00,257.25,257.5,256.25,256.4,156287
2026-02-01 09:10:00,256.4,256.8,255.9,256.15,131166
2026-02-01 09:15:00,256.15,257.3,256.0,256.45,172283
2026-02-01 09:20:00,256.45,256.7,254.8,254.95,263993
2026-02-01 09:25:00,254.85,255.5,254.75,254.85,145282
2026-02-01 09:30:00,254.85,255.45,254.5,255.3,142738
2026-02-01 09:35:00,255.25,255.25,254.35,254.7,347603
2026-02-01 09:40:00,254.7,254.8,254.35,254.55,166996
2026-02-01 09:45:00,254.4,254.9,253.0,254.85,576859
2026-02-01 09:50:00,254.85,255.5,253.6,254.7,511507
2026-02-01 09:55:00,254.5,254.7,253.55,254.5,502334
2026-02-02 03:45:00,251.6,253.75,247.6,252.9,1173145
2026-02-02 03:50:00,253.2,257.0,253.1,256.65,502071
2026-02-02 03:55:00,256.45,256.55,254.6,254.95,391947
2026-02-02 04:00:00,254.95,255.3,253.0,253.0,546943
2026-02-02 04:05:00,252.9,254.0,252.05,252.75,1009330
2026-02-02 04:10:00,252.75,253.3,252.3,252.95,165830
2026-02-02 04:15:00,252.9,252.9,251.5,251.95,524718
2026-02-02 04:20:00,252.0,253.25,251.9,253.1,255342
2026-02-02 04:25:00,253.1,253.1,251.5,251.5,239912
2026-02-02 04:30:00,251.55,251.55,250.15,250.35,465552
2026-02-02 04:35:00,250.3,250.3,249.15,249.35,738147
2026-02-02 04:40:00,249.25,250.05,249.1,249.95,340206
2026-02-02 04:45:00,249.8,249.8,249.15,249.8,178697
2026-02-02 04:50:00,249.75,250.5,249.25,249.45,808798
2026-02-02 04:55:00,249.45,249.85,249.2,249.4,96176
2026-02-02 05:00:00,249.4,250.1,249.4,249.65,92937
2026-02-02 05:05:00,249.65,251.1,249.6,250.45,213686
2026-02-02 05:10:00,250.4,250.85,250.3,250.45,99855
2026-02-02 05:15:00,250.3,251.65,250.0,251.0,152123
2026-02-02 05:20:00,251.05,251.15,250.5,251.1,87429
2026-02-02 05:25:00,251.0,251.05,250.5,250.55,336587
2026-02-02 05:30:00,250.5,250.5,249.55,249.8,273920
2026-02-02 05:35:00,249.85,249.85,248.8,249.2,155590
2026-02-02 05:40:00,249.3,249.3,248.6,248.8,130115
2026-02-02 05:45:00,248.75,248.8,248.3,248.45,131148
2026-02-02 05:50:00,248.45,249.0,248.35,248.75,131849
2026-02-02 05:55:00,248.75,249.65,248.6,249.55,138103
2026-02-02 06:00:00,249.55,252.0,249.55,251.95,295672
2026-02-02 06:05:00,251.9,251.9,251.05,251.75,121168
2026-02-02 06:10:00,251.65,252.35,251.25,252.3,163250
2026-02-02 06:15:00,252.35,252.8,252.0,252.55,207148
2026-02-02 06:20:00,252.85,253.4,252.85,253.05,329257
2026-02-02 06:25:00,253.0,253.3,252.75,253.25,430040
2026-02-02 06:30:00,253.25,253.45,252.4,252.7,154120
2026-02-02 06:35:00,252.7,253.35,252.7,253.0,170358
2026-02-02 06:40:00,252.9,253.15,252.75,253.05,73810
2026-02-02 06:45:00,253.05,253.45,252.95,253.05,82389
2026-02-02 06:50:00,253.1,253.1,252.55,252.55,62636
2026-02-02 06:55:00,252.5,252.65,251.95,252.05,96435
2026-02-02 07:00:00,252.05,252.45,252.05,252.1,52373
2026-02-02 07:05:00,252.15,252.15,251.55,252.1,53599
2026-02-02 07:10:00,252.1,252.55,252.0,252.25,69876
2026-02-02 07:15:00,252.15,253.0,251.95,253.0,99026
2026-02-02 07:20:00,253.0,253.0,251.85,252.0,98585
2026-02-02 07:25:00,252.05,252.7,252.0,252.5,74207
2026-02-02 07:30:00,252.5,253.0,252.25,253.0,77434
2026-02-02 07:35:00,253.1,253.1,251.85,252.05,279156
2026-02-02 07:40:00,252.05,252.3,251.45,251.5,110849
2026-02-02 07:45:00,251.45,252.0,251.2,251.45,96514
2026-02-02 07:50:00,251.45,251.45,250.8,251.15,102678
2026-02-02 07:55:00,251.2,251.6,250.9,251.2,132392
2026-02-02 08:00:00,251.35,251.4,250.95,251.1,97843
2026-02-02 08:05:00,251.25,251.4,250.95,251.2,89405
2026-02-02 08:10:00,251.2,251.8,251.1,251.7,134451
2026-02-02 08:15:00,251.7,251.95,251.5,251.75,111087
2026-02-02 08:20:00,251.9,252.6,251.75,252.5,147224
2026-02-02 08:25:00,252.45,252.65,251.85,252.1,273729
2026-02-02 08:30:00,252.2,252.4,251.9,252.35,223488
2026-02-02 08:35:00,252.35,252.45,252.0,252.1,67983
2026-02-02 08:40:00,252.1,252.15,251.9,252.1,73130
2026-02-02 08:45:00,252.15,252.5,251.95,252.1,97069
2026-02-02 08:50:00,252.1,252.5,251.9,252.3,78472
2026-02-02 08:55:00,252.25,252.55,252.2,252.55,71156
2026-02-02 09:00:00,252.55,253.0,252.55,252.85,114405
2026-02-02 09:05:00,252.95,253.1,252.8,252.9,100933
2026-02-02 09:10:00,253.05,253.25,252.9,253.2,82330
2026-02-02 09:15:00,253.2,254.3,253.0,254.2,160458
2026-02-02 09:20:00,254.15,254.4,253.85,254.05,168411
2026-02-02 09:25:00,254.05,254.35,253.95,254.05,91251
2026-02-02 09:30:00,254.4,254.9,253.55,253.85,369963
2026-02-02 09:35:00,253.9,253.9,253.5,253.75,239334
2026-02-02 09:40:00,253.45,253.85,253.45,253.75,313399
2026-02-02 09:45:00,253.65,254.15,253.6,254.05,290372
2026-02-02 09:50:00,254.0,254.15,253.75,254.1,367197
2026-02-02 09:55:00,254.15,254.8,253.7,254.35,389003
2026-02-03 03:45:00,259.7,262.0,250.6,252.3,2090122
2026-02-03 03:50:00,252.1,254.0,251.65,252.6,589286
2026-02-03 03:55:00,252.6,252.85,249.95,250.65,1162836
2026-02-03 04:00:00,250.75,252.35,250.6,251.4,388869
2026-02-03 04:05:00,251.35,251.85,250.7,250.75,656953
2026-02-03 04:10:00,250.85,250.9,249.4,249.55,549075
2026-02-03 04:15:00,249.5,250.9,249.35,250.9,389686
2026-02-03 04:20:00,250.8,251.2,250.55,250.75,192281
2026-02-03 04:25:00,250.8,250.85,250.0,250.1,141834
2026-02-03 04:30:00,250.15,251.0,250.1,250.5,138987
2026-02-03 04:35:00,250.6,250.85,250.1,250.55,138402
2026-02-03 04:40:00,250.6,251.25,250.55,251.25,189155
2026-02-03 04:45:00,251.25,252.25,251.15,251.95,253010
2026-02-03 04:50:00,251.9,252.15,251.85,252.15,115899
2026-02-03 04:55:00,252.2,252.75,252.05,252.5,219553
2026-02-03 05:00:00,252.5,252.95,252.4,252.9,188186
2026-02-03 05:05:00,252.9,252.95,251.45,251.65,244604
2026-02-03 05:10:00,251.5,251.65,250.65,250.8,121534
2026-02-03 05:15:00,250.85,251.15,250.1,250.55,325050
2026-02-03 05:20:00,250.4,250.8,250.25,250.45,77426
2026-02-03 05:25:00,250.35,250.8,250.0,250.2,136782
2026-02-03 05:30:00,250.2,250.65,250.05,250.35,82536
2026-02-03 05:35:00,250.45,251.3,250.4,250.95,185980
2026-02-03 05:40:00,250.9,251.45,250.75,251.35,101992
2026-02-03 05:45:00,251.4,252.3,251.35,252.2,240108
2026-02-03 05:50:00,252.1,252.9,252.05,252.8,186782
2026-02-03 05:55:00,252.8,254.3,252.8,254.2,327049
2026-02-03 06:00:00,254.2,254.65,254.2,254.6,254786
2026-02-03 06:05:00,254.6,254.95,254.5,254.9,170017
2026-02-03 06:10:00,254.95,255.25,254.7,255.25,174525
2026-02-03 06:15:00,255.25,255.5,255.05,255.1,140022
2026-02-03 06:20:00,255.1,255.75,255.1,255.5,165865
2026-02-03 06:25:00,255.6,255.9,255.4,255.8,124709
2026-02-03 06:30:00,255.75,255.9,254.9,255.0,178183
2026-02-03 06:35:00,255.0,255.65,254.75,255.3,139764
2026-02-03 06:40:00,255.35,255.7,255.25,255.5,142587
2026-02-03 06:45:00,255.45,255.6,254.75,254.9,206095
2026-02-03 06:50:00,254.8,254.9,254.3,254.4,280023
2026-02-03 06:55:00,254.5,254.8,254.1,254.4,146039
2026-02-03 07:00:00,254.5,254.95,253.9,254.0,145551
2026-02-03 07:05:00,254.0,254.15,253.6,254.05,135690
2026-02-03 07:10:00,253.9,254.45,253.9,254.45,89601
2026-02-03 07:15:00,254.4,254.4,253.85,253.85,101121
2026-02-03 07:20:00,253.9,254.35,253.7,254.2,130920
2026-02-03 07:25:00,254.35,254.6,254.0,254.4,101136
2026-02-03 07:30:00,254.4,254.6,254.15,254.45,99780
2026-02-03 07:35:00,254.45,254.7,254.35,254.35,90939
2026-02-03 07:40:00,254.35,254.9,254.3,254.55,151879
2026-02-03 07:45:00,254.7,255.5,254.65,254.85,214112
2026-02-03 07:50:00,254.75,255.25,254.5,255.0,123022
2026-02-03 07:55:00,255.0,255.4,254.85,255.15,121202
2026-02-03 08:00:00,255.15,255.65,255.15,255.5,96339
2026-02-03 08:05:00,255.5,255.65,254.9,255.45,122274
2026-02-03 08:10:00,255.55,255.8,255.25,255.7,81764
2026-02-03 08:15:00,255.7,255.85,255.5,255.55,91876
2026-02-03 08:20:00,255.5,255.75,255.4,255.65,101962
2026-02-03 08:25:00,255.65,256.0,255.65,255.8,126441
2026-02-03 08:30:00,255.85,256.25,255.8,256.1,112592
2026-02-03 08:35:00,256.2,256.2,255.85,255.95,123626
2026-02-03 08:40:00,256.0,256.55,255.8,256.35,133681
2026-02-03 08:45:00,256.25,256.7,256.2,256.5,252392
2026-02-03 08:50:00,256.5,256.55,255.95,256.25,130436
2026-02-03 08:55:00,256.2,256.25,255.7,255.75,279869
2026-02-03 09:00:00,255.8,256.25,255.7,255.75,129570
2026-02-03 09:05:00,255.75,256.2,255.75,256.1,95422
2026-02-03 09:10:00,256.1,256.1,255.95,255.95,186740
2026-02-03 09:15:00,256.0,256.7,255.95,256.7,214585
2026-02-03 09:20:00,256.75,256.9,256.15,256.25,315598
2026-02-03 09:25:00,256.25,257.55,256.25,257.1,425803
2026-02-03 09:30:00,257.2,257.2,256.5,256.9,435067
2026-02-03 09:35:00,256.95,256.95,256.5,256.5,429814
2026-02-03 09:40:00,256.55,256.9,256.5,256.8,432159
2026-02-03 09:45:00,256.8,257.25,256.75,257.0,542693
2026-02-03 09:50:00,257.05,258.15,256.95,258.0,778470
2026-02-03 09:55:00,258.0,258.0,256.4,256.75,444020
2026-02-04 03:45:00,258.05,263.55,258.05,263.35,981206
2026-02-04 03:50:00,263.35,265.15,262.25,265.1,1144940
2026-02-04 03:55:00,265.1,266.2,264.5,265.85,1054224
2026-02-04 04:00:00,265.85,265.85,264.1,265.1,753560
2026-02-04 04:05:00,265.1,266.05,264.35,264.7,622350
2026-02-04 04:10:00,264.7,267.4,264.65,267.1,875035
2026-02-04 04:15:00,267.25,268.35,267.05,268.05,1353476
2026-02-04 04:20:00,268.2,268.2,267.1,267.15,785815
2026-02-04 04:25:00,267.1,267.55,266.6,267.45,761707
2026-02-04 04:30:00,267.5,267.75,266.65,267.6,362393
2026-02-04 04:35:00,267.5,267.9,267.1,267.2,427902
2026-02-04 04:40:00,267.2,268.2,266.9,268.0,566148
2026-02-04 04:45:00,268.0,268.4,267.85,267.85,370195
2026-02-04 04:50:00,267.95,268.15,267.65,268.05,363408
2026-02-04 04:55:00,268.05,268.35,267.6,268.3,213875
2026-02-04 05:00:00,268.3,268.35,267.75,268.1,157600
2026-02-04 05:05:00,268.0,268.2,267.6,268.1,201240
2026-02-04 05:10:00,268.2,268.6,267.8,267.9,203021
2026-02-04 05:15:00,267.8,268.35,267.8,268.0,164150
2026-02-04 05:20:00,268.0,268.45,267.8,268.4,134778
2026-02-04 05:25:00,268.4,268.4,268.0,268.1,183892
2026-02-04 05:30:00,268.0,268.45,268.0,268.4,280839
2026-02-04 05:35:00,268.35,269.15,268.2,269.05,589982
2026-02-04 05:40:00,269.0,269.1,268.15,268.35,223830
2026-02-04 05:45:00,268.35,268.95,267.65,267.8,315049
2026-02-04 05:50:00,268.0,268.45,267.5,267.65,269568
2026-02-04 05:55:00,267.55,267.65,266.6,267.1,573834
2026-02-04 06:00:00,267.1,267.5,266.9,267.35,262554
2026-02-04 06:05:00,267.4,267.4,266.85,267.2,139668
2026-02-04 06:10:00,267.2,267.9,267.15,267.45,139544
2026-02-04 06:15:00,267.5,267.65,266.8,267.1,180314
2026-02-04 06:20:00,267.25,267.3,266.3,267.0,300032
2026-02-04 06:25:00,266.9,268.0,266.9,267.55,222556
2026-02-04 06:30:00,267.5,267.95,267.35,267.4,172165
2026-02-04 06:35:00,267.4,267.45,266.7,266.8,165508
2026-02-04 06:40:00,266.8,267.05,266.75,266.9,120522
2026-02-04 06:45:00,266.95,267.05,266.75,266.95,124917
2026-02-04 06:50:00,266.85,267.2,266.8,267.05,107388
2026-02-04 06:55:00,267.1,267.5,267.0,267.4,101192
2026-02-04 07:00:00,267.35,267.4,266.95,267.1,109283
2026-02-04 07:05:00,267.1,267.3,266.75,267.1,128146
2026-02-04 07:10:00,267.15,267.9,267.0,267.3,149749
2026-02-04 07:15:00,267.4,267.85,267.1,267.7,158589
2026-02-04 07:20:00,267.75,267.85,267.3,267.5,84869
2026-02-04 07:25:00,267.5,267.65,267.25,267.5,116230
2026-02-04 07:30:00,267.5,268.0,267.35,267.95,134869
2026-02-04 07:35:00,268.0,268.1,267.8,267.9,111622
2026-02-04 07:40:00,267.9,268.0,267.75,267.8,98312
2026-02-04 07:45:00,267.9,268.35,267.5,267.55,121195
2026-02-04 07:50:00,267.65,267.75,267.15,267.35,130128
2026-02-04 07:55:00,267.3,267.65,267.0,267.5,217552
2026-02-04 08:00:00,267.45,267.9,267.25,267.3,96727
2026-02-04 08:05:00,267.25,267.5,267.15,267.4,84288
2026-02-04 08:10:00,267.3,267.75,267.3,267.75,74112
2026-02-04 08:15:00,267.55,267.85,267.3,267.45,102387
2026-02-04 08:20:00,267.35,268.25,267.35,268.25,193550
2026-02-04 08:25:00,268.25,268.3,268.05,268.1,107047
2026-02-04 08:30:00,268.2,268.2,267.9,268.15,103552
2026-02-04 08:35:00,268.1,268.35,268.0,268.2,133427
2026-02-04 08:40:00,268.3,268.9,268.2,268.7,271446
2026-02-04 08:45:00,268.8,270.0,268.75,269.7,588983
2026-02-04 08:50:00,269.75,269.95,269.4,269.55,311994
2026-02-04 08:55:00,269.55,269.65,268.9,269.0,294172
2026-02-04 09:00:00,269.0,269.25,268.95,269.25,219495
2026-02-04 09:05:00,269.1,269.3,268.6,268.7,259639
2026-02-04 09:10:00,268.65,268.75,268.3,268.3,215717
2026-02-04 09:15:00,268.4,268.7,268.25,268.6,250340
2026-02-04 09:20:00,268.65,268.8,268.3,268.8,255947
2026-02-04 09:25:00,268.7,268.7,268.3,268.4,250190
2026-02-04 09:30:00,268.4,268.7,268.15,268.2,357672
2026-02-04 09:35:00,268.2,268.35,268.1,268.3,435928
2026-02-04 09:40:00,268.4,268.4,266.9,267.1,1157113
2026-02-04 09:45:00,267.1,267.2,266.25,266.7,1074029
2026-02-04 09:50:00,266.85,266.95,265.9,266.2,1552282
2026-02-04 09:55:00,266.45,267.05,265.9,266.0,654993
2026-02-05 03:45:00,268.0,270.45,266.0,269.9,1060390
2026-02-05 03:50:00,269.9,269.9,268.65,268.85,386705
2026-02-05 03:55:00,268.9,269.45,268.2,269.3,235306
2026-02-05 04:00:00,269.35,270.4,269.25,269.75,415738
2026-02-05 04:05:00,269.75,269.8,268.6,269.0,229522
2026-02-05 04:10:00,268.95,269.0,268.15,268.2,186088
2026-02-05 04:15:00,268.2,268.7,268.0,268.5,222659
2026-02-05 04:20:00,268.5,268.6,267.05,267.35,200587
2026-02-05 04:25:00,267.4,267.5,267.2,267.3,109008
2026-02-05 04:30:00,267.3,267.4,266.45,266.7,177739
2026-02-05 04:35:00,266.8,268.65,266.7,268.4,199577
2026-02-05 04:40:00,268.4,269.1,268.25,268.9,205870
2026-02-05 04:45:00,268.95,269.1,268.35,268.75,159844
2026-02-05 04:50:00,268.8,268.95,268.6,268.7,92941
2026-02-05 04:55:00,268.7,268.8,268.5,268.5,101833
2026-02-05 05:00:00,268.45,268.55,268.0,268.2,110052
2026-02-05 05:05:00,268.4,268.65,268.15,268.35,83310
2026-02-05 05:10:00,268.4,268.8,268.3,268.6,83573
2026-02-05 05:15:00,268.6,268.75,268.45,268.6,71966
2026-02-05 05:20:00,268.6,268.7,268.45,268.45,66058
2026-02-05 05:25:00,268.5,268.5,268.05,268.4,98679
2026-02-05 05:30:00,268.35,268.75,268.2,268.75,73139
2026-02-05 05:35:00,268.75,268.8,268.45,268.5,59391
2026-02-05 05:40:00,268.45,268.7,268.05,268.6,78420
2026-02-05 05:45:00,268.65,268.65,268.25,268.4,69623
2026-02-05 05:50:00,268.25,268.4,268.1,268.15,50565
2026-02-05 05:55:00,268.25,268.5,268.1,268.5,51821
2026-02-05 06:00:00,268.45,268.8,267.55,267.8,263353
2026-02-05 06:05:00,267.8,268.7,267.75,268.55,212089
2026-02-05 06:10:00,268.45,269.7,268.3,269.55,158725
2026-02-05 06:15:00,269.55,269.55,269.0,269.0,106465
2026-02-05 06:20:00,269.0,269.15,268.55,268.7,66892
2026-02-05 06:25:00,268.7,269.0,268.65,268.95,51546
2026-02-05 06:30:00,268.95,269.1,268.55,269.1,65471
2026-02-05 06:35:00,269.15,269.2,268.55,269.1,163782
2026-02-05 06:40:00,269.15,269.15,268.4,268.5,106828
2026-02-05 06:45:00,268.55,268.55,267.85,267.9,115875
2026-02-05 06:50:00,268.0,268.35,267.85,267.85,127873
2026-02-05 06:55:00,267.95,268.0,267.75,267.75,77508
2026-02-05 07:00:00,267.8,268.4,267.75,268.05,261630
2026-02-05 07:05:00,268.05,268.6,267.85,267.85,126590
2026-02-05 07:10:00,267.9,268.0,267.6,267.6,75756
2026-02-05 07:15:00,267.55,267.9,267.55,267.8,70073
2026-02-05 07:20:00,267.85,267.9,267.5,267.5,69467
2026-02-05 07:25:00,267.55,267.6,267.25,267.5,76512
2026-02-05 07:30:00,267.5,267.5,267.0,267.05,88661
2026-02-05 07:35:00,267.1,267.95,267.0,267.9,164327
2026-02-05 07:40:00,267.95,268.05,267.55,268.05,200164
2026-02-05 07:45:00,268.05,268.45,268.05,268.25,100522
2026-02-05 07:50:00,268.2,268.9,268.15,268.8,138393
2026-02-05 07:55:00,268.85,269.3,268.5,268.85,294927
2026-02-05 08:00:00,268.9,269.2,268.35,269.15,243285
2026-02-05 08:05:00,269.15,269.3,269.0,269.15,211880
2026-02-05 08:10:00,269.2,269.2,268.7,269.1,209925
2026-02-05 08:15:00,269.1,269.15,268.75,269.0,227857
2026-02-05 08:20:00,269.1,269.35,268.9,269.05,235202
2026-02-05 08:25:00,269.0,269.25,268.8,269.15,192117
2026-02-05 08:30:00,269.15,269.4,269.0,269.2,201221
2026-02-05 08:35:00,269.2,269.3,268.4,268.7,263306
2026-02-05 08:40:00,268.65,268.7,267.3,267.8,528301
2026-02-05 08:45:00,267.8,268.15,267.6,267.85,261119
2026-02-05 08:50:00,267.9,268.15,267.8,268.0,194956
2026-02-05 08:55:00,268.05,268.45,267.95,268.45,190777
2026-02-05 09:00:00,268.35,268.8,268.3,268.6,267348
2026-02-05 09:05:00,268.65,268.9,268.4,268.45,320146
2026-02-05 09:10:00,268.4,268.6,268.05,268.2,238464
2026-02-05 09:15:00,268.25,268.45,268.0,268.3,292270
2026-02-05 09:20:00,268.3,268.35,268.0,268.3,257717
2026-02-05 09:25:00,268.25,268.65,268.2,268.6,252931
2026-02-05 09:30:00,268.75,269.55,268.6,269.45,498881
2026-02-05 09:35:00,269.4,269.6,268.9,269.45,427858
2026-02-05 09:40:00,269.5,269.9,269.3,269.4,643510
2026-02-05 09:45:00,269.5,269.5,269.0,269.2,240591
2026-02-05 09:50:00,269.15,269.3,268.85,269.0,399640
2026-02-05 09:55:00,269.0,269.1,268.6,268.65,325649
2026-02-06 03:45:00,268.0,268.0,265.0,266.35,368566
2026-02-06 03:50:00,266.3,266.6,266.05,266.45,170758
2026-02-06 03:55:00,266.2,266.45,265.6,265.7,135537
2026-02-06 04:00:00,265.75,266.2,265.1,265.1,144585
2026-02-06 04:05:00,265.2,265.35,264.7,265.15,231669
2026-02-06 04:10:00,265.0,265.45,265.0,265.15,100543
2026-02-06 04:15:00,265.3,266.5,265.15,265.85,162411
2026-02-06 04:20:00,265.85,266.55,265.5,266.4,90046
2026-02-06 04:25:00,266.4,266.45,265.8,266.3,98519
2026-02-06 04:30:00,266.35,266.55,265.65,265.9,79698
2026-02-06 04:35:00,265.9,266.25,265.9,266.1,62455
2026-02-06 04:40:00,266.0,266.1,265.5,265.8,67069
2026-02-06 04:45:00,265.8,266.1,265.25,266.0,69759
2026-02-06 04:50:00,266.1,266.25,265.3,265.3,77247
2026-02-06 04:55:00,265.3,265.45,265.0,265.0,66730
2026-02-06 05:00:00,265.05,265.3,264.8,265.2,93285
2026-02-06 05:05:00,265.2,265.45,265.05,265.35,39508
2026-02-06 05:10:00,265.4,265.5,264.85,265.35,76900
2026-02-06 05:15:00,265.35,265.85,265.1,265.7,70729
2026-02-06 05:20:00,265.85,266.15,265.5,265.8,114304
2026-02-06 05:25:00,265.95,267.75,265.8,267.45,178308
2026-02-06 05:30:00,267.45,269.5,267.25,269.15,534435
2026-02-06 05:35:00,269.15,269.95,268.5,269.15,446281
2026-02-06 05:40:00,269.2,269.25,267.85,267.9,197521
2026-02-06 05:45:00,268.0,269.15,267.75,269.1,146426
2026-02-06 05:50:00,269.05,269.35,268.3,268.35,168120
2026-02-06 05:55:00,268.35,268.9,268.35,268.35,82497
2026-02-06 06:00:00,268.45,268.55,268.0,268.45,81607
2026-02-06 06:05:00,268.45,268.9,268.25,268.5,80946
2026-02-06 06:10:00,268.6,268.95,268.05,268.7,108893
2026-02-06 06:15:00,268.75,268.75,268.05,268.4,73662
2026-02-06 06:20:00,268.45,268.65,267.7,268.65,96702
2026-02-06 06:25:00,268.65,268.75,268.2,268.65,76799
2026-02-06 06:30:00,268.55,268.65,267.85,268.1,59140
2026-02-06 06:35:00,268.0,268.1,267.55,267.65,76920
2026-02-06 06:40:00,267.65,267.9,267.1,267.8,145013
2026-02-06 06:45:00,267.75,268.65,267.75,268.5,116746
2026-02-06 06:50:00,268.5,268.65,268.1,268.2,105915
2026-02-06 06:55:00,268.1,268.35,267.9,268.2,60679
2026-02-06 07:00:00,268.2,268.3,267.75,267.85,66403
2026-02-06 07:05:00,267.85,268.3,267.7,267.75,60695
2026-02-06 07:10:00,267.75,267.95,267.1,267.1,114234
2026-02-06 07:15:00,267.2,267.2,266.4,266.8,162440
2026-02-06 07:20:00,266.8,267.6,266.65,267.15,98218
2026-02-06 07:25:00,267.2,267.5,266.9,267.4,63535
2026-02-06 07:30:00,267.4,267.5,267.05,267.25,74712
2026-02-06 07:35:00,267.25,267.4,266.85,266.9,73967
2026-02-06 07:40:00,267.0,267.25,266.9,267.25,57566
2026-02-06 07:45:00,267.3,267.6,267.1,267.2,58160
2026-02-06 07:50:00,267.2,267.3,266.8,267.0,99543
2026-02-06 07:55:00,267.0,267.1,266.75,266.9,80922
2026-02-06 08:00:00,266.95,267.25,266.5,266.5,79619
2026-02-06 08:05:00,266.55,266.95,266.45,266.65,99581
2026-02-06 08:10:00,266.65,267.1,266.65,266.75,86040
2026-02-06 08:15:00,266.75,267.25,266.65,267.0,87899
2026-02-06 08:20:00,267.15,267.2,266.75,267.05,78092
2026-02-06 08:25:00,267.15,267.2,266.8,266.95,131270
2026-02-06 08:30:00,266.95,267.2,266.8,267.0,114148
2026-02-06 08:35:00,267.0,267.2,266.75,266.75,74931
2026-02-06 08:40:00,266.75,267.1,266.6,266.95,97187
2026-02-06 08:45:00,267.05,267.15,266.6,266.75,97735
2026-02-06 08:50:00,266.9,267.45,266.6,266.65,109428
2026-02-06 08:55:00,266.75,267.0,266.6,266.75,87446
2026-02-06 09:00:00,266.75,267.0,266.7,266.85,103081
2026-02-06 09:05:00,266.95,267.3,266.8,267.0,88987
2026-02-06 09:10:00,267.0,267.45,267.0,267.3,139546
2026-02-06 09:15:00,267.25,267.35,267.1,267.35,90502
2026-02-06 09:20:00,267.35,268.25,267.25,268.15,163524
2026-02-06 09:25:00,268.2,268.45,267.95,268.35,172725
2026-02-06 09:30:00,268.3,269.2,268.3,269.0,492369
2026-02-06 09:35:00,269.0,269.2,268.95,268.95,176186
2026-02-06 09:40:00,269.0,269.1,268.95,269.1,232016
2026-02-06 09:45:00,269.05,269.35,268.75,268.75,391488
2026-02-06 09:50:00,268.85,269.05,268.8,269.0,274179
2026-02-06 09:55:00,269.05,269.2,267.85,268.0,335557
2026-02-09 03:45:00,269.45,270.9,267.85,268.55,582085
2026-02-09 03:50:00,268.55,268.55,267.75,268.4,245653
2026-02-09 03:55:00,268.4,268.4,267.65,268.1,218325
2026-02-09 04:00:00,268.1,268.4,267.6,268.0,155741
2026-02-09 04:05:00,268.1,268.1,266.7,267.35,229083
2026-02-09 04:10:00,267.15,268.0,267.0,267.55,108506
2026-02-09 04:15:00,267.4,268.0,266.5,266.6,171467
2026-02-09 04:20:00,266.5,266.95,266.2,266.8,71291
2026-02-09 04:25:00,266.7,266.8,266.4,266.5,66226
2026-02-09 04:30:00,266.5,266.5,266.0,266.15,90458
2026-02-09 04:35:00,266.1,266.2,265.75,266.0,110920
2026-02-09 04:40:00,266.0,266.2,265.9,266.0,54926
2026-02-09 04:45:00,266.0,266.35,265.9,266.05,88035
2026-02-09 04:50:00,266.05,266.35,265.8,266.3,135768
2026-02-09 04:55:00,266.35,266.9,266.1,266.8,124519
2026-02-09 05:00:00,266.8,267.5,266.15,267.4,177770
2026-02-09 05:05:00,267.4,267.4,267.05,267.3,92852
2026-02-09 05:10:00,267.25,267.65,267.0,267.6,117148
2026-02-09 05:15:00,267.6,267.6,266.75,266.9,63772
2026-02-09 05:20:00,266.9,267.5,266.75,267.45,65654
2026-02-09 05:25:00,267.4,267.6,267.3,267.55,52928
2026-02-09 05:30:00,267.5,267.85,267.5,267.7,76549
2026-02-09 05:35:00,267.75,268.4,267.55,267.95,131484
2026-02-09 05:40:00,267.95,268.1,267.5,267.6,79376
2026-02-09 05:45:00,267.6,267.65,267.35,267.6,58222
2026-02-09 05:50:00,267.5,268.0,267.5,267.95,75064
2026-02-09 05:55:00,268.0,268.15,267.95,268.0,33173
2026-02-09 06:00:00,268.0,268.0,267.3,267.4,104128
2026-02-09 06:05:00,267.45,268.0,267.35,267.95,90430
2026-02-09 06:10:00,267.95,268.0,267.6,267.65,51433
2026-02-09 06:15:00,267.55,267.95,267.5,267.95,55747
2026-02-09 06:20:00,267.95,268.3,267.2,267.5,141127
2026-02-09 06:25:00,267.6,268.0,267.5,267.7,120101
2026-02-09 06:30:00,267.55,267.85,267.5,267.55,56110
2026-02-09 06:35:00,267.65,267.9,267.5,267.75,59439
2026-02-09 06:40:00,267.75,267.75,267.25,267.4,81637
2026-02-09 06:45:00,267.45,267.45,267.15,267.25,53982
2026-02-09 06:50:00,267.25,267.7,267.05,267.7,81145
2026-02-09 06:55:00,267.8,268.5,267.6,268.0,205621
2026-02-09 07:00:00,268.1,268.25,268.0,268.15,80829
2026-02-09 07:05:00,268.1,268.4,268.1,268.1,67086
2026-02-09 07:10:00,268.2,268.25,268.0,268.1,87751
2026-02-09 07:15:00,268.0,268.2,268.0,268.1,80511
2026-02-09 07:20:00,268.1,268.1,267.9,268.0,132307
2026-02-09 07:25:00,268.05,268.15,267.95,268.1,66541
2026-02-09 07:30:00,268.2,268.25,268.0,268.1,49763
2026-02-09 07:35:00,268.2,268.35,268.1,268.25,68723
2026-02-09 07:40:00,268.4,269.15,268.4,268.8,387582
2026-02-09 07:45:00,268.8,269.0,267.9,268.0,188273
2026-02-09 07:50:00,268.0,268.0,267.25,267.3,176375
2026-02-09 07:55:00,267.25,267.4,267.0,267.2,109488
2026-02-09 08:00:00,267.05,267.45,267.0,267.15,122369
2026-02-09 08:05:00,267.3,267.35,267.0,267.1,90016
2026-02-09 08:10:00,267.1,267.2,266.9,267.0,128338
2026-02-09 08:15:00,267.05,267.45,266.65,266.7,656458
2026-02-09 08:20:00,266.8,267.05,266.5,266.95,125916
2026-02-09 08:25:00,266.9,267.0,266.35,266.45,87232
2026-02-09 08:30:00,266.5,266.65,266.2,266.25,111060
2026-02-09 08:35:00,266.3,266.4,266.2,266.35,72721
2026-02-09 08:40:00,266.3,266.6,266.3,266.45,87246
2026-02-09 08:45:00,266.4,266.55,266.3,266.45,77452
2026-02-09 08:50:00,266.45,266.65,266.25,266.6,158186
2026-02-09 08:55:00,266.65,266.75,266.35,266.35,97345
2026-02-09 09:00:00,266.35,266.6,266.25,266.3,90983
2026-02-09 09:05:00,266.3,266.75,266.1,266.15,263770
2026-02-09 09:10:00,266.15,266.25,266.0,266.05,131518
2026-02-09 09:15:00,266.1,266.25,266.0,266.1,138126
2026-02-09 09:20:00,266.05,266.15,265.8,266.1,297219
2026-02-09 09:25:00,266.1,266.45,266.0,266.35,107385
2026-02-09 09:30:00,266.65,266.9,266.55,266.65,258729
2026-02-09 09:35:00,266.7,266.85,266.6,266.75,181619
2026-02-09 09:40:00,266.7,266.75,266.2,266.35,306181
2026-02-09 09:45:00,266.45,266.95,266.4,266.55,354008
2026-02-09 09:50:00,266.55,266.9,266.5,266.7,273255
2026-02-09 09:55:00,266.7,267.05,266.2,266.7,477916
2026-02-10 03:45:00,267.25,270.7,267.0,269.5,868954
2026-02-10 03:50:00,269.5,270.75,269.0,270.75,345967
2026-02-10 03:55:00,270.6,270.9,269.65,269.7,418345
2026-02-10 04:00:00,269.65,270.9,269.25,270.5,263082
2026-02-10 04:05:00,270.6,271.25,270.2,270.85,423879
2026-02-10 04:10:00,270.9,270.9,270.1,270.15,205213
2026-02-10 04:15:00,270.15,270.55,270.0,270.1,156761
2026-02-10 04:20:00,270.05,270.15,269.65,269.8,145217
2026-02-10 04:25:00,269.85,270.3,269.8,270.25,91146
2026-02-10 04:30:00,270.25,270.35,269.4,269.5,134921
2026-02-10 04:35:00,269.55,269.7,269.45,269.55,82424
2026-02-10 04:40:00,269.6,270.0,269.5,269.95,134823
2026-02-10 04:45:00,269.95,270.45,269.95,270.2,114241
2026-02-10 04:50:00,270.2,270.5,270.15,270.25,83891
2026-02-10 04:55:00,270.3,270.3,270.0,270.2,46072
2026-02-10 05:00:00,270.1,270.25,269.85,269.85,66370
2026-02-10 05:05:00,269.95,270.0,269.65,269.7,67642
2026-02-10 05:10:00,269.8,270.05,269.7,269.95,57699
2026-02-10 05:15:00,269.9,270.0,269.65,269.85,54511
2026-02-10 05:20:00,269.85,270.1,269.8,270.1,46060
2026-02-10 05:25:00,270.1,270.1,269.2,269.2,133539
2026-02-10 05:30:00,269.15,269.3,268.8,268.95,159137
2026-02-10 05:35:00,269.0,269.5,268.9,269.5,92382
2026-02-10 05:40:00,269.5,269.7,269.2,269.7,76182
2026-02-10 05:45:00,269.7,269.75,269.45,269.6,70896
2026-02-10 05:50:00,269.6,269.65,269.3,269.35,78791
2026-02-10 05:55:00,269.45,269.75,269.25,269.65,72367
2026-02-10 06:00:00,269.65,269.65,269.3,269.6,45915
2026-02-10 06:05:00,269.6,269.6,269.4,269.5,51332
2026-02-10 06:10:00,269.45,269.6,269.15,269.45,107577
2026-02-10 06:15:00,269.6,269.6,269.0,269.2,105632
2026-02-10 06:20:00,269.1,269.2,268.95,269.1,57298
2026-02-10 06:25:00,269.05,269.3,268.75,269.1,91200
2026-02-10 06:30:00,269.1,269.15,268.85,269.0,65524
2026-02-10 06:35:00,268.95,269.0,268.7,268.85,59568
2026-02-10 06:40:00,268.75,268.95,268.7,268.9,73557
2026-02-10 06:45:00,268.9,269.05,268.7,268.85,70492
2026-02-10 06:50:00,269.0,269.15,268.85,269.05,61082
2026-02-10 06:55:00,269.1,269.15,268.8,268.95,61194
2026-02-10 07:00:00,268.85,269.7,268.85,269.45,143685
2026-02-10 07:05:00,269.35,269.45,269.15,269.3,67524
2026-02-10 07:10:00,269.25,269.35,269.15,269.3,36241
2026-02-10 07:15:00,269.35,270.1,269.25,270.05,160915
2026-02-10 07:20:00,269.9,270.1,269.6,269.75,65566
2026-02-10 07:25:00,269.6,270.05,269.55,269.9,78357
2026-02-10 07:30:00,269.75,269.95,269.55,269.7,47007
2026-02-10 07:35:00,269.6,269.95,269.55,269.9,40847
2026-02-10 07:40:00,269.8,270.0,269.65,269.9,58705
2026-02-10 07:45:00,269.9,269.95,269.45,269.5,81995
2026-02-10 07:50:00,269.45,269.6,269.0,269.15,89703
2026-02-10 07:55:00,269.05,269.5,268.9,269.15,117561
2026-02-10 08:00:00,269.1,269.15,268.85,269.05,57299
2026-02-10 08:05:00,269.05,269.25,268.9,269.25,56742
2026-02-10 08:10:00,269.1,269.35,269.0,269.15,42008
2026-02-10 08:15:00,269.4,269.6,269.15,269.4,64727
2026-02-10 08:20:00,269.4,269.95,269.35,269.9,67459
2026-02-10 08:25:00,269.85,269.95,269.55,269.75,66253
2026-02-10 08:30:00,269.55,269.8,269.35,269.35,65808
2026-02-10 08:35:00,269.4,269.4,269.05,269.2,83458
2026-02-10 08:40:00,269.2,269.65,268.75,269.65,217011
2026-02-10 08:45:00,269.65,269.9,269.5,269.9,228329
2026-02-10 08:50:00,269.85,270.1,269.6,269.85,107064
2026-02-10 08:55:00,269.85,269.9,269.45,269.55,69404
2026-02-10 09:00:00,269.55,269.75,269.4,269.7,78115
2026-02-10 09:05:00,269.7,270.4,269.55,270.2,189180
2026-02-10 09:10:00,270.15,270.35,270.0,270.25,178533
2026-02-10 09:15:00,270.3,271.15,270.25,271.15,634422
2026-02-10 09:20:00,271.05,271.5,270.9,271.3,204194
2026-02-10 09:25:00,271.25,271.7,270.8,271.1,352505
2026-02-10 09:30:00,271.1,272.5,271.1,272.05,1160298
2026-02-10 09:35:00,272.1,272.85,271.75,272.4,730841
2026-02-10 09:40:00,272.4,273.05,272.05,272.2,1143493
2026-02-10 09:45:00,272.1,272.25,271.8,272.0,633069
2026-02-10 09:50:00,271.85,272.0,271.5,271.6,319172
2026-02-10 09:55:00,271.6,271.65,271.25,271.6,345549
2026-02-11 03:45:00,272.3,272.3,267.4,268.7,644640
2026-02-11 03:50:00,268.7,268.7,267.3,267.6,445083
2026-02-11 03:55:00,267.65,268.2,267.25,268.15,190881
2026-02-11 04:00:00,268.25,268.4,266.6,266.65,499281
2026-02-11 04:05:00,266.6,267.15,266.35,267.1,259337
2026-02-11 04:10:00,267.0,267.65,266.7,267.45,173933
2026-02-11 04:15:00,267.4,267.7,266.95,267.0,102280
2026-02-11 04:20:00,266.95,267.2,266.45,267.2,187221
2026-02-11 04:25:00,267.2,267.6,267.05,267.05,130180
2026-02-11 04:30:00,267.1,267.15,266.7,266.85,119668
2026-02-11 04:35:00,266.85,267.95,266.7,267.85,259178
2026-02-11 04:40:00,267.8,267.95,267.1,267.25,106508
2026-02-11 04:45:00,267.25,267.55,266.8,267.55,375000
2026-02-11 04:50:00,267.45,268.7,267.4,268.45,171308
2026-02-11 04:55:00,268.35,268.6,267.95,268.6,154444
2026-02-11 05:00:00,268.5,268.8,268.4,268.6,84743
2026-02-11 05:05:00,268.55,269.45,268.5,269.0,190159
2026-02-11 05:10:00,269.0,269.4,268.9,269.05,118179
2026-02-11 05:15:00,269.2,269.5,269.0,269.5,120809
2026-02-11 05:20:00,269.5,269.75,269.35,269.6,158517
2026-02-11 05:25:00,269.6,269.75,269.25,269.3,98039
2026-02-11 05:30:00,269.35,269.35,268.85,269.1,155223
2026-02-11 05:35:00,269.25,269.5,268.9,269.05,117129
2026-02-11 05:40:00,268.95,269.5,268.95,269.1,84152
2026-02-11 05:45:00,269.2,269.45,269.0,269.1,65714
2026-02-11 05:50:00,269.15,269.4,269.05,269.3,61441
2026-02-11 05:55:00,269.35,269.5,269.2,269.45,59611
2026-02-11 06:00:00,269.45,270.1,269.25,269.75,203079
2026-02-11 06:05:00,269.75,269.75,269.55,269.55,53129
2026-02-11 06:10:00,269.55,269.9,269.5,269.65,53764
2026-02-11 06:15:00,269.65,270.0,269.6,269.9,131074
2026-02-11 06:20:00,269.75,270.15,269.6,269.9,127797
2026-02-11 06:25:00,269.85,270.3,269.85,269.9,111613
2026-02-11 06:30:00,269.95,270.25,269.8,270.1,122117
2026-02-11 06:35:00,270.0,270.0,269.3,269.3,101512
2026-02-11 06:40:00,269.45,269.45,269.15,269.25,68696
2026-02-11 06:45:00,269.35,269.4,269.1,269.4,66787
2026-02-11 06:50:00,269.4,269.45,269.15,269.35,75407
2026-02-11 06:55:00,269.3,269.6,269.25,269.55,46704
2026-02-11 07:00:00,269.55,269.65,269.3,269.35,57278
2026-02-11 07:05:00,269.4,269.6,268.45,268.6,191145
2026-02-11 07:10:00,268.6,268.6,268.1,268.2,118560
2026-02-11 07:15:00,268.1,268.3,267.8,268.25,141194
2026-02-11 07:20:00,268.25,268.5,268.05,268.05,109258
2026-02-11 07:25:00,268.05,268.3,268.05,268.15,123372
2026-02-11 07:30:00,268.05,268.4,268.0,268.15,75975
2026-02-11 07:35:00,268.15,268.4,268.0,268.3,361670
2026-02-11 07:40:00,268.2,268.65,268.15,268.65,48905
2026-02-11 07:45:00,268.55,268.75,268.2,268.25,70874
2026-02-11 07:50:00,268.4,269.0,268.25,268.6,122458
2026-02-11 07:55:00,268.7,269.0,268.65,268.9,64454
2026-02-11 08:00:00,268.8,269.0,268.75,268.95,56456
2026-02-11 08:05:00,268.85,268.95,268.65,268.85,45616
2026-02-11 08:10:00,268.9,269.0,268.85,268.95,55869
2026-02-11 08:15:00,268.95,269.0,268.5,268.5,59874
2026-02-11 08:20:00,268.65,268.95,268.5,268.75,54617
2026-02-11 08:25:00,268.85,268.95,268.65,268.75,58413
2026-02-11 08:30:00,268.7,268.75,268.45,268.65,47630
2026-02-11 08:35:00,268.6,268.85,268.45,268.8,67446
2026-02-11 08:40:00,268.65,269.1,268.65,269.0,163076
2026-02-11 08:45:00,268.95,269.6,268.95,269.3,242033
2026-02-11 08:50:00,269.45,271.2,269.35,270.95,352445
2026-02-11 08:55:00,270.95,272.0,270.95,271.55,386598
2026-02-11 09:00:00,271.65,272.7,271.15,272.35,514452
2026-02-11 09:05:00,272.3,272.75,272.2,272.65,598241
2026-02-11 09:10:00,272.65,273.9,272.5,273.75,913601
2026-02-11 09:15:00,273.75,274.4,273.35,274.0,1067288
2026-02-11 09:20:00,273.95,274.55,273.75,274.35,709934
2026-02-11 09:25:00,274.45,275.0,274.05,274.6,718037
2026-02-11 09:30:00,274.75,275.1,274.5,274.9,987964
2026-02-11 09:35:00,274.9,275.0,274.4,274.65,905651
2026-02-11 09:40:00,274.6,274.95,274.45,274.9,797420
2026-02-11 09:45:00,274.9,274.9,274.25,274.3,633239
2026-02-11 09:50:00,274.3,274.45,274.0,274.2,661950
2026-02-11 09:55:00,274.2,274.85,273.95,274.4,455843
2026-02-12 03:45:00,276.0,279.3,276.0,278.7,1957982
2026-02-12 03:50:00,278.65,280.3,278.15,279.05,1972552
2026-02-12 03:55:00,279.2,280.0,276.15,276.4,1725592
2026-02-12 04:00:00,276.4,276.5,275.1,276.2,806204
2026-02-12 04:05:00,276.3,276.3,275.5,275.95,334483
2026-02-12 04:10:00,275.95,276.85,275.8,276.7,384260
2026-02-12 04:15:00,276.7,277.0,276.4,276.45,343646
2026-02-12 04:20:00,276.5,277.1,276.15,276.95,342145
2026-02-12 04:25:00,277.05,277.05,276.55,276.55,132026
2026-02-12 04:30:00,276.7,276.95,276.3,276.95,177986
2026-02-12 04:35:00,276.85,278.5,276.55,278.5,523705
2026-02-12 04:40:00,278.65,278.95,277.25,277.65,381173
2026-02-12 04:45:00,277.6,277.8,276.5,277.15,236164
2026-02-12 04:50:00,277.05,277.4,276.6,277.15,206511
2026-02-12 04:55:00,277.15,277.2,276.9,276.95,91913
2026-02-12 05:00:00,277.0,277.6,277.0,277.4,113052
2026-02-12 05:05:00,277.45,277.9,277.1,277.85,184659
2026-02-12 05:10:00,277.8,278.55,277.65,278.0,283090
2026-02-12 05:15:00,278.1,278.7,277.85,278.1,313480
2026-02-12 05:20:00,278.0,278.8,277.95,278.3,230422
2026-02-12 05:25:00,278.3,278.9,278.25,278.4,254991
2026-02-12 05:30:00,278.4,278.9,278.35,278.85,269419
2026-02-12 05:35:00,278.85,278.85,277.3,277.45,346491
2026-02-12 05:40:00,277.45,278.0,277.15,277.9,254562
2026-02-12 05:45:00,277.85,278.2,277.5,277.9,153955
2026-02-12 05:50:00,277.9,277.95,276.8,277.0,189514
2026-02-12 05:55:00,277.0,277.75,276.6,277.5,175735
2026-02-12 06:00:00,277.55,277.7,276.2,276.45,165174
2026-02-12 06:05:00,276.4,276.55,275.75,275.85,320233
2026-02-12 06:10:00,276.0,276.2,275.15,275.15,266525
2026-02-12 06:15:00,275.15,275.4,275.0,275.25,262378
2026-02-12 06:20:00,275.2,275.95,275.0,275.5,206359
2026-02-12 06:25:00,275.5,275.7,275.0,275.2,169616
2026-02-12 06:30:00,275.25,275.75,274.7,275.55,544078
2026-02-12 06:35:00,275.6,275.9,275.45,275.75,136595
2026-02-12 06:40:00,275.75,275.75,275.35,275.35,114008
2026-02-12 06:45:00,275.35,275.8,275.3,275.65,115125
2026-02-12 06:50:00,275.6,276.5,275.55,276.15,235297
2026-02-12 06:55:00,276.15,276.65,276.0,276.35,217050
2026-02-12 07:00:00,276.4,276.5,276.05,276.15,157054
2026-02-12 07:05:00,276.2,276.4,275.85,275.9,123798
2026-02-12 07:10:00,276.0,276.3,275.75,276.15,104115
2026-02-12 07:15:00,276.2,276.4,275.55,275.6,129515
2026-02-12 07:20:00,275.6,275.7,275.3,275.7,137448
2026-02-12 07:25:00,275.65,275.85,275.4,275.5,73785
2026-02-12 07:30:00,275.5,276.2,275.45,275.55,95305
2026-02-12 07:35:00,275.5,276.0,275.4,275.75,663053
2026-02-12 07:40:00,275.75,275.85,275.15,275.3,97634
2026-02-12 07:45:00,275.35,276.05,275.2,275.7,131399
2026-02-12 07:50:00,275.6,275.9,275.3,275.85,118585
2026-02-12 07:55:00,275.8,276.0,275.45,275.5,126914
2026-02-12 08:00:00,275.6,275.75,275.15,275.35,95004
2026-02-12 08:05:00,275.3,275.5,275.1,275.45,87159
2026-02-12 08:10:00,275.3,275.5,275.2,275.5,102706
2026-02-12 08:15:00,275.5,275.85,275.1,275.1,136593
2026-02-12 08:20:00,275.1,275.45,275.0,275.4,214048
2026-02-12 08:25:00,275.3,275.85,275.3,275.7,133650
2026-02-12 08:30:00,275.75,275.8,275.45,275.45,118164
2026-02-12 08:35:00,275.6,275.7,275.1,275.25,140439
2026-02-12 08:40:00,275.25,275.55,275.0,275.3,190306
2026-02-12 08:45:00,275.3,275.7,275.3,275.35,122490
2026-02-12 08:50:00,275.4,275.9,275.15,275.75,179422
2026-02-12 08:55:00,275.85,275.95,275.55,275.7,171814
2026-02-12 09:00:00,275.55,275.95,275.5,275.75,138704
2026-02-12 09:05:00,275.7,275.9,275.0,275.3,172345
2026-02-12 09:10:00,275.15,275.45,275.0,275.05,96228
2026-02-12 09:15:00,275.0,275.1,273.45,274.0,565949
2026-02-12 09:20:00,273.9,275.2,273.8,275.0,261308
2026-02-12 09:25:00,275.0,275.6,274.95,275.4,188698
2026-02-12 09:30:00,275.6,276.15,275.4,276.1,302899
2026-02-12 09:35:00,276.15,276.4,275.8,276.25,377590
2026-02-12 09:40:00,276.3,276.4,275.9,276.4,311522
2026-02-12 09:45:00,276.35,276.8,276.0,276.7,701322
2026-02-12 09:50:00,276.75,277.15,276.25,276.35,444682
2026-02-12 09:55:00,276.3,276.7,276.0,276.0,303629
2026-02-13 03:45:00,270.0,271.35,267.2,267.7,2041726
2026-02-13 03:50:00,267.6,270.7,266.5,270.7,1277909
2026-02-13 03:55:00,270.75,271.15,267.55,268.25,873350
2026-02-13 04:00:00,268.2,269.05,267.3,267.35,553858
2026-02-13 04:05:00,267.35,267.75,266.3,267.3,587418
2026-02-13 04:10:00,267.3,268.4,267.3,268.15,377165
2026-02-13 04:15:00,268.1,268.15,267.4,267.65,157349
2026-02-13 04:20:00,267.55,267.95,267.15,267.7,171023
2026-02-13 04:25:00,267.7,268.0,267.4,267.55,147590
2026-02-13 04:30:00,267.55,267.55,266.7,267.15,171336
2026-02-13 04:35:00,267.05,267.25,266.75,266.85,153107
2026-02-13 04:40:00,266.75,267.3,266.65,266.9,113559
2026-02-13 04:45:00,266.9,267.4,266.0,267.3,309073
2026-02-13 04:50:00,267.4,267.95,267.35,267.75,135889
2026-02-13 04:55:00,267.75,268.0,267.45,267.6,137441
2026-02-13 05:00:00,267.65,267.95,267.3,267.65,157808
2026-02-13 05:05:00,267.65,269.7,267.65,268.8,280383
2026-02-13 05:10:00,268.8,269.3,268.5,268.85,171189
2026-02-13 05:15:00,268.9,268.95,268.4,268.85,166834
2026-02-13 05:20:00,268.95,268.95,268.45,268.65,97053
2026-02-13 05:25:00,268.65,268.85,268.5,268.7,97140
2026-02-13 05:30:00,268.6,268.75,268.2,268.3,116321
2026-02-13 05:35:00,268.3,268.95,268.15,268.6,119343
2026-02-13 05:40:00,268.65,269.45,268.35,268.6,118135
2026-02-13 05:45:00,268.55,268.6,267.65,267.8,138728
2026-02-13 05:50:00,267.8,267.85,267.5,267.8,101014
2026-02-13 05:55:00,267.8,267.8,267.2,267.35,102862
2026-02-13 06:00:00,267.35,267.6,267.15,267.5,178702
2026-02-13 06:05:00,267.5,267.65,267.3,267.5,66654
2026-02-13 06:10:00,267.5,267.5,267.2,267.4,62884
2026-02-13 06:15:00,267.4,267.8,267.25,267.55,116900
2026-02-13 06:20:00,267.6,268.15,267.5,267.8,162289
2026-02-13 06:25:00,267.85,268.95,267.7,268.25,231463
2026-02-13 06:30:00,268.25,268.95,268.15,268.55,122563
2026-02-13 06:35:00,268.5,268.75,268.35,268.5,109939
2026-02-13 06:40:00,268.45,268.5,268.05,268.45,131965
2026-02-13 06:45:00,268.45,268.5,268.0,268.1,185379
2026-02-13 06:50:00,268.1,268.1,267.6,267.75,136818
2026-02-13 06:55:00,267.75,268.5,267.6,268.0,178765
2026-02-13 07:00:00,268.05,269.4,267.95,269.25,261923
2026-02-13 07:05:00,269.3,269.45,268.4,268.75,231146
2026-02-13 07:10:00,268.75,269.4,268.55,268.65,163087
2026-02-13 07:15:00,268.8,269.0,268.6,268.6,94541
2026-02-13 07:20:00,268.7,268.85,268.3,268.4,170941
2026-02-13 07:25:00,268.45,269.25,268.3,268.95,111141
2026-02-13 07:30:00,268.95,269.15,268.6,268.75,115701
2026-02-13 07:35:00,268.75,269.05,268.6,268.9,115382
2026-02-13 07:40:00,269.0,269.3,268.85,269.2,153825
2026-02-13 07:45:00,269.15,269.3,269.0,269.15,106548
2026-02-13 07:50:00,269.1,269.15,268.3,268.3,167420
2026-02-13 07:55:00,268.4,268.45,268.05,268.1,109621
2026-02-13 08:00:00,268.2,269.25,268.0,268.9,271443
2026-02-13 08:05:00,268.95,269.25,268.65,269.25,158796
2026-02-13 08:10:00,269.25,269.35,268.6,268.7,236755
2026-02-13 08:15:00,268.7,268.7,267.65,267.7,298888
2026-02-13 08:20:00,267.7,267.75,267.05,267.5,354247
2026-02-13 08:25:00,267.5,267.55,267.05,267.3,231592
2026-02-13 08:30:00,267.4,267.65,267.3,267.55,564141
2026-02-13 08:35:00,267.55,268.0,267.2,267.4,266769
2026-02-13 08:40:00,267.45,267.85,267.3,267.8,167803
2026-02-13 08:45:00,267.85,267.9,267.65,267.75,155892
2026-02-13 08:50:00,267.75,268.0,267.2,267.3,175345
2026-02-13 08:55:00,267.4,267.65,267.3,267.45,180011
2026-02-13 09:00:00,267.45,267.6,267.2,267.55,220001
2026-02-13 09:05:00,267.55,267.6,267.05,267.25,200703
2026-02-13 09:10:00,267.3,267.35,267.0,267.1,218552
2026-02-13 09:15:00,267.1,267.4,266.75,266.9,275242
2026-02-13 09:20:00,266.9,268.1,266.8,267.75,374637
2026-02-13 09:25:00,267.75,268.15,267.5,267.85,408980
2026-02-13 09:30:00,268.15,268.2,267.35,267.8,360116
2026-02-13 09:35:00,267.8,267.9,266.9,267.2,396536
2026-02-13 09:40:00,267.15,267.5,267.05,267.15,590766
2026-02-13 09:45:00,267.2,267.55,267.05,267.4,647017
2026-02-13 09:50:00,267.35,267.85,267.35,267.75,726846
2026-02-13 09:55:00,267.75,267.75,267.05,267.5,774790
2026-02-16 03:45:00,267.65,270.05,265.65,269.7,970031
2026-02-16 03:50:00,269.7,270.0,268.9,269.55,430057
2026-02-16 03:55:00,269.55,269.7,269.0,269.4,240313
2026-02-16 04:00:00,269.55,270.35,269.35,270.15,375576
2026-02-16 04:05:00,270.15,270.2,269.3,269.55,192035
2026-02-16 04:10:00,269.55,270.0,269.0,270.0,174848
2026-02-16 04:15:00,269.95,270.9,269.3,270.7,282725
2026-02-16 04:20:00,270.75,271.45,270.65,270.95,435599
2026-02-16 04:25:00,270.95,271.35,270.95,271.15,188406
2026-02-16 04:30:00,271.2,272.2,271.0,271.7,341274
2026-02-16 04:35:00,271.7,271.85,271.4,271.7,128746
2026-02-16 04:40:00,271.75,271.85,271.05,271.15,152587
2026-02-16 04:45:00,271.05,271.5,270.8,270.95,117287
2026-02-16 04:50:00,270.95,271.1,270.75,271.0,59293
2026-02-16 04:55:00,271.0,271.1,270.8,270.9,58342
2026-02-16 05:00:00,270.85,271.85,270.85,271.4,159219
2026-02-16 05:05:00,271.4,271.55,271.05,271.25,103403
2026-02-16 05:10:00,271.3,271.7,271.05,271.5,149571
2026-02-16 05:15:00,271.5,271.75,271.1,271.25,194711
2026-02-16 05:20:00,271.1,271.4,271.0,271.15,49964
2026-02-16 05:25:00,271.15,271.15,270.15,270.4,214690
2026-02-16 05:30:00,270.4,271.25,270.35,270.85,98240
2026-02-16 05:35:00,270.8,271.0,270.35,270.65,88675
2026-02-16 05:40:00,270.65,271.05,270.55,270.9,69922
2026-02-16 05:45:00,271.05,271.3,270.9,271.2,77397
2026-02-16 05:50:00,271.2,271.25,270.95,271.25,51360
2026-02-16 05:55:00,271.25,271.55,270.9,271.15,147807
2026-02-16 06:00:00,271.2,271.25,270.9,270.95,42660
2026-02-16 06:05:00,271.05,271.2,270.9,271.0,58522
2026-02-16 06:10:00,271.1,271.15,270.85,270.85,68208
2026-02-16 06:15:00,270.8,271.0,270.5,270.5,100813
2026-02-16 06:20:00,270.65,270.65,270.25,270.45,81030
2026-02-16 06:25:00,270.3,270.85,270.3,270.8,81148
2026-02-16 06:30:00,270.8,271.0,270.45,270.65,84163
2026-02-16 06:35:00,270.6,270.8,270.45,270.65,73304
2026-02-16 06:40:00,270.65,270.7,270.4,270.55,72002
2026-02-16 06:45:00,270.4,270.8,270.35,270.7,66199
2026-02-16 06:50:00,270.7,271.05,270.5,270.65,121192
2026-02-16 06:55:00,270.5,270.85,270.45,270.8,87328
2026-02-16 07:00:00,270.8,271.3,270.6,271.15,209050
2026-02-16 07:05:00,271.3,271.4,270.9,271.25,275569
2026-02-16 07:10:00,271.25,271.3,270.8,271.1,139174
2026-02-16 07:15:00,271.25,271.25,270.9,271.0,70540
2026-02-16 07:20:00,270.9,271.1,270.8,271.05,111792
2026-02-16 07:25:00,271.0,271.1,270.75,271.05,161719
2026-02-16 07:30:00,271.05,271.45,270.9,270.95,264605
2026-02-16 07:35:00,270.95,271.3,270.85,271.1,138642
2026-02-16 07:40:00,271.25,271.35,270.95,271.2,135154
2026-02-16 07:45:00,271.2,271.35,271.05,271.15,121651
2026-02-16 07:50:00,271.15,271.5,271.05,271.25,200999
2026-02-16 07:55:00,271.25,271.55,271.2,271.55,273162
2026-02-16 08:00:00,271.55,271.75,271.15,271.45,257650
2026-02-16 08:05:00,271.45,271.75,271.3,271.75,198649
2026-02-16 08:10:00,271.75,271.75,271.25,271.5,239519
2026-02-16 08:15:00,271.35,271.85,271.35,271.6,209008
2026-02-16 08:20:00,271.7,271.85,271.45,271.55,125226
2026-02-16 08:25:00,271.65,271.65,271.4,271.5,120071
2026-02-16 08:30:00,271.5,271.65,271.45,271.5,71336
2026-02-16 08:35:00,271.5,271.65,271.05,271.1,132452
2026-02-16 08:40:00,271.1,271.3,271.0,271.25,109078
2026-02-16 08:45:00,271.25,271.3,270.95,271.05,89093
2026-02-16 08:50:00,271.0,271.35,270.9,271.35,84233
2026-02-16 08:55:00,271.3,271.55,271.2,271.3,129801
2026-02-16 09:00:00,271.2,272.2,271.2,272.05,368100
2026-02-16 09:05:00,272.05,272.1,271.4,271.6,112258
2026-02-16 09:10:00,271.45,271.7,271.4,271.6,107291
2026-02-16 09:15:00,271.6,271.65,271.35,271.5,87706
2026-02-16 09:20:00,271.5,271.9,271.4,271.55,269815
2026-02-16 09:25:00,271.45,271.8,271.45,271.7,103391
2026-02-16 09:30:00,271.7,272.0,271.5,271.7,174253
2026-02-16 09:35:00,271.65,271.65,271.4,271.45,197152
2026-02-16 09:40:00,271.6,271.65,271.4,271.6,217149
2026-02-16 09:45:00,271.55,271.65,271.3,271.55,375407
2026-02-16 09:50:00,271.35,271.75,271.3,271.65,488625
2026-02-16 09:55:00,271.65,271.8,271.4,271.5,339168
2026-02-17 03:45:00,273.0,273.0,269.75,270.4,748326
2026-02-17 03:50:00,270.55,270.6,269.9,270.05,443580
2026-02-17 03:55:00,270.0,270.35,269.5,269.55,285577
2026-02-17 04:00:00,269.5,269.95,269.25,269.35,210174
2026-02-17 04:05:00,269.55,269.7,269.05,269.25,218214
2026-02-17 04:10:00,269.4,270.4,269.3,270.05,264867
2026-02-17 04:15:00,269.95,270.2,269.75,270.1,171857
2026-02-17 04:20:00,270.05,270.2,269.8,269.95,146638
2026-02-17 04:25:00,269.95,270.0,269.75,269.9,197987
2026-02-17 04:30:00,269.9,270.1,269.8,270.0,203677
2026-02-17 04:35:00,270.0,270.15,269.8,270.0,186172
2026-02-17 04:40:00,270.0,270.1,269.8,270.0,165841
2026-02-17 04:45:00,270.0,270.8,269.85,270.45,151701
2026-02-17 04:50:00,270.3,270.5,270.15,270.25,103971
2026-02-17 04:55:00,270.25,270.5,270.0,270.5,110939
2026-02-17 05:00:00,270.55,270.6,270.05,270.25,82420
2026-02-17 05:05:00,270.25,270.25,269.8,269.9,145774
2026-02-17 05:10:00,269.9,269.9,269.3,269.5,115874
2026-02-17 05:15:00,269.5,269.5,268.4,268.75,396621
2026-02-17 05:20:00,268.7,268.75,268.5,268.65,102876
2026-02-17 05:25:00,268.6,268.9,268.55,268.65,365841
2026-02-17 05:30:00,268.55,268.65,268.25,268.5,328117
2026-02-17 05:35:00,268.5,269.2,268.1,269.15,614882
2026-02-17 05:40:00,269.15,269.2,268.8,269.2,46321
2026-02-17 05:45:00,269.15,269.55,269.0,269.2,65435
2026-02-17 05:50:00,269.2,269.5,269.05,269.35,81622
2026-02-17 05:55:00,269.35,269.35,268.85,268.9,94238
2026-02-17 06:00:00,268.9,268.95,268.6,268.75,90593
2026-02-17 06:05:00,268.75,269.3,268.6,269.15,99839
2026-02-17 06:10:00,269.15,269.2,268.85,269.15,64483
2026-02-17 06:15:00,269.15,269.25,269.0,269.05,64761
2026-02-17 06:20:00,269.05,269.2,269.0,269.15,70266
2026-02-17 06:25:00,269.15,269.45,269.05,269.3,167440
2026-02-17 06:30:00,269.3,269.6,269.15,269.25,189823
2026-02-17 06:35:00,269.3,269.55,269.15,269.35,85852
2026-02-17 06:40:00,269.35,269.55,269.25,269.5,88959
2026-02-17 06:45:00,269.45,270.4,269.45,269.85,989826
2026-02-17 06:50:00,269.95,270.5,269.8,270.4,674532
2026-02-17 06:55:00,270.4,270.6,270.0,270.2,489464
2026-02-17 07:00:00,270.2,270.7,270.15,270.4,114230
2026-02-17 07:05:00,270.35,270.6,270.25,270.6,180346
2026-02-17 07:10:00,270.6,271.1,270.4,271.0,3497593
2026-02-17 07:15:00,271.0,271.2,270.75,270.9,654521
2026-02-17 07:20:00,270.9,271.1,270.65,270.95,294260
2026-02-17 07:25:00,270.9,271.7,270.8,271.15,220492
2026-02-17 07:30:00,271.2,271.4,271.05,271.15,335995
2026-02-17 07:35:00,271.15,272.2,271.05,272.15,422246
2026-02-17 07:40:00,272.1,272.25,271.4,271.5,437845
2026-02-17 07:45:00,271.35,271.45,270.85,270.9,99170
2026-02-17 07:50:00,270.9,271.05,270.8,270.95,45266
2026-02-17 07:55:00,270.85,271.65,270.7,271.5,147922
2026-02-17 08:00:00,271.45,271.75,271.4,271.55,88014
2026-02-17 08:05:00,271.65,271.65,271.4,271.4,92096
2026-02-17 08:10:00,271.3,271.45,271.05,271.05,105316
2026-02-17 08:15:00,271.25,271.25,270.6,270.75,117889
2026-02-17 08:20:00,270.75,270.9,270.55,270.65,70785
2026-02-17 08:25:00,270.7,270.9,270.35,270.6,134811
2026-02-17 08:30:00,270.6,271.1,270.5,270.75,139163
2026-02-17 08:35:00,270.8,271.05,270.5,270.5,97779
2026-02-17 08:40:00,270.6,270.75,270.3,270.3,183284
2026-02-17 08:45:00,270.4,270.75,270.3,270.65,115303
2026-02-17 08:50:00,270.65,271.25,270.4,271.15,139596
2026-02-17 08:55:00,270.95,271.15,270.75,270.95,83336
2026-02-17 09:00:00,270.9,271.2,270.8,271.0,167847
2026-02-17 09:05:00,271.05,271.8,270.95,271.75,310508
2026-02-17 09:10:00,271.7,271.95,271.2,271.4,364696
2026-02-17 09:15:00,271.4,271.5,271.15,271.5,310237
2026-02-17 09:20:00,271.5,271.75,271.25,271.75,136825
2026-02-17 09:25:00,271.75,271.95,271.5,271.8,171031
2026-02-17 09:30:00,272.15,272.25,271.8,271.8,339005
2026-02-17 09:35:00,271.95,272.2,271.75,272.05,216389
2026-02-17 09:40:00,272.15,272.2,271.9,272.1,272281
2026-02-17 09:45:00,272.05,272.2,271.75,271.8,563084
2026-02-17 09:50:00,271.9,272.0,271.65,271.8,730847
2026-02-17 09:55:00,271.9,271.95,271.6,271.85,716674
2026-02-18 03:45:00,265.0,266.1,262.55,264.15,1343460
2026-02-18 03:50:00,264.15,264.15,263.15,263.85,481532
2026-02-18 03:55:00,264.0,264.45,263.55,263.95,446522
2026-02-18 04:00:00,263.9,264.4,263.75,264.15,194896
2026-02-18 04:05:00,264.0,264.25,263.55,264.1,192032
2026-02-18 04:10:00,264.15,264.75,264.0,264.7,171721
2026-02-18 04:15:00,264.7,264.8,263.9,264.15,122566
2026-02-18 04:20:00,264.15,264.45,264.0,264.15,83906
2026-02-18 04:25:00,264.3,264.4,264.0,264.15,108650
2026-02-18 04:30:00,264.05,264.1,263.55,264.05,194900
2026-02-18 04:35:00,264.05,264.15,263.85,264.0,104629
2026-02-18 04:40:00,263.9,264.45,263.85,264.2,89361
2026-02-18 04:45:00,264.05,264.45,264.05,264.4,71232
2026-02-18 04:50:00,264.35,264.4,264.05,264.3,56105
2026-02-18 04:55:00,264.2,264.3,264.0,264.15,54792
2026-02-18 05:00:00,264.15,264.7,264.1,264.5,179216
2026-02-18 05:05:00,264.5,264.6,263.4,263.45,236300
2026-02-18 05:10:00,263.4,264.15,263.25,263.95,133761
2026-02-18 05:15:00,263.8,264.5,263.8,264.5,122925
2026-02-18 05:20:00,264.3,264.45,264.2,264.3,61284
2026-02-18 05:25:00,264.2,264.35,263.9,264.0,60598
2026-02-18 05:30:00,264.1,264.3,263.95,264.3,55724
2026-02-18 05:35:00,264.25,264.3,264.05,264.2,25986
2026-02-18 05:40:00,264.1,264.3,263.8,263.95,90659
2026-02-18 05:45:00,264.0,264.0,263.6,263.8,137458
2026-02-18 05:50:00,263.75,263.85,263.55,263.8,123557
2026-02-18 05:55:00,263.8,263.8,263.3,263.3,172942
2026-02-18 06:00:00,263.3,263.5,263.1,263.45,115027
2026-02-18 06:05:00,263.45,263.45,263.2,263.4,84847
2026-02-18 06:10:00,263.3,263.4,263.05,263.2,110251
2026-02-18 06:15:00,263.15,263.4,263.15,263.25,69453
2026-02-18 06:20:00,263.2,263.35,263.05,263.15,143473
2026-02-18 06:25:00,263.15,263.35,263.0,263.35,111564
2026-02-18 06:30:00,263.35,263.45,263.2,263.2,111748
2026-02-18 06:35:00,263.25,263.45,263.15,263.35,146287
2026-02-18 06:40:00,263.35,263.5,263.2,263.45,68010
2026-02-18 06:45:00,263.3,263.5,263.25,263.5,68676
2026-02-18 06:50:00,263.4,263.5,263.25,263.45,72677
2026-02-18 06:55:00,263.3,263.45,263.25,263.45,60375
2026-02-18 07:00:00,263.35,263.7,263.3,263.7,104771
2026-02-18 07:05:00,263.6,264.0,263.5,263.9,221911
2026-02-18 07:10:00,263.85,263.9,263.65,263.65,49964
2026-02-18 07:15:00,263.7,263.85,263.5,263.7,62129
2026-02-18 07:20:00,263.7,264.0,263.65,263.95,72191
2026-02-18 07:25:00,263.9,264.1,263.75,264.1,93775
2026-02-18 07:30:00,264.1,264.4,264.0,264.25,105226
2026-02-18 07:35:00,264.25,264.3,264.1,264.25,100926
2026-02-18 07:40:00,264.25,264.25,264.1,264.15,54350
2026-02-18 07:45:00,264.15,264.25,263.7,263.9,262282
2026-02-18 07:50:00,263.8,264.15,263.8,264.1,101470
2026-02-18 07:55:00,264.05,264.2,264.0,264.15,90968
2026-02-18 08:00:00,264.15,264.2,263.95,264.15,194040
2026-02-18 08:05:00,264.1,264.2,263.75,263.9,280866
2026-02-18 08:10:00,263.8,264.2,263.8,264.0,107935
2026-02-18 08:15:00,263.95,264.05,263.9,264.0,59349
2026-02-18 08:20:00,263.95,264.45,263.95,264.15,164976
2026-02-18 08:25:00,264.15,264.45,263.95,264.45,278227
2026-02-18 08:30:00,264.4,264.7,264.3,264.65,204836
2026-02-18 08:35:00,264.7,264.95,264.6,264.85,180710
2026-02-18 08:40:00,264.85,265.15,264.75,265.0,130083
2026-02-18 08:45:00,264.9,265.25,264.9,265.2,97248
2026-02-18 08:50:00,265.2,265.35,264.95,265.1,129202
2026-02-18 08:55:00,265.05,265.1,264.6,264.75,88377
2026-02-18 09:00:00,264.7,264.8,264.55,264.7,74883
2026-02-18 09:05:00,264.6,265.0,264.5,264.6,115888
2026-02-18 09:10:00,264.5,264.6,264.25,264.3,89311
2026-02-18 09:15:00,264.3,264.35,264.1,264.2,61612
2026-02-18 09:20:00,264.1,264.4,264.1,264.25,95984
2026-02-18 09:25:00,264.35,264.55,264.2,264.35,106700
2026-02-18 09:30:00,264.7,264.8,264.45,264.65,254528
2026-02-18 09:35:00,264.65,264.7,264.5,264.7,132068
2026-02-18 09:40:00,264.65,264.7,264.5,264.6,205734
2026-02-18 09:45:00,264.55,264.7,264.4,264.5,263634
2026-02-18 09:50:00,264.45,264.75,264.45,264.7,377780
2026-02-18 09:55:00,264.7,264.8,264.5,264.8,254364
2026-02-19 03:45:00,270.3,272.3,268.3,269.55,2110223
2026-02-19 03:50:00,269.6,271.25,269.45,270.45,1173171
2026-02-19 03:55:00,270.4,270.9,269.9,270.0,823942
2026-02-19 04:00:00,270.05,270.5,269.8,270.15,473573
2026-02-19 04:05:00,270.25,270.4,269.5,269.75,309410
2026-02-19 04:10:00,269.6,270.2,269.45,269.9,337613
2026-02-19 04:15:00,269.9,269.95,269.2,269.3,204069
2026-02-19 04:20:00,269.3,269.45,268.9,269.3,403635
2026-02-19 04:25:00,269.25,269.45,269.05,269.25,225635
2026-02-19 04:30:00,269.3,269.3,268.55,269.0,304513
2026-02-19 04:35:00,269.0,269.25,268.1,268.15,253832
2026-02-19 04:40:00,268.2,268.45,268.0,268.1,232356
2026-02-19 04:45:00,268.15,269.05,268.05,268.7,339511
2026-02-19 04:50:00,268.7,268.8,268.15,268.5,214305
2026-02-19 04:55:00,268.45,268.75,268.1,268.75,293669
2026-02-19 05:00:00,268.7,268.75,268.1,268.5,198951
2026-02-19 05:05:00,268.5,268.55,267.85,267.9,302392
2026-02-19 05:10:00,267.85,268.9,267.85,268.75,254994
2026-02-19 05:15:00,268.5,269.55,268.5,269.1,285014
2026-02-19 05:20:00,269.1,269.7,269.05,269.5,191067
2026-02-19 05:25:00,269.45,269.5,268.8,269.3,169033
2026-02-19 05:30:00,269.3,269.3,268.6,268.95,135284
2026-02-19 05:35:00,268.85,269.25,268.65,268.75,103805
2026-02-19 05:40:00,268.8,270.55,268.75,270.35,1386988
2026-02-19 05:45:00,270.4,270.85,270.1,270.5,328538
2026-02-19 05:50:00,270.4,270.95,270.05,270.1,287249
2026-02-19 05:55:00,270.1,270.55,270.0,270.15,177062
2026-02-19 06:00:00,270.15,270.7,270.1,270.55,161110
2026-02-19 06:05:00,270.6,270.65,270.2,270.35,147165
2026-02-19 06:10:00,270.35,270.4,270.1,270.15,94949
2026-02-19 06:15:00,270.15,270.25,270.0,270.2,110114
2026-02-19 06:20:00,270.2,270.3,270.0,270.1,133987
2026-02-19 06:25:00,270.2,270.4,270.05,270.3,215680
2026-02-19 06:30:00,270.3,270.3,270.0,270.15,87700
2026-02-19 06:35:00,270.05,270.2,270.0,270.1,156158
2026-02-19 06:40:00,270.0,270.15,270.0,270.05,919046
2026-02-19 06:45:00,270.15,270.4,270.0,270.25,427271
2026-02-19 06:50:00,270.15,270.9,270.1,270.75,365439
2026-02-19 06:55:00,270.65,270.9,270.4,270.7,216943
2026-02-19 07:00:00,270.6,270.8,270.4,270.5,101970
2026-02-19 07:05:00,270.45,270.8,270.2,270.25,134094
2026-02-19 07:10:00,270.2,271.0,270.2,270.95,239650
2026-02-19 07:15:00,270.95,271.2,270.65,271.05,506588
2026-02-19 07:20:00,271.05,271.45,271.05,271.3,281992
2026-02-19 07:25:00,271.25,271.7,271.2,271.7,263561
2026-02-19 07:30:00,271.65,271.85,271.3,271.5,189376
2026-02-19 07:35:00,271.45,272.25,271.45,272.05,689644
2026-02-19 07:40:00,272.05,272.8,272.05,272.7,623889
2026-02-19 07:45:00,272.7,273.2,272.45,273.2,557883
2026-02-19 07:50:00,273.15,274.0,273.0,273.95,824442
2026-02-19 07:55:00,273.9,274.25,273.15,273.95,726617
2026-02-19 08:00:00,273.8,273.95,272.9,273.15,393583
2026-02-19 08:05:00,273.1,274.0,273.0,273.85,557651
2026-02-19 08:10:00,273.8,274.5,273.8,273.95,718994
2026-02-19 08:15:00,273.85,274.75,273.85,274.05,593752
2026-02-19 08:20:00,273.95,274.4,273.45,273.7,454790
2026-02-19 08:25:00,273.85,274.65,273.6,274.55,493831
2026-02-19 08:30:00,274.65,275.6,274.6,275.6,1009439
2026-02-19 08:35:00,275.55,275.7,274.95,275.4,575633
2026-02-19 08:40:00,275.4,275.95,275.35,275.35,759492
2026-02-19 08:45:00,275.45,276.25,275.3,276.1,768495
2026-02-19 08:50:00,276.1,276.45,275.4,276.0,709474
2026-02-19 08:55:00,275.95,276.0,274.9,275.4,632701
2026-02-19 09:00:00,275.4,276.0,275.25,275.75,950355
2026-02-19 09:05:00,275.65,275.9,275.2,275.25,479260
2026-02-19 09:10:00,275.25,276.35,275.1,275.4,839773
2026-02-19 09:15:00,275.4,275.5,274.85,275.25,619687
2026-02-19 09:20:00,275.15,275.75,275.1,275.4,347990
2026-02-19 09:25:00,275.45,275.7,275.0,275.2,375265
2026-02-19 09:30:00,275.25,275.35,274.2,274.25,808213
2026-02-19 09:35:00,274.25,274.5,273.8,274.1,437708
2026-02-19 09:40:00,274.05,275.2,273.85,274.85,1666712
2026-02-19 09:45:00,274.65,274.9,274.0,274.3,985586
2026-02-19 09:50:00,274.3,275.2,273.6,275.05,1055668
2026-02-19 09:55:00,275.0,275.3,274.1,274.25,1601736
2026-02-20 03:45:00,277.4,279.35,276.8,278.05,2739250
2026-02-20 03:50:00,278.1,278.7,277.3,277.5,1087508
2026-02-20 03:55:00,277.45,278.25,276.7,277.65,1213143
2026-02-20 04:00:00,277.85,279.95,277.75,279.8,1372480
2026-02-20 04:05:00,279.9,280.8,278.25,278.5,2806791
2026-02-20 04:10:00,278.35,279.1,278.2,278.4,473424
2026-02-20 04:15:00,278.55,279.7,278.35,278.95,636584
2026-02-20 04:20:00,279.1,279.1,278.6,278.7,238384
2026-02-20 04:25:00,278.75,279.05,278.5,278.65,292495
2026-02-20 04:30:00,278.65,278.75,277.5,277.75,1215917
2026-02-20 04:35:00,277.8,278.2,277.15,277.3,570867
2026-02-20 04:40:00,277.3,279.0,277.15,278.1,1172386
2026-02-20 04:45:00,278.25,278.5,277.8,278.0,232332
2026-02-20 04:50:00,278.0,278.3,277.5,277.6,192409
2026-02-20 04:55:00,277.75,278.1,277.3,277.55,260025
2026-02-20 05:00:00,277.5,277.8,277.05,277.3,236970
2026-02-20 05:05:00,277.2,277.8,277.0,277.75,365758
2026-02-20 05:10:00,277.8,278.15,277.6,278.0,186860
2026-02-20 05:15:00,278.1,278.2,277.75,277.95,154937
2026-02-20 05:20:00,278.0,278.7,277.8,278.55,229914
2026-02-20 05:25:00,278.5,278.8,278.35,278.65,153563
2026-02-20 05:30:00,278.65,278.75,278.45,278.6,84489
2026-02-20 05:35:00,278.6,278.75,278.35,278.7,149941
2026-02-20 05:40:00,278.5,278.7,278.0,278.05,179169
2026-02-20 05:45:00,278.1,278.35,277.7,277.9,98694
2026-02-20 05:50:00,278.1,279.05,277.9,278.45,391565
2026-02-20 05:55:00,278.55,278.9,278.15,278.75,92949
2026-02-20 06:00:00,278.65,278.95,278.55,278.8,95047
2026-02-20 06:05:00,278.9,278.9,278.55,278.75,88587
2026-02-20 06:10:00,278.65,278.9,278.6,278.9,83150
2026-02-20 06:15:00,278.85,279.3,278.75,278.8,338993
2026-02-20 06:20:00,278.85,279.0,278.2,278.2,83887
2026-02-20 06:25:00,278.25,278.5,278.05,278.05,94718
2026-02-20 06:30:00,278.05,278.3,277.75,278.15,195432
2026-02-20 06:35:00,278.2,278.65,278.15,278.25,158045
2026-02-20 06:40:00,278.3,278.4,278.1,278.15,64761
2026-02-20 06:45:00,278.15,278.3,278.05,278.15,81522
2026-02-20 06:50:00,278.2,278.3,277.85,277.85,97931
2026-02-20 06:55:00,277.95,278.15,277.5,277.5,86460
2026-02-20 07:00:00,277.6,277.75,277.25,277.3,208240
2026-02-20 07:05:00,277.3,277.45,277.25,277.4,87180
2026-02-20 07:10:00,277.35,277.45,276.55,276.6,240962
2026-02-20 07:15:00,276.65,276.7,276.15,276.35,247075
2026-02-20 07:20:00,276.3,276.4,275.25,275.35,389155
2026-02-20 07:25:00,275.5,275.5,274.7,275.05,335386
2026-02-20 07:30:00,275.1,275.5,274.8,274.95,226330
2026-02-20 07:35:00,274.95,275.0,274.35,274.45,176453
2026-02-20 07:40:00,274.45,275.2,274.4,275.15,202141
2026-02-20 07:45:00,275.15,275.35,275.0,275.25,153765
2026-02-20 07:50:00,275.25,275.5,275.2,275.45,225225
2026-02-20 07:55:00,275.5,275.6,275.15,275.2,222763
2026-02-20 08:00:00,275.2,275.6,275.0,275.5,192850
2026-02-20 08:05:00,275.5,275.75,275.25,275.5,145419
2026-02-20 08:10:00,275.65,276.0,275.3,275.85,163060
2026-02-20 08:15:00,276.0,276.3,275.7,275.8,189942
2026-02-20 08:20:00,275.95,276.35,275.8,276.1,141745
2026-02-20 08:25:00,276.15,276.95,276.15,276.75,171553
2026-02-20 08:30:00,276.9,277.0,275.85,276.15,264722
2026-02-20 08:35:00,276.15,276.8,276.0,276.35,151802
2026-02-20 08:40:00,276.35,276.45,276.1,276.1,161548
2026-02-20 08:45:00,276.25,276.35,276.05,276.2,157844
2026-02-20 08:50:00,276.25,276.25,275.35,275.9,413941
2026-02-20 08:55:00,275.75,276.25,275.5,275.95,232296
2026-02-20 09:00:00,275.9,276.6,275.8,276.15,192384
2026-02-20 09:05:00,276.25,276.3,275.45,275.6,116534
2026-02-20 09:10:00,275.65,276.45,275.55,276.3,182113
2026-02-20 09:15:00,276.4,276.6,276.0,276.4,144690
2026-02-20 09:20:00,276.45,276.85,276.15,276.7,172886
2026-02-20 09:25:00,276.75,277.3,276.7,277.2,250947
2026-02-20 09:30:00,277.35,278.45,277.35,278.45,813582
2026-02-20 09:35:00,278.45,278.8,278.4,278.75,955391
2026-02-20 09:40:00,278.65,279.15,278.0,279.0,2004810
2026-02-20 09:45:00,278.9,279.1,278.65,278.95,1367154
2026-02-20 09:50:00,278.9,279.05,278.7,278.7,1169406
2026-02-20 09:55:00,278.75,278.85,278.0,278.25,985922
2026-02-23 03:45:00,279.9,279.9,273.5,273.55,912821
2026-02-23 03:50:00,273.7,274.35,273.3,274.15,246757
2026-02-23 03:55:00,274.15,274.3,272.4,273.25,529128
2026-02-23 04:00:00,273.4,273.5,272.5,272.55,368334
2026-02-23 04:05:00,272.5,273.5,272.3,272.6,159222
2026-02-23 04:10:00,272.6,273.05,272.6,272.7,247106
2026-02-23 04:15:00,272.7,273.15,272.25,272.95,243855
2026-02-23 04:20:00,272.9,273.5,272.9,273.3,425898
2026-02-23 04:25:00,273.3,273.85,273.2,273.65,178166
2026-02-23 04:30:00,273.65,273.8,273.4,273.6,156892
2026-02-23 04:35:00,273.6,274.35,273.4,274.35,224641
2026-02-23 04:40:00,274.3,274.35,273.6,273.8,143594
2026-02-23 04:45:00,273.8,274.2,273.65,274.05,147170
2026-02-23 04:50:00,274.0,274.05,273.5,274.0,104617
2026-02-23 04:55:00,273.9,274.0,273.0,273.25,165593
2026-02-23 05:00:00,273.35,273.4,272.75,272.95,128289
2026-02-23 05:05:00,272.9,272.95,272.5,272.7,166156
2026-02-23 05:10:00,272.8,272.85,272.55,272.65,117692
2026-02-23 05:15:00,272.65,272.75,272.2,272.4,147706
2026-02-23 05:20:00,272.45,272.95,272.4,272.65,122136
2026-02-23 05:25:00,272.7,273.35,272.6,273.15,172643
2026-02-23 05:30:00,273.2,273.5,273.05,273.35,87777
2026-02-23 05:35:00,273.4,273.5,272.9,272.9,79862
2026-02-23 05:40:00,273.0,273.9,272.95,273.8,124409
2026-02-23 05:45:00,273.7,274.0,273.45,273.5,110408
2026-02-23 05:50:00,273.55,273.7,273.25,273.35,64487
2026-02-23 05:55:00,273.4,273.6,273.0,273.4,81935
2026-02-23 06:00:00,273.35,273.4,273.1,273.25,73526
2026-02-23 06:05:00,273.3,273.3,273.05,273.3,31526
2026-02-23 06:10:00,273.25,273.4,273.1,273.4,56083
2026-02-23 06:15:00,273.4,273.5,273.05,273.2,51018
2026-02-23 06:20:00,273.15,273.3,272.8,273.0,44024
2026-02-23 06:25:00,273.0,273.2,272.65,272.8,112034
2026-02-23 06:30:00,272.65,272.85,272.5,272.55,60685
2026-02-23 06:35:00,272.65,273.05,272.5,272.9,80626
2026-02-23 06:40:00,272.95,273.0,272.7,272.7,57015
2026-02-23 06:45:00,272.75,273.0,272.6,272.8,72128
2026-02-23 06:50:00,272.95,272.95,272.6,272.6,116675
2026-02-23 06:55:00,272.75,272.75,272.5,272.65,84755
2026-02-23 07:00:00,272.75,272.85,272.55,272.55,56836
2026-02-23 07:05:00,272.75,273.0,272.5,272.65,88052
2026-02-23 07:10:00,272.75,273.45,272.6,273.4,110363
2026-02-23 07:15:00,273.45,273.6,273.05,273.05,140591
2026-02-23 07:20:00,273.1,273.35,272.7,273.25,115347
2026-02-23 07:25:00,273.3,273.35,272.8,272.85,83794
2026-02-23 07:30:00,272.85,273.2,272.6,272.7,76917
2026-02-23 07:35:00,272.7,273.0,272.65,272.8,65074
2026-02-23 07:40:00,272.85,272.95,272.6,272.65,63306
2026-02-23 07:45:00,272.65,272.8,272.5,272.7,73257
2026-02-23 07:50:00,272.7,272.8,272.55,272.65,59935
2026-02-23 07:55:00,272.8,273.1,272.65,272.95,83315
2026-02-23 08:00:00,273.0,273.25,272.85,273.05,138068
2026-02-23 08:05:00,273.0,273.3,272.85,273.2,84188
2026-02-23 08:10:00,273.3,273.8,273.0,273.65,176385
2026-02-23 08:15:00,273.65,274.0,273.4,273.5,146333
2026-02-23 08:20:00,273.45,273.95,273.45,273.95,125924
2026-02-23 08:25:00,273.95,274.0,273.55,273.8,135379
2026-02-23 08:30:00,273.8,273.95,273.15,273.35,129951
2026-02-23 08:35:00,273.3,273.65,273.05,273.4,113577
2026-02-23 08:40:00,273.4,273.8,273.15,273.8,96849
2026-02-23 08:45:00,273.8,274.1,273.6,274.0,266243
2026-02-23 08:50:00,273.85,274.0,273.5,273.75,139834
2026-02-23 08:55:00,273.65,274.45,273.65,274.45,192602
2026-02-23 09:00:00,274.3,274.65,273.95,274.3,165971
2026-02-23 09:05:00,274.3,274.35,273.85,273.85,150468
2026-02-23 09:10:00,273.95,274.15,273.55,273.65,267815
2026-02-23 09:15:00,273.7,274.7,273.55,274.7,352759
2026-02-23 09:20:00,274.7,274.85,274.15,274.7,197915
2026-02-23 09:25:00,274.65,275.05,274.45,274.8,287581
2026-02-23 09:30:00,274.95,275.6,274.85,275.25,364715
2026-02-23 09:35:00,275.3,275.75,275.0,275.75,379890
2026-02-23 09:40:00,275.75,275.85,275.25,275.8,484802
2026-02-23 09:45:00,275.8,276.0,275.75,275.95,337598
2026-02-23 09:50:00,275.95,276.05,275.5,276.05,424914
2026-02-23 09:55:00,276.1,276.2,276.0,276.1,381640
2026-02-24 03:45:00,275.65,277.9,274.4,277.7,743778
2026-02-24 03:50:00,277.85,278.15,276.65,277.85,455714
2026-02-24 03:55:00,277.7,277.8,277.15,277.3,146660
2026-02-24 04:00:00,277.35,277.75,276.45,276.7,300552
2026-02-24 04:05:00,276.6,277.45,276.2,276.4,260362
2026-02-24 04:10:00,276.4,276.4,275.6,275.75,130532
2026-02-24 04:15:00,275.8,275.9,275.1,275.15,257355
2026-02-24 04:20:00,275.25,275.25,274.6,274.8,187899
2026-02-24 04:25:00,274.8,275.15,274.2,274.4,281601
2026-02-24 04:30:00,274.35,274.4,273.8,273.9,319187
2026-02-24 04:35:00,273.95,274.05,273.75,273.8,141659
2026-02-24 04:40:00,273.8,273.95,273.6,273.75,374693
2026-02-24 04:45:00,273.75,274.0,273.55,273.9,259543
2026-02-24 04:50:00,273.9,274.0,273.5,273.75,133180
2026-02-24 04:55:00,273.8,273.8,273.3,273.45,211607
2026-02-24 05:00:00,273.5,274.0,273.4,273.7,118148
2026-02-24 05:05:00,273.75,273.8,273.5,273.65,148325
2026-02-24 05:10:00,273.55,274.6,273.5,274.1,213785
2026-02-24 05:15:00,274.15,274.4,274.05,274.35,116480
2026-02-24 05:20:00,274.4,274.4,274.0,274.1,123475
2026-02-24 05:25:00,274.05,274.8,274.0,274.55,124369
2026-02-24 05:30:00,274.65,275.1,274.5,275.05,491955
2026-02-24 05:35:00,275.05,275.35,275.0,275.2,73220
2026-02-24 05:40:00,275.25,275.5,275.0,275.35,89633
2026-02-24 05:45:00,275.4,275.6,275.0,275.5,94784
2026-02-24 05:50:00,275.45,275.55,275.1,275.1,61836
2026-02-24 05:55:00,275.2,276.0,275.1,275.95,103866
2026-02-24 06:00:00,275.95,276.25,275.75,275.9,115471
2026-02-24 06:05:00,275.9,276.0,275.5,276.0,88193
2026-02-24 06:10:00,275.9,276.0,275.6,275.7,72819
2026-02-24 06:15:00,275.6,275.9,275.55,275.8,84743
2026-02-24 06:20:00,275.8,275.9,275.05,275.05,116230
2026-02-24 06:25:00,275.05,275.25,275.05,275.15,70805
2026-02-24 06:30:00,275.2,275.6,274.85,275.5,157353
2026-02-24 06:35:00,275.5,275.75,275.2,275.35,84239
2026-02-24 06:40:00,275.45,275.55,275.05,275.05,121601
2026-02-24 06:45:00,275.25,275.25,274.7,274.75,138022
2026-02-24 06:50:00,274.9,275.05,274.75,274.9,89006
2026-02-24 06:55:00,274.8,274.95,274.65,274.95,90142
2026-02-24 07:00:00,274.8,274.95,274.6,274.75,80148
2026-02-24 07:05:00,274.75,275.0,274.6,274.85,102140
2026-02-24 07:10:00,274.85,275.4,274.85,274.95,127722
2026-02-24 07:15:00,274.85,275.05,274.65,274.8,98541
2026-02-24 07:20:00,274.65,274.8,274.5,274.7,87115
2026-02-24 07:25:00,274.65,274.8,274.5,274.65,88786
2026-02-24 07:30:00,274.65,274.9,274.4,274.85,93018
2026-02-24 07:35:00,274.8,274.85,274.45,274.55,84538
2026-02-24 07:40:00,274.55,274.85,274.4,274.8,98411
2026-02-24 07:45:00,274.7,274.95,274.6,274.95,87435
2026-02-24 07:50:00,274.95,275.35,274.75,274.9,116124
2026-02-24 07:55:00,274.9,274.95,273.75,273.8,224621
2026-02-24 08:00:00,273.9,274.05,273.6,273.8,154534
2026-02-24 08:05:00,273.7,274.95,273.65,274.8,263400
2026-02-24 08:10:00,274.9,274.95,274.65,274.9,106590
2026-02-24 08:15:00,274.95,275.0,274.6,274.9,97805
2026-02-24 08:20:00,274.9,275.3,274.6,275.25,151597
2026-02-24 08:25:00,275.35,276.2,275.3,276.05,410192
2026-02-24 08:30:00,276.05,276.35,275.0,275.0,743329
2026-02-24 08:35:00,275.0,275.35,275.0,275.25,106183
2026-02-24 08:40:00,275.25,276.4,275.1,275.85,327731
2026-02-24 08:45:00,276.0,276.3,275.7,276.15,208426
2026-02-24 08:50:00,276.2,276.75,276.0,276.1,152602
2026-02-24 08:55:00,276.15,276.85,275.95,276.45,236387
2026-02-24 09:00:00,276.4,276.7,275.9,276.0,207181
2026-02-24 09:05:00,276.0,276.1,275.8,275.9,147046
2026-02-24 09:10:00,275.8,276.05,275.6,275.6,228073
2026-02-24 09:15:00,275.55,275.6,275.0,275.45,322161
2026-02-24 09:20:00,275.5,276.15,275.5,275.85,199904
2026-02-24 09:25:00,275.85,276.3,275.8,276.2,204562
2026-02-24 09:30:00,276.3,276.65,275.75,275.75,538397
2026-02-24 09:35:00,275.8,276.0,275.7,275.75,491055
2026-02-24 09:40:00,275.75,276.55,275.75,276.55,642058
2026-02-24 09:45:00,276.55,277.3,276.35,277.15,806416
2026-02-24 09:50:00,277.25,277.3,276.8,277.25,551073
2026-02-24 09:55:00,277.2,277.5,276.8,276.95,458895
2026-02-25 03:45:00,276.5,278.95,274.65,278.6,345736
2026-02-25 03:50:00,278.6,278.6,277.8,277.9,135903
2026-02-25 03:55:00,277.8,278.35,277.8,278.2,136810
2026-02-25 04:00:00,278.2,278.5,277.3,277.7,152516
2026-02-25 04:05:00,277.7,277.9,277.3,277.55,106105
2026-02-25 04:10:00,277.55,277.7,277.2,277.25,109024
2026-02-25 04:15:00,277.3,277.55,277.2,277.55,50040
2026-02-25 04:20:00,277.55,277.85,277.35,277.45,41753
2026-02-25 04:25:00,277.45,278.1,277.45,277.7,83274
2026-02-25 04:30:00,277.7,278.0,277.5,277.65,72950
2026-02-25 04:35:00,277.65,277.75,277.25,277.35,30836
2026-02-25 04:40:00,277.35,277.35,276.6,276.7,106464
2026-02-25 04:45:00,276.6,277.0,276.5,276.95,55907
2026-02-25 04:50:00,276.95,277.45,276.85,277.15,82134
2026-02-25 04:55:00,277.15,277.2,276.6,276.9,105335
2026-02-25 05:00:00,276.9,278.4,276.75,278.4,155690
2026-02-25 05:05:00,278.4,278.5,278.2,278.35,94479
2026-02-25 05:10:00,278.4,278.45,278.0,278.15,82426
2026-02-25 05:15:00,278.2,278.3,278.05,278.2,28525
2026-02-25 05:20:00,278.25,278.3,277.95,278.1,40856
2026-02-25 05:25:00,278.2,278.2,278.0,278.1,35661
2026-02-25 05:30:00,278.1,278.1,277.9,277.95,33297
2026-02-25 05:35:00,277.95,278.2,277.75,277.8,36699
2026-02-25 05:40:00,277.8,278.0,277.75,278.0,29870
2026-02-25 05:45:00,277.95,278.05,277.75,277.85,19590
2026-02-25 05:50:00,277.8,278.05,277.8,278.0,23507
2026-02-25 05:55:00,277.95,278.0,277.8,277.95,22376
2026-02-25 06:00:00,277.95,277.95,277.5,277.55,60224
2026-02-25 06:05:00,277.55,277.8,277.5,277.75,16545
2026-02-25 06:10:00,277.7,277.75,277.0,277.05,91466
2026-02-25 06:15:00,277.35,277.55,276.8,276.9,38594
2026-02-25 06:20:00,276.8,277.15,276.75,276.85,41014
2026-02-25 06:25:00,276.8,276.85,276.5,276.75,51881
2026-02-25 06:30:00,276.7,276.75,276.45,276.65,50487
2026-02-25 06:35:00,276.65,276.8,276.6,276.75,38528
2026-02-25 06:40:00,276.75,276.75,276.55,276.75,21115
2026-02-25 06:45:00,276.75,277.4,276.65,277.2,60667
2026-02-25 06:50:00,277.25,277.3,276.75,276.85,25842
2026-02-25 06:55:00,276.85,277.1,276.8,276.95,26825
2026-02-25 07:00:00,276.95,277.45,276.25,276.4,111150
2026-02-25 07:05:00,276.4,276.4,275.8,275.85,124794
2026-02-25 07:10:00,275.9,275.95,275.35,275.4,76268
2026-02-25 07:15:00,275.4,275.5,274.55,274.65,227651
2026-02-25 07:20:00,274.7,275.0,274.5,274.8,159193
2026-02-25 07:25:00,274.8,274.95,274.6,274.8,84712
2026-02-25 07:30:00,274.7,274.9,274.35,274.5,109750
2026-02-25 07:35:00,274.55,274.7,274.4,274.6,79732
2026-02-25 07:40:00,274.7,274.7,274.35,274.4,68799
2026-02-25 07:45:00,274.4,274.75,274.4,274.45,89358
2026-02-25 07:50:00,274.5,274.65,274.35,274.45,60503
2026-02-25 07:55:00,274.5,274.6,274.0,274.3,114656
2026-02-25 08:00:00,274.4,275.3,274.4,274.75,87498
2026-02-25 08:05:00,274.65,275.2,274.65,274.95,69869
2026-02-25 08:10:00,275.0,275.1,274.7,274.7,55339
2026-02-25 08:15:00,274.8,275.2,274.6,275.05,64439
2026-02-25 08:20:00,275.0,275.15,274.95,275.05,52066
2026-02-25 08:25:00,275.15,275.25,274.95,275.05,66649
2026-02-25 08:30:00,275.05,275.6,274.8,275.25,74346
2026-02-25 08:35:00,275.3,275.5,274.8,275.05,50921
2026-02-25 08:40:00,275.05,275.45,275.0,275.15,73605
2026-02-25 08:45:00,275.25,275.7,275.15,275.55,56355
2026-02-25 08:50:00,275.5,276.8,275.5,276.55,246032
2026-02-25 08:55:00,276.7,276.75,276.35,276.35,125106
2026-02-25 09:00:00,276.45,276.95,276.45,276.8,102843
2026-02-25 09:05:00,276.8,276.85,276.5,276.55,89065
2026-02-25 09:10:00,276.5,276.6,275.9,276.2,92321
2026-02-25 09:15:00,276.3,276.5,276.15,276.25,133232
2026-02-25 09:20:00,276.3,276.6,276.0,276.5,105481
2026-02-25 09:25:00,276.6,276.9,276.55,276.6,140560
2026-02-25 09:30:00,276.7,277.75,276.7,277.6,378283
2026-02-25 09:35:00,277.6,277.7,277.45,277.6,236534
2026-02-25 09:40:00,277.6,277.6,277.25,277.6,276416
2026-02-25 09:45:00,277.55,277.75,277.4,277.6,286919
2026-02-25 09:50:00,277.6,277.8,277.05,277.35,385832
2026-02-25 09:55:00,277.4,277.45,276.85,277.25,245310
2026-02-26 03:45:00,277.4,278.4,276.1,278.1,192074
2026-02-26 03:50:00,278.1,278.2,277.2,277.8,218209
2026-02-26 03:55:00,277.7,278.0,277.5,277.7,89067
2026-02-26 04:00:00,277.65,278.0,276.75,277.4,169534
2026-02-26 04:05:00,277.45,278.75,277.0,278.2,316689
2026-02-26 04:10:00,278.1,278.35,277.2,277.4,93110
2026-02-26 04:15:00,277.4,277.45,276.55,276.7,120002
2026-02-26 04:20:00,276.75,276.95,276.4,276.4,103834
2026-02-26 04:25:00,276.5,276.55,276.15,276.5,42833
2026-02-26 04:30:00,276.5,276.5,275.7,275.95,186058
2026-02-26 04:35:00,275.9,276.0,275.6,275.8,93395
2026-02-26 04:40:00,275.75,276.15,275.75,275.85,90983
2026-02-26 04:45:00,275.85,276.4,275.7,276.35,67367
2026-02-26 04:50:00,276.35,276.45,276.2,276.35,37241
2026-02-26 04:55:00,276.35,276.4,276.2,276.25,38931
2026-02-26 05:00:00,276.2,276.5,276.2,276.45,45928
2026-02-26 05:05:00,276.5,277.3,276.45,276.8,162463
2026-02-26 05:10:00,276.75,277.25,276.75,277.2,62550
2026-02-26 05:15:00,277.2,277.35,276.95,277.3,60503
2026-02-26 05:20:00,277.25,277.4,277.05,277.15,52822
2026-02-26 05:25:00,277.0,277.35,277.0,277.15,73513
2026-02-26 05:30:00,277.25,277.8,277.0,277.7,237259
2026-02-26 05:35:00,277.7,278.5,277.6,278.4,182834
2026-02-26 05:40:00,278.4,278.6,277.95,278.5,340103
2026-02-26 05:45:00,278.5,278.5,278.3,278.45,75647
2026-02-26 05:50:00,278.35,278.45,278.0,278.1,96749
2026-02-26 05:55:00,278.2,278.5,277.85,277.95,98332
2026-02-26 06:00:00,277.85,277.95,277.65,277.75,84560
2026-02-26 06:05:00,277.7,277.85,277.6,277.75,66362
2026-02-26 06:10:00,277.65,277.8,276.9,277.45,234399
2026-02-26 06:15:00,277.4,277.85,277.3,277.8,72853
2026-02-26 06:20:00,277.75,277.95,277.65,277.95,53312
2026-02-26 06:25:00,277.95,278.1,277.5,277.85,105594
2026-02-26 06:30:00,277.85,278.0,277.55,278.0,70614
2026-02-26 06:35:00,278.0,278.5,277.9,278.45,121125
2026-02-26 06:40:00,278.45,278.45,277.9,278.2,146410
2026-02-26 06:45:00,278.2,278.4,278.05,278.25,100568
2026-02-26 06:50:00,278.2,278.35,277.9,278.25,230306
2026-02-26 06:55:00,278.25,278.45,278.05,278.4,122949
2026-02-26 07:00:00,278.3,279.9,278.3,279.65,514468
2026-02-26 07:05:00,279.65,279.65,279.25,279.45,214952
2026-02-26 07:10:00,279.45,279.5,277.85,277.95,416546
2026-02-26 07:15:00,278.0,278.1,277.65,277.95,134494
2026-02-26 07:20:00,277.9,278.3,277.8,277.95,119203
2026-02-26 07:25:00,278.1,278.1,277.65,277.75,88917
2026-02-26 07:30:00,277.7,277.9,277.65,277.9,71213
2026-02-26 07:35:00,277.9,278.1,277.7,277.9,104497
2026-02-26 07:40:00,277.75,277.95,277.7,277.75,74978
2026-02-26 07:45:00,277.85,277.85,277.3,277.3,221008
2026-02-26 07:50:00,277.4,277.9,277.3,277.9,113803
2026-02-26 07:55:00,277.85,278.3,277.7,278.0,154591
2026-02-26 08:00:00,278.0,278.1,277.8,278.0,67858
2026-02-26 08:05:00,278.05,278.25,277.9,278.15,77427
2026-02-26 08:10:00,278.15,278.45,277.7,278.35,117618
2026-02-26 08:15:00,278.35,278.4,277.85,277.9,118896
2026-02-26 08:20:00,277.9,278.1,277.75,278.05,126997
2026-02-26 08:25:00,278.05,278.05,277.65,277.75,77973
2026-02-26 08:30:00,277.85,278.2,277.7,277.75,108793
2026-02-26 08:35:00,277.7,277.95,277.45,277.8,106442
2026-02-26 08:40:00,277.95,278.1,277.75,277.9,80775
2026-02-26 08:45:00,277.95,278.0,277.65,277.9,82209
2026-02-26 08:50:00,277.85,277.9,277.6,277.65,79077
2026-02-26 08:55:00,277.6,277.75,277.3,277.65,110731
2026-02-26 09:00:00,277.7,277.8,277.5,277.75,61716
2026-02-26 09:05:00,277.7,277.8,277.1,277.2,165301
2026-02-26 09:10:00,277.25,278.0,277.1,278.0,157433
2026-02-26 09:15:00,277.95,278.4,277.9,278.0,261618
2026-02-26 09:20:00,277.95,278.6,277.7,278.6,186955
2026-02-26 09:25:00,278.55,278.6,278.3,278.5,107484
2026-02-26 09:30:00,278.7,279.4,278.7,279.25,414489
2026-02-26 09:35:00,279.2,280.25,279.1,280.2,713500
2026-02-26 09:40:00,280.2,280.5,279.85,280.05,969994
2026-02-26 09:45:00,280.1,280.45,279.9,280.2,569893
2026-02-26 09:50:00,280.2,281.05,280.05,280.05,1161508
2026-02-26 09:55:00,280.1,280.35,279.75,280.15,368921
2026-02-27 03:45:00,278.5,279.55,277.2,278.6,399530
2026-02-27 03:50:00,278.7,278.7,277.65,277.95,125152
2026-02-27 03:55:00,277.95,278.3,277.35,277.4,114057
2026-02-27 04:00:00,277.5,277.85,277.25,277.35,92745
2026-02-27 04:05:00,277.45,278.2,277.0,278.1,149264
2026-02-27 04:10:00,278.2,278.5,277.6,278.0,95063
2026-02-27 04:15:00,277.95,278.1,277.4,277.5,33812
2026-02-27 04:20:00,277.6,277.8,277.45,277.7,49793
2026-02-27 04:25:00,277.7,277.8,277.45,277.65,38027
2026-02-27 04:30:00,277.6,277.9,277.45,277.7,37886
2026-02-27 04:35:00,277.7,277.85,277.45,277.8,40469
2026-02-27 04:40:00,277.8,278.0,277.65,277.7,26956
2026-02-27 04:45:00,277.8,277.8,277.55,277.7,40313
2026-02-27 04:50:00,277.7,278.25,277.6,278.25,40312
2026-02-27 04:55:00,278.2,278.6,278.2,278.4,68419
2026-02-27 05:00:00,278.4,278.8,278.25,278.55,74304
2026-02-27 05:05:00,278.45,278.6,278.15,278.25,29055
2026-02-27 05:10:00,278.25,279.2,277.75,279.2,173301
2026-02-27 05:15:00,279.2,280.15,279.2,280.1,229540
2026-02-27 05:20:00,280.05,280.45,280.0,280.3,159110
2026-02-27 05:25:00,280.3,280.5,280.1,280.2,161361
2026-02-27 05:30:00,280.3,281.0,280.2,280.85,172036
2026-02-27 05:35:00,281.0,281.8,280.95,281.55,506116
2026-02-27 05:40:00,281.4,282.2,281.15,281.7,422764
2026-02-27 05:45:00,281.7,281.8,281.0,281.05,274107
2026-02-27 05:50:00,281.15,282.15,281.05,281.9,352064
2026-02-27 05:55:00,281.9,281.95,281.35,281.55,260507
2026-02-27 06:00:00,281.6,281.75,281.0,281.0,434231
2026-02-27 06:05:00,281.1,281.1,280.3,280.55,212971
2026-02-27 06:10:00,280.6,280.7,280.3,280.55,142498
2026-02-27 06:15:00,280.55,280.6,280.25,280.25,111620
2026-02-27 06:20:00,280.25,280.75,280.0,280.35,154993
2026-02-27 06:25:00,280.4,280.95,280.2,280.85,190721
2026-02-27 06:30:00,280.8,281.05,280.65,281.05,209873
2026-02-27 06:35:00,280.95,281.0,280.45,280.7,223533
2026-02-27 06:40:00,280.7,280.8,280.25,280.35,124708
2026-02-27 06:45:00,280.35,280.45,280.0,280.25,206891
2026-02-27 06:50:00,280.4,280.7,280.0,280.1,166685
2026-02-27 06:55:00,280.1,280.4,280.1,280.15,112190
2026-02-27 07:00:00,280.25,280.25,279.65,279.85,228462
2026-02-27 07:05:00,279.8,279.9,279.6,279.75,143346
2026-02-27 07:10:00,279.7,279.85,279.55,279.65,168132
2026-02-27 07:15:00,279.75,280.3,279.6,279.9,131429
2026-02-27 07:20:00,280.15,280.95,280.15,280.5,327707
2026-02-27 07:25:00,280.5,280.55,279.85,280.0,163283
2026-02-27 07:30:00,280.0,280.2,279.95,280.05,111762
2026-02-27 07:35:00,280.15,280.3,279.95,280.05,111840
2026-02-27 07:40:00,280.05,280.3,279.9,280.05,105293
2026-02-27 07:45:00,280.15,280.6,280.05,280.35,159053
2026-02-27 07:50:00,280.35,280.4,280.1,280.3,94009
2026-02-27 07:55:00,280.3,280.9,280.25,280.6,283479
2026-02-27 08:00:00,280.6,280.75,280.45,280.65,96063
2026-02-27 08:05:00,280.65,280.75,280.35,280.6,105142
2026-02-27 08:10:00,280.55,280.8,280.5,280.5,90107
2026-02-27 08:15:00,280.55,280.8,280.5,280.6,101874
2026-02-27 08:20:00,280.6,281.15,280.4,281.0,159997
2026-02-27 08:25:00,281.1,281.85,280.95,281.7,365536
2026-02-27 08:30:00,281.75,282.0,281.5,281.75,251095
2026-02-27 08:35:00,281.8,282.4,281.6,282.15,348978
2026-02-27 08:40:00,282.2,282.5,281.9,282.0,343271
2026-02-27 08:45:00,282.0,282.1,281.85,282.0,262508
2026-02-27 08:50:00,281.9,282.25,281.9,281.95,280576
2026-02-27 08:55:00,282.0,282.1,281.6,281.8,274302
2026-02-27 09:00:00,281.9,282.3,281.75,282.0,269376
2026-02-27 09:05:00,282.05,282.35,281.35,281.35,307944
2026-02-27 09:10:00,281.45,281.6,280.95,281.2,371917
2026-02-27 09:15:00,281.2,281.2,280.45,280.75,325456
2026-02-27 09:20:00,280.85,281.15,280.7,280.95,246955
2026-02-27 09:25:00,281.0,281.35,280.95,281.25,238827
2026-02-27 09:30:00,281.05,281.05,280.0,280.0,1354202
2026-02-27 09:35:00,280.0,280.05,279.1,279.25,1010127
2026-02-27 09:40:00,279.25,279.75,279.25,279.65,751469
2026-02-27 09:45:00,279.65,280.15,279.6,279.65,862425
2026-02-27 09:50:00,279.6,279.7,279.2,279.35,926309
2026-02-27 09:55:00,279.35,279.6,279.05,279.1,684101
2026-03-02 03:45:00,288.0,293.0,286.3,287.1,7995160
2026-03-02 03:50:00,287.1,288.65,283.3,284.75,4959041
2026-03-02 03:55:00,284.6,285.45,281.55,282.0,3784902
2026-03-02 04:00:00,282.0,282.25,280.5,280.7,2229092
2026-03-02 04:05:00,280.55,280.9,278.65,279.2,2605272
2026-03-02 04:10:00,279.3,280.95,277.65,280.05,2500576
2026-03-02 04:15:00,280.1,280.4,279.35,279.55,1195889
2026-03-02 04:20:00,279.7,279.9,278.9,279.2,964266
2026-03-02 04:25:00,279.15,280.1,278.2,279.45,948621
2026-03-02 04:30:00,279.6,280.75,278.3,279.7,916930
2026-03-02 04:35:00,279.8,280.0,279.45,279.6,592820
2026-03-02 04:40:00,279.6,279.65,279.0,279.4,452953
2026-03-02 04:45:00,279.35,280.3,279.15,280.15,464846
2026-03-02 04:50:00,280.15,280.4,279.1,279.35,630015
2026-03-02 04:55:00,279.3,279.5,278.55,279.0,806410
2026-03-02 05:00:00,279.0,280.0,278.75,279.85,487138
2026-03-02 05:05:00,279.85,281.1,279.85,280.95,1039354
2026-03-02 05:10:00,280.95,281.65,280.7,280.9,725941
2026-03-02 05:15:00,280.85,282.1,280.8,281.35,841523
2026-03-02 05:20:00,281.3,282.0,281.15,281.2,552945
2026-03-02 05:25:00,281.3,282.75,281.1,282.0,734657
2026-03-02 05:30:00,282.0,282.3,281.7,282.3,512496
2026-03-02 05:35:00,282.3,283.7,282.2,283.7,770591
2026-03-02 05:40:00,283.7,283.9,282.7,282.9,592861
2026-03-02 05:45:00,282.9,283.4,281.95,282.1,673234
2026-03-02 05:50:00,282.0,282.35,281.5,282.35,530601
2026-03-02 05:55:00,282.35,282.95,281.95,282.65,342465
2026-03-02 06:00:00,282.65,283.1,282.1,282.25,439669
2026-03-02 06:05:00,282.25,282.7,282.0,282.6,245709
2026-03-02 06:10:00,282.55,282.65,282.05,282.45,328140
2026-03-02 06:15:00,282.3,282.7,282.3,282.45,325038
2026-03-02 06:20:00,282.5,282.6,280.6,281.0,800218
2026-03-02 06:25:00,281.0,281.55,280.8,281.0,317090
2026-03-02 06:30:00,281.0,281.25,280.45,280.8,467978
2026-03-02 06:35:00,280.8,281.0,280.2,280.85,319507
2026-03-02 06:40:00,280.8,281.05,280.2,280.25,491703
2026-03-02 06:45:00,280.1,280.45,279.6,279.85,619694
2026-03-02 06:50:00,279.8,280.75,279.65,280.4,266471
2026-03-02 06:55:00,280.4,280.5,280.1,280.3,143693
2026-03-02 07:00:00,280.35,280.6,280.0,280.05,537554
2026-03-02 07:05:00,280.15,280.55,279.8,280.35,563661
2026-03-02 07:10:00,280.35,280.95,280.25,280.75,411238
2026-03-02 07:15:00,280.75,282.5,280.7,282.2,873589
2026-03-02 07:20:00,282.15,282.25,281.25,281.4,317275
2026-03-02 07:25:00,281.3,282.25,281.3,281.85,620019
2026-03-02 07:30:00,281.95,282.25,281.35,281.4,297657
2026-03-02 07:35:00,281.5,281.8,281.15,281.5,220823
2026-03-02 07:40:00,281.35,282.4,281.35,282.0,346075
2026-03-02 07:45:00,282.1,282.2,281.7,281.8,342428
2026-03-02 07:50:00,281.75,282.0,281.35,281.55,271626
2026-03-02 07:55:00,281.5,281.6,281.05,281.55,545103
2026-03-02 08:00:00,281.55,281.7,281.0,281.2,261500
2026-03-02 08:05:00,281.2,281.95,281.1,281.8,760025
2026-03-02 08:10:00,281.9,282.8,281.7,282.6,653727
2026-03-02 08:15:00,282.75,283.1,282.5,282.75,640412
2026-03-02 08:20:00,282.7,282.7,281.2,281.65,599425
2026-03-02 08:25:00,281.65,281.65,281.0,281.3,407428
2026-03-02 08:30:00,281.3,282.55,281.15,282.4,619833
2026-03-02 08:35:00,282.4,283.25,282.25,282.7,766395
2026-03-02 08:40:00,282.7,283.25,282.5,282.85,614059
2026-03-02 08:45:00,282.85,283.0,282.5,282.8,398718
2026-03-02 08:50:00,282.8,282.9,282.15,282.15,370826
2026-03-02 08:55:00,282.3,282.3,281.5,281.55,476115
2026-03-02 09:00:00,281.55,282.45,281.35,282.4,287177
2026-03-02 09:05:00,282.55,283.0,282.2,282.65,570688
2026-03-02 09:10:00,282.65,282.8,282.1,282.6,412244
2026-03-02 09:15:00,282.45,283.65,282.4,283.5,1241105
2026-03-02 09:20:00,283.45,283.45,283.0,283.2,502140
2026-03-02 09:25:00,283.3,283.65,281.8,281.95,897180
2026-03-02 09:30:00,281.95,282.7,281.75,282.5,669329
2026-03-02 09:35:00,282.45,282.5,282.0,282.4,571858
2026-03-02 09:40:00,282.5,283.15,282.3,283.15,861180
2026-03-02 09:45:00,283.15,283.2,282.0,282.7,1235611
2026-03-02 09:50:00,282.65,282.8,281.35,281.9,1303060
2026-03-02 09:55:00,281.85,282.2,281.0,281.45,1335663
2026-03-04 03:45:00,287.0,288.35,284.15,285.85,7588920
2026-03-04 03:50:00,285.85,285.9,283.3,284.2,2617672
2026-03-04 03:55:00,284.15,284.4,280.3,280.5,2686692
2026-03-04 04:00:00,280.4,282.75,280.1,282.4,1735528
2026-03-04 04:05:00,282.5,283.4,281.6,281.8,1287246
2026-03-04 04:10:00,281.95,282.0,281.15,281.95,948431
2026-03-04 04:15:00,281.9,282.55,281.0,281.95,687441
2026-03-04 04:20:00,282.0,282.0,280.5,280.8,841182
2026-03-04 04:25:00,280.8,281.5,280.35,281.45,686644
2026-03-04 04:30:00,281.5,281.5,280.35,281.0,656543
2026-03-04 04:35:00,280.9,281.7,280.9,281.55,375027
2026-03-04 04:40:00,281.55,283.1,281.2,282.35,1444245
2026-03-04 04:45:00,282.3,282.7,281.25,281.3,725395
2026-03-04 04:50:00,281.4,281.75,281.05,281.4,301743
2026-03-04 04:55:00,281.4,281.85,281.25,281.65,337160
2026-03-04 05:00:00,281.7,282.2,281.35,281.7,395805
2026-03-04 05:05:00,281.75,281.95,281.2,281.2,264395
2026-03-04 05:10:00,281.25,281.5,280.85,281.35,456494
2026-03-04 05:15:00,281.45,282.0,281.3,281.5,265865
2026-03-04 05:20:00,281.55,282.5,281.35,282.45,339962
2026-03-04 05:25:00,282.4,282.95,282.3,282.8,664361
2026-03-04 05:30:00,282.8,283.85,282.35,283.6,1118736
2026-03-04 05:35:00,283.5,283.65,282.1,282.75,497642
2026-03-04 05:40:00,282.8,283.15,282.2,282.2,307905
2026-03-04 05:45:00,282.2,282.2,280.8,280.8,1003618
2026-03-04 05:50:00,280.8,281.75,280.8,281.1,514693
2026-03-04 05:55:00,281.05,281.4,280.65,280.8,450711
2026-03-04 06:00:00,280.85,281.1,280.05,280.55,835418
2026-03-04 06:05:00,280.6,280.8,279.5,279.6,654158
2026-03-04 06:10:00,279.7,280.75,279.6,280.55,252387
2026-03-04 06:15:00,280.5,280.75,280.2,280.45,206225
2026-03-04 06:20:00,280.45,280.9,280.1,280.2,212082
2026-03-04 06:25:00,280.25,280.6,280.1,280.5,244356
2026-03-04 06:30:00,280.55,281.4,280.45,281.1,529028
2026-03-04 06:35:00,281.1,281.2,280.75,280.8,189227
2026-03-04 06:40:00,280.85,280.95,280.25,280.3,271837
2026-03-04 06:45:00,280.25,280.55,280.05,280.15,262091
2026-03-04 06:50:00,280.2,280.45,280.0,280.4,295848
2026-03-04 06:55:00,280.45,280.45,279.7,279.8,368010
2026-03-04 07:00:00,279.8,280.4,279.75,280.4,230048
2026-03-04 07:05:00,280.4,280.4,279.8,279.85,256161
2026-03-04 07:10:00,279.85,279.85,278.6,278.9,730731
2026-03-04 07:15:00,278.9,279.05,277.15,277.75,776934
2026-03-04 07:20:00,277.7,277.75,277.1,277.2,410585
2026-03-04 07:25:00,277.35,278.0,277.05,277.95,391634
2026-03-04 07:30:00,277.9,278.85,277.9,278.8,770380
2026-03-04 07:35:00,278.8,279.45,278.7,279.3,427116
2026-03-04 07:40:00,279.3,280.5,279.15,280.5,436043
2026-03-04 07:45:00,280.45,280.55,279.1,279.3,363737
2026-03-04 07:50:00,279.3,279.95,278.75,279.55,338343
2026-03-04 07:55:00,279.55,280.35,279.35,279.5,334067
2026-03-04 08:00:00,279.5,279.6,278.7,278.7,262297
2026-03-04 08:05:00,278.75,278.85,278.5,278.75,241740
2026-03-04 08:10:00,278.75,279.0,278.2,278.5,294644
2026-03-04 08:15:00,278.55,278.6,277.45,277.5,409527
2026-03-04 08:20:00,277.45,277.85,277.1,277.15,364615
2026-03-04 08:25:00,277.1,277.9,277.1,277.7,330673
2026-03-04 08:30:00,277.75,278.0,277.6,277.85,307237
2026-03-04 08:35:00,277.75,278.75,277.3,278.5,532357
2026-03-04 08:40:00,278.5,279.1,278.4,279.0,449463
2026-03-04 08:45:00,279.15,279.3,278.65,278.8,524891
2026-03-04 08:50:00,278.75,278.75,277.95,278.4,568078
2026-03-04 08:55:00,278.45,278.8,278.1,278.25,352838
2026-03-04 09:00:00,278.25,278.3,277.8,278.0,475963
2026-03-04 09:05:00,277.95,278.1,277.45,277.85,565060
2026-03-04 09:10:00,277.85,278.65,277.8,278.3,598383
2026-03-04 09:15:00,278.3,278.35,277.75,277.9,596846
2026-03-04 09:20:00,277.7,277.9,277.2,277.3,450827
2026-03-04 09:25:00,277.2,278.0,277.2,278.0,438180
2026-03-04 09:30:00,278.05,278.35,277.75,277.8,840326
2026-03-04 09:35:00,277.85,278.15,277.25,277.4,777528
2026-03-04 09:40:00,277.4,277.55,277.1,277.15,1136306
2026-03-04 09:45:00,277.2,277.25,276.4,276.65,1372841
2026-03-04 09:50:00,276.65,276.95,275.7,276.0,1432697
2026-03-04 09:55:00,276.0,276.2,275.1,275.7,935862
2026-03-05 03:45:00,278.0,279.6,277.0,279.35,1482738
2026-03-05 03:50:00,279.35,282.4,279.1,282.25,1362602
2026-03-05 03:55:00,282.1,282.35,280.6,281.1,994800
2026-03-05 04:00:00,281.1,282.85,280.9,282.7,982148
2026-03-05 04:05:00,282.6,284.9,282.6,284.15,1449285
2026-03-05 04:10:00,284.15,285.25,284.05,284.35,1394406
2026-03-05 04:15:00,284.45,285.9,284.25,285.1,1255245
2026-03-05 04:20:00,285.1,285.5,284.8,285.35,541292
2026-03-05 04:25:00,285.4,286.45,285.2,286.0,740083
2026-03-05 04:30:00,286.1,287.65,285.95,287.15,840312
2026-03-05 04:35:00,287.0,287.1,285.2,285.25,771304
2026-03-05 04:40:00,285.25,285.5,284.7,284.8,680523
2026-03-05 04:45:00,284.8,285.4,284.5,284.7,539043
2026-03-05 04:50:00,284.7,285.35,284.2,284.6,640988
2026-03-05 04:55:00,284.55,285.5,284.05,285.4,645630
2026-03-05 05:00:00,285.4,285.6,284.9,285.4,1849826
2026-03-05 05:05:00,285.4,286.8,285.2,286.3,844205
2026-03-05 05:10:00,286.15,287.15,286.05,286.45,564097
2026-03-05 05:15:00,286.5,286.65,286.25,286.4,185876
2026-03-05 05:20:00,286.35,286.4,285.8,286.2,312313
2026-03-05 05:25:00,286.1,286.5,285.4,285.55,216177
2026-03-05 05:30:00,285.55,285.6,284.5,284.7,245490
2026-03-05 05:35:00,284.7,285.0,284.5,284.8,309880
2026-03-05 05:40:00,284.75,284.95,284.4,284.6,146553
2026-03-05 05:45:00,284.6,285.25,284.4,285.05,187635
2026-03-05 05:50:00,285.1,285.4,284.85,285.05,121198
2026-03-05 05:55:00,285.0,285.35,284.75,285.0,202629
2026-03-05 06:00:00,285.0,285.9,284.95,285.45,245785
2026-03-05 06:05:00,285.6,286.0,285.25,285.65,219315
2026-03-05 06:10:00,285.65,285.7,284.95,285.15,187834
2026-03-05 06:15:00,285.15,285.15,284.8,284.95,110670
2026-03-05 06:20:00,284.95,285.5,284.8,285.45,114152
2026-03-05 06:25:00,285.5,285.55,285.05,285.3,164979
2026-03-05 06:30:00,285.25,285.45,284.9,285.1,143015
2026-03-05 06:35:00,285.05,285.6,285.05,285.55,112377
2026-03-05 06:40:00,285.45,286.5,285.35,286.4,296454
2026-03-05 06:45:00,286.4,286.45,286.05,286.25,152710
2026-03-05 06:50:00,286.25,286.5,285.1,285.2,276921
2026-03-05 06:55:00,285.15,285.4,284.5,285.05,306833
2026-03-05 07:00:00,285.0,285.15,284.55,284.55,132596
2026-03-05 07:05:00,284.6,284.8,283.7,284.2,1179723
2026-03-05 07:10:00,284.3,284.35,283.8,283.8,155305
2026-03-05 07:15:00,283.8,284.65,283.7,284.4,303499
2026-03-05 07:20:00,284.4,284.7,284.2,284.45,152898
2026-03-05 07:25:00,284.45,285.1,284.3,284.8,290367
2026-03-05 07:30:00,284.8,285.1,284.05,284.15,189009
2026-03-05 07:35:00,284.25,284.25,283.45,283.7,303730
2026-03-05 07:40:00,283.65,283.7,282.5,283.05,428040
2026-03-05 07:45:00,283.0,283.25,282.6,282.95,232170
2026-03-05 07:50:00,283.1,283.45,282.8,283.3,165268
2026-03-05 07:55:00,283.35,283.5,283.0,283.2,168678
2026-03-05 08:00:00,283.2,283.5,283.0,283.1,254475
2026-03-05 08:05:00,283.1,283.2,282.6,283.0,291282
2026-03-05 08:10:00,282.9,283.2,282.75,283.15,131748
2026-03-05 08:15:00,283.1,283.35,282.55,282.55,169798
2026-03-05 08:20:00,282.7,282.75,282.35,282.4,130400
2026-03-05 08:25:00,282.45,282.75,282.4,282.6,113016
2026-03-05 08:30:00,282.6,282.8,282.4,282.8,191676
2026-03-05 08:35:00,282.75,282.85,281.55,281.6,346716
2026-03-05 08:40:00,281.6,281.65,281.05,281.2,297704
2026-03-05 08:45:00,281.2,281.55,280.55,280.7,318566
2026-03-05 08:50:00,280.7,281.5,280.7,281.15,263260
2026-03-05 08:55:00,281.2,281.45,281.0,281.3,207972
2026-03-05 09:00:00,281.35,281.4,280.7,280.8,198927
2026-03-05 09:05:00,280.75,280.75,279.7,280.1,631133
2026-03-05 09:10:00,280.2,280.6,278.5,278.8,520474
2026-03-05 09:15:00,278.65,278.65,276.3,276.8,1026325
2026-03-05 09:20:00,276.65,278.1,275.65,276.15,1426034
2026-03-05 09:25:00,276.15,277.75,275.9,277.4,1079101
2026-03-05 09:30:00,277.35,277.5,275.35,276.25,1171246
2026-03-05 09:35:00,276.25,276.6,275.35,276.5,1386913
2026-03-05 09:40:00,276.5,276.85,275.65,276.65,969384
2026-03-05 09:45:00,276.65,277.5,276.0,276.65,1237220
2026-03-05 09:50:00,276.65,277.1,275.75,276.7,1676327
2026-03-05 09:55:00,276.7,277.5,276.3,276.75,924238
2026-03-06 03:45:00,279.95,279.95,276.35,276.8,1935614
2026-03-06 03:50:00,276.75,277.6,276.55,276.85,591397
2026-03-06 03:55:00,276.75,276.95,275.2,275.8,806051
2026-03-06 04:00:00,275.8,275.8,274.8,275.25,602796
2026-03-06 04:05:00,275.25,275.55,275.05,275.25,217258
2026-03-06 04:10:00,275.25,275.7,275.05,275.35,196186
2026-03-06 04:15:00,275.4,275.7,274.0,274.0,408751
2026-03-06 04:20:00,274.1,274.1,272.6,272.7,540375
2026-03-06 04:25:00,272.7,273.2,272.6,272.9,322511
2026-03-06 04:30:00,272.85,273.2,272.4,272.55,230911
2026-03-06 04:35:00,272.55,273.55,272.4,273.25,264665
2026-03-06 04:40:00,273.2,274.35,273.2,273.8,351831
2026-03-06 04:45:00,273.85,274.2,273.45,273.65,272155
2026-03-06 04:50:00,273.65,273.65,272.2,272.85,536887
2026-03-06 04:55:00,272.9,273.5,272.75,272.8,297015
2026-03-06 05:00:00,272.8,272.85,271.6,271.75,566876
2026-03-06 05:05:00,271.75,272.7,271.7,272.4,216160
2026-03-06 05:10:00,272.35,272.8,272.35,272.6,157895
2026-03-06 05:15:00,272.55,272.7,271.15,271.45,364415
2026-03-06 05:20:00,271.6,272.1,271.35,271.7,217925
2026-03-06 05:25:00,271.75,271.95,271.4,271.75,82826
2026-03-06 05:30:00,271.8,273.2,271.75,272.9,327220
2026-03-06 05:35:00,272.9,273.85,272.6,273.75,561495
2026-03-06 05:40:00,273.75,274.05,273.0,273.2,316945
2026-03-06 05:45:00,273.25,273.5,273.0,273.35,433478
2026-03-06 05:50:00,273.35,273.4,273.15,273.3,242456
2026-03-06 05:55:00,273.35,273.35,272.8,273.05,447238
2026-03-06 06:00:00,273.1,275.25,272.85,275.0,841102
2026-03-06 06:05:00,275.0,276.4,275.0,276.4,531546
2026-03-06 06:10:00,276.4,276.7,275.75,275.8,387909
2026-03-06 06:15:00,275.9,277.2,275.8,277.0,637244
2026-03-06 06:20:00,277.05,277.1,276.05,276.5,279512
2026-03-06 06:25:00,276.5,276.55,276.0,276.25,195607
2026-03-06 06:30:00,276.3,276.45,276.0,276.3,126654
2026-03-06 06:35:00,276.35,277.65,276.3,277.45,428243
2026-03-06 06:40:00,277.45,277.9,277.35,277.8,350873
2026-03-06 06:45:00,277.8,277.85,277.4,277.6,252431
2026-03-06 06:50:00,277.65,278.25,277.45,278.05,376954
2026-03-06 06:55:00,278.05,278.45,278.0,278.25,304504
2026-03-06 07:00:00,278.1,278.45,278.05,278.25,224725
2026-03-06 07:05:00,278.35,278.7,278.15,278.55,308143
2026-03-06 07:10:00,278.65,279.8,278.55,279.65,490179
2026-03-06 07:15:00,279.75,280.15,279.5,279.9,866387
2026-03-06 07:20:00,280.05,280.1,279.65,279.95,795337
2026-03-06 07:25:00,279.95,279.95,279.45,279.75,379903
2026-03-06 07:30:00,279.75,280.1,279.5,280.0,803735
2026-03-06 07:35:00,280.0,280.05,279.55,279.65,262681
2026-03-06 07:40:00,279.65,279.95,279.55,279.6,216044
2026-03-06 07:45:00,279.8,279.9,279.65,279.85,134424
2026-03-06 07:50:00,279.85,280.5,279.7,280.0,292762
2026-03-06 07:55:00,280.15,280.15,279.6,279.9,266882
2026-03-06 08:00:00,279.95,280.0,279.5,279.7,253059
2026-03-06 08:05:00,279.7,280.0,279.2,279.65,324736
2026-03-06 08:10:00,279.65,280.0,279.6,279.8,245004
2026-03-06 08:15:00,279.85,279.85,279.15,279.45,243121
2026-03-06 08:20:00,279.45,280.35,279.45,280.3,308483
2026-03-06 08:25:00,280.3,280.95,279.7,279.85,436838
2026-03-06 08:30:00,279.8,280.25,279.6,279.75,283535
2026-03-06 08:35:00,279.75,279.95,279.6,279.85,271119
2026-03-06 08:40:00,279.9,279.9,279.35,279.45,235077
2026-03-06 08:45:00,279.4,280.2,279.4,279.7,355084
2026-03-06 08:50:00,279.65,279.7,278.5,278.95,519793
2026-03-06 08:55:00,279.05,279.1,277.8,278.45,543980
2026-03-06 09:00:00,278.45,278.95,278.4,278.85,243380
2026-03-06 09:05:00,278.85,279.45,278.55,279.45,297838
2026-03-06 09:10:00,279.45,279.5,278.85,279.3,271825
2026-03-06 09:15:00,279.3,279.9,277.5,278.05,699831
2026-03-06 09:20:00,278.1,279.3,278.05,278.8,353065
2026-03-06 09:25:00,279.0,279.2,278.25,278.5,416734
2026-03-06 09:30:00,278.5,279.2,278.4,278.8,384783
2026-03-06 09:35:00,278.8,279.25,278.7,278.95,370962
2026-03-06 09:40:00,278.95,279.1,278.55,278.85,455355
2026-03-06 09:45:00,278.95,279.3,278.5,278.8,629062
2026-03-06 09:50:00,278.9,279.2,278.75,279.15,621148
2026-03-06 09:55:00,279.1,279.9,278.7,279.9,570306
2026-03-09 03:45:00,289.0,289.0,278.85,280.85,7445721
2026-03-09 03:50:00,280.8,282.3,277.75,278.05,3281554
2026-03-09 03:55:00,278.2,281.0,277.5,280.55,1934875
2026-03-09 04:00:00,280.55,281.0,275.2,276.8,3050668
2026-03-09 04:05:00,276.85,278.6,276.0,278.1,1377517
2026-03-09 04:10:00,278.1,278.7,276.7,277.0,1032600
2026-03-09 04:15:00,276.95,278.0,275.4,277.55,1534613
2026-03-09 04:20:00,277.6,278.4,277.3,277.7,1157086
2026-03-09 04:25:00,277.65,277.7,276.15,276.45,788000
2026-03-09 04:30:00,276.4,276.95,275.05,276.6,1023728
2026-03-09 04:35:00,276.7,277.0,276.3,276.4,605844
2026-03-09 04:40:00,276.4,277.8,276.2,277.3,1000628
2026-03-09 04:45:00,277.3,277.95,277.05,277.7,549124
2026-03-09 04:50:00,277.7,277.95,277.25,277.45,379213
2026-03-09 04:55:00,277.4,277.75,277.1,277.15,292966
2026-03-09 05:00:00,277.1,277.7,274.45,274.5,1324452
2026-03-09 05:05:00,274.55,274.9,273.5,273.8,754669
2026-03-09 05:10:00,273.85,274.1,272.85,273.85,624879
2026-03-09 05:15:00,273.9,274.0,273.05,273.7,386625
2026-03-09 05:20:00,273.6,274.5,272.4,272.5,635211
2026-03-09 05:25:00,272.4,272.95,272.0,272.1,571672
2026-03-09 05:30:00,272.2,273.55,271.75,273.2,1009083
2026-03-09 05:35:00,273.2,273.35,271.3,271.5,1113945
2026-03-09 05:40:00,271.4,271.45,269.25,269.85,1641015
2026-03-09 05:45:00,269.7,270.9,269.3,270.4,710078
2026-03-09 05:50:00,270.5,271.05,270.0,270.6,496004
2026-03-09 05:55:00,270.6,271.3,270.3,271.2,278960
2026-03-09 06:00:00,271.2,272.05,271.0,271.85,406602
2026-03-09 06:05:00,271.8,272.2,271.6,271.85,215401
2026-03-09 06:10:00,271.85,272.35,270.9,271.0,364128
2026-03-09 06:15:00,271.05,271.05,270.35,270.8,227991
2026-03-09 06:20:00,270.75,270.9,270.3,270.6,145616
2026-03-09 06:25:00,270.55,270.55,270.05,270.1,147104
2026-03-09 06:30:00,270.05,270.1,269.05,269.6,477886
2026-03-09 06:35:00,269.6,270.05,268.75,269.65,479140
2026-03-09 06:40:00,269.7,270.6,269.5,270.3,374401
2026-03-09 06:45:00,270.25,270.5,270.05,270.45,216348
2026-03-09 06:50:00,270.45,270.75,270.15,270.7,188471
2026-03-09 06:55:00,270.65,270.7,270.2,270.45,162594
2026-03-09 07:00:00,270.5,270.6,269.95,270.05,195969
2026-03-09 07:05:00,269.95,270.5,269.9,270.4,167903
2026-03-09 07:10:00,270.35,270.8,270.2,270.25,227710
2026-03-09 07:15:00,270.25,270.65,270.15,270.3,141894
2026-03-09 07:20:00,270.3,270.6,270.1,270.5,140811
2026-03-09 07:25:00,270.5,270.7,270.35,270.5,144175
2026-03-09 07:30:00,270.45,270.95,270.15,270.35,296802
2026-03-09 07:35:00,270.35,271.25,270.25,270.65,459252
2026-03-09 07:40:00,270.6,270.9,270.4,270.6,221885
2026-03-09 07:45:00,270.55,271.3,270.55,271.25,214701
2026-03-09 07:50:00,271.2,271.8,270.5,270.8,361879
2026-03-09 07:55:00,270.8,271.65,270.6,271.15,301682
2026-03-09 08:00:00,271.2,271.85,271.0,271.35,195958
2026-03-09 08:05:00,271.25,271.5,271.0,271.4,162769
2026-03-09 08:10:00,271.3,271.5,271.0,271.15,151065
2026-03-09 08:15:00,271.1,271.3,270.5,270.6,1225826
2026-03-09 08:20:00,270.7,270.75,270.15,270.5,237403
2026-03-09 08:25:00,270.45,270.6,270.05,270.2,132804
2026-03-09 08:30:00,270.25,270.65,270.05,270.45,184904
2026-03-09 08:35:00,270.4,270.6,270.2,270.45,132600
2026-03-09 08:40:00,270.45,270.5,270.0,270.15,174500
2026-03-09 08:45:00,270.15,270.6,270.0,270.6,149960
2026-03-09 08:50:00,270.55,271.0,270.15,270.8,229956
2026-03-09 08:55:00,270.9,270.95,270.35,270.45,161222
2026-03-09 09:00:00,270.5,270.6,270.4,270.45,126636
2026-03-09 09:05:00,270.5,270.8,270.25,270.35,152023
2026-03-09 09:10:00,270.5,270.8,270.35,270.6,185291
2026-03-09 09:15:00,270.5,271.2,270.4,270.7,376499
2026-03-09 09:20:00,270.95,271.2,270.8,271.05,249331
2026-03-09 09:25:00,271.15,271.25,270.5,271.0,460465
2026-03-09 09:30:00,271.05,271.75,270.9,271.65,995667
2026-03-09 09:35:00,271.65,272.15,271.0,271.55,1196732
2026-03-09 09:40:00,271.55,271.75,270.75,271.0,1269662
2026-03-09 09:45:00,270.95,271.85,270.7,271.4,1739429
2026-03-09 09:50:00,271.35,272.05,269.8,269.9,3296050
2026-03-09 09:55:00,269.9,270.35,267.6,269.95,1707281
2026-03-10 03:45:00,270.85,270.85,265.35,266.2,1635384
2026-03-10 03:50:00,266.2,267.9,266.2,267.05,529573
2026-03-10 03:55:00,267.1,267.9,266.4,267.0,505874
2026-03-10 04:00:00,266.95,266.95,265.8,266.4,457094
2026-03-10 04:05:00,266.4,266.8,265.95,266.2,285532
2026-03-10 04:10:00,266.2,266.75,265.8,266.25,361910
2026-03-10 04:15:00,266.3,266.65,266.0,266.45,206255
2026-03-10 04:20:00,266.45,266.7,265.8,265.95,319438
2026-03-10 04:25:00,265.95,266.15,265.6,265.85,331289
2026-03-10 04:30:00,265.9,266.7,265.8,266.15,286580
2026-03-10 04:35:00,266.1,268.65,265.95,267.65,663165
2026-03-10 04:40:00,267.6,269.3,267.35,269.3,345330
2026-03-10 04:45:00,269.2,270.9,268.95,270.55,578677
2026-03-10 04:50:00,270.6,270.65,269.3,269.5,337018
2026-03-10 04:55:00,269.45,270.0,269.25,269.7,166796
2026-03-10 05:00:00,269.75,270.6,269.65,270.0,180521
2026-03-10 05:05:00,270.0,270.1,268.95,269.0,192085
2026-03-10 05:10:00,269.05,269.65,268.95,269.2,130929
2026-03-10 05:15:00,269.15,269.25,268.95,269.0,109360
2026-03-10 05:20:00,268.95,269.15,268.85,269.15,109653
2026-03-10 05:25:00,269.1,269.65,268.9,269.5,92249
2026-03-10 05:30:00,269.45,269.55,269.1,269.5,80995
2026-03-10 05:35:00,269.4,269.85,269.4,269.75,98914
2026-03-10 05:40:00,269.8,269.9,269.5,269.8,75163
2026-03-10 05:45:00,269.75,269.9,269.35,269.35,82670
2026-03-10 05:50:00,269.45,270.5,269.35,270.0,292717
2026-03-10 05:55:00,270.05,270.05,269.1,269.1,82496
2026-03-10 06:00:00,269.3,269.5,269.1,269.2,161845
2026-03-10 06:05:00,269.25,269.45,269.05,269.35,102341
2026-03-10 06:10:00,269.4,269.6,269.25,269.4,77524
2026-03-10 06:15:00,269.4,269.5,269.0,269.0,54836
2026-03-10 06:20:00,269.0,269.4,269.0,269.25,71285
2026-03-10 06:25:00,269.3,269.65,269.2,269.25,77920
2026-03-10 06:30:00,269.3,269.3,268.9,268.95,197534
2026-03-10 06:35:00,268.9,269.1,268.9,268.95,161349
2026-03-10 06:40:00,268.9,269.1,268.2,268.2,180196
2026-03-10 06:45:00,268.2,269.35,268.05,269.2,284096
2026-03-10 06:50:00,269.2,269.45,268.85,268.95,115427
2026-03-10 06:55:00,268.95,269.15,268.85,269.0,817296
2026-03-10 07:00:00,269.0,269.1,268.75,268.9,271709
2026-03-10 07:05:00,268.9,269.65,268.9,269.3,185861
2026-03-10 07:10:00,269.3,269.8,269.25,269.35,112649
2026-03-10 07:15:00,269.4,269.95,269.3,269.95,140830
2026-03-10 07:20:00,269.9,270.0,269.5,269.95,145607
2026-03-10 07:25:00,269.95,270.3,269.85,270.3,130497
2026-03-10 07:30:00,270.25,270.6,270.05,270.3,138218
2026-03-10 07:35:00,270.3,270.4,269.8,269.95,114645
2026-03-10 07:40:00,270.0,270.25,269.9,270.0,92745
2026-03-10 07:45:00,270.0,270.1,269.65,270.0,93969
2026-03-10 07:50:00,269.95,270.4,269.75,269.95,118187
2026-03-10 07:55:00,269.95,270.0,269.6,269.8,79193
2026-03-10 08:00:00,269.8,270.15,269.7,269.85,115127
2026-03-10 08:05:00,269.8,270.5,269.65,270.15,149891
2026-03-10 08:10:00,270.05,270.25,269.75,269.75,91003
2026-03-10 08:15:00,269.8,270.1,269.55,269.6,160083
2026-03-10 08:20:00,269.7,270.0,269.6,269.8,115910
2026-03-10 08:25:00,269.8,269.85,269.45,269.6,116654
2026-03-10 08:30:00,269.55,269.6,269.1,269.3,137761
2026-03-10 08:35:00,269.35,269.95,269.3,269.85,142122
2026-03-10 08:40:00,269.85,270.0,269.75,270.0,151498
2026-03-10 08:45:00,270.0,270.4,269.95,270.0,200255
2026-03-10 08:50:00,270.0,270.05,269.4,269.5,111433
2026-03-10 08:55:00,269.45,270.3,269.4,270.05,211026
2026-03-10 09:00:00,270.0,270.3,269.4,269.5,231169
2026-03-10 09:05:00,269.45,269.65,269.2,269.2,125985
2026-03-10 09:10:00,269.15,269.4,269.0,269.25,296106
2026-03-10 09:15:00,269.25,269.35,268.4,269.35,316487
2026-03-10 09:20:00,269.3,269.6,268.85,269.3,190562
2026-03-10 09:25:00,269.25,269.55,269.05,269.2,128106
2026-03-10 09:30:00,269.3,269.3,268.2,268.25,502391
2026-03-10 09:35:00,268.2,269.25,268.15,269.0,338387
2026-03-10 09:40:00,269.05,269.45,268.95,269.05,322970
2026-03-10 09:45:00,269.1,269.3,269.0,269.0,434666
2026-03-10 09:50:00,269.0,269.8,268.95,269.75,519236
2026-03-10 09:55:00,269.7,270.5,269.35,270.4,640292
2026-03-11 03:45:00,268.0,270.4,268.0,269.6,480518
2026-03-11 03:50:00,269.6,269.9,269.1,269.45,194614
2026-03-11 03:55:00,269.35,269.85,269.05,269.75,193253
2026-03-11 04:00:00,269.75,270.05,269.2,270.05,164632
2026-03-11 04:05:00,269.95,270.25,268.85,269.1,281653
2026-03-11 04:10:00,269.2,270.65,268.9,270.55,160615
2026-03-11 04:15:00,270.5,270.7,270.0,270.3,110039
2026-03-11 04:20:00,270.15,270.35,269.35,269.4,100934
2026-03-11 04:25:00,269.4,269.75,269.35,269.4,87243
2026-03-11 04:30:00,269.35,269.45,269.0,269.3,122777
2026-03-11 04:35:00,269.4,269.4,268.8,268.85,87955
2026-03-11 04:40:00,268.85,269.1,268.8,269.05,73999
2026-03-11 04:45:00,269.0,269.1,268.85,268.85,53318
2026-03-11 04:50:00,268.85,269.0,268.55,269.0,80059
2026-03-11 04:55:00,269.0,269.0,268.05,268.3,151677
2026-03-11 05:00:00,268.3,268.75,268.25,268.7,58040
2026-03-11 05:05:00,268.7,268.75,268.35,268.35,63054
2026-03-11 05:10:00,268.35,268.65,268.25,268.35,37035
2026-03-11 05:15:00,268.35,268.8,268.2,268.65,51471
2026-03-11 05:20:00,268.65,268.75,268.3,268.3,59154
2026-03-11 05:25:00,268.4,268.65,268.1,268.6,48625
2026-03-11 05:30:00,268.6,268.6,268.2,268.4,52637
2026-03-11 05:35:00,268.5,268.6,268.3,268.55,49009
2026-03-11 05:40:00,268.65,269.0,268.4,269.0,85740
2026-03-11 05:45:00,269.0,269.15,268.65,268.65,70328
2026-03-11 05:50:00,268.7,268.85,268.6,268.6,40099
2026-03-11 05:55:00,268.65,269.0,268.6,269.0,65223
2026-03-11 06:00:00,268.95,269.85,268.95,269.6,159035
2026-03-11 06:05:00,269.6,269.9,269.5,269.7,148442
2026-03-11 06:10:00,269.75,271.0,269.7,271.0,522609
2026-03-11 06:15:00,271.0,272.2,270.95,272.0,637778
2026-03-11 06:20:00,272.0,272.15,271.15,271.65,390739
2026-03-11 06:25:00,271.6,271.85,271.3,271.6,255282
2026-03-11 06:30:00,271.55,272.2,271.4,272.1,294319
2026-03-11 06:35:00,272.2,272.25,271.7,272.05,189776
2026-03-11 06:40:00,272.05,272.4,271.85,272.0,187441
2026-03-11 06:45:00,271.9,272.05,271.6,271.8,218909
2026-03-11 06:50:00,271.8,272.2,271.6,272.0,280689
2026-03-11 06:55:00,271.9,272.15,271.7,271.8,223516
2026-03-11 07:00:00,271.8,271.95,271.65,271.75,166686
2026-03-11 07:05:00,271.75,271.9,271.1,271.35,386354
2026-03-11 07:10:00,271.35,271.95,271.2,271.75,179689
2026-03-11 07:15:00,271.85,272.0,271.45,271.9,215559
2026-03-11 07:20:00,271.95,272.2,271.75,272.1,184459
2026-03-11 07:25:00,272.1,272.2,271.85,272.05,171196
2026-03-11 07:30:00,272.05,272.2,271.95,272.15,102674
2026-03-11 07:35:00,272.35,272.4,272.0,272.05,113695
2026-03-11 07:40:00,272.05,272.05,271.2,271.5,288736
2026-03-11 07:45:00,271.5,271.95,271.3,271.75,271246
2026-03-11 07:50:00,271.75,272.05,271.65,272.05,180054
2026-03-11 07:55:00,272.05,272.1,271.35,271.7,259893
2026-03-11 08:00:00,271.7,271.95,271.6,271.9,166153
2026-03-11 08:05:00,271.9,271.95,271.45,271.7,203658
2026-03-11 08:10:00,271.7,271.85,271.3,271.5,191024
2026-03-11 08:15:00,271.45,271.8,271.35,271.7,207071
2026-03-11 08:20:00,271.55,272.0,271.3,272.0,225959
2026-03-11 08:25:00,271.95,272.05,271.7,271.7,197440
2026-03-11 08:30:00,271.8,271.85,271.5,271.85,200601
2026-03-11 08:35:00,271.8,271.9,271.45,271.5,186472
2026-03-11 08:40:00,271.5,271.5,271.0,271.2,281885
2026-03-11 08:45:00,271.2,271.4,270.7,270.85,284827
2026-03-11 08:50:00,270.95,271.15,270.55,270.65,242149
2026-03-11 08:55:00,270.55,271.65,270.45,271.6,287826
2026-03-11 09:00:00,271.55,271.7,270.9,271.05,282151
2026-03-11 09:05:00,271.05,271.5,270.85,271.5,184486
2026-03-11 09:10:00,271.5,271.5,271.05,271.2,189995
2026-03-11 09:15:00,271.2,271.4,270.95,271.2,239662
2026-03-11 09:20:00,271.2,271.5,271.0,271.3,423673
2026-03-11 09:25:00,271.3,271.4,270.6,270.65,197818
2026-03-11 09:30:00,270.65,271.3,270.65,270.9,356305
2026-03-11 09:35:00,270.85,271.0,270.45,270.65,400477
2026-03-11 09:40:00,270.7,270.95,270.4,270.55,435974
2026-03-11 09:45:00,270.6,271.1,270.45,270.95,671456
2026-03-11 09:50:00,271.05,271.3,270.45,270.75,571968
2026-03-11 09:55:00,270.65,270.95,270.2,270.6,378839
2026-03-12 03:45:00,271.6,272.45,270.0,270.2,1345902
2026-03-12 03:50:00,270.2,271.15,269.75,270.65,514978
2026-03-12 03:55:00,270.6,271.7,270.55,271.5,347014
2026-03-12 04:00:00,271.35,272.25,271.0,271.25,558588
2026-03-12 04:05:00,271.15,271.5,270.4,270.4,240666
2026-03-12 04:10:00,270.5,271.5,270.25,271.5,206464
2026-03-12 04:15:00,271.4,271.5,270.95,270.95,378543
2026-03-12 04:20:00,270.95,271.25,270.2,270.55,449631
2026-03-12 04:25:00,270.55,271.0,270.4,270.85,109673
2026-03-12 04:30:00,270.8,271.4,270.4,271.0,1052985
2026-03-12 04:35:00,271.2,271.45,270.95,271.05,525070
2026-03-12 04:40:00,271.1,271.2,270.95,271.05,232124
2026-03-12 04:45:00,271.05,271.35,270.95,271.2,207926
2026-03-12 04:50:00,271.2,271.4,270.95,271.0,456998
2026-03-12 04:55:00,271.1,272.75,271.0,271.8,1018850
2026-03-12 05:00:00,271.85,272.2,271.45,272.1,222347
2026-03-12 05:05:00,272.1,272.2,271.6,271.7,400206
2026-03-12 05:10:00,271.65,272.05,271.55,271.9,139448
2026-03-12 05:15:00,272.0,272.15,271.2,271.3,212411
2026-03-12 05:20:00,271.35,271.65,271.1,271.35,87436
2026-03-12 05:25:00,271.3,271.75,271.3,271.65,99425
2026-03-12 05:30:00,271.55,272.3,271.5,272.3,226940
2026-03-12 05:35:00,272.25,273.0,272.2,272.6,421807
2026-03-12 05:40:00,272.6,272.7,272.4,272.6,201237
2026-03-12 05:45:00,272.55,272.8,271.4,271.6,376078
2026-03-12 05:50:00,271.5,271.7,271.3,271.65,174967
2026-03-12 05:55:00,271.55,271.9,271.4,271.9,79940
2026-03-12 06:00:00,271.8,271.8,271.5,271.55,69068
2026-03-12 06:05:00,271.55,271.7,270.9,270.9,233748
2026-03-12 06:10:00,271.0,271.0,270.15,270.3,317718
2026-03-12 06:15:00,270.2,270.35,268.3,268.65,425673
2026-03-12 06:20:00,268.65,269.05,268.6,268.75,160016
2026-03-12 06:25:00,268.75,269.6,268.75,269.5,207902
2026-03-12 06:30:00,269.5,269.65,269.05,269.6,102855
2026-03-12 06:35:00,269.6,269.75,269.05,269.1,98730
2026-03-12 06:40:00,269.25,269.65,268.7,269.45,230051
2026-03-12 06:45:00,269.55,269.75,269.2,269.35,95200
2026-03-12 06:50:00,269.35,269.35,268.75,268.95,195703
2026-03-12 06:55:00,269.0,269.15,268.8,269.0,92250
2026-03-12 07:00:00,268.9,269.0,268.4,268.65,159930
2026-03-12 07:05:00,268.7,268.9,268.5,268.75,58585
2026-03-12 07:10:00,268.7,268.75,267.75,268.25,546403
2026-03-12 07:15:00,268.25,268.85,268.25,268.7,265187
2026-03-12 07:20:00,268.7,269.25,268.5,269.15,84049
2026-03-12 07:25:00,269.15,269.7,268.95,269.55,124524
2026-03-12 07:30:00,269.65,270.25,269.6,269.85,200169
2026-03-12 07:35:00,269.85,269.85,269.3,269.75,118342
2026-03-12 07:40:00,269.6,270.0,269.6,270.0,112009
2026-03-12 07:45:00,270.05,270.2,269.45,269.6,150619
2026-03-12 07:50:00,269.6,269.7,269.25,269.65,158566
2026-03-12 07:55:00,269.7,270.15,269.3,270.0,158870
2026-03-12 08:00:00,270.05,270.3,269.95,270.25,142199
2026-03-12 08:05:00,270.35,270.65,270.2,270.6,166604
2026-03-12 08:10:00,270.55,270.75,270.1,270.6,184655
2026-03-12 08:15:00,270.45,270.6,270.2,270.45,122206
2026-03-12 08:20:00,270.55,270.6,270.25,270.55,152210
2026-03-12 08:25:00,270.55,270.6,269.75,269.85,175528
2026-03-12 08:30:00,269.9,270.25,269.75,269.85,98385
2026-03-12 08:35:00,270.0,270.1,269.25,269.35,136560
2026-03-12 08:40:00,269.25,269.65,269.05,269.55,198597
2026-03-12 08:45:00,269.6,269.95,269.55,269.9,150719
2026-03-12 08:50:00,269.85,270.45,269.75,270.35,139641
2026-03-12 08:55:00,270.35,270.5,270.0,270.1,121095
2026-03-12 09:00:00,270.1,270.4,269.75,270.1,142234
2026-03-12 09:05:00,270.15,270.25,269.65,270.05,199374
2026-03-12 09:10:00,270.0,270.0,269.25,269.4,124070
2026-03-12 09:15:00,269.4,270.4,269.1,270.15,315105
2026-03-12 09:20:00,270.1,270.65,269.6,270.55,367432
2026-03-12 09:25:00,270.3,270.6,270.2,270.3,336111
2026-03-12 09:30:00,270.3,270.6,270.05,270.55,260626
2026-03-12 09:35:00,270.6,270.6,270.15,270.4,207332
2026-03-12 09:40:00,270.4,270.8,270.25,270.65,463254
2026-03-12 09:45:00,270.75,270.95,270.65,270.85,364651
2026-03-12 09:50:00,270.85,270.85,270.35,270.45,410191
2026-03-12 09:55:00,270.4,270.9,270.0,270.6,336572
2026-03-13 03:45:00,270.55,271.3,269.0,270.55,539956
2026-03-13 03:50:00,270.6,270.65,269.1,270.1,314918
2026-03-13 03:55:00,270.0,270.05,269.35,269.8,126950
2026-03-13 04:00:00,269.8,269.9,269.0,269.15,123333
2026-03-13 04:05:00,269.0,269.5,268.55,269.2,112388
2026-03-13 04:10:00,269.2,269.5,268.55,268.8,102770
2026-03-13 04:15:00,268.85,268.9,267.85,268.2,163963
2026-03-13 04:20:00,268.15,268.2,267.6,267.7,100484
2026-03-13 04:25:00,267.6,267.9,267.2,267.45,123357
2026-03-13 04:30:00,267.45,268.05,267.2,267.75,165648
2026-03-13 04:35:00,267.7,267.7,267.0,267.15,95573
2026-03-13 04:40:00,267.25,267.35,266.3,266.55,179305
2026-03-13 04:45:00,266.6,266.9,266.5,266.75,89595
2026-03-13 04:50:00,266.75,266.95,266.55,266.85,84815
2026-03-13 04:55:00,266.7,267.0,266.6,267.0,478793
2026-03-13 05:00:00,267.0,267.8,266.95,267.15,128914
2026-03-13 05:05:00,267.05,267.45,266.75,267.45,107763
2026-03-13 05:10:00,267.5,267.55,266.8,267.0,62401
2026-03-13 05:15:00,267.15,267.15,266.4,267.0,92070
2026-03-13 05:20:00,267.0,268.2,266.9,267.85,169289
2026-03-13 05:25:00,267.9,268.15,267.35,267.8,72506
2026-03-13 05:30:00,267.85,267.9,267.55,267.75,34879
2026-03-13 05:35:00,267.55,267.7,266.8,266.95,37774
2026-03-13 05:40:00,266.95,267.05,266.8,266.85,53972
2026-03-13 05:45:00,267.0,267.1,266.6,267.05,45812
2026-03-13 05:50:00,267.05,267.1,266.75,266.85,37242
2026-03-13 05:55:00,266.85,267.85,266.75,267.85,63639
2026-03-13 06:00:00,267.85,268.6,267.75,268.35,116749
2026-03-13 06:05:00,268.35,268.55,268.05,268.4,48225
2026-03-13 06:10:00,268.5,268.6,268.1,268.3,49212
2026-03-13 06:15:00,268.25,268.25,267.2,267.3,149546
2026-03-13 06:20:00,267.35,267.5,266.7,266.75,119294
2026-03-13 06:25:00,266.75,266.75,265.85,266.05,288542
2026-03-13 06:30:00,266.15,266.8,266.0,266.6,187129
2026-03-13 06:35:00,266.55,266.55,265.85,266.1,181142
2026-03-13 06:40:00,266.05,266.55,265.8,266.35,151487
2026-03-13 06:45:00,266.5,266.6,266.0,266.1,99829
2026-03-13 06:50:00,266.0,266.1,265.5,265.6,160511
2026-03-13 06:55:00,265.6,266.65,265.4,266.45,258471
2026-03-13 07:00:00,266.45,266.45,265.85,265.95,195147
2026-03-13 07:05:00,265.9,266.0,265.7,265.85,209411
2026-03-13 07:10:00,265.85,265.95,265.5,265.9,210066
2026-03-13 07:15:00,265.95,266.0,265.35,265.65,184860
2026-03-13 07:20:00,265.7,265.75,264.85,265.35,417214
2026-03-13 07:25:00,265.3,265.45,264.55,264.65,265624
2026-03-13 07:30:00,264.65,265.0,264.35,264.55,211112
2026-03-13 07:35:00,264.65,264.8,264.0,264.2,211373
2026-03-13 07:40:00,264.25,264.65,263.9,264.2,229533
2026-03-13 07:45:00,264.25,264.85,264.15,264.75,319833
2026-03-13 07:50:00,264.7,264.95,264.25,264.25,184434
2026-03-13 07:55:00,264.3,265.25,264.15,265.2,179449
2026-03-13 08:00:00,265.25,265.7,265.15,265.35,248600
2026-03-13 08:05:00,265.3,265.4,265.0,265.25,387728
2026-03-13 08:10:00,265.25,265.9,265.2,265.4,243273
2026-03-13 08:15:00,265.3,265.4,264.7,265.35,310190
2026-03-13 08:20:00,265.35,265.65,264.8,265.35,375187
2026-03-13 08:25:00,265.4,265.45,264.75,264.75,243847
2026-03-13 08:30:00,264.85,265.0,264.7,264.95,228816
2026-03-13 08:35:00,264.8,265.0,264.75,264.8,273815
2026-03-13 08:40:00,264.85,264.95,264.75,264.85,255604
2026-03-13 08:45:00,264.85,265.0,264.7,264.95,569629
2026-03-13 08:50:00,264.95,265.0,264.75,264.85,472821
2026-03-13 08:55:00,264.85,265.45,264.75,265.25,540510
2026-03-13 09:00:00,265.3,265.75,265.1,265.4,333391
2026-03-13 09:05:00,265.5,266.1,265.3,265.5,526619
2026-03-13 09:10:00,265.6,266.05,265.0,265.35,499905
2026-03-13 09:15:00,265.35,265.4,264.15,264.45,290038
2026-03-13 09:20:00,264.45,264.85,264.2,264.35,267537
2026-03-13 09:25:00,264.25,264.6,264.2,264.55,356465
2026-03-13 09:30:00,264.55,264.65,263.65,263.75,457993
2026-03-13 09:35:00,263.75,264.35,263.55,264.05,723113
2026-03-13 09:40:00,264.1,264.65,263.7,264.35,569432
2026-03-13 09:45:00,264.35,264.55,264.05,264.2,419997
2026-03-13 09:50:00,264.15,264.2,263.7,263.85,634247
2026-03-13 09:55:00,263.85,264.3,263.45,264.2,787901
2026-03-16 03:45:00,264.05,266.0,261.5,261.9,914316
2026-03-16 03:50:00,261.75,261.75,260.05,260.2,472992
2026-03-16 03:55:00,260.2,261.0,259.5,260.95,462011
2026-03-16 04:00:00,260.85,261.7,260.75,261.45,288461
2026-03-16 04:05:00,261.45,262.25,261.25,261.5,253051
2026-03-16 04:10:00,261.5,262.95,261.45,262.95,186327
2026-03-16 04:15:00,262.95,263.65,262.55,263.4,234069
2026-03-16 04:20:00,263.5,263.85,263.3,263.35,196619
2026-03-16 04:25:00,263.35,264.8,263.35,263.95,198888
2026-03-16 04:30:00,263.95,264.5,263.8,264.25,189346
2026-03-16 04:35:00,264.25,265.2,264.25,264.65,185337
2026-03-16 04:40:00,264.8,265.1,264.5,264.9,468391
2026-03-16 04:45:00,264.95,264.95,262.4,262.85,229273
2026-03-16 04:50:00,262.85,263.35,262.6,262.8,130666
2026-03-16 04:55:00,262.95,263.05,262.55,262.8,72640
2026-03-16 05:00:00,262.8,263.1,262.55,262.6,122315
2026-03-16 05:05:00,262.6,262.9,261.6,261.7,217822
2026-03-16 05:10:00,261.6,261.8,261.2,261.35,64700
2026-03-16 05:15:00,261.4,261.45,260.7,260.85,101103
2026-03-16 05:20:00,261.05,261.1,259.85,259.85,944979
2026-03-16 05:25:00,260.0,261.6,259.8,261.45,245051
2026-03-16 05:30:00,261.45,261.9,261.45,261.45,280905
2026-03-16 05:35:00,261.3,261.45,261.0,261.05,115526
2026-03-16 05:40:00,261.15,262.45,260.75,262.2,178883
2026-03-16 05:45:00,262.2,263.15,262.1,263.15,109194
2026-03-16 05:50:00,263.1,263.3,262.6,263.25,138143
2026-03-16 05:55:00,263.2,263.55,263.0,263.45,76480
2026-03-16 06:00:00,263.5,263.8,263.15,263.2,97896
2026-03-16 06:05:00,263.3,263.35,262.7,262.85,85493
2026-03-16 06:10:00,262.85,262.9,262.15,262.2,78196
2026-03-16 06:15:00,262.05,262.35,262.05,262.1,44711
2026-03-16 06:20:00,262.1,262.1,261.25,261.55,80242
2026-03-16 06:25:00,261.55,261.55,260.95,261.15,376216
2026-03-16 06:30:00,261.15,261.75,261.1,261.5,111386
2026-03-16 06:35:00,261.5,261.55,261.0,261.05,71503
2026-03-16 06:40:00,261.05,261.3,261.0,261.05,117304
2026-03-16 06:45:00,261.05,261.05,260.2,260.85,669981
2026-03-16 06:50:00,260.75,260.95,260.4,260.95,205961
2026-03-16 06:55:00,260.95,260.95,259.65,259.7,253275
2026-03-16 07:00:00,259.65,260.15,259.25,259.65,258887
2026-03-16 07:05:00,259.55,260.1,259.25,259.55,271966
2026-03-16 07:10:00,259.45,259.8,259.2,259.35,250336
2026-03-16 07:15:00,259.2,259.6,258.6,259.2,213129
2026-03-16 07:20:00,259.3,259.7,258.95,259.2,235339
2026-03-16 07:25:00,259.35,259.85,258.95,259.85,227971
2026-03-16 07:30:00,259.85,260.0,259.4,259.4,165356
2026-03-16 07:35:00,259.3,259.6,259.05,259.4,209971
2026-03-16 07:40:00,259.4,259.55,258.35,258.8,758634
2026-03-16 07:45:00,258.65,259.5,258.55,259.5,710894
2026-03-16 07:50:00,259.4,260.0,259.1,259.7,242518
2026-03-16 07:55:00,259.6,259.8,259.3,259.7,455583
2026-03-16 08:00:00,259.7,260.0,259.3,259.7,269275
2026-03-16 08:05:00,259.7,260.25,259.5,260.05,374604
2026-03-16 08:10:00,260.05,260.95,259.9,260.55,209565
2026-03-16 08:15:00,260.55,260.6,259.95,260.25,147962
2026-03-16 08:20:00,260.2,260.3,259.85,260.1,191456
2026-03-16 08:25:00,260.05,260.35,259.85,260.0,126885
2026-03-16 08:30:00,260.05,260.15,259.85,260.0,116352
2026-03-16 08:35:00,260.0,260.15,259.65,259.75,157727
2026-03-16 08:40:00,259.95,260.6,259.8,260.0,289142
2026-03-16 08:45:00,260.1,260.8,259.8,260.7,277173
2026-03-16 08:50:00,260.75,261.5,260.55,261.5,404541
2026-03-16 08:55:00,261.4,261.7,260.95,261.0,336345
2026-03-16 09:00:00,261.0,261.6,260.85,261.2,381114
2026-03-16 09:05:00,261.05,261.8,260.95,261.7,349933
2026-03-16 09:10:00,261.7,261.9,261.1,261.5,316048
2026-03-16 09:15:00,261.5,261.8,261.0,261.55,415764
2026-03-16 09:20:00,261.65,261.75,260.95,261.15,351142
2026-03-16 09:25:00,261.05,261.45,260.85,261.2,463618
2026-03-16 09:30:00,261.25,261.35,260.2,260.75,712723
2026-03-16 09:35:00,260.8,261.45,260.45,260.9,439497
2026-03-16 09:40:00,260.9,260.95,260.15,260.3,579283
2026-03-16 09:45:00,260.35,260.4,259.65,260.25,562859
2026-03-16 09:50:00,260.3,260.3,259.95,260.0,550100
2026-03-16 09:55:00,260.0,260.25,259.9,260.15,357970
2026-03-17 03:45:00,260.65,261.8,259.15,260.9,727554
2026-03-17 03:50:00,260.85,261.4,260.4,260.8,284161
2026-03-17 03:55:00,260.8,261.4,260.6,261.2,187338
2026-03-17 04:00:00,261.2,261.4,260.1,260.15,189826
2026-03-17 04:05:00,260.15,260.6,259.75,260.0,501364
2026-03-17 04:10:00,260.0,260.5,259.95,260.2,435858
2026-03-17 04:15:00,260.3,260.65,259.9,260.35,164036
2026-03-17 04:20:00,260.5,261.15,260.45,261.1,332908
2026-03-17 04:25:00,261.15,261.15,260.6,260.95,129493
2026-03-17 04:30:00,260.95,261.1,260.8,261.0,142360
2026-03-17 04:35:00,261.0,261.3,260.9,261.1,159387
2026-03-17 04:40:00,260.95,261.1,260.55,260.8,117236
2026-03-17 04:45:00,260.8,262.2,260.8,262.05,1261110
2026-03-17 04:50:00,262.2,263.4,262.1,262.25,343789
2026-03-17 04:55:00,262.3,262.3,260.9,261.65,239798
2026-03-17 05:00:00,261.6,262.0,261.25,261.55,87610
2026-03-17 05:05:00,261.55,262.05,261.55,262.05,123825
2026-03-17 05:10:00,262.05,262.1,261.35,261.5,190353
2026-03-17 05:15:00,261.5,262.0,261.4,262.0,135543
2026-03-17 05:20:00,262.0,262.15,261.75,262.0,47131
2026-03-17 05:25:00,261.95,262.1,261.9,262.0,29779
2026-03-17 05:30:00,262.0,262.3,261.8,262.05,91810
2026-03-17 05:35:00,262.1,262.2,261.4,261.75,69205
2026-03-17 05:40:00,261.8,262.05,261.55,261.8,59271
2026-03-17 05:45:00,261.75,261.9,261.55,261.7,177616
2026-03-17 05:50:00,261.75,261.9,261.5,261.5,123973
2026-03-17 05:55:00,261.55,261.7,260.25,260.9,387111
2026-03-17 06:00:00,260.9,261.4,260.85,261.25,387710
2026-03-17 06:05:00,261.25,261.75,261.15,261.45,140523
2026-03-17 06:10:00,261.45,261.65,261.2,261.45,117233
2026-03-17 06:15:00,261.45,261.85,261.4,261.85,113054
2026-03-17 06:20:00,261.85,262.15,261.4,261.75,236193
2026-03-17 06:25:00,261.7,261.85,261.2,261.6,157150
2026-03-17 06:30:00,261.6,261.7,261.4,261.55,87231
2026-03-17 06:35:00,261.6,261.9,261.3,261.8,189588
2026-03-17 06:40:00,261.9,262.6,261.6,262.5,474706
2026-03-17 06:45:00,262.4,262.5,261.7,261.9,82727
2026-03-17 06:50:00,261.8,262.1,261.55,261.7,78630
2026-03-17 06:55:00,261.55,262.0,261.5,261.7,102127
2026-03-17 07:00:00,261.8,261.9,261.5,261.75,94784
2026-03-17 07:05:00,261.75,262.0,261.65,261.9,71698
2026-03-17 07:10:00,261.8,262.45,261.65,262.4,153306
2026-03-17 07:15:00,262.35,262.5,262.05,262.3,92964
2026-03-17 07:20:00,262.35,262.45,262.0,262.15,88365
2026-03-17 07:25:00,262.15,262.4,261.8,262.2,127462
2026-03-17 07:30:00,262.2,262.8,262.05,262.3,125245
2026-03-17 07:35:00,262.3,262.65,261.85,262.1,130574
2026-03-17 07:40:00,262.1,262.25,261.6,261.7,134261
2026-03-17 07:45:00,261.6,261.95,261.6,261.7,104307
2026-03-17 07:50:00,261.7,261.9,261.6,261.7,119099
2026-03-17 07:55:00,261.7,261.9,261.3,261.5,305596
2026-03-17 08:00:00,261.5,262.35,261.45,262.05,129049
2026-03-17 08:05:00,262.0,262.05,261.55,261.6,115015
2026-03-17 08:10:00,261.55,261.75,261.35,261.55,140829
2026-03-17 08:15:00,261.5,261.7,261.45,261.55,83543
2026-03-17 08:20:00,261.6,261.8,261.6,261.75,81875
2026-03-17 08:25:00,261.75,261.9,261.65,261.85,73888
2026-03-17 08:30:00,261.85,261.9,261.75,261.8,67384
2026-03-17 08:35:00,261.8,262.1,261.75,261.95,318390
2026-03-17 08:40:00,261.95,262.35,261.9,262.05,149835
2026-03-17 08:45:00,262.05,262.3,261.75,262.25,202415
2026-03-17 08:50:00,262.2,262.75,262.2,262.55,392397
2026-03-17 08:55:00,262.65,263.0,262.6,262.85,324470
2026-03-17 09:00:00,262.85,264.7,262.85,263.85,473897
2026-03-17 09:05:00,263.9,263.95,263.25,263.4,155279
2026-03-17 09:10:00,263.45,264.45,263.4,264.45,286340
2026-03-17 09:15:00,264.4,264.45,264.0,264.45,141017
2026-03-17 09:20:00,264.45,265.1,264.4,264.8,235989
2026-03-17 09:25:00,264.75,265.15,264.75,264.95,115836
2026-03-17 09:30:00,265.0,265.0,264.1,264.65,328149
2026-03-17 09:35:00,264.7,265.1,264.55,264.75,267457
2026-03-17 09:40:00,264.75,264.95,264.4,264.75,285177
2026-03-17 09:45:00,264.85,264.95,264.65,264.65,231830
2026-03-17 09:50:00,264.75,265.15,264.65,265.15,312738
2026-03-17 09:55:00,265.1,265.4,265.0,265.15,242523
2026-03-18 03:45:00,265.15,266.0,263.6,265.3,735471
2026-03-18 03:50:00,265.3,265.55,264.45,264.55,206871
2026-03-18 03:55:00,264.55,265.65,264.55,265.6,106225
2026-03-18 04:00:00,265.6,265.7,265.25,265.4,84490
2026-03-18 04:05:00,265.4,265.5,264.65,264.9,61523
2026-03-18 04:10:00,264.9,265.95,264.6,265.75,134795
2026-03-18 04:15:00,265.8,265.95,265.45,265.95,116190
2026-03-18 04:20:00,265.9,266.4,265.9,266.15,104075
2026-03-18 04:25:00,266.15,266.15,265.55,265.75,83199
2026-03-18 04:30:00,265.7,265.75,265.05,265.2,85401
2026-03-18 04:35:00,265.2,265.2,263.7,263.7,197322
2026-03-18 04:40:00,263.85,263.95,263.7,263.8,52159
2026-03-18 04:45:00,263.85,263.9,263.3,263.4,79091
2026-03-18 04:50:00,263.45,263.7,263.35,263.5,72806
2026-03-18 04:55:00,263.65,263.7,263.2,263.35,66871
2026-03-18 05:00:00,263.35,263.75,263.35,263.65,50640
2026-03-18 05:05:00,263.7,264.0,263.55,263.85,42758
2026-03-18 05:10:00,263.85,264.1,263.35,263.35,93062
2026-03-18 05:15:00,263.45,264.15,263.4,263.95,59090
2026-03-18 05:20:00,263.95,264.0,263.75,263.9,25736
2026-03-18 05:25:00,263.85,264.15,263.75,264.15,44408
2026-03-18 05:30:00,264.05,264.4,263.65,264.3,59730
2026-03-18 05:35:00,264.35,264.6,264.1,264.4,68973
2026-03-18 05:40:00,264.5,264.8,264.2,264.35,106405
2026-03-18 05:45:00,264.4,264.45,263.8,263.95,59545
2026-03-18 05:50:00,264.0,264.05,263.85,264.0,41782
2026-03-18 05:55:00,264.05,264.1,263.75,263.8,65335
2026-03-18 06:00:00,263.75,263.75,263.3,263.3,98622
2026-03-18 06:05:00,263.4,263.85,263.1,263.65,111215
2026-03-18 06:10:00,263.8,263.95,263.45,263.8,86218
2026-03-18 06:15:00,263.8,263.85,263.3,263.4,64458
2026-03-18 06:20:00,263.4,263.8,263.3,263.75,59158
2026-03-18 06:25:00,263.7,264.1,263.6,263.95,72339
2026-03-18 06:30:00,263.95,263.95,263.35,263.6,51495
2026-03-18 06:35:00,263.5,263.75,263.35,263.45,36595
2026-03-18 06:40:00,263.6,263.7,263.4,263.5,42560
2026-03-18 06:45:00,263.65,263.7,263.35,263.45,57619
2026-03-18 06:50:00,263.45,264.0,263.3,263.6,56838
2026-03-18 06:55:00,263.55,263.65,263.35,263.65,45985
2026-03-18 07:00:00,263.65,263.8,263.3,263.3,41130
2026-03-18 07:05:00,263.3,263.45,263.2,263.3,42468
2026-03-18 07:10:00,263.3,263.35,263.05,263.3,83109
2026-03-18 07:15:00,263.2,263.6,263.0,263.55,98765
2026-03-18 07:20:00,263.7,263.75,263.4,263.45,57282
2026-03-18 07:25:00,263.4,263.75,263.2,263.45,62680
2026-03-18 07:30:00,263.55,264.05,263.45,264.05,97368
2026-03-18 07:35:00,264.05,264.05,263.45,263.65,55249
2026-03-18 07:40:00,263.65,263.95,263.5,263.8,44375
2026-03-18 07:45:00,263.8,264.2,263.7,264.15,99226
2026-03-18 07:50:00,264.15,264.2,263.95,264.15,89422
2026-03-18 07:55:00,264.3,264.45,263.9,264.3,155927
2026-03-18 08:00:00,264.4,264.85,264.35,264.7,155374
2026-03-18 08:05:00,264.65,265.25,264.55,264.9,76086
2026-03-18 08:10:00,265.05,265.1,264.6,264.7,45221
2026-03-18 08:15:00,264.65,264.7,264.4,264.5,61015
2026-03-18 08:20:00,264.4,265.2,264.3,265.05,114631
2026-03-18 08:25:00,265.05,265.5,265.05,265.4,85697
2026-03-18 08:30:00,265.35,265.45,265.3,265.35,135934
2026-03-18 08:35:00,265.45,265.5,265.3,265.4,91977
2026-03-18 08:40:00,265.4,265.7,265.35,265.65,110225
2026-03-18 08:45:00,265.65,265.95,265.5,265.65,124244
2026-03-18 08:50:00,265.8,266.2,265.8,265.95,132925
2026-03-18 08:55:00,266.0,266.6,265.95,266.35,126373
2026-03-18 09:00:00,266.35,266.4,265.65,266.15,197082
2026-03-18 09:05:00,266.2,266.2,265.8,265.85,112609
2026-03-18 09:10:00,265.9,266.0,265.8,265.85,136952
2026-03-18 09:15:00,265.9,266.6,265.85,266.45,121148
2026-03-18 09:20:00,266.5,266.65,266.0,266.15,190629
2026-03-18 09:25:00,266.0,266.1,265.5,265.95,110258
2026-03-18 09:30:00,266.0,266.05,265.0,265.3,414676
2026-03-18 09:35:00,265.3,265.55,265.05,265.15,292098
2026-03-18 09:40:00,265.2,265.25,264.9,265.0,369828
2026-03-18 09:45:00,265.05,265.15,264.7,264.95,335130
2026-03-18 09:50:00,264.95,264.95,264.5,264.85,375914
2026-03-18 09:55:00,264.85,265.0,264.5,264.55,234538
2026-03-19 03:45:00,265.0,266.2,262.5,266.2,987854
2026-03-19 03:50:00,266.2,267.15,265.65,266.4,663087
2026-03-19 03:55:00,266.4,267.9,266.15,267.15,826137
2026-03-19 04:00:00,267.25,268.9,267.15,267.65,1007077
2026-03-19 04:05:00,267.8,267.8,265.5,265.75,612168
2026-03-19 04:10:00,265.75,266.45,265.45,265.8,375867
2026-03-19 04:15:00,265.8,265.9,264.8,264.8,397803
2026-03-19 04:20:00,264.65,266.0,264.5,265.8,317536
2026-03-19 04:25:00,265.8,265.95,265.05,265.3,144860
2026-03-19 04:30:00,265.2,265.9,265.0,265.35,152765
2026-03-19 04:35:00,265.45,265.5,265.1,265.5,86110
2026-03-19 04:40:00,265.5,265.5,265.0,265.25,94066
2026-03-19 04:45:00,265.2,267.15,264.9,267.1,328141
2026-03-19 04:50:00,267.1,268.25,266.6,268.1,704301
2026-03-19 04:55:00,268.05,268.95,267.9,268.7,465422
2026-03-19 05:00:00,268.65,270.75,268.65,270.4,1084187
2026-03-19 05:05:00,270.3,271.05,270.3,270.9,924237
2026-03-19 05:10:00,270.8,271.2,270.6,270.9,1119334
2026-03-19 05:15:00,270.95,271.05,269.8,270.7,860667
2026-03-19 05:20:00,270.75,271.5,270.25,270.5,607230
2026-03-19 05:25:00,270.5,270.65,269.65,269.7,445890
2026-03-19 05:30:00,269.9,270.3,269.55,270.1,373996
2026-03-19 05:35:00,270.15,270.15,269.4,269.55,419231
2026-03-19 05:40:00,269.7,269.9,269.35,269.5,361540
2026-03-19 05:45:00,269.4,270.6,269.3,270.3,691093
2026-03-19 05:50:00,270.45,270.6,270.1,270.1,194270
2026-03-19 05:55:00,270.25,270.3,269.0,269.05,984575
2026-03-19 06:00:00,269.15,269.15,268.7,268.85,346729
2026-03-19 06:05:00,268.9,269.35,268.75,268.95,178662
2026-03-19 06:10:00,269.05,269.4,268.7,269.05,204328
2026-03-19 06:15:00,269.0,269.2,268.65,268.7,127655
2026-03-19 06:20:00,268.65,269.0,268.6,268.75,88014
2026-03-19 06:25:00,268.85,269.0,268.5,268.8,151840
2026-03-19 06:30:00,268.9,269.2,268.6,269.1,152230
2026-03-19 06:35:00,269.1,269.15,268.5,268.9,112476
2026-03-19 06:40:00,268.8,269.4,268.7,269.4,114905
2026-03-19 06:45:00,269.35,269.4,268.55,269.25,143061
2026-03-19 06:50:00,269.15,269.25,268.05,268.55,249881
2026-03-19 06:55:00,268.5,269.15,268.4,268.7,414767
2026-03-19 07:00:00,268.85,268.85,268.1,268.1,137568
2026-03-19 07:05:00,268.15,268.85,267.95,268.6,415739
2026-03-19 07:10:00,268.65,268.7,268.35,268.45,107254
2026-03-19 07:15:00,268.6,268.9,268.45,268.8,116235
2026-03-19 07:20:00,268.9,268.9,268.55,268.7,85518
2026-03-19 07:25:00,268.8,269.0,268.65,268.8,121419
2026-03-19 07:30:00,268.85,268.85,268.35,268.4,89675
2026-03-19 07:35:00,268.3,268.45,267.7,267.85,185117
2026-03-19 07:40:00,267.8,268.25,267.55,267.75,202355
2026-03-19 07:45:00,267.6,268.0,267.6,267.85,115181
2026-03-19 07:50:00,267.85,267.95,267.55,267.8,110112
2026-03-19 07:55:00,267.85,268.2,267.7,268.05,106458
2026-03-19 08:00:00,268.05,268.2,267.65,267.75,105338
2026-03-19 08:05:00,267.7,268.4,267.7,268.3,140123
2026-03-19 08:10:00,268.3,268.45,268.15,268.25,90699
2026-03-19 08:15:00,268.35,268.5,268.15,268.3,124748
2026-03-19 08:20:00,268.2,268.65,268.2,268.35,89175
2026-03-19 08:25:00,268.5,268.6,268.2,268.55,124896
2026-03-19 08:30:00,268.65,269.0,268.0,268.1,196140
2026-03-19 08:35:00,268.1,268.15,267.8,267.85,184942
2026-03-19 08:40:00,267.8,267.85,267.2,267.2,173637
2026-03-19 08:45:00,267.35,267.85,267.1,267.5,157930
2026-03-19 08:50:00,267.5,267.9,267.35,267.85,125886
2026-03-19 08:55:00,267.85,268.25,267.5,268.15,167727
2026-03-19 09:00:00,268.2,268.65,268.1,268.5,195829
2026-03-19 09:05:00,268.45,268.6,268.1,268.2,123306
2026-03-19 09:10:00,268.3,269.2,268.25,269.1,371694
2026-03-19 09:15:00,269.15,269.6,268.55,268.8,412209
2026-03-19 09:20:00,268.7,269.05,268.15,268.55,429222
2026-03-19 09:25:00,268.55,269.2,268.3,269.05,447094
2026-03-19 09:30:00,269.2,269.8,268.6,268.7,2837069
2026-03-19 09:35:00,268.6,269.25,268.3,269.05,398817
2026-03-19 09:40:00,269.25,269.45,269.0,269.4,476515
2026-03-19 09:45:00,269.4,269.5,269.0,269.0,722791
2026-03-19 09:50:00,269.0,269.15,269.0,269.1,745386
2026-03-19 09:55:00,269.1,269.2,269.0,269.0,395053
2026-03-20 03:45:00,269.0,270.2,266.45,270.2,1061309
2026-03-20 03:50:00,270.2,271.3,270.0,271.0,685594
2026-03-20 03:55:00,271.1,271.9,270.8,271.8,368027
2026-03-20 04:00:00,271.8,273.0,271.65,272.95,538683
2026-03-20 04:05:00,272.85,273.05,271.85,272.55,410686
2026-03-20 04:10:00,272.5,272.65,271.15,271.25,262922
2026-03-20 04:15:00,271.25,272.0,270.8,271.9,367633
2026-03-20 04:20:00,272.0,272.25,271.6,272.2,429539
2026-03-20 04:25:00,272.25,272.3,271.3,271.35,193485
2026-03-20 04:30:00,271.5,271.8,271.2,271.7,151554
2026-03-20 04:35:00,271.75,271.85,271.1,271.35,181369
2026-03-20 04:40:00,271.25,271.5,271.15,271.4,76403
2026-03-20 04:45:00,271.3,271.5,270.8,271.05,210499
2026-03-20 04:50:00,271.1,271.25,270.55,270.95,134756
2026-03-20 04:55:00,270.9,270.9,270.1,270.8,189120
2026-03-20 05:00:00,270.85,270.85,270.3,270.35,102677
2026-03-20 05:05:00,270.3,270.45,270.1,270.2,127178
2026-03-20 05:10:00,270.25,270.45,269.85,270.05,156855
2026-03-20 05:15:00,270.0,270.2,269.75,270.2,99531
2026-03-20 05:20:00,270.25,270.45,270.1,270.25,88821
2026-03-20 05:25:00,270.25,270.55,270.1,270.2,80100
2026-03-20 05:30:00,270.2,270.25,269.85,270.0,155179
2026-03-20 05:35:00,269.95,270.0,269.6,269.9,123983
2026-03-20 05:40:00,269.9,270.05,269.6,270.05,99307
2026-03-20 05:45:00,270.0,270.55,270.0,270.4,87233
2026-03-20 05:50:00,270.5,270.9,270.25,270.4,149167
2026-03-20 05:55:00,270.35,270.55,270.25,270.4,83089
2026-03-20 06:00:00,270.4,270.55,270.25,270.35,63480
2026-03-20 06:05:00,270.3,270.8,270.1,270.6,82355
2026-03-20 06:10:00,270.6,270.9,270.05,270.2,122686
2026-03-20 06:15:00,270.15,270.6,269.95,270.4,102639
2026-03-20 06:20:00,270.6,270.65,270.25,270.4,66515
2026-03-20 06:25:00,270.4,270.5,269.95,270.25,228893
2026-03-20 06:30:00,270.2,270.25,268.3,268.35,291260
2026-03-20 06:35:00,268.3,269.15,268.2,268.7,136134
2026-03-20 06:40:00,268.75,269.3,268.75,269.1,76141
2026-03-20 06:45:00,269.05,269.2,268.9,269.0,88453
2026-03-20 06:50:00,269.0,269.05,268.4,268.55,100811
2026-03-20 06:55:00,268.55,268.75,268.25,268.4,88073
2026-03-20 07:00:00,268.5,268.85,268.25,268.7,78422
2026-03-20 07:05:00,268.75,268.75,268.5,268.65,67426
2026-03-20 07:10:00,268.6,269.2,268.6,269.1,64763
2026-03-20 07:15:00,269.1,269.15,268.7,268.8,82542
2026-03-20 07:20:00,268.75,269.05,268.4,269.0,64695
2026-03-20 07:25:00,269.05,269.2,268.4,268.4,113962
2026-03-20 07:30:00,268.45,269.1,268.4,269.05,83652
2026-03-20 07:35:00,269.1,269.1,268.5,268.65,98243
2026-03-20 07:40:00,268.7,268.7,268.4,268.6,86263
2026-03-20 07:45:00,268.65,268.75,268.4,268.5,74652
2026-03-20 07:50:00,268.5,269.0,268.45,268.8,82711
2026-03-20 07:55:00,268.8,269.1,268.7,268.8,81892
2026-03-20 08:00:00,268.8,268.8,268.15,268.25,109061
2026-03-20 08:05:00,268.3,268.35,267.85,268.0,160292
2026-03-20 08:10:00,267.95,268.1,267.45,267.45,286513
2026-03-20 08:15:00,267.55,267.55,266.75,266.75,264339
2026-03-20 08:20:00,266.7,266.8,265.8,266.2,326365
2026-03-20 08:25:00,266.15,266.45,265.85,266.2,210122
2026-03-20 08:30:00,266.25,267.0,266.05,267.0,234606
2026-03-20 08:35:00,267.1,267.5,266.15,266.3,210646
2026-03-20 08:40:00,266.1,266.65,266.05,266.35,240469
2026-03-20 08:45:00,266.45,266.45,265.75,265.8,247741
2026-03-20 08:50:00,265.95,266.05,265.55,265.6,262243
2026-03-20 08:55:00,265.75,265.75,265.1,265.3,330256
2026-03-20 09:00:00,265.45,266.45,265.4,266.4,296548
2026-03-20 09:05:00,266.4,266.45,265.15,265.75,420254
2026-03-20 09:10:00,265.75,265.9,264.65,264.75,505466
2026-03-20 09:15:00,264.7,265.05,264.55,264.85,306258
2026-03-20 09:20:00,264.8,264.85,264.0,264.25,275279
2026-03-20 09:25:00,264.3,265.0,264.3,264.95,243828
2026-03-20 09:30:00,264.95,265.3,264.15,265.2,1146653
2026-03-20 09:35:00,265.15,265.75,265.05,265.75,715005
2026-03-20 09:40:00,265.55,265.65,265.05,265.45,1144812
2026-03-20 09:45:00,265.5,265.65,265.25,265.55,863052
2026-03-20 09:50:00,265.7,266.3,265.6,265.8,951244
2026-03-20 09:55:00,265.75,265.8,265.35,265.55,574461
2026-03-23 03:45:00,267.3,267.95,263.9,267.35,1126353
2026-03-23 03:50:00,267.25,269.7,267.25,269.3,1472067
2026-03-23 03:55:00,269.4,269.55,267.3,267.8,1230844
2026-03-23 04:00:00,267.65,268.5,266.75,267.8,803477
2026-03-23 04:05:00,267.7,269.2,267.35,268.0,831115
2026-03-23 04:10:00,268.0,268.4,267.45,268.15,566536
2026-03-23 04:15:00,268.1,268.15,266.65,267.0,516349
2026-03-23 04:20:00,267.0,267.5,266.5,267.15,399411
2026-03-23 04:25:00,267.1,267.35,266.85,266.9,232054
2026-03-23 04:30:00,267.0,267.85,266.8,267.8,353284
2026-03-23 04:35:00,267.8,267.95,267.2,267.65,232072
2026-03-23 04:40:00,267.65,268.35,267.55,267.9,305812
2026-03-23 04:45:00,268.0,268.2,267.6,267.65,183173
2026-03-23 04:50:00,267.7,268.1,266.75,266.8,280527
2026-03-23 04:55:00,266.9,267.7,266.75,267.45,181826
2026-03-23 05:00:00,267.45,268.35,267.4,268.1,241079
2026-03-23 05:05:00,268.05,268.5,267.6,267.6,337699
2026-03-23 05:10:00,267.7,267.7,267.05,267.15,168939
2026-03-23 05:15:00,267.1,267.4,266.65,267.3,251112
2026-03-23 05:20:00,267.3,267.3,266.8,267.25,139735
2026-03-23 05:25:00,267.2,267.2,266.15,266.6,232554
2026-03-23 05:30:00,266.6,267.1,265.8,266.15,390678
2026-03-23 05:35:00,266.15,266.95,266.0,266.85,571916
2026-03-23 05:40:00,266.85,266.95,266.2,266.8,711397
2026-03-23 05:45:00,266.8,267.0,266.3,266.8,149344
2026-03-23 05:50:00,266.95,267.4,266.8,267.1,155987
2026-03-23 05:55:00,267.25,267.55,267.1,267.55,135116
2026-03-23 06:00:00,267.55,267.95,267.3,267.35,155096
2026-03-23 06:05:00,267.45,267.45,266.6,267.15,111996
2026-03-23 06:10:00,267.15,267.45,267.1,267.45,92449
2026-03-23 06:15:00,267.35,267.55,267.2,267.5,103598
2026-03-23 06:20:00,267.5,267.9,267.35,267.6,140601
2026-03-23 06:25:00,267.65,267.9,267.25,267.7,122417
2026-03-23 06:30:00,267.7,267.7,266.85,266.9,176985
2026-03-23 06:35:00,266.9,267.15,266.5,267.1,137641
2026-03-23 06:40:00,267.0,267.8,266.8,267.05,191768
2026-03-23 06:45:00,266.9,267.05,266.3,266.75,202584
2026-03-23 06:50:00,266.75,266.95,266.1,266.1,145500
2026-03-23 06:55:00,266.25,266.3,265.4,265.8,294635
2026-03-23 07:00:00,265.85,266.0,265.25,265.3,208542
2026-03-23 07:05:00,265.4,266.2,265.3,265.65,158516
2026-03-23 07:10:00,265.65,267.2,265.65,266.9,276216
2026-03-23 07:15:00,267.05,267.05,266.15,266.45,158386
2026-03-23 07:20:00,266.4,266.5,266.2,266.35,122217
2026-03-23 07:25:00,266.35,266.35,265.45,265.8,217168
2026-03-23 07:30:00,265.7,266.0,265.5,265.8,127220
2026-03-23 07:35:00,265.7,266.35,265.65,266.1,163776
2026-03-23 07:40:00,266.15,266.2,265.75,266.15,150981
2026-03-23 07:45:00,266.15,266.4,266.0,266.15,147333
2026-03-23 07:50:00,266.2,266.3,265.65,265.65,129379
2026-03-23 07:55:00,265.6,266.7,265.0,266.1,282640
2026-03-23 08:00:00,266.2,266.65,266.15,266.35,136662
2026-03-23 08:05:00,266.4,266.75,266.35,266.6,108724
2026-03-23 08:10:00,266.6,267.2,266.45,266.95,243837
2026-03-23 08:15:00,267.1,267.1,266.85,267.05,151367
2026-03-23 08:20:00,267.1,267.25,266.7,266.85,202552
2026-03-23 08:25:00,266.9,267.5,266.8,267.1,273677
2026-03-23 08:30:00,267.05,267.15,266.55,266.8,181055
2026-03-23 08:35:00,266.85,266.95,265.7,266.45,1065953
2026-03-23 08:40:00,266.45,266.55,266.05,266.05,154802
2026-03-23 08:45:00,266.15,266.4,266.05,266.3,151393
2026-03-23 08:50:00,266.4,266.6,266.2,266.2,141643
2026-03-23 08:55:00,266.2,266.55,265.95,266.4,189663
2026-03-23 09:00:00,266.3,266.4,265.15,265.4,326970
2026-03-23 09:05:00,265.4,266.35,265.4,266.1,324056
2026-03-23 09:10:00,266.1,266.3,265.65,266.25,213861
2026-03-23 09:15:00,266.35,266.4,266.05,266.3,175806
2026-03-23 09:20:00,266.2,266.7,266.2,266.6,219681
2026-03-23 09:25:00,266.7,266.95,266.45,266.9,197942
2026-03-23 09:30:00,266.9,266.9,265.5,265.55,474881
2026-03-23 09:35:00,265.55,265.7,265.25,265.55,305860
2026-03-23 09:40:00,265.55,266.6,265.45,266.0,770921
2026-03-23 09:45:00,265.95,266.05,264.65,264.9,781451
2026-03-23 09:50:00,264.9,265.15,264.3,264.85,607374
2026-03-23 09:55:00,264.8,265.5,264.55,265.4,278063
2026-03-24 03:45:00,268.55,269.75,266.85,269.0,1073828
2026-03-24 03:50:00,269.0,269.4,267.85,269.1,264843
2026-03-24 03:55:00,269.0,270.8,268.6,270.55,416153
2026-03-24 04:00:00,270.4,271.15,270.15,270.4,313321
2026-03-24 04:05:00,270.35,272.15,269.75,269.9,992930
2026-03-24 04:10:00,269.95,270.5,269.8,269.95,140650
2026-03-24 04:15:00,269.9,269.9,269.35,269.6,117612
2026-03-24 04:20:00,269.6,269.6,268.55,268.9,185049
2026-03-24 04:25:00,268.95,270.4,268.85,270.3,254831
2026-03-24 04:30:00,270.35,270.35,269.15,269.35,73726
2026-03-24 04:35:00,269.25,269.85,269.25,269.5,87216
2026-03-24 04:40:00,269.65,270.2,269.5,270.2,99551
2026-03-24 04:45:00,270.2,270.2,269.55,269.95,110718
2026-03-24 04:50:00,270.0,270.7,269.5,270.5,125856
2026-03-24 04:55:00,270.6,270.6,269.95,270.45,1115106
2026-03-24 05:00:00,270.6,270.95,269.9,270.05,216515
2026-03-24 05:05:00,270.05,270.55,269.9,270.4,105537
2026-03-24 05:10:00,270.5,270.85,270.15,270.6,116716
2026-03-24 05:15:00,270.95,271.8,270.8,271.5,317019
2026-03-24 05:20:00,271.6,272.0,271.05,271.35,231855
2026-03-24 05:25:00,271.4,271.45,270.25,270.4,143543
2026-03-24 05:30:00,270.4,270.75,270.3,270.5,91950
2026-03-24 05:35:00,270.55,270.9,270.15,270.5,114446
2026-03-24 05:40:00,270.6,271.6,270.5,271.3,141465
2026-03-24 05:45:00,271.3,271.8,271.2,271.7,192776
2026-03-24 05:50:00,272.0,272.55,271.8,272.0,520436
2026-03-24 05:55:00,272.0,272.5,271.8,272.3,267089
2026-03-24 06:00:00,272.25,272.55,272.15,272.35,162340
2026-03-24 06:05:00,272.4,272.5,272.0,272.45,198058
2026-03-24 06:10:00,272.55,273.3,272.5,272.8,495556
2026-03-24 06:15:00,272.8,272.95,272.5,272.65,156963
2026-03-24 06:20:00,272.65,272.7,272.0,272.4,237920
2026-03-24 06:25:00,272.4,272.6,271.95,272.0,127166
2026-03-24 06:30:00,272.0,272.25,271.75,272.0,131611
2026-03-24 06:35:00,272.0,272.0,271.4,271.6,182301
2026-03-24 06:40:00,271.5,271.75,270.7,270.7,237048
2026-03-24 06:45:00,270.75,270.95,270.5,270.6,142968
2026-03-24 06:50:00,270.7,271.95,270.6,271.95,126121
2026-03-24 06:55:00,271.85,272.6,271.05,271.2,217740
2026-03-24 07:00:00,271.25,272.0,271.1,271.9,123560
2026-03-24 07:05:00,271.95,272.35,271.7,272.2,189126
2026-03-24 07:10:00,272.3,272.3,271.2,271.4,239079
2026-03-24 07:15:00,271.55,271.85,271.2,271.5,144901
2026-03-24 07:20:00,271.65,272.25,271.55,271.85,99830
2026-03-24 07:25:00,271.75,271.95,271.1,271.1,176743
2026-03-24 07:30:00,271.15,271.4,270.3,270.5,361946
2026-03-24 07:35:00,270.5,270.5,269.65,269.9,207200
2026-03-24 07:40:00,269.85,270.45,269.7,270.25,111841
2026-03-24 07:45:00,270.25,270.25,269.6,269.9,111308
2026-03-24 07:50:00,269.9,270.25,269.5,270.15,250316
2026-03-24 07:55:00,270.2,270.2,269.6,269.8,162448
2026-03-24 08:00:00,269.6,270.5,269.5,270.4,117179
2026-03-24 08:05:00,270.45,270.45,269.8,269.9,85544
2026-03-24 08:10:00,269.95,270.5,269.85,270.05,85474
2026-03-24 08:15:00,270.05,270.1,269.0,269.1,192325
2026-03-24 08:20:00,269.1,269.55,269.0,269.35,138687
2026-03-24 08:25:00,269.35,269.95,269.35,269.7,133585
2026-03-24 08:30:00,269.7,269.8,269.2,269.4,94603
2026-03-24 08:35:00,269.5,269.95,269.4,269.5,76346
2026-03-24 08:40:00,269.5,269.9,269.35,269.35,81315
2026-03-24 08:45:00,269.5,270.0,269.05,269.7,144894
2026-03-24 08:50:00,269.85,269.95,268.75,268.75,273371
2026-03-24 08:55:00,268.75,269.0,268.15,268.5,350266
2026-03-24 09:00:00,268.55,269.4,268.4,269.15,254575
2026-03-24 09:05:00,269.1,269.35,268.25,268.55,273803
2026-03-24 09:10:00,268.45,268.7,268.15,268.2,289352
2026-03-24 09:15:00,268.35,268.5,268.1,268.2,239942
2026-03-24 09:20:00,268.3,268.45,268.1,268.25,258939
2026-03-24 09:25:00,268.25,268.8,268.1,268.55,278791
2026-03-24 09:30:00,268.6,268.6,267.75,267.95,553245
2026-03-24 09:35:00,268.0,268.35,267.8,267.95,420001
2026-03-24 09:40:00,267.8,268.0,267.55,267.95,594812
2026-03-24 09:45:00,267.95,268.4,267.7,268.15,309159
2026-03-24 09:50:00,268.15,268.4,267.95,268.4,496493
2026-03-24 09:55:00,268.25,268.65,268.15,268.5,269083
2026-03-25 03:45:00,267.35,268.8,266.4,267.3,595240
2026-03-25 03:50:00,267.3,267.65,266.75,267.5,308360
2026-03-25 03:55:00,267.6,268.25,267.25,267.75,274662
2026-03-25 04:00:00,267.5,268.7,267.5,268.15,253713
2026-03-25 04:05:00,268.35,268.5,267.8,268.1,137827
2026-03-25 04:10:00,268.2,268.85,267.75,268.8,137042
2026-03-25 04:15:00,268.8,268.95,267.6,267.65,233192
2026-03-25 04:20:00,267.8,268.25,267.45,268.25,346710
2026-03-25 04:25:00,268.1,268.25,267.75,268.25,151173
2026-03-25 04:30:00,268.25,268.6,268.1,268.5,162773
2026-03-25 04:35:00,268.5,268.5,268.05,268.3,177435
2026-03-25 04:40:00,268.25,268.8,268.25,268.65,141740
2026-03-25 04:45:00,268.65,269.7,268.5,269.7,219336
2026-03-25 04:50:00,269.65,270.15,269.35,270.0,277529
2026-03-25 04:55:00,270.15,270.25,269.55,269.9,228140
2026-03-25 05:00:00,270.0,270.15,269.6,269.6,165859
2026-03-25 05:05:00,269.7,269.9,269.5,269.85,104404
2026-03-25 05:10:00,269.8,270.0,269.55,269.8,118701
2026-03-25 05:15:00,269.8,270.65,269.75,270.65,164152
2026-03-25 05:20:00,270.65,271.0,270.3,270.6,233433
2026-03-25 05:25:00,270.45,270.7,270.3,270.7,130986
2026-03-25 05:30:00,270.6,270.7,270.35,270.7,125848
2026-03-25 05:35:00,270.6,271.35,270.55,270.65,288830
2026-03-25 05:40:00,270.65,270.8,270.2,270.6,132233
2026-03-25 05:45:00,270.6,270.75,270.4,270.5,118643
2026-03-25 05:50:00,270.5,270.6,270.1,270.15,137975
2026-03-25 05:55:00,270.25,270.35,269.85,269.9,142213
2026-03-25 06:00:00,269.8,270.2,269.65,270.05,136282
2026-03-25 06:05:00,270.1,270.25,269.6,270.05,217056
2026-03-25 06:10:00,270.2,270.2,269.6,269.7,150597
2026-03-25 06:15:00,269.7,270.5,269.7,270.1,168651
2026-03-25 06:20:00,270.25,270.65,270.1,270.2,238078
2026-03-25 06:25:00,270.15,270.55,270.15,270.5,107821
2026-03-25 06:30:00,270.4,270.6,270.3,270.4,103611
2026-03-25 06:35:00,270.4,270.85,270.35,270.65,165816
2026-03-25 06:40:00,270.5,270.75,270.4,270.75,123999
2026-03-25 06:45:00,270.7,270.8,270.5,270.6,131196
2026-03-25 06:50:00,270.55,270.7,270.4,270.55,114304
2026-03-25 06:55:00,270.6,270.7,270.3,270.6,110069
2026-03-25 07:00:00,270.6,270.65,270.35,270.6,126770
2026-03-25 07:05:00,270.6,270.65,270.4,270.5,145827
2026-03-25 07:10:00,270.4,270.65,270.4,270.6,124760
2026-03-25 07:15:00,270.6,270.65,270.3,270.3,129529
2026-03-25 07:20:00,270.3,270.4,269.9,270.0,96936
2026-03-25 07:25:00,270.0,270.4,269.9,270.3,136455
2026-03-25 07:30:00,270.2,270.5,270.2,270.4,102024
2026-03-25 07:35:00,270.3,270.6,270.3,270.45,115475
2026-03-25 07:40:00,270.4,270.7,270.4,270.65,142186
2026-03-25 07:45:00,270.6,270.65,270.3,270.35,100694
2026-03-25 07:50:00,270.45,270.65,270.25,270.4,114753
2026-03-25 07:55:00,270.35,270.75,270.25,270.6,108706
2026-03-25 08:00:00,270.5,270.8,270.35,270.75,118559
2026-03-25 08:05:00,270.65,270.8,270.35,270.45,110748
2026-03-25 08:10:00,270.6,270.8,270.35,270.7,115578
2026-03-25 08:15:00,270.7,270.75,270.45,270.6,122618
2026-03-25 08:20:00,270.55,270.8,270.45,270.8,179185
2026-03-25 08:25:00,270.85,271.5,270.6,271.25,294616
2026-03-25 08:30:00,271.15,271.45,270.5,270.5,213079
2026-03-25 08:35:00,270.6,271.1,270.5,270.7,158182
2026-03-25 08:40:00,270.7,271.0,270.65,270.75,185143
2026-03-25 08:45:00,270.75,271.0,270.65,270.7,184866
2026-03-25 08:50:00,270.65,270.8,269.65,269.8,196148
2026-03-25 08:55:00,269.85,270.15,269.65,270.0,150955
2026-03-25 09:00:00,270.15,270.2,269.75,269.95,141841
2026-03-25 09:05:00,270.0,270.3,269.9,270.1,98004
2026-03-25 09:10:00,270.05,270.4,270.0,270.3,121583
2026-03-25 09:15:00,270.3,270.3,270.05,270.2,84345
2026-03-25 09:20:00,270.05,270.3,269.65,269.65,127945
2026-03-25 09:25:00,269.8,270.2,269.65,270.1,121291
2026-03-25 09:30:00,270.0,270.6,269.7,270.3,419356
2026-03-25 09:35:00,270.3,270.3,269.9,270.25,251489
2026-03-25 09:40:00,270.25,270.4,270.05,270.15,342455
2026-03-25 09:45:00,270.2,270.35,270.05,270.1,267795
2026-03-25 09:50:00,270.15,270.5,270.1,270.5,310196
2026-03-25 09:55:00,270.45,270.85,269.7,269.7,288338
2026-03-27 03:45:00,270.5,272.2,269.7,271.8,818702
2026-03-27 03:50:00,271.6,274.1,271.55,273.95,908704
2026-03-27 03:55:00,274.0,275.55,273.6,275.4,1606026
2026-03-27 04:00:00,275.5,276.2,273.75,274.0,1205943
2026-03-27 04:05:00,274.0,275.15,273.55,274.95,840343
2026-03-27 04:10:00,275.0,276.0,275.0,276.0,569120
2026-03-27 04:15:00,275.95,276.65,275.25,276.5,838146
2026-03-27 04:20:00,276.55,276.95,275.35,275.4,676418
2026-03-27 04:25:00,275.35,275.8,275.0,275.7,404545
2026-03-27 04:30:00,275.7,276.2,275.55,276.2,423587
2026-03-27 04:35:00,276.2,277.15,276.05,277.0,1219130
2026-03-27 04:40:00,277.0,277.05,276.7,276.9,462488
2026-03-27 04:45:00,276.9,277.2,276.3,276.65,510003
2026-03-27 04:50:00,276.75,277.15,276.55,276.85,350439
2026-03-27 04:55:00,276.85,277.0,276.65,276.9,266127
2026-03-27 05:00:00,276.95,277.3,276.7,276.8,447828
2026-03-27 05:05:00,276.85,277.15,276.6,277.05,240082
2026-03-27 05:10:00,277.05,277.2,276.7,276.8,226916
2026-03-27 05:15:00,276.85,276.95,276.45,276.9,220806
2026-03-27 05:20:00,276.95,276.95,275.7,275.8,1331618
2026-03-27 05:25:00,275.9,277.5,275.7,277.5,553425
2026-03-27 05:30:00,277.45,277.65,276.8,277.4,460730
2026-03-27 05:35:00,277.5,277.5,277.05,277.3,280349
2026-03-27 05:40:00,277.35,277.75,277.25,277.65,291095
2026-03-27 05:45:00,277.6,278.3,277.6,278.3,587406
2026-03-27 05:50:00,278.3,278.65,278.05,278.55,449830
2026-03-27 05:55:00,278.65,278.8,278.2,278.75,513858
2026-03-27 06:00:00,278.8,278.8,278.15,278.7,503629
2026-03-27 06:05:00,278.7,279.2,278.65,278.95,618327
2026-03-27 06:10:00,279.0,279.0,278.65,278.95,250606
2026-03-27 06:15:00,279.0,279.35,278.85,279.3,352229
2026-03-27 06:20:00,279.25,279.3,278.85,278.95,397405
2026-03-27 06:25:00,279.0,279.45,278.65,279.3,644979
2026-03-27 06:30:00,279.3,279.3,279.0,279.1,223634
2026-03-27 06:35:00,279.0,279.75,279.0,279.6,540319
2026-03-27 06:40:00,279.6,280.3,279.55,280.2,894102
2026-03-27 06:45:00,280.1,280.5,279.3,279.35,958227
2026-03-27 06:50:00,279.4,279.95,279.3,279.9,347346
2026-03-27 06:55:00,279.9,280.25,279.9,280.15,316328
2026-03-27 07:00:00,280.15,280.95,280.05,280.95,574058
2026-03-27 07:05:00,280.95,281.6,280.7,281.6,842979
2026-03-27 07:10:00,281.5,281.75,281.05,281.5,685312
2026-03-27 07:15:00,281.45,282.5,281.0,282.05,1240669
2026-03-27 07:20:00,282.0,282.6,281.55,282.4,782001
2026-03-27 07:25:00,282.35,283.1,282.3,283.0,933687
2026-03-27 07:30:00,283.05,283.2,281.65,282.3,1212097
2026-03-27 07:35:00,282.3,282.8,282.0,282.1,702514
2026-03-27 07:40:00,282.2,282.85,281.2,282.8,1455549
2026-03-27 07:45:00,282.8,283.45,282.75,283.35,1129679
2026-03-27 07:50:00,283.3,283.5,282.6,283.5,698207
2026-03-27 07:55:00,283.5,283.6,283.0,283.25,633697
2026-03-27 08:00:00,283.25,283.9,283.05,283.6,876999
2026-03-27 08:05:00,283.6,283.75,283.3,283.5,387226
2026-03-27 08:10:00,283.5,283.65,283.35,283.4,352103
2026-03-27 08:15:00,283.45,283.9,283.1,283.85,748115
2026-03-27 08:20:00,283.85,284.0,283.05,283.5,868275
2026-03-27 08:25:00,283.5,284.4,283.3,284.0,879042
2026-03-27 08:30:00,284.1,284.75,283.9,284.15,1279401
2026-03-27 08:35:00,284.15,285.0,283.7,284.9,1597519
2026-03-27 08:40:00,284.85,284.85,284.2,284.3,618061
2026-03-27 08:45:00,284.3,284.35,281.9,282.9,2392494
2026-03-27 08:50:00,282.9,283.3,282.75,283.0,777193
2026-03-27 08:55:00,283.1,283.15,282.35,282.45,747581
2026-03-27 09:00:00,282.55,283.25,282.45,283.1,573476
2026-03-27 09:05:00,283.1,283.7,282.85,282.85,861201
2026-03-27 09:10:00,283.0,284.05,282.7,283.75,1118553
2026-03-27 09:15:00,283.9,284.0,283.05,283.15,738477
2026-03-27 09:20:00,283.15,283.45,283.05,283.4,452333
2026-03-27 09:25:00,283.3,283.95,283.3,283.5,605139
2026-03-27 09:30:00,283.45,283.55,282.25,282.7,1755466
2026-03-27 09:35:00,282.65,282.7,282.3,282.5,1344864
2026-03-27 09:40:00,282.45,282.8,282.2,282.25,1563442
2026-03-27 09:45:00,282.2,282.5,280.85,280.95,2777311
2026-03-27 09:50:00,281.25,282.4,281.05,282.4,1984939
2026-03-27 09:55:00,282.15,282.3,281.05,281.1,1037928
2026-03-30 03:45:00,282.75,286.9,282.25,283.4,4351080
2026-03-30 03:50:00,283.35,286.65,283.35,286.45,2478202
2026-03-30 03:55:00,286.5,287.6,285.85,286.4,2762506
2026-03-30 04:00:00,286.4,287.2,284.35,285.0,1893810
2026-03-30 04:05:00,285.0,285.7,284.1,285.35,962183
2026-03-30 04:10:00,285.35,286.0,285.35,285.9,437855
2026-03-30 04:15:00,285.95,287.9,285.8,287.0,1361790
2026-03-30 04:20:00,286.95,287.4,286.3,286.35,721313
2026-03-30 04:25:00,286.5,286.55,285.6,285.9,520694
2026-03-30 04:30:00,285.9,286.9,285.7,286.5,402674
2026-03-30 04:35:00,286.5,287.1,286.05,286.2,473807
2026-03-30 04:40:00,286.3,286.65,285.9,286.3,626456
2026-03-30 04:45:00,286.45,286.55,285.75,286.0,458164
2026-03-30 04:50:00,286.0,286.4,285.35,286.3,772189
2026-03-30 04:55:00,286.4,286.5,285.85,286.05,438955
2026-03-30 05:00:00,286.0,286.1,285.05,285.2,623515
2026-03-30 05:05:00,285.25,286.05,285.15,285.85,382461
2026-03-30 05:10:00,285.75,286.2,285.7,286.0,439368
2026-03-30 05:15:00,286.0,286.2,285.8,286.0,435526
2026-03-30 05:20:00,286.05,286.2,285.4,285.6,534967
2026-03-30 05:25:00,285.55,286.0,285.0,285.05,657217
2026-03-30 05:30:00,285.1,285.45,284.8,285.4,596090
2026-03-30 05:35:00,285.4,285.5,285.0,285.0,228058
2026-03-30 05:40:00,285.05,285.1,284.25,284.4,585314
2026-03-30 05:45:00,284.45,284.95,284.3,284.85,388418
2026-03-30 05:50:00,284.95,285.35,284.7,285.1,227257
2026-03-30 05:55:00,285.15,286.05,285.0,285.5,427295
2026-03-30 06:00:00,285.5,285.75,285.25,285.7,369428
2026-03-30 06:05:00,285.7,286.7,285.65,286.3,1024316
2026-03-30 06:10:00,286.3,286.65,286.1,286.3,403185
2026-03-30 06:15:00,286.4,286.95,286.1,286.95,418099
2026-03-30 06:20:00,286.9,286.95,286.25,286.5,457515
2026-03-30 06:25:00,286.5,286.9,286.25,286.65,509283
2026-03-30 06:30:00,286.6,287.2,286.5,287.15,589843
2026-03-30 06:35:00,287.15,287.9,287.15,287.8,508036
2026-03-30 06:40:00,287.9,288.35,287.8,288.2,748735
2026-03-30 06:45:00,288.25,288.3,287.4,287.5,639584
2026-03-30 06:50:00,287.5,287.95,287.35,287.7,347221
2026-03-30 06:55:00,287.55,287.7,285.7,285.95,731808
2026-03-30 07:00:00,285.95,286.05,285.5,285.75,285780
2026-03-30 07:05:00,285.8,286.1,285.55,285.9,308955
2026-03-30 07:10:00,285.85,286.1,285.65,285.75,219453
2026-03-30 07:15:00,285.75,285.9,285.65,285.85,150334
2026-03-30 07:20:00,285.85,285.85,285.0,285.65,345590
2026-03-30 07:25:00,285.65,285.65,285.1,285.35,144893
2026-03-30 07:30:00,285.35,285.5,285.25,285.4,174919
2026-03-30 07:35:00,285.4,285.6,285.2,285.35,192907
2026-03-30 07:40:00,285.35,285.7,285.15,285.5,158707
2026-03-30 07:45:00,285.5,285.8,285.3,285.35,185371
2026-03-30 07:50:00,285.4,285.5,285.3,285.45,127995
2026-03-30 07:55:00,285.45,285.5,284.85,285.05,261272
2026-03-30 08:00:00,285.05,285.2,284.6,285.2,193268
2026-03-30 08:05:00,285.2,285.4,284.9,285.0,226194
2026-03-30 08:10:00,285.05,285.2,284.8,284.95,131377
2026-03-30 08:15:00,284.95,285.05,284.65,284.65,205771
2026-03-30 08:20:00,284.65,284.85,284.6,284.8,133504
2026-03-30 08:25:00,284.8,285.05,284.75,284.75,172017
2026-03-30 08:30:00,284.85,285.3,284.75,285.15,201528
2026-03-30 08:35:00,285.05,285.1,284.95,285.0,130267
2026-03-30 08:40:00,285.0,285.1,284.8,284.85,191003
2026-03-30 08:45:00,284.85,285.0,284.65,284.75,223106
2026-03-30 08:50:00,284.75,285.2,284.7,285.1,368060
2026-03-30 08:55:00,285.1,285.1,284.8,284.9,196385
2026-03-30 09:00:00,284.9,285.55,284.85,285.4,811123
2026-03-30 09:05:00,285.4,285.45,284.85,285.0,993697
2026-03-30 09:10:00,285.0,285.05,284.4,284.4,546004
2026-03-30 09:15:00,284.5,284.8,284.1,284.25,282259
2026-03-30 09:20:00,284.25,284.6,284.15,284.3,230285
2026-03-30 09:25:00,284.35,284.75,284.3,284.45,214650
2026-03-30 09:30:00,284.5,284.75,284.1,284.6,829986
2026-03-30 09:35:00,284.6,284.7,283.9,283.95,756953
2026-03-30 09:40:00,284.0,285.4,284.0,285.2,1139859
2026-03-30 09:45:00,285.15,285.25,284.15,284.3,1208182
2026-03-30 09:50:00,284.35,284.9,284.3,284.85,758909
2026-03-30 09:55:00,284.9,284.9,281.95,284.9,993411
2026-04-01 03:45:00,290.0,290.0,282.8,284.85,2504422
2026-04-01 03:50:00,284.9,286.5,284.75,285.75,1304143
2026-04-01 03:55:00,285.9,287.5,285.75,287.0,929036
2026-04-01 04:00:00,286.8,287.95,286.8,287.95,749552
2026-04-01 04:05:00,287.85,288.7,287.7,288.0,1041188
2026-04-01 04:10:00,288.0,289.25,287.9,287.9,645933
2026-04-01 04:15:00,287.95,290.0,287.95,289.85,1470995
2026-04-01 04:20:00,289.8,293.0,289.8,292.65,2411676
2026-04-01 04:25:00,292.6,292.75,288.75,289.55,1479497
2026-04-01 04:30:00,289.55,291.9,289.55,291.65,862086
2026-04-01 04:35:00,291.65,291.8,290.8,291.1,403125
2026-04-01 04:40:00,291.1,291.3,290.3,290.95,361368
2026-04-01 04:45:00,290.95,291.45,289.55,290.4,495589
2026-04-01 04:50:00,290.5,290.5,288.25,288.6,519421
2026-04-01 04:55:00,288.65,288.75,287.1,287.8,508602
2026-04-01 05:00:00,287.9,288.05,287.0,287.3,285877
2026-04-01 05:05:00,287.35,288.55,287.3,288.5,219474
2026-04-01 05:10:00,288.5,289.95,288.35,289.65,300565
2026-04-01 05:15:00,289.65,290.0,288.55,289.35,419222
2026-04-01 05:20:00,289.35,289.55,288.85,289.0,179845
2026-04-01 05:25:00,289.15,289.35,288.7,288.75,202818
2026-04-01 05:30:00,288.85,289.2,288.25,289.15,241041
2026-04-01 05:35:00,289.2,289.95,288.8,289.75,215649
2026-04-01 05:40:00,289.8,290.1,289.2,289.5,227106
2026-04-01 05:45:00,289.4,289.5,288.8,289.0,218664
2026-04-01 05:50:00,289.0,289.25,288.85,289.05,194421
2026-04-01 05:55:00,289.1,290.1,289.05,289.9,266976
2026-04-01 06:00:00,290.0,290.75,289.85,290.35,221420
2026-04-01 06:05:00,290.25,290.75,290.1,290.75,161381
2026-04-01 06:10:00,290.7,290.75,289.85,289.9,180671
2026-04-01 06:15:00,290.0,290.3,289.25,289.6,211176
2026-04-01 06:20:00,289.6,289.95,289.55,289.65,141061
2026-04-01 06:25:00,289.65,289.9,289.15,289.8,198427
2026-04-01 06:30:00,289.7,290.3,289.5,289.6,276192
2026-04-01 06:35:00,289.55,289.7,289.05,289.5,134402
2026-04-01 06:40:00,289.55,289.65,289.3,289.65,102649
2026-04-01 06:45:00,289.55,289.65,288.45,288.65,218415
2026-04-01 06:50:00,288.6,288.9,288.5,288.9,138983
2026-04-01 06:55:00,288.9,289.0,288.5,288.65,146111
2026-04-01 07:00:00,288.65,289.1,288.55,288.75,108996
2026-04-01 07:05:00,288.7,288.8,288.15,288.8,128366
2026-04-01 07:10:00,288.8,289.0,288.35,288.9,132909
2026-04-01 07:15:00,288.9,289.0,288.25,288.3,145732
2026-04-01 07:20:00,288.3,288.5,288.05,288.4,125796
2026-04-01 07:25:00,288.35,288.4,288.0,288.1,124811
2026-04-01 07:30:00,288.05,288.15,287.4,288.0,178439
2026-04-01 07:35:00,288.0,288.0,287.35,287.4,109490
2026-04-01 07:40:00,287.35,287.65,287.35,287.5,142107
2026-04-01 07:45:00,287.5,287.85,287.5,287.55,147996
2026-04-01 07:50:00,287.5,287.6,286.5,286.8,231331
2026-04-01 07:55:00,286.8,286.8,285.75,286.0,316798
2026-04-01 08:00:00,286.0,286.95,285.75,286.8,773585
2026-04-01 08:05:00,286.8,286.85,286.55,286.85,73722
2026-04-01 08:10:00,286.8,286.85,285.25,286.4,257432
2026-04-01 08:15:00,286.35,286.8,286.15,286.35,96272
2026-04-01 08:20:00,286.3,286.45,285.6,285.6,152480
2026-04-01 08:25:00,285.6,286.0,285.6,285.95,115037
2026-04-01 08:30:00,286.0,286.35,285.75,286.2,143842
2026-04-01 08:35:00,286.15,287.25,286.05,287.15,402162
2026-04-01 08:40:00,287.15,287.15,286.7,286.85,176256
2026-04-01 08:45:00,286.85,287.75,286.7,287.7,241411
2026-04-01 08:50:00,287.7,288.2,287.4,287.75,298408
2026-04-01 08:55:00,287.7,287.75,287.2,287.6,192393
2026-04-01 09:00:00,287.65,287.9,287.55,287.9,195734
2026-04-01 09:05:00,287.85,287.9,287.75,287.85,169707
2026-04-01 09:10:00,287.9,287.9,287.05,287.2,594339
2026-04-01 09:15:00,287.15,287.5,286.7,287.45,297548
2026-04-01 09:20:00,287.5,287.9,287.3,287.5,272836
2026-04-01 09:25:00,287.55,287.75,287.45,287.55,183556
2026-04-01 09:30:00,287.65,288.1,287.4,287.8,503176
2026-04-01 09:35:00,287.75,288.0,287.6,287.95,291844
2026-04-01 09:40:00,288.0,288.85,287.9,288.7,660965
2026-04-01 09:45:00,288.6,289.0,288.55,288.55,746105
2026-04-01 09:50:00,288.55,288.55,287.6,287.95,790310
2026-04-01 09:55:00,287.9,287.95,286.4,287.5,865144
2026-04-02 03:45:00,288.5,288.8,284.1,284.6,1670107
2026-04-02 03:50:00,284.6,285.95,283.6,284.0,823975
2026-04-02 03:55:00,284.15,284.8,283.8,284.5,1146581
2026-04-02 04:00:00,284.4,285.1,284.3,284.75,878643
2026-04-02 04:05:00,284.7,284.7,283.5,284.1,816834
2026-04-02 04:10:00,284.05,284.9,284.0,284.65,634273
2026-04-02 04:15:00,284.75,286.15,284.65,286.1,584118
2026-04-02 04:20:00,286.15,286.3,284.55,284.9,418074
2026-04-02 04:25:00,284.95,285.5,284.55,285.25,213581
2026-04-02 04:30:00,285.3,285.95,285.1,285.3,223305
2026-04-02 04:35:00,285.3,285.35,284.4,284.55,175476
2026-04-02 04:40:00,284.7,285.55,284.5,285.4,128326
2026-04-02 04:45:00,285.45,285.45,284.55,284.75,122261
2026-04-02 04:50:00,284.8,284.95,284.4,284.85,199848
2026-04-02 04:55:00,284.9,285.4,284.6,285.4,120037
2026-04-02 05:00:00,285.25,285.4,285.05,285.15,64385
2026-04-02 05:05:00,285.2,285.45,285.05,285.4,143728
2026-04-02 05:10:00,285.45,285.8,285.1,285.25,126619
2026-04-02 05:15:00,285.4,285.4,284.3,284.55,241890
2026-04-02 05:20:00,284.5,285.0,284.45,284.95,198665
2026-04-02 05:25:00,284.9,285.1,284.7,285.0,80547
2026-04-02 05:30:00,285.1,285.4,284.95,285.05,65893
2026-04-02 05:35:00,285.05,285.65,284.8,285.55,150375
2026-04-02 05:40:00,285.3,285.5,284.95,285.4,191376
2026-04-02 05:45:00,285.4,285.7,285.2,285.5,136493
2026-04-02 05:50:00,285.55,285.55,285.0,285.0,152128
2026-04-02 05:55:00,285.1,285.55,285.0,285.55,121563
2026-04-02 06:00:00,285.55,286.0,285.35,285.85,191227
2026-04-02 06:05:00,286.0,286.0,285.7,285.7,130621
2026-04-02 06:10:00,285.8,285.8,285.4,285.5,98277
2026-04-02 06:15:00,285.55,285.95,285.45,285.7,96591
2026-04-02 06:20:00,285.85,286.0,285.75,285.9,86551
2026-04-02 06:25:00,285.9,286.4,285.7,286.0,156237
2026-04-02 06:30:00,286.1,286.5,285.8,285.9,148348
2026-04-02 06:35:00,286.0,286.0,285.5,285.65,104517
2026-04-02 06:40:00,285.65,285.75,285.35,285.4,85078
2026-04-02 06:45:00,285.4,286.0,285.35,285.6,98821
2026-04-02 06:50:00,285.6,285.65,285.15,285.45,132219
2026-04-02 06:55:00,285.3,285.4,284.95,285.25,216316
2026-04-02 07:00:00,285.25,285.4,284.7,284.7,126920
2026-04-02 07:05:00,284.8,285.35,284.5,285.2,155383
2026-04-02 07:10:00,285.05,285.5,285.05,285.2,100639
2026-04-02 07:15:00,285.35,285.5,285.1,285.35,94597
2026-04-02 07:20:00,285.35,285.5,285.0,285.1,94316
2026-04-02 07:25:00,285.1,285.55,285.0,285.5,142351
2026-04-02 07:30:00,285.55,285.8,285.45,285.8,116646
2026-04-02 07:35:00,285.7,285.85,285.3,285.5,95602
2026-04-02 07:40:00,285.6,285.85,285.25,285.55,122618
2026-04-02 07:45:00,285.5,285.7,285.35,285.4,44298
2026-04-02 07:50:00,285.55,285.75,285.4,285.65,78000
2026-04-02 07:55:00,285.55,285.85,285.5,285.55,102290
2026-04-02 08:00:00,285.65,286.3,285.55,285.9,152965
2026-04-02 08:05:00,285.85,286.05,285.55,286.05,92879
2026-04-02 08:10:00,286.0,286.35,285.9,286.25,116962
2026-04-02 08:15:00,286.2,286.35,285.9,286.0,110364
2026-04-02 08:20:00,285.95,286.4,285.8,286.05,104275
2026-04-02 08:25:00,286.05,286.35,286.05,286.1,83806
2026-04-02 08:30:00,286.15,287.5,286.1,287.35,396177
2026-04-02 08:35:00,287.35,287.9,287.2,287.6,368082
2026-04-02 08:40:00,287.65,288.0,287.35,287.45,385581
2026-04-02 08:45:00,287.55,287.95,287.05,287.4,284750
2026-04-02 08:50:00,287.4,287.4,286.9,287.1,359138
2026-04-02 08:55:00,286.95,287.2,286.65,286.65,262018
2026-04-02 09:00:00,286.65,287.35,286.65,287.2,287428
2026-04-02 09:05:00,287.1,287.45,286.85,287.05,276636
2026-04-02 09:10:00,287.2,287.65,286.85,287.15,368778
2026-04-02 09:15:00,287.25,287.6,287.0,287.1,344521
2026-04-02 09:20:00,287.2,287.65,287.0,287.65,272694
2026-04-02 09:25:00,287.6,287.75,287.15,287.25,285182
2026-04-02 09:30:00,287.3,287.35,285.95,286.7,559278
2026-04-02 09:35:00,286.6,287.35,286.3,287.15,525407
2026-04-02 09:40:00,287.25,288.0,286.95,287.65,741924
2026-04-02 09:45:00,287.75,287.75,287.05,287.2,517440
2026-04-02 09:50:00,287.15,287.6,287.05,287.3,774390
2026-04-02 09:55:00,287.3,287.7,286.1,286.5,502844
2026-04-06 03:45:00,287.3,288.5,284.2,286.0,920516
2026-04-06 03:50:00,286.65,286.9,285.6,285.85,419551
2026-04-06 03:55:00,285.85,286.4,285.25,285.45,193759
2026-04-06 04:00:00,285.3,286.65,285.25,286.3,504858
2026-04-06 04:05:00,286.45,287.3,286.4,286.6,333783
2026-04-06 04:10:00,286.7,287.0,286.3,286.55,250138
2026-04-06 04:15:00,286.55,287.25,286.35,286.35,192157
2026-04-06 04:20:00,286.5,286.5,285.45,285.9,317424
2026-04-06 04:25:00,286.0,286.0,285.35,285.65,91690
2026-04-06 04:30:00,285.65,285.7,284.9,285.2,286970
2026-04-06 04:35:00,285.4,285.7,285.1,285.25,127096
2026-04-06 04:40:00,285.4,285.55,285.15,285.4,123913
2026-04-06 04:45:00,285.45,285.55,284.8,285.1,160991
2026-04-06 04:50:00,285.2,285.3,284.85,284.85,110395
2026-04-06 04:55:00,284.95,284.95,284.2,284.7,185280
2026-04-06 05:00:00,284.4,284.55,284.15,284.4,169759
2026-04-06 05:05:00,284.45,284.8,284.05,284.4,153839
2026-04-06 05:10:00,284.35,284.35,283.7,283.95,226015
2026-04-06 05:15:00,283.9,284.0,283.1,283.25,254607
2026-04-06 05:20:00,283.4,283.65,282.2,282.25,299190
2026-04-06 05:25:00,282.35,282.75,282.2,282.55,159008
2026-04-06 05:30:00,282.6,282.6,281.65,281.95,178561
2026-04-06 05:35:00,281.8,282.4,281.8,282.1,133674
2026-04-06 05:40:00,282.35,282.35,280.55,281.15,508272
2026-04-06 05:45:00,281.1,281.9,281.0,281.7,932739
2026-04-06 05:50:00,281.7,282.25,281.5,281.7,138721
2026-04-06 05:55:00,281.7,282.55,281.55,282.15,131457
2026-04-06 06:00:00,282.2,282.45,281.8,281.95,87095
2026-04-06 06:05:00,281.95,282.35,281.2,281.25,111893
2026-04-06 06:10:00,281.35,282.75,281.25,282.65,250866
2026-04-06 06:15:00,282.7,282.7,282.1,282.3,79840
2026-04-06 06:20:00,282.25,282.8,282.15,282.8,49950
2026-04-06 06:25:00,282.8,283.0,282.4,282.5,81073
2026-04-06 06:30:00,282.6,282.8,281.5,281.7,153993
2026-04-06 06:35:00,281.7,281.9,281.4,281.65,88820
2026-04-06 06:40:00,281.45,281.95,281.45,281.85,82555
2026-04-06 06:45:00,281.8,281.95,281.3,281.9,155233
2026-04-06 06:50:00,281.9,282.2,281.6,281.85,236884
2026-04-06 06:55:00,281.85,282.0,281.5,281.5,48461
2026-04-06 07:00:00,281.55,281.65,281.0,281.15,124781
2026-04-06 07:05:00,281.2,281.4,281.05,281.3,98891
2026-04-06 07:10:00,281.25,281.65,281.25,281.5,63491
2026-04-06 07:15:00,281.5,282.65,281.5,282.65,149667
2026-04-06 07:20:00,282.65,282.75,281.8,281.9,227119
2026-04-06 07:25:00,282.0,282.1,281.55,281.85,381504
2026-04-06 07:30:00,281.9,282.35,281.85,282.2,334263
2026-04-06 07:35:00,282.15,283.05,282.15,283.0,371772
2026-04-06 07:40:00,283.0,283.3,282.8,283.1,747426
2026-04-06 07:45:00,283.2,283.5,283.0,283.3,262089
2026-04-06 07:50:00,283.25,284.1,283.0,283.2,493608
2026-04-06 07:55:00,283.25,283.4,282.3,282.95,176717
2026-04-06 08:00:00,282.95,283.2,282.75,282.75,141306
2026-04-06 08:05:00,282.85,282.95,282.3,282.3,133395
2026-04-06 08:10:00,282.4,282.4,281.65,281.85,211594
2026-04-06 08:15:00,281.95,282.15,281.8,281.95,132196
2026-04-06 08:20:00,282.05,282.5,281.9,282.1,252965
2026-04-06 08:25:00,282.2,282.5,282.0,282.05,265458
2026-04-06 08:30:00,282.2,282.6,282.0,282.2,549135
2026-04-06 08:35:00,282.2,282.55,281.85,281.95,330612
2026-04-06 08:40:00,281.9,282.1,281.85,281.95,408691
2026-04-06 08:45:00,281.95,282.0,281.2,281.5,412083
2026-04-06 08:50:00,281.55,281.65,281.05,281.05,363668
2026-04-06 08:55:00,281.1,281.7,280.85,281.7,690413
2026-04-06 09:00:00,281.7,282.0,281.6,281.6,543326
2026-04-06 09:05:00,281.65,282.1,281.6,281.95,776939
2026-04-06 09:10:00,281.95,281.95,281.45,281.75,301726
2026-04-06 09:15:00,281.75,281.75,281.25,281.45,382455
2026-04-06 09:20:00,281.5,282.85,281.4,282.5,781320
2026-04-06 09:25:00,282.7,282.8,282.35,282.55,468779
2026-04-06 09:30:00,282.55,282.9,281.9,282.35,1061277
2026-04-06 09:35:00,282.4,282.5,282.15,282.45,480245
2026-04-06 09:40:00,282.45,282.5,281.95,282.0,660874
2026-04-06 09:45:00,282.1,282.15,281.4,281.45,1026704
2026-04-06 09:50:00,281.4,281.5,281.0,281.4,819173
2026-04-06 09:55:00,281.4,281.65,280.45,281.35,797598
2026-04-07 03:45:00,281.85,286.25,280.0,285.95,1328029
2026-04-07 03:50:00,285.95,286.85,285.3,285.3,749166
2026-04-07 03:55:00,285.45,285.65,283.55,283.95,477987
2026-04-07 04:00:00,283.95,284.3,283.65,284.0,296168
2026-04-07 04:05:00,284.0,284.2,283.45,283.85,183295
2026-04-07 04:10:00,283.95,284.4,283.65,284.3,220559
2026-04-07 04:15:00,284.25,284.5,283.75,284.3,203548
2026-04-07 04:20:00,284.3,285.25,284.25,285.25,201837
2026-04-07 04:25:00,285.2,285.5,284.45,284.85,250337
2026-04-07 04:30:00,284.9,285.75,284.75,285.3,248514
2026-04-07 04:35:00,285.3,285.3,284.5,284.7,150699
2026-04-07 04:40:00,284.75,284.8,284.15,284.55,160075
2026-04-07 04:45:00,284.65,284.7,284.0,284.45,181827
2026-04-07 04:50:00,284.55,285.0,284.1,284.45,201107
2026-04-07 04:55:00,284.5,284.7,284.2,284.65,132563
2026-04-07 05:00:00,284.7,285.0,284.55,284.75,125191
2026-04-07 05:05:00,284.8,285.2,284.55,285.2,103858
2026-04-07 05:10:00,285.1,285.4,285.05,285.25,182682
2026-04-07 05:15:00,285.3,285.35,284.35,284.45,151452
2026-04-07 05:20:00,284.4,284.9,283.85,284.15,243025
2026-04-07 05:25:00,284.2,284.6,283.7,284.45,246279
2026-04-07 05:30:00,284.5,285.3,284.3,285.3,230068
2026-04-07 05:35:00,285.25,285.7,285.0,285.45,331165
2026-04-07 05:40:00,285.4,285.7,284.95,285.65,266485
2026-04-07 05:45:00,285.5,286.4,285.4,286.15,405970
2026-04-07 05:50:00,286.15,286.25,285.6,285.7,176138
2026-04-07 05:55:00,285.75,285.8,284.5,284.75,559599
2026-04-07 06:00:00,284.85,285.25,284.35,284.95,479164
2026-04-07 06:05:00,284.85,285.1,284.5,284.8,156844
2026-04-07 06:10:00,284.75,284.9,284.55,284.55,175450
2026-04-07 06:15:00,284.65,284.8,284.0,284.25,196842
2026-04-07 06:20:00,284.35,284.65,284.2,284.5,130779
2026-04-07 06:25:00,284.5,285.0,284.2,284.3,240354
2026-04-07 06:30:00,284.35,284.35,283.8,283.95,223153
2026-04-07 06:35:00,283.95,284.4,283.8,284.4,223825
2026-04-07 06:40:00,284.25,284.5,284.15,284.35,334264
2026-04-07 06:45:00,284.35,284.5,283.9,284.0,184963
2026-04-07 06:50:00,284.0,284.05,283.4,283.65,304158
2026-04-07 06:55:00,283.6,284.1,283.45,283.9,287948
2026-04-07 07:00:00,283.95,284.15,283.45,283.6,154722
2026-04-07 07:05:00,283.75,283.8,283.6,283.75,284069
2026-04-07 07:10:00,283.7,284.45,283.65,284.4,238304
2026-04-07 07:15:00,284.4,284.5,284.25,284.3,151305
2026-04-07 07:20:00,284.4,285.0,284.1,285.0,470361
2026-04-07 07:25:00,285.0,285.5,284.8,285.0,248577
2026-04-07 07:30:00,285.1,285.35,284.55,285.25,197422
2026-04-07 07:35:00,285.3,285.45,285.0,285.15,161483
2026-04-07 07:40:00,285.15,285.7,285.0,285.55,203167
2026-04-07 07:45:00,285.55,285.65,285.1,285.6,212688
2026-04-07 07:50:00,285.65,285.7,285.35,285.6,144954
2026-04-07 07:55:00,285.65,285.7,285.4,285.6,142086
2026-04-07 08:00:00,285.6,286.45,285.5,286.05,305183
2026-04-07 08:05:00,286.0,286.25,285.75,286.25,168476
2026-04-07 08:10:00,286.25,286.75,286.05,286.6,313016
2026-04-07 08:15:00,286.7,286.8,286.5,286.75,153290
2026-04-07 08:20:00,286.8,287.15,286.6,286.8,339029
2026-04-07 08:25:00,286.85,287.0,286.05,286.75,244362
2026-04-07 08:30:00,286.65,286.95,286.5,286.75,212519
2026-04-07 08:35:00,286.75,286.9,286.25,286.35,237059
2026-04-07 08:40:00,286.4,286.5,286.0,286.35,229179
2026-04-07 08:45:00,286.2,286.45,286.1,286.15,205853
2026-04-07 08:50:00,286.2,286.2,285.75,285.8,240153
2026-04-07 08:55:00,285.8,286.3,285.75,286.25,319319
2026-04-07 09:00:00,286.25,286.4,286.0,286.1,205104
2026-04-07 09:05:00,286.1,286.1,285.55,285.7,298596
2026-04-07 09:10:00,285.8,286.25,285.75,285.85,320003
2026-04-07 09:15:00,285.95,286.2,285.75,286.0,208424
2026-04-07 09:20:00,286.05,286.25,285.95,285.95,212345
2026-04-07 09:25:00,286.1,286.75,286.05,286.5,377331
2026-04-07 09:30:00,286.45,287.2,286.45,287.2,727472
2026-04-07 09:35:00,287.1,287.55,286.55,286.75,774146
2026-04-07 09:40:00,286.7,286.9,286.0,286.45,764917
2026-04-07 09:45:00,286.5,286.6,285.95,286.25,926302
2026-04-07 09:50:00,286.3,286.5,286.0,286.4,745084
2026-04-07 09:55:00,286.5,287.05,286.1,286.5,755315
2026-04-08 03:45:00,280.0,280.0,274.75,275.0,3201982
2026-04-08 03:50:00,274.9,278.0,274.85,277.95,1849476
2026-04-08 03:55:00,277.95,279.1,277.35,278.5,2110569
2026-04-08 04:00:00,278.4,280.2,278.4,279.25,1931398
2026-04-08 04:05:00,279.25,281.55,279.25,281.2,2171409
2026-04-08 04:10:00,281.25,281.6,278.45,279.1,2418168
2026-04-08 04:15:00,279.15,280.0,278.55,279.75,1521381
2026-04-08 04:20:00,279.7,279.9,279.05,279.1,418185
2026-04-08 04:25:00,279.1,279.3,277.55,278.55,980410
2026-04-08 04:30:00,278.5,279.0,278.2,278.35,494338
2026-04-08 04:35:00,278.35,278.65,278.2,278.3,898948
2026-04-08 04:40:00,278.3,278.3,276.9,277.85,795735
2026-04-08 04:45:00,277.35,278.1,277.35,277.95,362895
2026-04-08 04:50:00,277.85,278.15,277.75,277.85,275321
2026-04-08 04:55:00,277.9,278.0,277.8,277.9,367819
2026-04-08 05:00:00,277.9,277.9,277.8,277.8,202305
2026-04-08 05:05:00,277.8,278.55,277.8,278.3,426516
2026-04-08 05:10:00,278.2,278.65,278.0,278.25,370381
2026-04-08 05:15:00,278.3,278.35,276.8,278.2,1279784
2026-04-08 05:20:00,278.2,279.75,278.15,279.6,658632
2026-04-08 05:25:00,279.45,279.45,278.35,278.7,369647
2026-04-08 05:30:00,278.75,279.4,278.6,279.1,292783
2026-04-08 05:35:00,279.0,279.4,278.7,278.8,242988
2026-04-08 05:40:00,278.85,279.75,278.7,279.4,277890
2026-04-08 05:45:00,279.5,280.7,279.45,280.35,431065
2026-04-08 05:50:00,280.35,280.65,280.05,280.5,245191
2026-04-08 05:55:00,280.45,280.9,280.3,280.85,381713
2026-04-08 06:00:00,280.9,281.35,280.65,281.0,386534
2026-04-08 06:05:00,281.1,282.2,280.9,281.9,514230
2026-04-08 06:10:00,281.9,282.3,281.75,281.8,202198
2026-04-08 06:15:00,281.9,282.1,280.85,281.3,305095
2026-04-08 06:20:00,281.45,281.5,280.65,281.2,292018
2026-04-08 06:25:00,281.15,281.95,281.15,281.8,132010
2026-04-08 06:30:00,281.85,282.7,281.8,282.3,260254
2026-04-08 06:35:00,282.35,282.6,281.8,281.95,225142
2026-04-08 06:40:00,282.0,282.5,281.85,282.45,130799
2026-04-08 06:45:00,282.45,282.5,281.45,281.5,233544
2026-04-08 06:50:00,281.5,281.95,281.5,281.6,133946
2026-04-08 06:55:00,281.55,281.75,281.05,281.2,217551
2026-04-08 07:00:00,281.25,281.65,281.15,281.35,192773
2026-04-08 07:05:00,281.4,282.8,281.2,282.8,396092
2026-04-08 07:10:00,282.6,283.15,282.3,282.45,356101
2026-04-08 07:15:00,282.5,283.0,282.3,283.0,173116
2026-04-08 07:20:00,282.95,283.0,282.35,282.4,124722
2026-04-08 07:25:00,282.4,283.35,282.35,283.35,233802
2026-04-08 07:30:00,283.4,284.3,283.15,284.2,557449
2026-04-08 07:35:00,284.15,285.2,284.0,284.7,672932
2026-04-08 07:40:00,284.7,286.1,284.4,286.0,849801
2026-04-08 07:45:00,286.1,287.85,286.0,286.6,1462712
2026-04-08 07:50:00,286.65,287.0,286.35,287.0,309308
2026-04-08 07:55:00,286.9,287.2,285.9,286.6,405048
2026-04-08 08:00:00,286.4,286.6,285.8,286.3,228111
2026-04-08 08:05:00,286.35,286.85,285.75,286.2,574883
2026-04-08 08:10:00,286.25,286.3,285.15,285.3,257156
2026-04-08 08:15:00,285.3,285.9,285.15,285.35,195890
2026-04-08 08:20:00,285.4,285.7,285.05,285.1,306393
2026-04-08 08:25:00,285.25,286.55,285.25,286.5,454806
2026-04-08 08:30:00,286.5,286.6,286.0,286.05,183328
2026-04-08 08:35:00,286.1,286.15,285.4,285.6,168050
2026-04-08 08:40:00,285.55,285.8,285.3,285.6,249083
2026-04-08 08:45:00,285.5,285.55,284.75,284.85,378678
2026-04-08 08:50:00,284.9,285.55,284.8,285.3,491444
2026-04-08 08:55:00,285.3,285.35,284.45,284.9,230892
2026-04-08 09:00:00,285.0,285.4,284.65,284.85,191107
2026-04-08 09:05:00,284.95,285.4,284.85,285.0,186696
2026-04-08 09:10:00,285.0,285.8,284.85,285.7,295911
2026-04-08 09:15:00,285.7,286.5,285.3,285.7,373765
2026-04-08 09:20:00,285.75,286.05,285.6,286.0,128726
2026-04-08 09:25:00,285.95,286.0,285.45,285.6,136309
2026-04-08 09:30:00,285.7,286.0,285.25,286.0,342205
2026-04-08 09:35:00,286.0,286.25,285.9,286.0,245191
2026-04-08 09:40:00,286.0,286.0,285.2,285.55,566299
2026-04-08 09:45:00,285.6,285.75,284.9,284.95,534713
2026-04-08 09:50:00,284.9,285.75,284.8,285.45,796213
2026-04-08 09:55:00,285.55,286.15,285.4,285.85,566847
2026-04-09 03:45:00,284.9,287.5,284.9,285.8,662638
2026-04-09 03:50:00,285.9,286.45,285.55,286.35,350532
2026-04-09 03:55:00,286.15,287.25,286.0,287.25,170330
2026-04-09 04:00:00,287.25,288.2,286.65,287.65,390173
2026-04-09 04:05:00,287.8,288.75,287.25,287.4,386942
2026-04-09 04:10:00,287.4,287.4,286.9,287.05,161171
2026-04-09 04:15:00,287.1,287.15,286.45,286.45,131198
2026-04-09 04:20:00,286.45,287.45,286.4,287.3,145375
2026-04-09 04:25:00,287.25,288.6,287.05,288.5,413319
2026-04-09 04:30:00,288.55,288.9,288.0,288.5,243080
2026-04-09 04:35:00,288.5,288.75,288.3,288.5,175771
2026-04-09 04:40:00,288.75,288.9,288.05,288.2,155395
2026-04-09 04:45:00,287.9,288.1,287.65,287.95,77614
2026-04-09 04:50:00,287.85,288.0,287.75,287.75,66259
2026-04-09 04:55:00,287.7,288.55,287.25,288.5,235930
2026-04-09 05:00:00,288.6,289.0,288.55,288.9,215143
2026-04-09 05:05:00,288.9,289.0,288.4,288.9,147194
2026-04-09 05:10:00,288.9,289.3,288.9,289.1,173210
2026-04-09 05:15:00,289.2,289.2,288.3,288.4,167196
2026-04-09 05:20:00,288.5,288.75,288.3,288.7,79097
2026-04-09 05:25:00,288.8,288.9,287.2,287.7,265001
2026-04-09 05:30:00,287.8,287.9,287.15,287.35,112312
2026-04-09 05:35:00,287.35,287.5,287.15,287.35,81558
2026-04-09 05:40:00,287.4,287.5,287.15,287.3,72560
2026-04-09 05:45:00,287.45,287.5,287.0,287.05,133675
2026-04-09 05:50:00,287.1,287.3,287.0,287.0,105076
2026-04-09 05:55:00,287.0,287.3,286.85,287.2,87997
2026-04-09 06:00:00,287.15,287.65,287.05,287.3,140904
2026-04-09 06:05:00,287.4,287.5,287.15,287.4,68712
2026-04-09 06:10:00,287.5,287.5,287.15,287.15,158512
2026-04-09 06:15:00,287.15,287.3,286.6,287.2,153279
2026-04-09 06:20:00,287.3,287.5,287.2,287.35,68544
2026-04-09 06:25:00,287.35,287.45,287.15,287.25,61172
2026-04-09 06:30:00,287.25,287.4,287.2,287.2,45030
2026-04-09 06:35:00,287.25,288.45,287.2,288.15,211593
2026-04-09 06:40:00,288.2,288.25,288.0,288.05,120121
2026-04-09 06:45:00,288.1,288.35,288.05,288.15,101953
2026-04-09 06:50:00,288.2,288.4,288.2,288.25,82681
2026-04-09 06:55:00,288.2,288.7,288.05,288.5,228574
2026-04-09 07:00:00,288.5,288.55,288.4,288.5,72111
2026-04-09 07:05:00,288.55,288.95,288.5,288.95,147744
2026-04-09 07:10:00,288.9,289.45,288.9,289.3,315502
2026-04-09 07:15:00,289.3,289.6,289.0,289.1,184340
2026-04-09 07:20:00,289.05,289.5,289.0,289.35,130270
2026-04-09 07:25:00,289.45,289.55,289.1,289.2,111119
2026-04-09 07:30:00,289.2,289.4,289.1,289.2,87828
2026-04-09 07:35:00,289.25,289.25,288.95,289.0,98922
2026-04-09 07:40:00,289.1,289.35,288.6,289.2,130780
2026-04-09 07:45:00,289.2,289.35,288.8,288.8,96356
2026-04-09 07:50:00,288.8,288.9,288.4,288.75,146731
2026-04-09 07:55:00,288.75,289.0,288.6,288.75,108440
2026-04-09 08:00:00,288.8,289.0,288.6,288.85,96063
2026-04-09 08:05:00,288.8,288.95,288.8,288.85,66917
2026-04-09 08:10:00,288.95,289.0,288.5,288.55,100684
2026-04-09 08:15:00,288.55,288.9,288.55,288.8,63003
2026-04-09 08:20:00,288.8,288.9,288.55,288.55,120732
2026-04-09 08:25:00,288.6,288.6,288.35,288.45,94777
2026-04-09 08:30:00,288.5,288.95,288.45,288.9,88587
2026-04-09 08:35:00,288.85,289.0,288.7,288.9,92941
2026-04-09 08:40:00,289.0,289.0,288.5,288.65,107273
2026-04-09 08:45:00,288.7,288.75,288.5,288.65,81628
2026-04-09 08:50:00,288.65,288.9,288.5,288.55,90741
2026-04-09 08:55:00,288.45,288.8,288.45,288.45,140216
2026-04-09 09:00:00,288.45,289.8,288.45,289.2,336549
2026-04-09 09:05:00,289.2,289.4,288.75,289.0,142444
2026-04-09 09:10:00,289.1,289.25,288.95,289.1,88243
2026-04-09 09:15:00,289.05,289.2,288.75,288.75,156931
2026-04-09 09:20:00,288.85,289.2,288.75,289.0,109636
2026-04-09 09:25:00,289.1,289.2,288.9,289.0,121093
2026-04-09 09:30:00,288.95,289.15,288.95,289.0,409964
2026-04-09 09:35:00,289.0,289.15,288.4,288.45,481967
2026-04-09 09:40:00,288.45,288.5,288.05,288.1,417857
2026-04-09 09:45:00,288.1,288.75,288.1,288.55,549827
2026-04-09 09:50:00,288.45,288.95,288.0,288.85,632469
2026-04-09 09:55:00,288.85,289.3,288.5,288.6,449201
2026-04-10 03:45:00,288.6,291.85,288.6,290.65,815280
2026-04-10 03:50:00,290.6,291.3,290.3,290.75,342982
2026-04-10 03:55:00,290.85,291.05,289.6,289.65,288237
2026-04-10 04:00:00,289.8,289.8,289.1,289.5,381707
2026-04-10 04:05:00,289.35,290.5,288.85,290.5,303851
2026-04-10 04:10:00,290.4,290.5,289.55,289.6,158449
2026-04-10 04:15:00,289.7,290.45,289.65,290.1,137589
2026-04-10 04:20:00,290.15,290.5,289.9,290.35,243207
2026-04-10 04:25:00,290.4,290.7,289.7,289.8,194852
2026-04-10 04:30:00,289.95,290.0,289.5,289.6,147225
2026-04-10 04:35:00,289.65,289.7,288.85,289.2,212861
2026-04-10 04:40:00,289.2,289.55,288.8,289.1,155935
2026-04-10 04:45:00,289.15,289.2,288.45,288.8,199342
2026-04-10 04:50:00,288.7,289.0,288.3,288.35,130233
2026-04-10 04:55:00,288.35,288.9,287.65,287.8,221688
2026-04-10 05:00:00,287.9,288.2,287.3,287.95,165316
2026-04-10 05:05:00,287.8,288.0,287.65,287.9,122875
2026-04-10 05:10:00,287.8,288.4,287.75,288.0,146943
2026-04-10 05:15:00,287.85,288.5,287.85,288.4,114216
2026-04-10 05:20:00,288.35,288.45,288.1,288.2,88365
2026-04-10 05:25:00,288.2,288.45,287.25,287.35,240089
2026-04-10 05:30:00,287.45,287.7,287.1,287.4,125957
2026-04-10 05:35:00,287.25,288.0,287.25,287.9,125139
2026-04-10 05:40:00,287.8,288.35,287.75,288.1,93258
2026-04-10 05:45:00,288.1,289.2,288.1,289.0,208598
2026-04-10 05:50:00,289.1,289.15,288.35,288.6,105916
2026-04-10 05:55:00,288.6,288.6,288.25,288.45,104920
2026-04-10 06:00:00,288.45,288.85,288.4,288.7,132247
2026-04-10 06:05:00,288.7,288.85,288.35,288.8,109037
2026-04-10 06:10:00,288.8,288.95,288.6,288.95,87896
2026-04-10 06:15:00,288.75,288.95,288.35,288.8,120708
2026-04-10 06:20:00,288.7,289.15,288.7,289.0,127436
2026-04-10 06:25:00,289.1,289.25,289.0,289.1,76294
2026-04-10 06:30:00,289.1,289.6,289.1,289.45,119214
2026-04-10 06:35:00,289.55,289.6,289.15,289.45,87373
2026-04-10 06:40:00,289.4,289.55,289.25,289.55,79664
2026-04-10 06:45:00,289.5,289.75,289.4,289.55,103095
2026-04-10 06:50:00,289.65,289.7,289.25,289.7,101909
2026-04-10 06:55:00,289.7,289.7,289.15,289.6,109649
2026-04-10 07:00:00,289.55,289.7,289.3,289.3,110980
2026-04-10 07:05:00,289.45,289.7,289.3,289.45,102106
2026-04-10 07:10:00,289.55,289.6,289.05,289.1,109712
2026-04-10 07:15:00,289.3,289.5,288.75,289.35,122511
2026-04-10 07:20:00,289.35,289.5,288.9,289.2,104897
2026-04-10 07:25:00,289.05,289.25,288.7,288.75,108773
2026-04-10 07:30:00,288.85,289.1,288.7,288.95,82406
2026-04-10 07:35:00,288.9,289.1,288.7,289.0,50627
2026-04-10 07:40:00,288.9,289.1,288.25,288.35,158610
2026-04-10 07:45:00,288.5,288.5,287.3,287.3,129309
2026-04-10 07:50:00,287.45,287.55,286.75,287.05,188751
2026-04-10 07:55:00,287.05,287.3,286.2,286.6,186402
2026-04-10 08:00:00,286.5,286.65,286.0,286.05,112635
2026-04-10 08:05:00,286.0,286.4,285.8,286.4,85322
2026-04-10 08:10:00,286.4,286.9,286.1,286.3,136755
2026-04-10 08:15:00,286.4,286.6,285.85,286.2,151066
2026-04-10 08:20:00,286.2,286.7,286.05,286.6,55269
2026-04-10 08:25:00,286.55,286.75,286.3,286.3,182443
2026-04-10 08:30:00,286.35,286.45,286.0,286.05,121578
2026-04-10 08:35:00,286.1,286.6,286.05,286.6,104874
2026-04-10 08:40:00,286.55,286.65,285.65,286.0,142954
2026-04-10 08:45:00,285.95,286.4,284.55,286.25,353069
2026-04-10 08:50:00,286.2,286.45,285.8,285.95,191985
2026-04-10 08:55:00,285.9,286.0,285.55,285.85,106727
2026-04-10 09:00:00,285.9,286.05,285.75,285.95,117043
2026-04-10 09:05:00,285.85,285.95,285.6,285.6,84609
2026-04-10 09:10:00,285.5,286.0,285.3,285.95,264751
2026-04-10 09:15:00,285.95,286.05,285.45,286.0,305993
2026-04-10 09:20:00,285.95,286.2,285.85,285.95,116818
2026-04-10 09:25:00,286.0,286.35,285.9,286.15,138982
2026-04-10 09:30:00,286.2,286.6,286.15,286.45,235596
2026-04-10 09:35:00,286.45,286.9,286.4,286.9,274595
2026-04-10 09:40:00,286.85,287.0,286.75,286.85,247344
2026-04-10 09:45:00,286.8,287.0,286.65,286.75,260169
2026-04-10 09:50:00,286.85,286.95,285.9,286.1,417061
2026-04-10 09:55:00,286.1,286.75,285.9,286.7,359296
2026-04-13 03:45:00,287.2,290.3,287.2,289.85,2889192
2026-04-13 03:50:00,289.9,289.95,283.75,284.3,2198087
2026-04-13 03:55:00,284.35,284.4,283.0,283.15,930148
2026-04-13 04:00:00,283.05,283.7,282.3,282.55,920855
2026-04-13 04:05:00,282.55,282.55,281.5,281.85,523449
2026-04-13 04:10:00,281.8,282.25,281.3,281.85,382300
2026-04-13 04:15:00,281.85,281.95,281.0,281.4,434438
2026-04-13 04:20:00,281.4,281.45,281.05,281.25,212919
2026-04-13 04:25:00,281.2,282.35,281.2,282.0,308376
2026-04-13 04:30:00,282.25,282.25,281.25,281.6,283404
2026-04-13 04:35:00,281.65,283.9,281.45,283.7,813143
2026-04-13 04:40:00,283.75,283.85,283.15,283.15,343529
2026-04-13 04:45:00,283.2,283.9,283.05,283.45,252825
2026-04-13 04:50:00,283.55,284.65,283.45,284.65,346915
2026-04-13 04:55:00,284.65,285.8,284.5,285.7,628744
2026-04-13 05:00:00,285.75,286.25,285.5,286.1,504847
2026-04-13 05:05:00,285.95,286.35,284.15,284.6,456185
2026-04-13 05:10:00,284.55,284.85,283.8,284.25,209830
2026-04-13 05:15:00,284.1,284.35,283.8,284.15,204100
2026-04-13 05:20:00,284.15,284.3,283.9,284.3,89274
2026-04-13 05:25:00,284.3,284.8,284.05,284.55,98195
2026-04-13 05:30:00,284.55,284.7,284.4,284.55,68104
2026-04-13 05:35:00,284.55,284.6,284.15,284.5,151802
2026-04-13 05:40:00,284.5,284.8,284.2,284.45,80871
2026-04-13 05:45:00,284.45,284.75,284.35,284.7,58309
2026-04-13 05:50:00,284.65,285.0,284.35,284.85,134285
2026-04-13 05:55:00,284.95,285.35,284.75,284.95,109689
2026-04-13 06:00:00,284.95,284.95,284.5,284.75,77719
2026-04-13 06:05:00,284.7,284.95,284.45,284.8,95773
2026-04-13 06:10:00,284.7,284.85,284.2,284.35,74468
2026-04-13 06:15:00,284.35,284.55,284.2,284.3,52671
2026-04-13 06:20:00,284.2,284.9,284.2,284.8,92238
2026-04-13 06:25:00,284.8,285.0,284.4,284.85,107690
2026-04-13 06:30:00,284.85,285.05,284.6,285.05,133778
2026-04-13 06:35:00,285.05,285.75,285.0,285.3,140422
2026-04-13 06:40:00,285.3,285.3,284.9,285.25,74521
2026-04-13 06:45:00,285.25,285.5,285.0,285.1,81779
2026-04-13 06:50:00,285.15,285.5,285.0,285.4,46147
2026-04-13 06:55:00,285.45,285.95,285.3,285.8,88534
2026-04-13 07:00:00,285.8,286.35,285.75,286.0,339085
2026-04-13 07:05:00,286.05,286.5,285.95,286.4,298030
2026-04-13 07:10:00,286.4,286.45,286.1,286.15,110447
2026-04-13 07:15:00,286.15,286.4,286.0,286.0,144674
2026-04-13 07:20:00,286.15,286.15,285.65,285.8,101557
2026-04-13 07:25:00,285.9,286.4,285.4,286.35,125904
2026-04-13 07:30:00,286.35,286.35,285.7,286.0,62942
2026-04-13 07:35:00,286.0,286.3,286.0,286.05,54557
2026-04-13 07:40:00,286.15,286.15,285.65,285.8,70997
2026-04-13 07:45:00,285.95,285.95,285.6,285.9,48545
2026-04-13 07:50:00,285.9,285.9,285.65,285.85,31291
2026-04-13 07:55:00,285.8,285.95,285.5,285.85,36413
2026-04-13 08:00:00,285.65,286.55,285.65,286.3,196164
2026-04-13 08:05:00,286.3,286.4,286.05,286.4,63283
2026-04-13 08:10:00,286.2,286.5,286.2,286.3,63477
2026-04-13 08:15:00,286.35,286.4,285.5,285.7,410813
2026-04-13 08:20:00,285.75,286.4,285.5,286.4,96410
2026-04-13 08:25:00,286.25,286.75,286.2,286.65,104264
2026-04-13 08:30:00,286.65,287.4,286.55,287.35,221477
2026-04-13 08:35:00,287.35,287.8,287.1,287.2,280926
2026-04-13 08:40:00,287.05,287.05,286.3,286.55,252331
2026-04-13 08:45:00,286.7,286.7,286.3,286.5,143374
2026-04-13 08:50:00,286.5,286.7,286.25,286.65,134255
2026-04-13 08:55:00,286.7,287.05,286.6,286.9,133060
2026-04-13 09:00:00,286.9,287.1,286.7,286.75,105232
2026-04-13 09:05:00,286.75,287.15,286.65,287.0,150438
2026-04-13 09:10:00,286.9,287.35,286.9,287.2,187449
2026-04-13 09:15:00,287.2,287.3,286.9,287.15,174102
2026-04-13 09:20:00,287.3,287.9,287.05,287.65,286816
2026-04-13 09:25:00,287.65,287.95,287.6,287.85,332628
2026-04-13 09:30:00,287.85,287.9,286.85,287.55,910827
2026-04-13 09:35:00,287.6,288.0,287.35,287.7,1057939
2026-04-13 09:40:00,287.7,288.0,287.5,287.8,560112
2026-04-13 09:45:00,287.8,287.9,287.05,287.2,515181
2026-04-13 09:50:00,287.1,287.75,287.05,287.35,624488
2026-04-13 09:55:00,287.4,287.7,286.9,287.05,666466
2026-04-15 03:45:00,284.05,286.8,283.35,286.3,1164725
2026-04-15 03:50:00,286.3,286.5,285.15,285.95,376290
2026-04-15 03:55:00,285.85,286.2,285.55,285.7,394281
2026-04-15 04:00:00,285.7,285.95,285.0,285.2,348711
2026-04-15 04:05:00,285.2,286.2,285.15,285.9,283274
2026-04-15 04:10:00,285.9,286.45,285.85,286.1,162222
2026-04-15 04:15:00,286.1,286.25,285.75,286.25,88049
2026-04-15 04:20:00,286.25,286.5,285.9,286.15,140119
2026-04-15 04:25:00,286.0,286.55,286.0,286.5,130549
2026-04-15 04:30:00,286.4,287.95,286.35,287.85,422101
2026-04-15 04:35:00,287.7,288.1,287.1,287.2,361832
2026-04-15 04:40:00,287.15,287.35,286.8,286.9,175424
2026-04-15 04:45:00,286.95,287.25,286.8,287.15,386201
2026-04-15 04:50:00,287.2,287.4,287.1,287.2,102869
2026-04-15 04:55:00,287.25,288.0,287.25,287.85,206911
2026-04-15 05:00:00,287.75,287.95,287.35,287.4,100221
2026-04-15 05:05:00,287.45,287.55,287.0,287.15,75960
2026-04-15 05:10:00,287.2,287.5,286.9,286.95,103430
2026-04-15 05:15:00,286.9,287.35,286.9,287.3,59438
2026-04-15 05:20:00,287.35,287.35,286.9,287.1,62557
2026-04-15 05:25:00,287.05,287.1,286.9,287.0,50217
2026-04-15 05:30:00,287.0,287.25,286.6,287.0,163309
2026-04-15 05:35:00,286.95,287.3,286.95,287.15,63901
2026-04-15 05:40:00,287.15,287.35,287.1,287.3,44351
2026-04-15 05:45:00,287.35,287.55,287.05,287.05,98381
2026-04-15 05:50:00,287.15,287.4,287.05,287.35,58363
2026-04-15 05:55:00,287.4,287.45,287.1,287.25,52477
2026-04-15 06:00:00,287.3,287.45,287.2,287.3,46659
2026-04-15 06:05:00,287.35,287.6,287.3,287.6,95338
2026-04-15 06:10:00,287.65,288.35,287.6,288.3,251517
2026-04-15 06:15:00,288.2,288.9,288.05,288.65,332646
2026-04-15 06:20:00,288.75,288.8,288.5,288.55,131379
2026-04-15 06:25:00,288.55,289.3,288.5,289.1,324049
2026-04-15 06:30:00,289.15,289.4,289.1,289.15,139336
2026-04-15 06:35:00,289.15,289.15,288.7,289.0,144547
2026-04-15 06:40:00,288.95,289.2,288.5,288.6,129324
2026-04-15 06:45:00,288.65,288.65,288.1,288.25,158773
2026-04-15 06:50:00,288.1,288.3,287.8,287.9,172359
2026-04-15 06:55:00,287.9,288.5,287.7,288.5,277070
2026-04-15 07:00:00,288.45,288.65,288.25,288.6,119743
2026-04-15 07:05:00,288.65,288.85,288.6,288.8,125773
2026-04-15 07:10:00,288.75,289.0,288.6,288.9,156892
2026-04-15 07:15:00,288.85,289.0,288.65,288.9,90726
2026-04-15 07:20:00,288.85,289.0,288.75,288.85,110882
2026-04-15 07:25:00,288.9,288.9,288.75,288.8,92883
2026-04-15 07:30:00,288.8,289.2,288.75,288.95,183515
2026-04-15 07:35:00,289.0,289.2,288.95,289.1,105400
2026-04-15 07:40:00,289.05,289.15,288.85,289.0,107027
2026-04-15 07:45:00,289.0,289.15,288.9,289.0,99384
2026-04-15 07:50:00,289.0,289.15,288.7,288.85,152924
2026-04-15 07:55:00,288.8,288.95,288.65,288.7,98580
2026-04-15 08:00:00,288.75,288.9,288.6,288.7,107472
2026-04-15 08:05:00,288.7,288.85,288.4,288.5,103232
2026-04-15 08:10:00,288.5,288.85,288.45,288.8,82805
2026-04-15 08:15:00,288.75,288.8,288.6,288.7,95584
2026-04-15 08:20:00,288.75,289.4,288.6,289.3,286470
2026-04-15 08:25:00,289.4,289.8,289.3,289.6,219453
2026-04-15 08:30:00,289.65,289.7,289.05,289.1,136967
2026-04-15 08:35:00,289.05,289.1,288.05,288.15,1158608
2026-04-15 08:40:00,288.15,288.2,287.05,287.1,293335
2026-04-15 08:45:00,287.15,287.3,287.05,287.2,130822
2026-04-15 08:50:00,287.1,287.2,286.9,287.0,183855
2026-04-15 08:55:00,287.05,287.4,286.9,286.95,129907
2026-04-15 09:00:00,286.9,287.15,286.8,286.8,95854
2026-04-15 09:05:00,286.85,286.95,286.45,286.75,231586
2026-04-15 09:10:00,286.8,287.2,286.75,287.05,80111
2026-04-15 09:15:00,287.1,287.4,286.9,287.35,156974
2026-04-15 09:20:00,287.4,287.65,287.3,287.55,120251
2026-04-15 09:25:00,287.55,287.9,287.4,287.8,162508
2026-04-15 09:30:00,287.85,287.95,287.4,287.65,554657
2026-04-15 09:35:00,287.7,288.05,287.5,287.5,580124
2026-04-15 09:40:00,287.55,287.7,287.3,287.3,334923
2026-04-15 09:45:00,287.4,287.45,287.05,287.05,402325
2026-04-15 09:50:00,287.15,287.65,287.1,287.55,828262
2026-04-15 09:55:00,287.5,288.1,287.0,287.5,586378
2026-04-16 03:45:00,288.0,288.1,285.35,286.45,641017
2026-04-16 03:50:00,286.6,286.9,286.1,286.4,296412
2026-04-16 03:55:00,286.3,286.8,286.25,286.6,201581
2026-04-16 04:00:00,286.75,287.2,286.55,286.7,197183
2026-04-16 04:05:00,286.85,287.25,286.55,287.1,120564
2026-04-16 04:10:00,287.1,287.25,286.55,286.75,80812
2026-04-16 04:15:00,286.8,287.25,286.6,286.6,120175
2026-04-16 04:20:00,286.6,286.95,286.3,286.3,117708
2026-04-16 04:25:00,286.4,286.6,285.6,286.1,218160
2026-04-16 04:30:00,286.0,286.4,285.95,286.4,94065
2026-04-16 04:35:00,286.35,286.4,285.8,286.1,107716
2026-04-16 04:40:00,286.0,286.2,285.9,285.95,107524
2026-04-16 04:45:00,286.0,286.05,285.75,285.85,62897
2026-04-16 04:50:00,285.85,286.5,285.8,286.2,65238
2026-04-16 04:55:00,286.2,286.35,286.1,286.35,50157
2026-04-16 05:00:00,286.35,286.35,286.0,286.3,46049
2026-04-16 05:05:00,286.25,286.45,284.65,284.85,487679
2026-04-16 05:10:00,284.85,285.0,284.8,284.9,99981
2026-04-16 05:15:00,284.9,285.0,284.55,284.6,194388
2026-04-16 05:20:00,284.65,284.8,284.0,284.65,664177
2026-04-16 05:25:00,284.5,284.75,284.2,284.45,733524
2026-04-16 05:30:00,284.5,284.7,284.3,284.5,447178
2026-04-16 05:35:00,284.5,284.55,284.1,284.3,98694
2026-04-16 05:40:00,284.3,284.35,283.8,283.9,224027
2026-04-16 05:45:00,283.8,284.1,283.8,284.1,153330
2026-04-16 05:50:00,284.1,284.25,283.9,284.1,144200
2026-04-16 05:55:00,284.1,284.2,283.9,284.15,85603
2026-04-16 06:00:00,284.15,284.15,283.85,283.9,116756
2026-04-16 06:05:00,283.9,283.95,283.7,283.8,69889
2026-04-16 06:10:00,283.75,284.05,283.7,283.8,70667
2026-04-16 06:15:00,283.7,283.95,283.5,283.9,182140
2026-04-16 06:20:00,283.9,284.15,283.9,284.15,78430
2026-04-16 06:25:00,284.1,284.15,283.6,283.65,79854
2026-04-16 06:30:00,283.65,283.65,283.4,283.5,367490
2026-04-16 06:35:00,283.5,283.65,283.4,283.6,116285
2026-04-16 06:40:00,283.6,283.75,282.85,283.05,1509843
2026-04-16 06:45:00,283.15,283.25,283.05,283.25,63430
2026-04-16 06:50:00,283.15,283.4,283.15,283.15,51945
2026-04-16 06:55:00,283.2,283.25,283.1,283.1,35363
2026-04-16 07:00:00,283.1,283.4,283.1,283.25,76192
2026-04-16 07:05:00,283.25,283.4,283.15,283.4,48023
2026-04-16 07:10:00,283.4,283.55,283.2,283.25,60705
2026-04-16 07:15:00,283.2,283.6,283.2,283.3,70112
2026-04-16 07:20:00,283.45,283.75,283.3,283.45,191100
2026-04-16 07:25:00,283.45,283.5,283.25,283.3,60274
2026-04-16 07:30:00,283.4,283.45,283.15,283.3,63776
2026-04-16 07:35:00,283.3,283.65,283.3,283.45,80736
2026-04-16 07:40:00,283.35,283.55,283.25,283.4,50051
2026-04-16 07:45:00,283.5,283.65,283.35,283.65,69886
2026-04-16 07:50:00,283.55,283.65,283.05,283.1,102172
2026-04-16 07:55:00,283.15,283.4,283.0,283.15,78826
2026-04-16 08:00:00,283.25,283.55,283.05,283.2,494875
2026-04-16 08:05:00,283.2,283.3,283.0,283.0,51854
2026-04-16 08:10:00,283.05,283.25,283.0,283.0,66168
2026-04-16 08:15:00,283.1,283.25,282.9,282.95,77700
2026-04-16 08:20:00,282.95,283.15,282.35,282.55,166437
2026-04-16 08:25:00,282.55,282.7,282.15,282.2,129977
2026-04-16 08:30:00,282.2,282.4,282.0,282.0,147193
2026-04-16 08:35:00,282.0,282.45,282.0,282.35,73042
2026-04-16 08:40:00,282.4,282.55,282.3,282.4,44545
2026-04-16 08:45:00,282.4,282.5,282.3,282.45,78345
2026-04-16 08:50:00,282.45,282.45,282.05,282.4,138938
2026-04-16 08:55:00,282.25,282.45,282.25,282.35,36033
2026-04-16 09:00:00,282.35,282.85,282.35,282.7,108762
2026-04-16 09:05:00,282.7,283.1,282.7,282.95,130035
2026-04-16 09:10:00,283.05,283.2,282.75,283.05,117807
2026-04-16 09:15:00,283.1,283.3,283.05,283.2,138238
2026-04-16 09:20:00,283.25,283.25,282.9,283.0,131689
2026-04-16 09:25:00,283.0,283.3,283.0,283.1,255447
2026-04-16 09:30:00,283.1,283.15,282.5,282.8,292029
2026-04-16 09:35:00,282.85,282.85,282.6,282.65,140960
2026-04-16 09:40:00,282.7,283.0,282.65,282.65,240386
2026-04-16 09:45:00,282.7,282.8,282.5,282.75,310880
2026-04-16 09:50:00,282.75,282.95,282.6,282.95,273029
2026-04-16 09:55:00,282.95,282.95,282.55,282.8,364300
2026-04-17 03:45:00,283.4,285.0,282.2,284.15,744986
2026-04-17 03:50:00,284.15,284.4,282.8,282.8,311019
2026-04-17 03:55:00,282.75,283.05,282.3,282.85,242178
2026-04-17 04:00:00,282.85,283.25,282.55,283.2,206035
2026-04-17 04:05:00,283.1,283.7,282.85,283.4,179637
2026-04-17 04:10:00,283.55,283.55,283.0,283.1,131097
2026-04-17 04:15:00,283.0,283.5,283.0,283.45,97319
2026-04-17 04:20:00,283.45,283.5,282.3,283.3,595454
2026-04-17 04:25:00,283.3,283.6,283.15,283.6,118772
2026-04-17 04:30:00,283.65,283.95,283.5,283.95,103856
2026-04-17 04:35:00,283.9,283.95,283.4,283.7,186997
2026-04-17 04:40:00,283.6,283.6,282.9,283.1,184646
2026-04-17 04:45:00,283.1,283.5,283.0,283.5,114595
2026-04-17 04:50:00,283.5,283.65,283.35,283.35,76314
2026-04-17 04:55:00,283.4,283.75,283.35,283.75,77686
2026-04-17 05:00:00,283.75,283.85,283.4,283.45,80004
2026-04-17 05:05:00,283.45,283.55,282.95,283.5,184530
2026-04-17 05:10:00,283.55,283.55,283.2,283.3,82097
2026-04-17 05:15:00,283.3,283.3,282.8,282.95,109620
2026-04-17 05:20:00,282.95,283.2,282.8,283.2,122998
2026-04-17 05:25:00,283.2,283.5,283.0,283.4,885115
2026-04-17 05:30:00,283.45,283.6,283.1,283.3,57327
2026-04-17 05:35:00,283.3,283.55,283.2,283.5,46748
2026-04-17 05:40:00,283.55,283.7,283.25,283.25,74176
2026-04-17 05:45:00,283.4,283.6,283.25,283.55,38200
2026-04-17 05:50:00,283.55,283.6,283.3,283.5,63555
2026-04-17 05:55:00,283.5,283.6,283.3,283.45,58443
2026-04-17 06:00:00,283.45,283.55,283.25,283.35,96638
2026-04-17 06:05:00,283.45,283.7,283.35,283.65,44981
2026-04-17 06:10:00,283.65,284.15,283.45,284.1,655325
2026-04-17 06:15:00,284.05,284.5,283.75,284.4,669635
2026-04-17 06:20:00,284.3,284.7,284.25,284.7,654060
2026-04-17 06:25:00,284.65,284.7,284.0,284.15,79450
2026-04-17 06:30:00,284.1,284.25,283.55,283.95,938934
2026-04-17 06:35:00,283.95,284.4,283.9,284.25,64303
2026-04-17 06:40:00,284.2,284.45,284.0,284.45,65007
2026-04-17 06:45:00,284.45,284.55,283.9,284.05,115842
2026-04-17 06:50:00,284.05,284.5,283.95,284.25,536474
2026-04-17 06:55:00,284.4,284.6,284.05,284.4,183208
2026-04-17 07:00:00,284.35,284.75,284.2,284.65,157334
2026-04-17 07:05:00,284.75,284.75,284.4,284.55,72469
2026-04-17 07:10:00,284.55,284.65,284.4,284.6,63085
2026-04-17 07:15:00,284.6,284.7,284.3,284.5,121960
2026-04-17 07:20:00,284.5,284.6,284.2,284.45,135228
2026-04-17 07:25:00,284.35,284.5,284.15,284.25,135733
2026-04-17 07:30:00,284.3,284.7,284.1,284.6,156479
2026-04-17 07:35:00,284.6,284.75,284.45,284.6,70782
2026-04-17 07:40:00,284.6,284.7,284.3,284.5,109918
2026-04-17 07:45:00,284.5,284.7,284.4,284.7,66274
2026-04-17 07:50:00,284.65,284.95,284.45,284.95,92164
2026-04-17 07:55:00,284.85,284.95,284.5,284.85,546076
2026-04-17 08:00:00,284.85,285.2,284.7,285.2,234822
2026-04-17 08:05:00,285.2,285.3,285.05,285.3,97030
2026-04-17 08:10:00,285.3,285.35,285.05,285.25,301083
2026-04-17 08:15:00,285.25,285.35,285.1,285.3,45094
2026-04-17 08:20:00,285.25,285.3,284.85,285.15,94155
2026-04-17 08:25:00,285.05,285.25,284.9,285.05,99619
2026-04-17 08:30:00,284.9,285.1,284.75,284.85,162926
2026-04-17 08:35:00,284.85,284.95,284.55,284.65,58962
2026-04-17 08:40:00,284.65,284.9,284.5,284.75,125275
2026-04-17 08:45:00,284.75,284.9,284.6,284.9,102336
2026-04-17 08:50:00,284.75,285.15,284.75,285.0,543995
2026-04-17 08:55:00,285.0,285.0,284.5,284.7,154427
2026-04-17 09:00:00,284.75,284.8,284.5,284.65,152579
2026-04-17 09:05:00,284.65,284.9,284.6,284.9,64737
2026-04-17 09:10:00,284.9,285.0,284.8,284.95,78873
2026-04-17 09:15:00,284.95,285.25,284.85,285.15,148678
2026-04-17 09:20:00,285.25,285.5,285.15,285.5,141691
2026-04-17 09:25:00,285.45,285.45,285.05,285.35,90385
2026-04-17 09:30:00,285.25,285.3,284.0,284.05,429863
2026-04-17 09:35:00,284.05,284.15,283.6,284.05,452615
2026-04-17 09:40:00,284.05,284.1,283.85,283.95,514526
2026-04-17 09:45:00,283.95,284.15,283.85,284.05,630819
2026-04-17 09:50:00,284.05,284.2,283.9,284.0,673219
2026-04-17 09:55:00,283.95,284.8,283.45,284.0,943845
2026-04-20 03:45:00,284.0,285.0,282.5,283.3,403848
2026-04-20 03:50:00,283.3,283.95,283.0,283.75,235559
2026-04-20 03:55:00,283.7,284.55,283.55,284.25,297859
2026-04-20 04:00:00,284.25,284.4,283.05,283.15,355449
2026-04-20 04:05:00,283.15,283.4,282.75,283.1,120502
2026-04-20 04:10:00,283.25,283.55,283.05,283.05,70956
2026-04-20 04:15:00,283.05,283.25,282.8,283.15,58429
2026-04-20 04:20:00,283.15,283.15,282.75,283.05,93343
2026-04-20 04:25:00,283.15,283.15,282.75,283.0,66600
2026-04-20 04:30:00,283.0,283.25,282.75,282.8,65810
2026-04-20 04:35:00,282.8,283.15,282.7,283.05,38566
2026-04-20 04:40:00,283.0,283.15,282.85,283.1,56479
2026-04-20 04:45:00,283.05,283.25,282.95,283.2,61120
2026-04-20 04:50:00,283.15,283.65,283.05,283.6,93474
2026-04-20 04:55:00,283.55,283.65,283.3,283.5,34996
2026-04-20 05:00:00,283.5,283.7,283.4,283.6,79449
2026-04-20 05:05:00,283.6,283.65,283.3,283.6,55582
2026-04-20 05:10:00,283.75,283.75,283.3,283.75,60567
2026-04-20 05:15:00,283.7,283.85,283.45,283.7,96194
2026-04-20 05:20:00,283.75,284.0,283.6,284.0,54596
2026-04-20 05:25:00,283.95,284.0,283.75,283.95,34176
2026-04-20 05:30:00,283.95,284.0,283.75,284.0,133337
2026-04-20 05:35:00,284.0,284.25,283.9,284.2,152615
2026-04-20 05:40:00,284.25,284.35,283.9,284.05,44483
2026-04-20 05:45:00,283.9,284.2,283.75,283.9,61860
2026-04-20 05:50:00,284.0,284.1,283.65,283.95,129765
2026-04-20 05:55:00,284.0,284.05,283.85,283.85,60823
2026-04-20 06:00:00,283.95,284.15,283.55,284.15,172993
2026-04-20 06:05:00,284.1,284.1,283.8,284.05,166430
2026-04-20 06:10:00,283.95,284.1,283.85,284.0,61217
2026-04-20 06:15:00,284.0,284.0,283.7,283.75,44805
2026-04-20 06:20:00,283.75,283.95,283.7,283.9,49495
2026-04-20 06:25:00,283.95,284.0,283.8,283.9,64951
2026-04-20 06:30:00,283.9,283.95,283.55,283.7,72412
2026-04-20 06:35:00,283.65,284.0,283.5,283.5,62632
2026-04-20 06:40:00,283.65,283.85,283.45,283.55,70054
2026-04-20 06:45:00,283.9,283.9,283.7,283.8,58724
2026-04-20 06:50:00,283.75,284.0,283.65,283.95,117898
2026-04-20 06:55:00,284.0,284.0,283.7,283.95,101854
2026-04-20 07:00:00,284.0,284.15,283.85,284.0,166011
2026-04-20 07:05:00,284.0,284.05,283.8,284.0,124996
2026-04-20 07:10:00,284.0,284.2,283.55,283.55,302649
2026-04-20 07:15:00,283.65,283.65,283.4,283.55,117490
2026-04-20 07:20:00,283.55,284.0,283.55,283.9,170785
2026-04-20 07:25:00,283.8,284.0,283.8,284.0,115109
2026-04-20 07:30:00,284.0,284.0,283.4,283.8,232856
2026-04-20 07:35:00,283.8,284.0,283.55,283.75,102866
2026-04-20 07:40:00,283.75,283.9,283.6,283.7,82732
2026-04-20 07:45:00,283.85,284.2,283.75,284.1,511096
2026-04-20 07:50:00,284.0,284.8,284.0,284.65,252667
2026-04-20 07:55:00,284.65,285.2,284.6,285.0,322819
2026-04-20 08:00:00,285.05,285.2,284.6,284.8,235734
2026-04-20 08:05:00,284.75,285.0,284.1,284.45,750766
2026-04-20 08:10:00,284.4,284.55,284.15,284.5,107977
2026-04-20 08:15:00,284.55,284.7,284.2,284.4,139938
2026-04-20 08:20:00,284.4,284.5,284.25,284.5,123246
2026-04-20 08:25:00,284.5,284.75,284.15,284.75,90657
2026-04-20 08:30:00,284.7,284.75,284.05,284.1,98590
2026-04-20 08:35:00,284.2,284.2,283.55,283.65,141174
2026-04-20 08:40:00,283.65,283.8,283.55,283.7,82504
2026-04-20 08:45:00,283.7,283.8,283.35,283.5,109243
2026-04-20 08:50:00,283.4,283.75,283.4,283.75,107109
2026-04-20 08:55:00,283.7,284.0,283.65,283.9,77598
2026-04-20 09:00:00,283.85,283.9,283.55,283.9,118518
2026-04-20 09:05:00,283.8,283.95,283.7,283.8,89479
2026-04-20 09:10:00,283.85,284.15,283.8,284.15,160417
2026-04-20 09:15:00,284.2,284.2,283.75,284.0,148842
2026-04-20 09:20:00,284.0,284.1,283.9,284.1,45148
2026-04-20 09:25:00,284.1,284.25,284.0,284.25,73694
2026-04-20 09:30:00,284.25,284.25,283.85,283.9,150094
2026-04-20 09:35:00,283.95,284.0,283.7,283.75,171049
2026-04-20 09:40:00,283.65,283.75,283.35,283.4,281886
2026-04-20 09:45:00,283.4,283.45,282.95,283.2,380219
2026-04-20 09:50:00,283.15,283.35,283.05,283.3,338420
2026-04-20 09:55:00,283.3,283.3,282.5,282.5,429875
2026-04-21 03:45:00,283.15,283.9,282.4,283.3,473390
2026-04-21 03:50:00,283.4,284.2,283.05,284.05,243660
2026-04-21 03:55:00,284.2,284.25,283.4,283.4,226810
2026-04-21 04:00:00,283.55,284.2,283.3,284.05,226277
2026-04-21 04:05:00,284.05,284.4,283.85,283.85,153287
2026-04-21 04:10:00,283.9,284.0,283.6,284.0,124212
2026-04-21 04:15:00,283.95,284.85,283.95,283.95,238729
2026-04-21 04:20:00,284.0,284.4,284.0,284.4,97209
2026-04-21 04:25:00,284.4,284.4,284.15,284.4,63310
2026-04-21 04:30:00,284.4,284.4,284.2,284.4,312742
2026-04-21 04:35:00,284.4,284.4,284.3,284.3,207195
2026-04-21 04:40:00,284.25,284.4,284.25,284.35,65983
2026-04-21 04:45:00,284.35,284.35,284.15,284.15,41808
2026-04-21 04:50:00,284.15,284.4,284.15,284.35,64981
2026-04-21 04:55:00,284.3,284.35,284.15,284.15,42444
2026-04-21 05:00:00,284.2,284.4,283.85,284.05,171570
2026-04-21 05:05:00,284.1,284.25,283.65,283.8,76763
2026-04-21 05:10:00,283.95,283.95,283.7,283.8,55004
2026-04-21 05:15:00,283.9,283.9,283.35,283.6,98830
2026-04-21 05:20:00,283.6,283.7,283.5,283.7,60155
2026-04-21 05:25:00,283.7,283.85,283.65,283.8,63995
2026-04-21 05:30:00,283.8,283.9,283.35,283.9,82804
2026-04-21 05:35:00,283.85,283.95,283.4,283.5,52218
2026-04-21 05:40:00,283.5,283.65,283.45,283.6,31038
2026-04-21 05:45:00,283.6,283.65,283.4,283.5,50084
2026-04-21 05:50:00,283.4,283.8,283.4,283.55,63366
2026-04-21 05:55:00,283.55,283.75,283.45,283.5,59129
2026-04-21 06:00:00,283.45,283.7,283.45,283.7,45586
2026-04-21 06:05:00,283.7,283.75,283.55,283.75,31934
2026-04-21 06:10:00,283.75,283.95,283.65,283.95,57130
2026-04-21 06:15:00,283.95,284.05,283.6,283.75,95409
2026-04-21 06:20:00,283.8,283.8,282.8,283.0,337624
2026-04-21 06:25:00,282.9,283.05,282.9,282.95,170056
2026-04-21 06:30:00,283.0,283.25,282.95,283.15,99907
2026-04-21 06:35:00,283.15,283.6,282.95,283.55,220603
2026-04-21 06:40:00,283.55,283.7,283.3,283.55,103217
2026-04-21 06:45:00,283.55,284.2,283.25,284.05,252876
2026-04-21 06:50:00,284.05,284.2,283.85,284.15,114107
2026-04-21 06:55:00,284.1,284.2,284.0,284.1,101324
2026-04-21 07:00:00,284.1,284.1,283.9,283.95,72585
2026-04-21 07:05:00,284.0,284.3,283.95,284.25,121985
2026-04-21 07:10:00,284.3,284.3,283.95,284.05,89093
2026-04-21 07:15:00,284.1,284.1,283.85,283.85,69906
2026-04-21 07:20:00,283.95,284.0,283.55,283.65,100880
2026-04-21 07:25:00,283.55,284.0,283.5,283.85,86200
2026-04-21 07:30:00,283.9,283.9,283.5,283.6,105093
2026-04-21 07:35:00,283.7,283.75,283.55,283.75,61331
2026-04-21 07:40:00,283.75,283.9,283.65,283.8,86087
2026-04-21 07:45:00,283.85,284.05,283.75,283.8,81153
2026-04-21 07:50:00,283.8,283.85,283.6,283.6,101750
2026-04-21 07:55:00,283.65,283.65,283.0,283.2,166000
2026-04-21 08:00:00,283.2,283.6,283.1,283.5,398837
2026-04-21 08:05:00,283.45,283.55,283.35,283.45,193153
2026-04-21 08:10:00,283.5,283.5,282.7,282.8,292921
2026-04-21 08:15:00,282.75,282.9,282.65,282.9,110110
2026-04-21 08:20:00,282.8,283.0,282.8,283.0,95429
2026-04-21 08:25:00,283.0,283.0,282.7,282.9,281025
2026-04-21 08:30:00,282.85,282.9,282.5,282.75,174520
2026-04-21 08:35:00,282.75,282.9,282.7,282.9,92530
2026-04-21 08:40:00,282.9,283.0,282.85,283.0,203857
2026-04-21 08:45:00,282.95,283.0,282.95,282.95,109843
2026-04-21 08:50:00,283.0,283.2,282.95,283.2,285659
2026-04-21 08:55:00,283.15,283.3,283.0,283.2,169449
2026-04-21 09:00:00,283.2,283.3,283.15,283.25,109139
2026-04-21 09:05:00,283.25,283.5,282.9,283.15,179051
2026-04-21 09:10:00,283.2,283.3,282.85,283.0,137351
2026-04-21 09:15:00,283.0,283.85,282.9,283.65,1071528
2026-04-21 09:20:00,283.65,283.65,283.25,283.45,143846
2026-04-21 09:25:00,283.45,283.6,283.1,283.15,195870
2026-04-21 09:30:00,283.2,283.25,282.9,283.0,425426
2026-04-21 09:35:00,283.0,283.3,282.95,283.25,355402
2026-04-21 09:40:00,283.25,283.3,282.95,283.05,447695
2026-04-21 09:45:00,283.05,283.3,282.95,283.15,464427
2026-04-21 09:50:00,283.2,283.35,282.9,283.3,785069
2026-04-21 09:55:00,283.25,283.45,282.8,283.2,665096
2026-04-22 03:45:00,283.1,285.05,282.75,283.2,419363
2026-04-22 03:50:00,283.25,284.6,283.05,284.15,112779
2026-04-22 03:55:00,284.0,284.8,283.9,283.95,171846
2026-04-22 04:00:00,284.0,284.25,283.6,284.15,119375
2026-04-22 04:05:00,284.2,284.25,283.3,283.8,981068
2026-04-22 04:10:00,283.75,284.0,283.45,283.6,74374
2026-04-22 04:15:00,283.5,283.7,283.3,283.7,103476
2026-04-22 04:20:00,283.75,284.0,283.6,283.7,68803
2026-04-22 04:25:00,283.65,283.8,283.35,283.35,55801
2026-04-22 04:30:00,283.45,283.55,283.05,283.3,189580
2026-04-22 04:35:00,283.3,283.5,283.1,283.4,71031
2026-04-22 04:40:00,283.4,283.7,283.35,283.6,29804
2026-04-22 04:45:00,283.6,284.6,283.6,284.2,138937
2026-04-22 04:50:00,284.25,284.3,284.0,284.3,55236
2026-04-22 04:55:00,284.2,284.45,284.0,284.45,85076
2026-04-22 05:00:00,284.45,284.9,284.3,284.65,85302
2026-04-22 05:05:00,284.65,284.75,284.45,284.5,42081
2026-04-22 05:10:00,284.45,284.55,284.2,284.3,44171
2026-04-22 05:15:00,284.25,284.45,284.0,284.4,34363
2026-04-22 05:20:00,284.4,284.4,283.35,283.45,448005
2026-04-22 05:25:00,283.5,283.5,283.2,283.3,60530
2026-04-22 05:30:00,283.3,283.5,283.25,283.5,59740
2026-04-22 05:35:00,283.5,283.5,283.4,283.5,25329
2026-04-22 05:40:00,283.5,283.5,283.35,283.5,32518
2026-04-22 05:45:00,283.5,283.5,283.4,283.5,33217
2026-04-22 05:50:00,283.5,283.5,283.35,283.45,43439
2026-04-22 05:55:00,283.45,283.5,283.4,283.5,27810
2026-04-22 06:00:00,283.5,283.5,283.05,283.15,83312
2026-04-22 06:05:00,283.2,283.35,283.05,283.25,51985
2026-04-22 06:10:00,283.15,283.4,283.05,283.2,35576
2026-04-22 06:15:00,283.2,283.3,283.05,283.3,29341
2026-04-22 06:20:00,283.15,283.5,283.15,283.4,29015
2026-04-22 06:25:00,283.4,283.5,283.35,283.45,20823
2026-04-22 06:30:00,283.35,283.5,283.35,283.5,38271
2026-04-22 06:35:00,283.5,283.6,283.35,283.55,33384
2026-04-22 06:40:00,283.5,283.55,283.1,283.25,49454
2026-04-22 06:45:00,283.25,283.25,283.0,283.05,70804
2026-04-22 06:50:00,283.0,283.05,282.6,282.75,106584
2026-04-22 06:55:00,282.75,283.0,282.7,282.9,38942
2026-04-22 07:00:00,282.95,283.25,282.9,283.25,37842
2026-04-22 07:05:00,283.25,283.25,283.0,283.1,26303
2026-04-22 07:10:00,283.1,283.2,282.95,283.2,29247
2026-04-22 07:15:00,283.1,283.25,283.05,283.25,27169
2026-04-22 07:20:00,283.25,283.4,283.1,283.3,38824
2026-04-22 07:25:00,283.25,283.4,283.2,283.4,40687
2026-04-22 07:30:00,283.3,283.4,283.05,283.2,36383
2026-04-22 07:35:00,283.2,283.4,283.15,283.3,24325
2026-04-22 07:40:00,283.35,283.4,283.2,283.35,27900
2026-04-22 07:45:00,283.35,283.5,283.25,283.25,32729
2026-04-22 07:50:00,283.4,283.45,283.05,283.2,38827
2026-04-22 07:55:00,283.2,283.25,282.8,283.0,40389
2026-04-22 08:00:00,283.0,283.25,282.95,283.2,34038
2026-04-22 08:05:00,283.1,283.6,283.1,283.5,53467
2026-04-22 08:10:00,283.5,283.55,283.35,283.45,22191
2026-04-22 08:15:00,283.55,283.55,283.25,283.55,34946
2026-04-22 08:20:00,283.55,283.55,283.3,283.4,30506
2026-04-22 08:25:00,283.45,283.6,283.35,283.45,131229
2026-04-22 08:30:00,283.5,283.6,283.25,283.35,86508
2026-04-22 08:35:00,283.35,283.45,283.25,283.45,27194
2026-04-22 08:40:00,283.45,283.6,283.3,283.6,50776
2026-04-22 08:45:00,283.6,283.6,283.35,283.5,29251
2026-04-22 08:50:00,283.4,283.55,283.4,283.5,27164
2026-04-22 08:55:00,283.45,283.6,283.4,283.55,75217
2026-04-22 09:00:00,283.5,283.65,283.4,283.55,105783
2026-04-22 09:05:00,283.45,283.6,283.4,283.6,49958
2026-04-22 09:10:00,283.55,283.6,283.4,283.55,33070
2026-04-22 09:15:00,283.5,283.6,283.5,283.6,19332
2026-04-22 09:20:00,283.55,283.6,283.5,283.55,31330
2026-04-22 09:25:00,283.6,284.0,283.55,283.9,169149
2026-04-22 09:30:00,283.65,283.95,283.65,283.9,162032
2026-04-22 09:35:00,283.95,283.95,283.7,283.85,139441
2026-04-22 09:40:00,283.85,283.85,283.65,283.7,116135
2026-04-22 09:45:00,283.75,283.75,283.35,283.5,298488
2026-04-22 09:50:00,283.6,283.9,283.5,283.75,408445
2026-04-22 09:55:00,283.7,283.9,283.2,283.75,629239
2026-04-23 03:45:00,284.85,289.45,284.05,289.3,1428202
2026-04-23 03:50:00,289.4,289.8,287.65,288.4,610418
2026-04-23 03:55:00,288.3,288.3,287.5,287.6,230315
2026-04-23 04:00:00,287.55,288.6,287.2,288.55,328002
2026-04-23 04:05:00,288.3,288.85,287.8,288.8,260910
2026-04-23 04:10:00,288.75,288.8,288.0,288.1,150813
2026-04-23 04:15:00,288.1,288.2,287.45,287.55,255676
2026-04-23 04:20:00,287.5,287.75,286.35,286.85,538974
2026-04-23 04:25:00,286.8,286.9,286.1,286.1,282897
2026-04-23 04:30:00,286.2,286.4,286.0,286.1,115188
2026-04-23 04:35:00,286.05,286.3,285.75,285.8,205882
2026-04-23 04:40:00,285.85,286.05,285.25,285.5,332886
2026-04-23 04:45:00,285.6,286.15,285.4,285.9,94234
2026-04-23 04:50:00,285.95,286.0,285.55,285.6,79592
2026-04-23 04:55:00,285.55,286.5,285.5,286.5,140325
2026-04-23 05:00:00,286.5,286.5,286.15,286.5,97813
2026-04-23 05:05:00,286.4,286.65,286.25,286.4,82920
2026-04-23 05:10:00,286.4,287.15,286.25,287.1,117269
2026-04-23 05:15:00,287.05,287.15,286.35,286.7,124760
2026-04-23 05:20:00,286.7,287.2,286.4,286.85,93399
2026-04-23 05:25:00,286.9,286.9,286.5,286.7,58575
2026-04-23 05:30:00,286.75,286.8,286.5,286.75,50424
2026-04-23 05:35:00,286.8,287.2,286.55,286.9,69359
2026-04-23 05:40:00,286.95,287.2,286.4,286.55,123878
2026-04-23 05:45:00,286.6,286.6,286.25,286.5,274474
2026-04-23 05:50:00,286.5,286.6,286.35,286.45,42129
2026-04-23 05:55:00,286.5,286.5,285.95,285.95,172567
2026-04-23 06:00:00,286.1,286.4,285.95,286.35,41617
2026-04-23 06:05:00,286.4,286.4,286.25,286.3,149252
2026-04-23 06:10:00,286.3,286.4,286.25,286.35,118355
2026-04-23 06:15:00,286.4,287.15,286.35,286.65,157396
2026-04-23 06:20:00,286.75,287.35,286.45,287.3,97677
2026-04-23 06:25:00,287.2,287.5,287.15,287.5,125529
2026-04-23 06:30:00,287.5,287.8,287.4,287.7,107178
2026-04-23 06:35:00,287.8,287.8,287.45,287.45,72284
2026-04-23 06:40:00,287.45,287.7,287.3,287.4,78305
2026-04-23 06:45:00,287.4,287.5,287.15,287.2,57068
2026-04-23 06:50:00,287.3,287.3,286.8,287.05,83013
2026-04-23 06:55:00,287.15,287.15,286.65,286.8,85746
2026-04-23 07:00:00,286.7,287.2,286.7,287.05,59468
2026-04-23 07:05:00,287.15,287.2,286.8,287.05,57755
2026-04-23 07:10:00,287.15,287.2,286.85,286.95,55573
2026-04-23 07:15:00,287.0,287.05,286.5,286.55,93536
2026-04-23 07:20:00,286.65,286.95,286.5,286.85,43252
2026-04-23 07:25:00,286.95,286.95,286.5,286.55,86626
2026-04-23 07:30:00,286.65,286.85,286.5,286.65,57317
2026-04-23 07:35:00,286.75,286.9,286.7,286.9,48930
2026-04-23 07:40:00,286.75,286.9,286.65,286.65,62291
2026-04-23 07:45:00,286.75,286.9,286.55,286.7,81739
2026-04-23 07:50:00,286.8,286.85,286.65,286.8,121831
2026-04-23 07:55:00,286.85,286.85,286.5,286.65,77357
2026-04-23 08:00:00,286.6,286.7,286.4,286.5,84503
2026-04-23 08:05:00,286.45,286.7,286.15,286.3,97033
2026-04-23 08:10:00,286.45,286.6,286.3,286.35,64541
2026-04-23 08:15:00,286.4,286.4,286.15,286.2,67961
2026-04-23 08:20:00,286.25,286.3,285.6,285.6,163062
2026-04-23 08:25:00,285.7,285.9,285.45,285.5,152284
2026-04-23 08:30:00,285.55,285.55,285.15,285.3,124555
2026-04-23 08:35:00,285.35,285.5,285.25,285.25,89999
2026-04-23 08:40:00,285.3,285.4,285.1,285.4,42520
2026-04-23 08:45:00,285.3,285.55,285.2,285.25,86586
2026-04-23 08:50:00,285.15,285.3,285.1,285.25,72596
2026-04-23 08:55:00,285.3,285.5,285.25,285.35,70685
2026-04-23 09:00:00,285.45,285.5,285.35,285.45,42384
2026-04-23 09:05:00,285.35,286.0,285.15,285.95,344247
2026-04-23 09:10:00,286.0,286.0,285.3,285.45,311743
2026-04-23 09:15:00,285.55,286.3,285.45,286.05,388262
2026-04-23 09:20:00,286.15,286.3,285.85,285.85,120500
2026-04-23 09:25:00,286.0,286.15,285.75,285.75,158884
2026-04-23 09:30:00,285.8,286.5,285.75,286.35,573694
2026-04-23 09:35:00,286.3,286.8,285.95,286.3,323697
2026-04-23 09:40:00,286.3,286.35,285.85,286.3,287290
2026-04-23 09:45:00,286.3,286.4,286.05,286.25,337956
2026-04-23 09:50:00,286.3,286.3,286.0,286.25,431543
2026-04-23 09:55:00,286.2,286.45,286.2,286.45,665388
2026-04-24 03:45:00,288.8,288.8,286.85,287.2,692061
2026-04-24 03:50:00,287.3,288.1,286.8,287.5,272949
2026-04-24 03:55:00,287.5,287.95,287.2,287.75,249759
2026-04-24 04:00:00,287.95,287.95,287.45,287.7,135640
2026-04-24 04:05:00,287.6,287.65,287.15,287.6,127671
2026-04-24 04:10:00,287.55,288.3,287.2,287.65,447268
2026-04-24 04:15:00,287.65,287.85,287.4,287.4,195336
2026-04-24 04:20:00,287.5,288.4,287.4,288.3,605354
2026-04-24 04:25:00,288.3,288.3,286.5,286.85,366423
2026-04-24 04:30:00,286.9,286.95,286.5,286.65,238123
2026-04-24 04:35:00,286.55,286.75,286.3,286.5,150855
2026-04-24 04:40:00,286.5,286.85,286.35,286.45,177002
2026-04-24 04:45:00,286.45,286.6,286.0,286.1,461611
2026-04-24 04:50:00,286.1,286.3,285.7,285.8,443952
2026-04-24 04:55:00,285.9,286.1,285.55,285.9,237351
2026-04-24 05:00:00,285.95,286.55,285.9,286.4,157434
2026-04-24 05:05:00,286.5,286.5,286.05,286.35,73385
2026-04-24 05:10:00,286.35,286.4,285.95,286.35,99127
2026-04-24 05:15:00,286.25,286.35,286.05,286.25,112461
2026-04-24 05:20:00,286.2,286.25,285.9,285.95,96355
2026-04-24 05:25:00,286.0,286.35,285.95,286.05,293132
2026-04-24 05:30:00,286.1,286.95,286.05,286.9,122168
2026-04-24 05:35:00,286.85,287.0,286.65,286.8,95639
2026-04-24 05:40:00,286.85,287.0,286.7,286.85,94964
2026-04-24 05:45:00,286.8,287.15,286.7,287.05,117903
2026-04-24 05:50:00,287.1,287.2,286.9,287.0,224306
2026-04-24 05:55:00,287.0,287.0,286.6,286.8,47845
2026-04-24 06:00:00,286.7,286.85,286.2,286.25,127344
2026-04-24 06:05:00,286.25,286.4,285.85,286.2,108922
2026-04-24 06:10:00,286.3,286.5,286.15,286.4,30178
2026-04-24 06:15:00,286.35,286.4,286.0,286.0,66749
2026-04-24 06:20:00,286.0,286.3,286.0,286.15,33127
2026-04-24 06:25:00,286.15,286.15,285.75,285.9,50346
2026-04-24 06:30:00,285.9,286.0,285.75,285.95,39419
2026-04-24 06:35:00,285.9,285.95,285.1,285.4,128311
2026-04-24 06:40:00,285.4,286.0,285.3,286.0,118651
2026-04-24 06:45:00,286.0,286.0,284.65,285.45,187015
2026-04-24 06:50:00,285.4,285.45,284.8,284.95,77535
2026-04-24 06:55:00,284.95,285.15,284.7,284.9,67212
2026-04-24 07:00:00,284.8,285.15,284.65,285.15,52667
2026-04-24 07:05:00,285.1,285.5,285.0,285.5,44009
2026-04-24 07:10:00,285.45,285.55,285.35,285.45,36603
2026-04-24 07:15:00,285.5,285.7,285.4,285.6,114640
2026-04-24 07:20:00,285.7,285.85,285.5,285.5,44256
2026-04-24 07:25:00,285.6,285.7,285.4,285.45,146919
2026-04-24 07:30:00,285.55,285.55,285.25,285.4,46484
2026-04-24 07:35:00,285.3,285.6,285.3,285.5,24697
2026-04-24 07:40:00,285.45,285.7,285.45,285.65,79861
2026-04-24 07:45:00,285.6,285.65,285.25,285.25,53825
2026-04-24 07:50:00,285.35,285.45,285.25,285.45,28387
2026-04-24 07:55:00,285.45,285.75,285.3,285.7,29033
2026-04-24 08:00:00,285.6,285.7,284.8,284.9,126835
2026-04-24 08:05:00,284.75,284.9,283.95,284.3,525301
2026-04-24 08:10:00,284.25,284.8,284.15,284.75,68938
2026-04-24 08:15:00,284.75,285.0,284.65,284.75,44424
2026-04-24 08:20:00,284.75,285.0,284.65,285.0,29111
2026-04-24 08:25:00,285.0,285.0,284.8,284.95,50554
2026-04-24 08:30:00,284.95,285.0,284.3,284.3,158052
2026-04-24 08:35:00,284.3,284.5,283.9,284.1,315349
2026-04-24 08:40:00,284.05,285.0,283.95,284.7,294793
2026-04-24 08:45:00,284.7,285.0,284.6,284.9,41271
2026-04-24 08:50:00,284.9,285.1,284.8,285.0,50424
2026-04-24 08:55:00,285.0,285.3,284.95,285.2,35608
2026-04-24 09:00:00,285.2,285.6,285.2,285.5,80855
2026-04-24 09:05:00,285.55,285.7,285.3,285.35,54563
2026-04-24 09:10:00,285.45,285.65,285.25,285.6,137361
2026-04-24 09:15:00,285.4,285.85,285.4,285.45,100490
2026-04-24 09:20:00,285.5,285.55,285.15,285.15,125654
2026-04-24 09:25:00,285.2,285.25,285.0,285.15,57715
2026-04-24 09:30:00,285.15,285.15,284.75,284.8,172682
2026-04-24 09:35:00,284.8,285.0,284.65,284.95,197507
2026-04-24 09:40:00,284.95,284.95,284.4,284.55,225134
2026-04-24 09:45:00,284.55,284.9,284.35,284.9,189459
2026-04-24 09:50:00,284.85,285.0,284.55,284.75,364639
2026-04-24 09:55:00,284.85,284.95,284.5,284.7,237020
2026-04-27 03:45:00,286.0,286.5,284.85,285.95,322007
2026-04-27 03:50:00,286.0,286.7,285.95,286.15,123046
2026-04-27 03:55:00,286.3,286.45,285.85,285.9,66095
2026-04-27 04:00:00,286.0,286.1,285.35,285.55,129145
2026-04-27 04:05:00,285.55,285.75,285.25,285.3,54228
2026-04-27 04:10:00,285.4,285.5,285.1,285.2,72027
2026-04-27 04:15:00,285.35,286.05,285.25,285.9,82095
2026-04-27 04:20:00,285.95,286.05,285.1,285.25,218681
2026-04-27 04:25:00,285.25,285.4,284.9,285.1,103310
2026-04-27 04:30:00,285.1,285.25,284.5,284.65,126375
2026-04-27 04:35:00,284.75,284.9,284.2,284.35,164525
2026-04-27 04:40:00,284.45,285.2,284.3,285.2,88162
2026-04-27 04:45:00,285.15,285.3,284.65,284.65,143518
2026-04-27 04:50:00,284.85,285.05,284.6,285.0,87880
2026-04-27 04:55:00,285.15,285.45,284.8,285.2,143184
2026-04-27 05:00:00,285.35,285.35,284.95,284.95,50821
2026-04-27 05:05:00,284.95,285.15,284.9,284.9,36103
2026-04-27 05:10:00,284.9,285.2,284.9,285.05,50104
2026-04-27 05:15:00,285.05,285.25,285.0,285.25,38388
2026-04-27 05:20:00,285.25,285.3,285.05,285.2,43684
2026-04-27 05:25:00,285.1,285.25,285.05,285.1,26533
2026-04-27 05:30:00,285.2,285.35,284.95,285.3,140226
2026-04-27 05:35:00,285.15,285.35,285.1,285.25,38955
2026-04-27 05:40:00,285.2,285.45,285.15,285.4,26333
2026-04-27 05:45:00,285.4,285.6,285.35,285.35,44658
2026-04-27 05:50:00,285.5,285.7,285.35,285.55,179131
2026-04-27 05:55:00,285.55,285.55,285.15,285.15,34899
2026-04-27 06:00:00,285.15,285.3,285.0,285.0,40371
2026-04-27 06:05:00,284.95,285.0,284.6,284.8,80575
2026-04-27 06:10:00,284.9,285.1,284.75,285.0,37826
2026-04-27 06:15:00,284.95,285.3,284.95,285.05,96414
2026-04-27 06:20:00,285.15,285.15,284.8,284.95,37062
2026-04-27 06:25:00,284.85,285.05,284.75,284.95,22054
2026-04-27 06:30:00,284.95,285.05,284.8,285.05,47875
2026-04-27 06:35:00,285.0,285.15,284.95,285.0,33010
2026-04-27 06:40:00,285.05,285.15,285.0,285.15,31127
2026-04-27 06:45:00,285.1,285.2,285.0,285.2,127069
2026-04-27 06:50:00,285.05,285.2,285.0,285.15,41121
2026-04-27 06:55:00,285.1,285.2,285.0,285.15,35627
2026-04-27 07:00:00,285.15,285.5,285.1,285.45,34017
2026-04-27 07:05:00,285.5,285.5,285.35,285.5,31593
2026-04-27 07:10:00,285.45,285.55,285.3,285.3,39909
2026-04-27 07:15:00,285.4,285.45,285.25,285.35,33463
2026-04-27 07:20:00,285.25,285.4,285.0,285.2,60608
2026-04-27 07:25:00,285.2,285.3,284.95,285.1,61737
2026-04-27 07:30:00,285.0,285.15,284.9,285.15,301076
2026-04-27 07:35:00,285.15,285.3,285.05,285.25,31351
2026-04-27 07:40:00,285.2,285.6,285.2,285.6,50391
2026-04-27 07:45:00,285.6,285.7,285.5,285.55,73099
2026-04-27 07:50:00,285.7,285.7,285.55,285.55,52965
2026-04-27 07:55:00,285.65,285.75,285.45,285.7,96180
2026-04-27 08:00:00,285.65,285.75,285.45,285.55,118971
2026-04-27 08:05:00,285.65,285.95,285.5,285.9,92926
2026-04-27 08:10:00,285.8,286.1,285.65,285.8,144969
2026-04-27 08:15:00,285.8,285.9,285.65,285.85,35808
2026-04-27 08:20:00,285.85,285.9,285.3,285.7,79709
2026-04-27 08:25:00,285.65,285.8,285.45,285.55,50196
2026-04-27 08:30:00,285.65,285.7,285.5,285.6,57963
2026-04-27 08:35:00,285.65,285.7,285.5,285.6,69396
2026-04-27 08:40:00,285.55,285.85,285.5,285.65,195842
2026-04-27 08:45:00,285.5,285.65,285.4,285.4,35092
2026-04-27 08:50:00,285.4,285.7,285.4,285.7,30978
2026-04-27 08:55:00,285.55,285.7,285.55,285.65,38952
2026-04-27 09:00:00,285.65,285.85,285.15,285.75,124555
2026-04-27 09:05:00,285.75,285.75,285.45,285.6,43997
2026-04-27 09:10:00,285.55,285.9,285.55,285.8,73299
2026-04-27 09:15:00,285.8,285.9,285.65,285.85,57889
2026-04-27 09:20:00,285.7,286.0,285.5,286.0,67625
2026-04-27 09:25:00,285.9,286.2,285.9,286.05,90125
2026-04-27 09:30:00,286.15,286.15,286.0,286.05,119567
2026-04-27 09:35:00,286.05,286.1,285.75,285.85,127009
2026-04-27 09:40:00,285.95,286.0,285.75,285.85,136991
2026-04-27 09:45:00,285.85,286.05,285.75,286.0,151702
2026-04-27 09:50:00,285.8,285.95,285.7,285.95,190762
2026-04-27 09:55:00,285.85,286.0,285.0,285.9,204266
2026-04-28 03:45:00,286.25,289.1,286.0,288.75,963093
2026-04-28 03:50:00,288.85,290.2,288.65,290.15,858255
2026-04-28 03:55:00,290.5,291.6,289.75,289.8,976690
2026-04-28 04:00:00,289.8,290.8,289.7,290.1,451939
2026-04-28 04:05:00,290.25,291.3,289.9,290.15,599955
2026-04-28 04:10:00,290.1,291.9,290.1,291.6,567511
2026-04-28 04:15:00,291.45,292.25,291.45,292.0,860245
2026-04-28 04:20:00,292.0,293.3,291.9,293.05,1238738
2026-04-28 04:25:00,293.05,293.8,292.85,292.85,1215907
2026-04-28 04:30:00,292.85,293.3,291.5,292.6,951181
2026-04-28 04:35:00,292.55,293.65,292.0,293.4,718116
2026-04-28 04:40:00,293.45,294.3,293.1,293.95,845892
2026-04-28 04:45:00,293.95,294.6,293.35,294.0,831413
2026-04-28 04:50:00,293.8,294.65,293.8,294.65,364281
2026-04-28 04:55:00,294.45,294.85,293.15,293.35,618003
2026-04-28 05:00:00,293.35,294.35,293.2,293.75,341105
2026-04-28 05:05:00,293.8,293.8,293.4,293.5,267807
2026-04-28 05:10:00,293.5,293.55,292.8,293.45,347722
2026-04-28 05:15:00,293.45,293.85,293.3,293.45,212904
2026-04-28 05:20:00,293.5,293.85,293.4,293.65,214915
2026-04-28 05:25:00,293.65,293.75,293.45,293.45,213145
2026-04-28 05:30:00,293.45,294.35,293.3,294.3,469484
2026-04-28 05:35:00,294.4,294.85,294.3,294.8,464123
2026-04-28 05:40:00,294.75,295.9,294.7,295.75,877781
2026-04-28 05:45:00,295.75,295.8,294.95,295.0,457275
2026-04-28 05:50:00,295.05,295.35,294.8,295.05,430952
2026-04-28 05:55:00,295.0,295.75,295.0,295.55,400369
2026-04-28 06:00:00,295.55,295.65,295.2,295.5,244497
2026-04-28 06:05:00,295.7,295.95,295.5,295.75,297874
2026-04-28 06:10:00,295.8,296.25,295.55,295.6,881758
2026-04-28 06:15:00,295.65,295.9,295.6,295.7,216608
2026-04-28 06:20:00,295.75,295.8,295.4,295.4,202353
2026-04-28 06:25:00,295.5,295.8,295.4,295.6,180066
2026-04-28 06:30:00,295.65,296.45,295.05,295.75,918213
2026-04-28 06:35:00,295.8,296.3,295.7,296.05,727398
2026-04-28 06:40:00,296.15,296.6,295.7,296.5,477916
2026-04-28 06:45:00,296.5,297.55,296.4,297.1,988256
2026-04-28 06:50:00,297.05,297.3,296.7,296.85,1205993
2026-04-28 06:55:00,296.9,297.8,296.8,297.7,431860
2026-04-28 07:00:00,297.7,297.85,297.0,297.05,482422
2026-04-28 07:05:00,297.1,297.2,296.5,296.75,445322
2026-04-28 07:10:00,296.85,297.5,296.7,297.45,318411
2026-04-28 07:15:00,297.45,297.5,296.8,297.4,272624
2026-04-28 07:20:00,297.45,297.7,297.15,297.35,260771
2026-04-28 07:25:00,297.45,297.5,297.2,297.25,195472
2026-04-28 07:30:00,297.3,297.7,297.0,297.1,462249
2026-04-28 07:35:00,297.15,297.4,297.0,297.05,251001
2026-04-28 07:40:00,297.0,297.3,297.0,297.15,189277
2026-04-28 07:45:00,297.2,297.3,297.0,297.1,216910
2026-04-28 07:50:00,297.05,298.45,297.0,298.45,1371211
2026-04-28 07:55:00,298.4,298.5,298.0,298.5,484200
2026-04-28 08:00:00,298.45,298.55,298.25,298.25,359223
2026-04-28 08:05:00,298.35,298.5,298.0,298.3,715225
2026-04-28 08:10:00,298.3,298.5,298.15,298.3,317578
2026-04-28 08:15:00,298.35,298.5,298.15,298.2,316553
2026-04-28 08:20:00,298.2,298.45,298.1,298.35,244337
2026-04-28 08:25:00,298.35,298.5,298.15,298.5,248708
2026-04-28 08:30:00,298.5,298.6,298.3,298.4,367101
2026-04-28 08:35:00,298.4,298.6,297.75,297.8,784640
2026-04-28 08:40:00,297.75,298.35,297.55,297.95,531194
2026-04-28 08:45:00,298.0,298.6,297.95,298.55,933392
2026-04-28 08:50:00,298.6,299.3,298.3,299.0,1032044
2026-04-28 08:55:00,299.0,299.3,298.6,299.0,636357
2026-04-28 09:00:00,299.0,299.25,298.8,299.25,469462
2026-04-28 09:05:00,299.25,299.5,298.8,299.3,699767
2026-04-28 09:10:00,299.4,299.5,299.15,299.15,557459
2026-04-28 09:15:00,299.25,300.0,299.15,299.75,1111204
2026-04-28 09:20:00,299.75,300.95,299.7,300.55,1846859
2026-04-28 09:25:00,300.6,301.4,300.4,301.1,986272
2026-04-28 09:30:00,301.0,301.2,300.2,300.8,1153450
2026-04-28 09:35:00,300.9,301.25,299.95,301.15,1713198
2026-04-28 09:40:00,301.15,301.5,301.0,301.25,1135135
2026-04-28 09:45:00,301.4,302.25,301.25,301.8,2084551
2026-04-28 09:50:00,301.8,302.05,301.15,301.6,2715859
2026-04-28 09:55:00,301.6,302.4,301.0,302.05,2099875
2026-04-29 03:45:00,303.9,306.3,302.5,303.25,3963993
2026-04-29 03:50:00,303.3,303.4,301.25,301.85,1509231
2026-04-29 03:55:00,301.75,302.0,300.7,302.0,922862
2026-04-29 04:00:00,301.9,302.4,299.75,301.65,687766
2026-04-29 04:05:00,301.65,302.2,301.5,301.65,187561
2026-04-29 04:10:00,301.55,301.9,301.1,301.8,221655
2026-04-29 04:15:00,301.75,302.9,301.55,302.5,223950
2026-04-29 04:20:00,302.5,302.5,302.1,302.35,203634
2026-04-29 04:25:00,302.3,302.95,302.0,302.2,263356
2026-04-29 04:30:00,302.25,303.0,302.25,302.9,192346
2026-04-29 04:35:00,302.8,303.5,302.8,303.15,439069
2026-04-29 04:40:00,303.1,303.35,302.85,303.1,202738
2026-04-29 04:45:00,303.15,303.6,302.6,303.35,278254
2026-04-29 04:50:00,303.5,303.85,303.1,303.4,221715
2026-04-29 04:55:00,303.5,303.85,303.1,303.2,619068
2026-04-29 05:00:00,303.3,303.75,303.15,303.75,159216
2026-04-29 05:05:00,303.75,304.05,303.45,303.8,313682
2026-04-29 05:10:00,303.75,305.9,303.75,305.7,910578
2026-04-29 05:15:00,305.75,307.5,305.65,306.75,1422944
2026-04-29 05:20:00,306.65,307.05,305.75,306.05,535969
2026-04-29 05:25:00,306.05,306.4,305.05,305.35,691027
2026-04-29 05:30:00,305.35,305.9,305.05,305.2,741793
2026-04-29 05:35:00,305.2,305.45,304.9,305.45,396406
2026-04-29 05:40:00,305.4,305.45,304.75,304.8,305376
2026-04-29 05:45:00,304.75,305.0,304.45,304.7,181866
2026-04-29 05:50:00,304.75,305.0,304.25,304.3,187072
2026-04-29 05:55:00,304.35,304.75,304.1,304.25,300286
2026-04-29 06:00:00,304.1,304.75,304.0,304.35,706779
2026-04-29 06:05:00,304.25,304.65,304.2,304.65,124324
2026-04-29 06:10:00,304.65,304.95,304.35,304.5,246148
2026-04-29 06:15:00,304.5,304.55,304.1,304.25,401877
2026-04-29 06:20:00,304.3,304.45,304.1,304.35,125660
2026-04-29 06:25:00,304.4,304.75,304.3,304.45,154980
2026-04-29 06:30:00,304.5,304.9,304.4,304.75,119118
2026-04-29 06:35:00,304.7,304.9,304.45,304.65,135854
2026-04-29 06:40:00,304.7,304.9,304.35,304.45,164820
2026-04-29 06:45:00,304.5,304.7,304.1,304.45,240545
2026-04-29 06:50:00,304.5,304.75,304.4,304.55,139711
2026-04-29 06:55:00,304.4,304.9,304.25,304.8,171125
2026-04-29 07:00:00,304.9,305.45,304.7,305.35,288010
2026-04-29 07:05:00,305.2,305.6,305.1,305.25,313217
2026-04-29 07:10:00,305.25,305.4,305.05,305.3,104884
2026-04-29 07:15:00,305.25,305.3,305.0,305.25,126980
2026-04-29 07:20:00,305.25,305.35,305.05,305.3,86514
2026-04-29 07:25:00,305.15,305.5,305.1,305.35,101887
2026-04-29 07:30:00,305.4,305.4,305.05,305.1,87863
2026-04-29 07:35:00,305.15,305.3,305.05,305.1,58311
2026-04-29 07:40:00,305.15,305.45,305.0,305.0,562151
2026-04-29 07:45:00,305.05,305.3,305.0,305.3,152138
2026-04-29 07:50:00,305.3,305.35,305.25,305.35,44995
2026-04-29 07:55:00,305.35,305.35,304.8,304.8,700578
2026-04-29 08:00:00,304.8,304.8,304.15,304.2,118315
2026-04-29 08:05:00,304.3,304.45,304.0,304.05,105606
2026-04-29 08:10:00,303.9,304.35,303.7,304.1,686089
2026-04-29 08:15:00,304.1,304.75,303.9,304.6,174571
2026-04-29 08:20:00,304.7,304.95,304.35,304.6,135697
2026-04-29 08:25:00,304.5,304.8,303.95,304.65,529025
2026-04-29 08:30:00,304.7,305.2,304.5,304.65,143741
2026-04-29 08:35:00,304.8,305.1,304.4,304.5,286831
2026-04-29 08:40:00,304.55,304.6,303.4,303.45,441518
2026-04-29 08:45:00,303.45,303.6,302.95,303.05,149102
2026-04-29 08:50:00,303.15,303.15,302.4,302.75,170432
2026-04-29 08:55:00,302.85,303.15,302.75,303.0,72036
2026-04-29 09:00:00,303.1,303.3,303.0,303.15,74876
2026-04-29 09:05:00,303.15,303.2,302.9,302.9,61328
2026-04-29 09:10:00,303.0,303.1,302.65,303.05,86970
2026-04-29 09:15:00,303.1,303.15,302.8,302.95,73437
2026-04-29 09:20:00,302.95,303.0,302.75,302.9,49068
2026-04-29 09:25:00,302.9,302.95,302.5,302.7,82193
2026-04-29 09:30:00,302.65,302.8,301.35,301.35,324166
2026-04-29 09:35:00,301.45,301.65,301.3,301.4,262437
2026-04-29 09:40:00,301.35,301.45,300.6,300.65,309523
2026-04-29 09:45:00,300.65,301.1,300.6,300.9,353494
2026-04-29 09:50:00,300.9,301.75,300.9,301.65,404356
2026-04-29 09:55:00,301.65,302.25,300.7,302.0,402242
2026-04-30 03:45:00,304.9,307.45,303.4,303.8,2281630
2026-04-30 03:50:00,303.75,304.5,302.5,303.3,521978
2026-04-30 03:55:00,303.35,303.35,301.95,302.3,323626
2026-04-30 04:00:00,302.3,302.8,302.0,302.1,245371
2026-04-30 04:05:00,302.05,302.2,301.05,301.85,270741
2026-04-30 04:10:00,301.8,302.55,301.5,302.4,175751
2026-04-30 04:15:00,302.4,303.1,301.55,301.55,246059
2026-04-30 04:20:00,301.5,301.95,301.5,301.7,120226
2026-04-30 04:25:00,301.7,302.3,301.55,302.0,124179
2026-04-30 04:30:00,302.1,302.5,301.5,301.6,178153
2026-04-30 04:35:00,301.6,302.1,301.6,301.9,225032
2026-04-30 04:40:00,301.6,301.75,300.7,301.0,253477
2026-04-30 04:45:00,301.1,301.25,300.5,300.8,155796
2026-04-30 04:50:00,300.9,301.5,300.75,301.15,158583
2026-04-30 04:55:00,301.1,301.5,300.95,301.1,78664
2026-04-30 05:00:00,301.2,301.6,301.0,301.15,71620
2026-04-30 05:05:00,301.15,301.3,300.55,301.05,159168
2026-04-30 05:10:00,301.15,301.45,300.85,301.4,102495
2026-04-30 05:15:00,301.25,301.5,301.15,301.35,43004
2026-04-30 05:20:00,301.35,301.95,301.25,301.7,80404
2026-04-30 05:25:00,301.7,302.4,301.65,302.35,226471
2026-04-30 05:30:00,302.35,302.95,302.3,302.3,179782
2026-04-30 05:35:00,302.3,302.35,301.75,302.05,73867
2026-04-30 05:40:00,302.1,302.25,301.5,301.5,93091
2026-04-30 05:45:00,301.5,301.95,301.4,301.65,47822
2026-04-30 05:50:00,301.5,301.95,300.8,300.95,175504
2026-04-30 05:55:00,300.95,301.4,300.8,301.3,136930
2026-04-30 06:00:00,301.35,301.35,300.85,301.1,73231
2026-04-30 06:05:00,301.1,301.2,300.15,300.25,390042
2026-04-30 06:10:00,300.35,300.35,299.8,299.9,250928
2026-04-30 06:15:00,299.95,300.0,299.6,299.9,91141
2026-04-30 06:20:00,299.8,299.9,299.25,299.4,166252
2026-04-30 06:25:00,299.45,299.9,298.8,299.75,333233
2026-04-30 06:30:00,299.75,299.95,299.55,299.85,60139
2026-04-30 06:35:00,299.85,300.0,299.85,300.0,43396
2026-04-30 06:40:00,299.95,300.1,299.85,300.0,88035
2026-04-30 06:45:00,300.0,300.0,299.25,299.3,107139
2026-04-30 06:50:00,299.2,299.5,298.95,299.4,102945
2026-04-30 06:55:00,299.3,299.55,299.2,299.3,55505
2026-04-30 07:00:00,299.3,299.8,299.2,299.3,99429
2026-04-30 07:05:00,299.3,299.55,299.2,299.4,57534
2026-04-30 07:10:00,299.4,300.25,299.4,300.05,297488
2026-04-30 07:15:00,300.15,300.55,299.8,300.35,599603
2026-04-30 07:20:00,300.35,300.65,299.8,299.9,331040
2026-04-30 07:25:00,300.0,300.15,299.85,300.05,72255
2026-04-30 07:30:00,300.1,300.35,299.65,299.65,391067
2026-04-30 07:35:00,299.65,299.65,299.0,299.25,585897
2026-04-30 07:40:00,299.4,299.5,298.95,299.25,542714
2026-04-30 07:45:00,299.25,299.25,298.9,299.05,57586
2026-04-30 07:50:00,299.05,299.4,298.85,299.1,74963
2026-04-30 07:55:00,299.15,299.2,298.4,298.6,107571
2026-04-30 08:00:00,298.5,298.6,298.1,298.5,90910
2026-04-30 08:05:00,298.5,298.7,298.1,298.1,107199
2026-04-30 08:10:00,298.1,298.45,297.6,297.85,181812
2026-04-30 08:15:00,297.95,298.3,297.75,298.2,104135
2026-04-30 08:20:00,298.2,298.25,297.65,297.9,62081
2026-04-30 08:25:00,297.9,298.0,297.7,297.75,37339
2026-04-30 08:30:00,297.75,297.9,297.25,297.3,132799
2026-04-30 08:35:00,297.25,297.9,297.2,297.9,78933
2026-04-30 08:40:00,297.85,298.0,297.25,297.45,113144
2026-04-30 08:45:00,297.45,298.45,296.9,298.45,421038
2026-04-30 08:50:00,298.35,299.0,298.35,298.9,233155
2026-04-30 08:55:00,298.85,299.0,298.55,298.9,165587
2026-04-30 09:00:00,298.9,299.7,298.85,299.65,176599
2026-04-30 09:05:00,299.7,299.85,298.75,299.1,310278
2026-04-30 09:10:00,299.1,299.5,298.95,299.2,67483
2026-04-30 09:15:00,299.35,299.4,299.0,299.1,75132
2026-04-30 09:20:00,299.1,299.25,298.7,298.9,107078
2026-04-30 09:25:00,299.0,299.6,298.85,299.45,112768
2026-04-30 09:30:00,299.45,299.9,299.05,299.55,591213
2026-04-30 09:35:00,299.65,300.3,299.6,300.1,439188
2026-04-30 09:40:00,300.15,300.15,300.0,300.1,418914
2026-04-30 09:45:00,300.05,300.1,299.25,299.3,644716
2026-04-30 09:50:00,299.3,299.35,298.6,299.1,543963
2026-04-30 09:55:00,299.05,299.95,298.65,299.0,441539
2026-05-04 03:45:00,298.4,299.9,296.45,297.65,950960
2026-05-04 03:50:00,297.6,298.25,297.6,297.8,162123
2026-05-04 03:55:00,297.8,298.65,297.8,298.05,215983
2026-05-04 04:00:00,298.2,298.7,297.65,297.85,122457
2026-05-04 04:05:00,297.95,298.05,297.4,297.5,94362
2026-05-04 04:10:00,297.4,297.65,296.3,296.55,138910
2026-05-04 04:15:00,296.4,296.7,295.4,295.65,173456
2026-05-04 04:20:00,295.65,295.8,295.0,295.35,191823
2026-05-04 04:25:00,295.35,295.35,294.45,294.8,254403
2026-05-04 04:30:00,294.8,295.0,294.1,294.35,199112
2026-05-04 04:35:00,294.2,294.5,294.05,294.15,225718
2026-05-04 04:40:00,294.3,294.4,293.05,293.5,293346
2026-05-04 04:45:00,293.6,294.25,293.5,293.55,205358
2026-05-04 04:50:00,293.55,294.15,293.45,293.9,216006
2026-05-04 04:55:00,294.0,294.55,293.55,294.35,247486
2026-05-04 05:00:00,294.35,294.8,293.6,293.9,185288
2026-05-04 05:05:00,293.75,294.0,293.65,293.85,139326
2026-05-04 05:10:00,293.8,293.85,293.4,293.4,134255
2026-05-04 05:15:00,293.4,293.5,293.1,293.25,206810
2026-05-04 05:20:00,293.3,293.5,293.1,293.15,154410
2026-05-04 05:25:00,293.2,293.6,293.15,293.5,161217
2026-05-04 05:30:00,293.55,293.75,293.25,293.6,150233
2026-05-04 05:35:00,293.7,293.85,293.25,293.25,185292
2026-05-04 05:40:00,293.4,293.6,293.15,293.4,194014
2026-05-04 05:45:00,293.45,294.1,293.1,293.1,205103
2026-05-04 05:50:00,293.1,293.5,293.05,293.5,177005
2026-05-04 05:55:00,293.45,293.55,293.2,293.4,126360
2026-05-04 06:00:00,293.4,293.5,293.1,293.25,131583
2026-05-04 06:05:00,293.2,294.45,293.05,294.05,238275
2026-05-04 06:10:00,293.9,294.05,293.15,293.15,536109
2026-05-04 06:15:00,293.15,293.35,292.8,293.0,234120
2026-05-04 06:20:00,293.05,293.05,292.7,292.75,159053
2026-05-04 06:25:00,292.75,293.2,292.7,292.95,147900
2026-05-04 06:30:00,293.05,293.3,292.75,293.15,125022
2026-05-04 06:35:00,293.3,293.3,292.85,293.2,190313
2026-05-04 06:40:00,293.15,294.2,292.9,294.15,281003
2026-05-04 06:45:00,294.2,294.75,294.0,294.5,318817
2026-05-04 06:50:00,294.65,294.7,294.35,294.65,194954
2026-05-04 06:55:00,294.5,294.75,294.2,294.3,146347
2026-05-04 07:00:00,294.15,294.25,293.85,294.0,129522
2026-05-04 07:05:00,294.0,294.3,293.85,293.95,142735
2026-05-04 07:10:00,293.9,293.95,293.6,293.75,136346
2026-05-04 07:15:00,293.6,293.8,293.3,293.55,123228
2026-05-04 07:20:00,293.7,294.0,293.35,293.9,170741
2026-05-04 07:25:00,294.0,294.25,293.7,293.8,210744
2026-05-04 07:30:00,293.8,293.95,293.3,293.6,122809
2026-05-04 07:35:00,293.6,293.8,293.5,293.6,102545
2026-05-04 07:40:00,293.55,293.8,293.4,293.55,125478
2026-05-04 07:45:00,293.65,293.65,293.1,293.25,131355
2026-05-04 07:50:00,293.4,293.7,293.05,293.65,176133
2026-05-04 07:55:00,293.65,293.9,293.05,293.2,128614
2026-05-04 08:00:00,293.15,293.6,293.0,293.1,120545
2026-05-04 08:05:00,293.1,293.7,293.05,293.45,144274
2026-05-04 08:10:00,293.45,293.9,293.2,293.75,181760
2026-05-04 08:15:00,293.65,293.75,292.85,292.9,153936
2026-05-04 08:20:00,292.9,293.45,292.9,293.15,137231
2026-05-04 08:25:00,293.2,293.3,292.95,293.05,100483
2026-05-04 08:30:00,293.1,293.15,292.75,292.75,134156
2026-05-04 08:35:00,292.85,293.0,292.6,292.65,135818
2026-05-04 08:40:00,292.65,293.55,292.65,293.2,179339
2026-05-04 08:45:00,293.25,293.7,293.1,293.55,143114
2026-05-04 08:50:00,293.5,293.65,293.15,293.3,130803
2026-05-04 08:55:00,293.45,293.55,293.1,293.15,151780
2026-05-04 09:00:00,293.25,293.5,293.15,293.25,177383
2026-05-04 09:05:00,293.25,293.45,293.15,293.35,141561
2026-05-04 09:10:00,293.35,293.45,292.95,292.95,173596
2026-05-04 09:15:00,293.1,293.1,292.8,293.0,170172
2026-05-04 09:20:00,293.0,293.9,292.75,293.9,407587
2026-05-04 09:25:00,293.9,294.15,293.5,293.9,371252
2026-05-04 09:30:00,293.8,293.95,292.85,292.95,227190
2026-05-04 09:35:00,292.95,293.4,292.85,292.95,220191
2026-05-04 09:40:00,292.85,293.15,292.8,292.9,215879
2026-05-04 09:45:00,292.9,293.25,292.65,292.9,494641
2026-05-04 09:50:00,292.85,293.0,292.6,292.6,455746
2026-05-04 09:55:00,292.65,293.3,292.35,292.9,541597
2026-05-05 03:45:00,294.35,295.9,293.15,293.5,782283
2026-05-05 03:50:00,293.5,293.5,292.2,292.25,465908
2026-05-05 03:55:00,292.25,292.8,291.7,292.0,232230
2026-05-05 04:00:00,292.1,292.2,291.65,292.0,125763
2026-05-05 04:05:00,292.0,292.5,291.35,291.5,126377
2026-05-05 04:10:00,291.5,292.3,291.05,291.75,185598
2026-05-05 04:15:00,291.7,292.3,291.5,291.65,120523
2026-05-05 04:20:00,291.5,291.5,289.7,289.9,340863
2026-05-05 04:25:00,290.0,290.0,289.75,289.9,87457
2026-05-05 04:30:00,289.9,290.55,289.7,290.3,153989
2026-05-05 04:35:00,290.3,290.6,290.05,290.3,78045
2026-05-05 04:40:00,290.3,290.6,290.1,290.2,128142
2026-05-05 04:45:00,290.2,290.35,289.0,289.15,212387
2026-05-05 04:50:00,289.15,289.4,288.45,289.1,190310
2026-05-05 04:55:00,289.05,289.1,288.55,288.8,84251
2026-05-05 05:00:00,288.8,289.3,288.15,288.55,138372
2026-05-05 05:05:00,288.5,288.6,288.1,288.35,97783
2026-05-05 05:10:00,288.3,288.3,287.65,288.05,176255
2026-05-05 05:15:00,288.1,288.25,287.95,288.15,46075
2026-05-05 05:20:00,288.2,288.6,287.85,288.05,115711
2026-05-05 05:25:00,288.05,288.05,287.55,287.65,103584
2026-05-05 05:30:00,287.8,287.8,287.0,287.4,134050
2026-05-05 05:35:00,287.25,287.7,287.25,287.4,93479
2026-05-05 05:40:00,287.35,288.9,287.35,288.6,351770
2026-05-05 05:45:00,288.75,289.25,288.55,289.1,126568
2026-05-05 05:50:00,289.1,289.3,289.05,289.15,64883
2026-05-05 05:55:00,289.15,289.5,289.0,289.3,78851
2026-05-05 06:00:00,289.3,289.65,289.15,289.4,37468
2026-05-05 06:05:00,289.4,289.7,288.25,288.3,110108
2026-05-05 06:10:00,288.4,288.55,288.1,288.2,75356
2026-05-05 06:15:00,288.2,288.45,287.7,288.0,78645
2026-05-05 06:20:00,288.05,288.25,287.75,288.2,173597
2026-05-05 06:25:00,288.2,288.25,287.9,288.25,50863
2026-05-05 06:30:00,288.2,288.6,288.05,288.5,81650
2026-05-05 06:35:00,288.55,288.85,288.4,288.75,51492
2026-05-05 06:40:00,288.75,289.05,288.65,288.85,62139
2026-05-05 06:45:00,288.8,289.2,288.8,289.05,21009
2026-05-05 06:50:00,289.15,289.4,289.05,289.3,46235
2026-05-05 06:55:00,289.25,289.35,288.7,288.7,61036
2026-05-05 07:00:00,288.85,289.0,288.2,288.4,92868
2026-05-05 07:05:00,288.4,288.9,288.25,288.9,79687
2026-05-05 07:10:00,288.9,289.0,288.45,288.6,58329
2026-05-05 07:15:00,288.6,288.9,288.5,288.75,36902
2026-05-05 07:20:00,288.9,289.2,288.75,288.9,195178
2026-05-05 07:25:00,288.75,289.05,288.7,288.8,39392
2026-05-05 07:30:00,288.8,289.2,288.8,288.9,37766
2026-05-05 07:35:00,288.9,289.65,288.75,289.4,66963
2026-05-05 07:40:00,289.35,289.5,289.05,289.3,83668
2026-05-05 07:45:00,289.3,289.6,289.0,289.2,74056
2026-05-05 07:50:00,289.05,290.25,289.0,289.95,293679
2026-05-05 07:55:00,289.9,290.5,289.9,290.15,221432
2026-05-05 08:00:00,290.15,290.15,289.8,290.05,147584
2026-05-05 08:05:00,289.95,290.35,289.9,290.25,140843
2026-05-05 08:10:00,290.3,290.3,289.6,289.85,168651
2026-05-05 08:15:00,289.85,290.0,289.65,290.0,94730
2026-05-05 08:20:00,289.95,290.1,289.7,289.9,109029
2026-05-05 08:25:00,289.9,290.2,289.75,290.0,61798
2026-05-05 08:30:00,289.9,290.15,289.6,289.65,56764
2026-05-05 08:35:00,289.65,289.85,289.55,289.8,47139
2026-05-05 08:40:00,289.85,290.0,289.65,289.95,120920
2026-05-05 08:45:00,289.95,290.2,289.8,290.0,139835
2026-05-05 08:50:00,290.0,290.0,289.6,289.85,73947
2026-05-05 08:55:00,289.85,290.0,289.7,290.0,55454
2026-05-05 09:00:00,289.9,290.25,289.35,289.65,241500
2026-05-05 09:05:00,289.55,289.65,289.05,289.45,104283
2026-05-05 09:10:00,289.3,289.5,289.1,289.3,66656
2026-05-05 09:15:00,289.4,289.45,289.05,289.4,90143
2026-05-05 09:20:00,289.45,289.7,289.3,289.5,129539
2026-05-05 09:25:00,289.5,289.55,289.2,289.3,93650
2026-05-05 09:30:00,289.4,289.65,289.25,289.45,228913
2026-05-05 09:35:00,289.55,289.95,289.35,289.9,142011
2026-05-05 09:40:00,289.85,290.0,289.65,289.9,226516
2026-05-05 09:45:00,289.9,290.4,289.85,290.3,297738
2026-05-05 09:50:00,290.35,290.5,289.9,290.1,395732
2026-05-05 09:55:00,290.3,290.5,289.85,290.1,499239
2026-05-06 03:45:00,289.95,290.25,287.8,288.3,472708
2026-05-06 03:50:00,288.55,288.9,288.3,288.7,108398
2026-05-06 03:55:00,288.55,289.1,288.2,288.2,171176
2026-05-06 04:00:00,287.7,288.8,287.55,287.85,222379
2026-05-06 04:05:00,287.9,287.9,287.1,287.8,223295
2026-05-06 04:10:00,287.8,288.15,287.35,287.65,120402
2026-05-06 04:15:00,287.7,288.45,287.7,287.75,73761
2026-05-06 04:20:00,287.75,288.25,287.6,288.1,63949
2026-05-06 04:25:00,288.05,288.45,287.95,288.1,170778
2026-05-06 04:30:00,288.1,288.45,287.85,287.85,147917
2026-05-06 04:35:00,287.85,288.2,287.85,288.05,50246
2026-05-06 04:40:00,288.2,288.8,288.0,288.65,257321
2026-05-06 04:45:00,288.65,288.9,288.2,288.35,229254
2026-05-06 04:50:00,288.35,288.65,288.25,288.5,115501
2026-05-06 04:55:00,288.45,289.45,288.45,289.3,225719
2026-05-06 05:00:00,289.3,289.5,287.05,287.15,355201
2026-05-06 05:05:00,287.15,287.2,286.5,286.6,303983
2026-05-06 05:10:00,286.7,286.9,286.45,286.5,142410
2026-05-06 05:15:00,286.65,286.7,286.35,286.65,153213
2026-05-06 05:20:00,286.65,286.85,286.4,286.45,114872
2026-05-06 05:25:00,286.4,286.9,286.35,286.6,137913
2026-05-06 05:30:00,286.7,286.8,286.0,286.35,362055
2026-05-06 05:35:00,286.35,286.5,285.7,285.8,515924
2026-05-06 05:40:00,285.85,285.9,285.5,285.6,213555
2026-05-06 05:45:00,285.6,285.7,284.9,285.0,610746
2026-05-06 05:50:00,285.05,285.2,284.85,285.0,272465
2026-05-06 05:55:00,285.0,285.65,284.9,285.6,284993
2026-05-06 06:00:00,285.6,285.95,285.3,285.4,729150
2026-05-06 06:05:00,285.4,285.4,284.85,284.9,397297
2026-05-06 06:10:00,284.8,285.2,284.75,285.0,257705
2026-05-06 06:15:00,285.15,285.5,285.0,285.45,141604
2026-05-06 06:20:00,285.3,285.9,285.25,285.5,162416
2026-05-06 06:25:00,285.55,285.8,285.0,285.35,192982
2026-05-06 06:30:00,285.35,285.35,285.0,285.15,108598
2026-05-06 06:35:00,285.1,285.4,284.9,285.3,242574
2026-05-06 06:40:00,285.35,285.5,285.15,285.35,115430
2026-05-06 06:45:00,285.25,285.35,285.0,285.2,138274
2026-05-06 06:50:00,285.1,285.15,284.75,284.9,105910
2026-05-06 06:55:00,284.8,285.0,284.75,285.0,48790
2026-05-06 07:00:00,284.95,285.0,284.7,284.8,103723
2026-05-06 07:05:00,284.95,284.95,284.45,284.85,68017
2026-05-06 07:10:00,284.85,284.9,284.4,284.55,57941
2026-05-06 07:15:00,284.5,284.55,284.25,284.55,72434
2026-05-06 07:20:00,284.55,284.55,283.5,283.65,200890
2026-05-06 07:25:00,283.6,283.9,283.45,283.55,158663
2026-05-06 07:30:00,283.65,283.65,283.35,283.55,154916
2026-05-06 07:35:00,283.55,283.75,283.4,283.65,167559
2026-05-06 07:40:00,283.75,283.95,283.55,283.7,151817
2026-05-06 07:45:00,283.8,284.1,283.65,283.9,149603
2026-05-06 07:50:00,283.8,283.95,283.7,283.85,139171
2026-05-06 07:55:00,283.75,284.05,283.4,283.65,169962
2026-05-06 08:00:00,283.65,284.0,283.4,283.5,164117
2026-05-06 08:05:00,283.35,283.85,283.3,283.65,173782
2026-05-06 08:10:00,283.6,283.8,283.3,283.65,164395
2026-05-06 08:15:00,283.65,283.9,283.5,283.6,190084
2026-05-06 08:20:00,283.65,283.7,283.0,283.35,190840
2026-05-06 08:25:00,283.35,283.4,283.0,283.05,189805
2026-05-06 08:30:00,283.05,283.4,283.0,283.2,159592
2026-05-06 08:35:00,283.25,284.2,283.15,284.1,372599
2026-05-06 08:40:00,284.1,284.45,284.0,284.35,238330
2026-05-06 08:45:00,284.3,284.65,284.15,284.25,263216
2026-05-06 08:50:00,284.3,285.0,284.3,284.8,237042
2026-05-06 08:55:00,284.8,284.9,284.0,284.1,273293
2026-05-06 09:00:00,284.2,284.5,282.35,282.9,412255
2026-05-06 09:05:00,282.9,283.05,281.7,281.9,383660
2026-05-06 09:10:00,282.0,283.05,281.9,282.85,279165
2026-05-06 09:15:00,282.85,283.55,282.3,283.3,573025
2026-05-06 09:20:00,283.25,283.25,282.0,282.1,553793
2026-05-06 09:25:00,282.0,282.0,281.0,281.4,1132163
2026-05-06 09:30:00,281.6,281.9,280.9,281.15,1265902
2026-05-06 09:35:00,281.25,281.45,280.5,281.05,1012384
2026-05-06 09:40:00,281.05,281.3,280.7,280.95,837518
2026-05-06 09:45:00,280.95,281.0,280.35,280.7,1153232
2026-05-06 09:50:00,280.6,280.9,280.0,280.3,1339719
2026-05-06 09:55:00,280.3,281.0,280.0,280.9,888729
2026-05-07 03:45:00,282.0,282.25,279.7,282.0,859665
2026-05-07 03:50:00,282.4,282.75,282.3,282.35,486943
2026-05-07 03:55:00,282.35,282.45,280.75,281.1,460730
2026-05-07 04:00:00,281.3,281.5,280.8,281.45,139162
2026-05-07 04:05:00,281.4,281.4,280.75,281.1,122717
2026-05-07 04:10:00,281.2,281.95,281.1,281.95,113331
2026-05-07 04:15:00,281.75,281.8,280.85,280.9,93724
2026-05-07 04:20:00,280.95,281.5,280.9,281.3,67583
2026-05-07 04:25:00,281.25,281.8,281.05,281.15,68843
2026-05-07 04:30:00,281.1,281.4,281.0,281.4,56881
2026-05-07 04:35:00,281.25,281.4,280.85,281.3,61204
2026-05-07 04:40:00,281.3,281.8,281.15,281.8,42602
2026-05-07 04:45:00,281.8,283.9,281.8,283.65,873068
2026-05-07 04:50:00,283.75,283.8,283.35,283.5,131590
2026-05-07 04:55:00,283.5,284.45,283.35,284.0,284257
2026-05-07 05:00:00,284.0,284.5,283.95,284.5,190175
2026-05-07 05:05:00,284.4,285.15,284.35,285.0,278402
2026-05-07 05:10:00,285.1,285.2,284.9,285.1,197889
2026-05-07 05:15:00,285.1,285.1,284.1,284.65,569431
2026-05-07 05:20:00,284.6,285.1,284.5,284.5,127923
2026-05-07 05:25:00,284.5,284.95,284.35,284.6,211153
2026-05-07 05:30:00,284.6,284.85,284.4,284.75,105132
2026-05-07 05:35:00,284.65,284.95,284.6,284.8,91865
2026-05-07 05:40:00,284.75,284.8,284.4,284.5,110481
2026-05-07 05:45:00,284.5,284.75,284.3,284.5,173726
2026-05-07 05:50:00,284.5,284.7,284.2,284.6,233040
2026-05-07 05:55:00,284.7,284.7,284.1,284.45,64432
2026-05-07 06:00:00,284.45,285.0,284.4,284.7,158024
2026-05-07 06:05:00,284.75,284.75,284.2,284.4,286310
2026-05-07 06:10:00,284.3,284.6,284.25,284.35,103056
2026-05-07 06:15:00,284.45,284.5,284.05,284.4,361082
2026-05-07 06:20:00,284.3,284.6,284.3,284.4,80276
2026-05-07 06:25:00,284.4,284.75,283.85,284.75,419165
2026-05-07 06:30:00,284.75,284.9,284.65,284.7,76002
2026-05-07 06:35:00,284.8,285.05,284.8,285.0,87293
2026-05-07 06:40:00,285.0,285.15,284.6,285.0,234840
2026-05-07 06:45:00,285.05,285.1,284.35,284.4,212886
2026-05-07 06:50:00,284.35,284.7,284.3,284.7,97664
2026-05-07 06:55:00,284.7,284.85,284.25,284.85,204312
2026-05-07 07:00:00,284.85,284.85,284.25,284.65,237251
2026-05-07 07:05:00,284.7,284.7,284.05,284.2,396968
2026-05-07 07:10:00,284.35,284.35,283.4,283.5,168388
2026-05-07 07:15:00,283.55,283.75,282.7,282.7,522862
2026-05-07 07:20:00,282.6,283.05,282.4,283.0,151442
2026-05-07 07:25:00,283.0,283.15,282.05,282.3,128234
2026-05-07 07:30:00,282.4,283.2,282.25,282.6,153171
2026-05-07 07:35:00,282.6,282.85,282.3,282.4,73840
2026-05-07 07:40:00,282.45,282.55,281.85,282.25,232623
2026-05-07 07:45:00,282.25,282.85,282.1,282.45,202407
2026-05-07 07:50:00,282.4,282.7,282.4,282.55,97104
2026-05-07 07:55:00,282.6,283.0,282.45,282.65,233465
2026-05-07 08:00:00,282.75,283.0,282.7,282.95,147342
2026-05-07 08:05:00,282.95,283.0,282.35,282.5,250044
2026-05-07 08:10:00,282.6,283.25,282.45,283.15,93215
2026-05-07 08:15:00,283.1,283.1,282.8,283.0,59699
2026-05-07 08:20:00,283.1,283.15,282.85,283.0,80271
2026-05-07 08:25:00,283.0,283.0,282.55,282.95,123999
2026-05-07 08:30:00,282.95,283.0,282.7,282.85,64704
2026-05-07 08:35:00,282.7,283.25,282.7,283.25,87442
2026-05-07 08:40:00,283.3,283.3,282.8,283.05,55139
2026-05-07 08:45:00,283.05,283.1,282.6,282.6,63506
2026-05-07 08:50:00,282.6,283.1,282.4,283.0,139172
2026-05-07 08:55:00,283.1,283.4,283.0,283.2,63267
2026-05-07 09:00:00,283.2,283.55,282.9,283.3,159248
2026-05-07 09:05:00,283.4,283.55,283.05,283.55,95766
2026-05-07 09:10:00,283.55,283.8,283.45,283.75,103837
2026-05-07 09:15:00,283.8,283.85,283.35,283.75,94834
2026-05-07 09:20:00,283.75,283.85,283.65,283.7,68305
2026-05-07 09:25:00,283.65,284.05,283.65,284.0,111276
2026-05-07 09:30:00,283.95,284.1,283.65,283.9,371893
2026-05-07 09:35:00,283.9,283.95,283.5,283.9,375614
2026-05-07 09:40:00,283.95,283.95,283.65,283.9,431473
2026-05-07 09:45:00,283.85,284.25,283.8,284.2,419518
2026-05-07 09:50:00,284.1,284.2,283.7,283.75,458987
2026-05-07 09:55:00,283.7,284.05,283.55,283.6,486808
2026-05-08 03:45:00,283.6,284.0,282.0,282.55,528915
2026-05-08 03:50:00,282.55,283.0,281.8,282.25,298328
2026-05-08 03:55:00,282.25,282.4,282.0,282.05,81960
2026-05-08 04:00:00,282.2,282.35,281.75,282.35,179542
2026-05-08 04:05:00,282.35,282.35,281.5,281.8,147325
2026-05-08 04:10:00,281.65,281.65,280.5,280.6,160159
2026-05-08 04:15:00,280.75,280.85,280.4,280.85,77836
2026-05-08 04:20:00,280.8,280.9,280.2,280.45,87466
2026-05-08 04:25:00,280.35,280.85,280.3,280.85,53337
2026-05-08 04:30:00,280.7,281.0,280.7,280.95,86818
2026-05-08 04:35:00,280.85,281.9,280.85,281.7,164564
2026-05-08 04:40:00,281.8,282.3,281.5,282.15,75541
2026-05-08 04:45:00,282.2,282.25,281.7,281.9,35139
2026-05-08 04:50:00,282.0,282.0,281.65,281.8,85833
2026-05-08 04:55:00,281.75,281.8,281.1,281.1,42403
2026-05-08 05:00:00,281.1,281.3,281.0,281.2,36258
2026-05-08 05:05:00,281.2,281.75,281.0,281.6,60710
2026-05-08 05:10:00,281.7,281.9,281.45,281.6,38298
2026-05-08 05:15:00,281.55,281.55,280.8,280.9,40188
2026-05-08 05:20:00,280.9,281.6,280.7,281.6,230073
2026-05-08 05:25:00,281.75,282.0,281.6,281.7,137628
2026-05-08 05:30:00,281.7,281.9,281.4,281.5,180818
2026-05-08 05:35:00,281.5,281.75,281.4,281.5,98465
2026-05-08 05:40:00,281.65,281.85,281.35,281.85,63463
2026-05-08 05:45:00,281.85,281.85,281.4,281.5,48191
2026-05-08 05:50:00,281.45,281.5,280.75,280.9,151622
2026-05-08 05:55:00,280.95,281.0,280.55,280.7,99708
2026-05-08 06:00:00,280.8,280.9,280.55,280.85,54893
2026-05-08 06:05:00,280.75,280.9,280.0,280.5,451938
2026-05-08 06:10:00,280.55,280.55,280.05,280.35,89933
2026-05-08 06:15:00,280.4,280.4,279.85,280.0,223793
2026-05-08 06:20:00,280.0,280.15,279.95,280.05,72523
2026-05-08 06:25:00,280.1,280.15,279.75,279.95,59749
2026-05-08 06:30:00,280.0,280.3,279.9,280.3,117569
2026-05-08 06:35:00,280.3,280.3,279.9,280.0,32090
2026-05-08 06:40:00,280.0,280.0,279.8,279.85,54046
2026-05-08 06:45:00,279.85,280.0,279.6,279.95,139761
2026-05-08 06:50:00,279.95,280.0,279.5,279.75,40303
2026-05-08 06:55:00,279.75,279.85,279.65,279.65,28648
2026-05-08 07:00:00,279.7,279.7,279.3,279.6,58426
2026-05-08 07:05:00,279.65,279.7,279.5,279.5,19263
2026-05-08 07:10:00,279.55,279.6,279.3,279.4,49398
2026-05-08 07:15:00,279.45,279.7,279.0,279.45,314579
2026-05-08 07:20:00,279.35,279.55,278.95,279.5,144838
2026-05-08 07:25:00,279.45,280.0,279.4,279.5,419028
2026-05-08 07:30:00,279.5,279.75,279.1,279.1,511192
2026-05-08 07:35:00,279.1,279.2,278.85,279.0,165716
2026-05-08 07:40:00,279.05,279.4,278.9,279.15,205209
2026-05-08 07:45:00,279.15,279.3,278.85,278.95,56967
2026-05-08 07:50:00,278.95,279.2,278.9,279.1,112736
2026-05-08 07:55:00,279.1,279.55,278.95,279.3,59932
2026-05-08 08:00:00,279.35,279.45,278.8,278.95,81539
2026-05-08 08:05:00,278.95,279.15,278.85,279.1,48832
2026-05-08 08:10:00,279.1,279.25,278.9,279.05,27121
2026-05-08 08:15:00,279.1,279.2,278.9,279.0,18184
2026-05-08 08:20:00,279.0,279.3,278.9,279.3,33086
2026-05-08 08:25:00,279.35,279.4,278.95,278.95,48571
2026-05-08 08:30:00,279.0,279.05,278.8,279.0,32892
2026-05-08 08:35:00,279.05,279.4,279.0,279.25,36404
2026-05-08 08:40:00,279.35,279.35,278.8,278.95,65755
2026-05-08 08:45:00,278.9,279.15,278.9,279.15,27848
2026-05-08 08:50:00,279.15,279.2,279.0,279.2,29092
2026-05-08 08:55:00,279.15,279.9,279.1,279.6,201748
2026-05-08 09:00:00,279.6,279.95,279.6,279.9,67850
2026-05-08 09:05:00,279.9,280.05,279.55,279.85,119365
2026-05-08 09:10:00,279.85,280.0,279.65,280.0,71192
2026-05-08 09:15:00,280.0,280.0,278.6,279.35,297150
2026-05-08 09:20:00,279.3,279.45,279.1,279.45,36419
2026-05-08 09:25:00,279.55,279.75,279.2,279.35,73430
2026-05-08 09:30:00,279.25,279.5,279.15,279.3,118423
2026-05-08 09:35:00,279.4,279.55,279.25,279.5,140590
2026-05-08 09:40:00,279.5,279.55,279.1,279.25,108376
2026-05-08 09:45:00,279.25,279.45,279.05,279.25,205973
2026-05-08 09:50:00,279.2,279.25,278.95,279.15,302592
2026-05-08 09:55:00,279.15,279.4,278.9,279.0,281358
2026-05-11 03:45:00,280.7,281.8,278.45,279.0,873993
2026-05-11 03:50:00,279.0,279.2,277.75,279.15,274701
2026-05-11 03:55:00,279.05,280.35,277.8,280.15,306948
2026-05-11 04:00:00,280.25,280.25,277.65,278.2,211661
2026-05-11 04:05:00,278.1,279.6,278.1,278.85,192057
2026-05-11 04:10:00,278.85,279.25,278.4,278.55,120385
2026-05-11 04:15:00,278.4,279.0,278.25,278.7,77369
2026-05-11 04:20:00,278.7,278.95,278.4,278.8,64429
2026-05-11 04:25:00,278.9,279.35,278.6,279.25,50074
2026-05-11 04:30:00,279.25,279.85,279.25,279.6,152721
2026-05-11 04:35:00,279.55,279.65,279.35,279.5,55023
2026-05-11 04:40:00,279.5,280.45,279.35,280.2,126655
2026-05-11 04:45:00,280.0,280.25,279.3,279.35,78351
2026-05-11 04:50:00,279.35,280.2,279.35,280.15,99607
2026-05-11 04:55:00,280.15,280.5,280.0,280.15,107104
2026-05-11 05:00:00,280.05,280.25,279.7,279.8,61465
2026-05-11 05:05:00,279.8,280.55,279.5,280.5,111625
2026-05-11 05:10:00,280.55,280.65,279.7,280.0,54671
2026-05-11 05:15:00,280.0,280.4,280.0,280.3,42443
2026-05-11 05:20:00,280.4,280.4,280.05,280.2,58275
2026-05-11 05:25:00,280.25,280.55,280.15,280.3,77279
2026-05-11 05:30:00,280.35,280.4,280.0,280.15,40383
2026-05-11 05:35:00,280.25,280.3,280.05,280.2,30593
2026-05-11 05:40:00,280.2,280.45,280.0,280.1,38573
2026-05-11 05:45:00,280.1,280.15,279.5,279.6,50821
2026-05-11 05:50:00,279.6,280.0,279.5,279.5,53593
2026-05-11 05:55:00,279.6,279.75,279.1,279.55,69438
2026-05-11 06:00:00,279.65,279.75,279.45,279.6,35638
2026-05-11 06:05:00,279.6,279.9,279.5,279.55,32033
2026-05-11 06:10:00,279.65,279.7,279.45,279.7,23915
2026-05-11 06:15:00,279.7,279.75,279.2,279.25,23386
2026-05-11 06:20:00,279.35,279.4,279.2,279.35,19005
2026-05-11 06:25:00,279.4,279.6,279.2,279.55,30686
2026-05-11 06:30:00,279.55,279.6,279.3,279.4,12906
2026-05-11 06:35:00,279.45,279.65,279.3,279.6,18197
2026-05-11 06:40:00,279.6,279.9,279.5,279.7,50811
2026-05-11 06:45:00,279.7,279.75,279.4,279.6,16491
2026-05-11 06:50:00,279.6,279.6,279.15,279.6,36158
2026-05-11 06:55:00,279.6,279.65,279.45,279.55,16645
2026-05-11 07:00:00,279.6,279.6,279.2,279.55,26249
2026-05-11 07:05:00,279.55,279.6,279.1,279.2,27344
2026-05-11 07:10:00,279.25,279.6,279.15,279.6,19316
2026-05-11 07:15:00,279.55,279.75,279.55,279.7,32263
2026-05-11 07:20:00,279.7,280.4,279.55,280.25,87083
2026-05-11 07:25:00,280.25,280.7,280.15,280.5,91170
2026-05-11 07:30:00,280.5,280.55,279.85,279.85,43647
2026-05-11 07:35:00,279.95,280.1,279.65,280.0,28068
2026-05-11 07:40:00,280.0,280.15,279.9,279.95,32924
2026-05-11 07:45:00,280.0,280.15,279.75,279.85,19396
2026-05-11 07:50:00,279.75,279.95,279.75,279.95,12578
2026-05-11 07:55:00,279.9,280.1,279.85,279.9,25385
2026-05-11 08:00:00,280.0,280.0,279.8,279.9,14875
2026-05-11 08:05:00,279.85,280.15,279.5,279.5,64823
2026-05-11 08:10:00,279.4,279.7,279.4,279.6,27424
2026-05-11 08:15:00,279.6,279.9,279.55,279.7,22154
2026-05-11 08:20:00,279.65,279.95,279.65,279.8,53020
2026-05-11 08:25:00,279.8,280.15,279.65,280.05,50724
2026-05-11 08:30:00,280.05,280.55,279.9,280.55,56169
2026-05-11 08:35:00,280.6,280.6,280.3,280.4,60397
2026-05-11 08:40:00,280.45,280.5,280.25,280.4,46341
2026-05-11 08:45:00,280.4,280.45,280.1,280.3,53622
2026-05-11 08:50:00,280.3,280.4,280.15,280.35,36556
2026-05-11 08:55:00,280.35,280.45,280.15,280.3,40466
2026-05-11 09:00:00,280.25,281.6,280.15,281.6,129736
2026-05-11 09:05:00,281.5,281.6,281.1,281.35,135175
2026-05-11 09:10:00,281.35,281.45,280.95,281.0,85365
2026-05-11 09:15:00,281.05,281.25,280.55,280.6,126626
2026-05-11 09:20:00,280.7,281.0,280.65,281.0,71342
2026-05-11 09:25:00,281.0,281.1,280.7,280.85,56555
2026-05-11 09:30:00,281.0,281.6,280.65,280.95,342030
2026-05-11 09:35:00,280.9,281.1,280.9,281.05,126589
2026-05-11 09:40:00,281.05,281.5,281.05,281.15,214953
2026-05-11 09:45:00,281.15,281.6,280.9,280.95,367084
2026-05-11 09:50:00,280.95,281.05,280.3,280.4,252268
2026-05-11 09:55:00,280.45,280.6,280.2,280.45,187863
2026-05-12 03:45:00,286.9,292.45,286.85,292.4,3761119
2026-05-12 03:50:00,292.25,295.3,291.8,293.8,2760855
2026-05-12 03:55:00,293.8,295.5,292.55,293.85,1776910
2026-05-12 04:00:00,293.85,295.0,293.3,294.2,1286661
2026-05-12 04:05:00,294.1,294.3,291.65,292.6,1303976
2026-05-12 04:10:00,292.65,292.8,291.65,291.7,578962
2026-05-12 04:15:00,291.8,293.55,291.1,293.55,1133925
2026-05-12 04:20:00,293.55,294.55,292.95,294.55,1034309
2026-05-12 04:25:00,294.6,295.75,293.5,294.6,1520168
2026-05-12 04:30:00,294.8,297.45,294.7,297.3,1678948
2026-05-12 04:35:00,297.35,298.5,297.0,297.75,1782582
2026-05-12 04:40:00,297.8,299.15,297.45,297.75,1707857
2026-05-12 04:45:00,297.8,298.15,296.6,297.45,1244840
2026-05-12 04:50:00,297.45,297.9,297.05,297.55,525437
2026-05-12 04:55:00,297.55,298.0,296.65,297.75,829092
2026-05-12 05:00:00,297.75,298.2,296.55,298.15,895201
2026-05-12 05:05:00,298.2,299.8,298.0,298.75,1535805
2026-05-12 05:10:00,298.75,299.45,298.15,298.3,607843
2026-05-12 05:15:00,298.4,299.45,298.3,299.0,491322
2026-05-12 05:20:00,299.1,299.15,298.65,298.8,473623
2026-05-12 05:25:00,298.9,299.0,298.2,298.7,431482
2026-05-12 05:30:00,298.7,298.85,297.95,298.5,522281
2026-05-12 05:35:00,298.55,299.7,298.25,299.2,894560
2026-05-12 05:40:00,299.2,299.65,298.45,299.4,661330
2026-05-12 05:45:00,299.6,299.9,299.05,299.2,579754
2026-05-12 05:50:00,299.2,299.2,297.7,297.7,871046
2026-05-12 05:55:00,297.7,298.1,296.1,296.3,1004268
2026-05-12 06:00:00,296.3,297.75,296.2,297.65,615249
2026-05-12 06:05:00,297.6,297.95,296.6,297.0,450870
2026-05-12 06:10:00,297.0,297.1,296.6,296.85,325676
2026-05-12 06:15:00,296.85,297.8,296.8,297.5,944146
2026-05-12 06:20:00,297.65,298.0,297.4,297.5,318477
2026-05-12 06:25:00,297.6,297.75,296.9,296.95,488358
2026-05-12 06:30:00,297.15,297.45,296.9,297.35,250091
2026-05-12 06:35:00,297.35,297.7,297.15,297.15,203646
2026-05-12 06:40:00,297.2,297.45,297.0,297.0,265895
2026-05-12 06:45:00,297.05,297.3,296.5,296.65,364999
2026-05-12 06:50:00,296.65,296.65,295.8,296.4,882625
2026-05-12 06:55:00,296.45,296.95,296.3,296.5,289492
2026-05-12 07:00:00,296.5,296.6,296.05,296.25,309788
2026-05-12 07:05:00,296.15,296.5,296.05,296.25,187565
2026-05-12 07:10:00,296.3,296.5,295.8,296.4,392728
2026-05-12 07:15:00,296.35,296.6,295.35,295.85,465400
2026-05-12 07:20:00,295.8,295.95,295.45,295.55,234368
2026-05-12 07:25:00,295.7,296.0,295.25,295.3,232098
2026-05-12 07:30:00,295.4,295.7,295.15,295.6,216073
2026-05-12 07:35:00,295.7,295.85,294.85,295.1,466165
2026-05-12 07:40:00,295.2,295.7,295.0,295.25,219658
2026-05-12 07:45:00,295.4,296.15,295.0,296.1,405815
2026-05-12 07:50:00,296.0,296.95,295.6,296.75,422211
2026-05-12 07:55:00,296.75,296.8,296.45,296.65,358334
2026-05-12 08:00:00,296.75,296.95,296.35,296.45,298742
2026-05-12 08:05:00,296.5,297.0,296.35,296.75,224745
2026-05-12 08:10:00,296.85,296.9,296.15,296.55,273246
2026-05-12 08:15:00,296.55,296.95,296.4,296.9,150772
2026-05-12 08:20:00,296.85,297.0,296.55,297.0,137176
2026-05-12 08:25:00,297.0,297.8,296.85,297.5,629833
2026-05-12 08:30:00,297.55,297.6,296.7,296.7,372340
2026-05-12 08:35:00,296.75,297.4,296.65,297.0,270968
2026-05-12 08:40:00,297.1,297.1,296.55,296.8,213063
2026-05-12 08:45:00,296.65,296.9,296.5,296.6,150061
2026-05-12 08:50:00,296.6,296.75,296.2,296.5,245224
2026-05-12 08:55:00,296.6,296.65,295.9,296.05,276055
2026-05-12 09:00:00,296.15,296.25,295.65,295.7,235237
2026-05-12 09:05:00,295.7,296.65,295.6,296.45,283656
2026-05-12 09:10:00,296.45,296.9,296.35,296.6,354074
2026-05-12 09:15:00,296.55,296.6,295.15,295.5,569489
2026-05-12 09:20:00,295.55,296.45,295.3,295.95,394255
2026-05-12 09:25:00,296.0,296.05,295.55,295.75,238086
2026-05-12 09:30:00,295.65,295.7,295.1,295.2,656749
2026-05-12 09:35:00,295.25,295.4,295.0,295.15,636675
2026-05-12 09:40:00,295.1,295.4,294.15,294.3,1262410
2026-05-12 09:45:00,294.4,294.5,293.6,293.95,952385
2026-05-12 09:50:00,293.9,294.35,293.65,294.05,977159
2026-05-12 09:55:00,294.05,294.65,293.65,294.2,772659
2026-05-13 03:45:00,297.0,297.15,294.1,294.45,1259587
2026-05-13 03:50:00,294.5,296.95,294.5,296.7,602688
2026-05-13 03:55:00,296.7,298.25,296.6,297.6,874029
2026-05-13 04:00:00,297.45,298.0,296.0,296.3,556025
2026-05-13 04:05:00,296.3,296.4,295.0,295.3,425061
2026-05-13 04:10:00,295.55,295.55,294.8,294.9,304153
2026-05-13 04:15:00,295.0,295.95,294.9,295.75,184191
2026-05-13 04:20:00,295.7,295.95,295.15,295.45,183587
2026-05-13 04:25:00,295.5,295.85,295.45,295.5,149345
2026-05-13 04:30:00,295.5,296.75,295.3,296.6,296836
2026-05-13 04:35:00,296.55,297.8,296.45,297.5,354332
2026-05-13 04:40:00,297.45,298.1,297.0,297.75,633234
2026-05-13 04:45:00,297.75,298.45,297.7,298.25,367587
2026-05-13 04:50:00,298.2,298.85,298.15,298.35,365063
2026-05-13 04:55:00,298.35,299.2,298.35,299.0,496962
2026-05-13 05:00:00,298.9,299.0,298.1,298.2,255538
2026-05-13 05:05:00,298.25,298.35,297.7,298.0,220671
2026-05-13 05:10:00,298.05,300.2,297.95,299.05,1159062
2026-05-13 05:15:00,299.05,299.15,298.5,298.65,220656
2026-05-13 05:20:00,298.75,298.85,298.3,298.55,224223
2026-05-13 05:25:00,298.6,298.65,297.9,298.0,161524
2026-05-13 05:30:00,298.1,298.6,298.0,298.45,238122
2026-05-13 05:35:00,298.45,298.6,298.25,298.5,143382
2026-05-13 05:40:00,298.5,299.0,297.55,297.9,672124
2026-05-13 05:45:00,297.85,298.05,297.05,297.1,244031
2026-05-13 05:50:00,297.05,297.4,296.8,296.9,548187
2026-05-13 05:55:00,296.9,297.05,296.8,296.95,159248
2026-05-13 06:00:00,297.0,297.0,296.55,296.75,223860
2026-05-13 06:05:00,296.75,297.0,296.65,296.8,117930
2026-05-13 06:10:00,296.8,297.0,296.35,296.4,194565
2026-05-13 06:15:00,296.45,296.6,295.8,296.5,512591
2026-05-13 06:20:00,296.55,297.0,296.0,296.8,179578
2026-05-13 06:25:00,296.9,297.05,296.05,296.6,449711
2026-05-13 06:30:00,296.55,296.95,296.5,296.7,156668
2026-05-13 06:35:00,296.65,297.05,296.4,296.5,160703
2026-05-13 06:40:00,296.55,296.65,296.05,296.45,166588
2026-05-13 06:45:00,296.55,296.55,295.35,295.55,254051
2026-05-13 06:50:00,295.6,295.65,295.2,295.4,163242
2026-05-13 06:55:00,295.45,295.55,295.05,295.3,147611
2026-05-13 07:00:00,295.35,295.4,294.55,294.7,196166
2026-05-13 07:05:00,294.7,295.0,294.2,294.95,204403
2026-05-13 07:10:00,295.0,295.7,294.75,295.6,240517
2026-05-13 07:15:00,295.6,295.75,295.3,295.6,122832
2026-05-13 07:20:00,295.7,296.1,295.6,296.0,74915
2026-05-13 07:25:00,296.05,296.4,295.8,295.85,161470
2026-05-13 07:30:00,295.85,295.9,295.5,295.7,137620
2026-05-13 07:35:00,295.7,295.85,295.25,295.7,74397
2026-05-13 07:40:00,295.65,295.75,295.45,295.5,55836
2026-05-13 07:45:00,295.45,295.85,295.25,295.8,86149
2026-05-13 07:50:00,295.65,296.5,295.55,296.25,491697
2026-05-13 07:55:00,296.3,296.35,295.7,295.8,116319
2026-05-13 08:00:00,295.8,296.4,295.7,296.25,123072
2026-05-13 08:05:00,296.35,297.6,296.25,297.5,219521
2026-05-13 08:10:00,297.55,297.7,297.1,297.6,192376
2026-05-13 08:15:00,297.65,298.0,297.3,297.8,182049
2026-05-13 08:20:00,297.75,298.0,297.5,297.65,116370
2026-05-13 08:25:00,297.7,297.9,297.4,297.75,88677
2026-05-13 08:30:00,297.8,298.5,297.65,297.85,2310583
2026-05-13 08:35:00,297.95,298.1,297.7,297.9,150818
2026-05-13 08:40:00,297.95,298.0,297.7,297.75,84681
2026-05-13 08:45:00,297.75,297.85,297.45,297.75,224660
2026-05-13 08:50:00,297.75,298.3,297.4,298.3,238882
2026-05-13 08:55:00,298.3,298.4,297.9,297.9,179969
2026-05-13 09:00:00,297.9,298.4,297.9,298.3,121015
2026-05-13 09:05:00,298.2,298.3,297.8,298.0,137629
2026-05-13 09:10:00,298.05,298.05,297.8,297.85,97482
2026-05-13 09:15:00,297.8,297.95,297.55,297.95,229905
2026-05-13 09:20:00,297.9,298.05,297.85,298.0,183415
2026-05-13 09:25:00,298.0,298.05,297.95,298.0,134452
2026-05-13 09:30:00,298.0,298.0,297.5,297.55,277542
2026-05-13 09:35:00,297.6,297.8,296.8,297.0,751474
2026-05-13 09:40:00,296.95,297.25,296.75,297.2,651353
2026-05-13 09:45:00,297.15,297.3,296.85,296.95,434158
2026-05-13 09:50:00,297.05,297.15,296.85,296.9,651839
2026-05-13 09:55:00,296.9,297.6,296.85,297.35,511029
2026-05-14 03:45:00,300.0,302.4,298.7,301.8,1380275
2026-05-14 03:50:00,301.8,302.85,301.6,302.1,961772
2026-05-14 03:55:00,302.0,302.3,301.6,302.0,420313
2026-05-14 04:00:00,302.0,302.1,300.95,301.2,358743
2026-05-14 04:05:00,301.2,301.55,300.8,301.45,255087
2026-05-14 04:10:00,301.45,302.45,301.3,302.4,385707
2026-05-14 04:15:00,302.4,302.95,302.25,302.65,453131
2026-05-14 04:20:00,302.55,303.4,301.85,301.9,595646
2026-05-14 04:25:00,301.9,301.95,301.2,301.3,248563
2026-05-14 04:30:00,301.3,301.3,300.4,300.55,345800
2026-05-14 04:35:00,300.45,300.9,300.3,300.35,201609
2026-05-14 04:40:00,300.25,300.7,300.0,300.3,245442
2026-05-14 04:45:00,300.15,301.2,300.15,301.2,370169
2026-05-14 04:50:00,301.2,301.3,300.75,301.05,162333
2026-05-14 04:55:00,301.15,301.4,301.0,301.0,95801
2026-05-14 05:00:00,301.2,301.35,300.7,301.1,193036
2026-05-14 05:05:00,301.0,302.45,301.0,302.1,624946
2026-05-14 05:10:00,302.0,302.3,301.8,302.2,221220
2026-05-14 05:15:00,302.3,302.3,301.85,301.85,211857
2026-05-14 05:20:00,301.95,303.7,301.3,303.15,2245112
2026-05-14 05:25:00,303.25,303.6,303.0,303.05,567944
2026-05-14 05:30:00,303.05,303.05,301.4,301.55,407619
2026-05-14 05:35:00,301.55,303.0,301.45,302.85,501176
2026-05-14 05:40:00,302.85,303.05,302.15,302.2,379106
2026-05-14 05:45:00,302.2,302.2,302.0,302.2,918636
2026-05-14 05:50:00,302.1,302.45,302.05,302.15,359487
2026-05-14 05:55:00,302.25,303.35,302.15,303.35,351748
2026-05-14 06:00:00,303.4,303.5,303.1,303.3,123809
2026-05-14 06:05:00,303.2,303.3,302.35,302.4,437966
